{"type":"FeatureCollection","features":[{"type":"Feature","properties":{"camada":"COTA - 3,00","nivel_fonte_m":3.0,"poligonos_fonte":7375},"geometry":{"type":"MultiPolygon","coordinates":[[[[-49.620454,-27.413033],[-49.620446,-27.413021],[-49.620443,-27.413013],[-49.620437,-27.412998],[-49.620426,-27.412967],[-49.620434,-27.412944],[-49.620458,-27.412916],[-49.620477,-27.412894],[-49.620485,-27.412884],[-49.620486,-27.412863],[-49.620489,-27.412809],[-49.62049,-27.412776],[-49.620494,-27.412706],[-49.620494,-27.4127],[-49.620494,-27.412693],[-49.620496,-27.412669],[-49.620504,-27.412494],[-49.6205,-27.41248],[-49.620494,-27.412457],[-49.620484,-27.412422],[-49.620463,-27.412348],[-49.620451,-27.412305],[-49.620369,-27.412233],[-49.620278,-27.412153],[-49.620221,-27.412103],[-49.620207,-27.412093],[-49.620084,-27.412008],[-49.620034,-27.411982],[-49.620022,-27.411976],[-49.620006,-27.411974],[-49.619972,-27.411969],[-49.619978,-27.411973],[-49.619977,-27.411975],[-49.619975,-27.411981],[-49.619952,-27.412007],[-49.619876,-27.412089],[-49.61987,-27.412099],[-49.619839,-27.412149],[-49.619797,-27.412228],[-49.619779,-27.412299],[-49.619769,-27.412341],[-49.619721,-27.412415],[-49.619673,-27.412449],[-49.619617,-27.412471],[-49.61959655882365,-27.412471],[-49.619588803639864,-27.412470922743555],[-49.619528,-27.412447],[-49.619514,-27.412442],[-49.619463,-27.412408],[-49.619401,-27.412338],[-49.616951,-27.412313],[-49.61702,-27.412384],[-49.617053,-27.412417],[-49.617058,-27.412423],[-49.617087,-27.412446],[-49.617104,-27.41246],[-49.617322,-27.412637],[-49.61736,-27.412662],[-49.61737,-27.412669],[-49.61745,-27.412721],[-49.617677,-27.412869],[-49.617745,-27.412901],[-49.617831,-27.412943],[-49.61784,-27.412947],[-49.619427,-27.412963],[-49.619442,-27.412959],[-49.619508,-27.412919],[-49.61954,-27.412887],[-49.619686,-27.412743],[-49.61977,-27.412692],[-49.61979560224375,-27.412686091789904],[-49.619796398671106,-27.412686099667777],[-49.619824,-27.412693],[-49.619849,-27.412699],[-49.61996,-27.412771],[-49.619986,-27.412804],[-49.620001,-27.412858],[-49.620036,-27.41288],[-49.620051,-27.412889],[-49.620068,-27.412912],[-49.620074,-27.41294],[-49.62008,-27.412964],[-49.620087,-27.412994],[-49.620078,-27.41301],[-49.62007,-27.413017],[-49.620057,-27.413029],[-49.619948,-27.413058],[-49.619921,-27.413066],[-49.619909,-27.413076],[-49.619919,-27.41309],[-49.62,-27.41311],[-49.620047,-27.413131],[-49.620131,-27.41315],[-49.620422,-27.413184],[-49.620442,-27.41319],[-49.62045,-27.413202],[-49.62047,-27.413205],[-49.62047,-27.413202],[-49.62047,-27.413191],[-49.62047,-27.413185],[-49.620472,-27.413154],[-49.620473,-27.413136],[-49.620474,-27.413115],[-49.620475,-27.413096],[-49.620475,-27.413082],[-49.620476,-27.413071],[-49.620476,-27.413064],[-49.620454,-27.413033]]],[[[-49.618146,-27.413029],[-49.618297,-27.41304],[-49.618408,-27.413032],[-49.618431,-27.41303],[-49.618459,-27.413028],[-49.618105,-27.413024],[-49.618115,-27.413027],[-49.618146,-27.413029]]],[[[-49.618459,-27.413028],[-49.618893,-27.413033],[-49.618892,-27.413032],[-49.618459,-27.413028]]],[[[-49.618072,-27.413016],[-49.618105,-27.413024],[-49.618892,-27.413032],[-49.618884,-27.413024],[-49.618888,-27.412984],[-49.618889,-27.412968],[-49.619003,-27.412959],[-49.61784,-27.412947],[-49.617863,-27.412958],[-49.617897,-27.412975],[-49.618072,-27.413016]]],[[[-49.619389,-27.412975],[-49.619427,-27.412963],[-49.619003,-27.412959],[-49.619362,-27.412974],[-49.619389,-27.412975]]],[[[-49.619301,-27.412223],[-49.619297,-27.412223],[-49.619039,-27.412307],[-49.618959,-27.412333],[-49.619401,-27.412338],[-49.619377,-27.41231],[-49.619301,-27.412223]]],[[[-49.616881,-27.412115],[-49.616874,-27.412119],[-49.616809,-27.412162],[-49.616827,-27.412186],[-49.616853,-27.412214],[-49.616861,-27.412221],[-49.616924,-27.412286],[-49.616951,-27.412313],[-49.618959,-27.412333],[-49.6189,-27.412306],[-49.618761,-27.41224],[-49.618717,-27.41222],[-49.618606,-27.412167],[-49.618416,-27.412078],[-49.618337,-27.412041],[-49.618312,-27.412029],[-49.618244,-27.411997],[-49.618094,-27.411927],[-49.617983,-27.411874],[-49.617918,-27.411844],[-49.617873,-27.411823],[-49.617802,-27.41179],[-49.617768,-27.411773],[-49.617746,-27.411754],[-49.617726,-27.411736],[-49.617686,-27.411702],[-49.617657,-27.411664],[-49.617634,-27.411633],[-49.61759,-27.411576],[-49.617531,-27.411499],[-49.617527,-27.411494],[-49.617523,-27.411487],[-49.617514,-27.411476],[-49.617468,-27.411416],[-49.617326,-27.411229],[-49.617279,-27.411168],[-49.617274,-27.411158],[-49.617263,-27.411139],[-49.617222,-27.411066],[-49.61715,-27.410938],[-49.617141,-27.410922],[-49.617135,-27.410906],[-49.617045,-27.410681],[-49.617022,-27.410622],[-49.617004,-27.410576],[-49.616978,-27.410512],[-49.616941,-27.410418],[-49.616936,-27.410406],[-49.616923,-27.410359],[-49.616899,-27.410276],[-49.616871,-27.410178],[-49.616856,-27.410125],[-49.616823,-27.41001],[-49.61677,-27.409824],[-49.616727,-27.409674],[-49.616653,-27.409413],[-49.616633,-27.409344],[-49.616598,-27.409221],[-49.616581,-27.409199],[-49.616578,-27.409198],[-49.616544,-27.409186],[-49.616451,-27.409126],[-49.616376,-27.409058],[-49.616296,-27.408953],[-49.616266,-27.40888],[-49.616252,-27.408844],[-49.616253,-27.408836],[-49.616258,-27.4088],[-49.616244,-27.408779],[-49.616243,-27.408724],[-49.616243,-27.408658],[-49.616243,-27.40865],[-49.616252,-27.40859],[-49.616266,-27.408542],[-49.616277,-27.408504],[-49.616290027912335,-27.408493763783163],[-49.61629221515079,-27.408493786274047],[-49.616308,-27.408504],[-49.616314,-27.408508],[-49.616314,-27.408504],[-49.616313,-27.408494],[-49.616312,-27.408453],[-49.616329,-27.408433],[-49.616347,-27.40841],[-49.616362,-27.40841],[-49.616348,-27.408362],[-49.616326,-27.408291],[-49.61631,-27.40824],[-49.616303,-27.408218],[-49.616299,-27.408203],[-49.616271,-27.408161],[-49.613337,-27.408132],[-49.613705,-27.408178],[-49.613837,-27.408194],[-49.613927,-27.408217],[-49.614078,-27.408268],[-49.614233,-27.408341],[-49.614291,-27.408389],[-49.614291,-27.40839],[-49.614319,-27.408413],[-49.614336,-27.408433],[-49.614368,-27.408474],[-49.614376,-27.408485],[-49.614407,-27.408523],[-49.614436,-27.408572],[-49.614473,-27.408633],[-49.614477,-27.40864],[-49.614508,-27.408707],[-49.614522,-27.408762],[-49.614527,-27.408783],[-49.614537,-27.408819],[-49.614536,-27.408827],[-49.614531,-27.408863],[-49.614531,-27.408935],[-49.614531,-27.40904],[-49.614531,-27.409107],[-49.614531,-27.409166],[-49.614531,-27.409178],[-49.614531,-27.409179],[-49.614528,-27.4092],[-49.614507,-27.409323],[-49.614505,-27.409391],[-49.614527,-27.409652],[-49.614557,-27.409802],[-49.614569,-27.409988],[-49.614591,-27.410102],[-49.614611,-27.410156],[-49.614682,-27.410254],[-49.614807,-27.410338],[-49.614855,-27.410385],[-49.614866,-27.410397],[-49.614917,-27.410491],[-49.614977,-27.410556],[-49.614998,-27.410602],[-49.615054,-27.410661],[-49.615229,-27.410887],[-49.615236,-27.410903],[-49.615243,-27.410919],[-49.615259,-27.411047],[-49.615251,-27.411119],[-49.615306,-27.411139],[-49.615318,-27.411148],[-49.615388,-27.41121],[-49.615723,-27.411398],[-49.615906,-27.41146],[-49.61601,-27.411472],[-49.616066,-27.411479],[-49.61617,-27.411492],[-49.616549,-27.411495],[-49.616563,-27.411484],[-49.61661776673734,-27.411478025446833],[-49.61661807743062,-27.41147802852707],[-49.616637,-27.411485],[-49.616652,-27.41149],[-49.616728,-27.411567],[-49.616766,-27.411625],[-49.616809,-27.411655],[-49.616835,-27.411693],[-49.616859,-27.411728],[-49.616865,-27.411746],[-49.616861,-27.411764],[-49.616859,-27.41178],[-49.616884,-27.411813],[-49.616917,-27.411834],[-49.616931,-27.411864],[-49.616925,-27.411915],[-49.616937,-27.411984],[-49.616954,-27.412015],[-49.616975,-27.412027],[-49.617005,-27.412064],[-49.617043,-27.412152],[-49.617031,-27.412203],[-49.61700380078895,-27.41222242800789],[-49.61700050456323,-27.41222239504563],[-49.61697,-27.412215],[-49.616946,-27.412187],[-49.616924,-27.412163],[-49.616885,-27.412119],[-49.616881,-27.412115]],[[-49.617052360476826,-27.41222291360477],[-49.61705236047671,-27.41222291360477],[-49.618717,-27.41222],[-49.617052360476826,-27.41222291360477]],[[-49.61661563259449,-27.411478004288778],[-49.61661563259459,-27.411478004288778],[-49.616066,-27.411479],[-49.61661563259449,-27.411478004288778]]],[[[-49.616511,-27.411526],[-49.616549,-27.411495],[-49.616362,-27.411494],[-49.616457,-27.411526],[-49.616495,-27.411539],[-49.616511,-27.411526]]],[[[-49.61617,-27.411492],[-49.616311,-27.411509],[-49.616362,-27.411494],[-49.61617,-27.411492]]],[[[-49.613939,-27.431293],[-49.613979,-27.431158],[-49.613987,-27.431131],[-49.614015,-27.43109],[-49.614071,-27.431048],[-49.614214,-27.430944],[-49.614217,-27.43094],[-49.614251,-27.43089],[-49.614264,-27.43085],[-49.61427,-27.430832],[-49.614272,-27.430789],[-49.614273,-27.430778],[-49.614265,-27.430754],[-49.614252,-27.430711],[-49.614157,-27.430595],[-49.614155,-27.430591],[-49.61414,-27.430564],[-49.614133,-27.430537],[-49.614127,-27.43051],[-49.614125,-27.430479],[-49.614132,-27.430456],[-49.614134,-27.430448],[-49.614152,-27.430413],[-49.614196,-27.430321],[-49.614209,-27.430279],[-49.614213,-27.430267],[-49.614201,-27.430213],[-49.614194,-27.430199],[-49.614167,-27.430149],[-49.61415,-27.430117],[-49.614141,-27.430101],[-49.614141,-27.430088],[-49.614141,-27.430069],[-49.614141,-27.430067],[-49.61414,-27.43006],[-49.614162,-27.430038],[-49.614167,-27.430033],[-49.614247,-27.43001],[-49.613553,-27.430003],[-49.613579,-27.430027],[-49.613585,-27.430032],[-49.613619,-27.430055],[-49.61363,-27.430062],[-49.613633,-27.430064],[-49.613639,-27.430067],[-49.613661,-27.430072],[-49.613715,-27.430083],[-49.613777,-27.430073],[-49.613802,-27.430069],[-49.613825,-27.430066],[-49.613836855822555,-27.430064024029576],[-49.613838475460035,-27.4300640398773],[-49.613948,-27.430067],[-49.613992,-27.430087],[-49.614008,-27.430099],[-49.614028,-27.430116],[-49.61405,-27.430148],[-49.614069,-27.430198],[-49.61407,-27.430211],[-49.614077,-27.430266],[-49.614078,-27.430278],[-49.614069,-27.43032],[-49.614031,-27.430412],[-49.614024,-27.430447],[-49.614023,-27.430455],[-49.614023,-27.430478],[-49.614024,-27.430509],[-49.614024,-27.430536],[-49.614035,-27.430563],[-49.614046,-27.43059],[-49.614049,-27.430594],[-49.614128,-27.430709],[-49.614158,-27.430753],[-49.614165,-27.430777],[-49.614169,-27.430788],[-49.614167,-27.430831],[-49.614166,-27.430849],[-49.614149,-27.430889],[-49.614111,-27.430939],[-49.614107,-27.430943],[-49.613996,-27.431048],[-49.613975,-27.43109],[-49.613954,-27.431131],[-49.61394,-27.431158],[-49.613913,-27.431293],[-49.613887,-27.431374],[-49.613886,-27.431378],[-49.613884,-27.431455],[-49.613883,-27.431486],[-49.613871,-27.43151],[-49.613779,-27.431694],[-49.613747,-27.431833],[-49.613737,-27.431949],[-49.613736,-27.431963],[-49.613747,-27.431949],[-49.613775,-27.431833],[-49.613808,-27.431694],[-49.613905,-27.431511],[-49.613909,-27.431486],[-49.613915,-27.431455],[-49.613915,-27.431378],[-49.613915,-27.431374],[-49.613939,-27.431293]]],[[[-49.615349,-27.430999],[-49.615252,-27.430946],[-49.615192,-27.430903],[-49.615158,-27.430858],[-49.615125,-27.430811],[-49.615041,-27.430645],[-49.614998,-27.430558],[-49.614964,-27.430491],[-49.614978,-27.430418],[-49.614993,-27.430342],[-49.614985,-27.430305],[-49.614981,-27.430302],[-49.61491,-27.43024],[-49.614804,-27.430149],[-49.614694,-27.430053],[-49.614676,-27.430038],[-49.614649,-27.430014],[-49.614247,-27.43001],[-49.614326,-27.430034],[-49.614378,-27.43005],[-49.61459,-27.430147],[-49.614698,-27.430238],[-49.614704,-27.430299],[-49.614704,-27.430302],[-49.614701,-27.430339],[-49.614697,-27.430415],[-49.614707,-27.430488],[-49.614717,-27.430555],[-49.614759,-27.430642],[-49.614821,-27.430808],[-49.614839,-27.430855],[-49.61487,-27.4309],[-49.614898,-27.430943],[-49.614933,-27.430995],[-49.614953,-27.431024],[-49.615064,-27.431129],[-49.615188,-27.43122],[-49.615199,-27.431224],[-49.615277,-27.431258],[-49.615286,-27.431225],[-49.615287,-27.431221],[-49.615312,-27.431132],[-49.615341,-27.431028],[-49.615349,-27.430999]]],[[[-49.613956,-27.429614],[-49.613941,-27.429582],[-49.613925,-27.429547],[-49.613927,-27.429507],[-49.613929,-27.429479],[-49.613945,-27.429439],[-49.613951,-27.429425],[-49.613955,-27.429415],[-49.613927,-27.42939],[-49.613857,-27.42933],[-49.613777,-27.429261],[-49.613716,-27.429208],[-49.613687,-27.429183],[-49.613667,-27.429166],[-49.613636,-27.429139],[-49.613633,-27.429137],[-49.613597,-27.429105],[-49.613539,-27.429055],[-49.613474,-27.428999],[-49.613427,-27.428958],[-49.613391,-27.428927],[-49.613317,-27.428863],[-49.61318,-27.428854],[-49.613029,-27.428794],[-49.613,-27.428763],[-49.612956,-27.428687],[-49.612951,-27.42868],[-49.612935,-27.428653],[-49.612933,-27.428642],[-49.612929,-27.428622],[-49.612927,-27.428612],[-49.612922,-27.428593],[-49.612912,-27.428546],[-49.61291,-27.428534],[-49.611918,-27.428525],[-49.611989,-27.428537],[-49.612108,-27.428585],[-49.612181,-27.428605],[-49.612329,-27.428616],[-49.612417,-27.428636],[-49.612428,-27.428639],[-49.61250369354833,-27.428637008064516],[-49.61250403927493,-27.428637012084593],[-49.612543,-27.428649],[-49.61264,-27.428677],[-49.61271,-27.428685],[-49.612764,-27.428761],[-49.612786,-27.428791],[-49.612829,-27.428851],[-49.612834,-27.428858],[-49.61288,-27.428922],[-49.61291,-27.428953],[-49.61297,-27.428994],[-49.613065,-27.42905],[-49.61319,-27.429101],[-49.613356,-27.429134],[-49.613433,-27.429137],[-49.613507,-27.429164],[-49.613527,-27.429181],[-49.613545,-27.429206],[-49.613558,-27.429258],[-49.613587,-27.429327],[-49.613587,-27.429387],[-49.613567,-27.429411],[-49.613559,-27.429421],[-49.613525,-27.429434],[-49.613482,-27.429474],[-49.613452,-27.429502],[-49.613423,-27.429542],[-49.613398,-27.429577],[-49.613392,-27.429609],[-49.613386,-27.42964],[-49.613393,-27.429687],[-49.613398,-27.429717],[-49.613404,-27.429757],[-49.613407,-27.429778],[-49.613415,-27.429836],[-49.613416,-27.42984],[-49.61354,-27.429992],[-49.613553,-27.430003],[-49.614649,-27.430014],[-49.614635,-27.430002],[-49.614459,-27.42985],[-49.614455,-27.429846],[-49.614348,-27.429787],[-49.614205,-27.429765],[-49.614079,-27.429724],[-49.614025,-27.429693],[-49.613983,-27.429646],[-49.613956,-27.429614]]],[[[-49.614038,-27.406997],[-49.614022,-27.406976],[-49.614022,-27.406975],[-49.614012,-27.406963],[-49.613997,-27.406943],[-49.613986,-27.406928],[-49.613917,-27.406942],[-49.613822,-27.406961],[-49.61367889448819,-27.406971636220472],[-49.61367056363637,-27.406971554545454],[-49.613566,-27.406958],[-49.613501,-27.40695],[-49.613469,-27.406946],[-49.613264,-27.40692],[-49.613254,-27.406919],[-49.613179,-27.406919],[-49.613033,-27.406942],[-49.61288,-27.406944],[-49.612773,-27.40695],[-49.612594,-27.406961],[-49.61258752703384,-27.406961647296615],[-49.61258016249237,-27.406961573610264],[-49.612575,-27.406961],[-49.612335,-27.406942],[-49.612325,-27.40694],[-49.612297,-27.406934],[-49.61228,-27.40693],[-49.612276,-27.406926],[-49.612261,-27.406908],[-49.612244,-27.406886],[-49.612232,-27.406872],[-49.612231,-27.406869],[-49.61222,-27.406843],[-49.612219,-27.406842],[-49.612202,-27.406801],[-49.612122,-27.406754],[-49.612089,-27.406717],[-49.612102,-27.406687],[-49.612124,-27.406674],[-49.612118,-27.406655],[-49.612106,-27.406622],[-49.612105,-27.406619],[-49.612078,-27.406572],[-49.612073,-27.406568],[-49.612063,-27.406561],[-49.612046,-27.406548],[-49.612046,-27.406515],[-49.61204,-27.406503],[-49.61203,-27.406486],[-49.611938,-27.406485],[-49.611938,-27.406502],[-49.611942,-27.406514],[-49.611954,-27.406547],[-49.611959,-27.40656],[-49.611942675200744,-27.406566721976162],[-49.61194160326336,-27.40656671146426],[-49.611931,-27.406559],[-49.611855,-27.406509],[-49.611839,-27.406456],[-49.611826,-27.40644],[-49.611756,-27.406426],[-49.61178,-27.406371],[-49.611823,-27.406302],[-49.611818,-27.406185],[-49.611817,-27.406166],[-49.611815,-27.406122],[-49.61181,-27.406115],[-49.611785,-27.406084],[-49.611773,-27.406069],[-49.611709,-27.406055],[-49.611696,-27.406041],[-49.611682,-27.406026],[-49.611538,-27.405995],[-49.611434,-27.405945],[-49.611418,-27.40593],[-49.611394,-27.40591],[-49.611384,-27.405894],[-49.611343,-27.405834],[-49.611323,-27.405819],[-49.611317,-27.405814],[-49.611315,-27.405812],[-49.611296,-27.405798],[-49.610894,-27.405794],[-49.610863,-27.405808],[-49.610856,-27.405809],[-49.610832124918666,-27.405813973975278],[-49.61083179411766,-27.405813970588238],[-49.61079,-27.405808],[-49.610756,-27.405804],[-49.610734,-27.405792],[-49.610728,-27.405773],[-49.610722,-27.405755],[-49.610725,-27.405725],[-49.610727,-27.405703],[-49.610731,-27.405665],[-49.610731,-27.405662],[-49.610734,-27.40564],[-49.610738,-27.405599],[-49.610738,-27.405594],[-49.610741,-27.405587],[-49.610745,-27.405574],[-49.610755,-27.405545],[-49.610763,-27.405519],[-49.610762,-27.405517],[-49.61076,-27.405515],[-49.610759,-27.405513],[-49.610758,-27.405511],[-49.607266,-27.405477],[-49.60726038445377,-27.40547793592437],[-49.60725964243846,-27.40547792848769],[-49.607255,-27.405477],[-49.607211,-27.405466],[-49.607203,-27.405464],[-49.607198,-27.405466],[-49.60717,-27.405476],[-49.607167,-27.405477],[-49.607162,-27.405479],[-49.607104,-27.405481],[-49.607097,-27.405483],[-49.607003,-27.405508],[-49.606845,-27.405535],[-49.606774,-27.405547],[-49.606678,-27.405563],[-49.606432,-27.405589],[-49.606387,-27.405609],[-49.606366,-27.405618],[-49.606319,-27.405638],[-49.606248,-27.40569],[-49.606207,-27.405694],[-49.60616,-27.405707],[-49.60609,-27.405727],[-49.606081,-27.405729],[-49.60619,-27.405731],[-49.606197,-27.405728],[-49.606252,-27.405708],[-49.606278,-27.405695],[-49.606286,-27.405691],[-49.606387,-27.405639],[-49.606426,-27.405619],[-49.606647,-27.405612],[-49.606779,-27.405593],[-49.606966,-27.405566],[-49.60708,-27.40555],[-49.60716275700935,-27.405538177570094],[-49.60716631410257,-27.405538213141025],[-49.607316,-27.405552],[-49.607348,-27.405561],[-49.607366,-27.405565],[-49.607436,-27.405607],[-49.607462,-27.405629],[-49.607465,-27.405633],[-49.607466,-27.405634],[-49.607475,-27.405647],[-49.607497,-27.405682],[-49.607505,-27.405693],[-49.607527,-27.405749],[-49.607547,-27.405802],[-49.607568,-27.405824],[-49.607792,-27.405827],[-49.607857,-27.405805],[-49.60801,-27.405754],[-49.608046,-27.405698],[-49.608053,-27.405687],[-49.6081,-27.405653],[-49.608135,-27.40564],[-49.608138,-27.405639],[-49.60816771763619,-27.405636124099725],[-49.6081694972253,-27.405636142064374],[-49.608183,-27.40564],[-49.608358,-27.405679],[-49.608391,-27.405702],[-49.608395,-27.405732],[-49.608397,-27.40575],[-49.608395,-27.405769],[-49.608394,-27.405781],[-49.608394,-27.405785],[-49.608393,-27.405789],[-49.608392,-27.405804],[-49.608387,-27.405864],[-49.608382,-27.40588],[-49.608376,-27.4059],[-49.608376,-27.405914],[-49.608377,-27.405964],[-49.608378,-27.405993],[-49.608378,-27.406008],[-49.608372,-27.406021],[-49.608366,-27.406035],[-49.608359,-27.40605],[-49.608321,-27.40608],[-49.608318,-27.406087],[-49.608296,-27.406131],[-49.608275,-27.40615],[-49.608251,-27.406267],[-49.608237,-27.406336],[-49.608226,-27.406391],[-49.608224,-27.406405],[-49.60822,-27.40642],[-49.60821,-27.406473],[-49.6082,-27.406522],[-49.608198,-27.40653],[-49.608197,-27.406534],[-49.608188,-27.40658],[-49.608188,-27.406583],[-49.60821,-27.406616],[-49.60825,-27.406635],[-49.608279,-27.406649],[-49.608346,-27.40668],[-49.608424,-27.406717],[-49.608524,-27.406765],[-49.608611,-27.406806],[-49.60864,-27.406808],[-49.608731,-27.406834],[-49.608736,-27.406837],[-49.608762,-27.406851],[-49.608779,-27.406873],[-49.608762,-27.406891],[-49.608749,-27.406895],[-49.60874,-27.406898],[-49.608634,-27.406903],[-49.608633,-27.406905],[-49.608626,-27.406922],[-49.608625,-27.406922],[-49.608616,-27.406943],[-49.608562,-27.407069],[-49.60854,-27.407121],[-49.608491,-27.407233],[-49.608507,-27.407274],[-49.608505,-27.407283],[-49.608482,-27.407402],[-49.60846,-27.407436],[-49.608495,-27.407496],[-49.608522,-27.407579],[-49.608486,-27.407626],[-49.608474,-27.407655],[-49.60842,-27.407706],[-49.608381,-27.40776],[-49.608375,-27.40779],[-49.608401,-27.407844],[-49.608374,-27.407895],[-49.608315,-27.407934],[-49.608288,-27.40801],[-49.608248,-27.408056],[-49.608244,-27.408081],[-49.616271,-27.408161],[-49.616255,-27.408136],[-49.616224,-27.408089],[-49.616175,-27.408013],[-49.616148,-27.407973],[-49.616115,-27.407921],[-49.616079,-27.407867],[-49.61606,-27.407836],[-49.616024,-27.407782],[-49.61599,-27.40773],[-49.615971,-27.4077],[-49.61594,-27.407652],[-49.615886,-27.407569],[-49.615846,-27.407509],[-49.615824,-27.407475],[-49.615746,-27.407355],[-49.615701,-27.407345],[-49.61551,-27.407303],[-49.614975,-27.407185],[-49.614725,-27.40713],[-49.61432392852434,-27.407178524697056],[-49.61431919711378,-27.40717847764029],[-49.614237,-27.407125],[-49.614038,-27.406997]],[[-49.613685302547786,-27.406971699044586],[-49.613685302547765,-27.406971699044586],[-49.614012,-27.406963],[-49.613685302547786,-27.406971699044586]]],[[[-49.611037,-27.430931],[-49.611068,-27.430872],[-49.611092,-27.430776],[-49.611126,-27.430642],[-49.611155,-27.43053],[-49.611172,-27.430461],[-49.611185,-27.430441],[-49.611195,-27.430425],[-49.611207,-27.430405],[-49.611227,-27.430373],[-49.61123,-27.430365],[-49.611247,-27.430331],[-49.611305,-27.430211],[-49.611364,-27.430049],[-49.611374,-27.430022],[-49.611388,-27.429923],[-49.611391,-27.429898],[-49.611393,-27.429819],[-49.611395,-27.429751],[-49.611398,-27.429725],[-49.610358,-27.429715],[-49.610358,-27.429741],[-49.610357,-27.429809],[-49.610383,-27.429888],[-49.610391,-27.429913],[-49.610459,-27.430013],[-49.610477,-27.43004],[-49.610643,-27.430204],[-49.610798,-27.430326],[-49.610859,-27.430362],[-49.610876,-27.430369],[-49.610952,-27.430402],[-49.610984,-27.430423],[-49.610997,-27.430439],[-49.611,-27.430459],[-49.61101,-27.430529],[-49.610989,-27.430641],[-49.610981,-27.430775],[-49.610958,-27.430871],[-49.610944,-27.43093],[-49.610887,-27.4311],[-49.610863,-27.431172],[-49.610863,-27.431181],[-49.610866,-27.431222],[-49.61087,-27.431236],[-49.610886,-27.43129],[-49.610925,-27.43142],[-49.610912,-27.43129],[-49.61092,-27.431236],[-49.610919,-27.431222],[-49.610915,-27.431182],[-49.610919,-27.431172],[-49.610947,-27.431101],[-49.611037,-27.430931]]],[[[-49.611526,-27.429125],[-49.61153,-27.42911],[-49.611552,-27.429022],[-49.611574,-27.428933],[-49.61159,-27.428872],[-49.611611,-27.428828],[-49.611695,-27.428648],[-49.61172,-27.428617],[-49.611742,-27.42859],[-49.611779,-27.428566],[-49.611856,-27.428532],[-49.611868,-27.428527],[-49.611918,-27.428525],[-49.611432,-27.42852],[-49.611432,-27.428523],[-49.611433,-27.428528],[-49.611424,-27.428562],[-49.611418,-27.428587],[-49.611411,-27.428614],[-49.6114,-27.428645],[-49.611335,-27.428825],[-49.611316,-27.42887],[-49.61129,-27.42893],[-49.611262,-27.429019],[-49.611216,-27.429107],[-49.611209,-27.429122],[-49.611147,-27.429262],[-49.611123,-27.429315],[-49.611086,-27.429526],[-49.611062,-27.429599],[-49.611054,-27.429613],[-49.611019,-27.429675],[-49.610984,-27.429713],[-49.610919,-27.42972],[-49.611398,-27.429725],[-49.611399,-27.429717],[-49.611405,-27.429679],[-49.611413,-27.429616],[-49.611416,-27.429603],[-49.61143,-27.429529],[-49.61147,-27.429319],[-49.61148,-27.429265],[-49.611526,-27.429125]]],[[[-49.610919,-27.42972],[-49.6109,-27.429712],[-49.61082,-27.429637],[-49.610806,-27.429624],[-49.610777,-27.429583],[-49.610756,-27.429528],[-49.610749,-27.42951],[-49.61073,-27.42938],[-49.610737,-27.429335],[-49.610741,-27.429308],[-49.610739,-27.429287],[-49.610736,-27.429257],[-49.610728,-27.429176],[-49.610722,-27.429119],[-49.610717,-27.429068],[-49.610712,-27.429013],[-49.610709,-27.428986],[-49.61072,-27.428929],[-49.610718,-27.428905],[-49.610706,-27.428791],[-49.610703,-27.42877],[-49.610687,-27.428715],[-49.610676,-27.428638],[-49.610661,-27.428597],[-49.610659,-27.428593],[-49.610637,-27.428564],[-49.61059,-27.428504],[-49.610519,-27.428435],[-49.610484,-27.428413],[-49.610404,-27.428362],[-49.610389,-27.428353],[-49.610379,-27.428346],[-49.610335,-27.42833],[-49.610287,-27.428312],[-49.610242,-27.42826],[-49.610233,-27.42825],[-49.61023,-27.428248],[-49.610184,-27.428222],[-49.610182983322645,-27.42822199037845],[-49.610157,-27.428207],[-49.610115,-27.428184],[-49.610108,-27.42818],[-49.609152,-27.428171],[-49.609162,-27.428175],[-49.609221,-27.428198],[-49.609308,-27.428213],[-49.60955,-27.428216],[-49.609702,-27.428243],[-49.609705,-27.428245],[-49.609721,-27.428255],[-49.609906,-27.428308],[-49.609969,-27.428326],[-49.609994,-27.428342],[-49.610004,-27.428349],[-49.610034,-27.428358],[-49.610094,-27.428409],[-49.610129,-27.428431],[-49.610238,-27.4285],[-49.610335,-27.428561],[-49.610354,-27.42859],[-49.610357,-27.428594],[-49.61037,-27.428635],[-49.610395,-27.428712],[-49.610395,-27.428767],[-49.610394,-27.428788],[-49.610377,-27.428902],[-49.610384,-27.428925],[-49.610402,-27.428983],[-49.61041,-27.42901],[-49.610405,-27.429065],[-49.610422,-27.429116],[-49.610423,-27.429173],[-49.610399,-27.429254],[-49.610376,-27.429284],[-49.610368,-27.429304],[-49.610358,-27.429331],[-49.610356,-27.429376],[-49.610349,-27.429506],[-49.610349,-27.429524],[-49.610354,-27.429579],[-49.610358,-27.429619],[-49.61036,-27.429633],[-49.610358,-27.429706],[-49.610358,-27.429715],[-49.610919,-27.42972]]],[[[-49.612553,-27.428354],[-49.612533,-27.428355],[-49.61246478483098,-27.428358590272055],[-49.61245570391174,-27.428358501504515],[-49.612444,-27.428354],[-49.612344,-27.428318],[-49.612341,-27.428317],[-49.612266,-27.428273],[-49.612141,-27.428267],[-49.611993,-27.42826],[-49.611966,-27.428265],[-49.611944,-27.42827],[-49.611741,-27.428311],[-49.611734,-27.428312],[-49.611603,-27.428346],[-49.611586,-27.42835],[-49.611577,-27.428353],[-49.611488,-27.428375],[-49.611447,-27.42841],[-49.611428,-27.428427],[-49.611432,-27.428506],[-49.611432,-27.42852],[-49.61291,-27.428534],[-49.612907,-27.428521],[-49.612814,-27.428441],[-49.612795,-27.428424],[-49.612698,-27.428387],[-49.612634,-27.428363],[-49.612609,-27.42836],[-49.612565,-27.428355],[-49.612553,-27.428354]],[[-49.61244826543457,-27.428358909746166],[-49.612448265435,-27.42835890974617],[-49.611577,-27.428353],[-49.61244826543457,-27.428358909746166]],[[-49.612457521888395,-27.42835897253219],[-49.61245752188839,-27.42835897253219],[-49.61245739585033,-27.42835897167728],[-49.612457521888395,-27.42835897253219]]],[[[-49.611891,-27.40835],[-49.611903,-27.408333],[-49.61193,-27.408309],[-49.611948,-27.408294],[-49.611282,-27.408288],[-49.611347,-27.408304],[-49.61137,-27.408327],[-49.611387,-27.408345],[-49.611496,-27.408408],[-49.611559,-27.408443],[-49.611601,-27.408496],[-49.611618,-27.408518],[-49.611629,-27.408523],[-49.611665,-27.408544],[-49.611762,-27.4086],[-49.611769,-27.408545],[-49.611772,-27.408525],[-49.611778,-27.408519],[-49.611802,-27.408498],[-49.611829,-27.408446],[-49.611847,-27.408411],[-49.611891,-27.40835]]],[[[-49.611208,-27.408347],[-49.61121,-27.408345],[-49.61122,-27.408338],[-49.611246,-27.408306],[-49.611252,-27.408303],[-49.611282,-27.408288],[-49.608206,-27.408257],[-49.608199,-27.408273],[-49.608197,-27.408275],[-49.608173,-27.408308],[-49.608168,-27.408315],[-49.608166,-27.408316],[-49.608125,-27.40835],[-49.608117,-27.408357],[-49.608106,-27.408372],[-49.608063,-27.408429],[-49.607998,-27.408572],[-49.607987,-27.408595],[-49.607961,-27.408622],[-49.607911,-27.408697],[-49.607907,-27.408703],[-49.607889,-27.40873],[-49.607885,-27.408734],[-49.607809,-27.40881],[-49.607784,-27.408841],[-49.607702,-27.408941],[-49.607649,-27.409006],[-49.607577,-27.409079],[-49.607555,-27.409101],[-49.607514,-27.409159],[-49.607482,-27.409189],[-49.607457,-27.409231],[-49.60742,-27.409294],[-49.607399,-27.409329],[-49.607393,-27.409367],[-49.607397,-27.409418],[-49.607397,-27.409421],[-49.6074,-27.409464],[-49.607401,-27.409487],[-49.607388,-27.409516],[-49.607366,-27.409565],[-49.607364,-27.4096],[-49.607363,-27.409617],[-49.607363,-27.409618],[-49.607362,-27.409645],[-49.607321,-27.409676],[-49.607338,-27.409699],[-49.60734,-27.40972],[-49.607338,-27.409727],[-49.607307,-27.40984],[-49.6073,-27.409905],[-49.607293,-27.40997],[-49.607271,-27.410051],[-49.607283,-27.410132],[-49.607295,-27.410216],[-49.607275,-27.410286],[-49.607271,-27.410294],[-49.607232,-27.410383],[-49.607223,-27.410429],[-49.607225,-27.410456],[-49.607228,-27.41046],[-49.607265,-27.410511],[-49.607272,-27.410519],[-49.60728,-27.410565],[-49.607285,-27.410592],[-49.607271,-27.410619],[-49.607263,-27.410636],[-49.607216,-27.410684],[-49.607213,-27.410688],[-49.607227,-27.410722],[-49.607362,-27.41081],[-49.607404,-27.410845],[-49.607427,-27.410875],[-49.607445,-27.410919],[-49.607432,-27.411],[-49.607404,-27.411058],[-49.607401,-27.411081],[-49.607396,-27.411111],[-49.607376,-27.411135],[-49.607363,-27.411169],[-49.60732,-27.411215],[-49.60722,-27.411323],[-49.607176,-27.411433],[-49.60714,-27.411521],[-49.607127,-27.411538],[-49.607114,-27.411555],[-49.607156,-27.411635],[-49.607176,-27.411672],[-49.607168,-27.411728],[-49.607158,-27.411747],[-49.607123,-27.411809],[-49.607099,-27.411863],[-49.607077,-27.411915],[-49.607036,-27.411944],[-49.606999,-27.411979],[-49.606935,-27.412041],[-49.606839,-27.412097],[-49.607972,-27.412108],[-49.60802,-27.412052],[-49.608073,-27.41199],[-49.608088,-27.411954],[-49.6081,-27.411925],[-49.608122,-27.411873],[-49.608151,-27.411819],[-49.608183,-27.411757],[-49.608188,-27.411739],[-49.608203,-27.411682],[-49.608213,-27.411645],[-49.608224,-27.411566],[-49.608226,-27.411549],[-49.608234,-27.411532],[-49.608272,-27.411444],[-49.608262,-27.411333],[-49.608267,-27.411225],[-49.60826,-27.411178],[-49.608255,-27.411144],[-49.608251,-27.41112],[-49.608247,-27.411089],[-49.608246,-27.411066],[-49.608244,-27.411008],[-49.608241,-27.410927],[-49.608248,-27.410883],[-49.608252,-27.410854],[-49.608258,-27.410819],[-49.608271,-27.410732],[-49.608276,-27.410698],[-49.608276,-27.410695],[-49.608279,-27.410647],[-49.608279,-27.410629],[-49.608292,-27.410602],[-49.608304,-27.410575],[-49.608334,-27.41053],[-49.60834,-27.410522],[-49.608353,-27.410472],[-49.608353,-27.410467],[-49.608355,-27.41044],[-49.608359,-27.410394],[-49.608365,-27.410305],[-49.608364,-27.410296],[-49.608357,-27.410227],[-49.608347,-27.410143],[-49.608333,-27.410061],[-49.608319,-27.40998],[-49.608307,-27.409915],[-49.608281,-27.40985],[-49.608234,-27.409736],[-49.608235,-27.409728],[-49.608237,-27.409708],[-49.608239,-27.409685],[-49.608242,-27.409654],[-49.60825,-27.409627],[-49.608259,-27.409626],[-49.608255,-27.409609],[-49.608286,-27.409574],[-49.608328,-27.409525],[-49.608343,-27.409497],[-49.608355,-27.409473],[-49.608403,-27.409431],[-49.6084456823739,-27.409428022159958],[-49.60844604577309,-27.40942802563293],[-49.608471,-27.409442],[-49.608484,-27.409457],[-49.608507,-27.409485],[-49.608524,-27.409535],[-49.608527,-27.409544],[-49.608538,-27.409546],[-49.60854,-27.409545],[-49.608551,-27.409536],[-49.608554,-27.409485],[-49.608556,-27.409457],[-49.608552,-27.409442],[-49.608548,-27.409429],[-49.608536,-27.409378],[-49.608526,-27.409341],[-49.608517,-27.409305],[-49.608523,-27.409242],[-49.608544,-27.4092],[-49.608559,-27.40917],[-49.608588,-27.409111],[-49.608599,-27.409089],[-49.608647,-27.409016],[-49.60869,-27.40895],[-49.608722,-27.40885],[-49.608747,-27.40882],[-49.608807,-27.408743],[-49.608812,-27.408739],[-49.608842,-27.408712],[-49.6088650594982,-27.408706235125447],[-49.608867175810474,-27.408706255610973],[-49.608912,-27.408716],[-49.608946,-27.40877],[-49.60897,-27.40878],[-49.609005,-27.408783],[-49.609009,-27.408795],[-49.609035,-27.408806],[-49.609066,-27.408833],[-49.60907,-27.408837],[-49.609092,-27.408877],[-49.609088,-27.408893],[-49.609084,-27.408914],[-49.609079,-27.408935],[-49.609066,-27.408991],[-49.60907,-27.409009],[-49.609107,-27.409035],[-49.609132,-27.409053],[-49.609694,-27.409059],[-49.609694,-27.409041],[-49.609706,-27.409015],[-49.609714,-27.408997],[-49.609738,-27.408942],[-49.609762,-27.408921],[-49.609820739316525,-27.408900092785643],[-49.609821469303384,-27.408900099851785],[-49.609868,-27.40891],[-49.609919,-27.408932],[-49.609973,-27.408963],[-49.609995,-27.408986],[-49.610322,-27.408989],[-49.610351,-27.408967],[-49.610391,-27.408937],[-49.610419,-27.408916],[-49.610431,-27.408906],[-49.610452,-27.408891],[-49.610505,-27.408851],[-49.61051,-27.408847],[-49.610528,-27.408821],[-49.610536,-27.40881],[-49.610544,-27.408798],[-49.610546,-27.408795],[-49.610553,-27.408786],[-49.61059,-27.408733],[-49.610597,-27.408723],[-49.610649,-27.408649],[-49.610663,-27.408622],[-49.610676,-27.408599],[-49.610831,-27.408457],[-49.610894,-27.408399],[-49.610917,-27.408385],[-49.610928,-27.408378],[-49.61105621464144,-27.408345453206405],[-49.611061251446436,-27.408345504534793],[-49.611116,-27.408354],[-49.61113,-27.408357],[-49.611195,-27.408355],[-49.611208,-27.408347]]],[[[-49.608232,-27.408198],[-49.608215,-27.408237],[-49.608208,-27.408252],[-49.608206,-27.408257],[-49.611948,-27.408294],[-49.611954,-27.408289],[-49.611985,-27.408274],[-49.612159,-27.408237],[-49.612254,-27.408228],[-49.612593,-27.408194],[-49.612866,-27.408187],[-49.612887,-27.40818],[-49.612901,-27.408175],[-49.613144,-27.408143],[-49.613337,-27.408132],[-49.608244,-27.408081],[-49.608241,-27.408094],[-49.608235,-27.408129],[-49.608234,-27.408133],[-49.608234,-27.408141],[-49.608235,-27.408151],[-49.608236,-27.408188],[-49.608232,-27.408198]]],[[[-49.612027,-27.406481],[-49.61201,-27.406474],[-49.611999,-27.406469],[-49.611993,-27.406473],[-49.611983,-27.406481],[-49.611982,-27.406481],[-49.611977,-27.406485],[-49.61203,-27.406486],[-49.612027,-27.406482],[-49.612027,-27.406481]]],[[[-49.611977,-27.406485],[-49.611972,-27.406481],[-49.611964,-27.406473],[-49.611939,-27.40648],[-49.611937,-27.406481],[-49.611938,-27.406485],[-49.611977,-27.406485]]],[[[-49.611249,-27.405708],[-49.611236,-27.40572],[-49.611222,-27.405732],[-49.611218451612906,-27.405735548387096],[-49.61121123917995,-27.405735489749432],[-49.611165,-27.405732],[-49.611151,-27.405735],[-49.611136,-27.405738],[-49.611061,-27.405789],[-49.611059,-27.405791],[-49.611014,-27.405795],[-49.611296,-27.405798],[-49.611289,-27.405793],[-49.611288,-27.405792],[-49.611275,-27.40574],[-49.611274,-27.405736],[-49.611273,-27.405733],[-49.61127,-27.40572],[-49.611258,-27.405708],[-49.611254,-27.405704],[-49.611249,-27.405708]]],[[[-49.611014,-27.405795],[-49.610995,-27.40579],[-49.610946,-27.405778],[-49.610935,-27.405775],[-49.61093,-27.405778],[-49.610904,-27.405789],[-49.610894,-27.405794],[-49.611014,-27.405795]]],[[[-49.610619,-27.404096],[-49.610616,-27.404091],[-49.61059,-27.404041],[-49.610584,-27.403991],[-49.610581,-27.403964],[-49.610541,-27.403918],[-49.610509,-27.403882],[-49.61047,-27.403837],[-49.610438,-27.4038],[-49.610436,-27.403798],[-49.610431,-27.403789],[-49.610385,-27.403725],[-49.610344,-27.403666],[-49.610333,-27.40365],[-49.610311,-27.403619],[-49.610288,-27.403585],[-49.610274,-27.403554],[-49.61025,-27.4035],[-49.610214,-27.403418],[-49.610189,-27.403361],[-49.610171,-27.403343],[-49.61013,-27.403301],[-49.610086,-27.403255],[-49.610051,-27.403206],[-49.610001,-27.403136],[-49.609978,-27.403104],[-49.609976,-27.4031],[-49.609971,-27.403088],[-49.609946,-27.403037],[-49.609926,-27.402994],[-49.609906,-27.402951],[-49.609867,-27.402868],[-49.609844,-27.40282],[-49.609826,-27.402769],[-49.609799,-27.402689],[-49.609787,-27.402656],[-49.609783,-27.402647],[-49.609724,-27.402516],[-49.609704,-27.402493],[-49.609637,-27.402416],[-49.609537,-27.402335],[-49.609467,-27.402246],[-49.609446,-27.402219],[-49.609424,-27.402192],[-49.609406,-27.402171],[-49.609389,-27.402152],[-49.609351,-27.40211],[-49.609278,-27.402028],[-49.609242,-27.401978],[-49.609232,-27.401965],[-49.609212,-27.401938],[-49.608287,-27.401929],[-49.608358,-27.401956],[-49.608376,-27.401969],[-49.608401,-27.402019],[-49.60844,-27.402101],[-49.608395,-27.402142],[-49.60834,-27.40216],[-49.608339,-27.402181],[-49.608338,-27.402208],[-49.608349,-27.402235],[-49.608412,-27.402323],[-49.60847,-27.402405],[-49.608524,-27.402481],[-49.608537,-27.402504],[-49.608613,-27.402636],[-49.608622,-27.402644],[-49.608656,-27.402678],[-49.608708,-27.402758],[-49.608733,-27.402809],[-49.608757,-27.402857],[-49.608824,-27.40294],[-49.608841,-27.402984],[-49.608887,-27.403026],[-49.608922,-27.403078],[-49.608923,-27.403079],[-49.608925,-27.403083],[-49.608943,-27.403099],[-49.608967,-27.403121],[-49.60898,-27.403132],[-49.608984,-27.403135],[-49.608984,-27.403143],[-49.609202,-27.403145],[-49.609212,-27.403138],[-49.609216,-27.403134],[-49.609214,-27.403123],[-49.60923,-27.403101],[-49.60925,-27.403086],[-49.609255,-27.403082],[-49.609271666666665,-27.403081333333333],[-49.60928102106033,-27.403081422507725],[-49.609309,-27.403093],[-49.609313,-27.403097],[-49.609344,-27.403129],[-49.609377,-27.403199],[-49.609452,-27.403248],[-49.609523,-27.403295],[-49.609552,-27.403337],[-49.609575,-27.403355],[-49.609649,-27.403412],[-49.609705,-27.403494],[-49.609758,-27.403549],[-49.609806,-27.403581],[-49.609858,-27.403614],[-49.609888,-27.403646],[-49.609931,-27.403662],[-49.61003,-27.403721],[-49.610076,-27.403786],[-49.610091,-27.403794],[-49.610092,-27.403796],[-49.610105,-27.403833],[-49.610145,-27.403878],[-49.610166,-27.403914],[-49.610213,-27.40396],[-49.610241,-27.403987],[-49.610281,-27.404038],[-49.61032,-27.404088],[-49.610328,-27.404093],[-49.610419,-27.404148],[-49.610466,-27.404176],[-49.610537,-27.404219],[-49.610553,-27.404229],[-49.610566,-27.40422],[-49.610608,-27.404178],[-49.61062,-27.40415],[-49.610619,-27.404096]]],[[[-49.609861,-27.429147],[-49.609863,-27.429136],[-49.609845,-27.429116],[-49.609788,-27.429085],[-49.609785,-27.429082],[-49.609741,-27.429035],[-49.609716,-27.429007],[-49.609706,-27.42898],[-49.609699,-27.428962],[-49.609705,-27.428925],[-49.609706,-27.428919],[-49.609692,-27.4289],[-49.609681,-27.428882],[-49.609617,-27.428846],[-49.609606,-27.428837],[-49.609576,-27.428809],[-49.609494,-27.428775],[-49.609484,-27.428771],[-49.60947,-27.428766],[-49.609469,-27.428763],[-49.609455,-27.428738],[-49.60943,-27.428694],[-49.609399,-27.428673],[-49.609394,-27.428669],[-49.609374,-27.428656],[-49.60934,-27.428651],[-49.609315,-27.428655],[-49.609237,-27.428668],[-49.60921809223303,-27.42867098543689],[-49.60921795161289,-27.428670983870965],[-49.609209,-27.428668],[-49.609205,-27.428666],[-49.609194,-27.428663],[-49.609189,-27.428661],[-49.609175,-27.428662],[-49.60914997435897,-27.428665575091575],[-49.609139686956524,-27.428665495652172],[-49.609089,-27.428662],[-49.609045,-27.428645],[-49.609046,-27.428642],[-49.609066,-27.428598],[-49.60911,-27.428544],[-49.609122,-27.42853],[-49.609103,-27.428429],[-49.609074,-27.428362],[-49.609067,-27.428347],[-49.60906,-27.428266],[-49.609064,-27.428249],[-49.609068,-27.428228],[-49.609078,-27.428212],[-49.609114,-27.428185],[-49.609133,-27.428178],[-49.609143,-27.428174],[-49.609152,-27.428171],[-49.608672,-27.428166],[-49.608741,-27.42817],[-49.608804,-27.428174],[-49.608814,-27.428182],[-49.60885,-27.42821],[-49.608863,-27.428226],[-49.608879,-27.428247],[-49.608889,-27.428264],[-49.608933,-27.428346],[-49.608941,-27.428361],[-49.608945,-27.428427],[-49.608936,-27.428528],[-49.608935,-27.428542],[-49.608937,-27.428597],[-49.608939,-27.428641],[-49.60894,-27.428644],[-49.608945,-27.42866],[-49.608946,-27.428664],[-49.608947,-27.428665],[-49.60895,-27.428668],[-49.608974,-27.428689],[-49.609024,-27.428733],[-49.609072,-27.428759],[-49.609088,-27.428762],[-49.609125,-27.428768],[-49.609275,-27.428773],[-49.609388,-27.428807],[-49.609482,-27.428835],[-49.609502,-27.428845],[-49.609574,-27.428881],[-49.60961,-27.428899],[-49.609627,-27.428919],[-49.609632,-27.428925],[-49.609643,-27.428961],[-49.609649,-27.42898],[-49.609665,-27.429007],[-49.609682,-27.429035],[-49.609738,-27.429082],[-49.609743,-27.429085],[-49.609793,-27.429116],[-49.609825,-27.429136],[-49.609843,-27.429147],[-49.609839,-27.429194],[-49.609837,-27.429198],[-49.609819,-27.429234],[-49.609817,-27.429236],[-49.609788,-27.429263],[-49.609748,-27.429302],[-49.60975,-27.429302],[-49.609806,-27.429263],[-49.609829,-27.429236],[-49.609831,-27.429234],[-49.609852,-27.429198],[-49.609853,-27.429194],[-49.609861,-27.429147]]],[[[-49.610035,-27.409016],[-49.610048,-27.409024],[-49.610098,-27.409025],[-49.610139,-27.409017],[-49.610177,-27.408999],[-49.610183,-27.408996],[-49.610201,-27.408988],[-49.609995,-27.408986],[-49.610004,-27.408995],[-49.610006,-27.408998],[-49.610035,-27.409016]]],[[[-49.610209,-27.408999],[-49.610235,-27.409037],[-49.610246,-27.409037],[-49.610308,-27.409],[-49.61031,-27.408998],[-49.610322,-27.408989],[-49.610201,-27.408988],[-49.610208,-27.408997],[-49.610209,-27.408999]]],[[[-49.607866,-27.428056],[-49.607974,-27.428073],[-49.608217,-27.428095],[-49.608285,-27.428111],[-49.608368,-27.42813],[-49.608496,-27.428139],[-49.608589,-27.428159],[-49.6086,-27.428161],[-49.608672,-27.428166],[-49.610108,-27.42818],[-49.610101,-27.428176],[-49.610097,-27.428174],[-49.610054,-27.428155],[-49.610037,-27.428147],[-49.609995,-27.428128],[-49.609953,-27.428112],[-49.609901,-27.428092],[-49.609858,-27.428076],[-49.609842,-27.42807],[-49.607827,-27.42805],[-49.607866,-27.428056]]],[[[-49.609189,-27.427963],[-49.608916,-27.42794],[-49.608802,-27.427922],[-49.608765,-27.427916],[-49.608709,-27.427897],[-49.608583,-27.427871],[-49.608448,-27.427854],[-49.608445931429756,-27.427853979636716],[-49.608281,-27.427805],[-49.608242,-27.427797],[-49.608169,-27.427783],[-49.608065,-27.427748],[-49.60798,-27.427733],[-49.607917,-27.427722],[-49.607892,-27.427718],[-49.60786818987341,-27.42772152742616],[-49.607863503715414,-27.427721482055336],[-49.607787,-27.427695],[-49.607645,-27.42768],[-49.607558,-27.427662],[-49.607511,-27.427628],[-49.607481,-27.427606],[-49.607442,-27.427546],[-49.607422,-27.427464],[-49.607424,-27.427437],[-49.607428,-27.427383],[-49.607451,-27.427325],[-49.607463,-27.427294],[-49.607478,-27.427194],[-49.607491,-27.427104],[-49.607495,-27.426923],[-49.607493,-27.426842],[-49.607485,-27.426811],[-49.607489,-27.426782],[-49.607494,-27.426744],[-49.607487,-27.426659],[-49.607489,-27.426639],[-49.607497,-27.426525],[-49.607498,-27.426517],[-49.607512,-27.426445],[-49.607515,-27.426429],[-49.607523,-27.426387],[-49.607523,-27.426385],[-49.607524,-27.426382],[-49.607555,-27.426336],[-49.60762,-27.426242],[-49.607646,-27.426222],[-49.607671,-27.426216],[-49.607729,-27.426209],[-49.607806,-27.426202],[-49.607282,-27.426196],[-49.607272,-27.426205],[-49.607263,-27.426211],[-49.607254,-27.426219],[-49.607228,-27.426238],[-49.607102,-27.426331],[-49.607073,-27.426378],[-49.607071,-27.42638],[-49.607093,-27.426383],[-49.607175,-27.426425],[-49.607185,-27.426441],[-49.607196,-27.426514],[-49.607197,-27.426522],[-49.607194,-27.426636],[-49.607191,-27.426656],[-49.60718,-27.426741],[-49.607175,-27.426778],[-49.607175,-27.426808],[-49.607174,-27.426839],[-49.607172,-27.42692],[-49.607168,-27.427101],[-49.607166,-27.427191],[-49.607177,-27.427291],[-49.60718,-27.427322],[-49.607181,-27.427381],[-49.607182,-27.427435],[-49.607179,-27.427462],[-49.60717,-27.427543],[-49.607164,-27.427603],[-49.607162,-27.427624],[-49.607174,-27.427658],[-49.60718,-27.427676],[-49.607184,-27.427689],[-49.607194,-27.427715],[-49.607197,-27.427726],[-49.607198,-27.427739],[-49.607201,-27.427773],[-49.607202,-27.427787],[-49.607206,-27.427795],[-49.607228,-27.427841],[-49.607229,-27.427842],[-49.607244,-27.427857],[-49.607269,-27.427882],[-49.607287,-27.427901],[-49.607293,-27.427907],[-49.607304,-27.427924],[-49.607316,-27.427944],[-49.607321,-27.427951],[-49.60733,-27.427957],[-49.607336,-27.427961],[-49.607385,-27.427997],[-49.607394,-27.428015],[-49.607401,-27.428029],[-49.607407,-27.428041],[-49.607407,-27.428045],[-49.609842,-27.42807],[-49.609831,-27.428065],[-49.609798,-27.428053],[-49.609777,-27.428039],[-49.609723,-27.42802],[-49.609618,-27.427984],[-49.609547,-27.42798],[-49.60951,-27.427977],[-49.609257826086555,-27.427977],[-49.60924962312578,-27.427976914899368],[-49.609219,-27.42797],[-49.609189,-27.427963]]],[[[-49.609102,-27.425234],[-49.608966,-27.424934],[-49.60896,-27.424921],[-49.60895,-27.424899],[-49.608945,-27.424887],[-49.608939,-27.424876],[-49.608932,-27.424863],[-49.608926,-27.42485],[-49.608859,-27.424716],[-49.608818,-27.424636],[-49.608787,-27.424573],[-49.608782,-27.424564],[-49.60878,-27.42456],[-49.608717,-27.424485],[-49.608703,-27.424468],[-49.60855,-27.424363],[-49.608437,-27.424308],[-49.608372,-27.424283],[-49.608295,-27.424252],[-49.608263,-27.424246],[-49.608237,-27.424241],[-49.60819344978785,-27.424245355021217],[-49.60818574626866,-27.42424528358209],[-49.607935,-27.424102],[-49.607818,-27.424036],[-49.607781,-27.424015],[-49.607763,-27.424005],[-49.607715,-27.423977],[-49.607611,-27.423921],[-49.607546,-27.423886],[-49.60734,-27.423775],[-49.60729,-27.423769],[-49.607269,-27.423767],[-49.607153,-27.423736],[-49.607101,-27.423722],[-49.606967,-27.42371],[-49.606893,-27.42372],[-49.606794,-27.423732],[-49.606671,-27.423761],[-49.606662,-27.423763],[-49.606647,-27.423768],[-49.606316,-27.423874],[-49.606168,-27.423907],[-49.605988,-27.42396],[-49.605901,-27.423986],[-49.60586,-27.423996],[-49.605814,-27.424006],[-49.605714,-27.424029],[-49.605696,-27.424033],[-49.605377,-27.424131],[-49.605037,-27.424236],[-49.604896,-27.42428],[-49.604805,-27.424293],[-49.604713,-27.424325],[-49.604556,-27.424339],[-49.604445,-27.42436],[-49.60442,-27.42437],[-49.604409297665065,-27.424374864697697],[-49.60440709477065,-27.42437484383366],[-49.604348,-27.42437],[-49.604318,-27.424374],[-49.604227,-27.424386],[-49.60422,-27.424388],[-49.604136,-27.424408],[-49.603983,-27.42446],[-49.603906,-27.42447],[-49.60377,-27.424489],[-49.603754,-27.424495],[-49.603740528557594,-27.424499811229428],[-49.60373780535058,-27.42449978413284],[-49.603679,-27.424494],[-49.603659,-27.424499],[-49.603618,-27.424509],[-49.603523,-27.424513],[-49.603432,-27.424536],[-49.60335,-27.424544],[-49.60331,-27.424548],[-49.604894,-27.424564],[-49.604909,-27.42456],[-49.60494,-27.424551],[-49.605015,-27.424528],[-49.605031,-27.424523],[-49.605066,-27.424513],[-49.605084,-27.424508],[-49.605103,-27.424502],[-49.605167,-27.424483],[-49.605215,-27.424472],[-49.605441,-27.424421],[-49.605532,-27.424401],[-49.605538,-27.424399],[-49.605585,-27.424386],[-49.6056,-27.424382],[-49.605637,-27.424372],[-49.605713,-27.424351],[-49.60577,-27.424335],[-49.605886,-27.424303],[-49.605934,-27.42429],[-49.606092,-27.424247],[-49.606571,-27.424143],[-49.60683,-27.424044],[-49.606841,-27.42404],[-49.606963,-27.424018],[-49.60707930126441,-27.42400805972099],[-49.60708031554909,-27.424008069752958],[-49.607175,-27.424029],[-49.607326,-27.424096],[-49.607616,-27.42424],[-49.607627,-27.424246],[-49.607688,-27.424276],[-49.607745,-27.424301],[-49.607868,-27.424357],[-49.608103,-27.424462],[-49.60814,-27.424479],[-49.608255,-27.424555],[-49.608261,-27.424559],[-49.608285,-27.424568],[-49.608357,-27.424631],[-49.608411,-27.424712],[-49.608448,-27.424845],[-49.608458,-27.424858],[-49.608479,-27.424872],[-49.608514,-27.424883],[-49.608551,-27.424895],[-49.60859,-27.424917],[-49.608601,-27.424931],[-49.60873,-27.42523],[-49.608749,-27.425274],[-49.608765,-27.425338],[-49.608804,-27.425489],[-49.608908,-27.425715],[-49.608912,-27.425723],[-49.608915,-27.425763],[-49.608912,-27.425773],[-49.608904,-27.4258],[-49.608886,-27.425822],[-49.608703,-27.42588],[-49.60870091735538,-27.425880694214875],[-49.60868603341579,-27.425880542079206],[-49.608639,-27.425879],[-49.608633,-27.42588],[-49.608601,-27.425885],[-49.608541,-27.425893],[-49.608373,-27.425901],[-49.608306,-27.425912],[-49.608274,-27.425917],[-49.609202,-27.425927],[-49.609204,-27.425921],[-49.60921,-27.425909],[-49.609215,-27.4259],[-49.609219,-27.425891],[-49.60922,-27.425886],[-49.60922,-27.425885],[-49.609231,-27.425825],[-49.609234,-27.425803],[-49.609239,-27.425776],[-49.609239,-27.425766],[-49.609239,-27.425726],[-49.609239,-27.425718],[-49.609182,-27.425493],[-49.609145,-27.425342],[-49.609119,-27.425278],[-49.609102,-27.425234]],[[-49.60444743352422,-27.424375225889733],[-49.60444743352399,-27.42437522588973],[-49.6056,-27.424382],[-49.60444743352422,-27.424375225889733]]],[[[-49.609161,-27.409075],[-49.609204,-27.409106],[-49.609283,-27.409146],[-49.609302,-27.409148],[-49.609313,-27.409148],[-49.609316,-27.409146],[-49.609377,-27.409108],[-49.609426,-27.409078],[-49.609578,-27.409058],[-49.609132,-27.409053],[-49.609161,-27.409075]]],[[[-49.609578,-27.409058],[-49.609636,-27.409061],[-49.609667,-27.40908],[-49.609692,-27.409095],[-49.609693,-27.40908],[-49.609694,-27.409062],[-49.609694,-27.409059],[-49.609578,-27.409058]]],[[[-49.610578,-27.405358],[-49.610573,-27.405317],[-49.610569,-27.405289],[-49.610566,-27.405237],[-49.610563,-27.4052],[-49.610562,-27.405191],[-49.607505,-27.405161],[-49.607614,-27.405171],[-49.607653,-27.405208],[-49.607684,-27.40526],[-49.6077,-27.405288],[-49.607716,-27.405329],[-49.607722,-27.405343],[-49.607723,-27.405346],[-49.607723,-27.405348],[-49.607717,-27.405364],[-49.607714,-27.405372],[-49.607693,-27.405386],[-49.607609,-27.405416],[-49.60760420868114,-27.405417916527547],[-49.60760325373135,-27.40541790671642],[-49.607588,-27.405416],[-49.607549,-27.405411],[-49.607517,-27.405416],[-49.607515,-27.405417],[-49.60748,-27.405445],[-49.607474,-27.405451],[-49.607414,-27.405468],[-49.60738,-27.405478],[-49.610758,-27.405511],[-49.61075,-27.405501],[-49.610737,-27.405483],[-49.610733,-27.405478],[-49.610727,-27.40545],[-49.610726,-27.405448],[-49.610719,-27.405416],[-49.610716,-27.405402],[-49.610714,-27.405394],[-49.610692,-27.405378],[-49.610652,-27.405375],[-49.610586,-27.405372],[-49.610578,-27.405358]]],[[[-49.610258,-27.404141],[-49.610236,-27.404123],[-49.610132,-27.404036],[-49.610012,-27.403938],[-49.609774,-27.403742],[-49.609737,-27.403711],[-49.609687,-27.40367],[-49.609683,-27.403657],[-49.609674,-27.403627],[-49.609651,-27.403551],[-49.609476,-27.403384],[-49.609425,-27.403335],[-49.608356,-27.403324],[-49.608382,-27.403373],[-49.608397,-27.403538],[-49.608404,-27.403614],[-49.608385,-27.403644],[-49.608371,-27.403657],[-49.608328,-27.403697],[-49.608318,-27.403727],[-49.608055,-27.403918],[-49.607961,-27.404015],[-49.607921,-27.404099],[-49.607901,-27.404117],[-49.607904,-27.404178],[-49.607889,-27.404208],[-49.607749,-27.404229],[-49.607798,-27.404237],[-49.607841,-27.40426],[-49.607828,-27.404369],[-49.607813,-27.40438],[-49.607752,-27.404421],[-49.607733,-27.404441],[-49.607703,-27.404473],[-49.6077,-27.404476],[-49.607601,-27.404543],[-49.607569,-27.404579],[-49.607565,-27.404597],[-49.607547,-27.40467],[-49.607555,-27.404791],[-49.607555,-27.4048],[-49.607547,-27.404854],[-49.607529,-27.404864],[-49.607487,-27.40487],[-49.610549,-27.404901],[-49.610548,-27.404894],[-49.610546,-27.404884],[-49.610536,-27.40483],[-49.610535,-27.404821],[-49.610542,-27.4047],[-49.610546,-27.404627],[-49.610541,-27.404609],[-49.610532,-27.404572],[-49.610516,-27.404505],[-49.610515,-27.404501],[-49.61053,-27.404469],[-49.610547,-27.404449],[-49.610582,-27.404408],[-49.610569,-27.404397],[-49.610434,-27.404286],[-49.610407,-27.404263],[-49.610397,-27.404255],[-49.610369,-27.404232],[-49.610332,-27.404202],[-49.610258,-27.404141]]],[[[-49.609267,-27.403185],[-49.609246,-27.403192],[-49.609094,-27.403244],[-49.609023,-27.403326],[-49.608862,-27.403329],[-49.609425,-27.403335],[-49.60942,-27.40333],[-49.609331,-27.403246],[-49.609275,-27.403192],[-49.609267,-27.403185]]],[[[-49.609202,-27.403145],[-49.609078,-27.403144],[-49.609112,-27.40315],[-49.609136,-27.403154],[-49.609195,-27.403151],[-49.609202,-27.403145]]],[[[-49.608768,-27.42631],[-49.608766,-27.426324],[-49.608772,-27.42631],[-49.608797,-27.426258],[-49.608803,-27.426245],[-49.608805,-27.426232],[-49.608812,-27.426188],[-49.608812,-27.426183],[-49.608836,-27.426151],[-49.608836,-27.426142],[-49.608836,-27.426139],[-49.608731,-27.426138],[-49.608758,-27.426142],[-49.608764,-27.426151],[-49.608784,-27.426183],[-49.608787,-27.426188],[-49.608787,-27.426232],[-49.608782,-27.426244],[-49.608776,-27.426258],[-49.608768,-27.42631]]],[[[-49.60865,-27.426179],[-49.608665,-27.426172],[-49.608685,-27.426149],[-49.608688,-27.426145],[-49.608711,-27.426141],[-49.608731,-27.426138],[-49.608463,-27.426135],[-49.608474,-27.426139],[-49.608486,-27.426143],[-49.60848716426513,-27.426143011527376],[-49.608544,-27.426147],[-49.608579,-27.426171],[-49.60859,-27.426178],[-49.608617,-27.426186],[-49.608627,-27.426189],[-49.608634,-27.426186],[-49.60865,-27.426179]]],[[[-49.608978,-27.426101],[-49.609031,-27.426075],[-49.609046,-27.426058],[-49.609068,-27.426048],[-49.609113,-27.426028],[-49.609121,-27.426021],[-49.609156,-27.425989],[-49.609182,-27.425966],[-49.609182,-27.425965],[-49.60919,-27.425949],[-49.609198,-27.425934],[-49.609202,-27.425927],[-49.608018,-27.425915],[-49.60788,-27.425921],[-49.607809,-27.425935],[-49.607666,-27.42595],[-49.607662,-27.425951],[-49.607584,-27.425974],[-49.607503,-27.426005],[-49.607493,-27.426012],[-49.607465,-27.426032],[-49.607454,-27.426042],[-49.607435,-27.426059],[-49.607406,-27.426085],[-49.60739,-27.426099],[-49.607366,-27.426121],[-49.607365,-27.426122],[-49.607347,-27.426138],[-49.607339,-27.426145],[-49.607326,-27.426157],[-49.607324,-27.426159],[-49.607321,-27.426161],[-49.607282,-27.426196],[-49.60794,-27.426203],[-49.608006,-27.426168],[-49.608088,-27.426166],[-49.60813739015161,-27.426165162878785],[-49.608147665634675,-27.426165266253868],[-49.608152,-27.426167],[-49.608188,-27.42618],[-49.608237,-27.426185],[-49.608271,-27.426189],[-49.608278,-27.426186],[-49.608289,-27.426181],[-49.608317,-27.426169],[-49.60832,-27.426167],[-49.608347,-27.426155],[-49.6084,-27.426149],[-49.60845,-27.426133],[-49.60845366579635,-27.426132083550915],[-49.608454269096015,-27.42613208969867],[-49.608457,-27.426133],[-49.608463,-27.426135],[-49.608836,-27.426139],[-49.608836,-27.426137],[-49.608838,-27.426136],[-49.608879,-27.426114],[-49.608978,-27.426101]]],[[[-49.60733,-27.404875],[-49.60731,-27.404906],[-49.607293,-27.40496],[-49.607256,-27.405126],[-49.607254,-27.405135],[-49.607258,-27.405158],[-49.610562,-27.405191],[-49.610561,-27.405168],[-49.61056,-27.405159],[-49.610565,-27.404992],[-49.610556,-27.404938],[-49.61055,-27.404907],[-49.610549,-27.404901],[-49.607339,-27.404869],[-49.60733,-27.404875]]],[[[-49.60878,-27.403187],[-49.608441,-27.402601],[-49.608335,-27.402418],[-49.608274,-27.402384],[-49.608219,-27.402417],[-49.607921,-27.402595],[-49.608279,-27.403182],[-49.608354,-27.40332],[-49.608356,-27.403324],[-49.608862,-27.403329],[-49.60886,-27.403325],[-49.60878,-27.403187]]],[[[-49.608986,-27.403158],[-49.608987,-27.403169],[-49.608992,-27.403177],[-49.608997,-27.403185],[-49.609022,-27.403196],[-49.609026,-27.403196],[-49.60904,-27.403186],[-49.609051,-27.403178],[-49.609054,-27.40317],[-49.609058,-27.403159],[-49.609078,-27.403144],[-49.608984,-27.403143],[-49.608986,-27.403158]]],[[[-49.609003,-27.4017],[-49.608874,-27.401584],[-49.608807,-27.401523],[-49.608744,-27.401423],[-49.608759,-27.401402],[-49.608804,-27.401377],[-49.607392,-27.401363],[-49.607415,-27.401388],[-49.607435,-27.40141],[-49.607526,-27.401511],[-49.60758,-27.401571],[-49.607666,-27.401687],[-49.607681,-27.401714],[-49.607758,-27.40185],[-49.607781,-27.401884],[-49.607808,-27.401924],[-49.609212,-27.401938],[-49.609183,-27.401898],[-49.609153,-27.401864],[-49.609034,-27.401728],[-49.609003,-27.4017]]],[[[-49.608804,-27.401377],[-49.608819,-27.401369],[-49.608825,-27.40136],[-49.60883,-27.401352],[-49.608834,-27.401346],[-49.60882,-27.401352],[-49.608804,-27.401359],[-49.608753,-27.401368],[-49.608707,-27.401376],[-49.608804,-27.401377]]],[[[-49.607937,-27.426205],[-49.60794,-27.426203],[-49.607806,-27.426202],[-49.60782,-27.426204],[-49.607846,-27.426208],[-49.607937,-27.426205]]],[[[-49.608018,-27.425915],[-49.608274,-27.425917],[-49.608123,-27.42591],[-49.608018,-27.425915]]],[[[-49.608287,-27.401929],[-49.607808,-27.401924],[-49.607821,-27.401944],[-49.607831,-27.401959],[-49.607855,-27.401983],[-49.607886,-27.402014],[-49.607915,-27.402043],[-49.607916,-27.402044],[-49.607981,-27.402123],[-49.608025,-27.402177],[-49.608026,-27.402178],[-49.608027,-27.402178],[-49.608048,-27.402184],[-49.608064,-27.402178],[-49.608065,-27.402178],[-49.608067,-27.402177],[-49.608103,-27.402125],[-49.608179,-27.402047],[-49.608179,-27.402046],[-49.60819,-27.402017],[-49.608175,-27.401986],[-49.6082,-27.401963],[-49.608217,-27.401948],[-49.608287,-27.401929]]],[[[-49.608643,-27.40135],[-49.608552,-27.401255],[-49.608509,-27.401181],[-49.608478,-27.401126],[-49.608459,-27.401078],[-49.608394,-27.401044],[-49.608273,-27.400935],[-49.608249,-27.400913],[-49.608095,-27.400757],[-49.607992,-27.400611],[-49.607839,-27.400493],[-49.60778,-27.40043],[-49.607774,-27.400423],[-49.607704,-27.400382],[-49.607627,-27.400303],[-49.607564,-27.400268],[-49.607468,-27.400191],[-49.60742,-27.400151],[-49.607344,-27.400086],[-49.607243,-27.399999],[-49.607165,-27.399931],[-49.60711,-27.399884],[-49.607093,-27.39987],[-49.60707,-27.399849],[-49.607058,-27.399839],[-49.60705,-27.39983],[-49.607005,-27.399776],[-49.606996,-27.399766],[-49.606971,-27.39973],[-49.606934,-27.399676],[-49.606835,-27.39958],[-49.606805,-27.399539],[-49.606726,-27.399429],[-49.606723,-27.399427],[-49.606618,-27.399339],[-49.606571,-27.399299],[-49.606515,-27.399242],[-49.606495,-27.399211],[-49.60639,-27.399047],[-49.606305,-27.398914],[-49.60627,-27.398861],[-49.606243,-27.398829],[-49.606225,-27.398808],[-49.606111,-27.398696],[-49.606066,-27.398643],[-49.606015,-27.398583],[-49.605958,-27.398538],[-49.605921,-27.39851],[-49.60592,-27.398509],[-49.605827,-27.398452],[-49.605722,-27.398352],[-49.605677,-27.398309],[-49.605667,-27.398291],[-49.605587,-27.398235],[-49.605542,-27.398191],[-49.605531,-27.398169],[-49.60553,-27.398107],[-49.605537,-27.398091],[-49.60555,-27.398083],[-49.60562,-27.398061],[-49.6057568678472,-27.3980534486705],[-49.605772456357144,-27.398053608682215],[-49.605863,-27.398061],[-49.605868,-27.398063],[-49.605903,-27.398081],[-49.605906,-27.398064],[-49.605907,-27.398062],[-49.605908,-27.398055],[-49.605916,-27.398015],[-49.605919,-27.398005],[-49.605921,-27.397991],[-49.605885,-27.398004],[-49.60585845780503,-27.398014427290885],[-49.605853252924796,-27.398014375487467],[-49.605851,-27.398014],[-49.604007,-27.397996],[-49.604057,-27.398036],[-49.604069,-27.398045],[-49.604098,-27.398068],[-49.604109,-27.398077],[-49.604129,-27.398093],[-49.604207,-27.398156],[-49.604235,-27.398178],[-49.60429,-27.398222],[-49.604361,-27.398278],[-49.604383,-27.398296],[-49.604437,-27.398339],[-49.604588,-27.39844],[-49.604674,-27.398497],[-49.60467501998532,-27.39849700982329],[-49.604734,-27.398526],[-49.604792,-27.398571],[-49.604869,-27.398631],[-49.604922,-27.398685],[-49.605032,-27.398796],[-49.605053,-27.398817],[-49.60508,-27.398849],[-49.605127,-27.398903],[-49.605196,-27.399035],[-49.605315,-27.399199],[-49.605343,-27.39923],[-49.605396,-27.399287],[-49.605432,-27.399327],[-49.605485,-27.399414],[-49.605487,-27.399417],[-49.605569,-27.399527],[-49.60559,-27.399568],[-49.60564,-27.399663],[-49.605667,-27.399717],[-49.605692,-27.399753],[-49.6057,-27.399763],[-49.605775,-27.399817],[-49.605808,-27.399827],[-49.60584,-27.399837],[-49.606031,-27.399859],[-49.606082,-27.399873],[-49.606163,-27.399921],[-49.606235,-27.399989],[-49.606305,-27.400076],[-49.606338,-27.40014],[-49.606357,-27.40018],[-49.606412,-27.400257],[-49.606436,-27.400291],[-49.606492,-27.40037],[-49.606521,-27.400411],[-49.606525,-27.400417],[-49.606582,-27.40048],[-49.606687,-27.400598],[-49.606818,-27.400744],[-49.606957,-27.4009],[-49.606977,-27.400922],[-49.607083,-27.401031],[-49.607116,-27.401064],[-49.607163,-27.401113],[-49.607217,-27.401168],[-49.607284,-27.401243],[-49.607369,-27.401338],[-49.607386,-27.401356],[-49.607392,-27.401363],[-49.608707,-27.401376],[-49.608676,-27.401369],[-49.608643,-27.40135]]],[[[-49.60735,-27.428859],[-49.607357,-27.428799],[-49.607375,-27.428661],[-49.607379,-27.428647],[-49.607394,-27.428601],[-49.607406,-27.428529],[-49.607407,-27.42852],[-49.607416,-27.428493],[-49.607438,-27.428425],[-49.607451,-27.428382],[-49.607468,-27.428331],[-49.607469,-27.428329],[-49.607489,-27.428295],[-49.607492,-27.42829],[-49.607583,-27.428132],[-49.607602,-27.428112],[-49.607623,-27.428089],[-49.60763,-27.428085],[-49.607667,-27.428062],[-49.607707,-27.428054],[-49.607827,-27.42805],[-49.607407,-27.428045],[-49.607407,-27.428051],[-49.607407,-27.42806],[-49.607407,-27.428083],[-49.607405,-27.428087],[-49.607397,-27.42811],[-49.607385,-27.42813],[-49.607294,-27.428288],[-49.607291,-27.428293],[-49.607279,-27.428313],[-49.607301,-27.428293],[-49.607306844311374,-27.42828812974052],[-49.60730772068231,-27.42828813859275],[-49.607333,-27.428293],[-49.607364,-27.428328],[-49.607364,-27.42833],[-49.607377,-27.428381],[-49.607357,-27.428424],[-49.607345,-27.428492],[-49.607331,-27.428519],[-49.607327,-27.428528],[-49.607304,-27.4286],[-49.60729,-27.428646],[-49.607287,-27.42866],[-49.607267,-27.428798],[-49.607264,-27.428859],[-49.607264,-27.428871],[-49.607273,-27.429],[-49.607273,-27.42901],[-49.607289,-27.429066],[-49.607308,-27.429137],[-49.607324,-27.429169],[-49.607341,-27.429278],[-49.607376,-27.429373],[-49.607377,-27.429373],[-49.607376,-27.429278],[-49.607375,-27.42917],[-49.607375,-27.429138],[-49.607375,-27.429067],[-49.60736,-27.429011],[-49.607357,-27.429001],[-49.60735,-27.428872],[-49.60735,-27.428859]],[[-49.607306592954984,-27.428288127201565],[-49.60730659295499,-27.428288127201565],[-49.607291,-27.428293],[-49.607306592954984,-27.428288127201565]]],[[[-49.607446,-27.412539],[-49.607395,-27.412539],[-49.607443,-27.412544],[-49.607446,-27.412539]]],[[[-49.607953,-27.412143],[-49.607972,-27.412109],[-49.607972,-27.412108],[-49.606838,-27.412097],[-49.606794,-27.412132],[-49.606763,-27.412161],[-49.606738,-27.412185],[-49.606673,-27.412246],[-49.606625,-27.412292],[-49.606597,-27.412318],[-49.606561,-27.412345],[-49.606515,-27.412381],[-49.606503,-27.41239],[-49.606435,-27.41245],[-49.606402,-27.412479],[-49.606347,-27.412528],[-49.607446,-27.412539],[-49.60748,-27.41249],[-49.607515,-27.412461],[-49.607618,-27.412401],[-49.607634,-27.412392],[-49.607746,-27.412357],[-49.607763,-27.41233],[-49.607779,-27.412303],[-49.607821,-27.412258],[-49.607895,-27.412196],[-49.607936,-27.412173],[-49.607953,-27.412143]]],[[[-49.607707,-27.405826],[-49.607568,-27.405824],[-49.607578,-27.405835],[-49.607611,-27.405849],[-49.607664,-27.405836],[-49.607707,-27.405826]]],[[[-49.607767,-27.405835],[-49.607792,-27.405827],[-49.607707,-27.405826],[-49.607767,-27.405835]]],[[[-49.607266,-27.405477],[-49.60738,-27.405478],[-49.607317,-27.405467],[-49.607266,-27.405477]]],[[[-49.60732,-27.405253],[-49.607337,-27.405242],[-49.607401,-27.405205],[-49.607457,-27.405171],[-49.607467,-27.405169],[-49.607505,-27.405161],[-49.607258,-27.405158],[-49.60726,-27.405167],[-49.60726,-27.405169],[-49.607266,-27.405203],[-49.607298,-27.405242],[-49.60732,-27.405253]]],[[[-49.607408,-27.404855],[-49.607359,-27.404854],[-49.607348,-27.404863],[-49.607339,-27.404869],[-49.607487,-27.40487],[-49.607452,-27.404864],[-49.607408,-27.404855]]],[[[-49.606179,-27.414612],[-49.606211,-27.41457],[-49.606221,-27.414562],[-49.606236,-27.41455],[-49.606277,-27.414539],[-49.60632,-27.414528],[-49.606333,-27.414519],[-49.606352,-27.414507],[-49.606361,-27.414482],[-49.606372,-27.414453],[-49.606398,-27.414383],[-49.606407,-27.414367],[-49.606466,-27.414269],[-49.606492,-27.414209],[-49.606502,-27.414186],[-49.606511,-27.414132],[-49.606504,-27.414081],[-49.606499,-27.414035],[-49.60649,-27.414023],[-49.606548,-27.413947],[-49.605685,-27.413938],[-49.605693,-27.414015],[-49.60569,-27.414027],[-49.605677,-27.414073],[-49.605648,-27.414123],[-49.605618,-27.414177],[-49.605605,-27.4142],[-49.605582,-27.41426],[-49.605544,-27.414359],[-49.605541,-27.414374],[-49.605529,-27.414444],[-49.605541,-27.414474],[-49.605528,-27.414499],[-49.605522,-27.414511],[-49.605514,-27.41452],[-49.605504,-27.414531],[-49.605483,-27.414542],[-49.60546,-27.414555],[-49.605451,-27.414562],[-49.605401,-27.414604],[-49.605396,-27.414608],[-49.605347,-27.414624],[-49.605301,-27.414654],[-49.605267,-27.414688],[-49.605217,-27.414738],[-49.605177,-27.414777],[-49.60514,-27.414814],[-49.60511,-27.414853],[-49.604994,-27.414948],[-49.604948,-27.41497],[-49.604922,-27.414982],[-49.604896,-27.415009],[-49.604888,-27.415029],[-49.60486,-27.415043],[-49.604831,-27.415068],[-49.604809,-27.415086],[-49.604778,-27.415093],[-49.604741,-27.415101],[-49.604718,-27.415115],[-49.604659,-27.41517],[-49.604642,-27.415186],[-49.604634,-27.415194],[-49.604618,-27.415209],[-49.604593,-27.41521],[-49.604549,-27.415232],[-49.604534,-27.415252],[-49.604497,-27.4153],[-49.604438,-27.415353],[-49.604437,-27.415354],[-49.6055,-27.415364],[-49.605568,-27.415311],[-49.605631,-27.415263],[-49.605666,-27.415243],[-49.605705,-27.415221],[-49.605707,-27.41522],[-49.605734,-27.415205],[-49.605773,-27.415197],[-49.605806,-27.415182],[-49.605855,-27.415126],[-49.605868,-27.415112],[-49.605875,-27.415104],[-49.60589,-27.415097],[-49.605927,-27.415079],[-49.605956,-27.415054],[-49.605973,-27.41504],[-49.605997,-27.41502],[-49.606029,-27.414993],[-49.606044,-27.414981],[-49.606062,-27.414959],[-49.606136,-27.414864],[-49.606166,-27.414824],[-49.606195,-27.414787],[-49.606165,-27.414747],[-49.60615,-27.414697],[-49.606162,-27.414663],[-49.606172,-27.414633],[-49.606177,-27.414616],[-49.606179,-27.414612]]],[[[-49.606664,-27.413643],[-49.606658,-27.413592],[-49.606654,-27.413545],[-49.606648,-27.413488],[-49.606645,-27.41346],[-49.606649,-27.413429],[-49.606676,-27.41324],[-49.606681,-27.413218],[-49.606712,-27.413082],[-49.606762,-27.412979],[-49.606812,-27.412916],[-49.606859,-27.412857],[-49.606863,-27.41285],[-49.606894,-27.412795],[-49.606921,-27.412746],[-49.607007,-27.412675],[-49.607039,-27.412648],[-49.607146,-27.412613],[-49.60719,-27.412599],[-49.607258,-27.412589],[-49.607342,-27.412548],[-49.607395,-27.412539],[-49.606347,-27.412528],[-49.606337,-27.412537],[-49.60629,-27.412579],[-49.606278,-27.41259],[-49.606261,-27.412604],[-49.60621,-27.41264],[-49.60617,-27.412666],[-49.606102,-27.412738],[-49.606056,-27.412787],[-49.60602,-27.412841],[-49.606016,-27.412848],[-49.605984,-27.412908],[-49.60596,-27.412971],[-49.605921,-27.413074],[-49.605834,-27.41321],[-49.605824,-27.413231],[-49.605739,-27.41342],[-49.605732,-27.413451],[-49.605726,-27.413478],[-49.605693,-27.413535],[-49.605687,-27.413582],[-49.605732,-27.413634],[-49.605737,-27.413655],[-49.605742,-27.413672],[-49.605739,-27.413718],[-49.605726,-27.413743],[-49.60571,-27.413805],[-49.605691,-27.41388],[-49.605686,-27.413929],[-49.605685,-27.413938],[-49.606549,-27.413947],[-49.606597,-27.413938],[-49.606583,-27.413889],[-49.606593,-27.413814],[-49.606623,-27.413752],[-49.606635,-27.413727],[-49.606657,-27.413682],[-49.606666,-27.413664],[-49.606664,-27.413643]]],[[[-49.606107,-27.40576],[-49.60619,-27.405731],[-49.606003,-27.405729],[-49.606031,-27.40576],[-49.606036,-27.405761],[-49.606052,-27.405766],[-49.606058,-27.405768],[-49.60607,-27.405766],[-49.606103,-27.405762],[-49.606107,-27.40576]]],[[[-49.605891,-27.405523],[-49.60586,-27.405513],[-49.605823,-27.405502],[-49.605685,-27.405484],[-49.605622,-27.405476],[-49.605506,-27.405482],[-49.605682,-27.4055],[-49.605799,-27.405512],[-49.605826,-27.405522],[-49.60588,-27.405541],[-49.605884,-27.405543],[-49.605917,-27.405566],[-49.605923,-27.405573],[-49.605943,-27.405596],[-49.605985,-27.405702],[-49.605989,-27.405714],[-49.605999,-27.405724],[-49.606001,-27.405726],[-49.606003,-27.405729],[-49.606081,-27.405729],[-49.606067,-27.405727],[-49.606054,-27.405724],[-49.60604,-27.405714],[-49.606025,-27.405703],[-49.605971,-27.405596],[-49.605959,-27.405573],[-49.605952,-27.405567],[-49.60593,-27.405544],[-49.605925,-27.405541],[-49.605891,-27.405523]]],[[[-49.605499,-27.39801],[-49.605851,-27.398014],[-49.605787,-27.398008],[-49.605499,-27.39801]]],[[[-49.604552,-27.392108],[-49.604489,-27.392134],[-49.604464555555545,-27.39214377777778],[-49.60446027737231,-27.39214373722628],[-49.604294,-27.392132],[-49.604255,-27.392093],[-49.604196,-27.392035],[-49.604138,-27.391978],[-49.604107,-27.391977],[-49.604085,-27.392034],[-49.604087,-27.392091],[-49.604071,-27.392129],[-49.604066,-27.39214],[-49.604065,-27.392142],[-49.604062,-27.39215],[-49.60402,-27.392312],[-49.604011,-27.392372],[-49.604,-27.392443],[-49.603963,-27.392551],[-49.603961,-27.392594],[-49.603912,-27.39274],[-49.603906,-27.392767],[-49.603896,-27.392813],[-49.603861,-27.392856],[-49.603782,-27.392901],[-49.60374024553093,-27.392912387582474],[-49.60373184886666,-27.392912303645282],[-49.603685,-27.392907],[-49.603659,-27.392879],[-49.603654,-27.392873],[-49.603657,-27.392844],[-49.603663,-27.392793],[-49.599709,-27.392753],[-49.599648,-27.392804],[-49.599563,-27.392832],[-49.599547,-27.392837],[-49.599507,-27.392865],[-49.5995,-27.39287],[-49.599439,-27.392913],[-49.599413,-27.392919],[-49.605181,-27.392976],[-49.605184,-27.39297],[-49.605202,-27.392927],[-49.605207,-27.392916],[-49.605227,-27.392869],[-49.605246,-27.392826],[-49.605266,-27.392781],[-49.605276,-27.392754],[-49.605329,-27.392608],[-49.605345,-27.392565],[-49.605385,-27.392457],[-49.605411,-27.392386],[-49.605445,-27.392326],[-49.605537,-27.392165],[-49.605541,-27.392156],[-49.605543,-27.392154],[-49.605553,-27.392144],[-49.605577,-27.392119],[-49.605574,-27.392107],[-49.605584,-27.39208],[-49.60565,-27.391945],[-49.605761,-27.391731],[-49.605824,-27.391627],[-49.605762,-27.391624],[-49.605757,-27.391626],[-49.605501,-27.391728],[-49.604976,-27.391938],[-49.604646,-27.392071],[-49.60458,-27.392097],[-49.604552,-27.392108]]],[[[-49.605369,-27.415463],[-49.605426,-27.41541],[-49.605499,-27.415364],[-49.604437,-27.415354],[-49.604376,-27.4154],[-49.604305,-27.415453],[-49.604248,-27.415479],[-49.604197,-27.415504],[-49.604146,-27.415535],[-49.604113,-27.415567],[-49.604077,-27.415601],[-49.604058,-27.415621],[-49.603972,-27.415703],[-49.603937,-27.415728],[-49.603911,-27.415747],[-49.60385,-27.415769],[-49.603804,-27.415801],[-49.603775,-27.415823],[-49.603734,-27.415844],[-49.603708,-27.415858],[-49.603675,-27.415876],[-49.603666,-27.41588],[-49.603643,-27.415902],[-49.603617,-27.415927],[-49.603531,-27.416008],[-49.603514,-27.416025],[-49.603485,-27.416035],[-49.603391,-27.416069],[-49.603314,-27.416118],[-49.603295,-27.41613],[-49.603219,-27.416157],[-49.603207,-27.416161],[-49.603182,-27.416185],[-49.603157,-27.416209],[-49.603155,-27.416211],[-49.603059,-27.41624],[-49.603024,-27.416263],[-49.602998,-27.416281],[-49.602976,-27.416306],[-49.602912,-27.416379],[-49.6029,-27.416392],[-49.602882,-27.416422],[-49.60282,-27.416522],[-49.602807,-27.416544],[-49.602758,-27.416588],[-49.602658,-27.416679],[-49.602651,-27.416693],[-49.602636,-27.41672],[-49.60261,-27.416747],[-49.602532,-27.41679],[-49.602458,-27.41685],[-49.602448,-27.416857],[-49.602419,-27.416907],[-49.602415,-27.416911],[-49.602389,-27.416937],[-49.60235,-27.417015],[-49.602325,-27.417042],[-49.602295,-27.417099],[-49.602291,-27.41715],[-49.602282,-27.417172],[-49.602199,-27.417298],[-49.602177,-27.417354],[-49.602143,-27.417443],[-49.602131,-27.417527],[-49.602113,-27.417581],[-49.602123,-27.417663],[-49.602131,-27.417723],[-49.602134,-27.417744],[-49.602165,-27.417798],[-49.602182,-27.417828],[-49.602182,-27.417883],[-49.602173,-27.417988],[-49.602159,-27.41815],[-49.602154,-27.418177],[-49.60214,-27.418258],[-49.60213,-27.418319],[-49.602116,-27.418398],[-49.602098,-27.418502],[-49.602097,-27.41851],[-49.602092,-27.418556],[-49.602079,-27.418668],[-49.602068,-27.418768],[-49.602062,-27.418826],[-49.602041,-27.419016],[-49.602033,-27.419083],[-49.60202,-27.419205],[-49.602002,-27.419313],[-49.601992,-27.419367],[-49.601986,-27.419403],[-49.601987,-27.419449],[-49.602054,-27.419552],[-49.602096,-27.419652],[-49.602075,-27.419697],[-49.602072,-27.419712],[-49.602064,-27.419747],[-49.602078,-27.41986],[-49.602072,-27.419902],[-49.602056,-27.420018],[-49.60206,-27.420054],[-49.602069,-27.420148],[-49.602026,-27.420308],[-49.602021,-27.420451],[-49.602031,-27.420671],[-49.602011,-27.420748],[-49.602008,-27.420767],[-49.602002,-27.420812],[-49.602005,-27.420857],[-49.601982,-27.420965],[-49.60199,-27.420996],[-49.602036,-27.421182],[-49.602019,-27.421236],[-49.601952,-27.421452],[-49.601916,-27.421641],[-49.601902,-27.421718],[-49.601886,-27.421752],[-49.601889,-27.421776],[-49.601937,-27.421881],[-49.601945,-27.421923],[-49.601885,-27.422017],[-49.60187,-27.42208],[-49.601866,-27.422097],[-49.601872,-27.422128],[-49.60187,-27.42214],[-49.601863,-27.422182],[-49.601851,-27.42225],[-49.601849,-27.422263],[-49.60188,-27.422341],[-49.60188,-27.422345],[-49.601885,-27.422386],[-49.601874,-27.422465],[-49.601863,-27.422553],[-49.601852,-27.422579],[-49.601847,-27.422592],[-49.601802,-27.422642],[-49.601779,-27.422687],[-49.601776,-27.422696],[-49.60175,-27.422777],[-49.601735,-27.422858],[-49.601731,-27.422882],[-49.601734,-27.42289],[-49.601743,-27.422912],[-49.601727,-27.422959],[-49.601737,-27.422989],[-49.601748,-27.423025],[-49.601748,-27.423029],[-49.601753,-27.423096],[-49.601758,-27.423156],[-49.601715,-27.423237],[-49.601689,-27.423299],[-49.601672,-27.423341],[-49.601651,-27.423426],[-49.601599,-27.423504],[-49.601592,-27.423588],[-49.601565,-27.423644],[-49.601565,-27.423649],[-49.601566,-27.423675],[-49.60155,-27.423723],[-49.601565,-27.423727],[-49.6016,-27.423793],[-49.601592,-27.423885],[-49.601571,-27.423943],[-49.601552,-27.424048],[-49.601557,-27.424054],[-49.601526,-27.424074],[-49.601514,-27.424082],[-49.601485,-27.424128],[-49.60148,-27.424236],[-49.601473,-27.424263],[-49.601451,-27.424348],[-49.601431,-27.424427],[-49.60142,-27.424468],[-49.601417,-27.424479],[-49.601392,-27.424515],[-49.601367,-27.424548],[-49.60135,-27.424558],[-49.601346,-27.42456],[-49.601346,-27.424560360824742],[-49.601311,-27.42456],[-49.601311,-27.424561],[-49.601307,-27.424565],[-49.602601,-27.424578],[-49.602574,-27.424573],[-49.602569800498756,-27.42457296009975],[-49.602555,-27.42457],[-49.602526,-27.42456],[-49.602426,-27.424525],[-49.602292,-27.424488],[-49.602249,-27.424476],[-49.602188,-27.424434],[-49.602156,-27.424355],[-49.602153,-27.42427],[-49.602155,-27.424243],[-49.602162,-27.424135],[-49.602165,-27.424089],[-49.602165,-27.424081],[-49.60217,-27.42406],[-49.602171,-27.424054],[-49.602194,-27.42395],[-49.602206,-27.423892],[-49.602235,-27.423799],[-49.602255,-27.423734],[-49.602256,-27.42373],[-49.602271,-27.423683],[-49.60228,-27.423656],[-49.602281,-27.423651],[-49.602293,-27.423595],[-49.602312,-27.423511],[-49.60233,-27.423433],[-49.60235,-27.423348],[-49.602359,-27.423306],[-49.602369,-27.423243],[-49.602383,-27.423162],[-49.602393,-27.423102],[-49.602397,-27.423036],[-49.602396,-27.423031],[-49.602388,-27.422996],[-49.602391,-27.422966],[-49.602397,-27.422919],[-49.6024,-27.422896],[-49.602403,-27.422889],[-49.602414,-27.422865],[-49.602432,-27.422784],[-49.60245,-27.422703],[-49.602454,-27.422694],[-49.602475,-27.422649],[-49.602499,-27.422599],[-49.602505,-27.422586],[-49.602514,-27.422559],[-49.602543,-27.422472],[-49.602561,-27.422392],[-49.60257,-27.422352],[-49.60257,-27.422348],[-49.602569,-27.422271],[-49.602569,-27.422257],[-49.60255,-27.422189],[-49.60256,-27.422147],[-49.602559,-27.422135],[-49.602555,-27.422104],[-49.602553,-27.422087],[-49.602564,-27.422023],[-49.602582,-27.421929],[-49.60259,-27.421888],[-49.602609,-27.421783],[-49.602613,-27.42176],[-49.60262,-27.421725],[-49.602634,-27.421648],[-49.602651,-27.421459],[-49.602671,-27.421243],[-49.60267,-27.421188],[-49.602668,-27.421003],[-49.602666,-27.420972],[-49.602659,-27.420863],[-49.602656,-27.420818],[-49.602653,-27.420774],[-49.602653,-27.420755],[-49.602653,-27.420678],[-49.602654,-27.420457],[-49.602648,-27.420314],[-49.602641,-27.420154],[-49.602637,-27.42006],[-49.60264,-27.420024],[-49.602652,-27.419908],[-49.60266,-27.419865],[-49.60268,-27.419753],[-49.602687,-27.419718],[-49.602688,-27.419703],[-49.602691,-27.419658],[-49.602699,-27.419558],[-49.602706,-27.419457],[-49.602709,-27.41941],[-49.602712,-27.419374],[-49.60273,-27.41932],[-49.602705,-27.419212],[-49.602721,-27.41909],[-49.602721,-27.419022],[-49.602746,-27.418833],[-49.60277,-27.418775],[-49.602773,-27.418675],[-49.602748,-27.418562],[-49.602747,-27.418517],[-49.602747,-27.418508],[-49.602766,-27.418404],[-49.602799,-27.418326],[-49.60284,-27.418265],[-49.602909,-27.418185],[-49.602909,-27.418158],[-49.602912,-27.417995],[-49.602901,-27.41789],[-49.602895,-27.417835],[-49.602892,-27.417806],[-49.602893,-27.417751],[-49.602894,-27.417731],[-49.602909,-27.41767],[-49.60294,-27.417589],[-49.602961,-27.417536],[-49.603004,-27.417452],[-49.60305,-27.417363],[-49.603086,-27.417306],[-49.603167,-27.417181],[-49.603181,-27.417159],[-49.603213,-27.417109],[-49.60325,-27.417051],[-49.603267,-27.417024],[-49.603316,-27.416947],[-49.603333,-27.41692],[-49.603336,-27.416916],[-49.603374,-27.416867],[-49.60338,-27.416859],[-49.603411,-27.416799],[-49.603434,-27.416755],[-49.603457,-27.416728],[-49.603481,-27.416701],[-49.603499,-27.416688],[-49.603619,-27.416597],[-49.603706,-27.416553],[-49.603749,-27.416531],[-49.603841,-27.416431],[-49.603881,-27.416402],[-49.603898,-27.416388],[-49.604029,-27.416316],[-49.604059,-27.416292],[-49.604082,-27.416274],[-49.604124,-27.416251],[-49.604178,-27.416221],[-49.604181,-27.416219],[-49.604208,-27.416195],[-49.604222,-27.416171],[-49.604225,-27.416167],[-49.604256,-27.41614],[-49.60427,-27.416128],[-49.604357,-27.416079],[-49.604418,-27.416045],[-49.604456,-27.416034],[-49.604514,-27.416018],[-49.604637,-27.415937],[-49.604716,-27.415913],[-49.604704,-27.415891],[-49.604702,-27.415886],[-49.604678,-27.415868],[-49.604679,-27.415854],[-49.6047,-27.415832],[-49.60472,-27.41581],[-49.604767,-27.415778],[-49.604799,-27.415756],[-49.604826,-27.415736],[-49.604869,-27.415712],[-49.605011,-27.41563],[-49.60506430201601,-27.41561124558696],[-49.60507858706837,-27.41561139382807],[-49.605134,-27.415613],[-49.605137,-27.415612],[-49.605218,-27.415578],[-49.605262,-27.415546],[-49.605306,-27.415515],[-49.60534,-27.41549],[-49.605369,-27.415463]]],[[[-49.605196,-27.397859],[-49.605182,-27.397844],[-49.60514,-27.397795],[-49.605129,-27.397775],[-49.605123,-27.397762],[-49.605125,-27.397735],[-49.605117,-27.397721],[-49.605114,-27.397717],[-49.605061,-27.397653],[-49.604978,-27.397553],[-49.604967,-27.397544],[-49.604871,-27.397462],[-49.604839,-27.397434],[-49.604808,-27.397429],[-49.604735,-27.397374],[-49.604719,-27.397325],[-49.604699,-27.397315],[-49.60469,-27.397305],[-49.604605,-27.397215],[-49.604536,-27.397133],[-49.60449,-27.397056],[-49.604487,-27.397052],[-49.60436,-27.396921],[-49.604208,-27.396697],[-49.604124,-27.396591],[-49.604059,-27.396486],[-49.604054,-27.396479],[-49.604018,-27.396379],[-49.604004,-27.396314],[-49.604003,-27.396309],[-49.604012,-27.396159],[-49.60402,-27.396113],[-49.604027,-27.39607],[-49.604036,-27.396021],[-49.604034,-27.395991],[-49.604031,-27.395941],[-49.604048,-27.395912],[-49.604082,-27.395856],[-49.604092,-27.395802],[-49.604103,-27.395745],[-49.604101,-27.395721],[-49.604067,-27.395685],[-49.604068,-27.395662],[-49.604068,-27.395642],[-49.604087,-27.395612],[-49.604089,-27.395585],[-49.604124,-27.395518],[-49.604137,-27.395494],[-49.604237,-27.395452],[-49.604244,-27.395447],[-49.604257,-27.39544],[-49.60427,-27.39542],[-49.604275,-27.395391],[-49.604268,-27.395343],[-49.604267,-27.395339],[-49.604242,-27.395279],[-49.604243,-27.395262],[-49.604246,-27.395228],[-49.60425,-27.395181],[-49.604254,-27.395131],[-49.604255,-27.395127],[-49.604263,-27.395096],[-49.60431,-27.394996],[-49.604347,-27.394942],[-49.604424,-27.394858],[-49.60445,-27.394803],[-49.604468,-27.394765],[-49.604535,-27.394699],[-49.604559,-27.394687],[-49.604574,-27.394669],[-49.604598,-27.394641],[-49.604643,-27.394618],[-49.604693,-27.394567],[-49.604701,-27.394535],[-49.604731,-27.394503],[-49.604731,-27.394454],[-49.60475473789174,-27.394428283950617],[-49.60475732616939,-27.39442831015592],[-49.60477,-27.39443],[-49.604773,-27.394431],[-49.604816,-27.394437],[-49.604831,-27.39445],[-49.604854,-27.394471],[-49.60486,-27.394485],[-49.60488,-27.394537],[-49.604883,-27.39456],[-49.604887,-27.394588],[-49.604911,-27.394642],[-49.604928,-27.394663],[-49.604934,-27.39467],[-49.604947,-27.394678],[-49.604964,-27.394687],[-49.605015,-27.394678],[-49.605028,-27.394671],[-49.60504,-27.394664],[-49.605052,-27.394643],[-49.605082,-27.39459],[-49.605098,-27.394562],[-49.605103,-27.394539],[-49.605113,-27.394487],[-49.605107,-27.394473],[-49.605099,-27.394453],[-49.605075,-27.39444],[-49.605064,-27.394434],[-49.605025,-27.394433],[-49.605023,-27.394431],[-49.604968,-27.394364],[-49.604955,-27.394333],[-49.604953,-27.39432],[-49.604935,-27.394213],[-49.604902,-27.394142],[-49.604933,-27.394069],[-49.604939,-27.394043],[-49.604958,-27.393965],[-49.604958,-27.393936],[-49.604958,-27.393933],[-49.604949,-27.393915],[-49.604935,-27.393888],[-49.604935,-27.393885],[-49.604934,-27.393864],[-49.60494,-27.393834],[-49.604951,-27.39378],[-49.604967,-27.393698],[-49.604972,-27.39367],[-49.604977,-27.393646],[-49.604987,-27.393613],[-49.60501,-27.393536],[-49.605043,-27.393428],[-49.605073,-27.393328],[-49.60509,-27.393273],[-49.605095,-27.393257],[-49.605102,-27.393235],[-49.605105,-27.393223],[-49.605115,-27.393192],[-49.605119,-27.393179],[-49.605126,-27.393155],[-49.605129,-27.393147],[-49.605135,-27.393125],[-49.605147,-27.393088],[-49.605155,-27.393061],[-49.605172,-27.393003],[-49.60518,-27.392978],[-49.605181,-27.392976],[-49.603044,-27.392955],[-49.603052,-27.392956],[-49.6032,-27.392984],[-49.603342,-27.393042],[-49.603381,-27.393071],[-49.603467,-27.393108],[-49.603568,-27.393132],[-49.603649,-27.39314],[-49.603724,-27.393165],[-49.603891,-27.393179],[-49.604068,-27.393213],[-49.604107,-27.393225],[-49.604143,-27.393247],[-49.604155,-27.393264],[-49.60416,-27.393319],[-49.604106,-27.393419],[-49.604065,-27.393527],[-49.604015,-27.393604],[-49.603971,-27.393636],[-49.603939,-27.39366],[-49.603913,-27.393687],[-49.603903,-27.393769],[-49.603912,-27.393823],[-49.603911,-27.393853],[-49.603909,-27.393875],[-49.603908,-27.393877],[-49.603892,-27.393904],[-49.603872,-27.393922],[-49.603868,-27.393925],[-49.603855,-27.393954],[-49.603817,-27.394032],[-49.603813,-27.394058],[-49.603803,-27.394131],[-49.603793,-27.394201],[-49.603778,-27.394308],[-49.603774,-27.394321],[-49.603763,-27.394352],[-49.603739,-27.394418],[-49.60373,-27.394444],[-49.603713,-27.394493],[-49.603701,-27.394525],[-49.603692,-27.394556],[-49.603677,-27.394609],[-49.60367,-27.394631],[-49.603662,-27.39466],[-49.603654,-27.394678],[-49.603648,-27.39469],[-49.603616,-27.394757],[-49.603599,-27.394794],[-49.603578,-27.394849],[-49.603546,-27.394934],[-49.603526,-27.394988],[-49.603489,-27.395088],[-49.603477,-27.395119],[-49.603475,-27.395123],[-49.603451,-27.395173],[-49.603408,-27.39522],[-49.603419,-27.395254],[-49.603419,-27.39527],[-49.603422,-27.395331],[-49.603423,-27.395335],[-49.603436,-27.395383],[-49.603444,-27.395412],[-49.603449,-27.395432],[-49.603451,-27.395439],[-49.603451,-27.395444],[-49.603451,-27.395487],[-49.603452,-27.395511],[-49.603438,-27.395579],[-49.603433,-27.395606],[-49.603427,-27.395636],[-49.603423,-27.395656],[-49.603423,-27.395678],[-49.603422,-27.395714],[-49.603422,-27.395738],[-49.60342,-27.395795],[-49.603413,-27.395849],[-49.603406,-27.395905],[-49.6034,-27.395934],[-49.603389,-27.395985],[-49.603376,-27.396015],[-49.603353,-27.396064],[-49.603358,-27.396106],[-49.603352,-27.396152],[-49.603331,-27.396303],[-49.60333,-27.396307],[-49.603328,-27.396372],[-49.603325,-27.396471],[-49.603325,-27.396479],[-49.60334,-27.396583],[-49.603356,-27.396688],[-49.603389,-27.396911],[-49.603408,-27.397041],[-49.603409,-27.397045],[-49.603425,-27.397122],[-49.603442,-27.397204],[-49.603461,-27.397293],[-49.603464,-27.397302],[-49.603467,-27.397312],[-49.603484,-27.397362],[-49.603503,-27.397416],[-49.603505,-27.397421],[-49.603514,-27.397448],[-49.603557,-27.39753],[-49.603563,-27.397538],[-49.60363,-27.397639],[-49.603656,-27.397702],[-49.603656,-27.397706],[-49.603656,-27.39772],[-49.603655,-27.397747],[-49.603655,-27.39776],[-49.603648,-27.397781],[-49.603631,-27.397828],[-49.603623,-27.397843],[-49.603615,-27.397857],[-49.603609,-27.397868],[-49.603601,-27.397882],[-49.603635,-27.397868],[-49.603659,-27.397857],[-49.6037490064778,-27.397844281693352],[-49.60375532447199,-27.397844345957758],[-49.603776,-27.397846],[-49.603778,-27.397847],[-49.603838,-27.39787],[-49.603922,-27.397929],[-49.603939,-27.397941],[-49.603994,-27.397985],[-49.604007,-27.397996],[-49.605499,-27.39801],[-49.605438,-27.398],[-49.60532,-27.397955],[-49.605287,-27.397943],[-49.605222,-27.397884],[-49.605197,-27.397861],[-49.605196,-27.39786],[-49.605196,-27.397859]],[[-49.60474386297205,-27.39442817384629],[-49.60474386297211,-27.39442817384629],[-49.60373,-27.394444],[-49.60474386297205,-27.39442817384629]]],[[[-49.602601,-27.424578],[-49.604775,-27.4246],[-49.604789,-27.424596],[-49.604839,-27.424581],[-49.604849,-27.424578],[-49.604894,-27.424564],[-49.603034,-27.424546],[-49.602889,-27.424558],[-49.602768,-27.42456],[-49.602637,-27.424574],[-49.602601,-27.424578]]],[[[-49.603081,-27.424541],[-49.603034,-27.424546],[-49.60331,-27.424548],[-49.603081,-27.424541]]],[[[-49.60328,-27.424863],[-49.603425,-27.424853],[-49.603455,-27.424847],[-49.603493,-27.424838],[-49.603605,-27.424828],[-49.603819,-27.424779],[-49.603865,-27.424769],[-49.60189,-27.424749],[-49.601962,-27.42476],[-49.602059,-27.424813],[-49.60208,-27.424824],[-49.602097,-27.424833],[-49.602119,-27.42484],[-49.602152,-27.424851],[-49.602154,-27.424852],[-49.602166,-27.424856],[-49.602178,-27.42486],[-49.602237,-27.424867],[-49.602248,-27.424868],[-49.602258,-27.424867],[-49.602307,-27.424862],[-49.602339,-27.424858],[-49.60245562937923,-27.42485522311002],[-49.60246853829321,-27.424855361050327],[-49.602612,-27.42487],[-49.602666,-27.424881],[-49.602769,-27.424902],[-49.602824,-27.424913],[-49.602889,-27.424917],[-49.602931,-27.424915],[-49.603067,-27.424905],[-49.603189,-27.424886],[-49.603227,-27.424876],[-49.603277,-27.424864],[-49.60328,-27.424863]],[[-49.60244196094234,-27.424855077053707],[-49.602441960942464,-27.424855077053707],[-49.602166,-27.424856],[-49.60244196094234,-27.424855077053707]]],[[[-49.604775,-27.4246],[-49.601307,-27.424565],[-49.601295,-27.424579],[-49.6013,-27.424607],[-49.601313,-27.424682],[-49.601312,-27.4247],[-49.60131,-27.424737],[-49.60131,-27.424743],[-49.603865,-27.424769],[-49.603888,-27.424763],[-49.604162,-27.424728],[-49.604255,-27.424711],[-49.60464,-27.42464],[-49.604728,-27.424614],[-49.604775,-27.4246]]],[[[-49.601986,-27.393224],[-49.601989,-27.393271],[-49.601998,-27.393272],[-49.602032,-27.393278],[-49.602378,-27.393299],[-49.602429,-27.393302],[-49.602499,-27.393306],[-49.60257,-27.393303],[-49.602623,-27.393301],[-49.602634,-27.393284],[-49.602638,-27.393279],[-49.602638,-27.393277],[-49.602643,-27.393231],[-49.602644,-27.393219],[-49.602685,-27.393203],[-49.601915,-27.393196],[-49.601957,-27.393212],[-49.601986,-27.393224]]],[[[-49.603863,-27.391657],[-49.60388,-27.391571],[-49.603877,-27.391542],[-49.60387,-27.391534],[-49.603867,-27.391531],[-49.603806,-27.391507],[-49.603718,-27.391431],[-49.60364,-27.391386],[-49.603593,-27.391339],[-49.603406,-27.39115],[-49.603352,-27.391101],[-49.603258,-27.391015],[-49.603107,-27.390975],[-49.602996,-27.390915],[-49.602947,-27.390889],[-49.602861,-27.390853],[-49.60266,-27.390767],[-49.602476,-27.390689],[-49.601943,-27.39076],[-49.601436,-27.390838],[-49.601371,-27.390873],[-49.601324,-27.390898],[-49.601253,-27.390956],[-49.601205,-27.390995],[-49.601103,-27.391078],[-49.601105,-27.391127],[-49.60111,-27.391314],[-49.601098,-27.391361],[-49.601087,-27.391405],[-49.601069,-27.39148],[-49.601064,-27.391503],[-49.601063,-27.391506],[-49.601063,-27.391514],[-49.601064,-27.391543],[-49.601066,-27.391628],[-49.601068,-27.3917],[-49.601119,-27.391737],[-49.601231,-27.391821],[-49.601203,-27.391914],[-49.60115,-27.392091],[-49.601109,-27.392227],[-49.601104,-27.392244],[-49.601094,-27.392279],[-49.60376,-27.392306],[-49.603767,-27.392271],[-49.603771,-27.392254],[-49.603808,-27.392118],[-49.603816,-27.39194],[-49.603838,-27.391847],[-49.603858,-27.391765],[-49.603859,-27.391728],[-49.603863,-27.391657]]],[[[-49.601092,-27.438799],[-49.601102,-27.438807],[-49.601105,-27.438813],[-49.601112,-27.438827],[-49.601113,-27.438836],[-49.601113,-27.438838],[-49.601115,-27.438855],[-49.601129,-27.438868],[-49.601136,-27.43887],[-49.601137,-27.438868],[-49.601145,-27.438856],[-49.601156,-27.438839],[-49.601172,-27.438836],[-49.601173,-27.438827],[-49.601175,-27.438813],[-49.601189,-27.438808],[-49.601208,-27.4388],[-49.601202,-27.438794],[-49.601085,-27.438793],[-49.601092,-27.438799]]],[[[-49.60111,-27.438734],[-49.601105,-27.438704],[-49.601102,-27.438684],[-49.601089,-27.438664],[-49.601077,-27.438646],[-49.601046,-27.438622],[-49.6010449730821,-27.438621990578735],[-49.601025,-27.438615],[-49.600979,-27.438621],[-49.60104346511611,-27.438621976744184],[-49.601043000000004,-27.438621972477062],[-49.600827,-27.438619],[-49.600828,-27.43862],[-49.600879,-27.438644],[-49.600917,-27.438662],[-49.600939,-27.438682],[-49.600962,-27.438703],[-49.601014,-27.438733],[-49.601066,-27.438776],[-49.601085,-27.438793],[-49.601141,-27.438793],[-49.601117,-27.438777],[-49.60111,-27.438734]]],[[[-49.601294,-27.437581],[-49.601293,-27.437576],[-49.60127,-27.437518],[-49.601269,-27.437517],[-49.601247,-27.437482],[-49.60124,-27.437472],[-49.601197,-27.437425],[-49.601164,-27.437389],[-49.60108,-27.437333],[-49.601006,-27.437284],[-49.601006,-27.437262],[-49.601005,-27.437205],[-49.601061,-27.437184],[-49.601066,-27.437181],[-49.601095,-27.437162],[-49.601115,-27.437119],[-49.601153,-27.437042],[-49.601159,-27.437015],[-49.601158,-27.43701],[-49.601151,-27.436988],[-49.601148,-27.436976],[-49.601146,-27.436972],[-49.601143,-27.436962],[-49.601135,-27.436935],[-49.601135,-27.436933],[-49.601101,-27.436889],[-49.601098,-27.436886],[-49.601083,-27.436878],[-49.601033,-27.436852],[-49.601026,-27.436851],[-49.600969,-27.436845],[-49.600941,-27.43685],[-49.600937,-27.436851],[-49.600800332383095,-27.436874941772306],[-49.60079976841428,-27.436874935670634],[-49.600728,-27.436855],[-49.600704,-27.436832],[-49.600674,-27.436804],[-49.600668,-27.436792],[-49.600666,-27.436788],[-49.600672,-27.436743],[-49.600686,-27.436718],[-49.600705,-27.436685],[-49.600702,-27.436675],[-49.6007,-27.436669],[-49.600699,-27.436667],[-49.600698,-27.436664],[-49.600682,-27.43665],[-49.60064,-27.436641],[-49.600576,-27.436626],[-49.600517,-27.436639],[-49.600496,-27.436649],[-49.600467,-27.436662],[-49.600461,-27.436664],[-49.600432,-27.436666],[-49.60034643490056,-27.436671704339965],[-49.60034116330523,-27.436671655478627],[-49.600325,-27.436665],[-49.600303,-27.436641],[-49.600296,-27.436604],[-49.600322,-27.43644],[-49.600317,-27.436414],[-49.600334,-27.436384],[-49.600342,-27.436361],[-49.600371,-27.436276],[-49.600393,-27.436199],[-49.600417,-27.436114],[-49.600425,-27.436088],[-49.600433,-27.436059],[-49.600448,-27.436006],[-49.60047,-27.435956],[-49.600473,-27.435921],[-49.600475,-27.435898],[-49.600499,-27.435868],[-49.600518,-27.435817],[-49.600555,-27.435754],[-49.60057,-27.435709],[-49.600578,-27.435698],[-49.600591,-27.435683],[-49.600593,-27.435657],[-49.600584,-27.435628],[-49.600595,-27.435622],[-49.600619,-27.435572],[-49.60064,-27.435493],[-49.600679,-27.435412],[-49.600698,-27.435358],[-49.600743,-27.435227],[-49.600761,-27.435173],[-49.600772,-27.435119],[-49.600781,-27.435076],[-49.600797,-27.435041],[-49.600826,-27.43498],[-49.600854,-27.434872],[-49.600871,-27.434845],[-49.600887,-27.434819],[-49.600996,-27.43458],[-49.600997,-27.434579],[-49.601046,-27.43455],[-49.601093,-27.434543],[-49.601111,-27.434528],[-49.601103,-27.434414],[-49.601099,-27.434356],[-49.601127,-27.434244],[-49.60114,-27.434194],[-49.60115,-27.434142],[-49.601154,-27.434117],[-49.601157,-27.4341],[-49.601171,-27.434026],[-49.601181,-27.433973],[-49.601192,-27.433951],[-49.601218,-27.433901],[-49.601219,-27.43382],[-49.601219,-27.433793],[-49.601243,-27.433693],[-49.601251,-27.433658],[-49.601256,-27.433634],[-49.601281,-27.433604],[-49.601316,-27.433599],[-49.600596,-27.433591],[-49.600596,-27.433597],[-49.600596,-27.433628],[-49.600596,-27.433651],[-49.600581,-27.433687],[-49.600564,-27.433786],[-49.600559,-27.433813],[-49.600508,-27.433894],[-49.600496,-27.433944],[-49.600486,-27.433966],[-49.600463,-27.434019],[-49.600462,-27.434093],[-49.600455,-27.43411],[-49.600429,-27.434135],[-49.600414,-27.434186],[-49.6004,-27.434236],[-49.600399,-27.434349],[-49.600399,-27.434407],[-49.60038,-27.434521],[-49.600378,-27.434536],[-49.600376,-27.434543],[-49.600372,-27.434572],[-49.600371,-27.434574],[-49.600299,-27.434813],[-49.600291,-27.434839],[-49.600278,-27.434867],[-49.600231,-27.434974],[-49.600205,-27.435035],[-49.600196,-27.435071],[-49.600185,-27.435113],[-49.600179,-27.435167],[-49.600173,-27.435222],[-49.600134,-27.435353],[-49.600114,-27.435406],[-49.600084,-27.435487],[-49.600056,-27.435566],[-49.600037,-27.435616],[-49.600035,-27.435622],[-49.600025,-27.435651],[-49.600015,-27.435677],[-49.60001,-27.435693],[-49.600004,-27.435703],[-49.599978,-27.435749],[-49.599942,-27.435811],[-49.599913,-27.435862],[-49.599896,-27.435892],[-49.599883,-27.435915],[-49.59987,-27.43595],[-49.599851,-27.436],[-49.59983,-27.436053],[-49.599804,-27.436082],[-49.599819,-27.436108],[-49.599813,-27.436193],[-49.599795,-27.43627],[-49.599775,-27.436355],[-49.599772,-27.436378],[-49.599767,-27.436409],[-49.599764,-27.436435],[-49.59974,-27.436598],[-49.599735,-27.436635],[-49.599732,-27.436659],[-49.599731,-27.436666],[-49.59973,-27.436675],[-49.599725,-27.436708],[-49.599725,-27.436733],[-49.599725,-27.436778],[-49.599725,-27.436779],[-49.599725,-27.436782],[-49.60029079999993,-27.436788],[-49.600278,-27.436788],[-49.60032548704663,-27.43678848704663],[-49.600337,-27.4368],[-49.600368,-27.436829],[-49.600405,-27.436852],[-49.600436,-27.436871],[-49.600448,-27.436879],[-49.600454,-27.436882],[-49.600602,-27.436928],[-49.600609,-27.43693],[-49.600664,-27.436958],[-49.600675,-27.436967],[-49.60068,-27.436971],[-49.60071,-27.436997],[-49.600719,-27.437001],[-49.60073,-27.437006],[-49.60079,-27.437002],[-49.600804,-27.436998],[-49.600893,-27.436973],[-49.60090714256619,-27.43696946435845],[-49.60091091681416,-27.436969504424777],[-49.600928,-27.436974],[-49.600941,-27.436985],[-49.60094,-27.437008],[-49.600938,-27.437012],[-49.600922,-27.437039],[-49.600878,-27.437117],[-49.600869,-27.43716],[-49.600865,-27.437179],[-49.600865,-27.437182],[-49.600865,-27.437204],[-49.600863,-27.43726],[-49.600875,-27.437283],[-49.600901,-27.437331],[-49.600955,-27.437387],[-49.600991,-27.437423],[-49.601021,-27.43747],[-49.601028,-27.43748],[-49.601088,-27.437515],[-49.601091,-27.437516],[-49.601139,-27.437575],[-49.601143,-27.437579],[-49.601159,-27.437614],[-49.601169,-27.437638],[-49.601168,-27.437669],[-49.601168,-27.437687],[-49.601146,-27.437751],[-49.601138,-27.437773],[-49.60107,-27.437922],[-49.601046,-27.437965],[-49.601034,-27.437988],[-49.601006,-27.438019],[-49.600995,-27.43803],[-49.601084,-27.438031],[-49.601093,-27.43802],[-49.601118,-27.437989],[-49.601137,-27.437966],[-49.601164,-27.437923],[-49.601259,-27.437774],[-49.601272,-27.437752],[-49.601295,-27.437689],[-49.601302,-27.43767],[-49.601302,-27.437639],[-49.601302,-27.437616],[-49.601294,-27.437581]]],[[[-49.601551,-27.43366],[-49.601506,-27.433613],[-49.601494,-27.4336],[-49.601316,-27.433599],[-49.601352,-27.433611],[-49.601427,-27.433659],[-49.601436,-27.433664],[-49.6015,-27.433669],[-49.601522,-27.433665],[-49.601551,-27.43366]]],[[[-49.601534,-27.43295],[-49.60149,-27.432947],[-49.601471,-27.43295],[-49.601455,-27.432952],[-49.601537,-27.432953],[-49.601534,-27.43295]]],[[[-49.601572,-27.425233],[-49.601593,-27.425203],[-49.601611,-27.425178],[-49.601644,-27.425132],[-49.601718,-27.425028],[-49.601724,-27.42502],[-49.601762,-27.424953],[-49.601783,-27.424916],[-49.601785,-27.424912],[-49.601812,-27.424844],[-49.601836,-27.424782],[-49.601839,-27.424773],[-49.601851,-27.424762],[-49.60189,-27.424749],[-49.60131,-27.424743],[-49.601309,-27.424756],[-49.601309,-27.424768],[-49.601308,-27.424776],[-49.601291,-27.424839],[-49.601251,-27.424907],[-49.601248,-27.424911],[-49.601215,-27.424948],[-49.601188,-27.425015],[-49.601185,-27.425023],[-49.601129,-27.425126],[-49.601084,-27.425173],[-49.60105,-27.425197],[-49.600969,-27.425227],[-49.600912,-27.425274],[-49.600838,-27.425295],[-49.600813,-27.425313],[-49.600726,-27.425372],[-49.600725,-27.425374],[-49.600672,-27.42542],[-49.60065,-27.425447],[-49.600598,-27.42551],[-49.600587,-27.425555],[-49.600566,-27.425635],[-49.600541,-27.425668],[-49.600516,-27.425701],[-49.600487,-27.425716],[-49.600437,-27.425726],[-49.600432,-27.425727],[-49.60127,-27.425736],[-49.601271,-27.425735],[-49.601286,-27.425724],[-49.601306,-27.425709],[-49.601351,-27.425676],[-49.60138,-27.425644],[-49.60145,-27.425563],[-49.601477,-27.425518],[-49.601514,-27.425455],[-49.601521,-27.425428],[-49.601531,-27.425382],[-49.601532,-27.425381],[-49.601529,-27.42532],[-49.601533,-27.425302],[-49.601538,-27.42528],[-49.601572,-27.425233]]],[[[-49.599224,-27.393014],[-49.599368,-27.393071],[-49.599401,-27.393084],[-49.599432,-27.393096],[-49.599492,-27.393131],[-49.599507,-27.393146],[-49.599532,-27.393172],[-49.602685,-27.393203],[-49.602748,-27.393178],[-49.602773,-27.393164],[-49.602833,-27.393131],[-49.602855,-27.393119],[-49.602866,-27.393106],[-49.602885,-27.393051],[-49.599224,-27.393014]]],[[[-49.59912,-27.392958],[-49.59907,-27.392974],[-49.599068,-27.392976],[-49.599036,-27.393012],[-49.602885,-27.393051],[-49.602898,-27.393014],[-49.602899,-27.393013],[-49.602914,-27.392996],[-49.602933,-27.392974],[-49.602966,-27.392962],[-49.602968,-27.392961],[-49.603006,-27.392958],[-49.603028,-27.392956],[-49.603044,-27.392955],[-49.599413,-27.392919],[-49.599407,-27.39292],[-49.59940042791645,-27.392921877738157],[-49.599397939282476,-27.39292185280589],[-49.599372,-27.39292],[-49.599352,-27.392918],[-49.599278,-27.392912],[-49.599239,-27.392917],[-49.599228,-27.392918],[-49.599213,-27.39292],[-49.599187,-27.392923],[-49.59918,-27.392924],[-49.599158,-27.392936],[-49.59912,-27.392958]]],[[[-49.603692,-27.392618],[-49.599555,-27.392577],[-49.599653,-27.392578],[-49.599692,-27.392585],[-49.599724,-27.392634],[-49.599794,-27.392664],[-49.599813,-27.392673],[-49.599817,-27.392686],[-49.599794,-27.392723],[-49.599761,-27.392747],[-49.599751,-27.392753],[-49.59975,-27.392753],[-49.603663,-27.392793],[-49.603663,-27.392792],[-49.603664,-27.392786],[-49.603667,-27.392762],[-49.603671,-27.392724],[-49.603672,-27.392712],[-49.603673,-27.392703],[-49.60368,-27.392673],[-49.60369,-27.392625],[-49.603692,-27.392618]]],[[[-49.598737,-27.392256],[-49.598696,-27.392287],[-49.59841,-27.392378],[-49.598298,-27.392397],[-49.598227,-27.392432],[-49.598136,-27.39245],[-49.597977,-27.392535],[-49.597976,-27.392561],[-49.603692,-27.392618],[-49.603697,-27.392592],[-49.603716,-27.392506],[-49.60372,-27.392487],[-49.603728,-27.392451],[-49.603733,-27.392431],[-49.603753,-27.392338],[-49.60376,-27.392306],[-49.598737,-27.392256]]],[[[-49.600827,-27.438619],[-49.600979,-27.438621],[-49.600926,-27.438612],[-49.600918,-27.438608],[-49.600892,-27.438594],[-49.600888,-27.438583],[-49.600877,-27.438551],[-49.600855,-27.438492],[-49.600862,-27.438455],[-49.600888,-27.438408],[-49.600901,-27.438385],[-49.600902,-27.438378],[-49.600904,-27.438366],[-49.600908,-27.438348],[-49.600887,-27.438319],[-49.600899,-27.438285],[-49.600914,-27.438241],[-49.600924,-27.438213],[-49.600982,-27.43815],[-49.601019,-27.43811],[-49.60103,-27.438097],[-49.601084,-27.438031],[-49.6008,-27.438028],[-49.600854,-27.438095],[-49.600862,-27.438108],[-49.600887,-27.438149],[-49.600869,-27.438213],[-49.600862,-27.43824],[-49.600814,-27.438284],[-49.600795,-27.438318],[-49.600778,-27.438347],[-49.600767,-27.438365],[-49.600743,-27.438377],[-49.600739,-27.438383],[-49.600727,-27.438407],[-49.600738,-27.438454],[-49.600747,-27.438491],[-49.60076,-27.43855],[-49.600776,-27.438581],[-49.600787,-27.438593],[-49.6008,-27.438607],[-49.60081,-27.438611],[-49.600827,-27.438619]]],[[[-49.600745,-27.437853],[-49.600719,-27.437873],[-49.600719,-27.437877],[-49.600718,-27.437927],[-49.600778,-27.438001],[-49.600791,-27.438017],[-49.6008,-27.438028],[-49.600995,-27.43803],[-49.600962,-27.438019],[-49.600942,-27.438003],[-49.600886,-27.437929],[-49.600848,-27.437879],[-49.600843,-27.437874],[-49.600816,-27.437854],[-49.600794,-27.437845],[-49.600758,-27.437843],[-49.600756,-27.437845],[-49.600745,-27.437853]]],[[[-49.601419,-27.433131],[-49.601426,-27.433114],[-49.601479,-27.43306],[-49.601561,-27.433038],[-49.60158,-27.432989],[-49.601561,-27.432973],[-49.601537,-27.432953],[-49.600401,-27.432942],[-49.600441,-27.432962],[-49.600457,-27.432978],[-49.600507,-27.433027],[-49.600522,-27.433051],[-49.600559,-27.433105],[-49.60057,-27.433122],[-49.600578,-27.43316],[-49.600593,-27.433229],[-49.600594,-27.433345],[-49.600595,-27.433444],[-49.600595,-27.43352],[-49.600596,-27.433544],[-49.600596,-27.433574],[-49.600596,-27.433591],[-49.601494,-27.4336],[-49.601477,-27.433582],[-49.601467,-27.433553],[-49.601449,-27.433529],[-49.601371,-27.433451],[-49.601354,-27.433352],[-49.601385,-27.433236],[-49.601403,-27.433168],[-49.601419,-27.433131]]],[[[-49.60031,-27.432897],[-49.600352,-27.432918],[-49.600395,-27.432939],[-49.600401,-27.432942],[-49.601455,-27.432952],[-49.601453,-27.43295],[-49.601432,-27.432928],[-49.601421,-27.432908],[-49.601402,-27.432872],[-49.601399,-27.432867],[-49.60138,-27.432832],[-49.601374,-27.43282],[-49.601376,-27.432798],[-49.601384,-27.432738],[-49.601378,-27.432684],[-49.601384,-27.432633],[-49.60135,-27.432605],[-49.601297,-27.432564],[-49.601196,-27.43253],[-49.60112,-27.432523],[-49.60098,-27.432492],[-49.600727,-27.432402],[-49.600567,-27.432368],[-49.600439,-27.432333],[-49.600243,-27.432279],[-49.600228,-27.432274],[-49.600178,-27.432257],[-49.600139,-27.432244],[-49.600031,-27.432208],[-49.599867,-27.432138],[-49.599825,-27.43212],[-49.59982,-27.432118],[-49.599755,-27.432105],[-49.599634,-27.43208],[-49.599595,-27.432062],[-49.599542,-27.432037],[-49.59947,-27.432004],[-49.599388,-27.431966],[-49.599359,-27.431958],[-49.599052,-27.431876],[-49.598893,-27.431833],[-49.598701,-27.431782],[-49.598692,-27.431779],[-49.598638,-27.431765],[-49.598576,-27.431739],[-49.598456,-27.431689],[-49.598333,-27.43165],[-49.598278,-27.431632],[-49.598223,-27.43162],[-49.598157,-27.431605],[-49.598031,-27.431567],[-49.597936,-27.431539],[-49.597885,-27.431524],[-49.59772,-27.431492],[-49.59756,-27.431433],[-49.597371,-27.431363],[-49.597245,-27.43131],[-49.59722,-27.4313],[-49.59711,-27.431244],[-49.597033,-27.431201],[-49.596814,-27.43108],[-49.596592,-27.430957],[-49.596557,-27.430938],[-49.596477,-27.430875],[-49.596427,-27.430821],[-49.596369,-27.430734],[-49.596339,-27.430688],[-49.596322,-27.430648],[-49.596322,-27.430643],[-49.59632,-27.430602],[-49.596318,-27.430556],[-49.596314,-27.43044],[-49.596309,-27.430326],[-49.596305,-27.430223],[-49.596305,-27.430219],[-49.596325,-27.43014],[-49.596376,-27.430028],[-49.596385,-27.430013],[-49.5965,-27.429819],[-49.595917,-27.429813],[-49.595782,-27.430006],[-49.595773,-27.430022],[-49.595712,-27.430133],[-49.595669,-27.430213],[-49.595666,-27.430217],[-49.595633,-27.430319],[-49.595617,-27.430433],[-49.595628,-27.430549],[-49.595623,-27.430595],[-49.595609,-27.430636],[-49.595609,-27.430641],[-49.595612,-27.43068],[-49.595615,-27.430726],[-49.59564,-27.430813],[-49.595656,-27.430866],[-49.595656,-27.430867],[-49.595657,-27.430929],[-49.595657,-27.430948],[-49.595706,-27.431069],[-49.595779,-27.431188],[-49.595813,-27.431231],[-49.595857,-27.431286],[-49.595865,-27.431296],[-49.595924,-27.431349],[-49.596002,-27.431418],[-49.596078,-27.431476],[-49.596118,-27.431506],[-49.596137,-27.431521],[-49.596132,-27.431548],[-49.596091,-27.431584],[-49.596075,-27.431598],[-49.596073,-27.43161],[-49.596071,-27.431627],[-49.596104,-27.431665],[-49.596147,-27.431715],[-49.596153,-27.43174],[-49.596157,-27.431754],[-49.596157,-27.431756],[-49.596159,-27.431765],[-49.596166,-27.431795],[-49.596172,-27.431819],[-49.596179,-27.431837],[-49.596206,-27.431905],[-49.596218,-27.431936],[-49.596241,-27.431949],[-49.596279,-27.431955],[-49.596321,-27.43198],[-49.59634,-27.431992],[-49.596392,-27.432066],[-49.596431,-27.432123],[-49.596447,-27.432147],[-49.596466,-27.432174],[-49.596472,-27.432183],[-49.596513,-27.432221],[-49.596515,-27.432223],[-49.596983,-27.432228],[-49.596984,-27.432226],[-49.59699,-27.432189],[-49.596991,-27.43218],[-49.596981,-27.432153],[-49.596959,-27.432128],[-49.596871,-27.432071],[-49.596832,-27.431997],[-49.596826,-27.431985],[-49.596795,-27.43196],[-49.596788,-27.431954],[-49.596772,-27.431941],[-49.596734,-27.43191],[-49.596678,-27.431842],[-49.596673,-27.431825],[-49.596666,-27.4318],[-49.596687,-27.43177],[-49.59671,-27.431762],[-49.596780384505045,-27.431760147776185],[-49.59678641448692,-27.43176020724346],[-49.596792,-27.431763],[-49.596906,-27.431813],[-49.596975,-27.431855],[-49.597186,-27.431936],[-49.597201,-27.431944],[-49.597272,-27.431982],[-49.597296,-27.432015],[-49.597332,-27.432039],[-49.597396,-27.432058],[-49.597479,-27.432082],[-49.597562,-27.432095],[-49.597575,-27.432097],[-49.597605,-27.432116],[-49.597784,-27.432185],[-49.597876,-27.432221],[-49.597937,-27.432235],[-49.597967,-27.432252],[-49.597981,-27.432256],[-49.598136,-27.43231],[-49.598208,-27.432344],[-49.598278,-27.432377],[-49.598468,-27.432467],[-49.598531,-27.432497],[-49.598545,-27.432504],[-49.598615,-27.432537],[-49.598704,-27.432579],[-49.598774,-27.432607],[-49.598908,-27.432659],[-49.59905,-27.432715],[-49.599205,-27.432776],[-49.599224,-27.432798],[-49.599235,-27.432811],[-49.599314,-27.432846],[-49.599325,-27.432851],[-49.599346,-27.432857],[-49.599431,-27.432879],[-49.599565,-27.432888],[-49.599593,-27.432889],[-49.59964,-27.432892],[-49.59969,-27.43289],[-49.599719,-27.432889],[-49.599751,-27.432882],[-49.599841,-27.432862],[-49.599926,-27.432857],[-49.600009825415675,-27.43285300831354],[-49.600010082891856,-27.432853010906825],[-49.600048,-27.432858],[-49.60031,-27.432897]]],[[[-49.600202,-27.425943],[-49.60009,-27.426042],[-49.600066,-27.426064],[-49.599961,-27.426108],[-49.599879,-27.426143],[-49.599861,-27.42617],[-49.599827,-27.42622],[-49.599727,-27.426291],[-49.599707,-27.426305],[-49.599661,-27.426346],[-49.599549,-27.426445],[-49.599535,-27.426452],[-49.599497,-27.426473],[-49.599421,-27.42649],[-49.599405,-27.426494],[-49.599384,-27.426505],[-49.599342,-27.426548],[-49.599318,-27.426566],[-49.599267,-27.426606],[-49.59924,-27.426628],[-49.599181,-27.426674],[-49.599136,-27.42671],[-49.599097,-27.426731],[-49.59902,-27.426773],[-49.598826,-27.426918],[-49.598802,-27.426945],[-49.598788,-27.426963],[-49.598717,-27.427074],[-49.598714,-27.427079],[-49.598677,-27.427106],[-49.598663,-27.42716],[-49.598649,-27.427179],[-49.598644,-27.427187],[-49.598546,-27.427256],[-49.598514,-27.427263],[-49.59850941268463,-27.427263764552563],[-49.59850133606556,-27.42726368266979],[-49.598487,-27.427263],[-49.598439,-27.427259],[-49.598435,-27.427262],[-49.598434,-27.427263],[-49.598372,-27.427316],[-49.59832,-27.427359],[-49.598282,-27.4274],[-49.598193,-27.427493],[-49.598103,-27.427587],[-49.598007,-27.427689],[-49.597999,-27.427695],[-49.597981,-27.427708],[-49.597929,-27.42777],[-49.597877,-27.427833],[-49.597869,-27.427853],[-49.597852,-27.427902],[-49.59784,-27.427937],[-49.597822,-27.427967],[-49.597818,-27.427969],[-49.597774,-27.427992],[-49.59776,-27.428003],[-49.5977,-27.428049],[-49.597686,-27.42806],[-49.597665,-27.428084],[-49.597618,-27.428138],[-49.59756,-27.428205],[-49.597532,-27.428218],[-49.597521324027255,-27.428222852714885],[-49.597519448304425,-27.4282228337469],[-49.597465,-27.428217],[-49.597445,-27.428215],[-49.597443,-27.428217],[-49.597437,-27.428222],[-49.597426,-27.42823],[-49.59742,-27.428236],[-49.59739,-27.428283],[-49.597321,-27.428335],[-49.597288,-27.42836],[-49.597275,-27.42837],[-49.597274,-27.428372],[-49.59724,-27.428445],[-49.597232,-27.428462],[-49.597095,-27.428611],[-49.597009,-27.428719],[-49.596983,-27.428752],[-49.596955,-27.42878],[-49.59692,-27.428817],[-49.596867,-27.428871],[-49.596742,-27.428958],[-49.596533,-27.429104],[-49.596528,-27.429107],[-49.596427,-27.42919],[-49.596425,-27.429191],[-49.596359,-27.429259],[-49.596342,-27.429276],[-49.596132,-27.42949],[-49.596046,-27.429598],[-49.596014,-27.429651],[-49.595918,-27.429813],[-49.5965,-27.429819],[-49.596646,-27.429658],[-49.5967,-27.429604],[-49.596808,-27.429497],[-49.597023,-27.429283],[-49.597064,-27.429266],[-49.597177,-27.429199],[-49.597179,-27.429197],[-49.597288,-27.429115],[-49.597292,-27.429112],[-49.597471,-27.428965],[-49.597563,-27.428878],[-49.59762,-27.428824],[-49.597677,-27.428788],[-49.597705,-27.428759],[-49.597739,-27.428727],[-49.597867,-27.428618],[-49.598043,-27.42847],[-49.598062,-27.428454],[-49.598171,-27.428381],[-49.598179,-27.428379],[-49.598222,-27.428369],[-49.598228,-27.428344],[-49.598272,-27.428292],[-49.598311,-27.428244],[-49.598315,-27.428239],[-49.598327,-27.428231],[-49.598334,-27.428226],[-49.598352,-27.428213],[-49.598444,-27.428146],[-49.598505,-27.428093],[-49.598548,-27.428068],[-49.598566,-27.428058],[-49.598623,-27.428012],[-49.598645,-27.428001],[-49.598689,-27.427977],[-49.598692,-27.427975],[-49.598731,-27.427946],[-49.598776,-27.427911],[-49.598827,-27.427863],[-49.598853,-27.427842],[-49.598933,-27.42778],[-49.598996,-27.427718],[-49.599009,-27.427705],[-49.599017,-27.427699],[-49.599148,-27.427598],[-49.599235,-27.427503],[-49.599364,-27.427411],[-49.599404,-27.42737],[-49.599449,-27.427327],[-49.599519,-27.427274],[-49.599521,-27.427273],[-49.599528,-27.427266],[-49.599598,-27.427196],[-49.599605,-27.427189],[-49.599634,-27.42717],[-49.599715,-27.427116],[-49.599755,-27.427089],[-49.599762,-27.427085],[-49.599895,-27.426974],[-49.599916,-27.426957],[-49.599955,-27.426929],[-49.600161,-27.426785],[-49.600222,-27.426742],[-49.600244,-27.426721],[-49.600282,-27.426685],[-49.600353,-27.426639],[-49.600375,-27.426617],[-49.600397,-27.426577],[-49.600419,-27.426558],[-49.600468,-27.426516],[-49.600481,-27.426505],[-49.600485,-27.426501],[-49.600498,-27.426483],[-49.600513,-27.426462],[-49.60052,-27.426455],[-49.600633,-27.426355],[-49.60069,-27.426315],[-49.600709,-27.426301],[-49.600769,-27.426229],[-49.600812,-27.426179],[-49.600848,-27.426153],[-49.600897,-27.426118],[-49.600947,-27.426072],[-49.600971,-27.426051],[-49.601069,-27.425952],[-49.601108,-27.425912],[-49.601115,-27.425905],[-49.601157,-27.425857],[-49.60125,-27.425751],[-49.60127,-27.425736],[-49.600344,-27.425727],[-49.600331,-27.425741],[-49.600233,-27.425847],[-49.600225,-27.425896],[-49.600224,-27.425903],[-49.600202,-27.425943]]],[[[-49.601732,-27.393205],[-49.601915,-27.393196],[-49.599532,-27.393172],[-49.599543,-27.393183],[-49.599587,-27.393227],[-49.599649,-27.393291],[-49.599653,-27.393307],[-49.59966,-27.393335],[-49.599698,-27.393375],[-49.599677,-27.393386],[-49.599647,-27.393388],[-49.599641033115894,-27.393388994480684],[-49.59964097573084,-27.39338899393271],[-49.599637,-27.393388],[-49.59955,-27.393375],[-49.599546,-27.393373],[-49.59952,-27.393361],[-49.599459,-27.393349],[-49.599374,-27.393347],[-49.599359,-27.393348],[-49.59926,-27.393359],[-49.59916,-27.39337],[-49.599155,-27.393371],[-49.599119,-27.393383],[-49.599118,-27.393384],[-49.599095,-27.393391],[-49.599041,-27.39342],[-49.599034,-27.393438],[-49.599007,-27.393503],[-49.598997,-27.393516],[-49.598988,-27.393527],[-49.59899,-27.393544],[-49.599018,-27.393573],[-49.59902,-27.393576],[-49.59908,-27.393605],[-49.599106,-27.393617],[-49.599123,-27.393634],[-49.599149,-27.39366],[-49.599159,-27.393673],[-49.599176,-27.393699],[-49.599188,-27.393717],[-49.599191,-27.393722],[-49.599208,-27.393769],[-49.59921,-27.393776],[-49.59921,-27.393788],[-49.59921,-27.393807],[-49.599191,-27.393867],[-49.599185,-27.393884],[-49.599157,-27.393911],[-49.599123,-27.393931],[-49.599116,-27.393932],[-49.599088,-27.393937],[-49.599742,-27.393944],[-49.599745,-27.393938],[-49.599746,-27.393937],[-49.599759,-27.393917],[-49.599776,-27.39389],[-49.599787,-27.393873],[-49.599856,-27.393814],[-49.599879,-27.393794],[-49.599915,-27.393783],[-49.599937655883544,-27.393776104731096],[-49.59993988207012,-27.393776126407694],[-49.600072,-27.393785],[-49.600182,-27.393792],[-49.600206,-27.393786],[-49.600235,-27.393779],[-49.600432,-27.393734],[-49.600451,-27.39373],[-49.60049,-27.393713],[-49.600521,-27.393687],[-49.60053,-27.393673],[-49.600546,-27.393648],[-49.600537,-27.393632],[-49.60053,-27.393619],[-49.600531,-27.393591],[-49.600532,-27.393589],[-49.600571,-27.39356],[-49.600594,-27.393543],[-49.60061,-27.393532],[-49.600649,-27.39352],[-49.600854,-27.393457],[-49.600903,-27.393439],[-49.600982,-27.39341],[-49.601003,-27.393402],[-49.60015799993301,-27.39339393103384],[-49.601004,-27.393402],[-49.60101,-27.393399],[-49.601036,-27.393388],[-49.601127,-27.393349],[-49.601189,-27.393323],[-49.601239,-27.393307],[-49.601428,-27.393246],[-49.601732,-27.393205]]],[[[-49.600424,-27.439607],[-49.600394,-27.439453],[-49.600371,-27.439397],[-49.600368,-27.43939],[-49.600345,-27.439254],[-49.600344,-27.43925],[-49.600328,-27.439037],[-49.600318,-27.438902],[-49.600322,-27.438848],[-49.600316,-27.438801],[-49.600304,-27.438712],[-49.600294,-27.438635],[-49.600293,-27.438631],[-49.600294,-27.4386],[-49.600297,-27.438522],[-49.600316,-27.438387],[-49.600328,-27.438306],[-49.600336,-27.438279],[-49.60038,-27.438225],[-49.60039,-27.438198],[-49.600395,-27.438188],[-49.600301,-27.438039],[-49.600285,-27.437981],[-49.600241,-27.437826],[-49.600234,-27.437772],[-49.600226,-27.437709],[-49.600228,-27.437682],[-49.600231,-27.437641],[-49.600235,-27.437574],[-49.600228,-27.437529],[-49.600212,-27.437432],[-49.6002,-27.437363],[-49.600193,-27.437255],[-49.600193,-27.437253],[-49.600192,-27.437198],[-49.600191,-27.437186],[-49.600193,-27.437167],[-49.600198,-27.437129],[-49.600202,-27.437092],[-49.600203,-27.437086],[-49.600222,-27.437013],[-49.600234,-27.436924],[-49.60024,-27.43687],[-49.600249,-27.436843],[-49.600257,-27.43682],[-49.600278,-27.436788],[-49.599725,-27.436782],[-49.599732,-27.436815],[-49.599737,-27.436838],[-49.599735,-27.436865],[-49.599729,-27.436919],[-49.599704,-27.437008],[-49.599683,-27.437081],[-49.599679,-27.437087],[-49.599654,-27.437124],[-49.599649,-27.437162],[-49.599638,-27.43718],[-49.599631,-27.437192],[-49.599639,-27.437247],[-49.59964,-27.437249],[-49.599613,-27.437357],[-49.599597,-27.437426],[-49.599605,-27.437522],[-49.599627,-27.437568],[-49.599659,-27.437635],[-49.599667,-27.437677],[-49.599667,-27.437704],[-49.599666,-27.437767],[-49.599678,-27.437821],[-49.599712,-27.437975],[-49.599708,-27.438033],[-49.599698,-27.438181],[-49.599697,-27.438191],[-49.599689,-27.438218],[-49.599674,-27.438272],[-49.599666,-27.438299],[-49.599643,-27.43838],[-49.599623,-27.438516],[-49.599612,-27.438593],[-49.599624,-27.438624],[-49.599625,-27.438628],[-49.599685,-27.438706],[-49.599704,-27.438795],[-49.599713,-27.438842],[-49.599723,-27.438896],[-49.599748,-27.439031],[-49.599768,-27.439244],[-49.599769,-27.439248],[-49.599795,-27.439385],[-49.599797,-27.439392],[-49.599803,-27.439447],[-49.599819,-27.439601],[-49.599817,-27.439617],[-49.599805,-27.439732],[-49.599795,-27.439817],[-49.599783,-27.439925],[-49.599772,-27.440025],[-49.599761,-27.440124],[-49.599727,-27.440225],[-49.599717,-27.440256],[-49.599672,-27.440492],[-49.599655,-27.440692],[-49.599652,-27.440723],[-49.599604,-27.440997],[-49.599564,-27.441187],[-49.599562,-27.441196],[-49.599527,-27.441273],[-49.59953,-27.441358],[-49.599522,-27.441412],[-49.599509,-27.441453],[-49.599505,-27.441466],[-49.599474,-27.441506],[-49.599467,-27.441535],[-49.599464,-27.441545],[-49.599949,-27.44155],[-49.599952,-27.44154],[-49.599959,-27.441511],[-49.599968,-27.441471],[-49.599972,-27.441457],[-49.599991,-27.441417],[-49.600016,-27.441363],[-49.600057,-27.441278],[-49.600093,-27.441201],[-49.600097,-27.441193],[-49.600164,-27.441002],[-49.600259,-27.440729],[-49.60027,-27.440699],[-49.600322,-27.440498],[-49.600383,-27.440262],[-49.600391,-27.440231],[-49.60041,-27.44013],[-49.600428,-27.440032],[-49.600433,-27.439932],[-49.600422,-27.439824],[-49.600434,-27.439738],[-49.600427,-27.439623],[-49.600424,-27.439607]]],[[[-49.600405,-27.425717],[-49.600402,-27.425715],[-49.600387,-27.425703],[-49.600358,-27.425715],[-49.600353,-27.425716],[-49.600345,-27.425725],[-49.600344,-27.425727],[-49.600432,-27.425727],[-49.600417,-27.425726],[-49.600405,-27.425717]]],[[[-49.599786,-27.442021],[-49.599808,-27.441974],[-49.599838,-27.441913],[-49.599116,-27.441906],[-49.599153,-27.441967],[-49.599158,-27.442015],[-49.599143,-27.442042],[-49.599132,-27.442061],[-49.599056,-27.442121],[-49.599028,-27.442143],[-49.598977,-27.442155],[-49.59895113043478,-27.442160748792272],[-49.59894922734028,-27.442160729569096],[-49.59893,-27.442154],[-49.598885,-27.442139],[-49.598884,-27.442139],[-49.598879,-27.442154],[-49.598877,-27.44216],[-49.598871,-27.442177],[-49.598866,-27.442181],[-49.598831,-27.442211],[-49.598665,-27.442245],[-49.598470642171385,-27.44226086594519],[-49.598439841122094,-27.442260551401876],[-49.598079,-27.442255],[-49.598066,-27.442252],[-49.598018,-27.44224],[-49.597997,-27.442235],[-49.597983,-27.442228],[-49.597981,-27.442227],[-49.597933,-27.442205],[-49.597932,-27.442204],[-49.597769,-27.442203],[-49.597549370626666,-27.442222609765476],[-49.59754406218467,-27.442222555771686],[-49.597526,-27.442214],[-49.597492,-27.442198],[-49.597477,-27.442192],[-49.597433,-27.442166],[-49.597389,-27.442139],[-49.592474,-27.442089],[-49.592437,-27.442115],[-49.592412,-27.442141],[-49.592406,-27.442147],[-49.592364,-27.442162],[-49.592357,-27.442164],[-49.592344,-27.442169],[-49.592287,-27.442198],[-49.592264,-27.442198],[-49.592263,-27.442199],[-49.592246,-27.442219],[-49.592202,-27.442241],[-49.592161,-27.442262],[-49.592159,-27.442264],[-49.591977,-27.442407],[-49.591956,-27.442423],[-49.59192,-27.442432],[-49.591782,-27.442438],[-49.591777,-27.442456],[-49.591797,-27.442506],[-49.591798,-27.44251],[-49.591799,-27.442547],[-49.591755,-27.442608],[-49.591699,-27.442653],[-49.591639,-27.4427],[-49.591617,-27.442714],[-49.591579,-27.442736],[-49.591575,-27.44274],[-49.591569,-27.442748],[-49.591536,-27.44279],[-49.591437,-27.44287],[-49.591407,-27.442894],[-49.59138,-27.442942],[-49.591306,-27.442965],[-49.591183,-27.443053],[-49.591143,-27.443074],[-49.591122,-27.443085],[-49.591088,-27.44311],[-49.591071,-27.443123],[-49.590983,-27.443217],[-49.590951,-27.443244],[-49.590886,-27.443298],[-49.590811,-27.443361],[-49.590706,-27.443449],[-49.590691,-27.443469],[-49.590667,-27.443502],[-49.590622,-27.443528],[-49.590579,-27.443565],[-49.590458,-27.443672],[-49.590432,-27.443694],[-49.590415,-27.443708],[-49.59023,-27.44385],[-49.590148,-27.443913],[-49.590109,-27.443939],[-49.589985,-27.444023],[-49.589968,-27.44404],[-49.589961,-27.444046],[-49.589908,-27.444127],[-49.58985,-27.444181],[-49.58965,-27.444296],[-49.589566,-27.444373],[-49.589498,-27.44446],[-49.58947,-27.44448],[-49.589347,-27.444569],[-49.58934,-27.444577],[-49.589313,-27.444608],[-49.589294,-27.444632],[-49.589227,-27.444711],[-49.589215,-27.444725],[-49.589148,-27.444771],[-49.589111,-27.444796],[-49.589094,-27.444808],[-49.589005,-27.444889],[-49.58892,-27.444981],[-49.588918,-27.444984],[-49.588849,-27.44504],[-49.588759,-27.445114],[-49.588652,-27.445228],[-49.588604,-27.445272],[-49.588552,-27.44532],[-49.588544,-27.445327],[-49.58852,-27.445359],[-49.588499,-27.445385],[-49.588421,-27.445453],[-49.588387,-27.445503],[-49.588369,-27.445529],[-49.588352,-27.445539],[-49.588302,-27.445543],[-49.588287,-27.445552],[-49.588243,-27.445592],[-49.588149,-27.44568],[-49.588088,-27.445707],[-49.588059,-27.44573],[-49.587983,-27.445802],[-49.587938,-27.445845],[-49.587763,-27.445927],[-49.587657,-27.445977],[-49.587621,-27.445999],[-49.587527,-27.446056],[-49.587478,-27.446085],[-49.587477,-27.446086],[-49.587391,-27.446161],[-49.587313,-27.44623],[-49.587298,-27.446243],[-49.587181,-27.44632],[-49.587131,-27.446353],[-49.587096,-27.446366],[-49.587044,-27.446386],[-49.586947,-27.4464],[-49.586902,-27.446407],[-49.58786,-27.446417],[-49.587871,-27.44641],[-49.587894,-27.446395],[-49.587924,-27.446375],[-49.58794,-27.446361],[-49.587979,-27.446328],[-49.588089,-27.446251],[-49.588108,-27.446238],[-49.588247,-27.44617],[-49.588352,-27.446095],[-49.588354,-27.446094],[-49.588409,-27.446065],[-49.588465,-27.446008],[-49.588498,-27.445986],[-49.588573,-27.445935],[-49.58867,-27.445852],[-49.58872,-27.44581],[-49.588793,-27.445737],[-49.588816,-27.445715],[-49.588844,-27.445687],[-49.588933,-27.445599],[-49.588987,-27.445559],[-49.588999,-27.44555],[-49.589005,-27.445546],[-49.589019,-27.445535],[-49.589054,-27.44551],[-49.589099,-27.44546],[-49.589161,-27.445392],[-49.589186,-27.445365],[-49.589228,-27.445334],[-49.589238,-27.445327],[-49.58933,-27.44528],[-49.589382,-27.445235],[-49.589516,-27.445122],[-49.589603,-27.445048],[-49.5897,-27.444991],[-49.589704,-27.444989],[-49.589809,-27.444897],[-49.5899,-27.444816],[-49.589914,-27.444804],[-49.589954,-27.444779],[-49.589992,-27.444733],[-49.590002,-27.444719],[-49.590083,-27.44464],[-49.590117,-27.444617],[-49.590186,-27.444586],[-49.590197,-27.444578],[-49.590315,-27.444488],[-49.59034,-27.444468],[-49.590447,-27.444382],[-49.590542,-27.444305],[-49.590686,-27.444189],[-49.590753,-27.444136],[-49.590852,-27.444055],[-49.59086,-27.444049],[-49.590886,-27.444032],[-49.591015,-27.443949],[-49.591062,-27.443922],[-49.591173,-27.443859],[-49.591373,-27.443717],[-49.591387,-27.443704],[-49.591412,-27.443682],[-49.591501,-27.443574],[-49.591541,-27.443537],[-49.591569,-27.443511],[-49.591603,-27.443478],[-49.591619,-27.443458],[-49.591692,-27.44337],[-49.591727,-27.443306],[-49.591776,-27.443252],[-49.591815,-27.443226],[-49.591949,-27.443132],[-49.591967,-27.443119],[-49.591993,-27.443094],[-49.592004,-27.443083],[-49.592033,-27.443062],[-49.592156,-27.442974],[-49.592177,-27.44295],[-49.59222,-27.442902],[-49.592242,-27.442878],[-49.592344,-27.442798],[-49.592396,-27.442757],[-49.592424,-27.442749],[-49.592427,-27.442745],[-49.592446,-27.442722],[-49.592462,-27.442709],[-49.592519,-27.442661],[-49.592591,-27.442617],[-49.592692,-27.442556],[-49.59275,-27.44252],[-49.592757,-27.442516],[-49.592853,-27.442467],[-49.592889,-27.442449],[-49.592901,-27.442442],[-49.59292,-27.442433],[-49.592952,-27.442416],[-49.593197,-27.442274],[-49.593201,-27.442273],[-49.593262,-27.442252],[-49.593413,-27.44223],[-49.593541,-27.442212],[-49.593552,-27.442211],[-49.593554,-27.442211],[-49.593875,-27.442184],[-49.593926,-27.44218],[-49.59405391481549,-27.442179023551027],[-49.59405826699169,-27.442179067393173],[-49.594245,-27.442189],[-49.594262,-27.44219],[-49.594307,-27.442197],[-49.594342,-27.442203],[-49.594367,-27.442215],[-49.59437,-27.442218],[-49.594371,-27.442219],[-49.594373,-27.442222],[-49.594383,-27.442233],[-49.594389,-27.44224],[-49.594414,-27.442268],[-49.594417,-27.442279],[-49.594426,-27.442313],[-49.594433,-27.442336],[-49.594434,-27.442386],[-49.594434,-27.442437],[-49.594423,-27.442471],[-49.594416,-27.442539],[-49.594408,-27.44262],[-49.594401,-27.442696],[-49.594402,-27.442701],[-49.594426,-27.442769],[-49.59443,-27.442781],[-49.594451,-27.442819],[-49.594468,-27.442851],[-49.59449,-27.442928],[-49.594491,-27.442932],[-49.594489,-27.443026],[-49.594488,-27.443059],[-49.594508,-27.443151],[-49.594511,-27.443163],[-49.594499,-27.443189],[-49.594492,-27.443203],[-49.594456,-27.443234],[-49.594504,-27.443249],[-49.594514,-27.443235],[-49.594535,-27.443203],[-49.594545,-27.443189],[-49.594549,-27.443163],[-49.594551,-27.443151],[-49.594531,-27.443059],[-49.594524,-27.443026],[-49.594535,-27.442933],[-49.594535,-27.442929],[-49.594519,-27.442851],[-49.594513,-27.44282],[-49.594513,-27.442782],[-49.594512,-27.44277],[-49.594534,-27.442702],[-49.594537,-27.442698],[-49.594573,-27.442622],[-49.594594,-27.442541],[-49.594583,-27.442473],[-49.594578,-27.442439],[-49.59457,-27.442387],[-49.594574,-27.442337],[-49.594576,-27.442314],[-49.594591,-27.44228],[-49.594604,-27.442269],[-49.594638,-27.442242],[-49.594699,-27.442236],[-49.59480268778305,-27.442226309552986],[-49.59480793143568,-27.442226362144194],[-49.59487,-27.442238],[-49.594928,-27.442242],[-49.594968,-27.442245],[-49.595651,-27.442402],[-49.596105,-27.442507],[-49.596583,-27.442617],[-49.596908,-27.442654],[-49.597012,-27.442656],[-49.597044,-27.442667],[-49.5987,-27.442684],[-49.598728,-27.442673],[-49.59873,-27.442673],[-49.598815,-27.44264],[-49.599082,-27.442537],[-49.599232,-27.442438],[-49.599424,-27.442289],[-49.599427,-27.442287],[-49.599434,-27.442284],[-49.599458,-27.442273],[-49.599463,-27.442271],[-49.599501,-27.442253],[-49.599578,-27.442218],[-49.599641,-27.442189],[-49.599647,-27.442185],[-49.599669,-27.442168],[-49.599678,-27.442162],[-49.599695,-27.442149],[-49.599724,-27.442127],[-49.599761,-27.442068],[-49.599773,-27.442048],[-49.599786,-27.442021]],[[-49.59755268504244,-27.44222264347741],[-49.597552685042416,-27.44222264347741],[-49.597933,-27.442205],[-49.59755268504244,-27.44222264347741]]],[[[-49.599941,-27.441584],[-49.599943,-27.441576],[-49.599945,-27.441568],[-49.599949,-27.44155],[-49.599387,-27.441545],[-49.599397,-27.441563],[-49.599447,-27.441571],[-49.599454,-27.44158],[-49.59937,-27.441681],[-49.599345,-27.441712],[-49.599337,-27.441735],[-49.59935,-27.441762],[-49.599344,-27.441789],[-49.599287,-27.441862],[-49.599263,-27.441881],[-49.599237,-27.441902],[-49.599162,-27.441906],[-49.599838,-27.441913],[-49.59984,-27.441908],[-49.599851,-27.441887],[-49.599857,-27.441867],[-49.599881,-27.441795],[-49.59989,-27.441768],[-49.599899,-27.441741],[-49.599906,-27.441718],[-49.599916,-27.441687],[-49.599941,-27.441584]]],[[[-49.599387,-27.441545],[-49.599464,-27.441545],[-49.599381,-27.441534],[-49.599387,-27.441545]]],[[[-49.599488,-27.394221],[-49.599498,-27.394226],[-49.599523,-27.394222],[-49.599527,-27.394217],[-49.599551,-27.394191],[-49.59956,-27.394168],[-49.599567,-27.394147],[-49.599248,-27.394144],[-49.599363,-27.394166],[-49.599402,-27.394189],[-49.599445,-27.394216],[-49.59947693467337,-27.394216389447237],[-49.599488,-27.394221]]],[[[-49.599684,-27.393987],[-49.599694,-27.393983],[-49.598347,-27.393969],[-49.598346,-27.393973],[-49.598372,-27.393978],[-49.598511,-27.394003],[-49.598757,-27.394014],[-49.598799,-27.394039],[-49.598823,-27.394054],[-49.598828,-27.394067],[-49.598823,-27.394098],[-49.598829,-27.394106],[-49.598848,-27.394127],[-49.598907,-27.39414],[-49.599567,-27.394147],[-49.599571,-27.394135],[-49.599579,-27.394113],[-49.599583,-27.394106],[-49.599603,-27.394074],[-49.599611,-27.394062],[-49.599619,-27.394047],[-49.599642,-27.394023],[-49.599649,-27.394015],[-49.599671,-27.393991],[-49.599684,-27.393987]]],[[[-49.599694,-27.393983],[-49.599716,-27.393985],[-49.599717,-27.393983],[-49.599694,-27.393983]]],[[[-49.599709,-27.392753],[-49.59975,-27.392753],[-49.59971,-27.392752],[-49.599709,-27.392753]]],[[[-49.599165,-27.39262],[-49.599368,-27.392623],[-49.599373,-27.392622],[-49.599165,-27.39262]]],[[[-49.600598,-27.392173],[-49.600594,-27.392172],[-49.598787,-27.392154],[-49.598797,-27.392155],[-49.598801,-27.392164],[-49.598787,-27.392174],[-49.598791,-27.392201],[-49.598781,-27.392221],[-49.598737,-27.392256],[-49.601094,-27.392279],[-49.600921,-27.392242],[-49.600826,-27.392222],[-49.600694,-27.392193],[-49.600645,-27.392183],[-49.600598,-27.392173]]],[[[-49.598625,-27.392145],[-49.598643,-27.392152],[-49.600594,-27.392172],[-49.60056,-27.392165],[-49.600276,-27.392104],[-49.60027,-27.392102],[-49.598362,-27.392083],[-49.598368,-27.392085],[-49.598625,-27.392145]]],[[[-49.599466,-27.391996],[-49.599324,-27.391924],[-49.599179,-27.391851],[-49.599138,-27.39183],[-49.59911,-27.391826],[-49.598923,-27.391797],[-49.598736,-27.391769],[-49.598576,-27.391794],[-49.598417,-27.391819],[-49.598413,-27.391823],[-49.598392,-27.391843],[-49.598204,-27.391913],[-49.598071,-27.391982],[-49.598051,-27.391992],[-49.597971,-27.392034],[-49.597972,-27.392079],[-49.60027,-27.392102],[-49.600047,-27.392054],[-49.599841,-27.39201],[-49.599789,-27.391999],[-49.599401,-27.391916],[-49.59952,-27.391996],[-49.59948863015185,-27.392006456616052],[-49.599485910418394,-27.392006429266775],[-49.599466,-27.391996]]],[[[-49.598262,-27.442747],[-49.598357,-27.44275],[-49.598369,-27.442748],[-49.598406,-27.442743],[-49.597978,-27.442739],[-49.598262,-27.442747]]],[[[-49.597872,-27.442738],[-49.597895,-27.442743],[-49.597978,-27.442739],[-49.597872,-27.442738]]],[[[-49.597872,-27.442738],[-49.598406,-27.442743],[-49.598587,-27.442721],[-49.598639,-27.442707],[-49.598679,-27.442692],[-49.5987,-27.442684],[-49.597554,-27.442673],[-49.597623,-27.442681],[-49.597696,-27.442698],[-49.597758,-27.442712],[-49.597872,-27.442738]]],[[[-49.597887,-27.442196],[-49.597846,-27.442189],[-49.597811,-27.442195],[-49.597771,-27.442203],[-49.597932,-27.442204],[-49.597887,-27.442196]]],[[[-49.599106,-27.441888],[-49.599113,-27.4419],[-49.599116,-27.441906],[-49.599162,-27.441906],[-49.599145,-27.441901],[-49.599106,-27.441888]]],[[[-49.598907,-27.39414],[-49.598941,-27.394148],[-49.599004,-27.394162],[-49.599069,-27.394177],[-49.599118,-27.394163],[-49.599166,-27.39415],[-49.599248,-27.394144],[-49.598907,-27.39414]]],[[[-49.599717,-27.393983],[-49.599742,-27.393944],[-49.598357,-27.39393],[-49.598347,-27.393969],[-49.599717,-27.393983]]],[[[-49.599021,-27.393921],[-49.598997,-27.393915],[-49.598958,-27.39392],[-49.59893215337106,-27.393923829130213],[-49.59893019118331,-27.393923807424596],[-49.59891,-27.393919],[-49.598847,-27.393907],[-49.59883,-27.393904],[-49.598815,-27.393901],[-49.59876,-27.393903],[-49.598694,-27.393906],[-49.598613,-27.393916],[-49.598586,-27.39392],[-49.59854508476822,-27.393925845033113],[-49.59843099853265,-27.39392471386647],[-49.598425,-27.393923],[-49.598397,-27.393918],[-49.598375,-27.393914],[-49.598368,-27.393918],[-49.598359,-27.393923],[-49.598359,-27.393924],[-49.598357,-27.39393],[-49.599088,-27.393937],[-49.599065,-27.393931],[-49.59906395510607,-27.39393098963986],[-49.599038,-27.393925],[-49.599021,-27.393921]],[[-49.59893513621259,-27.393923862126247],[-49.59893513621256,-27.393923862126247],[-49.599021,-27.393921],[-49.59893513621259,-27.393923862126247]],[[-49.598557880403625,-27.393925971902018],[-49.59855788040358,-27.393925971902018],[-49.599038,-27.393925],[-49.598557880403625,-27.393925971902018]]],[[[-49.598973,-27.393178],[-49.599022,-27.393135],[-49.599035,-27.393125],[-49.599075,-27.393104],[-49.599098,-27.393079],[-49.599128,-27.393047],[-49.599129,-27.393045],[-49.599224,-27.393014],[-49.599036,-27.393012],[-49.599008,-27.393044],[-49.599006,-27.393046],[-49.598947,-27.393078],[-49.598919,-27.393102],[-49.598895,-27.393123],[-49.598882,-27.393134],[-49.598775,-27.393176],[-49.598768,-27.393179],[-49.598612,-27.3932],[-49.598561,-27.393228],[-49.598605,-27.393254],[-49.598636,-27.393272],[-49.598657,-27.39328],[-49.59866,-27.393281],[-49.598676,-27.393287],[-49.598747,-27.393282],[-49.598758,-27.393281],[-49.598782,-27.393274],[-49.59884,-27.393256],[-49.598895,-27.393232],[-49.598895,-27.393231],[-49.598935,-27.393204],[-49.598969,-27.393181],[-49.598973,-27.393178]]],[[[-49.598219,-27.392859],[-49.598316,-27.392818],[-49.598464953571714,-27.39277601308717],[-49.59846614826478,-27.39277602523659],[-49.598556,-27.392778],[-49.598562,-27.392777],[-49.598617,-27.392767],[-49.597973,-27.39276],[-49.597972,-27.392771],[-49.597971,-27.392814],[-49.597971,-27.392856],[-49.597969,-27.392929],[-49.597968,-27.392981],[-49.597982,-27.392981],[-49.598114,-27.392931],[-49.598219,-27.392859]]],[[[-49.598661,-27.392771],[-49.598667,-27.392767],[-49.598617,-27.392767],[-49.598661,-27.392771]]],[[[-49.597975,-27.392616],[-49.597975,-27.392629],[-49.597975,-27.392661],[-49.597974,-27.39269],[-49.597974,-27.392705],[-49.597973,-27.39276],[-49.598667,-27.392767],[-49.598754,-27.392713],[-49.598907,-27.392699],[-49.598983,-27.392671],[-49.599017,-27.39264],[-49.59907,-27.392627],[-49.599165,-27.39262],[-49.597976,-27.392608],[-49.597975,-27.392616]]],[[[-49.599373,-27.392622],[-49.599418,-27.392611],[-49.599477,-27.39261],[-49.599512,-27.392588],[-49.599555,-27.392577],[-49.597976,-27.392561],[-49.597976,-27.392572],[-49.597976,-27.392595],[-49.597976,-27.392597],[-49.597976,-27.392608],[-49.599373,-27.392622]]],[[[-49.597972,-27.392079],[-49.597972,-27.392081],[-49.597973,-27.392094],[-49.597975,-27.392211],[-49.597976,-27.392251],[-49.597976,-27.392258],[-49.597988,-27.392251],[-49.598057,-27.392212],[-49.598315,-27.392098],[-49.598358,-27.392084],[-49.598362,-27.392083],[-49.597972,-27.392079]]],[[[-49.598643,-27.392152],[-49.598669,-27.392163],[-49.598682,-27.392168],[-49.598715,-27.392164],[-49.598787,-27.392154],[-49.598643,-27.392152]]],[[[-49.597163,-27.442692],[-49.597211,-27.442714],[-49.597211,-27.442716],[-49.597212,-27.442728],[-49.597213,-27.442738],[-49.597214,-27.442752],[-49.597217,-27.442738],[-49.597219,-27.442728],[-49.597231,-27.442716],[-49.597244,-27.442714],[-49.59739,-27.442694],[-49.59747,-27.442684],[-49.597497,-27.44268],[-49.597554,-27.442673],[-49.597044,-27.442667],[-49.597069,-27.442676],[-49.597081,-27.44268],[-49.597163,-27.442692]]],[[[-49.597381,-27.442134],[-49.59737,-27.442128],[-49.597232,-27.442133],[-49.597144,-27.442136],[-49.597389,-27.442139],[-49.597381,-27.442134]]],[[[-49.59248,-27.442085],[-49.592474,-27.442089],[-49.597144,-27.442136],[-49.597097,-27.442132],[-49.596978,-27.442119],[-49.596848,-27.442091],[-49.596629,-27.442085],[-49.59656,-27.442071],[-49.596447,-27.442048],[-49.596305,-27.442028],[-49.596235,-27.442019],[-49.596118,-27.442013],[-49.596028,-27.442001],[-49.595852,-27.44197],[-49.595676,-27.441939],[-49.595652,-27.441934],[-49.595624,-27.441927],[-49.59553,-27.441901],[-49.595348,-27.441838],[-49.595277,-27.441814],[-49.595235,-27.441799],[-49.595133,-27.441781],[-49.594952,-27.441762],[-49.593521,-27.441748],[-49.593443,-27.441764],[-49.593302,-27.44178],[-49.593188,-27.441793],[-49.593086,-27.441816],[-49.592922,-27.441875],[-49.592856,-27.441899],[-49.592785,-27.441906],[-49.592746,-27.441909],[-49.592629,-27.441937],[-49.592586,-27.441966],[-49.592568,-27.441977],[-49.592562,-27.441982],[-49.592549,-27.44199],[-49.592532,-27.442009],[-49.592512,-27.44203],[-49.592504,-27.442043],[-49.592502,-27.442047],[-49.592487,-27.442074],[-49.59248,-27.442085]]],[[[-49.594886,-27.441755],[-49.594569,-27.441758],[-49.594952,-27.441762],[-49.594886,-27.441755]]],[[[-49.596836,-27.432255],[-49.596867,-27.432233],[-49.596875,-27.432227],[-49.596515,-27.432223],[-49.596521,-27.432229],[-49.596539,-27.432252],[-49.596568,-27.432292],[-49.596586,-27.432311],[-49.596612,-27.43234],[-49.596664,-27.432396],[-49.596694,-27.432428],[-49.596696,-27.43243],[-49.596745,-27.432475],[-49.596774,-27.432502],[-49.596829,-27.432553],[-49.596838,-27.432561],[-49.596864,-27.432567],[-49.596901,-27.432575],[-49.596992,-27.432568],[-49.597014,-27.432563],[-49.597049,-27.432556],[-49.597107,-27.432506],[-49.597119,-27.432479],[-49.597063,-27.432434],[-49.597061,-27.432432],[-49.596994,-27.432399],[-49.596905,-27.432343],[-49.596874,-27.432314],[-49.596861,-27.432295],[-49.596836,-27.432255]]],[[[-49.596958,-27.432254],[-49.596983,-27.432228],[-49.596875,-27.432227],[-49.596924,-27.432254],[-49.596927,-27.432256],[-49.596958,-27.432254]]],[[[-49.593969,-27.441719],[-49.593636,-27.44173],[-49.593599,-27.441731],[-49.593568,-27.441738],[-49.59355,-27.441742],[-49.593521,-27.441748],[-49.594569,-27.441758],[-49.594372,-27.44175],[-49.594243,-27.441745],[-49.594188,-27.441737],[-49.594175,-27.441736],[-49.594143,-27.44172],[-49.594121,-27.44171],[-49.594115,-27.441707],[-49.594083,-27.441709],[-49.593969,-27.441719]]],[[[-49.586696,-27.456725],[-49.586697,-27.45672],[-49.5867,-27.456688],[-49.5867,-27.456687],[-49.58673,-27.456664],[-49.586763,-27.456637],[-49.586787,-27.456585],[-49.586801,-27.456555],[-49.586834,-27.456519],[-49.586976,-27.456448],[-49.587041,-27.456395],[-49.587056,-27.45637],[-49.587092,-27.456311],[-49.587109,-27.456284],[-49.587111,-27.456279],[-49.587116,-27.456268],[-49.587134,-27.45623],[-49.587153,-27.45619],[-49.587172,-27.456151],[-49.587181,-27.456124],[-49.587205,-27.456052],[-49.587221,-27.456005],[-49.587245,-27.455934],[-49.58725,-27.455919],[-49.587271,-27.45583],[-49.587284,-27.455771],[-49.587317,-27.45563],[-49.587318,-27.455624],[-49.587319,-27.455582],[-49.58732,-27.455557],[-49.587322,-27.455498],[-49.587325,-27.455339],[-49.587327,-27.455258],[-49.587325,-27.455149],[-49.587322,-27.455059],[-49.587315,-27.454987],[-49.587291,-27.454734],[-49.587288,-27.45472],[-49.58727,-27.454599],[-49.587259,-27.454422],[-49.587256,-27.454378],[-49.587254,-27.454336],[-49.587247,-27.454301],[-49.587234,-27.454234],[-49.58723,-27.454214],[-49.587203,-27.454159],[-49.587199,-27.45415],[-49.587186,-27.45409],[-49.587184,-27.454078],[-49.587128,-27.454014],[-49.587075,-27.453991],[-49.586835,-27.453888],[-49.586817,-27.453879],[-49.586213,-27.453873],[-49.586223,-27.453882],[-49.586338,-27.453984],[-49.586372,-27.454007],[-49.586464,-27.45407],[-49.586481,-27.454082],[-49.586525,-27.454143],[-49.586532,-27.454153],[-49.586626,-27.454208],[-49.586661,-27.454228],[-49.586751,-27.454296],[-49.586785,-27.454331],[-49.586826,-27.454374],[-49.586844,-27.454418],[-49.586877,-27.454595],[-49.586899,-27.454716],[-49.5869,-27.45473],[-49.586911,-27.454983],[-49.586923,-27.455055],[-49.586938,-27.455145],[-49.586933,-27.455254],[-49.58693,-27.455335],[-49.586891,-27.455494],[-49.586925,-27.455553],[-49.586905,-27.455578],[-49.586907,-27.45562],[-49.586907,-27.455626],[-49.586863,-27.455767],[-49.586868,-27.455826],[-49.586842,-27.455915],[-49.586838,-27.45593],[-49.586773,-27.456001],[-49.586695,-27.456047],[-49.586663,-27.456118],[-49.58664,-27.456146],[-49.586608,-27.456185],[-49.586559,-27.456225],[-49.586493,-27.456262],[-49.586432,-27.456272],[-49.586418,-27.456277],[-49.586355,-27.456304],[-49.586249,-27.456362],[-49.586211,-27.456386],[-49.586127,-27.45644],[-49.586014,-27.456511],[-49.585959,-27.456546],[-49.585912,-27.456576],[-49.585814,-27.456628],[-49.585764,-27.456654],[-49.585689,-27.456677],[-49.585686,-27.456678],[-49.585645,-27.45671],[-49.585637,-27.456714],[-49.585606,-27.456732],[-49.585402,-27.456855],[-49.585342,-27.456879],[-49.585255,-27.456915],[-49.585215,-27.456931],[-49.585158,-27.456961],[-49.585142,-27.456969],[-49.584976,-27.457069],[-49.584599,-27.457318],[-49.58458,-27.457335],[-49.584523,-27.45739],[-49.584449,-27.457476],[-49.58439,-27.457521],[-49.584326,-27.457531],[-49.585563,-27.457544],[-49.585582,-27.457533],[-49.58566,-27.457488],[-49.585808,-27.457403],[-49.585902,-27.457349],[-49.585927,-27.457331],[-49.586277,-27.457083],[-49.586419,-27.456982],[-49.58643,-27.456974],[-49.58644,-27.456944],[-49.586445,-27.456927],[-49.586476,-27.456891],[-49.58651,-27.456866],[-49.586682,-27.456743],[-49.586696,-27.456725]]],[[[-49.585357,-27.453991],[-49.585387,-27.453997],[-49.585403,-27.454],[-49.585417,-27.453997],[-49.585444,-27.453992],[-49.585451,-27.453988],[-49.585481,-27.45397],[-49.585035,-27.453966],[-49.585338,-27.453987],[-49.585357,-27.453991]]],[[[-49.585597,-27.453923],[-49.585673,-27.453926],[-49.585684,-27.453924],[-49.585686,-27.453923],[-49.585582,-27.453922],[-49.585597,-27.453923]]],[[[-49.583445,-27.453845],[-49.586817,-27.453879],[-49.586804,-27.453872],[-49.58679,-27.453865],[-49.583348,-27.45383],[-49.5834,-27.453838],[-49.583445,-27.453845]]],[[[-49.584598,-27.453588],[-49.58459,-27.45359],[-49.584562,-27.453599],[-49.584382,-27.453606],[-49.586459,-27.453628],[-49.586447,-27.453618],[-49.586435,-27.453609],[-49.58643,-27.453606],[-49.586416,-27.453598],[-49.584748,-27.453582],[-49.584598,-27.453588]]],[[[-49.585134,-27.453583],[-49.58512,-27.453585],[-49.586416,-27.453598],[-49.586411,-27.453596],[-49.586359,-27.453569],[-49.586284,-27.453529],[-49.586217,-27.453501],[-49.58546,-27.453493],[-49.585387,-27.45352],[-49.585283,-27.453558],[-49.585134,-27.453583]]],[[[-49.586217,-27.453501],[-49.586208,-27.453497],[-49.586204,-27.453495],[-49.586056,-27.453477],[-49.586047,-27.453477],[-49.585906,-27.453492],[-49.585891,-27.453494],[-49.58586,-27.453497],[-49.586217,-27.453501]]],[[[-49.58546,-27.453493],[-49.58586,-27.453497],[-49.58583,-27.453493],[-49.585678,-27.453473],[-49.585643286549704,-27.45347278167641],[-49.585527,-27.453469],[-49.58552,-27.453471],[-49.585519,-27.453472],[-49.585469,-27.45349],[-49.58546,-27.453493]]],[[[-49.585362,-27.447342],[-49.585393,-27.447369],[-49.585395,-27.447375],[-49.585407,-27.4474],[-49.585423,-27.447376],[-49.585427,-27.44737],[-49.585445,-27.447343],[-49.585451,-27.447335],[-49.585335,-27.447334],[-49.585362,-27.447342]]],[[[-49.58351,-27.44723],[-49.583496,-27.447236],[-49.583442,-27.447257],[-49.583404,-27.447271],[-49.583329,-27.447295],[-49.583295,-27.447296],[-49.583268,-27.447296],[-49.583222,-27.447312],[-49.585451,-27.447335],[-49.585462,-27.447319],[-49.585463,-27.447318],[-49.585464,-27.447316],[-49.585486,-27.447292],[-49.585499,-27.447278],[-49.58553,-27.447256],[-49.58554730769231,-27.44725144534413],[-49.58555692546581,-27.44725154658385],[-49.585636,-27.447257],[-49.585695,-27.447253],[-49.585732,-27.44725],[-49.585879,-27.44723],[-49.585968,-27.447204],[-49.586006,-27.447193],[-49.586096,-27.447176],[-49.586212,-27.447117],[-49.586241,-27.447103],[-49.583991,-27.44708],[-49.583908,-27.447094],[-49.583729,-27.447152],[-49.583675,-27.447169],[-49.58364,-27.44718],[-49.583571,-27.447207],[-49.583517,-27.447228],[-49.58351,-27.44723]]],[[[-49.586241,-27.447103],[-49.586309,-27.447105],[-49.586312,-27.447103],[-49.586241,-27.447103]]],[[[-49.586312,-27.447103],[-49.586428,-27.447033],[-49.586456,-27.447025],[-49.586495,-27.447014],[-49.586569,-27.446982],[-49.584725,-27.446964],[-49.584507,-27.446994],[-49.584425,-27.447005],[-49.584379,-27.447013],[-49.583991,-27.44708],[-49.586312,-27.447103]]],[[[-49.587449,-27.446605],[-49.587503,-27.446585],[-49.587608,-27.446539],[-49.587703,-27.446498],[-49.587795,-27.446458],[-49.587801,-27.446455],[-49.587852,-27.446422],[-49.58786,-27.446417],[-49.586698,-27.446405],[-49.586695,-27.44641],[-49.586657,-27.446443],[-49.586654,-27.446446],[-49.586587,-27.446487],[-49.586497,-27.446528],[-49.586299,-27.446573],[-49.586217,-27.446592],[-49.586148,-27.446617],[-49.586055,-27.446651],[-49.585691,-27.446732],[-49.585643,-27.446743],[-49.585392,-27.446827],[-49.585294,-27.446864],[-49.585205,-27.446897],[-49.585185,-27.446905],[-49.585156,-27.446922],[-49.58501,-27.446962],[-49.584891,-27.446965],[-49.586569,-27.446982],[-49.586578,-27.446978],[-49.586675,-27.446938],[-49.586716,-27.44692],[-49.586733,-27.446913],[-49.586846,-27.44688],[-49.586944,-27.446843],[-49.587166,-27.446759],[-49.587195,-27.446748],[-49.587325,-27.446664],[-49.587378,-27.44663],[-49.587449,-27.446605]]],[[[-49.586728,-27.446183],[-49.586687,-27.446125],[-49.586642,-27.446077],[-49.586629,-27.446063],[-49.586633,-27.446077],[-49.586649,-27.446125],[-49.586669,-27.446182],[-49.586704,-27.446288],[-49.586715,-27.446342],[-49.586712,-27.446373],[-49.586701,-27.446398],[-49.586698,-27.446405],[-49.586902,-27.446407],[-49.586861,-27.446399],[-49.586846,-27.446375],[-49.586827,-27.446343],[-49.586793,-27.446289],[-49.586728,-27.446183]]],[[[-49.584008,-27.458416],[-49.58416,-27.458304],[-49.584251,-27.458248],[-49.58429,-27.458219],[-49.584343,-27.45818],[-49.584371,-27.458164],[-49.584382,-27.458158],[-49.584426,-27.458132],[-49.584512,-27.458082],[-49.584579,-27.45803],[-49.584594,-27.458018],[-49.584726,-27.457933],[-49.584855,-27.457873],[-49.585009,-27.457814],[-49.585027,-27.457807],[-49.585056,-27.457793],[-49.585133,-27.457758],[-49.5852,-27.457726],[-49.585203,-27.457725],[-49.585367,-27.457649],[-49.585427,-27.457622],[-49.585484,-27.457589],[-49.585497,-27.457581],[-49.585511,-27.457573],[-49.585532,-27.457562],[-49.585563,-27.457544],[-49.583924,-27.457527],[-49.583928,-27.457545],[-49.58392,-27.457557],[-49.583872,-27.457565],[-49.583826657134125,-27.457572717934617],[-49.5838239363739,-27.45757269120533],[-49.583794,-27.457564],[-49.583753,-27.457553],[-49.58374,-27.45755],[-49.583623,-27.457539],[-49.583597,-27.45752],[-49.583563,-27.457495],[-49.583554,-27.457493],[-49.583533,-27.457489],[-49.583517,-27.457493],[-49.583516,-27.457495],[-49.5835,-27.457519],[-49.58351,-27.457538],[-49.583516,-27.457547],[-49.583518,-27.457551],[-49.583536,-27.457561],[-49.58355,-27.45757],[-49.583607,-27.457603],[-49.583656,-27.457632],[-49.583959,-27.457713],[-49.584199,-27.457716],[-49.584226,-27.457748],[-49.584223,-27.457785],[-49.584214,-27.457798],[-49.58421,-27.457805],[-49.584128,-27.457866],[-49.584045,-27.457926],[-49.58393,-27.458011],[-49.583914,-27.458023],[-49.583821,-27.458075],[-49.58373,-27.458125],[-49.583636,-27.45815],[-49.583554832487295,-27.458155939086293],[-49.58355370374606,-27.458155927938233],[-49.58348,-27.458138],[-49.583295,-27.458056],[-49.583132,-27.457984],[-49.582943,-27.457924],[-49.582938,-27.457921],[-49.58292,-27.457908],[-49.582848,-27.457824],[-49.582834,-27.457811],[-49.582776,-27.457757],[-49.582742,-27.457724],[-49.582739,-27.457721],[-49.582717,-27.457702],[-49.582652,-27.457647],[-49.58258,-27.457586],[-49.582539,-27.457551],[-49.582503,-27.457503],[-49.582502,-27.457502],[-49.582456,-27.457425],[-49.582423,-27.45737],[-49.582378,-27.457295],[-49.582365,-27.457238],[-49.582299,-27.457113],[-49.582236,-27.457023],[-49.582203,-27.457004],[-49.582186,-27.456978],[-49.582078,-27.456818],[-49.582064,-27.456779],[-49.582033,-27.456693],[-49.581989,-27.456611],[-49.581949,-27.456557],[-49.581936,-27.456471],[-49.581914,-27.456407],[-49.581909,-27.456392],[-49.581891,-27.456381],[-49.58183,-27.456369],[-49.581818,-27.456367],[-49.581803,-27.456356],[-49.58176,-27.456301],[-49.581686,-27.456206],[-49.581629,-27.45612],[-49.581605,-27.456097],[-49.581407,-27.455901],[-49.581344,-27.455838],[-49.581279,-27.455799],[-49.581232,-27.455769],[-49.58119,-27.455743],[-49.581088,-27.45568],[-49.581086,-27.455679],[-49.581067,-27.455667],[-49.580996,-27.455637],[-49.580946,-27.455615],[-49.580933,-27.455608],[-49.580238,-27.455601],[-49.580266,-27.455608],[-49.580348,-27.45563],[-49.580406,-27.45566],[-49.580429,-27.455672],[-49.580448,-27.455674],[-49.580474,-27.455736],[-49.580494,-27.455762],[-49.580586,-27.455792],[-49.580663,-27.455831],[-49.580783,-27.455895],[-49.581045,-27.456091],[-49.581066,-27.456115],[-49.58114,-27.456201],[-49.581222,-27.456295],[-49.581255,-27.45635],[-49.581262,-27.456361],[-49.581263,-27.456363],[-49.581278,-27.456375],[-49.581292,-27.456386],[-49.58131,-27.4564],[-49.58136,-27.456466],[-49.581425,-27.456552],[-49.581466,-27.456606],[-49.581528,-27.456688],[-49.581594,-27.456774],[-49.581616,-27.456814],[-49.581705,-27.456973],[-49.581721,-27.456999],[-49.581732,-27.457018],[-49.581787,-27.457108],[-49.581863,-27.457233],[-49.581897,-27.45729],[-49.581943,-27.457366],[-49.581984,-27.45742],[-49.582009,-27.457497],[-49.582009,-27.457498],[-49.582017,-27.457546],[-49.582024,-27.45758],[-49.582027,-27.457641],[-49.582016,-27.457695],[-49.582023,-27.457713],[-49.582024,-27.457717],[-49.582079,-27.45775],[-49.582082,-27.457804],[-49.58209,-27.457817],[-49.582143,-27.4579],[-49.582151,-27.457913],[-49.582153,-27.457916],[-49.582197,-27.457975],[-49.58225,-27.458046],[-49.582329,-27.458126],[-49.582346,-27.458144],[-49.582362,-27.45816],[-49.582401,-27.4582],[-49.582426,-27.45823],[-49.582473,-27.458286],[-49.582569,-27.458401],[-49.582599,-27.458437],[-49.582663,-27.458514],[-49.582729,-27.458566],[-49.582741,-27.458573],[-49.582872,-27.458654],[-49.58297,-27.458714],[-49.58297,-27.458715],[-49.583097,-27.458764],[-49.583144,-27.458777],[-49.583152,-27.458779],[-49.583189,-27.458783],[-49.583261,-27.458792],[-49.583303,-27.458784],[-49.583394,-27.458781],[-49.583441,-27.45878],[-49.583486,-27.458768],[-49.583666,-27.458722],[-49.583668,-27.458721],[-49.583797,-27.458663],[-49.583891,-27.458585],[-49.583895,-27.458578],[-49.583927,-27.458527],[-49.583973,-27.458451],[-49.584008,-27.458416]]],[[[-49.583936,-27.457367],[-49.583932,-27.457365],[-49.583871,-27.457338],[-49.583825,-27.457328],[-49.583808,-27.457324],[-49.583801,-27.457327],[-49.583783,-27.457337],[-49.583735,-27.457363],[-49.583734,-27.457365],[-49.583719,-27.457385],[-49.583722,-27.457398],[-49.583723,-27.4574],[-49.583734,-27.457414],[-49.583741,-27.457419],[-49.583788,-27.457451],[-49.583806,-27.457463],[-49.583887,-27.457501],[-49.583922,-27.457517],[-49.583923,-27.457518],[-49.583924,-27.457527],[-49.584326,-27.457531],[-49.584269,-27.457522],[-49.584267,-27.45752],[-49.584241,-27.457504],[-49.584211,-27.457467],[-49.584201,-27.457455],[-49.58413,-27.457423],[-49.584118,-27.457418],[-49.58408,-27.457403],[-49.584074,-27.457402],[-49.584019,-27.457388],[-49.583936,-27.457367]]],[[[-49.58467,-27.45398],[-49.584909,-27.453982],[-49.585035,-27.453966],[-49.584479,-27.45396],[-49.584572,-27.453978],[-49.584577,-27.453979],[-49.584597,-27.453983],[-49.584609,-27.453985],[-49.584632,-27.453983],[-49.58467,-27.45398]]],[[[-49.585582,-27.453922],[-49.584207,-27.453908],[-49.58421,-27.453909],[-49.584266,-27.453919],[-49.584479,-27.45396],[-49.585481,-27.45397],[-49.585546,-27.453932],[-49.58558,-27.453923],[-49.585582,-27.453922]]],[[[-49.584207,-27.453908],[-49.585686,-27.453923],[-49.585702,-27.453919],[-49.585711,-27.453917],[-49.584094,-27.453901],[-49.584185,-27.453904],[-49.584207,-27.453908]]],[[[-49.583556,-27.453862],[-49.583696,-27.453883],[-49.583751,-27.453891],[-49.583791,-27.453898],[-49.585711,-27.453917],[-49.585733,-27.453912],[-49.585875,-27.453905],[-49.585946,-27.453886],[-49.586098,-27.453884],[-49.586131,-27.453881],[-49.586213,-27.453873],[-49.583445,-27.453845],[-49.583508,-27.453854],[-49.583533,-27.453858],[-49.583556,-27.453862]]],[[[-49.58399,-27.453906],[-49.584008,-27.453907],[-49.584015,-27.453906],[-49.584094,-27.453901],[-49.583791,-27.453898],[-49.58399,-27.453906]]],[[[-49.582717,-27.453823],[-49.58679,-27.453865],[-49.586786,-27.453863],[-49.586722,-27.453829],[-49.586706,-27.453821],[-49.586647,-27.453775],[-49.586643,-27.453772],[-49.582135,-27.453726],[-49.582215,-27.45373],[-49.58242,-27.453777],[-49.582457,-27.453786],[-49.582669,-27.453821],[-49.582717,-27.453823]]],[[[-49.581667,-27.453619],[-49.58176,-27.453648],[-49.581881,-27.453659],[-49.582063,-27.453719],[-49.582072,-27.453725],[-49.586643,-27.453772],[-49.586635,-27.453765],[-49.58656,-27.453707],[-49.586547,-27.453696],[-49.586511,-27.453668],[-49.586459,-27.453628],[-49.581573,-27.453578],[-49.581667,-27.453619]]],[[[-49.585098,-27.453583],[-49.585093,-27.453582],[-49.58504,-27.453575],[-49.584806,-27.453579],[-49.584796,-27.45358],[-49.584748,-27.453582],[-49.58512,-27.453585],[-49.585098,-27.453583]]],[[[-49.584183,-27.453576],[-49.584166,-27.453573],[-49.584113,-27.453575],[-49.584028,-27.453578],[-49.58421,-27.45358],[-49.584183,-27.453576]]],[[[-49.583574,-27.453256],[-49.583364,-27.453254],[-49.583421,-27.453259],[-49.583441,-27.453261],[-49.583477,-27.45326],[-49.583574,-27.453256]]],[[[-49.583862,-27.45309],[-49.583061,-27.453091],[-49.583034,-27.453093],[-49.58289257598554,-27.453101963493875],[-49.58288929066246,-27.453101929652476],[-49.582769,-27.45309],[-49.582639,-27.45306],[-49.582526,-27.453052],[-49.582487,-27.45305],[-49.582379,-27.453036],[-49.581454,-27.453027],[-49.581489,-27.453039],[-49.581495,-27.453042],[-49.581501,-27.453048],[-49.581527,-27.453077],[-49.581537,-27.453088],[-49.581552,-27.453104],[-49.581576,-27.453112],[-49.581587,-27.453115],[-49.581651,-27.453119],[-49.581767,-27.453147],[-49.581915,-27.453165],[-49.582025,-27.453179],[-49.582091,-27.453187],[-49.582206,-27.453209],[-49.582234,-27.453213],[-49.582342,-27.453226],[-49.583889,-27.453242],[-49.583941,-27.45323],[-49.583944,-27.453227],[-49.583966,-27.453206],[-49.583975,-27.453199],[-49.583982,-27.453186],[-49.583981,-27.453169],[-49.583979,-27.453143],[-49.583979,-27.45314],[-49.583978,-27.453136],[-49.583974,-27.453129],[-49.583964,-27.453113],[-49.583964,-27.453112],[-49.583947,-27.453102],[-49.583931,-27.4531],[-49.583862,-27.45309]]],[[[-49.58486,-27.447426],[-49.585035,-27.447372],[-49.585195,-27.447359],[-49.585335,-27.447334],[-49.583222,-27.447312],[-49.583146,-27.447338],[-49.583105,-27.447352],[-49.582946,-27.447406],[-49.582933,-27.447411],[-49.582907,-27.447424],[-49.582827,-27.447466],[-49.582818,-27.44747],[-49.58276,-27.447501],[-49.582742,-27.44751],[-49.582676,-27.447544],[-49.582674,-27.447546],[-49.582655,-27.447558],[-49.582637,-27.447569],[-49.582615,-27.447583],[-49.582528,-27.447637],[-49.582524,-27.44764],[-49.582427,-27.447701],[-49.582328,-27.447763],[-49.582257,-27.447808],[-49.582255,-27.447809],[-49.58218514449887,-27.44783594426472],[-49.582175134268795,-27.44783584168337],[-49.582128,-27.447835],[-49.582082,-27.447821],[-49.582093,-27.447835],[-49.582097,-27.447839],[-49.5821,-27.447842],[-49.5821,-27.447846],[-49.582103,-27.44788],[-49.582098,-27.44789],[-49.582076,-27.447928],[-49.58207,-27.447934],[-49.582034,-27.447974],[-49.582031,-27.447976],[-49.581965,-27.448027],[-49.581911,-27.448069],[-49.581862,-27.448107],[-49.581739,-27.448203],[-49.581709,-27.448224],[-49.581707,-27.448226],[-49.581668,-27.448254],[-49.581531,-27.448353],[-49.581466,-27.448399],[-49.581459,-27.448404],[-49.581439,-27.44842],[-49.581319,-27.448512],[-49.581255,-27.448562],[-49.581182,-27.448618],[-49.581157,-27.448637],[-49.581124,-27.448668],[-49.581067,-27.448722],[-49.581009,-27.448765],[-49.580994,-27.448776],[-49.580977,-27.448789],[-49.580963,-27.4488],[-49.58091,-27.448845],[-49.580853,-27.448894],[-49.580789,-27.448949],[-49.580742,-27.448989],[-49.58065,-27.449069],[-49.580638,-27.449079],[-49.581262,-27.449085],[-49.581264,-27.449075],[-49.581326,-27.448995],[-49.581391,-27.448955],[-49.581461,-27.4489],[-49.581544,-27.448851],[-49.581597,-27.448806],[-49.58161,-27.448795],[-49.58167,-27.448783],[-49.581689,-27.448772],[-49.581732,-27.448729],[-49.581751,-27.448675],[-49.581802,-27.448644],[-49.581834,-27.448624],[-49.581886,-27.448568],[-49.581947,-27.448518],[-49.58212,-27.448427],[-49.582175,-27.448411],[-49.582192,-27.448407],[-49.582307,-27.448361],[-49.582467,-27.448262],[-49.582543,-27.448235],[-49.582619,-27.448234],[-49.582688,-27.448213],[-49.582802,-27.448117],[-49.582871,-27.448079],[-49.582922,-27.448037],[-49.583017,-27.447986],[-49.583019,-27.447984],[-49.583073,-27.447945],[-49.583086,-27.447939],[-49.583169,-27.447901],[-49.583183,-27.447891],[-49.583231,-27.447857],[-49.583244,-27.447854],[-49.583257,-27.447851],[-49.583264,-27.447847],[-49.58310094936162,-27.447845329113868],[-49.583265,-27.447847],[-49.583312,-27.44782],[-49.583314,-27.447818],[-49.583418,-27.447774],[-49.583521,-27.447712],[-49.583689,-27.447651],[-49.583723,-27.447649],[-49.583932,-27.447596],[-49.58395892329749,-27.447582538351256],[-49.583963888749416,-27.44758258920446],[-49.583993,-27.447587],[-49.584004,-27.447583],[-49.584037,-27.447572],[-49.584136,-27.447561],[-49.584139,-27.447559],[-49.58422019894958,-27.447525332142856],[-49.58422437954241,-27.44752537550471],[-49.584239,-27.447527],[-49.584266,-27.447548],[-49.584286,-27.447563],[-49.584307,-27.4476],[-49.584333,-27.447644],[-49.584343,-27.4476],[-49.584352,-27.447564],[-49.584356,-27.447549],[-49.584379,-27.447528],[-49.584381,-27.447527],[-49.584391,-27.447517],[-49.58452,-27.447488],[-49.584658,-27.447484],[-49.584777,-27.447443],[-49.584839,-27.44743],[-49.58486,-27.447426]],[[-49.5839099878694,-27.44758203718374],[-49.58390998786953,-27.44758203718374],[-49.582615,-27.447583],[-49.5839099878694,-27.44758203718374]]],[[[-49.58479,-27.446955],[-49.584752,-27.44696],[-49.584725,-27.446964],[-49.584891,-27.446965],[-49.584849,-27.446961],[-49.58479,-27.446955]]],[[[-49.581432,-27.474568],[-49.581271,-27.474594],[-49.581188,-27.474607],[-49.581097,-27.474653],[-49.58105301327548,-27.47466351856456],[-49.58103900723035,-27.474663375376583],[-49.580955,-27.474659],[-49.580667,-27.474646],[-49.580561,-27.47463],[-49.579667,-27.474621],[-49.57941,-27.474633],[-49.57923069402847,-27.474641676095395],[-49.57921303315804,-27.474641498658652],[-49.578699,-27.474618],[-49.578547,-27.474596],[-49.578435,-27.474561],[-49.57832,-27.474515],[-49.578304,-27.474506],[-49.578233,-27.474462],[-49.578226,-27.474445],[-49.578175,-27.47432],[-49.578171,-27.474309],[-49.578148,-27.47428],[-49.578119,-27.474243],[-49.578069,-27.47415],[-49.577973,-27.473974],[-49.577954,-27.473939],[-49.57792,-27.473847],[-49.577829,-27.473606],[-49.577787,-27.473493],[-49.57778,-27.47348],[-49.577758,-27.473439],[-49.57773,-27.473361],[-49.577708,-27.473303],[-49.577685,-27.473277],[-49.57767,-27.473221],[-49.577602,-27.473058],[-49.577599,-27.473031],[-49.577595,-27.473004],[-49.577577,-27.472979],[-49.577585,-27.472975],[-49.577551,-27.472924],[-49.577557,-27.47292],[-49.577125,-27.472915],[-49.577127,-27.47292],[-49.577153,-27.472971],[-49.577155,-27.472975],[-49.577167,-27.472999],[-49.577181,-27.473026],[-49.577191,-27.473054],[-49.577252,-27.473217],[-49.577299,-27.473274],[-49.57732,-27.473299],[-49.577369,-27.473358],[-49.577408,-27.473435],[-49.577428,-27.473476],[-49.577438,-27.473489],[-49.577526,-27.473603],[-49.57761,-27.473844],[-49.577626,-27.473935],[-49.577632,-27.47397],[-49.577689,-27.474146],[-49.577748,-27.474239],[-49.577771,-27.474276],[-49.577799,-27.474306],[-49.577809,-27.474316],[-49.577871,-27.474442],[-49.577884,-27.474459],[-49.577915,-27.474502],[-49.577919,-27.474511],[-49.577938,-27.474556],[-49.577952,-27.47459],[-49.577961,-27.47461],[-49.577969,-27.474629],[-49.57797,-27.474632],[-49.578009,-27.474723],[-49.578056,-27.474778],[-49.578079,-27.474804],[-49.578155,-27.474823],[-49.578275,-27.474852],[-49.578362,-27.474892],[-49.578363,-27.474893],[-49.578391,-27.474906],[-49.578392,-27.474907],[-49.580827,-27.474932],[-49.580839,-27.474931],[-49.581033,-27.47492],[-49.58125,-27.474922],[-49.581387,-27.474883],[-49.581484,-27.474856],[-49.581585,-27.47484],[-49.581732,-27.474815],[-49.581715,-27.474761],[-49.581687,-27.47467],[-49.581684,-27.474659],[-49.581669,-27.474612],[-49.581665,-27.474598],[-49.581653,-27.47457],[-49.581649,-27.474559],[-49.581636,-27.47455],[-49.581546,-27.474558],[-49.581432,-27.474568]]],[[[-49.58326,-27.453841],[-49.583294,-27.453837],[-49.583348,-27.45383],[-49.582717,-27.453823],[-49.582911,-27.453833],[-49.582948,-27.453838],[-49.583108,-27.453859],[-49.583147,-27.453865],[-49.583207,-27.45386],[-49.58326,-27.453841]]],[[[-49.582128,-27.453729],[-49.582135,-27.453726],[-49.582072,-27.453725],[-49.582077,-27.453729],[-49.582097,-27.453743],[-49.582128,-27.453729]]],[[[-49.584382,-27.453606],[-49.584319,-27.453597],[-49.584221,-27.453582],[-49.58421,-27.45358],[-49.581516,-27.453553],[-49.581519,-27.453554],[-49.581552,-27.453569],[-49.581573,-27.453578],[-49.584382,-27.453606]]],[[[-49.581679,-27.453248],[-49.581614,-27.45321],[-49.581587,-27.453184],[-49.581554,-27.453152],[-49.581464,-27.453092],[-49.581423,-27.453055],[-49.581425,-27.453035],[-49.581454,-27.453027],[-49.58088,-27.453021],[-49.580891,-27.453029],[-49.58092,-27.45305],[-49.58097,-27.453087],[-49.581052,-27.453147],[-49.581095,-27.453179],[-49.581117,-27.453205],[-49.58115,-27.453243],[-49.581197,-27.453297],[-49.581274,-27.453388],[-49.581317,-27.453437],[-49.581326,-27.453448],[-49.58135,-27.453461],[-49.581383,-27.453479],[-49.58145,-27.453516],[-49.581504,-27.453546],[-49.581509,-27.453549],[-49.581516,-27.453553],[-49.584028,-27.453578],[-49.583879,-27.453573],[-49.583774,-27.453569],[-49.583305,-27.453535],[-49.583037,-27.453496],[-49.582764,-27.453475],[-49.58268,-27.453461],[-49.582613,-27.45345],[-49.582185,-27.453397],[-49.581825,-27.453304],[-49.581679,-27.453248]]],[[[-49.582555,-27.45325],[-49.582671,-27.453256],[-49.582706,-27.453257],[-49.582754,-27.453267],[-49.582774,-27.453271],[-49.582832,-27.453282],[-49.582925,-27.453272],[-49.58307,-27.45327],[-49.58313,-27.453261],[-49.583138,-27.45326],[-49.583239,-27.453257],[-49.583364,-27.453254],[-49.582528,-27.453245],[-49.582555,-27.45325]]],[[[-49.583574,-27.453256],[-49.583881,-27.453244],[-49.583887,-27.453242],[-49.583889,-27.453242],[-49.582438,-27.453227],[-49.582446,-27.453229],[-49.582528,-27.453245],[-49.583574,-27.453256]]],[[[-49.58088,-27.453021],[-49.582379,-27.453036],[-49.582294,-27.453026],[-49.580867,-27.453012],[-49.58088,-27.453021]]],[[[-49.582228,-27.453018],[-49.58202,-27.453023],[-49.582294,-27.453026],[-49.582228,-27.453018]]],[[[-49.581376,-27.452812],[-49.581347,-27.452795],[-49.581295,-27.452763],[-49.58105,-27.452567],[-49.580981,-27.452512],[-49.580912,-27.452457],[-49.580901,-27.452448],[-49.580783,-27.452375],[-49.580746,-27.452352],[-49.580663,-27.452251],[-49.580471,-27.45202],[-49.580383,-27.451843],[-49.580368,-27.451812],[-49.580356,-27.451782],[-49.579792,-27.451776],[-49.5798,-27.451806],[-49.579809,-27.451837],[-49.579908,-27.452014],[-49.580039,-27.452245],[-49.580089,-27.452345],[-49.5801,-27.452368],[-49.580154,-27.452441],[-49.580161,-27.45245],[-49.580225,-27.452504],[-49.580266,-27.452559],[-49.580449,-27.452754],[-49.580478,-27.452786],[-49.580501,-27.452803],[-49.580548,-27.45282],[-49.580614,-27.452859],[-49.580686,-27.452901],[-49.580711,-27.452916],[-49.580839,-27.452991],[-49.580857,-27.453004],[-49.580867,-27.453012],[-49.58202,-27.453023],[-49.581994,-27.453016],[-49.581945,-27.453002],[-49.581679,-27.452925],[-49.581562,-27.45291],[-49.581467,-27.452867],[-49.581403,-27.452829],[-49.581376,-27.452812]]],[[[-49.58013073512478,-27.474928639155472],[-49.580163,-27.474931],[-49.580386,-27.474947],[-49.58046,-27.474952],[-49.580527,-27.474949],[-49.580732,-27.474937],[-49.58077,-27.474935],[-49.580827,-27.474932],[-49.579454,-27.474918],[-49.579564,-27.474923],[-49.579636,-27.474926],[-49.58002735789457,-27.474927610526315],[-49.58013073512478,-27.474928639155472]]],[[[-49.578657,-27.474934],[-49.578771,-27.474946],[-49.57905,-27.474938],[-49.579204,-27.474934],[-49.579354,-27.474924],[-49.578478,-27.474915],[-49.578595,-27.474927],[-49.578657,-27.474934]]],[[[-49.580534,-27.474626],[-49.58049,-27.474619],[-49.58018,-27.474622],[-49.579994,-27.474624],[-49.580561,-27.47463],[-49.580534,-27.474626]]],[[[-49.579667,-27.474621],[-49.579994,-27.474624],[-49.579731,-27.474618],[-49.579667,-27.474621]]],[[[-49.579393,-27.45564],[-49.579401,-27.455634],[-49.579507,-27.455584],[-49.579515,-27.455581],[-49.579636,-27.45556],[-49.578952,-27.455553],[-49.578938,-27.455575],[-49.578936,-27.455578],[-49.578918,-27.455629],[-49.578916,-27.455636],[-49.578878,-27.455686],[-49.57884,-27.455737],[-49.578837,-27.45574],[-49.578821,-27.455821],[-49.5788,-27.455851],[-49.578796,-27.455861],[-49.578766,-27.455956],[-49.578761,-27.455983],[-49.578757,-27.45601],[-49.578742,-27.456041],[-49.578704,-27.456118],[-49.578701,-27.456145],[-49.578695,-27.456199],[-49.578669,-27.456253],[-49.578627,-27.45634],[-49.578618,-27.45636],[-49.578608,-27.456398],[-49.578604,-27.456414],[-49.578549,-27.456549],[-49.578548,-27.456553],[-49.578534,-27.456612],[-49.578499,-27.456653],[-49.578431,-27.456693],[-49.578357,-27.456791],[-49.57832,-27.456818],[-49.578262,-27.456834],[-49.578228,-27.456854],[-49.578138,-27.456882],[-49.57898,-27.45689],[-49.578983,-27.456862],[-49.578985,-27.456841],[-49.578987,-27.456825],[-49.578989,-27.456797],[-49.578999,-27.456698],[-49.579003,-27.456659],[-49.579007,-27.456617],[-49.579012,-27.456558],[-49.579013,-27.456554],[-49.57905,-27.456419],[-49.579054,-27.456402],[-49.579056,-27.456365],[-49.579057,-27.456344],[-49.579096,-27.456257],[-49.579096,-27.456203],[-49.579096,-27.456149],[-49.579102,-27.456122],[-49.57912,-27.456045],[-49.579141,-27.456014],[-49.579158,-27.455987],[-49.579166,-27.45596],[-49.579197,-27.455865],[-49.579204,-27.455855],[-49.579223,-27.455825],[-49.579274,-27.455744],[-49.579276,-27.455741],[-49.579326,-27.455691],[-49.579393,-27.45564]]],[[[-49.58087,-27.455573],[-49.580869,-27.455572],[-49.579636,-27.45556],[-49.579648,-27.455561],[-49.580147,-27.4556],[-49.580933,-27.455608],[-49.58087,-27.455573]]],[[[-49.580428,-27.455327],[-49.580363,-27.455311],[-49.580011,-27.455282],[-49.579988,-27.45528],[-49.579757,-27.45528],[-49.579553,-27.455303],[-49.579435,-27.455317],[-49.579251,-27.455359],[-49.579137,-27.455385],[-49.579101,-27.455407],[-49.579048,-27.455439],[-49.579044,-27.455443],[-49.578986,-27.455498],[-49.578972,-27.455519],[-49.578952,-27.455553],[-49.580869,-27.455572],[-49.580832,-27.455538],[-49.580818,-27.455516],[-49.580783,-27.455461],[-49.580779,-27.455457],[-49.580741,-27.455424],[-49.580687,-27.455401],[-49.580622,-27.455373],[-49.580428,-27.455327]]],[[[-49.580283,-27.451763],[-49.580266,-27.451781],[-49.580356,-27.451782],[-49.580349,-27.451764],[-49.580343,-27.451747],[-49.580339,-27.451736],[-49.580331,-27.451729],[-49.580307,-27.451729],[-49.580304,-27.451735],[-49.580299,-27.451747],[-49.580283,-27.451763]]],[[[-49.580106,-27.451447],[-49.580113,-27.451382],[-49.58013878028748,-27.45135621971253],[-49.58015119257592,-27.451356348470707],[-49.580172,-27.451394],[-49.580173,-27.451412],[-49.580178,-27.451467],[-49.580182,-27.451475],[-49.580191,-27.451494],[-49.580213,-27.451515],[-49.580239,-27.451541],[-49.580255,-27.451515],[-49.580253,-27.451494],[-49.580251,-27.451476],[-49.580248,-27.451467],[-49.580228,-27.451413],[-49.580223,-27.451394],[-49.580214,-27.451357],[-49.580173,-27.451191],[-49.58017,-27.451177],[-49.580146,-27.451041],[-49.580143,-27.450987],[-49.580161,-27.450938],[-49.580164,-27.450906],[-49.580145,-27.450838],[-49.580144,-27.450804],[-49.580163,-27.450686],[-49.580165,-27.450611],[-49.580191,-27.450554],[-49.580196,-27.450533],[-49.580251,-27.450273],[-49.580278,-27.450203],[-49.580336,-27.450054],[-49.580339,-27.450047],[-49.580387,-27.449961],[-49.58054,-27.449784],[-49.580564,-27.449746],[-49.580602,-27.449686],[-49.580686,-27.449597],[-49.580761,-27.449519],[-49.58082,-27.449456],[-49.580259,-27.44945],[-49.580202,-27.449513],[-49.580145,-27.449591],[-49.580096,-27.449681],[-49.580063,-27.449741],[-49.580046,-27.449778],[-49.579966,-27.449956],[-49.579927,-27.450043],[-49.579924,-27.45005],[-49.579872,-27.450199],[-49.579853,-27.450269],[-49.579782,-27.450529],[-49.57978,-27.45055],[-49.579775,-27.450607],[-49.579769,-27.450682],[-49.579758,-27.4508],[-49.579755,-27.450834],[-49.579749,-27.450902],[-49.579746,-27.450934],[-49.579742,-27.450983],[-49.579737,-27.451037],[-49.579725,-27.451172],[-49.579725,-27.451186],[-49.579732,-27.451352],[-49.579733,-27.451378],[-49.579736,-27.451443],[-49.579738,-27.451498],[-49.579752,-27.451602],[-49.57976,-27.45166],[-49.579762,-27.451667],[-49.579767,-27.451687],[-49.579778,-27.451728],[-49.579787,-27.451758],[-49.579792,-27.451776],[-49.580266,-27.451781],[-49.580236,-27.451763],[-49.580225,-27.451732],[-49.580226,-27.451692],[-49.580205,-27.451672],[-49.580203,-27.451665],[-49.580187,-27.451607],[-49.580134,-27.451502],[-49.580106,-27.451447]]],[[[-49.581262,-27.449085],[-49.580637,-27.449079],[-49.580626,-27.449089],[-49.580621,-27.449094],[-49.580592,-27.449122],[-49.580259,-27.44945],[-49.580821,-27.449456],[-49.581243,-27.449128],[-49.581269,-27.4491],[-49.581273,-27.449095],[-49.581273,-27.449086],[-49.581262,-27.449085]]],[[[-49.578427,-27.475017],[-49.578426,-27.475016],[-49.578419,-27.474998],[-49.578426,-27.474977],[-49.578435,-27.474949],[-49.578454,-27.474928],[-49.578456,-27.474925],[-49.578478,-27.474915],[-49.578395,-27.474914],[-49.578399,-27.474924],[-49.5784,-27.474927],[-49.578395,-27.474949],[-49.578388,-27.474977],[-49.578388,-27.474998],[-49.578389,-27.475015],[-49.578389,-27.475017],[-49.578406,-27.475039],[-49.578437,-27.475057],[-49.578448,-27.475072],[-49.578488,-27.475126],[-49.578524,-27.475148],[-49.578511,-27.475127],[-49.57848,-27.475073],[-49.578466,-27.475057],[-49.578448,-27.475039],[-49.578427,-27.475017]]],[[[-49.579354,-27.474924],[-49.579454,-27.474918],[-49.578392,-27.474907],[-49.578395,-27.474914],[-49.579354,-27.474924]]],[[[-49.577861,-27.462012],[-49.577908,-27.462014],[-49.577924,-27.462027],[-49.577931,-27.462046],[-49.577947,-27.462087],[-49.577955,-27.462094],[-49.577971,-27.462109],[-49.577994,-27.462112],[-49.57799,-27.462109],[-49.577974,-27.462094],[-49.577974,-27.462087],[-49.577979,-27.462046],[-49.577976,-27.462028],[-49.577975,-27.462015],[-49.577975,-27.462013],[-49.577861,-27.462012]]],[[[-49.578487,-27.460881],[-49.578524,-27.460782],[-49.578548,-27.460716],[-49.578569,-27.460659],[-49.57859,-27.460601],[-49.578627,-27.460503],[-49.578638,-27.460477],[-49.578704,-27.460327],[-49.578708,-27.460315],[-49.578756,-27.460153],[-49.578764,-27.460117],[-49.578768,-27.460095],[-49.578785,-27.460015],[-49.578788,-27.460001],[-49.578791,-27.459828],[-49.578791,-27.459774],[-49.578792,-27.45975],[-49.578792,-27.459743],[-49.5788,-27.459693],[-49.578806,-27.459655],[-49.578808,-27.459645],[-49.578811,-27.459632],[-49.578816,-27.459612],[-49.578822,-27.459585],[-49.578829,-27.459558],[-49.578835,-27.459531],[-49.578866,-27.459404],[-49.57887,-27.459396],[-49.578931,-27.459239],[-49.578947,-27.459199],[-49.578948,-27.459191],[-49.57895,-27.459176],[-49.578308,-27.459169],[-49.578283,-27.459184],[-49.578282,-27.459192],[-49.578275,-27.459232],[-49.578276,-27.45939],[-49.578273,-27.459398],[-49.578223,-27.459525],[-49.578238,-27.459552],[-49.578283,-27.459579],[-49.578302,-27.459607],[-49.578343,-27.459628],[-49.578347,-27.45964],[-49.578351,-27.45965],[-49.578342,-27.459688],[-49.578319,-27.459738],[-49.578316,-27.459745],[-49.578319,-27.459769],[-49.578346,-27.459824],[-49.578316,-27.459996],[-49.578313,-27.46001],[-49.578258,-27.460089],[-49.57825,-27.460112],[-49.578253,-27.460148],[-49.578265,-27.46031],[-49.578263,-27.460323],[-49.578237,-27.460473],[-49.578223,-27.460499],[-49.578172,-27.460597],[-49.578156,-27.460655],[-49.578128,-27.460712],[-49.578107,-27.460778],[-49.57809,-27.460877],[-49.578085,-27.460904],[-49.577984,-27.46112],[-49.577971,-27.461147],[-49.577954,-27.461201],[-49.57794,-27.461228],[-49.577871,-27.461357],[-49.577817,-27.461439],[-49.577744,-27.461551],[-49.577619,-27.461706],[-49.577571,-27.461766],[-49.577525,-27.461829],[-49.577468,-27.461907],[-49.577437,-27.461949],[-49.577425,-27.461966],[-49.577414,-27.461981],[-49.577414,-27.461982],[-49.577391,-27.462007],[-49.577975,-27.462013],[-49.577971,-27.461987],[-49.57797,-27.461986],[-49.577954,-27.461972],[-49.577914,-27.461954],[-49.577913,-27.461911],[-49.577963,-27.461833],[-49.578016,-27.46177],[-49.578067,-27.461711],[-49.578172,-27.461556],[-49.578249,-27.461444],[-49.578286,-27.461361],[-49.578344,-27.461232],[-49.578353,-27.461205],[-49.578372,-27.461151],[-49.578382,-27.461124],[-49.578475,-27.460908],[-49.578487,-27.460881]]],[[[-49.57899,-27.458707],[-49.578992,-27.458666],[-49.578993,-27.458643],[-49.578998,-27.458616],[-49.579004,-27.45858],[-49.579011,-27.458541],[-49.579016,-27.458341],[-49.579012,-27.458314],[-49.578976,-27.458097],[-49.57897,-27.458007],[-49.578971,-27.457962],[-49.578979,-27.457529],[-49.578982,-27.457393],[-49.578961,-27.457293],[-49.578969,-27.457222],[-49.578969,-27.457203],[-49.578968,-27.457018],[-49.578973,-27.456964],[-49.578979,-27.456904],[-49.57898,-27.45689],[-49.578532,-27.456886],[-49.578552,-27.456899],[-49.578572,-27.45696],[-49.57857,-27.457014],[-49.578565,-27.457199],[-49.578566,-27.457218],[-49.578572,-27.457289],[-49.578579,-27.457389],[-49.578589,-27.457525],[-49.578589,-27.457958],[-49.578592,-27.458003],[-49.578597,-27.458093],[-49.57861,-27.45831],[-49.578604,-27.458337],[-49.578555,-27.458536],[-49.578546,-27.458575],[-49.578498,-27.458611],[-49.578481,-27.458638],[-49.578466,-27.458661],[-49.578452,-27.458701],[-49.578419,-27.45885],[-49.578439,-27.458985],[-49.578437,-27.459025],[-49.578435,-27.459064],[-49.578417,-27.459158],[-49.578413,-27.459161],[-49.5784,-27.45917],[-49.57895,-27.459176],[-49.578951,-27.459166],[-49.578952,-27.459163],[-49.578966,-27.459069],[-49.578972,-27.45903],[-49.578974,-27.458991],[-49.578982,-27.458855],[-49.57899,-27.458707]]],[[[-49.578324,-27.45916],[-49.578308,-27.459169],[-49.5784,-27.45917],[-49.578324,-27.45916]]],[[[-49.578177,-27.457617],[-49.578167,-27.457601],[-49.578163,-27.457598],[-49.578124,-27.457563],[-49.578057,-27.457505],[-49.578014,-27.457489],[-49.577982,-27.457476],[-49.577766,-27.457443],[-49.577682,-27.457409],[-49.577646,-27.457383],[-49.577628,-27.45737],[-49.5776,-27.457325],[-49.577586,-27.45727],[-49.577573,-27.457216],[-49.577573,-27.457201],[-49.577573,-27.457181],[-49.577573,-27.457178],[-49.577573,-27.457175],[-49.577573,-27.457152],[-49.577585,-27.457137],[-49.577593,-27.457134],[-49.577618,-27.457123],[-49.577363,-27.45712],[-49.577366,-27.457132],[-49.577359,-27.457135],[-49.57733,-27.457149],[-49.577285,-27.457172],[-49.577279,-27.457175],[-49.57725,-27.45719],[-49.577252,-27.457197],[-49.577253,-27.4572],[-49.577264,-27.457197],[-49.577291,-27.45719],[-49.577344,-27.457176],[-49.57738622054381,-27.457173054380664],[-49.57738717142857,-27.457173064285715],[-49.577395,-27.457176],[-49.577405,-27.457179],[-49.57742,-27.457199],[-49.577425,-27.457215],[-49.577443,-27.457268],[-49.577448,-27.457323],[-49.577452,-27.457368],[-49.577453,-27.457381],[-49.577477,-27.457407],[-49.577508,-27.45744],[-49.577538,-27.457472],[-49.577549,-27.457484],[-49.577584,-27.4575],[-49.577713,-27.457559],[-49.577881,-27.457595],[-49.577891,-27.457599],[-49.577936,-27.457614],[-49.578036,-27.457676],[-49.578061,-27.457705],[-49.57807,-27.457731],[-49.578066,-27.457763],[-49.578062,-27.457786],[-49.578037,-27.45782],[-49.57801,-27.45784],[-49.577998,-27.457849],[-49.577933,-27.457863],[-49.577921,-27.457864],[-49.577861,-27.457867],[-49.578205,-27.457871],[-49.578208,-27.457867],[-49.578208,-27.457866],[-49.578219,-27.457851],[-49.578226,-27.457842],[-49.578232,-27.457822],[-49.578242,-27.457788],[-49.578249,-27.457765],[-49.578244,-27.457733],[-49.57824,-27.457707],[-49.57822,-27.457678],[-49.578177,-27.457617]]],[[[-49.578046,-27.456911],[-49.57799,-27.456912],[-49.577877007055434,-27.456932998688814],[-49.577876994971454,-27.45693299857214],[-49.577796,-27.45691],[-49.577782,-27.456907],[-49.577752,-27.456904],[-49.577746,-27.456906],[-49.577735,-27.45691],[-49.57767,-27.456931],[-49.577615,-27.456949],[-49.577602,-27.45695],[-49.577559,-27.456953],[-49.578344,-27.456961],[-49.578353,-27.456957],[-49.578355,-27.456956],[-49.578395,-27.456938],[-49.578443,-27.456917],[-49.578448,-27.456915],[-49.578491,-27.456895],[-49.578532,-27.456886],[-49.578138,-27.456882],[-49.578108,-27.456891],[-49.578046,-27.456911]]],[[[-49.577571,-27.47292],[-49.577557,-27.47292],[-49.577562,-27.472924],[-49.577567,-27.472928],[-49.577569,-27.472924],[-49.577571,-27.47292]]],[[[-49.577562,-27.472901],[-49.577503,-27.472759],[-49.577482,-27.472708],[-49.577459,-27.472653],[-49.577458,-27.47265],[-49.577434,-27.472611],[-49.577341,-27.472458],[-49.577208,-27.472239],[-49.577159,-27.472124],[-49.577116,-27.472024],[-49.577018,-27.47186],[-49.577016,-27.471856],[-49.577003,-27.47182],[-49.577019,-27.471743],[-49.577022,-27.471729],[-49.577015,-27.471691],[-49.576999,-27.471685],[-49.576576,-27.471681],[-49.576579,-27.471686],[-49.576599,-27.471724],[-49.576607,-27.471739],[-49.576632,-27.471817],[-49.576644,-27.471852],[-49.576646,-27.471857],[-49.576679,-27.472019],[-49.576763,-27.47212],[-49.576825,-27.472236],[-49.576943,-27.472454],[-49.576996,-27.472607],[-49.577023,-27.472646],[-49.577025,-27.472649],[-49.577029,-27.472703],[-49.577044,-27.472754],[-49.577115,-27.472896],[-49.577122,-27.472909],[-49.577125,-27.472915],[-49.577571,-27.47292],[-49.577575,-27.472913],[-49.577562,-27.472901]]],[[[-49.577391,-27.462007],[-49.57739,-27.462009],[-49.57737,-27.462031],[-49.57732,-27.462088],[-49.577276,-27.462138],[-49.577262,-27.462157],[-49.577174,-27.46228],[-49.57712,-27.462354],[-49.577115,-27.462361],[-49.577073,-27.462461],[-49.577058,-27.462495],[-49.577016,-27.462595],[-49.577012,-27.462603],[-49.576987,-27.462703],[-49.576986,-27.462707],[-49.576973,-27.462802],[-49.576953,-27.462856],[-49.576947,-27.462897],[-49.576938,-27.462951],[-49.576914,-27.463032],[-49.576906,-27.463059],[-49.576897,-27.463086],[-49.576886,-27.463122],[-49.576879,-27.463183],[-49.576878,-27.463194],[-49.576793,-27.463347],[-49.57679,-27.463351],[-49.576754,-27.46344],[-49.576716,-27.463532],[-49.576682,-27.463598],[-49.576644,-27.463673],[-49.576643,-27.463674],[-49.576613,-27.463733],[-49.576547,-27.463844],[-49.576501,-27.463952],[-49.576491,-27.463975],[-49.576462,-27.464094],[-49.576458,-27.464134],[-49.576448,-27.464245],[-49.576446,-27.464263],[-49.576446,-27.464264],[-49.576455,-27.464354],[-49.576459,-27.464403],[-49.576459,-27.464405],[-49.576441,-27.464466],[-49.576481,-27.464564],[-49.57648,-27.464571],[-49.576471,-27.464635],[-49.576473,-27.464675],[-49.5765,-27.46478],[-49.576501,-27.464787],[-49.576512,-27.464877],[-49.576518,-27.464896],[-49.576534,-27.46495],[-49.576538,-27.464956],[-49.576579,-27.465028],[-49.576596,-27.465079],[-49.576606,-27.465109],[-49.576605,-27.465208],[-49.576591,-27.465272],[-49.576578,-27.46533],[-49.576567,-27.465379],[-49.576532,-27.465465],[-49.576512,-27.465627],[-49.576502,-27.465708],[-49.576492,-27.465785],[-49.576487,-27.465822],[-49.576476,-27.465857],[-49.576469,-27.465879],[-49.576456,-27.465921],[-49.576446,-27.465951],[-49.576437,-27.465982],[-49.576433,-27.466087],[-49.576428,-27.466214],[-49.576415,-27.46638],[-49.576404,-27.466527],[-49.576396,-27.466622],[-49.5764,-27.466755],[-49.576403,-27.466872],[-49.576412,-27.46698],[-49.57644,-27.467116],[-49.576467,-27.467247],[-49.576469,-27.467256],[-49.576485,-27.467306],[-49.576507,-27.467378],[-49.576572,-27.467523],[-49.576574,-27.467526],[-49.576587,-27.467587],[-49.576605,-27.467636],[-49.576634,-27.467717],[-49.576652,-27.467768],[-49.576655,-27.467788],[-49.576656,-27.4678],[-49.576652,-27.467822],[-49.576642,-27.467876],[-49.576581,-27.467954],[-49.576559,-27.467992],[-49.576549,-27.46801],[-49.576501,-27.468043],[-49.576429,-27.468092],[-49.576411,-27.468104],[-49.576251,-27.468193],[-49.576224,-27.468219],[-49.576119,-27.468321],[-49.576093,-27.468341],[-49.576063,-27.468348],[-49.576033,-27.468371],[-49.576026,-27.46838],[-49.575959,-27.468461],[-49.575951,-27.468474],[-49.575943,-27.468486],[-49.576514,-27.468492],[-49.576535,-27.46848],[-49.576551,-27.468467],[-49.576648,-27.468387],[-49.576656,-27.468377],[-49.576674,-27.468354],[-49.57668,-27.468347],[-49.576695,-27.468327],[-49.576776,-27.468225],[-49.576801,-27.468199],[-49.576888,-27.468109],[-49.5769,-27.468096],[-49.57693,-27.468047],[-49.57694,-27.468014],[-49.576946,-27.467996],[-49.576943,-27.467958],[-49.576937,-27.467879],[-49.576925,-27.467825],[-49.576912,-27.467802],[-49.576906,-27.467791],[-49.576907,-27.46777],[-49.576909,-27.46772],[-49.576884,-27.467639],[-49.576887,-27.46759],[-49.576891,-27.467529],[-49.576891,-27.467526],[-49.576855,-27.467381],[-49.576837,-27.467309],[-49.576817,-27.467259],[-49.576814,-27.467251],[-49.576788,-27.467119],[-49.576783,-27.466984],[-49.576779,-27.466875],[-49.576774,-27.466758],[-49.576775,-27.466626],[-49.576775,-27.466531],[-49.576758,-27.466383],[-49.576764,-27.466218],[-49.57677,-27.46609],[-49.576796,-27.465986],[-49.576804,-27.465955],[-49.57683182718589,-27.46592518515797],[-49.57683254908607,-27.46592519319695],[-49.576886,-27.465944],[-49.576902,-27.465956],[-49.576938,-27.465983],[-49.576959,-27.466],[-49.576967,-27.466002],[-49.576989,-27.466002],[-49.576985,-27.466],[-49.576958,-27.465984],[-49.576939,-27.465956],[-49.576926,-27.465945],[-49.576905,-27.465926],[-49.576857,-27.465883],[-49.576848,-27.465861],[-49.576862,-27.465826],[-49.576876,-27.465789],[-49.576895,-27.465712],[-49.576891,-27.465631],[-49.576918,-27.465469],[-49.576923,-27.465383],[-49.576927,-27.465333],[-49.576947,-27.465275],[-49.576957,-27.465212],[-49.576974,-27.465113],[-49.576979,-27.465083],[-49.576981,-27.465032],[-49.576983,-27.464961],[-49.576984,-27.464955],[-49.576993,-27.464901],[-49.576998,-27.464882],[-49.57702,-27.464793],[-49.577023,-27.464786],[-49.577059,-27.464681],[-49.577073,-27.464641],[-49.577095,-27.464577],[-49.577102,-27.46457],[-49.577202,-27.464474],[-49.577265,-27.464413],[-49.577267,-27.464412],[-49.577307,-27.464362],[-49.577364,-27.464273],[-49.577364,-27.464272],[-49.57739,-27.464255],[-49.577425,-27.464144],[-49.577426,-27.464104],[-49.577427,-27.463985],[-49.577428,-27.463961],[-49.577411,-27.463853],[-49.577393,-27.463741],[-49.577384,-27.463681],[-49.577374,-27.46368],[-49.57736,-27.463605],[-49.577322,-27.463538],[-49.577269,-27.463445],[-49.577256,-27.463356],[-49.577256,-27.463351],[-49.577271,-27.463198],[-49.577273,-27.463187],[-49.577288,-27.463126],[-49.577298,-27.46309],[-49.577321,-27.463063],[-49.577331,-27.463036],[-49.577333,-27.462955],[-49.57735,-27.462901],[-49.577357,-27.46286],[-49.577366,-27.462806],[-49.577383,-27.462711],[-49.577383,-27.462707],[-49.577439,-27.462608],[-49.577443,-27.4626],[-49.577483,-27.4625],[-49.57751,-27.462465],[-49.577549,-27.462366],[-49.577552,-27.462359],[-49.577623,-27.462284],[-49.577718,-27.462161],[-49.577738,-27.462142],[-49.577789,-27.462093],[-49.577823,-27.462036],[-49.577858,-27.462014],[-49.577861,-27.462012],[-49.577391,-27.462007]]],[[[-49.577331,-27.45941],[-49.577402,-27.459418],[-49.577439,-27.459411],[-49.577447,-27.459409],[-49.577463,-27.459406],[-49.577495,-27.459392],[-49.577539,-27.459373],[-49.577569,-27.459333],[-49.577576,-27.45932],[-49.577584,-27.459305],[-49.577597,-27.459279],[-49.577612,-27.459251],[-49.57764,-27.459198],[-49.577669,-27.459167],[-49.577714,-27.459119],[-49.577738,-27.459083],[-49.577754,-27.459023],[-49.577766,-27.458978],[-49.577765,-27.458976],[-49.577759,-27.458956],[-49.577757,-27.45895],[-49.577755,-27.458945],[-49.577754,-27.458939],[-49.577751,-27.458931],[-49.57774,-27.458897],[-49.577718,-27.45887],[-49.576896,-27.458862],[-49.576927,-27.458889],[-49.577008,-27.458924],[-49.577048,-27.458932],[-49.577078,-27.458938],[-49.577154,-27.458943],[-49.577203,-27.458939],[-49.57726419138754,-27.45893414354067],[-49.5772697190083,-27.45893419834711],[-49.577416,-27.458942],[-49.577547,-27.458948],[-49.577587,-27.458954],[-49.577619,-27.458974],[-49.577619,-27.458977],[-49.577633,-27.459022],[-49.577608,-27.459081],[-49.577592,-27.459118],[-49.577571,-27.459166],[-49.577548,-27.459197],[-49.57751,-27.45925],[-49.57747,-27.459278],[-49.577414,-27.459303],[-49.57733029050554,-27.45931760049322],[-49.5773260910945,-27.459317559483345],[-49.577302,-27.459312],[-49.577286,-27.459308],[-49.577281,-27.459306],[-49.577166,-27.459252],[-49.577153,-27.459249],[-49.577065,-27.459228],[-49.577038,-27.459222],[-49.577024,-27.459219],[-49.576954,-27.459211],[-49.576892,-27.459217],[-49.576862,-27.45922],[-49.576832,-27.459226],[-49.576795,-27.459246],[-49.576791,-27.459249],[-49.576724,-27.4593],[-49.576708,-27.459313],[-49.57668,-27.459334],[-49.576652,-27.459356],[-49.576614,-27.459402],[-49.576567,-27.45946],[-49.576495,-27.459497],[-49.576482,-27.459507],[-49.576457,-27.459526],[-49.576431,-27.459533],[-49.576457,-27.459548],[-49.576495,-27.459608],[-49.576532,-27.459673],[-49.576539,-27.459719],[-49.576525,-27.459805],[-49.576514,-27.459873],[-49.576492,-27.459909],[-49.576479,-27.459931],[-49.576445,-27.459963],[-49.576434,-27.459967],[-49.57636903695042,-27.45998542235734],[-49.57636100801602,-27.459985348697394],[-49.576321,-27.459981],[-49.576276,-27.459948],[-49.576266,-27.459935],[-49.576244,-27.459906],[-49.576223,-27.459877],[-49.576216,-27.459867],[-49.576209,-27.459859],[-49.576139,-27.459834],[-49.576081,-27.459814],[-49.575992,-27.459832],[-49.575951,-27.459856],[-49.575936,-27.459864],[-49.575926,-27.45987],[-49.575913,-27.459877],[-49.575898,-27.459893],[-49.575857,-27.459934],[-49.575848,-27.459943],[-49.575824,-27.459984],[-49.575814,-27.460002],[-49.575799,-27.460035],[-49.575798,-27.460045],[-49.57579,-27.460092],[-49.575784,-27.460123],[-49.575806,-27.460227],[-49.575808,-27.460235],[-49.575822,-27.460251],[-49.575835,-27.460266],[-49.575847,-27.460279],[-49.575908,-27.460302],[-49.575912,-27.460306],[-49.575945,-27.460346],[-49.575952,-27.460363],[-49.57595,-27.460388],[-49.575947,-27.460415],[-49.575937,-27.460436],[-49.575915,-27.460458],[-49.575862,-27.460513],[-49.575761,-27.460585],[-49.575757,-27.460587],[-49.575661,-27.460604],[-49.575846,-27.460606],[-49.57587,-27.460589],[-49.575873,-27.460586],[-49.575942,-27.460514],[-49.575993,-27.460459],[-49.576007,-27.460436],[-49.576019,-27.460416],[-49.576036,-27.460389],[-49.576039,-27.460364],[-49.576042,-27.460347],[-49.576048,-27.460307],[-49.576046,-27.460303],[-49.576035,-27.460281],[-49.576029,-27.460268],[-49.576011,-27.460253],[-49.575964,-27.460237],[-49.575938,-27.460228],[-49.575864,-27.460123],[-49.575842,-27.460092],[-49.575843,-27.460046],[-49.575846,-27.460036],[-49.575858,-27.460002],[-49.575865,-27.459984],[-49.575892,-27.459944],[-49.575899,-27.459934],[-49.575942,-27.459893],[-49.575974,-27.459878],[-49.57599,-27.45987],[-49.57603540182055,-27.459865065019507],[-49.57603633412888,-27.459865075008526],[-49.576085,-27.459876],[-49.576151,-27.459905],[-49.576188,-27.459934],[-49.576195,-27.459948],[-49.576212,-27.45998],[-49.576214,-27.459984],[-49.576216,-27.459989],[-49.576258,-27.460042],[-49.576259,-27.460044],[-49.576264,-27.460078],[-49.576271,-27.460126],[-49.576275,-27.460128],[-49.576293,-27.460134],[-49.576348,-27.460128],[-49.576361,-27.460127],[-49.576426,-27.46008],[-49.57649,-27.460047],[-49.576492,-27.460044],[-49.576537,-27.459992],[-49.576541,-27.459987],[-49.576558,-27.459968],[-49.57656,-27.459965],[-49.576575,-27.459932],[-49.576585,-27.45991],[-49.576587,-27.459874],[-49.57659,-27.459806],[-49.576614,-27.459719],[-49.576627,-27.459674],[-49.576644,-27.45961],[-49.576661,-27.45955],[-49.576665,-27.459535],[-49.576667,-27.459528],[-49.576672,-27.459509],[-49.576679,-27.459499],[-49.576706,-27.459461],[-49.576747,-27.459404],[-49.576804,-27.459357],[-49.576831,-27.459336],[-49.576871,-27.459314],[-49.57691670919541,-27.45930207586207],[-49.57691864395602,-27.459302096703297],[-49.576968,-27.459305],[-49.577043,-27.459309],[-49.577064,-27.459315],[-49.577107,-27.459328],[-49.57710802267574,-27.459328011067917],[-49.577192,-27.459369],[-49.577234,-27.459389],[-49.577301,-27.459405],[-49.577315,-27.459408],[-49.577331,-27.45941]],[[-49.57691575409838,-27.45930206557377],[-49.576915754098394,-27.45930206557377],[-49.576708,-27.459313],[-49.57691575409838,-27.45930206557377]]],[[[-49.57711,-27.458864],[-49.577718,-27.45887],[-49.577714,-27.458866],[-49.577713,-27.458864],[-49.577707,-27.458863],[-49.5777,-27.458862],[-49.577207,-27.458857],[-49.577201,-27.458858],[-49.577186,-27.458859],[-49.577168,-27.45886],[-49.57711,-27.458864]]],[[[-49.577652,-27.458851],[-49.577551,-27.45886],[-49.5777,-27.458862],[-49.577652,-27.458851]]],[[[-49.577302,-27.458837],[-49.577295,-27.458838],[-49.577288,-27.45884],[-49.577253,-27.458847],[-49.577207,-27.458857],[-49.577551,-27.45886],[-49.577475,-27.458849],[-49.577418,-27.458841],[-49.577359,-27.458839],[-49.577302,-27.458837]]],[[[-49.577597,-27.458376],[-49.577609,-27.458345],[-49.577615,-27.458331],[-49.577613,-27.45832],[-49.577609,-27.458277],[-49.577608,-27.458267],[-49.5776,-27.458246],[-49.577586,-27.45821],[-49.577583,-27.458205],[-49.577534,-27.45814],[-49.577517,-27.458119],[-49.577424,-27.458059],[-49.577419,-27.458054],[-49.57738,-27.458013],[-49.577377,-27.45801],[-49.577371,-27.457981],[-49.577373,-27.457972],[-49.577376,-27.457959],[-49.577391,-27.457937],[-49.5774,-27.457922],[-49.577429,-27.457896],[-49.577449,-27.457892],[-49.57747349252839,-27.457887289898387],[-49.577482957031286,-27.457887378906253],[-49.577517,-27.457889],[-49.577531,-27.457893],[-49.577612,-27.457913],[-49.577674,-27.457941],[-49.577728,-27.457966],[-49.577872,-27.457978],[-49.577896,-27.457979],[-49.577906,-27.457978],[-49.57797,-27.457968],[-49.578119,-27.457945],[-49.578157,-27.457918],[-49.578184,-27.457899],[-49.578186,-27.457896],[-49.578187,-27.457894],[-49.578205,-27.457871],[-49.57725,-27.457861],[-49.57723,-27.457885],[-49.577226,-27.45789],[-49.577225,-27.457894],[-49.577214,-27.45792],[-49.577208,-27.457935],[-49.577207,-27.457957],[-49.577207,-27.457971],[-49.577211,-27.45798],[-49.577221,-27.458009],[-49.577222,-27.458012],[-49.577251,-27.458052],[-49.577255,-27.458057],[-49.57731,-27.458116],[-49.577331,-27.458138],[-49.577432,-27.458204],[-49.577435,-27.458208],[-49.577466,-27.458244],[-49.577476,-27.458265],[-49.577481,-27.458276],[-49.57749,-27.458319],[-49.577486,-27.45833],[-49.577481,-27.458343],[-49.577454,-27.458375],[-49.577412,-27.458404],[-49.57738711438521,-27.458410699973214],[-49.5773847622298,-27.45841067235495],[-49.577352,-27.458402],[-49.577344,-27.4584],[-49.577277,-27.458384],[-49.576786,-27.458379],[-49.57679,-27.458395],[-49.576799,-27.458427],[-49.576807,-27.458457],[-49.57682,-27.458501],[-49.576844,-27.458563],[-49.57687,-27.45863],[-49.576868,-27.458654],[-49.576859,-27.458675],[-49.576848,-27.458702],[-49.576853,-27.458752],[-49.576856,-27.45878],[-49.57686,-27.45879],[-49.576883,-27.458839],[-49.576891,-27.458857],[-49.576896,-27.458862],[-49.57711,-27.458864],[-49.577098,-27.45886],[-49.577049,-27.458841],[-49.577002,-27.458791],[-49.576998,-27.458781],[-49.576987,-27.458754],[-49.576989,-27.458704],[-49.57699,-27.458677],[-49.576994,-27.458656],[-49.576998,-27.458631],[-49.57701,-27.458564],[-49.576994,-27.458502],[-49.576983,-27.458459],[-49.576988,-27.458429],[-49.5770169561909,-27.458397048341073],[-49.57701811764702,-27.45839705882353],[-49.577055,-27.458399],[-49.577072,-27.458407],[-49.577144,-27.458442],[-49.577193,-27.458465],[-49.577232,-27.458483],[-49.577236,-27.458485],[-49.577319,-27.458506],[-49.577336,-27.45851],[-49.57736,-27.458506],[-49.577473,-27.458488],[-49.577484,-27.458486],[-49.57754,-27.458469],[-49.577571,-27.458446],[-49.577583,-27.458413],[-49.577586,-27.458405],[-49.577597,-27.458376]],[[-49.57746082570417,-27.457887170774647],[-49.57746082570421,-27.457887170774647],[-49.577226,-27.45789],[-49.57746082570417,-27.457887170774647]]],[[[-49.577518,-27.457782],[-49.577506,-27.45778],[-49.577466,-27.457773],[-49.577403,-27.457779],[-49.577383,-27.457781],[-49.577351,-27.457784],[-49.577316,-27.457801],[-49.577306,-27.457809],[-49.57729,-27.457823],[-49.577258,-27.457851],[-49.577253,-27.457857],[-49.57725,-27.457861],[-49.577861,-27.457867],[-49.577846,-27.457863],[-49.57782,-27.457856],[-49.577711,-27.457828],[-49.577609,-27.457812],[-49.577582,-27.457803],[-49.577529,-27.457786],[-49.577518,-27.457782]]],[[[-49.577727,-27.457124],[-49.577618,-27.457123],[-49.577704,-27.457126],[-49.577727,-27.457124]]],[[[-49.577362,-27.457014],[-49.577358,-27.457043],[-49.577353,-27.457075],[-49.577358,-27.457096],[-49.577363,-27.45712],[-49.577727,-27.457124],[-49.577966,-27.457102],[-49.578037,-27.457082],[-49.578143,-27.457051],[-49.578207,-27.457023],[-49.578303,-27.45698],[-49.578344,-27.456961],[-49.577436,-27.456952],[-49.577403,-27.45697],[-49.577362,-27.457014]]],[[[-49.577533,-27.456943],[-49.577499,-27.456931],[-49.577453,-27.456943],[-49.577443,-27.456948],[-49.577436,-27.456952],[-49.577559,-27.456953],[-49.577548,-27.456949],[-49.577533,-27.456943]]],[[[-49.576986,-27.471681],[-49.576927,-27.471684],[-49.576999,-27.471685],[-49.576986,-27.471681]]],[[[-49.576967,-27.466002],[-49.576996,-27.466011],[-49.577013,-27.466003],[-49.576967,-27.466002]]],[[[-49.577016,-27.466001],[-49.576989,-27.466002],[-49.577013,-27.466003],[-49.577016,-27.466001]]],[[[-49.576787,-27.458378],[-49.576785,-27.458378],[-49.576786,-27.458379],[-49.576837,-27.458379],[-49.576835,-27.458378],[-49.576806,-27.458372],[-49.576787,-27.458378]]],[[[-49.576915,-27.458246],[-49.576897,-27.458259],[-49.576885,-27.458269],[-49.576863,-27.458305],[-49.576839,-27.458379],[-49.577277,-27.458384],[-49.57714,-27.458308],[-49.577075,-27.458271],[-49.577057,-27.458261],[-49.577023,-27.458247],[-49.576996,-27.458236],[-49.576963,-27.45823],[-49.576947,-27.458235],[-49.576915,-27.458246]]],[[[-49.576649,-27.471104],[-49.576543,-27.47095],[-49.576522,-27.470909],[-49.576493,-27.470853],[-49.576462,-27.470765],[-49.576345,-27.4705],[-49.576315,-27.47043],[-49.576276,-27.470344],[-49.576276,-27.470343],[-49.576256,-27.470255],[-49.576249,-27.470228],[-49.576215,-27.47015],[-49.576194,-27.470101],[-49.576192998923574,-27.47010099031216],[-49.576186,-27.470038],[-49.576159,-27.469983],[-49.576121,-27.469833],[-49.576107,-27.469766],[-49.576058,-27.469515],[-49.576055,-27.469499],[-49.576043,-27.46934],[-49.576043,-27.469332],[-49.576048,-27.469278],[-49.576053,-27.46926],[-49.576071,-27.469195],[-49.576085,-27.469143],[-49.576085,-27.469116],[-49.576086,-27.469065],[-49.576088,-27.468981],[-49.576089,-27.46893],[-49.57609,-27.468926],[-49.576101,-27.468891],[-49.57612,-27.468825],[-49.576142,-27.468777],[-49.57615,-27.468759],[-49.576168,-27.468734],[-49.576221,-27.468657],[-49.576261,-27.468599],[-49.576296,-27.468549],[-49.576394,-27.468491],[-49.575943,-27.468486],[-49.575908,-27.468545],[-49.575878,-27.468595],[-49.575859,-27.468653],[-49.575851,-27.46873],[-49.57584,-27.468756],[-49.575833,-27.468774],[-49.575822,-27.468822],[-49.575808,-27.468888],[-49.575807,-27.468924],[-49.575806,-27.468927],[-49.575787,-27.468977],[-49.575771,-27.469061],[-49.575774,-27.469113],[-49.575772,-27.46914],[-49.575767,-27.469192],[-49.575774,-27.469257],[-49.575772,-27.469275],[-49.575766,-27.469329],[-49.575765,-27.469337],[-49.575766,-27.469496],[-49.575766,-27.469512],[-49.575798,-27.469763],[-49.575815,-27.46983],[-49.575854,-27.46998],[-49.575868,-27.470034],[-49.575884,-27.470097],[-49.575884,-27.470098],[-49.575901,-27.470147],[-49.575943,-27.470225],[-49.575958,-27.470252],[-49.575967,-27.47034],[-49.575967,-27.470341],[-49.575995,-27.470427],[-49.576032,-27.470496],[-49.576137,-27.470762],[-49.576172,-27.47085],[-49.576194,-27.470906],[-49.576215,-27.470946],[-49.576297,-27.471101],[-49.576419,-27.471334],[-49.57644,-27.471385],[-49.576466,-27.471449],[-49.576488,-27.471503],[-49.576507,-27.47155],[-49.576513,-27.471561],[-49.576556,-27.471642],[-49.576567,-27.471664],[-49.576576,-27.471681],[-49.576927,-27.471684],[-49.576901,-27.471668],[-49.576886,-27.471646],[-49.57687,-27.471565],[-49.576875,-27.471553],[-49.576894,-27.471507],[-49.576893,-27.471453],[-49.576913,-27.471389],[-49.576866,-27.471339],[-49.576649,-27.471104]]],[[[-49.576394,-27.468491],[-49.576461,-27.468522],[-49.576514,-27.468492],[-49.576394,-27.468491]]],[[[-49.573105,-27.462306],[-49.573103,-27.462316],[-49.573102,-27.46232],[-49.5731,-27.462332],[-49.573114,-27.46232],[-49.573118,-27.462316],[-49.573185,-27.462356],[-49.573133,-27.462316],[-49.57312,-27.462306],[-49.573112,-27.462298],[-49.573077,-27.462263],[-49.573067,-27.462254],[-49.572944,-27.462187],[-49.57294,-27.462187],[-49.573059,-27.462254],[-49.573075,-27.462263],[-49.573107,-27.462298],[-49.573105,-27.462306]]],[[[-49.572628,-27.461686],[-49.572614,-27.461673],[-49.572586,-27.461649],[-49.57254,-27.461627],[-49.572537,-27.461626],[-49.572507,-27.461627],[-49.572463,-27.461648],[-49.572413,-27.461671],[-49.572398,-27.461683],[-49.572387,-27.461692],[-49.572379,-27.461699],[-49.572339,-27.461731],[-49.572313,-27.461751],[-49.572312042253515,-27.46175195774648],[-49.57230186124402,-27.461751861244018],[-49.572301,-27.461751],[-49.572279,-27.461731],[-49.572272,-27.461715],[-49.572269,-27.461708],[-49.572266,-27.461649],[-49.57229,-27.4616],[-49.572355,-27.461467],[-49.572367,-27.461442],[-49.572372,-27.461419],[-49.572404,-27.461265],[-49.572439,-27.461226],[-49.572448,-27.461214],[-49.572496,-27.461192],[-49.572514,-27.461188],[-49.572618,-27.461164],[-49.57264,-27.461161],[-49.572735,-27.461149],[-49.572922,-27.461126],[-49.57335,-27.461035],[-49.573439,-27.461016],[-49.573746,-27.460989],[-49.573865,-27.460978],[-49.573956,-27.460953],[-49.574006,-27.460928],[-49.574063,-27.4609],[-49.574126,-27.460883],[-49.57417,-27.460872],[-49.573995,-27.46087],[-49.573971,-27.460882],[-49.573908,-27.460898],[-49.573805,-27.460926],[-49.573596,-27.460949],[-49.57339,-27.460973],[-49.573293,-27.460984],[-49.573193,-27.461014],[-49.573129,-27.461033],[-49.57261,-27.461123],[-49.572471,-27.461147],[-49.572436,-27.461159],[-49.572431,-27.461162],[-49.572396,-27.461187],[-49.572393,-27.461191],[-49.57238,-27.461214],[-49.572374,-27.461225],[-49.572364,-27.461265],[-49.572327,-27.461418],[-49.572317,-27.461441],[-49.572306,-27.461466],[-49.572222,-27.461599],[-49.572212,-27.461648],[-49.572201,-27.461707],[-49.572199,-27.461714],[-49.572205,-27.461731],[-49.572211,-27.461751],[-49.572216,-27.461765],[-49.572262,-27.461822],[-49.572281,-27.461845],[-49.572286,-27.461845],[-49.572324,-27.46185],[-49.57233,-27.461846],[-49.572331,-27.461845],[-49.572363,-27.461823],[-49.572411,-27.461767],[-49.572422,-27.461753],[-49.572402818181885,-27.46175281818182],[-49.572423,-27.461753],[-49.572441,-27.461732],[-49.572506,-27.4617],[-49.57251878571429,-27.461693607142855],[-49.57252287439613,-27.46169365700483],[-49.572555,-27.461701],[-49.572595,-27.461752],[-49.572597,-27.461754],[-49.572567,-27.461846],[-49.572566,-27.461848],[-49.572638,-27.461953],[-49.572661,-27.461966],[-49.572701,-27.461987],[-49.572706,-27.46199],[-49.572939,-27.462186],[-49.572943,-27.462186],[-49.572711,-27.46199],[-49.572707,-27.461987],[-49.572708,-27.461966],[-49.572703,-27.461954],[-49.572659,-27.461849],[-49.572658,-27.461847],[-49.572661,-27.461755],[-49.572661,-27.461753],[-49.572636,-27.461701],[-49.572633,-27.461695],[-49.572628,-27.461686]]],[[[-49.57417,-27.460872],[-49.574322,-27.460874],[-49.574477,-27.460892],[-49.574596,-27.460906],[-49.574767,-27.460926],[-49.574807,-27.46093],[-49.574898,-27.460927],[-49.574928,-27.460909],[-49.574987,-27.460897],[-49.575008,-27.460881],[-49.575009,-27.46088],[-49.57417,-27.460872]]],[[[-49.575047,-27.460709],[-49.575056,-27.460679],[-49.575065,-27.460657],[-49.575103,-27.460621],[-49.575123,-27.460574],[-49.575123,-27.460573],[-49.57513968399651,-27.460557297415047],[-49.575143575137666,-27.460557352478364],[-49.575282,-27.460571],[-49.575287,-27.460572],[-49.575297,-27.460575],[-49.575379,-27.4606],[-49.575383,-27.460601],[-49.575661,-27.460604],[-49.575535,-27.460602],[-49.575411,-27.460576],[-49.575326,-27.460573],[-49.575319,-27.460571],[-49.57526,-27.460559],[-49.575209,-27.460548],[-49.575207,-27.460547],[-49.575146,-27.460526],[-49.575112,-27.460523],[-49.575107,-27.460525],[-49.575062,-27.460545],[-49.575061,-27.460546],[-49.575048,-27.460556],[-49.575027,-27.460572],[-49.575026,-27.460573],[-49.574989,-27.46062],[-49.57496,-27.460656],[-49.574943,-27.460678],[-49.57492,-27.460707],[-49.574889,-27.460763],[-49.57486,-27.460817],[-49.574838,-27.460841],[-49.574833,-27.460844],[-49.574807,-27.460859],[-49.57469153814144,-27.460864725381416],[-49.574683241486085,-27.46086464241486],[-49.574632,-27.460858],[-49.574502,-27.46084],[-49.574063,-27.460836],[-49.574032,-27.460851],[-49.574019,-27.460858],[-49.574007,-27.460864],[-49.573995,-27.46087],[-49.575009,-27.46088],[-49.575017,-27.460874],[-49.575019,-27.460868],[-49.575022,-27.460862],[-49.575029,-27.460846],[-49.575029,-27.460843],[-49.575029,-27.460819],[-49.57503,-27.460765],[-49.575047,-27.460709]]],[[[-49.574395,-27.460839],[-49.574502,-27.46084],[-49.574476,-27.460837],[-49.574467,-27.460837],[-49.574395,-27.460839]]],[[[-49.574093,-27.460821],[-49.574063,-27.460836],[-49.574394,-27.460839],[-49.574358,-27.460824],[-49.574338,-27.460815],[-49.574093,-27.460821]]],[[[-49.575661,-27.460666],[-49.575668,-27.460668],[-49.575678,-27.460672],[-49.575691,-27.460668],[-49.5757,-27.460666],[-49.575661,-27.460666]]],[[[-49.57563,-27.460668],[-49.575661,-27.460666],[-49.575624,-27.460665],[-49.57563,-27.460668]]],[[[-49.575596,-27.460653],[-49.575624,-27.460665],[-49.5757,-27.460666],[-49.575745,-27.460655],[-49.575765,-27.460646],[-49.575828,-27.460617],[-49.575837,-27.460613],[-49.575846,-27.460606],[-49.575383,-27.460601],[-49.575406,-27.460609],[-49.57542,-27.460613],[-49.575574,-27.460644],[-49.575596,-27.460653]]]]}}]}