{"type":"FeatureCollection","features":[{"type":"Feature","properties":{"camada":"COTA - 5,50","nivel_fonte_m":5.5,"poligonos_fonte":11190},"geometry":{"type":"MultiPolygon","coordinates":[[[[-49.62035,-27.413674],[-49.620383,-27.413689],[-49.620435,-27.413674],[-49.620447,-27.413671],[-49.620447,-27.413667],[-49.620447,-27.413665],[-49.620448,-27.413648],[-49.620448,-27.413644],[-49.620192,-27.413641],[-49.620204,-27.413645],[-49.620254,-27.413663],[-49.620333,-27.413666],[-49.620342,-27.41367],[-49.62035,-27.413674]]],[[[-49.620192,-27.413641],[-49.620126,-27.41364],[-49.620129,-27.413645],[-49.620147,-27.413668],[-49.62015,-27.413672],[-49.620153,-27.413668],[-49.620173,-27.413645],[-49.620192,-27.413641]]],[[[-49.620454,-27.413533],[-49.620463,-27.413345],[-49.620465,-27.413298],[-49.620466,-27.413286],[-49.620466,-27.413279],[-49.620466,-27.413274],[-49.620024,-27.41327],[-49.620046,-27.413275],[-49.620077,-27.413282],[-49.620092,-27.413294],[-49.620107,-27.413342],[-49.620119,-27.413529],[-49.620128,-27.413547],[-49.620124,-27.413588],[-49.620101,-27.413613],[-49.620104,-27.413631],[-49.620126,-27.41364],[-49.620448,-27.413644],[-49.620448,-27.413643],[-49.620449,-27.413635],[-49.62045,-27.413616],[-49.620451,-27.413592],[-49.620453,-27.41355],[-49.620454,-27.413533]]],[[[-49.619951,-27.413274],[-49.620024,-27.41327],[-49.619932,-27.413269],[-49.619951,-27.413274]]],[[[-49.619219,-27.4131],[-49.619267,-27.413099],[-49.61931692032719,-27.41309724840957],[-49.619328364640886,-27.413097364640883],[-49.619329,-27.413098],[-49.619425,-27.413109],[-49.61958,-27.413152],[-49.61976,-27.413229],[-49.619812,-27.413236],[-49.619932,-27.413269],[-49.620466,-27.413274],[-49.620468,-27.413242],[-49.620468,-27.413236],[-49.620472,-27.413161],[-49.620474,-27.41312],[-49.620474,-27.413109],[-49.620475,-27.413094],[-49.619089,-27.41308],[-49.619194,-27.413096],[-49.619207,-27.413098],[-49.619219,-27.4131]]],[[[-49.620478,-27.413034],[-49.620483,-27.412935],[-49.620487,-27.412835],[-49.620489,-27.412803],[-49.620489,-27.412798],[-49.617406,-27.412768],[-49.617428,-27.412773],[-49.617496,-27.412806],[-49.617662,-27.412907],[-49.617903,-27.413009],[-49.61811,-27.413064],[-49.618137,-27.413069],[-49.618148,-27.413071],[-49.618185,-27.413077],[-49.618202,-27.413081],[-49.618227,-27.413085],[-49.618325,-27.413089],[-49.61835,-27.413097],[-49.618369,-27.413097],[-49.618381,-27.41309],[-49.618388,-27.413087],[-49.618395,-27.413082],[-49.618427,-27.41308],[-49.618631,-27.413076],[-49.61868057727876,-27.413074347424043],[-49.618692390921105,-27.41307446364037],[-49.618697,-27.413076],[-49.618741,-27.413092],[-49.618746,-27.413095],[-49.618812,-27.413145],[-49.618817,-27.413149],[-49.618884,-27.413154],[-49.618903,-27.413149],[-49.618919,-27.413146],[-49.618962,-27.413098],[-49.618971,-27.413094],[-49.61900854641909,-27.413079179045095],[-49.619089,-27.41308],[-49.61907574556145,-27.413079834319518],[-49.620475,-27.413094],[-49.620475,-27.413092],[-49.620475,-27.413088],[-49.620478,-27.413034]]],[[[-49.617087,-27.41285],[-49.617114,-27.412829],[-49.617138,-27.412803],[-49.617173,-27.412766],[-49.617189,-27.412748],[-49.617220214860005,-27.412738245356252],[-49.61722190610265,-27.412738262292873],[-49.617259,-27.412749],[-49.617296,-27.412759],[-49.617351,-27.412764],[-49.617357,-27.412767],[-49.620489,-27.412798],[-49.620489,-27.412795],[-49.62049,-27.412791],[-49.62049,-27.412781],[-49.620491,-27.412771],[-49.620491,-27.412755],[-49.620494,-27.4127],[-49.620497,-27.412639],[-49.620498,-27.412608],[-49.620499,-27.412597],[-49.620501,-27.412565],[-49.620502,-27.412538],[-49.620503,-27.412509],[-49.620504,-27.412494],[-49.620493,-27.412455],[-49.620468,-27.412366],[-49.620463,-27.412348],[-49.620459,-27.412334],[-49.620457,-27.412329],[-49.620451,-27.412305],[-49.620407,-27.412266],[-49.620221,-27.412103],[-49.620179,-27.412074],[-49.620145,-27.41205],[-49.620125,-27.412036],[-49.620084,-27.412008],[-49.620022,-27.411976],[-49.619972,-27.411969],[-49.619955,-27.411975],[-49.619873,-27.412006],[-49.6198,-27.412033],[-49.619815,-27.412047],[-49.61981,-27.41207],[-49.619795,-27.412099],[-49.619716,-27.412259],[-49.619677,-27.412298],[-49.619653,-27.412321],[-49.61957353508257,-27.412325515052128],[-49.61956223143062,-27.412325406735132],[-49.619537,-27.41232],[-49.61951,-27.412314],[-49.619415,-27.412244],[-49.619393,-27.412215],[-49.619376,-27.412193],[-49.619312,-27.412215],[-49.619231,-27.412242],[-49.619031,-27.412309],[-49.619015,-27.412314],[-49.618998,-27.41232],[-49.61896020408843,-27.412332930180273],[-49.61895984583428,-27.41233292658775],[-49.618918,-27.412313],[-49.618867,-27.41229],[-49.618842,-27.412278],[-49.618607,-27.412167],[-49.618439,-27.412088],[-49.618194,-27.411974],[-49.618084,-27.411922],[-49.617902,-27.411836],[-49.617768,-27.411773],[-49.617748,-27.411756],[-49.617686,-27.411702],[-49.617681,-27.411695],[-49.617662,-27.41167],[-49.617629,-27.411627],[-49.617607,-27.411598],[-49.617603,-27.411592],[-49.615614,-27.411573],[-49.615638,-27.411578],[-49.615773,-27.411608],[-49.616191,-27.411655],[-49.616286,-27.411682],[-49.616296,-27.411688],[-49.616388,-27.411743],[-49.616409,-27.41176],[-49.616485,-27.411822],[-49.616548,-27.411907],[-49.616559,-27.411957],[-49.61655,-27.41207],[-49.616533,-27.412147],[-49.616454,-27.412254],[-49.616454,-27.412266],[-49.616456,-27.412302],[-49.616465,-27.412315],[-49.616484,-27.412345],[-49.616486,-27.412347],[-49.616488,-27.412349],[-49.616504,-27.412364],[-49.616533,-27.41235],[-49.616538,-27.412348],[-49.616543,-27.412345],[-49.61666,-27.412317],[-49.616696,-27.412304],[-49.61678814066699,-27.412269323404892],[-49.61679086156543,-27.412269350467287],[-49.616849,-27.412293],[-49.616873,-27.412312],[-49.616895,-27.41233],[-49.616982,-27.41242],[-49.616998,-27.412459],[-49.617004,-27.412474],[-49.617012,-27.412503],[-49.61701,-27.41253],[-49.617021,-27.412563],[-49.617032,-27.412573],[-49.617034,-27.412605],[-49.617027,-27.412666],[-49.617005,-27.41272],[-49.616996,-27.412736],[-49.61699,-27.412746],[-49.61698,-27.412764],[-49.616936,-27.412801],[-49.616862,-27.412827],[-49.616803,-27.412847],[-49.616811,-27.412856],[-49.616821,-27.412867],[-49.616823,-27.412869],[-49.61686313829787,-27.412867361702126],[-49.616873164179104,-27.412867447761194],[-49.616898,-27.412877],[-49.616904,-27.412879],[-49.616925,-27.412882],[-49.616941,-27.412883],[-49.616966,-27.412882],[-49.617001,-27.41288],[-49.617033,-27.412879],[-49.617054,-27.412869],[-49.617076,-27.412858],[-49.617087,-27.41285]],[[-49.618967677413075,-27.412333005121692],[-49.61896767741289,-27.41233300512169],[-49.620459,-27.412334],[-49.618967677413075,-27.412333005121692]]],[[[-49.617405,-27.412768],[-49.617357,-27.412767],[-49.617367,-27.412772],[-49.617375,-27.412777],[-49.617389,-27.412773],[-49.617405,-27.412768]]],[[[-49.617338,-27.411245],[-49.617307,-27.411204],[-49.617302,-27.411198],[-49.617293,-27.411186],[-49.617279,-27.411168],[-49.617279,-27.411167],[-49.617261,-27.411135],[-49.617228,-27.411077],[-49.617145,-27.410929],[-49.617141,-27.410922],[-49.617129,-27.410891],[-49.617102,-27.410823],[-49.617078,-27.410764],[-49.617064,-27.410729],[-49.617051,-27.410695],[-49.617046,-27.410682],[-49.617015,-27.410605],[-49.616973,-27.410499],[-49.616936,-27.410406],[-49.61692,-27.41035],[-49.61688,-27.410211],[-49.616824,-27.410012],[-49.6168,-27.409929],[-49.616754,-27.40977],[-49.616724,-27.409664],[-49.616693,-27.409556],[-49.616637,-27.409358],[-49.616586,-27.409182],[-49.616564,-27.409105],[-49.616542,-27.409083],[-49.614407,-27.409061],[-49.614408,-27.409083],[-49.614412,-27.40916],[-49.614392,-27.409336],[-49.614409,-27.409533],[-49.614407,-27.409641],[-49.614429,-27.409747],[-49.614442,-27.409905],[-49.614457,-27.409989],[-49.614508,-27.410187],[-49.61456,-27.410326],[-49.614609,-27.410383],[-49.614691,-27.410476],[-49.614747,-27.410582],[-49.6148,-27.41066],[-49.614886,-27.410673],[-49.614965,-27.410708],[-49.615004,-27.410743],[-49.615092,-27.410803],[-49.615145,-27.410871],[-49.615156,-27.410902],[-49.615158,-27.410909],[-49.615163,-27.411056],[-49.615137,-27.411114],[-49.615102,-27.411145],[-49.615102,-27.411146],[-49.615103,-27.411164],[-49.615111,-27.411176],[-49.615138,-27.411182],[-49.615209,-27.411223],[-49.615288,-27.411289],[-49.615319,-27.411343],[-49.615352,-27.41137],[-49.615347,-27.411419],[-49.615363,-27.411428],[-49.61538,-27.411457],[-49.615415,-27.41149],[-49.615428,-27.411549],[-49.615443,-27.411557],[-49.615526,-27.411572],[-49.617603,-27.411592],[-49.617592,-27.411579],[-49.617586,-27.411571],[-49.617541,-27.411511],[-49.617516,-27.411478],[-49.617493,-27.411449],[-49.617487,-27.41144],[-49.617449,-27.411391],[-49.617429,-27.411364],[-49.617388,-27.41131],[-49.617338,-27.411245]]],[[[-49.615614,-27.411573],[-49.615526,-27.411572],[-49.615557,-27.411577],[-49.615614,-27.411573]]],[[[-49.616501,-27.409082],[-49.616542,-27.409083],[-49.616536,-27.409076],[-49.616501,-27.409082]]],[[[-49.616303,-27.408693],[-49.616318,-27.408654],[-49.616336,-27.408638],[-49.616337,-27.408637],[-49.616354,-27.408636],[-49.616362,-27.408624],[-49.616365,-27.40853],[-49.616365,-27.408523],[-49.616386,-27.40849],[-49.616379,-27.408468],[-49.616364,-27.408417],[-49.616354,-27.408384],[-49.616339,-27.408334],[-49.616317,-27.408265],[-49.61631,-27.408241],[-49.616309,-27.408239],[-49.616299,-27.408203],[-49.616293,-27.408195],[-49.616264,-27.40815],[-49.616233,-27.408102],[-49.616171,-27.408007],[-49.616131,-27.407945],[-49.616091,-27.407884],[-49.616006,-27.407755],[-49.615957,-27.407678],[-49.61593,-27.407637],[-49.615911,-27.407608],[-49.61576,-27.407377],[-49.615746,-27.407355],[-49.615407,-27.407281],[-49.615212,-27.407239],[-49.61504,-27.407201],[-49.614967,-27.407185],[-49.614775,-27.407143],[-49.614728,-27.407133],[-49.614648,-27.407142],[-49.61432324576698,-27.40717863386165],[-49.61431937863448,-27.40717859561926],[-49.614257,-27.407138],[-49.614154,-27.407073],[-49.6141,-27.407038],[-49.614079,-27.407024],[-49.614054,-27.407009],[-49.614037,-27.406997],[-49.614035,-27.406995],[-49.614021,-27.406976],[-49.613998,-27.406944],[-49.613982,-27.406923],[-49.613969,-27.406905],[-49.613958,-27.406891],[-49.61395,-27.40688],[-49.613939,-27.40688],[-49.613874,-27.40689],[-49.613872,-27.406905],[-49.613848,-27.406922],[-49.61368301592687,-27.406940883719212],[-49.61368092726522,-27.406940863055134],[-49.613494,-27.406917],[-49.607378,-27.406856],[-49.607428,-27.406879],[-49.607497,-27.406911],[-49.607513,-27.40693],[-49.607513,-27.406932],[-49.607512,-27.406943],[-49.607523,-27.406959],[-49.607522,-27.406972],[-49.607498,-27.407006],[-49.607474,-27.407071],[-49.607484,-27.407111],[-49.607487,-27.407126],[-49.607471,-27.407162],[-49.60747,-27.407202],[-49.607454,-27.407273],[-49.607449,-27.407294],[-49.607486,-27.407524],[-49.607475,-27.407553],[-49.607479,-27.407594],[-49.607469,-27.40767],[-49.607475,-27.407798],[-49.607494,-27.407859],[-49.607486,-27.40792],[-49.607519,-27.408016],[-49.607551,-27.408063],[-49.60756,-27.408108],[-49.607561,-27.408116],[-49.607564,-27.408151],[-49.607565,-27.408163],[-49.607567,-27.408199],[-49.607565,-27.408226],[-49.607561,-27.408265],[-49.607555,-27.408337],[-49.607552,-27.408364],[-49.607552,-27.40837],[-49.607551,-27.40837],[-49.611991,-27.408414],[-49.611994,-27.408408],[-49.612029,-27.408382],[-49.612181,-27.408311],[-49.612426,-27.408274],[-49.612735,-27.40825],[-49.613138,-27.408218],[-49.61337186583362,-27.408209443932915],[-49.613411713105435,-27.40820984491175],[-49.613548,-27.408214],[-49.613711,-27.408239],[-49.613972,-27.408311],[-49.614089,-27.408362],[-49.614149,-27.408395],[-49.61421,-27.408446],[-49.614228,-27.408468],[-49.614256,-27.408502],[-49.614262,-27.408509],[-49.614323,-27.408603],[-49.614331,-27.408616],[-49.614332,-27.408617],[-49.614333,-27.408618],[-49.61434,-27.408634],[-49.614359,-27.408674],[-49.614391,-27.408743],[-49.614402,-27.408768],[-49.614403,-27.40877],[-49.614408,-27.408802],[-49.614415,-27.408849],[-49.614413,-27.408877],[-49.61441,-27.408937],[-49.614407,-27.408991],[-49.614405,-27.409028],[-49.614407,-27.409061],[-49.616501,-27.409082],[-49.616455,-27.409048],[-49.616406,-27.409011],[-49.61636,-27.408956],[-49.616328,-27.408896],[-49.61632,-27.408868],[-49.616306,-27.408821],[-49.616315,-27.408788],[-49.616314,-27.408787],[-49.616303,-27.408762],[-49.616303,-27.408693]]],[[[-49.613465,-27.433662],[-49.613472,-27.433635],[-49.613473,-27.433631],[-49.613474,-27.433625],[-49.613473,-27.433595],[-49.613465,-27.433577],[-49.613459,-27.433563],[-49.61346,-27.433523],[-49.613442,-27.433468],[-49.613447,-27.433421],[-49.613445,-27.433407],[-49.613411,-27.433197],[-49.613411,-27.433143],[-49.613411,-27.433136],[-49.613424,-27.433096],[-49.613428,-27.43306],[-49.613436,-27.432992],[-49.613437,-27.432985],[-49.613457,-27.432958],[-49.613467,-27.432926],[-49.61348,-27.432911],[-49.613505,-27.432884],[-49.613521,-27.432867],[-49.613532,-27.432846],[-49.613553,-27.432806],[-49.613574,-27.432763],[-49.613585,-27.432752],[-49.613596,-27.432739],[-49.61361,-27.432716],[-49.613624,-27.432691],[-49.61365,-27.432646],[-49.613683,-27.43259],[-49.613684,-27.432588],[-49.613696,-27.432536],[-49.613702,-27.432509],[-49.6137,-27.432485],[-49.613695,-27.432428],[-49.613712,-27.432347],[-49.613724,-27.432297],[-49.61373,-27.432266],[-49.613738,-27.432232],[-49.613748,-27.432211],[-49.613788,-27.432132],[-49.613789,-27.432125],[-49.6138,-27.432055],[-49.6138,-27.432054],[-49.613802,-27.432047],[-49.613819,-27.432035],[-49.613825,-27.43201],[-49.613833,-27.432002],[-49.61357,-27.432],[-49.613565,-27.432007],[-49.61355,-27.432032],[-49.613543,-27.432044],[-49.61353804548762,-27.432051927219796],[-49.61353685316456,-27.4320519132336],[-49.613515,-27.432039],[-49.613501,-27.432032],[-49.613487,-27.432024],[-49.613483,-27.432031],[-49.613479,-27.432039],[-49.613459,-27.432051],[-49.613345,-27.43212],[-49.613337,-27.432127],[-49.613253,-27.432206],[-49.613262,-27.432227],[-49.613275,-27.432261],[-49.61327,-27.432292],[-49.613291,-27.432343],[-49.613279,-27.432424],[-49.613303,-27.432481],[-49.613297,-27.432505],[-49.61329,-27.432532],[-49.613322,-27.432584],[-49.613322,-27.432587],[-49.613319,-27.432643],[-49.613362,-27.432688],[-49.613359,-27.432713],[-49.613366,-27.432737],[-49.61337,-27.43275],[-49.613366,-27.432761],[-49.613352,-27.432804],[-49.613375,-27.432845],[-49.613377,-27.432865],[-49.613379,-27.432883],[-49.613395,-27.432911],[-49.613388,-27.432925],[-49.613373,-27.432957],[-49.61336,-27.432984],[-49.613357,-27.432991],[-49.613314,-27.433059],[-49.6133,-27.433094],[-49.613284,-27.433135],[-49.613281,-27.433141],[-49.613272,-27.433196],[-49.613306,-27.433405],[-49.613305,-27.43342],[-49.613304,-27.433467],[-49.613303,-27.433521],[-49.613302,-27.433562],[-49.613302,-27.433575],[-49.6133,-27.433593],[-49.613296,-27.433623],[-49.613296,-27.433629],[-49.613289,-27.433634],[-49.613299,-27.433661],[-49.613297,-27.433667],[-49.613291,-27.433694],[-49.613286,-27.43371],[-49.613286,-27.433711],[-49.613289,-27.433725],[-49.613292,-27.433737],[-49.613313,-27.433761],[-49.613346,-27.433775],[-49.613349,-27.43378],[-49.613362,-27.4338],[-49.613366,-27.433806],[-49.6134,-27.4338],[-49.613434,-27.433781],[-49.613436,-27.433776],[-49.61344,-27.433763],[-49.613446,-27.433739],[-49.61345,-27.433726],[-49.613447,-27.433712],[-49.613472,-27.433696],[-49.613463,-27.433669],[-49.613465,-27.433662]]],[[[-49.613903,-27.431875],[-49.613905,-27.431848],[-49.613908,-27.431819],[-49.613914,-27.431807],[-49.613926,-27.431779],[-49.613929,-27.43174],[-49.613938,-27.431713],[-49.613976,-27.431605],[-49.613981,-27.431578],[-49.614004,-27.431456],[-49.614014,-27.431398],[-49.614022,-27.431375],[-49.614031,-27.431348],[-49.61403,-27.431321],[-49.614035,-27.431308],[-49.61407,-27.431222],[-49.614075,-27.431213],[-49.614097,-27.431178],[-49.614118,-27.43116],[-49.614138,-27.431142],[-49.614207,-27.431115],[-49.61437,-27.431113],[-49.614392,-27.431106],[-49.61440525232524,-27.4311012670267],[-49.61441046293601,-27.431101323401162],[-49.614475,-27.431106],[-49.614473,-27.431102],[-49.614468,-27.431087],[-49.614472,-27.431052],[-49.61453,-27.431028],[-49.614576,-27.431025],[-49.613864,-27.431018],[-49.613862,-27.431021],[-49.61385,-27.431046],[-49.613833,-27.43108],[-49.613826,-27.431095],[-49.613823,-27.4311],[-49.61382,-27.431107],[-49.613818,-27.431111],[-49.613805,-27.431138],[-49.613796,-27.431156],[-49.613784,-27.431175],[-49.613761,-27.43121],[-49.61376,-27.431219],[-49.613755,-27.431305],[-49.613757,-27.431318],[-49.613762,-27.431346],[-49.613767,-27.431373],[-49.613765,-27.431395],[-49.61376,-27.431454],[-49.613729,-27.431575],[-49.613719,-27.431602],[-49.613681,-27.43171],[-49.613668,-27.431737],[-49.613649,-27.431776],[-49.613636,-27.431804],[-49.613632,-27.431817],[-49.613625,-27.431845],[-49.613626,-27.431872],[-49.613627,-27.43192],[-49.613621,-27.431926],[-49.613629,-27.431959],[-49.613615,-27.431978],[-49.6136,-27.431999],[-49.613599,-27.432],[-49.613833,-27.432002],[-49.613834,-27.432001],[-49.613855,-27.431981],[-49.613864,-27.431961],[-49.613878,-27.431929],[-49.613881,-27.431922],[-49.613903,-27.431875]]],[[[-49.61357,-27.432],[-49.613599,-27.432],[-49.613571,-27.431999],[-49.61357,-27.432]]],[[[-49.614795,-27.431708],[-49.614816,-27.431695],[-49.614834,-27.431684],[-49.614841,-27.43168],[-49.614773,-27.431679],[-49.614772,-27.431683],[-49.614768,-27.431695],[-49.614793,-27.431708],[-49.614795,-27.431708]]],[[[-49.615147,-27.43171],[-49.615151,-27.43171],[-49.61516,-27.431675],[-49.615041,-27.431674],[-49.615147,-27.43171]]],[[[-49.61486,-27.43168],[-49.614841,-27.43168],[-49.614857,-27.431684],[-49.61486,-27.43168]]],[[[-49.615165,-27.431657],[-49.615177,-27.431617],[-49.615198,-27.431538],[-49.615214,-27.431484],[-49.615237,-27.431399],[-49.615242,-27.431381],[-49.615256,-27.431333],[-49.615273,-27.431269],[-49.615295,-27.431192],[-49.615313,-27.431129],[-49.615325,-27.431084],[-49.615337,-27.43104],[-49.615339,-27.431036],[-49.615339,-27.431032],[-49.614576,-27.431025],[-49.614598,-27.431028],[-49.614623,-27.431033],[-49.614723,-27.431078],[-49.61481,-27.431124],[-49.614912,-27.431188],[-49.614899,-27.431265],[-49.614845,-27.431329],[-49.614845,-27.431376251196173],[-49.61483649456522,-27.431376149456522],[-49.614825,-27.431375],[-49.614824,-27.431376],[-49.614814,-27.431395],[-49.614809,-27.43148],[-49.614816,-27.431534],[-49.614798,-27.431613],[-49.614783,-27.431653],[-49.614781,-27.431659],[-49.614773,-27.431679],[-49.61486,-27.43168],[-49.614879,-27.43166],[-49.61489923989899,-27.43165421717172],[-49.61490087003891,-27.431654234241247],[-49.614926,-27.431661],[-49.614974,-27.431673],[-49.61516,-27.431675],[-49.615164,-27.431663],[-49.615165,-27.431657]]],[[[-49.615439,-27.430737],[-49.615446,-27.43072],[-49.61543,-27.430704],[-49.615347,-27.430626],[-49.615261,-27.430545],[-49.61524,-27.430526],[-49.615172,-27.430466],[-49.615016,-27.430332],[-49.614934,-27.430261],[-49.614882,-27.430216],[-49.614836,-27.430176],[-49.614812,-27.430155],[-49.61478,-27.430128],[-49.614739,-27.430092],[-49.614676,-27.430037],[-49.614624,-27.429993],[-49.614558,-27.429935],[-49.614474,-27.429863],[-49.614443,-27.429836],[-49.614342,-27.429749],[-49.614293,-27.429707],[-49.614271,-27.429688],[-49.614222,-27.429645],[-49.614206,-27.429631],[-49.614058,-27.429504],[-49.613948,-27.429408],[-49.613832,-27.429308],[-49.613818,-27.429296],[-49.613815,-27.429294],[-49.613812,-27.429291],[-49.613785,-27.429268],[-49.613675,-27.429172],[-49.613646,-27.429148],[-49.613608,-27.429115],[-49.613581,-27.429092],[-49.613566,-27.429078],[-49.613561,-27.429074],[-49.613551,-27.429066],[-49.60893,-27.42902],[-49.608944,-27.429028],[-49.608951,-27.429032],[-49.60895201006785,-27.429032010067846],[-49.608954,-27.429034],[-49.60897272616712,-27.429032216555512],[-49.6089777229805,-27.429032266361236],[-49.609015,-27.429046],[-49.609066,-27.42907],[-49.609097,-27.429102],[-49.609105,-27.429127],[-49.609087,-27.429221],[-49.609071,-27.429244],[-49.609069,-27.429246],[-49.609067,-27.429249],[-49.609054,-27.429266],[-49.609031,-27.429271],[-49.609018,-27.429288],[-49.608983,-27.429302],[-49.608952,-27.429368],[-49.608915,-27.429506],[-49.608918,-27.42952],[-49.608925,-27.429551],[-49.608912,-27.429666],[-49.60892,-27.429702],[-49.608947,-27.429733],[-49.608993,-27.429776],[-49.608996,-27.429779],[-49.609038,-27.429808],[-49.609045,-27.429812],[-49.609087,-27.429841],[-49.60908800940678,-27.42984100996012],[-49.609105,-27.429859],[-49.609132,-27.429885],[-49.60915,-27.429904],[-49.609168,-27.429942],[-49.60917,-27.429946],[-49.609177,-27.429997],[-49.609169,-27.430031],[-49.609169,-27.430034],[-49.609166,-27.430042],[-49.609156,-27.430071],[-49.60915,-27.430091],[-49.609129,-27.430151],[-49.609111,-27.430205],[-49.609076,-27.430311],[-49.609075,-27.430314],[-49.609064,-27.430337],[-49.609051,-27.430364],[-49.609013,-27.430418],[-49.608991,-27.430443],[-49.608935,-27.430507],[-49.608864,-27.430568],[-49.608836,-27.430579],[-49.608803,-27.430591],[-49.608748,-27.43064],[-49.608723,-27.430645],[-49.608716,-27.430647],[-49.609656,-27.430656],[-49.609657,-27.430655],[-49.609659,-27.430649],[-49.609678,-27.4306],[-49.609683,-27.430587],[-49.609682,-27.430576],[-49.609679,-27.430514],[-49.609676,-27.430449],[-49.609687,-27.430425],[-49.60971,-27.430371],[-49.609734,-27.430344],[-49.609816,-27.430321],[-49.609828,-27.430318],[-49.609887,-27.430213],[-49.609981,-27.430159],[-49.610057,-27.4301],[-49.610071,-27.43008],[-49.610124,-27.430052],[-49.610185,-27.430044],[-49.61020824864865,-27.430041210162162],[-49.61021025541979,-27.43004122987781],[-49.61024,-27.430068],[-49.61027,-27.430078],[-49.610298,-27.430114],[-49.610356,-27.430157],[-49.61042,-27.430223],[-49.610455,-27.430284],[-49.610488,-27.430315],[-49.610594,-27.430381],[-49.610599,-27.430387],[-49.610634,-27.430425],[-49.610636,-27.430428],[-49.61065,-27.430473],[-49.610667,-27.430529],[-49.610678,-27.430611],[-49.610727,-27.430747],[-49.61073,-27.430772],[-49.610739,-27.430869],[-49.610773,-27.430937],[-49.61077,-27.431008],[-49.610787,-27.431041],[-49.610789,-27.431045],[-49.610783,-27.431089],[-49.61079,-27.431117],[-49.610799,-27.431154],[-49.610803,-27.431167],[-49.610805,-27.431187],[-49.610813,-27.431256],[-49.610814,-27.431262],[-49.610836,-27.431308],[-49.61085,-27.431368],[-49.610859,-27.431405],[-49.610889,-27.431437],[-49.610913,-27.43145],[-49.610918,-27.431452],[-49.61092638536584,-27.43145013658537],[-49.61092707179487,-27.431450143589746],[-49.610928,-27.431452],[-49.610938,-27.431475],[-49.610921,-27.431534],[-49.610909,-27.431574],[-49.610904,-27.431583],[-49.610887,-27.431612],[-49.610852,-27.431669],[-49.610842,-27.431675],[-49.610832,-27.431681],[-49.610803,-27.431726],[-49.611575,-27.431734],[-49.611697,-27.43169],[-49.611714,-27.431684],[-49.611725,-27.431677],[-49.611817,-27.431621],[-49.61185,-27.431592],[-49.611852,-27.431584],[-49.611861,-27.431543],[-49.611883,-27.431485],[-49.611892,-27.431462],[-49.611893,-27.43146],[-49.611898,-27.431447],[-49.611909,-27.431415],[-49.611923,-27.431379],[-49.611929,-27.431319],[-49.611933,-27.431273],[-49.611934,-27.431267],[-49.611885,-27.431198],[-49.611861,-27.431178],[-49.611845,-27.431164],[-49.611814,-27.431139],[-49.611813,-27.431138],[-49.611732,-27.431138],[-49.611621626688034,-27.431161864499884],[-49.61162103814237,-27.431161858873253],[-49.611631,-27.431125],[-49.611634,-27.431112],[-49.611635,-27.431108],[-49.61163,-27.431112],[-49.61161322115819,-27.431124830879032],[-49.61161301832683,-27.431124828949603],[-49.611616,-27.431097],[-49.611621,-27.431053],[-49.611621,-27.431049],[-49.611639,-27.431016],[-49.611677,-27.430946],[-49.611713,-27.430878],[-49.611765,-27.430782],[-49.611774,-27.430757],[-49.611825,-27.430622],[-49.611856,-27.430541],[-49.611877,-27.430485],[-49.611887,-27.43044],[-49.611888,-27.430437],[-49.611908,-27.4304],[-49.61191,-27.430394],[-49.611931,-27.430329],[-49.611941,-27.430298],[-49.611961,-27.430238],[-49.611982,-27.430173],[-49.611995,-27.430131],[-49.612007,-27.430096],[-49.61201,-27.430086],[-49.612019,-27.430059],[-49.61203,-27.430025],[-49.612047,-27.429975],[-49.612048,-27.429971],[-49.612044,-27.429933],[-49.612042,-27.429914],[-49.612021,-27.429888],[-49.612025,-27.42987],[-49.612026,-27.42987],[-49.612045,-27.429842],[-49.612068,-27.429838],[-49.612099,-27.42981],[-49.612102,-27.429807],[-49.612118,-27.429765],[-49.61213,-27.429734],[-49.612143,-27.429698],[-49.612187,-27.429583],[-49.612198,-27.429552],[-49.612204,-27.429539],[-49.612266,-27.429401],[-49.612295,-27.429335],[-49.612302,-27.42932],[-49.612309,-27.429304],[-49.612312,-27.429299],[-49.612319,-27.429281],[-49.612336,-27.429279],[-49.61235012328586,-27.429276507655437],[-49.61235465782608,-27.429276552608695],[-49.612362,-27.429279],[-49.612372,-27.429282],[-49.612383,-27.429294],[-49.612351,-27.429392],[-49.612304,-27.429486],[-49.612253,-27.429612],[-49.612247,-27.429626],[-49.612238,-27.429647],[-49.612234,-27.429662],[-49.612233,-27.429666],[-49.612229,-27.429678],[-49.612231,-27.429684],[-49.612345,-27.429685],[-49.612347,-27.42968],[-49.612352,-27.429667],[-49.61235364539007,-27.42966370921986],[-49.61235683018868,-27.42966375471698],[-49.612369,-27.429667],[-49.612374,-27.429664],[-49.612394,-27.429649],[-49.612424,-27.429627],[-49.61247629724201,-27.4296141723746],[-49.61247736553524,-27.429614182767622],[-49.612505,-27.429628],[-49.612591,-27.429671],[-49.612612,-27.42969],[-49.612638,-27.429732],[-49.612736,-27.429819],[-49.612807,-27.429847],[-49.612892,-27.429919],[-49.612909,-27.429976],[-49.612945,-27.43002],[-49.612953,-27.430074],[-49.613009,-27.43011],[-49.613005,-27.430137],[-49.613024,-27.430158],[-49.613084,-27.430198],[-49.613121,-27.430243],[-49.613223,-27.430314],[-49.613435,-27.430449],[-49.61355,-27.430509],[-49.613588,-27.430529],[-49.613694,-27.43061],[-49.613778,-27.430688],[-49.613784,-27.430704],[-49.613792,-27.43072],[-49.613837,-27.430759],[-49.613867,-27.4308],[-49.613895,-27.430818],[-49.613897,-27.430819],[-49.61392,-27.430866],[-49.613889,-27.430968],[-49.613864,-27.431018],[-49.615339,-27.431032],[-49.615353,-27.430982],[-49.615382,-27.430881],[-49.615395,-27.430834],[-49.615395,-27.430832],[-49.615403,-27.430816],[-49.615421,-27.430775],[-49.615439,-27.430737]],[[-49.6092363514131,-27.42903459973088],[-49.60923635141292,-27.429034599730876],[-49.613561,-27.429074],[-49.6092363514131,-27.42903459973088]]],[[[-49.613339,-27.406897],[-49.613314,-27.406893],[-49.61317,-27.406895],[-49.613049,-27.406908],[-49.612937,-27.406911],[-49.613494,-27.406917],[-49.61346,-27.406912],[-49.613339,-27.406897]]],[[[-49.611274,-27.432461],[-49.611308,-27.432456],[-49.611208,-27.432455],[-49.61127,-27.432461],[-49.611274,-27.432461]]],[[[-49.611395,-27.432283],[-49.6114,-27.432216],[-49.611401,-27.432202],[-49.611394,-27.432175],[-49.611383,-27.432161],[-49.611389,-27.432149],[-49.611404,-27.432121],[-49.611402,-27.432116],[-49.611394,-27.432094],[-49.611393,-27.432072],[-49.611392,-27.432053],[-49.611387,-27.432039],[-49.61137,-27.431999],[-49.611368,-27.431973],[-49.611368,-27.431972],[-49.611367,-27.431958],[-49.611364,-27.431912],[-49.61136,-27.431858],[-49.611361,-27.431854],[-49.611365,-27.431836],[-49.611369,-27.431819],[-49.611373,-27.431815],[-49.611382,-27.431808],[-49.611388,-27.431775],[-49.611393,-27.43175],[-49.611399,-27.431749],[-49.610792,-27.431743],[-49.610791,-27.431744],[-49.610774,-27.431769],[-49.610772,-27.431801],[-49.610771,-27.431809],[-49.610761,-27.431813],[-49.610714,-27.43183],[-49.610689,-27.431847],[-49.610688,-27.431851],[-49.610675,-27.431906],[-49.61069,-27.431951],[-49.610703,-27.431966],[-49.610707,-27.431971],[-49.610714,-27.431979],[-49.610773,-27.431972],[-49.61081584398549,-27.431967018141222],[-49.6108160136189,-27.43196701967175],[-49.610825,-27.43198],[-49.61083970272502,-27.431967257638316],[-49.61084044280443,-27.43196726568266],[-49.610885,-27.431994],[-49.610951,-27.432034],[-49.610998,-27.432049],[-49.611062,-27.432069],[-49.611099,-27.432091],[-49.611138,-27.432113],[-49.61114,-27.432118],[-49.611152,-27.432146],[-49.611151,-27.432159],[-49.61115,-27.432173],[-49.611148,-27.4322],[-49.611147,-27.432213],[-49.611118,-27.432281],[-49.611098,-27.432357],[-49.611098,-27.432358],[-49.611105,-27.432377],[-49.611112,-27.432395],[-49.611121,-27.432417],[-49.611123,-27.432424],[-49.611145,-27.432442],[-49.611174,-27.432444],[-49.611177,-27.432445],[-49.611197,-27.432454],[-49.611208,-27.432455],[-49.611311,-27.432456],[-49.611336,-27.432447],[-49.611339,-27.432445],[-49.61134,-27.432444],[-49.611366,-27.432427],[-49.611376,-27.43242],[-49.611388,-27.432398],[-49.611378,-27.43238],[-49.611388,-27.432361],[-49.611388,-27.43236],[-49.611395,-27.432283]]],[[[-49.611452,-27.431749],[-49.611399,-27.431749],[-49.6114,-27.43175],[-49.611435,-27.431784],[-49.611441,-27.43179],[-49.611442,-27.431784],[-49.611452,-27.431751],[-49.611452,-27.431749]]],[[[-49.61149,-27.431767],[-49.611525,-27.431783],[-49.61153,-27.431783],[-49.611539,-27.431768],[-49.611554,-27.431741],[-49.611455,-27.43174],[-49.61149,-27.431767]]],[[[-49.611558,-27.431734],[-49.61157,-27.431736],[-49.611575,-27.431734],[-49.611558,-27.431734]]],[[[-49.612247,-27.429698],[-49.61225,-27.429699],[-49.612259,-27.429703],[-49.612291,-27.4297],[-49.612302,-27.429698],[-49.612306,-27.429693],[-49.612311,-27.429687],[-49.612313,-27.429685],[-49.612231,-27.429684],[-49.612232,-27.429686],[-49.612235,-27.429692],[-49.612247,-27.429698]]],[[[-49.612345,-27.429685],[-49.612313,-27.429685],[-49.612326,-27.429687],[-49.612343,-27.42969],[-49.612344,-27.429687],[-49.612345,-27.429685]]],[[[-49.612747,-27.42837],[-49.612684,-27.428316],[-49.612657,-27.428292],[-49.612653,-27.428289],[-49.612634,-27.428273],[-49.61263,-27.42827],[-49.612525,-27.428242],[-49.61252,-27.428241],[-49.612439,-27.42819],[-49.612352,-27.428148],[-49.612298,-27.428146],[-49.612142,-27.428117],[-49.612056,-27.428085],[-49.612041,-27.428079],[-49.61201,-27.42806],[-49.61199,-27.428026],[-49.611989,-27.428024],[-49.611876,-27.428025],[-49.611858,-27.428058],[-49.611847,-27.428077],[-49.611844,-27.428083],[-49.611813,-27.428114],[-49.611786,-27.428141],[-49.611785,-27.428142],[-49.611744,-27.428183],[-49.611695,-27.428233],[-49.611694,-27.428234],[-49.61165,-27.42826],[-49.611644,-27.428263],[-49.61159,-27.428279],[-49.611582558300626,-27.42828123250981],[-49.61154757618561,-27.428280881937432],[-49.611464,-27.428278],[-49.611362,-27.428263],[-49.611327,-27.428238],[-49.611306,-27.42821],[-49.611289,-27.428186],[-49.611285,-27.428181],[-49.611265,-27.428186],[-49.611249,-27.428209],[-49.611253,-27.428238],[-49.611257,-27.428262],[-49.611259,-27.428276],[-49.61126,-27.428278],[-49.611264,-27.428301],[-49.611258,-27.428355],[-49.611279,-27.42841],[-49.611259,-27.42843],[-49.611263,-27.428444],[-49.611236,-27.428459],[-49.611243,-27.42853],[-49.611227,-27.428541],[-49.611213,-27.428574],[-49.611196,-27.428581],[-49.611188,-27.428596],[-49.611071,-27.428619],[-49.613057,-27.428639],[-49.613029,-27.428614],[-49.613012,-27.428599],[-49.613003,-27.428592],[-49.612965,-27.428559],[-49.612951,-27.428547],[-49.612869,-27.428475],[-49.612851,-27.42846],[-49.612835,-27.428446],[-49.61281,-27.428425],[-49.612747,-27.42837]]],[[[-49.611998,-27.408673],[-49.612008,-27.408647],[-49.612007,-27.408612],[-49.612007,-27.408605],[-49.611974,-27.408513],[-49.611975,-27.408507],[-49.611975,-27.40846],[-49.611976,-27.408443],[-49.611978,-27.408439],[-49.611989,-27.408418],[-49.611991,-27.408414],[-49.611043,-27.408405],[-49.611141,-27.408409],[-49.611224,-27.408431],[-49.611265,-27.408435],[-49.61127,-27.408436],[-49.611312,-27.408453],[-49.611366,-27.408501],[-49.61137,-27.408507],[-49.611416,-27.408599],[-49.61142,-27.408606],[-49.611423,-27.408641],[-49.611425,-27.408667],[-49.611428,-27.408693],[-49.611417,-27.408725],[-49.611407,-27.408755],[-49.611403,-27.408765],[-49.611411,-27.408781],[-49.611424,-27.408807],[-49.611426,-27.40881],[-49.611436,-27.408816],[-49.611468,-27.408811],[-49.61148576999527,-27.408807615238995],[-49.61149125313846,-27.408807669851974],[-49.611526,-27.408818],[-49.611627,-27.408873],[-49.611673,-27.408899],[-49.611711,-27.40891],[-49.611754,-27.4089],[-49.611856,-27.408876],[-49.611915,-27.408822],[-49.611926,-27.408812],[-49.611953,-27.408786],[-49.61198,-27.408771],[-49.611998,-27.40876],[-49.612009,-27.408731],[-49.612003,-27.408699],[-49.611998,-27.408673]]],[[[-49.612135,-27.406528],[-49.612119,-27.406502],[-49.612097,-27.406465],[-49.612095,-27.406463],[-49.61207,-27.406441],[-49.612062,-27.406434],[-49.612016,-27.406415],[-49.612015,-27.406411],[-49.612013,-27.406396],[-49.612013,-27.406394],[-49.612009,-27.406362],[-49.611998,-27.40628],[-49.611996,-27.406261],[-49.612002,-27.406229],[-49.611999,-27.406226],[-49.611997,-27.406225],[-49.611984,-27.406213],[-49.611984,-27.406212],[-49.611978,-27.406187],[-49.611971,-27.40618],[-49.611942,-27.406153],[-49.611935,-27.406132],[-49.611911,-27.406062],[-49.61192,-27.406021],[-49.611925,-27.405997],[-49.611859,-27.405978],[-49.611778,-27.405971],[-49.61175,-27.405965],[-49.611623,-27.405939],[-49.611577,-27.405914],[-49.611559,-27.405905],[-49.611537,-27.40588],[-49.611514,-27.405854],[-49.611513,-27.40585],[-49.61151,-27.405842],[-49.61151,-27.405841],[-49.606278,-27.405789],[-49.606418,-27.405791],[-49.606448,-27.405799],[-49.606455,-27.405804],[-49.606493,-27.405829],[-49.606548,-27.405855],[-49.606568,-27.405864],[-49.606588,-27.405888],[-49.606609,-27.405914],[-49.606612,-27.40592],[-49.606615,-27.405926],[-49.606624,-27.405945],[-49.606636,-27.405969],[-49.60664,-27.406009],[-49.606645,-27.40608],[-49.606657,-27.4061],[-49.606671,-27.406127],[-49.60668,-27.406134],[-49.606714,-27.406159],[-49.606714,-27.40616],[-49.60672,-27.406172],[-49.606744,-27.406174],[-49.606747,-27.406177],[-49.606776,-27.406209],[-49.606793,-27.406228],[-49.606921,-27.406312],[-49.606916,-27.406343],[-49.606962,-27.406345],[-49.606967,-27.406361],[-49.606987,-27.406365],[-49.607075,-27.406384],[-49.607108,-27.406392],[-49.607178,-27.406414],[-49.607184,-27.406416],[-49.607204,-27.406453],[-49.607233,-27.406479],[-49.607237,-27.4065],[-49.60724,-27.406516],[-49.607242,-27.406528],[-49.607246,-27.406549],[-49.607248,-27.406557],[-49.607243,-27.406598],[-49.607251,-27.406609],[-49.607263,-27.406627],[-49.607263,-27.406666],[-49.607263,-27.406702],[-49.607263,-27.406706],[-49.607263,-27.406708],[-49.607273,-27.40675],[-49.60728,-27.406777],[-49.607282,-27.406787],[-49.607296,-27.406801],[-49.607309,-27.406814],[-49.607318,-27.406824],[-49.607325,-27.406831],[-49.607345,-27.40684],[-49.607378,-27.406856],[-49.612937,-27.406911],[-49.612927,-27.406896],[-49.612911,-27.406886],[-49.612898,-27.406879],[-49.612746,-27.406868],[-49.61267,-27.406855],[-49.612623,-27.40684],[-49.612588,-27.40683],[-49.612533,-27.406803],[-49.612492,-27.40676],[-49.612475,-27.406758],[-49.612434,-27.406754],[-49.612389,-27.406717],[-49.612357,-27.406677],[-49.612343,-27.40666],[-49.61233,-27.406648],[-49.612284,-27.406607],[-49.612275,-27.406599],[-49.612238,-27.406577],[-49.612233,-27.406574],[-49.61220694435979,-27.406576695411054],[-49.612202939747846,-27.406576656134437],[-49.612167,-27.406565],[-49.612148,-27.406549],[-49.612135,-27.406528]],[[-49.612159297296905,-27.406576558558555],[-49.61215929729729,-27.40657655855856],[-49.607246,-27.406549],[-49.612159297296905,-27.406576558558555]]],[[[-49.611257,-27.405542],[-49.61125331690141,-27.40554476232394],[-49.61125109340394,-27.405544740009628],[-49.611231,-27.405542],[-49.6111,-27.405513],[-49.610973,-27.405484],[-49.61084,-27.405454],[-49.610798,-27.405433],[-49.610791,-27.405414],[-49.610782,-27.405391],[-49.610782,-27.405387],[-49.610769,-27.405234],[-49.61076,-27.40513],[-49.610762,-27.405105],[-49.610774,-27.404976],[-49.610788,-27.40493],[-49.61079,-27.404924],[-49.610748,-27.404902],[-49.610725,-27.404873],[-49.610747,-27.404778],[-49.610745,-27.404774],[-49.610739,-27.40476],[-49.610739,-27.404703],[-49.610752,-27.404669],[-49.610762,-27.404642],[-49.610768,-27.404595],[-49.610773,-27.404585],[-49.610781,-27.404572],[-49.610468,-27.404314],[-49.610382,-27.404242],[-49.610353,-27.404219],[-49.610294,-27.404171],[-49.61025,-27.404134],[-49.610035,-27.403957],[-49.609976,-27.403909],[-49.609908,-27.403852],[-49.609791,-27.403756],[-49.609709,-27.403688],[-49.609687,-27.40367],[-49.60967,-27.403613],[-49.609651,-27.403551],[-49.60963,-27.403531],[-49.609571,-27.403474],[-49.609539,-27.403443],[-49.609512,-27.403418],[-49.609425,-27.403335],[-49.608136,-27.403322],[-49.608089,-27.403404],[-49.608066,-27.403429],[-49.608027,-27.403459],[-49.60792,-27.403514],[-49.607895,-27.403533],[-49.607812,-27.403594],[-49.607706,-27.403651],[-49.607673,-27.403668],[-49.607602,-27.403734],[-49.607461,-27.403828],[-49.607422,-27.403883],[-49.607424,-27.403931],[-49.60751,-27.404107],[-49.60752,-27.404143],[-49.607518,-27.40419],[-49.607497,-27.404214],[-49.607466,-27.404284],[-49.607405,-27.404538],[-49.607402,-27.404552],[-49.607398,-27.404561],[-49.607381,-27.404609],[-49.607371,-27.404636],[-49.607355,-27.404669],[-49.607328,-27.404726],[-49.607321,-27.40474],[-49.607319,-27.404743],[-49.607264,-27.404839],[-49.607248,-27.404867],[-49.607235,-27.404889],[-49.607232,-27.404895],[-49.607217,-27.404941],[-49.607174,-27.40507],[-49.607162,-27.405094],[-49.60711,-27.405197],[-49.607057,-27.40535],[-49.607055,-27.405354],[-49.60704,-27.405377],[-49.607036,-27.405395],[-49.607032,-27.405416],[-49.607025,-27.405445],[-49.60696,-27.405471],[-49.606807,-27.405498],[-49.606793,-27.4055],[-49.606618,-27.405531],[-49.606565,-27.405537],[-49.60655812219178,-27.405537859726028],[-49.606549510638345,-27.405537773049648],[-49.606524,-27.405537],[-49.606351,-27.40553],[-49.606279,-27.405534],[-49.606274,-27.405535],[-49.606135,-27.405563],[-49.606065,-27.405577],[-49.606041,-27.405581],[-49.611407,-27.405635],[-49.611402,-27.40563],[-49.611387,-27.405615],[-49.611341,-27.405586],[-49.611339,-27.405585],[-49.611328,-27.405578],[-49.611277,-27.405545],[-49.611273,-27.405543],[-49.611265,-27.405537],[-49.611257,-27.405542]]],[[[-49.611455,-27.43174],[-49.610798,-27.431733],[-49.610792,-27.431743],[-49.611452,-27.431749],[-49.611455,-27.43174]]],[[[-49.611554,-27.431741],[-49.611558,-27.431734],[-49.610803,-27.431726],[-49.610798,-27.431733],[-49.611554,-27.431741]]],[[[-49.606955,-27.428981],[-49.606959,-27.428991],[-49.60696,-27.428992],[-49.60696,-27.428994],[-49.606968,-27.429012],[-49.606983,-27.429049],[-49.606987,-27.429057],[-49.606988,-27.429059],[-49.607005,-27.429099],[-49.607009,-27.429109],[-49.60701,-27.429113],[-49.607017,-27.429153],[-49.607018,-27.429156],[-49.607026,-27.429198],[-49.607032,-27.429226],[-49.607061,-27.429285],[-49.607091,-27.42931],[-49.6071,-27.429318],[-49.607117,-27.429351],[-49.607132,-27.429381],[-49.607166,-27.429448],[-49.607191,-27.429498],[-49.607198,-27.429512],[-49.607213,-27.42955],[-49.607215,-27.429553],[-49.607225,-27.42958],[-49.607233,-27.429599],[-49.607246,-27.429632],[-49.607264,-27.429679],[-49.607274,-27.429702],[-49.607288,-27.429738],[-49.607304,-27.429779],[-49.607342,-27.429874],[-49.607357,-27.429955],[-49.60736,-27.429967],[-49.607384,-27.429982],[-49.60741,-27.430064],[-49.607445,-27.43011],[-49.607466,-27.430175],[-49.607468,-27.430179],[-49.60747,-27.430212],[-49.60748,-27.430225],[-49.607479,-27.430234],[-49.607476,-27.430253],[-49.607498,-27.430281],[-49.607491,-27.430304],[-49.607512,-27.430346],[-49.607526,-27.430359],[-49.607529,-27.430362],[-49.607574,-27.43037],[-49.607616,-27.430363],[-49.607634,-27.43036],[-49.607639,-27.430348],[-49.607655,-27.430305],[-49.607664,-27.430282],[-49.607675,-27.430255],[-49.607682,-27.430236],[-49.607688,-27.430227],[-49.607696,-27.430214],[-49.607717,-27.430181],[-49.607719,-27.430178],[-49.607732,-27.430112],[-49.607741,-27.430067],[-49.607757,-27.429986],[-49.60776,-27.429971],[-49.607762,-27.429959],[-49.607804,-27.429878],[-49.607852,-27.429784],[-49.607819,-27.429743],[-49.607811,-27.429707],[-49.607809,-27.429684],[-49.607826,-27.429638],[-49.607902,-27.429606],[-49.607987,-27.429587],[-49.608,-27.429561],[-49.608019,-27.429558],[-49.608061,-27.429521],[-49.608076,-27.429507],[-49.608108,-27.429457],[-49.60813,-27.429391],[-49.608134,-27.429361],[-49.608127,-27.429328],[-49.608126,-27.42932],[-49.60815,-27.429296],[-49.60821,-27.429238],[-49.608238,-27.42921],[-49.608293,-27.429169],[-49.608313344086035,-27.42916530107527],[-49.60831666283524,-27.42916533256705],[-49.608335,-27.429169],[-49.60836,-27.429174],[-49.608375,-27.42917],[-49.608387,-27.429166],[-49.608519,-27.429128],[-49.608528,-27.429124],[-49.608546,-27.429114],[-49.608584,-27.429075],[-49.608614,-27.429073],[-49.608621,-27.429065],[-49.608728,-27.42903],[-49.608739,-27.429012],[-49.608748,-27.42901],[-49.60879768868202,-27.42900915781895],[-49.60880804017715,-27.42900926004429],[-49.608811,-27.42901],[-49.608837,-27.429019],[-49.613551,-27.429066],[-49.613542,-27.429058],[-49.613541,-27.429056],[-49.613529,-27.429046],[-49.613333,-27.428877],[-49.613227,-27.428785],[-49.613057,-27.428639],[-49.606981,-27.428578],[-49.606938,-27.428723],[-49.606937,-27.428813],[-49.606955,-27.428981]]],[[[-49.610913,-27.428587],[-49.610911,-27.428583],[-49.610866,-27.428586],[-49.610913,-27.428587]]],[[[-49.609891,-27.427999],[-49.60987365729504,-27.42800265109578],[-49.609868934672875,-27.428002604473917],[-49.609841,-27.427999],[-49.60972,-27.427967],[-49.609645,-27.427947],[-49.609482,-27.42793],[-49.609456,-27.427913],[-49.609426,-27.427905],[-49.609406,-27.427854],[-49.609401,-27.427842],[-49.609418,-27.427781],[-49.609356,-27.427765],[-49.608869,-27.427639],[-49.608648,-27.427582],[-49.608184,-27.427421],[-49.607911,-27.427326],[-49.607914,-27.427246],[-49.607915,-27.427188],[-49.607918,-27.427085],[-49.607921,-27.426953],[-49.607923,-27.426876],[-49.607924,-27.426854],[-49.607925,-27.426811],[-49.607927,-27.426758],[-49.607927,-27.426737],[-49.607927,-27.426727],[-49.607927,-27.426725],[-49.606949,-27.426715],[-49.606956,-27.426717],[-49.606986,-27.426728],[-49.607018,-27.426749],[-49.607061,-27.426802],[-49.607068,-27.426845],[-49.607085,-27.426868],[-49.607099,-27.426945],[-49.607119,-27.427077],[-49.607119,-27.42718],[-49.607139,-27.427239],[-49.607144,-27.427319],[-49.607151,-27.42741],[-49.607141,-27.427567],[-49.607138,-27.427622],[-49.607187,-27.427743],[-49.607186,-27.427759],[-49.60718,-27.42782],[-49.607179,-27.427832],[-49.607184,-27.427882],[-49.607184,-27.42789],[-49.607186,-27.427907],[-49.607187,-27.427923],[-49.607189,-27.427942],[-49.607175,-27.427972],[-49.607174,-27.427976],[-49.607172,-27.427978],[-49.607163,-27.427999],[-49.607156,-27.428016],[-49.60713,-27.428074],[-49.607128,-27.428082],[-49.607115,-27.428151],[-49.607114,-27.42818],[-49.607114,-27.428189],[-49.607113,-27.428209],[-49.607112,-27.428224],[-49.607108,-27.428238],[-49.607089,-27.4283],[-49.607086,-27.428305],[-49.607077,-27.428323],[-49.607049,-27.428381],[-49.607046,-27.428386],[-49.607031,-27.428416],[-49.607031,-27.428417],[-49.607025,-27.428428],[-49.607023,-27.428434],[-49.607006,-27.428492],[-49.607003,-27.428501],[-49.606997,-27.428524],[-49.60699,-27.428548],[-49.610866,-27.428586],[-49.610828,-27.428562],[-49.610811,-27.428539],[-49.610766,-27.42853],[-49.610698,-27.428471],[-49.610688,-27.428465],[-49.610668,-27.428453],[-49.610653,-27.428452],[-49.610628,-27.428422],[-49.610596,-27.428416],[-49.610535,-27.428358],[-49.610494,-27.428339],[-49.610488,-27.428334],[-49.610407,-27.428271],[-49.610381,-27.428257],[-49.610355,-27.428241],[-49.610315,-27.428221],[-49.610271,-27.428212],[-49.610219,-27.428182],[-49.610098,-27.428112],[-49.610072,-27.428103],[-49.609903,-27.428043],[-49.609893,-27.428027],[-49.609909,-27.428006],[-49.609909,-27.428003],[-49.609908,-27.428],[-49.609907,-27.427997],[-49.609891,-27.427999]]],[[[-49.609479,-27.409502],[-49.609481,-27.409498],[-49.609505,-27.409486],[-49.609517,-27.409479],[-49.609536,-27.409471],[-49.609612,-27.409438],[-49.609695,-27.409401],[-49.609756,-27.409383],[-49.609778,-27.409368],[-49.609895,-27.409289],[-49.609926,-27.409269],[-49.609993,-27.409224],[-49.609997,-27.409222],[-49.610019,-27.409211],[-49.610047,-27.409198],[-49.610065,-27.40919],[-49.6101,-27.409173],[-49.610197,-27.409112],[-49.610272,-27.409066],[-49.610346,-27.409034],[-49.610429,-27.408964],[-49.610528,-27.408904],[-49.610579,-27.408852],[-49.610654,-27.408742],[-49.610673,-27.408706],[-49.610716,-27.408623],[-49.610728,-27.4086],[-49.610754,-27.408569],[-49.610777,-27.408541],[-49.610846,-27.408482],[-49.610982,-27.40841],[-49.611043,-27.408405],[-49.607551,-27.40837],[-49.60755,-27.408376],[-49.607528,-27.408448],[-49.607511,-27.408508],[-49.607503,-27.408536],[-49.607512,-27.408568],[-49.607506,-27.408591],[-49.60746,-27.408674],[-49.607444,-27.40871],[-49.607395,-27.40882],[-49.607372,-27.408873],[-49.607346,-27.408933],[-49.607315,-27.409003],[-49.6073,-27.409036],[-49.60728,-27.409083],[-49.607269,-27.409145],[-49.607266,-27.409162],[-49.607275,-27.40917],[-49.607271,-27.409184],[-49.607283,-27.409195],[-49.607283,-27.409197],[-49.607286,-27.409242],[-49.607273,-27.409263],[-49.607248,-27.409343],[-49.607245,-27.409358],[-49.607242,-27.409377],[-49.607235,-27.409414],[-49.607249,-27.409448],[-49.60726,-27.409456],[-49.607268,-27.409463],[-49.607273,-27.409476],[-49.607274,-27.40948],[-49.607277,-27.409488],[-49.60728,-27.409497],[-49.607285,-27.409508],[-49.607278,-27.409526],[-49.607271,-27.409532],[-49.607259,-27.40954],[-49.60727,-27.409564],[-49.607274,-27.409575],[-49.607264,-27.409608],[-49.607259,-27.409622],[-49.607246,-27.409662],[-49.607241,-27.409677],[-49.607243,-27.409687],[-49.607243,-27.409688],[-49.607247,-27.409708],[-49.60725,-27.409724],[-49.607243,-27.409739],[-49.607227,-27.409773],[-49.607196,-27.409777],[-49.607183,-27.409815],[-49.607148,-27.409825],[-49.607138,-27.409829],[-49.607129,-27.409873],[-49.607124,-27.4099],[-49.607119,-27.409927],[-49.607111,-27.409968],[-49.607108,-27.409981],[-49.607106,-27.410008],[-49.607103,-27.410073],[-49.607102,-27.410097],[-49.607101,-27.410105],[-49.607099,-27.410159],[-49.607098,-27.410166],[-49.607095,-27.410232],[-49.607094,-27.410252],[-49.60708,-27.410313],[-49.60707,-27.41036],[-49.607068,-27.4104],[-49.607067,-27.410426],[-49.607064,-27.410478],[-49.607063,-27.410505],[-49.607082,-27.410525],[-49.607117,-27.41054],[-49.607136,-27.410567],[-49.607148,-27.410602],[-49.607121,-27.41064],[-49.607089,-27.410715],[-49.607087,-27.41073],[-49.607067,-27.410836],[-49.607049,-27.410928],[-49.607032,-27.411019],[-49.607029,-27.411027],[-49.607019,-27.411052],[-49.607019,-27.411053],[-49.607017,-27.411131],[-49.607016,-27.411158],[-49.607027,-27.411206],[-49.607043,-27.411231],[-49.607044,-27.411264],[-49.607044,-27.411265],[-49.607035,-27.411331],[-49.607032,-27.411362],[-49.607017,-27.411402],[-49.607009,-27.411426],[-49.606998,-27.411456],[-49.606986,-27.411537],[-49.606985,-27.411541],[-49.607048,-27.411619],[-49.607076,-27.411654],[-49.607081,-27.411683],[-49.607074,-27.411737],[-49.607051,-27.411819],[-49.607038,-27.411864],[-49.607031,-27.411887],[-49.607027,-27.411892],[-49.607002,-27.411928],[-49.60694,-27.411977],[-49.606916,-27.411997],[-49.606891,-27.412016],[-49.606837,-27.412059],[-49.606799,-27.41209],[-49.606783,-27.412104],[-49.606754,-27.412129],[-49.606728,-27.412152],[-49.606689,-27.412186],[-49.606632,-27.412236],[-49.606615,-27.412251],[-49.606556,-27.412303],[-49.606493,-27.412358],[-49.606441,-27.412404],[-49.606375,-27.412461],[-49.606354,-27.41248],[-49.606351,-27.412482],[-49.606322,-27.412508],[-49.606318,-27.412511],[-49.606278,-27.412547],[-49.606256,-27.412566],[-49.606231,-27.412584],[-49.606134,-27.412656],[-49.606131,-27.412659],[-49.60604,-27.41275],[-49.606016,-27.412773],[-49.606002,-27.412792],[-49.605993,-27.412806],[-49.605961,-27.41285],[-49.605945,-27.412873],[-49.605875,-27.413002],[-49.605874,-27.413003],[-49.605823,-27.413055],[-49.605807,-27.413076],[-49.60575,-27.413154],[-49.605671,-27.413284],[-49.605646,-27.413324],[-49.605636,-27.413372],[-49.605608,-27.413432],[-49.605605,-27.413456],[-49.605601,-27.413502],[-49.605597,-27.413544],[-49.605604,-27.413573],[-49.605608,-27.413594],[-49.605609,-27.413598],[-49.605656,-27.413654],[-49.605657,-27.413658],[-49.605665,-27.413694],[-49.605654,-27.413704],[-49.605638,-27.413718],[-49.605615,-27.413722],[-49.60557031967214,-27.413728799180326],[-49.60556847843137,-27.413728780392155],[-49.60555,-27.413721],[-49.605544,-27.413719],[-49.605508,-27.413721],[-49.605492,-27.413728],[-49.605483,-27.413733],[-49.605474,-27.413744],[-49.605402,-27.413837],[-49.605398,-27.413842],[-49.605368,-27.413868],[-49.605315,-27.413875],[-49.605269,-27.41389],[-49.605236,-27.413939],[-49.605219,-27.413964],[-49.605183,-27.414018],[-49.605112,-27.414122],[-49.605024,-27.414253],[-49.604944,-27.414372],[-49.604911,-27.414394],[-49.604877,-27.414427],[-49.604859,-27.414445],[-49.604794,-27.41454],[-49.604786,-27.414552],[-49.604774,-27.414569],[-49.604751,-27.414602],[-49.604734,-27.414628],[-49.604683,-27.414682],[-49.60464,-27.41473],[-49.60461,-27.414763],[-49.604601,-27.414772],[-49.604556,-27.414809],[-49.604508,-27.41485],[-49.604504,-27.414863],[-49.606218,-27.41488],[-49.606228,-27.414867],[-49.606259,-27.414826],[-49.606273,-27.414789],[-49.606276,-27.41478],[-49.606251,-27.414746],[-49.606232,-27.414698],[-49.606245,-27.414643],[-49.606251,-27.414617],[-49.606292,-27.414584],[-49.606377,-27.414567],[-49.606392,-27.414556],[-49.606432,-27.41446],[-49.606439,-27.414443],[-49.606462,-27.414409],[-49.606477,-27.414388],[-49.60656,-27.414269],[-49.60662,-27.414137],[-49.606656,-27.414033],[-49.606698,-27.413979],[-49.606762,-27.413955],[-49.606752,-27.413905],[-49.606758,-27.413889],[-49.606761,-27.413882],[-49.606772,-27.413855],[-49.606774,-27.41385],[-49.60686,-27.413758],[-49.606863,-27.413746],[-49.606864,-27.413742],[-49.606866,-27.413734],[-49.606867,-27.413731],[-49.606867,-27.41373],[-49.60688,-27.413717],[-49.606882,-27.413706],[-49.60689,-27.41367],[-49.60689,-27.413667],[-49.606875,-27.413611],[-49.606874,-27.413606],[-49.606843,-27.413585],[-49.606821,-27.413557],[-49.606788,-27.413514],[-49.606775,-27.413468],[-49.606778,-27.413444],[-49.606787,-27.413383],[-49.606794,-27.413336],[-49.6068,-27.413295],[-49.606853,-27.413165],[-49.606884,-27.413087],[-49.606901,-27.413066],[-49.606943,-27.413013],[-49.606944,-27.413012],[-49.60709,-27.412884],[-49.607116,-27.412862],[-49.607149,-27.412817],[-49.607179,-27.412804],[-49.607195,-27.412785],[-49.607213,-27.412762],[-49.607384,-27.412671],[-49.607391,-27.412668],[-49.607568,-27.412598],[-49.607587,-27.41258],[-49.607608,-27.41256],[-49.607698,-27.412525],[-49.607759,-27.412522],[-49.60782,-27.412497],[-49.607852,-27.412495],[-49.607888,-27.412477],[-49.607903,-27.412419],[-49.607899,-27.412372],[-49.607924,-27.412317],[-49.607969,-27.412265],[-49.607996,-27.41225],[-49.60804,-27.412199],[-49.608082,-27.412166],[-49.608098,-27.412143],[-49.608138,-27.412117],[-49.608147,-27.412104],[-49.608165,-27.412073],[-49.608169,-27.412029],[-49.608184,-27.412009],[-49.608168,-27.411989],[-49.608169,-27.411939],[-49.60817,-27.411903],[-49.608173,-27.411898],[-49.608185,-27.411875],[-49.608193,-27.41183],[-49.608238,-27.411748],[-49.608248,-27.411694],[-49.608254,-27.411666],[-49.608261,-27.411631],[-49.608261,-27.411554],[-49.608261,-27.41155],[-49.608294,-27.411469],[-49.608306,-27.411439],[-49.608308,-27.411415],[-49.608296,-27.411374],[-49.608288,-27.411344],[-49.608293,-27.411277],[-49.608293,-27.411276],[-49.60829,-27.411243],[-49.608288,-27.411218],[-49.608283,-27.411171],[-49.608281,-27.411144],[-49.608288,-27.411066],[-49.608288,-27.411065],[-49.608281,-27.411039],[-49.608282,-27.411031],[-49.608284,-27.410941],[-49.608304,-27.410848],[-49.608315,-27.410742],[-49.608321,-27.410728],[-49.608352,-27.410652],[-49.608367,-27.410615],[-49.608381,-27.41058],[-49.608392,-27.410553],[-49.608398,-27.410538],[-49.608406,-27.410518],[-49.608418,-27.410491],[-49.608421,-27.410439],[-49.608435,-27.410413],[-49.608433,-27.410374],[-49.608431,-27.410327],[-49.608438,-27.410265],[-49.60844,-27.410245],[-49.608452,-27.41018],[-49.608463,-27.410173],[-49.608467,-27.410119],[-49.6085,-27.410111],[-49.608532,-27.410087],[-49.608547,-27.410023],[-49.608563,-27.409996],[-49.608571,-27.409982],[-49.608562,-27.409942],[-49.608581,-27.409915],[-49.608572,-27.409888],[-49.608587,-27.409843],[-49.608588,-27.40984],[-49.608593,-27.409829],[-49.608613,-27.409792],[-49.608615,-27.409787],[-49.608633,-27.409753],[-49.608651,-27.409738],[-49.60866944354585,-27.409722468592964],[-49.60867854174678,-27.409722561136647],[-49.608807,-27.409731],[-49.60882,-27.409724],[-49.608857,-27.409704],[-49.60889,-27.409703],[-49.608929,-27.409694],[-49.608986,-27.40968],[-49.609036,-27.409639],[-49.609097,-27.409626],[-49.609181,-27.409594],[-49.609207,-27.409584],[-49.609239,-27.40956],[-49.60925,-27.409551],[-49.609255,-27.409546],[-49.609271,-27.409528],[-49.60928,-27.409517],[-49.609298,-27.409508],[-49.6094106402307,-27.409501317952415],[-49.609416402259335,-27.409501375442044],[-49.609446,-27.409529],[-49.609457,-27.409539],[-49.609462,-27.409529],[-49.609479,-27.409502]],[[-49.60862904585155,-27.409722057681897],[-49.60862904585163,-27.409722057681897],[-49.60725,-27.409724],[-49.60862904585155,-27.409722057681897]],[[-49.60560275092976,-27.413729130111527],[-49.60560275092953,-27.413729130111523],[-49.606866,-27.413734],[-49.60560275092976,-27.413729130111527]]],[[[-49.610656,-27.404073],[-49.610647,-27.404043],[-49.610617,-27.403943],[-49.610615,-27.403937],[-49.610601,-27.403916],[-49.610565,-27.40386],[-49.610485,-27.403736],[-49.610483,-27.403732],[-49.610446,-27.403684],[-49.610424,-27.403656],[-49.610407,-27.403618],[-49.610381,-27.403564],[-49.610366,-27.403532],[-49.61034,-27.403477],[-49.610322,-27.403452],[-49.610271,-27.403379],[-49.610224,-27.403313],[-49.610164,-27.403228],[-49.610145,-27.403201],[-49.610108,-27.403149],[-49.6101,-27.403137],[-49.60929,-27.403129],[-49.609305,-27.403141],[-49.609337,-27.403193],[-49.609364,-27.40322],[-49.609469,-27.403305],[-49.609533,-27.403372],[-49.609618,-27.403445],[-49.609633,-27.40347],[-49.609667,-27.403525],[-49.609699,-27.403557],[-49.609767,-27.403612],[-49.609826,-27.40365],[-49.60987,-27.403678],[-49.609967,-27.403727],[-49.609974,-27.403731],[-49.610059,-27.403855],[-49.610121,-27.403911],[-49.610125,-27.403932],[-49.610126,-27.403938],[-49.610235,-27.404039],[-49.610262,-27.404069],[-49.610311,-27.404123],[-49.610323,-27.404132],[-49.610399,-27.404186],[-49.61042,-27.404201],[-49.610427,-27.404207],[-49.61049,-27.404242],[-49.610495,-27.404245],[-49.61050801115242,-27.404242211895912],[-49.61050927915519,-27.40424222681359],[-49.610525,-27.404255],[-49.61053,-27.40426],[-49.610556,-27.404256],[-49.610575,-27.404243],[-49.610625,-27.404209],[-49.610634,-27.404203],[-49.610644,-27.404189],[-49.610655,-27.404135],[-49.610655,-27.404127],[-49.610656,-27.404073]]],[[[-49.609921,-27.40279],[-49.609867,-27.402623],[-49.609864,-27.402616],[-49.609807,-27.402516],[-49.609799,-27.402502],[-49.609716,-27.402408],[-49.60969,-27.402384],[-49.609672,-27.402368],[-49.609639,-27.402346],[-49.609622,-27.402335],[-49.609598,-27.402318],[-49.609592,-27.402314],[-49.609571,-27.4023],[-49.609517,-27.402247],[-49.609497,-27.402227],[-49.609435,-27.402152],[-49.609426,-27.40214],[-49.609396,-27.402105],[-49.609385,-27.402091],[-49.60933,-27.402044],[-49.609325,-27.402038],[-49.609299,-27.402002],[-49.609258,-27.401946],[-49.609212,-27.401885],[-49.609084,-27.40173],[-49.609082,-27.401728],[-49.609031,-27.40167],[-49.608976,-27.401607],[-49.608865,-27.401507],[-49.608862,-27.4015],[-49.60884,-27.401446],[-49.608871,-27.401395],[-49.60889,-27.401323],[-49.608891,-27.40132],[-49.608892,-27.401319],[-49.608902,-27.401297],[-49.608924,-27.40125],[-49.60892,-27.401233],[-49.608908,-27.401223],[-49.608903,-27.401219],[-49.608884,-27.401223],[-49.608873,-27.401232],[-49.608855,-27.40125],[-49.608805,-27.401296],[-49.608761,-27.401317],[-49.608749,-27.401319],[-49.60872517877094,-27.401321382122905],[-49.60871758506179,-27.40132130758343],[-49.608672,-27.401299],[-49.608649,-27.401276],[-49.608631,-27.401257],[-49.608591,-27.401205],[-49.608555,-27.401157],[-49.608514,-27.401054],[-49.608409,-27.401003],[-49.6084,-27.400995],[-49.60829,-27.400896],[-49.608146,-27.400751],[-49.608094,-27.400662],[-49.608051,-27.40061],[-49.607959,-27.400534],[-49.607882,-27.400471],[-49.607821,-27.400407],[-49.607739,-27.400362],[-49.607668,-27.4003],[-49.607644,-27.400279],[-49.607587,-27.400242],[-49.607582,-27.400237],[-49.607452,-27.400123],[-49.607398,-27.400076],[-49.607336,-27.400027],[-49.607277,-27.399979],[-49.607249,-27.399958],[-49.607225,-27.399934],[-49.607196,-27.399906],[-49.607179,-27.399889],[-49.607164,-27.399875],[-49.607156,-27.399865],[-49.607093,-27.399789],[-49.606974,-27.399646],[-49.606913,-27.399594],[-49.606865,-27.399554],[-49.606772,-27.399388],[-49.606771,-27.399386],[-49.606721,-27.399355],[-49.605337,-27.399342],[-49.605385,-27.399372],[-49.605388,-27.399375],[-49.605502,-27.39954],[-49.605529,-27.39958],[-49.605554,-27.399632],[-49.605622,-27.399774],[-49.605699,-27.39985],[-49.605714,-27.39986],[-49.605735,-27.399875],[-49.60578,-27.399892],[-49.606049,-27.399922],[-49.606091,-27.399946],[-49.606129,-27.399968],[-49.606184,-27.400015],[-49.606223,-27.400064],[-49.60626,-27.400111],[-49.606319,-27.400225],[-49.606322,-27.400229],[-49.606347,-27.400266],[-49.606362,-27.400287],[-49.606412,-27.400349],[-49.606448,-27.400393],[-49.606499,-27.400457],[-49.60655,-27.40052],[-49.606617,-27.400595],[-49.606663,-27.400648],[-49.606741,-27.400737],[-49.606868,-27.400882],[-49.606955,-27.400981],[-49.606962,-27.400989],[-49.607011,-27.401039],[-49.607111,-27.401143],[-49.607157,-27.40119],[-49.6072,-27.401243],[-49.607214,-27.401261],[-49.607238,-27.401285],[-49.60726,-27.401307],[-49.607333,-27.40138],[-49.607384,-27.401431],[-49.607438,-27.401485],[-49.607444,-27.401492],[-49.607528,-27.401593],[-49.607581,-27.401655],[-49.607618,-27.401714],[-49.607619,-27.401715],[-49.607687,-27.40187],[-49.607715,-27.401931],[-49.607733,-27.401987],[-49.607726,-27.402022],[-49.607727,-27.402028],[-49.607737,-27.402074],[-49.60774,-27.402088],[-49.607769,-27.402124],[-49.60779,-27.402135],[-49.607857,-27.402211],[-49.607875,-27.402231],[-49.607932,-27.402284],[-49.607947,-27.402298],[-49.607954,-27.402305],[-49.607966,-27.402316],[-49.607982,-27.402325],[-49.608023,-27.402351],[-49.608026350364966,-27.40235102189781],[-49.608042,-27.402352],[-49.608125,-27.402358],[-49.608167,-27.402353],[-49.608175,-27.402352],[-49.60813775000007,-27.40235175],[-49.608176,-27.402352],[-49.608244,-27.402328],[-49.608254,-27.402319],[-49.608265,-27.402308],[-49.60829523064773,-27.402301387045814],[-49.60829835671688,-27.402301417451348],[-49.60831,-27.402305],[-49.608318,-27.402322],[-49.608345,-27.402333],[-49.608372,-27.402355],[-49.608392,-27.402371],[-49.608408,-27.402395],[-49.608473,-27.402489],[-49.608482,-27.402502],[-49.608532,-27.402603],[-49.608535,-27.40261],[-49.60866,-27.402778],[-49.608699,-27.402889],[-49.608704,-27.402902],[-49.608727,-27.402943],[-49.608721,-27.40297],[-49.608731,-27.403016],[-49.608738,-27.403024],[-49.608815,-27.403124],[-49.6101,-27.403137],[-49.61003,-27.403037],[-49.610025,-27.403029],[-49.610001,-27.402983],[-49.609986,-27.402955],[-49.609964,-27.402915],[-49.609957,-27.402901],[-49.609921,-27.40279]]],[[[-49.60929,-27.431265],[-49.609303,-27.431227],[-49.609317,-27.431212],[-49.609339,-27.431188],[-49.609364,-27.431136],[-49.609382,-27.43113],[-49.609389,-27.431106],[-49.60939,-27.431103],[-49.609406,-27.43108],[-49.609408,-27.431078],[-49.60898,-27.431074],[-49.609022,-27.431076],[-49.609079,-27.4311],[-49.609085,-27.431103],[-49.609085,-27.431127],[-49.609085,-27.431133],[-49.609085,-27.431185],[-49.609086,-27.431209],[-49.609076,-27.431224],[-49.609053,-27.431262],[-49.609039,-27.431284],[-49.609027,-27.431305],[-49.609002,-27.431323],[-49.608998,-27.431326],[-49.608973,-27.431358],[-49.608982,-27.431389],[-49.608989,-27.431411],[-49.608994,-27.431414],[-49.609018,-27.431433],[-49.609025,-27.431434],[-49.60908,-27.431415],[-49.609086,-27.431412],[-49.609119,-27.431391],[-49.609153,-27.43136],[-49.609188,-27.431328],[-49.609191,-27.431325],[-49.609226,-27.431307],[-49.609263,-27.431287],[-49.60929,-27.431265]]],[[[-49.608903,-27.431075],[-49.608925,-27.431085],[-49.608936,-27.43109],[-49.608948,-27.431085],[-49.608974,-27.431076],[-49.60898,-27.431074],[-49.608897,-27.431073],[-49.608903,-27.431075]]],[[[-49.609408,-27.431078],[-49.609409,-27.431076],[-49.60941,-27.431075],[-49.609412,-27.431071],[-49.608854,-27.431066],[-49.608887,-27.43107],[-49.608892,-27.431071],[-49.608897,-27.431073],[-49.609408,-27.431078]]],[[[-49.609663,-27.430777],[-49.609649,-27.430751],[-49.609652,-27.430747],[-49.60966,-27.430736],[-49.609657,-27.430722],[-49.609653,-27.430706],[-49.609652,-27.430703],[-49.609647,-27.430685],[-49.609647,-27.430682],[-49.609656,-27.430656],[-49.60867,-27.430647],[-49.608615,-27.430671],[-49.608614,-27.430672],[-49.608579,-27.430674],[-49.608555,-27.430692],[-49.608532,-27.430695],[-49.608503,-27.43071],[-49.608485,-27.430724],[-49.608472,-27.430735],[-49.60847,-27.430739],[-49.608456,-27.430765],[-49.608442,-27.430791],[-49.608434,-27.430805],[-49.608417,-27.430838],[-49.608398,-27.430874],[-49.60839,-27.430906],[-49.608396,-27.430929],[-49.608411,-27.430938],[-49.608487,-27.430952],[-49.608546,-27.430962],[-49.608537,-27.430974],[-49.608534,-27.431061],[-49.608534,-27.431062],[-49.609412,-27.431071],[-49.609413,-27.43107],[-49.609505,-27.430984],[-49.609518,-27.430972],[-49.609528,-27.430962],[-49.609536,-27.43095],[-49.609542,-27.43094],[-49.609556,-27.430917],[-49.609576,-27.430886],[-49.609598,-27.43085],[-49.609643,-27.430818],[-49.609631,-27.430803],[-49.609663,-27.430777]]],[[[-49.608837,-27.429019],[-49.608864,-27.429027],[-49.60893,-27.42902],[-49.608837,-27.429019]]],[[[-49.611071,-27.428619],[-49.610925,-27.42861],[-49.610913,-27.428587],[-49.60699,-27.428548],[-49.606983,-27.428571],[-49.606981,-27.428578],[-49.611071,-27.428619]]],[[[-49.609094,-27.403244],[-49.609023,-27.403326],[-49.608862,-27.403329],[-49.609425,-27.403335],[-49.60942,-27.40333],[-49.609331,-27.403246],[-49.609286,-27.403203],[-49.609267,-27.403185],[-49.609216,-27.403202],[-49.609094,-27.403244]]],[[[-49.609227,-27.403158],[-49.60926,-27.403134],[-49.60929,-27.403129],[-49.608815,-27.403124],[-49.608818,-27.403129],[-49.608837,-27.403154],[-49.608842,-27.403161],[-49.608852,-27.403179],[-49.608861,-27.403196],[-49.608879,-27.403229],[-49.608891,-27.403251],[-49.6089,-27.403269],[-49.608938,-27.403296],[-49.609005,-27.4033],[-49.609007,-27.403296],[-49.60902,-27.40327],[-49.609029,-27.403252],[-49.60907,-27.403231],[-49.60911,-27.403198],[-49.609174,-27.403182],[-49.609213,-27.403165],[-49.609227,-27.403158]]],[[[-49.60856915254237,-27.431097033898308],[-49.608596,-27.431103],[-49.608734,-27.431099],[-49.608752,-27.431099],[-49.608756,-27.431097],[-49.608799,-27.431084],[-49.608842,-27.43107],[-49.608854,-27.431066],[-49.608534,-27.431062],[-49.608534,-27.431066],[-49.608533,-27.431081],[-49.608558,-27.431095],[-49.608566,-27.431097],[-49.60856915254237,-27.431097033898308]]],[[[-49.608716,-27.430647],[-49.60869,-27.430645],[-49.608675,-27.430644],[-49.608673,-27.430645],[-49.60867,-27.430647],[-49.608716,-27.430647]]],[[[-49.606542,-27.425804],[-49.606478,-27.425882],[-49.606468,-27.425901],[-49.606453,-27.425931],[-49.606435,-27.425965],[-49.606391,-27.426013],[-49.606388,-27.426016],[-49.606351,-27.426072],[-49.606317,-27.426096],[-49.606299,-27.426099],[-49.606296520682044,-27.42609961982949],[-49.60629299471627,-27.42609958511371],[-49.606237,-27.426088],[-49.606166,-27.426086],[-49.606162,-27.426087],[-49.606132,-27.426098],[-49.606102,-27.426109],[-49.606064,-27.426151],[-49.60602,-27.426199],[-49.60599,-27.426233],[-49.605988,-27.426248],[-49.605956,-27.426298],[-49.605915,-27.42632],[-49.605885,-27.426347],[-49.605874,-27.426361],[-49.605873,-27.42638],[-49.60588,-27.426415],[-49.605911,-27.426446],[-49.605921,-27.426487],[-49.605923,-27.42649],[-49.60595,-27.426525],[-49.605978,-27.426537],[-49.606017,-27.426577],[-49.607955,-27.426596],[-49.608042,-27.426558],[-49.608068,-27.426546],[-49.608145,-27.426512],[-49.608154,-27.426509],[-49.608294,-27.42647],[-49.608401,-27.42644],[-49.608523,-27.426406],[-49.608589,-27.426388],[-49.608637,-27.426374],[-49.608731,-27.426348],[-49.608808,-27.426326],[-49.608981,-27.426278],[-49.609032,-27.426264],[-49.60915,-27.426231],[-49.609156,-27.426182],[-49.609174,-27.42614],[-49.609179,-27.426128],[-49.609181,-27.426125],[-49.609199,-27.4261],[-49.609238,-27.426045],[-49.60924,-27.426042],[-49.609263,-27.425993],[-49.60928,-27.42596],[-49.609286,-27.425929],[-49.609286,-27.42591],[-49.609284,-27.425831],[-49.609287,-27.425817],[-49.609295,-27.425787],[-49.609305,-27.42575],[-49.609276,-27.425655],[-49.609222,-27.425478],[-49.609194,-27.425387],[-49.609175,-27.425326],[-49.609172,-27.425315],[-49.609166,-27.425302],[-49.609144,-27.425252],[-49.609133,-27.425226],[-49.60913,-27.42522],[-49.609122,-27.425204],[-49.609101,-27.425163],[-49.609088,-27.425137],[-49.609083,-27.425127],[-49.609076,-27.425113],[-49.609074,-27.425108],[-49.609072994961664,-27.42510798992333],[-49.609069,-27.4251],[-49.60905,-27.425061],[-49.609024,-27.425011],[-49.608995,-27.424954],[-49.608985,-27.424934],[-49.608979,-27.424921],[-49.608973,-27.424909],[-49.608958,-27.42488],[-49.608945,-27.424855],[-49.608942,-27.424848],[-49.608922,-27.424809],[-49.608905,-27.424775],[-49.608878,-27.424722],[-49.608876,-27.424717],[-49.60886,-27.424682],[-49.608859,-27.42468],[-49.608852,-27.424666],[-49.608852,-27.424665],[-49.608843,-27.424645],[-49.608837,-27.424631],[-49.608815,-27.424582],[-49.608801,-27.424551],[-49.608796,-27.424544],[-49.60879,-27.424537],[-49.606536,-27.424515],[-49.606555,-27.424522],[-49.606564,-27.424528],[-49.606603,-27.424559],[-49.606711,-27.42461],[-49.606771,-27.424624],[-49.606793,-27.424645],[-49.606808083722875,-27.424645146515036],[-49.606816,-27.424659],[-49.606861,-27.424662],[-49.606903,-27.424698],[-49.606909,-27.424702],[-49.607005,-27.424756],[-49.607041,-27.42479],[-49.607065,-27.424829],[-49.60708,-27.424836],[-49.607089,-27.424861],[-49.607083,-27.424891],[-49.607091,-27.424902],[-49.607085,-27.424915],[-49.607091,-27.424935],[-49.607076,-27.424991],[-49.607041,-27.425041],[-49.606989,-27.425079],[-49.60695229460107,-27.425086727452406],[-49.606930240844896,-27.425086506338026],[-49.606911,-27.425086],[-49.60678,-27.425085],[-49.606765,-27.42509],[-49.606764,-27.425104],[-49.606741,-27.425113],[-49.606721,-27.425139],[-49.60671,-27.42518],[-49.606697,-27.425196],[-49.606696,-27.425202],[-49.606692,-27.425227],[-49.606701,-27.425277],[-49.606697,-27.425291],[-49.606694,-27.425301],[-49.606637,-27.425361],[-49.606581,-27.425452],[-49.606548,-27.425628],[-49.606557,-27.425722],[-49.606561,-27.42576],[-49.606553,-27.42579],[-49.606542,-27.425804]]],[[[-49.608159,-27.42419],[-49.608124,-27.42417],[-49.608084,-27.424158],[-49.608048,-27.424138],[-49.608027,-27.424126],[-49.607978,-27.424098],[-49.607853,-27.424028],[-49.607819,-27.424009],[-49.607782,-27.423988],[-49.607751,-27.42397],[-49.607734,-27.423959],[-49.607729,-27.423955],[-49.603181,-27.42391],[-49.603181,-27.423913],[-49.603173,-27.423924],[-49.60316,-27.423942],[-49.603157,-27.423962],[-49.603139,-27.423981],[-49.603104,-27.42405],[-49.603102,-27.424077],[-49.603091,-27.424088],[-49.603086,-27.424108],[-49.603084,-27.42412],[-49.603079,-27.424139],[-49.603041,-27.42416],[-49.603041,-27.424162],[-49.60304,-27.424165],[-49.603035,-27.424202],[-49.60298,-27.424231],[-49.602976,-27.424237],[-49.602966,-27.424251],[-49.602952,-27.424296],[-49.602952,-27.424297],[-49.602938,-27.424312],[-49.60288822781365,-27.424335422205342],[-49.60287270695928,-27.424335267023555],[-49.602848,-27.424334],[-49.602846,-27.424335],[-49.602834,-27.424344],[-49.602833,-27.424347],[-49.602808,-27.424399],[-49.60280656187291,-27.424401157190633],[-49.602791,-27.424401],[-49.602793,-27.424427],[-49.602741,-27.424444],[-49.602701,-27.424476],[-49.60879,-27.424537],[-49.608765,-27.424504],[-49.608751,-27.424487],[-49.608731,-27.424461],[-49.608729,-27.424458],[-49.608665,-27.424405],[-49.608661,-27.424402],[-49.608647,-27.424393],[-49.608608,-27.424368],[-49.608584,-27.424353],[-49.608582,-27.424352],[-49.60849,-27.424307],[-49.608461,-27.424292],[-49.608444,-27.424286],[-49.608369,-27.424255],[-49.608277,-27.424218],[-49.608265,-27.424214],[-49.608257,-27.424212],[-49.608214,-27.4242],[-49.608204,-27.424212],[-49.60820262092494,-27.424213379075056],[-49.608200720312496,-27.424213360156248],[-49.608198,-27.424212],[-49.608159,-27.42419]],[[-49.60735504837577,-27.424205466482373],[-49.60735504837778,-27.424205466482395],[-49.60304,-27.424165],[-49.60735504837577,-27.424205466482373]]],[[[-49.611429,-27.40566],[-49.611423,-27.405652],[-49.61142,-27.405649],[-49.611407,-27.405635],[-49.60548,-27.405576],[-49.605502,-27.405589],[-49.605508,-27.405593],[-49.605561,-27.405602],[-49.605608,-27.405621],[-49.60568,-27.405626],[-49.605718,-27.405656],[-49.60572,-27.405662],[-49.605725,-27.405683],[-49.605786,-27.405713],[-49.60579,-27.405726],[-49.605839,-27.405754],[-49.605946,-27.405785],[-49.61151,-27.405841],[-49.6115,-27.40581],[-49.611492,-27.405783],[-49.611487,-27.40577],[-49.611478,-27.40574],[-49.611471,-27.405719],[-49.611467,-27.405713],[-49.611445,-27.405683],[-49.611442,-27.405679],[-49.611429,-27.40566]]],[[[-49.608705,-27.403101],[-49.608673,-27.403041],[-49.608647,-27.402993],[-49.608545,-27.402806],[-49.608446,-27.402624],[-49.608335,-27.402418],[-49.608274,-27.402384],[-49.608217,-27.402417],[-49.607869,-27.402618],[-49.608003,-27.402801],[-49.608092,-27.402988],[-49.608127,-27.403035],[-49.608145,-27.403096],[-49.60816,-27.403127],[-49.608184,-27.403154],[-49.608184,-27.403168],[-49.608185,-27.403171],[-49.608199,-27.403192],[-49.608194,-27.403249],[-49.608164,-27.403273],[-49.608139,-27.403318],[-49.608136,-27.403322],[-49.608862,-27.403329],[-49.608859,-27.403325],[-49.608825,-27.40328],[-49.608806,-27.403255],[-49.608762,-27.403198],[-49.608746,-27.403176],[-49.608744,-27.403173],[-49.608737,-27.40316],[-49.608722,-27.403133],[-49.608705,-27.403101]]],[[[-49.606768,-27.426585],[-49.60677,-27.426586],[-49.606781,-27.426596],[-49.606842,-27.426649],[-49.606841,-27.426673],[-49.606856,-27.4267],[-49.606858,-27.426714],[-49.607927,-27.426725],[-49.607928,-27.426711],[-49.607929,-27.426683],[-49.607929,-27.42666],[-49.607931,-27.426608],[-49.607952,-27.426598],[-49.607955,-27.426596],[-49.606768,-27.426585]]],[[[-49.606919,-27.426723],[-49.606931,-27.42672],[-49.606941,-27.426717],[-49.606949,-27.426715],[-49.606858,-27.426714],[-49.606858,-27.426716],[-49.606857,-27.426719],[-49.606836,-27.426745],[-49.606827,-27.426755],[-49.606808,-27.42678],[-49.606814,-27.426789],[-49.606824,-27.42678],[-49.60685,-27.426756],[-49.606881,-27.426745],[-49.60690344478685,-27.426719627632252],[-49.6069065088968,-27.426719669039144],[-49.606919,-27.426723]]],[[[-49.606536,-27.426615],[-49.606548,-27.426606],[-49.606551,-27.426604],[-49.60643,-27.426603],[-49.606435,-27.426605],[-49.606456,-27.426614],[-49.606458,-27.426615],[-49.60649,-27.426629],[-49.606534,-27.426616],[-49.606536,-27.426615]]],[[[-49.606399,-27.426599],[-49.606557,-27.4266],[-49.606564,-27.426595],[-49.60657132811559,-27.426589503913302],[-49.60657625430397,-27.42658954894245],[-49.606665,-27.426601],[-49.606676,-27.426603],[-49.606683,-27.426601],[-49.606735,-27.426591],[-49.606742,-27.42659],[-49.606754,-27.426587],[-49.606759,-27.426586],[-49.606768,-27.426585],[-49.606017,-27.426577],[-49.606018,-27.426579],[-49.60604,-27.42658],[-49.606042,-27.426583],[-49.606051,-27.42659],[-49.606095,-27.426602],[-49.606104,-27.426604],[-49.606146,-27.426602],[-49.606164,-27.426591],[-49.60617542696628,-27.426584334269666],[-49.60617817021278,-27.42658436170213],[-49.606188,-27.426586],[-49.606231,-27.426591],[-49.606249,-27.426597],[-49.60625001986755,-27.426597009933776],[-49.606254,-27.426599],[-49.606285,-27.426608],[-49.60629,-27.42661],[-49.606294,-27.426608],[-49.606311,-27.426599],[-49.606313,-27.426598],[-49.60625158823549,-27.42659702521009],[-49.60625258139537,-27.426597034883724],[-49.606398,-27.426599],[-49.60639854340836,-27.42659845659164],[-49.606399,-27.426598461038964],[-49.606399,-27.426599]],[[-49.60617013793095,-27.426584281379313],[-49.606170137930974,-27.426584281379313],[-49.606051,-27.42659],[-49.60617013793095,-27.426584281379313]],[[-49.60653800964634,-27.42658919935691],[-49.606538009646435,-27.42658919935691],[-49.606231,-27.426591],[-49.60653800964634,-27.42658919935691]]],[[[-49.606391,-27.4266],[-49.606398,-27.426599],[-49.606313,-27.426598],[-49.606317,-27.426599],[-49.606337,-27.426607],[-49.606342,-27.426609],[-49.606353,-27.426607],[-49.606391,-27.4266]]],[[[-49.60643,-27.426603],[-49.606403,-27.426602],[-49.606405,-27.426605],[-49.606412,-27.426611],[-49.606417,-27.426611],[-49.606427,-27.426605],[-49.60643,-27.426603]]],[[[-49.606556,-27.4266],[-49.606399,-27.426599],[-49.606403,-27.426602],[-49.606551,-27.426604],[-49.606556,-27.4266]]],[[[-49.60685,-27.425073],[-49.606804,-27.425078],[-49.606802,-27.425078],[-49.606781,-27.425085],[-49.606911,-27.425086],[-49.606897,-27.425079],[-49.606891,-27.425076],[-49.606883,-27.425076],[-49.60686774503311,-27.42507869205298],[-49.60686567021276,-27.425078670212766],[-49.606865,-27.425078],[-49.606861,-27.425073],[-49.60685,-27.425073]]],[[[-49.606266,-27.424888],[-49.606299,-27.424871],[-49.606307,-27.424866],[-49.601945,-27.424823],[-49.601972,-27.424827],[-49.602006,-27.424845],[-49.602045,-27.424866],[-49.602064,-27.424876],[-49.602083,-27.424886],[-49.606104,-27.424926],[-49.60611,-27.424916],[-49.60617057603403,-27.424907206704738],[-49.606174454425336,-27.424907245442533],[-49.606212,-27.424911],[-49.606245,-27.424915],[-49.606247,-27.424912],[-49.60625,-27.424908],[-49.606266,-27.424888]]],[[[-49.607719,-27.423948],[-49.605251,-27.423924],[-49.605224,-27.42393],[-49.607729,-27.423955],[-49.607719,-27.423948]]],[[[-49.607364,-27.423745],[-49.606394,-27.423736],[-49.606355449501855,-27.42374660138699],[-49.60635345936164,-27.423746581441264],[-49.606323,-27.423723],[-49.606291,-27.4237],[-49.606288,-27.423697],[-49.60626,-27.423651],[-49.606251,-27.423637],[-49.606264,-27.423554],[-49.606249,-27.423499],[-49.606253,-27.423485],[-49.6062,-27.423458],[-49.606208,-27.423431],[-49.606192,-27.423422],[-49.60619,-27.423405],[-49.606175,-27.423387],[-49.606095,-27.423344],[-49.605918,-27.423275],[-49.605917,-27.423274],[-49.605728,-27.423273],[-49.605717,-27.42334],[-49.60571,-27.423382],[-49.605707,-27.423401],[-49.605704,-27.423418],[-49.605703,-27.423426],[-49.605698,-27.423453],[-49.605693,-27.42348],[-49.605691,-27.423493],[-49.605682,-27.423548],[-49.605668,-27.423631],[-49.605665,-27.423645],[-49.605652,-27.423691],[-49.605651,-27.423693],[-49.605632,-27.423716],[-49.605597,-27.423739],[-49.605566,-27.423759],[-49.605559039475686,-27.423771926688005],[-49.605551278741174,-27.42377184938985],[-49.605473,-27.423765],[-49.605466,-27.423771],[-49.60546,-27.423776],[-49.605441,-27.423829],[-49.605436,-27.423836],[-49.605415,-27.423871],[-49.605397,-27.423901],[-49.605313,-27.423924],[-49.607719,-27.423948],[-49.607684,-27.423924],[-49.607639,-27.423893],[-49.607561,-27.423857],[-49.607551,-27.42385],[-49.607481,-27.423797],[-49.607474,-27.423791],[-49.607442,-27.423778],[-49.607393,-27.423757],[-49.607364,-27.423745]]],[[[-49.607296,-27.423725],[-49.6065,-27.423717],[-49.606491,-27.423719],[-49.606464,-27.423727],[-49.606435,-27.423736],[-49.607364,-27.423745],[-49.607342,-27.423736],[-49.6073,-27.423727],[-49.607296,-27.423725]]],[[[-49.606415,-27.423729],[-49.606394,-27.423736],[-49.606435,-27.423736],[-49.606415,-27.423729]]],[[[-49.607202,-27.423711],[-49.607177,-27.423702],[-49.607146,-27.423692],[-49.607051,-27.42368],[-49.606654,-27.423676],[-49.606628,-27.423686],[-49.606603,-27.423696],[-49.606542,-27.423704],[-49.606506,-27.423715],[-49.6065,-27.423717],[-49.607263,-27.423724],[-49.607236,-27.423722],[-49.607202,-27.423711]]],[[[-49.607284,-27.423715],[-49.607263,-27.423724],[-49.607296,-27.423725],[-49.607284,-27.423715]]],[[[-49.606988,-27.423672],[-49.606975,-27.423672],[-49.606889,-27.423678],[-49.607051,-27.42368],[-49.606988,-27.423672]]],[[[-49.606889,-27.423678],[-49.606888,-27.423671],[-49.606885,-27.423656],[-49.606773,-27.423655],[-49.606671,-27.423669],[-49.606654,-27.423676],[-49.606889,-27.423678]]],[[[-49.606855,-27.423655],[-49.606885,-27.423656],[-49.606885,-27.423654],[-49.606855,-27.423655]]],[[[-49.606816,-27.423642],[-49.606785,-27.423653],[-49.606773,-27.423655],[-49.606855,-27.423655],[-49.606849,-27.423654],[-49.606816,-27.423642]]],[[[-49.606198,-27.405801],[-49.606278,-27.405789],[-49.605946,-27.405785],[-49.605993,-27.405799],[-49.606068,-27.405822],[-49.606198,-27.405801]]],[[[-49.606122,-27.398217],[-49.605967,-27.398216],[-49.605971,-27.398217],[-49.606055,-27.398246],[-49.606057,-27.398247],[-49.606125,-27.398246],[-49.606122,-27.398218],[-49.606122,-27.398217]]],[[[-49.606794,-27.392403],[-49.606909,-27.392348],[-49.606998,-27.392313],[-49.607027,-27.392302],[-49.607049,-27.392298],[-49.607077,-27.392293],[-49.607123,-27.392259],[-49.607189,-27.392233],[-49.607227,-27.392183],[-49.607228,-27.392171],[-49.607229,-27.392161],[-49.607234,-27.392121],[-49.607186,-27.392068],[-49.607171,-27.392036],[-49.607214,-27.391977],[-49.607295,-27.391925],[-49.605862,-27.391628],[-49.605762,-27.391624],[-49.605753,-27.391627],[-49.605065,-27.391903],[-49.604936,-27.391955],[-49.604793,-27.392012],[-49.604714,-27.392043],[-49.604587,-27.392094],[-49.604489,-27.392134],[-49.60446573815441,-27.392143304738234],[-49.604452232063615,-27.392143169322136],[-49.604294,-27.392132],[-49.604138,-27.391978],[-49.604047,-27.391873],[-49.604042,-27.391849],[-49.604018,-27.391729],[-49.603978,-27.391535],[-49.603973,-27.391509],[-49.603818,-27.391453],[-49.601083,-27.391425],[-49.601069,-27.39148],[-49.601063,-27.391506],[-49.601068,-27.3917],[-49.601231,-27.391821],[-49.601224,-27.391844],[-49.601193,-27.391948],[-49.601147,-27.3921],[-49.601144,-27.39211],[-49.601141,-27.392122],[-49.601126,-27.392173],[-49.601118,-27.392199],[-49.601107,-27.392233],[-49.601106,-27.392239],[-49.601102,-27.392251],[-49.605558,-27.392295],[-49.60556581634814,-27.392283275477794],[-49.605566623684034,-27.392283283492738],[-49.605577,-27.392288],[-49.605607,-27.3923],[-49.605623,-27.392335],[-49.605649,-27.392392],[-49.605667,-27.392413],[-49.605671,-27.392418],[-49.605671,-27.392419],[-49.605713,-27.392468],[-49.605727,-27.392484],[-49.605731,-27.392501],[-49.605733,-27.39251],[-49.605758,-27.392538],[-49.60578,-27.392562],[-49.605773,-27.392571],[-49.605767,-27.392579],[-49.605807,-27.392638],[-49.605808,-27.39264],[-49.605837,-27.392668],[-49.60584,-27.392671],[-49.605848,-27.392678],[-49.605854,-27.392684],[-49.605862,-27.392692],[-49.605866,-27.392695],[-49.60587,-27.3927],[-49.605878,-27.392695],[-49.605884,-27.392692],[-49.605893,-27.392696],[-49.605905,-27.3927],[-49.605914,-27.392704],[-49.605921,-27.392701],[-49.60593,-27.392696],[-49.605936,-27.392692],[-49.60595,-27.392685],[-49.605959288702934,-27.39267942677824],[-49.60596232876711,-27.392679465753424],[-49.60599,-27.392685],[-49.606004,-27.39268],[-49.606021,-27.392672],[-49.606066,-27.39267],[-49.606131,-27.392643],[-49.606135,-27.392641],[-49.606221,-27.392583],[-49.606232,-27.392576],[-49.606241,-27.392567],[-49.606265,-27.392543],[-49.606311,-27.392516],[-49.606326,-27.392507],[-49.606341,-27.392491],[-49.606355,-27.392475],[-49.60644681829922,-27.392426096775417],[-49.60650235271317,-27.39242667635659],[-49.606503,-27.392427],[-49.606725,-27.392429],[-49.606752,-27.392424],[-49.606794,-27.392403]],[[-49.60637730742703,-27.39242537132988],[-49.60637730742817,-27.392425371329892],[-49.605671,-27.392419],[-49.60637730742703,-27.39242537132988]],[[-49.606445541591846,-27.39242608345115],[-49.60644554159186,-27.39242608345115],[-49.605713,-27.392468],[-49.606445541591846,-27.39242608345115]]],[[[-49.606623,-27.39244],[-49.606661,-27.39244],[-49.606687,-27.392435],[-49.606718,-27.39243],[-49.606722,-27.392429],[-49.606503,-27.392427],[-49.606505,-27.392428],[-49.606525,-27.392434],[-49.606565723684206,-27.392428570175436],[-49.606572630844376,-27.3924286350314],[-49.606599,-27.392435],[-49.606623,-27.39244]]],[[[-49.604931,-27.440372],[-49.605068,-27.440398],[-49.605069046535675,-27.44039801034126],[-49.605078,-27.4404],[-49.605348,-27.440415],[-49.605633,-27.44043],[-49.605635,-27.440417],[-49.605637,-27.440405],[-49.605637,-27.440404],[-49.60508348979586,-27.44039815306122],[-49.605574,-27.440403],[-49.605235,-27.440375],[-49.604931,-27.440372]]],[[[-49.605629,-27.4404],[-49.605574,-27.440403],[-49.605637,-27.440404],[-49.605629,-27.4404]]],[[[-49.605545,-27.425299],[-49.605561,-27.425297],[-49.605584,-27.425293],[-49.60559,-27.425292],[-49.605594,-27.425285],[-49.605596,-27.425281],[-49.603048,-27.425256],[-49.603099,-27.42526],[-49.603111,-27.425267],[-49.603112,-27.425268],[-49.603119,-27.425272],[-49.603171,-27.425303],[-49.603197,-27.425344],[-49.60322,-27.425409],[-49.603229,-27.425436],[-49.603291,-27.425471],[-49.603309,-27.425474],[-49.605282,-27.425494],[-49.605286,-27.425491],[-49.605331,-27.425457],[-49.605366,-27.425431],[-49.605431,-27.425366],[-49.605471,-27.425326],[-49.605501,-27.425296],[-49.605520140593484,-27.42529235417267],[-49.605523353323555,-27.42529238666387],[-49.605536,-27.425296],[-49.605545,-27.425299]]],[[[-49.605768,-27.425102],[-49.605748,-27.425102],[-49.605755,-27.425104],[-49.605766,-27.425104],[-49.605768,-27.425102]]],[[[-49.60584,-27.425068],[-49.605843,-27.425066],[-49.605809,-27.425066],[-49.605812,-27.425067],[-49.605819,-27.425071],[-49.605825,-27.425074],[-49.605831,-27.425071],[-49.60584,-27.425068]]],[[[-49.605883,-27.425065],[-49.605887,-27.425064],[-49.606071,-27.425012],[-49.606074,-27.424996],[-49.606078,-27.424976],[-49.60608,-27.424962],[-49.606092,-27.424945],[-49.606104,-27.424926],[-49.60246,-27.42489],[-49.602612,-27.42491],[-49.602651,-27.424928],[-49.602683,-27.424942],[-49.602701,-27.424962],[-49.602702,-27.424978],[-49.602703,-27.425032],[-49.602703,-27.425033],[-49.602703,-27.425034],[-49.602703,-27.425035],[-49.605843,-27.425066],[-49.605845,-27.425065],[-49.605848,-27.425064],[-49.60584876847291,-27.425063615763545],[-49.605850634517765,-27.425063634517766],[-49.605851,-27.425064],[-49.605855,-27.425069],[-49.605858,-27.425072],[-49.605868,-27.425069],[-49.605883,-27.425065]],[[-49.60463587963078,-27.425051425925936],[-49.60463587963336,-27.42505142592596],[-49.602703,-27.425033],[-49.60463587963078,-27.425051425925936]]],[[[-49.605729,-27.423273],[-49.605917,-27.423274],[-49.605836,-27.423234],[-49.605818,-27.423224],[-49.605812,-27.423224],[-49.605792,-27.423221],[-49.605786,-27.423223],[-49.605784,-27.423224],[-49.605764,-27.423233],[-49.605729,-27.423273]]],[[[-49.606218,-27.41488],[-49.604487,-27.414863],[-49.604444,-27.414924],[-49.604416,-27.414996],[-49.604414,-27.415005],[-49.604407,-27.415051],[-49.60442,-27.415068],[-49.604411,-27.415095],[-49.604404,-27.415115],[-49.604436,-27.415132],[-49.604387,-27.415178],[-49.604407,-27.415193],[-49.604404,-27.415232],[-49.604404,-27.415239],[-49.604397,-27.41525],[-49.604382,-27.415275],[-49.60437,-27.415295],[-49.604332,-27.415336],[-49.604301,-27.415369],[-49.604296,-27.415374],[-49.604277,-27.415389],[-49.604235,-27.415422],[-49.604173,-27.415446],[-49.60413,-27.415462],[-49.604098,-27.415467],[-49.604041,-27.415495],[-49.60404,-27.415495],[-49.604026,-27.415517],[-49.604009,-27.415546],[-49.604001,-27.415554],[-49.603947,-27.415608],[-49.603934,-27.415615],[-49.603913,-27.415626],[-49.605654,-27.415644],[-49.605681,-27.415633],[-49.60569,-27.415625],[-49.605761,-27.415571],[-49.605768,-27.415563],[-49.605795,-27.415535],[-49.605802,-27.415513],[-49.605803,-27.415512],[-49.605794,-27.415484],[-49.605793,-27.415479],[-49.605788,-27.415462],[-49.605804,-27.415438],[-49.605826,-27.415405],[-49.60583,-27.41539],[-49.605831,-27.415384],[-49.605878,-27.415351],[-49.605905,-27.415311],[-49.605919,-27.41529],[-49.605946,-27.415266],[-49.60595,-27.415255],[-49.605952,-27.415248],[-49.605982,-27.415209],[-49.605993,-27.415195],[-49.606029,-27.415148],[-49.606042,-27.415131],[-49.606057,-27.415111],[-49.606073,-27.415085],[-49.606083,-27.415068],[-49.60611,-27.415022],[-49.606116,-27.415013],[-49.606171,-27.414941],[-49.606218,-27.41488]]],[[[-49.605922,-27.405509],[-49.605908,-27.405504],[-49.605844,-27.405482],[-49.605815,-27.405472],[-49.605716,-27.405458],[-49.605677,-27.405453],[-49.605142,-27.405447],[-49.605145,-27.405452],[-49.605155,-27.405465],[-49.605164,-27.405475],[-49.605197,-27.405497],[-49.605211,-27.405502],[-49.605251,-27.405516],[-49.605328,-27.405534],[-49.605461,-27.405565],[-49.605471,-27.405571],[-49.60548,-27.405576],[-49.606041,-27.405581],[-49.606011,-27.405576],[-49.606005,-27.40557],[-49.605973,-27.405541],[-49.605945,-27.405523],[-49.605922,-27.405509]]],[[[-49.605333,-27.405449],[-49.605677,-27.405453],[-49.605653,-27.405449],[-49.605591,-27.405441],[-49.605404,-27.405447],[-49.605333,-27.405449]]],[[[-49.605307,-27.399365],[-49.605314,-27.399356],[-49.605322,-27.399347],[-49.605337,-27.399342],[-49.605276,-27.399341],[-49.605282,-27.399347],[-49.60529,-27.399356],[-49.605307,-27.399365]]],[[[-49.606438,-27.399045],[-49.606413,-27.398994],[-49.606407,-27.398982],[-49.606407,-27.398966],[-49.606343,-27.398871],[-49.6063,-27.398807],[-49.606275,-27.398769],[-49.606175,-27.398683],[-49.606161,-27.398672],[-49.606056,-27.398547],[-49.606037,-27.398534],[-49.606002,-27.398511],[-49.605958,-27.398465],[-49.60594,-27.398457],[-49.605888,-27.398433],[-49.605854,-27.398406],[-49.605831,-27.398351],[-49.605821,-27.398278],[-49.605794,-27.398256],[-49.605813,-27.398224],[-49.605840835250724,-27.39820113532976],[-49.605844230964415,-27.398201170050758],[-49.605879,-27.398203],[-49.605921,-27.398207],[-49.605934,-27.398215],[-49.606122,-27.398217],[-49.606122,-27.398209],[-49.606121,-27.398206],[-49.606121,-27.398204],[-49.606121,-27.398197],[-49.60614,-27.398175],[-49.606109,-27.398162],[-49.606106,-27.398146],[-49.606098,-27.39811],[-49.606134,-27.398075],[-49.606175,-27.39806],[-49.606196,-27.398014],[-49.606191,-27.398005],[-49.60616,-27.397994],[-49.605994,-27.397934],[-49.605959,-27.397922],[-49.605952,-27.397919],[-49.605719,-27.397911],[-49.605682,-27.397909],[-49.605671,-27.39791],[-49.6056,-27.397916],[-49.605572,-27.397918],[-49.60552924788549,-27.397929400563868],[-49.605487976356045,-27.397928992118683],[-49.605482,-27.397927],[-49.605449,-27.397919],[-49.603695,-27.397901],[-49.603767,-27.39791],[-49.603771,-27.397912],[-49.603889,-27.397971],[-49.603904,-27.397982],[-49.603916,-27.397991],[-49.60398,-27.398038],[-49.604001,-27.398054],[-49.60405,-27.39809],[-49.604098,-27.398126],[-49.604117,-27.398142],[-49.604131,-27.398155],[-49.604157,-27.398177],[-49.604165,-27.398184],[-49.604192,-27.398208],[-49.604229,-27.39824],[-49.604255,-27.398263],[-49.60434,-27.398336],[-49.604403,-27.398391],[-49.604434,-27.398418],[-49.604462,-27.398442],[-49.604473,-27.39845],[-49.604535,-27.398496],[-49.604567,-27.398519],[-49.604587,-27.398532],[-49.604785,-27.398658],[-49.604804,-27.39867],[-49.604896,-27.398756],[-49.604937,-27.398793],[-49.60503,-27.398858],[-49.605093,-27.398953],[-49.605103,-27.398969],[-49.605111,-27.39898],[-49.605128,-27.399032],[-49.605133,-27.399069],[-49.605137,-27.3991],[-49.605128,-27.399119],[-49.605134,-27.399147],[-49.605132,-27.39915],[-49.605125,-27.399162],[-49.60516,-27.399215],[-49.605193,-27.399251],[-49.605256,-27.399319],[-49.605276,-27.399341],[-49.606721,-27.399355],[-49.606686,-27.399334],[-49.606606,-27.399265],[-49.606583,-27.39923],[-49.606548,-27.399176],[-49.60654,-27.399164],[-49.606537,-27.399161],[-49.606508,-27.399133],[-49.606488,-27.399113],[-49.606456,-27.399082],[-49.606438,-27.399045]]],[[[-49.605936,-27.398217],[-49.605967,-27.398216],[-49.605934,-27.398215],[-49.605936,-27.398217]]],[[[-49.605412,-27.393468],[-49.605374,-27.393466],[-49.605369,-27.393468],[-49.60534,-27.393478],[-49.605313,-27.393488],[-49.605288,-27.393506],[-49.605256,-27.393529],[-49.605244,-27.393549],[-49.605167,-27.393622],[-49.605163,-27.393626],[-49.605545,-27.39363],[-49.605544,-27.393626],[-49.605489,-27.393551],[-49.605475,-27.393532],[-49.605457,-27.393508],[-49.605441,-27.393489],[-49.605432,-27.393479],[-49.605412,-27.393468]]],[[[-49.605379,-27.393021],[-49.60547,-27.393025],[-49.605485,-27.393022],[-49.605379,-27.393021]]],[[[-49.605587,-27.392697],[-49.605583,-27.392692],[-49.605559,-27.392696],[-49.605587,-27.392697]]],[[[-49.605537,-27.392295],[-49.605557,-27.392298],[-49.605558,-27.392295],[-49.605537,-27.392295]]],[[[-49.605235,-27.440375],[-49.605217,-27.440373],[-49.605088,-27.440373],[-49.605235,-27.440375]]],[[[-49.604585,-27.440262],[-49.604383,-27.440208],[-49.604308,-27.440175],[-49.604156,-27.440109],[-49.604096,-27.440083],[-49.603986,-27.440035],[-49.603931,-27.439987],[-49.60387,-27.439963],[-49.603864,-27.439957],[-49.603843,-27.439936],[-49.603785,-27.439912],[-49.603784,-27.43991],[-49.603779,-27.439902],[-49.603773,-27.439892],[-49.603772,-27.43988],[-49.603772,-27.439853],[-49.603771,-27.439821],[-49.603786,-27.439814],[-49.603784,-27.439807],[-49.603794,-27.439793],[-49.60381,-27.439769],[-49.603826,-27.439745],[-49.603844,-27.439717],[-49.603856,-27.439699],[-49.603856,-27.439697],[-49.603873,-27.439652],[-49.603873,-27.439651],[-49.602728,-27.43964],[-49.602726,-27.43964],[-49.60272805794888,-27.439640019736213],[-49.602866,-27.439687],[-49.602875,-27.439689],[-49.602953,-27.439708],[-49.603002,-27.439736],[-49.603028,-27.439761],[-49.603077,-27.439786],[-49.603118,-27.439801],[-49.603137,-27.439808],[-49.603156,-27.439814],[-49.603249,-27.439848],[-49.603288,-27.439876],[-49.603296,-27.439887],[-49.603303,-27.439897],[-49.603334,-27.439905],[-49.603337,-27.439908],[-49.603365,-27.439931],[-49.60339,-27.439952],[-49.603402,-27.439959],[-49.603448,-27.439983],[-49.60354,-27.44003],[-49.603632,-27.440078],[-49.603665,-27.440104],[-49.60368,-27.440169],[-49.603668,-27.440201],[-49.603648,-27.440252],[-49.603645,-27.44026],[-49.603639,-27.440276],[-49.603639,-27.440287],[-49.604345,-27.440294],[-49.604342,-27.440283],[-49.604339,-27.440267],[-49.60434654487856,-27.44025945512144],[-49.60434942953777,-27.440259485907557],[-49.604392,-27.440268],[-49.604428,-27.440275],[-49.604931,-27.440372],[-49.605088,-27.440373],[-49.604642,-27.440277],[-49.604616,-27.44027],[-49.604585,-27.440262]]],[[[-49.604857,-27.425856],[-49.604872,-27.425841],[-49.604892,-27.425826],[-49.60491,-27.425813],[-49.604926,-27.425795],[-49.604949,-27.42577],[-49.605017,-27.425695],[-49.605019,-27.425694],[-49.605075,-27.425662],[-49.605082,-27.425655],[-49.605122,-27.425612],[-49.605123,-27.425611],[-49.605168,-27.425589],[-49.605196,-27.425556],[-49.605205,-27.425546],[-49.60525,-27.425529],[-49.605264,-27.425512],[-49.605275,-27.425499],[-49.605282,-27.425494],[-49.603371,-27.425475],[-49.603381,-27.42548],[-49.603405,-27.425493],[-49.603423,-27.42551],[-49.603443,-27.425528],[-49.603454,-27.425538],[-49.603474,-27.425572],[-49.603489,-27.425595],[-49.60349,-27.425596],[-49.603541,-27.42564],[-49.603544,-27.425647],[-49.60356,-27.425679],[-49.603561,-27.42568],[-49.60366,-27.425757],[-49.603709,-27.425783],[-49.603725,-27.425801],[-49.603739,-27.425815],[-49.603762,-27.42583],[-49.603785,-27.425845],[-49.603821,-27.425868],[-49.603829,-27.425873],[-49.603831,-27.425874],[-49.603897,-27.425891],[-49.60398,-27.425892],[-49.603981,-27.425891],[-49.604026,-27.425876],[-49.604032,-27.425875],[-49.604079,-27.425871],[-49.60412404204754,-27.42584847897623],[-49.60413496326134,-27.425848591040925],[-49.604243,-27.425855],[-49.604329,-27.425878],[-49.604413,-27.425945],[-49.604415,-27.425947],[-49.60442,-27.42595],[-49.604447,-27.425947],[-49.604461275862064,-27.4259454137931],[-49.6044656772793,-27.425945451519535],[-49.604468,-27.425947],[-49.604479,-27.425956],[-49.60448,-27.425957],[-49.60449263157895,-27.425956157894735],[-49.604495173961524,-27.425956187343182],[-49.604508,-27.42597],[-49.60451,-27.425972],[-49.60452463507109,-27.425970170616115],[-49.60452628453386,-27.425970187533682],[-49.60457,-27.425999],[-49.604607,-27.426006],[-49.604627,-27.425999],[-49.604703,-27.425972],[-49.604738,-27.425959],[-49.604761,-27.42595],[-49.604763,-27.425948],[-49.60483,-27.425883],[-49.604852,-27.425861],[-49.604857,-27.425856]],[[-49.6041185726275,-27.425848422853452],[-49.604118572627506,-27.425848422853452],[-49.603821,-27.425868],[-49.6041185726275,-27.425848422853452]]],[[[-49.602503,-27.4245],[-49.602331,-27.424448],[-49.602265,-27.424428],[-49.602237,-27.424406],[-49.602235,-27.424405],[-49.602221,-27.424352],[-49.602221,-27.424344],[-49.602223,-27.424314],[-49.602224,-27.424295],[-49.602231,-27.424163],[-49.602237,-27.424051],[-49.602243,-27.424026],[-49.602265,-27.423942],[-49.602286,-27.423865],[-49.602309,-27.423779],[-49.602316,-27.423751],[-49.602335,-27.423666],[-49.602339,-27.42365],[-49.602343,-27.423631],[-49.602351,-27.423594],[-49.602366,-27.423527],[-49.602372,-27.423501],[-49.602378,-27.423474],[-49.602391,-27.423415],[-49.602405,-27.423354],[-49.602415,-27.423309],[-49.602423,-27.423261],[-49.602435,-27.42319],[-49.602443,-27.423142],[-49.602447,-27.423066],[-49.602447,-27.423057],[-49.602449,-27.423009],[-49.60245,-27.423],[-49.602451,-27.422983],[-49.602451,-27.42297],[-49.602478,-27.422868],[-49.602498,-27.422794],[-49.602501,-27.422785],[-49.601211,-27.422772],[-49.601244,-27.422781],[-49.60133,-27.422857],[-49.601402,-27.42296],[-49.601411,-27.422973],[-49.601408,-27.422989],[-49.601417,-27.422999],[-49.601409,-27.423047],[-49.601425,-27.423056],[-49.601429,-27.423131],[-49.601432,-27.42318],[-49.601399,-27.42325],[-49.6014,-27.423299],[-49.601401,-27.423344],[-49.601378,-27.423405],[-49.601366,-27.423463],[-49.601368,-27.423491],[-49.601355,-27.423516],[-49.601362,-27.423584],[-49.601346,-27.423621],[-49.601329,-27.42364],[-49.601299,-27.423655],[-49.601233,-27.423741],[-49.601212,-27.423768],[-49.601227,-27.423854],[-49.601226,-27.423932],[-49.601179,-27.424015],[-49.601185,-27.42404],[-49.601211,-27.424152],[-49.60119,-27.424285],[-49.60118,-27.424304],[-49.601138,-27.424333],[-49.601133,-27.424341],[-49.601107,-27.424393],[-49.601107,-27.424395],[-49.60109,-27.424417],[-49.601076,-27.424435],[-49.601065,-27.424485],[-49.60105,-27.424503],[-49.601041,-27.424513],[-49.601034,-27.42452],[-49.601044,-27.424569],[-49.601046,-27.424574],[-49.601072,-27.424621],[-49.601072,-27.424634],[-49.601095,-27.424643],[-49.601104,-27.424661],[-49.601103,-27.424666],[-49.6011,-27.424698],[-49.601091,-27.424715],[-49.601096,-27.424723],[-49.601095,-27.424741],[-49.601093,-27.424767],[-49.601092,-27.424784],[-49.601092,-27.424788],[-49.601096,-27.424802],[-49.601099,-27.424814],[-49.606307,-27.424866],[-49.60633,-27.424855],[-49.606402,-27.424841],[-49.606421,-27.424837],[-49.606451,-27.42482],[-49.606467,-27.424795],[-49.606468,-27.424777],[-49.606469,-27.424769],[-49.60647,-27.424752],[-49.606472,-27.42472],[-49.606471,-27.424715],[-49.606468,-27.424697],[-49.606466,-27.424688],[-49.606463,-27.424675],[-49.606455,-27.424628],[-49.606455,-27.424624],[-49.60646,-27.424575],[-49.60646,-27.424567],[-49.606461,-27.424567],[-49.606466,-27.424553],[-49.606469,-27.424544],[-49.606486,-27.424533],[-49.606536,-27.424515],[-49.602701,-27.424476],[-49.602678,-27.424495],[-49.602665,-27.424506],[-49.602654,-27.424515],[-49.60261776776497,-27.42452870949434],[-49.602615461060964,-27.424528686512417],[-49.602563,-27.424518],[-49.602503,-27.4245]]],[[[-49.605313,-27.423924],[-49.60528,-27.423917],[-49.605251,-27.423924],[-49.605313,-27.423924]]],[[[-49.605352,-27.422301],[-49.605395,-27.422204],[-49.605414,-27.422176],[-49.605414,-27.422175],[-49.605416,-27.422141],[-49.605408,-27.422121],[-49.605403,-27.42211],[-49.605402,-27.422109],[-49.605398,-27.422071],[-49.605388,-27.421987],[-49.605402,-27.421942],[-49.605406,-27.421928],[-49.605409,-27.42192],[-49.605409,-27.421919],[-49.605401,-27.421893],[-49.605405,-27.421887],[-49.605409,-27.421881],[-49.605419,-27.421866],[-49.605421,-27.421859],[-49.60543,-27.421826],[-49.60543,-27.421825],[-49.605407,-27.421795],[-49.605393,-27.421776],[-49.60538,-27.421758],[-49.605371,-27.421746],[-49.605194,-27.421744],[-49.605178,-27.421756],[-49.605117,-27.421773],[-49.605086,-27.421792],[-49.605061,-27.421822],[-49.605061,-27.421823],[-49.605002,-27.421855],[-49.604984,-27.421861],[-49.604945,-27.421876],[-49.604881,-27.421881],[-49.604855,-27.421887],[-49.604745,-27.421913],[-49.604737,-27.421913],[-49.604607,-27.42192],[-49.604555,-27.421933],[-49.604498,-27.421978],[-49.604393,-27.422061],[-49.604303,-27.422098],[-49.604301,-27.422099],[-49.604256,-27.42211],[-49.604213,-27.422129],[-49.604136,-27.422162],[-49.604133,-27.422163],[-49.604094,-27.422191],[-49.603955,-27.422287],[-49.603834,-27.422343],[-49.603833,-27.422344],[-49.603751,-27.422399],[-49.603729,-27.422418],[-49.603713,-27.422431],[-49.603665,-27.422471],[-49.603609,-27.422518],[-49.603585,-27.422538],[-49.603582,-27.42254],[-49.603537,-27.422557],[-49.603481,-27.422601],[-49.60348,-27.422602],[-49.603416,-27.422693],[-49.603396,-27.422721],[-49.603388,-27.422732],[-49.603378,-27.422745],[-49.603378,-27.422746],[-49.603349,-27.422776],[-49.603311,-27.422815],[-49.603272,-27.422855],[-49.603265,-27.42288],[-49.603249,-27.422931],[-49.603222,-27.423015],[-49.603212,-27.423047],[-49.603193,-27.423086],[-49.603185,-27.423103],[-49.603182,-27.423137],[-49.603172,-27.423235],[-49.603165,-27.423306],[-49.603164,-27.423319],[-49.60319,-27.423346],[-49.603192,-27.423373],[-49.6032,-27.423378],[-49.60321,-27.423383],[-49.603206,-27.423408],[-49.603214,-27.423414],[-49.603215,-27.423428],[-49.603219,-27.423468],[-49.603295,-27.423522],[-49.603303,-27.423534],[-49.603308,-27.423543],[-49.603278,-27.423606],[-49.603274,-27.423612],[-49.603233,-27.423672],[-49.603233,-27.423678],[-49.603238,-27.423726],[-49.60323,-27.423728],[-49.603232,-27.423755],[-49.603209,-27.42378],[-49.603206,-27.423796],[-49.603203,-27.42382],[-49.6032,-27.423826],[-49.603193,-27.423846],[-49.603181,-27.423876],[-49.603181,-27.423886],[-49.603181,-27.42391],[-49.605224,-27.42393],[-49.605134,-27.423905],[-49.605112,-27.423895],[-49.605043,-27.423864],[-49.605025,-27.423844],[-49.605022,-27.423839],[-49.605013,-27.423814],[-49.604996,-27.423798],[-49.604971,-27.423773],[-49.604943,-27.423745],[-49.604941,-27.423743],[-49.604892,-27.423695],[-49.60489,-27.423689],[-49.604874,-27.423628],[-49.604874,-27.423622],[-49.60487,-27.423559],[-49.604869,-27.42355],[-49.604871,-27.423537],[-49.604882,-27.423485],[-49.60489,-27.423445],[-49.604899,-27.423431],[-49.604903,-27.423425],[-49.604919,-27.4234],[-49.604922,-27.423395],[-49.604927,-27.423391],[-49.604955,-27.423364],[-49.604957,-27.423337],[-49.604958,-27.423323],[-49.604992,-27.423253],[-49.605015,-27.423155],[-49.605014,-27.423121],[-49.605014,-27.423105],[-49.605028,-27.423065],[-49.60504,-27.423033],[-49.605038,-27.422949],[-49.605065,-27.422898],[-49.605071,-27.422873],[-49.605082,-27.422833],[-49.605106,-27.422794],[-49.605153,-27.422763],[-49.605157,-27.42275],[-49.605187,-27.422739],[-49.605229,-27.422711],[-49.605311,-27.422621],[-49.605312,-27.42262],[-49.605312,-27.422575],[-49.605312,-27.422557],[-49.605312,-27.422555],[-49.60532,-27.422535],[-49.605304,-27.422487],[-49.605318,-27.422447],[-49.605314,-27.422433],[-49.605317,-27.422415],[-49.605327,-27.422359],[-49.605327,-27.422358],[-49.605352,-27.422301]]],[[[-49.605361,-27.421734],[-49.605304,-27.421696],[-49.605287,-27.421688],[-49.605274,-27.421683],[-49.605268,-27.421688],[-49.605261,-27.421695],[-49.605221,-27.421733],[-49.605208,-27.421744],[-49.605371,-27.421746],[-49.605361,-27.421734]]],[[[-49.605073,-27.415855],[-49.605151,-27.415824],[-49.605235,-27.41579],[-49.605291,-27.415789],[-49.605306,-27.415781],[-49.605336,-27.41578],[-49.60536,-27.415765],[-49.603781,-27.415749],[-49.603764,-27.415764],[-49.603762,-27.415766],[-49.603754,-27.415773],[-49.603751,-27.415775],[-49.603713,-27.41581],[-49.603649,-27.415841],[-49.603591,-27.41587],[-49.603565,-27.415877],[-49.603557,-27.41588],[-49.60355228320312,-27.415881572265626],[-49.60354628157505,-27.415881511887072],[-49.603522,-27.415879],[-49.603467,-27.415853],[-49.603465,-27.415852],[-49.603432,-27.415853],[-49.603398,-27.415878],[-49.603396,-27.41588],[-49.603391,-27.415883],[-49.60327,-27.415939],[-49.603245,-27.41595],[-49.604805,-27.415966],[-49.604807,-27.415954],[-49.604883,-27.415898],[-49.604887,-27.415895],[-49.60489,-27.415893],[-49.604893,-27.41589],[-49.604911,-27.415883],[-49.60497882616929,-27.415854074133687],[-49.60497926137464,-27.41585407841239],[-49.604989,-27.415857],[-49.605017,-27.415864],[-49.605067,-27.415858],[-49.605073,-27.415855]],[[-49.60378979560288,-27.415883961726387],[-49.60378979560217,-27.41588396172638],[-49.60489,-27.415893],[-49.60378979560288,-27.415883961726387]]],[[[-49.6039,-27.415626],[-49.603883,-27.415639],[-49.603876,-27.415645],[-49.603867,-27.415655],[-49.603843,-27.415682],[-49.603836,-27.41569],[-49.603834,-27.415692],[-49.603809,-27.415719],[-49.603791,-27.41574],[-49.603781,-27.415749],[-49.605393,-27.415765],[-49.605401,-27.415756],[-49.605418,-27.415735],[-49.605461,-27.415709],[-49.605528,-27.415707],[-49.605563,-27.415699],[-49.605617,-27.415672],[-49.60562,-27.415663],[-49.605622,-27.415657],[-49.605654,-27.415644],[-49.6039,-27.415626]]],[[[-49.605246,-27.405445],[-49.605193,-27.405427],[-49.605151,-27.405394],[-49.605137,-27.405383],[-49.60513,-27.405378],[-49.60512,-27.405383],[-49.605113,-27.405394],[-49.605131,-27.405426],[-49.60514,-27.405444],[-49.605142,-27.405447],[-49.605333,-27.405449],[-49.605246,-27.405445]]],[[[-49.605324,-27.397849],[-49.605268,-27.397787],[-49.605226,-27.397741],[-49.605222,-27.397733],[-49.605194,-27.397682],[-49.605187,-27.397668],[-49.605087,-27.397548],[-49.605077,-27.397535],[-49.605028,-27.39745],[-49.604986,-27.397413],[-49.604932,-27.397329],[-49.60491,-27.397305],[-49.604811,-27.397231],[-49.604745,-27.397166],[-49.604689,-27.397097],[-49.604596,-27.396983],[-49.604585,-27.396971],[-49.604519,-27.396904],[-49.604462,-27.39681],[-49.604403,-27.396739],[-49.604372,-27.396679],[-49.604348,-27.396666],[-49.60329,-27.396655],[-49.603293,-27.396668],[-49.603304,-27.396728],[-49.603318,-27.396799],[-49.603336,-27.396892],[-49.603348,-27.396959],[-49.603349,-27.39697],[-49.603353,-27.397084],[-49.603374,-27.397152],[-49.603395,-27.397217],[-49.603418,-27.39729],[-49.603426,-27.397314],[-49.603452,-27.397398],[-49.603464,-27.397434],[-49.603464,-27.397435],[-49.603498,-27.397519],[-49.603503,-27.397532],[-49.603574,-27.397652],[-49.603581,-27.397665],[-49.603596,-27.397717],[-49.603596,-27.397725],[-49.603599,-27.397771],[-49.603589,-27.397831],[-49.603582,-27.397868],[-49.603586,-27.397889],[-49.603593,-27.397894],[-49.603603,-27.3979],[-49.605449,-27.397919],[-49.605424,-27.397912],[-49.605417,-27.397908],[-49.605384,-27.397887],[-49.605324,-27.397849]]],[[[-49.604909,-27.395186],[-49.604801,-27.395185],[-49.604804,-27.395186],[-49.604838,-27.395207],[-49.604904,-27.395187],[-49.604909,-27.395186]]],[[[-49.60501,-27.395141],[-49.605012,-27.395134],[-49.60503,-27.395088],[-49.605055,-27.394972],[-49.605055,-27.39487],[-49.60509,-27.394803],[-49.605093,-27.394783],[-49.60513,-27.394723],[-49.605142,-27.394675],[-49.605152,-27.394635],[-49.60515,-27.394573],[-49.605148,-27.394462],[-49.605082,-27.394323],[-49.60508,-27.394302],[-49.605073,-27.394204],[-49.605086,-27.394147],[-49.605097,-27.394124],[-49.605119,-27.394079],[-49.605124,-27.394069],[-49.605142,-27.393998],[-49.605166,-27.393904],[-49.605181,-27.393843],[-49.605187,-27.393836],[-49.605205,-27.393817],[-49.605247,-27.393817],[-49.605264,-27.393791],[-49.605414,-27.393734],[-49.605546,-27.39371],[-49.605557,-27.393694],[-49.605558,-27.393693],[-49.605559,-27.393663],[-49.605551,-27.393643],[-49.605545,-27.39363],[-49.603897,-27.393613],[-49.603871,-27.393626],[-49.603858,-27.393646],[-49.603837,-27.393676],[-49.603837,-27.393677],[-49.603836,-27.393693],[-49.603833,-27.393718],[-49.603828,-27.393777],[-49.603826,-27.393802],[-49.603826,-27.393804],[-49.603824,-27.393822],[-49.603822,-27.393829],[-49.603807,-27.39389],[-49.603764,-27.393984],[-49.60375,-27.394055],[-49.603747,-27.394065],[-49.60375,-27.39411],[-49.603748,-27.394133],[-49.603742,-27.39419],[-49.603731,-27.394288],[-49.603725,-27.394309],[-49.60368,-27.394447],[-49.603643,-27.394558],[-49.603631,-27.394619],[-49.603622,-27.39466],[-49.603604,-27.394707],[-49.603581,-27.394768],[-49.603574,-27.394788],[-49.603548,-27.394855],[-49.60351,-27.394957],[-49.603466,-27.395073],[-49.603448,-27.395118],[-49.603444,-27.395125],[-49.603417,-27.395167],[-49.603415,-27.395171],[-49.603414,-27.395172],[-49.603384,-27.395197],[-49.603376,-27.395203],[-49.603369,-27.395208],[-49.603375,-27.395241],[-49.603378,-27.395259],[-49.603391,-27.395336],[-49.603394,-27.395352],[-49.603396,-27.395362],[-49.603412,-27.395416],[-49.603415,-27.395476],[-49.603416,-27.395493],[-49.603416,-27.395497],[-49.603413,-27.395506],[-49.603379,-27.39561],[-49.603373,-27.395673],[-49.604354,-27.395682],[-49.604401,-27.395621],[-49.604479,-27.395517],[-49.604482,-27.395508],[-49.604484,-27.395503],[-49.604453,-27.395486],[-49.604461,-27.395427],[-49.604467,-27.395372],[-49.604473,-27.395363],[-49.604484,-27.395347],[-49.60449,-27.39527],[-49.604511,-27.395252],[-49.604575,-27.395221],[-49.604586,-27.395215],[-49.604639,-27.395209],[-49.604733,-27.395186],[-49.60473817207793,-27.395184275974025],[-49.604785637167716,-27.395184752212383],[-49.604801,-27.395185],[-49.60491,-27.395186],[-49.604922,-27.395182],[-49.60501,-27.395141]],[[-49.60444797932853,-27.395181364341088],[-49.60444797932922,-27.395181364341095],[-49.603414,-27.395172],[-49.60444797932853,-27.395181364341088]]],[[[-49.605136,-27.393429],[-49.605155,-27.393347],[-49.605157,-27.393342],[-49.605175,-27.393298],[-49.605182,-27.393282],[-49.605185,-27.393276],[-49.605185,-27.393275],[-49.605191,-27.393229],[-49.605222,-27.393138],[-49.605252,-27.393083],[-49.605283,-27.393073],[-49.605298,-27.393043],[-49.605341,-27.393029],[-49.605379,-27.393021],[-49.597963,-27.392947],[-49.597963,-27.392955],[-49.597963,-27.39297],[-49.597963,-27.392999],[-49.597963,-27.39301],[-49.597963,-27.393066],[-49.597962,-27.393157],[-49.597962,-27.393202],[-49.597962,-27.393203],[-49.597962,-27.39322],[-49.597962,-27.393234],[-49.597961,-27.393261],[-49.597961,-27.393264],[-49.597961,-27.393304],[-49.597961,-27.393318],[-49.597958,-27.39348],[-49.597955,-27.393627],[-49.597954,-27.393687],[-49.59795,-27.393887],[-49.597949,-27.393922],[-49.597948,-27.394013],[-49.597946,-27.394083],[-49.597945,-27.394141],[-49.597945,-27.394144],[-49.600086,-27.394165],[-49.600101,-27.394162],[-49.600172,-27.394106],[-49.600231,-27.394036],[-49.600278,-27.393946],[-49.600309,-27.393911],[-49.600571,-27.393713],[-49.600639,-27.393654],[-49.600944,-27.39351],[-49.601394,-27.393352],[-49.601432,-27.393339],[-49.601668,-27.393301],[-49.601868367187464,-27.3933001953125],[-49.60192631970114,-27.393300776641762],[-49.601929,-27.393301],[-49.602283,-27.393325],[-49.602315,-27.393327],[-49.602562,-27.393334],[-49.602594,-27.393347],[-49.602728,-27.393368],[-49.602883,-27.393391],[-49.602905,-27.393398],[-49.602956,-27.393411],[-49.60298,-27.393418],[-49.603069,-27.393413],[-49.60312537503842,-27.393400142535096],[-49.60312824396074,-27.393400170427398],[-49.603205,-27.393406],[-49.603222,-27.39341],[-49.603282,-27.393426],[-49.603412,-27.39349],[-49.603439,-27.393513],[-49.603443,-27.39353],[-49.603444,-27.393536],[-49.6035,-27.39357],[-49.603549,-27.393537],[-49.603557,-27.393532],[-49.603567,-27.393514],[-49.60358,-27.393492],[-49.603615,-27.393429],[-49.603623,-27.393414],[-49.603624,-27.39341],[-49.603625,-27.393405],[-49.603627,-27.393399],[-49.603632,-27.393377],[-49.603655,-27.393358],[-49.60367,-27.393345],[-49.603677,-27.39334],[-49.603679,-27.393339],[-49.603743,-27.393319],[-49.603768,-27.393293],[-49.603828,-27.393278],[-49.60385974967155,-27.393262606219857],[-49.60386832478576,-27.393262692885138],[-49.603935,-27.393269],[-49.603996,-27.393287],[-49.604032,-27.39333],[-49.604036,-27.393336],[-49.604014,-27.393418],[-49.604029,-27.393474],[-49.604027,-27.393492],[-49.604009,-27.393535],[-49.60396,-27.393577],[-49.603946,-27.39359],[-49.603905,-27.393609],[-49.603897,-27.393613],[-49.605163,-27.393626],[-49.60512,-27.393622],[-49.605107,-27.393601],[-49.605099,-27.393589],[-49.605109,-27.393546],[-49.605119,-27.393503],[-49.605123,-27.393485],[-49.605136,-27.393429]]],[[[-49.603639,-27.440287],[-49.603637,-27.440316],[-49.603629,-27.440342],[-49.60362,-27.440373],[-49.603605,-27.44042],[-49.603587,-27.440478],[-49.603585,-27.440485],[-49.603576,-27.440536],[-49.603573,-27.440546],[-49.603552,-27.4406],[-49.603529,-27.440661],[-49.603524,-27.440674],[-49.603513,-27.440702],[-49.603454,-27.440839],[-49.603409,-27.440945],[-49.603382,-27.441009],[-49.603767,-27.441013],[-49.603793,-27.440949],[-49.603923,-27.440843],[-49.604022,-27.440707],[-49.60403,-27.44068],[-49.604034,-27.440666],[-49.60402,-27.440604],[-49.604041,-27.44055],[-49.604039,-27.440541],[-49.604029,-27.440489],[-49.604027,-27.440483],[-49.604054,-27.440425],[-49.604158,-27.440378],[-49.604311,-27.440349],[-49.604307,-27.440323],[-49.604302,-27.440294],[-49.603639,-27.440287]]],[[[-49.604345,-27.440294],[-49.604302,-27.440294],[-49.604348,-27.440308],[-49.604345,-27.440294]]],[[[-49.605601,-27.425273],[-49.602992,-27.425247],[-49.60301,-27.425255],[-49.605596,-27.425281],[-49.605601,-27.425273]]],[[[-49.602661,-27.425071],[-49.602655,-27.425075],[-49.602645,-27.425088],[-49.60263,-27.425106],[-49.602626,-27.425112],[-49.602612,-27.425158],[-49.602615,-27.425174],[-49.602622,-27.425209],[-49.602627,-27.425236],[-49.602632,-27.425243],[-49.605601,-27.425273],[-49.605605,-27.425266],[-49.605606,-27.425265],[-49.60559,-27.425239],[-49.605601,-27.425203],[-49.60562,-27.425188],[-49.605674,-27.425142],[-49.605681,-27.425137],[-49.605709,-27.425119],[-49.605735,-27.425119],[-49.605744,-27.425106],[-49.605748,-27.425102],[-49.602661,-27.425071]]],[[[-49.605787,-27.425085],[-49.605808,-27.425067],[-49.605809,-27.425066],[-49.602703,-27.425035],[-49.602702,-27.425036],[-49.602689,-27.425054],[-49.602661,-27.425071],[-49.605768,-27.425102],[-49.605787,-27.425085]]],[[[-49.604314,-27.396665],[-49.604348,-27.396666],[-49.604347,-27.396665],[-49.604314,-27.396665]]],[[[-49.604343,-27.395682],[-49.604353,-27.395684],[-49.604354,-27.395682],[-49.604343,-27.395682]]],[[[-49.603377,-27.441019],[-49.603297,-27.441206],[-49.603255,-27.441328],[-49.603254,-27.441329],[-49.603158,-27.441543],[-49.603148,-27.44157],[-49.603067,-27.441795],[-49.60305,-27.441893],[-49.603041,-27.441949],[-49.60303,-27.442014],[-49.603034,-27.442026],[-49.603058,-27.442105],[-49.603092,-27.442179],[-49.603106,-27.442209],[-49.603111,-27.442219],[-49.603115,-27.442209],[-49.603125,-27.442179],[-49.603101,-27.442106],[-49.603074,-27.442026],[-49.603074,-27.442015],[-49.603071,-27.441949],[-49.603079,-27.441893],[-49.603112,-27.441796],[-49.603189,-27.441571],[-49.603202,-27.441544],[-49.603302,-27.441329],[-49.603303,-27.441328],[-49.603351,-27.441207],[-49.603425,-27.44102],[-49.603433,-27.44101],[-49.603447,-27.44101],[-49.603382,-27.441009],[-49.603381,-27.44101],[-49.603377,-27.441019]]],[[[-49.603766,-27.441013],[-49.603451,-27.44101],[-49.603693,-27.441052],[-49.60375,-27.441055],[-49.60375,-27.441053],[-49.603766,-27.441013]]],[[[-49.603815,-27.439464],[-49.603803,-27.439451],[-49.603771,-27.439415],[-49.603746,-27.439403],[-49.603114,-27.439396],[-49.603092,-27.439409],[-49.60303,-27.439443],[-49.60299,-27.439455],[-49.602948,-27.439457],[-49.603816,-27.439466],[-49.603815,-27.439464]]],[[[-49.603493,-27.439322],[-49.603448,-27.439326],[-49.603295,-27.43934],[-49.603265,-27.439342],[-49.603226,-27.439358],[-49.603173,-27.439366],[-49.603165,-27.439381],[-49.603135,-27.439383],[-49.603131,-27.439395],[-49.603131,-27.439396],[-49.603746,-27.439403],[-49.603744,-27.439401],[-49.603719,-27.439389],[-49.603716,-27.439387],[-49.603684,-27.439371],[-49.603667,-27.439362],[-49.603635,-27.439346],[-49.603629,-27.439343],[-49.603524,-27.439327],[-49.603493,-27.439322]]],[[[-49.603332,-27.425479],[-49.603371,-27.425475],[-49.603309,-27.425474],[-49.603332,-27.425479]]],[[[-49.603364,-27.419071],[-49.603467,-27.419079],[-49.603486,-27.419072],[-49.603364,-27.419071]]],[[[-49.603349,-27.41852],[-49.60333722614842,-27.418520840989398],[-49.603333870078735,-27.418520799212597],[-49.603323,-27.418504],[-49.603321,-27.4185],[-49.60329279775281,-27.418503760299625],[-49.603289259414225,-27.418503732217573],[-49.603265,-27.4185],[-49.603235,-27.418496],[-49.603215,-27.418499],[-49.603197,-27.418503],[-49.603109,-27.418518],[-49.6030674477612,-27.41852631044776],[-49.603060909698996,-27.41852622742475],[-49.603048,-27.418523],[-49.603043,-27.418526],[-49.60304,-27.418529],[-49.603037,-27.418531],[-49.603026,-27.418538],[-49.60298441698925,-27.418540711935485],[-49.602977731768526,-27.41854064473483],[-49.602897,-27.418528],[-49.602877,-27.418518],[-49.602873,-27.418516],[-49.602845,-27.418488],[-49.602841,-27.418467],[-49.602842,-27.418466],[-49.602851,-27.418437],[-49.602864,-27.418398],[-49.602888,-27.418362],[-49.602909,-27.418346],[-49.602948,-27.418342],[-49.602976,-27.418328],[-49.600794,-27.418306],[-49.600792,-27.41832],[-49.600791,-27.418325],[-49.600789,-27.418341],[-49.600785,-27.418377],[-49.60078,-27.418417],[-49.60077,-27.418445],[-49.600769,-27.418446],[-49.600753,-27.418467],[-49.600731,-27.418495],[-49.60073,-27.418497],[-49.600727,-27.418506],[-49.600725,-27.418518],[-49.600723,-27.418524],[-49.600703,-27.418612],[-49.600696,-27.418642],[-49.600693,-27.418653],[-49.600675,-27.418691],[-49.600668,-27.418714],[-49.600649,-27.418785],[-49.600637,-27.418797],[-49.600631,-27.418825],[-49.600626,-27.418844],[-49.600542,-27.418922],[-49.600531,-27.418937],[-49.60052,-27.418951],[-49.600502,-27.418975],[-49.600498,-27.418977],[-49.60047,-27.418996],[-49.600443,-27.41901],[-49.600395,-27.419014],[-49.600372,-27.419027],[-49.600329,-27.419028],[-49.60029,-27.419038],[-49.600288,-27.41904],[-49.600287,-27.41904],[-49.603486,-27.419072],[-49.603487,-27.419072],[-49.603489,-27.419071],[-49.603501,-27.41906],[-49.603502,-27.419058],[-49.603517,-27.419045],[-49.603522,-27.419041],[-49.603537,-27.419027],[-49.603559,-27.419008],[-49.603559,-27.419006],[-49.603558,-27.418981],[-49.603578,-27.418968],[-49.603582,-27.418952],[-49.6036,-27.418874],[-49.603604,-27.418854],[-49.603605,-27.418827],[-49.603606,-27.418815],[-49.603608,-27.418743],[-49.603595,-27.41872],[-49.603576,-27.418682],[-49.60357,-27.41867],[-49.603522,-27.41864],[-49.603423,-27.418552],[-49.603411,-27.418545],[-49.603404,-27.418542],[-49.60339,-27.418534],[-49.60336,-27.418532],[-49.603358,-27.41853],[-49.60335,-27.418521],[-49.603349,-27.41852]]],[[[-49.602023,-27.416275],[-49.601893,-27.416281],[-49.601856,-27.416345],[-49.601845,-27.416352],[-49.601795,-27.416379],[-49.601794,-27.41638],[-49.604423,-27.416407],[-49.604424,-27.416406],[-49.604428,-27.416377],[-49.604426,-27.416371],[-49.604412,-27.416306],[-49.604411,-27.416299],[-49.604407,-27.416283],[-49.604405,-27.41627],[-49.604396,-27.416259],[-49.604388,-27.41625],[-49.604391,-27.416243],[-49.602219,-27.416222],[-49.602207,-27.416228],[-49.60219,-27.416237],[-49.602154,-27.416248],[-49.602114,-27.41626],[-49.602023,-27.416275]]],[[[-49.604558,-27.416146],[-49.60468,-27.416116],[-49.604693,-27.416113],[-49.604724,-27.416099],[-49.604762,-27.416068],[-49.604799,-27.416039],[-49.604797,-27.416011],[-49.604796,-27.41599],[-49.604803,-27.415983],[-49.604804,-27.415978],[-49.604805,-27.415966],[-49.603114,-27.415949],[-49.60308531359827,-27.415960870235196],[-49.60308477125032,-27.415960864829735],[-49.603063,-27.415948],[-49.603034,-27.41593],[-49.603013,-27.415948],[-49.602998,-27.41596],[-49.602991,-27.415965],[-49.602984,-27.415972],[-49.602959,-27.415992],[-49.602901,-27.41602],[-49.602842,-27.416049],[-49.602815,-27.41608],[-49.602802,-27.416094],[-49.602799,-27.416098],[-49.602744,-27.416128],[-49.602738,-27.416131],[-49.602715,-27.416155],[-49.602692,-27.416181],[-49.602673,-27.416201],[-49.602667,-27.416207],[-49.602644,-27.416223],[-49.60264,-27.416225],[-49.604391,-27.416243],[-49.604392,-27.41624],[-49.604397,-27.416225],[-49.6044,-27.416218],[-49.604419,-27.416198],[-49.604506,-27.416173],[-49.604552,-27.41615],[-49.604558,-27.416146]]],[[[-49.602308,-27.416222],[-49.602306,-27.416222],[-49.604391,-27.416243],[-49.602308,-27.416222]]],[[[-49.603611,-27.397905],[-49.603695,-27.397901],[-49.603603,-27.3979],[-49.603611,-27.397905]]],[[[-49.604187,-27.396493],[-49.604199,-27.396464],[-49.604188,-27.396442],[-49.604196,-27.396432],[-49.604189,-27.396408],[-49.604218,-27.396372],[-49.604204,-27.396345],[-49.604197,-27.396331],[-49.604197,-27.396318],[-49.604178,-27.396301],[-49.604185,-27.396263],[-49.604179,-27.396223],[-49.604183,-27.396188],[-49.604162,-27.396144],[-49.604162,-27.396143],[-49.604167,-27.396081],[-49.604167,-27.39608],[-49.604159,-27.396043],[-49.604148,-27.395989],[-49.604165,-27.395962],[-49.604186,-27.39593],[-49.604226,-27.39591],[-49.604242,-27.395893],[-49.604312,-27.395715],[-49.60337,-27.395705],[-49.603351,-27.395884],[-49.60335,-27.395901],[-49.603347,-27.395922],[-49.603344,-27.395954],[-49.603336,-27.395981],[-49.603321,-27.396035],[-49.603321,-27.396072],[-49.603298,-27.396134],[-49.603298,-27.396136],[-49.603293,-27.396179],[-49.603288,-27.396214],[-49.603283,-27.396254],[-49.603278,-27.396292],[-49.603276,-27.396308],[-49.603275,-27.396322],[-49.603273,-27.396335],[-49.603273,-27.396362],[-49.603272,-27.396398],[-49.603272,-27.396423],[-49.603272,-27.396433],[-49.603272,-27.396454],[-49.603271,-27.396484],[-49.603271,-27.396515],[-49.603274,-27.396538],[-49.603277,-27.396569],[-49.60328,-27.396598],[-49.603281,-27.396606],[-49.603283,-27.396614],[-49.603283,-27.396615],[-49.60329,-27.396655],[-49.604314,-27.396665],[-49.604283,-27.396625],[-49.604267,-27.396624],[-49.604255,-27.396616],[-49.60424,-27.396608],[-49.604214,-27.396578],[-49.6042,-27.396548],[-49.604195,-27.396525],[-49.604187,-27.396493]]],[[[-49.604321,-27.395715],[-49.604343,-27.395682],[-49.603373,-27.395673],[-49.60337,-27.395705],[-49.604321,-27.395715]]],[[[-49.601102,-27.392251],[-49.601101,-27.392254],[-49.601094,-27.392279],[-49.60552,-27.392324],[-49.605535,-27.392299],[-49.605537,-27.392295],[-49.601102,-27.392251]]],[[[-49.603818,-27.391453],[-49.603816,-27.391452],[-49.603752,-27.391452],[-49.603818,-27.391453]]],[[[-49.602578,-27.439655],[-49.60272,-27.43964],[-49.602301,-27.439636],[-49.602311,-27.439652],[-49.602343,-27.439701],[-49.602343,-27.439702],[-49.602349,-27.439712],[-49.60241,-27.439702],[-49.602411,-27.439702],[-49.602578,-27.439655]]],[[[-49.60272,-27.43964],[-49.602726,-27.43964],[-49.601286,-27.439625],[-49.601286,-27.439626],[-49.60272,-27.43964]]],[[[-49.601325,-27.439441],[-49.601318,-27.439456],[-49.601328,-27.439479],[-49.60132,-27.439499],[-49.601319,-27.439501],[-49.601309,-27.439523],[-49.601304,-27.439535],[-49.601304,-27.439551],[-49.601304,-27.439584],[-49.601286,-27.439625],[-49.603873,-27.439651],[-49.603888,-27.43961],[-49.6039,-27.439577],[-49.603899,-27.439561],[-49.603898,-27.439549],[-49.603883,-27.439526],[-49.603869,-27.439525],[-49.603851,-27.439504],[-49.60383,-27.439481],[-49.603816,-27.439466],[-49.601325,-27.439441]]],[[[-49.601343,-27.439402],[-49.601339,-27.43941],[-49.601338,-27.439412],[-49.601325,-27.439441],[-49.602948,-27.439457],[-49.602869,-27.439427],[-49.602805,-27.439424],[-49.60277,-27.439416],[-49.602742,-27.43941],[-49.602733,-27.439408],[-49.6027,-27.439394],[-49.602672,-27.439382],[-49.602593,-27.439371],[-49.60254,-27.43935],[-49.602487,-27.43934],[-49.602458,-27.439321],[-49.601204,-27.439308],[-49.601222,-27.439328],[-49.60123,-27.439337],[-49.601248,-27.439358],[-49.601257,-27.439368],[-49.601267,-27.439379],[-49.601289,-27.439393],[-49.601292,-27.439395],[-49.601343,-27.439402]]],[[[-49.603131,-27.439396],[-49.603116,-27.439395],[-49.603114,-27.439396],[-49.603131,-27.439396]]],[[[-49.602279,-27.439316],[-49.602276,-27.439319],[-49.602458,-27.439321],[-49.602454,-27.439318],[-49.602409,-27.439311],[-49.602305,-27.439295],[-49.602287,-27.43931],[-49.602279,-27.439316]]],[[[-49.601957,-27.435162],[-49.601964,-27.435164],[-49.601987,-27.435162],[-49.60199199082568,-27.43516137614679],[-49.60199582828283,-27.435161414141415],[-49.601997,-27.435162],[-49.602028,-27.435177],[-49.602037,-27.435181],[-49.6020437326969,-27.43517715274463],[-49.60204442524917,-27.435177159468438],[-49.602068,-27.435186],[-49.602079,-27.435189],[-49.602117,-27.435186],[-49.602131,-27.435178],[-49.602156,-27.435164],[-49.602156,-27.435163],[-49.602159,-27.435158],[-49.602162,-27.435152],[-49.601921,-27.43515],[-49.601938,-27.435155],[-49.601954,-27.435161],[-49.601957,-27.435162]]],[[[-49.602162,-27.435152],[-49.602174,-27.435127],[-49.602176,-27.435124],[-49.602184,-27.435109],[-49.602201,-27.435075],[-49.602205,-27.435066],[-49.601319,-27.435057],[-49.601503,-27.435068],[-49.601556,-27.435102],[-49.601568,-27.435118],[-49.60157,-27.43512],[-49.601607,-27.435168],[-49.60162,-27.435173],[-49.601698,-27.435203],[-49.601708,-27.435213],[-49.601729,-27.435203],[-49.601789,-27.435175],[-49.601796,-27.43517],[-49.601871,-27.435124],[-49.601875935275075,-27.43512103883495],[-49.60187603986711,-27.43512103986711],[-49.601879,-27.435124],[-49.601906,-27.435149],[-49.602162,-27.435152]]],[[[-49.602356,-27.43414],[-49.602362,-27.43412],[-49.602363,-27.434119],[-49.600399,-27.434099],[-49.600399,-27.4341],[-49.600393,-27.43412],[-49.600391,-27.434125],[-49.60036,-27.434217],[-49.600357,-27.434249],[-49.600343,-27.434371],[-49.600339,-27.434401],[-49.600338,-27.434415],[-49.600337,-27.434421],[-49.600322,-27.434548],[-49.600322,-27.434551],[-49.60029,-27.434698],[-49.600286,-27.434711],[-49.600269,-27.434767],[-49.600252,-27.434827],[-49.600237,-27.434878],[-49.600232,-27.434893],[-49.600217,-27.434929],[-49.600194,-27.434984],[-49.600182,-27.435011],[-49.600172,-27.435045],[-49.602205,-27.435066],[-49.602223,-27.435032],[-49.602237,-27.435004],[-49.602275,-27.434949],[-49.60229,-27.434914],[-49.602296,-27.434898],[-49.602311,-27.434848],[-49.602281,-27.434788],[-49.602272,-27.434731],[-49.602279,-27.434718],[-49.602351,-27.434571],[-49.602352,-27.434568],[-49.602292,-27.434441],[-49.602296,-27.434434],[-49.602269,-27.434421],[-49.602264,-27.434391],[-49.602263,-27.434268],[-49.602273,-27.434237],[-49.602303,-27.434144],[-49.60231189865202,-27.43413955067399],[-49.60231616897111,-27.43413959418208],[-49.602345,-27.434145],[-49.602354,-27.434145],[-49.602356,-27.43414]]],[[[-49.602363,-27.434119],[-49.602378,-27.43412],[-49.602378,-27.434119],[-49.602363,-27.434119]]],[[[-49.602161,-27.433422],[-49.60214,-27.433427],[-49.602095,-27.433444],[-49.602063,-27.433455],[-49.602037,-27.433506],[-49.602037,-27.433507],[-49.60203514885954,-27.433509776710682],[-49.60203446452807,-27.43350977051203],[-49.602028,-27.433507],[-49.601997,-27.433496],[-49.601993,-27.433494],[-49.601963,-27.433475],[-49.601953,-27.433469],[-49.601941,-27.433462],[-49.601937,-27.433469],[-49.601933,-27.433475],[-49.601931,-27.433474],[-49.601917,-27.433475],[-49.601903,-27.433493],[-49.601902,-27.433495],[-49.601851,-27.433505],[-49.601839,-27.433508],[-49.60177580018465,-27.433520837462492],[-49.601774080457915,-27.433520820319362],[-49.601688,-27.433504],[-49.601634,-27.433472],[-49.601631,-27.433471],[-49.601606,-27.433433],[-49.6016,-27.433398],[-49.601611,-27.433309],[-49.601628,-27.433272],[-49.601629,-27.433269],[-49.601627,-27.433215],[-49.601625,-27.433147],[-49.601623,-27.433102],[-49.601622,-27.433079],[-49.601629,-27.433053],[-49.601642,-27.433004],[-49.601652,-27.432994],[-49.601661,-27.432985],[-49.601654,-27.432975],[-49.600109,-27.43296],[-49.600165,-27.43297],[-49.600219,-27.43298],[-49.600239,-27.43299],[-49.60034,-27.43304],[-49.600371,-27.433067],[-49.600398,-27.433089],[-49.600438,-27.433135],[-49.600465,-27.433203],[-49.600476,-27.433257],[-49.600477,-27.43326],[-49.600478,-27.433298],[-49.600482,-27.433387],[-49.600483,-27.433422],[-49.600485,-27.433459],[-49.600485,-27.43346],[-49.600487,-27.433492],[-49.600488,-27.433508],[-49.600494,-27.433582],[-49.600498,-27.433599],[-49.600502,-27.433619],[-49.600505,-27.43363],[-49.600504,-27.433662],[-49.600503,-27.433679],[-49.600503,-27.433692],[-49.600503,-27.4337],[-49.600501,-27.433743],[-49.600501,-27.433752],[-49.600501,-27.433759],[-49.600455,-27.433927],[-49.60045,-27.433948],[-49.600437,-27.433985],[-49.600429,-27.43401],[-49.600424,-27.434024],[-49.60042,-27.434037],[-49.602577,-27.434058],[-49.602645,-27.434046],[-49.602687,-27.434033],[-49.602702,-27.434007],[-49.602694,-27.43397],[-49.60269,-27.433949],[-49.602573,-27.433779],[-49.602569,-27.433773],[-49.602553,-27.433763],[-49.602539,-27.43372],[-49.602508,-27.433713],[-49.602508,-27.433699],[-49.602464,-27.433682],[-49.60247,-27.43365],[-49.602472,-27.433639],[-49.602414,-27.433618],[-49.60241,-27.433602],[-49.602394,-27.433527],[-49.602391,-27.433513],[-49.602391,-27.433511],[-49.60239,-27.43351],[-49.602359,-27.433458],[-49.602352,-27.433446],[-49.602334,-27.433429],[-49.602328,-27.433424],[-49.602267,-27.433405],[-49.602251,-27.4334],[-49.602232,-27.433405],[-49.602161,-27.433422]]],[[[-49.602662,-27.42527],[-49.602667,-27.425273],[-49.602669,-27.425275],[-49.602753,-27.425301],[-49.602766,-27.425306],[-49.602839,-27.425313],[-49.602863,-27.425307],[-49.602878,-27.425303],[-49.602928,-27.425278],[-49.602931,-27.425276],[-49.602938,-27.425273],[-49.602662,-27.42527]]],[[[-49.602952,-27.425276],[-49.602958,-27.425273],[-49.602938,-27.425273],[-49.602952,-27.425276]]],[[[-49.602632,-27.425243],[-49.602639,-27.425255],[-49.602662,-27.42527],[-49.602958,-27.425273],[-49.602977,-27.425258],[-49.602992,-27.425247],[-49.602632,-27.425243]]],[[[-49.603048,-27.425256],[-49.60301,-27.425255],[-49.603018,-27.42526],[-49.603024,-27.425263],[-49.603034,-27.42526],[-49.603048,-27.425256]]],[[[-49.602226,-27.424925],[-49.602263,-27.42492],[-49.602327,-27.424894],[-49.602382,-27.424891],[-49.60246,-27.42489],[-49.602083,-27.424886],[-49.602086,-27.424888],[-49.602093,-27.424891],[-49.602145,-27.424919],[-49.602157,-27.424925],[-49.602187,-27.424931],[-49.602226,-27.424925]]],[[[-49.602891,-27.419255],[-49.602921,-27.419256],[-49.602921,-27.419255],[-49.602891,-27.419255]]],[[[-49.602928,-27.419236],[-49.602948,-27.419237],[-49.602948,-27.419236],[-49.602928,-27.419236]]],[[[-49.602981,-27.418333],[-49.602983,-27.418336],[-49.602989,-27.418342],[-49.602994,-27.418347],[-49.602998,-27.418352],[-49.603002,-27.418347],[-49.603007,-27.418342],[-49.603011757929885,-27.41833629048414],[-49.60301229591837,-27.41833629591837],[-49.603018,-27.418342],[-49.603022,-27.418342],[-49.603082,-27.418337],[-49.603105,-27.418335],[-49.603126,-27.418329],[-49.602976,-27.418328],[-49.602981,-27.418333]]],[[[-49.60317,-27.417758],[-49.60315,-27.417724],[-49.603144,-27.417713],[-49.603144,-27.417708],[-49.603145,-27.417679],[-49.603145,-27.417673],[-49.60314,-27.417662],[-49.603131,-27.417646],[-49.603135,-27.417619],[-49.603135,-27.417618],[-49.603116,-27.417585],[-49.603119,-27.417575],[-49.60313,-27.417531],[-49.603129,-27.417525],[-49.603127,-27.417517],[-49.603127,-27.417514],[-49.603123,-27.417499],[-49.603124,-27.417498],[-49.603132,-27.417472],[-49.603148,-27.417422],[-49.603187,-27.417358],[-49.603201,-27.417334],[-49.603255,-27.417244],[-49.603275,-27.417211],[-49.603284,-27.417196],[-49.603294,-27.41718],[-49.603295,-27.417177],[-49.599677,-27.417141],[-49.599746,-27.417144],[-49.599796,-27.417161],[-49.599897,-27.417177],[-49.600008,-27.417211],[-49.600198,-27.417304],[-49.600268,-27.417329],[-49.60036,-27.417394],[-49.600432,-27.417445],[-49.600566,-27.417472],[-49.600569,-27.417473],[-49.600612,-27.417489],[-49.600696,-27.417493],[-49.600715,-27.417501],[-49.60072,-27.417506],[-49.600762,-27.417551],[-49.600768,-27.417561],[-49.600789,-27.417595],[-49.600783,-27.417622],[-49.60078,-27.417639],[-49.600783,-27.417649],[-49.600784,-27.417656],[-49.600815,-27.417684],[-49.600815,-27.41769],[-49.600816,-27.4177],[-49.600866,-27.417735],[-49.600867,-27.417742],[-49.600871,-27.417765],[-49.600855,-27.417823],[-49.600849,-27.417872],[-49.600845,-27.417898],[-49.600835,-27.417983],[-49.600827,-27.418042],[-49.600819,-27.418103],[-49.600796,-27.418287],[-49.600794,-27.418306],[-49.603126,-27.418329],[-49.603199,-27.418311],[-49.60328,-27.418128],[-49.603277,-27.418067],[-49.603296,-27.418007],[-49.603243,-27.417922],[-49.603207,-27.417896],[-49.603182,-27.417847],[-49.603182,-27.417846],[-49.603177,-27.417788],[-49.603175,-27.417765],[-49.60317,-27.417758]]],[[[-49.603808,-27.416638],[-49.603815,-27.416634],[-49.600506,-27.416601],[-49.600498,-27.416604],[-49.60049,-27.416607],[-49.600475,-27.416613],[-49.603783,-27.416647],[-49.6038,-27.416641],[-49.603808,-27.416638]]],[[[-49.604187,-27.416502],[-49.604231,-27.416488],[-49.604306,-27.416463],[-49.604336,-27.416457],[-49.604346,-27.416455],[-49.604347,-27.416455],[-49.604395,-27.416433],[-49.604423,-27.416407],[-49.601653,-27.416379],[-49.601599,-27.416405],[-49.601555,-27.416427],[-49.601543,-27.416427],[-49.601494,-27.416429],[-49.601488,-27.416435],[-49.60146,-27.41646],[-49.601301,-27.416473],[-49.601255,-27.416511],[-49.601208,-27.416567],[-49.601147,-27.416571],[-49.601141,-27.416574],[-49.601124,-27.416583],[-49.601063,-27.416587],[-49.601041,-27.416601],[-49.601032,-27.416606],[-49.603815,-27.416634],[-49.603827,-27.416629],[-49.603856,-27.416615],[-49.603866,-27.41661],[-49.603885,-27.416602],[-49.603895,-27.416598],[-49.603908,-27.416594],[-49.604073,-27.41654],[-49.604187,-27.416502]]],[[[-49.602367,-27.416178],[-49.602362,-27.416192],[-49.602332,-27.416214],[-49.60233,-27.416215],[-49.602321,-27.416218],[-49.602316,-27.416219],[-49.602308,-27.416222],[-49.60264,-27.416225],[-49.602635,-27.416222],[-49.602632,-27.416221],[-49.602626,-27.416218],[-49.602617,-27.416221],[-49.602614576219516,-27.41622180792683],[-49.60261182006921,-27.41622178200692],[-49.602604,-27.416221],[-49.602585,-27.416218],[-49.602575,-27.416216],[-49.602491,-27.416193],[-49.602439,-27.416178],[-49.602373,-27.41616],[-49.602367,-27.416178]]],[[[-49.602228,-27.416217],[-49.602225,-27.416218],[-49.60222,-27.416221],[-49.602219,-27.416222],[-49.602296,-27.416222],[-49.602252,-27.416219],[-49.602228,-27.416217]]],[[[-49.603245,-27.41595],[-49.603225,-27.415938],[-49.603221,-27.415936],[-49.603154,-27.415932],[-49.603145,-27.415935],[-49.603141,-27.415937],[-49.603114,-27.415949],[-49.603245,-27.41595]]],[[[-49.601436,-27.390838],[-49.60137,-27.390874],[-49.601324,-27.390898],[-49.601267,-27.390945],[-49.601244,-27.390963],[-49.601103,-27.391078],[-49.60111,-27.391314],[-49.601083,-27.391425],[-49.603752,-27.391452],[-49.603751,-27.391451],[-49.603663,-27.391339],[-49.603474,-27.391102],[-49.603381,-27.390985],[-49.603085,-27.390963],[-49.602996,-27.390915],[-49.602947,-27.390889],[-49.602861,-27.390853],[-49.60266,-27.390767],[-49.602476,-27.390689],[-49.601943,-27.39076],[-49.601436,-27.390838]]],[[[-49.602315,-27.439713],[-49.602317,-27.439701],[-49.602317,-27.4397],[-49.602309,-27.439666],[-49.602301,-27.439636],[-49.601286,-27.439626],[-49.601272,-27.439656],[-49.601268,-27.43969],[-49.601272,-27.439702],[-49.601276,-27.439714],[-49.601282,-27.439718],[-49.601347,-27.439761],[-49.601599,-27.439853],[-49.601649,-27.439872],[-49.60168,-27.439878],[-49.601725,-27.439889],[-49.601767,-27.43989],[-49.601807,-27.43989],[-49.601885,-27.439881],[-49.601905,-27.439874],[-49.60196,-27.439857],[-49.60219,-27.439769],[-49.602298,-27.439728],[-49.602303,-27.439724],[-49.602315,-27.439713]]],[[[-49.601731,-27.439061],[-49.601696,-27.439033],[-49.601671,-27.439013],[-49.601587,-27.438946],[-49.601569,-27.438936],[-49.601537,-27.438917],[-49.6015,-27.438901],[-49.601433,-27.438872],[-49.601412,-27.438863],[-49.601324,-27.438801],[-49.601318,-27.438797],[-49.601317,-27.438748],[-49.601324,-27.438729],[-49.601348,-27.43866],[-49.601348,-27.438618],[-49.601305,-27.438587],[-49.601279,-27.438568],[-49.601273,-27.438501],[-49.601268,-27.438444],[-49.601265,-27.43841],[-49.601248,-27.438397],[-49.600469,-27.43839],[-49.600503,-27.438403],[-49.600569,-27.438437],[-49.600635,-27.438494],[-49.600659,-27.438561],[-49.600666,-27.43858],[-49.600668,-27.438611],[-49.600671,-27.438653],[-49.600676,-27.438723],[-49.600674,-27.438742],[-49.60067,-27.43879],[-49.600669,-27.438794],[-49.600684,-27.438856],[-49.600686,-27.438865],[-49.600714,-27.438893],[-49.600743,-27.438909],[-49.600779,-27.438928],[-49.600809,-27.438938],[-49.600998,-27.439007],[-49.600997,-27.439026],[-49.601032,-27.439054],[-49.601029,-27.439113],[-49.601045,-27.439117],[-49.60105,-27.43912],[-49.601145,-27.439192],[-49.601153,-27.439205],[-49.601178,-27.439246],[-49.601183,-27.439255],[-49.601191,-27.439268],[-49.6012,-27.439303],[-49.601204,-27.439308],[-49.602276,-27.439319],[-49.602263,-27.439314],[-49.602165,-27.439278],[-49.602128,-27.439265],[-49.60207,-27.439255],[-49.601965,-27.439213],[-49.601941,-27.4392],[-49.601814,-27.439128],[-49.601809,-27.439125],[-49.601805,-27.439121],[-49.601731,-27.439061]]],[[[-49.601912,-27.435155],[-49.601921,-27.43515],[-49.601906,-27.435149],[-49.601912,-27.435155]]],[[[-49.601918,-27.433474],[-49.601931,-27.433474],[-49.601922,-27.433469],[-49.601918,-27.433474]]],[[[-49.600344,-27.419781],[-49.600354,-27.419801],[-49.600338,-27.419832],[-49.600297,-27.419864],[-49.600297,-27.419865],[-49.600301,-27.419933],[-49.600289,-27.419977],[-49.600289,-27.420019],[-49.600289,-27.420069],[-49.600265,-27.420122],[-49.600264,-27.420124],[-49.600239,-27.420141],[-49.600219,-27.420209],[-49.600159,-27.420251],[-49.600122,-27.420259],[-49.60008,-27.420301],[-49.599977,-27.420509],[-49.599886,-27.420633],[-49.599817,-27.420713],[-49.599772,-27.420751],[-49.599705,-27.420792],[-49.599674,-27.420803],[-49.599663,-27.420807],[-49.602681,-27.420837],[-49.602681,-27.420833],[-49.602681,-27.420822],[-49.60268,-27.42078],[-49.602679,-27.420742],[-49.602677,-27.420661],[-49.602673,-27.420536],[-49.602667,-27.420327],[-49.602666,-27.420284],[-49.602666,-27.420277],[-49.602665,-27.420234],[-49.602663,-27.420166],[-49.602662,-27.420148],[-49.602662,-27.420146],[-49.602667,-27.420093],[-49.602671,-27.420043],[-49.602686,-27.420001],[-49.602702,-27.419957],[-49.602727,-27.419889],[-49.602727,-27.419888],[-49.602731,-27.419856],[-49.602734,-27.419825],[-49.602736,-27.419805],[-49.602745,-27.419731],[-49.602749,-27.419697],[-49.602755,-27.419646],[-49.602759,-27.419603],[-49.602771,-27.419497],[-49.602776,-27.419459],[-49.602781,-27.419408],[-49.602789,-27.419344],[-49.602789,-27.419343],[-49.602808,-27.419326],[-49.602812,-27.419317],[-49.602818,-27.419303],[-49.602821,-27.419295],[-49.602823,-27.419291],[-49.602832,-27.419288],[-49.60288,-27.419269],[-49.602891,-27.419255],[-49.600209,-27.419228],[-49.600213,-27.419242],[-49.60022,-27.419261],[-49.600228,-27.419265],[-49.600236,-27.419269],[-49.600235,-27.419278],[-49.600265,-27.419292],[-49.600265,-27.4193],[-49.600266,-27.419318],[-49.600266,-27.419319],[-49.600317,-27.419384],[-49.600324,-27.419435],[-49.600339,-27.419472],[-49.60035,-27.419579],[-49.600332,-27.419621],[-49.600326,-27.419672],[-49.600337,-27.419707],[-49.600344,-27.419781]]],[[[-49.602921,-27.419255],[-49.602928,-27.419236],[-49.600203,-27.419209],[-49.600209,-27.419228],[-49.602921,-27.419255]]],[[[-49.600218,-27.419087],[-49.600207,-27.419094],[-49.600183,-27.419111],[-49.600184,-27.419117],[-49.600188,-27.419143],[-49.600193,-27.419169],[-49.600196,-27.419187],[-49.600203,-27.419209],[-49.602948,-27.419236],[-49.602958,-27.419215],[-49.602966,-27.419197],[-49.602992,-27.419171],[-49.603161,-27.419147],[-49.603182,-27.419141],[-49.603239,-27.419125],[-49.603244,-27.419117],[-49.603364,-27.419071],[-49.600287,-27.41904],[-49.600218,-27.419087]]],[[[-49.599576,-27.416604],[-49.599558,-27.416618],[-49.599515,-27.416634],[-49.599408,-27.416643],[-49.599383,-27.416659],[-49.599356,-27.416677],[-49.599337,-27.416707],[-49.599332,-27.416714],[-49.599329,-27.416738],[-49.599323,-27.416778],[-49.599322,-27.416787],[-49.599306,-27.416808],[-49.599277,-27.41689],[-49.599268,-27.416947],[-49.599243,-27.416954],[-49.599233,-27.416967],[-49.599231,-27.416984],[-49.599228,-27.417024],[-49.599196,-27.417071],[-49.599196,-27.417078],[-49.599191,-27.417136],[-49.603295,-27.417177],[-49.60333,-27.417119],[-49.603336,-27.417113],[-49.603374,-27.417066],[-49.603407,-27.417025],[-49.603413,-27.417009],[-49.603417,-27.416996],[-49.603419,-27.416989],[-49.603438,-27.416932],[-49.603465,-27.41685],[-49.603473,-27.416828],[-49.603475,-27.41682],[-49.603497,-27.41678],[-49.603524,-27.416756],[-49.603531,-27.416749],[-49.603589,-27.41672],[-49.603626,-27.416702],[-49.603673,-27.416685],[-49.6037,-27.416676],[-49.603746,-27.41666],[-49.603783,-27.416647],[-49.599576,-27.416604]]],[[[-49.601654,-27.416378],[-49.601653,-27.416379],[-49.601794,-27.41638],[-49.601789,-27.416379],[-49.60178,-27.416378],[-49.601735,-27.41637],[-49.601657,-27.416377],[-49.601654,-27.416378]]],[[[-49.597965,-27.39262],[-49.597965,-27.392678],[-49.597965,-27.392762],[-49.597964,-27.392834],[-49.597964,-27.39286],[-49.597964,-27.392877],[-49.597964,-27.392886],[-49.597964,-27.39289],[-49.597963,-27.39294],[-49.597963,-27.392947],[-49.605485,-27.393022],[-49.605522,-27.393016],[-49.605584,-27.392966],[-49.605599,-27.392963],[-49.605602,-27.392954],[-49.605655,-27.392937],[-49.605679,-27.392911],[-49.605696,-27.392839],[-49.605641,-27.392755],[-49.605587,-27.392697],[-49.597965,-27.39262]]],[[[-49.597967,-27.392301],[-49.597967,-27.392408],[-49.597967,-27.392433],[-49.597966,-27.392495],[-49.597966,-27.392511],[-49.597966,-27.392565],[-49.597966,-27.392594],[-49.597965,-27.39261],[-49.597965,-27.392616],[-49.597965,-27.39262],[-49.605559,-27.392696],[-49.605536,-27.392692],[-49.605505,-27.392686],[-49.605474,-27.39267],[-49.605452,-27.39264],[-49.60547,-27.392586],[-49.605451,-27.39257],[-49.605468,-27.392508],[-49.605455,-27.392483],[-49.605488,-27.392377],[-49.60552,-27.392324],[-49.597968,-27.392248],[-49.597967,-27.392301]]],[[[-49.60117326168662,-27.436872663545774],[-49.601172350851186,-27.436872654708075],[-49.601126,-27.436848],[-49.601005,-27.436801],[-49.60096,-27.436793],[-49.600945,-27.436782],[-49.600907,-27.436779],[-49.60089,-27.436755],[-49.600834,-27.436674],[-49.600831,-27.436672],[-49.600738,-27.436601],[-49.600677,-27.436578],[-49.600617,-27.436575],[-49.600586,-27.436566],[-49.600569,-27.436545],[-49.600544,-27.436532],[-49.600528,-27.436483],[-49.600538,-27.436382],[-49.600532,-27.436303],[-49.60053,-27.436277],[-49.600519,-27.436223],[-49.60051,-27.436182],[-49.600519,-27.436142],[-49.600522,-27.436135],[-49.600534,-27.436106],[-49.600567,-27.436023],[-49.600596,-27.435953],[-49.600631,-27.435892],[-49.600669,-27.435826],[-49.600674,-27.435797],[-49.600676,-27.435791],[-49.600702,-27.435724],[-49.600729,-27.435683],[-49.600731,-27.43568],[-49.600745,-27.435627],[-49.600825,-27.435549],[-49.600847,-27.435515],[-49.600863,-27.435461],[-49.600898,-27.435443],[-49.600916,-27.435396],[-49.600961,-27.435373],[-49.600973,-27.435361],[-49.600994,-27.435341],[-49.601028,-27.43524],[-49.601043,-27.435195],[-49.601058,-27.435166],[-49.600147,-27.435157],[-49.600142,-27.435186],[-49.600136,-27.435231],[-49.600108,-27.435332],[-49.600103,-27.435352],[-49.600099,-27.435364],[-49.60009,-27.435388],[-49.600073,-27.435435],[-49.600067,-27.435453],[-49.600047,-27.435507],[-49.600035,-27.435541],[-49.600006,-27.43562],[-49.599987,-27.435673],[-49.599986,-27.435676],[-49.599964,-27.435716],[-49.599927,-27.435784],[-49.599924,-27.435789],[-49.599902,-27.435819],[-49.599854,-27.435884],[-49.599829,-27.435945],[-49.5998,-27.436016],[-49.599754,-27.436099],[-49.59976,-27.436127],[-49.599759,-27.436134],[-49.599753,-27.436175],[-49.599746,-27.436215],[-49.599727,-27.436269],[-49.599717,-27.436295],[-49.599705,-27.436374],[-49.59969,-27.436474],[-49.599682,-27.436523],[-49.59968,-27.436536],[-49.599677,-27.436557],[-49.599676,-27.436565],[-49.599675,-27.436568],[-49.599672,-27.43659],[-49.599661,-27.436661],[-49.599661,-27.436662],[-49.599653,-27.436742],[-49.599655,-27.436767],[-49.599655,-27.43677],[-49.599656,-27.43678],[-49.599657,-27.436787],[-49.59966,-27.436833],[-49.599662,-27.436858],[-49.599663,-27.436867],[-49.599659,-27.436891],[-49.599654,-27.436918],[-49.59965,-27.436943],[-49.599633,-27.436973],[-49.599613,-27.437006],[-49.599593,-27.43704],[-49.599583,-27.437056],[-49.599579,-27.43706],[-49.599559,-27.437078],[-49.599546,-27.43711],[-49.599542,-27.437118],[-49.599538,-27.437157],[-49.599535,-27.437182],[-49.599534,-27.437194],[-49.599529,-27.437236],[-49.599522,-27.437296],[-49.599521,-27.437313],[-49.599519,-27.437326],[-49.599516,-27.437355],[-49.599506,-27.437443],[-49.599506,-27.437445],[-49.599504,-27.437475],[-49.599504,-27.437491],[-49.599503,-27.43752],[-49.5995,-27.437586],[-49.599502,-27.437601],[-49.599508,-27.437651],[-49.59951,-27.437663],[-49.599531,-27.437706],[-49.599548,-27.437723],[-49.599571,-27.437744],[-49.599598,-27.437798],[-49.599609,-27.437852],[-49.599608,-27.437855],[-49.599584,-27.437928],[-49.599544,-27.437969],[-49.599548,-27.437996],[-49.599536,-27.438042],[-49.599516,-27.438122],[-49.599515,-27.43813],[-49.599513,-27.438196],[-49.599512,-27.438241],[-49.599512,-27.438244],[-49.599503,-27.438278],[-49.599504,-27.43828],[-49.599513,-27.438297],[-49.599514,-27.438312],[-49.599517,-27.438359],[-49.599519,-27.43838],[-49.601248,-27.438397],[-49.601219,-27.438376],[-49.601062,-27.438328],[-49.601046,-27.438312],[-49.601029,-27.438295],[-49.601028,-27.438293],[-49.60102,-27.438259],[-49.601019,-27.438256],[-49.60103,-27.438211],[-49.6011,-27.438146],[-49.601105,-27.438138],[-49.601165,-27.438058],[-49.601193,-27.438012],[-49.60121,-27.437985],[-49.601236,-27.437944],[-49.601281,-27.437872],[-49.601282,-27.437869],[-49.601305,-27.437815],[-49.601328,-27.437762],[-49.601337,-27.437741],[-49.601342,-27.437725],[-49.601354,-27.437681],[-49.601358,-27.43767],[-49.601357,-27.437619],[-49.601355,-27.437604],[-49.601349,-27.437538],[-49.60134,-27.437509],[-49.601325,-27.437493],[-49.601321,-27.437463],[-49.601321,-27.437462],[-49.601372,-27.437374],[-49.60138,-27.437345],[-49.601406,-27.437332],[-49.601399,-27.437315],[-49.601413,-27.437255],[-49.601407,-27.437213],[-49.601402,-27.4372],[-49.601364,-27.437175],[-49.601339,-27.437136],[-49.601334,-27.437128],[-49.60134,-27.437096],[-49.601343,-27.437078],[-49.60134,-27.437074],[-49.60133,-27.437057],[-49.601349,-27.437024],[-49.601329,-27.43699],[-49.601327,-27.43696],[-49.601325,-27.436935],[-49.601331,-27.436908],[-49.601317,-27.436884],[-49.601311,-27.436874],[-49.601306,-27.436866],[-49.601295,-27.436856],[-49.601188,-27.436855],[-49.60118,-27.436864],[-49.60117326168662,-27.436872663545774]]],[[[-49.601194,-27.436848],[-49.601188,-27.436855],[-49.601213,-27.436855],[-49.601194,-27.436848]]],[[[-49.601295,-27.436856],[-49.601285,-27.436846],[-49.601236,-27.436839],[-49.601227,-27.436846],[-49.601213,-27.436855],[-49.601295,-27.436856]]],[[[-49.601168,-27.435064],[-49.601245,-27.43506],[-49.601133,-27.435059],[-49.601168,-27.435064]]],[[[-49.600399,-27.434099],[-49.602378,-27.434119],[-49.602387,-27.434106],[-49.602402,-27.434105],[-49.602467,-27.434057],[-49.60042,-27.434037],[-49.600404,-27.434085],[-49.600404,-27.434087],[-49.600399,-27.434099]]],[[[-49.601708,-27.425108],[-49.601718,-27.425094],[-49.601788,-27.424998],[-49.601813,-27.424962],[-49.60186,-27.424868],[-49.601862,-27.424864],[-49.601885,-27.42484],[-49.601894,-27.42483],[-49.601945,-27.424823],[-49.601099,-27.424814],[-49.601101,-27.424823],[-49.601104,-27.424832],[-49.601121,-27.424857],[-49.601123,-27.42486],[-49.601127,-27.424955],[-49.601129,-27.424991],[-49.601065,-27.425087],[-49.60101,-27.425101],[-49.600963,-27.425139],[-49.60094,-27.425149],[-49.600864,-27.42515],[-49.600795,-27.42518],[-49.600767,-27.425203],[-49.600734,-27.425254],[-49.600703,-27.425275],[-49.600648,-27.425311],[-49.600648,-27.425312],[-49.600591,-27.425361],[-49.600564,-27.425402],[-49.600544,-27.425433],[-49.600534,-27.425531],[-49.600532,-27.425548],[-49.600529,-27.425579],[-49.600526,-27.425583],[-49.600499,-27.425624],[-49.600456,-27.425649],[-49.600443,-27.425657],[-49.601447,-27.425667],[-49.601454,-27.425659],[-49.601475,-27.425634],[-49.601511,-27.425593],[-49.601516,-27.425589],[-49.601553,-27.425558],[-49.601562,-27.425541],[-49.601572,-27.425443],[-49.601575,-27.425412],[-49.601574,-27.42537],[-49.601573,-27.425321],[-49.60158,-27.425283],[-49.601595,-27.425263],[-49.601632,-27.425211],[-49.601649,-27.425188],[-49.601671,-27.425158],[-49.601673,-27.425156],[-49.60168,-27.425146],[-49.601708,-27.425108]]],[[[-49.602603,-27.422511],[-49.602604,-27.42251],[-49.60263,-27.422454],[-49.602635,-27.422442],[-49.602645,-27.422407],[-49.602675,-27.422299],[-49.602673,-27.422258],[-49.602673,-27.422244],[-49.602672,-27.422231],[-49.602672,-27.422217],[-49.602671,-27.422196],[-49.602654,-27.422122],[-49.602648,-27.422095],[-49.602649,-27.422054],[-49.60265,-27.422005],[-49.60265,-27.421994],[-49.602651,-27.42194],[-49.602652,-27.421914],[-49.602659,-27.42187],[-49.602674,-27.421769],[-49.602679,-27.421703],[-49.602681,-27.421676],[-49.602682,-27.421662],[-49.602687,-27.421588],[-49.602692,-27.421527],[-49.602694,-27.4215],[-49.602698,-27.421446],[-49.602699,-27.421431],[-49.6027,-27.42141],[-49.599779,-27.421381],[-49.599776,-27.421381],[-49.599779177632875,-27.421381031515512],[-49.599903,-27.421403],[-49.599946,-27.421418],[-49.599927,-27.421472],[-49.599947,-27.4215],[-49.599949,-27.42156],[-49.59993,-27.421635],[-49.599933,-27.421648],[-49.599919,-27.421675],[-49.599903,-27.421741],[-49.599877,-27.421842],[-49.599876,-27.421886],[-49.599875,-27.421912],[-49.599863,-27.421966],[-49.59987,-27.421977],[-49.599859,-27.422026],[-49.599887,-27.422068],[-49.599906,-27.422095],[-49.5999,-27.422169],[-49.599899,-27.42219],[-49.599908,-27.422203],[-49.599903,-27.422217],[-49.599916,-27.422231],[-49.599895,-27.422271],[-49.59988,-27.422379],[-49.599858,-27.422414],[-49.599851,-27.422426],[-49.599803,-27.422482],[-49.59980267563789,-27.42248232436211],[-49.59978942434415,-27.422482188667367],[-49.599771,-27.422481],[-49.599771,-27.422482],[-49.599743,-27.422535],[-49.599728,-27.422537],[-49.599722,-27.42255],[-49.599722,-27.422550763157897],[-49.5997075625002,-27.422550620065792],[-49.599646,-27.422549],[-49.599645,-27.42255],[-49.599622,-27.422602],[-49.599602,-27.422608],[-49.599592,-27.422625],[-49.599542,-27.422719],[-49.599534,-27.422755],[-49.602501,-27.422785],[-49.60251,-27.422749],[-49.602535,-27.422655],[-49.602543,-27.422637],[-49.602546,-27.422632],[-49.602571,-27.422579],[-49.602571,-27.422578],[-49.602577,-27.422566],[-49.602578,-27.422563],[-49.602603,-27.422511]],[[-49.60093180100158,-27.42249388673342],[-49.60093180100016,-27.422493886733406],[-49.602604,-27.42251],[-49.60093180100158,-27.42249388673342]]],[[[-49.600147,-27.435157],[-49.601083,-27.435166],[-49.601097,-27.435123],[-49.601102,-27.435116],[-49.601133,-27.435059],[-49.600171,-27.43505],[-49.600155,-27.435106],[-49.600153,-27.435114],[-49.600147,-27.435157]]],[[[-49.601319,-27.435057],[-49.600172,-27.435045],[-49.600171,-27.43505],[-49.601245,-27.43506],[-49.601319,-27.435057]]],[[[-49.601223,-27.425926],[-49.601311,-27.425825],[-49.601365,-27.425762],[-49.601386,-27.425737],[-49.601393,-27.425729],[-49.601423,-27.425695],[-49.601445,-27.425669],[-49.601447,-27.425667],[-49.60034,-27.425656],[-49.60033,-27.425658],[-49.600278,-27.425684],[-49.600236,-27.425717],[-49.600205,-27.425725],[-49.600179,-27.42575],[-49.600136,-27.425813],[-49.600031,-27.425914],[-49.600031,-27.425915],[-49.599974,-27.425941],[-49.599921,-27.425977],[-49.599808,-27.42603],[-49.599768,-27.426057],[-49.599731,-27.426095],[-49.599704,-27.426136],[-49.599682,-27.42617],[-49.599637,-27.426205],[-49.59962,-27.426222],[-49.599575,-27.426268],[-49.599545,-27.426283],[-49.599516,-27.426315],[-49.599484,-27.426352],[-49.599473,-27.426356],[-49.599395,-27.426382],[-49.599392,-27.426383],[-49.599354,-27.426411],[-49.599323,-27.426435],[-49.599284,-27.426464],[-49.599239,-27.42649],[-49.599238,-27.426491],[-49.599219,-27.426535],[-49.599216,-27.426542],[-49.599194,-27.426569],[-49.599188,-27.426593],[-49.599181,-27.426623],[-49.599146,-27.426658],[-49.599116,-27.426675],[-49.599069,-27.426678],[-49.599033,-27.42669],[-49.599027,-27.426691],[-49.598954,-27.426737],[-49.598904,-27.426768],[-49.598838,-27.426823],[-49.598807,-27.426848],[-49.598795,-27.426858],[-49.598751,-27.426909],[-49.598729,-27.426933],[-49.598695,-27.426984],[-49.598662,-27.427033],[-49.598654,-27.427044],[-49.598638,-27.427053],[-49.598559,-27.427098],[-49.598535,-27.427112],[-49.598512,-27.427134],[-49.598472,-27.427173],[-49.598466,-27.427177],[-49.598463,-27.427179],[-49.599939,-27.427193],[-49.599955,-27.427192],[-49.599958,-27.427188],[-49.599988,-27.427149],[-49.599988,-27.427127],[-49.599988,-27.427113],[-49.600035,-27.427067],[-49.600039,-27.427058],[-49.600043,-27.427047],[-49.600101,-27.426998],[-49.600211,-27.426948],[-49.600265,-27.426924],[-49.600341,-27.426874],[-49.600357,-27.426864],[-49.600421,-27.426839],[-49.600498,-27.426784],[-49.600541,-27.426753],[-49.600562,-27.426707],[-49.600563,-27.426705],[-49.600578,-27.426693],[-49.600582,-27.42669],[-49.600602,-27.426672],[-49.600643,-27.426638],[-49.600679,-27.426608],[-49.60069,-27.426584],[-49.600704,-27.426557],[-49.600707,-27.42655],[-49.600757,-27.426506],[-49.600758,-27.426505],[-49.600778,-27.426479],[-49.6008,-27.42645],[-49.600834,-27.426426],[-49.600854,-27.426398],[-49.600855,-27.426396],[-49.60086,-27.426369],[-49.600863,-27.426366],[-49.600891,-27.426329],[-49.600928,-27.426297],[-49.600945,-27.426282],[-49.600999,-27.426235],[-49.601009,-27.426219],[-49.60103,-27.426184],[-49.601051,-27.42615],[-49.601083,-27.426108],[-49.601111,-27.426071],[-49.601133,-27.426043],[-49.601174,-27.42599],[-49.601202,-27.425954],[-49.601223,-27.425927],[-49.601223,-27.425926]]],[[[-49.600443,-27.425657],[-49.600397,-27.425648],[-49.60039,-27.425647],[-49.600374,-27.425648],[-49.60034,-27.425656],[-49.600443,-27.425657]]],[[[-49.600551,-27.42323],[-49.600551,-27.423229],[-49.599933,-27.423223],[-49.599933,-27.423224],[-49.599935,-27.423232],[-49.60001,-27.42326],[-49.600178,-27.423322],[-49.600203,-27.423329],[-49.60024,-27.423341],[-49.600429,-27.4234],[-49.600443,-27.423404],[-49.600445,-27.4234],[-49.600478,-27.423343],[-49.600493,-27.423332],[-49.600496,-27.423325],[-49.600524,-27.423265],[-49.600545,-27.423238],[-49.600551,-27.42323]]],[[[-49.599523,-27.422896],[-49.599529,-27.422916],[-49.599524,-27.422943],[-49.599537,-27.422958],[-49.599532,-27.422987],[-49.599528,-27.423012],[-49.599544,-27.423023],[-49.599584,-27.423079],[-49.59963,-27.423109],[-49.599721,-27.423132],[-49.599753,-27.423178],[-49.599755,-27.423182],[-49.599816,-27.423191],[-49.59984,-27.423208],[-49.599855,-27.42321],[-49.599857,-27.42322],[-49.599857,-27.423222],[-49.600551,-27.423229],[-49.600553,-27.423227],[-49.600565,-27.423217],[-49.600567,-27.423215],[-49.600586,-27.423198],[-49.600596,-27.42319],[-49.6006,-27.423187],[-49.60063,-27.423141],[-49.600645,-27.423119],[-49.600664,-27.42309],[-49.600701,-27.423035],[-49.600709,-27.423024],[-49.600725,-27.422999],[-49.600749,-27.42297],[-49.600761,-27.422955],[-49.600783,-27.422928],[-49.600799,-27.422908],[-49.600853,-27.422842],[-49.600869,-27.422822],[-49.601018,-27.422796],[-49.601088,-27.422784],[-49.601211,-27.422772],[-49.599534,-27.422755],[-49.599531,-27.422768],[-49.599528,-27.422781],[-49.599534,-27.422809],[-49.599538,-27.422829],[-49.599523,-27.422896]]],[[[-49.599546,-27.421402],[-49.599618,-27.421413],[-49.599634,-27.421415],[-49.599652,-27.421418],[-49.59967,-27.421415],[-49.599687,-27.421413],[-49.599714,-27.421404],[-49.599753,-27.421389],[-49.599775,-27.421381],[-49.59932855192872,-27.421376126112758],[-49.6027,-27.42141],[-49.602701,-27.421399],[-49.599292,-27.421365],[-49.599316,-27.421376],[-49.599317019345335,-27.421376010241648],[-49.599334,-27.421385],[-49.599546,-27.421402]]],[[[-49.598952,-27.421127],[-49.598921,-27.421146],[-49.598937,-27.421191],[-49.598938,-27.421193],[-49.598985,-27.421279],[-49.599063,-27.421362],[-49.602701,-27.421399],[-49.602707,-27.421317],[-49.602713,-27.421231],[-49.602714,-27.421229],[-49.602711,-27.421184],[-49.60271,-27.421164],[-49.602706,-27.421115],[-49.602706,-27.421109],[-49.599123,-27.421073],[-49.599119,-27.421079],[-49.598952,-27.421127]]],[[[-49.602689,-27.420937],[-49.602685,-27.420908],[-49.602683,-27.420898],[-49.602682,-27.420868],[-49.602682,-27.420861],[-49.602682,-27.420846],[-49.602681,-27.420837],[-49.59944,-27.420805],[-49.599418,-27.420813],[-49.599409,-27.420828],[-49.599394,-27.420835],[-49.599382,-27.420865],[-49.599378,-27.420875],[-49.599317,-27.420903],[-49.599291,-27.420941],[-49.599259,-27.420956],[-49.599254,-27.420965],[-49.599243,-27.420983],[-49.599203,-27.420991],[-49.599182,-27.421032],[-49.599167829478965,-27.421046170521038],[-49.599151,-27.421046],[-49.599139,-27.421072],[-49.599139,-27.421073],[-49.602706,-27.421109],[-49.602706,-27.421108],[-49.602704,-27.421082],[-49.602703,-27.421067],[-49.602701,-27.421027],[-49.6027,-27.421018],[-49.602699,-27.420999],[-49.602698,-27.42099],[-49.602695,-27.420975],[-49.602689,-27.420937]]],[[[-49.60073,-27.416542],[-49.60072,-27.416539],[-49.600714,-27.416542],[-49.600684,-27.416556],[-49.600654,-27.416557],[-49.600652,-27.416558],[-49.600551,-27.416584],[-49.60052,-27.416596],[-49.600506,-27.416601],[-49.601032,-27.416606],[-49.600896,-27.4166],[-49.600865,-27.416587],[-49.600799,-27.416559],[-49.60079695833333,-27.41655898611111],[-49.600791,-27.416557],[-49.60073,-27.416542]]],[[[-49.599212,-27.441686],[-49.599203,-27.441724],[-49.599176,-27.441781],[-49.59914,-27.441826],[-49.599081,-27.44187],[-49.599075,-27.441889],[-49.599072,-27.4419],[-49.59907,-27.441966],[-49.599008,-27.44203],[-49.598959,-27.442067],[-49.598938,-27.442074],[-49.598909,-27.442083],[-49.599756,-27.442092],[-49.599761,-27.442082],[-49.599765,-27.442075],[-49.599785,-27.442038],[-49.599818,-27.441973],[-49.599853,-27.441908],[-49.599858,-27.441897],[-49.599865,-27.441878],[-49.59988,-27.441833],[-49.599896,-27.441788],[-49.599916,-27.441731],[-49.599929,-27.441693],[-49.599212,-27.441686]]],[[[-49.599993,-27.441468],[-49.599275,-27.441461],[-49.599261,-27.441468],[-49.599265,-27.441497],[-49.59928,-27.441519],[-49.59927,-27.441599],[-49.599213,-27.441686],[-49.599929,-27.441693],[-49.599954,-27.441606],[-49.599976,-27.441526],[-49.599982,-27.441504],[-49.599991,-27.441475],[-49.599993,-27.441468]]],[[[-49.600308,-27.440716],[-49.600324,-27.440616],[-49.600337,-27.440577],[-49.600354,-27.440527],[-49.600388,-27.440365],[-49.6004,-27.440311],[-49.600429,-27.440205],[-49.600445,-27.440149],[-49.600457,-27.440071],[-49.600473,-27.439959],[-49.600471,-27.439867],[-49.60047,-27.439824],[-49.600469,-27.439743],[-49.600455,-27.439621],[-49.600452,-27.439603],[-49.600443,-27.439557],[-49.600421,-27.439442],[-49.600395,-27.43939],[-49.600391,-27.439382],[-49.600389,-27.439309],[-49.600388,-27.439268],[-49.600384,-27.43916],[-49.600381,-27.439058],[-49.600376,-27.438905],[-49.600378,-27.438877],[-49.600383,-27.438821],[-49.600378,-27.438793],[-49.600369,-27.43874],[-49.600351,-27.438631],[-49.600352,-27.438625],[-49.600375,-27.438496],[-49.600378,-27.438483],[-49.600395,-27.438449],[-49.600419,-27.438425],[-49.600419,-27.438399],[-49.600426,-27.438394],[-49.600469,-27.43839],[-49.599519,-27.43838],[-49.59952,-27.438385],[-49.59952,-27.43839],[-49.599522,-27.438416],[-49.599524,-27.43844],[-49.599527,-27.438474],[-49.599528,-27.438488],[-49.599514,-27.438617],[-49.599518,-27.438623],[-49.599578,-27.438732],[-49.599598,-27.438785],[-49.599604,-27.438813],[-49.599614,-27.43887],[-49.599616,-27.438898],[-49.599625,-27.43905],[-49.599621,-27.439152],[-49.599639,-27.439261],[-49.599637,-27.439301],[-49.599653,-27.439375],[-49.599655,-27.439383],[-49.599673,-27.439435],[-49.599713,-27.439549],[-49.599702,-27.439595],[-49.5997,-27.439613],[-49.599688,-27.439735],[-49.59968,-27.439816],[-49.599667,-27.439859],[-49.599661,-27.439951],[-49.599653,-27.440063],[-49.599639,-27.440141],[-49.599629,-27.440197],[-49.599598,-27.440303],[-49.599582,-27.440357],[-49.599543,-27.440519],[-49.599531,-27.440569],[-49.59953,-27.440608],[-49.599526,-27.440708],[-49.599525,-27.440731],[-49.599494,-27.440948],[-49.599474,-27.440992],[-49.599458,-27.4411],[-49.599444,-27.441135],[-49.599418,-27.441194],[-49.599401,-27.441296],[-49.599364,-27.44137],[-49.599346,-27.44144],[-49.599325,-27.441458],[-49.599322,-27.44146],[-49.599321,-27.441461],[-49.599993,-27.441468],[-49.599993,-27.441467],[-49.599994,-27.441464],[-49.600002,-27.441446],[-49.600037,-27.441377],[-49.600074,-27.441303],[-49.600124,-27.441202],[-49.600154,-27.441142],[-49.600166,-27.441107],[-49.600205,-27.440999],[-49.600221,-27.440956],[-49.600299,-27.440739],[-49.600308,-27.440716]]],[[[-49.599698,-27.433066],[-49.599708,-27.433058],[-49.599399,-27.433055],[-49.599434,-27.433063],[-49.599462,-27.433079],[-49.599474,-27.433086],[-49.59961,-27.433101],[-49.599654,-27.433088],[-49.599676,-27.433081],[-49.599698,-27.433066]]],[[[-49.599768,-27.427226],[-49.599772,-27.427226],[-49.599784,-27.427219],[-49.599745,-27.427219],[-49.599768,-27.427226]]],[[[-49.599832,-27.427192],[-49.599893,-27.427198],[-49.599939,-27.427193],[-49.599832,-27.427192]]],[[[-49.599857,-27.423223],[-49.599933,-27.423223],[-49.599857,-27.423222],[-49.599857,-27.423223]]],[[[-49.599663,-27.420807],[-49.599573,-27.420802],[-49.59957,-27.4208],[-49.599455,-27.420799],[-49.59945,-27.420801],[-49.59944,-27.420805],[-49.599663,-27.420807]]],[[[-49.59957,-27.4208],[-49.599564,-27.420797],[-49.599549,-27.420788],[-49.599548,-27.420788],[-49.599523,-27.420784],[-49.599503,-27.420787],[-49.599501,-27.420788],[-49.59949,-27.420796],[-49.599486,-27.420799],[-49.59957,-27.4208]]],[[[-49.599675,-27.416531],[-49.599621,-27.416571],[-49.59961,-27.416579],[-49.599607,-27.416582],[-49.599584,-27.416598],[-49.599576,-27.416604],[-49.600475,-27.416613],[-49.600387,-27.416606],[-49.600341,-27.416589],[-49.600335,-27.416587],[-49.60032,-27.416581],[-49.600309,-27.416572],[-49.600288,-27.416553],[-49.600127,-27.416552],[-49.600069,-27.41657],[-49.600056,-27.416578],[-49.600047,-27.416584],[-49.60000557430169,-27.416585801117318],[-49.599999815589356,-27.41658574619772],[-49.599987,-27.416583],[-49.599934,-27.416575],[-49.59988,-27.416533],[-49.599874,-27.416529],[-49.599795,-27.416499],[-49.599738,-27.416498],[-49.599683,-27.416527],[-49.599675,-27.416531]]],[[[-49.600213,-27.416532],[-49.600179,-27.416547],[-49.60017,-27.416551],[-49.600168,-27.416552],[-49.600288,-27.416553],[-49.600287,-27.416552],[-49.600283,-27.416548],[-49.600216,-27.416532],[-49.600213,-27.416532]]],[[[-49.600127,-27.416552],[-49.600168,-27.416552],[-49.60013,-27.416551],[-49.600127,-27.416552]]],[[[-49.599789,-27.416497],[-49.599774,-27.416492],[-49.599749,-27.416496],[-49.599739,-27.416498],[-49.599795,-27.416499],[-49.599789,-27.416497]]],[[[-49.599949,-27.394186],[-49.600029,-27.394165],[-49.597945,-27.394144],[-49.597945,-27.394166],[-49.597943,-27.394249],[-49.597943,-27.394268],[-49.597942,-27.394308],[-49.597942,-27.394311],[-49.597942,-27.394325],[-49.597941,-27.394344],[-49.597941,-27.394367],[-49.59794,-27.394397],[-49.597939,-27.394462],[-49.597938,-27.394492],[-49.597937,-27.394537],[-49.597936,-27.394622],[-49.597935,-27.394674],[-49.597934,-27.39472],[-49.597934,-27.394734],[-49.597955,-27.394742],[-49.597967,-27.394753],[-49.597986,-27.394771],[-49.598003,-27.394788],[-49.598016,-27.394794],[-49.598679,-27.3948],[-49.598693,-27.394794],[-49.598728,-27.394779],[-49.59882,-27.394762],[-49.598849,-27.394751],[-49.598871,-27.394744],[-49.598911,-27.39473],[-49.599018,-27.394685],[-49.599108,-27.394634],[-49.599179,-27.39455],[-49.599234,-27.394505],[-49.599257,-27.394475],[-49.59935,-27.394411],[-49.5994148528728,-27.394382504040742],[-49.59942331427854,-27.394382593049613],[-49.599453,-27.394385],[-49.599462,-27.394383],[-49.599565,-27.39436],[-49.599613082928514,-27.39434233688341],[-49.59962274181814,-27.39434243709091],[-49.599674,-27.394345],[-49.599677,-27.394343],[-49.599693,-27.394329],[-49.599721,-27.394326],[-49.599748,-27.394286],[-49.599771,-27.394267],[-49.599949,-27.394186]],[[-49.59958406095186,-27.394342035790853],[-49.599584060951976,-27.394342035790853],[-49.597941,-27.394344],[-49.59958406095186,-27.394342035790853]]],[[[-49.600029,-27.394165],[-49.600056,-27.394172],[-49.600086,-27.394165],[-49.600029,-27.394165]]],[[[-49.599106,-27.391794],[-49.599011,-27.391772],[-49.598737,-27.39171],[-49.598684,-27.391704],[-49.598657,-27.391709],[-49.598354,-27.391766],[-49.598302,-27.391786],[-49.598236,-27.391812],[-49.598149,-27.391855],[-49.598071,-27.3919],[-49.597969,-27.39196],[-49.597968,-27.392223],[-49.597968,-27.392248],[-49.601094,-27.392279],[-49.600972,-27.392253],[-49.59969,-27.391977],[-49.599396,-27.391913],[-49.59928,-27.391866],[-49.599172,-27.391821],[-49.599106,-27.391794]]],[[[-49.598496,-27.442769],[-49.598563,-27.442755],[-49.598622,-27.44274],[-49.598669,-27.442727],[-49.59874,-27.442698],[-49.598929,-27.442622],[-49.599111,-27.442539],[-49.599322,-27.442382],[-49.599344,-27.442366],[-49.599345,-27.442365],[-49.594779,-27.442319],[-49.594788,-27.44232],[-49.594941,-27.442338],[-49.595689,-27.442505],[-49.596086,-27.442593],[-49.596454,-27.442675],[-49.596644,-27.442707],[-49.596727,-27.442721],[-49.596806,-27.442738],[-49.596878,-27.442753],[-49.596984,-27.442763],[-49.597041,-27.442772],[-49.597046,-27.442773],[-49.597056,-27.442775],[-49.597091,-27.44278],[-49.598167,-27.442791],[-49.598214,-27.442786],[-49.59822726666669,-27.442785115555555],[-49.59823032203389,-27.442785146892653],[-49.598247,-27.442787],[-49.598325,-27.442794],[-49.598345,-27.442795],[-49.598398,-27.442788],[-49.598411,-27.442787],[-49.598417,-27.442786],[-49.598456,-27.442778],[-49.598496,-27.442769]]],[[[-49.597488,-27.442127],[-49.597432,-27.442097],[-49.597385,-27.442071],[-49.597312,-27.442057],[-49.596652,-27.442029],[-49.596502,-27.442014],[-49.592444,-27.441973],[-49.592429,-27.441987],[-49.592406,-27.442008],[-49.592392,-27.442021],[-49.592365,-27.442046],[-49.592319,-27.442075],[-49.592288,-27.442095],[-49.592278,-27.4421],[-49.592244,-27.442117],[-49.592195,-27.442141],[-49.59208,-27.442218],[-49.591982,-27.442283],[-49.599355,-27.442358],[-49.599443,-27.442292],[-49.599607,-27.442216],[-49.599659,-27.442192],[-49.599682,-27.442174],[-49.599689,-27.442169],[-49.599696,-27.442164],[-49.599716,-27.442149],[-49.597665,-27.442129],[-49.59763,-27.442144],[-49.597602,-27.442148],[-49.59757250152905,-27.442152916411825],[-49.59757168816061,-27.442152908282534],[-49.597555,-27.442148],[-49.597488,-27.442127]]],[[[-49.598146,-27.442133],[-49.599716,-27.442149],[-49.599721,-27.442145],[-49.599723,-27.442143],[-49.599732,-27.442131],[-49.599742,-27.442118],[-49.599756,-27.442092],[-49.5987,-27.442081],[-49.598582,-27.442107],[-49.598525,-27.442119],[-49.598419,-27.44213],[-49.598328,-27.442131],[-49.598146,-27.442133]]],[[[-49.5987,-27.442081],[-49.598909,-27.442083],[-49.598796,-27.442072],[-49.598757,-27.442069],[-49.598742,-27.442072],[-49.5987,-27.442081]]],[[[-49.599321,-27.441461],[-49.599277,-27.44146],[-49.599275,-27.441461],[-49.599321,-27.441461]]],[[[-49.598418,-27.433368],[-49.598442,-27.433362],[-49.598457,-27.433358],[-49.598302,-27.433357],[-49.598344,-27.433361],[-49.598414,-27.433368],[-49.598418,-27.433368]]],[[[-49.598535,-27.433352],[-49.598493,-27.433352],[-49.59853,-27.433354],[-49.598534,-27.433353],[-49.598535,-27.433352]]],[[[-49.598921,-27.433218],[-49.598924,-27.433214],[-49.59886,-27.433214],[-49.598921,-27.433218]]],[[[-49.599217,-27.433135],[-49.59923,-27.433109],[-49.599249,-27.433072],[-49.59925,-27.433071],[-49.599286,-27.433058],[-49.599399,-27.433055],[-49.596426,-27.433025],[-49.596432,-27.433029],[-49.596451,-27.433043],[-49.596453,-27.433044],[-49.59648,-27.433082],[-49.596489,-27.433108],[-49.596492,-27.433118],[-49.596489,-27.433141],[-49.596485,-27.433174],[-49.596485,-27.433177],[-49.596485,-27.433178],[-49.596481,-27.43319],[-49.598924,-27.433214],[-49.598935,-27.433202],[-49.598939,-27.433201],[-49.59894760034667,-27.43319865445091],[-49.599000534617836,-27.433199184405105],[-49.599078,-27.433201],[-49.599082,-27.4332],[-49.599185,-27.433168],[-49.599207,-27.433145],[-49.599217,-27.433135]]],[[[-49.601703,-27.432796],[-49.6017,-27.432783],[-49.601681,-27.432766],[-49.601686,-27.432758],[-49.601674,-27.432745],[-49.601674,-27.432744],[-49.601676,-27.432732],[-49.601664,-27.432714],[-49.601654,-27.432663],[-49.601638,-27.432636],[-49.60163,-27.432633],[-49.601601,-27.432618],[-49.601574,-27.432592],[-49.601517,-27.432584],[-49.601453,-27.432574],[-49.601255,-27.43251],[-49.601223,-27.4325],[-49.601167,-27.432487],[-49.60113,-27.432479],[-49.601067,-27.432464],[-49.601015,-27.432453],[-49.600828,-27.432386],[-49.600732,-27.432352],[-49.600591,-27.432322],[-49.600519,-27.432298],[-49.600432,-27.432284],[-49.600377,-27.432261],[-49.600311,-27.432234],[-49.600054,-27.432147],[-49.600047,-27.432143],[-49.599915,-27.432066],[-49.599786,-27.43205],[-49.599598,-27.431951],[-49.599506,-27.431911],[-49.59943,-27.431878],[-49.599397,-27.431867],[-49.599283,-27.431831],[-49.599252,-27.431824],[-49.599035,-27.431772],[-49.598993,-27.431759],[-49.598905,-27.431732],[-49.598859,-27.431718],[-49.598535,-27.43162],[-49.598478,-27.431602],[-49.598403,-27.43158],[-49.598286,-27.431544],[-49.598276,-27.431541],[-49.598165,-27.431518],[-49.598143,-27.431513],[-49.598117,-27.431508],[-49.595828,-27.431485],[-49.595857,-27.43149],[-49.595883,-27.431495],[-49.595936,-27.431518],[-49.595943,-27.431521],[-49.595974,-27.431555],[-49.595974,-27.431577],[-49.595964,-27.431594],[-49.59596,-27.431689],[-49.595953,-27.431702],[-49.595967,-27.431728],[-49.595961,-27.431741],[-49.595941,-27.43179],[-49.595934,-27.431797],[-49.595898,-27.431832],[-49.595894,-27.431842],[-49.595882,-27.431875],[-49.595886,-27.431914],[-49.595898,-27.432011],[-49.595899,-27.432026],[-49.595908,-27.432101],[-49.595908,-27.432105],[-49.595899,-27.43219],[-49.595896,-27.432216],[-49.595902,-27.432238],[-49.595905,-27.432251],[-49.595911,-27.432275],[-49.595918,-27.432304],[-49.595926,-27.432337],[-49.595983,-27.432402],[-49.595993,-27.432413],[-49.595995,-27.432427],[-49.596013,-27.432435],[-49.596021,-27.432447],[-49.596027,-27.432457],[-49.596053,-27.43252],[-49.596056,-27.432529],[-49.596057,-27.432537],[-49.59606,-27.432562],[-49.596062,-27.432577],[-49.596063,-27.43258],[-49.596076,-27.432607],[-49.596101,-27.432658],[-49.596109,-27.432676],[-49.596115,-27.432688],[-49.596116,-27.432689],[-49.59612,-27.432702],[-49.596122,-27.43271],[-49.596127,-27.432727],[-49.596131,-27.43274],[-49.596134,-27.432761],[-49.59614,-27.432821],[-49.596139,-27.432827],[-49.596129,-27.432862],[-49.596119,-27.4329],[-49.596129,-27.432902],[-49.596252,-27.432921],[-49.596253021812075,-27.432921010332038],[-49.596272,-27.43293],[-49.596315,-27.432951],[-49.596332,-27.432959],[-49.596404,-27.433009],[-49.596421,-27.433022],[-49.596426,-27.433025],[-49.599708,-27.433058],[-49.599713,-27.433055],[-49.599743,-27.433043],[-49.599909,-27.432995],[-49.599934,-27.432987],[-49.600022,-27.432968],[-49.600107,-27.43296],[-49.600109,-27.43296],[-49.596337850855164,-27.432921858190703],[-49.601654,-27.432975],[-49.60164,-27.432957],[-49.601642,-27.432956],[-49.60168,-27.432918],[-49.601682,-27.432883],[-49.601684,-27.432877],[-49.601709,-27.432817],[-49.601703,-27.432796]],[[-49.59753766666362,-27.43293399999997],[-49.597537666818134,-27.432934000001534],[-49.600107,-27.43296],[-49.59753766666362,-27.43293399999997]]],[[[-49.598341,-27.428512],[-49.59842,-27.428521],[-49.598439,-27.428524],[-49.598459,-27.428522],[-49.598541,-27.428514],[-49.59854,-27.428512],[-49.598323,-27.42851],[-49.598341,-27.428512]]],[[[-49.599263,-27.427588],[-49.599395,-27.427502],[-49.599542,-27.427376],[-49.599608,-27.42734],[-49.599638,-27.427314],[-49.599693,-27.427265],[-49.599738,-27.427225],[-49.599745,-27.427219],[-49.59842,-27.427206],[-49.59841,-27.427212],[-49.598374,-27.427252],[-49.598281,-27.4273],[-49.598257,-27.427326],[-49.598222,-27.427363],[-49.598106,-27.427489],[-49.598026,-27.427575],[-49.597936,-27.427672],[-49.597891,-27.427721],[-49.597871,-27.427748],[-49.597828,-27.427806],[-49.59777,-27.427884],[-49.597731,-27.427936],[-49.597729,-27.427938],[-49.597678,-27.427978],[-49.597639,-27.428021],[-49.597561,-27.428107],[-49.597533,-27.428136],[-49.597523,-27.428148],[-49.597515,-27.428152],[-49.597442,-27.428192],[-49.597408,-27.428218],[-49.597393,-27.428257],[-49.597375,-27.428275],[-49.597313,-27.428303],[-49.597305,-27.428307],[-49.597291,-27.428317],[-49.597251,-27.428344],[-49.597222,-27.428363],[-49.597194,-27.428391],[-49.597138,-27.428444],[-49.597114,-27.428467],[-49.597112,-27.42847],[-49.597083,-27.428497],[-49.59854,-27.428512],[-49.598534,-27.428484],[-49.598515,-27.428481],[-49.598477,-27.428458],[-49.598421,-27.428403],[-49.598409,-27.428375],[-49.5984,-27.428355],[-49.598403,-27.428328],[-49.59841,-27.428318],[-49.598412,-27.428314],[-49.598445,-27.428286],[-49.598465,-27.428268],[-49.59851,-27.42823],[-49.59854,-27.428203],[-49.598586,-27.428163],[-49.598598,-27.428158],[-49.598626,-27.428147],[-49.598657,-27.428118],[-49.598783,-27.428032],[-49.59882,-27.427989],[-49.598854,-27.427949],[-49.598856,-27.427947],[-49.598912,-27.427895],[-49.599005,-27.427818],[-49.599092,-27.42776],[-49.599123,-27.427733],[-49.599178,-27.427685],[-49.599263,-27.427588]]],[[[-49.59842,-27.427206],[-49.599784,-27.427219],[-49.599832,-27.427192],[-49.598463,-27.427179],[-49.59842,-27.427206]]],[[[-49.599161,-27.421408],[-49.599183,-27.421404],[-49.599196,-27.421401],[-49.599259,-27.421376],[-49.599074,-27.421374],[-49.599098,-27.4214],[-49.599101,-27.421403],[-49.599109,-27.421412],[-49.599111,-27.421414],[-49.599118,-27.421412],[-49.599145260756195,-27.421403539765322],[-49.5991472254902,-27.42140356372549],[-49.599149,-27.421408],[-49.59915,-27.42141],[-49.599161,-27.421408]]],[[[-49.599265,-27.421382],[-49.599275,-27.421376],[-49.599259,-27.421376],[-49.599265,-27.421382]]],[[[-49.599292,-27.421365],[-49.599063,-27.421362],[-49.599074,-27.421374],[-49.599275,-27.421376],[-49.599292,-27.421365]]],[[[-49.599123,-27.421073],[-49.599139,-27.421073],[-49.599124,-27.421072],[-49.599123,-27.421073]]],[[[-49.599486,-27.420799],[-49.599463,-27.420796],[-49.599455,-27.420799],[-49.599486,-27.420799]]],[[[-49.598756,-27.417271],[-49.598776,-27.417259],[-49.598793,-27.417249],[-49.598841,-27.417236],[-49.5989,-27.417221],[-49.598909,-27.417217],[-49.598985,-27.417184],[-49.598989,-27.417178],[-49.599,-27.41716],[-49.599,-27.417151],[-49.598998,-27.417132],[-49.598963,-27.41711],[-49.59893273359645,-27.417109703996054],[-49.598924,-27.4171],[-49.598908,-27.417082],[-49.598847,-27.417081],[-49.598797,-27.417053],[-49.598645,-27.417051],[-49.598603,-27.417079],[-49.598576,-27.417097],[-49.598555,-27.417106],[-49.598567193548355,-27.41710612903226],[-49.598554,-27.417106],[-49.598506,-27.417127],[-49.598461,-27.417146],[-49.598453,-27.417155],[-49.598435,-27.417173],[-49.598432,-27.417178],[-49.598415,-27.417212],[-49.598414,-27.417216],[-49.598413,-27.417232],[-49.598379,-27.417245],[-49.598352,-27.417255],[-49.598352,-27.417267],[-49.59834,-27.417282],[-49.598322,-27.417289],[-49.59827,-27.417309],[-49.598269,-27.41731],[-49.598216,-27.41732],[-49.598163,-27.417351],[-49.598125,-27.417372],[-49.598121,-27.417374],[-49.598099,-27.417383],[-49.598067,-27.417397],[-49.598064,-27.417398],[-49.598061,-27.4174],[-49.598001,-27.41744],[-49.597948,-27.417476],[-49.597927,-27.41749],[-49.597842,-27.417515],[-49.597841,-27.417516],[-49.597828,-27.417532],[-49.597813,-27.41755],[-49.597749,-27.417595],[-49.597722,-27.417613],[-49.597613,-27.417668],[-49.597552,-27.417693],[-49.597527,-27.417698],[-49.597476,-27.417707],[-49.59745,-27.417724],[-49.597417,-27.417745],[-49.597371,-27.417751],[-49.597366,-27.417753],[-49.597345,-27.417763],[-49.598352,-27.417773],[-49.598351,-27.417763],[-49.598351,-27.417761],[-49.59835,-27.417754],[-49.598348,-27.417733],[-49.598353,-27.417716],[-49.598355,-27.417706],[-49.598356,-27.417701],[-49.598356,-27.417675],[-49.598357,-27.417619],[-49.598357,-27.417601],[-49.598389,-27.417555],[-49.598401,-27.417538],[-49.598434,-27.417522],[-49.598434,-27.417521],[-49.598435,-27.417496],[-49.598435,-27.417481],[-49.598517,-27.417445],[-49.598531,-27.417405],[-49.598545,-27.417403],[-49.598555,-27.417402],[-49.598558,-27.417388],[-49.598588,-27.417379],[-49.598589,-27.417377],[-49.598602,-27.417355],[-49.598653,-27.417324],[-49.598671,-27.417314],[-49.598672,-27.417313],[-49.598721,-27.417293],[-49.598733,-27.417286],[-49.598756,-27.417271]]],[[[-49.599191,-27.41714],[-49.599194,-27.417148],[-49.599197,-27.41716],[-49.599198,-27.417161],[-49.599199,-27.417165],[-49.599208,-27.417171],[-49.599267,-27.417175],[-49.59929,-27.417172],[-49.599344,-27.417166],[-49.599371,-27.417163],[-49.599488,-27.417163],[-49.59963,-27.417153],[-49.59966,-27.417145],[-49.599677,-27.417141],[-49.599191,-27.417136],[-49.599191,-27.41714]]],[[[-49.59876,-27.417045],[-49.598733,-27.417052],[-49.598797,-27.417053],[-49.598784,-27.417045],[-49.598781,-27.417044],[-49.598776,-27.417041],[-49.598766,-27.417044],[-49.59876,-27.417045]]],[[[-49.598733,-27.417052],[-49.598707,-27.417045],[-49.598702,-27.417043],[-49.598656,-27.417044],[-49.598645,-27.417051],[-49.598733,-27.417052]]],[[[-49.598485,-27.394826],[-49.598561,-27.394824],[-49.598564,-27.394823],[-49.598424,-27.394822],[-49.598429,-27.394823],[-49.598439,-27.394826],[-49.598448,-27.394828],[-49.59847,-27.394834],[-49.598481,-27.394829],[-49.598485,-27.394826]]],[[[-49.598622,-27.3948],[-49.598667,-27.394806],[-49.598679,-27.3948],[-49.598622,-27.3948]]],[[[-49.597356,-27.442785],[-49.597579,-27.442818],[-49.597621,-27.442824],[-49.597813,-27.442838],[-49.597963,-27.442828],[-49.598034,-27.442823],[-49.598153,-27.442793],[-49.598167,-27.442791],[-49.597345,-27.442783],[-49.597356,-27.442785]]],[[[-49.597873,-27.4421],[-49.597782,-27.442102],[-49.597766,-27.442104],[-49.597694,-27.442116],[-49.597679,-27.442122],[-49.597673,-27.442125],[-49.597665,-27.442129],[-49.598146,-27.442133],[-49.59809,-27.442129],[-49.598055,-27.442126],[-49.598042,-27.442119],[-49.598018,-27.442107],[-49.598004,-27.442104],[-49.597987,-27.442101],[-49.597968,-27.442097],[-49.597873,-27.4421]]],[[[-49.598236,-27.433371],[-49.598242,-27.43337],[-49.598286,-27.43336],[-49.598302,-27.433357],[-49.59808,-27.433355],[-49.598117,-27.433359],[-49.598223,-27.43337],[-49.598236,-27.433371]]],[[[-49.598669,-27.433283],[-49.598728,-27.43328],[-49.598745,-27.43326],[-49.598747,-27.433259],[-49.596467,-27.433236],[-49.596467,-27.433238],[-49.596457,-27.433257],[-49.596455,-27.433261],[-49.596446,-27.433279],[-49.596442,-27.433287],[-49.596425,-27.43332],[-49.596421,-27.433327],[-49.596415,-27.433336],[-49.596407,-27.433347],[-49.596378,-27.433391],[-49.596372,-27.433399],[-49.596297,-27.433449],[-49.596283,-27.433457],[-49.596231,-27.433476],[-49.596168,-27.433498],[-49.596124,-27.433545],[-49.59609,-27.43358],[-49.596097,-27.433606],[-49.596161,-27.433646],[-49.59617,-27.433674],[-49.596166,-27.433683],[-49.596158,-27.433698],[-49.596143,-27.433728],[-49.596134,-27.433737],[-49.596119,-27.433754],[-49.596108,-27.433765],[-49.596107,-27.433766],[-49.596098,-27.433785],[-49.596097,-27.43381],[-49.596095,-27.433836],[-49.596093,-27.433867],[-49.596093,-27.433876],[-49.596092,-27.43389],[-49.596088,-27.433899],[-49.596076,-27.433931],[-49.596074,-27.433953],[-49.596073,-27.433964],[-49.596068,-27.434014],[-49.596066,-27.434045],[-49.596063,-27.434054],[-49.596058,-27.43407],[-49.596055,-27.434084],[-49.596052,-27.434093],[-49.596045,-27.434116],[-49.596028,-27.434176],[-49.596015,-27.434221],[-49.595971,-27.434377],[-49.595952,-27.434441],[-49.595936,-27.434506],[-49.595922,-27.43456],[-49.595922,-27.434561],[-49.595926,-27.434575],[-49.595955,-27.434577],[-49.595958,-27.434575],[-49.595978,-27.434561],[-49.59602,-27.434506],[-49.596097,-27.434443],[-49.596172971778685,-27.434379023765317],[-49.59617324516842,-27.434379026504693],[-49.59621,-27.434383],[-49.59622,-27.434396],[-49.596221,-27.434399],[-49.596227,-27.434437],[-49.596246,-27.43446],[-49.596269,-27.434472],[-49.596325,-27.4345],[-49.59633,-27.434502],[-49.596365,-27.4345],[-49.596429,-27.434473],[-49.596435,-27.434462],[-49.596447,-27.43444],[-49.596466,-27.434401],[-49.596467,-27.434398],[-49.596469,-27.434386],[-49.59647,-27.434382],[-49.596495,-27.434226],[-49.596481,-27.43418],[-49.596425,-27.434119],[-49.596431,-27.434097],[-49.596414,-27.434087],[-49.596411,-27.434074],[-49.596391,-27.434057],[-49.596388,-27.434048],[-49.59638,-27.434017],[-49.596395,-27.433967],[-49.596408,-27.433957],[-49.596419,-27.433934],[-49.596455,-27.433903],[-49.596471,-27.433894],[-49.596498,-27.43388],[-49.59662803715849,-27.433872515846993],[-49.59663920855615,-27.433872631016044],[-49.596644,-27.433874],[-49.596692,-27.433882],[-49.596699,-27.433882],[-49.596769,-27.433875],[-49.596772,-27.433874],[-49.59685,-27.433844],[-49.597017,-27.433819],[-49.597075,-27.433795],[-49.597118,-27.433777],[-49.597122,-27.433775],[-49.597183,-27.433764],[-49.597208,-27.433748],[-49.597215,-27.433739],[-49.597238,-27.433709],[-49.597269,-27.433694],[-49.597274,-27.433685],[-49.597293,-27.433657],[-49.59732,-27.433618],[-49.597337,-27.433593],[-49.597361,-27.433557],[-49.597403,-27.433511],[-49.597424,-27.433488],[-49.597468,-27.433469],[-49.597488,-27.433461],[-49.597542,-27.433411],[-49.597603,-27.433404],[-49.597661,-27.43336],[-49.597712,-27.433349],[-49.59788163582796,-27.43334213612257],[-49.59789028180573,-27.433342225718192],[-49.598002,-27.433347],[-49.598015123085645,-27.433347136131594],[-49.59808,-27.433355],[-49.598457,-27.433358],[-49.598483,-27.433352],[-49.598446923077006,-27.433351615384616],[-49.598484,-27.433352],[-49.59810352380951,-27.433347952380952],[-49.598535,-27.433352],[-49.598544,-27.433349],[-49.598563,-27.433341],[-49.598643,-27.43331],[-49.598659,-27.433301],[-49.598669,-27.433283]]],[[[-49.598811,-27.433259],[-49.59884,-27.43324],[-49.59886,-27.433214],[-49.596481,-27.43319],[-49.596473,-27.433216],[-49.596467,-27.433236],[-49.598811,-27.433259]]],[[[-49.598161,-27.428567],[-49.598254,-27.42852],[-49.598257,-27.428518],[-49.598323,-27.42851],[-49.597083,-27.428497],[-49.597073,-27.428506],[-49.597072,-27.428508],[-49.59704,-27.428555],[-49.596956,-27.428679],[-49.59695,-27.428691],[-49.596944,-27.428703],[-49.596929,-27.428735],[-49.596848,-27.42882],[-49.596836,-27.428832],[-49.596829,-27.428839],[-49.596735,-27.428911],[-49.596663,-27.428965],[-49.596571,-27.429035],[-49.596529,-27.429067],[-49.596478,-27.429106],[-49.596475,-27.429109],[-49.596407,-27.429175],[-49.596314,-27.429266],[-49.596285,-27.429295],[-49.59624,-27.429339],[-49.596227,-27.429351],[-49.596213,-27.429364],[-49.596179,-27.429398],[-49.596143,-27.429434],[-49.596098,-27.429483],[-49.596029,-27.429558],[-49.595994,-27.429597],[-49.595957,-27.429652],[-49.595942,-27.429673],[-49.595939,-27.429678],[-49.595919,-27.429707],[-49.595914,-27.429716],[-49.596812,-27.429725],[-49.596822,-27.429716],[-49.596853,-27.429687],[-49.596934,-27.429683],[-49.597007,-27.429662],[-49.597062,-27.429608],[-49.597101,-27.429569],[-49.597192,-27.429494],[-49.59727,-27.429445],[-49.597325,-27.42941],[-49.597356,-27.429376],[-49.597387,-27.429363],[-49.597396,-27.42935],[-49.597497,-27.429307],[-49.597518,-27.429279],[-49.597639,-27.429188],[-49.597711,-27.429122],[-49.597713,-27.429119],[-49.597741,-27.42908],[-49.597783,-27.429047],[-49.597846,-27.428977],[-49.597862,-27.428922],[-49.597845,-27.42885],[-49.597843,-27.428842],[-49.597829,-27.42883],[-49.597897,-27.428745],[-49.597897,-27.428744],[-49.597932,-27.428713],[-49.597966,-27.428702],[-49.597984,-27.428689],[-49.598161,-27.428567]]],[[[-49.597626,-27.418091],[-49.597628,-27.418073],[-49.59765,-27.418049],[-49.597654,-27.418029],[-49.597654,-27.418028],[-49.597654,-27.418025],[-49.597657,-27.418012],[-49.597659,-27.418001],[-49.59766,-27.417997],[-49.597658,-27.417976],[-49.597657,-27.417963],[-49.596535,-27.417952],[-49.596505,-27.417964],[-49.596315,-27.417983],[-49.596281,-27.417987],[-49.596236,-27.417998],[-49.596019,-27.418009],[-49.59597287061001,-27.41801171349353],[-49.59596214357679,-27.41801160957179],[-49.595908,-27.418008],[-49.595828,-27.417982],[-49.595817,-27.417979],[-49.595814,-27.417982],[-49.595798,-27.418007],[-49.595796,-27.41801],[-49.595768,-27.41803],[-49.595707,-27.418054],[-49.595662,-27.418071],[-49.595658,-27.418072],[-49.595652,-27.418074],[-49.597247,-27.41809],[-49.59725493242586,-27.4180882372387],[-49.59725631876594,-27.418088251334684],[-49.597308,-27.418129],[-49.597312,-27.418131],[-49.59733,-27.418136],[-49.597508,-27.418156],[-49.59755,-27.418173],[-49.597556,-27.418176],[-49.597559,-27.418173],[-49.597585,-27.418157],[-49.597612,-27.418139],[-49.59762,-27.418134],[-49.59762,-27.418132],[-49.597625,-27.418092],[-49.597626,-27.418091]],[[-49.59613676332105,-27.418013301259297],[-49.596136763320274,-27.41801330125929],[-49.597654,-27.418025],[-49.59613676332105,-27.418013301259297]]],[[[-49.598182,-27.417979],[-49.598217,-27.417961],[-49.598266,-27.417936],[-49.598276,-27.417932],[-49.598278,-27.41793],[-49.59829,-27.41792],[-49.598311,-27.417904],[-49.598343,-27.417878],[-49.598346,-27.417863],[-49.598347,-27.417857],[-49.598355,-27.417809],[-49.598354,-27.417797],[-49.598353,-27.417783],[-49.598352,-27.417773],[-49.597216,-27.417762],[-49.597164,-27.417771],[-49.597133,-27.417785],[-49.597118,-27.417797],[-49.597058,-27.417844],[-49.597026,-27.41785],[-49.596993,-27.417864],[-49.596936,-27.41789],[-49.596874,-27.417906],[-49.596857,-27.417916],[-49.596845,-27.417922],[-49.596828,-27.417931],[-49.596796,-27.417934],[-49.596656,-27.417945],[-49.59664750332227,-27.417945849667774],[-49.59664307750268,-27.417945805166845],[-49.596631,-27.417945],[-49.59657,-27.417941],[-49.596565,-27.417944],[-49.596563,-27.417945],[-49.596556,-27.41795],[-49.596553,-27.417952],[-49.597657,-27.417963],[-49.597657,-27.417961],[-49.597657,-27.417956],[-49.597657,-27.417955],[-49.597656,-27.417943],[-49.597659,-27.41794],[-49.597669,-27.41793],[-49.59769485377358,-27.417924254716983],[-49.5976999661017,-27.417924305084746],[-49.597722,-27.417926],[-49.597792,-27.417932],[-49.597944,-27.417958],[-49.597959,-27.417976],[-49.597961,-27.417979],[-49.597962,-27.417992],[-49.597962,-27.417994],[-49.597964,-27.418022],[-49.597965,-27.418027],[-49.59795,-27.418082],[-49.597994,-27.418094],[-49.598024,-27.418095],[-49.598068,-27.418096],[-49.598069,-27.418095],[-49.598084,-27.418083],[-49.598156,-27.418029],[-49.598162,-27.418024],[-49.598169,-27.417996],[-49.598177,-27.417994],[-49.598181,-27.417982],[-49.598182,-27.417979]]],[[[-49.597216,-27.417762],[-49.597345,-27.417763],[-49.597267,-27.417752],[-49.597216,-27.417762]]],[[[-49.59828,-27.394834],[-49.598121,-27.394832],[-49.598188,-27.394848],[-49.598197,-27.39485],[-49.598235,-27.394849],[-49.59828,-27.394834]]],[[[-49.59828,-27.394834],[-49.598364,-27.394845],[-49.59839,-27.394835],[-49.59828,-27.394834]]],[[[-49.598121,-27.394832],[-49.59839,-27.394835],[-49.598408,-27.394828],[-49.598424,-27.394822],[-49.598073,-27.394818],[-49.59809,-27.394825],[-49.598121,-27.394832]]],[[[-49.598564,-27.394823],[-49.598593,-27.394811],[-49.598622,-27.3948],[-49.598016,-27.394794],[-49.598041,-27.394806],[-49.598073,-27.394818],[-49.598564,-27.394823]]],[[[-49.597108,-27.442783],[-49.5972,-27.442798],[-49.597322,-27.442785],[-49.597345,-27.442783],[-49.597091,-27.44278],[-49.597108,-27.442783]]],[[[-49.599355,-27.442358],[-49.593947,-27.442303],[-49.594014,-27.442311],[-49.599345,-27.442365],[-49.599355,-27.442358]]],[[[-49.596502,-27.442014],[-49.596423,-27.442005],[-49.596354,-27.442012],[-49.596502,-27.442014]]],[[[-49.597237,-27.431254],[-49.59704,-27.431145],[-49.59695,-27.431095],[-49.59679,-27.431],[-49.59672,-27.430958],[-49.596536,-27.430849],[-49.596515,-27.430818],[-49.596449,-27.430721],[-49.596441,-27.43071],[-49.596414,-27.430637],[-49.596414,-27.43063],[-49.596411,-27.430576],[-49.596408,-27.430522],[-49.596407,-27.430503],[-49.596421,-27.430336],[-49.596431,-27.430215],[-49.596432,-27.430195],[-49.596524,-27.429987],[-49.596571,-27.429919],[-49.596587,-27.429896],[-49.596711,-27.429775],[-49.596742,-27.429763],[-49.596778,-27.429727],[-49.59678,-27.429725],[-49.595914,-27.429716],[-49.595913,-27.429718],[-49.595892,-27.429754],[-49.595884,-27.429766],[-49.595813,-27.429888],[-49.595799,-27.429912],[-49.595763,-27.429979],[-49.595654,-27.430187],[-49.595644,-27.430207],[-49.595605,-27.430327],[-49.595589,-27.430494],[-49.595587,-27.430514],[-49.595591,-27.430568],[-49.595573,-27.430622],[-49.595572,-27.430629],[-49.595568,-27.430702],[-49.595567,-27.430712],[-49.595593,-27.430809],[-49.595592,-27.43084],[-49.595585,-27.430947],[-49.595595,-27.430988],[-49.595636,-27.431081],[-49.595657,-27.431131],[-49.595653,-27.431238],[-49.595651,-27.431286],[-49.59566,-27.431316],[-49.595669,-27.431348],[-49.595678,-27.431378],[-49.595693,-27.431395],[-49.595694,-27.431399],[-49.595711,-27.431443],[-49.595747,-27.431475],[-49.595767,-27.431484],[-49.598117,-27.431508],[-49.598073,-27.431498],[-49.597917,-27.431465],[-49.597696,-27.431419],[-49.597681,-27.431415],[-49.597614,-27.431397],[-49.597495,-27.431366],[-49.597402,-27.431334],[-49.597339,-27.431303],[-49.597237,-27.431254]]],[[[-49.595767,-27.431484],[-49.595779,-27.431489],[-49.59579,-27.431494],[-49.595794,-27.431494],[-49.59581,-27.43149],[-49.595828,-27.431485],[-49.595767,-27.431484]]],[[[-49.59681,-27.429727],[-49.596812,-27.429725],[-49.59678,-27.429725],[-49.59681,-27.429727]]],[[[-49.596522,-27.418178],[-49.596536,-27.418187],[-49.596562,-27.418193],[-49.596632,-27.418209],[-49.596642,-27.418211],[-49.596697,-27.418209],[-49.59683,-27.418196],[-49.596842,-27.41819],[-49.596861,-27.418182],[-49.596902,-27.418175],[-49.596905,-27.418173],[-49.596506,-27.418169],[-49.596509,-27.418171],[-49.596522,-27.418178]]],[[[-49.595313,-27.418204],[-49.595277,-27.41822],[-49.59527,-27.418225],[-49.595215,-27.418261],[-49.595179,-27.418285],[-49.595069,-27.418358],[-49.595053,-27.418368],[-49.595031,-27.418388],[-49.595674,-27.418394],[-49.595759,-27.418375],[-49.595803,-27.418365],[-49.595916,-27.418292],[-49.595933,-27.418268],[-49.595978,-27.418232],[-49.595991,-27.418227],[-49.596039,-27.418211],[-49.596058,-27.418195],[-49.596111,-27.418194],[-49.596142,-27.418171],[-49.596294,-27.418155],[-49.59544,-27.418146],[-49.595401,-27.418164],[-49.595352,-27.418186],[-49.595349,-27.418188],[-49.595313,-27.418204]]],[[[-49.59643,-27.418168],[-49.596443,-27.418174],[-49.596446,-27.418176],[-49.596457,-27.418174],[-49.596506,-27.418169],[-49.59643,-27.418168]]],[[[-49.596915,-27.418167],[-49.596415,-27.418162],[-49.59643,-27.418168],[-49.596905,-27.418173],[-49.596915,-27.418167]]],[[[-49.596354,-27.418168],[-49.596415,-27.418162],[-49.596323,-27.418161],[-49.596354,-27.418168]]],[[[-49.596915,-27.418167],[-49.596924,-27.418161],[-49.596294,-27.418155],[-49.596323,-27.418161],[-49.596915,-27.418167]]],[[[-49.595467,-27.418134],[-49.59544,-27.418146],[-49.596924,-27.418161],[-49.596944,-27.418149],[-49.596987,-27.418139],[-49.59705,-27.418105],[-49.59709,-27.418094],[-49.597139,-27.418089],[-49.595652,-27.418074],[-49.595636,-27.418079],[-49.5956,-27.41809],[-49.59549,-27.418124],[-49.595467,-27.418134]]],[[[-49.597247,-27.41809],[-49.597139,-27.418089],[-49.597157,-27.418094],[-49.597185,-27.418103],[-49.597223,-27.418095],[-49.597247,-27.41809]]],[[[-49.596535,-27.417952],[-49.596553,-27.417952],[-49.59654,-27.41795],[-49.596535,-27.417952]]],[[[-49.594675,-27.44265],[-49.594683,-27.442605],[-49.594688,-27.442582],[-49.594689,-27.442566],[-49.594694,-27.442487],[-49.594695,-27.442474],[-49.594689,-27.442416],[-49.594687,-27.442403],[-49.594683,-27.442365],[-49.594689,-27.44235],[-49.594695,-27.442334],[-49.594702,-27.442331],[-49.594721,-27.442322],[-49.594727,-27.442319],[-49.594779,-27.442319],[-49.594014,-27.442311],[-49.594022,-27.442312],[-49.594047,-27.442315],[-49.594061,-27.442325],[-49.594062,-27.442328],[-49.59407,-27.442343],[-49.594073,-27.442359],[-49.59408,-27.442397],[-49.594065,-27.44241],[-49.594049,-27.442467],[-49.594046,-27.442481],[-49.593983,-27.442559],[-49.593977,-27.442575],[-49.593969,-27.442597],[-49.59392,-27.442642],[-49.593892,-27.442699],[-49.593854,-27.442742],[-49.593846,-27.442779],[-49.593901,-27.442904],[-49.59387,-27.442994],[-49.593868,-27.442998],[-49.593839,-27.443051],[-49.593844,-27.443052],[-49.59411,-27.443131],[-49.594449,-27.443232],[-49.594591,-27.443275],[-49.5946,-27.443234],[-49.594622,-27.443137],[-49.594608,-27.44306],[-49.594608,-27.443058],[-49.594611,-27.443005],[-49.594612,-27.443001],[-49.594628,-27.442911],[-49.594651,-27.442787],[-49.594657,-27.44275],[-49.594665,-27.442707],[-49.594675,-27.44265]]],[[[-49.593782,-27.442339],[-49.593861,-27.442318],[-49.593947,-27.442303],[-49.591982,-27.442283],[-49.591959,-27.442299],[-49.591927,-27.44232],[-49.591895,-27.442339],[-49.591885,-27.442345],[-49.591774,-27.442411],[-49.59174,-27.44244],[-49.591729,-27.442448],[-49.591698,-27.442473],[-49.59167,-27.442496],[-49.5916685059693,-27.442497494030697],[-49.59166774307159,-27.442497486143186],[-49.591667,-27.442496],[-49.591656,-27.442485],[-49.591653,-27.442482],[-49.591644,-27.442473],[-49.59164,-27.44247],[-49.591636,-27.442473],[-49.591625334782606,-27.442481726086957],[-49.5916227540107,-27.44248170053476],[-49.59158,-27.442476],[-49.591552,-27.442481],[-49.591538,-27.442484],[-49.591526,-27.442495],[-49.591524,-27.442496],[-49.591483,-27.442532],[-49.591435,-27.442574],[-49.591429,-27.442579],[-49.5914,-27.442604],[-49.591367,-27.442633],[-49.591353,-27.442645],[-49.591332,-27.442662],[-49.591301,-27.442687],[-49.591233,-27.442741],[-49.59121,-27.442759],[-49.591176,-27.442772],[-49.591139,-27.442809],[-49.591137,-27.442812],[-49.592752,-27.442828],[-49.592757,-27.442825],[-49.592811,-27.442788],[-49.59283,-27.442776],[-49.592856,-27.442758],[-49.592948,-27.442704],[-49.592974,-27.442679],[-49.592982,-27.442662],[-49.592988,-27.442649],[-49.593026,-27.442621],[-49.593077,-27.442596],[-49.593111,-27.442591],[-49.593221,-27.442549],[-49.593265,-27.442514],[-49.593267,-27.442512],[-49.593361,-27.44249],[-49.593407,-27.442465],[-49.593478,-27.442457],[-49.593531,-27.442429],[-49.593656,-27.442363],[-49.593709,-27.442358],[-49.593782,-27.442339]]],[[[-49.595105,-27.441759],[-49.595015,-27.44175],[-49.594898,-27.441739],[-49.594885,-27.441737],[-49.594864,-27.441735],[-49.594822,-27.441737],[-49.594797,-27.441738],[-49.59457648364469,-27.441745703628133],[-49.59455623085353,-27.441745505201048],[-49.594235,-27.441732],[-49.594177,-27.441718],[-49.594172,-27.441715],[-49.594152,-27.441702],[-49.594148,-27.441699],[-49.594138,-27.441693],[-49.594108,-27.441673],[-49.594054,-27.441692],[-49.59398,-27.441698],[-49.59395519617225,-27.441699837320574],[-49.59393515765761,-27.441699617117116],[-49.59372,-27.441695],[-49.593697,-27.441697],[-49.593573,-27.441709],[-49.593561,-27.441712],[-49.593518,-27.441725],[-49.593484,-27.441735],[-49.593458,-27.441742],[-49.593376,-27.441766],[-49.59336,-27.441771],[-49.593107,-27.441796],[-49.592835,-27.441863],[-49.592827,-27.441865],[-49.592652,-27.441879],[-49.592564,-27.4419],[-49.592542,-27.44191],[-49.592482,-27.441937],[-49.592458,-27.441959],[-49.592451,-27.441965],[-49.592444,-27.441973],[-49.596354,-27.442012],[-49.596211,-27.442003],[-49.596093,-27.441996],[-49.595933,-27.441972],[-49.595743,-27.441942],[-49.595704,-27.441932],[-49.595622,-27.441909],[-49.595561,-27.441893],[-49.595554,-27.44189],[-49.595338,-27.441819],[-49.595252,-27.44179],[-49.595236,-27.441785],[-49.595105,-27.441759]]],[[[-49.594299,-27.419373],[-49.593965,-27.419369],[-49.593966,-27.419372],[-49.593985,-27.419382],[-49.594252,-27.419387],[-49.594258,-27.419385],[-49.59429,-27.419375],[-49.594299,-27.419373]]],[[[-49.594371,-27.419373],[-49.594299,-27.419373],[-49.594367,-27.419375],[-49.594371,-27.419373]]],[[[-49.594458,-27.419342],[-49.594534,-27.419336],[-49.594542,-27.419331],[-49.594552,-27.419325],[-49.594586,-27.419303],[-49.594596,-27.419297],[-49.594641,-27.419286],[-49.594644,-27.419284],[-49.594672,-27.419269],[-49.594688,-27.419256],[-49.593805,-27.419247],[-49.593819,-27.41926],[-49.593837,-27.419276],[-49.59384,-27.419278],[-49.593864,-27.41929],[-49.593875,-27.419296],[-49.593897,-27.419318],[-49.593918,-27.419325],[-49.593919,-27.41933],[-49.593921,-27.419337],[-49.593925,-27.419351],[-49.593955,-27.419354],[-49.593956,-27.419356],[-49.593957,-27.419358],[-49.593965,-27.419369],[-49.594371,-27.419373],[-49.594397,-27.419363],[-49.594428,-27.419361],[-49.594431,-27.419359],[-49.594436,-27.419356],[-49.594458,-27.419342]]],[[[-49.593699,-27.419013],[-49.59368,-27.41899],[-49.593672,-27.418979],[-49.593663,-27.418968],[-49.593246,-27.418964],[-49.593328,-27.418976],[-49.593404,-27.418987],[-49.593476,-27.419011],[-49.593542,-27.419022],[-49.593605,-27.419056],[-49.593655,-27.419117],[-49.593694,-27.419136],[-49.593698,-27.419141],[-49.593728,-27.419177],[-49.593745,-27.419192],[-49.593766,-27.419212],[-49.5938,-27.419243],[-49.593805,-27.419247],[-49.594062,-27.419249],[-49.593974,-27.419245],[-49.593884,-27.419213],[-49.593853,-27.419194],[-49.593838,-27.419178],[-49.593802,-27.419142],[-49.593798,-27.419137],[-49.593782,-27.419118],[-49.593734,-27.419057],[-49.593707,-27.419024],[-49.593699,-27.419013]]],[[[-49.59477,-27.419141],[-49.594768,-27.419107],[-49.594775,-27.419095],[-49.594781,-27.419086],[-49.594744,-27.419035],[-49.594737,-27.419026],[-49.594744,-27.419011],[-49.594728,-27.418997],[-49.594749,-27.418971],[-49.594752,-27.418953],[-49.594779,-27.418924],[-49.594775,-27.418883],[-49.594869,-27.418768],[-49.594877,-27.418754],[-49.595003,-27.418557],[-49.595006,-27.418554],[-49.595111,-27.418466],[-49.595166,-27.418443],[-49.59516693356643,-27.418442066433567],[-49.59516728044281,-27.4184420701107],[-49.595171,-27.418443],[-49.595242,-27.418451],[-49.595255,-27.418444],[-49.595255,-27.418443],[-49.595278,-27.41843],[-49.595301,-27.41843],[-49.59531560535506,-27.418419289406287],[-49.59531765719524,-27.418419310724108],[-49.595332,-27.418422],[-49.595358,-27.418427],[-49.59538,-27.418423],[-49.595384,-27.41842],[-49.595411,-27.4184],[-49.595448,-27.418392],[-49.595031,-27.418388],[-49.595021,-27.418396],[-49.594999,-27.418416],[-49.594987,-27.418427],[-49.594972,-27.41844],[-49.594971,-27.418441],[-49.59495,-27.418464],[-49.594868,-27.418553],[-49.594867,-27.418556],[-49.594755,-27.418753],[-49.594744,-27.418766],[-49.594647,-27.418881],[-49.594613,-27.418922],[-49.594588,-27.418952],[-49.594574,-27.418969],[-49.594552,-27.418995],[-49.59454,-27.419009],[-49.594528,-27.419024],[-49.594521,-27.419033],[-49.59446,-27.419083],[-49.594449,-27.419092],[-49.594429,-27.419103],[-49.59437,-27.419137],[-49.594364,-27.419142],[-49.594305,-27.419185],[-49.594292,-27.419192],[-49.594263,-27.419205],[-49.594172,-27.419231],[-49.594168,-27.419231],[-49.594062,-27.419249],[-49.594688,-27.419256],[-49.594712,-27.419237],[-49.594712,-27.419236],[-49.594734,-27.41921],[-49.594745,-27.419196],[-49.594748,-27.41919],[-49.594771,-27.419146],[-49.59477,-27.419141]]],[[[-49.593085,-27.418974],[-49.593246,-27.418964],[-49.593083,-27.418962],[-49.593085,-27.418974]]],[[[-49.593539,-27.418893],[-49.593512,-27.418892],[-49.593486,-27.418901],[-49.593473,-27.418911],[-49.593445,-27.41893],[-49.59327,-27.418931],[-49.593132,-27.418948],[-49.593083,-27.418954],[-49.593083,-27.418962],[-49.593663,-27.418968],[-49.593657,-27.41896],[-49.593651,-27.418953],[-49.593627,-27.418934],[-49.593623,-27.418931],[-49.593599,-27.418912],[-49.593569,-27.418902],[-49.593539,-27.418893]]],[[[-49.593226,-27.418166],[-49.593192,-27.418155],[-49.592858,-27.418152],[-49.593002,-27.418163],[-49.593006,-27.418165],[-49.593107,-27.418195],[-49.593168,-27.418232],[-49.593196,-27.41825],[-49.59324,-27.418294],[-49.593261,-27.418315],[-49.593285,-27.41841],[-49.593307,-27.418493],[-49.59331,-27.418504],[-49.593315,-27.418507],[-49.593334,-27.418519],[-49.593345,-27.418525],[-49.593357,-27.418519],[-49.593376,-27.418508],[-49.593377,-27.418504],[-49.593381,-27.418494],[-49.593372,-27.418411],[-49.593333,-27.418315],[-49.593325,-27.418295],[-49.593299,-27.418251],[-49.593288,-27.418234],[-49.593256,-27.418196],[-49.59323,-27.418167],[-49.593226,-27.418166]]],[[[-49.595672,-27.418394],[-49.595448,-27.418392],[-49.595503,-27.418401],[-49.59550724932249,-27.418401043360433],[-49.59553,-27.418405],[-49.595591,-27.418402],[-49.59553099999998,-27.418401285714285],[-49.595601,-27.418402],[-49.595672,-27.418394]]],[[[-49.592648,-27.418169],[-49.592687,-27.418166],[-49.592555,-27.418165],[-49.592648,-27.418169]]],[[[-49.592389,-27.418155],[-49.592385,-27.418163],[-49.592687,-27.418166],[-49.592773,-27.418159],[-49.592858,-27.418152],[-49.592398,-27.418147],[-49.592389,-27.418155]]],[[[-49.592757,-27.418076],[-49.592753,-27.418075],[-49.592624500000234,-27.418075],[-49.59259943243242,-27.41807481081081],[-49.592597,-27.418074],[-49.592571,-27.418063],[-49.592564,-27.418055],[-49.592544,-27.418026],[-49.592534,-27.418012],[-49.592485,-27.418011],[-49.592484,-27.418012],[-49.592458,-27.418025],[-49.592487,-27.418054],[-49.592489,-27.418063],[-49.592491,-27.418073],[-49.592492,-27.418074],[-49.592493,-27.418082],[-49.592495,-27.41809],[-49.592488,-27.418097],[-49.592476,-27.418112],[-49.592451,-27.418121],[-49.592411,-27.418136],[-49.592403,-27.418143],[-49.592398,-27.418147],[-49.593192,-27.418155],[-49.593176,-27.418151],[-49.593165,-27.418144],[-49.593139,-27.418128],[-49.593113,-27.418118],[-49.593072,-27.418103],[-49.593028,-27.418095],[-49.59302483679525,-27.41809497032641],[-49.592992,-27.418089],[-49.59290563279742,-27.41809385209003],[-49.59288742311276,-27.418093681267475],[-49.59279,-27.418085],[-49.592757,-27.418076]]],[[[-49.587303,-27.455823],[-49.586559,-27.455816],[-49.58661,-27.455831],[-49.586635,-27.455849],[-49.586645,-27.455874],[-49.586631,-27.455927],[-49.586627,-27.455943],[-49.586608,-27.455965],[-49.586521,-27.456023],[-49.586409,-27.456131],[-49.586234,-27.456245],[-49.586097,-27.456335],[-49.586088,-27.456342],[-49.586015,-27.456396],[-49.585972,-27.456434],[-49.585888,-27.456508],[-49.585879,-27.456516],[-49.585787,-27.456551],[-49.585708,-27.456601],[-49.585665,-27.456616],[-49.585644,-27.456629],[-49.585502,-27.456719],[-49.585299,-27.456825],[-49.585284,-27.456834],[-49.585202,-27.456868],[-49.585104,-27.456926],[-49.585092,-27.456926],[-49.586564,-27.456941],[-49.586565,-27.456941],[-49.586655,-27.456882],[-49.586708,-27.456848],[-49.586721,-27.45684],[-49.586855,-27.456732],[-49.586967,-27.456643],[-49.586978,-27.456629],[-49.586992,-27.456614],[-49.587035,-27.456563],[-49.587066,-27.456528],[-49.587073,-27.45652],[-49.587113,-27.456446],[-49.587126,-27.456407],[-49.587146,-27.456352],[-49.587147,-27.456345],[-49.587167,-27.456255],[-49.587208,-27.456139],[-49.587246,-27.456031],[-49.587266,-27.455972],[-49.587274,-27.455949],[-49.58728,-27.455934],[-49.587291,-27.455881],[-49.587296,-27.455856],[-49.5873,-27.455838],[-49.587303,-27.455823]]],[[[-49.587293,-27.45454],[-49.587283,-27.45443],[-49.587279,-27.454388],[-49.587278,-27.45438],[-49.586631,-27.454374],[-49.586659,-27.454381],[-49.586689,-27.454424],[-49.586741,-27.454534],[-49.586768,-27.454627],[-49.586783,-27.45471],[-49.586799,-27.454963],[-49.586798,-27.454982],[-49.586792,-27.455117],[-49.586758,-27.455211],[-49.586738,-27.455265],[-49.586559,-27.455543],[-49.5865,-27.455601],[-49.586428,-27.455673],[-49.586387,-27.455748],[-49.58639,-27.455768],[-49.586381,-27.455781],[-49.586401,-27.455808],[-49.586413,-27.455814],[-49.587303,-27.455823],[-49.587304,-27.455818],[-49.58731,-27.455791],[-49.587313,-27.455777],[-49.587317,-27.455758],[-49.587332,-27.455682],[-49.587348,-27.45561],[-49.587348,-27.455551],[-49.587348,-27.455271],[-49.587348,-27.455217],[-49.587343,-27.455122],[-49.587337,-27.454988],[-49.587335,-27.454968],[-49.587311,-27.454716],[-49.587303,-27.454632],[-49.587293,-27.45454]]],[[[-49.588113,-27.44627],[-49.588121,-27.446264],[-49.588204,-27.446219],[-49.588258,-27.446189],[-49.588305,-27.446158],[-49.588411,-27.446087],[-49.588416,-27.446082],[-49.588459,-27.446035],[-49.588461,-27.446033],[-49.588567,-27.445965],[-49.588574,-27.445959],[-49.588609,-27.445928],[-49.588626,-27.445914],[-49.588702,-27.445848],[-49.58871,-27.445841],[-49.588723,-27.44583],[-49.588735,-27.44582],[-49.587355,-27.445806],[-49.587342,-27.445817],[-49.587309,-27.445827],[-49.587261,-27.445833],[-49.587221,-27.4459],[-49.587228,-27.445914],[-49.587263,-27.445946],[-49.587263,-27.445952],[-49.587266,-27.446021],[-49.587266,-27.446023],[-49.587252,-27.44607],[-49.587249,-27.446076],[-49.587207,-27.446147],[-49.587162,-27.446178],[-49.58712,-27.446208],[-49.587013,-27.446253],[-49.587,-27.446259],[-49.586989,-27.44626],[-49.58695802014358,-27.44626531083253],[-49.58694897552337,-27.446265218414748],[-49.586909,-27.446259],[-49.586863,-27.446242],[-49.586833,-27.446221],[-49.586803,-27.446181],[-49.586673,-27.44607],[-49.586672,-27.446067],[-49.586659,-27.446035],[-49.586658,-27.446031],[-49.58664,-27.446035],[-49.586609,-27.446066],[-49.58661,-27.44607],[-49.586623,-27.446179],[-49.586628,-27.446219],[-49.586631,-27.44624],[-49.586633,-27.446257],[-49.586634,-27.446262],[-49.586644,-27.446342],[-49.586639,-27.446362],[-49.586625,-27.446382],[-49.586551,-27.44643],[-49.586508,-27.44645],[-49.586446,-27.44648],[-49.586355,-27.44651],[-49.58626,-27.44652],[-49.586131,-27.446563],[-49.586063,-27.446586],[-49.585855,-27.446631],[-49.58579,-27.446646],[-49.58561,-27.446695],[-49.585476,-27.446742],[-49.585373,-27.446762],[-49.585273,-27.446781],[-49.585111,-27.446822],[-49.585029,-27.446856],[-49.585027,-27.446857],[-49.584897,-27.446889],[-49.584798,-27.446898],[-49.584646,-27.446927],[-49.584502,-27.446955],[-49.584468,-27.446961],[-49.584243,-27.446998],[-49.583987,-27.447039],[-49.583939,-27.447047],[-49.583334,-27.44719],[-49.583167,-27.447209],[-49.583087,-27.447217],[-49.582977,-27.447285],[-49.582946,-27.447304],[-49.582908,-27.447327],[-49.582906,-27.447328],[-49.582884,-27.447342],[-49.582862,-27.447354],[-49.582763,-27.447406],[-49.582746,-27.447414],[-49.582694,-27.447442],[-49.582661,-27.447459],[-49.582629,-27.447481],[-49.582532,-27.447546],[-49.58251,-27.447562],[-49.582496,-27.447571],[-49.582481,-27.447581],[-49.582462,-27.447593],[-49.58242,-27.447622],[-49.582405,-27.447632],[-49.582396,-27.447638],[-49.582354,-27.447667],[-49.582308,-27.447698],[-49.582307,-27.447699],[-49.582262,-27.447733],[-49.582185,-27.447791],[-49.582184,-27.447791],[-49.582135,-27.447806],[-49.582118,-27.447811],[-49.583572,-27.447826],[-49.583582,-27.447821],[-49.58361,-27.447806],[-49.583611,-27.447806],[-49.583748,-27.447748],[-49.583853,-27.447714],[-49.583855,-27.447714],[-49.584022,-27.447684],[-49.584118,-27.447656],[-49.58416935243292,-27.447650497953614],[-49.58417598626587,-27.44765056750453],[-49.584223,-27.447664],[-49.584284,-27.447763],[-49.58429,-27.447772],[-49.58429,-27.447783],[-49.584336,-27.447773],[-49.584377,-27.447763],[-49.584405,-27.447666],[-49.584408,-27.447653],[-49.584411,-27.447642],[-49.584428,-27.447613],[-49.584448,-27.447601],[-49.584479,-27.447591],[-49.584585,-27.447583],[-49.584661,-27.447568],[-49.584912,-27.447504],[-49.584976,-27.447483],[-49.585026,-27.447466],[-49.585181,-27.447439],[-49.58532647576298,-27.44743202513465],[-49.58532712698413,-27.447432031746033],[-49.585343,-27.447436],[-49.585364,-27.447442],[-49.585424,-27.447476],[-49.585435,-27.447481],[-49.585446,-27.447495],[-49.585449,-27.447515],[-49.58545,-27.447522],[-49.585479,-27.447515],[-49.585493,-27.447495],[-49.585503,-27.447482],[-49.585507,-27.447476],[-49.585513,-27.447444],[-49.585514,-27.447438],[-49.585521,-27.447434],[-49.585604,-27.447382],[-49.585666,-27.44737],[-49.585738,-27.447357],[-49.5858,-27.447357],[-49.585863,-27.447334],[-49.585954,-27.447315],[-49.586158,-27.447249],[-49.586186,-27.447239],[-49.586227,-27.44722],[-49.58653,-27.447073],[-49.586547,-27.447065],[-49.586603,-27.447021],[-49.586669,-27.446983],[-49.586682,-27.446977],[-49.586747,-27.446949],[-49.586831,-27.446919],[-49.58686,-27.446908],[-49.586951,-27.446876],[-49.586954,-27.446875],[-49.587032,-27.446842],[-49.587129,-27.4468],[-49.587175,-27.44678],[-49.587209,-27.44676],[-49.587289,-27.446712],[-49.587373,-27.446662],[-49.587397,-27.446647],[-49.587517,-27.446601],[-49.587576,-27.446578],[-49.587672,-27.446535],[-49.587697,-27.446524],[-49.587764,-27.446494],[-49.58783,-27.446464],[-49.587861,-27.446443],[-49.58793,-27.446395],[-49.587959,-27.446375],[-49.587989,-27.446355],[-49.588102,-27.446277],[-49.58811,-27.446272],[-49.588113,-27.44627]]],[[[-49.587407,-27.44579],[-49.587404,-27.445792],[-49.587393,-27.445803],[-49.58739,-27.445806],[-49.588735,-27.44582],[-49.588738,-27.445817],[-49.588751,-27.445806],[-49.588753,-27.445803],[-49.587407,-27.44579]]],[[[-49.587355,-27.445806],[-49.58739,-27.445806],[-49.587358,-27.445803],[-49.587355,-27.445806]]],[[[-49.587504,-27.445771],[-49.587435,-27.445787],[-49.587423,-27.44579],[-49.588753,-27.445803],[-49.588756,-27.4458],[-49.588771,-27.445783],[-49.587504,-27.445771]]],[[[-49.587407,-27.44579],[-49.587423,-27.44579],[-49.587409,-27.445787],[-49.587407,-27.44579]]],[[[-49.588944,-27.44561],[-49.58896,-27.445598],[-49.587987,-27.445588],[-49.587975,-27.4456],[-49.58796,-27.445602],[-49.587939,-27.445612],[-49.587888,-27.445638],[-49.587811,-27.445685],[-49.587774,-27.445701],[-49.587736,-27.445716],[-49.587682,-27.445751],[-49.587632,-27.445753],[-49.587569,-27.445771],[-49.587567,-27.445771],[-49.588771,-27.445783],[-49.588788,-27.445765],[-49.58879,-27.445762],[-49.588821,-27.445727],[-49.588835,-27.445711],[-49.588851,-27.445696],[-49.5889,-27.445649],[-49.588927,-27.445622],[-49.588942,-27.445612],[-49.588944,-27.44561]]],[[[-49.587504,-27.445771],[-49.587567,-27.445771],[-49.587507,-27.44577],[-49.587504,-27.445771]]],[[[-49.589332,-27.445316],[-49.589393,-27.445267],[-49.589444,-27.445227],[-49.589522,-27.445166],[-49.589606,-27.445099],[-49.58961,-27.445096],[-49.58977,-27.445012],[-49.589859,-27.444955],[-49.589872,-27.44495],[-49.590026,-27.444894],[-49.590091,-27.44485],[-49.590203,-27.444775],[-49.590236,-27.444739],[-49.590284,-27.444685],[-49.590405,-27.444572],[-49.590441,-27.444539],[-49.590482,-27.444515],[-49.59055,-27.444488],[-49.590703,-27.444394],[-49.590733,-27.444368],[-49.590813,-27.444297],[-49.590815,-27.444295],[-49.590865,-27.444265],[-49.5909,-27.444224],[-49.590936,-27.444181],[-49.590978,-27.444131],[-49.591032,-27.4441],[-49.591164,-27.444024],[-49.591171,-27.444018],[-49.591275,-27.443929],[-49.591285,-27.443922],[-49.591334,-27.443888],[-49.591374,-27.44386],[-49.591409,-27.443826],[-49.591561,-27.443683],[-49.591674,-27.443576],[-49.591722,-27.443536],[-49.591777,-27.44349],[-49.591811,-27.443462],[-49.591849,-27.443445],[-49.591873,-27.443415],[-49.591895,-27.443405],[-49.591934,-27.443387],[-49.59196,-27.443361],[-49.591989,-27.443345],[-49.592012,-27.443332],[-49.592071,-27.44328],[-49.59219,-27.44321],[-49.592317,-27.443124],[-49.592383,-27.443079],[-49.592392,-27.443073],[-49.592616,-27.442921],[-49.592685,-27.442874],[-49.592698,-27.442865],[-49.592715,-27.442853],[-49.592752,-27.442828],[-49.591103,-27.442812],[-49.59107,-27.442837],[-49.591041,-27.442848],[-49.591019772582165,-27.44285668394366],[-49.59101663683446,-27.442856651336232],[-49.590958,-27.442848],[-49.590954,-27.442856],[-49.590936,-27.442904],[-49.590896,-27.443058],[-49.59094,-27.443064],[-49.590902,-27.443109],[-49.590809,-27.443196],[-49.590733,-27.443267],[-49.590676,-27.443319],[-49.590663,-27.443331],[-49.590649,-27.443347],[-49.590627,-27.443374],[-49.590612,-27.443392],[-49.590598,-27.443402],[-49.590558,-27.443432],[-49.590536,-27.443449],[-49.590498,-27.443477],[-49.590463,-27.443523],[-49.590422,-27.443564],[-49.590315,-27.443671],[-49.590136,-27.443814],[-49.590082,-27.443847],[-49.590036,-27.443875],[-49.589995,-27.443909],[-49.589989,-27.443916],[-49.589916,-27.444005],[-49.589911,-27.444012],[-49.589864,-27.444088],[-49.589824,-27.44412],[-49.589761,-27.444169],[-49.589636,-27.444211],[-49.589573,-27.444252],[-49.589526,-27.444282],[-49.589524,-27.444284],[-49.589459,-27.444355],[-49.589429,-27.444381],[-49.58932,-27.444475],[-49.589288,-27.444503],[-49.589259,-27.444527],[-49.589221,-27.44456],[-49.589121,-27.444673],[-49.589073,-27.444727],[-49.589032,-27.444764],[-49.588947,-27.444839],[-49.588904,-27.444883],[-49.588849,-27.44494],[-49.588843,-27.444945],[-49.588771,-27.445002],[-49.588665,-27.445086],[-49.588661,-27.445089],[-49.588611,-27.445156],[-49.58855,-27.445218],[-49.588484,-27.445258],[-49.588436,-27.445307],[-49.588426,-27.445316],[-49.58836,-27.445371],[-49.588277,-27.445439],[-49.588211,-27.445457],[-49.588166,-27.445479],[-49.588104,-27.445529],[-49.588056,-27.445567],[-49.588017,-27.445587],[-49.588015,-27.445588],[-49.58896,-27.445598],[-49.588961,-27.445597],[-49.588989,-27.445576],[-49.589039,-27.445538],[-49.589091,-27.445488],[-49.589114,-27.445466],[-49.589132,-27.445448],[-49.589203,-27.445379],[-49.589313,-27.445325],[-49.589332,-27.445316]]],[[[-49.587987,-27.445588],[-49.588015,-27.445588],[-49.587988,-27.445587],[-49.587987,-27.445588]]],[[[-49.591103,-27.442812],[-49.591137,-27.442812],[-49.591106,-27.442809],[-49.591103,-27.442812]]],[[[-49.592305,-27.418468],[-49.592336,-27.418426],[-49.592337,-27.418423],[-49.592391,-27.418332],[-49.592439,-27.41825],[-49.59244,-27.418248],[-49.59249,-27.418198],[-49.592555,-27.418165],[-49.592385,-27.418163],[-49.592367,-27.418196],[-49.59234,-27.418247],[-49.592339,-27.418249],[-49.592281,-27.418331],[-49.592237,-27.418422],[-49.592234,-27.418425],[-49.592198,-27.418466],[-49.592162,-27.418507],[-49.592147,-27.418536],[-49.592107,-27.418611],[-49.592066,-27.418658],[-49.59201,-27.418697],[-49.592007,-27.418717],[-49.592005,-27.418733],[-49.592019,-27.418734],[-49.592028,-27.418745],[-49.592028,-27.418746],[-49.592047,-27.418745],[-49.592074,-27.418735],[-49.592077,-27.418734],[-49.592116,-27.418718],[-49.592129,-27.418698],[-49.592155,-27.418659],[-49.592185,-27.418612],[-49.592235,-27.418537],[-49.592264,-27.418508],[-49.592305,-27.418468]]],[[[-49.584027,-27.458445],[-49.58404,-27.458433],[-49.584084,-27.458395],[-49.584511,-27.458123],[-49.58467,-27.458011],[-49.58492,-27.457866],[-49.585106,-27.457801],[-49.585529,-27.457624],[-49.585854,-27.457438],[-49.585985,-27.457348],[-49.586013,-27.457327],[-49.581491,-27.457281],[-49.581504,-27.457302],[-49.58156,-27.457394],[-49.581676,-27.457585],[-49.581787,-27.457767],[-49.581827,-27.457834],[-49.581918,-27.457983],[-49.581987,-27.458097],[-49.582156,-27.458375],[-49.58218,-27.458415],[-49.582187,-27.458426],[-49.58238940276558,-27.458417026478372],[-49.58239005061029,-27.45841703274784],[-49.582407,-27.458428],[-49.582435,-27.458446],[-49.582634,-27.458575],[-49.582792,-27.458678],[-49.583033,-27.458835],[-49.583089,-27.458872],[-49.583093,-27.458874],[-49.583125,-27.458872],[-49.583552,-27.458841],[-49.58382,-27.458689],[-49.583922,-27.458588],[-49.584007,-27.458462],[-49.584027,-27.458445]]],[[[-49.58629,-27.457117],[-49.586326,-27.457094],[-49.586513,-27.456974],[-49.586522,-27.456968],[-49.586564,-27.456941],[-49.58508997416189,-27.45692598764264],[-49.585067,-27.456915],[-49.58503,-27.456899],[-49.585028,-27.456899],[-49.585013,-27.456915],[-49.584994,-27.456925],[-49.585037885712715,-27.45692545714284],[-49.584993,-27.456925],[-49.584943,-27.456952],[-49.584882,-27.456958],[-49.58467,-27.457077],[-49.584598,-27.4571],[-49.584578,-27.457107],[-49.584532,-27.457138],[-49.584513,-27.457176],[-49.584483,-27.457187],[-49.584479,-27.457201],[-49.584449,-27.457206],[-49.584443,-27.457219],[-49.584416,-27.457234],[-49.584279,-27.457297],[-49.584192,-27.457308],[-49.586013,-27.457327],[-49.586028,-27.457315],[-49.586113,-27.457251],[-49.586133,-27.457236],[-49.58615,-27.457223],[-49.586157,-27.457218],[-49.586175,-27.457204],[-49.58619,-27.457193],[-49.58624,-27.457155],[-49.586281,-27.457124],[-49.58629,-27.457117]]],[[[-49.586433,-27.455824],[-49.586439,-27.455827],[-49.586467,-27.455824],[-49.586559,-27.455816],[-49.586413,-27.455814],[-49.586433,-27.455824]]],[[[-49.587209,-27.454082],[-49.587205,-27.454068],[-49.587191,-27.454048],[-49.587184,-27.454039],[-49.587177,-27.45403],[-49.587165,-27.454013],[-49.587132,-27.453986],[-49.587099,-27.453973],[-49.587065,-27.453961],[-49.58705,-27.453955],[-49.58417,-27.453926],[-49.584208,-27.453932],[-49.584291,-27.453945],[-49.584334,-27.453957],[-49.58443,-27.453986],[-49.584487,-27.454003],[-49.584541,-27.454012],[-49.58499602197923,-27.45401664835166],[-49.58471,-27.454014],[-49.584705,-27.454014],[-49.58471113641478,-27.454014061883974],[-49.584912,-27.454025],[-49.58502979861899,-27.454017275500394],[-49.585036467855595,-27.454017342757723],[-49.585106,-27.454027],[-49.585264,-27.454048],[-49.585379,-27.454064],[-49.585413,-27.454068],[-49.58552616133945,-27.454065447488585],[-49.585548078263066,-27.45406566306488],[-49.585756,-27.454132],[-49.585791,-27.454143],[-49.585949,-27.454175],[-49.586093,-27.454184],[-49.586141,-27.454192],[-49.586215,-27.454206],[-49.586394,-27.454251],[-49.586471,-27.45429],[-49.58654,-27.454342],[-49.586569,-27.454365],[-49.586592,-27.454373],[-49.587278,-27.45438],[-49.587277,-27.454372],[-49.587275,-27.45435],[-49.587266,-27.454298],[-49.587259,-27.45426],[-49.587252,-27.454217],[-49.58725,-27.454204],[-49.587246,-27.454195],[-49.587243,-27.454188],[-49.587229,-27.454158],[-49.587224,-27.454147],[-49.587209,-27.454082]],[[-49.58503352074639,-27.454017031426467],[-49.58503428228375,-27.454017039206075],[-49.58503612798606,-27.45401729555362],[-49.58503037877594,-27.454017237457318],[-49.58503352074639,-27.454017031426467]]],[[[-49.586601,-27.454377],[-49.586631,-27.454374],[-49.586592,-27.454373],[-49.586601,-27.454377]]],[[[-49.584705,-27.454014],[-49.584541,-27.454012],[-49.584595,-27.454022],[-49.584605,-27.454024],[-49.584621,-27.454022],[-49.584705,-27.454014]]],[[[-49.586728,-27.453815],[-49.586706,-27.453804],[-49.58669,-27.453791],[-49.586688,-27.45379],[-49.58663,-27.453745],[-49.586614,-27.453733],[-49.586582,-27.453708],[-49.586493,-27.453639],[-49.586438,-27.453596],[-49.586435,-27.453593],[-49.586379,-27.453565],[-49.58625,-27.453497],[-49.586232,-27.453491],[-49.586059,-27.453436],[-49.585903,-27.453422],[-49.585473,-27.453344],[-49.581115,-27.4533],[-49.581193,-27.453374],[-49.581207,-27.453387],[-49.581264,-27.453441],[-49.581274,-27.453447],[-49.581388,-27.453514],[-49.581407,-27.453542],[-49.581409,-27.453545],[-49.581454,-27.453588],[-49.58157,-27.453657],[-49.581631,-27.453682],[-49.581653,-27.453691],[-49.58183630854007,-27.4536841012915],[-49.581839723114605,-27.453684136238984],[-49.581908,-27.453697],[-49.582053,-27.453743],[-49.582055,-27.453744],[-49.582066,-27.453753],[-49.582082,-27.453764],[-49.582085,-27.453766],[-49.582086,-27.453767],[-49.582101,-27.453788],[-49.582102,-27.453768],[-49.582102,-27.453766],[-49.582102,-27.453764],[-49.582112,-27.453753],[-49.58215587411873,-27.453745022887503],[-49.58215616921435,-27.453745025879844],[-49.582241,-27.453758],[-49.582313,-27.45377],[-49.582429,-27.453805],[-49.582581,-27.453819],[-49.582705,-27.45385],[-49.582802,-27.453852],[-49.582826,-27.453854],[-49.58284,-27.453856],[-49.582863,-27.453858],[-49.582987,-27.453871],[-49.583059,-27.453886],[-49.583121,-27.453898],[-49.583166,-27.453933],[-49.583168,-27.453933],[-49.583182,-27.453899],[-49.583187,-27.453887],[-49.583219,-27.453874],[-49.583247,-27.453862],[-49.583267940474904,-27.453860324762008],[-49.58327401665414,-27.45386038616781],[-49.583366,-27.453878],[-49.58346,-27.453885],[-49.583608,-27.45392],[-49.58705,-27.453955],[-49.58696,-27.453921],[-49.586942,-27.453914],[-49.586897,-27.453897],[-49.586894,-27.453896],[-49.586889,-27.453893],[-49.586887,-27.453892],[-49.586825,-27.453862],[-49.5868,-27.45385],[-49.586728,-27.453815]]],[[[-49.58417,-27.453926],[-49.583608,-27.45392],[-49.583633,-27.453926],[-49.583943,-27.453933],[-49.584035,-27.45393],[-49.58417,-27.453926]]],[[[-49.585384,-27.453343],[-49.585473,-27.453344],[-49.585467,-27.453343],[-49.585384,-27.453343]]],[[[-49.583857,-27.453021],[-49.583795,-27.453015],[-49.583054,-27.453007],[-49.583049,-27.453013],[-49.583044,-27.453014],[-49.583013,-27.453023],[-49.583921,-27.453033],[-49.583871,-27.453022],[-49.583857,-27.453021]]],[[[-49.583542,-27.452989],[-49.583419,-27.452976],[-49.583347,-27.452973],[-49.583321,-27.452972],[-49.583317,-27.452973],[-49.583305,-27.452975],[-49.583255,-27.452986],[-49.583239,-27.453001],[-49.583179,-27.453008],[-49.583795,-27.453015],[-49.583711,-27.453006],[-49.583542,-27.452989]]],[[[-49.582533,-27.484043],[-49.582545,-27.484029],[-49.582575,-27.484018],[-49.58259,-27.48401],[-49.58267,-27.483961],[-49.582693,-27.483947],[-49.582811,-27.483916],[-49.582839,-27.483903],[-49.582845,-27.483889],[-49.58287,-27.483832],[-49.582881,-27.483781],[-49.582886,-27.483754],[-49.582891,-27.483729],[-49.582886,-27.483697],[-49.582882,-27.483673],[-49.582847,-27.483586],[-49.582817,-27.483509],[-49.582825,-27.483448],[-49.582829,-27.483415],[-49.58282,-27.483331],[-49.582818,-27.483314],[-49.582832,-27.483238],[-49.582844,-27.483169],[-49.582851,-27.483132],[-49.582854,-27.483114],[-49.582855,-27.483107],[-49.582856,-27.483102],[-49.582858,-27.48309],[-49.582866,-27.483046],[-49.582876,-27.482992],[-49.582877,-27.482979],[-49.582887,-27.482857],[-49.582926,-27.482698],[-49.582943,-27.482522],[-49.582947,-27.482478],[-49.582938,-27.482408],[-49.582932,-27.48236],[-49.582866,-27.482224],[-49.582846,-27.482183],[-49.582836,-27.482115],[-49.582842,-27.482091],[-49.582871,-27.481965],[-49.582872,-27.481953],[-49.58288,-27.481845],[-49.582886,-27.48175],[-49.582889,-27.481705],[-49.582883,-27.481547],[-49.582889,-27.48139],[-49.58289,-27.481384],[-49.582873,-27.481312],[-49.58288,-27.481272],[-49.582901,-27.481141],[-49.582905,-27.481113],[-49.582909,-27.481086],[-49.582916,-27.481046],[-49.582915,-27.481007],[-49.582913,-27.480939],[-49.582913,-27.480934],[-49.58291,-27.480913],[-49.58291,-27.48091],[-49.582908,-27.480895],[-49.582902,-27.480851],[-49.5829,-27.480828],[-49.582898,-27.480817],[-49.582893,-27.480776],[-49.582891,-27.480761],[-49.582889,-27.480745],[-49.582889,-27.480743],[-49.582892,-27.480723],[-49.582893,-27.48071],[-49.582,-27.480701],[-49.581975,-27.480714],[-49.581899,-27.480733],[-49.581899,-27.480735],[-49.581895,-27.48075],[-49.581898,-27.480766],[-49.581935,-27.480807],[-49.58197,-27.480819],[-49.581989,-27.480842],[-49.582072,-27.480887],[-49.58211,-27.480902],[-49.58214,-27.480905],[-49.582189,-27.480926],[-49.5822,-27.480931],[-49.582306,-27.481001],[-49.582337,-27.48104],[-49.582369,-27.48108],[-49.582375,-27.481107],[-49.582392,-27.481136],[-49.58243,-27.481267],[-49.582435,-27.481308],[-49.582445,-27.48138],[-49.582445,-27.481386],[-49.582445,-27.481542],[-49.582444,-27.4817],[-49.582444,-27.481746],[-49.58245,-27.48184],[-49.582473,-27.481949],[-49.582477,-27.481961],[-49.582515,-27.482088],[-49.582519,-27.482112],[-49.582529,-27.48218],[-49.582535,-27.48222],[-49.582533,-27.482356],[-49.582532,-27.482404],[-49.582521,-27.482473],[-49.582514,-27.482518],[-49.582459,-27.482693],[-49.582366,-27.482852],[-49.582295,-27.482973],[-49.582283,-27.482986],[-49.582232,-27.48304],[-49.582174,-27.483084],[-49.582142,-27.483095],[-49.58206,-27.483099],[-49.582049,-27.483106],[-49.582048,-27.483123],[-49.582023,-27.483161],[-49.581944,-27.483229],[-49.581878,-27.483305],[-49.581864,-27.483321],[-49.581815,-27.483404],[-49.581795,-27.483437],[-49.581765,-27.483499],[-49.581728,-27.483574],[-49.581702,-27.483661],[-49.581695,-27.483685],[-49.581691,-27.483717],[-49.581687,-27.483742],[-49.581691,-27.483769],[-49.58171,-27.48382],[-49.581732,-27.483878],[-49.581733,-27.483891],[-49.581734,-27.483905],[-49.581737,-27.483937],[-49.581738,-27.483951],[-49.581734,-27.484001],[-49.58173,-27.48401],[-49.581724,-27.484021],[-49.581718,-27.484035],[-49.581716,-27.484038],[-49.58171,-27.484051],[-49.581705,-27.484061],[-49.581693,-27.484087],[-49.581691,-27.484094],[-49.58168,-27.484151],[-49.581667,-27.484184],[-49.581633,-27.484276],[-49.581615,-27.484323],[-49.581576,-27.484429],[-49.581567,-27.484498],[-49.581545,-27.484552],[-49.581523,-27.484583],[-49.581495,-27.48462],[-49.581485,-27.484647],[-49.581451,-27.484673],[-49.581424,-27.484723],[-49.581403,-27.484741],[-49.581367,-27.484772],[-49.581394,-27.484826],[-49.581418,-27.484828],[-49.581443,-27.484841],[-49.581464,-27.484934],[-49.581454,-27.484985],[-49.581369,-27.485184],[-49.581364,-27.48522],[-49.581351,-27.485309],[-49.581357,-27.485428],[-49.581348,-27.485455],[-49.581314,-27.485552],[-49.581309,-27.485566],[-49.581298,-27.485606],[-49.581279,-27.485674],[-49.581276,-27.485702],[-49.581275,-27.485714],[-49.581261,-27.485756],[-49.581252,-27.485782],[-49.581251,-27.485783],[-49.58122,-27.48582],[-49.581212,-27.485829],[-49.581209,-27.485833],[-49.581209,-27.485834],[-49.581204,-27.485844],[-49.58119,-27.48587],[-49.581173,-27.485903],[-49.581153,-27.48593],[-49.581134,-27.485957],[-49.581093,-27.486037],[-49.581026,-27.486169],[-49.581016,-27.486185],[-49.580968,-27.486262],[-49.580949,-27.486292],[-49.580864,-27.486394],[-49.580855,-27.486415],[-49.580849,-27.486431],[-49.580818,-27.486476],[-49.580739,-27.486589],[-49.580721,-27.486609],[-49.580641,-27.486696],[-49.580586,-27.486774],[-49.580539,-27.486829],[-49.580415,-27.486975],[-49.580412,-27.486978],[-49.580368,-27.487043],[-49.580354,-27.487057],[-49.580301,-27.48711],[-49.580209,-27.487202],[-49.580208,-27.487204],[-49.580167,-27.48726],[-49.580157,-27.487271],[-49.580092,-27.487336],[-49.579953,-27.487455],[-49.579869,-27.487501],[-49.579836,-27.487535],[-49.579808,-27.487555],[-49.579652,-27.487667],[-49.579614,-27.487694],[-49.579554,-27.487728],[-49.579459,-27.48778],[-49.579451,-27.487787],[-49.579388,-27.487836],[-49.579364,-27.487856],[-49.579268,-27.487917],[-49.579223,-27.487946],[-49.579199,-27.487961],[-49.579127,-27.488024],[-49.579118,-27.488032],[-49.579039,-27.488086],[-49.579014,-27.488103],[-49.578959,-27.488157],[-49.578953,-27.488163],[-49.578726,-27.488277],[-49.578698,-27.488292],[-49.578687,-27.488297],[-49.57863,-27.488326],[-49.578629,-27.488327],[-49.578612,-27.48834],[-49.578504,-27.488424],[-49.578495,-27.488431],[-49.579283,-27.488439],[-49.579305,-27.488432],[-49.579406,-27.488348],[-49.579461,-27.488335],[-49.579462,-27.488334],[-49.579493361856414,-27.488305578317622],[-49.57949628531856,-27.488305609418283],[-49.579524,-27.488313],[-49.579533,-27.488306],[-49.57954,-27.4883],[-49.579596,-27.488286],[-49.579775,-27.488171],[-49.579785,-27.488165],[-49.579824,-27.488112],[-49.579837,-27.488094],[-49.579899,-27.48804],[-49.579908,-27.488032],[-49.580002,-27.487969],[-49.580024,-27.487954],[-49.580054,-27.487925],[-49.5801,-27.487864],[-49.580115,-27.487844],[-49.580169,-27.487794],[-49.580175,-27.487787],[-49.580218,-27.487734],[-49.580239,-27.4877],[-49.580256,-27.487673],[-49.580396,-27.487561],[-49.580413,-27.487541],[-49.580442,-27.487507],[-49.580481,-27.48746],[-49.580583,-27.487341],[-49.580638,-27.487276],[-49.58065,-27.487265],[-49.580711,-27.487209],[-49.580713,-27.487207],[-49.580773,-27.487115],[-49.580831,-27.487062],[-49.580843,-27.487048],[-49.580897,-27.486983],[-49.5809,-27.48698],[-49.581053,-27.486834],[-49.581095,-27.486779],[-49.581155,-27.486701],[-49.581222,-27.486614],[-49.581233,-27.486594],[-49.581297,-27.48648],[-49.581329,-27.486436],[-49.58134,-27.48642],[-49.581351,-27.486399],[-49.581402,-27.486297],[-49.581417,-27.486267],[-49.581478,-27.48619],[-49.581488,-27.486174],[-49.581567,-27.486042],[-49.581592,-27.485961],[-49.5816,-27.485934],[-49.581619,-27.485907],[-49.581641,-27.485874],[-49.581668,-27.485849],[-49.581704833088445,-27.485839307081985],[-49.581706690248566,-27.485839326959844],[-49.581763,-27.485866],[-49.58182,-27.485876],[-49.581848,-27.485881],[-49.581849,-27.485876],[-49.581853,-27.485867],[-49.581863,-27.485841],[-49.581863,-27.48584],[-49.581844,-27.485835],[-49.5818,-27.485825],[-49.581733,-27.485788],[-49.581731,-27.485786],[-49.581705,-27.485761],[-49.581696,-27.485719],[-49.581693,-27.485707],[-49.581695,-27.485678],[-49.5817,-27.48561],[-49.58171,-27.48557],[-49.581713,-27.485556],[-49.581755,-27.485459],[-49.58176,-27.485432],[-49.581784,-27.485313],[-49.581802,-27.485224],[-49.581813,-27.485189],[-49.581874,-27.484989],[-49.581889,-27.484939],[-49.581918,-27.484846],[-49.581922,-27.484833],[-49.581922,-27.484831],[-49.581938,-27.484778],[-49.581948,-27.484746],[-49.581952,-27.484728],[-49.581964,-27.484679],[-49.58197,-27.484652],[-49.581977,-27.484625],[-49.581986,-27.484587],[-49.581996,-27.484557],[-49.582015,-27.484503],[-49.582039,-27.484434],[-49.582075,-27.484328],[-49.582123,-27.484281],[-49.582276,-27.484191],[-49.582301,-27.484157],[-49.582344,-27.4841],[-49.582351,-27.484094],[-49.582381,-27.484068],[-49.58241427220985,-27.484058214055924],[-49.58241997204716,-27.48405827244094],[-49.582488,-27.484062],[-49.582491,-27.484059],[-49.582501,-27.484046],[-49.582533,-27.484043]],[[-49.58169053449283,-27.485839154038914],[-49.581690534492886,-27.485839154038914],[-49.581204,-27.485844],[-49.58169053449283,-27.485839154038914]]],[[[-49.582951,-27.480261],[-49.582957,-27.480241],[-49.58296,-27.48019],[-49.582962,-27.480134],[-49.582948,-27.479896],[-49.582943,-27.47981],[-49.582897,-27.47957],[-49.582874,-27.479448],[-49.582864,-27.479394],[-49.582848,-27.47934],[-49.582793,-27.479146],[-49.582793,-27.479077],[-49.582793,-27.479042],[-49.582792,-27.479025],[-49.582792,-27.478985],[-49.582792,-27.478966],[-49.582792,-27.478953],[-49.582792,-27.478949],[-49.582792,-27.478938],[-49.582236,-27.478933],[-49.582238,-27.478943],[-49.582253,-27.478947],[-49.58226,-27.478961],[-49.58229,-27.47898],[-49.582319,-27.47902],[-49.582341,-27.479038],[-49.582359,-27.479072],[-49.582369,-27.479142],[-49.582395,-27.479335],[-49.582406,-27.479389],[-49.582417,-27.479444],[-49.582455,-27.479566],[-49.582496,-27.479805],[-49.582511,-27.479891],[-49.582503,-27.480129],[-49.582501,-27.480185],[-49.582508,-27.480237],[-49.58251,-27.480257],[-49.582511,-27.480392],[-49.582511,-27.480473],[-49.58251,-27.480487],[-49.582504,-27.480585],[-49.582491,-27.480629],[-49.582472,-27.480651],[-49.58247,-27.480652],[-49.582447071639926,-27.480661968852203],[-49.58244653934149,-27.480661962899983],[-49.582298,-27.48065],[-49.582271,-27.48066],[-49.582237,-27.480673],[-49.58218,-27.480686],[-49.582112,-27.480702],[-49.582893,-27.48071],[-49.582895,-27.480693],[-49.582896,-27.48068],[-49.582897,-27.480667],[-49.582898,-27.480656],[-49.582898,-27.480655],[-49.582901,-27.480634],[-49.582905,-27.480589],[-49.582915,-27.480491],[-49.582915,-27.480478],[-49.582913,-27.480396],[-49.582951,-27.480261]],[[-49.58244830478802,-27.4806619826414],[-49.58244830478799,-27.4806619826414],[-49.582898,-27.480656],[-49.58244830478802,-27.4806619826414]]],[[[-49.58275,-27.478648],[-49.582744,-27.478621],[-49.582734,-27.478567],[-49.582719,-27.478488],[-49.582704,-27.478414],[-49.582694,-27.478362],[-49.582688,-27.478217],[-49.582686,-27.478187],[-49.582681,-27.47816],[-49.582671,-27.478106],[-49.582663,-27.478065],[-49.58266,-27.478051],[-49.582658,-27.478042],[-49.582654,-27.478018],[-49.582653,-27.477995],[-49.582652,-27.477973],[-49.582651,-27.477946],[-49.58265,-27.477919],[-49.582653,-27.477916],[-49.582671,-27.477897],[-49.58269,-27.477893],[-49.582032,-27.477886],[-49.582033,-27.477891],[-49.582037,-27.47791],[-49.582041,-27.477913],[-49.582076,-27.47794],[-49.582129,-27.477967],[-49.582142,-27.47799],[-49.582142,-27.478012],[-49.582142,-27.478037],[-49.582158,-27.478046],[-49.582156,-27.47806],[-49.582182,-27.478101],[-49.582193,-27.478155],[-49.582204,-27.478182],[-49.582217,-27.478212],[-49.582238,-27.478357],[-49.582245,-27.47841],[-49.58224,-27.478484],[-49.58223,-27.478562],[-49.582209,-27.478615],[-49.582212,-27.478643],[-49.582197,-27.478683],[-49.58221,-27.47871],[-49.582209,-27.478735],[-49.582159,-27.478848],[-49.582169,-27.478859],[-49.582225,-27.47892],[-49.582228,-27.478932],[-49.582792,-27.478938],[-49.582792,-27.478925],[-49.582791,-27.478865],[-49.582789,-27.478855],[-49.582767,-27.47874],[-49.582763,-27.478716],[-49.582757,-27.478689],[-49.58275,-27.478648]]],[[[-49.582808,-27.477921],[-49.582912,-27.47793],[-49.582911,-27.477922],[-49.582911,-27.477917],[-49.582909,-27.477899],[-49.582908,-27.477895],[-49.58269,-27.477893],[-49.582716,-27.477897],[-49.582745,-27.477915],[-49.582808,-27.477921]]],[[[-49.582894,-27.477772],[-49.582857,-27.477751],[-49.582848,-27.477746],[-49.582814,-27.477698],[-49.58281,-27.477684],[-49.582802,-27.477647],[-49.582792,-27.477606],[-49.582782,-27.477565],[-49.58278,-27.477555],[-49.582769,-27.477526],[-49.58276,-27.477502],[-49.582747,-27.477469],[-49.582734,-27.477435],[-49.582707,-27.477365],[-49.582696,-27.477307],[-49.582688,-27.477266],[-49.58268,-27.477226],[-49.58268,-27.477212],[-49.582679,-27.477158],[-49.582689,-27.477104],[-49.582693,-27.477077],[-49.582699,-27.477063],[-49.58271,-27.477036],[-49.582743,-27.476956],[-49.582748,-27.476929],[-49.582772,-27.47678],[-49.582772,-27.476777],[-49.582771,-27.476726],[-49.58277,-27.476699],[-49.582775,-27.476672],[-49.582785,-27.476617],[-49.582792,-27.476577],[-49.5828,-27.476536],[-49.582808,-27.476493],[-49.582807,-27.476338],[-49.582807,-27.476337],[-49.582798,-27.476252],[-49.582791,-27.476189],[-49.582786,-27.476135],[-49.582784,-27.476118],[-49.582783,-27.47611],[-49.582781,-27.476089],[-49.582766,-27.476032],[-49.582723,-27.475872],[-49.582697,-27.475774],[-49.582696,-27.475769],[-49.582661,-27.475659],[-49.582645,-27.47561],[-49.582602,-27.475384],[-49.582573,-27.475299],[-49.582545,-27.47522],[-49.582544,-27.475217],[-49.582504,-27.475143],[-49.58248,-27.47511],[-49.582447,-27.475066],[-49.582443,-27.475059],[-49.582426,-27.475044],[-49.582424,-27.475043],[-49.582396,-27.475016],[-49.582384,-27.475006],[-49.582315,-27.474942],[-49.5823,-27.474928],[-49.582284,-27.474912],[-49.582217,-27.474841],[-49.582169,-27.47479],[-49.582099,-27.474716],[-49.58197,-27.474614],[-49.581964,-27.47461],[-49.581934,-27.474586],[-49.581916,-27.474578],[-49.581896,-27.47457],[-49.581887,-27.474566],[-49.581794,-27.474545],[-49.581743,-27.474539],[-49.581727,-27.474536],[-49.581636,-27.474525],[-49.581473,-27.474534],[-49.581444,-27.474535],[-49.581411,-27.474541],[-49.581301,-27.47456],[-49.58128,-27.474563],[-49.581189,-27.474571],[-49.581161,-27.474578],[-49.581071,-27.474601],[-49.58102763254134,-27.47460446939669],[-49.58101231705015,-27.47460431450396],[-49.580869,-27.474593],[-49.580717,-27.474564],[-49.577898,-27.474535],[-49.577911,-27.474563],[-49.577916,-27.474573],[-49.577962,-27.474674],[-49.577996,-27.474747],[-49.578032,-27.474798],[-49.578106,-27.474869],[-49.578118,-27.474885],[-49.578128,-27.4749],[-49.578157,-27.474963],[-49.578158,-27.474966],[-49.578157,-27.474976],[-49.578156,-27.47498],[-49.578155,-27.474993],[-49.578153,-27.475003],[-49.578153,-27.475007],[-49.578152,-27.475013],[-49.58067,-27.475039],[-49.580717,-27.475033],[-49.580898,-27.475031],[-49.580955,-27.475022],[-49.580986,-27.475009],[-49.581072,-27.475006],[-49.581099,-27.474996],[-49.58110697543187,-27.47499300921305],[-49.58110715341155,-27.474993011023585],[-49.581274,-27.475005],[-49.581343,-27.475032],[-49.581347,-27.475033],[-49.581522734612605,-27.47503382893685],[-49.58155961259541,-27.475034204198472],[-49.581562,-27.475035],[-49.581599,-27.475051],[-49.581614,-27.475057],[-49.581661,-27.475102],[-49.581677,-27.475135],[-49.581715,-27.475208],[-49.581717,-27.475212],[-49.581748,-27.475291],[-49.581773,-27.475375],[-49.581841,-27.475601],[-49.581856,-27.475651],[-49.581899,-27.475761],[-49.581901,-27.475766],[-49.581925,-27.475864],[-49.581933,-27.476024],[-49.581955,-27.476081],[-49.581963,-27.476102],[-49.582,-27.47611],[-49.582026,-27.476127],[-49.582028,-27.476181],[-49.582055,-27.476244],[-49.582061,-27.476329],[-49.582061,-27.476331],[-49.582053,-27.476485],[-49.58205,-27.476529],[-49.58206,-27.476569],[-49.582047,-27.47661],[-49.582058,-27.476664],[-49.582045,-27.476691],[-49.582031,-27.476718],[-49.582032,-27.476769],[-49.582032,-27.476772],[-49.581979,-27.476921],[-49.581975,-27.476948],[-49.581962,-27.477029],[-49.581969,-27.477056],[-49.581966,-27.47707],[-49.581961,-27.477097],[-49.581973,-27.477151],[-49.581969,-27.477205],[-49.581972,-27.477218],[-49.581981,-27.477259],[-49.581976,-27.4773],[-49.581989,-27.477358],[-49.582004,-27.477428],[-49.582,-27.477462],[-49.582031,-27.477494],[-49.582039,-27.477519],[-49.582035,-27.477547],[-49.582033,-27.477558],[-49.582038,-27.477598],[-49.582018,-27.477639],[-49.582018,-27.477676],[-49.582014,-27.47769],[-49.582002,-27.477738],[-49.582001,-27.477743],[-49.582001,-27.477763],[-49.582002,-27.477805],[-49.582029,-27.477869],[-49.582032,-27.477886],[-49.582908,-27.477895],[-49.582906,-27.477878],[-49.582899,-27.477814],[-49.582894,-27.477772]]],[[[-49.583174,-27.456755],[-49.583146,-27.456728],[-49.581142,-27.456707],[-49.581158,-27.456734],[-49.581163,-27.456742],[-49.581182,-27.456773],[-49.581282,-27.456938],[-49.581311,-27.456984],[-49.581346,-27.457042],[-49.581365,-27.457074],[-49.581428,-27.457178],[-49.581476,-27.457257],[-49.581484,-27.457269],[-49.581491,-27.457281],[-49.584192,-27.457308],[-49.584137,-27.457296],[-49.584082,-27.457284],[-49.58394,-27.457203],[-49.583689,-27.457098],[-49.583649,-27.457066],[-49.583549,-27.457007],[-49.583448,-27.45696],[-49.583231,-27.456794],[-49.583203,-27.456763],[-49.583174,-27.456755]]],[[[-49.583146,-27.456728],[-49.583136,-27.456718],[-49.583087,-27.456727],[-49.583146,-27.456728]]],[[[-49.582891,-27.456644],[-49.582815,-27.456616],[-49.582759,-27.456571],[-49.582698,-27.456555],[-49.582691,-27.456548],[-49.582674,-27.456533],[-49.582668,-27.456528],[-49.582651,-27.456518],[-49.582633,-27.456508],[-49.582587,-27.456482],[-49.582574,-27.456475],[-49.582554,-27.456464],[-49.582507,-27.456441],[-49.582469,-27.456421],[-49.582438,-27.456413],[-49.582423,-27.456409],[-49.582286,-27.45634],[-49.582227,-27.456311],[-49.582203,-27.456293],[-49.582152,-27.456254],[-49.582082,-27.456219],[-49.581942,-27.45615],[-49.581913,-27.456144],[-49.580852,-27.456133],[-49.580858,-27.456139],[-49.580939,-27.456208],[-49.580968,-27.456242],[-49.580999,-27.456281],[-49.58101,-27.456299],[-49.581027,-27.456328],[-49.581046,-27.456395],[-49.581047,-27.456399],[-49.581052,-27.456407],[-49.581064,-27.456426],[-49.581067,-27.456449],[-49.58106,-27.456459],[-49.581055,-27.456467],[-49.581061,-27.456492],[-49.581047,-27.456502],[-49.58105,-27.456512],[-49.581052,-27.456517],[-49.581035,-27.456531],[-49.581039,-27.456539],[-49.581049,-27.456554],[-49.581076,-27.456598],[-49.581093,-27.456626],[-49.581126,-27.456681],[-49.581127,-27.456683],[-49.58113,-27.456688],[-49.581136,-27.456698],[-49.581142,-27.456707],[-49.583087,-27.456727],[-49.583063,-27.456717],[-49.583038,-27.456707],[-49.583027,-27.456703],[-49.58299900912297,-27.45670661172607],[-49.58299434818608,-27.45670656531213],[-49.582977,-27.456702],[-49.582966,-27.4567],[-49.582891,-27.456644]],[[-49.582959536600484,-27.456706628722085],[-49.58295953660068,-27.45670662872209],[-49.581136,-27.456698],[-49.582959536600484,-27.456706628722085]]],[[[-49.584756,-27.453235],[-49.584634,-27.453206],[-49.584498,-27.453187],[-49.584374,-27.45316],[-49.584324,-27.453142],[-49.584152,-27.45308],[-49.583931,-27.453035],[-49.583921,-27.453033],[-49.580794426229694,-27.453001036885247],[-49.582964,-27.453023],[-49.583013,-27.453023],[-49.58296276350116,-27.453022501965744],[-49.582892,-27.452994],[-49.582884,-27.452981],[-49.582869,-27.45298],[-49.582868,-27.452975],[-49.582867,-27.452971],[-49.58283237685754,-27.45297464454131],[-49.58282812464514,-27.452974602111425],[-49.582785,-27.452955],[-49.58277,-27.452944],[-49.582762,-27.452938],[-49.582793,-27.452919],[-49.582688,-27.452889],[-49.582572,-27.452856],[-49.582541,-27.45285],[-49.582159,-27.452781],[-49.582001,-27.452753],[-49.581858,-27.452727],[-49.581699,-27.452698],[-49.581604,-27.452681],[-49.581508,-27.452606],[-49.581288,-27.452434],[-49.58106,-27.452256],[-49.580937,-27.45216],[-49.580813,-27.452063],[-49.580733,-27.452],[-49.580718,-27.451989],[-49.580699,-27.451974],[-49.580694,-27.45197],[-49.580687,-27.451964],[-49.580638,-27.451926],[-49.580544,-27.451853],[-49.580519,-27.451811],[-49.580515,-27.451797],[-49.580478,-27.45167],[-49.580412,-27.451545],[-49.580402,-27.451491],[-49.580385,-27.451399],[-49.580316,-27.45128],[-49.580287,-27.451205],[-49.580265,-27.451068],[-49.580278,-27.450887],[-49.580266,-27.450799],[-49.580275,-27.450742],[-49.580305,-27.450542],[-49.580311,-27.450457],[-49.580323,-27.450289],[-49.580323,-27.450278],[-49.58039,-27.450103],[-49.580398,-27.450083],[-49.580427,-27.450032],[-49.580543,-27.449881],[-49.580606,-27.4498],[-49.580655,-27.449723],[-49.580679,-27.449695],[-49.580763,-27.449601],[-49.580765,-27.449599],[-49.580854,-27.449514],[-49.580899,-27.449472],[-49.580967,-27.449421],[-49.58112,-27.449328],[-49.581188,-27.449252],[-49.581266,-27.449199],[-49.581329,-27.449144],[-49.581433,-27.449086],[-49.581477,-27.44905],[-49.581531,-27.449005],[-49.581572,-27.448986],[-49.581628,-27.448941],[-49.581698,-27.448904],[-49.581782,-27.448828],[-49.58181,-27.448812],[-49.581848,-27.448811],[-49.581865,-27.448804],[-49.581872,-27.44879],[-49.58189,-27.44875],[-49.582015,-27.448652],[-49.582077,-27.448622],[-49.582125,-27.448598],[-49.582358,-27.448459],[-49.58248,-27.448376],[-49.582541,-27.448351],[-49.582648,-27.448324],[-49.582823,-27.448201],[-49.58285,-27.448196],[-49.582897,-27.448187],[-49.582924,-27.448167],[-49.582962,-27.448123],[-49.582993,-27.448103],[-49.583064,-27.448063],[-49.583183,-27.448013],[-49.583225,-27.447986],[-49.583263,-27.447961],[-49.583431,-27.447881],[-49.583438,-27.447878],[-49.583489,-27.447862],[-49.583527,-27.44785],[-49.58354,-27.447842],[-49.58357,-27.447827],[-49.583572,-27.447826],[-49.582069,-27.447811],[-49.582067,-27.447812],[-49.58206,-27.447827],[-49.582067,-27.447835],[-49.582078,-27.447847],[-49.582079,-27.447864],[-49.58208,-27.447868],[-49.582018,-27.447949],[-49.582,-27.447973],[-49.581965,-27.448001],[-49.581901,-27.448051],[-49.58185,-27.448092],[-49.581825,-27.448112],[-49.58177,-27.448155],[-49.581745,-27.448175],[-49.581734,-27.448184],[-49.581727,-27.44819],[-49.581562,-27.448313],[-49.581525,-27.448341],[-49.581491,-27.448366],[-49.58138,-27.448449],[-49.581194,-27.448589],[-49.581162,-27.448612],[-49.581123,-27.448643],[-49.580999,-27.448741],[-49.580951,-27.44878],[-49.580934,-27.448794],[-49.580926,-27.448801],[-49.580925,-27.448803],[-49.580906,-27.448819],[-49.580818,-27.448895],[-49.580774,-27.448932],[-49.580722,-27.448977],[-49.5807,-27.448997],[-49.580648,-27.449041],[-49.580613,-27.449077],[-49.580554,-27.449136],[-49.5805,-27.449191],[-49.580447,-27.449244],[-49.580372,-27.44932],[-49.580279,-27.449414],[-49.580228,-27.449465],[-49.580187,-27.449507],[-49.580113,-27.449592],[-49.580112,-27.449594],[-49.580052,-27.449689],[-49.580037,-27.449716],[-49.579995,-27.449794],[-49.579952,-27.449875],[-49.579887,-27.450026],[-49.579865,-27.450077],[-49.579857,-27.450098],[-49.579793,-27.450273],[-49.579789,-27.450283],[-49.579738,-27.450451],[-49.579727,-27.450536],[-49.579699,-27.450736],[-49.579698,-27.450794],[-49.579695,-27.450881],[-49.579689,-27.451062],[-49.579684,-27.451199],[-49.579682,-27.451274],[-49.579678,-27.451392],[-49.579675,-27.451483],[-49.579679,-27.451538],[-49.579689,-27.451662],[-49.5797,-27.451788],[-49.579703,-27.451803],[-49.579713,-27.451844],[-49.57973,-27.451917],[-49.57972,-27.451954],[-49.579704,-27.45196],[-49.579692028097654,-27.451963420543528],[-49.57968628946298,-27.451963360252236],[-49.579661,-27.451959],[-49.579652,-27.451963],[-49.57962,-27.451977],[-49.579607,-27.451989],[-49.579585,-27.452008],[-49.579583,-27.45201],[-49.579566,-27.452053],[-49.579556,-27.452079],[-49.579558,-27.452087],[-49.579564,-27.45212],[-49.579571,-27.452125],[-49.579592,-27.452141],[-49.57962,-27.452146],[-49.579626,-27.452148],[-49.579629,-27.452146],[-49.579642,-27.452141],[-49.579681,-27.452126],[-49.579687,-27.452122],[-49.579726,-27.452088],[-49.579728,-27.45208],[-49.579734,-27.452055],[-49.579731,-27.452012],[-49.579731,-27.45201],[-49.57977551368018,-27.451990646226005],[-49.579777496556424,-27.45199066559691],[-49.579824,-27.452053],[-49.579863,-27.452149],[-49.579918,-27.452244],[-49.580038,-27.452421],[-49.580138,-27.452592],[-49.580201,-27.452667],[-49.580215,-27.452683],[-49.580227,-27.45271],[-49.580287,-27.452735],[-49.580326,-27.452763],[-49.580387,-27.452829],[-49.580391,-27.452834],[-49.580411,-27.452866],[-49.580447,-27.452895],[-49.580473,-27.452915],[-49.58048,-27.452921],[-49.58051,-27.452932],[-49.580563,-27.452952],[-49.580576,-27.452956],[-49.580579,-27.452958],[-49.580615,-27.452971],[-49.580692,-27.453],[-49.580693025965225,-27.45300001038609],[-49.580698,-27.453002],[-49.580766,-27.453046],[-49.580862,-27.453107],[-49.580886,-27.453125],[-49.580921,-27.453151],[-49.580945,-27.453169],[-49.580982,-27.453196],[-49.581005,-27.453213],[-49.581031,-27.453233],[-49.581064,-27.453257],[-49.581092,-27.453278],[-49.581101,-27.453287],[-49.581103,-27.453288],[-49.581115,-27.4533],[-49.585384,-27.453343],[-49.585309,-27.453331],[-49.585217,-27.453329],[-49.585183,-27.45332],[-49.585098,-27.453298],[-49.584907,-27.453272],[-49.584801,-27.453252],[-49.584756,-27.453235]],[[-49.58265521548279,-27.45297323607948],[-49.58265521548336,-27.452973236079487],[-49.580576,-27.452956],[-49.58265521548279,-27.45297323607948]]],[[[-49.583054,-27.453007],[-49.583179,-27.453008],[-49.583125,-27.452973],[-49.583122,-27.452971],[-49.5831,-27.45297],[-49.58309,-27.452972],[-49.583054,-27.453007]]],[[[-49.582,-27.480701],[-49.582112,-27.480702],[-49.582029,-27.480685],[-49.582,-27.480701]]],[[[-49.581847,-27.456143],[-49.581913,-27.456144],[-49.581889,-27.456139],[-49.581847,-27.456143]]],[[[-49.582069,-27.447811],[-49.582118,-27.447811],[-49.582078,-27.447805],[-49.582069,-27.447811]]],[[[-49.57996,-27.475086],[-49.580059,-27.47509],[-49.580104,-27.475104],[-49.580116,-27.475108],[-49.580142,-27.475104],[-49.580174,-27.475091],[-49.580182,-27.475089],[-49.580229117891825,-27.475069367545075],[-49.58023984955747,-27.475069469026547],[-49.580293,-27.475072],[-49.580296,-27.47507],[-49.580305,-27.475065],[-49.58033194198948,-27.475050566791353],[-49.58035624990097,-27.475050826138613],[-49.58053,-27.475057],[-49.58056,-27.475053],[-49.58067,-27.475039],[-49.57946,-27.475027],[-49.579529,-27.475042],[-49.579598,-27.475058],[-49.579604,-27.475059],[-49.579715,-27.475066],[-49.579748,-27.475068],[-49.579768,-27.475066],[-49.579834,-27.475062],[-49.57984633027523,-27.475060458715596],[-49.57985197255575,-27.47506051457976],[-49.579873,-27.475066],[-49.57996,-27.475086]],[[-49.57976517241368,-27.475059655172412],[-49.57976517241387,-27.475059655172416],[-49.579604,-27.475059],[-49.57976517241368,-27.475059655172412]]],[[[-49.580717,-27.474564],[-49.580715,-27.474563],[-49.580614,-27.474544],[-49.580521,-27.474526],[-49.580511,-27.474524],[-49.580507,-27.474526],[-49.580474,-27.474542],[-49.580402,-27.47456],[-49.58029,-27.474559],[-49.580717,-27.474564]]],[[[-49.580225,-27.474553],[-49.58019,-27.474549],[-49.58016,-27.474552],[-49.580126,-27.474555],[-49.580265,-27.474557],[-49.580225,-27.474553]]],[[[-49.581572,-27.455894],[-49.581542,-27.455878],[-49.581533,-27.45587],[-49.581513,-27.455851],[-49.581483,-27.455822],[-49.581454,-27.455796],[-49.581435,-27.455777],[-49.579912,-27.455762],[-49.580079,-27.455782],[-49.580154,-27.455809],[-49.580203,-27.455838],[-49.580298,-27.455857],[-49.580311,-27.455866],[-49.580335,-27.455881],[-49.580353,-27.455893],[-49.58045,-27.455908],[-49.580487,-27.455913],[-49.580531,-27.455928],[-49.580573,-27.455942],[-49.580623,-27.455968],[-49.580627,-27.455971],[-49.580669,-27.456],[-49.580793,-27.456083],[-49.580843,-27.456125],[-49.580846,-27.456128],[-49.580852,-27.456133],[-49.581847,-27.456143],[-49.581831,-27.456139],[-49.581821,-27.456135],[-49.581787,-27.456093],[-49.581721,-27.45601],[-49.581676,-27.455982],[-49.581673,-27.455979],[-49.581648,-27.455953],[-49.581635,-27.45594],[-49.581601,-27.455925],[-49.58159,-27.455919],[-49.58158,-27.455906],[-49.581572,-27.455894]]],[[[-49.581239,-27.455683],[-49.581103,-27.455644],[-49.581032,-27.455617],[-49.580946,-27.455584],[-49.580908,-27.455556],[-49.580859,-27.455519],[-49.580812,-27.455468],[-49.578943,-27.455449],[-49.578906,-27.455499],[-49.578879,-27.455535],[-49.578853,-27.455562],[-49.578822,-27.455594],[-49.578807,-27.455621],[-49.578785,-27.455658],[-49.578768,-27.455677],[-49.578744,-27.455704],[-49.578739,-27.455709],[-49.578715,-27.455746],[-49.578713,-27.45575],[-49.581435,-27.455777],[-49.581431,-27.455773],[-49.581377,-27.455736],[-49.581369,-27.45573],[-49.581309,-27.455703],[-49.581239,-27.455683]]],[[[-49.578745,-27.488805],[-49.578749,-27.488802],[-49.578754,-27.488798],[-49.578775,-27.488783],[-49.578779,-27.488778],[-49.578851,-27.488709],[-49.578854,-27.488708],[-49.578974,-27.488655],[-49.578979,-27.488652],[-49.579069,-27.488598],[-49.579081,-27.488587],[-49.579139,-27.488536],[-49.579153,-27.488517],[-49.57917,-27.488495],[-49.579219,-27.488461],[-49.579252,-27.488439],[-49.578495,-27.488431],[-49.578466,-27.488454],[-49.578432,-27.488488],[-49.578411,-27.48851],[-49.578381,-27.488528],[-49.5783,-27.488579],[-49.578287,-27.48859],[-49.578221,-27.488644],[-49.578216,-27.488648],[-49.578124,-27.4887],[-49.578121,-27.488702],[-49.577971,-27.48877],[-49.577958,-27.488774],[-49.577909,-27.48879],[-49.577875,-27.488793],[-49.57785593052739,-27.488795487322516],[-49.57784129096326,-27.488795330685203],[-49.577788,-27.488792],[-49.577662,-27.488767],[-49.577658,-27.488764],[-49.577558,-27.488701],[-49.577548,-27.488763],[-49.577547,-27.488766],[-49.577531,-27.48879],[-49.57753,-27.488792],[-49.577514,-27.488816],[-49.577509,-27.488825],[-49.577502,-27.488836],[-49.577473,-27.488881],[-49.577422,-27.488921],[-49.577411,-27.488929],[-49.577408,-27.488932],[-49.577304,-27.488961],[-49.577299,-27.488964],[-49.577284,-27.488975],[-49.577398,-27.488976],[-49.577438,-27.488965],[-49.577444,-27.488962],[-49.577493,-27.488933],[-49.577498,-27.48893],[-49.577557931620234,-27.488922389635526],[-49.57756143666428,-27.48892242546776],[-49.5776,-27.48896],[-49.577615,-27.488974],[-49.577619,-27.488978],[-49.577623,-27.489006],[-49.577613,-27.489035],[-49.5776,-27.489048],[-49.577587,-27.489061],[-49.577555,-27.489117],[-49.577532,-27.489155],[-49.57749,-27.489212],[-49.577443,-27.489273],[-49.577438,-27.48929],[-49.577429,-27.489317],[-49.577425,-27.489331],[-49.577411,-27.489374],[-49.5774,-27.489409],[-49.577391,-27.489436],[-49.577386,-27.489452],[-49.577382,-27.489466],[-49.577351,-27.489541],[-49.577319,-27.489621],[-49.577244,-27.489739],[-49.577224,-27.489771],[-49.57722,-27.489778],[-49.577212,-27.489791],[-49.577203,-27.489805],[-49.577193,-27.489817],[-49.577192,-27.489818],[-49.577137,-27.489881],[-49.577131,-27.489887],[-49.577119,-27.489921],[-49.57711,-27.489943],[-49.577105,-27.489958],[-49.577088,-27.490004],[-49.57706,-27.490078],[-49.577054,-27.490085],[-49.577035,-27.490109],[-49.577019,-27.49013],[-49.57698,-27.490207],[-49.576977,-27.490214],[-49.57693,-27.490287],[-49.576822,-27.490417],[-49.576808,-27.490434],[-49.576787,-27.490469],[-49.576735,-27.490556],[-49.576687,-27.490677],[-49.576661,-27.490724],[-49.576642,-27.490758],[-49.576637,-27.490785],[-49.576625,-27.490849],[-49.576598,-27.490988],[-49.576599,-27.491022],[-49.5766,-27.491055],[-49.576589,-27.49113],[-49.576585,-27.491152],[-49.576582,-27.491172],[-49.576582,-27.491177],[-49.576573,-27.491234],[-49.576562,-27.491312],[-49.576558,-27.491338],[-49.576556,-27.491353],[-49.576561,-27.49138],[-49.576553,-27.491434],[-49.576557,-27.491515],[-49.576561,-27.491533],[-49.576612,-27.491748],[-49.576629,-27.49182],[-49.576653,-27.491949],[-49.576667,-27.492023],[-49.576672,-27.492048],[-49.576673,-27.49206],[-49.576679,-27.492139],[-49.576689,-27.492275],[-49.576693,-27.492326],[-49.576707,-27.492505],[-49.576709,-27.492529],[-49.576739,-27.492558],[-49.576771,-27.492567],[-49.57678,-27.492682],[-49.576782,-27.492707],[-49.576767,-27.492768],[-49.576751,-27.49283],[-49.576747,-27.492892],[-49.576745,-27.492921],[-49.576713,-27.492965],[-49.576706,-27.492992],[-49.576655,-27.493033],[-49.576646,-27.49306],[-49.576641,-27.493073],[-49.576616,-27.493093],[-49.576587,-27.493167],[-49.576603,-27.493222],[-49.576568,-27.493275],[-49.576482,-27.49341],[-49.576474,-27.493422],[-49.576399,-27.493506],[-49.576354,-27.493585],[-49.576322,-27.49364],[-49.576318,-27.493657],[-49.576322,-27.493667],[-49.576327,-27.493679],[-49.576328,-27.493681],[-49.576292,-27.493745],[-49.576268,-27.493787],[-49.576249,-27.493821],[-49.576234,-27.493848],[-49.576202,-27.493905],[-49.576186,-27.493921],[-49.576182,-27.493925],[-49.576144,-27.493934],[-49.576128,-27.493961],[-49.576086,-27.494035],[-49.576075,-27.494056],[-49.57605,-27.494114],[-49.576044,-27.494128],[-49.576027,-27.494147],[-49.575945,-27.494241],[-49.57592,-27.494271],[-49.575896,-27.494317],[-49.57589,-27.494325],[-49.575846,-27.494378],[-49.57584,-27.494392],[-49.575814,-27.494446],[-49.575811,-27.494453],[-49.575739,-27.49454],[-49.575737,-27.494543],[-49.575722,-27.494567],[-49.575668,-27.494657],[-49.57565,-27.494687],[-49.57561,-27.494735],[-49.575535,-27.494822],[-49.575501,-27.494849],[-49.575461,-27.494908],[-49.575415,-27.494956],[-49.575329,-27.495045],[-49.575316,-27.495053],[-49.575067,-27.495217],[-49.574991,-27.495266],[-49.574927,-27.495308],[-49.574895,-27.495319],[-49.574844,-27.495322],[-49.575584,-27.49533],[-49.575587,-27.495326],[-49.575594,-27.495315],[-49.575619,-27.495273],[-49.575666,-27.495223],[-49.575784,-27.495058],[-49.575792,-27.495049],[-49.575876,-27.494961],[-49.575913,-27.494913],[-49.57596,-27.494854],[-49.575981,-27.494826],[-49.576049,-27.494739],[-49.576094,-27.494692],[-49.576123,-27.494662],[-49.576171,-27.494572],[-49.576195,-27.494547],[-49.576198,-27.494544],[-49.576247,-27.494457],[-49.576251,-27.494451],[-49.576297,-27.494396],[-49.576305,-27.494383],[-49.576336,-27.494329],[-49.576342,-27.494322],[-49.576377,-27.494275],[-49.5764,-27.494246],[-49.576491,-27.494152],[-49.576502,-27.494132],[-49.576509,-27.494119],[-49.576525,-27.49406],[-49.57653,-27.49404],[-49.576567,-27.493966],[-49.576586,-27.493939],[-49.576593,-27.49393],[-49.576595,-27.493926],[-49.576613,-27.493909],[-49.576673,-27.493852],[-49.57669,-27.493825],[-49.576701,-27.493791],[-49.576702,-27.493749],[-49.576745,-27.493685],[-49.576746,-27.493683],[-49.576746,-27.493672],[-49.576754,-27.493661],[-49.576767,-27.493645],[-49.576811,-27.493589],[-49.576857,-27.493511],[-49.576905,-27.493427],[-49.576912,-27.493414],[-49.576969,-27.493279],[-49.576998,-27.493226],[-49.577027,-27.493172],[-49.577044,-27.493098],[-49.577049,-27.493077],[-49.577052,-27.493064],[-49.577067,-27.493037],[-49.577089,-27.492996],[-49.577104,-27.492969],[-49.577114,-27.492925],[-49.577121,-27.492896],[-49.577125,-27.492834],[-49.577128,-27.492772],[-49.577124,-27.492711],[-49.577123,-27.492685],[-49.577138,-27.492571],[-49.577139,-27.492562],[-49.577142,-27.492533],[-49.577146,-27.49251],[-49.577142,-27.49233],[-49.577134,-27.492279],[-49.577092,-27.492143],[-49.577099,-27.492065],[-49.577096,-27.492053],[-49.577089,-27.492027],[-49.57709,-27.491954],[-49.577063,-27.491825],[-49.577048,-27.491753],[-49.577045,-27.491538],[-49.577042,-27.49152],[-49.577029,-27.491439],[-49.57702,-27.491384],[-49.577016,-27.491357],[-49.57702,-27.491342],[-49.577042,-27.491317],[-49.577038,-27.491239],[-49.577027,-27.491182],[-49.577018,-27.491177],[-49.577019,-27.491157],[-49.577,-27.491134],[-49.576995,-27.491059],[-49.576993,-27.491026],[-49.576999,-27.490992],[-49.577023,-27.490853],[-49.57705,-27.490789],[-49.577056,-27.490762],[-49.577065,-27.490728],[-49.577089,-27.490681],[-49.577151,-27.49056],[-49.577195,-27.490473],[-49.577224,-27.490438],[-49.577238,-27.490421],[-49.57738,-27.490291],[-49.57746,-27.490219],[-49.577468,-27.490212],[-49.577515,-27.490135],[-49.577528,-27.490114],[-49.577552,-27.49009],[-49.577555,-27.490083],[-49.577592,-27.490009],[-49.5776,-27.489963],[-49.577616,-27.489949],[-49.577617,-27.489927],[-49.577631,-27.489892],[-49.577633,-27.489886],[-49.577638,-27.489822],[-49.577654,-27.489822],[-49.577681,-27.48981],[-49.577714,-27.489796],[-49.57773,-27.489783],[-49.57776,-27.489777],[-49.577786,-27.489745],[-49.577843,-27.489626],[-49.57788,-27.489547],[-49.57794,-27.489471],[-49.577951,-27.489458],[-49.577979,-27.489442],[-49.577997,-27.489415],[-49.578036,-27.48938],[-49.578041,-27.489337],[-49.578053,-27.489323],[-49.578044,-27.489296],[-49.578055,-27.48928],[-49.578096,-27.489218],[-49.57818,-27.489162],[-49.578237,-27.489124],[-49.57829,-27.489069],[-49.578303,-27.489055],[-49.578321,-27.489042],[-49.578362,-27.489013],[-49.578399,-27.488986],[-49.578404,-27.488982],[-49.578441,-27.488968],[-49.578498,-27.488932],[-49.578559,-27.488892],[-49.57862714182963,-27.488847559676334],[-49.57864231034488,-27.48884771551724],[-49.578668,-27.488849],[-49.57867,-27.488848],[-49.578683,-27.488837],[-49.578714,-27.488828],[-49.578745,-27.488805]]],[[[-49.579281,-27.48844],[-49.579283,-27.488439],[-49.579252,-27.488439],[-49.579281,-27.48844]]],[[[-49.578629,-27.4753],[-49.578653,-27.475297],[-49.578443,-27.475295],[-49.578629,-27.4753]]],[[[-49.578672,-27.475208],[-49.57862,-27.475167],[-49.578609,-27.475159],[-49.578601,-27.475137],[-49.578593,-27.475115],[-49.578602,-27.475106],[-49.578605,-27.475103],[-49.578609,-27.475102],[-49.578741,-27.475071],[-49.578769,-27.475065],[-49.578973,-27.47506],[-49.579177,-27.475037],[-49.579179,-27.475037],[-49.578151,-27.475026],[-49.578159,-27.475051],[-49.578162,-27.475059],[-49.578164,-27.475065],[-49.578207,-27.475098],[-49.578222,-27.475099],[-49.578283,-27.475103],[-49.578294,-27.475112],[-49.578322,-27.475134],[-49.578336,-27.475156],[-49.578341,-27.475164],[-49.578344,-27.475205],[-49.57834,-27.475214],[-49.578333,-27.475239],[-49.578299,-27.475271],[-49.578285,-27.475278],[-49.578264,-27.475287],[-49.578252,-27.475293],[-49.578653,-27.475297],[-49.578708,-27.475292],[-49.57872,-27.475282],[-49.578716,-27.475275],[-49.578698,-27.475242],[-49.578685,-27.475218],[-49.578672,-27.475208]]],[[[-49.579316,-27.475039],[-49.579319,-27.475038],[-49.579315204081624,-27.475037959183673],[-49.579321,-27.475038],[-49.579392,-27.475028],[-49.57946,-27.475027],[-49.578152,-27.475013],[-49.578152,-27.475015],[-49.578151,-27.475026],[-49.57922349999991,-27.475037],[-49.579179,-27.475037],[-49.57924780412377,-27.475037484536085],[-49.579316,-27.475039]]],[[[-49.579812,-27.474552],[-49.579787,-27.474553],[-49.5802489607843,-27.474558588235293],[-49.58012648437539,-27.474557359375],[-49.577898,-27.474534],[-49.577898,-27.474535],[-49.580283,-27.474559],[-49.58029,-27.474559],[-49.58028230514706,-27.474558922794117],[-49.580265,-27.474557],[-49.579812,-27.474552]]],[[[-49.580005,-27.474542],[-49.579812,-27.474552],[-49.580126,-27.474555],[-49.580048,-27.474542],[-49.580036,-27.47454],[-49.580005,-27.474542]]],[[[-49.577891,-27.47452],[-49.577893,-27.474523],[-49.577897,-27.474532],[-49.577898,-27.474534],[-49.579787,-27.474553],[-49.579459,-27.474548],[-49.579411,-27.474539],[-49.579397,-27.474536],[-49.577891,-27.47452]]],[[[-49.57938,-27.474532],[-49.579351,-27.474533],[-49.579307,-27.474535],[-49.579397,-27.474536],[-49.579387,-27.474534],[-49.57938,-27.474532]]],[[[-49.578701,-27.474432],[-49.578671,-27.474418],[-49.578565,-27.474402],[-49.578444,-27.474368],[-49.57839,-27.474338],[-49.578355,-27.474318],[-49.578269,-27.474204],[-49.578239,-27.474177],[-49.578235,-27.474168],[-49.578228,-27.474147],[-49.578193,-27.474109],[-49.578173,-27.474075],[-49.578159,-27.474052],[-49.57812,-27.473949],[-49.57808,-27.473917],[-49.578064,-27.473889],[-49.578043,-27.47384],[-49.57798,-27.473698],[-49.577953,-27.473606],[-49.577941,-27.473562],[-49.57791,-27.473497],[-49.577906,-27.473484],[-49.577874,-27.473386],[-49.577865,-27.473358],[-49.577852,-27.473253],[-49.577861,-27.473223],[-49.577863,-27.473216],[-49.577862,-27.473166],[-49.577879,-27.473128],[-49.5779,-27.473104],[-49.577906,-27.47305],[-49.5779,-27.473032],[-49.577897,-27.473023],[-49.577861,-27.472981],[-49.577829,-27.472964],[-49.577818,-27.472949],[-49.57782,-27.472914],[-49.577815,-27.472898],[-49.577811,-27.472884],[-49.577809,-27.472851],[-49.577022,-27.472843],[-49.577036,-27.472876],[-49.577042,-27.47289],[-49.577052,-27.472906],[-49.577074,-27.472942],[-49.577084,-27.472957],[-49.577094,-27.472973],[-49.57712,-27.473015],[-49.577126,-27.473024],[-49.577134,-27.473042],[-49.577161,-27.473097],[-49.577172,-27.473121],[-49.577191,-27.473159],[-49.577215,-27.47321],[-49.577218,-27.473216],[-49.577243,-27.473246],[-49.577329,-27.473353],[-49.577351,-27.47338],[-49.577397,-27.473479],[-49.577405,-27.473492],[-49.577447,-27.473557],[-49.577474,-27.473601],[-49.577512,-27.473693],[-49.57757,-27.473835],[-49.577583,-27.473884],[-49.577591,-27.473912],[-49.5776,-27.473944],[-49.577628,-27.474047],[-49.577634,-27.47407],[-49.577648,-27.474104],[-49.577663,-27.474141],[-49.577671,-27.474162],[-49.577677,-27.474171],[-49.577695,-27.474198],[-49.577772,-27.474312],[-49.577786,-27.474332],[-49.577803,-27.474362],[-49.577821,-27.474395],[-49.577829,-27.47441],[-49.577837,-27.474423],[-49.577851,-27.474447],[-49.577871,-27.474483],[-49.57788,-27.474499],[-49.57789,-27.474519],[-49.577891,-27.47452],[-49.579307,-27.474535],[-49.579293,-27.474533],[-49.579155,-27.474512],[-49.578946,-27.474494],[-49.578822,-27.474457],[-49.578701,-27.474432]]],[[[-49.578917,-27.459562],[-49.578943,-27.459478],[-49.578957,-27.459431],[-49.578997,-27.459302],[-49.579008,-27.459208],[-49.579007,-27.459174],[-49.579004,-27.459099],[-49.579002,-27.459048],[-49.579016,-27.458944],[-49.579017,-27.458938],[-49.579019,-27.458855],[-49.579022,-27.458775],[-49.579023,-27.458707],[-49.57903,-27.458661],[-49.579045,-27.458558],[-49.579048,-27.458477],[-49.579051,-27.458382],[-49.579004,-27.458032],[-49.579004,-27.458029],[-49.579045,-27.457516],[-49.579052,-27.457475],[-49.579056,-27.457445],[-49.579097,-27.457354],[-49.579093,-27.457324],[-49.579073,-27.457173],[-49.579071,-27.457152],[-49.579068,-27.457132],[-49.579067,-27.457125],[-49.579065,-27.457106],[-49.57906,-27.457069],[-49.579065,-27.457028],[-49.579071,-27.456984],[-49.579078,-27.456929],[-49.579081,-27.456907],[-49.579089,-27.456852],[-49.57909,-27.456839],[-49.579093,-27.456822],[-49.579094,-27.456815],[-49.579099,-27.456775],[-49.579105,-27.456731],[-49.579111,-27.456687],[-49.579114,-27.456677],[-49.579126,-27.456632],[-49.579134,-27.456605],[-49.579136,-27.456596],[-49.579143,-27.456582],[-49.579171,-27.456525],[-49.579174,-27.456501],[-49.579185,-27.456414],[-49.579189,-27.456407],[-49.579223,-27.456339],[-49.579229,-27.456326],[-49.579268,-27.456227],[-49.579282,-27.456192],[-49.579288,-27.456184],[-49.577564,-27.456166],[-49.577556,-27.456174],[-49.577524,-27.456209],[-49.577463,-27.456308],[-49.577455,-27.456321],[-49.577432,-27.456389],[-49.577431,-27.456396],[-49.577428,-27.456484],[-49.577411,-27.456507],[-49.577371,-27.456564],[-49.577356,-27.456578],[-49.577346,-27.456587],[-49.577355,-27.456614],[-49.577327,-27.456658],[-49.577328,-27.456669],[-49.577329,-27.456712],[-49.577265,-27.456756],[-49.577246,-27.456756],[-49.577217,-27.456796],[-49.57719,-27.456803],[-49.577179,-27.456819],[-49.577151,-27.456832],[-49.577127,-27.456887],[-49.577093,-27.456908],[-49.577065,-27.456964],[-49.577067,-27.457008],[-49.57706,-27.457049],[-49.577053,-27.457086],[-49.577041,-27.457105],[-49.577036,-27.457112],[-49.576971,-27.457211],[-49.576954,-27.457237],[-49.576906,-27.45727],[-49.576896,-27.457288],[-49.576878,-27.457319],[-49.576857,-27.457339],[-49.576848,-27.457357],[-49.576843,-27.457366],[-49.576837,-27.457378],[-49.576829,-27.457395],[-49.576831,-27.457399],[-49.576838,-27.457409],[-49.576858,-27.457413],[-49.57687,-27.457416],[-49.576888,-27.457428],[-49.576895,-27.457433],[-49.57689,-27.457463],[-49.576897,-27.457469],[-49.576939,-27.457501],[-49.576924,-27.457532],[-49.576914,-27.457552],[-49.576913,-27.457554],[-49.576903,-27.457604],[-49.576899,-27.457623],[-49.576889,-27.45767],[-49.576825,-27.457723],[-49.576785,-27.457757],[-49.576766,-27.457782],[-49.57676423600416,-27.45778464599376],[-49.57676289760207,-27.457784632534025],[-49.576755,-27.457782],[-49.576708,-27.45777],[-49.576701,-27.457782],[-49.5767,-27.457784],[-49.57668,-27.457822],[-49.576657,-27.457824],[-49.57665,-27.457841],[-49.576642,-27.457858],[-49.576617,-27.457874],[-49.576593,-27.457902],[-49.576577,-27.457922],[-49.576567,-27.457952],[-49.57656,-27.45797],[-49.576553,-27.457988],[-49.576551,-27.458001],[-49.57654,-27.458055],[-49.576537,-27.458072],[-49.576546,-27.458096],[-49.576555,-27.458119],[-49.576558,-27.458127],[-49.576565,-27.458145],[-49.576578,-27.45818],[-49.576592,-27.458245],[-49.576592,-27.458255],[-49.576594,-27.458347],[-49.576602,-27.458381],[-49.576603,-27.458387],[-49.576605,-27.458395],[-49.576609,-27.458413],[-49.576615,-27.458438],[-49.576619,-27.458455],[-49.576624,-27.458479],[-49.576622,-27.458526],[-49.576622,-27.458528],[-49.576607,-27.458569],[-49.576611,-27.458596],[-49.576612,-27.458601],[-49.576604,-27.458609],[-49.576596,-27.458658],[-49.576592,-27.458678],[-49.57659,-27.458689],[-49.576606,-27.4587],[-49.576618,-27.458719],[-49.576629,-27.458736],[-49.576638,-27.45875],[-49.576645,-27.458777],[-49.576647,-27.458779],[-49.576657,-27.458791],[-49.576669,-27.458806],[-49.576674,-27.458813],[-49.576679,-27.458818],[-49.57669,-27.458837],[-49.576718,-27.458886],[-49.576734,-27.458914],[-49.576734,-27.45893],[-49.576735,-27.458954],[-49.576747,-27.458982],[-49.576743,-27.459002],[-49.57674,-27.459016],[-49.576756,-27.459055],[-49.57675,-27.459121],[-49.576749,-27.459129],[-49.576705,-27.459159],[-49.576591,-27.459183],[-49.576508,-27.459201],[-49.576491,-27.459201],[-49.577713,-27.459213],[-49.577724,-27.459195],[-49.577745,-27.45917],[-49.57777,-27.45914],[-49.577776,-27.459132],[-49.577806,-27.459066],[-49.577823,-27.459027],[-49.57783,-27.459013],[-49.577831,-27.458993],[-49.577832,-27.458966],[-49.577832,-27.458942],[-49.577826,-27.458925],[-49.577815,-27.458898],[-49.57776,-27.458848],[-49.577727,-27.458829],[-49.577718,-27.458823],[-49.577573,-27.458816],[-49.577565,-27.458801],[-49.577585,-27.458789],[-49.577584,-27.458787],[-49.577558,-27.45876],[-49.577544,-27.458745],[-49.577574,-27.458729],[-49.577574,-27.45871],[-49.577574,-27.458699],[-49.577574,-27.458688],[-49.577588,-27.458668],[-49.57765,-27.45862],[-49.57766,-27.458612],[-49.577666,-27.458607],[-49.577688,-27.45858],[-49.57772,-27.458539],[-49.577722,-27.458537],[-49.577739,-27.458491],[-49.577748,-27.458466],[-49.577742,-27.45845],[-49.577713,-27.458424],[-49.577671,-27.458406],[-49.57767,-27.458398],[-49.57764,-27.458391],[-49.577642,-27.458357],[-49.577648,-27.458266],[-49.577642,-27.458255],[-49.577609,-27.458191],[-49.577592,-27.458156],[-49.577592,-27.458137],[-49.577601,-27.45813],[-49.577693,-27.458108],[-49.577747,-27.458085],[-49.577787,-27.458068],[-49.578027,-27.458016],[-49.57813,-27.458004],[-49.578131,-27.458004],[-49.578183,-27.457986],[-49.578212,-27.457968],[-49.578243,-27.457939],[-49.578264,-27.457919],[-49.578275,-27.457891],[-49.578281,-27.457874],[-49.578288,-27.457857],[-49.578289,-27.45784],[-49.578289,-27.457839],[-49.578291,-27.4578],[-49.578291,-27.457798],[-49.578293,-27.457772],[-49.578295,-27.457738],[-49.578265,-27.457684],[-49.578239,-27.457637],[-49.578243,-27.457617],[-49.578202,-27.457568],[-49.5782,-27.457565],[-49.578212,-27.457545],[-49.57821,-27.457514],[-49.578208,-27.457482],[-49.57821,-27.457477],[-49.578221,-27.457446],[-49.578223,-27.457442],[-49.578243,-27.45743],[-49.578247,-27.457427],[-49.578248,-27.457423],[-49.578252,-27.457414],[-49.578252,-27.45741],[-49.578249,-27.457393],[-49.578231,-27.45738],[-49.57823,-27.457371],[-49.57825,-27.457353],[-49.57827,-27.457334],[-49.578303,-27.457302],[-49.57831,-27.457284],[-49.578322,-27.457251],[-49.578332,-27.457225],[-49.578357,-27.457125],[-49.578379305695954,-27.45711821130993],[-49.57838057560411,-27.45711822384604],[-49.578398,-27.457125],[-49.578395,-27.457145],[-49.578403,-27.457166],[-49.578387,-27.457317],[-49.578386,-27.457346],[-49.578383,-27.457438],[-49.578382,-27.457468],[-49.578386,-27.457509],[-49.578431,-27.458023],[-49.578431,-27.458027],[-49.578416,-27.458376],[-49.578411,-27.45847],[-49.578388,-27.458551],[-49.578359,-27.458654],[-49.578353,-27.4587],[-49.578345,-27.458768],[-49.578312,-27.458847],[-49.578304,-27.458931],[-49.578303,-27.458937],[-49.578253,-27.459041],[-49.578228,-27.459091],[-49.578205,-27.459166],[-49.578203,-27.459199],[-49.578198,-27.459294],[-49.578191,-27.459423],[-49.578171,-27.45947],[-49.578119,-27.459554],[-49.578097,-27.459618],[-49.578088,-27.459645],[-49.578031,-27.459753],[-49.578042,-27.459861],[-49.577991,-27.46001],[-49.577977,-27.46005],[-49.577963,-27.460131],[-49.577958,-27.460158],[-49.57794,-27.460212],[-49.577915,-27.460253],[-49.57788,-27.460306],[-49.577889,-27.460415],[-49.577879,-27.460444],[-49.577883,-27.460469],[-49.577904,-27.460499],[-49.577902,-27.460519],[-49.577896,-27.460561],[-49.577867,-27.460638],[-49.577907,-27.460713],[-49.577913,-27.460743],[-49.57789,-27.460901],[-49.57789,-27.460902],[-49.577843,-27.461023],[-49.577753,-27.461199],[-49.577733,-27.461238],[-49.577721,-27.461296],[-49.577707,-27.461361],[-49.577691,-27.461401],[-49.577629,-27.461482],[-49.57761,-27.461507],[-49.577522,-27.461562],[-49.577431,-27.461681],[-49.577407,-27.461777],[-49.577362,-27.461836],[-49.577301,-27.461891],[-49.577277,-27.461937],[-49.577287,-27.461966],[-49.57728,-27.461979],[-49.577288,-27.461994],[-49.577249,-27.462063],[-49.577177,-27.462158],[-49.576965,-27.462545],[-49.576944,-27.462607],[-49.576915,-27.462696],[-49.576875,-27.462899],[-49.576697,-27.463379],[-49.576569,-27.463727],[-49.576454,-27.463951],[-49.57645,-27.463961],[-49.576424,-27.464063],[-49.576412,-27.464134],[-49.576402,-27.464197],[-49.576382,-27.464461],[-49.576389,-27.464502],[-49.576399,-27.464556],[-49.576401,-27.46457],[-49.5764,-27.464644],[-49.576399,-27.464654],[-49.576396,-27.464691],[-49.576391,-27.464746],[-49.576388,-27.46476],[-49.576388,-27.464761],[-49.576373,-27.464836],[-49.57636,-27.4649],[-49.57636,-27.464901],[-49.576356,-27.464921],[-49.576357,-27.464928],[-49.576363,-27.464976],[-49.576381,-27.465029],[-49.576445,-27.465098],[-49.576464,-27.465119],[-49.576481,-27.465156],[-49.576487,-27.465244],[-49.576481,-27.465337],[-49.576479,-27.465359],[-49.576431,-27.465619],[-49.57643,-27.465623],[-49.576339,-27.465761],[-49.576322,-27.465788],[-49.576329,-27.465814],[-49.576347,-27.465838],[-49.576367,-27.465864],[-49.57637,-27.465874],[-49.576374,-27.465886],[-49.576374,-27.465887],[-49.576373,-27.465888],[-49.576333,-27.466051],[-49.576325,-27.466097],[-49.576324,-27.466103],[-49.576324,-27.466105],[-49.576322,-27.466116],[-49.576315,-27.466154],[-49.576299,-27.466248],[-49.576299,-27.466275],[-49.576297,-27.466356],[-49.576296,-27.466451],[-49.576294,-27.466532],[-49.576292,-27.466667],[-49.57629,-27.466694],[-49.576268,-27.466924],[-49.576251,-27.4671],[-49.576245,-27.467168],[-49.576234,-27.467208],[-49.576213,-27.467281],[-49.576175,-27.467299],[-49.576174,-27.467303],[-49.576171,-27.467353],[-49.576105,-27.467407],[-49.576104,-27.46741],[-49.576083,-27.467478],[-49.576095,-27.467539],[-49.57611,-27.46762],[-49.576135,-27.467697],[-49.57613,-27.467722],[-49.576127,-27.467738],[-49.576106,-27.467778],[-49.576087,-27.467786],[-49.576073,-27.467791],[-49.576083,-27.467846],[-49.576066,-27.46787],[-49.576062,-27.467921],[-49.576059,-27.467965],[-49.576072,-27.468009],[-49.57609,-27.468073],[-49.576111,-27.468101],[-49.57612,-27.468113],[-49.576133,-27.468156],[-49.57613,-27.468165],[-49.576117,-27.468196],[-49.576133,-27.468241],[-49.57613,-27.468247],[-49.576125,-27.468255],[-49.57613,-27.468263],[-49.57609,-27.468309],[-49.57608,-27.468321],[-49.576056,-27.468337],[-49.576013,-27.468351],[-49.575969,-27.468387],[-49.575924,-27.468426],[-49.57586,-27.468519],[-49.575818,-27.468556],[-49.57579,-27.468569],[-49.575773,-27.468619],[-49.575773,-27.468651],[-49.575805,-27.468712],[-49.575769,-27.46879],[-49.575778,-27.468855],[-49.575741,-27.468942],[-49.575748,-27.468992],[-49.57573,-27.46911],[-49.5757,-27.469174],[-49.575686,-27.469205],[-49.575719,-27.469332],[-49.575723,-27.469387],[-49.575717,-27.469452],[-49.575708,-27.469572],[-49.575747,-27.469844],[-49.575751,-27.469862],[-49.575754,-27.469873],[-49.575769,-27.469939],[-49.575791,-27.470035],[-49.575792,-27.470038],[-49.575824,-27.470109],[-49.57584,-27.470145],[-49.575882,-27.470238],[-49.575913,-27.470306],[-49.575921,-27.470323],[-49.575935,-27.47036],[-49.575955,-27.470414],[-49.57598,-27.470482],[-49.575993,-27.470516],[-49.576012,-27.470567],[-49.576013,-27.470572],[-49.576021,-27.470598],[-49.576031,-27.470632],[-49.576053,-27.470703],[-49.576097,-27.470849],[-49.576101,-27.470863],[-49.57615,-27.470947],[-49.576172,-27.470983],[-49.576195,-27.471023],[-49.576197,-27.471027],[-49.576771,-27.471033],[-49.576765,-27.471029],[-49.5767,-27.470989],[-49.576657,-27.470952],[-49.576603,-27.470868],[-49.576594,-27.470854],[-49.576551,-27.470708],[-49.576512,-27.470637],[-49.576504,-27.470603],[-49.576507,-27.470577],[-49.576508,-27.470572],[-49.576481,-27.470521],[-49.576483,-27.470487],[-49.576454,-27.470419],[-49.576451,-27.470365],[-49.57644,-27.470329],[-49.576434,-27.470311],[-49.576437,-27.470243],[-49.576409,-27.470151],[-49.576421,-27.470115],[-49.576399,-27.470045],[-49.576398,-27.470041],[-49.576454,-27.469946],[-49.576537,-27.469881],[-49.576582581509044,-27.469871301806588],[-49.57658463034704,-27.469871324724238],[-49.576617,-27.469888],[-49.576629,-27.469894],[-49.576648,-27.469888],[-49.576645,-27.469872],[-49.576641,-27.469853],[-49.576585,-27.469581],[-49.57656,-27.469461],[-49.576582,-27.469396],[-49.576601,-27.469341],[-49.576643,-27.469215],[-49.576654,-27.469183],[-49.576686,-27.46912],[-49.576746,-27.469002],[-49.576771,-27.468953],[-49.576816,-27.468865],[-49.576848,-27.468801],[-49.576888,-27.468723],[-49.576919,-27.468663],[-49.576935,-27.468631],[-49.57696,-27.468581],[-49.576967,-27.468568],[-49.576986,-27.468531],[-49.577034,-27.468437],[-49.577053,-27.468398],[-49.577061,-27.468362],[-49.577064,-27.468347],[-49.577067,-27.468331],[-49.577069,-27.468319],[-49.577068,-27.468272],[-49.577068,-27.468264],[-49.577068,-27.468256],[-49.577066,-27.46825],[-49.577053,-27.468205],[-49.577045,-27.468175],[-49.577046,-27.468166],[-49.577052,-27.468122],[-49.577054,-27.46811],[-49.577051,-27.468083],[-49.577045,-27.468019],[-49.577049,-27.467975],[-49.577054,-27.467931],[-49.57704,-27.46788],[-49.577033,-27.467855],[-49.577018,-27.467801],[-49.577017,-27.467795],[-49.577014,-27.467787],[-49.576997,-27.467747],[-49.576991,-27.467731],[-49.576988,-27.467706],[-49.576976,-27.467628],[-49.576965,-27.467547],[-49.576939,-27.467486],[-49.576911,-27.467418],[-49.576911,-27.467415],[-49.576912,-27.46736],[-49.576912,-27.46731],[-49.576911,-27.467306],[-49.576906,-27.467288],[-49.576887,-27.467215],[-49.576881,-27.467174],[-49.576871,-27.467107],[-49.576854,-27.46693],[-49.576868,-27.4667],[-49.576871,-27.466673],[-49.576885,-27.466538],[-49.576902,-27.466457],[-49.576903,-27.466362],[-49.576921,-27.466281],[-49.576923,-27.466254],[-49.57693,-27.46616],[-49.576953,-27.466122],[-49.576969,-27.466111],[-49.57698579012342,-27.46611001234568],[-49.5769860933522,-27.4661100155587],[-49.576992,-27.466111],[-49.577027,-27.466122],[-49.577029,-27.466123],[-49.577042,-27.466127],[-49.577062,-27.466123],[-49.577066,-27.466123],[-49.577077,-27.466112],[-49.577079,-27.466111],[-49.577085,-27.466105],[-49.577095,-27.466059],[-49.57713,-27.465896],[-49.577133,-27.465879],[-49.577089142943535,-27.46589556822133],[-49.57708412121213,-27.465895515151516],[-49.577072,-27.465894],[-49.577067,-27.465893],[-49.577047,-27.465881],[-49.577045,-27.465871],[-49.57704,-27.465845],[-49.577045,-27.465822],[-49.577052,-27.465795],[-49.577059,-27.465768],[-49.577078,-27.46563],[-49.577078,-27.465625],[-49.577103,-27.465365],[-49.577105,-27.465343],[-49.577122,-27.46525],[-49.577139,-27.465163],[-49.577146,-27.465126],[-49.577149,-27.465106],[-49.577171,-27.465037],[-49.577187,-27.464984],[-49.577223,-27.464937],[-49.57723,-27.46493],[-49.577253,-27.46491],[-49.577264,-27.464909],[-49.577303,-27.464845],[-49.577323,-27.464771],[-49.577308,-27.464769],[-49.577307,-27.464755],[-49.577304,-27.4647],[-49.577312,-27.464664],[-49.577317,-27.464654],[-49.577348,-27.46458],[-49.577354,-27.464566],[-49.57739,-27.464512],[-49.577394,-27.464472],[-49.577419,-27.464207],[-49.577425,-27.464144],[-49.577426,-27.464073],[-49.577428,-27.463971],[-49.577428,-27.463961],[-49.577443,-27.463736],[-49.577466,-27.463387],[-49.577678,-27.462907],[-49.577767,-27.462705],[-49.577807,-27.462616],[-49.577837,-27.462554],[-49.578024,-27.462167],[-49.57807,-27.462072],[-49.578104,-27.462002],[-49.578111,-27.461988],[-49.578118,-27.461974],[-49.578131,-27.461946],[-49.578154,-27.4619],[-49.57818,-27.461845],[-49.578209,-27.461786],[-49.578255,-27.461689],[-49.578313,-27.46157],[-49.57834,-27.461514],[-49.578352,-27.461489],[-49.578374,-27.461408],[-49.578384,-27.461368],[-49.578401,-27.461303],[-49.578411,-27.461245],[-49.578418,-27.461206],[-49.578497,-27.46103],[-49.578551,-27.460909],[-49.578551,-27.460908],[-49.578602,-27.46075],[-49.578612,-27.46072],[-49.578636,-27.460646],[-49.578661,-27.460568],[-49.578674,-27.460527],[-49.578681,-27.460507],[-49.578692,-27.460477],[-49.578702,-27.460452],[-49.578713,-27.460423],[-49.578753,-27.460315],[-49.578773,-27.460261],[-49.578791,-27.460221],[-49.578815,-27.460167],[-49.578827,-27.46014],[-49.57885,-27.460059],[-49.578862,-27.460019],[-49.578875,-27.45987],[-49.578885,-27.459762],[-49.578894,-27.459653],[-49.578897,-27.459626],[-49.578917,-27.459562]]],[[[-49.579289,-27.456183],[-49.579295,-27.456174],[-49.5793,-27.456167],[-49.579313,-27.456148],[-49.578435,-27.456139],[-49.578418,-27.456158],[-49.578412402794655,-27.456164530072904],[-49.578411658634536,-27.456164522088354],[-49.578407,-27.456158],[-49.578406,-27.456155],[-49.578395,-27.456158],[-49.578363,-27.456164],[-49.578322,-27.456173],[-49.578256,-27.456173],[-49.579288,-27.456184],[-49.579289,-27.456183]]],[[[-49.579498,-27.455894],[-49.579561,-27.45587],[-49.579607,-27.455834],[-49.579612,-27.455829],[-49.579645,-27.455792],[-49.579707,-27.455766],[-49.579745,-27.455761],[-49.578712,-27.45575],[-49.578709,-27.455755],[-49.578691,-27.455783],[-49.578668,-27.455819],[-49.578667,-27.455824],[-49.57866,-27.455861],[-49.578655,-27.455886],[-49.578652,-27.455903],[-49.578621,-27.455981],[-49.578606,-27.456022],[-49.578552,-27.456085],[-49.578542,-27.456097],[-49.578504,-27.456123],[-49.578454,-27.456138],[-49.57845,-27.456139],[-49.579313,-27.456148],[-49.579314,-27.456147],[-49.579325,-27.456131],[-49.579343,-27.456105],[-49.579351,-27.456093],[-49.579377,-27.45603],[-49.579394,-27.455989],[-49.579479,-27.455912],[-49.579498,-27.455894]]],[[[-49.579757,-27.455765],[-49.579762,-27.455766],[-49.57979,-27.455776],[-49.579817,-27.455767],[-49.579821,-27.455765],[-49.579903,-27.455762],[-49.579745,-27.455761],[-49.579757,-27.455765]]],[[[-49.579912,-27.455762],[-49.578712,-27.45575],[-49.579903,-27.455762],[-49.579912,-27.455762]]],[[[-49.579819,-27.455259],[-49.579785,-27.45526],[-49.5797,-27.455263],[-49.57958,-27.455277],[-49.579406,-27.455298],[-49.579186,-27.455352],[-49.579128,-27.455366],[-49.579052,-27.455404],[-49.578966,-27.455447],[-49.578963,-27.455449],[-49.580812,-27.455468],[-49.58081,-27.455466],[-49.580769,-27.455421],[-49.580699,-27.455382],[-49.580672,-27.455367],[-49.580456,-27.455308],[-49.58037,-27.455285],[-49.580085,-27.455267],[-49.580025,-27.455263],[-49.579819,-27.455259]]],[[[-49.578943,-27.455449],[-49.578963,-27.455449],[-49.578944,-27.455447],[-49.578943,-27.455449]]],[[[-49.578237,-27.4753],[-49.578237,-27.475316],[-49.578382,-27.475301],[-49.578443,-27.475295],[-49.578252,-27.475293],[-49.578237,-27.4753]]],[[[-49.577826,-27.472751],[-49.577806,-27.472702],[-49.577792,-27.472666],[-49.577789,-27.472661],[-49.57778,-27.472655],[-49.57777,-27.472661],[-49.577761,-27.472666],[-49.577727,-27.472702],[-49.577723,-27.47275],[-49.577722,-27.472759],[-49.577708,-27.472804],[-49.5777,-27.472827],[-49.577662,-27.472849],[-49.577809,-27.472851],[-49.577807,-27.472828],[-49.577806,-27.472805],[-49.577822,-27.47276],[-49.577826,-27.472751]]],[[[-49.57764,-27.456134],[-49.577587,-27.45614],[-49.577579,-27.456149],[-49.577565,-27.456165],[-49.577564,-27.456166],[-49.578256,-27.456173],[-49.578254,-27.456172],[-49.578227,-27.456156],[-49.57822,-27.456147],[-49.578215,-27.45614],[-49.578211,-27.456135],[-49.578089,-27.456093],[-49.577686,-27.456089],[-49.577645,-27.45613],[-49.57764,-27.456134]]],[[[-49.578435,-27.456139],[-49.57845,-27.456139],[-49.578448,-27.456138],[-49.578435,-27.456139]]],[[[-49.578436,-27.456138],[-49.578448,-27.456138],[-49.578441,-27.456132],[-49.578436,-27.456138]]],[[[-49.57808148780485,-27.456091951219513],[-49.577821,-27.45609],[-49.578089,-27.456093],[-49.578088,-27.456092],[-49.578086977990424,-27.4560919923445],[-49.578018,-27.456068],[-49.578005,-27.456063],[-49.578,-27.456068],[-49.577974,-27.456091],[-49.57808148780485,-27.456091951219513]]],[[[-49.577893,-27.456074],[-49.577874,-27.456066],[-49.577858,-27.456074],[-49.577837,-27.456083],[-49.577822,-27.456089],[-49.577821,-27.45609],[-49.577972,-27.456091],[-49.577958,-27.456084],[-49.577945,-27.456078],[-49.577937,-27.456075],[-49.577929,-27.456078],[-49.577917666666664,-27.456083666666668],[-49.57791617032041,-27.45608365430017],[-49.577893,-27.456074]]],[[[-49.577809,-27.456084],[-49.577804,-27.456082],[-49.577737,-27.456076],[-49.577731,-27.456076],[-49.577705,-27.456081],[-49.577692,-27.456083],[-49.577686,-27.456088],[-49.577686,-27.456089],[-49.57782,-27.45609],[-49.577809,-27.456084]]],[[[-49.577391,-27.488976],[-49.577284,-27.488975],[-49.577281,-27.488977],[-49.577391,-27.488976]]],[[[-49.577391,-27.472389],[-49.577337,-27.472256],[-49.577304,-27.472158],[-49.5773,-27.472148],[-49.577297,-27.472069],[-49.5773,-27.472046],[-49.577337,-27.471995],[-49.577356,-27.47194],[-49.577346,-27.471813],[-49.577362,-27.471777],[-49.577363,-27.471775],[-49.576551,-27.471767],[-49.576552,-27.471769],[-49.576564,-27.471805],[-49.576604,-27.471932],[-49.576622,-27.471988],[-49.576638,-27.472039],[-49.576653,-27.472062],[-49.576706,-27.472142],[-49.576713,-27.472152],[-49.576765,-27.47225],[-49.576836,-27.472383],[-49.576865,-27.472468],[-49.576884,-27.472519],[-49.576887,-27.472528],[-49.576932,-27.472624],[-49.576954,-27.472671],[-49.576967,-27.472716],[-49.576982,-27.472751],[-49.577018,-27.472833],[-49.577021,-27.472842],[-49.577022,-27.472843],[-49.577662,-27.472849],[-49.577631,-27.472848],[-49.577612,-27.472839],[-49.577573,-27.472757],[-49.577561,-27.472722],[-49.577545,-27.472677],[-49.577528,-27.47263],[-49.577477,-27.472534],[-49.577472,-27.472525],[-49.577425,-27.472473],[-49.577391,-27.472389]]],[[[-49.577426,-27.471775],[-49.577363,-27.471775],[-49.577374,-27.471777],[-49.577432,-27.471789],[-49.577427,-27.471778],[-49.577426,-27.471775]]],[[[-49.577072,-27.471128],[-49.57716,-27.471129],[-49.577055,-27.470876],[-49.577072,-27.471128]]],[[[-49.576815,-27.460388],[-49.576821,-27.460404],[-49.576831,-27.460431],[-49.576841,-27.460435],[-49.576838,-27.460455],[-49.57683,-27.460468],[-49.576821,-27.460484],[-49.576816,-27.460512],[-49.576786,-27.460566],[-49.576766,-27.460603],[-49.576763,-27.460606],[-49.576729,-27.460652],[-49.576661,-27.460741],[-49.576652,-27.460753],[-49.576634,-27.460782],[-49.576609,-27.460822],[-49.576591,-27.460851],[-49.576585,-27.460861],[-49.576555,-27.460951],[-49.576548,-27.460972],[-49.576555,-27.461005],[-49.576557,-27.461011],[-49.576572,-27.461078],[-49.576576,-27.461099],[-49.576581,-27.461119],[-49.576617,-27.461181],[-49.576627,-27.461199],[-49.576632,-27.461202],[-49.576647,-27.461211],[-49.576651,-27.461213],[-49.576706,-27.461214],[-49.576709,-27.461212],[-49.576787,-27.461204],[-49.576793,-27.461201],[-49.576832,-27.461183],[-49.576837,-27.461122],[-49.576838,-27.461101],[-49.576848,-27.461081],[-49.576855,-27.461014],[-49.576868,-27.461008],[-49.576872,-27.460975],[-49.576874,-27.460954],[-49.576973,-27.460865],[-49.576984,-27.460855],[-49.576991,-27.460825],[-49.577028,-27.460786],[-49.577083,-27.460757],[-49.577106,-27.460745],[-49.577146,-27.460656],[-49.57715,-27.46061],[-49.577153,-27.460606],[-49.577183,-27.46057],[-49.5772,-27.460516],[-49.577209,-27.460487],[-49.577214,-27.460472],[-49.577222,-27.460458],[-49.577233,-27.460439],[-49.577235,-27.460435],[-49.577251,-27.460408],[-49.577254,-27.460392],[-49.577259,-27.460354],[-49.577274,-27.46033],[-49.577252,-27.4603],[-49.577235,-27.460276],[-49.577235,-27.460259],[-49.577202,-27.460178],[-49.577191,-27.46015],[-49.577199,-27.460137],[-49.577195,-27.460093],[-49.5772,-27.460083],[-49.577221,-27.460039],[-49.577226,-27.460011],[-49.577232,-27.459984],[-49.577224,-27.459945],[-49.577225,-27.459941],[-49.577228,-27.459936],[-49.57724,-27.459909],[-49.577241,-27.459907],[-49.577242,-27.459899],[-49.577244,-27.45989],[-49.577249,-27.459855],[-49.57726,-27.459781],[-49.577261,-27.459777],[-49.577262,-27.459769],[-49.577271,-27.459752],[-49.576148,-27.45974],[-49.576126,-27.459757],[-49.576115,-27.459766],[-49.576036,-27.459769],[-49.575895,-27.459841],[-49.575852,-27.459876],[-49.575844,-27.459884],[-49.575835,-27.459893],[-49.575823,-27.459907],[-49.575817,-27.459913],[-49.575758,-27.459976],[-49.57574,-27.459985],[-49.575712,-27.459999],[-49.575705,-27.460022],[-49.575701,-27.460033],[-49.575669,-27.460058],[-49.575651,-27.460148],[-49.575651,-27.460157],[-49.575654,-27.460198],[-49.575649,-27.460211],[-49.575648,-27.460216],[-49.575658,-27.460243],[-49.575647,-27.46027],[-49.575642,-27.460284],[-49.57565,-27.460297],[-49.575644,-27.460324],[-49.575643,-27.460327],[-49.575649,-27.460391],[-49.57565,-27.460403],[-49.575634,-27.460465],[-49.575606,-27.460473],[-49.5756,-27.460475],[-49.57602,-27.460479],[-49.576022,-27.460478],[-49.57603,-27.460469],[-49.576097,-27.460407],[-49.576109,-27.460396],[-49.576143,-27.460332],[-49.576145,-27.460329],[-49.576169,-27.460302],[-49.576181,-27.460289],[-49.576193,-27.460276],[-49.576238,-27.460249],[-49.576283,-27.460222],[-49.576291,-27.460218],[-49.576328,-27.460205],[-49.57644,-27.460165],[-49.576451,-27.460156],[-49.576561,-27.460067],[-49.576591,-27.460042],[-49.576605,-27.460031],[-49.576661,-27.460009],[-49.576699,-27.459995],[-49.576704,-27.459985],[-49.576743,-27.459922],[-49.576762,-27.459916],[-49.576764,-27.459903],[-49.576820795727635,-27.459894480640855],[-49.57682683636365,-27.459894545454546],[-49.576876,-27.459904],[-49.576885,-27.459905],[-49.576879,-27.459932],[-49.576886,-27.459937],[-49.576886,-27.459941],[-49.576888,-27.459981],[-49.576889,-27.460008],[-49.576888,-27.460036],[-49.576886,-27.46008],[-49.57688,-27.46009],[-49.576857,-27.460134],[-49.57685,-27.460147],[-49.576835,-27.460174],[-49.57682,-27.460255],[-49.576817,-27.460272],[-49.576812,-27.460296],[-49.576813,-27.460325],[-49.576814,-27.46035],[-49.576815,-27.460388]]],[[[-49.57635,-27.45928],[-49.576338,-27.459302],[-49.576334,-27.459311],[-49.576278,-27.45937],[-49.576255,-27.459395],[-49.576232,-27.459418],[-49.576184,-27.45947],[-49.576172,-27.459482],[-49.576174,-27.459485],[-49.576222,-27.459545],[-49.576222,-27.459547],[-49.576244,-27.459626],[-49.576238,-27.459638],[-49.576237,-27.45964],[-49.576244,-27.459654],[-49.576238,-27.459662],[-49.576206,-27.459709],[-49.576192,-27.459721],[-49.576171,-27.459738],[-49.576169,-27.45974],[-49.577271,-27.459752],[-49.577272,-27.45975],[-49.57728,-27.459732],[-49.577274,-27.45972],[-49.577246,-27.459672],[-49.577237,-27.459664],[-49.577221,-27.45965],[-49.577218,-27.459648],[-49.577221,-27.459636],[-49.577238,-27.459557],[-49.57724,-27.459556],[-49.577333,-27.459497],[-49.577343,-27.459494],[-49.57739,-27.459482],[-49.577518,-27.459431],[-49.577571,-27.459408],[-49.577604,-27.459384],[-49.577647,-27.459324],[-49.577653,-27.459316],[-49.577666,-27.459293],[-49.577701,-27.459235],[-49.577713,-27.459213],[-49.576371,-27.4592],[-49.57636,-27.459221],[-49.57635,-27.45928]]],[[[-49.576277,-27.47123],[-49.576551,-27.471767],[-49.577426,-27.471775],[-49.577205,-27.47124],[-49.57716,-27.471129],[-49.576235,-27.47112],[-49.576277,-27.47123]]],[[[-49.576866,-27.471043],[-49.576886,-27.471044],[-49.576876,-27.471034],[-49.576872,-27.47103],[-49.57687,-27.471034],[-49.576866,-27.471043]]],[[[-49.576805,-27.471029],[-49.576787,-27.471016],[-49.576776,-27.471029],[-49.576775,-27.471029],[-49.576771,-27.471033],[-49.576857,-27.471034],[-49.576853,-27.47103],[-49.576853,-27.471029],[-49.57684,-27.471016],[-49.576824,-27.471001],[-49.576814,-27.471016],[-49.576805,-27.471029]]],[[[-49.576941,-27.470993],[-49.576929,-27.470983],[-49.576927,-27.470983],[-49.576926,-27.470993],[-49.576911014174925,-27.471068928180397],[-49.5769109273183,-27.471068927318296],[-49.576889,-27.471047],[-49.576886,-27.471044],[-49.576203,-27.471037],[-49.576205,-27.47104],[-49.576213,-27.471062],[-49.576235,-27.47112],[-49.577072,-27.471128],[-49.577019,-27.47107],[-49.576951,-27.470993],[-49.576949,-27.470991],[-49.576942,-27.470983],[-49.576941,-27.470991],[-49.576941,-27.470993]]],[[[-49.576703,-27.461216],[-49.576706,-27.461214],[-49.576691,-27.461214],[-49.576693,-27.461216],[-49.576696,-27.46122],[-49.576703,-27.461216]]],[[[-49.576197,-27.471027],[-49.576203,-27.471037],[-49.576866,-27.471043],[-49.576857,-27.471034],[-49.576197,-27.471027]]],[[[-49.576653,-27.461215],[-49.576691,-27.461214],[-49.576651,-27.461213],[-49.576653,-27.461215]]],[[[-49.576169,-27.45974],[-49.576151,-27.459738],[-49.576148,-27.45974],[-49.576169,-27.45974]]],[[[-49.576457,-27.459175],[-49.576444,-27.459171],[-49.576392,-27.459174],[-49.576391,-27.459175],[-49.576376,-27.459189],[-49.576371,-27.459199],[-49.576371,-27.4592],[-49.576491,-27.459201],[-49.57649,-27.4592],[-49.576478,-27.459191],[-49.576461,-27.459176],[-49.576457,-27.459175]]],[[[-49.575034,-27.496957],[-49.575031,-27.496888],[-49.575031,-27.496884],[-49.575061,-27.496795],[-49.575086,-27.496661],[-49.575105,-27.496557],[-49.575114,-27.49651],[-49.575154,-27.496405],[-49.575184,-27.496253],[-49.575212,-27.496186],[-49.575216,-27.49618],[-49.575244,-27.496138],[-49.575298,-27.49596],[-49.575326,-27.495889],[-49.575371,-27.495773],[-49.575412,-27.495669],[-49.575426,-27.495633],[-49.575447,-27.495579],[-49.575461,-27.495544],[-49.575036,-27.49554],[-49.575096,-27.495576],[-49.575107,-27.49563],[-49.575099,-27.495666],[-49.575053,-27.49577],[-49.575027,-27.495886],[-49.575001,-27.495957],[-49.574934,-27.496135],[-49.574918,-27.496177],[-49.574917,-27.496183],[-49.574896,-27.496251],[-49.574851,-27.496402],[-49.574819,-27.496507],[-49.574805,-27.496554],[-49.574782,-27.496658],[-49.574771,-27.496792],[-49.574764,-27.496881],[-49.574764,-27.496886],[-49.574766,-27.496955],[-49.574736,-27.497005],[-49.574705,-27.49703],[-49.574689,-27.497075],[-49.574697,-27.497103],[-49.574728,-27.497126],[-49.57473,-27.497129],[-49.574734,-27.497134],[-49.574756,-27.497161],[-49.574776,-27.497186],[-49.574868,-27.497188],[-49.574871,-27.497187],[-49.57494,-27.497163],[-49.574934,-27.497136],[-49.575043,-27.497132],[-49.575042,-27.497129],[-49.575041,-27.497106],[-49.57504,-27.497079],[-49.575038,-27.497033],[-49.575037,-27.497008],[-49.575034,-27.496957]]],[[[-49.57464,-27.495882],[-49.5747,-27.495808],[-49.574739,-27.495761],[-49.574825,-27.495654],[-49.574844,-27.495637],[-49.574892,-27.495597],[-49.574961,-27.495568],[-49.574998,-27.495562],[-49.575036,-27.49554],[-49.574699,-27.495536],[-49.574677,-27.495559],[-49.574671,-27.495565],[-49.574642,-27.495594],[-49.574603,-27.495635],[-49.574591,-27.495652],[-49.574516,-27.495758],[-49.574461,-27.495805],[-49.574388,-27.495879],[-49.574285,-27.495984],[-49.574259,-27.496015],[-49.574147,-27.496145],[-49.574124,-27.496172],[-49.574084,-27.496233],[-49.57406,-27.496269],[-49.574009,-27.496365],[-49.573989,-27.496404],[-49.57395,-27.496457],[-49.573935,-27.496472],[-49.573867,-27.496541],[-49.574076,-27.496543],[-49.574124,-27.496474],[-49.574131,-27.496459],[-49.574159,-27.496405],[-49.574179,-27.496367],[-49.574259,-27.496271],[-49.574288,-27.496235],[-49.57435,-27.496175],[-49.574378,-27.496148],[-49.574486,-27.496017],[-49.574521,-27.495986],[-49.57464,-27.495882]]],[[[-49.575581,-27.495335],[-49.575584,-27.49533],[-49.57472,-27.495321],[-49.574722,-27.495326],[-49.574799,-27.495395],[-49.574799,-27.495424],[-49.574783,-27.495451],[-49.574728,-27.495507],[-49.574699,-27.495536],[-49.575461,-27.495544],[-49.575472,-27.495515],[-49.575507,-27.495458],[-49.575523,-27.495431],[-49.57554,-27.495403],[-49.575581,-27.495335]]],[[[-49.574717,-27.495313],[-49.574718,-27.495317],[-49.57472,-27.495321],[-49.574844,-27.495322],[-49.574819,-27.495318],[-49.574793,-27.495314],[-49.574756,-27.4953],[-49.574741,-27.495282],[-49.574715,-27.495253],[-49.574704,-27.495252],[-49.574702,-27.495282],[-49.57471,-27.4953],[-49.574717,-27.495313]]],[[[-49.574184,-27.46331],[-49.574169,-27.463268],[-49.574145,-27.463235],[-49.574097,-27.463171],[-49.574073,-27.463138],[-49.574018,-27.463076],[-49.573993,-27.463048],[-49.573988,-27.463042],[-49.573959,-27.462997],[-49.573929,-27.462951],[-49.573898,-27.462902],[-49.57385,-27.462851],[-49.573653,-27.462713],[-49.573619,-27.462673],[-49.573573,-27.462618],[-49.57351,-27.462543],[-49.573466,-27.462492],[-49.5734,-27.462414],[-49.573386,-27.462401],[-49.57336,-27.462379],[-49.573348,-27.462369],[-49.573263,-27.462296],[-49.573194,-27.462236],[-49.573169,-27.462215],[-49.573077,-27.462156],[-49.573071,-27.462152],[-49.57293,-27.462047],[-49.572907,-27.462026],[-49.572871,-27.461994],[-49.572827,-27.461955],[-49.57282,-27.461941],[-49.572802,-27.461908],[-49.572798,-27.4619],[-49.572794,-27.461893],[-49.572786,-27.461879],[-49.572778,-27.461818],[-49.572773,-27.461777],[-49.572757,-27.461743],[-49.57274,-27.46171],[-49.572682,-27.461654],[-49.572594,-27.461603],[-49.572552,-27.461579],[-49.572521,-27.461572],[-49.572491,-27.461545],[-49.572462,-27.461529],[-49.572448,-27.461507],[-49.572441,-27.461463],[-49.572447,-27.461432],[-49.572453,-27.461409],[-49.572451,-27.461334],[-49.572462,-27.461305],[-49.572506,-27.461256],[-49.572591,-27.461241],[-49.572615,-27.461223],[-49.572653,-27.461211],[-49.572673,-27.461209],[-49.572732181818196,-27.461200409090907],[-49.572796,-27.461201],[-49.57286,-27.461184],[-49.572917,-27.461176],[-49.573135,-27.461146],[-49.573222,-27.461133],[-49.573256,-27.461129],[-49.573374,-27.461084],[-49.573468,-27.461064],[-49.573564,-27.461058],[-49.573627,-27.461045],[-49.573642,-27.461042],[-49.573648,-27.461041],[-49.572941,-27.461034],[-49.572936,-27.461035],[-49.572923,-27.461038],[-49.572855,-27.461051],[-49.572822,-27.461058],[-49.572719,-27.461077],[-49.572495,-27.461121],[-49.57247,-27.461126],[-49.572436,-27.461139],[-49.572387,-27.461171],[-49.572379,-27.46118],[-49.572364,-27.461197],[-49.572356,-27.461205],[-49.572355,-27.461208],[-49.572351,-27.461221],[-49.572346,-27.461238],[-49.572341,-27.461254],[-49.572326,-27.461303],[-49.572317,-27.461333],[-49.572295,-27.461407],[-49.572288,-27.461431],[-49.572265,-27.461461],[-49.572233,-27.461504],[-49.572217,-27.461527],[-49.572206,-27.461542],[-49.572186,-27.461569],[-49.572182,-27.461575],[-49.572164,-27.461599],[-49.572146,-27.461648],[-49.572126,-27.461703],[-49.572113,-27.461737],[-49.572082,-27.46177],[-49.572044,-27.46181],[-49.572079,-27.461872],[-49.572086,-27.461886],[-49.572093,-27.461898],[-49.572113,-27.461934],[-49.572114,-27.461934],[-49.57218,-27.461899],[-49.57222737572123,-27.461887397782554],[-49.57223016987296,-27.46188742540835],[-49.572251,-27.461895],[-49.572376,-27.461903],[-49.572456,-27.461938],[-49.572474,-27.461951],[-49.572528,-27.46199],[-49.572591,-27.462023],[-49.57262,-27.462044],[-49.572765,-27.462148],[-49.572771,-27.462153],[-49.572838,-27.462212],[-49.572862,-27.462233],[-49.572952,-27.462292],[-49.573013,-27.462365],[-49.573051,-27.462376],[-49.573086,-27.462398],[-49.573101,-27.462411],[-49.573193,-27.462489],[-49.573268,-27.462541],[-49.573331,-27.462616],[-49.57339,-27.462671],[-49.573441,-27.46271],[-49.573619,-27.462849],[-49.573684,-27.4629],[-49.573748,-27.462949],[-49.57379,-27.462995],[-49.573814,-27.46304],[-49.573818,-27.463047],[-49.573821,-27.463074],[-49.573891,-27.463136],[-49.573927,-27.463169],[-49.574018,-27.463234],[-49.574045,-27.463266],[-49.574082,-27.463309],[-49.574085,-27.463314],[-49.574121,-27.463377],[-49.574158,-27.463518],[-49.57416,-27.46355],[-49.574155,-27.463572],[-49.574152,-27.463583],[-49.574126,-27.463628],[-49.574103,-27.463667],[-49.574059,-27.463745],[-49.574048,-27.463764],[-49.574025,-27.463788],[-49.57395,-27.463863],[-49.57387,-27.463895],[-49.573845,-27.463921],[-49.573844,-27.463924],[-49.573831,-27.463952],[-49.57383,-27.463996],[-49.573826,-27.46411],[-49.573826,-27.464124],[-49.573835,-27.464155],[-49.57387,-27.464184],[-49.573876,-27.464185],[-49.573963,-27.464209],[-49.573983,-27.464223],[-49.573984,-27.464224],[-49.574218,-27.464226],[-49.574217,-27.464211],[-49.574216,-27.464189],[-49.574216,-27.464187],[-49.574207,-27.464159],[-49.574197,-27.464128],[-49.574192,-27.464114],[-49.574122,-27.463999],[-49.574116,-27.463955],[-49.574112,-27.463927],[-49.574112,-27.463924],[-49.574114,-27.463898],[-49.574116,-27.463865],[-49.574121,-27.463789],[-49.574135,-27.463764],[-49.574146,-27.463746],[-49.574213,-27.463668],[-49.574231,-27.463629],[-49.574233,-27.463583],[-49.574234,-27.463573],[-49.57423,-27.463551],[-49.574224,-27.463519],[-49.574198,-27.463378],[-49.574186,-27.463315],[-49.574184,-27.46331]]],[[[-49.57507,-27.461007],[-49.575081,-27.460999],[-49.575081,-27.460995],[-49.575082,-27.460992],[-49.57451,-27.460987],[-49.574524,-27.460989],[-49.574546,-27.460993],[-49.574593,-27.461002],[-49.57463,-27.461017],[-49.574638,-27.46102],[-49.574677119113574,-27.46101744875346],[-49.574686138613856,-27.46101753465346],[-49.5747,-27.461021],[-49.574769,-27.461035],[-49.574793,-27.461043],[-49.574866,-27.461065],[-49.574888,-27.461072],[-49.574969,-27.461066],[-49.575002,-27.461045],[-49.575018,-27.461045],[-49.575027,-27.461038],[-49.575046,-27.461024],[-49.57505,-27.461021],[-49.57507,-27.461007]]],[[[-49.574377,-27.461008],[-49.574394,-27.461005],[-49.574398,-27.461004],[-49.574495,-27.460989],[-49.57451,-27.460987],[-49.574225,-27.460984],[-49.574235,-27.460986],[-49.574305,-27.461003],[-49.574321,-27.461004],[-49.574377,-27.461008]]],[[[-49.575088,-27.460958],[-49.5751,-27.460944],[-49.575109,-27.460932],[-49.57511,-27.46092],[-49.575112,-27.460902],[-49.575116,-27.460871],[-49.575121,-27.460833],[-49.575125,-27.460799],[-49.57513,-27.460776],[-49.575132,-27.460767],[-49.574033,-27.460756],[-49.574017,-27.460764],[-49.573988,-27.460787],[-49.573945,-27.460821],[-49.573871,-27.460858],[-49.573775,-27.460888],[-49.573668,-27.460905],[-49.573477,-27.460916],[-49.573296,-27.460925],[-49.573257,-27.46094],[-49.573184,-27.460966],[-49.573173,-27.46097],[-49.573111,-27.460992],[-49.573056,-27.461005],[-49.572941,-27.461034],[-49.573757,-27.461042],[-49.573966,-27.461015],[-49.574008,-27.461001],[-49.574077,-27.460979],[-49.574118926800494,-27.460975354191262],[-49.57412851387844,-27.460975450112528],[-49.574221,-27.460983],[-49.574225,-27.460984],[-49.575082,-27.460992],[-49.575083,-27.460985],[-49.575088,-27.460958]],[[-49.57403971537138,-27.46097456165985],[-49.574039715371576,-27.460974561659853],[-49.573173,-27.46097],[-49.57403971537138,-27.46097456165985]]],[[[-49.575894,-27.460611],[-49.575895,-27.46061],[-49.575204,-27.460603],[-49.575217,-27.460604],[-49.575288,-27.460611],[-49.575336,-27.460628],[-49.575386,-27.460645],[-49.575416,-27.460662],[-49.575475,-27.460695],[-49.575505,-27.460728],[-49.575506,-27.460735],[-49.575511,-27.460765],[-49.575498,-27.460819],[-49.575503,-27.460825],[-49.575519,-27.460833],[-49.575545,-27.460826],[-49.575566,-27.460819],[-49.575567,-27.460819],[-49.575639,-27.460767],[-49.57568,-27.460737],[-49.575694,-27.46073],[-49.575758,-27.460698],[-49.575822,-27.460666],[-49.575847,-27.46065],[-49.575873,-27.460633],[-49.575888,-27.460617],[-49.575894,-27.460611]]],[[[-49.575204,-27.460603],[-49.574953,-27.4606],[-49.574952,-27.460601],[-49.574948,-27.460606],[-49.57494,-27.460615],[-49.574936,-27.460617],[-49.574856,-27.460665],[-49.574845,-27.460672],[-49.574794,-27.460714],[-49.574703,-27.460756],[-49.574663,-27.460762],[-49.57466,-27.460762],[-49.575132,-27.460767],[-49.575133,-27.460761],[-49.575143,-27.460717],[-49.575152,-27.460675],[-49.575154,-27.460668],[-49.575173,-27.46062],[-49.575176,-27.460617],[-49.575186,-27.460608],[-49.5752,-27.460604],[-49.575204,-27.460603]]],[[[-49.57453,-27.460638],[-49.574531,-27.460625],[-49.574532,-27.460597],[-49.574544,-27.460557],[-49.574541,-27.460536],[-49.574096,-27.460532],[-49.574112,-27.460552],[-49.574143,-27.460593],[-49.574164,-27.460621],[-49.574169,-27.460634],[-49.574179,-27.460661],[-49.574121,-27.460689],[-49.574119,-27.460699],[-49.574118,-27.460707],[-49.574071,-27.460722],[-49.574057,-27.460738],[-49.574048,-27.460749],[-49.57404,-27.460752],[-49.574034,-27.460756],[-49.57415839999965,-27.460757199999996],[-49.574033,-27.460756],[-49.574656,-27.460762],[-49.57466,-27.460762],[-49.574655657142856,-27.46076195844156],[-49.574623,-27.460758],[-49.574614,-27.460754],[-49.574588,-27.460743],[-49.574572,-27.460728],[-49.574556,-27.460712],[-49.574547,-27.460703],[-49.574544,-27.460694],[-49.574537,-27.460665],[-49.57453,-27.460638]]],[[[-49.575278,-27.460519],[-49.575237,-27.460494],[-49.575227,-27.460488],[-49.575219,-27.460472],[-49.575203,-27.460464],[-49.575203,-27.460463],[-49.575195,-27.460443],[-49.57517,-27.460423],[-49.575133,-27.460422],[-49.575114,-27.460442],[-49.575095,-27.460461],[-49.575094,-27.460463],[-49.575081,-27.460471],[-49.575058,-27.460487],[-49.57505,-27.460492],[-49.575028,-27.460517],[-49.575023,-27.460523],[-49.575016,-27.460529],[-49.574953,-27.4606],[-49.575895,-27.46061],[-49.575961,-27.460539],[-49.575968,-27.460532],[-49.575969,-27.460531],[-49.57598,-27.460519],[-49.575457,-27.460513],[-49.575414,-27.460525],[-49.575399,-27.460526],[-49.57533439726963,-27.46053236928328],[-49.57532555555556,-27.460532275720166],[-49.575301,-27.460525],[-49.575278,-27.460519]]],[[[-49.57405,-27.460531],[-49.574541,-27.460536],[-49.574541,-27.460535],[-49.574049,-27.46053],[-49.57405,-27.460531]]],[[[-49.574405,-27.46036],[-49.574393,-27.460354],[-49.574356,-27.460348],[-49.574062,-27.460345],[-49.57405,-27.460351],[-49.574041205079055,-27.460356276952563],[-49.57402265517246,-27.460356087114338],[-49.573964,-27.460353],[-49.573914,-27.460325],[-49.573867,-27.460279],[-49.573799,-27.460213],[-49.573797,-27.46021],[-49.573744,-27.460129],[-49.573731,-27.46011],[-49.573731,-27.460109],[-49.573717,-27.460069],[-49.573711,-27.460054],[-49.573711,-27.460017],[-49.573663,-27.460011],[-49.573634,-27.460007],[-49.573558,-27.46001],[-49.573559,-27.460016],[-49.573562,-27.460052],[-49.573564,-27.460067],[-49.573578,-27.460108],[-49.573578,-27.460109],[-49.573571,-27.460128],[-49.57361,-27.460208],[-49.573613,-27.460211],[-49.573656,-27.460277],[-49.573695,-27.460322],[-49.573719,-27.46035],[-49.573721,-27.460353],[-49.573725,-27.460357],[-49.573747,-27.460378],[-49.573797,-27.460424],[-49.573846,-27.460469],[-49.573847,-27.46047],[-49.573908,-27.460511],[-49.573959,-27.460529],[-49.574541,-27.460535],[-49.574539,-27.460518],[-49.574534,-27.460477],[-49.574534,-27.460476],[-49.574508,-27.460431],[-49.574455,-27.460386],[-49.574413,-27.460364],[-49.574405,-27.46036]]],[[[-49.575988,-27.46051],[-49.576,-27.460498],[-49.57602,-27.460479],[-49.575558,-27.460475],[-49.575554,-27.460494],[-49.575551,-27.460506],[-49.575549,-27.460514],[-49.57598,-27.460519],[-49.575988,-27.46051]]],[[[-49.575457,-27.460513],[-49.575549,-27.460514],[-49.575486,-27.460505],[-49.575457,-27.460513]]],[[[-49.575558,-27.460475],[-49.5756,-27.460475],[-49.575558,-27.460473],[-49.575558,-27.460475]]],[[[-49.574349,-27.460346],[-49.574295,-27.460336],[-49.574161,-27.460335],[-49.574135,-27.460344],[-49.574131,-27.460345],[-49.574356,-27.460348],[-49.574349,-27.460346]]],[[[-49.573279,-27.497214],[-49.573306,-27.497169],[-49.573307,-27.497167],[-49.573312,-27.497161],[-49.573334,-27.497134],[-49.57334,-27.497126],[-49.573428,-27.497046],[-49.57351,-27.496988],[-49.573602,-27.496923],[-49.573722,-27.496855],[-49.573816,-27.496783],[-49.573913,-27.496709],[-49.573971,-27.496649],[-49.574075,-27.496543],[-49.573867,-27.496541],[-49.57372,-27.496647],[-49.573651,-27.496706],[-49.573565,-27.496781],[-49.573465,-27.496852],[-49.573368,-27.496921],[-49.573277,-27.496986],[-49.573221,-27.497044],[-49.573143,-27.497124],[-49.573135,-27.497132],[-49.573091,-27.497159],[-49.573043,-27.497164],[-49.573044,-27.497166],[-49.573064,-27.497212],[-49.573055,-27.497274],[-49.573004,-27.497381],[-49.572971,-27.497466],[-49.572957,-27.497503],[-49.572913,-27.497618],[-49.572895,-27.497665],[-49.572886,-27.497699],[-49.572872,-27.497757],[-49.572871,-27.497773],[-49.572867,-27.497838],[-49.572855,-27.497875],[-49.572841,-27.497894],[-49.572814,-27.49793],[-49.572808,-27.497981],[-49.572799,-27.497999],[-49.572697,-27.498202],[-49.572696,-27.498204],[-49.572683,-27.498245],[-49.572677,-27.498299],[-49.572671,-27.498343],[-49.57267,-27.49838],[-49.572669,-27.498437],[-49.572671,-27.498448],[-49.572688,-27.49853],[-49.572695,-27.498562],[-49.572705,-27.498585],[-49.572712,-27.498601],[-49.572717,-27.498652],[-49.57272,-27.498685],[-49.572694,-27.498863],[-49.572682,-27.498941],[-49.572668,-27.498999],[-49.572661,-27.499028],[-49.572656,-27.499035],[-49.572636,-27.499064],[-49.572625,-27.499111],[-49.572627,-27.499165],[-49.572629,-27.49922],[-49.572632,-27.499229],[-49.572654,-27.499304],[-49.572661,-27.499329],[-49.572663,-27.499336],[-49.572682,-27.4994],[-49.572684,-27.499406],[-49.57272049765259,-27.49940038497653],[-49.572722982923786,-27.499400409829242],[-49.572722,-27.499424],[-49.572733,-27.499436],[-49.572785,-27.499471],[-49.572808,-27.499486],[-49.572818,-27.499493],[-49.572859,-27.499511],[-49.572888,-27.499524],[-49.572902,-27.499526],[-49.572904,-27.499524],[-49.57292,-27.499512],[-49.572932,-27.499494],[-49.572937,-27.499487],[-49.572934,-27.499472],[-49.572908,-27.499437],[-49.572899,-27.499425],[-49.572882,-27.499402],[-49.572834,-27.499338],[-49.572806,-27.49933],[-49.572787,-27.499305],[-49.572763,-27.49923],[-49.572764,-27.499221],[-49.572766,-27.499167],[-49.572777,-27.499113],[-49.572787,-27.499066],[-49.572793,-27.499036],[-49.572797,-27.499029],[-49.57281,-27.499001],[-49.572824,-27.498942],[-49.572844,-27.498865],[-49.57286,-27.498686],[-49.572863,-27.498653],[-49.572861,-27.498602],[-49.57286,-27.498587],[-49.572851,-27.498563],[-49.572838,-27.498531],[-49.572818,-27.49845],[-49.572817,-27.498439],[-49.57281,-27.498382],[-49.572812,-27.498345],[-49.572815,-27.498301],[-49.572833,-27.498247],[-49.572847,-27.498206],[-49.572848,-27.498203],[-49.57297,-27.498],[-49.572978,-27.497982],[-49.573001,-27.497932],[-49.573018,-27.497896],[-49.573024,-27.497876],[-49.573035,-27.49784],[-49.573055,-27.497775],[-49.573057,-27.497758],[-49.573066,-27.497701],[-49.573079,-27.497667],[-49.573098,-27.49762],[-49.573112,-27.497505],[-49.573126,-27.497468],[-49.573177,-27.497383],[-49.573242,-27.497275],[-49.573279,-27.497214]]],[[[-49.57336,-27.465561],[-49.573364,-27.465557],[-49.573377,-27.465514],[-49.573381,-27.465503],[-49.573393,-27.465487],[-49.57341,-27.465466],[-49.573413,-27.465462],[-49.573421,-27.46544],[-49.573455,-27.465417],[-49.573481,-27.465378],[-49.573551,-27.46535],[-49.573599,-27.465322],[-49.573634,-27.465302],[-49.573671,-27.465273],[-49.573703,-27.465248],[-49.57304,-27.465242],[-49.573032,-27.465266],[-49.573042,-27.465296],[-49.573049,-27.465317],[-49.573075,-27.465345],[-49.573101,-27.465374],[-49.573137,-27.465413],[-49.573159,-27.465438],[-49.573179,-27.465459],[-49.573183,-27.465464],[-49.573194,-27.465485],[-49.573193,-27.465501],[-49.573192,-27.465512],[-49.57317,-27.465555],[-49.573168,-27.465559],[-49.57307,-27.465657],[-49.573044,-27.465694],[-49.573028,-27.465716],[-49.57302,-27.465727],[-49.572923,-27.465792],[-49.572879,-27.465814],[-49.572801,-27.465854],[-49.572706,-27.46586],[-49.572688,-27.465868],[-49.572647,-27.465884],[-49.572641,-27.465892],[-49.572603,-27.465953],[-49.572597,-27.465961],[-49.57257,-27.465995],[-49.572496,-27.466085],[-49.572459,-27.466121],[-49.572412,-27.46617],[-49.57232,-27.466264],[-49.572273,-27.466312],[-49.57222,-27.466347],[-49.572176,-27.466377],[-49.57213,-27.466398],[-49.572016,-27.46645],[-49.572005,-27.466455],[-49.571961,-27.466499],[-49.571942,-27.46653],[-49.571929,-27.46655],[-49.571915,-27.466574],[-49.571914,-27.466575],[-49.571906,-27.466604],[-49.57191,-27.466613],[-49.571912,-27.466618],[-49.571918,-27.466623],[-49.571958,-27.466655],[-49.571977,-27.466664],[-49.571986,-27.466668],[-49.572031,-27.466684],[-49.572106,-27.466711],[-49.572127,-27.466716],[-49.572131,-27.466717],[-49.572159,-27.466723],[-49.572182,-27.466726],[-49.572205,-27.466729],[-49.572214,-27.466726],[-49.572223,-27.466724],[-49.5722426485623,-27.46671810543131],[-49.57224349310344,-27.466718113793103],[-49.572256,-27.466721],[-49.572288,-27.466727],[-49.572329,-27.466739],[-49.572334,-27.466742],[-49.572374,-27.466768],[-49.572381,-27.466783],[-49.572389,-27.466805],[-49.572375,-27.466833],[-49.572366,-27.466839],[-49.572357,-27.466845],[-49.57235247995781,-27.466847712025316],[-49.57234923274855,-27.466847680701754],[-49.572326,-27.466845],[-49.57223,-27.466832],[-49.572214,-27.46683],[-49.572209,-27.466832],[-49.572177,-27.466843],[-49.572175,-27.466846],[-49.572156,-27.466873],[-49.572145,-27.466888],[-49.572144,-27.466898],[-49.572143,-27.466902],[-49.572142,-27.466914],[-49.572141,-27.466925],[-49.572141,-27.466926],[-49.572145,-27.466949],[-49.572147,-27.466961],[-49.572154,-27.466966],[-49.57217,-27.46698],[-49.5722,-27.467004],[-49.572223,-27.467019],[-49.57225,-27.467036],[-49.572268,-27.467047],[-49.572288,-27.46706],[-49.572295,-27.467064],[-49.57245,-27.467106],[-49.572485,-27.467124],[-49.572511,-27.467147],[-49.572578,-27.467236],[-49.572619,-27.46729],[-49.572639,-27.467302],[-49.572637,-27.46729],[-49.572627,-27.467237],[-49.572592,-27.467148],[-49.572583,-27.467125],[-49.572576,-27.467108],[-49.57256,-27.467067],[-49.572558,-27.467063],[-49.572537,-27.46705],[-49.572453,-27.467038],[-49.572413,-27.467021],[-49.572382,-27.467006],[-49.572331,-27.466981],[-49.572326,-27.466968],[-49.572319,-27.466963],[-49.572302,-27.466951],[-49.572303,-27.466927],[-49.572303,-27.466926],[-49.572319,-27.466916],[-49.572354,-27.466904],[-49.572425,-27.466901],[-49.572441,-27.466891],[-49.572465,-27.466876],[-49.572486,-27.466849],[-49.572488,-27.466846],[-49.572492,-27.466841],[-49.572494,-27.466835],[-49.572504,-27.466806],[-49.572512,-27.466785],[-49.572509,-27.466769],[-49.572506,-27.466744],[-49.572502,-27.466741],[-49.572486,-27.466729],[-49.572478,-27.466723],[-49.572434,-27.46672],[-49.572418,-27.466719],[-49.572407,-27.466714],[-49.572338,-27.466687],[-49.572259,-27.466671],[-49.572238,-27.466666],[-49.572211,-27.466658],[-49.572107,-27.466625],[-49.572099,-27.46662],[-49.572089,-27.466615],[-49.572083,-27.466606],[-49.572061,-27.466577],[-49.572061,-27.466576],[-49.572046,-27.466552],[-49.572046,-27.466531],[-49.572081,-27.466501],[-49.572083,-27.4665],[-49.572185,-27.466457],[-49.572197,-27.466452],[-49.572281,-27.466399],[-49.572308,-27.466378],[-49.572345,-27.466349],[-49.572382,-27.466313],[-49.572431,-27.466265],[-49.572559,-27.466172],[-49.5726,-27.466123],[-49.572622,-27.466086],[-49.572678,-27.465996],[-49.572712,-27.465962],[-49.572721,-27.465954],[-49.57291,-27.465895],[-49.572929,-27.465887],[-49.572967,-27.465871],[-49.572979,-27.465863],[-49.572991,-27.465856],[-49.573054,-27.465816],[-49.573083,-27.465793],[-49.573165,-27.465728],[-49.573179,-27.465717],[-49.573227,-27.465696],[-49.573264,-27.465659],[-49.57336,-27.465561]]],[[[-49.573787,-27.465166],[-49.5738,-27.465147],[-49.573842,-27.465085],[-49.573878,-27.465031],[-49.573886,-27.465012],[-49.573895,-27.464991],[-49.573901,-27.464963],[-49.573908,-27.464933],[-49.573909,-27.464869],[-49.573909,-27.464842],[-49.573922,-27.464764],[-49.573933,-27.464699],[-49.573949,-27.464599],[-49.573954,-27.464572],[-49.57401,-27.464478],[-49.574048,-27.464437],[-49.574136,-27.464344],[-49.574163,-27.464314],[-49.574185,-27.464291],[-49.574191,-27.464279],[-49.5742,-27.464262],[-49.573672,-27.464256],[-49.573654,-27.464274],[-49.573648,-27.464285],[-49.573635,-27.464309],[-49.573636,-27.464338],[-49.573663,-27.464434],[-49.573679,-27.464474],[-49.573716,-27.464569],[-49.573726,-27.464597],[-49.57372,-27.464697],[-49.573728,-27.464762],[-49.573751,-27.464841],[-49.573758,-27.464868],[-49.573786,-27.464931],[-49.573799,-27.464962],[-49.573791,-27.46499],[-49.573785,-27.46501],[-49.57377,-27.46503],[-49.573732,-27.465084],[-49.573675,-27.465145],[-49.57365,-27.465165],[-49.573588,-27.465213],[-49.573544,-27.46523],[-49.573522,-27.465238],[-49.573502,-27.465246],[-49.573703,-27.465248],[-49.573714,-27.46524],[-49.573725,-27.465232],[-49.573741,-27.465214],[-49.573787,-27.465166]]],[[[-49.573359,-27.465115],[-49.573229,-27.465084],[-49.573199,-27.465064],[-49.573177,-27.46505],[-49.573143,-27.465064],[-49.573129,-27.465083],[-49.573109,-27.465112],[-49.573057,-27.465186],[-49.573051,-27.465205],[-49.573042,-27.465234],[-49.57304,-27.465242],[-49.573502,-27.465246],[-49.573484,-27.465238],[-49.573484,-27.465209],[-49.573475,-27.46519],[-49.57347398510845,-27.46518999028812],[-49.573359,-27.465115]]],[[[-49.573939,-27.464258],[-49.573937,-27.464259],[-49.5742,-27.464262],[-49.5742,-27.464261],[-49.574207,-27.464247],[-49.574217,-27.464226],[-49.573984,-27.464224],[-49.573981,-27.464245],[-49.573939,-27.464258]]],[[[-49.573937,-27.464259],[-49.573918,-27.464258],[-49.573672,-27.464256],[-49.573937,-27.464259]]],[[[-49.573918,-27.464258],[-49.5739,-27.464253],[-49.573794,-27.464221],[-49.573751,-27.464219],[-49.573749,-27.46422],[-49.573678,-27.46425],[-49.573673,-27.464256],[-49.573918,-27.464258]]],[[[-49.573747,-27.461043],[-49.573757,-27.461042],[-49.573648,-27.461041],[-49.573747,-27.461043]]],[[[-49.574073,-27.460541],[-49.574096,-27.460532],[-49.57405,-27.460531],[-49.574062,-27.460541],[-49.574066,-27.460544],[-49.574073,-27.460541]]],[[[-49.574007,-27.460536],[-49.57401,-27.460538],[-49.574017,-27.460543],[-49.574022,-27.460544],[-49.574033,-27.460538],[-49.574037,-27.460536],[-49.574047,-27.460531],[-49.574049,-27.46053],[-49.573959,-27.460529],[-49.573962,-27.46053],[-49.573977,-27.460536],[-49.573982,-27.460537],[-49.573991,-27.46054],[-49.574001,-27.460538],[-49.574007,-27.460536]]],[[[-49.574114,-27.46034],[-49.574101,-27.460337],[-49.574093,-27.46034],[-49.574087098039215,-27.46034337254902],[-49.57408324137932,-27.46034331034483],[-49.57407,-27.46034],[-49.574064,-27.460343],[-49.574062,-27.460345],[-49.574131,-27.460345],[-49.574126,-27.460344],[-49.574114,-27.46034]]]]}}]}