{"type":"FeatureCollection","features":[{"type":"Feature","properties":{"camada":"COTA 3,50","nivel_fonte_m":3.5,"poligonos_fonte":8317},"geometry":{"type":"MultiPolygon","coordinates":[[[[-49.62048,-27.412991],[-49.620481,-27.412964],[-49.620484,-27.412916],[-49.620486,-27.412857],[-49.620489,-27.41281],[-49.620491,-27.412767],[-49.620491,-27.412758],[-49.620496,-27.412653],[-49.620498,-27.412619],[-49.620501,-27.412558],[-49.620504,-27.412494],[-49.620503,-27.412491],[-49.620494,-27.412457],[-49.620491,-27.412449],[-49.617036,-27.412415],[-49.617044,-27.412423],[-49.617066,-27.412457],[-49.617068,-27.41246],[-49.617139,-27.412525],[-49.617225,-27.412587],[-49.617252,-27.412621],[-49.617442,-27.412728],[-49.617458,-27.412737],[-49.61747,-27.412745],[-49.617502,-27.412766],[-49.617563,-27.412807],[-49.617571,-27.412812],[-49.617619,-27.412844],[-49.61767,-27.412878],[-49.617723,-27.412896],[-49.617731,-27.4129],[-49.617758,-27.412913],[-49.617799,-27.412933],[-49.617898,-27.412981],[-49.617922,-27.412987],[-49.617954,-27.412995],[-49.619525,-27.413011],[-49.619529,-27.413003],[-49.61953,-27.412997],[-49.619535,-27.41295],[-49.619566,-27.412931],[-49.619557,-27.412918],[-49.61956,-27.412914],[-49.619572,-27.412897],[-49.619596,-27.412864],[-49.619634,-27.412833],[-49.619664,-27.412828],[-49.619704,-27.412788],[-49.619738,-27.412768],[-49.619761,-27.41276],[-49.61978775820325,-27.412751080598916],[-49.61978825650558,-27.41275108550186],[-49.619818,-27.412761],[-49.61988,-27.412804],[-49.619897,-27.412851],[-49.619884,-27.41291],[-49.619863,-27.412958],[-49.619846,-27.412985],[-49.619815,-27.413007],[-49.619804,-27.413056],[-49.619816,-27.413116],[-49.619889,-27.413149],[-49.620101,-27.413191],[-49.620138,-27.413208],[-49.620211,-27.413222],[-49.620229,-27.413225],[-49.62027047018349,-27.413222461009177],[-49.620280842424236,-27.413222541414143],[-49.620299,-27.413226],[-49.620398,-27.413242],[-49.620414,-27.413253],[-49.62045,-27.413328],[-49.620463,-27.413334],[-49.620464,-27.413328],[-49.620467,-27.413254],[-49.620468,-27.413243],[-49.620468,-27.413227],[-49.620469,-27.413224],[-49.620469,-27.413211],[-49.62047,-27.413194],[-49.620472,-27.413155],[-49.620474,-27.413122],[-49.620476,-27.413062],[-49.620479,-27.413014],[-49.62048,-27.412991]]],[[[-49.618112,-27.413034],[-49.618115,-27.413035],[-49.618269,-27.413051],[-49.618292,-27.413054],[-49.618313,-27.413052],[-49.618456,-27.413038],[-49.618464,-27.413037],[-49.618683,-27.413038],[-49.618104,-27.413032],[-49.618112,-27.413034]]],[[[-49.618892,-27.413057],[-49.618929,-27.413046],[-49.618931,-27.413043],[-49.618933,-27.41304],[-49.618683,-27.413038],[-49.618768,-27.413041],[-49.618779,-27.413045],[-49.618819,-27.413056],[-49.618892,-27.413057]]],[[[-49.619445,-27.413026],[-49.61945005025125,-27.413024316582916],[-49.61945252444445,-27.413024342222226],[-49.6195,-27.413035],[-49.619509,-27.413037],[-49.61951,-27.413035],[-49.619516,-27.413025],[-49.619525,-27.413011],[-49.619033,-27.413006],[-49.619323,-27.413023],[-49.61936,-27.413025],[-49.61942,-27.413034],[-49.619445,-27.413026]]],[[[-49.617954,-27.412995],[-49.617991,-27.413004],[-49.618104,-27.413032],[-49.618933,-27.41304],[-49.61895,-27.413014],[-49.619033,-27.413006],[-49.617954,-27.412995]]],[[[-49.620143,-27.412049],[-49.620084,-27.412008],[-49.62003,-27.41198],[-49.620022,-27.411976],[-49.619972,-27.411969],[-49.619955,-27.411975],[-49.619944,-27.411979],[-49.619921,-27.412006],[-49.619886,-27.412047],[-49.619856,-27.412099],[-49.619827,-27.41215],[-49.619791,-27.412216],[-49.619761,-27.412298],[-49.619751,-27.412327],[-49.619718,-27.412381],[-49.61967,-27.412424],[-49.61961,-27.41244],[-49.620491,-27.412449],[-49.620487,-27.412432],[-49.620474,-27.412388],[-49.620459,-27.412334],[-49.620451,-27.412305],[-49.620356,-27.412222],[-49.62028,-27.412155],[-49.620221,-27.412103],[-49.620143,-27.412049]]],[[[-49.616977,-27.412356],[-49.617012,-27.412391],[-49.617034,-27.412413],[-49.617036,-27.412415],[-49.61961,-27.41244],[-49.619579,-27.412438],[-49.619515,-27.412416],[-49.619461,-27.41238],[-49.619421,-27.412338],[-49.616935,-27.412313],[-49.616977,-27.412356]]],[[[-49.61896,-27.412333],[-49.619421,-27.412338],[-49.619338,-27.412249],[-49.619309,-27.412218],[-49.619218,-27.412248],[-49.61896,-27.412333]]],[[[-49.618576,-27.412152],[-49.618494,-27.412114],[-49.618451,-27.412094],[-49.618214,-27.411982],[-49.618066,-27.411913],[-49.617941,-27.411854],[-49.617807,-27.411791],[-49.61777,-27.411773],[-49.617726,-27.411736],[-49.617686,-27.411702],[-49.617673,-27.411685],[-49.617657,-27.411664],[-49.617609,-27.411601],[-49.617564,-27.411542],[-49.617553,-27.411527],[-49.617552,-27.411526],[-49.616579,-27.411517],[-49.616602,-27.411518],[-49.616632,-27.411533],[-49.616692,-27.411592],[-49.616719,-27.411654],[-49.616743,-27.411676],[-49.616747,-27.411692],[-49.616755,-27.411726],[-49.616738,-27.411763],[-49.61673,-27.411781],[-49.616723,-27.411842],[-49.616757,-27.4119],[-49.616769,-27.411968],[-49.616745,-27.412077],[-49.616715,-27.412096],[-49.616719,-27.412134],[-49.616776,-27.41218],[-49.6168,-27.412183],[-49.616849,-27.412226],[-49.616935,-27.412313],[-49.61896,-27.412333],[-49.618773,-27.412245],[-49.618681,-27.412202],[-49.618675,-27.412199],[-49.618576,-27.412152]]],[[[-49.616548,-27.411526],[-49.616384,-27.411525],[-49.616485,-27.41155],[-49.616495,-27.411553],[-49.616519,-27.411551],[-49.616548,-27.411526]]],[[[-49.616263,-27.411524],[-49.616313,-27.411529],[-49.616384,-27.411525],[-49.616263,-27.411524]]],[[[-49.616263,-27.411524],[-49.616548,-27.411526],[-49.616553,-27.411522],[-49.616576,-27.411517],[-49.616168,-27.411513],[-49.616222,-27.411519],[-49.616263,-27.411524]]],[[[-49.617273,-27.411158],[-49.617266,-27.411145],[-49.617224,-27.41107],[-49.617148,-27.410934],[-49.617141,-27.410922],[-49.617135,-27.410906],[-49.617119,-27.410866],[-49.617051,-27.410696],[-49.61703,-27.410641],[-49.617021,-27.41062],[-49.616986,-27.410533],[-49.616957,-27.410458],[-49.616936,-27.410406],[-49.616933,-27.410396],[-49.61692,-27.410351],[-49.616908,-27.410309],[-49.616896,-27.410267],[-49.616875,-27.410191],[-49.616857,-27.410129],[-49.616827,-27.410024],[-49.61677,-27.409823],[-49.616726,-27.409671],[-49.616691,-27.409549],[-49.61665,-27.409403],[-49.616591,-27.409195],[-49.616538,-27.409164],[-49.616459,-27.409118],[-49.616422,-27.409086],[-49.616377,-27.409044],[-49.616304,-27.408949],[-49.616263,-27.408843],[-49.616263,-27.40884],[-49.616266,-27.408798],[-49.616259,-27.408777],[-49.616256,-27.408768],[-49.616254,-27.408663],[-49.616254,-27.408653],[-49.616262,-27.40861],[-49.616289,-27.408543],[-49.616303,-27.408525],[-49.616323,-27.408521],[-49.616323,-27.408512],[-49.616324,-27.408464],[-49.61635,-27.408437],[-49.616368,-27.40843],[-49.616365,-27.408419],[-49.61635,-27.40837],[-49.61633,-27.408305],[-49.616308,-27.408232],[-49.616299,-27.408203],[-49.61629,-27.40819],[-49.616283,-27.408179],[-49.613344,-27.40815],[-49.613503,-27.408162],[-49.613612,-27.408177],[-49.613846,-27.408208],[-49.614078,-27.408283],[-49.614212,-27.408349],[-49.614272,-27.408398],[-49.614281,-27.40841],[-49.614287,-27.408417],[-49.614309,-27.408444],[-49.614348,-27.408492],[-49.614354,-27.408501],[-49.614357,-27.408505],[-49.614369,-27.408524],[-49.614416,-27.408592],[-49.614446,-27.408635],[-49.614453,-27.408645],[-49.6145,-27.408751],[-49.614504,-27.408759],[-49.614507,-27.40878],[-49.614515,-27.408823],[-49.614515,-27.408826],[-49.61451,-27.408931],[-49.614505,-27.409026],[-49.614503,-27.409066],[-49.614505,-27.409099],[-49.614508,-27.409144],[-49.614504,-27.409174],[-49.614481,-27.409382],[-49.614499,-27.409527],[-49.614503,-27.409649],[-49.614531,-27.409801],[-49.614547,-27.410001],[-49.614567,-27.410107],[-49.614588,-27.410168],[-49.614633,-27.410244],[-49.614669,-27.410287],[-49.614739,-27.410329],[-49.614796,-27.410374],[-49.614803,-27.410385],[-49.614839,-27.410437],[-49.61487,-27.410512],[-49.61496,-27.4106],[-49.614969,-27.410621],[-49.615034,-27.410676],[-49.615177,-27.410847],[-49.615203,-27.410887],[-49.615208,-27.410902],[-49.615211,-27.410915],[-49.615222,-27.41105],[-49.615216,-27.411125],[-49.615224,-27.411137],[-49.615249,-27.411149],[-49.615282,-27.411164],[-49.615361,-27.41124],[-49.615431,-27.411284],[-49.615646,-27.411393],[-49.61573,-27.411445],[-49.615814,-27.41147],[-49.615935,-27.411496],[-49.616016,-27.411497],[-49.616159,-27.411512],[-49.617552,-27.411526],[-49.617541,-27.411512],[-49.617522,-27.411487],[-49.617503,-27.411462],[-49.617464,-27.411411],[-49.617382,-27.411303],[-49.617349,-27.41126],[-49.617291,-27.411184],[-49.617279,-27.411169],[-49.617273,-27.411158]]],[[[-49.616579,-27.411517],[-49.616159,-27.411512],[-49.616168,-27.411513],[-49.616579,-27.411517]]],[[[-49.613848,-27.431674],[-49.613906,-27.43155],[-49.613914,-27.431533],[-49.613926,-27.431483],[-49.613932,-27.431456],[-49.613936,-27.431374],[-49.613942,-27.431353],[-49.613983,-27.431212],[-49.614,-27.431172],[-49.614015,-27.431135],[-49.614028,-27.431118],[-49.614033,-27.431111],[-49.61409,-27.43107],[-49.614128,-27.431044],[-49.614134,-27.431041],[-49.61419,-27.431018],[-49.614244,-27.430971],[-49.61426,-27.430944],[-49.614277,-27.430917],[-49.614284,-27.430907],[-49.614289,-27.43089],[-49.614303,-27.430842],[-49.614305,-27.430836],[-49.614325,-27.430802],[-49.614322,-27.430775],[-49.614328,-27.430769],[-49.614312,-27.430667],[-49.614309,-27.430664],[-49.614287,-27.430636],[-49.614249,-27.43059],[-49.614214,-27.430546],[-49.614197,-27.430495],[-49.614195,-27.430488],[-49.614194,-27.430486],[-49.614208,-27.430416],[-49.614219,-27.430389],[-49.614236,-27.430348],[-49.614239,-27.430342],[-49.614234,-27.430308],[-49.614242,-27.430257],[-49.614241,-27.430252],[-49.614236,-27.430227],[-49.614246,-27.4302],[-49.614232,-27.430172],[-49.614226,-27.430159],[-49.614248,-27.430135],[-49.61426,-27.430121],[-49.614272,-27.430114],[-49.613866,-27.43011],[-49.61389,-27.430117],[-49.613937,-27.430132],[-49.613966,-27.430157],[-49.613981,-27.43017],[-49.613991,-27.430198],[-49.614,-27.430224],[-49.614009,-27.43025],[-49.614009,-27.430254],[-49.614007,-27.430305],[-49.614005,-27.430339],[-49.614005,-27.430346],[-49.613987,-27.430387],[-49.613985,-27.430414],[-49.61398,-27.430484],[-49.613979,-27.430485],[-49.613949,-27.430492],[-49.613931,-27.430543],[-49.613915,-27.430586],[-49.613952,-27.430633],[-49.613995,-27.430661],[-49.613997,-27.430664],[-49.614083,-27.430766],[-49.614083,-27.430767],[-49.614087,-27.430773],[-49.614102,-27.4308],[-49.614103000769326,-27.43080000897551],[-49.614106,-27.430835],[-49.614106,-27.43084],[-49.614097,-27.430889],[-49.614085,-27.430905],[-49.614076,-27.430915],[-49.614071,-27.430942],[-49.614046,-27.430969],[-49.614001,-27.431016],[-49.613978,-27.43104],[-49.613977,-27.431042],[-49.613961,-27.431068],[-49.613936,-27.43111],[-49.613932,-27.431117],[-49.613925,-27.431134],[-49.613911,-27.431171],[-49.613901,-27.431212],[-49.613867,-27.431352],[-49.613865,-27.431374],[-49.613858,-27.431455],[-49.613856,-27.431482],[-49.613838,-27.431533],[-49.613832,-27.431549],[-49.613768,-27.431673],[-49.613752,-27.431734],[-49.613739,-27.43178],[-49.61372,-27.431927],[-49.613727,-27.431945],[-49.613733,-27.431963],[-49.613745,-27.431965],[-49.613747,-27.431963],[-49.61376,-27.431945],[-49.613765,-27.431928],[-49.613806,-27.431781],[-49.613819,-27.431735],[-49.613848,-27.431674]]],[[[-49.615335,-27.43105],[-49.615346,-27.431009],[-49.615356,-27.430974],[-49.615271,-27.430932],[-49.615222,-27.430898],[-49.615187,-27.430848],[-49.615165,-27.430818],[-49.615128,-27.430737],[-49.615131,-27.430713],[-49.61512,-27.430682],[-49.61506,-27.430559],[-49.615041,-27.430519],[-49.615037,-27.430488],[-49.615044,-27.430452],[-49.615035,-27.430398],[-49.615037,-27.430383],[-49.615042,-27.430354],[-49.614925,-27.430253],[-49.614905,-27.430236],[-49.614843,-27.430182],[-49.614811,-27.430154],[-49.614798,-27.430143],[-49.614742,-27.430094],[-49.6147409889057,-27.430093989914273],[-49.61473,-27.430084],[-49.614681,-27.430042],[-49.61463,-27.429998],[-49.614447,-27.42984],[-49.614375,-27.429777],[-49.614304,-27.429748],[-49.614281370540446,-27.42974777619216],[-49.614237,-27.429732],[-49.614221,-27.429717],[-49.61416,-27.429692],[-49.614139,-27.429643],[-49.614133,-27.42963],[-49.614103,-27.429614],[-49.614077,-27.429584],[-49.614069,-27.429575],[-49.614056,-27.429545],[-49.614048,-27.429527],[-49.61405,-27.429497],[-49.61402,-27.42947],[-49.61398,-27.429436],[-49.613967,-27.429425],[-49.613943,-27.429404],[-49.613909,-27.429374],[-49.613872,-27.429343],[-49.613858,-27.42933],[-49.61376,-27.429246],[-49.613721,-27.429212],[-49.613697,-27.429191],[-49.613683,-27.42918],[-49.613392,-27.429177],[-49.613438,-27.429189],[-49.613483,-27.429209],[-49.613516,-27.429244],[-49.613555,-27.429327],[-49.613576,-27.42934],[-49.613587,-27.429371],[-49.613574,-27.429401],[-49.613556,-27.429421],[-49.613522,-27.429431],[-49.613485,-27.429465],[-49.61346,-27.429491],[-49.61343,-27.429521],[-49.613413,-27.429538],[-49.613397,-27.429568],[-49.613393,-27.429577],[-49.613387,-27.429607],[-49.613384,-27.429623],[-49.613382,-27.429636],[-49.613387,-27.429684],[-49.61339,-27.429708],[-49.613392,-27.429724],[-49.613394,-27.429739],[-49.613397,-27.429768],[-49.613404,-27.42983],[-49.613523,-27.429987],[-49.613567,-27.430031],[-49.613624,-27.430073],[-49.613644,-27.430083],[-49.61455021738847,-27.430092086956492],[-49.614341,-27.43009],[-49.614488,-27.43014],[-49.614568,-27.430152],[-49.61462,-27.430179],[-49.614682,-27.430234],[-49.614691,-27.43025],[-49.614689,-27.43035],[-49.614688,-27.43038],[-49.614691,-27.430395],[-49.614699,-27.430449],[-49.614705,-27.430485],[-49.614709,-27.430516],[-49.614716,-27.430556],[-49.614761,-27.430679],[-49.614773,-27.430709],[-49.614782,-27.430733],[-49.614812,-27.430815],[-49.614823,-27.430845],[-49.614854,-27.430894],[-49.614876,-27.430928],[-49.614903,-27.43097],[-49.614925,-27.431005],[-49.61496,-27.431046],[-49.615048,-27.431128],[-49.61514,-27.431196],[-49.615202,-27.43123],[-49.615273,-27.431269],[-49.615284,-27.431231],[-49.615293,-27.431198],[-49.615312,-27.431131],[-49.615335,-27.43105]]],[[[-49.61434,-27.43009],[-49.613644,-27.430083],[-49.613659,-27.430091],[-49.613729,-27.430108],[-49.614272,-27.430114],[-49.6143,-27.430097],[-49.614312,-27.43009],[-49.61434,-27.43009]]],[[[-49.613362,-27.429177],[-49.613392,-27.429177],[-49.613362,-27.429176],[-49.613362,-27.429177]]],[[[-49.613683,-27.42918],[-49.613662,-27.429161],[-49.613651,-27.429152],[-49.613609,-27.429116],[-49.613128,-27.429111],[-49.613256,-27.429148],[-49.613317,-27.429158],[-49.613362,-27.429176],[-49.613683,-27.42918]]],[[[-49.613094850000095,-27.429110350000002],[-49.613609,-27.429116],[-49.613605,-27.429112],[-49.613058,-27.429107],[-49.613063,-27.42911],[-49.613073,-27.429117],[-49.6130769126365,-27.429110152886118],[-49.613077337620574,-27.42911015755627],[-49.613092,-27.429117],[-49.613094,-27.429118],[-49.613107,-27.429123],[-49.613116,-27.429118],[-49.613117,-27.429117],[-49.613128,-27.429111],[-49.613094850000095,-27.429110350000002]]],[[[-49.612983,-27.429116],[-49.612989,-27.429116],[-49.613058,-27.429107],[-49.612928,-27.429105],[-49.612983,-27.429116]]],[[[-49.613204,-27.428845],[-49.6132,-27.428843],[-49.613082,-27.428791],[-49.613052,-27.428778],[-49.613046,-27.428775],[-49.613018,-27.428747],[-49.61301,-27.42874],[-49.613001,-27.428724],[-49.613001,-27.428723],[-49.612977,-27.428682],[-49.612975,-27.428679],[-49.612972,-27.428674],[-49.612964,-27.428648],[-49.61296,-27.428638],[-49.612947,-27.428599],[-49.612947,-27.428594],[-49.612945,-27.428554],[-49.612945,-27.428546],[-49.611916,-27.428536],[-49.611974,-27.428544],[-49.612049,-27.428585],[-49.61206,-27.42859],[-49.612154,-27.42863],[-49.612215,-27.428641],[-49.612266,-27.428666],[-49.612276,-27.428672],[-49.612329,-27.428676],[-49.61245,-27.428717],[-49.612488,-27.428719],[-49.612533,-27.428735],[-49.612554,-27.428742],[-49.612606,-27.428771],[-49.612612,-27.428774],[-49.61263,-27.428787],[-49.612663,-27.428838],[-49.612664,-27.42884],[-49.612665,-27.428844],[-49.612676,-27.428884],[-49.612694,-27.428916],[-49.612754,-27.428986],[-49.612788,-27.429004],[-49.612912,-27.429102],[-49.612928,-27.429105],[-49.613605,-27.429112],[-49.613602,-27.429109],[-49.613488,-27.429011],[-49.613468,-27.428993],[-49.613387,-27.428923],[-49.613349,-27.428891],[-49.613302,-27.42885],[-49.613204,-27.428845]]],[[[-49.614118,-27.407048],[-49.614038,-27.406997],[-49.614027,-27.406983],[-49.614017,-27.406969],[-49.614009,-27.406959],[-49.613985,-27.406927],[-49.613982,-27.406922],[-49.61396,-27.406927],[-49.613807,-27.406957],[-49.613678631514986,-27.40696562176392],[-49.61366945472104,-27.406965530143754],[-49.61359,-27.406955],[-49.607796,-27.406897],[-49.607807,-27.406907],[-49.60782,-27.406921],[-49.607821,-27.406935],[-49.607825,-27.406986],[-49.607894,-27.407057],[-49.607937,-27.407115],[-49.607957,-27.407143],[-49.607949,-27.407226],[-49.607956,-27.407278],[-49.607963,-27.407332],[-49.608033,-27.407462],[-49.60804,-27.407491],[-49.608048,-27.407594],[-49.608025,-27.407634],[-49.608037,-27.407729],[-49.608099,-27.407861],[-49.608101,-27.407879],[-49.608038,-27.408014],[-49.608022,-27.408096],[-49.616283,-27.408179],[-49.616228,-27.408095],[-49.61614,-27.407959],[-49.616128,-27.407941],[-49.616041,-27.407808],[-49.61598,-27.407714],[-49.615953,-27.407673],[-49.615885,-27.407569],[-49.615867,-27.40754],[-49.615782,-27.40741],[-49.615746,-27.407355],[-49.615503,-27.407302],[-49.615107,-27.407214],[-49.614975,-27.407185],[-49.614725,-27.40713],[-49.61432393050063,-27.407178524457947],[-49.61431917975582,-27.407178477207005],[-49.614229,-27.407121],[-49.614118,-27.407048]]],[[[-49.612669,-27.406945],[-49.61359,-27.406955],[-49.613479,-27.40694],[-49.613298,-27.406915],[-49.61318,-27.406914],[-49.613033,-27.406935],[-49.612669,-27.406945]]],[[[-49.610951,-27.431182],[-49.610971,-27.431135],[-49.611049,-27.430953],[-49.611093,-27.430848],[-49.611095,-27.430845],[-49.611129,-27.430714],[-49.61114,-27.43067],[-49.611147,-27.430643],[-49.611154,-27.430616],[-49.611175,-27.430538],[-49.611188,-27.430487],[-49.611195,-27.430458],[-49.6112,-27.43045],[-49.611223,-27.430413],[-49.611233,-27.430386],[-49.611249,-27.430344],[-49.611259,-27.430319],[-49.61131,-27.43022],[-49.611311,-27.430217],[-49.611366,-27.430065],[-49.611389,-27.429999],[-49.611395,-27.42993],[-49.611407,-27.429809],[-49.611411,-27.429765],[-49.611426,-27.429711],[-49.611431,-27.429693],[-49.611433,-27.429675],[-49.611438,-27.429641],[-49.611445,-27.4296],[-49.611458,-27.429512],[-49.611476,-27.42939],[-49.611493,-27.429348],[-49.611495,-27.429342],[-49.611502,-27.429306],[-49.611511,-27.429252],[-49.611515,-27.429238],[-49.611553,-27.429117],[-49.611576,-27.429009],[-49.611591,-27.428941],[-49.611593,-27.428938],[-49.61164,-27.42883],[-49.611711,-27.428671],[-49.611748,-27.428617],[-49.611756,-27.428606],[-49.611791,-27.428578],[-49.611877,-27.428538],[-49.611916,-27.428536],[-49.61142,-27.428531],[-49.611419,-27.428533],[-49.611411,-27.428574],[-49.611405,-27.428603],[-49.611403,-27.428614],[-49.611383,-27.428668],[-49.611324,-27.428827],[-49.611275,-27.428935],[-49.611274,-27.428938],[-49.611256,-27.429005],[-49.6112,-27.429113],[-49.611138,-27.429234],[-49.611133,-27.429248],[-49.611111,-27.429302],[-49.61111,-27.429338],[-49.61111,-27.429344],[-49.611101,-27.429386],[-49.611075,-27.429508],[-49.611035,-27.429596],[-49.611007,-27.429637],[-49.610965,-27.42967],[-49.610938000000225,-27.42967],[-49.61093174736841,-27.429669936842103],[-49.610916,-27.429666],[-49.610873,-27.429627],[-49.610832,-27.429611],[-49.610812,-27.42959],[-49.610775,-27.429522],[-49.610773,-27.429515],[-49.610753,-27.429447],[-49.610744,-27.429389],[-49.610744,-27.429387],[-49.610754,-27.429315],[-49.610751,-27.429288],[-49.610746,-27.429242],[-49.610736,-27.429163],[-49.610724,-27.429063],[-49.610718,-27.429012],[-49.610715,-27.428986],[-49.610733,-27.428946],[-49.610736,-27.428939],[-49.610723,-27.428835],[-49.610723,-27.428824],[-49.610723,-27.428746],[-49.610717,-27.428725],[-49.610686,-27.428621],[-49.610676,-27.428603],[-49.610663,-27.42858],[-49.610619,-27.428526],[-49.61059,-27.42849],[-49.610528,-27.428429],[-49.610498,-27.42841],[-49.610456,-27.428381],[-49.610386,-27.428335],[-49.610334,-27.42832],[-49.610293,-27.428309],[-49.61028,-27.428279],[-49.610252,-27.42825],[-49.610249,-27.428247],[-49.61023,-27.428237],[-49.610223,-27.428233],[-49.610203,-27.428223],[-49.610157,-27.428199],[-49.610151,-27.428196],[-49.610111,-27.428175],[-49.610109,-27.428174],[-49.608458,-27.428158],[-49.608464,-27.428159],[-49.608576,-27.42818],[-49.608624,-27.428184],[-49.608774,-27.428195],[-49.608806,-27.428198],[-49.608842,-27.428223],[-49.608844,-27.428224],[-49.608862,-27.428246],[-49.60887,-27.428256],[-49.608915,-27.42834],[-49.608927,-27.428362],[-49.60893,-27.428407],[-49.60893,-27.428413],[-49.608921,-27.428447],[-49.608928,-27.428481],[-49.608927,-27.428505],[-49.608926,-27.428551],[-49.608925,-27.428589],[-49.608923,-27.428622],[-49.608923,-27.428624],[-49.608923,-27.42863],[-49.608927,-27.428642],[-49.608927,-27.428644],[-49.608928,-27.428647],[-49.609224,-27.42865],[-49.6092,-27.428646],[-49.609188,-27.428644],[-49.609171,-27.428633],[-49.609161,-27.428626],[-49.609121,-27.428624],[-49.609111,-27.428591],[-49.609143,-27.428553],[-49.609149,-27.428507],[-49.609144,-27.428483],[-49.609136,-27.428449],[-49.609128,-27.428415],[-49.609126,-27.428408],[-49.6091,-27.428364],[-49.609087,-27.428341],[-49.609085,-27.428258],[-49.609085,-27.428248],[-49.609094,-27.428227],[-49.609095,-27.428226],[-49.609125,-27.428201],[-49.609128,-27.428199],[-49.60915924098671,-27.428189237191653],[-49.60916059479089,-27.42818925043827],[-49.609217,-27.428213],[-49.609273,-27.428224],[-49.609295,-27.428228],[-49.609311,-27.428231],[-49.60932,-27.428231],[-49.609368,-27.428234],[-49.609395,-27.428232],[-49.6094,-27.428231],[-49.609426,-27.428229],[-49.6094554442289,-27.42822572841901],[-49.60946884282459,-27.428225855353077],[-49.609502,-27.42823],[-49.609604,-27.42824],[-49.609641,-27.428244],[-49.609735,-27.428273],[-49.609834,-27.428304],[-49.609872,-27.428316],[-49.609903,-27.42833],[-49.610003,-27.428377],[-49.610038,-27.428405],[-49.610072,-27.428425],[-49.610175,-27.428486],[-49.610237,-27.428522],[-49.610307,-27.428576],[-49.6103080098668,-27.428576011346816],[-49.610328,-27.428599],[-49.610335,-27.428617],[-49.610379,-27.428722],[-49.610378,-27.428742],[-49.610377,-27.428821],[-49.610375,-27.428832],[-49.610354,-27.428936],[-49.610353,-27.428942],[-49.610364,-27.428983],[-49.610371,-27.429009],[-49.610359,-27.429059],[-49.610375,-27.429159],[-49.610358,-27.429238],[-49.610335,-27.429284],[-49.610337,-27.429311],[-49.610343,-27.429383],[-49.610343,-27.429385],[-49.610338,-27.429443],[-49.610333,-27.429511],[-49.610333,-27.429517],[-49.610338,-27.429585],[-49.61034,-27.429606],[-49.610341,-27.429622],[-49.610344,-27.42966],[-49.610344,-27.429664],[-49.610346,-27.429683],[-49.610347,-27.4297],[-49.610343,-27.429754],[-49.61034,-27.429798],[-49.610373,-27.42992],[-49.610421,-27.429989],[-49.610468,-27.430056],[-49.610623,-27.43021],[-49.610627,-27.430213],[-49.610751,-27.430314],[-49.610783,-27.43034],[-49.610858,-27.430382],[-49.610933,-27.43041],[-49.61098,-27.430447],[-49.610983,-27.430456],[-49.61099,-27.430485],[-49.61099,-27.430536],[-49.610974,-27.430614],[-49.610957,-27.430641],[-49.610965,-27.430668],[-49.610964,-27.430712],[-49.610948,-27.430844],[-49.610948,-27.430847],[-49.61092,-27.430952],[-49.610858,-27.431133],[-49.610853,-27.431181],[-49.610854,-27.431187],[-49.610861,-27.43124],[-49.610861,-27.431242],[-49.610879,-27.431305],[-49.610899,-27.431376],[-49.610902,-27.431385],[-49.610915,-27.43142],[-49.610916,-27.431422],[-49.610923,-27.431424],[-49.610927,-27.431422],[-49.610929,-27.43142],[-49.610936,-27.431385],[-49.610938,-27.431376],[-49.610931,-27.431306],[-49.610953,-27.431243],[-49.610952,-27.431241],[-49.610949,-27.431188],[-49.610951,-27.431182]]],[[[-49.611414,-27.428382],[-49.611401,-27.428405],[-49.611398,-27.428442],[-49.611424,-27.42851],[-49.611421,-27.428526],[-49.61142,-27.428531],[-49.612945,-27.428546],[-49.612945,-27.428541],[-49.612925,-27.428525],[-49.612846,-27.428456],[-49.612803,-27.428419],[-49.612776,-27.428396],[-49.611414,-27.428382]]],[[[-49.612508,-27.428342],[-49.61246247169408,-27.428349917966244],[-49.61246180293544,-27.428349911320947],[-49.612442,-27.428341],[-49.61243995327469,-27.42834098005627],[-49.612358,-27.428306],[-49.61233,-27.428278],[-49.612313,-27.428261],[-49.612312,-27.42826],[-49.612292,-27.428247],[-49.612282,-27.42824],[-49.612274,-27.428235],[-49.612106,-27.428225],[-49.612045,-27.428215],[-49.612004,-27.428209],[-49.611984,-27.428206],[-49.61197,-27.428208],[-49.611943,-27.428214],[-49.611936,-27.428223],[-49.61193,-27.428231],[-49.611926,-27.428236],[-49.611895,-27.428243],[-49.611883,-27.428256],[-49.611881,-27.428257],[-49.611842,-27.428273],[-49.611745,-27.4283],[-49.611626,-27.428332],[-49.611621,-27.428333],[-49.611565,-27.428341],[-49.61148,-27.428353],[-49.611466,-27.428362],[-49.611432,-27.428381],[-49.61143,-27.428382],[-49.612776,-27.428396],[-49.612775,-27.428395],[-49.612752,-27.428375],[-49.61272,-27.428366],[-49.612672,-27.428352],[-49.61264,-27.428343],[-49.612625,-27.428339],[-49.612553,-27.428334],[-49.612529,-27.428338],[-49.612508,-27.428342]]],[[[-49.611414,-27.428382],[-49.61143,-27.428382],[-49.611414,-27.428381],[-49.611414,-27.428382]]],[[[-49.611852,-27.408471],[-49.611858,-27.408458],[-49.611863,-27.408444],[-49.611875,-27.408418],[-49.611877,-27.408414],[-49.611918,-27.408355],[-49.61192,-27.408353],[-49.611935,-27.408342],[-49.611949,-27.408332],[-49.611981,-27.408308],[-49.611996,-27.408297],[-49.612061,-27.408273],[-49.612066,-27.408272],[-49.61214,-27.408256],[-49.612509,-27.408216],[-49.61258,-27.408208],[-49.612885,-27.408193],[-49.613139,-27.408159],[-49.613166,-27.408156],[-49.613344,-27.40815],[-49.608022,-27.408096],[-49.60802,-27.408104],[-49.608019,-27.408108],[-49.608032,-27.408145],[-49.608038,-27.408163],[-49.608041,-27.408171],[-49.608065,-27.408215],[-49.608074,-27.408232],[-49.608074,-27.408233],[-49.608072,-27.408258],[-49.608071,-27.408269],[-49.608059,-27.408293],[-49.608056,-27.408299],[-49.60805,-27.40831],[-49.608035,-27.408324],[-49.60803,-27.408328],[-49.611216,-27.40836],[-49.611231,-27.408356],[-49.611246,-27.408342],[-49.611259,-27.408331],[-49.61127716286699,-27.408325264357792],[-49.611279380865845,-27.4083252865948],[-49.611331,-27.408336],[-49.61134,-27.408347],[-49.611342,-27.40835],[-49.611452,-27.40841],[-49.611455,-27.408413],[-49.611481,-27.40844],[-49.61151,-27.408455],[-49.611521,-27.408468],[-49.611543,-27.408497],[-49.611555,-27.408513],[-49.61156,-27.408524],[-49.611576,-27.408562],[-49.611596,-27.408577],[-49.611655,-27.408624],[-49.611658,-27.408629],[-49.611672,-27.408651],[-49.611704,-27.408668],[-49.611714,-27.40867],[-49.611741,-27.408674],[-49.611773,-27.40867],[-49.611775,-27.408669],[-49.611788,-27.408652],[-49.611805,-27.408631],[-49.611806,-27.408625],[-49.611816,-27.408579],[-49.611826,-27.408564],[-49.611849,-27.408527],[-49.611847,-27.408516],[-49.611844,-27.4085],[-49.611852,-27.408471]]],[[[-49.611073,-27.408359],[-49.611164,-27.408367],[-49.611187,-27.40837],[-49.611193,-27.408368],[-49.611216,-27.40836],[-49.611073,-27.408359]]],[[[-49.61099859539918,-27.405659319079838],[-49.610992,-27.405658],[-49.610925,-27.405649],[-49.610906,-27.405638],[-49.610871,-27.405617],[-49.61087,-27.405615],[-49.610865,-27.405608],[-49.607166,-27.405572],[-49.607272,-27.40558],[-49.607276,-27.405581],[-49.60734,-27.405602],[-49.60736,-27.405614],[-49.607374,-27.405622],[-49.607376,-27.405623],[-49.607413,-27.405646],[-49.607436,-27.405664],[-49.607442,-27.405674],[-49.60747,-27.405717],[-49.60747,-27.405718],[-49.60749,-27.405774],[-49.607505,-27.405815],[-49.607516,-27.405829],[-49.607512,-27.405842],[-49.607521,-27.405852],[-49.60752,-27.405856],[-49.607505,-27.405884],[-49.607489,-27.405917],[-49.607503,-27.405922],[-49.607518,-27.405941],[-49.60754,-27.405969],[-49.607551,-27.405983],[-49.607552,-27.405986],[-49.607562,-27.406008],[-49.607584,-27.406059],[-49.607579,-27.406073],[-49.607572,-27.40609],[-49.607519,-27.406154],[-49.60751,-27.406195],[-49.607504,-27.406204],[-49.607481,-27.406243],[-49.607478,-27.406254],[-49.607475,-27.406268],[-49.607469,-27.406288],[-49.60747,-27.406294],[-49.607478,-27.406341],[-49.607479,-27.406343],[-49.607506,-27.406393],[-49.607506,-27.406396],[-49.607506,-27.406407],[-49.607513,-27.406413],[-49.607519,-27.406417],[-49.607534,-27.40643],[-49.607556,-27.406448],[-49.607562,-27.406461],[-49.607563,-27.406462],[-49.607593,-27.406472],[-49.607592,-27.406494],[-49.607596,-27.4065],[-49.607639,-27.406562],[-49.60765,-27.406579],[-49.607651,-27.40658],[-49.607658,-27.406591],[-49.60766,-27.406593],[-49.607663,-27.4066],[-49.607678,-27.40663],[-49.607694,-27.406662],[-49.607691,-27.406677],[-49.607685,-27.406714],[-49.607709,-27.406752],[-49.607718,-27.406768],[-49.607729,-27.406779],[-49.607763,-27.406812],[-49.607776,-27.406824],[-49.607772,-27.406835],[-49.607766,-27.406851],[-49.607774,-27.406865],[-49.607777,-27.40687],[-49.607784,-27.406882],[-49.607787,-27.406887],[-49.607796,-27.406897],[-49.612669,-27.406945],[-49.612552,-27.406935],[-49.612487,-27.406929],[-49.612472,-27.406916],[-49.612412,-27.406911],[-49.612404,-27.406898],[-49.612394,-27.406881],[-49.612366,-27.40687],[-49.612333,-27.406858],[-49.612288,-27.406824],[-49.612284,-27.406814],[-49.612278,-27.406798],[-49.612248,-27.406759],[-49.612219,-27.406722],[-49.612216,-27.406707],[-49.61221,-27.406675],[-49.612181,-27.406645],[-49.612162,-27.406638],[-49.612157,-27.406636],[-49.612154,-27.406625],[-49.61213,-27.406623],[-49.612124,-27.406607],[-49.612067,-27.406545],[-49.612065,-27.406539],[-49.612061,-27.406516],[-49.612059,-27.406507],[-49.612059,-27.406506],[-49.61205,-27.406492],[-49.612037,-27.406475],[-49.612014,-27.406462],[-49.611957,-27.406457],[-49.611955,-27.406451],[-49.61195291224777,-27.406450979352417],[-49.611902,-27.406439],[-49.611901,-27.406437],[-49.611882,-27.406387],[-49.611882,-27.406385],[-49.61188,-27.406338],[-49.611873,-27.406332],[-49.611849,-27.406311],[-49.611855,-27.406298],[-49.611852,-27.406286],[-49.611839,-27.406247],[-49.611838,-27.406238],[-49.611836,-27.406197],[-49.611832,-27.406132],[-49.611831,-27.406115],[-49.611821,-27.406102],[-49.611785,-27.40605],[-49.611725,-27.406027],[-49.611721,-27.406024],[-49.611704,-27.406011],[-49.611544,-27.405981],[-49.611508,-27.405962],[-49.611498,-27.405957],[-49.611434,-27.405923],[-49.61141,-27.405894],[-49.611409,-27.405891],[-49.611404,-27.405881],[-49.611399,-27.405867],[-49.611393,-27.405854],[-49.611376,-27.405813],[-49.611327,-27.405756],[-49.611327,-27.405755],[-49.611314,-27.405712],[-49.611305,-27.405703],[-49.611287,-27.405685],[-49.611266,-27.405662],[-49.611265,-27.405661],[-49.611262,-27.405658],[-49.611027,-27.405655],[-49.611009,-27.405658],[-49.611004187011055,-27.4056593751397],[-49.61099859539918,-27.405659319079838]]],[[[-49.61126,-27.405656],[-49.611256,-27.405651],[-49.61124,-27.405647],[-49.611226,-27.405643],[-49.611215,-27.405647],[-49.611203,-27.405651],[-49.611188,-27.405655],[-49.611184,-27.405657],[-49.611262,-27.405658],[-49.61126,-27.405656]]],[[[-49.611184,-27.405657],[-49.611174,-27.405655],[-49.611035,-27.405654],[-49.611027,-27.405655],[-49.611184,-27.405657]]],[[[-49.611092,-27.405654],[-49.611174,-27.405655],[-49.611137,-27.40565],[-49.611107,-27.405646],[-49.611101,-27.40565],[-49.611092,-27.405654]]],[[[-49.611035,-27.405654],[-49.611092,-27.405654],[-49.611062,-27.405649],[-49.611035,-27.405654]]],[[[-49.60989,-27.429154],[-49.609886,-27.429139],[-49.609872,-27.42912],[-49.609853,-27.429107],[-49.609791,-27.429069],[-49.609781,-27.429058],[-49.60975,-27.429028],[-49.609733,-27.429005],[-49.609725,-27.428977],[-49.609734,-27.428925],[-49.609733,-27.428924],[-49.609728,-27.428903],[-49.609708,-27.428883],[-49.609688,-27.428863],[-49.609619,-27.428827],[-49.609614,-27.42882],[-49.609601,-27.428797],[-49.609601,-27.428792],[-49.609602,-27.428783],[-49.609603,-27.42878],[-49.609585,-27.428761],[-49.609566,-27.428741],[-49.609543,-27.428731],[-49.609519,-27.428721],[-49.609508,-27.428716],[-49.609486374340946,-27.42872070123023],[-49.6094846857671,-27.428720685767097],[-49.60948,-27.428716],[-49.609447,-27.428682],[-49.609423,-27.428659],[-49.60941,-27.428652],[-49.608928,-27.428647],[-49.60893,-27.428654],[-49.608937,-27.428677],[-49.608968,-27.428711],[-49.608973,-27.428716],[-49.608982,-27.428726],[-49.608997,-27.428735],[-49.609027,-27.428755],[-49.60908,-27.428775],[-49.609088,-27.428778],[-49.60927,-27.428789],[-49.609292,-27.428794],[-49.609391,-27.428818],[-49.60941,-27.428825],[-49.609504,-27.428862],[-49.609554,-27.428881],[-49.609579,-27.428901],[-49.609606,-27.428923],[-49.609607,-27.428924],[-49.609629,-27.428976],[-49.609649,-27.429004],[-49.609666,-27.429027],[-49.609687,-27.429057],[-49.6097,-27.429068],[-49.609747,-27.429106],[-49.609767,-27.429119],[-49.609798,-27.429138],[-49.609823,-27.429154],[-49.609824,-27.429181],[-49.609816,-27.429197],[-49.609805,-27.429223],[-49.609802,-27.429229],[-49.609745,-27.429279],[-49.609742,-27.429283],[-49.609714,-27.429316],[-49.609709,-27.429321],[-49.609695,-27.429338],[-49.6097,-27.429341],[-49.609706,-27.429344],[-49.609713,-27.429347],[-49.609732,-27.429344],[-49.609751,-27.429341],[-49.609754,-27.429339],[-49.609778,-27.429322],[-49.609807,-27.429317],[-49.609829,-27.429284],[-49.609834,-27.42928],[-49.609888,-27.42923],[-49.609895,-27.429223],[-49.609902,-27.429198],[-49.609898,-27.429181],[-49.60989,-27.429154]]],[[[-49.609731,-27.409097],[-49.609732,-27.409092],[-49.609733,-27.409086],[-49.609733,-27.409085],[-49.609599666666625,-27.40908411111111],[-49.609741,-27.409085],[-49.609742,-27.409084],[-49.609745,-27.409076],[-49.609562,-27.409075],[-49.609579,-27.409082],[-49.609581,-27.409083],[-49.609582,-27.409084],[-49.609583051984885,-27.409084006616258],[-49.609638,-27.409091],[-49.609646,-27.409096],[-49.609648,-27.409098],[-49.609665,-27.409108],[-49.609685,-27.409113],[-49.60971,-27.409119],[-49.609724,-27.409113],[-49.609724,-27.409109],[-49.609723,-27.409098],[-49.609731,-27.409097]]],[[[-49.610191,-27.409037],[-49.609854,-27.409033],[-49.609868,-27.409038],[-49.609919,-27.409077],[-49.609931,-27.409086],[-49.609987,-27.409103],[-49.61,-27.409113],[-49.610004,-27.409113],[-49.61002,-27.409104],[-49.610049,-27.409087],[-49.61006221058688,-27.40907850747986],[-49.610109,-27.409079],[-49.610183,-27.409041],[-49.610191,-27.409037]]],[[[-49.610201,-27.409041],[-49.610229,-27.409053],[-49.610249,-27.409042],[-49.610256,-27.409037],[-49.610191,-27.409037],[-49.610201,-27.409041]]],[[[-49.610256,-27.409037],[-49.610263,-27.409033],[-49.60984,-27.409029],[-49.609854,-27.409033],[-49.610256,-27.409037]]],[[[-49.610413,-27.408931],[-49.610457,-27.408898],[-49.610484,-27.408878],[-49.610525,-27.408848],[-49.610531,-27.408843],[-49.610539,-27.408831],[-49.608936,-27.408815],[-49.608971,-27.408828],[-49.608983,-27.408832],[-49.609018,-27.408864],[-49.609028,-27.408884],[-49.609025,-27.408917],[-49.609042,-27.408943],[-49.609037,-27.408958],[-49.609047,-27.408986],[-49.609056,-27.409012],[-49.609071,-27.409021],[-49.610263,-27.409033],[-49.610279,-27.409024],[-49.610322,-27.408998],[-49.610358,-27.408971],[-49.610378,-27.408956],[-49.610413,-27.408931]]],[[[-49.608907,-27.408814],[-49.610539,-27.408831],[-49.610545,-27.408822],[-49.60888,-27.408806],[-49.608907,-27.408814]]],[[[-49.610497,-27.403851],[-49.610462,-27.403805],[-49.610404,-27.403726],[-49.610394,-27.403712],[-49.610364,-27.403672],[-49.610354,-27.403656],[-49.61033,-27.403618],[-49.610307,-27.403582],[-49.610294,-27.403555],[-49.610275,-27.403514],[-49.610234,-27.403427],[-49.610203,-27.403362],[-49.610192,-27.40335],[-49.610155,-27.403308],[-49.610094,-27.403239],[-49.610076,-27.403213],[-49.610023,-27.403135],[-49.610004,-27.403108],[-49.609997,-27.403098],[-49.609275,-27.403091],[-49.609305,-27.403101],[-49.609334,-27.403128],[-49.609378,-27.403206],[-49.609416,-27.403232],[-49.60952,-27.403301],[-49.609551,-27.403343],[-49.609566,-27.403355],[-49.609646,-27.403421],[-49.609704,-27.403508],[-49.609745,-27.403549],[-49.609787,-27.403577],[-49.609843,-27.403613],[-49.609888,-27.403652],[-49.609922,-27.403668],[-49.610004,-27.403708],[-49.610021,-27.403722],[-49.610082,-27.403801],[-49.610102,-27.403847],[-49.610131,-27.403877],[-49.610136,-27.403883],[-49.610163,-27.403924],[-49.610189,-27.403949],[-49.610244,-27.404001],[-49.610276,-27.404042],[-49.610319,-27.404095],[-49.610325,-27.404099],[-49.610437,-27.404167],[-49.610499,-27.404206],[-49.610547,-27.404235],[-49.610588,-27.404207],[-49.61062,-27.404169],[-49.610627,-27.404102],[-49.610626,-27.404098],[-49.610605,-27.404045],[-49.610596,-27.404004],[-49.610585,-27.403953],[-49.610562,-27.403928],[-49.610524,-27.403886],[-49.610518,-27.40388],[-49.610497,-27.403851]]],[[[-49.609224,-27.42865],[-49.60941,-27.428652],[-49.609402,-27.428648],[-49.609265,-27.428647],[-49.609224,-27.42865]]],[[[-49.609338,-27.428628],[-49.609334,-27.428629],[-49.609268,-27.428647],[-49.609402,-27.428648],[-49.609362,-27.428629],[-49.609338,-27.428628]]],[[[-49.60805,-27.428104],[-49.608107,-27.428106],[-49.60816,-27.428115],[-49.608228,-27.428125],[-49.608341,-27.428156],[-49.610109,-27.428174],[-49.610049,-27.428143],[-49.61003,-27.428133],[-49.610009,-27.428125],[-49.610003,-27.428123],[-49.609998,-27.428122],[-49.608008,-27.428102],[-49.60805,-27.428104]]],[[[-49.609506,-27.409082],[-49.609562,-27.409075],[-49.609144,-27.40907],[-49.609155,-27.409078],[-49.609171,-27.409089],[-49.609183,-27.409097],[-49.609289,-27.409153],[-49.609293,-27.409155],[-49.609329,-27.409154],[-49.609414,-27.409099],[-49.609426,-27.409091],[-49.609506,-27.409082]]],[[[-49.609071,-27.409021],[-49.609105,-27.409044],[-49.609144,-27.40907],[-49.609745,-27.409076],[-49.609755,-27.40905],[-49.60984,-27.409029],[-49.609071,-27.409021]]],[[[-49.610918,-27.408398],[-49.610927,-27.408392],[-49.610955,-27.408385],[-49.610989,-27.408377],[-49.611037,-27.408365],[-49.611046,-27.408363],[-49.611073,-27.408359],[-49.60803,-27.408328],[-49.608025,-27.408332],[-49.608022,-27.408335],[-49.608038,-27.408347],[-49.60803,-27.408356],[-49.608035,-27.408363],[-49.60804,-27.40837],[-49.608013,-27.408406],[-49.608014,-27.408409],[-49.608021,-27.408433],[-49.608007,-27.408463],[-49.607988,-27.408501],[-49.60799,-27.408541],[-49.607973,-27.408582],[-49.607966,-27.408589],[-49.607936,-27.408621],[-49.607858,-27.408738],[-49.607787,-27.408795],[-49.610545,-27.408822],[-49.610581,-27.408765],[-49.610657,-27.408648],[-49.610677,-27.408616],[-49.610684,-27.408609],[-49.610723,-27.408569],[-49.610761,-27.408528],[-49.610797,-27.408491],[-49.610831,-27.408461],[-49.610859,-27.408437],[-49.610863,-27.408435],[-49.610918,-27.408398]]],[[[-49.610343,-27.404211],[-49.610308,-27.404182],[-49.610286,-27.404164],[-49.610212,-27.404103],[-49.610181,-27.404077],[-49.610144,-27.404047],[-49.610079,-27.403993],[-49.61005,-27.40397],[-49.610028,-27.403951],[-49.609974,-27.403906],[-49.609884,-27.403833],[-49.609856,-27.40381],[-49.609817,-27.403778],[-49.609777,-27.403744],[-49.609701,-27.403682],[-49.609687,-27.40367],[-49.609678,-27.40364],[-49.609658,-27.403575],[-49.609651,-27.403551],[-49.609634,-27.403534],[-49.60962,-27.403521],[-49.609562,-27.403466],[-49.609534,-27.403439],[-49.609464,-27.403372],[-49.609425,-27.403335],[-49.608337,-27.403324],[-49.608351,-27.403361],[-49.608351,-27.403427],[-49.608328,-27.403454],[-49.60833,-27.403508],[-49.608313,-27.403521],[-49.608311,-27.403537],[-49.608308,-27.403562],[-49.608236,-27.403626],[-49.608212,-27.403656],[-49.608203,-27.403667],[-49.608125,-27.403728],[-49.608103,-27.403761],[-49.608059,-27.403792],[-49.608046,-27.403814],[-49.607947,-27.403886],[-49.607905,-27.40393],[-49.607868,-27.403948],[-49.60785,-27.403971],[-49.607827,-27.404024],[-49.60783,-27.404053],[-49.607814,-27.404079],[-49.607815,-27.404139],[-49.607806,-27.404157],[-49.607768,-27.404185],[-49.607719,-27.4042],[-49.607702,-27.404223],[-49.607696,-27.404274],[-49.607723,-27.404305],[-49.607736,-27.40434],[-49.607679,-27.404385],[-49.607673,-27.404394],[-49.607631,-27.404449],[-49.60763,-27.404451],[-49.607583,-27.404482],[-49.60758,-27.404485],[-49.607539,-27.404542],[-49.607528,-27.404567],[-49.607508,-27.404611],[-49.607488,-27.404691],[-49.607485,-27.404704],[-49.607489,-27.404745],[-49.60747,-27.404786],[-49.607464,-27.404799],[-49.607416,-27.404826],[-49.607412,-27.404828],[-49.610563,-27.40486],[-49.610562,-27.404858],[-49.610558,-27.40483],[-49.610556,-27.404816],[-49.610555,-27.404776],[-49.610554,-27.404735],[-49.610553,-27.404722],[-49.610559,-27.404642],[-49.610562,-27.404597],[-49.610557,-27.404573],[-49.610544,-27.404515],[-49.610545,-27.404512],[-49.610554,-27.40448],[-49.610555,-27.404478],[-49.610601,-27.404423],[-49.61059,-27.404414],[-49.610534,-27.404368],[-49.610491,-27.404333],[-49.610454,-27.404302],[-49.610391,-27.40425],[-49.610362,-27.404226],[-49.610343,-27.404211]]],[[[-49.609425,-27.403335],[-49.60942,-27.40333],[-49.609331,-27.403246],[-49.609275,-27.403192],[-49.609267,-27.403185],[-49.609246,-27.403192],[-49.609094,-27.403244],[-49.609023,-27.403326],[-49.608862,-27.403329],[-49.609425,-27.403335]]],[[[-49.608938,-27.403148],[-49.608938,-27.403151],[-49.608939,-27.403157],[-49.608941,-27.403167],[-49.608914,-27.403187],[-49.608916,-27.403207],[-49.608917,-27.403219],[-49.608915,-27.403226],[-49.60891,-27.403244],[-49.608914,-27.40325],[-49.608924,-27.403264],[-49.608954,-27.403281],[-49.608956,-27.403282],[-49.608989,-27.403281],[-49.608994,-27.403264],[-49.608998,-27.403251],[-49.608996,-27.403245],[-49.60899,-27.403227],[-49.608991,-27.403219],[-49.60899291794872,-27.40320845128205],[-49.609001202531644,-27.403208607594937],[-49.60902,-27.40321],[-49.609022,-27.403209],[-49.609047,-27.403188],[-49.609071,-27.403168],[-49.609081774665555,-27.403158204849497],[-49.60909030508467,-27.403158276836155],[-49.609172,-27.403161],[-49.609176,-27.403159],[-49.609195,-27.403154],[-49.609199,-27.40315],[-49.609257,-27.403094],[-49.609273,-27.403091],[-49.60888,-27.403087],[-49.608883,-27.40309],[-49.608938,-27.403148]]],[[[-49.609838,-27.402762],[-49.609837,-27.40276],[-49.609815,-27.402686],[-49.609805,-27.402653],[-49.609797,-27.402626],[-49.609734,-27.402506],[-49.609722,-27.402492],[-49.609649,-27.402411],[-49.609546,-27.402328],[-49.609538,-27.402322],[-49.609474,-27.402244],[-49.609449,-27.402212],[-49.609412,-27.402168],[-49.60941,-27.402165],[-49.60937,-27.402122],[-49.609349,-27.402099],[-49.60929,-27.402033],[-49.609269,-27.402005],[-49.60925,-27.401979],[-49.609194,-27.401903],[-49.609181,-27.401888],[-49.609045,-27.40173],[-49.609031,-27.401715],[-49.608976,-27.401659],[-49.608923,-27.401613],[-49.608814,-27.401518],[-49.608763,-27.401425],[-49.608785,-27.4014],[-49.60881,-27.401387],[-49.608822,-27.40138],[-49.608833,-27.401367],[-49.608728714285604,-27.401366],[-49.608734,-27.401366],[-49.60869527389207,-27.401365630095956],[-49.608643,-27.401339],[-49.608563,-27.401249],[-49.608489,-27.401126],[-49.608468,-27.401073],[-49.608399,-27.401038],[-49.608315,-27.400958],[-49.608121,-27.400772],[-49.608086,-27.40073],[-49.608032,-27.400635],[-49.608005,-27.400607],[-49.607841,-27.400482],[-49.607812,-27.400446],[-49.60779,-27.40042],[-49.607714,-27.400381],[-49.607632,-27.4003],[-49.607564,-27.400259],[-49.607512,-27.400217],[-49.607434,-27.400153],[-49.607357,-27.400086],[-49.607266,-27.400008],[-49.607198,-27.399949],[-49.607134,-27.399894],[-49.607119,-27.399881],[-49.607107,-27.39987],[-49.607091,-27.399857],[-49.607084,-27.399849],[-49.607054,-27.399818],[-49.607046,-27.399809],[-49.607021,-27.399776],[-49.606951,-27.399681],[-49.606841,-27.399576],[-49.606821,-27.399547],[-49.606761,-27.399456],[-49.606756,-27.399448],[-49.606719,-27.399405],[-49.60664,-27.399343],[-49.606597,-27.39931],[-49.60653,-27.399242],[-49.606511,-27.399211],[-49.606476,-27.399157],[-49.606425,-27.399095],[-49.606423,-27.399093],[-49.606329,-27.398939],[-49.60628,-27.39886],[-49.606263,-27.398839],[-49.606237,-27.398808],[-49.606119,-27.398695],[-49.606092,-27.398652],[-49.606065,-27.398623],[-49.606028,-27.398583],[-49.606009,-27.398568],[-49.605931,-27.398505],[-49.605929981943305,-27.398504989740513],[-49.605842,-27.398455],[-49.605766,-27.398376],[-49.605763,-27.398366],[-49.605751,-27.398332],[-49.605728,-27.398321],[-49.605695,-27.398287],[-49.605597,-27.398226],[-49.60556,-27.398192],[-49.605549,-27.39817],[-49.605547,-27.398115],[-49.605547,-27.398114],[-49.605557,-27.398101],[-49.605606,-27.398077],[-49.60576552892559,-27.39806829842224],[-49.60577382231376,-27.39806838268661],[-49.60583,-27.398076],[-49.60587,-27.398088],[-49.605915,-27.398102],[-49.605929,-27.398089],[-49.605932,-27.398077],[-49.605933,-27.39807],[-49.605948,-27.398001],[-49.605949,-27.397996],[-49.605943,-27.39798],[-49.605923,-27.397976],[-49.605907,-27.39798],[-49.605847672176324,-27.39799483195592],[-49.60582592610825,-27.397994581280784],[-49.605661,-27.39799],[-49.605604,-27.397992],[-49.60562438709651,-27.397992258064512],[-49.605602,-27.397992],[-49.60550611376146,-27.39799652293578],[-49.60549310803619,-27.397996391165513],[-49.605439,-27.397985],[-49.605361,-27.397955],[-49.605325,-27.397941],[-49.605288,-27.397918],[-49.605264,-27.397896],[-49.605242,-27.397874],[-49.60524,-27.397872],[-49.605206,-27.397839],[-49.605156,-27.397779],[-49.60515,-27.397762],[-49.605131,-27.397714],[-49.605128,-27.397709],[-49.605089,-27.39766],[-49.604995,-27.397544],[-49.604992,-27.39754],[-49.604906,-27.397466],[-49.604897,-27.397462],[-49.604869,-27.39745],[-49.604839,-27.397422],[-49.604817,-27.397416],[-49.604779,-27.397391],[-49.604741,-27.397348],[-49.604732,-27.397322],[-49.604729,-27.397319],[-49.604606,-27.397193],[-49.604511,-27.397059],[-49.604487,-27.397025],[-49.60446,-27.396997],[-49.604354,-27.396886],[-49.604215,-27.396677],[-49.604126,-27.396565],[-49.604089,-27.396492],[-49.604068,-27.396452],[-49.604042,-27.396346],[-49.604031,-27.3963],[-49.604037,-27.396153],[-49.604043,-27.396112],[-49.60405,-27.396065],[-49.604055,-27.396032],[-49.604052,-27.395988],[-49.604048,-27.39595],[-49.604075,-27.395905],[-49.604106,-27.395882],[-49.60411,-27.39587],[-49.604124,-27.395829],[-49.604142,-27.395804],[-49.604161,-27.395749],[-49.60416,-27.395721],[-49.60417,-27.395708],[-49.604162,-27.395693],[-49.604162,-27.395664],[-49.604162,-27.395654],[-49.604186,-27.395593],[-49.604255,-27.395525],[-49.60427,-27.395518],[-49.604272,-27.395509],[-49.604282,-27.395455],[-49.604288,-27.395449],[-49.604305,-27.395432],[-49.604312,-27.395393],[-49.604306,-27.395348],[-49.604301,-27.395344],[-49.604279,-27.395322],[-49.60426,-27.395274],[-49.604262,-27.395262],[-49.604265,-27.395226],[-49.60427,-27.395183],[-49.604276,-27.395127],[-49.604279,-27.3951],[-49.604329,-27.394992],[-49.604352,-27.394965],[-49.604396,-27.394915],[-49.604422,-27.394898],[-49.604456,-27.394858],[-49.604479,-27.394845],[-49.604505,-27.394805],[-49.604543,-27.394792],[-49.604602,-27.394746],[-49.604621,-27.394692],[-49.604638,-27.394671],[-49.604657,-27.394657],[-49.604719,-27.394608],[-49.604738,-27.394602],[-49.604753,-27.394577],[-49.603683,-27.394566],[-49.603674,-27.394592],[-49.603673,-27.394597],[-49.603656,-27.394647],[-49.60365,-27.394661],[-49.603642,-27.394682],[-49.603619,-27.394736],[-49.6036,-27.394783],[-49.603595,-27.394796],[-49.603579,-27.394836],[-49.603573,-27.394849],[-49.603557,-27.394889],[-49.60355,-27.394906],[-49.603529,-27.394957],[-49.603519,-27.394984],[-49.603481,-27.395092],[-49.603472,-27.395119],[-49.603442,-27.395175],[-49.6034,-27.395217],[-49.603412,-27.395254],[-49.603413,-27.395265],[-49.603415,-27.395313],[-49.603416,-27.395335],[-49.603418,-27.395339],[-49.603429,-27.395384],[-49.603439,-27.395423],[-49.603443,-27.39544],[-49.603444,-27.395446],[-49.603445,-27.395501],[-49.603443,-27.39551],[-49.603441,-27.395517],[-49.603428,-27.395585],[-49.603415,-27.395646],[-49.603413,-27.395657],[-49.603412,-27.395686],[-49.603411,-27.3957],[-49.60341,-27.395714],[-49.603408,-27.395741],[-49.603405,-27.395797],[-49.603404,-27.395822],[-49.603402,-27.395863],[-49.603399,-27.395875],[-49.603395,-27.395898],[-49.603386,-27.395944],[-49.603379,-27.395981],[-49.603361,-27.396025],[-49.603348,-27.396058],[-49.603349,-27.396105],[-49.603343,-27.396147],[-49.603324,-27.396293],[-49.603318,-27.396339],[-49.603316,-27.396444],[-49.603315,-27.396485],[-49.603327,-27.396557],[-49.603345,-27.396668],[-49.603378,-27.396877],[-49.603395,-27.396987],[-49.603396,-27.397014],[-49.603398,-27.397048],[-49.603428,-27.397181],[-49.603456,-27.397306],[-49.603458,-27.39731],[-49.603466,-27.397335],[-49.603481,-27.397378],[-49.60349,-27.397403],[-49.603491,-27.397408],[-49.603501,-27.397436],[-49.603505,-27.397448],[-49.603507,-27.397452],[-49.603544,-27.397525],[-49.603546,-27.39753],[-49.603621,-27.397645],[-49.60364,-27.397694],[-49.603642,-27.397699],[-49.603645,-27.397747],[-49.60364,-27.397764],[-49.603621,-27.397823],[-49.603611,-27.397856],[-49.603607,-27.397867],[-49.603604,-27.397879],[-49.603601,-27.397888],[-49.603625,-27.397879],[-49.603657,-27.397868],[-49.603742655093896,-27.397857293113262],[-49.60375056155512,-27.39785737077034],[-49.603775,-27.397859],[-49.603835,-27.397881],[-49.603868,-27.397904],[-49.603901,-27.397927],[-49.603922,-27.397941],[-49.60396,-27.39797],[-49.603974,-27.397981],[-49.604063,-27.398051],[-49.604077,-27.398062],[-49.604108,-27.398086],[-49.604125,-27.3981],[-49.604127,-27.398101],[-49.604195,-27.398156],[-49.604222,-27.398179],[-49.604264,-27.398213],[-49.604338,-27.398273],[-49.60438,-27.398307],[-49.604394,-27.398319],[-49.604435,-27.398353],[-49.604451,-27.398363],[-49.604568,-27.398443],[-49.60464,-27.398492],[-49.604641017462995,-27.398492010253506],[-49.60475,-27.398556],[-49.60477,-27.398571],[-49.604824,-27.398611],[-49.604854,-27.398639],[-49.604899,-27.398683],[-49.605017,-27.398796],[-49.60505,-27.398827],[-49.605066,-27.398848],[-49.605129,-27.398927],[-49.605204,-27.39908],[-49.605205,-27.399082],[-49.605251,-27.399144],[-49.605291,-27.399199],[-49.605321,-27.39923],[-49.605386,-27.399298],[-49.605418,-27.399331],[-49.605458,-27.399392],[-49.605485,-27.399435],[-49.605491,-27.399443],[-49.605561,-27.399534],[-49.605576,-27.399563],[-49.605629,-27.399667],[-49.605677,-27.399762],[-49.605716,-27.399796],[-49.605725,-27.399805],[-49.605778,-27.399836],[-49.605811,-27.399844],[-49.60587,-27.399858],[-49.606022,-27.39987],[-49.606075,-27.399883],[-49.606167,-27.399938],[-49.606229,-27.399998],[-49.606292,-27.400075],[-49.606327,-27.400142],[-49.606361,-27.400205],[-49.606392,-27.400248],[-49.606421,-27.400288],[-49.60648,-27.400368],[-49.606508,-27.400407],[-49.606527,-27.400434],[-49.606559,-27.400469],[-49.60667,-27.400594],[-49.606695,-27.400622],[-49.60678,-27.400717],[-49.606818,-27.400759],[-49.606983,-27.400944],[-49.607059,-27.401024],[-49.607092,-27.401059],[-49.607144,-27.401113],[-49.607261,-27.401236],[-49.607347,-27.401326],[-49.607373,-27.401353],[-49.607386,-27.401366],[-49.607392,-27.401373],[-49.607404,-27.401386],[-49.607426,-27.401411],[-49.607507,-27.401505],[-49.60759,-27.4016],[-49.607622,-27.401646],[-49.607661,-27.401701],[-49.60767,-27.401717],[-49.607757,-27.401873],[-49.607766,-27.401888],[-49.607815,-27.401965],[-49.607821,-27.401973],[-49.60825,-27.401977],[-49.608281651053865,-27.40196955269321],[-49.608285638256845,-27.40196959159275],[-49.608356,-27.401995],[-49.60837,-27.402024],[-49.608401,-27.402089],[-49.608392,-27.402112],[-49.608329,-27.402154],[-49.608324,-27.402157],[-49.608322,-27.402201],[-49.608332,-27.402232],[-49.608383,-27.40231],[-49.608388,-27.402317],[-49.608451,-27.402399],[-49.608514,-27.40248],[-49.608521,-27.402494],[-49.608588,-27.402614],[-49.608603,-27.402641],[-49.60864,-27.402675],[-49.60869,-27.402748],[-49.608692,-27.402751],[-49.608746,-27.402868],[-49.608801,-27.402943],[-49.608817,-27.402999],[-49.608856,-27.403039],[-49.608859,-27.403045],[-49.60888,-27.403087],[-49.609997,-27.403098],[-49.609969,-27.403056],[-49.609966,-27.40305],[-49.609948,-27.40301],[-49.609923,-27.402954],[-49.60989,-27.40288],[-49.609838,-27.402762]]],[[[-49.609886,-27.42808],[-49.609873,-27.428074],[-49.609811,-27.428043],[-49.609795,-27.428035],[-49.609735,-27.428015],[-49.609682,-27.427998],[-49.609614,-27.427976],[-49.609314,-27.427972],[-49.60928,-27.427964],[-49.609098,-27.42795],[-49.609065,-27.427939],[-49.608917,-27.427931],[-49.608765,-27.427906],[-49.608584,-27.427861],[-49.608473,-27.427847],[-49.608439,-27.427843],[-49.608294,-27.427798],[-49.608284,-27.427795],[-49.60816,-27.427769],[-49.608085,-27.427741],[-49.608069,-27.427735],[-49.607912,-27.427707],[-49.607184,-27.427699],[-49.607194,-27.427726],[-49.607196,-27.427732],[-49.607197,-27.427759],[-49.607198,-27.427784],[-49.607199,-27.427787],[-49.607212,-27.427831],[-49.607214,-27.427834],[-49.607222,-27.427847],[-49.607252,-27.427891],[-49.607268,-27.427914],[-49.607273,-27.427922],[-49.60728,-27.427932],[-49.607288,-27.427944],[-49.607293,-27.427952],[-49.607308,-27.427974],[-49.607333,-27.427991],[-49.607347,-27.428011],[-49.607353,-27.428019],[-49.607364,-27.428049],[-49.607364,-27.428055],[-49.60736,-27.428078],[-49.607358,-27.428095],[-49.607358,-27.428097],[-49.607355,-27.428113],[-49.607346,-27.428133],[-49.607329,-27.428167],[-49.607289,-27.428248],[-49.607254,-27.428317],[-49.607246,-27.428335],[-49.607275,-27.428341],[-49.607281,-27.428341],[-49.607289,-27.428335],[-49.60731,-27.428318],[-49.60731,-27.42831747457627],[-49.607314623853206,-27.428317513761467],[-49.607319,-27.428318],[-49.607333,-27.428319],[-49.60749,-27.42832],[-49.60749,-27.428319],[-49.607554,-27.428251],[-49.607603,-27.42817],[-49.607635,-27.428136],[-49.607665,-27.428117],[-49.60769,-27.4281],[-49.607702,-27.428099],[-49.60781778384572,-27.428082597288522],[-49.60782566710382,-27.428082676456043],[-49.607925,-27.428101],[-49.609998,-27.428122],[-49.609949,-27.428104],[-49.609886,-27.42808]]],[[[-49.608548,-27.42589],[-49.608365,-27.4259],[-49.608323,-27.425907],[-49.608274,-27.425915],[-49.609224,-27.425925],[-49.609228,-27.425916],[-49.60923,-27.425909],[-49.609232,-27.425897],[-49.609234,-27.425883],[-49.609238,-27.425859],[-49.608768,-27.425855],[-49.6087027459188,-27.425877740058603],[-49.608695194214846,-27.425877665289256],[-49.608641,-27.425875],[-49.608628,-27.425877],[-49.608548,-27.42589]]],[[[-49.609253,-27.425728],[-49.609253,-27.425722],[-49.609245,-27.425693],[-49.609216,-27.425586],[-49.609212,-27.425569],[-49.609194,-27.425503],[-49.609191,-27.425491],[-49.609158,-27.425368],[-49.60915,-27.425339],[-49.609149,-27.425333],[-49.609136,-27.4253],[-49.609115,-27.425247],[-49.609074,-27.425158],[-49.609049,-27.425103],[-49.609026,-27.425055],[-49.608957,-27.424906],[-49.608954,-27.424899],[-49.608952,-27.424893],[-49.608949,-27.424888],[-49.608945,-27.42488],[-49.608924,-27.424838],[-49.608912,-27.424815],[-49.608896,-27.424783],[-49.608884,-27.424757],[-49.608856,-27.424701],[-49.608826,-27.424643],[-49.608797,-27.424585],[-49.608793,-27.424577],[-49.608784,-27.424557],[-49.608762,-27.42453],[-49.608732,-27.424493],[-49.608715,-27.424471],[-49.608657,-27.424425],[-49.608562,-27.424364],[-49.608455,-27.424311],[-49.608382,-27.424282],[-49.608295,-27.424247],[-49.608274,-27.424243],[-49.607593,-27.424236],[-49.6076,-27.42424],[-49.607673,-27.424275],[-49.607737,-27.424304],[-49.607853,-27.424357],[-49.607989,-27.424418],[-49.608092,-27.424465],[-49.60814,-27.424487],[-49.608198,-27.424525],[-49.608226,-27.424552],[-49.608246,-27.424571],[-49.608271,-27.424579],[-49.60835,-27.424638],[-49.608381,-27.424697],[-49.608386,-27.424752],[-49.60837,-27.424778],[-49.608378,-27.42481],[-49.608368,-27.424833],[-49.608329,-27.424874],[-49.608337,-27.424882],[-49.608333,-27.424887],[-49.608327,-27.424893],[-49.608339,-27.4249],[-49.608347,-27.425048],[-49.608399,-27.425096],[-49.608436,-27.425152],[-49.608474,-27.425241],[-49.608497,-27.425293],[-49.608503,-27.425326],[-49.608504,-27.425332],[-49.608499,-27.425362],[-49.608581,-27.425485],[-49.608613,-27.425498],[-49.608632,-27.425563],[-49.608651,-27.42558],[-49.608695,-27.425688],[-49.608733,-27.425717],[-49.60874,-27.425722],[-49.608791,-27.425732],[-49.608795,-27.425749],[-49.608792,-27.425772],[-49.608792,-27.425773],[-49.608761,-27.425854],[-49.609238,-27.425859],[-49.609252,-27.425778],[-49.609252,-27.425776],[-49.609252,-27.425753],[-49.609253,-27.425737],[-49.609253,-27.425728]]],[[[-49.608907,-27.408814],[-49.608919,-27.408818],[-49.608936,-27.408815],[-49.608907,-27.408814]]],[[[-49.610766,-27.405486],[-49.610757,-27.405478],[-49.610755,-27.405476],[-49.610752,-27.405464],[-49.610752,-27.405463],[-49.610745,-27.405437],[-49.607166,-27.405402],[-49.607166,-27.405427],[-49.607158,-27.405428],[-49.607157,-27.40544],[-49.607156,-27.405442],[-49.607126,-27.40545],[-49.607119,-27.405463],[-49.607102,-27.405468],[-49.607084,-27.405474],[-49.607062,-27.40548],[-49.607044,-27.405485],[-49.60699,-27.405501],[-49.606932,-27.405511],[-49.606904,-27.405516],[-49.606669,-27.405557],[-49.606573,-27.405566],[-49.610865,-27.405608],[-49.610859,-27.405598],[-49.610833,-27.405555],[-49.610818,-27.40555],[-49.610822,-27.40554],[-49.61083,-27.405523],[-49.6108,-27.405517],[-49.6108,-27.405511],[-49.610785,-27.405505],[-49.61078,-27.4055],[-49.610766,-27.405486]]],[[[-49.610636,-27.405234],[-49.61059,-27.405215],[-49.610589,-27.405209],[-49.610582,-27.40517],[-49.610582,-27.405155],[-49.610583,-27.404993],[-49.610582,-27.404986],[-49.610572,-27.404925],[-49.610567,-27.404887],[-49.610563,-27.404865],[-49.610563,-27.40486],[-49.607386,-27.404828],[-49.607382,-27.404833],[-49.607359,-27.404833],[-49.607331,-27.404855],[-49.607306,-27.404892],[-49.607283,-27.404953],[-49.607281,-27.40496],[-49.607244,-27.405122],[-49.607238,-27.405136],[-49.607221,-27.405176],[-49.607223,-27.405182],[-49.607228,-27.4052],[-49.607227,-27.405203],[-49.607221,-27.405216],[-49.607235,-27.405234],[-49.607221,-27.405259],[-49.607226,-27.405269],[-49.607224,-27.405291],[-49.607222,-27.4053],[-49.60722,-27.405321],[-49.607193,-27.405367],[-49.607174,-27.4054],[-49.607173,-27.405402],[-49.610745,-27.405437],[-49.610745,-27.405436],[-49.610736,-27.405403],[-49.610733,-27.405356],[-49.610716,-27.405335],[-49.610659,-27.405325],[-49.610655,-27.405303],[-49.610653,-27.405293],[-49.610649,-27.405268],[-49.610646,-27.405251],[-49.610643,-27.405237],[-49.610636,-27.405234]]],[[[-49.608734,-27.401366],[-49.608833,-27.401367],[-49.608834,-27.401366],[-49.608839,-27.401347],[-49.608848,-27.401313],[-49.608808,-27.401347],[-49.608738,-27.401365],[-49.608734,-27.401366]]],[[[-49.608341,-27.428156],[-49.608345,-27.428157],[-49.608458,-27.428158],[-49.608341,-27.428156]]],[[[-49.608008,-27.428102],[-49.607925,-27.428101],[-49.607935,-27.428103],[-49.607948,-27.428105],[-49.60797,-27.428109],[-49.607989,-27.428105],[-49.608,-27.428103],[-49.608008,-27.428102]]],[[[-49.607863,-27.427706],[-49.607912,-27.427707],[-49.607888,-27.427702],[-49.607863,-27.427706]]],[[[-49.608926,-27.426293],[-49.608931,-27.426231],[-49.608934,-27.426223],[-49.608944,-27.426197],[-49.608963,-27.426184],[-49.608974,-27.426178],[-49.609014,-27.426169],[-49.609018,-27.426142],[-49.609026,-27.426139],[-49.609027,-27.426111],[-49.609056,-27.426094],[-49.609076,-27.426081],[-49.609166,-27.426005],[-49.609173,-27.425997],[-49.609202,-27.425961],[-49.609215,-27.425946],[-49.609215,-27.425945],[-49.609223,-27.425927],[-49.609224,-27.425925],[-49.607923,-27.425912],[-49.607865,-27.425914],[-49.607796,-27.425931],[-49.607794,-27.425931],[-49.607625,-27.425945],[-49.607514,-27.42598],[-49.607504,-27.425988],[-49.607406,-27.426065],[-49.60739,-27.426077],[-49.60737,-27.426095],[-49.60734,-27.426122],[-49.607336,-27.426125],[-49.607307,-27.426152],[-49.607297,-27.426161],[-49.60729,-27.426167],[-49.60727,-27.42618],[-49.607229,-27.426206],[-49.607218,-27.426214],[-49.607139,-27.426275],[-49.60713,-27.426282],[-49.607128,-27.426284],[-49.607124,-27.426286],[-49.607119,-27.426291],[-49.607094,-27.42631],[-49.607093,-27.426311],[-49.607078,-27.426322],[-49.607048,-27.426379],[-49.607047,-27.426391],[-49.607047,-27.426408],[-49.607058,-27.426418],[-49.607106,-27.426431],[-49.607172,-27.42647],[-49.607182,-27.426517],[-49.607182,-27.426518],[-49.607183,-27.426622],[-49.607178,-27.426652],[-49.607164,-27.426742],[-49.607161,-27.426839],[-49.607158,-27.42692],[-49.607159,-27.427106],[-49.607159,-27.427209],[-49.607171,-27.427297],[-49.607174,-27.42732],[-49.607175,-27.427323],[-49.607175,-27.42738],[-49.607175,-27.427431],[-49.607172,-27.427462],[-49.607164,-27.427553],[-49.60716,-27.427596],[-49.607157,-27.427624],[-49.607166,-27.42765],[-49.607173,-27.427669],[-49.607176,-27.427676],[-49.607184,-27.427699],[-49.607863,-27.427706],[-49.607785,-27.427682],[-49.607676,-27.427674],[-49.607573,-27.427654],[-49.607534,-27.427628],[-49.607491,-27.427599],[-49.607462,-27.427556],[-49.607435,-27.427464],[-49.607437,-27.427433],[-49.60744,-27.427383],[-49.60746,-27.427326],[-49.607461,-27.427323],[-49.607476,-27.4273],[-49.60749,-27.427213],[-49.607505,-27.42711],[-49.607507,-27.426923],[-49.607508,-27.426842],[-49.607504,-27.426746],[-49.6075,-27.426656],[-49.607502,-27.426625],[-49.60751,-27.426521],[-49.60751,-27.42652],[-49.607518,-27.426474],[-49.607526,-27.426435],[-49.607528,-27.426423],[-49.60753,-27.426412],[-49.607533,-27.426396],[-49.607543,-27.426383],[-49.607589,-27.426327],[-49.607598,-27.426316],[-49.607635,-27.426315],[-49.60766,-27.426296],[-49.60766585296443,-27.426292098023715],[-49.60766639026438,-27.426292104070498],[-49.607681,-27.426296],[-49.607746,-27.426293],[-49.60778006896553,-27.42629031034483],[-49.607785324414714,-27.426290361204014],[-49.607795,-27.426293],[-49.607837,-27.426301],[-49.607963,-27.426312],[-49.607993,-27.426303],[-49.608021,-27.426295],[-49.608058,-27.426293],[-49.6080880204429,-27.426291180579216],[-49.60809198350516,-27.426291218556702],[-49.6081,-27.426293],[-49.608193,-27.426316],[-49.608199,-27.426323],[-49.608207,-27.426333],[-49.60821,-27.426337],[-49.608214,-27.426343],[-49.608232,-27.426337],[-49.608244,-27.426334],[-49.60827291688771,-27.426323739168875],[-49.6082799228039,-27.426323809228037],[-49.608348,-27.426335],[-49.608376,-27.426339],[-49.608462,-27.426411],[-49.608456,-27.426422],[-49.608454,-27.426425],[-49.608467,-27.426422],[-49.608506,-27.426411],[-49.60875,-27.426343],[-49.608763,-27.426339],[-49.608799,-27.426329],[-49.608824,-27.426322],[-49.608897,-27.426301],[-49.608904,-27.426299],[-49.608926,-27.426293]],[[-49.60768767567564,-27.426289416216218],[-49.60768767567602,-27.42628941621622],[-49.607124,-27.426286],[-49.60768767567564,-27.426289416216218]]],[[[-49.608274,-27.425915],[-49.608129,-27.425905],[-49.608114,-27.425905],[-49.607923,-27.425912],[-49.608274,-27.425915]]],[[[-49.608235,-27.424236],[-49.608188,-27.424242],[-49.608274,-27.424243],[-49.608235,-27.424236]]],[[[-49.607919,-27.424093],[-49.607839,-27.424048],[-49.607809,-27.424031],[-49.607084,-27.424024],[-49.607175,-27.424041],[-49.607281,-27.424086],[-49.607593,-27.424236],[-49.608188,-27.424242],[-49.607919,-27.424093]]],[[[-49.607365,-27.411047],[-49.607351,-27.411099],[-49.607326,-27.411134],[-49.607289,-27.411188],[-49.607286,-27.411215],[-49.607284,-27.411229],[-49.607245,-27.411268],[-49.607205,-27.411324],[-49.607187,-27.41135],[-49.607171,-27.411419],[-49.607164,-27.411431],[-49.607108,-27.411538],[-49.607103,-27.411549],[-49.607104,-27.411567],[-49.60715,-27.411643],[-49.60717,-27.411676],[-49.607159,-27.411728],[-49.607147,-27.411755],[-49.607096,-27.411866],[-49.607074,-27.411914],[-49.607032,-27.411942],[-49.606993,-27.411977],[-49.606931,-27.412034],[-49.606852,-27.412086],[-49.606794,-27.412125],[-49.606741,-27.412174],[-49.606644,-27.412265],[-49.606586,-27.412318],[-49.606551,-27.412345],[-49.606534,-27.412359],[-49.606512,-27.412375],[-49.606504,-27.412381],[-49.606497,-27.412387],[-49.606407,-27.412467],[-49.606328,-27.412537],[-49.606316,-27.412547],[-49.607439,-27.412558],[-49.607464,-27.412548],[-49.607513,-27.412478],[-49.607651,-27.412399],[-49.607683,-27.412393],[-49.607712416877206,-27.41238748433552],[-49.607716975035665,-27.41238753174037],[-49.607741,-27.412394],[-49.607756,-27.412397],[-49.607758,-27.412394],[-49.607762,-27.412388],[-49.607773,-27.412371],[-49.607768,-27.412357],[-49.607784,-27.41233],[-49.607815,-27.412277],[-49.607932,-27.412186],[-49.607967,-27.412136],[-49.607995,-27.412097],[-49.608039,-27.412045],[-49.608087,-27.411988],[-49.6081,-27.411953],[-49.608111,-27.411924],[-49.60813,-27.411877],[-49.608192,-27.411766],[-49.608198,-27.411739],[-49.608212,-27.411686],[-49.60822,-27.411654],[-49.608229,-27.411578],[-49.608232,-27.41156],[-49.608233,-27.41155],[-49.608279,-27.411442],[-49.608278,-27.41143],[-49.60827,-27.41136],[-49.608267,-27.411335],[-49.60827,-27.411279],[-49.608272,-27.411238],[-49.608272,-27.411225],[-49.608268,-27.411198],[-49.608258,-27.411144],[-49.608256,-27.411108],[-49.608254,-27.411055],[-49.608252,-27.411008],[-49.60825,-27.410957],[-49.608249,-27.410938],[-49.608248,-27.410925],[-49.608252,-27.4109],[-49.608253,-27.410897],[-49.608259,-27.410857],[-49.607285,-27.410848],[-49.607349,-27.410888],[-49.607367,-27.410891],[-49.607386,-27.410916],[-49.607397,-27.41093],[-49.607401,-27.410948],[-49.607391,-27.411],[-49.607365,-27.411047]]],[[[-49.608359,-27.409487],[-49.608404,-27.409449],[-49.60843104464737,-27.409446681887367],[-49.60844041391826,-27.40944677765504],[-49.608459,-27.409457],[-49.60847,-27.409463],[-49.6085,-27.409496],[-49.608518,-27.409532],[-49.608525,-27.409546],[-49.608539,-27.409547],[-49.60854,-27.409546],[-49.608555,-27.409533],[-49.608558,-27.409496],[-49.608561,-27.409464],[-49.608561,-27.409458],[-49.60856,-27.409448],[-49.60855,-27.409346],[-49.608546,-27.409303],[-49.608544,-27.409281],[-49.608553,-27.409241],[-49.608583,-27.409186],[-49.608613,-27.409133],[-49.608632,-27.4091],[-49.608683,-27.409009],[-49.608694,-27.408993],[-49.608702,-27.408982],[-49.608724,-27.408971],[-49.608761,-27.408915],[-49.608769,-27.408888],[-49.6088,-27.408861],[-49.608844,-27.408807],[-49.60888,-27.408806],[-49.607787,-27.408795],[-49.607785,-27.408796],[-49.607743,-27.40885],[-49.607721,-27.408877],[-49.6077,-27.408904],[-49.607655,-27.408961],[-49.607647,-27.408971],[-49.607639,-27.408982],[-49.607623,-27.408998],[-49.607533,-27.409089],[-49.607521,-27.409122],[-49.607474,-27.409174],[-49.607439,-27.409229],[-49.607413,-27.40927],[-49.6074,-27.409291],[-49.607383,-27.409334],[-49.607386,-27.409436],[-49.607386,-27.409439],[-49.607387,-27.409477],[-49.607388,-27.409497],[-49.607369,-27.409535],[-49.607354,-27.409563],[-49.607353,-27.409606],[-49.607352,-27.409623],[-49.607351,-27.409645],[-49.607334,-27.409659],[-49.607312,-27.409677],[-49.607325,-27.409721],[-49.607324,-27.409727],[-49.607314,-27.40976],[-49.607303,-27.409802],[-49.607275,-27.409902],[-49.607274,-27.409918],[-49.607273,-27.409949],[-49.607245,-27.41005],[-49.607261,-27.410208],[-49.607231,-27.410294],[-49.607194,-27.4104],[-49.607207,-27.41047],[-49.607217,-27.410483],[-49.607248,-27.410524],[-49.607258,-27.410606],[-49.607246,-27.410634],[-49.607194,-27.410694],[-49.607201,-27.410711],[-49.607182,-27.410753],[-49.607204,-27.410767],[-49.607199,-27.410795],[-49.607226,-27.410831],[-49.607255,-27.410847],[-49.608259,-27.410857],[-49.608261,-27.410841],[-49.608267,-27.410805],[-49.608271,-27.410778],[-49.608273,-27.410763],[-49.60828,-27.410721],[-49.608283,-27.410704],[-49.608292,-27.410645],[-49.608296,-27.410616],[-49.608343,-27.410535],[-49.608366,-27.410495],[-49.608366,-27.410481],[-49.608371,-27.410411],[-49.608377,-27.410305],[-49.608365,-27.410219],[-49.608342,-27.410061],[-49.608328,-27.40996],[-49.608323,-27.409928],[-49.608318,-27.409912],[-49.608285,-27.409812],[-49.608256,-27.40977],[-49.608243,-27.409736],[-49.608244,-27.409731],[-49.608249,-27.409686],[-49.608252,-27.409668],[-49.608258,-27.409654],[-49.608267,-27.409633],[-49.608265,-27.409615],[-49.608303,-27.409573],[-49.608328,-27.409544],[-49.608348,-27.409506],[-49.608359,-27.409487]],[[-49.608225444544594,-27.409444580353096],[-49.60822544454491,-27.4094445803531],[-49.607386,-27.409439],[-49.608225444544594,-27.409444580353096]]],[[[-49.608215,-27.402417],[-49.607913,-27.402604],[-49.608102,-27.402905],[-49.608145,-27.402991],[-49.608271,-27.403182],[-49.608322,-27.403284],[-49.608337,-27.403324],[-49.608862,-27.403329],[-49.608839,-27.403289],[-49.60878,-27.403187],[-49.60867,-27.402997],[-49.60862,-27.40291],[-49.608445,-27.402609],[-49.608335,-27.402418],[-49.608266,-27.402385],[-49.608215,-27.402417]]],[[[-49.608173,-27.402281],[-49.608177,-27.402254],[-49.608153,-27.402202],[-49.608152,-27.402193],[-49.608149,-27.402172],[-49.608191,-27.402102],[-49.608217,-27.402073],[-49.608219,-27.402058],[-49.608223,-27.402031],[-49.608225,-27.402011],[-49.608227,-27.401993],[-49.608249,-27.401977],[-49.607821,-27.401973],[-49.60782,-27.401988],[-49.607819,-27.402007],[-49.607837,-27.402027],[-49.607839,-27.402054],[-49.607851,-27.402069],[-49.607873,-27.402099],[-49.607929,-27.40217],[-49.607944,-27.402191],[-49.607954,-27.4022],[-49.608011,-27.402253],[-49.60804,-27.40228],[-49.608063,-27.402292],[-49.608109,-27.402293],[-49.608129,-27.402312],[-49.608132,-27.402314],[-49.608133,-27.402316],[-49.608147,-27.402315],[-49.608169,-27.402312],[-49.608172,-27.402294],[-49.608172,-27.402293],[-49.608173,-27.402281]]],[[[-49.607392,-27.429026],[-49.607377,-27.428918],[-49.607365,-27.428831],[-49.607373,-27.428736],[-49.607387,-27.428669],[-49.607398,-27.428639],[-49.607412,-27.428601],[-49.607413,-27.428581],[-49.607415,-27.428566],[-49.607419,-27.428522],[-49.607419,-27.42852],[-49.607426,-27.428493],[-49.607447,-27.428418],[-49.607449,-27.42841],[-49.607462,-27.428381],[-49.607478,-27.428345],[-49.607489,-27.42832],[-49.607333,-27.428319],[-49.607357,-27.428344],[-49.60737,-27.42838],[-49.607353,-27.428409],[-49.607348,-27.428417],[-49.607339,-27.428492],[-49.60732,-27.428519],[-49.607319,-27.428521],[-49.607306,-27.428565],[-49.607288,-27.42858],[-49.607283,-27.4286],[-49.607274,-27.428637],[-49.607271,-27.428668],[-49.607265,-27.428735],[-49.607256,-27.42883],[-49.607248,-27.428917],[-49.607259,-27.429025],[-49.60728,-27.429106],[-49.607301,-27.429184],[-49.607314,-27.429264],[-49.607366,-27.429377],[-49.607378,-27.429404],[-49.607382,-27.429404],[-49.607404,-27.429378],[-49.607404,-27.429265],[-49.607403,-27.429185],[-49.607403,-27.429108],[-49.607392,-27.429026]]],[[[-49.607383,-27.412558],[-49.607438,-27.412559],[-49.607439,-27.412558],[-49.607383,-27.412558]]],[[[-49.607255,-27.410847],[-49.607263,-27.410852],[-49.607285,-27.410848],[-49.607255,-27.410847]]],[[[-49.607386,-27.404828],[-49.607412,-27.404828],[-49.607388,-27.404826],[-49.607386,-27.404828]]],[[[-49.605657,-27.424037],[-49.605595,-27.424056],[-49.605314,-27.424143],[-49.604896,-27.424273],[-49.604805,-27.424286],[-49.604764,-27.424299],[-49.60471,-27.424317],[-49.604546,-27.424333],[-49.604411,-27.42436],[-49.604349,-27.42436],[-49.604227,-27.424378],[-49.60412,-27.424401],[-49.604112,-27.424404],[-49.60406,-27.424422],[-49.603962,-27.424439],[-49.605356,-27.424453],[-49.605434,-27.424436],[-49.605516,-27.424418],[-49.605527,-27.424415],[-49.605611,-27.424392],[-49.605677,-27.424374],[-49.605681,-27.424373],[-49.605779,-27.424346],[-49.605844,-27.424328],[-49.605906,-27.424311],[-49.60596,-27.424298],[-49.606019,-27.424284],[-49.606566,-27.424156],[-49.606778,-27.424068],[-49.606841,-27.424049],[-49.606918,-27.424034],[-49.606924,-27.424033],[-49.607084,-27.424024],[-49.605748,-27.42401],[-49.605708,-27.424021],[-49.605704,-27.424022],[-49.605657,-27.424037]]],[[[-49.606807,-27.423721],[-49.606669,-27.423753],[-49.606663,-27.423754],[-49.606646,-27.423759],[-49.606304,-27.42387],[-49.606044,-27.423933],[-49.605901,-27.423977],[-49.60581,-27.423993],[-49.605748,-27.42401],[-49.607809,-27.424031],[-49.607777,-27.424013],[-49.607746,-27.423996],[-49.607663,-27.42395],[-49.607543,-27.423882],[-49.607335,-27.423766],[-49.607283,-27.42376],[-49.607268,-27.423759],[-49.607139,-27.423724],[-49.607108,-27.423716],[-49.606963,-27.423703],[-49.60687,-27.423714],[-49.606807,-27.423721]]],[[[-49.605323,-27.414608],[-49.605308,-27.414613],[-49.60524,-27.414688],[-49.605197,-27.414736],[-49.605168,-27.414768],[-49.605134,-27.414791],[-49.60511,-27.414807],[-49.605065,-27.414862],[-49.604995,-27.414919],[-49.604945,-27.414945],[-49.604892,-27.414951],[-49.60482,-27.415004],[-49.604794,-27.415024],[-49.604786,-27.41503],[-49.604746,-27.415043],[-49.604716,-27.415074],[-49.604707,-27.415078],[-49.604693,-27.415086],[-49.604678,-27.415101],[-49.604637,-27.415142],[-49.604611,-27.415169],[-49.604582,-27.415185],[-49.604529,-27.415214],[-49.604525,-27.415222],[-49.604499,-27.415266],[-49.604485,-27.415289],[-49.604425,-27.415346],[-49.604393,-27.415371],[-49.604344,-27.41541],[-49.604296,-27.415447],[-49.604172,-27.415503],[-49.604119,-27.415539],[-49.604069,-27.41559],[-49.604032,-27.415628],[-49.605131,-27.415639],[-49.605226,-27.415602],[-49.6053,-27.415551],[-49.605351,-27.415515],[-49.605408,-27.415458],[-49.605445,-27.415421],[-49.605511,-27.415383],[-49.605545,-27.415357],[-49.605624,-27.4153],[-49.605655,-27.415277],[-49.605738,-27.415234],[-49.605757,-27.415226],[-49.605831,-27.415197],[-49.605846,-27.415181],[-49.605871,-27.415155],[-49.605937,-27.415114],[-49.605948,-27.415098],[-49.605954,-27.415091],[-49.60596,-27.415086],[-49.606001,-27.415055],[-49.606019,-27.415042],[-49.606026,-27.415036],[-49.606034,-27.415016],[-49.606077,-27.414963],[-49.606082,-27.414957],[-49.606103,-27.41493],[-49.60615,-27.414873],[-49.606194,-27.414818],[-49.606207,-27.414802],[-49.606214,-27.414779],[-49.606188,-27.414746],[-49.60617,-27.414697],[-49.60619,-27.414622],[-49.606192,-27.414616],[-49.606214,-27.414588],[-49.606221,-27.414578],[-49.60625,-27.414558],[-49.606252,-27.414557],[-49.606338,-27.414535],[-49.605491,-27.414527],[-49.605436,-27.414549],[-49.605409,-27.41457],[-49.605397,-27.414579],[-49.605323,-27.414608]]],[[[-49.606536,-27.414099],[-49.606533,-27.414071],[-49.606531,-27.41405],[-49.606542,-27.414017],[-49.606551,-27.413992],[-49.606566,-27.41397],[-49.606588,-27.413957],[-49.60661,-27.413943],[-49.606616,-27.413939],[-49.606608,-27.413891],[-49.606608,-27.413889],[-49.606617,-27.413835],[-49.606632,-27.413808],[-49.606644,-27.413787],[-49.606682,-27.413719],[-49.606683,-27.413714],[-49.60669,-27.413681],[-49.606689,-27.413676],[-49.606686,-27.413647],[-49.606681,-27.413591],[-49.606676,-27.413538],[-49.60667,-27.413473],[-49.606678,-27.413416],[-49.606688,-27.413348],[-49.606709,-27.41326],[-49.606751,-27.413082],[-49.606752,-27.413078],[-49.606798,-27.412987],[-49.606888,-27.412877],[-49.606919,-27.412823],[-49.606939,-27.412798],[-49.606968,-27.412761],[-49.607079,-27.412671],[-49.607087,-27.412664],[-49.607202,-27.412622],[-49.607225,-27.412617],[-49.607273,-27.412607],[-49.607337,-27.412568],[-49.607383,-27.412558],[-49.606316,-27.412547],[-49.606304,-27.412558],[-49.60626,-27.412597],[-49.606248,-27.412608],[-49.60624,-27.412613],[-49.606178,-27.412655],[-49.606168,-27.412661],[-49.60608,-27.412752],[-49.606044,-27.412789],[-49.606029,-27.412814],[-49.605995,-27.412868],[-49.605947,-27.412979],[-49.605908,-27.41307],[-49.605906,-27.413073],[-49.605779,-27.41325],[-49.605739,-27.413339],[-49.605709,-27.413406],[-49.605689,-27.413463],[-49.605667,-27.413528],[-49.605668,-27.413581],[-49.605719,-27.413637],[-49.60573,-27.413667],[-49.60573,-27.413672],[-49.605728,-27.413704],[-49.605727,-27.413709],[-49.605704,-27.413777],[-49.60568,-27.413799],[-49.605669,-27.413826],[-49.605648,-27.41388],[-49.605647,-27.413882],[-49.605653,-27.41393],[-49.605653,-27.413934],[-49.605664,-27.413947],[-49.605666,-27.413961],[-49.605671,-27.413983],[-49.605675,-27.414009],[-49.605663,-27.414041],[-49.605654,-27.414063],[-49.605631,-27.41409],[-49.605614,-27.414109],[-49.605581,-27.414166],[-49.605565,-27.414193],[-49.605547,-27.414262],[-49.605516,-27.414379],[-49.605516,-27.414384],[-49.605525,-27.414475],[-49.605508,-27.414502],[-49.605492,-27.414526],[-49.605491,-27.414527],[-49.606339,-27.414535],[-49.606364,-27.41451],[-49.606374,-27.414484],[-49.606407,-27.414393],[-49.60641,-27.414388],[-49.606483,-27.414272],[-49.606515,-27.414203],[-49.606528,-27.414175],[-49.606534,-27.414119],[-49.606536,-27.414099]]],[[[-49.606113,-27.405767],[-49.606164,-27.405756],[-49.606255,-27.405723],[-49.606267,-27.405719],[-49.606299,-27.405703],[-49.605963,-27.405699],[-49.605968,-27.405716],[-49.60597,-27.40572],[-49.606009,-27.405754],[-49.606022,-27.405766],[-49.606063,-27.405777],[-49.606113,-27.405767]]],[[[-49.606748,-27.40573],[-49.606815,-27.405728],[-49.606843,-27.405728],[-49.606869,-27.40571],[-49.606888,-27.405698],[-49.606893,-27.405692],[-49.606674,-27.40569],[-49.606681,-27.405696],[-49.606695,-27.405709],[-49.606739,-27.405727],[-49.606741,-27.405728],[-49.606748,-27.40573]]],[[[-49.606447,-27.405649],[-49.606266,-27.405647],[-49.606248,-27.405658],[-49.606232,-27.405668],[-49.606106,-27.405693],[-49.606069,-27.4057],[-49.606299,-27.405703],[-49.606315,-27.405695],[-49.606368,-27.405669],[-49.606388,-27.405659],[-49.606447,-27.405649]]],[[[-49.606625,-27.405696],[-49.606628,-27.405698],[-49.606641,-27.405696],[-49.606674,-27.40569],[-49.606617,-27.405689],[-49.606625,-27.405696]]],[[[-49.60599,-27.405608],[-49.605978,-27.405588],[-49.605973,-27.405582],[-49.605948,-27.405554],[-49.60593,-27.405542],[-49.605906,-27.405527],[-49.605891,-27.405517],[-49.605825,-27.405497],[-49.605809,-27.405495],[-49.605709,-27.405482],[-49.605634,-27.405471],[-49.605618,-27.405469],[-49.605588,-27.405471],[-49.605455,-27.405479],[-49.605459,-27.405492],[-49.605482,-27.405494],[-49.605691,-27.405515],[-49.605798,-27.405526],[-49.605844,-27.405541],[-49.605861,-27.405553],[-49.605903,-27.405581],[-49.605908,-27.405587],[-49.605925,-27.405608],[-49.605942,-27.405636],[-49.605956,-27.405678],[-49.605961,-27.405691],[-49.605963,-27.405699],[-49.606069,-27.4057],[-49.606054,-27.405692],[-49.606029,-27.405679],[-49.606006,-27.405636],[-49.60599,-27.405608]]],[[[-49.606584,-27.405688],[-49.606586,-27.405689],[-49.60660879999999,-27.40568824],[-49.606616312703586,-27.40568831270358],[-49.606617,-27.405689],[-49.606893,-27.405692],[-49.606894,-27.405691],[-49.606905,-27.405678],[-49.606565,-27.405675],[-49.606584,-27.405688]]],[[[-49.606535,-27.405675],[-49.606565,-27.405675],[-49.606533,-27.405674],[-49.606535,-27.405675]]],[[[-49.606905,-27.405678],[-49.606916,-27.405664],[-49.606917,-27.405657],[-49.606918,-27.405654],[-49.606447,-27.405649],[-49.606488,-27.405653],[-49.606504,-27.40566],[-49.606533,-27.405674],[-49.606905,-27.405678]]],[[[-49.606573,-27.405566],[-49.606402,-27.405582],[-49.606389,-27.405587],[-49.606345,-27.405605],[-49.606331,-27.405611],[-49.606314,-27.405618],[-49.606304,-27.405624],[-49.606299,-27.405627],[-49.606277,-27.40564],[-49.60627,-27.405644],[-49.606266,-27.405647],[-49.606918,-27.405654],[-49.606918,-27.405651],[-49.606933,-27.405647],[-49.606936,-27.405633],[-49.606952,-27.405631],[-49.606955,-27.405625],[-49.606959,-27.405617],[-49.60702,-27.405612],[-49.607057,-27.405594],[-49.607083,-27.405589],[-49.607166,-27.405572],[-49.606573,-27.405566]]],[[[-49.605218,-27.424483],[-49.605287,-27.424468],[-49.603677,-27.424452],[-49.603577,-27.424466],[-49.605218,-27.424483]]],[[[-49.605287,-27.424468],[-49.605356,-27.424453],[-49.603857,-27.424438],[-49.603725,-27.424452],[-49.605287,-27.424468]]],[[[-49.603911,-27.415732],[-49.603899,-27.415737],[-49.60385,-27.415755],[-49.603815,-27.415782],[-49.603771,-27.415816],[-49.603771,-27.415817],[-49.603707,-27.41585],[-49.603654,-27.415878],[-49.603619,-27.415911],[-49.603603,-27.415927],[-49.603591,-27.415939],[-49.603577,-27.415952],[-49.603558,-27.41597],[-49.603527,-27.415977],[-49.603497,-27.415996],[-49.603496,-27.415997],[-49.603404,-27.41603],[-49.603402,-27.416031],[-49.603371,-27.416048],[-49.603367,-27.41605],[-49.6033,-27.416088],[-49.603219,-27.416123],[-49.603194,-27.416134],[-49.603156,-27.416159],[-49.603152,-27.416162],[-49.603095,-27.41618],[-49.603069,-27.416197],[-49.603028,-27.416223],[-49.60301,-27.416235],[-49.602968,-27.416279],[-49.602903,-27.416349],[-49.602857,-27.416397],[-49.602835,-27.416427],[-49.602779,-27.416501],[-49.602762,-27.416515],[-49.602736,-27.416539],[-49.602695,-27.416576],[-49.602659,-27.416598],[-49.602657,-27.4166],[-49.602591,-27.416663],[-49.602568,-27.416692],[-49.602548,-27.416717],[-49.602522,-27.416732],[-49.603463,-27.416741],[-49.603478,-27.416726],[-49.603504,-27.416702],[-49.603547,-27.416672],[-49.60364,-27.41661],[-49.603643,-27.416608],[-49.60369,-27.416586],[-49.603767,-27.416549],[-49.603795,-27.416525],[-49.603806,-27.416511],[-49.603863,-27.416437],[-49.603911,-27.416408],[-49.603989,-27.41636],[-49.604084,-27.416291],[-49.604167,-27.416246],[-49.604189,-27.416235],[-49.604221,-27.416208],[-49.604229,-27.416191],[-49.604238,-27.416173],[-49.604239,-27.41617],[-49.604269,-27.416145],[-49.604282,-27.416134],[-49.604351,-27.416098],[-49.604423,-27.416061],[-49.604471,-27.416059],[-49.604541,-27.416042],[-49.604544,-27.416042],[-49.604618,-27.416009],[-49.60462,-27.416008],[-49.604646,-27.415988],[-49.604654,-27.415981],[-49.604679,-27.415963],[-49.604719,-27.41595],[-49.604729,-27.415939],[-49.60473,-27.415922],[-49.604707,-27.415888],[-49.604688,-27.41586],[-49.604728,-27.415826],[-49.60479,-27.415792],[-49.604819,-27.415765],[-49.604839,-27.415746],[-49.604847,-27.415742],[-49.604925,-27.415696],[-49.604992,-27.415658],[-49.605065,-27.415639],[-49.604032,-27.415628],[-49.604012,-27.415648],[-49.603975,-27.415687],[-49.603911,-27.415732]]],[[[-49.605126,-27.415641],[-49.605131,-27.415639],[-49.605065,-27.415639],[-49.605126,-27.415641]]],[[[-49.604753,-27.394577],[-49.604801,-27.394579],[-49.604825,-27.394591],[-49.60484,-27.394598],[-49.60485,-27.394617],[-49.604866,-27.394625],[-49.604878,-27.394652],[-49.604902,-27.394673],[-49.604926,-27.394693],[-49.604928,-27.394714],[-49.604939,-27.394726],[-49.604963,-27.394714],[-49.605006,-27.394694],[-49.605048,-27.394674],[-49.60506,-27.394654],[-49.605076,-27.394627],[-49.605081,-27.394619],[-49.605092,-27.394601],[-49.605096,-27.394593],[-49.605099,-27.394582],[-49.6051,-27.39458],[-49.604753,-27.394577]]],[[[-49.604981,-27.393766],[-49.604983,-27.3937],[-49.604983,-27.393699],[-49.604992,-27.393665],[-49.605009,-27.393604],[-49.605027,-27.39354],[-49.605061,-27.393415],[-49.605085,-27.393328],[-49.605098,-27.393282],[-49.605103,-27.393264],[-49.605104,-27.393263],[-49.60511,-27.393243],[-49.605115,-27.393227],[-49.605123,-27.393201],[-49.605128,-27.393187],[-49.605137,-27.39316],[-49.605138,-27.393155],[-49.605146,-27.39313],[-49.605157,-27.393095],[-49.605166,-27.393068],[-49.605184,-27.393014],[-49.605188,-27.393002],[-49.60519,-27.392995],[-49.603062,-27.392974],[-49.60311,-27.392981],[-49.603201,-27.392994],[-49.603342,-27.39305],[-49.603371,-27.393077],[-49.603462,-27.393113],[-49.603578,-27.393139],[-49.603642,-27.393145],[-49.603727,-27.393173],[-49.603891,-27.393189],[-49.604042,-27.393217],[-49.604103,-27.393233],[-49.604137,-27.393253],[-49.604137,-27.393254],[-49.604149,-27.393272],[-49.60415,-27.393319],[-49.604102,-27.393406],[-49.604056,-27.39353],[-49.604011,-27.393594],[-49.60393,-27.393655],[-49.603902,-27.393688],[-49.603901,-27.393689],[-49.603891,-27.393755],[-49.60389,-27.393762],[-49.603889,-27.393769],[-49.60389,-27.39379],[-49.603891,-27.39385],[-49.603891,-27.393862],[-49.603882,-27.393877],[-49.603866,-27.393904],[-49.603838,-27.393952],[-49.603831,-27.393968],[-49.603806,-27.394023],[-49.603802,-27.394063],[-49.603793,-27.394138],[-49.603783,-27.394215],[-49.603775,-27.394287],[-49.60377,-27.394302],[-49.603756,-27.394344],[-49.603737,-27.394402],[-49.603736,-27.394405],[-49.603729,-27.394427],[-49.603719,-27.394455],[-49.603703,-27.394505],[-49.603683,-27.394566],[-49.6051,-27.39458],[-49.605118,-27.394519],[-49.605115,-27.394469],[-49.605098,-27.394441],[-49.60506,-27.394418],[-49.605039,-27.394415],[-49.604987,-27.394357],[-49.604972,-27.394314],[-49.60497,-27.394299],[-49.60496,-27.394227],[-49.604933,-27.39415],[-49.604963,-27.394074],[-49.604973,-27.394035],[-49.604987,-27.39398],[-49.604989,-27.393964],[-49.604994,-27.393915],[-49.604981,-27.393888],[-49.604981,-27.393873],[-49.604981,-27.393861],[-49.604995,-27.393801],[-49.604991,-27.39378],[-49.60499,-27.393773],[-49.604981,-27.393766]]],[[[-49.605559,-27.392157],[-49.605562,-27.392155],[-49.605572,-27.392144],[-49.60559,-27.392127],[-49.605595,-27.392091],[-49.605782,-27.391716],[-49.605834,-27.391627],[-49.605762,-27.391624],[-49.605756,-27.391626],[-49.605538,-27.391713],[-49.60462,-27.392081],[-49.604532,-27.392116],[-49.604489,-27.392134],[-49.60446550773195,-27.392143396907215],[-49.60445368360997,-27.39214327178423],[-49.604294,-27.392132],[-49.604255,-27.392093],[-49.604197,-27.392036],[-49.604138,-27.391978],[-49.604086,-27.391973],[-49.604085,-27.391977],[-49.604067,-27.392035],[-49.604067,-27.392091],[-49.604054,-27.392129],[-49.60405,-27.392139],[-49.604049,-27.392142],[-49.604029,-27.3922],[-49.604004,-27.392318],[-49.604,-27.392352],[-49.603991,-27.392433],[-49.60395,-27.392548],[-49.603944,-27.392603],[-49.603897,-27.392738],[-49.603892,-27.392781],[-49.603889,-27.392804],[-49.603863,-27.392837],[-49.60377,-27.392898],[-49.60374,-27.392906],[-49.605224,-27.392921],[-49.605227,-27.392913],[-49.605255,-27.392851],[-49.60527,-27.392818],[-49.60528,-27.392794],[-49.605296,-27.392752],[-49.605344,-27.392617],[-49.605364,-27.392562],[-49.605405,-27.392447],[-49.605434,-27.392367],[-49.605454,-27.392332],[-49.605525,-27.392215],[-49.605559,-27.392157]]],[[[-49.604847,-27.42459],[-49.604901,-27.424575],[-49.604965,-27.424555],[-49.602779,-27.424534],[-49.602718,-27.424553],[-49.602613,-27.424568],[-49.604847,-27.42459]]],[[[-49.602897,-27.424535],[-49.604965,-27.424555],[-49.60505,-27.42453],[-49.605058,-27.424528],[-49.605085,-27.42452],[-49.605183,-27.424491],[-49.605218,-27.424483],[-49.603508,-27.424466],[-49.603467,-27.424474],[-49.60331688610681,-27.42450165255927],[-49.603308479948225,-27.424501565329884],[-49.60327,-27.424499],[-49.603254,-27.424501],[-49.603209,-27.424509],[-49.603102,-27.424511],[-49.602897,-27.424535]]],[[[-49.603508,-27.424466],[-49.603577,-27.424466],[-49.603513,-27.424465],[-49.603508,-27.424466]]],[[[-49.603677,-27.424452],[-49.603725,-27.424452],[-49.603695,-27.424449],[-49.603677,-27.424452]]],[[[-49.603857,-27.424438],[-49.603962,-27.424439],[-49.603885,-27.424435],[-49.603857,-27.424438]]],[[[-49.603473,-27.424858],[-49.603493,-27.424853],[-49.603604,-27.42484],[-49.603797,-27.424794],[-49.603839,-27.424784],[-49.603871,-27.424777],[-49.604192,-27.424734],[-49.604242,-27.424724],[-49.604589,-27.424661],[-49.604644,-27.424651],[-49.604713,-27.42463],[-49.604811,-27.424601],[-49.604847,-27.42459],[-49.601276,-27.424555],[-49.601265,-27.424566],[-49.60126,-27.424596],[-49.60127,-27.424617],[-49.601275,-27.424628],[-49.601284,-27.424695],[-49.601282,-27.424704],[-49.601272,-27.42475],[-49.601271,-27.424759],[-49.60127,-27.42476],[-49.601268,-27.42477],[-49.601263,-27.424793],[-49.601262,-27.4248],[-49.601242,-27.424839],[-49.601249,-27.42487],[-49.601224,-27.424911],[-49.601203,-27.424944],[-49.601176,-27.425019],[-49.601105,-27.425133],[-49.601051,-27.425177],[-49.600934,-27.425219],[-49.600896,-27.425248],[-49.600845,-27.425272],[-49.601548,-27.425279],[-49.601566,-27.425254],[-49.601587,-27.425225],[-49.601617,-27.425182],[-49.601649,-27.425139],[-49.601731,-27.425024],[-49.601777,-27.42495],[-49.601797,-27.424917],[-49.601814,-27.424876],[-49.601827,-27.424844],[-49.601843,-27.424806],[-49.601845,-27.424799],[-49.601864,-27.424776],[-49.601885,-27.424767],[-49.601920959104774,-27.4247653274835],[-49.60192968731335,-27.424765412454377],[-49.601973,-27.424776],[-49.602062,-27.424825],[-49.602088,-27.424839],[-49.602097,-27.424844],[-49.602129,-27.424855],[-49.602137,-27.424857],[-49.602152,-27.424862],[-49.602188,-27.424873],[-49.602245,-27.424878],[-49.602269,-27.424874],[-49.602336,-27.424864],[-49.60245562989323,-27.424860261565836],[-49.60246755500783,-27.424860383633938],[-49.602603,-27.424875],[-49.60260718325434,-27.424875044233808],[-49.602694,-27.424896],[-49.602767,-27.424913],[-49.602819,-27.424926],[-49.602824,-27.424927],[-49.602961,-27.424927],[-49.603076,-27.424917],[-49.603189,-27.424901],[-49.603263,-27.424882],[-49.603044333333074,-27.424879666666666],[-49.603265,-27.424882],[-49.603407,-27.42487],[-49.603432,-27.424868],[-49.603473,-27.424858]]],[[[-49.602779,-27.424534],[-49.602897,-27.424535],[-49.602784,-27.424532],[-49.602779,-27.424534]]],[[[-49.602659,-27.420728],[-49.602658,-27.420478],[-49.602653,-27.420376],[-49.602647,-27.420267],[-49.602642,-27.420159],[-49.602642,-27.420158],[-49.602644,-27.420051],[-49.602645,-27.420037],[-49.60266,-27.419907],[-49.602665,-27.419888],[-49.602689,-27.419803],[-49.602689,-27.419794],[-49.602694,-27.41974],[-49.602701,-27.419659],[-49.602712,-27.41953],[-49.602717,-27.419469],[-49.602719,-27.419449],[-49.602725,-27.419375],[-49.602743,-27.419321],[-49.602736,-27.4193],[-49.602729,-27.419275],[-49.602723,-27.419214],[-49.602723,-27.419212],[-49.602741,-27.419145],[-49.602752,-27.419009],[-49.60276,-27.418959],[-49.602774,-27.418872],[-49.602776,-27.418861],[-49.602787,-27.418831],[-49.60281,-27.418769],[-49.602812,-27.418756],[-49.602816,-27.418712],[-49.602817,-27.418699],[-49.602803,-27.418658],[-49.602789,-27.418617],[-49.602766,-27.418551],[-49.602765,-27.418547],[-49.602764,-27.418507],[-49.602766,-27.418497],[-49.602777,-27.418443],[-49.60278,-27.418429],[-49.602786,-27.4184],[-49.602798,-27.418375],[-49.6028,-27.41837],[-49.602818,-27.418333],[-49.602831,-27.418317],[-49.602837,-27.418311],[-49.6029,-27.418238],[-49.602916,-27.41822],[-49.602928,-27.418206],[-49.602945,-27.418172],[-49.602952,-27.418089],[-49.602955,-27.418048],[-49.602947,-27.41796],[-49.602943,-27.417948],[-49.602929,-27.417901],[-49.602924,-27.417819],[-49.60292,-27.417742],[-49.602936,-27.417671],[-49.602938,-27.417665],[-49.602951,-27.417637],[-49.602978,-27.417576],[-49.60298,-27.41757],[-49.602989,-27.417533],[-49.602995,-27.417522],[-49.60307,-27.417375],[-49.603114,-27.417305],[-49.601436,-27.417288],[-49.601521,-27.41736],[-49.601698,-27.417509],[-49.601697,-27.41752],[-49.601692,-27.417557],[-49.601693,-27.417563],[-49.601702,-27.417625],[-49.601673,-27.417653],[-49.60167,-27.417658],[-49.601631,-27.417729],[-49.601588,-27.417806],[-49.6016,-27.417887],[-49.601607,-27.417934],[-49.601622,-27.417947],[-49.601729,-27.418036],[-49.601779,-27.418077],[-49.601905,-27.418161],[-49.601957,-27.418196],[-49.601979,-27.41821],[-49.601985,-27.418228],[-49.601974,-27.418302],[-49.60202,-27.418309],[-49.602017,-27.418325],[-49.60201,-27.418362],[-49.602028,-27.418368],[-49.602024,-27.418393],[-49.602019,-27.418421],[-49.602033,-27.418435],[-49.602024,-27.418489],[-49.602025,-27.4185],[-49.602027,-27.418539],[-49.602027,-27.418543],[-49.602015,-27.418609],[-49.602034,-27.41865],[-49.602029,-27.418691],[-49.602028,-27.418704],[-49.602042,-27.418748],[-49.602041,-27.418762],[-49.602036,-27.418823],[-49.602028,-27.418853],[-49.602025,-27.418864],[-49.602024,-27.418952],[-49.602018,-27.419002],[-49.602002,-27.419137],[-49.601993,-27.419205],[-49.601993,-27.419207],[-49.60198,-27.419267],[-49.601974,-27.419292],[-49.601973,-27.419313],[-49.601968,-27.419367],[-49.601962,-27.419442],[-49.601975,-27.419462],[-49.601976,-27.419523],[-49.602035,-27.419652],[-49.602016,-27.419733],[-49.602043,-27.419787],[-49.602044,-27.419797],[-49.602055,-27.419882],[-49.602052,-27.419901],[-49.602031,-27.420031],[-49.602031,-27.420045],[-49.602033,-27.420152],[-49.602033,-27.420153],[-49.602009,-27.420261],[-49.601996,-27.420369],[-49.601994,-27.420472],[-49.60199,-27.420721],[-49.60197,-27.420802],[-49.601931,-27.420961],[-49.601938,-27.420991],[-49.601956,-27.421059],[-49.601987,-27.42111],[-49.602002,-27.421182],[-49.601993,-27.421222],[-49.601966,-27.421347],[-49.601926,-27.421452],[-49.601897,-27.421611],[-49.601889,-27.421641],[-49.601871,-27.421708],[-49.601857,-27.421735],[-49.601863,-27.421803],[-49.601907,-27.421914],[-49.601903,-27.421939],[-49.60186,-27.422006],[-49.601845,-27.422077],[-49.60184,-27.422101],[-49.601843,-27.422131],[-49.60184,-27.422146],[-49.601835,-27.422182],[-49.601823,-27.422256],[-49.601822,-27.422263],[-49.601828,-27.422304],[-49.601844,-27.422344],[-49.601864,-27.422399],[-49.601863,-27.422436],[-49.601863,-27.422449],[-49.601842,-27.422548],[-49.60177,-27.422647],[-49.601761,-27.422672],[-49.601753,-27.422696],[-49.601724,-27.422776],[-49.601712,-27.422858],[-49.601708,-27.42289],[-49.601698,-27.422959],[-49.601703,-27.42299],[-49.601711,-27.423031],[-49.601715,-27.423058],[-49.601716,-27.423115],[-49.601717,-27.423156],[-49.601651,-27.423304],[-49.601617,-27.42338],[-49.60161,-27.423411],[-49.601578,-27.423462],[-49.601569,-27.423493],[-49.601567,-27.423587],[-49.601545,-27.423641],[-49.601544,-27.423661],[-49.601543,-27.423675],[-49.601523,-27.423716],[-49.601527,-27.42373],[-49.601571,-27.423779],[-49.601581,-27.423822],[-49.601576,-27.423885],[-49.60157,-27.4239],[-49.601549,-27.423953],[-49.601541,-27.424025],[-49.601524,-27.424047],[-49.601483,-27.424077],[-49.601478,-27.424081],[-49.601456,-27.424114],[-49.60145,-27.424223],[-49.601433,-27.424292],[-49.601414,-27.424364],[-49.601399,-27.424424],[-49.601394,-27.424442],[-49.601381,-27.424459],[-49.601346,-27.424507],[-49.601344,-27.42451],[-49.601312,-27.424519],[-49.601285,-27.424546],[-49.601276,-27.424555],[-49.602613,-27.424568],[-49.602556,-27.424559],[-49.602473,-27.424531],[-49.602444,-27.424521],[-49.602435,-27.424518],[-49.602253,-27.424468],[-49.602228,-27.424451],[-49.602201,-27.424432],[-49.602174,-27.424372],[-49.60217,-27.4243],[-49.602173,-27.42423],[-49.602178,-27.424122],[-49.602179,-27.424088],[-49.60218,-27.424084],[-49.602186,-27.424053],[-49.60219,-27.424031],[-49.602205,-27.423959],[-49.602216,-27.423907],[-49.602221,-27.423892],[-49.60224,-27.423829],[-49.602253,-27.423785],[-49.602267,-27.423737],[-49.602271,-27.423723],[-49.602283,-27.423683],[-49.602288,-27.423668],[-49.602292,-27.423648],[-49.602305,-27.423595],[-49.602326,-27.4235],[-49.602333,-27.42347],[-49.602345,-27.423418],[-49.602352,-27.423387],[-49.602369,-27.423311],[-49.602395,-27.423162],[-49.602402,-27.423122],[-49.602405,-27.423065],[-49.602407,-27.423038],[-49.602401,-27.422997],[-49.602406,-27.422966],[-49.602417,-27.422897],[-49.602432,-27.422865],[-49.602448,-27.422783],[-49.602463,-27.422703],[-49.602479,-27.422679],[-49.602489,-27.422654],[-49.602529,-27.422554],[-49.602563,-27.422456],[-49.602567,-27.422443],[-49.602575,-27.422406],[-49.602587,-27.422352],[-49.602589,-27.422311],[-49.602591,-27.422271],[-49.602592,-27.422264],[-49.602573,-27.422189],[-49.602581,-27.422153],[-49.602579,-27.422138],[-49.602574,-27.422108],[-49.602571,-27.422084],[-49.602583,-27.422013],[-49.602594,-27.421946],[-49.602598,-27.421921],[-49.602617,-27.421811],[-49.602628,-27.421743],[-49.602633,-27.421716],[-49.602644,-27.421648],[-49.602646,-27.421618],[-49.60266,-27.421459],[-49.602669,-27.421354],[-49.602679,-27.421229],[-49.602678,-27.421188],[-49.602677,-27.421117],[-49.602676,-27.421067],[-49.602674,-27.420999],[-49.602672,-27.420969],[-49.602659,-27.420809],[-49.602659,-27.420728]]],[[[-49.602131,-27.416883],[-49.60210143089238,-27.416889899458443],[-49.60210083229193,-27.416889893276682],[-49.60209,-27.416883],[-49.601637,-27.416878],[-49.601627,-27.416885],[-49.601623,-27.416889],[-49.601592,-27.416895],[-49.601564,-27.416909],[-49.601514,-27.416933],[-49.601441,-27.416945],[-49.601371,-27.416969],[-49.601301,-27.416993],[-49.601176,-27.417012],[-49.601159,-27.417122],[-49.601158,-27.417147],[-49.601157,-27.417219],[-49.601167,-27.41723],[-49.601105,-27.417248],[-49.601021,-27.417262],[-49.603127,-27.417283],[-49.603136,-27.417269],[-49.603148,-27.41725],[-49.603155,-27.417239],[-49.603199,-27.417167],[-49.603216,-27.417143],[-49.603292,-27.417033],[-49.603306,-27.417014],[-49.603323,-27.416989],[-49.603335,-27.416964],[-49.603341,-27.416952],[-49.603354,-27.416927],[-49.603363,-27.416913],[-49.603368,-27.416906],[-49.60337,-27.416903],[-49.603375,-27.416896],[-49.603375,-27.416895],[-49.602131,-27.416883]]],[[[-49.602426249941495,-27.416801666744675],[-49.602424870392966,-27.416801652428607],[-49.602413,-27.416798],[-49.602396,-27.416793],[-49.602365,-27.416797],[-49.602362,-27.416801],[-49.602342,-27.416829],[-49.602314,-27.416835],[-49.602303,-27.416842],[-49.60228,-27.416855],[-49.602263,-27.416882],[-49.602132,-27.416883],[-49.603375,-27.416895],[-49.603376,-27.416893],[-49.603395,-27.416866],[-49.603404,-27.416853],[-49.603406,-27.416846],[-49.603409,-27.41684],[-49.603422,-27.416812],[-49.603423,-27.416808],[-49.603428,-27.416798],[-49.602439,-27.416788],[-49.602429,-27.416798],[-49.602426249941495,-27.416801666744675]]],[[[-49.602485,-27.416768],[-49.602477,-27.416776],[-49.602461,-27.416786],[-49.602457,-27.416788],[-49.603428,-27.416798],[-49.603429,-27.416796],[-49.603433,-27.416786],[-49.603437,-27.416778],[-49.603462,-27.416742],[-49.603463,-27.416741],[-49.602521,-27.416732],[-49.602485,-27.416768]]],[[[-49.602441,-27.416786],[-49.602439,-27.416788],[-49.602457,-27.416788],[-49.602441,-27.416786]]],[[[-49.60274660391868,-27.393263405054018],[-49.602789,-27.39327],[-49.602802,-27.393264],[-49.60281,-27.393259],[-49.602818,-27.393255],[-49.602819,-27.393254],[-49.602825,-27.393244],[-49.601869,-27.393235],[-49.601952,-27.393245],[-49.601955,-27.393247],[-49.601964,-27.393251],[-49.601964,-27.393255],[-49.601967,-27.393267],[-49.601969,-27.393276],[-49.60198,-27.393279],[-49.602324,-27.393306],[-49.602597,-27.393311],[-49.602613,-27.39332],[-49.602682,-27.393324],[-49.602685,-27.393321],[-49.60269,-27.393312],[-49.602692,-27.393309],[-49.602708,-27.393286],[-49.602709,-27.393284],[-49.602715,-27.393275],[-49.6027431117573,-27.393263367548705],[-49.60274660391868,-27.393263405054018]]],[[[-49.603876,-27.391517],[-49.603812,-27.39148],[-49.603781,-27.391452],[-49.60375176960766,-27.391451707479394],[-49.603663,-27.391339],[-49.603474,-27.391102],[-49.603381,-27.390985],[-49.603085,-27.390963],[-49.602996,-27.390915],[-49.602947,-27.390889],[-49.602861,-27.390853],[-49.60266,-27.390767],[-49.602476,-27.390689],[-49.601943,-27.39076],[-49.601436,-27.390838],[-49.60137,-27.390873],[-49.601324,-27.390898],[-49.601267,-27.390945],[-49.601244,-27.390963],[-49.601103,-27.391078],[-49.60111,-27.391314],[-49.601083,-27.391425],[-49.601076,-27.391453],[-49.601067,-27.391489],[-49.601063,-27.391506],[-49.601063,-27.391513],[-49.601064,-27.39155],[-49.601066,-27.391628],[-49.601068,-27.3917],[-49.601119,-27.391737],[-49.601231,-27.391821],[-49.601206,-27.391904],[-49.60115,-27.392092],[-49.601126,-27.392171],[-49.601094,-27.392279],[-49.603771,-27.392306],[-49.603797,-27.392197],[-49.603816,-27.392119],[-49.603831,-27.39193],[-49.603851,-27.391847],[-49.603871,-27.391765],[-49.603873,-27.391728],[-49.603877,-27.391657],[-49.603896,-27.391579],[-49.603895,-27.391541],[-49.603889,-27.391534],[-49.603876,-27.391517]]],[[[-49.601309,-27.437683],[-49.60131,-27.437661],[-49.601312,-27.437612],[-49.601312,-27.437609],[-49.601309,-27.437598],[-49.601296,-27.437559],[-49.601292,-27.437544],[-49.601289,-27.437539],[-49.601269,-27.437503],[-49.601261,-27.43749],[-49.601246,-27.437462],[-49.601234,-27.437449],[-49.601183,-27.43739],[-49.60118,-27.43738],[-49.601175,-27.437368],[-49.601137,-27.437341],[-49.601127,-27.437312],[-49.601123,-27.43731],[-49.601095,-27.437292],[-49.601105,-27.437261],[-49.601119,-27.437216],[-49.601118,-27.437191],[-49.601133,-27.437182],[-49.601134,-27.437175],[-49.601139,-27.437148],[-49.601141,-27.43714],[-49.601142,-27.437134],[-49.601151,-27.437111],[-49.601162,-27.437085],[-49.601166,-27.437077],[-49.601175,-27.437053],[-49.60072,-27.437049],[-49.600753,-27.437073],[-49.600796,-27.437082],[-49.600823,-27.437108],[-49.600831,-27.437131],[-49.600833,-27.437137],[-49.600848,-27.437145],[-49.600842,-27.437172],[-49.600843,-27.437179],[-49.600844,-27.437189],[-49.600846,-27.437214],[-49.60085,-27.437259],[-49.600864,-27.43729],[-49.600872,-27.437307],[-49.600873,-27.43731],[-49.600892,-27.437339],[-49.60091,-27.437366],[-49.600918,-27.437378],[-49.600926,-27.437387],[-49.600974,-27.437446],[-49.600974,-27.43746],[-49.600975,-27.437487],[-49.600992,-27.437501],[-49.600971,-27.437536],[-49.600971,-27.437541],[-49.600972,-27.437556],[-49.600987,-27.437595],[-49.601005,-27.437606],[-49.601011,-27.437609],[-49.601051,-27.437658],[-49.601055,-27.43768],[-49.601058,-27.437704],[-49.601068,-27.437718],[-49.601058,-27.437745],[-49.601063,-27.437779],[-49.601064,-27.437785],[-49.601032,-27.437889],[-49.60103,-27.437893],[-49.600997,-27.437949],[-49.600944,-27.437949],[-49.601163,-27.437951],[-49.6012,-27.437895],[-49.601203,-27.437891],[-49.601265,-27.437787],[-49.601268,-27.437781],[-49.601282,-27.437747],[-49.601293,-27.43772],[-49.601299,-27.437707],[-49.601309,-27.437683]]],[[[-49.601345,-27.43362],[-49.601354,-27.433622],[-49.601403,-27.433659],[-49.601411,-27.433662],[-49.601437,-27.433673],[-49.601439,-27.433674],[-49.601522,-27.43368],[-49.601548,-27.433675],[-49.601552,-27.433674],[-49.601565,-27.433664],[-49.601564,-27.433661],[-49.601542,-27.433624],[-49.601541,-27.433622],[-49.601539,-27.43362],[-49.601533,-27.433614],[-49.601317,-27.433612],[-49.601338,-27.433618],[-49.601345,-27.43362]]],[[[-49.600717,-27.425366],[-49.600656,-27.42542],[-49.600622,-27.42546],[-49.600591,-27.425496],[-49.600584,-27.425525],[-49.600555,-27.425635],[-49.600518,-27.425679],[-49.600504,-27.425695],[-49.600476,-27.425708],[-49.600439,-27.425712],[-49.601321,-27.425721],[-49.601327,-27.425717],[-49.601343,-27.425704],[-49.601363,-27.425687],[-49.6014,-27.425644],[-49.601495,-27.425534],[-49.601509,-27.425505],[-49.601528,-27.425469],[-49.601534,-27.425428],[-49.601543,-27.425374],[-49.601543,-27.425368],[-49.601539,-27.42532],[-49.601548,-27.42528],[-49.601548,-27.425279],[-49.600844,-27.425272],[-49.600789,-27.425313],[-49.600725,-27.42536],[-49.600717,-27.425366]]],[[[-49.601365,-27.417318],[-49.601406,-27.417297],[-49.601299,-27.417296],[-49.601308,-27.417318],[-49.60131,-27.417322],[-49.601337,-27.417318],[-49.601338,-27.417322],[-49.601339,-27.417332],[-49.601357,-27.417323],[-49.601365,-27.417318]]],[[[-49.601266,-27.417295],[-49.601268,-27.417306],[-49.601299,-27.417296],[-49.601266,-27.417295]]],[[[-49.601266,-27.417295],[-49.601406,-27.417297],[-49.601412,-27.417293],[-49.601436,-27.417288],[-49.601264,-27.417286],[-49.601265,-27.417292],[-49.601266,-27.417295]]],[[[-49.601264,-27.417286],[-49.603114,-27.417305],[-49.603127,-27.417283],[-49.601259,-27.417265],[-49.601264,-27.417286]]],[[[-49.60209,-27.416883],[-49.602089,-27.416882],[-49.602087,-27.416881],[-49.602063,-27.416882],[-49.602057,-27.416882],[-49.60209,-27.416883]]],[[[-49.602007,-27.416859],[-49.601999,-27.416855],[-49.601979,-27.416852],[-49.601888,-27.416838],[-49.601861,-27.416851],[-49.601856,-27.416854],[-49.601848,-27.416857],[-49.60183429850746,-27.416863850746267],[-49.601832724516456,-27.416863832723468],[-49.601773,-27.416856],[-49.60176,-27.416863],[-49.601751,-27.416868],[-49.60174404651163,-27.416870980066445],[-49.60174339534882,-27.416870973421926],[-49.601653,-27.416867],[-49.601648,-27.41687],[-49.601637,-27.416878],[-49.602056,-27.416882],[-49.60204,-27.416874],[-49.602032,-27.41687],[-49.602022,-27.416866],[-49.602007,-27.416859]]],[[[-49.598853,-27.392857],[-49.598874,-27.392921],[-49.598861,-27.392932],[-49.60519,-27.392995],[-49.605195,-27.392985],[-49.605224,-27.392921],[-49.598853,-27.392857]]],[[[-49.598853,-27.392857],[-49.60374,-27.392906],[-49.603689,-27.392901],[-49.60368,-27.392892],[-49.603662,-27.392873],[-49.603669,-27.392815],[-49.603683,-27.392703],[-49.603697,-27.392616],[-49.603769,-27.392316],[-49.603771,-27.392306],[-49.597976,-27.392248],[-49.597976,-27.392258],[-49.597973,-27.392559],[-49.597972,-27.392646],[-49.597971,-27.392758],[-49.59797,-27.392774],[-49.598713,-27.392781],[-49.598738,-27.392766],[-49.598770719298386,-27.392766],[-49.59879918339241,-27.39276628474085],[-49.598837,-27.392825],[-49.598848,-27.392843],[-49.598852,-27.392853],[-49.598853,-27.392857]]],[[[-49.601187,-27.438831],[-49.601189,-27.438827],[-49.601209,-27.438808],[-49.601215,-27.438802],[-49.601194,-27.438783],[-49.601173,-27.438779],[-49.601153,-27.438774],[-49.601142,-27.438756],[-49.601138,-27.43872],[-49.601136,-27.438707],[-49.601134,-27.438693],[-49.601134,-27.438686],[-49.601133,-27.438685],[-49.601128,-27.438672],[-49.601118,-27.438652],[-49.601113,-27.438641],[-49.601116,-27.438614],[-49.601107,-27.438607],[-49.601101,-27.438603],[-49.601098,-27.438561],[-49.601098,-27.43856],[-49.601085,-27.438537],[-49.601068,-27.438519],[-49.601051,-27.438512],[-49.600986,-27.438484],[-49.600951,-27.438449],[-49.600956,-27.438422],[-49.600958,-27.438419],[-49.600972,-27.438396],[-49.600962,-27.438385],[-49.600951,-27.438373],[-49.600944,-27.438364],[-49.600946,-27.438355],[-49.600947,-27.438349],[-49.600945,-27.438346],[-49.600929,-27.438318],[-49.600919,-27.438303],[-49.600914,-27.438294],[-49.600935,-27.438231],[-49.600941,-27.438211],[-49.600967,-27.438183],[-49.601009,-27.43814],[-49.601039,-27.438109],[-49.601055,-27.438089],[-49.601077,-27.438062],[-49.601111,-27.438022],[-49.601135,-27.437993],[-49.601137,-27.437989],[-49.601162,-27.437951],[-49.600704,-27.437947],[-49.600734,-27.437985],[-49.600731,-27.437989],[-49.6007,-27.438017],[-49.600734,-27.438058],[-49.600703,-27.438086],[-49.600702,-27.438105],[-49.600701,-27.438136],[-49.600683,-27.438181],[-49.600678,-27.438209],[-49.600675,-27.438228],[-49.6007,-27.438292],[-49.600703,-27.438301],[-49.600733,-27.438316],[-49.600716,-27.438343],[-49.600721,-27.438346],[-49.60073,-27.438353],[-49.600721,-27.438362],[-49.600712,-27.43837],[-49.600727,-27.438383],[-49.600725,-27.438394],[-49.600721,-27.438416],[-49.600722,-27.43842],[-49.600726,-27.438447],[-49.600731,-27.438481],[-49.600735,-27.438508],[-49.600738,-27.438516],[-49.600743,-27.438533],[-49.60075,-27.438556],[-49.60075,-27.438557],[-49.600778,-27.4386],[-49.600781,-27.438604],[-49.600782,-27.43861],[-49.600786,-27.438638],[-49.600788,-27.438648],[-49.600833,-27.438669],[-49.600836,-27.438682],[-49.600837,-27.438683],[-49.600851,-27.43869],[-49.600852,-27.438704],[-49.600866,-27.438718],[-49.600883,-27.438753],[-49.600892,-27.438772],[-49.600894,-27.438776],[-49.6009,-27.43878],[-49.600926,-27.438799],[-49.600936,-27.438805],[-49.600985,-27.438825],[-49.600995,-27.43883],[-49.601015,-27.438846],[-49.601021,-27.438851],[-49.601055,-27.438855],[-49.601058,-27.438859],[-49.601071,-27.43888],[-49.601072,-27.438882],[-49.601077,-27.438888],[-49.6011,-27.438882],[-49.601105453987735,-27.438880441717792],[-49.60110770588235,-27.438880470588234],[-49.60111,-27.438882],[-49.601118,-27.438889],[-49.601148,-27.438883],[-49.601149,-27.438881],[-49.601156,-27.43886],[-49.601165,-27.438856],[-49.601171,-27.438853],[-49.601182,-27.438848],[-49.601187,-27.438831]]],[[[-49.601131,-27.436907],[-49.601116,-27.43689],[-49.601071,-27.436864],[-49.601066,-27.436861],[-49.600388,-27.436854],[-49.600398,-27.436857],[-49.600434,-27.436883],[-49.600458,-27.4369],[-49.600545,-27.436914],[-49.600622,-27.436948],[-49.600647,-27.43696],[-49.600666,-27.436976],[-49.600682,-27.43699],[-49.600685,-27.43701],[-49.600686,-27.437017],[-49.600696,-27.437021],[-49.600705,-27.437048],[-49.60072,-27.437049],[-49.601176,-27.437053],[-49.601187,-27.437026],[-49.601188,-27.437022],[-49.601191,-27.437015],[-49.601185,-27.436995],[-49.60118,-27.436981],[-49.601174,-27.436965],[-49.601169,-27.436954],[-49.601141,-27.43692],[-49.601131,-27.436907]]],[[[-49.600891,-27.436845],[-49.600853,-27.436849],[-49.600825,-27.436858],[-49.601066,-27.436861],[-49.601049,-27.436851],[-49.601041,-27.436846],[-49.600971,-27.436836],[-49.600891,-27.436845]]],[[[-49.600579,-27.433631],[-49.600579,-27.433635],[-49.600562,-27.433694],[-49.600553,-27.433773],[-49.600549,-27.4338],[-49.600504,-27.43388],[-49.600496,-27.433904],[-49.600476,-27.433958],[-49.600453,-27.434022],[-49.600448,-27.43409],[-49.600415,-27.434141],[-49.600413,-27.43415],[-49.600388,-27.434245],[-49.600388,-27.434259],[-49.600388,-27.43435],[-49.600387,-27.434407],[-49.600375,-27.434478],[-49.600366,-27.434527],[-49.600363,-27.434544],[-49.600361,-27.434557],[-49.600357,-27.434577],[-49.600351,-27.434613],[-49.600349,-27.434623],[-49.600292,-27.434799],[-49.60027,-27.434866],[-49.600257,-27.434909],[-49.600201,-27.435028],[-49.600199,-27.435034],[-49.60019,-27.435069],[-49.600179,-27.435109],[-49.600174,-27.435154],[-49.600167,-27.435217],[-49.600127,-27.435352],[-49.600093,-27.435447],[-49.600074,-27.4355],[-49.600069,-27.435514],[-49.600036,-27.435606],[-49.600013,-27.435668],[-49.600009,-27.43568],[-49.599997,-27.435703],[-49.599922,-27.435842],[-49.599908,-27.435862],[-49.599888,-27.435892],[-49.599883,-27.435898],[-49.599873,-27.435923],[-49.599822,-27.436051],[-49.599796,-27.436081],[-49.599809,-27.436108],[-49.599805,-27.436161],[-49.599798,-27.436189],[-49.599759,-27.436355],[-49.599759,-27.43636],[-49.599756,-27.436378],[-49.59975,-27.43642],[-49.599723,-27.436611],[-49.599719,-27.436642],[-49.599717,-27.436657],[-49.600352,-27.436663],[-49.600323,-27.436648],[-49.600311,-27.436617],[-49.600336,-27.436426],[-49.600364,-27.436384],[-49.600363,-27.436366],[-49.600364,-27.436361],[-49.600411,-27.436195],[-49.60042,-27.436167],[-49.600438,-27.436114],[-49.600446,-27.436087],[-49.600456,-27.436057],[-49.600498,-27.435929],[-49.600501,-27.435905],[-49.600501,-27.435898],[-49.600522,-27.435869],[-49.600531,-27.435848],[-49.600589,-27.435709],[-49.600606,-27.435686],[-49.600615,-27.435674],[-49.600621,-27.435612],[-49.600652,-27.43552],[-49.600665,-27.435506],[-49.600687,-27.435453],[-49.600719,-27.435358],[-49.600764,-27.435223],[-49.600785,-27.43516],[-49.600795,-27.435115],[-49.600805,-27.435075],[-49.600828,-27.435041],[-49.60083,-27.435034],[-49.600871,-27.434915],[-49.600885,-27.434873],[-49.600921,-27.434805],[-49.600991,-27.43463],[-49.600995,-27.43462],[-49.601024,-27.434584],[-49.601063,-27.434564],[-49.601115,-27.434551],[-49.601125,-27.434535],[-49.601128,-27.434486],[-49.601122,-27.434415],[-49.601118,-27.434357],[-49.601142,-27.434266],[-49.601147,-27.434252],[-49.601187,-27.434158],[-49.601189,-27.434149],[-49.601198,-27.434097],[-49.601211,-27.43403],[-49.601222,-27.433966],[-49.601247,-27.433912],[-49.601248,-27.433888],[-49.601249,-27.433807],[-49.601249,-27.43378],[-49.601268,-27.433701],[-49.601281,-27.433642],[-49.601282,-27.433638],[-49.601295,-27.433618],[-49.601317,-27.433612],[-49.600579,-27.433605],[-49.600579,-27.43361],[-49.600579,-27.433631]]],[[[-49.60144,-27.43322],[-49.601455,-27.433152],[-49.601462,-27.433138],[-49.60147,-27.433122],[-49.601524,-27.433061],[-49.601554,-27.433056],[-49.60156,-27.433052],[-49.601568,-27.433046],[-49.601589,-27.432994],[-49.601582,-27.432984],[-49.601572,-27.432969],[-49.601538,-27.432942],[-49.601477,-27.432931],[-49.601466,-27.43293],[-49.601453,-27.432906],[-49.60145,-27.4329],[-49.600114,-27.432887],[-49.600208,-27.432893],[-49.600317,-27.432918],[-49.600324,-27.43292],[-49.600344,-27.43293],[-49.600396,-27.432957],[-49.600426,-27.432972],[-49.600436,-27.432983],[-49.600486,-27.433035],[-49.600491,-27.433041],[-49.600494,-27.433045],[-49.600498,-27.433051],[-49.600538,-27.433112],[-49.600549,-27.433129],[-49.600552,-27.433143],[-49.600568,-27.433211],[-49.600571,-27.433245],[-49.600574,-27.433292],[-49.600575,-27.433312],[-49.600576,-27.433381],[-49.600576,-27.433422],[-49.600577,-27.433442],[-49.600578,-27.433528],[-49.600578,-27.433561],[-49.600579,-27.433605],[-49.601533,-27.433614],[-49.601489,-27.43357],[-49.601475,-27.433537],[-49.601403,-27.43345],[-49.601409,-27.43343],[-49.601403,-27.43339],[-49.601425,-27.433321],[-49.601432,-27.433301],[-49.601432,-27.433253],[-49.60144,-27.43322]]],[[[-49.600701,-27.417332],[-49.600716,-27.417336],[-49.600949,-27.417334],[-49.601128,-27.417294],[-49.601152,-27.417289],[-49.601153,-27.417288],[-49.601163,-27.417286],[-49.601259,-27.417265],[-49.601021,-27.417262],[-49.600892,-27.417283],[-49.60079343884887,-27.417284971223022],[-49.600780186408976,-27.417284822319203],[-49.600694,-27.417266],[-49.600649,-27.417257],[-49.600648,-27.417256],[-49.600608,-27.417226],[-49.600598,-27.417218],[-49.600572,-27.417204],[-49.60053,-27.417183],[-49.60053,-27.417172],[-49.600539,-27.417169],[-49.600535,-27.417162],[-49.600524,-27.417149],[-49.600517,-27.417141],[-49.600496,-27.417116],[-49.600495,-27.417115],[-49.600483,-27.4171],[-49.600473,-27.417089],[-49.600463,-27.417077],[-49.600455,-27.417068],[-49.600444,-27.417077],[-49.600430503344484,-27.417088568561873],[-49.60042879164994,-27.417088551184264],[-49.600395,-27.417076],[-49.60037,-27.417068],[-49.600348,-27.417067],[-49.600293,-27.417065],[-49.600213,-27.417053],[-49.600117,-27.417039],[-49.600086,-27.417035],[-49.599653,-27.417034],[-49.599487,-27.417046],[-49.599443,-27.417056],[-49.599436,-27.417058],[-49.599429,-27.417058],[-49.599342,-27.417066],[-49.599291,-27.417077],[-49.599244,-27.417088],[-49.599232,-27.417091],[-49.599199,-27.417108],[-49.599197,-27.417116],[-49.599194,-27.417132],[-49.599219,-27.417136],[-49.599226,-27.417137],[-49.599234,-27.417136],[-49.599262,-27.417133],[-49.599394,-27.417118],[-49.599505,-27.417111],[-49.599745,-27.417096],[-49.599782169406744,-27.417093212294496],[-49.59978679999999,-27.417093257142856],[-49.599897,-27.417109],[-49.599968,-27.41711],[-49.600067,-27.417137],[-49.600148,-27.417145],[-49.600192,-27.417158],[-49.600216,-27.417166],[-49.600229,-27.417169],[-49.600264,-27.41718],[-49.600339,-27.417202],[-49.600399,-27.417216],[-49.600433,-27.417224],[-49.600448,-27.417227],[-49.60045708256881,-27.41722427522936],[-49.60045859445179,-27.41722429250802],[-49.600521,-27.417255],[-49.600522,-27.417256],[-49.600529,-27.417265],[-49.600528,-27.417282],[-49.60052907889126,-27.417282012793176],[-49.600566,-27.417288],[-49.600701,-27.417332]]],[[[-49.59885,-27.392941],[-49.598836,-27.392953],[-49.598827,-27.39296],[-49.598812,-27.392991],[-49.598802,-27.392998],[-49.598766,-27.393024],[-49.598747,-27.393051],[-49.598702,-27.393069],[-49.598684,-27.393085],[-49.59867,-27.393089],[-49.598597,-27.393105],[-49.598593,-27.393105],[-49.598585,-27.393111],[-49.59851,-27.39316],[-49.598505,-27.393163],[-49.598416,-27.393184],[-49.598404,-27.393192],[-49.598405,-27.3932],[-49.602825,-27.393244],[-49.602829,-27.393236],[-49.602834,-27.393228],[-49.602846,-27.393207],[-49.602848,-27.393204],[-49.602865,-27.393154],[-49.602861,-27.393148],[-49.602861,-27.393147],[-49.602886,-27.393131],[-49.602887,-27.393128],[-49.602891,-27.393111],[-49.602896,-27.393092],[-49.602904,-27.393065],[-49.602911,-27.393039],[-49.602917,-27.393032],[-49.602943,-27.393001],[-49.602948,-27.392994],[-49.602975,-27.392983],[-49.603005,-27.39298],[-49.603062,-27.392974],[-49.598861,-27.392932],[-49.598853,-27.392938],[-49.59885,-27.392941]]],[[[-49.600427,-27.43958],[-49.600424,-27.439566],[-49.600398,-27.439446],[-49.600378,-27.439403],[-49.600373,-27.439392],[-49.600358,-27.439294],[-49.600352,-27.439251],[-49.600338,-27.439036],[-49.600329,-27.438902],[-49.600332,-27.43883],[-49.600327,-27.438793],[-49.600318,-27.438726],[-49.600305,-27.438625],[-49.600306,-27.43861],[-49.600309,-27.438556],[-49.600311,-27.438523],[-49.600321,-27.438462],[-49.600331,-27.438397],[-49.600348,-27.438292],[-49.600348,-27.438289],[-49.60038,-27.438247],[-49.6004,-27.438244],[-49.600417,-27.438228],[-49.600423,-27.438198],[-49.600418,-27.438162],[-49.600382,-27.438138],[-49.600312,-27.438035],[-49.600293,-27.437964],[-49.60026,-27.437845],[-49.600254,-27.437825],[-49.600245,-27.437754],[-49.600241,-27.437723],[-49.600247,-27.437659],[-49.600248,-27.437647],[-49.600253,-27.437594],[-49.600255,-27.437574],[-49.600248,-27.437534],[-49.600235,-27.437456],[-49.600226,-27.437402],[-49.600217,-27.437352],[-49.600211,-27.43724],[-49.600208,-27.437195],[-49.600209,-27.437181],[-49.600215,-27.437122],[-49.600217,-27.4371],[-49.600229,-27.437057],[-49.600244,-27.437005],[-49.600253,-27.43691],[-49.600257,-27.43687],[-49.600266,-27.436846],[-49.600277,-27.436813],[-49.600289,-27.436799],[-49.600315,-27.436798],[-49.599712,-27.436792],[-49.599712,-27.436793],[-49.599714,-27.436807],[-49.59972,-27.43684],[-49.599718,-27.436865],[-49.599713,-27.436904],[-49.59969,-27.437],[-49.599678,-27.437052],[-49.599647,-27.437094],[-49.599631,-27.437116],[-49.599609,-27.437175],[-49.59961,-27.437189],[-49.599612,-27.437234],[-49.599587,-27.437346],[-49.599576,-27.437395],[-49.599572,-27.437449],[-49.599578,-27.437527],[-49.599591,-27.437568],[-49.599598,-27.437588],[-49.599629,-27.437641],[-49.599644,-27.437653],[-49.599649,-27.437717],[-49.599652,-27.437748],[-49.599671,-27.437819],[-49.599676,-27.437839],[-49.599692,-27.437958],[-49.599677,-27.438029],[-49.599654,-27.438131],[-49.599649,-27.438154],[-49.599641,-27.438191],[-49.599635,-27.43822],[-49.599631,-27.438236],[-49.59963,-27.438239],[-49.599621,-27.438282],[-49.59962,-27.438285],[-49.599604,-27.438389],[-49.599607,-27.438455],[-49.599593,-27.438515],[-49.599586,-27.438549],[-49.599584,-27.438603],[-49.599593,-27.438618],[-49.599655,-27.438719],[-49.599677,-27.438786],[-49.599683,-27.438824],[-49.599694,-27.438896],[-49.599715,-27.43903],[-49.599729,-27.439245],[-49.599732,-27.439288],[-49.599756,-27.439385],[-49.599758,-27.439397],[-49.599765,-27.43944],[-49.599785,-27.43956],[-49.599783,-27.439573],[-49.599773,-27.439668],[-49.599766,-27.439736],[-49.599758,-27.439817],[-49.599746,-27.439931],[-49.599724,-27.440141],[-49.599722,-27.440156],[-49.599619,-27.440547],[-49.599623,-27.440641],[-49.59962,-27.440682],[-49.59961,-27.440804],[-49.599583,-27.440963],[-49.599578,-27.440974],[-49.599567,-27.441],[-49.599555,-27.441074],[-49.599536,-27.44112],[-49.599522,-27.441196],[-49.599521,-27.441199],[-49.599499,-27.441246],[-49.599497,-27.441334],[-49.599465,-27.441452],[-49.599464,-27.441458],[-49.599433,-27.441513],[-49.59943023387297,-27.44151945429639],[-49.59942710720887,-27.441519421441775],[-49.599395,-27.441513],[-49.599387,-27.441519],[-49.599359,-27.441543],[-49.599371,-27.441607],[-49.59936,-27.441651],[-49.599312,-27.441724],[-49.599319,-27.441776],[-49.599298,-27.441803],[-49.599263,-27.441848],[-49.599228,-27.441878],[-49.599181,-27.441886],[-49.599144,-27.441893],[-49.599846,-27.441901],[-49.599849,-27.441893],[-49.599853,-27.441884],[-49.599864,-27.441854],[-49.599881,-27.441809],[-49.599889,-27.441781],[-49.599903,-27.44173],[-49.599923,-27.441657],[-49.599935,-27.441613],[-49.599952,-27.441549],[-49.599958,-27.441525],[-49.59996,-27.441518],[-49.599975,-27.441463],[-49.599977,-27.441457],[-49.600034,-27.441339],[-49.600076,-27.441252],[-49.600099,-27.441205],[-49.600101,-27.441201],[-49.600129,-27.441126],[-49.600146,-27.44108],[-49.600173,-27.441006],[-49.600183,-27.44098],[-49.600187,-27.440969],[-49.600241,-27.44081],[-49.600282,-27.440689],[-49.600292,-27.440648],[-49.600315,-27.440554],[-49.600413,-27.440163],[-49.600417,-27.440148],[-49.600441,-27.439938],[-49.600432,-27.439824],[-49.600441,-27.439742],[-49.600437,-27.439675],[-49.600427,-27.43958]]],[[[-49.600708,-27.437873],[-49.600707,-27.437884],[-49.600704,-27.437911],[-49.600704,-27.437917],[-49.600701,-27.437942],[-49.600704,-27.437947],[-49.600944,-27.437949],[-49.60094,-27.437945],[-49.600916,-27.437919],[-49.600899,-27.437913],[-49.600881,-27.437886],[-49.600866,-27.437875],[-49.600838,-27.437854],[-49.600791,-27.437836],[-49.600788,-27.437835],[-49.600751,-27.437836],[-49.600731,-27.437853],[-49.600708,-27.437873]]],[[[-49.600776,-27.436847],[-49.600771,-27.436845],[-49.600737,-27.436802],[-49.600315,-27.436798],[-49.600352,-27.436841],[-49.600353,-27.436842],[-49.600388,-27.436854],[-49.600825,-27.436858],[-49.600776,-27.436847]]],[[[-49.599709,-27.436712],[-49.599709,-27.436716],[-49.59971,-27.436743],[-49.59971,-27.436783],[-49.59971,-27.436785],[-49.599712,-27.436792],[-49.600737,-27.436802],[-49.600732,-27.436795],[-49.600732,-27.436794],[-49.600727,-27.436753],[-49.60074,-27.436726],[-49.600739,-27.436722],[-49.600735,-27.436713],[-49.60074,-27.436696],[-49.600725,-27.436667],[-49.599717,-27.436657],[-49.599713,-27.436686],[-49.599711,-27.436702],[-49.599709,-27.436712]]],[[[-49.600724,-27.436666],[-49.600724,-27.436665],[-49.600383,-27.436662],[-49.600352,-27.436663],[-49.600725,-27.436667],[-49.600724,-27.436666]]],[[[-49.600481,-27.43664],[-49.600461,-27.436649],[-49.600412,-27.43665],[-49.600385,-27.436662],[-49.600724,-27.436665],[-49.600709,-27.436653],[-49.600707,-27.436652],[-49.600694,-27.436642],[-49.600642,-27.436631],[-49.600587,-27.43662],[-49.600563,-27.436615],[-49.600545,-27.436619],[-49.600503,-27.43663],[-49.600481,-27.43664]]],[[[-49.601424,-27.432816],[-49.601428,-27.432804],[-49.598604,-27.432776],[-49.598629,-27.432788],[-49.598657,-27.432801],[-49.59869269767442,-27.43280134883721],[-49.598694,-27.432802],[-49.598697,-27.432803],[-49.598815,-27.432848],[-49.598883,-27.432874],[-49.60145,-27.4329],[-49.601435,-27.432874],[-49.60142,-27.43283],[-49.60142,-27.432829],[-49.60142,-27.432828],[-49.601424,-27.432816]],[[-49.598734386575494,-27.43280141951523],[-49.59873438657522,-27.432801419515226],[-49.601424,-27.432816],[-49.598734386575494,-27.43280141951523]]],[[[-49.60095,-27.426119],[-49.600952,-27.426117],[-49.600958,-27.426112],[-49.601013,-27.426051],[-49.601123,-27.425927],[-49.601173,-27.425871],[-49.60122,-27.425818],[-49.601262,-27.425772],[-49.601268,-27.425764],[-49.601321,-27.425721],[-49.60034,-27.425711],[-49.600293,-27.425754],[-49.600285,-27.425762],[-49.600248,-27.425808],[-49.60021,-27.425861],[-49.600193,-27.425918],[-49.600063,-27.426041],[-49.599907,-27.426102],[-49.599895,-27.426107],[-49.599874,-27.426108],[-49.599833,-27.426136],[-49.599812,-27.426183],[-49.599794,-27.426206],[-49.599791,-27.426208],[-49.599668,-27.426305],[-49.599648,-27.42632],[-49.599616,-27.42635],[-49.599548,-27.426413],[-49.599505,-27.426442],[-49.599406,-27.426467],[-49.599375,-27.426486],[-49.599334,-27.426526],[-49.59933,-27.426544],[-49.599311,-27.426557],[-49.599265,-27.42659],[-49.59925,-27.426601],[-49.599222,-27.426626],[-49.599184,-27.426659],[-49.599155,-27.426685],[-49.599136,-27.426702],[-49.599118,-27.42671],[-49.599082,-27.426728],[-49.599011,-27.426763],[-49.598841,-27.426891],[-49.600032,-27.426903],[-49.600203,-27.426775],[-49.600249,-27.42674],[-49.600283,-27.426722],[-49.600292,-27.426713],[-49.600311,-27.426696],[-49.600363,-27.42667],[-49.600393,-27.426637],[-49.600401,-27.426612],[-49.600405,-27.426602],[-49.600432,-27.426568],[-49.600447,-27.426555],[-49.600466,-27.426538],[-49.600511,-27.426497],[-49.600532,-27.426479],[-49.600561,-27.426453],[-49.600594,-27.426424],[-49.600664,-27.426361],[-49.600723,-27.426331],[-49.600753,-27.426316],[-49.600823,-27.426218],[-49.600825,-27.426216],[-49.600854,-27.426193],[-49.600913,-27.426147],[-49.60095,-27.426119]]],[[[-49.600394,-27.425694],[-49.600387,-27.425691],[-49.600379,-27.425694],[-49.600346,-27.425706],[-49.600345,-27.425707],[-49.60034,-27.425711],[-49.600439,-27.425712],[-49.600428,-27.425708],[-49.600425,-27.425706],[-49.600394,-27.425694]]],[[[-49.598417,-27.393252],[-49.598429,-27.393292],[-49.598442,-27.393324],[-49.598463,-27.393371],[-49.598513,-27.393377],[-49.598575,-27.393407],[-49.598636,-27.393426],[-49.600958,-27.39345],[-49.601007,-27.393431],[-49.601084,-27.393402],[-49.601096,-27.393398],[-49.601219,-27.393351],[-49.60131,-27.393321],[-49.601429,-27.393282],[-49.601681,-27.393244],[-49.601717,-27.393238],[-49.601869,-27.393235],[-49.598405,-27.3932],[-49.598405,-27.393205],[-49.598406,-27.393211],[-49.598417,-27.393252]]],[[[-49.598898,-27.43288],[-49.598911,-27.432885],[-49.598921,-27.432889],[-49.598931,-27.432893],[-49.598972,-27.432909],[-49.599019,-27.432927],[-49.599026,-27.432929],[-49.599109,-27.432928],[-49.599171,-27.432911],[-49.59918450037698,-27.432895570997736],[-49.59918589866804,-27.43289558517919],[-49.599228,-27.432923],[-49.599806,-27.432929],[-49.599917,-27.432903],[-49.599932,-27.432899],[-49.599996073300844,-27.432896254001392],[-49.60000366362809,-27.432896332725615],[-49.600027,-27.432901],[-49.600038,-27.432904],[-49.600047,-27.432901],[-49.600068,-27.432897],[-49.60009,-27.432892],[-49.600114,-27.432887],[-49.598883,-27.432874],[-49.598898,-27.43288]]],[[[-49.598509,-27.432775],[-49.601428,-27.432804],[-49.601438,-27.432769],[-49.601441,-27.432761],[-49.598408,-27.432731],[-49.598428,-27.432739],[-49.598509,-27.432775]]],[[[-49.598219,-27.432729],[-49.601441,-27.432761],[-49.601443,-27.432753],[-49.601451,-27.432728],[-49.601451,-27.432711],[-49.601449,-27.432658],[-49.601444,-27.432654],[-49.60142,-27.432636],[-49.601418,-27.432635],[-49.60141,-27.432618],[-49.601409,-27.432615],[-49.601362,-27.432596],[-49.601345,-27.432586],[-49.597561,-27.432548],[-49.597612,-27.432558],[-49.59771,-27.432577],[-49.597728,-27.432581],[-49.597773,-27.432598],[-49.597849,-27.4326],[-49.597926,-27.432619],[-49.597936,-27.432622],[-49.598076,-27.432678],[-49.59811,-27.432694],[-49.598162,-27.43272],[-49.598219,-27.432729]]],[[[-49.599706,-27.394048],[-49.599707,-27.394049],[-49.599725,-27.394055],[-49.599793,-27.39405],[-49.599798,-27.394049],[-49.599801,-27.394043],[-49.599688,-27.394042],[-49.599706,-27.394048]]],[[[-49.598966,-27.393819],[-49.598951,-27.393836],[-49.598949,-27.393839],[-49.598943,-27.393845],[-49.598915333333345,-27.39385053333333],[-49.598908573208696,-27.393850465732086],[-49.598855,-27.393844],[-49.598762,-27.393849],[-49.598694,-27.393853],[-49.598682,-27.393856],[-49.598675,-27.393858],[-49.598667,-27.39386],[-49.598639,-27.393883],[-49.598552,-27.393899],[-49.598531544717666,-27.393902896244256],[-49.5985293015579,-27.393902873250592],[-49.598464,-27.393898],[-49.598436,-27.393896],[-49.598416,-27.393887],[-49.598357,-27.393861],[-49.598322,-27.393853],[-49.598318,-27.393853],[-49.598306,-27.39386],[-49.598264,-27.393886],[-49.598255,-27.393895],[-49.598253,-27.393896],[-49.598249,-27.3939],[-49.598244,-27.393905],[-49.598237,-27.393911],[-49.598235,-27.393922],[-49.59823,-27.393951],[-49.598227,-27.393967],[-49.598228,-27.393971],[-49.598231,-27.393995],[-49.598243,-27.394011],[-49.598248,-27.394018],[-49.598249,-27.39402],[-49.598264,-27.394027],[-49.599801,-27.394043],[-49.599804,-27.394035],[-49.599805,-27.394034],[-49.599836,-27.394027],[-49.599847,-27.394011],[-49.599863,-27.393987],[-49.599871,-27.393984],[-49.599909,-27.393968],[-49.599941,-27.393939],[-49.599979,-27.393928],[-49.600001,-27.393922],[-49.600005,-27.393918],[-49.600009,-27.393914],[-49.600025,-27.393897],[-49.600049,-27.393874],[-49.600051,-27.393872],[-49.600151,-27.393871],[-49.600155,-27.393868],[-49.600162,-27.393863],[-49.600172,-27.393857],[-49.600181,-27.393851],[-49.600204,-27.393849],[-49.600235,-27.393832],[-49.600303,-27.393817],[-49.600364,-27.393779],[-49.600425,-27.393763],[-49.600432,-27.393759],[-49.600474,-27.393733],[-49.600513,-27.393709],[-49.600514,-27.393709],[-49.600537,-27.393685],[-49.600555,-27.393667],[-49.600577,-27.393643],[-49.600577,-27.39364],[-49.600575,-27.393635],[-49.60057,-27.393613],[-49.600617,-27.393581],[-49.600625,-27.393576],[-49.60063,-27.393575],[-49.60067,-27.393564],[-49.600674,-27.393563],[-49.600742,-27.393531],[-49.60083,-27.393498],[-49.600958,-27.39345],[-49.598756,-27.393428],[-49.598817,-27.393478],[-49.598844,-27.393512],[-49.59887,-27.393545],[-49.598877,-27.393546],[-49.598922,-27.393557],[-49.598921,-27.393559],[-49.598918,-27.393564],[-49.598934,-27.393597],[-49.598944,-27.393618],[-49.598953,-27.393624],[-49.598954,-27.393627],[-49.598957,-27.393651],[-49.598995,-27.393669],[-49.59902,-27.393694],[-49.59902,-27.393719],[-49.599032,-27.393745],[-49.599028,-27.393749],[-49.599014,-27.393765],[-49.598979,-27.393804],[-49.598966,-27.393819]]],[[[-49.599705,-27.442147],[-49.598832,-27.442138],[-49.598823,-27.442156],[-49.598821,-27.442161],[-49.598801,-27.442172],[-49.598732,-27.442188],[-49.598664,-27.442203],[-49.598536,-27.442216],[-49.59843525416069,-27.442226864747376],[-49.598429805398226,-27.442226809876406],[-49.598081,-27.442211],[-49.598054,-27.442206],[-49.598014,-27.442197],[-49.597978,-27.442189],[-49.597951,-27.442176],[-49.597948,-27.442175],[-49.597853,-27.442162],[-49.59783,-27.442159],[-49.597806,-27.442162],[-49.597707,-27.442173],[-49.597696,-27.442174],[-49.597663,-27.442186],[-49.597644,-27.442193],[-49.597552892505114,-27.44220092239086],[-49.59755177266749,-27.4422009110438],[-49.597529,-27.442192],[-49.597512,-27.442186],[-49.59748,-27.442174],[-49.59741,-27.442129],[-49.597383,-27.442119],[-49.597369,-27.442114],[-49.597361,-27.442111],[-49.597334,-27.442111],[-49.597167688491,-27.44211195581327],[-49.59715760607042,-27.442111853432884],[-49.597111,-27.442109],[-49.597005,-27.442101],[-49.596856,-27.442077],[-49.596614,-27.442072],[-49.596462,-27.442042],[-49.596355,-27.44203],[-49.59624,-27.442016],[-49.596114,-27.44201],[-49.595811,-27.441957],[-49.595798,-27.441956],[-49.595747,-27.441952],[-49.595667,-27.441932],[-49.59561,-27.441918],[-49.595538,-27.4419],[-49.595338,-27.441832],[-49.595282,-27.441813],[-49.595235,-27.441796],[-49.595169,-27.441784],[-49.595142,-27.441779],[-49.594977,-27.44176],[-49.594972,-27.441759],[-49.594919,-27.441753],[-49.594601,-27.441755],[-49.59457287083556,-27.44175587903639],[-49.5945659325751,-27.441755808285944],[-49.594553,-27.441755],[-49.594214,-27.441739],[-49.594195,-27.441735],[-49.594167,-27.441729],[-49.594159,-27.441724],[-49.594135,-27.441711],[-49.594117,-27.4417],[-49.594046,-27.44171],[-49.593681,-27.44172],[-49.593634,-27.441724],[-49.593573,-27.441729],[-49.593557,-27.441733],[-49.593509,-27.441744],[-49.593506,-27.441745],[-49.593435,-27.441762],[-49.593416,-27.441766],[-49.593319,-27.441777],[-49.593188,-27.441792],[-49.593097,-27.441809],[-49.592906,-27.441874],[-49.592858,-27.44189],[-49.592701,-27.441902],[-49.592624,-27.44192],[-49.59261,-27.441924],[-49.592609,-27.441924],[-49.592534,-27.441974],[-49.592527,-27.441979],[-49.592509,-27.441991],[-49.592499,-27.442002],[-49.592475,-27.44203],[-49.592472,-27.442033],[-49.592453,-27.442055],[-49.592447,-27.442062],[-49.592445,-27.442064],[-49.592441,-27.442069],[-49.592429,-27.442079],[-49.592376,-27.442123],[-49.592362,-27.442134],[-49.592349,-27.44214],[-49.59233,-27.442148],[-49.592318,-27.442153],[-49.592292,-27.442165],[-49.592287,-27.442167],[-49.592248,-27.442175],[-49.592235,-27.442185],[-49.592184,-27.442223],[-49.592126,-27.442266],[-49.592121,-27.44227],[-49.592098,-27.442287],[-49.591981,-27.442374],[-49.59189,-27.442416],[-49.591836,-27.442416],[-49.592987,-27.442427],[-49.593056,-27.442385],[-49.5932,-27.442298],[-49.59325,-27.442281],[-49.593321,-27.442278],[-49.593561,-27.442237],[-49.59393953882447,-27.442202134581958],[-49.59395891953288,-27.44220232940318],[-49.594213,-27.442207],[-49.594313,-27.442216],[-49.594358,-27.44223],[-49.594365,-27.442237],[-49.594377,-27.442248],[-49.599417,-27.442299],[-49.599432,-27.442288],[-49.599446,-27.442281],[-49.599475,-27.442268],[-49.599491,-27.44226],[-49.599497,-27.442258],[-49.599517,-27.442249],[-49.599537,-27.44224],[-49.599541,-27.442238],[-49.599566,-27.442226],[-49.599598,-27.442212],[-49.599631,-27.442197],[-49.599658,-27.442181],[-49.599677,-27.442169],[-49.599684,-27.442165],[-49.599705,-27.442147]]],[[[-49.599771,-27.442053],[-49.599787,-27.442022],[-49.599808,-27.44198],[-49.59984,-27.441916],[-49.599846,-27.441901],[-49.599106,-27.441893],[-49.599112,-27.441909],[-49.599137,-27.441973],[-49.599136,-27.442015],[-49.599109,-27.442047],[-49.599101,-27.442056],[-49.599001,-27.442123],[-49.598997,-27.442126],[-49.598958,-27.442136],[-49.598945,-27.442139],[-49.599705,-27.442147],[-49.599709,-27.442143],[-49.599721,-27.442133],[-49.599724,-27.44213],[-49.599765,-27.442062],[-49.599771,-27.442053]]],[[[-49.598833,-27.442134],[-49.598832,-27.442138],[-49.598945,-27.442139],[-49.598929,-27.442135],[-49.598916,-27.442133],[-49.598903,-27.44213],[-49.598889,-27.442127],[-49.598866,-27.442129],[-49.598843,-27.442132],[-49.598833,-27.442134]]],[[[-49.599144,-27.441893],[-49.599124,-27.441886],[-49.599114,-27.441882],[-49.599103,-27.441886],[-49.599106,-27.441893],[-49.599144,-27.441893]]],[[[-49.599623,-27.432964],[-49.599657,-27.432965],[-49.599678,-27.43296],[-49.599756,-27.432941],[-49.599354,-27.432937],[-49.599465,-27.432957],[-49.599623,-27.432964]]],[[[-49.59929,-27.432936],[-49.599294,-27.432938],[-49.599354,-27.432937],[-49.59929,-27.432936]]],[[[-49.599756,-27.432941],[-49.599806,-27.432929],[-49.599263,-27.432924],[-49.59929,-27.432936],[-49.599756,-27.432941]]],[[[-49.599228,-27.432923],[-49.59923,-27.432924],[-49.599263,-27.432924],[-49.599228,-27.432923]]],[[[-49.598509,-27.432775],[-49.598537,-27.432787],[-49.598604,-27.432776],[-49.598509,-27.432775]]],[[[-49.596698,-27.432457],[-49.596703,-27.432461],[-49.596714,-27.43247],[-49.596727,-27.43248],[-49.596735,-27.432486],[-49.596752,-27.432506],[-49.596783,-27.43254],[-49.601345,-27.432586],[-49.601287,-27.432551],[-49.601227,-27.432532],[-49.601208,-27.432525],[-49.60112,-27.432514],[-49.601079,-27.432505],[-49.601059,-27.4325],[-49.596698,-27.432457]]],[[[-49.59663,-27.432442],[-49.59665984815755,-27.43243838204151],[-49.596663418076474,-27.43243841807648],[-49.596667,-27.432442],[-49.59668,-27.432456],[-49.601059,-27.4325],[-49.600991,-27.432485],[-49.600981,-27.432482],[-49.600963,-27.432475],[-49.600742,-27.432395],[-49.600735,-27.432393],[-49.600556,-27.432354],[-49.600258,-27.43227],[-49.600082,-27.432211],[-49.596385,-27.432174],[-49.596431,-27.432231],[-49.596497,-27.432313],[-49.596527,-27.432351],[-49.596528,-27.432353],[-49.596608,-27.432432],[-49.596622,-27.432438],[-49.59663,-27.432442]]],[[[-49.599615,-27.427205],[-49.599644,-27.427185],[-49.599677,-27.427164],[-49.599749,-27.427117],[-49.599777,-27.427098],[-49.599793,-27.427085],[-49.599939,-27.426962],[-49.599944,-27.426959],[-49.600032,-27.426903],[-49.59884,-27.426891],[-49.598785,-27.426947],[-49.598783,-27.426951],[-49.598702,-27.427074],[-49.598685,-27.427087],[-49.59866,-27.427106],[-49.598648,-27.427153],[-49.59863,-27.427175],[-49.598605,-27.427195],[-49.598582,-27.427212],[-49.598531,-27.427239],[-49.598501,-27.427247],[-49.598435,-27.427249],[-49.598406,-27.427273],[-49.598333,-27.427335],[-49.598289,-27.427373],[-49.598244,-27.427421],[-49.598167,-27.427503],[-49.598076,-27.427601],[-49.598002,-27.42768],[-49.597968,-27.427702],[-49.59787,-27.42782],[-49.597846,-27.427859],[-49.597842,-27.427866],[-49.597815,-27.427933],[-49.597805,-27.427957],[-49.597777,-27.427978],[-49.597732,-27.42801],[-49.597688,-27.428042],[-49.597667,-27.428065],[-49.597638,-27.428097],[-49.597554,-27.42819],[-49.597511,-27.428211],[-49.597446,-27.428211],[-49.597418,-27.428232],[-49.597409,-27.428246],[-49.597384,-27.428284],[-49.597326,-27.428324],[-49.597272,-27.428361],[-49.59727,-27.428364],[-49.597261,-27.428379],[-49.597249,-27.428399],[-49.597214,-27.428457],[-49.597198,-27.428473],[-49.597103,-27.428574],[-49.596978,-27.42874],[-49.59688,-27.428843],[-49.59684,-27.42888],[-49.596521,-27.429107],[-49.596459,-27.429151],[-49.5964,-27.42921],[-49.596316,-27.429296],[-49.596114,-27.429501],[-49.596037,-27.429596],[-49.596006,-27.429647],[-49.595906,-27.42981],[-49.595856,-27.429891],[-49.595802,-27.429966],[-49.595787,-27.429988],[-49.59569,-27.430163],[-49.595666,-27.430207],[-49.595662,-27.430219],[-49.595626,-27.430328],[-49.595613,-27.430433],[-49.595622,-27.430562],[-49.595618,-27.430575],[-49.595603,-27.430624],[-49.595602,-27.430646],[-49.595602,-27.430656],[-49.595603,-27.430674],[-49.595607,-27.430731],[-49.595628,-27.430799],[-49.595648,-27.430865],[-49.595646,-27.43089],[-49.595643,-27.430941],[-49.595647,-27.430953],[-49.595663,-27.431001],[-49.595725,-27.431124],[-49.595767,-27.431181],[-49.595837,-27.431277],[-49.595857,-27.431296],[-49.595979,-27.43141],[-49.596035,-27.431462],[-49.596039,-27.431464],[-49.596079,-27.431494],[-49.596107,-27.431515],[-49.596112,-27.431539],[-49.596068,-27.431584],[-49.596055,-27.431626],[-49.59605,-27.431641],[-49.596124,-27.431719],[-49.596125,-27.431726],[-49.596154,-27.431829],[-49.596191,-27.431899],[-49.596194,-27.43191],[-49.596198,-27.431928],[-49.596225,-27.431968],[-49.596255,-27.431976],[-49.596281,-27.431997],[-49.59628,-27.43201],[-49.596297,-27.432033],[-49.596285,-27.432047],[-49.596264,-27.432069],[-49.596238,-27.432097],[-49.596238,-27.432101],[-49.596233,-27.432128],[-49.596233,-27.432129],[-49.599975,-27.432167],[-49.599972,-27.432166],[-49.599912,-27.432138],[-49.599899,-27.432133],[-49.59982,-27.432105],[-49.599668,-27.432081],[-49.59964,-27.432067],[-49.599594,-27.432043],[-49.599567,-27.43203],[-49.599525,-27.432009],[-49.599511,-27.432002],[-49.59943,-27.431961],[-49.599394,-27.431942],[-49.599349,-27.43193],[-49.599076,-27.431858],[-49.598671,-27.431751],[-49.598654,-27.431745],[-49.598441,-27.431665],[-49.5984,-27.43165],[-49.598234,-27.431606],[-49.598056,-27.431558],[-49.597964,-27.431534],[-49.597885,-27.431512],[-49.59773,-27.431481],[-49.597722,-27.431479],[-49.597563,-27.431426],[-49.597266,-27.431311],[-49.597229,-27.431291],[-49.59704,-27.431194],[-49.596936,-27.431136],[-49.596713,-27.431012],[-49.596624,-27.430962],[-49.596606,-27.430951],[-49.596524,-27.430898],[-49.5965,-27.430874],[-49.596434,-27.430807],[-49.596391,-27.430738],[-49.596355,-27.430682],[-49.596347,-27.430663],[-49.596343,-27.430654],[-49.596341,-27.430632],[-49.596335,-27.430582],[-49.596334,-27.430569],[-49.596327,-27.43044],[-49.596321,-27.430335],[-49.596315,-27.430226],[-49.596318,-27.430214],[-49.596326,-27.430169],[-49.59641,-27.429994],[-49.596421,-27.429972],[-49.596466,-27.429897],[-49.596514,-27.429816],[-49.596668,-27.429654],[-49.59672,-27.429603],[-49.596818,-27.429508],[-49.597029,-27.429304],[-49.597171,-27.429218],[-49.597249,-27.429159],[-49.597307,-27.429115],[-49.597575,-27.428888],[-49.597619,-27.428851],[-49.597739,-27.428748],[-49.597935,-27.428582],[-49.598054,-27.428482],[-49.598079,-27.428466],[-49.598171,-27.428408],[-49.598248,-27.428389],[-49.598262,-27.428374],[-49.598263,-27.428371],[-49.598272,-27.428334],[-49.598303,-27.428294],[-49.598333,-27.428255],[-49.598351,-27.428241],[-49.598379,-27.42822],[-49.598406,-27.428199],[-49.598525,-27.428106],[-49.598581,-27.428074],[-49.598612,-27.428051],[-49.598655,-27.42802],[-49.598719,-27.427987],[-49.598744,-27.427967],[-49.598775,-27.427943],[-49.598841,-27.427876],[-49.598848,-27.427869],[-49.598895,-27.427831],[-49.599037,-27.427713],[-49.599065,-27.42769],[-49.59916,-27.427612],[-49.59925,-27.427514],[-49.599363,-27.427432],[-49.599414,-27.427384],[-49.599453,-27.427347],[-49.599535,-27.427285],[-49.599559,-27.427261],[-49.599561,-27.427258],[-49.59957,-27.427249],[-49.599597,-27.427222],[-49.599615,-27.427205]]],[[[-49.598695,-27.394194],[-49.598717,-27.394211],[-49.598721,-27.394214],[-49.598789,-27.394222],[-49.598802,-27.394233],[-49.598864,-27.394244],[-49.598932,-27.394257],[-49.598988,-27.394261],[-49.599002,-27.394258],[-49.59905186052998,-27.39424649372385],[-49.59905979018614,-27.394246598984772],[-49.599083,-27.394249],[-49.59909,-27.394247],[-49.599119,-27.394236],[-49.599146,-27.394226],[-49.599167,-27.394218],[-49.599175,-27.394215],[-49.59924,-27.3942],[-49.598695,-27.394194]]],[[[-49.599526,-27.394235],[-49.599544,-27.394216],[-49.599557,-27.394203],[-49.59924,-27.3942],[-49.599357,-27.394214],[-49.59939,-27.394233],[-49.599401,-27.39424],[-49.599481,-27.394242],[-49.599489,-27.394241],[-49.599526,-27.394235]]],[[[-49.598277,-27.394034],[-49.59836,-27.394079],[-49.598401,-27.394101],[-49.598462,-27.39411],[-49.598524,-27.394144],[-49.59859,-27.394148],[-49.598671,-27.394177],[-49.598682,-27.394185],[-49.598695,-27.394194],[-49.599557,-27.394203],[-49.599566,-27.394194],[-49.599569,-27.394186],[-49.599582,-27.394158],[-49.599583,-27.394154],[-49.599598,-27.394121],[-49.599602,-27.394113],[-49.599612,-27.394092],[-49.599663,-27.394048],[-49.599688,-27.394042],[-49.598264,-27.394027],[-49.598277,-27.394034]]],[[[-49.598636,-27.393426],[-49.598651,-27.393431],[-49.598756,-27.393428],[-49.598636,-27.393426]]],[[[-49.59797,-27.392792],[-49.59797,-27.392796],[-49.59797,-27.392853],[-49.597969,-27.392881],[-49.597969,-27.392912],[-49.597969,-27.392931],[-49.597969,-27.392945],[-49.597968,-27.392988],[-49.597968,-27.39299],[-49.597968,-27.392993],[-49.597986,-27.39299],[-49.597998,-27.392988],[-49.598118,-27.392946],[-49.598144,-27.392933],[-49.598157,-27.392913],[-49.598196,-27.392883],[-49.598248,-27.392856],[-49.59842,-27.392801],[-49.598553,-27.392798],[-49.59861479560158,-27.392790275549803],[-49.59862053978902,-27.39279034036433],[-49.598669,-27.392795],[-49.598679,-27.392791],[-49.598701,-27.392781],[-49.59797,-27.392774],[-49.59797,-27.392783],[-49.59797,-27.392792]],[[-49.598596100546104,-27.392790064604185],[-49.598596100546224,-27.392790064604185],[-49.59797,-27.392792],[-49.598596100546104,-27.392790064604185]]],[[[-49.598701,-27.392781],[-49.598708,-27.392784],[-49.598713,-27.392781],[-49.598701,-27.392781]]],[[[-49.598464,-27.391788],[-49.598387,-27.3918],[-49.598374,-27.391812],[-49.598192,-27.391882],[-49.598154,-27.391903],[-49.598068,-27.39195],[-49.598031,-27.391984],[-49.597971,-27.392015],[-49.597974,-27.392139],[-49.597976,-27.392248],[-49.601094,-27.392279],[-49.600562,-27.392165],[-49.599958,-27.392035],[-49.599802,-27.392002],[-49.599632,-27.391965],[-49.599401,-27.391916],[-49.599348,-27.391894],[-49.599168,-27.39182],[-49.599138,-27.391807],[-49.599106,-27.391794],[-49.59875,-27.391743],[-49.598464,-27.391788]]],[[[-49.598102,-27.44276],[-49.598115,-27.442756],[-49.597692,-27.442752],[-49.597717,-27.442756],[-49.59772,-27.442757],[-49.597766,-27.442765],[-49.597849,-27.442767],[-49.59788,-27.442776],[-49.597951,-27.442768],[-49.597965,-27.442767],[-49.598028,-27.44276],[-49.59803095261846,-27.442759261845385],[-49.598034379603405,-27.442759297450426],[-49.59804,-27.44276],[-49.598092,-27.442763],[-49.5981,-27.442761],[-49.598102,-27.44276]],[[-49.59796346443501,-27.442758560669454],[-49.59796346443521,-27.442758560669457],[-49.59772,-27.442757],[-49.59796346443501,-27.442758560669454]]],[[[-49.598394,-27.442755],[-49.598415,-27.442753],[-49.598516,-27.442737],[-49.598519,-27.442737],[-49.59853,-27.442735],[-49.597431,-27.442724],[-49.597446,-27.442726],[-49.59744923192771,-27.44272603313253],[-49.597491,-27.442732],[-49.59754,-27.442727],[-49.59749070833264,-27.442726458333325],[-49.59754615770331,-27.44272702677981],[-49.597652,-27.442745],[-49.597665,-27.442747],[-49.597692,-27.442752],[-49.598117,-27.442756],[-49.59822398670129,-27.442753134284786],[-49.59823390252491,-27.44275324310041],[-49.59835,-27.442759],[-49.598394,-27.442755]]],[[[-49.597421,-27.442726],[-49.597416098591516,-27.442725943661973],[-49.597423,-27.442726],[-49.597431,-27.442724],[-49.597172,-27.442721],[-49.597177,-27.442723],[-49.597178,-27.442724],[-49.597191,-27.442729],[-49.597198,-27.442732],[-49.597198,-27.442734],[-49.597198,-27.442741],[-49.597198,-27.442751],[-49.597199,-27.442751],[-49.597214,-27.442759],[-49.597236,-27.442752],[-49.597236,-27.442751],[-49.597238,-27.442741],[-49.59725,-27.442734],[-49.597261,-27.442733],[-49.597288,-27.44273],[-49.597331659832946,-27.442725254365982],[-49.597336603372426,-27.442725294721406],[-49.597387,-27.442731],[-49.597398,-27.442731],[-49.597421,-27.442726]]],[[[-49.596961054853054,-27.442679010377603],[-49.597035,-27.442693],[-49.597131,-27.44271],[-49.597159,-27.442716],[-49.597172,-27.442721],[-49.59853,-27.442735],[-49.598563,-27.44273],[-49.598594,-27.442725],[-49.598654,-27.442709],[-49.598687,-27.442696],[-49.598688,-27.442696],[-49.596961,-27.442679],[-49.59696,-27.442679],[-49.596961054853054,-27.442679010377603]]],[[[-49.59879,-27.442657],[-49.598981,-27.442583],[-49.598993,-27.442579],[-49.599101,-27.44253],[-49.599104,-27.442528],[-49.599185,-27.442474],[-49.599217,-27.442452],[-49.599392,-27.442318],[-49.599401,-27.442311],[-49.599414,-27.442302],[-49.599417,-27.442299],[-49.594821,-27.442253],[-49.594835,-27.442256],[-49.594889,-27.442266],[-49.594998,-27.442274],[-49.595637,-27.442416],[-49.595744,-27.442439],[-49.595949,-27.442496],[-49.595956,-27.442498],[-49.596243,-27.442551],[-49.596269,-27.442556],[-49.596579,-27.442634],[-49.596913,-27.442678],[-49.598688,-27.442696],[-49.59879,-27.442657]]],[[[-49.598219,-27.432729],[-49.59828,-27.432738],[-49.598408,-27.432731],[-49.598219,-27.432729]]],[[[-49.59716046692608,-27.432649350194556],[-49.597208,-27.432685],[-49.597219,-27.432694],[-49.597235,-27.432685],[-49.597304,-27.432651],[-49.59731,-27.432647],[-49.597124,-27.432646],[-49.59713,-27.432649],[-49.597152,-27.432662],[-49.597155,-27.432662],[-49.59715986795775,-27.432649343309862],[-49.59716046692608,-27.432649350194556]]],[[[-49.597073,-27.432665],[-49.59708,-27.432665],[-49.597085,-27.432662],[-49.597088,-27.432661],[-49.597092,-27.432662],[-49.597107,-27.432661],[-49.597117,-27.432652],[-49.597124,-27.432646],[-49.59703,-27.432645],[-49.597038,-27.432651],[-49.597063,-27.432661],[-49.597066,-27.432662],[-49.597073,-27.432665]]],[[[-49.597092,-27.432662],[-49.597103,-27.432665],[-49.597106,-27.432662],[-49.597092,-27.432662]]],[[[-49.597327,-27.432639],[-49.597376,-27.432614],[-49.596954,-27.43261],[-49.596982,-27.432636],[-49.596989,-27.432642],[-49.59701745833333,-27.432636308333333],[-49.59701939746094,-27.43263632519531],[-49.59703,-27.432645],[-49.59731,-27.432647],[-49.597327,-27.432639]]],[[[-49.596954,-27.43261],[-49.596894,-27.432609],[-49.596905,-27.432612],[-49.596908,-27.432613],[-49.59692,-27.432612],[-49.596954,-27.43261]]],[[[-49.597523,-27.432557],[-49.597561,-27.432548],[-49.596783,-27.43254],[-49.596791,-27.43255],[-49.596795,-27.432554],[-49.596818,-27.43258],[-49.596844,-27.432595],[-49.59687,-27.432602],[-49.596894,-27.432609],[-49.597376,-27.432614],[-49.597389,-27.432608],[-49.597406,-27.432601],[-49.597443,-27.432586],[-49.597507,-27.432561],[-49.597523,-27.432557]]],[[[-49.596218,-27.432165],[-49.596215,-27.432172],[-49.600082,-27.432211],[-49.600061,-27.432204],[-49.600035,-27.432195],[-49.599993,-27.432176],[-49.599975,-27.432167],[-49.596224,-27.432129],[-49.59622,-27.432138],[-49.596218,-27.432157],[-49.596218,-27.432165]]],[[[-49.594553,-27.443196],[-49.594563,-27.44315],[-49.594554,-27.443105],[-49.594543,-27.443042],[-49.594542,-27.44304],[-49.59454,-27.443028],[-49.594079,-27.443023],[-49.594077,-27.443035],[-49.594046,-27.443037],[-49.594003,-27.443099],[-49.59416,-27.443146],[-49.594318,-27.443193],[-49.594516,-27.443252],[-49.594553,-27.443196]]],[[[-49.594556,-27.442727],[-49.594567,-27.442689],[-49.594571,-27.44268],[-49.594572,-27.442678],[-49.594586,-27.442649],[-49.594594,-27.442633],[-49.594598,-27.442626],[-49.594613,-27.442546],[-49.594607,-27.442486],[-49.594601,-27.442425],[-49.594596,-27.442376],[-49.594596,-27.442375],[-49.594599,-27.442339],[-49.594599,-27.442334],[-49.59461,-27.442307],[-49.594612,-27.442301],[-49.594647,-27.442269],[-49.594648,-27.442268],[-49.594692,-27.442254],[-49.59438,-27.442251],[-49.594394,-27.442265],[-49.594395,-27.442266],[-49.594413,-27.442299],[-49.594415,-27.442305],[-49.594421,-27.442332],[-49.594422,-27.442337],[-49.594417,-27.442373],[-49.594417,-27.442374],[-49.594422,-27.442423],[-49.594405,-27.442484],[-49.594399,-27.442544],[-49.594392,-27.442623],[-49.594391,-27.442631],[-49.594367,-27.442647],[-49.594359,-27.442676],[-49.594341,-27.442678],[-49.594328,-27.442687],[-49.594272,-27.442725],[-49.594288,-27.442768],[-49.594283,-27.442774],[-49.594267,-27.442794],[-49.594285,-27.44283],[-49.594283,-27.442835],[-49.594279,-27.442842],[-49.594223,-27.442902],[-49.594203,-27.442916],[-49.594142,-27.442956],[-49.594095,-27.443023],[-49.59454,-27.443028],[-49.59454,-27.443027],[-49.594549,-27.44296],[-49.594554,-27.442919],[-49.594552,-27.442906],[-49.594542,-27.442845],[-49.59454,-27.442838],[-49.59454,-27.442833],[-49.594541,-27.442797],[-49.594541,-27.442777],[-49.594543,-27.44277],[-49.594556,-27.442727]]],[[[-49.594759,-27.44226],[-49.5948,-27.442255],[-49.594692,-27.442254],[-49.594759,-27.44226]]],[[[-49.5948,-27.442255],[-49.594821,-27.442253],[-49.594377,-27.442248],[-49.59438,-27.442251],[-49.5948,-27.442255]]],[[[-49.596193,-27.434076],[-49.596125,-27.434075],[-49.596123,-27.434085],[-49.59615,-27.434087],[-49.596156,-27.434086],[-49.596193,-27.434076]]],[[[-49.596212,-27.43408],[-49.596216,-27.434076],[-49.596193,-27.434076],[-49.596212,-27.43408]]],[[[-49.596504,-27.433562],[-49.596525,-27.433538],[-49.596534,-27.433528],[-49.596544,-27.433499],[-49.596547,-27.433491],[-49.596562,-27.433448],[-49.59659,-27.433367],[-49.596607,-27.433288],[-49.596607,-27.433286],[-49.596605,-27.433232],[-49.596616,-27.433178],[-49.596639,-27.433127],[-49.596659,-27.433123],[-49.596656,-27.433104],[-49.596675,-27.433093],[-49.596682,-27.433088],[-49.596689,-27.433069],[-49.596688,-27.433052],[-49.596657,-27.433016],[-49.596638,-27.432994],[-49.596601,-27.432962],[-49.596597,-27.432959],[-49.596531,-27.432926],[-49.596452,-27.43287],[-49.596445,-27.432865],[-49.59641,-27.432849],[-49.596403,-27.432837],[-49.596364,-27.43281],[-49.59634,-27.432793],[-49.596318,-27.432746],[-49.596301,-27.432687],[-49.5963,-27.43266],[-49.596299,-27.432647],[-49.596303,-27.432625],[-49.596313,-27.432579],[-49.596313,-27.432549],[-49.596313,-27.432516],[-49.596286,-27.432464],[-49.59627,-27.432433],[-49.596262,-27.432371],[-49.596258,-27.432332],[-49.596262,-27.432313],[-49.596271,-27.432274],[-49.596281,-27.432229],[-49.596297,-27.432213],[-49.5963,-27.4322],[-49.596385,-27.432174],[-49.596215,-27.432172],[-49.596205,-27.432199],[-49.596201,-27.432212],[-49.596195,-27.432228],[-49.596179,-27.432273],[-49.596152,-27.432312],[-49.596145,-27.432331],[-49.59613,-27.432369],[-49.596129,-27.432432],[-49.596129,-27.432462],[-49.596139,-27.432514],[-49.596145,-27.432547],[-49.596156,-27.432577],[-49.596172,-27.432624],[-49.596173,-27.432645],[-49.596174,-27.432659],[-49.596181,-27.432686],[-49.596198,-27.432744],[-49.596211,-27.432792],[-49.596215,-27.432808],[-49.596211,-27.432835],[-49.596208,-27.432847],[-49.596206,-27.432863],[-49.596281,-27.432868],[-49.596392,-27.432924],[-49.596456,-27.432957],[-49.596463,-27.432961],[-49.5965,-27.432993],[-49.596525,-27.433014],[-49.596541,-27.43305],[-49.596549,-27.433068],[-49.596558,-27.433087],[-49.59656,-27.433091],[-49.596558,-27.433103],[-49.596553,-27.433122],[-49.596552,-27.433127],[-49.596541,-27.433177],[-49.596529,-27.433232],[-49.596517,-27.433285],[-49.596516,-27.433288],[-49.596489,-27.433366],[-49.596461,-27.433447],[-49.596424,-27.43349],[-49.5964,-27.433498],[-49.596367,-27.433526],[-49.596356,-27.433536],[-49.596353,-27.43356],[-49.596363,-27.433586],[-49.596345,-27.433604],[-49.596306,-27.433644],[-49.5963,-27.433652],[-49.596272,-27.433691],[-49.596264,-27.433702],[-49.596249,-27.43374],[-49.596159,-27.433963],[-49.596144,-27.433999],[-49.59613,-27.434033],[-49.596127,-27.434062],[-49.596125,-27.434075],[-49.596216,-27.434076],[-49.59623,-27.434063],[-49.596227,-27.434034],[-49.596223,-27.433999],[-49.596232,-27.433964],[-49.596327,-27.43374],[-49.596364,-27.433703],[-49.596375,-27.433692],[-49.596401,-27.433653],[-49.596412,-27.433645],[-49.596465,-27.433605],[-49.59648,-27.433588],[-49.596504,-27.433562]]],[[[-49.59668,-27.432456],[-49.596684,-27.432461],[-49.596698,-27.432457],[-49.59668,-27.432456]]],[[[-49.587329,-27.455459],[-49.58733,-27.455325],[-49.587331,-27.455203],[-49.587328,-27.455122],[-49.587324,-27.455041],[-49.587322,-27.455001],[-49.587312,-27.454919],[-49.587296,-27.454775],[-49.587274,-27.454589],[-49.587268,-27.454485],[-49.587261,-27.454377],[-49.58726,-27.45435],[-49.587253,-27.454314],[-49.587248,-27.454284],[-49.587246,-27.454275],[-49.587238,-27.454225],[-49.58723,-27.454207],[-49.587215,-27.454174],[-49.587203,-27.454146],[-49.5872,-27.454132],[-49.587194,-27.454102],[-49.587187,-27.454071],[-49.587178,-27.45406],[-49.587171,-27.454051],[-49.587153,-27.454029],[-49.587152,-27.454028],[-49.587117,-27.454002],[-49.587081,-27.453987],[-49.587043,-27.453971],[-49.586973,-27.453942],[-49.586965,-27.453938],[-49.586143,-27.45393],[-49.586148,-27.453933],[-49.58619,-27.453962],[-49.586229,-27.453978],[-49.586244,-27.453993],[-49.586272,-27.454019],[-49.586274,-27.45402],[-49.586314,-27.454042],[-49.586358,-27.454052],[-49.586377,-27.454063],[-49.586429,-27.454094],[-49.586464,-27.454124],[-49.586469,-27.454139],[-49.586479,-27.454167],[-49.586519,-27.4542],[-49.586549,-27.454218],[-49.586636,-27.454269],[-49.58667,-27.454278],[-49.586719,-27.454308],[-49.586754,-27.454345],[-49.58678,-27.454372],[-49.586822,-27.454481],[-49.586841,-27.454584],[-49.586875,-27.454771],[-49.586888,-27.454915],[-49.586884,-27.454997],[-49.586882,-27.455036],[-49.586896,-27.455118],[-49.586888,-27.455199],[-49.586876,-27.455321],[-49.586848,-27.455454],[-49.58685,-27.455581],[-49.586851,-27.455686],[-49.586838,-27.455726],[-49.58683,-27.455753],[-49.586824,-27.455821],[-49.586771,-27.455948],[-49.586768,-27.455956],[-49.586733,-27.455993],[-49.586682,-27.456028],[-49.58664,-27.456076],[-49.586633,-27.4561],[-49.586612,-27.456127],[-49.586579,-27.456157],[-49.586521,-27.456211],[-49.586478,-27.456236],[-49.586447,-27.456241],[-49.586262,-27.45633],[-49.586177,-27.456383],[-49.586109,-27.456426],[-49.58605,-27.456464],[-49.586046,-27.456467],[-49.58603,-27.456478],[-49.585973,-27.456519],[-49.58594,-27.456542],[-49.5859,-27.45657],[-49.58584,-27.456601],[-49.585766,-27.45664],[-49.585762,-27.456642],[-49.585675,-27.456669],[-49.585625,-27.4567],[-49.58559,-27.456723],[-49.585541,-27.456753],[-49.58543,-27.456824],[-49.5854,-27.456842],[-49.585231,-27.45691],[-49.585225,-27.456912],[-49.585195,-27.456928],[-49.585144,-27.456954],[-49.585142,-27.456955],[-49.585057,-27.457006],[-49.584986,-27.457047],[-49.5846,-27.457293],[-49.584553,-27.457316],[-49.584515,-27.457353],[-49.584513,-27.457355],[-49.584466,-27.457372],[-49.584432,-27.457412],[-49.584401,-27.457422],[-49.58437,-27.457445],[-49.584352,-27.457447],[-49.584326,-27.457449],[-49.585722,-27.457463],[-49.585726,-27.457461],[-49.585729,-27.457459],[-49.58577,-27.457436],[-49.585787,-27.457426],[-49.585857,-27.457386],[-49.585888,-27.457369],[-49.585891,-27.457367],[-49.585942,-27.45733],[-49.585974,-27.457307],[-49.586316,-27.457061],[-49.586374,-27.457019],[-49.586456,-27.456969],[-49.586456,-27.456968],[-49.586467,-27.456941],[-49.586482,-27.456925],[-49.586484,-27.456922],[-49.586591,-27.456855],[-49.58662,-27.456836],[-49.586716,-27.456765],[-49.586743,-27.456734],[-49.586748,-27.456712],[-49.586784,-27.45668],[-49.586816,-27.456653],[-49.586818,-27.456651],[-49.586837,-27.456612],[-49.586869,-27.45658],[-49.586897,-27.456552],[-49.586944,-27.456529],[-49.586976,-27.456488],[-49.586999,-27.456477],[-49.587002,-27.456474],[-49.58704,-27.456436],[-49.587068,-27.456392],[-49.587093,-27.456338],[-49.587135,-27.456248],[-49.587137,-27.456243],[-49.587149,-27.456217],[-49.587174,-27.456163],[-49.587185,-27.456133],[-49.587194,-27.456106],[-49.587203,-27.456082],[-49.58722,-27.456034],[-49.587232,-27.455998],[-49.587245,-27.455961],[-49.587248,-27.455953],[-49.58728,-27.455825],[-49.587298,-27.455758],[-49.587305,-27.455731],[-49.587311,-27.455691],[-49.587329,-27.455586],[-49.587329,-27.455459]]],[[[-49.587928,-27.446377],[-49.587969,-27.446342],[-49.587982,-27.446331],[-49.588108,-27.446245],[-49.588132,-27.446233],[-49.588245,-27.446176],[-49.588349,-27.446103],[-49.588413,-27.446066],[-49.58844,-27.446039],[-49.588466,-27.446011],[-49.588532,-27.445967],[-49.588571,-27.445941],[-49.588695,-27.445836],[-49.58871,-27.445824],[-49.588805,-27.445729],[-49.588877,-27.445658],[-49.588929,-27.445606],[-49.588999,-27.445554],[-49.589034,-27.445527],[-49.589048,-27.445517],[-49.589058,-27.445509],[-49.589108,-27.445451],[-49.589139,-27.445416],[-49.589203,-27.445357],[-49.589334,-27.445284],[-49.589417,-27.445214],[-49.589527,-27.445121],[-49.589594,-27.445064],[-49.589725,-27.444988],[-49.589727,-27.444987],[-49.589855,-27.444883],[-49.589899,-27.444847],[-49.58997,-27.444817],[-49.589983,-27.444805],[-49.590018,-27.444768],[-49.590042,-27.44475],[-49.590064,-27.444735],[-49.590089,-27.444711],[-49.590117,-27.444684],[-49.590159,-27.444662],[-49.5902,-27.444608],[-49.590238,-27.444576],[-49.590258,-27.444562],[-49.590328,-27.444513],[-49.590422,-27.444438],[-49.590509,-27.444368],[-49.590576,-27.444314],[-49.590637,-27.444265],[-49.590672,-27.444237],[-49.590734,-27.444187],[-49.590812,-27.444125],[-49.590903,-27.444052],[-49.590909,-27.444047],[-49.590976,-27.444009],[-49.591136,-27.443919],[-49.591149,-27.443911],[-49.591359,-27.44376],[-49.591416,-27.443709],[-49.591447,-27.44368],[-49.591583,-27.443536],[-49.591628,-27.443489],[-49.59165,-27.443465],[-49.591701,-27.443411],[-49.591744,-27.443382],[-49.591751,-27.443372],[-49.591784,-27.44332],[-49.591841,-27.443266],[-49.591858,-27.443241],[-49.591877,-27.443226],[-49.591965,-27.443159],[-49.592027,-27.443112],[-49.592108,-27.443051],[-49.59212,-27.443041],[-49.592186,-27.442984],[-49.592217,-27.442951],[-49.592259,-27.442905],[-49.592262,-27.442904],[-49.592306,-27.442881],[-49.592324,-27.442867],[-49.592424,-27.442794],[-49.592428,-27.44279],[-49.592491,-27.442735],[-49.592539,-27.442693],[-49.592584,-27.442654],[-49.591658,-27.442645],[-49.591619,-27.442684],[-49.591554,-27.442725],[-49.591507,-27.442781],[-49.591503,-27.442784],[-49.59141,-27.442858],[-49.591398,-27.442871],[-49.591378,-27.442895],[-49.591375,-27.442896],[-49.591291,-27.442942],[-49.591247,-27.442974],[-49.591168,-27.443032],[-49.591155,-27.443041],[-49.591052,-27.443102],[-49.591019,-27.44315],[-49.590951,-27.443217],[-49.590934,-27.443231],[-49.590903,-27.443257],[-49.590837,-27.443311],[-49.590775,-27.443362],[-49.590764,-27.443372],[-49.590733,-27.443401],[-49.590675,-27.443455],[-49.590658,-27.443479],[-49.590591,-27.443526],[-49.590431,-27.44367],[-49.590398,-27.443699],[-49.590332,-27.44375],[-49.590136,-27.4439],[-49.590123,-27.443909],[-49.589989,-27.443999],[-49.589952,-27.444037],[-49.589947,-27.444042],[-49.589899,-27.444115],[-49.58983,-27.444178],[-49.58975,-27.444227],[-49.589673,-27.444256],[-49.589608,-27.444305],[-49.58955,-27.444358],[-49.589495,-27.444428],[-49.589399,-27.444504],[-49.589336,-27.444553],[-49.589324,-27.444567],[-49.589296,-27.444599],[-49.589249,-27.444652],[-49.589228,-27.444675],[-49.589205,-27.444702],[-49.589178,-27.444726],[-49.589161,-27.444742],[-49.589136,-27.444759],[-49.589082,-27.444796],[-49.589068,-27.444808],[-49.589036,-27.444838],[-49.588996,-27.444874],[-49.588898,-27.444979],[-49.588896,-27.44498],[-49.588802,-27.445056],[-49.588733,-27.445113],[-49.58865,-27.445206],[-49.588576,-27.445276],[-49.588498,-27.44535],[-49.588435,-27.445409],[-49.588399,-27.445444],[-49.588351,-27.445502],[-49.588345,-27.445509],[-49.588305,-27.44552],[-49.588261,-27.445546],[-49.588207,-27.445599],[-49.588155,-27.44565],[-49.588033,-27.445721],[-49.587933,-27.445816],[-49.58792,-27.445828],[-49.587688,-27.445932],[-49.587632,-27.445958],[-49.587549,-27.446001],[-49.587496,-27.446029],[-49.587467,-27.446057],[-49.587429,-27.446093],[-49.587352,-27.446167],[-49.587291,-27.446224],[-49.587272,-27.446236],[-49.587137,-27.446323],[-49.58712,-27.446333],[-49.587029,-27.446368],[-49.586986,-27.446373],[-49.586967,-27.446375],[-49.586915065158564,-27.446381377962982],[-49.586907265979164,-27.446381294446233],[-49.586879,-27.446374],[-49.58687698149796,-27.446373977939867],[-49.586825,-27.446312],[-49.58682,-27.446307],[-49.586712,-27.446144],[-49.586659,-27.446086],[-49.586637,-27.446062],[-49.586632,-27.446056],[-49.586625,-27.446062],[-49.586627,-27.446086],[-49.586644,-27.446144],[-49.586693,-27.446305],[-49.586695,-27.446311],[-49.586696,-27.446372],[-49.586693,-27.446379],[-49.586682,-27.446403],[-49.586649,-27.446434],[-49.586627,-27.446448],[-49.586587,-27.446473],[-49.586498,-27.446515],[-49.586353,-27.446554],[-49.58635,-27.446555],[-49.586238,-27.446576],[-49.586106,-27.446622],[-49.586069,-27.446635],[-49.585643,-27.446731],[-49.585623,-27.446738],[-49.585465,-27.446793],[-49.585299,-27.446842],[-49.585155,-27.446884],[-49.585125,-27.4469],[-49.585094,-27.446917],[-49.585023,-27.446939],[-49.584979,-27.446946],[-49.58495942638911,-27.446948936041633],[-49.58495547222227,-27.446948895627877],[-49.58479,-27.446944],[-49.58477,-27.446947],[-49.58476,-27.446949],[-49.584457,-27.446996],[-49.584343,-27.447013],[-49.584116,-27.447049],[-49.583943,-27.447076],[-49.583817,-27.44711],[-49.583615,-27.447166],[-49.58352,-27.447192],[-49.583497,-27.447199],[-49.583439,-27.447223],[-49.583407,-27.447232],[-49.583329,-27.447254],[-49.583253,-27.447257],[-49.583218,-27.447269],[-49.583215,-27.44727],[-49.583208,-27.447273],[-49.583143,-27.447279],[-49.583066,-27.447306],[-49.583027,-27.447328],[-49.583014,-27.447335],[-49.582945,-27.447374],[-49.582936,-27.447379],[-49.582857,-27.447419],[-49.582814,-27.44744],[-49.582723,-27.447486],[-49.5827,-27.447498],[-49.582685,-27.447505],[-49.582667,-27.447517],[-49.582636,-27.447536],[-49.582622,-27.447545],[-49.582597,-27.447562],[-49.58257,-27.447579],[-49.582537,-27.4476],[-49.582503,-27.447622],[-49.582386,-27.447697],[-49.582371,-27.447706],[-49.582265,-27.447778],[-49.582245,-27.447791],[-49.582226,-27.447811],[-49.582161,-27.44783],[-49.58214173353295,-27.447830583832335],[-49.582126855967076,-27.44783042798354],[-49.582126,-27.44783],[-49.582077,-27.447818],[-49.582086,-27.44783],[-49.582093,-27.447839],[-49.582096,-27.447865],[-49.582097,-27.44788],[-49.582078,-27.447911],[-49.582069,-27.447927],[-49.582025,-27.447974],[-49.581933,-27.448046],[-49.58186,-27.448104],[-49.58183,-27.448127],[-49.581764,-27.448179],[-49.581697,-27.448229],[-49.581666,-27.448252],[-49.581653,-27.448262],[-49.581633,-27.448277],[-49.581505,-27.448373],[-49.581388,-27.44846],[-49.581273,-27.448546],[-49.581214,-27.44859],[-49.581167,-27.448625],[-49.581125,-27.448663],[-49.581074,-27.44871],[-49.581066,-27.448717],[-49.58104,-27.448736],[-49.580948,-27.448807],[-49.580932,-27.448819],[-49.580918,-27.448832],[-49.580845,-27.448895],[-49.58079,-27.448942],[-49.580668,-27.449048],[-49.580661,-27.449053],[-49.580629,-27.449081],[-49.580609,-27.449098],[-49.580561,-27.449146],[-49.580494,-27.449213],[-49.580257,-27.449449],[-49.580249,-27.449458],[-49.580187,-27.449525],[-49.580136,-27.449596],[-49.58008,-27.449695],[-49.580062,-27.449727],[-49.580041,-27.449774],[-49.579945,-27.449984],[-49.579931,-27.450014],[-49.579866,-27.45019],[-49.579862,-27.450202],[-49.579831,-27.450321],[-49.579803,-27.450429],[-49.579784,-27.450502],[-49.579771,-27.45055],[-49.579765,-27.45062],[-49.579755,-27.45074],[-49.579746,-27.450834],[-49.579742,-27.450884],[-49.579727,-27.451051],[-49.579717,-27.451167],[-49.579717,-27.451172],[-49.579722,-27.451348],[-49.579725,-27.451453],[-49.579726,-27.451489],[-49.57973,-27.451525],[-49.579733,-27.451544],[-49.579736,-27.451571],[-49.57974,-27.451605],[-49.579743,-27.451627],[-49.579746,-27.451648],[-49.579748,-27.451664],[-49.579749,-27.451674],[-49.579758,-27.451709],[-49.579795,-27.451843],[-49.579895,-27.452027],[-49.579939,-27.452109],[-49.580079,-27.452368],[-49.580137,-27.452457],[-49.580148,-27.452475],[-49.580192,-27.452518],[-49.580281,-27.452636],[-49.580312,-27.452654],[-49.580391,-27.452723],[-49.580402,-27.452733],[-49.580475,-27.452824],[-49.58049,-27.452844],[-49.580568,-27.452877],[-49.580594,-27.452881],[-49.580601,-27.452882],[-49.580632,-27.452899],[-49.580765,-27.452973],[-49.580776,-27.452979],[-49.580782,-27.452984],[-49.580825,-27.453016],[-49.580832,-27.453021],[-49.580874,-27.453052],[-49.580891,-27.453065],[-49.580905,-27.453076],[-49.580953,-27.453112],[-49.581023,-27.453164],[-49.581064,-27.453194],[-49.581108,-27.453227],[-49.58113,-27.453248],[-49.581172,-27.453288],[-49.581174,-27.453291],[-49.581178,-27.453295],[-49.581235,-27.45336],[-49.581314,-27.453453],[-49.581371,-27.453486],[-49.581373,-27.453487],[-49.581408,-27.453508],[-49.584102,-27.453535],[-49.584093,-27.453515],[-49.584032,-27.453513],[-49.584031,-27.45348],[-49.584028,-27.453389],[-49.584035,-27.453324],[-49.584042,-27.45332],[-49.584045,-27.453318],[-49.584021,-27.453278],[-49.584002,-27.453257],[-49.583972,-27.453224],[-49.583991,-27.453194],[-49.583987,-27.453142],[-49.583968,-27.453107],[-49.583953,-27.453096],[-49.583943,-27.45309],[-49.583014,-27.453081],[-49.58295261304525,-27.453085871980534],[-49.58294883903723,-27.453085833772093],[-49.582769,-27.453072],[-49.582648,-27.453039],[-49.582601,-27.453034],[-49.582239,-27.452999],[-49.58204,-27.452996],[-49.582011,-27.452992],[-49.581974,-27.452986],[-49.581679,-27.45291],[-49.581581,-27.452892],[-49.581576,-27.452891],[-49.581567,-27.452887],[-49.581487,-27.452854],[-49.58144,-27.452834],[-49.581297,-27.452742],[-49.581283,-27.452732],[-49.581203,-27.452663],[-49.581182,-27.452646],[-49.581044,-27.452526],[-49.580994,-27.452484],[-49.580973,-27.452466],[-49.580824,-27.452375],[-49.580588,-27.452116],[-49.580529,-27.452034],[-49.580443,-27.45185],[-49.58038,-27.451715],[-49.580358,-27.45168],[-49.580352,-27.45167],[-49.580303,-27.451654],[-49.580286,-27.451632],[-49.580287,-27.451611],[-49.580306,-27.451577],[-49.580296,-27.45155],[-49.580305,-27.45153],[-49.580295,-27.451495],[-49.580286,-27.451459],[-49.58024,-27.451354],[-49.580195,-27.451177],[-49.580194,-27.451171],[-49.580182,-27.451055],[-49.580197,-27.450889],[-49.580186,-27.450839],[-49.58019,-27.450745],[-49.580207,-27.450625],[-49.580225,-27.450555],[-49.580237,-27.450507],[-49.580239,-27.450433],[-49.580255,-27.450325],[-49.580289,-27.450206],[-49.580293,-27.450194],[-49.580372,-27.450019],[-49.580386,-27.449988],[-49.58056,-27.449779],[-49.580589,-27.449733],[-49.580609,-27.449701],[-49.580702,-27.449602],[-49.58077,-27.449531],[-49.580834,-27.449464],[-49.580846,-27.449455],[-49.58114,-27.44922],[-49.581236,-27.449153],[-49.581285,-27.449105],[-49.581303,-27.449088],[-49.581314,-27.44906],[-49.581329,-27.449054],[-49.581461,-27.448949],[-49.581541,-27.448902],[-49.581612,-27.448839],[-49.581645,-27.448827],[-49.581678,-27.448814],[-49.581762,-27.448744],[-49.581769,-27.448724],[-49.581772,-27.448717],[-49.581839,-27.44867],[-49.581879,-27.448632],[-49.581916,-27.448597],[-49.581977,-27.448553],[-49.582129,-27.448467],[-49.582321,-27.448381],[-49.582482,-27.448286],[-49.582527,-27.448271],[-49.582625,-27.448262],[-49.582684,-27.448239],[-49.582742,-27.448189],[-49.582802,-27.448137],[-49.582855,-27.448114],[-49.582938,-27.448056],[-49.583071,-27.447984],[-49.583157,-27.447938],[-49.583184,-27.447923],[-49.583224,-27.447891],[-49.583243,-27.447877],[-49.583306,-27.447851],[-49.583327,-27.447843],[-49.583328,-27.447842],[-49.583377,-27.447823],[-49.583427,-27.447803],[-49.583459,-27.44779],[-49.583586,-27.447718],[-49.583602,-27.447709],[-49.583871,-27.447635],[-49.58395884093414,-27.4476147290152],[-49.583966016751624,-27.447614803350326],[-49.583977,-27.447617],[-49.583985,-27.447615],[-49.58406,-27.447594],[-49.58417,-27.447578],[-49.58420541292126,-27.447561277231628],[-49.584207532479276,-27.447561299020347],[-49.584247,-27.447569],[-49.584284,-27.447604],[-49.584313,-27.447658],[-49.58434,-27.447661],[-49.584341,-27.447658],[-49.584359,-27.447605],[-49.584371,-27.44757],[-49.584373,-27.447563],[-49.584376,-27.447554],[-49.584406,-27.447534],[-49.584451,-27.447523],[-49.584479,-27.447516],[-49.584658,-27.447505],[-49.584799,-27.44746],[-49.584898,-27.44744],[-49.585012,-27.4474],[-49.585027,-27.447395],[-49.5853127332973,-27.447358418228376],[-49.58531821220764,-27.447358474044496],[-49.585358,-27.447367],[-49.585395,-27.447406],[-49.585402,-27.447409],[-49.585419,-27.447415],[-49.585432,-27.447409],[-49.585434,-27.447406],[-49.585462,-27.447368],[-49.585468,-27.44736],[-49.585473,-27.447353],[-49.585501,-27.447331],[-49.585537,-27.447303],[-49.585546,-27.447296],[-49.585549,-27.447294],[-49.585621,-27.447294],[-49.585711,-27.447282],[-49.585734,-27.447279],[-49.585894,-27.447257],[-49.585923,-27.447248],[-49.585996,-27.447224],[-49.586016,-27.447218],[-49.58613,-27.447192],[-49.5862556458867,-27.447135607751637],[-49.586293,-27.447136],[-49.58636,-27.4471],[-49.586414,-27.447072],[-49.586506,-27.447035],[-49.586529,-27.447017],[-49.586626,-27.446968],[-49.586629,-27.446966],[-49.586637,-27.446963],[-49.586654,-27.446955],[-49.586706,-27.446933],[-49.586744,-27.446917],[-49.586795,-27.4469],[-49.586924,-27.446858],[-49.58705,-27.446809],[-49.587191,-27.446754],[-49.587201,-27.446747],[-49.587357,-27.446648],[-49.587378,-27.446635],[-49.5875,-27.446589],[-49.587557,-27.446567],[-49.587559,-27.446566],[-49.587648,-27.446527],[-49.587744,-27.446485],[-49.587801,-27.44646],[-49.587823,-27.446446],[-49.58787,-27.446415],[-49.587907,-27.446392],[-49.587918,-27.446385],[-49.587922,-27.446382],[-49.587928,-27.446377]],[[-49.58622902656615,-27.44713532822727],[-49.586229026566215,-27.44713532822727],[-49.583615,-27.447166],[-49.58622902656615,-27.44713532822727]],[[-49.585289339814786,-27.447358179908463],[-49.585289339814814,-27.447358179908463],[-49.582945,-27.447374],[-49.585289339814786,-27.447358179908463]],[[-49.58499539105194,-27.44694930362022],[-49.58499539105124,-27.44694930362021],[-49.586637,-27.446963],[-49.58499539105194,-27.44694930362022]]],[[[-49.594079,-27.443023],[-49.594092,-27.443023],[-49.59408,-27.443021],[-49.594079,-27.443023]]],[[[-49.591836,-27.442416],[-49.591782,-27.442432],[-49.591781,-27.442434],[-49.591767,-27.442461],[-49.591773,-27.442534],[-49.591755,-27.442565],[-49.591746,-27.442581],[-49.591659,-27.442644],[-49.591658,-27.442645],[-49.592585,-27.442654],[-49.592683,-27.442591],[-49.592709,-27.442574],[-49.592767,-27.442544],[-49.592904,-27.442473],[-49.592955,-27.442446],[-49.592958,-27.442444],[-49.592986,-27.442427],[-49.591836,-27.442416]]],[[[-49.585335,-27.454001],[-49.585374,-27.454008],[-49.585394,-27.454011],[-49.585406,-27.454013],[-49.585421,-27.454011],[-49.585444,-27.454008],[-49.585464,-27.454002],[-49.585505,-27.45399],[-49.585516,-27.453982],[-49.585034,-27.453977],[-49.58515,-27.453986],[-49.585335,-27.454001]]],[[[-49.585819,-27.454],[-49.585822,-27.453998],[-49.585822,-27.453997],[-49.585835,-27.453987],[-49.585717,-27.453986],[-49.585748,-27.453996],[-49.585766,-27.453997],[-49.585819,-27.454]]],[[[-49.585694,-27.453992],[-49.585717,-27.453986],[-49.585661,-27.453985],[-49.58568,-27.453991],[-49.585687,-27.453993],[-49.585694,-27.453992]]],[[[-49.584892,-27.45399],[-49.584912,-27.453991],[-49.584928,-27.453989],[-49.584709,-27.453987],[-49.584892,-27.45399]]],[[[-49.584564,-27.453985],[-49.584928,-27.453989],[-49.585034,-27.453977],[-49.584495,-27.453971],[-49.584564,-27.453985]]],[[[-49.58593,-27.453917],[-49.585964499276415,-27.453910100144718],[-49.58596813418276,-27.453910137766275],[-49.586056,-27.453914],[-49.586086,-27.453929],[-49.586965,-27.453938],[-49.586927,-27.453923],[-49.586921,-27.45392],[-49.586915,-27.453917],[-49.586833,-27.453883],[-49.586815,-27.453874],[-49.583342,-27.453839],[-49.583402,-27.453848],[-49.583612,-27.453884],[-49.583636,-27.453886],[-49.583706,-27.453894],[-49.583776,-27.453902],[-49.583836,-27.453905],[-49.58389,-27.453907],[-49.584003,-27.453912],[-49.584124,-27.453909],[-49.58416401454986,-27.453908310093965],[-49.584184543167744,-27.453908517254455],[-49.584241,-27.45392],[-49.584262,-27.453924],[-49.584397,-27.453951],[-49.584401,-27.453952],[-49.584478,-27.453968],[-49.58448010816126,-27.453968021632253],[-49.584495,-27.453971],[-49.585516,-27.453982],[-49.58552,-27.453979],[-49.58555,-27.453979],[-49.58559226662225,-27.453964255829447],[-49.58559388222178,-27.453964272450843],[-49.585661,-27.453985],[-49.585835,-27.453987],[-49.585859,-27.453967],[-49.58586,-27.453966],[-49.58587,-27.453941],[-49.5859,-27.453937],[-49.585917,-27.453926],[-49.58592,-27.453924],[-49.58593,-27.453917]]],[[[-49.586143,-27.45393],[-49.586086,-27.453929],[-49.586093,-27.453933],[-49.586097,-27.453935],[-49.586115,-27.453933],[-49.586143,-27.45393]]],[[[-49.582141,-27.45373],[-49.582215,-27.453735],[-49.582377,-27.453772],[-49.582449,-27.453789],[-49.582699,-27.453829],[-49.582784,-27.453833],[-49.586815,-27.453874],[-49.586809,-27.453871],[-49.586736,-27.453833],[-49.586704,-27.453816],[-49.586658,-27.45378],[-49.586652,-27.453776],[-49.582141,-27.45373]]],[[[-49.586373,-27.453574],[-49.585004,-27.45356],[-49.584392,-27.453586],[-49.586436,-27.453607],[-49.586373,-27.453574]]],[[[-49.585126,-27.453561],[-49.585082,-27.453556],[-49.585004,-27.45356],[-49.585126,-27.453561]]],[[[-49.58588255316287,-27.453481338064357],[-49.58586995639639,-27.45348122018018],[-49.585721,-27.453462],[-49.585663,-27.453455],[-49.585512,-27.453446],[-49.58548,-27.453453],[-49.585451,-27.453459],[-49.585419,-27.453477],[-49.585411,-27.453481],[-49.585379,-27.4535],[-49.585347,-27.453512],[-49.585295,-27.453532],[-49.585126,-27.453561],[-49.586373,-27.453574],[-49.586315,-27.453543],[-49.586275,-27.453522],[-49.586242,-27.453508],[-49.586194,-27.453489],[-49.586167,-27.453484],[-49.586103,-27.453473],[-49.586016,-27.453468],[-49.585975,-27.453472],[-49.58588255316287,-27.453481338064357]]],[[[-49.583973,-27.458465],[-49.583977,-27.458457],[-49.584001,-27.458433],[-49.584013,-27.458419],[-49.584059,-27.458386],[-49.584153,-27.458316],[-49.584158,-27.458312],[-49.584302,-27.458217],[-49.584347,-27.458188],[-49.584429,-27.458138],[-49.584436,-27.458134],[-49.584442,-27.458131],[-49.584479,-27.458109],[-49.584522,-27.458083],[-49.584598,-27.458028],[-49.58466,-27.457983],[-49.584704,-27.457958],[-49.584801,-27.457903],[-49.585028,-27.457811],[-49.58503,-27.457811],[-49.585087,-27.457785],[-49.585141,-27.45776],[-49.585173,-27.457746],[-49.585242,-27.457714],[-49.58525,-27.457711],[-49.585321,-27.457678],[-49.585324,-27.457677],[-49.585381,-27.457652],[-49.585408,-27.457639],[-49.585433,-27.457628],[-49.585473,-27.457605],[-49.58554,-27.457567],[-49.585634,-27.457513],[-49.585722,-27.457463],[-49.583319,-27.457439],[-49.583304,-27.45749],[-49.583297,-27.457544],[-49.583328,-27.457583],[-49.583362,-27.457607],[-49.583378,-27.457618],[-49.583386,-27.457631],[-49.583458,-27.457658],[-49.583546,-27.45766],[-49.583605,-27.457694],[-49.583712,-27.457699],[-49.583867,-27.457732],[-49.583872,-27.457733],[-49.583882,-27.457736],[-49.583954,-27.457745],[-49.584012,-27.457737],[-49.584027,-27.457735],[-49.584146857142805,-27.457735],[-49.584151067704276,-27.457735045136186],[-49.584175,-27.457751],[-49.584183,-27.457776],[-49.584172,-27.457802],[-49.584172,-27.457803],[-49.58404,-27.457895],[-49.583962,-27.45795],[-49.583931,-27.457975],[-49.583875,-27.45802],[-49.583765,-27.458075],[-49.583715,-27.458101],[-49.583619,-27.458123],[-49.583544855699095,-27.458124877070908],[-49.583538961468804,-27.45812481672979],[-49.583523,-27.458122],[-49.583462,-27.458109],[-49.583268,-27.458028],[-49.583125,-27.457957],[-49.583057,-27.457934],[-49.583049,-27.457922],[-49.583038,-27.457907],[-49.582954,-27.457866],[-49.582099,-27.457857],[-49.582124,-27.457897],[-49.582133,-27.457913],[-49.582143,-27.457925],[-49.58216,-27.457947],[-49.582214,-27.458017],[-49.582275,-27.458097],[-49.582285,-27.458109],[-49.582287,-27.458112],[-49.58229,-27.458117],[-49.582349,-27.458167],[-49.582383,-27.458198],[-49.582466,-27.458295],[-49.582468,-27.458299],[-49.582518,-27.45837],[-49.582525,-27.458404],[-49.582527,-27.458418],[-49.582546,-27.458443],[-49.582552,-27.45845],[-49.582634,-27.458536],[-49.582644,-27.458546],[-49.582712,-27.458588],[-49.582819,-27.458656],[-49.582838,-27.45867],[-49.582918,-27.458728],[-49.582991,-27.458781],[-49.583051,-27.458802],[-49.583067,-27.458811],[-49.583074,-27.458815],[-49.583121,-27.458842],[-49.583219,-27.458851],[-49.58325,-27.458843],[-49.583349,-27.458818],[-49.583424,-27.458815],[-49.58345,-27.458806],[-49.583509,-27.458786],[-49.583661,-27.458735],[-49.583784,-27.458679],[-49.583801,-27.458666],[-49.583884,-27.4586],[-49.583917,-27.458559],[-49.583924,-27.458549],[-49.583973,-27.458465]]],[[[-49.582938,-27.457865],[-49.582954,-27.457866],[-49.582953,-27.457865],[-49.582938,-27.457865]]],[[[-49.583319,-27.457439],[-49.584326,-27.457449],[-49.584321,-27.457446],[-49.584303,-27.457437],[-49.584299,-27.457435],[-49.584293,-27.457428],[-49.583335,-27.457418],[-49.583326,-27.457425],[-49.583323,-27.457427],[-49.58332,-27.457436],[-49.583319,-27.457439]]],[[[-49.584286,-27.45742],[-49.584266,-27.457422],[-49.584225,-27.457427],[-49.584293,-27.457428],[-49.584288,-27.457422],[-49.584286,-27.45742]]],[[[-49.583858,-27.457314],[-49.583855,-27.457312],[-49.583808,-27.457299],[-49.583787,-27.457299],[-49.583765,-27.457311],[-49.58376238709677,-27.457312741935485],[-49.58375981021899,-27.4573127080292],[-49.583747,-27.457311],[-49.58372,-27.457307],[-49.58371,-27.45731],[-49.583706,-27.457312],[-49.583693,-27.457317],[-49.583689,-27.457323],[-49.58368823135464,-27.457325305936074],[-49.58368600715138,-27.457325275327772],[-49.583677,-27.457322],[-49.583671,-27.457322],[-49.583666,-27.457325],[-49.583632,-27.457349],[-49.583597,-27.457374],[-49.58359529192547,-27.457374854037266],[-49.5835946967742,-27.457374848387097],[-49.583591,-27.457373],[-49.583563,-27.457362],[-49.583552,-27.457357],[-49.583532,-27.457349],[-49.583464,-27.457356],[-49.583425,-27.45736],[-49.583403,-27.457372],[-49.5834,-27.457373],[-49.583388,-27.457379],[-49.583383,-27.457382],[-49.583346,-27.45741],[-49.583343,-27.457413],[-49.583335,-27.457418],[-49.584225,-27.457427],[-49.584219,-27.457422],[-49.584216,-27.457419],[-49.584111,-27.45739],[-49.584084,-27.457386],[-49.584032,-27.457379],[-49.58402,-27.457378],[-49.583929,-27.457352],[-49.583884,-27.457328],[-49.583878,-27.457324],[-49.583867,-27.457319],[-49.583858,-27.457314]]],[[[-49.584709,-27.453987],[-49.584564,-27.453985],[-49.584575,-27.453987],[-49.584606,-27.453993],[-49.584617,-27.453994],[-49.584686,-27.453988],[-49.584709,-27.453987]]],[[[-49.582929,-27.453841],[-49.583071,-27.453863],[-49.583146,-27.453874],[-49.583209,-27.453864],[-49.58326,-27.453845],[-49.583289,-27.453843],[-49.583342,-27.453839],[-49.582784,-27.453833],[-49.582911,-27.453839],[-49.582929,-27.453841]]],[[[-49.586574,-27.453714],[-49.586565,-27.453707],[-49.581791,-27.453658],[-49.581881,-27.453667],[-49.582063,-27.453725],[-49.582069,-27.453729],[-49.586652,-27.453776],[-49.586647,-27.453772],[-49.586574,-27.453714]]],[[[-49.586554,-27.453698],[-49.586454,-27.453619],[-49.586442,-27.45361],[-49.586436,-27.453607],[-49.581483,-27.453557],[-49.581486,-27.45356],[-49.581497,-27.453569],[-49.581668,-27.453649],[-49.581702,-27.453657],[-49.586565,-27.453707],[-49.586554,-27.453698]]],[[[-49.581408,-27.453508],[-49.581436,-27.453524],[-49.581465,-27.453542],[-49.581483,-27.453557],[-49.584392,-27.453586],[-49.584292,-27.45357],[-49.584179,-27.453552],[-49.584166,-27.453536],[-49.581408,-27.453508]]],[[[-49.584163,-27.453533],[-49.584102,-27.453535],[-49.584166,-27.453536],[-49.584163,-27.453533]]],[[[-49.583476,-27.453078],[-49.583373,-27.45308],[-49.583225,-27.453083],[-49.583943,-27.45309],[-49.583937,-27.453086],[-49.583917,-27.453083],[-49.583844,-27.453071],[-49.583476,-27.453078]]],[[[-49.583101,-27.453075],[-49.583086,-27.453074],[-49.583078,-27.453075],[-49.583014,-27.453081],[-49.583225,-27.453083],[-49.583101,-27.453075]]],[[[-49.581048,-27.47493],[-49.581245,-27.474936],[-49.581262,-27.474932],[-49.581048,-27.47493]]],[[[-49.58177,-27.474891],[-49.58178,-27.474885],[-49.581796,-27.474876],[-49.581679,-27.474875],[-49.581716,-27.474884],[-49.581725,-27.47489],[-49.581747,-27.474905],[-49.58177,-27.474891]]],[[[-49.581442,-27.474886],[-49.581504,-27.474888],[-49.581514,-27.474886],[-49.581442,-27.474886]]],[[[-49.578172,-27.474852],[-49.581514,-27.474886],[-49.58155983060811,-27.47487802945946],[-49.58156021381721,-27.474878033408938],[-49.581592,-27.474883],[-49.58161,-27.474886],[-49.581625,-27.474883],[-49.581654,-27.474879],[-49.581679,-27.474875],[-49.578156,-27.474839],[-49.578161,-27.474843],[-49.578172,-27.474852]],[[-49.58154814471838,-27.47487790902086],[-49.58154814471872,-27.474877909020865],[-49.578172,-27.474852],[-49.58154814471838,-27.47487790902086]]],[[[-49.581624,-27.47455],[-49.581599,-27.474552],[-49.581432,-27.474562],[-49.58128,-27.474591],[-49.581188,-27.474601],[-49.581097,-27.474642],[-49.58104,-27.474653],[-49.581711,-27.47466],[-49.581707,-27.474649],[-49.581693,-27.474606],[-49.581689,-27.474595],[-49.581679,-27.474564],[-49.581675,-27.474552],[-49.581666,-27.47455],[-49.581654,-27.474548],[-49.581624,-27.47455]]],[[[-49.582833,-27.457778],[-49.582818,-27.457764],[-49.582813,-27.457759],[-49.582798,-27.457742],[-49.58276,-27.457699],[-49.582741,-27.457677],[-49.582733,-27.457671],[-49.58271,-27.457655],[-49.582678,-27.457632],[-49.582676,-27.457628],[-49.582661,-27.457605],[-49.582649,-27.457594],[-49.582612,-27.45756],[-49.582595,-27.457514],[-49.582592,-27.457506],[-49.582566,-27.457484],[-49.582551,-27.457472],[-49.58254,-27.457454],[-49.582517,-27.457416],[-49.582479,-27.457372],[-49.582444,-27.457346],[-49.5824,-27.457279],[-49.582397,-27.457264],[-49.582396,-27.457259],[-49.582321,-27.457113],[-49.582282,-27.457059],[-49.582275,-27.457049],[-49.582267,-27.457027],[-49.582225,-27.456985],[-49.582175,-27.456922],[-49.582122,-27.456853],[-49.582098,-27.456807],[-49.582077,-27.456764],[-49.582053,-27.456693],[-49.582005,-27.456605],[-49.581968,-27.456555],[-49.581952,-27.456466],[-49.58195,-27.456458],[-49.581939,-27.456432],[-49.581916,-27.456382],[-49.581899,-27.45637],[-49.581823,-27.456358],[-49.581807,-27.456348],[-49.5818,-27.456339],[-49.581789,-27.456323],[-49.581784,-27.456299],[-49.581773,-27.456284],[-49.581729,-27.456226],[-49.58165,-27.456121],[-49.581632,-27.456098],[-49.58149,-27.455955],[-49.581396,-27.45586],[-49.581396,-27.455859],[-49.581374,-27.455819],[-49.581362,-27.455808],[-49.581348,-27.455796],[-49.581342,-27.455791],[-49.58132,-27.455778],[-49.581266,-27.455747],[-49.581229,-27.455737],[-49.581205,-27.45573],[-49.581143,-27.455693],[-49.581084,-27.455672],[-49.5810819575989,-27.4556719795305],[-49.581024,-27.455644],[-49.580886,-27.455577],[-49.580879,-27.455571],[-49.580833,-27.455529],[-49.580819,-27.455509],[-49.58078,-27.455454],[-49.580776,-27.455448],[-49.580728,-27.455413],[-49.580695,-27.455399],[-49.58062,-27.455368],[-49.580451,-27.455328],[-49.580362,-27.455306],[-49.580021,-27.455279],[-49.580001,-27.455277],[-49.579751,-27.455276],[-49.579563,-27.455298],[-49.579402,-27.455317],[-49.579249,-27.455354],[-49.579131,-27.455383],[-49.57911,-27.455396],[-49.579052,-27.455431],[-49.579043,-27.455436],[-49.57898,-27.455491],[-49.578965,-27.45551],[-49.578934,-27.455551],[-49.578931,-27.455557],[-49.578903,-27.455622],[-49.578897,-27.455636],[-49.57888,-27.455656],[-49.578825,-27.455722],[-49.578821,-27.455726],[-49.578804,-27.45576],[-49.578803,-27.455769],[-49.578799,-27.455794],[-49.578764,-27.45584],[-49.578761,-27.455874],[-49.57876,-27.455902],[-49.578737,-27.455969],[-49.578665,-27.456131],[-49.578653,-27.456144],[-49.578649,-27.456175],[-49.578638,-27.456185],[-49.578626,-27.456195],[-49.578639,-27.456239],[-49.578641,-27.456248],[-49.578632,-27.456279],[-49.578639,-27.456286],[-49.578607,-27.456338],[-49.578602,-27.456347],[-49.578587,-27.456408],[-49.578568,-27.456441],[-49.578542,-27.456449],[-49.578528,-27.456487],[-49.578528,-27.456489],[-49.579084,-27.456495],[-49.579084,-27.456493],[-49.579091,-27.456454],[-49.579092,-27.456446],[-49.579098,-27.456413],[-49.579109,-27.456352],[-49.579111,-27.456343],[-49.579134,-27.456291],[-49.579137,-27.456284],[-49.57915,-27.456253],[-49.579154,-27.456244],[-49.579154,-27.4562],[-49.579154,-27.45619],[-49.579158,-27.45618],[-49.579169,-27.456149],[-49.579174,-27.456136],[-49.579233,-27.455974],[-49.579275,-27.455907],[-49.579292,-27.45588],[-49.57932,-27.455846],[-49.579359,-27.455799],[-49.579378,-27.455775],[-49.579389,-27.455766],[-49.579427,-27.455732],[-49.579432,-27.455728],[-49.579552,-27.455663],[-49.579633,-27.455644],[-49.57969031081691,-27.45563016635454],[-49.579694135449145,-27.455630206025404],[-49.580178,-27.455662],[-49.580186,-27.455663],[-49.580244,-27.455684],[-49.580349,-27.455721],[-49.580368,-27.455728],[-49.580379,-27.455738],[-49.580416,-27.455769],[-49.580422,-27.455781],[-49.580425,-27.455786],[-49.580447,-27.455799],[-49.580481,-27.45581],[-49.580609,-27.455851],[-49.580611,-27.455852],[-49.58078,-27.455947],[-49.580965,-27.456091],[-49.580995,-27.456114],[-49.581085,-27.456219],[-49.581114,-27.456277],[-49.581127,-27.456292],[-49.581146,-27.456316],[-49.581159,-27.456332],[-49.581165,-27.456342],[-49.581171,-27.456351],[-49.581178,-27.456363],[-49.581185,-27.456375],[-49.581215,-27.456425],[-49.581242,-27.456451],[-49.58125,-27.456459],[-49.581313,-27.456548],[-49.581348,-27.456598],[-49.58141,-27.456687],[-49.58146,-27.456758],[-49.58149,-27.456801],[-49.581518,-27.456847],[-49.58156,-27.456915],[-49.581593,-27.456978],[-49.581615,-27.45702],[-49.581626,-27.457042],[-49.581632,-27.457052],[-49.581668,-27.457106],[-49.581767,-27.457252],[-49.581771,-27.457258],[-49.58178,-27.457273],[-49.581819,-27.45734],[-49.581835,-27.457366],[-49.581861,-27.457409],[-49.581883,-27.457447],[-49.581889,-27.457465],[-49.581893,-27.457477],[-49.581912,-27.457499],[-49.581919,-27.457507],[-49.581932,-27.457553],[-49.581942,-27.457587],[-49.58195,-27.457598],[-49.581965,-27.45762],[-49.581965,-27.457625],[-49.581966,-27.457648],[-49.581978,-27.457663],[-49.581977,-27.45767],[-49.581973,-27.457691],[-49.58199,-27.457734],[-49.582007,-27.457751],[-49.582011,-27.457756],[-49.58204,-27.45777],[-49.582044,-27.457787],[-49.582056,-27.457795],[-49.582058,-27.457808],[-49.582073,-27.457824],[-49.582091,-27.457844],[-49.582099,-27.457856],[-49.582099,-27.457857],[-49.582937,-27.457865],[-49.58292,-27.457853],[-49.582891,-27.457832],[-49.582874,-27.457817],[-49.582859,-27.457803],[-49.582851,-27.457795],[-49.582833,-27.457778]]],[[[-49.582141,-27.45373],[-49.582069,-27.453729],[-49.582075,-27.453733],[-49.582097,-27.453749],[-49.582132,-27.453734],[-49.582141,-27.45373]]],[[[-49.581702,-27.453657],[-49.58173,-27.453664],[-49.581791,-27.453658],[-49.581702,-27.453657]]],[[[-49.580119,-27.474944],[-49.580165,-27.474951],[-49.580186,-27.474955],[-49.580197,-27.474951],[-49.580223,-27.474945],[-49.58022562316477,-27.474944125611746],[-49.580260012269484,-27.474944472392632],[-49.580298,-27.474945],[-49.5804,-27.474957],[-49.580455,-27.474963],[-49.58054,-27.474958],[-49.580697,-27.474949],[-49.580709,-27.474949],[-49.580745,-27.474947],[-49.580844,-27.474941],[-49.579454,-27.474927],[-49.580099,-27.47494],[-49.580114,-27.474943],[-49.580119,-27.474944]]],[[[-49.578948,-27.474948],[-49.578908463157646,-27.47494762105263],[-49.578951,-27.474948],[-49.578635,-27.474945],[-49.578502,-27.474944],[-49.578636984870656,-27.474945202537825],[-49.578684,-27.47495],[-49.578721,-27.474954],[-49.578863,-27.474952],[-49.578948,-27.474948]]],[[[-49.578302,-27.474915],[-49.57833,-27.474932],[-49.578336,-27.474942],[-49.578951,-27.474948],[-49.579133,-27.474941],[-49.579454,-27.474927],[-49.578302,-27.474915]]],[[[-49.580844,-27.474941],[-49.581048,-27.47493],[-49.578278,-27.474902],[-49.578302,-27.474915],[-49.580844,-27.474941]]],[[[-49.581442,-27.474886],[-49.578172,-27.474852],[-49.578207,-27.47488],[-49.578249,-27.47489],[-49.578264,-27.474893],[-49.578278,-27.474902],[-49.581262,-27.474932],[-49.581305,-27.474924],[-49.581321,-27.474921],[-49.581351,-27.474912],[-49.581442,-27.474886]]],[[[-49.577971,-27.474645],[-49.57798,-27.474667],[-49.578003,-27.474721],[-49.57802,-27.474746],[-49.578025,-27.474753],[-49.578081,-27.47481],[-49.578086,-27.474815],[-49.578152,-27.474836],[-49.578156,-27.474839],[-49.581796,-27.474876],[-49.581801,-27.474873],[-49.581834,-27.474853],[-49.581842,-27.474848],[-49.581908,-27.474793],[-49.581917,-27.474785],[-49.581888,-27.47476],[-49.581824,-27.474706],[-49.581719,-27.474683],[-49.581711,-27.47466],[-49.57796,-27.474622],[-49.577971,-27.474645]]],[[[-49.579246333150564,-27.47462993940225],[-49.57924328687217,-27.474629908806886],[-49.578982,-27.474616],[-49.578714,-27.474592],[-49.578563,-27.47457],[-49.578398,-27.474517],[-49.57838,-27.474511],[-49.578271,-27.47445],[-49.578268,-27.474446],[-49.578236,-27.474398],[-49.578204,-27.474328],[-49.578195,-27.47431],[-49.578172,-27.474281],[-49.578114,-27.474207],[-49.578088,-27.474146],[-49.57804,-27.474037],[-49.578002,-27.473975],[-49.577981,-27.473939],[-49.577952,-27.473865],[-49.57785,-27.473609],[-49.577802,-27.473487],[-49.577757,-27.473371],[-49.577735,-27.473316],[-49.577705,-27.473263],[-49.577691,-27.473221],[-49.57766,-27.473129],[-49.577627,-27.473081],[-49.577614,-27.473042],[-49.577613,-27.473034],[-49.577605,-27.472959],[-49.577583,-27.472933],[-49.577587,-27.472915],[-49.577566,-27.472898],[-49.577523,-27.472789],[-49.577498,-27.472725],[-49.577487,-27.472697],[-49.577465,-27.472657],[-49.57744,-27.47261],[-49.577395,-27.472529],[-49.57735,-27.472459],[-49.577265,-27.472326],[-49.577206,-27.472214],[-49.57717,-27.47213],[-49.577131,-27.472038],[-49.577123,-27.472024],[-49.577036,-27.471874],[-49.577018,-27.471843],[-49.577011,-27.471814],[-49.57703,-27.471775],[-49.57703,-27.471774],[-49.577036,-27.471708],[-49.577048,-27.471681],[-49.577039,-27.471674],[-49.577032,-27.471669],[-49.577022,-27.471661],[-49.577015,-27.471659],[-49.576993,-27.471653],[-49.576984,-27.471659],[-49.576982,-27.471661],[-49.57697,-27.471668],[-49.57693548554913,-27.471672930635837],[-49.576934878991594,-27.471672924369745],[-49.576911,-27.471658],[-49.576896,-27.471638],[-49.576884,-27.471562],[-49.576897,-27.471533],[-49.576898,-27.47153],[-49.576912,-27.471529],[-49.576959,-27.471474],[-49.576976,-27.471414],[-49.57693,-27.471363],[-49.576836,-27.471258],[-49.576643,-27.471065],[-49.576572,-27.470962],[-49.57653,-27.470885],[-49.576515,-27.470858],[-49.576477,-27.470753],[-49.576366,-27.4705],[-49.576322,-27.4704],[-49.576296,-27.470342],[-49.576294,-27.470337],[-49.576272,-27.470251],[-49.57627,-27.470242],[-49.576232,-27.47015],[-49.57621,-27.470095],[-49.576205,-27.47007],[-49.576199,-27.470038],[-49.576175,-27.469983],[-49.576143,-27.469857],[-49.57613,-27.469793],[-49.576083,-27.469563],[-49.576072,-27.469507],[-49.576055,-27.469353],[-49.576057,-27.469294],[-49.576058,-27.469292],[-49.576077,-27.469224],[-49.576103,-27.469173],[-49.576119,-27.469143],[-49.576116,-27.469123],[-49.576109,-27.469062],[-49.576109,-27.469057],[-49.576111,-27.468998],[-49.576112,-27.468967],[-49.576112,-27.468943],[-49.576134,-27.468857],[-49.576143,-27.468819],[-49.576162,-27.468779],[-49.576169,-27.468765],[-49.576193,-27.468729],[-49.57625,-27.468644],[-49.576293,-27.46858],[-49.576295,-27.468578],[-49.576368,-27.468523],[-49.57640782976556,-27.468513285423036],[-49.57640950541516,-27.468513303249097],[-49.576414,-27.468516],[-49.57646,-27.468542],[-49.576467,-27.468546],[-49.57648,-27.468553],[-49.576493,-27.468546],[-49.57649898181818,-27.46854258181818],[-49.57650340080972,-27.46854264777328],[-49.576521,-27.468546],[-49.576527,-27.468543],[-49.576568,-27.468518],[-49.576569,-27.468515],[-49.576572,-27.46851],[-49.576605,-27.468452],[-49.576679,-27.468385],[-49.576691,-27.468374],[-49.576708,-27.468337],[-49.576725,-27.468311],[-49.576768,-27.468248],[-49.576814,-27.468203],[-49.576842,-27.468176],[-49.576878,-27.468141],[-49.576919,-27.4681],[-49.57692,-27.468099],[-49.576945,-27.468054],[-49.576946,-27.468053],[-49.576958,-27.46801],[-49.576962,-27.467994],[-49.576956,-27.46794],[-49.57695,-27.467879],[-49.576948,-27.467861],[-49.576947,-27.467859],[-49.57694,-27.467825],[-49.576926,-27.467798],[-49.576921,-27.467787],[-49.576922,-27.46777],[-49.576923,-27.46773],[-49.576903,-27.467635],[-49.576902,-27.467536],[-49.576902,-27.467527],[-49.576894,-27.467503],[-49.576877,-27.467449],[-49.57687,-27.467424],[-49.576867,-27.467404],[-49.576859,-27.46735],[-49.576856,-27.467337],[-49.57683,-27.467231],[-49.576805,-27.467127],[-49.5768,-27.467106],[-49.576793,-27.466984],[-49.576787,-27.466889],[-49.576786,-27.466868],[-49.576787,-27.466655],[-49.576788,-27.466543],[-49.576772,-27.466361],[-49.576773,-27.466354],[-49.576778,-27.466246],[-49.576786,-27.46609],[-49.576815,-27.465982],[-49.576819,-27.465969],[-49.576839,-27.465951],[-49.576433,-27.465947],[-49.576428,-27.465965],[-49.576423,-27.465978],[-49.57642,-27.466086],[-49.576415,-27.466242],[-49.576398,-27.46635],[-49.576398,-27.466357],[-49.576384,-27.466539],[-49.576375,-27.466651],[-49.576377,-27.466864],[-49.576377,-27.466885],[-49.576384,-27.46698],[-49.576407,-27.467102],[-49.576427,-27.467123],[-49.576446,-27.467227],[-49.576479,-27.467333],[-49.576483,-27.467346],[-49.576503,-27.467401],[-49.576513,-27.46742],[-49.576527,-27.467445],[-49.57654,-27.467499],[-49.576556,-27.467523],[-49.576562,-27.467532],[-49.576594,-27.467632],[-49.576624,-27.467727],[-49.576637,-27.467768],[-49.57664,-27.467784],[-49.576641,-27.467795],[-49.576637,-27.467822],[-49.576631,-27.467856],[-49.57663,-27.467858],[-49.576623,-27.467876],[-49.576573,-27.467936],[-49.57654,-27.46799],[-49.576531,-27.468005],[-49.576448,-27.468048],[-49.576445,-27.468049],[-49.576386,-27.468094],[-49.576384,-27.468095],[-49.576311,-27.468135],[-49.576272,-27.46817],[-49.576228,-27.468197],[-49.576187,-27.468242],[-49.57613,-27.468305],[-49.57609,-27.468331],[-49.576034,-27.468367],[-49.576018,-27.468378],[-49.575962,-27.468446],[-49.575914,-27.468503],[-49.575911,-27.468508],[-49.575905,-27.468518],[-49.57587,-27.468573],[-49.575869,-27.468575],[-49.575845,-27.46864],[-49.575839,-27.468725],[-49.575822,-27.468761],[-49.575815,-27.468775],[-49.575811,-27.468815],[-49.575808,-27.468853],[-49.575781,-27.46894],[-49.575773,-27.468963],[-49.575777,-27.468994],[-49.575765,-27.469054],[-49.575764,-27.469058],[-49.575763,-27.469119],[-49.575756,-27.46914],[-49.575745,-27.469169],[-49.575751,-27.469221],[-49.575758,-27.469289],[-49.575758,-27.469291],[-49.575758,-27.46935],[-49.575757,-27.469504],[-49.575756,-27.469559],[-49.575792,-27.46979],[-49.575808,-27.469854],[-49.575839,-27.46998],[-49.575853,-27.470034],[-49.575861,-27.470067],[-49.57587,-27.470092],[-49.575888,-27.470146],[-49.575939,-27.470238],[-49.575945,-27.470248],[-49.575958,-27.470333],[-49.575959,-27.470338],[-49.575976,-27.470396],[-49.576022,-27.470496],[-49.576119,-27.47075],[-49.576159,-27.470855],[-49.576169,-27.470881],[-49.576209,-27.470959],[-49.576262,-27.471062],[-49.576359,-27.471253],[-49.576413,-27.471357],[-49.576434,-27.471408],[-49.576459,-27.471469],[-49.576482,-27.471525],[-49.576482,-27.471526],[-49.576483,-27.471529],[-49.576498,-27.471558],[-49.576537,-27.471634],[-49.576548,-27.471655],[-49.576555,-27.471669],[-49.576559,-27.471676],[-49.576573,-27.471703],[-49.576607,-27.47177],[-49.576607,-27.471771],[-49.576619,-27.47181],[-49.576628,-27.471839],[-49.576637,-27.47187],[-49.57667,-27.472019],[-49.57668,-27.472033],[-49.576752,-27.472125],[-49.576797,-27.47221],[-49.576856,-27.472322],[-49.576927,-27.472455],[-49.576953,-27.472524],[-49.576983,-27.472606],[-49.577012,-27.472653],[-49.577018,-27.472693],[-49.577022,-27.47272],[-49.577046,-27.472784],[-49.577102,-27.472893],[-49.577111,-27.472911],[-49.57712,-27.472929],[-49.577133,-27.472954],[-49.577172,-27.473029],[-49.577175,-27.473038],[-49.57719,-27.473076],[-49.577209,-27.473125],[-49.577245,-27.473217],[-49.57728,-27.473259],[-49.577324,-27.473312],[-49.577369,-27.473367],[-49.577426,-27.473483],[-49.577517,-27.473605],[-49.577608,-27.473862],[-49.577621,-27.473935],[-49.577627,-27.473971],[-49.577647,-27.474033],[-49.577682,-27.474142],[-49.57772,-27.474203],[-49.577767,-27.474277],[-49.577791,-27.474305],[-49.577807,-27.474324],[-49.577842,-27.474394],[-49.577865,-27.474442],[-49.577869,-27.474446],[-49.57791,-27.474506],[-49.577914,-27.474512],[-49.577936,-27.474564],[-49.577945,-27.474584],[-49.577954,-27.474605],[-49.577958,-27.474617],[-49.57796,-27.474622],[-49.58104,-27.474653],[-49.580945,-27.474647],[-49.580672,-27.474631],[-49.580596,-27.474619],[-49.579677,-27.47461],[-49.579487,-27.474619],[-49.579246333150564,-27.47462993940225]],[[-49.57639451129371,-27.468513143737166],[-49.57639451129376,-27.468513143737166],[-49.575905,-27.468518],[-49.57639451129371,-27.468513143737166]]],[[[-49.580541,-27.474611],[-49.580505,-27.474605],[-49.580281,-27.474608],[-49.579944,-27.474612],[-49.580596,-27.474619],[-49.580541,-27.474611]]],[[[-49.579677,-27.47461],[-49.579944,-27.474612],[-49.579731,-27.474607],[-49.579677,-27.47461]]],[[[-49.578994,-27.458784],[-49.579,-27.458646],[-49.579001,-27.458639],[-49.579005,-27.458614],[-49.579016,-27.458553],[-49.579017,-27.458523],[-49.579022,-27.458362],[-49.579022,-27.458335],[-49.578984,-27.458111],[-49.578983,-27.458097],[-49.578976,-27.458002],[-49.578983,-27.457826],[-49.578996,-27.457451],[-49.579,-27.457353],[-49.578993,-27.457289],[-49.579,-27.45718],[-49.578995,-27.457031],[-49.579001,-27.456976],[-49.579003,-27.45696],[-49.579004,-27.456948],[-49.579005,-27.456941],[-49.579005,-27.456934],[-49.579007,-27.456921],[-49.579008,-27.456909],[-49.57901,-27.456892],[-49.579012,-27.456871],[-49.579013,-27.456865],[-49.579015,-27.456848],[-49.579017,-27.456831],[-49.579018,-27.456818],[-49.579019,-27.456811],[-49.579023,-27.456783],[-49.579028,-27.45675],[-49.57903,-27.456737],[-49.579033,-27.456719],[-49.579043,-27.456654],[-49.579048,-27.456627],[-49.579054,-27.456583],[-49.579055,-27.456582],[-49.579077,-27.456525],[-49.579079,-27.456521],[-49.579084,-27.456495],[-49.578482,-27.456489],[-49.578415,-27.456514],[-49.578405,-27.456518],[-49.57838,-27.456575],[-49.578379,-27.456577],[-49.578336,-27.456619],[-49.578326,-27.456646],[-49.578283,-27.456712],[-49.578264,-27.45673],[-49.578231,-27.456742],[-49.578183,-27.456774],[-49.5781,-27.456802],[-49.578082,-27.456808],[-49.578001,-27.45682],[-49.577971,-27.456838],[-49.577903,-27.456854],[-49.57788013463516,-27.456858763617678],[-49.577877869565214,-27.456858739130436],[-49.577853,-27.456853],[-49.577834,-27.456849],[-49.577772,-27.456848],[-49.577749,-27.456852],[-49.577717,-27.456857],[-49.577714,-27.456858],[-49.577658,-27.456878],[-49.577641,-27.456895],[-49.57761,-27.456906],[-49.577597,-27.45692],[-49.57756156826569,-27.45692590528905],[-49.577560322806306,-27.45692589226464],[-49.577517,-27.456919],[-49.577499,-27.456916],[-49.577492,-27.456919],[-49.577475,-27.456925],[-49.577456,-27.456932],[-49.577423,-27.456945],[-49.577394,-27.456967],[-49.577367,-27.456988],[-49.577344,-27.457017],[-49.577339,-27.457069],[-49.577338,-27.457078],[-49.577343,-27.45709],[-49.577358,-27.45713],[-49.57735,-27.457134],[-49.577333,-27.457143],[-49.577323,-27.457149],[-49.577292,-27.457159],[-49.577222,-27.457183],[-49.577222,-27.457185],[-49.577602,-27.457189],[-49.577603,-27.457187],[-49.577617,-27.457163],[-49.577648,-27.457152],[-49.577663,-27.457147],[-49.577752576489544,-27.45713814078675],[-49.57775425284685,-27.45713815802928],[-49.577762,-27.457143],[-49.578224,-27.457148],[-49.578225,-27.457143],[-49.578226,-27.457139],[-49.578235,-27.457099],[-49.578259,-27.457088],[-49.578279,-27.457079],[-49.578291,-27.457026],[-49.578353,-27.456998],[-49.578367,-27.456977],[-49.578419,-27.456955],[-49.57844936256062,-27.456942267313288],[-49.57845080319475,-27.456942282203563],[-49.578487,-27.456955],[-49.578509,-27.456971],[-49.578509,-27.457026],[-49.578507,-27.457175],[-49.578505,-27.457284],[-49.578504,-27.457348],[-49.578503,-27.457446],[-49.578511,-27.457822],[-49.578527,-27.457998],[-49.578535,-27.458093],[-49.578535,-27.458106],[-49.57853,-27.45833],[-49.578529,-27.458357],[-49.578497,-27.458518],[-49.578473,-27.458547],[-49.578458,-27.458608],[-49.578442,-27.458633],[-49.578441,-27.45864],[-49.578416,-27.458778],[-49.578389,-27.458846],[-49.578381,-27.45889],[-49.578385,-27.458923],[-49.578388,-27.458958],[-49.578367,-27.459012],[-49.578362,-27.459076],[-49.578349,-27.459087],[-49.578315,-27.459098],[-49.578303,-27.459125],[-49.578271,-27.45915],[-49.578258,-27.459186],[-49.578258,-27.459187],[-49.578253,-27.459403],[-49.578244,-27.459424],[-49.578198,-27.459538],[-49.578206,-27.459552],[-49.578201,-27.459579],[-49.578225,-27.459596],[-49.57823,-27.459605],[-49.578266,-27.459678],[-49.578255,-27.459703],[-49.578251,-27.459725],[-49.578241,-27.459793],[-49.578253,-27.459832],[-49.578221,-27.459985],[-49.578216,-27.459995],[-49.578208,-27.460012],[-49.578207,-27.460039],[-49.578189,-27.460069],[-49.578165,-27.460147],[-49.578165,-27.460151],[-49.578164,-27.460207],[-49.578174,-27.460228],[-49.578178,-27.460296],[-49.578172,-27.460327],[-49.578158,-27.460404],[-49.578156,-27.460466],[-49.578115,-27.460564],[-49.578109,-27.46058],[-49.578101,-27.460631],[-49.578076,-27.460701],[-49.578058,-27.460809],[-49.578034,-27.460889],[-49.578034,-27.46089],[-49.577996,-27.460971],[-49.577976,-27.461052],[-49.577942,-27.461119],[-49.577921,-27.461143],[-49.577912,-27.461169],[-49.577912,-27.46117],[-49.577888,-27.4612],[-49.577864,-27.461254],[-49.577839,-27.461308],[-49.577826,-27.461337],[-49.577815,-27.461361],[-49.577762,-27.461456],[-49.577755,-27.461466],[-49.57765,-27.461611],[-49.577643,-27.461617],[-49.577618,-27.461644],[-49.577596,-27.461657],[-49.577592,-27.46166],[-49.577545,-27.461717],[-49.577533,-27.461739],[-49.577526,-27.461774],[-49.577523,-27.461791],[-49.577472,-27.461873],[-49.577465,-27.461884],[-49.577434,-27.461922],[-49.577389,-27.461976],[-49.577305,-27.462078],[-49.577273,-27.462117],[-49.577264,-27.462128],[-49.578031,-27.462135],[-49.57804,-27.462125],[-49.578047,-27.462086],[-49.578025,-27.461983],[-49.578039,-27.461929],[-49.578027,-27.46189],[-49.578024,-27.461879],[-49.578085,-27.461797],[-49.578097,-27.46178],[-49.578118,-27.461745],[-49.578131,-27.461723],[-49.578166,-27.461666],[-49.578167,-27.461663],[-49.578171,-27.46165],[-49.578178,-27.461623],[-49.578182,-27.461616],[-49.578271,-27.461472],[-49.578275,-27.461461],[-49.578312,-27.461366],[-49.578322,-27.461342],[-49.578324,-27.461313],[-49.578351,-27.461259],[-49.578366,-27.461205],[-49.578374,-27.461175],[-49.578374,-27.461174],[-49.578386,-27.461148],[-49.578396,-27.461124],[-49.578426,-27.461057],[-49.578461,-27.460976],[-49.578497,-27.460895],[-49.578497,-27.460894],[-49.578526,-27.460814],[-49.578564,-27.460706],[-49.578589,-27.460636],[-49.578607,-27.460585],[-49.578613,-27.460569],[-49.578653,-27.460471],[-49.578679,-27.460409],[-49.578711,-27.460333],[-49.578721,-27.460301],[-49.578742,-27.460234],[-49.578749,-27.460213],[-49.578767,-27.460157],[-49.578768,-27.460153],[-49.578786,-27.460075],[-49.578792,-27.460045],[-49.578798,-27.460018],[-49.578802,-27.460001],[-49.578803,-27.459991],[-49.578806,-27.459837],[-49.578807,-27.459798],[-49.578809,-27.459731],[-49.578813,-27.459709],[-49.578817,-27.459683],[-49.57883,-27.459611],[-49.578832,-27.459602],[-49.578837,-27.459585],[-49.578844,-27.459558],[-49.578847,-27.459545],[-49.578877,-27.459431],[-49.578884,-27.45941],[-49.578959,-27.459194],[-49.578959,-27.459193],[-49.578963,-27.459157],[-49.578965,-27.459132],[-49.578968,-27.459105],[-49.57897,-27.459094],[-49.578971,-27.459082],[-49.578978,-27.459018],[-49.578983,-27.458964],[-49.578987,-27.458929],[-49.578989,-27.458896],[-49.578991,-27.458852],[-49.578994,-27.458784]]],[[[-49.578502,-27.474944],[-49.578336,-27.474942],[-49.578355,-27.474974],[-49.578356,-27.474976],[-49.578355,-27.474997],[-49.578355,-27.475004],[-49.578365,-27.47502],[-49.57837,-27.475029],[-49.578384,-27.475041],[-49.578426,-27.475075],[-49.578485,-27.475152],[-49.578514,-27.475167],[-49.578524,-27.475173],[-49.578547,-27.475168],[-49.578537,-27.475153],[-49.578487,-27.475076],[-49.578465,-27.475042],[-49.578467,-27.47503],[-49.578468,-27.475022],[-49.57846,-27.475005],[-49.578456,-27.474998],[-49.578464,-27.474977],[-49.578465,-27.474975],[-49.578502,-27.474944]]],[[[-49.577952,-27.462137],[-49.577962,-27.462144],[-49.578029,-27.462137],[-49.578031,-27.462136],[-49.578031,-27.462135],[-49.57795,-27.462135],[-49.577952,-27.462137]]],[[[-49.577925,-27.462144],[-49.577949,-27.462135],[-49.577863,-27.462134],[-49.577915,-27.462144],[-49.577925,-27.462144]]],[[[-49.577623,-27.457941],[-49.577652,-27.457957],[-49.577683,-27.457974],[-49.577726,-27.457986],[-49.577839,-27.457996],[-49.577896,-27.458001],[-49.577951,-27.457997],[-49.577994,-27.457989],[-49.578056,-27.457978],[-49.578138,-27.457962],[-49.578162,-27.457947],[-49.578203,-27.457922],[-49.577528,-27.457915],[-49.577623,-27.457941]]],[[[-49.578248,-27.457694],[-49.578239,-27.457678],[-49.578215,-27.457645],[-49.578204,-27.45763],[-49.578199,-27.457623],[-49.578187,-27.457607],[-49.578179,-27.457596],[-49.578173,-27.457588],[-49.578077,-27.457492],[-49.578068,-27.457483],[-49.578042,-27.457469],[-49.578044,-27.457461],[-49.578029,-27.457457],[-49.578035,-27.457451],[-49.577912,-27.457415],[-49.577904,-27.457413],[-49.577751,-27.457411],[-49.57774675451263,-27.45741354729242],[-49.577744849842766,-27.457413530548067],[-49.577697,-27.457394],[-49.57766,-27.457379],[-49.577642,-27.457355],[-49.577625,-27.457332],[-49.577616,-27.457298],[-49.577602,-27.457243],[-49.577596,-27.457223],[-49.577597,-27.457215],[-49.577597,-27.457196],[-49.577598,-27.457195],[-49.577599,-27.457194],[-49.577602,-27.457189],[-49.577359,-27.457187],[-49.577385,-27.457192],[-49.577389,-27.457193],[-49.577391,-27.457194],[-49.57741,-27.457214],[-49.577413,-27.457221],[-49.577421,-27.457241],[-49.577433,-27.457296],[-49.577429,-27.45733],[-49.577427,-27.457353],[-49.577433,-27.457376],[-49.577437,-27.457391],[-49.577457,-27.457411],[-49.577492,-27.457445],[-49.577498,-27.457452],[-49.577502,-27.457455],[-49.57751,-27.457464],[-49.577524,-27.457477],[-49.577533,-27.457486],[-49.577731,-27.457583],[-49.577748,-27.457592],[-49.577809,-27.457604],[-49.577839,-27.45762],[-49.577888,-27.457627],[-49.577926,-27.457642],[-49.57798,-27.457675],[-49.578007,-27.457692],[-49.578028,-27.457722],[-49.578036,-27.457734],[-49.57803,-27.457781],[-49.578018,-27.457803],[-49.578014,-27.457809],[-49.577992,-27.45783],[-49.577943,-27.457849],[-49.577894,-27.457858],[-49.577885,-27.457859],[-49.578243,-27.457863],[-49.578244,-27.457862],[-49.578247,-27.457852],[-49.578253,-27.457833],[-49.57826,-27.457812],[-49.578262,-27.457806],[-49.578263,-27.457783],[-49.578264,-27.457737],[-49.578264,-27.457725],[-49.578248,-27.457694]]],[[[-49.577849,-27.457399],[-49.577845,-27.457409],[-49.577844,-27.457412],[-49.577904,-27.457413],[-49.577891,-27.457409],[-49.577856,-27.457399],[-49.577849,-27.457399]]],[[[-49.578219,-27.457165],[-49.577858,-27.457162],[-49.577861,-27.457179],[-49.577865,-27.457197],[-49.577866,-27.457202],[-49.577915,-27.457238],[-49.577936,-27.457254],[-49.57797,-27.457263],[-49.577977,-27.457263],[-49.578027,-27.457265],[-49.578031,-27.457264],[-49.578031,-27.457263],[-49.578056,-27.457255],[-49.578102,-27.45724],[-49.578142,-27.457205],[-49.578148,-27.4572],[-49.578209,-27.457182],[-49.578219,-27.457165]]],[[[-49.578219,-27.457165],[-49.578221,-27.457161],[-49.578224,-27.457148],[-49.577795,-27.457144],[-49.577797,-27.457157],[-49.577797,-27.457161],[-49.578219,-27.457165]]],[[[-49.578482,-27.456489],[-49.578528,-27.456489],[-49.578487,-27.456487],[-49.578482,-27.456489]]],[[[-49.577763,-27.462189],[-49.577813,-27.462143],[-49.577863,-27.462134],[-49.577263,-27.462128],[-49.577257,-27.462137],[-49.577227,-27.462184],[-49.577185,-27.462247],[-49.577175,-27.462262],[-49.57713,-27.462316],[-49.577093,-27.462385],[-49.577089,-27.462395],[-49.577005,-27.462583],[-49.577005,-27.462586],[-49.576981,-27.462677],[-49.576972,-27.462711],[-49.576968,-27.462743],[-49.576962,-27.462795],[-49.576938,-27.46289],[-49.576926,-27.462937],[-49.576923,-27.46295],[-49.5769,-27.463021],[-49.576886,-27.463062],[-49.576877,-27.463089],[-49.576872,-27.463112],[-49.576856,-27.463188],[-49.576855,-27.463193],[-49.576826,-27.463261],[-49.576788,-27.463328],[-49.576772,-27.463355],[-49.576741,-27.463433],[-49.576724,-27.463473],[-49.576706,-27.46352],[-49.576693,-27.463551],[-49.576683,-27.463571],[-49.576646,-27.463644],[-49.576518,-27.463894],[-49.576493,-27.463952],[-49.576482,-27.463978],[-49.576452,-27.464096],[-49.576449,-27.464134],[-49.576437,-27.464294],[-49.576438,-27.464308],[-49.576446,-27.464406],[-49.576441,-27.464422],[-49.57643,-27.464462],[-49.57643,-27.464464],[-49.576443,-27.464503],[-49.576462,-27.464557],[-49.576466,-27.464571],[-49.576465,-27.464598],[-49.576462,-27.464672],[-49.576478,-27.464767],[-49.576476,-27.464801],[-49.576474,-27.464841],[-49.576472,-27.464882],[-49.576474,-27.464896],[-49.57648,-27.464924],[-49.576486,-27.464951],[-49.576491,-27.464977],[-49.576547,-27.465055],[-49.576582,-27.46513],[-49.576588,-27.46522],[-49.576588,-27.465221],[-49.576555,-27.465354],[-49.576548,-27.465381],[-49.576518,-27.465465],[-49.576505,-27.465573],[-49.576497,-27.46564],[-49.576497,-27.465646],[-49.576474,-27.465715],[-49.576474,-27.46573],[-49.576472,-27.465776],[-49.57647,-27.465824],[-49.57647,-27.46583],[-49.576461,-27.465859],[-49.576451,-27.465892],[-49.576433,-27.465947],[-49.57695,-27.465952],[-49.576893,-27.465897],[-49.576875,-27.465863],[-49.576883,-27.465834],[-49.576885,-27.465828],[-49.576915,-27.465781],[-49.576927,-27.465735],[-49.576924,-27.465719],[-49.576912,-27.46565],[-49.576911,-27.465645],[-49.576916,-27.465577],[-49.576939,-27.465469],[-49.576947,-27.465385],[-49.576949,-27.465358],[-49.576987,-27.465225],[-49.576987,-27.465224],[-49.576997,-27.465134],[-49.577005,-27.46506],[-49.577014,-27.464982],[-49.577031,-27.464957],[-49.577036,-27.46493],[-49.577062,-27.464902],[-49.577066,-27.464888],[-49.577076,-27.464848],[-49.577107,-27.464807],[-49.57712,-27.464774],[-49.577157,-27.464679],[-49.577186,-27.464605],[-49.577214,-27.464578],[-49.577227,-27.464565],[-49.577256,-27.464511],[-49.577296,-27.464473],[-49.577297,-27.464471],[-49.577316,-27.464431],[-49.577327,-27.464415],[-49.577392,-27.464318],[-49.577395,-27.464303],[-49.577425,-27.464144],[-49.577426,-27.464106],[-49.577427,-27.463988],[-49.577428,-27.463961],[-49.577421,-27.463903],[-49.577392,-27.463652],[-49.577368,-27.463578],[-49.577357,-27.463558],[-49.577339,-27.463526],[-49.577302,-27.463479],[-49.577285,-27.463438],[-49.577282,-27.46336],[-49.577281,-27.463333],[-49.577289,-27.463266],[-49.577298,-27.463198],[-49.577298,-27.463192],[-49.577321,-27.463117],[-49.577335,-27.463094],[-49.577352,-27.463066],[-49.577368,-27.463026],[-49.577374,-27.462955],[-49.577375,-27.462942],[-49.577392,-27.462894],[-49.577411,-27.4628],[-49.577422,-27.462747],[-49.577436,-27.462716],[-49.57745,-27.462682],[-49.577513,-27.462591],[-49.577515,-27.462588],[-49.577604,-27.4624],[-49.577613,-27.46239],[-49.577675,-27.462322],[-49.577724,-27.462268],[-49.577737,-27.462253],[-49.577763,-27.462189]]],[[[-49.577146,-27.459376],[-49.577181,-27.459403],[-49.577272,-27.459419],[-49.5773,-27.459423],[-49.577398,-27.459431],[-49.57743,-27.459425],[-49.577452,-27.45942],[-49.577485,-27.459406],[-49.577546,-27.45938],[-49.577565,-27.459357],[-49.577587,-27.459329],[-49.577588,-27.459328],[-49.57759,-27.459324],[-49.577601,-27.459303],[-49.577604,-27.459297],[-49.577614,-27.459278],[-49.577634,-27.45924],[-49.577657,-27.459197],[-49.577664,-27.45919],[-49.577715,-27.459137],[-49.57773,-27.459122],[-49.577759,-27.459073],[-49.577772,-27.459028],[-49.577781,-27.458996],[-49.577784,-27.458984],[-49.577786,-27.458979],[-49.577784,-27.458972],[-49.57778,-27.458957],[-49.577777,-27.45895],[-49.577297,-27.458945],[-49.577469,-27.458954],[-49.577549,-27.458969],[-49.577568,-27.458976],[-49.577584,-27.458982],[-49.577596,-27.458994],[-49.577605,-27.459026],[-49.57759,-27.459071],[-49.577573,-27.45912],[-49.577567,-27.459136],[-49.577538,-27.459188],[-49.577532,-27.459196],[-49.577497,-27.459239],[-49.577437,-27.459276],[-49.577384,-27.459294],[-49.57734002357102,-27.459300413229226],[-49.57733280231405,-27.45930034165289],[-49.577302,-27.459294],[-49.577286,-27.45929],[-49.577254,-27.459276],[-49.577166,-27.459237],[-49.577072,-27.459213],[-49.577039,-27.459205],[-49.576954,-27.459192],[-49.576885,-27.459203],[-49.576839,-27.459211],[-49.576796,-27.459233],[-49.576725,-27.45927],[-49.576706,-27.459284],[-49.576702,-27.459287],[-49.576693,-27.459294],[-49.576665,-27.459315],[-49.576638,-27.459334],[-49.576622,-27.459339],[-49.576577,-27.459353],[-49.57655,-27.45939],[-49.576513,-27.459408],[-49.576456,-27.459437],[-49.576383,-27.459499],[-49.576381,-27.459506],[-49.576371,-27.459535],[-49.576396,-27.459572],[-49.57644,-27.459615],[-49.576473,-27.459631],[-49.576479,-27.459642],[-49.576514,-27.459703],[-49.576516,-27.45973],[-49.576508,-27.459778],[-49.576496,-27.459845],[-49.576472,-27.459886],[-49.576462,-27.459901],[-49.576421,-27.459932],[-49.576371,-27.459943],[-49.576337,-27.459951],[-49.576592,-27.459954],[-49.576596,-27.459946],[-49.576601,-27.459933],[-49.576613,-27.459903],[-49.576619,-27.459887],[-49.57662,-27.459847],[-49.576622,-27.459779],[-49.576632,-27.459732],[-49.576638,-27.459704],[-49.576651,-27.459644],[-49.576654,-27.459633],[-49.576659,-27.459617],[-49.576673,-27.459575],[-49.576684,-27.459538],[-49.576693,-27.459509],[-49.576698,-27.459503],[-49.576742,-27.45944],[-49.576762,-27.459411],[-49.576786,-27.459392],[-49.576832,-27.459356],[-49.576849,-27.459342],[-49.576864,-27.459337],[-49.57692058826621,-27.459317486804753],[-49.576935369109265,-27.45931763061836],[-49.577028,-27.459322],[-49.57703,-27.459323],[-49.577116,-27.459352],[-49.577146,-27.459376]]],[[[-49.577626,-27.458844],[-49.57761,-27.458846],[-49.577571142474326,-27.458850738722642],[-49.577567414902624,-27.45885070279424],[-49.577537,-27.458845],[-49.577456,-27.458831],[-49.577435,-27.458828],[-49.577426,-27.458826],[-49.577308,-27.458817],[-49.577254,-27.458824],[-49.577243,-27.458826],[-49.57722200469484,-27.458828624413147],[-49.5772164054054,-27.45882856756757],[-49.577195,-27.458825],[-49.577174,-27.45881],[-49.577171,-27.458808],[-49.57714214168938,-27.458809697547682],[-49.57713591530944,-27.45880963843648],[-49.577131,-27.458808],[-49.577111,-27.4588],[-49.577081,-27.458768],[-49.577064,-27.458751],[-49.577053,-27.458727],[-49.57704,-27.458719],[-49.57704,-27.458705],[-49.577026,-27.458694],[-49.577032,-27.458653],[-49.577025,-27.458641],[-49.577026,-27.458634],[-49.577028,-27.458527],[-49.577018,-27.4585],[-49.577008,-27.458471],[-49.577008,-27.458458],[-49.577008,-27.458449],[-49.577008,-27.458444],[-49.577035,-27.458419],[-49.577058,-27.458418],[-49.576756,-27.458414],[-49.576757,-27.458416],[-49.576769,-27.458442],[-49.576771,-27.458447],[-49.576788,-27.458455],[-49.576789,-27.458469],[-49.576791,-27.458498],[-49.576803,-27.458525],[-49.57685,-27.458633],[-49.576849,-27.458639],[-49.576846,-27.458651],[-49.576838,-27.458692],[-49.576839,-27.458703],[-49.57684,-27.458717],[-49.57684,-27.458725],[-49.576842,-27.458748],[-49.576843,-27.458766],[-49.576855,-27.458797],[-49.576858,-27.458805],[-49.576858,-27.458807],[-49.576864,-27.458822],[-49.576865,-27.458825],[-49.57687,-27.458838],[-49.576872,-27.458844],[-49.576873,-27.458846],[-49.576873,-27.458847],[-49.576884,-27.458859],[-49.576904,-27.45888],[-49.576944,-27.458902],[-49.576987,-27.458926],[-49.577057,-27.458942],[-49.577777,-27.45895],[-49.577773,-27.458934],[-49.577766,-27.458911],[-49.577749,-27.458889],[-49.577733,-27.458867],[-49.577714,-27.458855],[-49.577702,-27.458852],[-49.57768,-27.458847],[-49.577626,-27.458844]]],[[[-49.577231,-27.458495],[-49.57725,-27.458504],[-49.577303,-27.458517],[-49.577333,-27.458524],[-49.577403,-27.458518],[-49.577448,-27.458506],[-49.577481,-27.458497],[-49.577552,-27.458476],[-49.577583,-27.458454],[-49.577584,-27.458453],[-49.577597,-27.458423],[-49.577058,-27.458418],[-49.57714,-27.458449],[-49.577141,-27.45845],[-49.577186,-27.458472],[-49.577231,-27.458495]]],[[[-49.577616,-27.45827],[-49.577598,-27.458219],[-49.577557,-27.458158],[-49.577523,-27.458107],[-49.577493,-27.458082],[-49.577424,-27.458044],[-49.577406,-27.458027],[-49.577386,-27.458007],[-49.577382,-27.457982],[-49.577387,-27.457973],[-49.577392,-27.457963],[-49.577421,-27.457939],[-49.577436,-27.457926],[-49.577469,-27.457915],[-49.577528,-27.457915],[-49.577197,-27.457911],[-49.577197,-27.457912],[-49.577193,-27.457924],[-49.577188,-27.457936],[-49.577186,-27.457961],[-49.577185,-27.457971],[-49.577189,-27.45798],[-49.577201,-27.458005],[-49.577209,-27.458025],[-49.577225,-27.458042],[-49.577259,-27.458079],[-49.577282,-27.458104],[-49.577329,-27.458156],[-49.57743,-27.458217],[-49.577431,-27.458218],[-49.57746,-27.458268],[-49.577473,-27.45829],[-49.577479,-27.458319],[-49.577477,-27.458326],[-49.577472,-27.458342],[-49.577413,-27.458397],[-49.577405,-27.4584],[-49.577398,-27.458403],[-49.57739266591167,-27.458404778029443],[-49.57739066336021,-27.45840475697458],[-49.577381,-27.458403],[-49.577322,-27.458389],[-49.577315,-27.458388],[-49.577242,-27.458357],[-49.577231,-27.458352],[-49.577173,-27.458319],[-49.577132,-27.458296],[-49.577121,-27.45829],[-49.577042,-27.458246],[-49.57703,-27.458242],[-49.576965,-27.458221],[-49.576955,-27.458218],[-49.576936,-27.458221],[-49.576903,-27.458241],[-49.576899,-27.458245],[-49.576854,-27.458288],[-49.576839,-27.458293],[-49.57683,-27.458316],[-49.576774,-27.458347],[-49.576766,-27.458352],[-49.57675,-27.458382],[-49.576749,-27.458384],[-49.576747,-27.458396],[-49.576748,-27.458398],[-49.576756,-27.458414],[-49.577597,-27.458423],[-49.577604,-27.458407],[-49.577605,-27.458405],[-49.577606,-27.458402],[-49.577606,-27.458399],[-49.577618,-27.458343],[-49.577621,-27.458327],[-49.577621,-27.458321],[-49.577618,-27.458292],[-49.577616,-27.45827]]],[[[-49.578203,-27.457922],[-49.578205,-27.457921],[-49.578226,-27.457889],[-49.578243,-27.457863],[-49.57724,-27.457853],[-49.577209,-27.457879],[-49.577198,-27.45791],[-49.577197,-27.457911],[-49.578203,-27.457922]]],[[[-49.577477,-27.457768],[-49.577452,-27.45777],[-49.57734,-27.457783],[-49.57731,-27.457799],[-49.577292,-27.457809],[-49.577244,-27.457849],[-49.577242,-27.457851],[-49.57724,-27.457853],[-49.577885,-27.457859],[-49.577872,-27.457858],[-49.577855,-27.457856],[-49.577651,-27.457812],[-49.577604,-27.457802],[-49.577562,-27.457785],[-49.577527,-27.457771],[-49.577477,-27.457768]]],[[[-49.577844,-27.457412],[-49.577825,-27.457409],[-49.577757,-27.457408],[-49.577751,-27.457411],[-49.577844,-27.457412]]],[[[-49.57778,-27.457405],[-49.577779,-27.457406],[-49.577777,-27.457408],[-49.577825,-27.457409],[-49.577812,-27.457406],[-49.577809,-27.457405],[-49.577784,-27.457401],[-49.57778,-27.457405]]],[[[-49.577762,-27.457406],[-49.577757,-27.457408],[-49.577777,-27.457408],[-49.577762,-27.457406]]],[[[-49.577236,-27.457226],[-49.577241,-27.457226],[-49.577284,-27.457208],[-49.577324,-27.457192],[-49.577326,-27.457191],[-49.577359,-27.457187],[-49.577222,-27.457185],[-49.577222,-27.45719],[-49.577224,-27.457208],[-49.577236,-27.457226]]],[[[-49.577797,-27.457161],[-49.577797,-27.457168],[-49.577858,-27.457162],[-49.577797,-27.457161]]],[[[-49.577762,-27.457143],[-49.577765,-27.457145],[-49.577795,-27.457144],[-49.577762,-27.457143]]],[[[-49.577001,-27.466022],[-49.577021,-27.466018],[-49.577027,-27.466017],[-49.577035,-27.466007],[-49.577034,-27.466001],[-49.577033,-27.465987],[-49.57691,-27.465985],[-49.576929,-27.466],[-49.576942,-27.466006],[-49.576968,-27.466016],[-49.576971,-27.466018],[-49.577001,-27.466022]]],[[[-49.577033,-27.465987],[-49.577033,-27.465985],[-49.576996,-27.465986],[-49.577033,-27.465987]]],[[[-49.576887,-27.465968],[-49.576896,-27.465974],[-49.57691,-27.465985],[-49.576996,-27.465986],[-49.576973,-27.465975],[-49.576966,-27.465969],[-49.57695,-27.465952],[-49.576839,-27.465951],[-49.576887,-27.465968]]],[[[-49.577078,-27.458947],[-49.577113,-27.45895],[-49.577136,-27.458952],[-49.577163,-27.458951],[-49.577207,-27.458949],[-49.577297,-27.458945],[-49.577057,-27.458942],[-49.577078,-27.458947]]],[[[-49.57605,-27.460251],[-49.576032,-27.460233],[-49.576028,-27.46023],[-49.575978,-27.460224],[-49.575944,-27.460205],[-49.575887,-27.460131],[-49.575883,-27.460124],[-49.575862,-27.460081],[-49.575864,-27.460042],[-49.575878,-27.460011],[-49.575892,-27.459979],[-49.575924,-27.459939],[-49.575926,-27.459937],[-49.575963,-27.459906],[-49.576001,-27.45989],[-49.576031,-27.459889],[-49.575892,-27.459887],[-49.575891,-27.459889],[-49.575875,-27.459905],[-49.575844,-27.459936],[-49.575842,-27.459938],[-49.575817,-27.459978],[-49.575797,-27.46001],[-49.57579,-27.460041],[-49.575782,-27.46008],[-49.575773,-27.460122],[-49.575775,-27.460129],[-49.575788,-27.460203],[-49.575792,-27.460222],[-49.575793,-27.460228],[-49.575793,-27.460231],[-49.575808,-27.460248],[-49.575836,-27.460282],[-49.575853,-27.46029],[-49.575901,-27.460313],[-49.575934,-27.460355],[-49.575936,-27.460389],[-49.575936,-27.460393],[-49.575914,-27.460439],[-49.575898,-27.460458],[-49.575859,-27.460501],[-49.575755,-27.460577],[-49.57567,-27.460593],[-49.575664,-27.460594],[-49.575872,-27.460596],[-49.575873,-27.460595],[-49.575889,-27.460578],[-49.575961,-27.460503],[-49.576002,-27.460459],[-49.576015,-27.46044],[-49.576047,-27.460394],[-49.576049,-27.46039],[-49.576055,-27.460356],[-49.576062,-27.460315],[-49.576066,-27.460293],[-49.576063,-27.460284],[-49.57605,-27.460251]]],[[[-49.576592,-27.459954],[-49.576145,-27.459949],[-49.576146,-27.45995],[-49.576175,-27.459982],[-49.576221,-27.460061],[-49.576228,-27.460073],[-49.57624,-27.460116],[-49.576263,-27.460139],[-49.576266,-27.460142],[-49.576281,-27.46015],[-49.576304,-27.460151],[-49.576348,-27.460143],[-49.576364,-27.46014],[-49.576401,-27.460117],[-49.576469,-27.460075],[-49.576489,-27.460063],[-49.576563,-27.459986],[-49.576592,-27.459955],[-49.576592,-27.459954]]],[[[-49.576138,-27.459941],[-49.576145,-27.459949],[-49.576337,-27.459951],[-49.576322,-27.459943],[-49.576298,-27.459929],[-49.576292,-27.459925],[-49.576265,-27.459891],[-49.576031,-27.459889],[-49.576115,-27.459923],[-49.576125,-27.459927],[-49.576138,-27.459941]]],[[[-49.576054,-27.459807],[-49.575982,-27.45983],[-49.575954,-27.459846],[-49.575929,-27.45986],[-49.575906,-27.459873],[-49.575892,-27.459887],[-49.576265,-27.459891],[-49.576254,-27.459877],[-49.576243,-27.459863],[-49.576223,-27.459848],[-49.57617,-27.459832],[-49.576092,-27.459807],[-49.576062,-27.459804],[-49.576054,-27.459807]]],[[[-49.57327,-27.462468],[-49.573313,-27.462465],[-49.57332,-27.462456],[-49.573219,-27.462365],[-49.573193,-27.462342],[-49.573129,-27.462342],[-49.573165,-27.462365],[-49.573258,-27.462456],[-49.573267,-27.462465],[-49.57327,-27.462468]]],[[[-49.573105,-27.462341],[-49.573107,-27.462344],[-49.573129,-27.462342],[-49.573105,-27.462341]]],[[[-49.572763,-27.462009],[-49.572738,-27.461987],[-49.57273,-27.461969],[-49.572703,-27.461904],[-49.572683,-27.461858],[-49.572683,-27.461852],[-49.572682,-27.461843],[-49.572681,-27.461836],[-49.57268,-27.461828],[-49.572677,-27.461798],[-49.572676,-27.461783],[-49.57245,-27.461781],[-49.57249,-27.461796],[-49.572516,-27.461827],[-49.572531,-27.461834],[-49.572528,-27.461841],[-49.572543,-27.461851],[-49.572546,-27.461856],[-49.572576,-27.461903],[-49.572633,-27.461968],[-49.572663,-27.461986],[-49.5727,-27.462008],[-49.572887,-27.462163],[-49.57292,-27.46219],[-49.572995,-27.462238],[-49.573045,-27.462269],[-49.573052,-27.462273],[-49.573098,-27.462317],[-49.573093,-27.462328],[-49.573105,-27.462341],[-49.573193,-27.462342],[-49.573178,-27.462328],[-49.573166,-27.462318],[-49.573117,-27.462274],[-49.573112,-27.46227],[-49.573072,-27.462238],[-49.572992,-27.46219],[-49.572946,-27.462163],[-49.572763,-27.462009]]],[[[-49.57219,-27.461784],[-49.572221,-27.461813],[-49.572244,-27.461822],[-49.572248,-27.461825],[-49.572283,-27.461855],[-49.572321,-27.461858],[-49.572329,-27.461855],[-49.572395,-27.461826],[-49.572398,-27.461823],[-49.572404,-27.461815],[-49.572427,-27.461787],[-49.572427,-27.461786],[-49.57245,-27.461781],[-49.572188,-27.461778],[-49.57219,-27.461784]]],[[[-49.572191,-27.46168],[-49.57219,-27.461683],[-49.572185,-27.461704],[-49.572189,-27.461746],[-49.572182,-27.461765],[-49.572188,-27.461778],[-49.572676,-27.461783],[-49.572674,-27.46177],[-49.572672,-27.461751],[-49.572672,-27.46175],[-49.572652,-27.461709],[-49.572642,-27.461688],[-49.572638,-27.461684],[-49.572191,-27.46168]]],[[[-49.572476,-27.461625],[-49.572474,-27.461626],[-49.572441,-27.461642],[-49.572391,-27.461648],[-49.572372,-27.461665],[-49.572354,-27.461681],[-49.572638,-27.461684],[-49.572623,-27.461668],[-49.572597,-27.46165],[-49.572587,-27.461644],[-49.572562,-27.461627],[-49.572557,-27.461625],[-49.572537,-27.461619],[-49.572525,-27.461616],[-49.572508,-27.461619],[-49.572476,-27.461625]]],[[[-49.572406,-27.46129],[-49.572424,-27.461253],[-49.572455,-27.461222],[-49.572488,-27.461205],[-49.572496,-27.461201],[-49.572612,-27.461176],[-49.572633,-27.461171],[-49.572818,-27.461147],[-49.572933,-27.461132],[-49.573428,-27.461027],[-49.573439,-27.461025],[-49.573868,-27.460985],[-49.573894,-27.460978],[-49.573956,-27.460961],[-49.574045,-27.46092],[-49.574066,-27.46091],[-49.57416806633548,-27.460886446230273],[-49.57421750247226,-27.460886943757725],[-49.574321,-27.460889],[-49.574481,-27.460903],[-49.574498,-27.460905],[-49.574579,-27.460919],[-49.574756,-27.460935],[-49.57479,-27.460938],[-49.574822,-27.460941],[-49.574871,-27.460939],[-49.574924,-27.460937],[-49.574967,-27.460922],[-49.575001,-27.460911],[-49.575004,-27.460908],[-49.575016,-27.460896],[-49.575018,-27.460895],[-49.575032,-27.460882],[-49.575038,-27.460876],[-49.575042,-27.460851],[-49.575042,-27.460846],[-49.575044,-27.460833],[-49.575048,-27.460806],[-49.575054,-27.460762],[-49.575068,-27.46071],[-49.575077,-27.460681],[-49.575132,-27.460586],[-49.575155,-27.46057],[-49.575158624309395,-27.460567281767954],[-49.575162991840415,-27.460567323662737],[-49.57527,-27.460576],[-49.575313,-27.460589],[-49.57531401777778,-27.46058900888889],[-49.575318,-27.460591],[-49.575664,-27.460594],[-49.575574,-27.460592],[-49.575542,-27.460591],[-49.575481,-27.460578],[-49.575442,-27.46057],[-49.575423,-27.460566],[-49.575304,-27.46056],[-49.575245,-27.460542],[-49.575153,-27.460514],[-49.575115,-27.460511],[-49.575111,-27.460514],[-49.575056,-27.46054],[-49.575035,-27.460557],[-49.575029,-27.460562],[-49.575025,-27.460566],[-49.575021,-27.460568],[-49.575007,-27.460585],[-49.574925,-27.460679],[-49.574899,-27.460708],[-49.574871,-27.46076],[-49.574847,-27.460803],[-49.574821,-27.46083],[-49.574792,-27.460844],[-49.57469166191758,-27.460847551790526],[-49.5746756690947,-27.460847394380853],[-49.574646,-27.460842],[-49.574597,-27.460834],[-49.574563,-27.460828],[-49.574549,-27.460825],[-49.574483,-27.460814],[-49.574474,-27.460813],[-49.574444,-27.460814],[-49.574429,-27.460824],[-49.57442,-27.460826],[-49.574396784588444,-27.46083180385289],[-49.57439575802469,-27.460831792592593],[-49.574389,-27.460826],[-49.574373,-27.460814],[-49.574356,-27.460801],[-49.57435392504259,-27.46080097955707],[-49.574343,-27.460798],[-49.574311,-27.460791],[-49.574196,-27.460797],[-49.574156,-27.460799],[-49.57427479999994,-27.4608002],[-49.574153,-27.460799],[-49.574081,-27.460811],[-49.57406,-27.460823],[-49.57405,-27.460828],[-49.574035,-27.460836],[-49.574026,-27.460841],[-49.573981,-27.460865],[-49.573969,-27.460871],[-49.573925,-27.460884],[-49.573839,-27.460908],[-49.573805,-27.460918],[-49.573447,-27.460956],[-49.573293,-27.460972],[-49.57327,-27.460979],[-49.573139,-27.461022],[-49.573131,-27.461024],[-49.572551,-27.461128],[-49.572466,-27.461144],[-49.572415,-27.461169],[-49.572405,-27.461173],[-49.572383,-27.4612],[-49.572379,-27.461204],[-49.572374,-27.461221],[-49.572366,-27.461252],[-49.572355,-27.461289],[-49.572316,-27.461431],[-49.572305,-27.461448],[-49.57221,-27.461601],[-49.572208,-27.46161],[-49.572207,-27.461616],[-49.572203,-27.461629],[-49.572195,-27.461661],[-49.572195,-27.461663],[-49.572191,-27.46168],[-49.572354,-27.461681],[-49.572331,-27.461665],[-49.572328,-27.461662],[-49.57231,-27.461631],[-49.572318,-27.461617],[-49.572311,-27.461611],[-49.572314,-27.461602],[-49.572376,-27.461448],[-49.572379,-27.461431],[-49.572406,-27.46129]],[[-49.5753171137719,-27.460589035928137],[-49.57531711377246,-27.46058903592814],[-49.575574,-27.460592],[-49.5753171137719,-27.460589035928137]],[[-49.57514205263161,-27.460567122807017],[-49.57514205263166,-27.460567122807017],[-49.575021,-27.460568],[-49.57514205263161,-27.460567122807017]],[[-49.57440186332292,-27.46083185956113],[-49.57440186332288,-27.46083185956113],[-49.574563,-27.460828],[-49.57440186332292,-27.46083185956113]]],[[[-49.575642,-27.460688],[-49.575644,-27.460687],[-49.575606,-27.460686],[-49.575609,-27.460688],[-49.575626,-27.460698],[-49.575642,-27.460688]]],[[[-49.575645,-27.460687],[-49.575665,-27.460689],[-49.575671,-27.460687],[-49.575645,-27.460687]]],[[[-49.575318,-27.460591],[-49.575396,-27.460614],[-49.575474,-27.460638],[-49.575554,-27.460654],[-49.57557,-27.460664],[-49.575606,-27.460686],[-49.575671,-27.460687],[-49.57574,-27.460666],[-49.575761,-27.460656],[-49.575794,-27.460641],[-49.575842,-27.460619],[-49.575872,-27.460596],[-49.575318,-27.460591]]]]}}]}