{"type":"FeatureCollection","features":[{"type":"Feature","properties":{"camada":"COTA - 5,00","nivel_fonte_m":5.0,"poligonos_fonte":9688},"geometry":{"type":"MultiPolygon","coordinates":[[[[-49.615243,-27.431278],[-49.615266,-27.431291],[-49.615269,-27.431279],[-49.615288,-27.431209],[-49.615331,-27.431049],[-49.615364,-27.430925],[-49.615371,-27.430897],[-49.615373,-27.43089],[-49.614532,-27.430882],[-49.61455,-27.430889],[-49.614615,-27.430918],[-49.614856,-27.431044],[-49.615112,-27.431207],[-49.615243,-27.431278]]],[[[-49.620443,-27.413575],[-49.620324,-27.413574],[-49.620342,-27.413575],[-49.620443,-27.413584],[-49.620443,-27.413576],[-49.620443,-27.413575]]],[[[-49.620211,-27.413573],[-49.620214,-27.413574],[-49.620324,-27.413574],[-49.620211,-27.413573]]],[[[-49.620026,-27.413251],[-49.620085,-27.413262],[-49.620099,-27.413279],[-49.620116,-27.413338],[-49.620134,-27.41353],[-49.620143,-27.413545],[-49.620211,-27.413573],[-49.620443,-27.413575],[-49.620445,-27.413548],[-49.620445,-27.413533],[-49.620455,-27.413341],[-49.620458,-27.413283],[-49.620459,-27.413265],[-49.620459,-27.413256],[-49.620026,-27.413251]]],[[[-49.619952,-27.413251],[-49.620024,-27.413251],[-49.619951,-27.41325],[-49.619952,-27.413251]]],[[[-49.620467,-27.413114],[-49.620467,-27.413101],[-49.620468,-27.413085],[-49.619086,-27.413071],[-49.619021,-27.413071],[-49.619091330259224,-27.41307168045862],[-49.619227,-27.413089],[-49.61933320293724,-27.41309002777036],[-49.619428,-27.413103],[-49.619549,-27.413133],[-49.619717,-27.413186],[-49.619772,-27.413212],[-49.619951,-27.41325],[-49.620459,-27.413256],[-49.620461,-27.413219],[-49.620463,-27.413193],[-49.620465,-27.413142],[-49.620467,-27.413114]]],[[[-49.618748,-27.413083],[-49.618816,-27.413127],[-49.618837,-27.413129],[-49.618881,-27.413132],[-49.61892,-27.41313],[-49.618921,-27.413128],[-49.618961,-27.413085],[-49.618963,-27.413083],[-49.61902,-27.413071],[-49.618697,-27.413068],[-49.618742,-27.413081],[-49.618748,-27.413083]]],[[[-49.618162,-27.413066],[-49.618188,-27.41307],[-49.618241,-27.41308],[-49.618324,-27.413082],[-49.618351,-27.413093],[-49.618353,-27.413093],[-49.618376,-27.413083],[-49.61838,-27.413081],[-49.618399,-27.413073],[-49.618435,-27.413069],[-49.618663,-27.413066],[-49.618691,-27.413066],[-49.618131,-27.41306],[-49.618133,-27.413061],[-49.618162,-27.413066]]],[[[-49.620468,-27.413085],[-49.620468,-27.413084],[-49.618691,-27.413066],[-49.618693,-27.413067],[-49.61869602901024,-27.41306702901024],[-49.618697,-27.413068],[-49.619021,-27.413071],[-49.61870652380956,-27.41306712952381],[-49.6187454917833,-27.41306750273821],[-49.620468,-27.413085]]],[[[-49.620485,-27.412748],[-49.617324,-27.412717],[-49.617335,-27.412722],[-49.617461,-27.412776],[-49.617662,-27.412901],[-49.617913,-27.413006],[-49.618131,-27.41306],[-49.620468,-27.413084],[-49.620471,-27.413031],[-49.620476,-27.412928],[-49.620482,-27.412806],[-49.620485,-27.412753],[-49.620485,-27.412748]]],[[[-49.61715,-27.412773],[-49.617173,-27.412742],[-49.617204,-27.412716],[-49.617209,-27.412712],[-49.617022,-27.41271],[-49.61702,-27.412714],[-49.617007,-27.412741],[-49.616993,-27.412772],[-49.616942,-27.412814],[-49.616939,-27.412815],[-49.616871,-27.412845],[-49.616889,-27.412852],[-49.616947,-27.412871],[-49.616949,-27.412872],[-49.617033,-27.412872],[-49.617071,-27.412853],[-49.617079,-27.412847],[-49.617117,-27.412817],[-49.617118,-27.412816],[-49.61715,-27.412773]]],[[[-49.617238,-27.412716],[-49.620485,-27.412748],[-49.620485,-27.412744],[-49.617209,-27.412712],[-49.617238,-27.412716]]],[[[-49.620074,-27.412044],[-49.620056,-27.412031],[-49.62004,-27.412019],[-49.620009,-27.411996],[-49.619881,-27.412017],[-49.619813,-27.412029],[-49.61983,-27.412042],[-49.619825,-27.412064],[-49.619723,-27.412281],[-49.619668,-27.412347],[-49.619579,-27.412349],[-49.619577485714075,-27.412349],[-49.61957593653038,-27.41234898496772],[-49.619538,-27.41234],[-49.616889,-27.412314],[-49.616898,-27.412323],[-49.617009,-27.412433],[-49.617031,-27.412503],[-49.617027,-27.412533],[-49.617053,-27.412558],[-49.617056,-27.412571],[-49.617044,-27.412662],[-49.617022,-27.41271],[-49.620485,-27.412744],[-49.620488,-27.412696],[-49.620492,-27.412605],[-49.620493,-27.412592],[-49.620494,-27.412567],[-49.620496,-27.412537],[-49.620499,-27.412468],[-49.620505,-27.412358],[-49.620501,-27.412355],[-49.620408,-27.412288],[-49.620105,-27.412066],[-49.620074,-27.412044]]],[[[-49.617238,-27.412716],[-49.61727,-27.412721],[-49.617324,-27.412717],[-49.617238,-27.412716]]],[[[-49.61687,-27.412295],[-49.616889,-27.412314],[-49.61896,-27.412334],[-49.618919,-27.412315],[-49.618839,-27.412278],[-49.618833,-27.412275],[-49.618782,-27.412251],[-49.618662,-27.412195],[-49.618604,-27.412167],[-49.61844,-27.412091],[-49.618191,-27.411974],[-49.618095,-27.411929],[-49.617901,-27.411838],[-49.61775,-27.411767],[-49.617739,-27.411756],[-49.617685,-27.411701],[-49.617673,-27.411683],[-49.617656,-27.411658],[-49.617629,-27.411621],[-49.617589,-27.411563],[-49.617586,-27.411559],[-49.617528,-27.411476],[-49.617519,-27.411463],[-49.61746,-27.411378],[-49.617388,-27.411276],[-49.617316,-27.411172],[-49.617273,-27.41111],[-49.617256,-27.411086],[-49.617155,-27.410942],[-49.617141,-27.410922],[-49.617128,-27.410888],[-49.617103,-27.410827],[-49.617063,-27.410729],[-49.61705,-27.410695],[-49.617045,-27.410683],[-49.617041,-27.410673],[-49.616993,-27.410554],[-49.616956,-27.410463],[-49.616934,-27.410409],[-49.616914,-27.410336],[-49.616875,-27.4102],[-49.616821,-27.41001],[-49.616798,-27.409929],[-49.616754,-27.409774],[-49.616725,-27.409671],[-49.61669,-27.409549],[-49.616638,-27.409364],[-49.616583,-27.409168],[-49.616571,-27.409127],[-49.616556,-27.409109],[-49.616553,-27.409106],[-49.616543,-27.409094],[-49.61653,-27.409106],[-49.616526390516036,-27.40910870711297],[-49.61652476410004,-27.40910869102501],[-49.61651,-27.409105],[-49.616449,-27.409059],[-49.616402,-27.409023],[-49.61638,-27.408998],[-49.616349,-27.408963],[-49.616315,-27.408896],[-49.6163,-27.408845],[-49.616294,-27.408824],[-49.616303,-27.408792],[-49.616303,-27.40879],[-49.616291,-27.408772],[-49.616292,-27.408654],[-49.616295,-27.408651],[-49.616324,-27.408616],[-49.616326,-27.408615],[-49.616335,-27.408611],[-49.61434,-27.408591],[-49.614343,-27.408595],[-49.614344,-27.408596],[-49.614366,-27.408632],[-49.614368,-27.408635],[-49.614421,-27.408753],[-49.61443,-27.408772],[-49.61443,-27.408773],[-49.614435,-27.408806],[-49.614438,-27.408827],[-49.614438,-27.408877],[-49.614438,-27.408944],[-49.614438,-27.408979],[-49.614435,-27.409003],[-49.614431,-27.409039],[-49.614433,-27.409085],[-49.614433,-27.409088],[-49.614434,-27.409106],[-49.614436,-27.409147],[-49.614413,-27.409342],[-49.614432,-27.409526],[-49.614431,-27.409648],[-49.614453,-27.409751],[-49.614463,-27.409906],[-49.614476,-27.409987],[-49.614524,-27.410177],[-49.614577,-27.410313],[-49.614653,-27.410386],[-49.614709,-27.41044],[-49.614764,-27.410531],[-49.614823,-27.410651],[-49.614898,-27.410662],[-49.614933,-27.410674],[-49.614989,-27.410708],[-49.615109,-27.410807],[-49.615152,-27.410869],[-49.615163,-27.410902],[-49.61517,-27.410922],[-49.615169,-27.411065],[-49.615162,-27.411089],[-49.615125,-27.41115],[-49.615277,-27.411255],[-49.615376,-27.411357],[-49.615511,-27.411443],[-49.615516,-27.411456],[-49.615478,-27.411538],[-49.615537,-27.411542],[-49.615792,-27.411602],[-49.616181,-27.411644],[-49.616277,-27.411669],[-49.616309,-27.411688],[-49.616404,-27.411742],[-49.616416,-27.411753],[-49.616497,-27.411824],[-49.616564,-27.411914],[-49.616573,-27.411957],[-49.616567,-27.412072],[-49.616553,-27.412147],[-49.616536,-27.412174],[-49.616482,-27.412228],[-49.616472,-27.412251],[-49.61647,-27.412254],[-49.616471,-27.412256],[-49.616478,-27.412296],[-49.61648,-27.412306],[-49.616485,-27.412315],[-49.616493,-27.412329],[-49.616501,-27.412343],[-49.616509,-27.412345],[-49.616513,-27.412343],[-49.616533,-27.412329],[-49.616579,-27.412316],[-49.616622,-27.412307],[-49.616668,-27.412298],[-49.61676,-27.412259],[-49.61677,-27.412257],[-49.61678854819516,-27.412254217770727],[-49.61679035419355,-27.412254236129034],[-49.616796,-27.412258],[-49.61687,-27.412295]]],[[[-49.61896,-27.412334],[-49.619538,-27.41234],[-49.619497,-27.41233],[-49.6194,-27.412256],[-49.619356,-27.412202],[-49.619353,-27.412202],[-49.619197,-27.412254],[-49.618987,-27.412325],[-49.61896,-27.412334]]],[[[-49.616335,-27.408611],[-49.616355,-27.408615],[-49.616355,-27.408611],[-49.616335,-27.408611]]],[[[-49.616361,-27.408407],[-49.616351,-27.408377],[-49.616332,-27.408312],[-49.616318,-27.408265],[-49.616309,-27.408237],[-49.616306,-27.408226],[-49.616305,-27.408225],[-49.616299,-27.408203],[-49.616275,-27.408167],[-49.616184,-27.408027],[-49.616129,-27.407942],[-49.616087,-27.407878],[-49.616006,-27.407755],[-49.615936,-27.407646],[-49.6159,-27.407591],[-49.615798,-27.407435],[-49.615793,-27.407427],[-49.615756,-27.40737],[-49.615746,-27.407355],[-49.615701,-27.407345],[-49.615444,-27.407289],[-49.615025,-27.407196],[-49.614975,-27.407185],[-49.6148,-27.407147],[-49.614726,-27.40713],[-49.614604,-27.407145],[-49.61432398355654,-27.407178523095343],[-49.614319160172684,-27.407178475107926],[-49.614304,-27.407169],[-49.614262,-27.407141],[-49.614086,-27.407028],[-49.614038,-27.406997],[-49.614032,-27.406989],[-49.614019,-27.406972],[-49.614003,-27.40695],[-49.607488,-27.406886],[-49.607541,-27.406907],[-49.607561,-27.406925],[-49.607566,-27.406933],[-49.607584,-27.406964],[-49.607518,-27.407074],[-49.607536,-27.407102],[-49.607537,-27.407111],[-49.607538,-27.407122],[-49.607499,-27.407209],[-49.607502,-27.407264],[-49.607499,-27.407273],[-49.607494,-27.407288],[-49.607525,-27.407345],[-49.607512,-27.407352],[-49.607538,-27.407508],[-49.607516,-27.407563],[-49.607496,-27.40767],[-49.607498,-27.407792],[-49.607532,-27.407856],[-49.607523,-27.407941],[-49.607573,-27.408081],[-49.607577,-27.408116],[-49.607579,-27.408138],[-49.60758,-27.408148],[-49.607587,-27.408213],[-49.60759,-27.408239],[-49.607589,-27.408251],[-49.607585,-27.408324],[-49.607584,-27.408348],[-49.607583,-27.40836],[-49.61197,-27.408404],[-49.611978,-27.408391],[-49.612009,-27.408368],[-49.612166,-27.408297],[-49.612243,-27.408286],[-49.612415,-27.408261],[-49.61313,-27.408203],[-49.61335439772395,-27.408195581893423],[-49.613429008425456,-27.408196325777336],[-49.613501,-27.408198],[-49.61361,-27.40821],[-49.613784,-27.40824],[-49.613961,-27.408288],[-49.614119,-27.408355],[-49.614173,-27.408385],[-49.614215,-27.408423],[-49.61424,-27.408453],[-49.614257,-27.408475],[-49.614274,-27.408496],[-49.614297,-27.408523],[-49.61434,-27.408591],[-49.616355,-27.408611],[-49.616351,-27.408543],[-49.61635,-27.408516],[-49.616359,-27.408495],[-49.616381,-27.408474],[-49.616372,-27.408444],[-49.616361,-27.408407]]],[[[-49.614062,-27.431213],[-49.614077,-27.431182],[-49.614111,-27.431147],[-49.614202,-27.431106],[-49.613857,-27.431103],[-49.613839,-27.431144],[-49.613823,-27.43118],[-49.613809,-27.431211],[-49.613795,-27.431319],[-49.61377,-27.431509],[-49.613738,-27.431603],[-49.613673,-27.431789],[-49.613668,-27.431805],[-49.613669,-27.431886],[-49.613669,-27.431913],[-49.613685,-27.431941],[-49.613703,-27.431971],[-49.613708,-27.431972],[-49.613728,-27.431978],[-49.613769,-27.431973],[-49.61377,-27.431971],[-49.613809,-27.431942],[-49.613825,-27.431915],[-49.61384,-27.431888],[-49.613865,-27.431807],[-49.61387,-27.431791],[-49.613955,-27.431605],[-49.613973,-27.431511],[-49.614009,-27.431321],[-49.614062,-27.431213]]],[[[-49.613964,-27.430914],[-49.61396,-27.430928],[-49.613936,-27.430968],[-49.613891,-27.431046],[-49.613873,-27.431077],[-49.61386,-27.431098],[-49.613858,-27.431103],[-49.614202,-27.431106],[-49.614357,-27.431103],[-49.614411,-27.431082],[-49.614399,-27.431051],[-49.614405,-27.430973],[-49.614426,-27.430933],[-49.614433,-27.430919],[-49.61446,-27.430888],[-49.614532,-27.430882],[-49.613976,-27.430876],[-49.613973,-27.430884],[-49.613964,-27.430914]]],[[[-49.614968,-27.430323],[-49.614861,-27.430229],[-49.61478,-27.430158],[-49.614756,-27.430137],[-49.614694,-27.430082],[-49.614507,-27.429918],[-49.614441,-27.42986],[-49.614384,-27.429809],[-49.614347,-27.429778],[-49.614301,-27.429737],[-49.614294,-27.429731],[-49.614294,-27.42973],[-49.614264,-27.429704],[-49.614151,-27.429605],[-49.614101,-27.429561],[-49.614047,-27.429514],[-49.614012,-27.429483],[-49.613997,-27.42947],[-49.613968,-27.429445],[-49.613958,-27.429436],[-49.612418,-27.429421],[-49.612428,-27.429429],[-49.612458,-27.429455],[-49.612509,-27.429468],[-49.612552,-27.429499],[-49.612669,-27.429547],[-49.612713,-27.429591],[-49.612777,-27.429689],[-49.612833,-27.429716],[-49.612835,-27.429717],[-49.61286070732958,-27.42971626550487],[-49.61287072295883,-27.429716361479414],[-49.612872,-27.429717],[-49.612886,-27.429723],[-49.61296,-27.429764],[-49.612995,-27.429796],[-49.613025,-27.429846],[-49.61304,-27.429903],[-49.613062,-27.430066],[-49.613056,-27.43012],[-49.613079,-27.430141],[-49.613123,-27.430212],[-49.613236,-27.430305],[-49.613381,-27.430404],[-49.613611,-27.430534],[-49.613811,-27.430703],[-49.613883,-27.430764],[-49.613951,-27.430808],[-49.613969,-27.43083],[-49.613979,-27.430867],[-49.613976,-27.430876],[-49.615373,-27.43089],[-49.615376,-27.430881],[-49.615386,-27.430844],[-49.615392,-27.430822],[-49.615403,-27.430779],[-49.615419,-27.430719],[-49.615226,-27.43055],[-49.61508,-27.430421],[-49.614968,-27.430323]]],[[[-49.612338,-27.42945],[-49.612318,-27.429483],[-49.612254,-27.429652],[-49.612245,-27.429676],[-49.612245,-27.429679],[-49.612246,-27.429688],[-49.612255,-27.429693],[-49.612263,-27.429689],[-49.61228,-27.429679],[-49.612283,-27.429676],[-49.612302,-27.429652],[-49.612372,-27.429483],[-49.612386,-27.42945],[-49.612409,-27.429429],[-49.612418,-27.429421],[-49.612355,-27.42942],[-49.61235,-27.429429],[-49.612338,-27.42945]]],[[[-49.613301,-27.428859],[-49.61325,-27.428814],[-49.613089,-27.428672],[-49.613064,-27.42865],[-49.613059,-27.428646],[-49.611935,-27.428635],[-49.611995,-27.428639],[-49.61207,-27.428662],[-49.612378,-27.428805],[-49.612451,-27.428851],[-49.612502,-27.428919],[-49.612447,-27.429112],[-49.612439,-27.429166],[-49.612411,-27.429233],[-49.612407,-27.429274],[-49.612369,-27.429373],[-49.612364,-27.429403],[-49.612355,-27.42942],[-49.613958,-27.429436],[-49.613939,-27.429419],[-49.613904,-27.429388],[-49.61379,-27.429288],[-49.613743,-27.429247],[-49.613665,-27.429178],[-49.613603,-27.429123],[-49.61338,-27.428928],[-49.613301,-27.428859]]],[[[-49.611739,-27.428915],[-49.611746,-27.428859],[-49.611749,-27.428834],[-49.611754,-27.428799],[-49.611764,-27.428788],[-49.611766,-27.42878],[-49.611787,-27.428708],[-49.61179,-27.428699],[-49.611811,-27.428672],[-49.611833,-27.428659],[-49.611935,-27.428635],[-49.611361,-27.428629],[-49.611348,-27.428655],[-49.611341,-27.428668],[-49.611328,-27.428695],[-49.611324,-27.428703],[-49.611307,-27.428776],[-49.611302,-27.428783],[-49.611295,-27.428794],[-49.611273,-27.428829],[-49.611275,-27.428854],[-49.611224,-27.42891],[-49.611212,-27.428917],[-49.61119,-27.428931],[-49.611119,-27.428936],[-49.611069,-27.42894],[-49.611028,-27.428959],[-49.610939,-27.428963],[-49.611719,-27.428971],[-49.61172,-27.428966],[-49.611723,-27.428947],[-49.611724,-27.428942],[-49.611729,-27.428936],[-49.611738,-27.428922],[-49.611739,-27.428915]]],[[[-49.612343,-27.428167],[-49.612205,-27.428145],[-49.61215609194897,-27.428144619885614],[-49.612071,-27.428109],[-49.612047,-27.428103],[-49.611993,-27.428088],[-49.611968,-27.428074],[-49.611954,-27.428025],[-49.611954,-27.428024],[-49.611894,-27.428025],[-49.611869,-27.428073],[-49.611862,-27.428087],[-49.611855,-27.428101],[-49.61185,-27.428107],[-49.611819,-27.428142],[-49.611801,-27.428162],[-49.611766,-27.428203],[-49.611726,-27.428241],[-49.611704,-27.428261],[-49.611681,-27.428274],[-49.611643,-27.428294],[-49.61155584879289,-27.42830070393901],[-49.61154836487165,-27.428300628669685],[-49.611366,-27.428282],[-49.611321,-27.428261],[-49.611312,-27.428248],[-49.611305,-27.428237],[-49.611284,-27.428207],[-49.61128,-27.428237],[-49.611278,-27.428247],[-49.611281,-27.428261],[-49.611284,-27.428282],[-49.611287,-27.428298],[-49.611295,-27.428342],[-49.611346,-27.428478],[-49.611391,-27.428536],[-49.61138,-27.42856],[-49.611378,-27.428594],[-49.611361,-27.428629],[-49.613059,-27.428646],[-49.613018,-27.42861],[-49.612979,-27.428576],[-49.612951,-27.428551],[-49.612885,-27.428494],[-49.612729,-27.428357],[-49.612679,-27.428312],[-49.61267,-27.428304],[-49.612646,-27.428284],[-49.612587,-27.42827],[-49.612494,-27.428249],[-49.612421,-27.428209],[-49.612343,-27.428167]]],[[[-49.611955,-27.40871],[-49.611954,-27.408665],[-49.611971,-27.408635],[-49.611975,-27.408612],[-49.611975,-27.408608],[-49.611944,-27.408493],[-49.611943,-27.408491],[-49.611944,-27.408454],[-49.611946,-27.408448],[-49.611954,-27.408427],[-49.611958,-27.408422],[-49.611968,-27.408406],[-49.61197,-27.408404],[-49.611068,-27.408395],[-49.611134,-27.408398],[-49.611281,-27.408415],[-49.611293,-27.40842],[-49.611346,-27.408442],[-49.611353,-27.408448],[-49.611395,-27.408485],[-49.611398,-27.408487],[-49.611453,-27.408603],[-49.611455,-27.408607],[-49.611457,-27.40863],[-49.611458,-27.40866],[-49.611461,-27.408705],[-49.611453,-27.408722],[-49.611438,-27.408756],[-49.611435,-27.408764],[-49.611441,-27.408764],[-49.61146512434326,-27.408756280210156],[-49.61146768674699,-27.40875630668127],[-49.611499,-27.408762],[-49.611514,-27.408764],[-49.611564,-27.408794],[-49.611644,-27.40884],[-49.611651,-27.408843],[-49.611667,-27.40885],[-49.611716,-27.408871],[-49.611802,-27.408851],[-49.611829,-27.408845],[-49.611832,-27.408842],[-49.611871,-27.408797],[-49.611913,-27.408768],[-49.611917,-27.408766],[-49.611922,-27.408761],[-49.611956,-27.408727],[-49.611955,-27.40871]]],[[[-49.613699,-27.406947],[-49.614003,-27.40695],[-49.613982,-27.406923],[-49.613959,-27.406892],[-49.613955,-27.406887],[-49.613952,-27.406882],[-49.613927,-27.406886],[-49.613894,-27.406891],[-49.613886,-27.406922],[-49.613699,-27.406947]]],[[[-49.61278847959305,-27.406918749135944],[-49.612853,-27.406885],[-49.6127,-27.406874],[-49.612683,-27.40687],[-49.612579,-27.406843],[-49.612543,-27.406826],[-49.612533,-27.406821],[-49.612486,-27.406779],[-49.612435,-27.406767],[-49.61243,-27.406766],[-49.612262,-27.406599],[-49.612242,-27.406585],[-49.612233,-27.406578],[-49.61220458690177,-27.40658462972292],[-49.61220145670538,-27.406584598743397],[-49.612153,-27.406572],[-49.612141,-27.40656],[-49.612131,-27.406552],[-49.612106,-27.406497],[-49.612104,-27.406494],[-49.612083,-27.406466],[-49.61206,-27.406446],[-49.612056,-27.406443],[-49.612018,-27.406433],[-49.612005,-27.406422],[-49.612004,-27.406415],[-49.612002,-27.406399],[-49.607033,-27.40635],[-49.607047,-27.406365],[-49.607085,-27.406373],[-49.607148,-27.406384],[-49.607199,-27.406394],[-49.607218,-27.406398],[-49.607244,-27.406417],[-49.607281,-27.406446],[-49.607281,-27.406449],[-49.607291,-27.406503],[-49.607293,-27.406512],[-49.607292,-27.406523],[-49.607291,-27.406536],[-49.60729,-27.40655],[-49.607279,-27.406714],[-49.607279,-27.406716],[-49.60728,-27.406727],[-49.607287,-27.406769],[-49.607288,-27.406773],[-49.607301,-27.40679],[-49.60732,-27.406816],[-49.607331,-27.406821],[-49.607355,-27.40683],[-49.60744,-27.406865],[-49.607474,-27.40688],[-49.607488,-27.406886],[-49.613699,-27.406947],[-49.613588,-27.40694],[-49.61351,-27.406926],[-49.613482,-27.406921],[-49.613458,-27.406916],[-49.613328,-27.406901],[-49.613307,-27.406899],[-49.613171,-27.4069],[-49.613059,-27.406912],[-49.613025,-27.406916],[-49.612799259803396,-27.406918857470842],[-49.61278847959305,-27.406918749135944]]],[[[-49.611143,-27.430886],[-49.61116,-27.430824],[-49.61119,-27.430716],[-49.611217,-27.430616],[-49.611254,-27.430481],[-49.611269,-27.430425],[-49.611293,-27.430336],[-49.611297,-27.430323],[-49.61133,-27.430234],[-49.611385,-27.430089],[-49.611386,-27.430085],[-49.611403,-27.430022],[-49.611412,-27.429986],[-49.611431,-27.429914],[-49.611437,-27.429894],[-49.611446,-27.42986],[-49.61146,-27.429806],[-49.611473,-27.429775],[-49.611505,-27.429698],[-49.611524,-27.429655],[-49.611527,-27.429641],[-49.611543,-27.429583],[-49.611549,-27.42956],[-49.611557,-27.429532],[-49.611562,-27.429514],[-49.611567,-27.429495],[-49.611572,-27.429477],[-49.611572,-27.429475],[-49.611573,-27.429474],[-49.610177,-27.42946],[-49.610189,-27.429461],[-49.610202,-27.429463],[-49.610232,-27.429482],[-49.610251,-27.429501],[-49.610256,-27.429519],[-49.610248,-27.429547],[-49.61023,-27.42957],[-49.610219,-27.429628],[-49.610223,-27.429642],[-49.610233,-27.429686],[-49.610234,-27.429762],[-49.610223,-27.429794],[-49.610205,-27.429848],[-49.610201,-27.429882],[-49.610208,-27.429902],[-49.610283,-27.429975],[-49.61034,-27.430012],[-49.610379,-27.430075],[-49.610382,-27.430079],[-49.610502,-27.430226],[-49.610628,-27.430316],[-49.610647,-27.43033],[-49.610731,-27.430419],[-49.610726,-27.430476],[-49.610743,-27.430611],[-49.610772,-27.430712],[-49.610783,-27.43082],[-49.61082,-27.430883],[-49.610836,-27.43091],[-49.610851,-27.430961],[-49.610821,-27.431118],[-49.610822,-27.431127],[-49.610832,-27.431258],[-49.610847,-27.431287],[-49.610854,-27.431317],[-49.610869,-27.431385],[-49.610888,-27.431423],[-49.610893,-27.431425],[-49.610923,-27.431441],[-49.610957,-27.431426],[-49.610958,-27.431423],[-49.610974,-27.431386],[-49.611003,-27.431318],[-49.611014,-27.431288],[-49.611023,-27.43126],[-49.611068,-27.431129],[-49.61107,-27.431121],[-49.611119,-27.430964],[-49.611135,-27.430913],[-49.611143,-27.430886]]],[[[-49.610059,-27.429846],[-49.610041,-27.429833],[-49.609954,-27.429826],[-49.609923,-27.429786],[-49.609894,-27.429747],[-49.609896,-27.429729],[-49.609898,-27.429709],[-49.60992,-27.429683],[-49.609954,-27.429643],[-49.609987,-27.429575],[-49.61,-27.429548],[-49.610048,-27.429521],[-49.610079,-27.429495],[-49.610112,-27.429466],[-49.610162,-27.429461],[-49.610177,-27.42946],[-49.608948,-27.429447],[-49.608948,-27.429449],[-49.608947,-27.429454],[-49.608943,-27.429483],[-49.608951,-27.42951],[-49.608958,-27.429538],[-49.608965,-27.429565],[-49.608974,-27.429633],[-49.60898,-27.429673],[-49.609008,-27.429701],[-49.609028,-27.429721],[-49.609055,-27.429738],[-49.609116,-27.429778],[-49.609154,-27.429818],[-49.609159,-27.429824],[-49.609172,-27.429838],[-49.60919,-27.429856],[-49.609196,-27.429863],[-49.609223,-27.429919],[-49.609224,-27.429927],[-49.609229,-27.430005],[-49.60923,-27.430015],[-49.609221,-27.430038],[-49.609205,-27.430076],[-49.609192,-27.430106],[-49.609182,-27.430132],[-49.609165,-27.430171],[-49.609133,-27.43025],[-49.609106,-27.430316],[-49.609068,-27.430405],[-49.609053,-27.430424],[-49.608961,-27.430533],[-49.60892,-27.430575],[-49.608798,-27.4307],[-49.60877,-27.43073],[-49.608768,-27.430732],[-49.60875,-27.430774],[-49.608734,-27.430814],[-49.608739,-27.430851],[-49.608744,-27.430892],[-49.608744,-27.430894],[-49.608742,-27.430916],[-49.608741,-27.430931],[-49.608755,-27.430951],[-49.609299,-27.430957],[-49.609304,-27.430937],[-49.609307,-27.430922],[-49.60932,-27.4309],[-49.60932,-27.430898],[-49.609391,-27.430857],[-49.609441,-27.430821],[-49.609495,-27.430781],[-49.609546,-27.43074],[-49.609549,-27.430738],[-49.609572,-27.430708],[-49.60962,-27.430582],[-49.609619,-27.430539],[-49.609615,-27.430429],[-49.60962,-27.430411],[-49.609646,-27.430321],[-49.609697,-27.430255],[-49.609739,-27.430177],[-49.609773,-27.430138],[-49.609807,-27.430112],[-49.609891,-27.430083],[-49.609944,-27.430045],[-49.609956,-27.430023],[-49.609961,-27.430012],[-49.60998,-27.429935],[-49.609989,-27.429927],[-49.610051,-27.429871],[-49.610058,-27.429865],[-49.610059,-27.429846]]],[[[-49.61164,-27.429278],[-49.611643,-27.429264],[-49.611658,-27.429188],[-49.611667,-27.429161],[-49.611681,-27.429124],[-49.61169,-27.429098],[-49.611704,-27.429059],[-49.611709,-27.429026],[-49.611719,-27.428971],[-49.608895,-27.428943],[-49.608981,-27.428999],[-49.609049,-27.429032],[-49.609133,-27.429073],[-49.609155,-27.429099],[-49.609167,-27.429136],[-49.609163,-27.429164],[-49.609152,-27.429239],[-49.609136,-27.429253],[-49.609115,-27.429274],[-49.609093,-27.429295],[-49.60899,-27.429324],[-49.608967,-27.429375],[-49.608954,-27.429402],[-49.608948,-27.429447],[-49.611573,-27.429474],[-49.611585,-27.429428],[-49.611592,-27.429401],[-49.611609,-27.42935],[-49.611619,-27.42932],[-49.611625,-27.429299],[-49.61164,-27.429278]]],[[[-49.610819,-27.428691],[-49.610759,-27.428643],[-49.610741,-27.428608],[-49.610705,-27.428576],[-49.610678,-27.428553],[-49.610632,-27.428498],[-49.610586,-27.428444],[-49.610552,-27.428411],[-49.610531,-27.42839],[-49.610461,-27.428338],[-49.610441,-27.428323],[-49.610408,-27.428299],[-49.608414,-27.428279],[-49.608457,-27.428304],[-49.60851,-27.428319],[-49.608558,-27.42837],[-49.608577,-27.428391],[-49.608583,-27.428424],[-49.608593,-27.428478],[-49.608613,-27.428532],[-49.608621,-27.428555],[-49.608643,-27.428587],[-49.608668,-27.428622],[-49.6087,-27.428669],[-49.608701,-27.428671],[-49.608725,-27.428693],[-49.608775,-27.42872],[-49.608811,-27.428759],[-49.608835,-27.428805],[-49.608857,-27.428868],[-49.60887,-27.428906],[-49.608871,-27.428909],[-49.608888,-27.428935],[-49.608893,-27.428941],[-49.608895,-27.428943],[-49.610939,-27.428963],[-49.610938,-27.428962],[-49.610933,-27.428955],[-49.610935,-27.42893],[-49.610935,-27.428927],[-49.610925,-27.428889],[-49.610874,-27.428826],[-49.610856,-27.42878],[-49.61084,-27.428741],[-49.610828,-27.428714],[-49.61082,-27.428692],[-49.610819,-27.428691]]],[[[-49.610312,-27.428298],[-49.610408,-27.428299],[-49.610395,-27.428289],[-49.610384,-27.428287],[-49.61036,-27.428282],[-49.610347,-27.428286],[-49.610341,-27.428288],[-49.610312,-27.428298]]],[[[-49.609857543130985,-27.42801264345048],[-49.609837,-27.428011],[-49.609744,-27.42799],[-49.609675,-27.427973],[-49.609614,-27.427951],[-49.609452,-27.427949],[-49.609336,-27.427927],[-49.609326,-27.427916],[-49.60932,-27.42791],[-49.60837999992616,-27.427900666665934],[-49.60922,-27.427909],[-49.609198,-27.427908],[-49.609172,-27.427891],[-49.609159,-27.42787],[-49.609161,-27.427861],[-49.609178,-27.427793],[-49.609162,-27.427758],[-49.609139,-27.427705],[-49.608903,-27.427638],[-49.608219,-27.427441],[-49.60788,-27.427344],[-49.60788,-27.427333],[-49.607882,-27.427171],[-49.607885,-27.426954],[-49.607888,-27.426761],[-49.607888,-27.426738],[-49.607889,-27.426696],[-49.607889,-27.426688],[-49.607889,-27.426674],[-49.607889,-27.426673],[-49.60789,-27.426629],[-49.607891,-27.426575],[-49.608055,-27.426529],[-49.608235,-27.426479],[-49.608358,-27.426445],[-49.608367,-27.426442],[-49.608379,-27.426439],[-49.60843,-27.426424],[-49.606629,-27.426406],[-49.606667,-27.426422],[-49.606676,-27.426425],[-49.606687,-27.42643],[-49.606715,-27.426452],[-49.606744,-27.426476],[-49.60675,-27.426481],[-49.606755,-27.426484],[-49.606766,-27.426481],[-49.60678,-27.426476],[-49.606811,-27.426453],[-49.606877,-27.426432],[-49.606892,-27.426427],[-49.60690092385978,-27.426424322842067],[-49.606903209379716,-27.426424345537065],[-49.606916,-27.426428],[-49.606925,-27.42643],[-49.606969,-27.426466],[-49.606966,-27.426519],[-49.60694,-27.426566],[-49.60691,-27.42662],[-49.606903,-27.426663],[-49.606902,-27.426665],[-49.606892,-27.426678],[-49.60689,-27.42668],[-49.606817,-27.426775],[-49.60691,-27.42668],[-49.606919,-27.426678],[-49.6069685718475,-27.426665607038125],[-49.606972609642305,-27.42666564385692],[-49.607006,-27.426679],[-49.607029,-27.426687],[-49.607073,-27.42673],[-49.607085,-27.426753],[-49.607116,-27.426947],[-49.607131,-27.427163],[-49.607156,-27.427326],[-49.607156,-27.427336],[-49.607156,-27.42743],[-49.607142,-27.42762],[-49.607168,-27.427686],[-49.60719,-27.427739],[-49.60719,-27.427773],[-49.60719,-27.427841],[-49.607193,-27.42785],[-49.607199,-27.427871],[-49.607204,-27.427888],[-49.607204,-27.427889],[-49.60720500331911,-27.427889009957326],[-49.607207,-27.427895],[-49.607208,-27.427906],[-49.60721,-27.427927],[-49.607212,-27.427949],[-49.607214,-27.427964],[-49.607209,-27.427985],[-49.607208,-27.427986],[-49.607204,-27.428004],[-49.607191,-27.428034],[-49.607182,-27.428053],[-49.607168,-27.428084],[-49.607166,-27.428098],[-49.607163,-27.428139],[-49.607143,-27.428211],[-49.607133,-27.428247],[-49.607129,-27.428262],[-49.610316,-27.428294],[-49.610328,-27.428278],[-49.610308,-27.428243],[-49.610173,-27.428169],[-49.610098,-27.428127],[-49.610062,-27.428113],[-49.609977,-27.428081],[-49.60989,-27.428061],[-49.609874,-27.42803],[-49.609893,-27.428013],[-49.609905,-27.428002],[-49.609863172498045,-27.42801270005864],[-49.609857543130985,-27.42801264345048]]],[[[-49.610101,-27.409156],[-49.610106,-27.409153],[-49.610203,-27.409099],[-49.610336,-27.409025],[-49.610429,-27.408952],[-49.610525,-27.408891],[-49.610577,-27.408838],[-49.610636,-27.40874],[-49.610642,-27.40873],[-49.610669,-27.408685],[-49.610709,-27.408618],[-49.610721,-27.4086],[-49.610724,-27.408596],[-49.610747,-27.408569],[-49.61078,-27.40853],[-49.610787,-27.408524],[-49.610849,-27.408473],[-49.610933,-27.408429],[-49.610982,-27.408403],[-49.611068,-27.408395],[-49.607583,-27.40836],[-49.607583,-27.408369],[-49.607582,-27.408396],[-49.607571,-27.408441],[-49.607558,-27.408492],[-49.607555,-27.408498],[-49.607536,-27.408537],[-49.607537,-27.408564],[-49.607536,-27.408568],[-49.607529,-27.408587],[-49.607487,-27.408653],[-49.607474,-27.408699],[-49.60746,-27.408708],[-49.607415,-27.408806],[-49.60739,-27.40886],[-49.607362,-27.408921],[-49.607328,-27.408995],[-49.607293,-27.40907],[-49.607299,-27.409125],[-49.607299,-27.409128],[-49.607293,-27.409132],[-49.607322,-27.409157],[-49.607391,-27.409185],[-49.607399,-27.409197],[-49.607399,-27.409216],[-49.607399,-27.409223],[-49.607392,-27.409242],[-49.607368,-27.409266],[-49.607342,-27.409293],[-49.607329,-27.409351],[-49.607327,-27.409397],[-49.607337,-27.409424],[-49.607337,-27.409426],[-49.607342,-27.409438],[-49.607349,-27.409456],[-49.60735,-27.409483],[-49.60735,-27.409488],[-49.60735,-27.40949],[-49.607346,-27.409499],[-49.607334,-27.409524],[-49.6073,-27.409548],[-49.607315,-27.409566],[-49.607327,-27.409619],[-49.607327,-27.409622],[-49.6073,-27.409629],[-49.607296,-27.409638],[-49.607289,-27.409659],[-49.60728,-27.409687],[-49.60728,-27.409709],[-49.60728,-27.409728],[-49.607268,-27.409756],[-49.607251,-27.409793],[-49.607242,-27.409834],[-49.607235,-27.409861],[-49.60723,-27.409867],[-49.607215,-27.409888],[-49.607192,-27.409972],[-49.607183,-27.410005],[-49.607176,-27.410239],[-49.607168,-27.410265],[-49.607143,-27.410353],[-49.607137,-27.41039],[-49.607133,-27.41042],[-49.607134,-27.410426],[-49.607141,-27.410473],[-49.607143,-27.410483],[-49.607155,-27.41051],[-49.607181,-27.410537],[-49.60719,-27.410594],[-49.607182,-27.410618],[-49.607136,-27.410667],[-49.607119,-27.410699],[-49.607105,-27.410726],[-49.60706,-27.410919],[-49.60706,-27.410924],[-49.60705,-27.411017],[-49.607032,-27.411055],[-49.607032,-27.411107],[-49.607037,-27.411131],[-49.607043,-27.411159],[-49.607085,-27.411213],[-49.607086,-27.411235],[-49.607086,-27.411263],[-49.607077,-27.411325],[-49.607072,-27.411355],[-49.607055,-27.411399],[-49.607044,-27.411425],[-49.606999,-27.411537],[-49.60700000742075,-27.411537010435435],[-49.607032,-27.411582],[-49.60707,-27.411619],[-49.607111,-27.41166],[-49.607127,-27.411692],[-49.607141023182294,-27.41169213909378],[-49.607142,-27.411698],[-49.607126,-27.411745],[-49.607075,-27.41189],[-49.607071,-27.411904],[-49.607064,-27.411912],[-49.607048,-27.411912],[-49.607007,-27.411943],[-49.606971,-27.41197],[-49.606875,-27.412043],[-49.606834,-27.412073],[-49.60679,-27.412106],[-49.606783,-27.412113],[-49.60676,-27.412133],[-49.60657,-27.4123],[-49.606519,-27.412345],[-49.606445,-27.41241],[-49.606415,-27.412436],[-49.606382,-27.412465],[-49.606367,-27.412479],[-49.60628,-27.412555],[-49.606253,-27.412579],[-49.606236,-27.412594],[-49.606215,-27.412612],[-49.606205,-27.412619],[-49.606139,-27.412662],[-49.606125,-27.412677],[-49.606088,-27.41272],[-49.606084,-27.412723],[-49.606027,-27.412773],[-49.605957,-27.412877],[-49.605956,-27.412881],[-49.605946,-27.412908],[-49.605898,-27.41299],[-49.605881,-27.413019],[-49.605848,-27.413062],[-49.605757,-27.413182],[-49.6057,-27.413277],[-49.605664,-27.413338],[-49.605645,-27.413392],[-49.605628,-27.413442],[-49.605617,-27.413504],[-49.605612,-27.413538],[-49.605636,-27.413605],[-49.605637,-27.413606],[-49.605667,-27.413636],[-49.605701,-27.413669],[-49.605699,-27.41369],[-49.605676,-27.413717],[-49.605667,-27.413743],[-49.605666,-27.413744],[-49.605655,-27.413749],[-49.60564486741364,-27.413753221910987],[-49.60564120466786,-27.41375318393994],[-49.605632,-27.413749],[-49.605612,-27.413741],[-49.605605,-27.413738],[-49.605544,-27.41374],[-49.60553,-27.413748],[-49.605527,-27.413752],[-49.605499,-27.413797],[-49.605448,-27.413878],[-49.605441,-27.413889],[-49.605427,-27.413904],[-49.6054,-27.413935],[-49.605378,-27.413958],[-49.605356,-27.413982],[-49.605343,-27.414005],[-49.605331,-27.414025],[-49.60532,-27.414052],[-49.605292,-27.414124],[-49.605277,-27.414147],[-49.605233,-27.414213],[-49.605196,-27.414269],[-49.605099,-27.414416],[-49.605057,-27.41448],[-49.604989,-27.414526],[-49.604983,-27.414533],[-49.604972,-27.414547],[-49.60496,-27.414562],[-49.604928,-27.414604],[-49.604878,-27.414667],[-49.604862,-27.414684],[-49.60481,-27.414738],[-49.604785,-27.414765],[-49.604773,-27.414777],[-49.604741,-27.414818],[-49.604722,-27.414843],[-49.604676,-27.41487],[-49.604604,-27.414944],[-49.604592,-27.415003],[-49.604584,-27.415037],[-49.604569,-27.415074],[-49.60455,-27.415093],[-49.604526,-27.415118],[-49.604455,-27.415191],[-49.604444,-27.415278],[-49.604407,-27.415305],[-49.604393,-27.415315],[-49.60438,-27.415329],[-49.60434,-27.415374],[-49.604335,-27.415379],[-49.604276,-27.415428],[-49.604181,-27.415463],[-49.604137,-27.415479],[-49.604126,-27.415483],[-49.604074,-27.415494],[-49.604052,-27.41553],[-49.604046,-27.415541],[-49.604045,-27.415543],[-49.604022,-27.415581],[-49.604012,-27.415596],[-49.604005,-27.415606],[-49.603991,-27.415624],[-49.603973,-27.415648],[-49.603951,-27.415656],[-49.603911,-27.415657],[-49.603878,-27.415671],[-49.603875,-27.415674],[-49.603819,-27.415726],[-49.603763,-27.415778],[-49.603739,-27.415801],[-49.605101,-27.415814],[-49.605172,-27.415792],[-49.605302,-27.415741],[-49.605377,-27.415689],[-49.605379,-27.415686],[-49.605388,-27.415672],[-49.605389,-27.41567],[-49.605394,-27.415662],[-49.605409,-27.415638],[-49.60543,-27.41562],[-49.605453,-27.415611],[-49.605491,-27.415595],[-49.605546,-27.415558],[-49.605582,-27.415556],[-49.605608,-27.415546],[-49.605662,-27.41551],[-49.605679,-27.415498],[-49.605686,-27.415494],[-49.605704,-27.415478],[-49.605728,-27.415442],[-49.605759,-27.415393],[-49.605762,-27.415388],[-49.605812,-27.415344],[-49.605841,-27.415329],[-49.605861,-27.415319],[-49.605883,-27.415292],[-49.605954,-27.415206],[-49.606015,-27.415133],[-49.606043,-27.415108],[-49.606054,-27.415089],[-49.606075,-27.415052],[-49.606095,-27.415018],[-49.606141,-27.414959],[-49.606199,-27.414886],[-49.606221,-27.414858],[-49.606241,-27.414833],[-49.606258,-27.414792],[-49.606264,-27.414779],[-49.606243,-27.414752],[-49.60622,-27.414698],[-49.606224,-27.41468],[-49.606237,-27.414617],[-49.606286,-27.414575],[-49.606362,-27.414561],[-49.606384,-27.414547],[-49.606387,-27.41454],[-49.606405,-27.414493],[-49.606431,-27.414429],[-49.606533,-27.414282],[-49.606562,-27.414226],[-49.606592,-27.41416],[-49.606598,-27.414137],[-49.606616,-27.414065],[-49.606628,-27.414038],[-49.606638,-27.414018],[-49.606657,-27.413995],[-49.606677,-27.413971],[-49.606731,-27.413948],[-49.606716,-27.413917],[-49.606716,-27.413902],[-49.606715,-27.41389],[-49.606749,-27.413809],[-49.606781,-27.413765],[-49.606785,-27.41376],[-49.606788,-27.413756],[-49.606789,-27.413754],[-49.606793,-27.413729],[-49.606797,-27.413701],[-49.606801,-27.41368],[-49.606805,-27.413647],[-49.606803,-27.413618],[-49.606802,-27.413616],[-49.606769,-27.41355],[-49.606752,-27.413516],[-49.606754,-27.413453],[-49.606756,-27.413403],[-49.606769,-27.413349],[-49.606784,-27.413288],[-49.606826,-27.413193],[-49.60688,-27.413073],[-49.606917,-27.41303],[-49.606942,-27.413001],[-49.607029,-27.412919],[-49.607057,-27.412892],[-49.60706,-27.412888],[-49.607132,-27.412784],[-49.607166,-27.412734],[-49.60717,-27.41273],[-49.607216,-27.412688],[-49.607249,-27.412673],[-49.607344,-27.41263],[-49.607353,-27.412624],[-49.607379,-27.412605],[-49.607444,-27.412591],[-49.607501,-27.412567],[-49.607567,-27.412491],[-49.607623,-27.412477],[-49.60765389819134,-27.41244809524036],[-49.607654097183094,-27.4124480971831],[-49.607655,-27.412449],[-49.607661,-27.412451],[-49.607684,-27.412461],[-49.607772,-27.412462],[-49.6078041111111,-27.412452555555557],[-49.60780883206107,-27.41245260687023],[-49.607834,-27.412458],[-49.607845,-27.412453],[-49.607849,-27.412451],[-49.607849,-27.41245],[-49.607854,-27.412424],[-49.607844,-27.412358],[-49.607852,-27.412313],[-49.607997,-27.412145],[-49.608024,-27.412125],[-49.608029,-27.412118],[-49.60805,-27.412085],[-49.608084,-27.412055],[-49.60814,-27.411982],[-49.608147,-27.411955],[-49.608146,-27.411923],[-49.608146,-27.411915],[-49.608146,-27.411901],[-49.608225,-27.411756],[-49.608235,-27.411709],[-49.608236,-27.411703],[-49.608243,-27.411671],[-49.608251,-27.411631],[-49.608252,-27.411594],[-49.608254,-27.41155],[-49.6083,-27.411438],[-49.608302,-27.411412],[-49.60829,-27.411367],[-49.608282,-27.411337],[-49.608286,-27.411275],[-49.608288,-27.411247],[-49.608285,-27.411225],[-49.608278,-27.411171],[-49.608275,-27.411144],[-49.608275,-27.41112],[-49.608275,-27.411067],[-49.608275,-27.411029],[-49.608275,-27.410936],[-49.608275,-27.410931],[-49.608307,-27.410738],[-49.608312,-27.410711],[-49.608326,-27.410679],[-49.608347,-27.41063],[-49.608357,-27.410606],[-49.608382,-27.410549],[-49.608393,-27.410522],[-49.608405,-27.410495],[-49.608409,-27.410486],[-49.608407,-27.410438],[-49.60841,-27.410432],[-49.608422,-27.410403],[-49.608421,-27.410366],[-49.608417,-27.410277],[-49.60842,-27.410252],[-49.608444,-27.410018],[-49.608447,-27.409984],[-49.60843,-27.4099],[-49.608426,-27.409879],[-49.608423,-27.409872],[-49.608411,-27.409845],[-49.60836,-27.409804],[-49.608313,-27.409766],[-49.608313,-27.409739],[-49.608313,-27.40972],[-49.608308,-27.409697],[-49.608301,-27.409669],[-49.608308,-27.409648],[-49.60831,-27.40964],[-49.608313,-27.409632],[-49.608314,-27.409629],[-49.608348,-27.409577],[-49.60836,-27.409558],[-49.608376,-27.409535],[-49.608392,-27.409509],[-49.608421,-27.4095],[-49.60842505251142,-27.409499189497716],[-49.60842712574173,-27.409499211076575],[-49.608458,-27.409505],[-49.60848,-27.409515],[-49.608512,-27.409543],[-49.608531,-27.40956],[-49.608541,-27.409568],[-49.608553,-27.40956],[-49.608577,-27.409544],[-49.608591,-27.409516],[-49.608596,-27.409506],[-49.608599,-27.409501],[-49.608601,-27.409496],[-49.60863,-27.409468],[-49.608648,-27.409451],[-49.608671,-27.409439],[-49.60870802274344,-27.409437101397774],[-49.60871018306245,-27.40943712204163],[-49.608713,-27.409439],[-49.608733,-27.40945],[-49.608766,-27.409499],[-49.608786,-27.409528],[-49.60881,-27.40958],[-49.60881,-27.409581],[-49.608811,-27.409584],[-49.608872,-27.409582],[-49.608889,-27.409581],[-49.608952,-27.409529],[-49.608986,-27.409501],[-49.609092,-27.409454],[-49.609115,-27.409443],[-49.609116,-27.409441],[-49.609132,-27.409415],[-49.609159,-27.409369],[-49.609193,-27.409311],[-49.609209,-27.409285],[-49.609228,-27.40926],[-49.609243,-27.409241],[-49.609249,-27.409234],[-49.609283,-27.409216],[-49.609303,-27.409204],[-49.609351,-27.409178],[-49.609396,-27.409153],[-49.609403,-27.409149],[-49.60940696390484,-27.409146027071372],[-49.60940734761239,-27.409146030898878],[-49.609452,-27.40915],[-49.609465,-27.409157],[-49.609537,-27.409222],[-49.609545,-27.409229],[-49.609557,-27.409266],[-49.609557,-27.409288],[-49.60954,-27.409317],[-49.609486,-27.409359],[-49.60945,-27.40937],[-49.609436,-27.409374],[-49.609391,-27.40942],[-49.609403,-27.409435],[-49.609453,-27.40949],[-49.609472,-27.40949],[-49.609573,-27.409436],[-49.609611,-27.409423],[-49.609735,-27.409377],[-49.609746,-27.409373],[-49.609764,-27.409362],[-49.609829,-27.40932],[-49.609874,-27.409291],[-49.609907,-27.409269],[-49.609964,-27.409233],[-49.609974,-27.409226],[-49.610087,-27.409164],[-49.610101,-27.409156]]],[[[-49.611277,-27.405557],[-49.611274,-27.405554],[-49.611245,-27.405557],[-49.611237,-27.405557],[-49.611278,-27.405558],[-49.611277,-27.405557]]],[[[-49.610511,-27.403797],[-49.610476,-27.403746],[-49.610459,-27.403725],[-49.610423,-27.403678],[-49.610412,-27.403664],[-49.610367,-27.403568],[-49.610349,-27.403528],[-49.610336,-27.403501],[-49.610303,-27.403449],[-49.610248,-27.403365],[-49.610245,-27.403361],[-49.610205,-27.403308],[-49.610195,-27.403295],[-49.610144,-27.403228],[-49.610103,-27.403174],[-49.610085,-27.403146],[-49.610073,-27.403129],[-49.610012,-27.403037],[-49.610001,-27.403017],[-49.609969,-27.402955],[-49.609942,-27.402902],[-49.609939,-27.402893],[-49.6099,-27.402785],[-49.609875,-27.402718],[-49.609852,-27.402632],[-49.609844,-27.402606],[-49.609792,-27.40252],[-49.609775,-27.402493],[-49.609678,-27.402388],[-49.609673,-27.402384],[-49.609601,-27.402333],[-49.609571,-27.402312],[-49.609558,-27.402299],[-49.609547,-27.402288],[-49.608301,-27.402276],[-49.608328,-27.402286],[-49.608334,-27.402299],[-49.608343,-27.402321],[-49.6084,-27.402371],[-49.608403,-27.402375],[-49.608479,-27.40248],[-49.608498,-27.402508],[-49.608541,-27.402593],[-49.608554,-27.402619],[-49.608619,-27.402705],[-49.60867,-27.402773],[-49.608708,-27.40288],[-49.608714,-27.40289],[-49.608744,-27.402943],[-49.608743,-27.403005],[-49.608758,-27.403025],[-49.608825,-27.403117],[-49.608827,-27.403118],[-49.608858,-27.403161],[-49.608864,-27.403174],[-49.60887,-27.403188],[-49.608894,-27.403245],[-49.608899,-27.403256],[-49.608914,-27.403275],[-49.608936,-27.403288],[-49.609,-27.403294],[-49.609003,-27.403289],[-49.609008,-27.403276],[-49.609017,-27.403257],[-49.609021,-27.403246],[-49.609101,-27.403191],[-49.609169,-27.403177],[-49.609191,-27.403164],[-49.609261,-27.403123],[-49.60928469747897,-27.403121420168066],[-49.609291621957816,-27.403121486749594],[-49.609314,-27.403139],[-49.609335,-27.403166],[-49.609376,-27.40322],[-49.609464,-27.403288],[-49.609496,-27.403301],[-49.609531,-27.403354],[-49.609534,-27.403357],[-49.609631,-27.403442],[-49.609663,-27.403494],[-49.60968,-27.403521],[-49.609721,-27.403561],[-49.609862,-27.403659],[-49.609883,-27.403673],[-49.609981,-27.40372],[-49.609998,-27.403741],[-49.610038,-27.403792],[-49.610065,-27.403848],[-49.610123,-27.403905],[-49.610142,-27.403932],[-49.610158,-27.403954],[-49.610244,-27.404035],[-49.610269,-27.404066],[-49.610301,-27.404104],[-49.610372,-27.404155],[-49.610428,-27.404194],[-49.610432,-27.404196],[-49.610547,-27.404253],[-49.610627,-27.404198],[-49.610628,-27.404196],[-49.610644,-27.404157],[-49.610647,-27.404107],[-49.610649,-27.404069],[-49.610639,-27.404039],[-49.610612,-27.403959],[-49.610605,-27.403937],[-49.610587,-27.403909],[-49.610548,-27.403853],[-49.610511,-27.403797]]],[[[-49.609199,-27.431218],[-49.609199,-27.431207],[-49.609221,-27.431161],[-49.60924,-27.431087],[-49.609281,-27.43103],[-49.609281,-27.431028],[-49.609291,-27.430989],[-49.609298,-27.430959],[-49.609299,-27.430957],[-49.609088,-27.430955],[-49.609091,-27.430957],[-49.609127,-27.430987],[-49.609145,-27.431027],[-49.609144,-27.431029],[-49.609142,-27.431086],[-49.609139,-27.43116],[-49.609137,-27.431206],[-49.609137,-27.431217],[-49.609128,-27.431232],[-49.609126,-27.431236],[-49.609124,-27.431238],[-49.60909,-27.431297],[-49.609078,-27.431307],[-49.609037,-27.431341],[-49.609017,-27.431357],[-49.609052,-27.431341],[-49.609093,-27.431307],[-49.609101,-27.431298],[-49.60915,-27.431239],[-49.609154,-27.431237],[-49.609163,-27.431232],[-49.609173,-27.431237],[-49.609177,-27.431239],[-49.609199,-27.431237],[-49.609199,-27.431232],[-49.609199,-27.431218]]],[[[-49.609011,-27.43096],[-49.609042,-27.430958],[-49.609059,-27.430957],[-49.609088,-27.430955],[-49.608755,-27.430951],[-49.608757,-27.430954],[-49.608858,-27.430956],[-49.608867,-27.430959],[-49.608952,-27.430986],[-49.608963,-27.430997],[-49.608967,-27.430997],[-49.608981,-27.430986],[-49.609011,-27.43096]]],[[[-49.608411,-27.428277],[-49.608414,-27.428279],[-49.610312,-27.428298],[-49.610314,-27.428296],[-49.610316,-27.428294],[-49.608394,-27.428275],[-49.608411,-27.428277]]],[[[-49.609244,-27.427898],[-49.60922,-27.427909],[-49.60932,-27.42791],[-49.609324,-27.427899],[-49.609337,-27.427865],[-49.609336,-27.427865],[-49.609327,-27.427859],[-49.609315,-27.42785],[-49.609295,-27.427858],[-49.609282,-27.427864],[-49.609281,-27.427865],[-49.609244,-27.427898]]],[[[-49.611913,-27.406199],[-49.611911,-27.406195],[-49.611906,-27.40618],[-49.611903,-27.406135],[-49.611902,-27.40613],[-49.611888,-27.406086],[-49.611881,-27.406066],[-49.61188,-27.406062],[-49.606988,-27.406014],[-49.607006,-27.406018],[-49.607019,-27.406037],[-49.607022,-27.406081],[-49.60702,-27.406086],[-49.60701,-27.406131],[-49.607006,-27.406146],[-49.607007,-27.40615],[-49.607008,-27.406158],[-49.607013,-27.406192],[-49.607012,-27.406197],[-49.606996,-27.406248],[-49.607002,-27.406259],[-49.606983,-27.406309],[-49.606987,-27.406338],[-49.607007,-27.406349],[-49.612002,-27.406399],[-49.612001,-27.406388],[-49.611998,-27.406359],[-49.611993,-27.406309],[-49.611991,-27.406298],[-49.611986,-27.406247],[-49.61198,-27.406242],[-49.611942,-27.406208],[-49.611913,-27.406199]]],[[[-49.611482,-27.405849],[-49.611472,-27.405819],[-49.61147,-27.405812],[-49.611458,-27.405777],[-49.611449,-27.405752],[-49.611442,-27.405732],[-49.611424,-27.405701],[-49.611396,-27.405655],[-49.605785,-27.405599],[-49.605803,-27.405645],[-49.605808,-27.405676],[-49.605811,-27.405696],[-49.605828,-27.405721],[-49.605893,-27.405756],[-49.60589403105934,-27.405756010353116],[-49.60593,-27.405768],[-49.606011,-27.405795],[-49.606018,-27.405798],[-49.606084,-27.405808],[-49.606146,-27.405799],[-49.60616,-27.405797],[-49.606255,-27.405772],[-49.606396305357904,-27.405761053810302],[-49.60640391128256,-27.405761130183222],[-49.606459,-27.405769],[-49.606528,-27.405799],[-49.606557,-27.405817],[-49.606584,-27.405834],[-49.606609,-27.405866],[-49.60663,-27.405892],[-49.606632,-27.405895],[-49.606637,-27.405906],[-49.606656,-27.405945],[-49.606667,-27.405969],[-49.606674,-27.40601],[-49.61188,-27.406062],[-49.611891,-27.406021],[-49.611897,-27.405997],[-49.611619,-27.405956],[-49.611582,-27.405945],[-49.611577,-27.405941],[-49.611533,-27.405915],[-49.611504,-27.405883],[-49.611488,-27.405866],[-49.611482,-27.405849]]],[[[-49.606563,-27.405543],[-49.6065,-27.405548],[-49.611326,-27.405596],[-49.611318,-27.40559],[-49.61131,-27.405585],[-49.61129,-27.405573],[-49.611278,-27.405558],[-49.60677,-27.405513],[-49.606688,-27.405527],[-49.606618,-27.405539],[-49.606563,-27.405543]]],[[[-49.611237,-27.405557],[-49.61123386510878,-27.40555696912129],[-49.611068,-27.405519],[-49.610911,-27.405483],[-49.610841,-27.405467],[-49.610806,-27.405456],[-49.610786,-27.405438],[-49.610775,-27.405415],[-49.610769,-27.405347],[-49.610751,-27.405137],[-49.610752,-27.405114],[-49.610765,-27.404964],[-49.610747,-27.404956],[-49.610622,-27.404944],[-49.610631,-27.404912],[-49.610633,-27.404906],[-49.610639,-27.404821],[-49.610622,-27.404783],[-49.61062,-27.404763],[-49.610615,-27.404695],[-49.610617,-27.404668],[-49.610625,-27.404587],[-49.610627,-27.404578],[-49.610639,-27.404533],[-49.610672,-27.404482],[-49.610629,-27.404446],[-49.610536,-27.404369],[-49.610443,-27.404293],[-49.610387,-27.404247],[-49.61024,-27.404126],[-49.61012,-27.404027],[-49.610003,-27.403931],[-49.609983,-27.403914],[-49.609937,-27.403876],[-49.609869,-27.40382],[-49.609816,-27.403777],[-49.609699,-27.403681],[-49.609687,-27.40367],[-49.609656,-27.403568],[-49.609651,-27.403551],[-49.609578,-27.403481],[-49.609457,-27.403365],[-49.609425,-27.403335],[-49.608182,-27.403323],[-49.608156,-27.403352],[-49.608092,-27.403466],[-49.607953,-27.403534],[-49.607917,-27.403551],[-49.607768,-27.403651],[-49.607753,-27.403661],[-49.607648,-27.403755],[-49.607614,-27.403798],[-49.607553,-27.403852],[-49.607529,-27.403889],[-49.607523,-27.403906],[-49.607544,-27.404001],[-49.607591,-27.404099],[-49.607583,-27.404219],[-49.607534,-27.404264],[-49.607507,-27.404339],[-49.607455,-27.404414],[-49.607444,-27.40445],[-49.607428,-27.404501],[-49.607424,-27.404546],[-49.60742,-27.404555],[-49.607391,-27.404636],[-49.607379,-27.404663],[-49.60735,-27.40473],[-49.607338,-27.404751],[-49.607316,-27.404788],[-49.607266,-27.404872],[-49.607263,-27.404878],[-49.607252,-27.404911],[-49.607249,-27.404921],[-49.607246,-27.404929],[-49.607196,-27.405078],[-49.607185,-27.405102],[-49.607086,-27.40531],[-49.607066,-27.405378],[-49.60706,-27.4054],[-49.607054,-27.405419],[-49.607051,-27.40543],[-49.607047,-27.405445],[-49.606973,-27.405478],[-49.606774,-27.405512],[-49.60677,-27.405513],[-49.611234,-27.405557],[-49.611237,-27.405557]],[[-49.611110707853896,-27.40555575602095],[-49.61111070785313,-27.40555575602094],[-49.606774,-27.405512],[-49.611110707853896,-27.40555575602095]]],[[[-49.609246,-27.403192],[-49.609094,-27.403244],[-49.609023,-27.403326],[-49.608862,-27.403329],[-49.609425,-27.403335],[-49.60942,-27.40333],[-49.609331,-27.403246],[-49.609275,-27.403192],[-49.609267,-27.403185],[-49.609246,-27.403192]]],[[[-49.608695,-27.428831],[-49.608687,-27.428773],[-49.608674,-27.428749],[-49.608614,-27.428714],[-49.608543,-27.428694],[-49.608532,-27.428688],[-49.608452,-27.428648],[-49.608415,-27.428619],[-49.608379,-27.428572],[-49.608347,-27.428555],[-49.608328,-27.428545],[-49.608294,-27.428512],[-49.608293,-27.428492],[-49.608305,-27.428452],[-49.608307,-27.428445],[-49.608317,-27.428421],[-49.608341,-27.428367],[-49.608341,-27.428365],[-49.608341,-27.428345],[-49.608341,-27.428342],[-49.60788,-27.428338],[-49.607915,-27.428341],[-49.607949,-27.428362],[-49.60795,-27.428363],[-49.607968,-27.428417],[-49.607965,-27.428441],[-49.607964,-27.428448],[-49.607944,-27.428488],[-49.607934,-27.428508],[-49.607918,-27.42854],[-49.607913,-27.428551],[-49.607908,-27.428568],[-49.607893,-27.428614],[-49.607884,-27.428642],[-49.607871,-27.428682],[-49.607868,-27.428687],[-49.607857,-27.428706],[-49.607836,-27.428741],[-49.607827,-27.428765],[-49.607803,-27.428822],[-49.607801,-27.428825],[-49.607748,-27.4289],[-49.607731,-27.428924],[-49.607732,-27.42893],[-49.607736,-27.428965],[-49.607738,-27.428979],[-49.607739,-27.42899],[-49.607739,-27.428994],[-49.60774,-27.428999],[-49.607741,-27.429011],[-49.607747,-27.429027],[-49.607766,-27.429076],[-49.607767,-27.42908],[-49.60778,-27.429174],[-49.607821,-27.429289],[-49.607821,-27.429331],[-49.607821,-27.429337],[-49.607844,-27.429384],[-49.60785,-27.429389],[-49.607869,-27.429407],[-49.607892,-27.429414],[-49.607916,-27.429422],[-49.607945,-27.429431],[-49.607961,-27.429422],[-49.607975,-27.429415],[-49.607979,-27.429408],[-49.60799,-27.42939],[-49.60799,-27.429385],[-49.60799,-27.429338],[-49.60799,-27.429333],[-49.607982,-27.429291],[-49.60796,-27.429176],[-49.607942,-27.429081],[-49.607941,-27.429077],[-49.607954,-27.429029],[-49.60797,-27.429013],[-49.607982,-27.429001],[-49.608007,-27.428996],[-49.60802292857142,-27.42899301339286],[-49.60802321340631,-27.42899301641587],[-49.608075,-27.428997],[-49.608144,-27.429002],[-49.608171,-27.429009],[-49.608235,-27.429025],[-49.608354,-27.429044],[-49.608365,-27.429044],[-49.608433,-27.429027],[-49.608494,-27.429012],[-49.608538,-27.429006],[-49.608566,-27.429002],[-49.608587,-27.428999],[-49.608661,-27.428988],[-49.608691,-27.428975],[-49.608712,-27.428939],[-49.608713,-27.428934],[-49.60872,-27.428909],[-49.608696,-27.428834],[-49.608695,-27.428831]]],[[[-49.608218,-27.42423],[-49.608218,-27.424231],[-49.60819659101435,-27.42423781194998],[-49.60819566538461,-27.424237802662724],[-49.608157,-27.424215],[-49.608125,-27.424197],[-49.608048,-27.424152],[-49.607884,-27.424058],[-49.607754,-27.423984],[-49.607753,-27.423983],[-49.607726,-27.423967],[-49.607546,-27.42386],[-49.607502,-27.423829],[-49.607477,-27.423811],[-49.60742,-27.423784],[-49.607335,-27.423743],[-49.6073,-27.423738],[-49.607296,-27.423734],[-49.60729,-27.42373],[-49.607286,-27.423727],[-49.607279,-27.42373],[-49.607268705882355,-27.42373374331551],[-49.60726587521079,-27.423733716694773],[-49.607238,-27.42373],[-49.607185,-27.423714],[-49.607133,-27.423699],[-49.607102,-27.423695],[-49.607057,-27.42369],[-49.606967,-27.423679],[-49.606861,-27.423688],[-49.606808,-27.423692],[-49.606789,-27.423695],[-49.606703,-27.42371],[-49.606666,-27.423725],[-49.606658,-27.423728],[-49.606651,-27.423731],[-49.606638,-27.423736],[-49.606544,-27.423775],[-49.606464,-27.423801],[-49.606411,-27.423818],[-49.606296,-27.423847],[-49.605901,-27.423949],[-49.60581,-27.423964],[-49.605809,-27.423964],[-49.605599,-27.424036],[-49.605285,-27.424125],[-49.60517,-27.424167],[-49.605093,-27.424184],[-49.605026,-27.424206],[-49.604896,-27.424247],[-49.604688,-27.424294],[-49.604677,-27.424296],[-49.604559,-27.424308],[-49.608563,-27.424348],[-49.608539,-27.424334],[-49.608536,-27.424333],[-49.608418,-27.424283],[-49.608315,-27.424239],[-49.608299,-27.424232],[-49.608295,-27.424231],[-49.608238,-27.424216],[-49.608223,-27.424212],[-49.608222,-27.424216],[-49.608218,-27.42423]],[[-49.60724288235294,-27.423733752941175],[-49.60724288235353,-27.42373375294118],[-49.606651,-27.423731],[-49.60724288235294,-27.423733752941175]],[[-49.60726835361655,-27.423733871412168],[-49.60726835361653,-27.42373387141217],[-49.60726698795183,-27.423733865060242],[-49.6072669879518,-27.42373386506024],[-49.60726835361655,-27.423733871412168]]],[[[-49.606059,-27.405597],[-49.606041,-27.405601],[-49.611396,-27.405655],[-49.611393,-27.405651],[-49.611369,-27.405623],[-49.611326,-27.405596],[-49.606294,-27.405546],[-49.606293,-27.405546],[-49.606176,-27.405571],[-49.606059,-27.405597]]],[[[-49.608449,-27.402631],[-49.608334,-27.402418],[-49.608274,-27.402384],[-49.60822,-27.402417],[-49.607888,-27.402625],[-49.608012,-27.402801],[-49.608108,-27.402989],[-49.608143,-27.403027],[-49.608169,-27.4031],[-49.608228,-27.403171],[-49.608237,-27.403182],[-49.608256,-27.403232],[-49.608253,-27.403263],[-49.608233,-27.403288],[-49.60819,-27.403313],[-49.608186,-27.403318],[-49.608182,-27.403323],[-49.608862,-27.403329],[-49.608859,-27.403325],[-49.608855,-27.40332],[-49.608836,-27.403294],[-49.608817,-27.403269],[-49.608793,-27.403238],[-49.608754,-27.403187],[-49.608746,-27.403176],[-49.608707,-27.403105],[-49.608667,-27.403032],[-49.608647,-27.402995],[-49.608545,-27.402806],[-49.608449,-27.402631]]],[[[-49.609011,-27.401661],[-49.60896,-27.401605],[-49.608895,-27.401552],[-49.608852,-27.401506],[-49.608843,-27.401497],[-49.608825,-27.401458],[-49.608824,-27.401434],[-49.608856,-27.4014],[-49.608877,-27.401342],[-49.60889,-27.401304],[-49.608912,-27.40124],[-49.608904,-27.401234],[-49.608898,-27.401229],[-49.608881,-27.401233],[-49.608875,-27.40124],[-49.608814,-27.401303],[-49.60873879553903,-27.401340602230484],[-49.60873591904921,-27.4013405731383],[-49.608699,-27.401333],[-49.608657,-27.401307],[-49.608625,-27.401267],[-49.60858,-27.401209],[-49.608548,-27.401167],[-49.6085,-27.401061],[-49.608404,-27.401011],[-49.608381,-27.40099],[-49.60828,-27.400898],[-49.608136,-27.400753],[-49.608085,-27.400662],[-49.608045,-27.400611],[-49.607898,-27.400494],[-49.607869,-27.40047],[-49.60782,-27.400413],[-49.607729,-27.400364],[-49.607637,-27.400282],[-49.607624,-27.400273],[-49.607575,-27.40024],[-49.607414,-27.400105],[-49.607313,-27.40002],[-49.607257,-27.399973],[-49.607234,-27.399954],[-49.607203,-27.399923],[-49.607185,-27.399906],[-49.60717,-27.399891],[-49.607151,-27.399873],[-49.607142,-27.399862],[-49.60709,-27.3998],[-49.606974,-27.39966],[-49.606872,-27.399571],[-49.606858,-27.399559],[-49.60683,-27.399512],[-49.606762,-27.399397],[-49.60673,-27.399373],[-49.606691,-27.399343],[-49.606673,-27.39933],[-49.605311,-27.399317],[-49.605348,-27.39933],[-49.605393,-27.39936],[-49.605409,-27.399384],[-49.605485,-27.399499],[-49.605523,-27.399546],[-49.605532,-27.399557],[-49.605575,-27.399646],[-49.605641,-27.399785],[-49.605713,-27.399848],[-49.605733,-27.399859],[-49.605765,-27.399877],[-49.605839,-27.399893],[-49.606051,-27.399912],[-49.606106,-27.399942],[-49.606142,-27.399962],[-49.606194,-27.400009],[-49.606263,-27.400093],[-49.60634,-27.400228],[-49.606358,-27.40026],[-49.606365,-27.400269],[-49.606429,-27.400351],[-49.606467,-27.4004],[-49.606511,-27.400457],[-49.606529,-27.40048],[-49.606632,-27.400597],[-49.606677,-27.400648],[-49.606757,-27.400739],[-49.606885,-27.400884],[-49.606966,-27.400976],[-49.606986,-27.400997],[-49.607034,-27.401046],[-49.607138,-27.401153],[-49.607178,-27.401195],[-49.607223,-27.401253],[-49.607263,-27.401293],[-49.607288,-27.401319],[-49.607295,-27.401326],[-49.607353,-27.401385],[-49.607387,-27.40142],[-49.60741,-27.401443],[-49.607448,-27.401483],[-49.607458,-27.401492],[-49.607496,-27.401538],[-49.60754,-27.401591],[-49.607587,-27.401647],[-49.607633,-27.401718],[-49.607633,-27.401719],[-49.607714,-27.401887],[-49.607722,-27.401904],[-49.60776,-27.401955],[-49.607753,-27.402017],[-49.607753,-27.402022],[-49.607766,-27.402085],[-49.607768,-27.402094],[-49.607836,-27.402185],[-49.607875,-27.402223],[-49.607926,-27.402272],[-49.609547,-27.402288],[-49.609498,-27.402239],[-49.609466,-27.402201],[-49.609391,-27.40211],[-49.609384,-27.402101],[-49.609316,-27.402037],[-49.609311,-27.402032],[-49.609267,-27.40197],[-49.60923,-27.401919],[-49.609218,-27.401902],[-49.609077,-27.401733],[-49.609076,-27.401732],[-49.609011,-27.401661]]],[[[-49.608375,-27.428286],[-49.60839,-27.428277],[-49.608394,-27.428275],[-49.607129,-27.428262],[-49.607128,-27.428264],[-49.607125,-27.428274],[-49.60711,-27.428328],[-49.607109,-27.42833],[-49.608341,-27.428342],[-49.608341,-27.42834],[-49.608375,-27.428286]]],[[[-49.609261,-27.425641],[-49.609232,-27.42556],[-49.609218,-27.425509],[-49.609209,-27.425474],[-49.609196,-27.425428],[-49.60918,-27.42537],[-49.609171,-27.425339],[-49.609163,-27.425308],[-49.609157,-27.425297],[-49.609127,-27.425234],[-49.609105,-27.425188],[-49.609092,-27.425162],[-49.609086,-27.42515],[-49.60908,-27.425137],[-49.609067,-27.425109],[-49.609031,-27.425035],[-49.608981,-27.424933],[-49.608956,-27.42488],[-49.608913,-27.424792],[-49.608875,-27.424713],[-49.608851,-27.424662],[-49.608831,-27.424622],[-49.608826,-27.424611],[-49.608821,-27.424601],[-49.60882,-27.424599],[-49.606925,-27.424581],[-49.606934,-27.424582],[-49.607016,-27.424593],[-49.607036,-27.424604],[-49.607076,-27.424644],[-49.607094,-27.424695],[-49.607145,-27.424774],[-49.60717,-27.424862],[-49.60714,-27.424915],[-49.607101,-27.425015],[-49.607032,-27.425089],[-49.606986,-27.425116],[-49.606866,-27.425128],[-49.606825,-27.42514],[-49.606781,-27.425165],[-49.60674,-27.42521],[-49.606759,-27.425273],[-49.606757,-27.425284],[-49.606752,-27.425314],[-49.606726,-27.425345],[-49.606654,-27.425402],[-49.606623,-27.425448],[-49.606611,-27.425483],[-49.606601,-27.425533],[-49.606585,-27.425614],[-49.606595,-27.4257],[-49.6066,-27.425736],[-49.606603,-27.425764],[-49.606597,-27.425804],[-49.606596,-27.425813],[-49.606541,-27.425885],[-49.606515,-27.425912],[-49.606457,-27.425972],[-49.606391,-27.426041],[-49.606349,-27.426109],[-49.606336,-27.426114],[-49.60631156818182,-27.426123772727273],[-49.606310137293555,-27.4261237584422],[-49.606236,-27.426103],[-49.606198,-27.426102],[-49.606134,-27.426122],[-49.60612,-27.426126],[-49.606081,-27.426159],[-49.606049,-27.426199],[-49.606015,-27.42624],[-49.60601,-27.426286],[-49.605993,-27.426311],[-49.605963,-27.426334],[-49.605911,-27.426355],[-49.60591,-27.426369],[-49.605915,-27.426384],[-49.605931,-27.426399],[-49.60843,-27.426424],[-49.608484,-27.426409],[-49.608535,-27.426395],[-49.608583,-27.426382],[-49.608658,-27.426361],[-49.608737,-27.426338],[-49.608825,-27.426314],[-49.608983,-27.42627],[-49.609126,-27.426229],[-49.609133,-27.426189],[-49.609138,-27.426157],[-49.609139,-27.426152],[-49.609141,-27.426142],[-49.609145,-27.426137],[-49.609195,-27.426069],[-49.609247,-27.426],[-49.609274,-27.425939],[-49.609274,-27.425912],[-49.609273,-27.425839],[-49.609273,-27.425831],[-49.609284,-27.42579],[-49.609292,-27.425763],[-49.609291,-27.425727],[-49.609261,-27.425641]]],[[[-49.608706,-27.424448],[-49.608705,-27.424446],[-49.606472,-27.424424],[-49.60656,-27.424426],[-49.60658,-27.42445],[-49.606634,-27.424514],[-49.606694,-27.424541],[-49.606734,-27.424559],[-49.606828,-27.42458],[-49.60882,-27.424599],[-49.608811,-27.424579],[-49.608802,-27.424562],[-49.608783,-27.424536],[-49.608736,-27.424471],[-49.608706,-27.424448]]],[[[-49.607991,-27.402327],[-49.608009,-27.402336],[-49.608023,-27.402344],[-49.608108,-27.40235],[-49.608144,-27.402345],[-49.608199,-27.402338],[-49.608221,-27.402329],[-49.608227,-27.402322],[-49.608232,-27.402313],[-49.608277,-27.40228],[-49.608301,-27.402276],[-49.607926,-27.402272],[-49.607931,-27.402277],[-49.607966,-27.40231],[-49.607975,-27.402319],[-49.607991,-27.402327]]],[[[-49.607631,-27.429882],[-49.607646,-27.42985],[-49.607658,-27.429825],[-49.607618,-27.429811],[-49.607617,-27.429808],[-49.607421,-27.429807],[-49.60742,-27.429809],[-49.607414,-27.429823],[-49.607403,-27.429848],[-49.60742,-27.42988],[-49.607425,-27.429889],[-49.607409,-27.429925],[-49.607452,-27.42995],[-49.607475,-27.430002],[-49.607483,-27.430018],[-49.607554,-27.430116],[-49.607557,-27.430146],[-49.607562,-27.430197],[-49.607552,-27.430242],[-49.607539,-27.430299],[-49.60757,-27.430242],[-49.607583,-27.430197],[-49.607598,-27.430147],[-49.6076,-27.430116],[-49.607605,-27.430019],[-49.607606,-27.430003],[-49.607617,-27.429951],[-49.607622,-27.429927],[-49.607629,-27.429891],[-49.607631,-27.429882]]],[[[-49.607416,-27.429809],[-49.607421,-27.429807],[-49.607379,-27.429806],[-49.607382,-27.429809],[-49.607394,-27.429818],[-49.607416,-27.429809]]],[[[-49.607572,-27.429565],[-49.607598,-27.429541],[-49.607615,-27.429511],[-49.607589,-27.429434],[-49.607612,-27.42931],[-49.607617,-27.429284],[-49.607613,-27.429248],[-49.607607,-27.429191],[-49.607606,-27.429109],[-49.607605,-27.429037],[-49.607596,-27.428992],[-49.607588,-27.428955],[-49.607543,-27.428819],[-49.60754,-27.428811],[-49.607535,-27.428765],[-49.607537,-27.428736],[-49.607542,-27.42869],[-49.60757,-27.428589],[-49.607617,-27.428522],[-49.607639,-27.428502],[-49.607696,-27.428476],[-49.607724,-27.428456],[-49.607742,-27.428415],[-49.607788,-27.428363],[-49.607869,-27.428341],[-49.60788,-27.428338],[-49.607109,-27.42833],[-49.607108,-27.428333],[-49.607098,-27.428356],[-49.607076,-27.428409],[-49.607059,-27.428449],[-49.60705,-27.42847],[-49.607039,-27.428496],[-49.60703,-27.428516],[-49.607001,-27.428583],[-49.606973,-27.428685],[-49.606961,-27.428731],[-49.606957,-27.428759],[-49.60695,-27.428805],[-49.606949,-27.428813],[-49.606961,-27.428949],[-49.606964,-27.428986],[-49.606986,-27.42903],[-49.607021,-27.429103],[-49.607036,-27.429186],[-49.607047,-27.429242],[-49.607092,-27.429279],[-49.607123,-27.429306],[-49.607182,-27.42943],[-49.607219,-27.429507],[-49.607234,-27.429538],[-49.607245,-27.429561],[-49.607264,-27.429602],[-49.60729,-27.429656],[-49.607365,-27.429785],[-49.607376,-27.429805],[-49.607379,-27.429806],[-49.607617,-27.429808],[-49.607615,-27.429807],[-49.607601,-27.429787],[-49.607573,-27.429659],[-49.607562,-27.429605],[-49.607572,-27.429565]]],[[[-49.606833,-27.424581],[-49.606925,-27.424581],[-49.606828,-27.42458],[-49.606833,-27.424581]]],[[[-49.607007,-27.406349],[-49.607025,-27.40636],[-49.607033,-27.40635],[-49.607007,-27.406349]]],[[[-49.606703,-27.406092],[-49.606705,-27.406096],[-49.606741,-27.406118],[-49.606796,-27.40612],[-49.606798,-27.406118],[-49.60682,-27.406097],[-49.606823,-27.406093],[-49.606887,-27.406074],[-49.606897,-27.406066],[-49.60695,-27.406024],[-49.606988,-27.406014],[-49.606674,-27.40601],[-49.606676,-27.406021],[-49.606684,-27.406064],[-49.606689,-27.406072],[-49.606703,-27.406092]]],[[[-49.606262,-27.426424],[-49.606278,-27.426427],[-49.606296,-27.426444],[-49.606298,-27.426456],[-49.606304,-27.426501],[-49.606306,-27.426506],[-49.606317,-27.426529],[-49.606338,-27.426544],[-49.606359,-27.42656],[-49.606362,-27.426562],[-49.606368,-27.42656],[-49.606415,-27.426545],[-49.606439,-27.426531],[-49.606476,-27.426508],[-49.606482,-27.426503],[-49.606538,-27.426458],[-49.606558,-27.426447],[-49.606587,-27.42643],[-49.606593,-27.426427],[-49.606597,-27.426424],[-49.60625,-27.426421],[-49.606262,-27.426424]]],[[[-49.606096,-27.426442],[-49.606108,-27.426446],[-49.606109,-27.426442],[-49.606111,-27.426438],[-49.606115,-27.426424],[-49.606179,-27.426423],[-49.60625,-27.426421],[-49.605949,-27.426418],[-49.605952,-27.42642],[-49.605954,-27.426423],[-49.605967,-27.426436],[-49.605972,-27.426441],[-49.605977,-27.426446],[-49.60598,-27.426448],[-49.606017,-27.426462],[-49.606059,-27.42648],[-49.606091,-27.42648],[-49.606089,-27.426463],[-49.606069,-27.426449],[-49.60607,-27.426447],[-49.606075,-27.426442],[-49.60607856043956,-27.42643754945055],[-49.606080982507294,-27.42643758309038],[-49.606096,-27.426442]]],[[[-49.606597,-27.426424],[-49.606603,-27.426421],[-49.606629,-27.426406],[-49.605931,-27.426399],[-49.605946,-27.426415],[-49.605949,-27.426418],[-49.606597,-27.426424]]],[[[-49.60555,-27.425249],[-49.605532,-27.425235],[-49.605537,-27.425214],[-49.605538,-27.425208],[-49.605545,-27.425202],[-49.603094,-27.425177],[-49.603123,-27.425184],[-49.603151,-27.42519],[-49.603174,-27.425211],[-49.60319,-27.425225],[-49.603195,-27.425229],[-49.603223,-27.425255],[-49.603255,-27.425338],[-49.603278,-27.425398],[-49.603283,-27.4254],[-49.605295,-27.42542],[-49.605297,-27.425418],[-49.605378,-27.425359],[-49.605464,-27.425277],[-49.605491,-27.425252],[-49.60551608661417,-27.42524865511811],[-49.605523181818185,-27.425248727272727],[-49.60556,-27.425261],[-49.605569,-27.425264],[-49.605565,-27.425261],[-49.60555,-27.425249]],[[-49.605168627093555,-27.42524512163146],[-49.60516862709444,-27.42524512163147],[-49.603195,-27.425229],[-49.605168627093555,-27.42524512163146]]],[[[-49.606399,-27.424719],[-49.606372,-27.424624],[-49.606371,-27.424614],[-49.606367,-27.424576],[-49.601184,-27.424524],[-49.601168,-27.424562],[-49.601168,-27.424572],[-49.601165,-27.424667],[-49.601164,-27.424683],[-49.601164,-27.424685],[-49.601155,-27.424705],[-49.601134,-27.424747],[-49.601144,-27.42477],[-49.601146,-27.424775],[-49.601144,-27.424803],[-49.60593,-27.424851],[-49.605945,-27.424823],[-49.605947,-27.424819],[-49.605971,-27.424796],[-49.606017,-27.424753],[-49.606068,-27.424734],[-49.606074,-27.424732],[-49.60609509615387,-27.424732],[-49.60610108731626,-27.424732059533813],[-49.606123,-27.424747],[-49.606153,-27.424767],[-49.606159,-27.424771],[-49.606201,-27.424798],[-49.606224,-27.424814],[-49.606257,-27.424799],[-49.606316,-27.424772],[-49.60638,-27.424769],[-49.606395,-27.424749],[-49.606397,-27.424735],[-49.606399,-27.424719]]],[[[-49.608647,-27.424399],[-49.608631,-27.42439],[-49.608563,-27.424348],[-49.603095,-27.424294],[-49.603109,-27.424335],[-49.6031,-27.424344],[-49.603058,-27.424388],[-49.603057,-27.42439],[-49.608705,-27.424446],[-49.608702,-27.424444],[-49.608647,-27.424399]]],[[[-49.605804,-27.405476],[-49.605721,-27.405464],[-49.605714,-27.405463],[-49.605607,-27.405449],[-49.605603,-27.405448],[-49.605588,-27.405449],[-49.605249800137855,-27.405458802894554],[-49.60524204564869,-27.405458732781632],[-49.605193,-27.405445],[-49.605134,-27.405399],[-49.605124,-27.405392],[-49.605128,-27.405399],[-49.605154,-27.405444],[-49.605161,-27.405458],[-49.605162,-27.405459],[-49.605174,-27.40547],[-49.605186,-27.40548],[-49.60522,-27.405496],[-49.605284,-27.405508],[-49.605455,-27.40554],[-49.605598,-27.405567],[-49.605768,-27.40558],[-49.605776,-27.405588],[-49.605783,-27.405595],[-49.605785,-27.405599],[-49.606041,-27.405601],[-49.60603,-27.405597],[-49.606014,-27.405591],[-49.606005,-27.405583],[-49.605993,-27.405571],[-49.605965,-27.405545],[-49.605919,-27.405515],[-49.605884,-27.405503],[-49.605836,-27.405487],[-49.605804,-27.405476]]],[[[-49.606294,-27.405546],[-49.6065,-27.405548],[-49.606375,-27.405541],[-49.606294,-27.405546]]],[[[-49.606547,-27.399198],[-49.606525,-27.399168],[-49.606517,-27.399157],[-49.606448,-27.399087],[-49.606428,-27.399048],[-49.606397,-27.398985],[-49.606387,-27.398966],[-49.606332,-27.398884],[-49.606311,-27.398854],[-49.606262,-27.398781],[-49.606256,-27.398771],[-49.606164,-27.398693],[-49.606148,-27.398674],[-49.606062,-27.398572],[-49.605997,-27.398529],[-49.605991,-27.398523],[-49.605944,-27.398473],[-49.605918,-27.398458],[-49.605885,-27.398452],[-49.605878,-27.398448],[-49.605848,-27.398429],[-49.605812,-27.398365],[-49.605804,-27.398314],[-49.605792,-27.398293],[-49.605778,-27.398283],[-49.605735,-27.398254],[-49.605606,-27.398193],[-49.605591,-27.398157],[-49.6056,-27.39813],[-49.605603,-27.398122],[-49.605633,-27.398112],[-49.60571,-27.39811],[-49.604072,-27.398093],[-49.604077,-27.398097],[-49.60409,-27.398107],[-49.604102,-27.398115],[-49.604133,-27.398143],[-49.604174,-27.398179],[-49.604242,-27.398239],[-49.604275,-27.398268],[-49.604287,-27.398278],[-49.604313,-27.398299],[-49.604376,-27.39835],[-49.604456,-27.398415],[-49.604479,-27.398434],[-49.604485,-27.398438],[-49.604493,-27.398444],[-49.604514,-27.398459],[-49.604582,-27.398509],[-49.604592,-27.398515],[-49.604659,-27.398558],[-49.604823,-27.398661],[-49.604842,-27.39868],[-49.604919,-27.398758],[-49.604928,-27.398768],[-49.605026,-27.398841],[-49.605053,-27.398872],[-49.605105,-27.398953],[-49.605117,-27.398972],[-49.605141,-27.399035],[-49.605148,-27.399074],[-49.605162,-27.399143],[-49.605164,-27.399154],[-49.605146,-27.399184],[-49.605148,-27.399194],[-49.605212,-27.399265],[-49.605259,-27.399316],[-49.606673,-27.39933],[-49.606606,-27.399279],[-49.606554,-27.399208],[-49.606547,-27.399198]]],[[[-49.605797,-27.398137],[-49.605835,-27.398153],[-49.605856,-27.398156],[-49.605918,-27.398165],[-49.605947,-27.398179],[-49.605983,-27.398197],[-49.606038,-27.398224],[-49.606121,-27.398241],[-49.606115,-27.398225],[-49.606103,-27.398198],[-49.606051,-27.39818],[-49.606027,-27.398166],[-49.606013,-27.398158],[-49.606011,-27.398155],[-49.606002,-27.398139],[-49.606002,-27.398128],[-49.606001,-27.398113],[-49.60571,-27.39811],[-49.605771,-27.398126],[-49.605797,-27.398137]]],[[[-49.605951,-27.397934],[-49.605673,-27.397935],[-49.605502174976635,-27.397956723413376],[-49.60549890724959,-27.397956690115556],[-49.605433,-27.397938],[-49.605391,-27.397913],[-49.605383,-27.397909],[-49.60369,-27.397892],[-49.603767,-27.397897],[-49.603821,-27.397922],[-49.603861,-27.39794],[-49.603866,-27.397943],[-49.603926,-27.397987],[-49.603951,-27.398005],[-49.603976,-27.398023],[-49.604023,-27.398057],[-49.604068,-27.398091],[-49.604072,-27.398093],[-49.606001,-27.398113],[-49.606001,-27.39811],[-49.606014,-27.398077],[-49.606045,-27.398044],[-49.606075,-27.398026],[-49.606139,-27.398009],[-49.606027,-27.397964],[-49.60602,-27.397962],[-49.605958,-27.397937],[-49.605951,-27.397934]]],[[[-49.6044592285647,-27.3921436631928],[-49.604294,-27.392132],[-49.604145,-27.391984],[-49.604078,-27.391908],[-49.604047,-27.391873],[-49.604039,-27.391908],[-49.60402,-27.391983],[-49.603986,-27.392128],[-49.603983,-27.392139],[-49.603957,-27.392249],[-49.603961,-27.392368],[-49.603961,-27.392389],[-49.603956,-27.392416],[-49.603911,-27.392534],[-49.603848,-27.39274],[-49.60382,-27.392786],[-49.603768,-27.392874],[-49.603744,-27.39289],[-49.605288,-27.392906],[-49.605294,-27.39289],[-49.605331,-27.392801],[-49.605346,-27.392755],[-49.605414,-27.392549],[-49.605453,-27.392431],[-49.605462,-27.392404],[-49.605469,-27.392383],[-49.605546,-27.392265],[-49.605617,-27.392155],[-49.60563,-27.392136],[-49.605862,-27.391628],[-49.605762,-27.391624],[-49.605753,-27.391627],[-49.604511,-27.392125],[-49.6044647006101,-27.39214371677464],[-49.6044592285647,-27.3921436631928]]],[[[-49.604409,-27.425872],[-49.604419,-27.425879],[-49.604424,-27.425882],[-49.604436,-27.425879],[-49.604465,-27.425873],[-49.604577,-27.425864],[-49.604629,-27.425842],[-49.604693,-27.425815],[-49.604239,-27.42581],[-49.60436,-27.425839],[-49.604395,-27.425862],[-49.604409,-27.425872]]],[[[-49.6027,-27.424492],[-49.602657,-27.424526],[-49.602602,-27.424538],[-49.606367,-27.424576],[-49.606366,-27.424563],[-49.606362,-27.424529],[-49.606374,-27.424501],[-49.606376,-27.424496],[-49.602751,-27.42446],[-49.602735,-27.424465],[-49.6027,-27.424492]]],[[[-49.603011,-27.424444],[-49.602959,-27.424462],[-49.606376,-27.424496],[-49.606384,-27.424478],[-49.606385,-27.424475],[-49.606412,-27.424452],[-49.606437,-27.424431],[-49.606472,-27.424424],[-49.603057,-27.42439],[-49.603053,-27.424397],[-49.603043,-27.424418],[-49.603015,-27.424441],[-49.603011,-27.424444]]],[[[-49.604804,-27.424011],[-49.604797,-27.424008],[-49.604753,-27.42401],[-49.604731,-27.424017],[-49.604659,-27.424039],[-49.6045811054945,-27.424040573626375],[-49.60455643832473,-27.424040332185886],[-49.604544,-27.424038],[-49.604531,-27.424035],[-49.604488,-27.423997],[-49.604489,-27.423996],[-49.604514,-27.423971],[-49.604524,-27.423953],[-49.604527,-27.423946],[-49.604536,-27.423906],[-49.604553,-27.423832],[-49.604558,-27.423809],[-49.604012,-27.423804],[-49.604206,-27.423828],[-49.604237,-27.423903],[-49.604241,-27.423943],[-49.604242,-27.42395],[-49.604241,-27.423968],[-49.60424,-27.423993],[-49.60424,-27.423994],[-49.604218,-27.424032],[-49.604217,-27.424034],[-49.604216,-27.424037],[-49.604215,-27.424039],[-49.604206,-27.424054],[-49.604198,-27.424058],[-49.604161,-27.424077],[-49.604053,-27.42411],[-49.603986,-27.424124],[-49.603973,-27.424127],[-49.603866,-27.424131],[-49.603772,-27.424155],[-49.603771,-27.424156],[-49.603757,-27.424189],[-49.603758,-27.424213],[-49.603759,-27.42423],[-49.603759,-27.424236],[-49.603746,-27.424242],[-49.603724,-27.424252],[-49.603675,-27.424258],[-49.603535,-27.424277],[-49.603437,-27.424278],[-49.60459,-27.424289],[-49.604591,-27.424288],[-49.60461,-27.424268],[-49.604612,-27.424261],[-49.604616,-27.424251],[-49.604611,-27.424245],[-49.604606,-27.424238],[-49.604605,-27.424221],[-49.604618,-27.424198],[-49.604637,-27.424165],[-49.604639,-27.424163],[-49.604673,-27.424139],[-49.60468,-27.424134],[-49.604684,-27.424131],[-49.60472,-27.424117],[-49.604802,-27.424083],[-49.604849,-27.424064],[-49.604845,-27.42406],[-49.60483,-27.424045],[-49.604829,-27.424043],[-49.604828,-27.42404],[-49.60482,-27.424018],[-49.604804,-27.424011]]],[[[-49.605328,-27.422054],[-49.60531,-27.42197],[-49.605308,-27.421961],[-49.605308,-27.421957],[-49.605303,-27.421934],[-49.605302,-27.421933],[-49.6053,-27.421923],[-49.605299,-27.421917],[-49.605284,-27.421864],[-49.605266,-27.421848],[-49.60526,-27.421842],[-49.605235,-27.42184],[-49.605224,-27.421842],[-49.6052,-27.421847],[-49.605154,-27.421863],[-49.605007,-27.421914],[-49.604953,-27.421919],[-49.604851,-27.421929],[-49.60484432755633,-27.42192947660312],[-49.60483484065372,-27.42192938304392],[-49.60483,-27.421928],[-49.604816,-27.421926],[-49.604803,-27.421928],[-49.604796,-27.421929],[-49.604672,-27.421951],[-49.604653633728596,-27.421954673254284],[-49.60464845821939,-27.421954623214827],[-49.604605,-27.42195],[-49.604584,-27.421954],[-49.604538,-27.421962],[-49.604437,-27.422046],[-49.604388,-27.422086],[-49.604255,-27.422122],[-49.60425,-27.422125],[-49.604164,-27.422167],[-49.604117,-27.422205],[-49.604003,-27.422295],[-49.603974,-27.422312],[-49.603867,-27.422373],[-49.603814,-27.42241],[-49.603766,-27.422443],[-49.603694,-27.422503],[-49.603663,-27.422529],[-49.603633,-27.422553],[-49.603579,-27.422606],[-49.603523,-27.422659],[-49.603513,-27.422671],[-49.603488,-27.422699],[-49.603428,-27.422767],[-49.603307,-27.422874],[-49.6033,-27.422884],[-49.60329,-27.422901],[-49.603269,-27.422968],[-49.603254,-27.423017],[-49.603232,-27.42309],[-49.603224,-27.423117],[-49.603222,-27.423134],[-49.603212,-27.423202],[-49.603209,-27.423222],[-49.60321,-27.423225],[-49.603217,-27.423252],[-49.603213,-27.423279],[-49.603239,-27.423306],[-49.603243,-27.42331],[-49.60325,-27.423318],[-49.603269,-27.423337],[-49.603275,-27.42334],[-49.603325,-27.423361],[-49.603329,-27.423363],[-49.603336,-27.423361],[-49.603409,-27.423341],[-49.603414,-27.423339],[-49.603452,-27.42332],[-49.60346554331551,-27.423312260962568],[-49.603466999623286,-27.423312275758146],[-49.603495,-27.42332],[-49.6035,-27.423323],[-49.603507,-27.423328],[-49.603523,-27.423339],[-49.603528,-27.423343],[-49.603755,-27.423345],[-49.603764,-27.423342],[-49.603834,-27.423331],[-49.60398503867198,-27.423328220147145],[-49.603998156232585,-27.423328361322685],[-49.604013,-27.423333],[-49.604038,-27.42334],[-49.604074,-27.423369],[-49.604105,-27.423406],[-49.604116,-27.423418],[-49.604117,-27.423434],[-49.604097,-27.42345],[-49.604026,-27.423457],[-49.604539,-27.423463],[-49.60454,-27.423455],[-49.604553,-27.423438],[-49.604567,-27.423423],[-49.604577,-27.42341],[-49.604595,-27.423374],[-49.60461,-27.423346],[-49.604613,-27.423339],[-49.604615,-27.423335],[-49.604617,-27.423331],[-49.604621,-27.423324],[-49.604622,-27.42332],[-49.604652,-27.423293],[-49.604682,-27.423267],[-49.604712,-27.42324],[-49.604714,-27.423237],[-49.604729,-27.423217],[-49.604745,-27.423149],[-49.604752,-27.423132],[-49.604765,-27.423105],[-49.604774,-27.423032],[-49.604808,-27.422984],[-49.604837,-27.422916],[-49.604844,-27.4229],[-49.60485,-27.422889],[-49.60491,-27.422781],[-49.604947,-27.422713],[-49.604981,-27.422686],[-49.605008,-27.422674],[-49.605129,-27.422621],[-49.605184,-27.422569],[-49.605209,-27.422544],[-49.605225,-27.422518],[-49.605245,-27.422458],[-49.605257,-27.422424],[-49.605261,-27.422387],[-49.605268,-27.422325],[-49.605276,-27.422308],[-49.605315,-27.422217],[-49.605323,-27.422179],[-49.605332,-27.422136],[-49.605332,-27.422133],[-49.60533,-27.422095],[-49.605328,-27.422054]],[[-49.60470374554721,-27.421955157760816],[-49.604703745547,-27.421955157760813],[-49.605308,-27.421957],[-49.60470374554721,-27.421955157760816]],[[-49.60501166417915,-27.421931126865672],[-49.60501166417885,-27.42193112686567],[-49.605302,-27.421933],[-49.60501166417915,-27.421931126865672]]],[[[-49.605043,-27.415832],[-49.605071,-27.415823],[-49.605101,-27.415814],[-49.60496,-27.415813],[-49.605003,-27.415823],[-49.605043,-27.415832]]],[[[-49.60529,-27.39935],[-49.605297,-27.39935],[-49.605311,-27.399317],[-49.605259,-27.399316],[-49.60529,-27.39935]]],[[[-49.604613,-27.395008],[-49.604642,-27.394901],[-49.604658,-27.394887],[-49.604693,-27.394877],[-49.603547,-27.394865],[-49.603543,-27.394876],[-49.603538,-27.39489],[-49.603499,-27.394997],[-49.603492,-27.395017],[-49.603488,-27.395027],[-49.60347,-27.395077],[-49.603457,-27.395112],[-49.603454,-27.395119],[-49.603434,-27.395152],[-49.603424,-27.39517],[-49.603422,-27.395172],[-49.60339,-27.395199],[-49.603376,-27.395211],[-49.603378,-27.395222],[-49.603384,-27.39525],[-49.603389,-27.395271],[-49.603403,-27.395342],[-49.603413,-27.395389],[-49.60342,-27.39542],[-49.603423,-27.395497],[-49.603407,-27.395556],[-49.6034,-27.395581],[-49.603386,-27.395631],[-49.603384,-27.395659],[-49.60338,-27.395714],[-49.603378,-27.395741],[-49.603371,-27.395834],[-49.60337,-27.395849],[-49.603365,-27.395884],[-49.603362,-27.395901],[-49.603357,-27.395932],[-49.603352,-27.395963],[-49.603346,-27.395984],[-49.60333,-27.396038],[-49.60333,-27.396062],[-49.60333,-27.39607],[-49.603313,-27.396119],[-49.603312,-27.396128],[-49.603299,-27.396218],[-49.603296,-27.396246],[-49.603289,-27.396308],[-49.603284,-27.396356],[-49.603284,-27.396381],[-49.603285,-27.396448],[-49.603285,-27.396471],[-49.603285,-27.396539],[-49.603289,-27.39656],[-49.6033,-27.396619],[-49.603304,-27.396643],[-49.603331,-27.396796],[-49.603336,-27.396823],[-49.603336,-27.396828],[-49.603345,-27.396878],[-49.603358,-27.396951],[-49.60336,-27.396959],[-49.603369,-27.397095],[-49.603377,-27.397122],[-49.60341,-27.397227],[-49.603436,-27.397312],[-49.603464,-27.397403],[-49.603475,-27.397437],[-49.60348,-27.397449],[-49.603507,-27.397513],[-49.603514,-27.397529],[-49.603593,-27.397661],[-49.603595,-27.397669],[-49.603602,-27.397693],[-49.603607,-27.397747],[-49.603609,-27.397765],[-49.603601,-27.397828],[-49.603592,-27.397858],[-49.603588,-27.397869],[-49.603591,-27.397891],[-49.605383,-27.397909],[-49.605345,-27.397886],[-49.605327,-27.397875],[-49.605298,-27.397845],[-49.605237,-27.397782],[-49.605219,-27.397763],[-49.605192,-27.397709],[-49.60518,-27.397685],[-49.605174,-27.397677],[-49.605067,-27.397545],[-49.605053,-27.397528],[-49.60502,-27.397464],[-49.605005,-27.397452],[-49.60496,-27.397418],[-49.604887,-27.397326],[-49.604776,-27.397241],[-49.604662,-27.397135],[-49.604641,-27.397107],[-49.604535,-27.396971],[-49.604528,-27.396962],[-49.604452,-27.396889],[-49.604416,-27.396839],[-49.604403,-27.396834],[-49.604378,-27.396807],[-49.60427,-27.396653],[-49.604239,-27.396629],[-49.604191,-27.396569],[-49.604185,-27.396548],[-49.604166,-27.39648],[-49.604148,-27.396457],[-49.604127,-27.39639],[-49.604126,-27.396364],[-49.604125,-27.396317],[-49.604138,-27.396254],[-49.604134,-27.396227],[-49.60412,-27.396136],[-49.604121,-27.396127],[-49.604129,-27.396078],[-49.60413,-27.39607],[-49.604124,-27.396046],[-49.604111,-27.395992],[-49.604131,-27.395971],[-49.60416,-27.39594],[-49.604178,-27.395909],[-49.604221,-27.395893],[-49.604243,-27.395858],[-49.604252,-27.395842],[-49.604274,-27.39575],[-49.604268,-27.395723],[-49.604281,-27.395668],[-49.604301,-27.39564],[-49.604336,-27.395591],[-49.604345,-27.395565],[-49.604357,-27.395507],[-49.604373,-27.39543],[-49.604379,-27.395399],[-49.604378,-27.395351],[-49.604319,-27.39528],[-49.604313,-27.395259],[-49.604319,-27.395232],[-49.604339,-27.395221],[-49.604361,-27.395209],[-49.60439,-27.395182],[-49.604393,-27.395179],[-49.60439,-27.395162],[-49.604361,-27.395128],[-49.604355,-27.395121],[-49.604361,-27.395086],[-49.604414,-27.395036],[-49.60444271015763,-27.39502642994746],[-49.60444461201595,-27.3950264488117],[-49.604474,-27.395048],[-49.604474,-27.395075],[-49.604479,-27.395082],[-49.604491,-27.395098],[-49.604494,-27.395102],[-49.604517,-27.395111],[-49.604537,-27.395102],[-49.604548,-27.395098],[-49.604567,-27.395083],[-49.604571,-27.395076],[-49.604588,-27.395049],[-49.604601,-27.395028],[-49.604613,-27.395008]],[[-49.6044036218496,-27.39502604223656],[-49.60440362184974,-27.39502604223656],[-49.603488,-27.395027],[-49.6044036218496,-27.39502604223656]]],[[[-49.605004,-27.394951],[-49.605002,-27.394937],[-49.604996,-27.39489],[-49.604996,-27.394888],[-49.604998,-27.39488],[-49.604693,-27.394877],[-49.604749,-27.394885],[-49.604754,-27.394888],[-49.60484,-27.394935],[-49.604845,-27.394949],[-49.604863,-27.394997],[-49.604899,-27.395047],[-49.604907,-27.39505],[-49.604913,-27.395052],[-49.604948,-27.395065],[-49.604969,-27.395053],[-49.604973,-27.395051],[-49.604974,-27.395048],[-49.604989,-27.394999],[-49.605004,-27.394951]]],[[[-49.605258,-27.393769],[-49.605276,-27.393762],[-49.605218,-27.393762],[-49.605258,-27.393769]]],[[[-49.603844,-27.393823],[-49.603836,-27.393854],[-49.603782,-27.393978],[-49.60378,-27.393985],[-49.603768,-27.39403],[-49.603767,-27.394039],[-49.603761,-27.394093],[-49.603751,-27.394192],[-49.603742,-27.394282],[-49.603741,-27.39429],[-49.603732,-27.394318],[-49.603716,-27.394367],[-49.603689,-27.394448],[-49.603662,-27.394529],[-49.603645,-27.3946],[-49.603631,-27.39466],[-49.603619,-27.394687],[-49.603571,-27.394801],[-49.603562,-27.394825],[-49.603547,-27.394865],[-49.604998,-27.39488],[-49.605005,-27.394839],[-49.605021,-27.394816],[-49.605101,-27.394702],[-49.60511,-27.394675],[-49.605131,-27.394614],[-49.605134,-27.394544],[-49.605137,-27.394462],[-49.605095,-27.394381],[-49.605058,-27.394331],[-49.60505,-27.394303],[-49.605047,-27.394295],[-49.605041,-27.394205],[-49.605061,-27.394106],[-49.605085,-27.394052],[-49.605085,-27.394043],[-49.605088,-27.393998],[-49.605089,-27.393991],[-49.605117,-27.393867],[-49.605123,-27.393835],[-49.60513,-27.393805],[-49.605147,-27.393782],[-49.60517,-27.39377],[-49.605179,-27.393768],[-49.605218,-27.393762],[-49.603848,-27.393748],[-49.603847,-27.393755],[-49.603846,-27.393756],[-49.603844,-27.393769],[-49.603844,-27.393792],[-49.603844,-27.393823]]],[[[-49.605508,-27.393616],[-49.605472,-27.393585],[-49.605454,-27.393571],[-49.60542,-27.39352],[-49.605419,-27.393519],[-49.605399,-27.393509],[-49.605391,-27.393504],[-49.605348,-27.393508],[-49.60532,-27.393518],[-49.605316,-27.393519],[-49.605246,-27.393569],[-49.605225,-27.393583],[-49.605198,-27.393612],[-49.60517,-27.393643],[-49.60516,-27.393655],[-49.605155,-27.393664],[-49.605144,-27.393684],[-49.605134,-27.393704],[-49.605127,-27.393718],[-49.605126,-27.393721],[-49.60509717546755,-27.393742866886686],[-49.605096909568395,-27.39374286435259],[-49.605079,-27.393716],[-49.605081,-27.3937],[-49.605084,-27.393663],[-49.605087,-27.393639],[-49.605058,-27.39363],[-49.605055,-27.393621],[-49.605059,-27.393607],[-49.605076,-27.393541],[-49.605113,-27.393402],[-49.605124,-27.393326],[-49.605124,-27.393325],[-49.605146,-27.393281],[-49.605146,-27.39325],[-49.605147,-27.393237],[-49.60515,-27.393227],[-49.605152,-27.393224],[-49.603739,-27.39321],[-49.603872,-27.393215],[-49.603935,-27.393225],[-49.604016,-27.393238],[-49.604124,-27.393271],[-49.6041249986675,-27.393271009771695],[-49.604119,-27.393315],[-49.604119,-27.393316],[-49.604075,-27.393392],[-49.604034,-27.39353],[-49.603968,-27.393596],[-49.603948,-27.39361],[-49.603934,-27.393619],[-49.603923,-27.393627],[-49.603888,-27.393651],[-49.603861,-27.393687],[-49.603858,-27.393704],[-49.603852,-27.393731],[-49.603848,-27.393748],[-49.605276,-27.393762],[-49.605321,-27.393745],[-49.60538,-27.393723],[-49.605387,-27.393721],[-49.605492,-27.393707],[-49.605518,-27.393688],[-49.605531,-27.393668],[-49.605529,-27.393659],[-49.605528,-27.393647],[-49.605508,-27.393616]]],[[[-49.605057,-27.425548],[-49.605123,-27.42551],[-49.605231,-27.425466],[-49.605233,-27.425465],[-49.605273,-27.425435],[-49.605295,-27.42542],[-49.603369,-27.425401],[-49.603439,-27.425417],[-49.603469,-27.425447],[-49.60347,-27.425449],[-49.603499,-27.425494],[-49.603523,-27.425532],[-49.603534,-27.425549],[-49.60356,-27.42559],[-49.603562,-27.425591],[-49.603705,-27.425708],[-49.603721,-27.425721],[-49.603841,-27.425782],[-49.60389,-27.425795],[-49.603898,-27.425796],[-49.603987,-27.425808],[-49.60410996802456,-27.425798083223825],[-49.60411154285713,-27.425798098701296],[-49.604144,-27.425804],[-49.604178,-27.425809],[-49.604693,-27.425815],[-49.604705,-27.425809],[-49.604712,-27.425804],[-49.604713,-27.425803],[-49.604729,-27.42579],[-49.604805,-27.425732],[-49.604821,-27.425719],[-49.604936,-27.425605],[-49.604937,-27.425604],[-49.605001,-27.425564],[-49.605057,-27.425548]]],[[[-49.604179,-27.42581],[-49.604239,-27.42581],[-49.604178,-27.425809],[-49.604179,-27.42581]]],[[[-49.602698,-27.42493],[-49.602725,-27.424947],[-49.602737,-27.424955],[-49.602745,-27.425031],[-49.602736,-27.425045],[-49.602725,-27.425061],[-49.602661,-27.4251],[-49.60264,-27.425121],[-49.602639,-27.425128],[-49.602638,-27.425166],[-49.602641,-27.425172],[-49.605545,-27.425202],[-49.605552,-27.425195],[-49.60559,-27.425158],[-49.6056,-27.425151],[-49.605629,-27.425129],[-49.60568,-27.425091],[-49.605701,-27.425075],[-49.605712,-27.425061],[-49.605775,-27.424985],[-49.605781,-27.424978],[-49.605815,-27.424962],[-49.605889,-27.424926],[-49.605898,-27.424909],[-49.602461,-27.424875],[-49.602603,-27.424893],[-49.602698,-27.42493]]],[[[-49.604523,-27.423664],[-49.604524,-27.423617],[-49.604526,-27.423613],[-49.604538,-27.42359],[-49.604536,-27.423578],[-49.604533,-27.423553],[-49.604531,-27.42354],[-49.60453,-27.42353],[-49.60453,-27.423527],[-49.604531,-27.423519],[-49.604533,-27.423502],[-49.604536,-27.423484],[-49.604538,-27.42347],[-49.604539,-27.423463],[-49.603528,-27.423452],[-49.60351,-27.42346],[-49.603495,-27.423473],[-49.60349,-27.423492],[-49.603503,-27.423508],[-49.603522,-27.423517],[-49.603529,-27.42352],[-49.603631,-27.423531],[-49.60364,-27.423544],[-49.603632,-27.423569],[-49.603636,-27.423581],[-49.603643,-27.423604],[-49.603648,-27.423608],[-49.603691,-27.423656],[-49.603697,-27.423663],[-49.603711,-27.42369],[-49.603713,-27.423694],[-49.603741,-27.423717],[-49.603771,-27.423742],[-49.603798,-27.423755],[-49.603851,-27.423782],[-49.603854,-27.423784],[-49.603869,-27.423802],[-49.603876,-27.42381],[-49.603881,-27.423817],[-49.603891,-27.42381],[-49.60390249036403,-27.423802339757316],[-49.603945045380776,-27.423802771474875],[-49.604012,-27.423804],[-49.604559,-27.423809],[-49.604563,-27.423791],[-49.604563,-27.423789],[-49.60456,-27.423763],[-49.604553,-27.42375],[-49.60454,-27.423725],[-49.60454,-27.423702],[-49.60454,-27.423698],[-49.604526,-27.423671],[-49.604523,-27.423664]]],[[[-49.603729,-27.41581],[-49.603668,-27.415839],[-49.603561,-27.415889],[-49.604812,-27.415901],[-49.60488,-27.415851],[-49.60494,-27.415822],[-49.60496,-27.415813],[-49.603739,-27.415801],[-49.603729,-27.41581]]],[[[-49.605153,-27.39322],[-49.605162,-27.393197],[-49.605162,-27.393196],[-49.605165,-27.393189],[-49.603549,-27.393173],[-49.603565,-27.39318],[-49.603568,-27.393181],[-49.60360509463113,-27.3931804016995],[-49.60363271363341,-27.39318067840835],[-49.603634,-27.393181],[-49.603706,-27.393205],[-49.603708,-27.393209],[-49.605152,-27.393224],[-49.605153,-27.39322]]],[[[-49.602082,-27.424871],[-49.605898,-27.424909],[-49.60593,-27.424851],[-49.601976,-27.424812],[-49.602082,-27.424871]]],[[[-49.603101,-27.424275],[-49.603098,-27.42428],[-49.603094,-27.42429],[-49.603095,-27.424294],[-49.604559,-27.424308],[-49.604566,-27.424305],[-49.604585,-27.424295],[-49.60459,-27.424289],[-49.603101,-27.424275]]],[[[-49.603935,-27.423453],[-49.6039,-27.423445],[-49.603555,-27.423441],[-49.603535,-27.423449],[-49.603528,-27.423452],[-49.604026,-27.423457],[-49.603935,-27.423453]]],[[[-49.60389,-27.423443],[-49.603885,-27.423441],[-49.603872,-27.423442],[-49.603844,-27.423444],[-49.6039,-27.423445],[-49.60389,-27.423443]]],[[[-49.60356,-27.423439],[-49.603555,-27.423441],[-49.603844,-27.423444],[-49.603836,-27.423442],[-49.60356,-27.423439]]],[[[-49.603803,-27.423437],[-49.603753,-27.423441],[-49.603836,-27.423442],[-49.603818,-27.423437],[-49.603814,-27.423436],[-49.603803,-27.423437]]],[[[-49.603585,-27.423429],[-49.603571,-27.423435],[-49.60356,-27.423439],[-49.603753,-27.423441],[-49.603736,-27.423436],[-49.603733,-27.423435],[-49.603723,-27.423432],[-49.603701,-27.423435],[-49.60369498843931,-27.423435751445087],[-49.603691337230224,-27.423435729316548],[-49.60365,-27.423429],[-49.603602,-27.423422],[-49.603585,-27.423429]]],[[[-49.603594,-27.423353],[-49.603637,-27.423344],[-49.603528,-27.423343],[-49.603542,-27.423352],[-49.603554,-27.423356],[-49.603565,-27.423359],[-49.603578,-27.423356],[-49.603594,-27.423353]]],[[[-49.603753,-27.423346],[-49.603755,-27.423345],[-49.603637,-27.423344],[-49.603694,-27.423346],[-49.603715,-27.423354],[-49.603724,-27.423358],[-49.603732,-27.423354],[-49.603753,-27.423346]]],[[[-49.602714,-27.416199],[-49.602695,-27.41622],[-49.602674,-27.416233],[-49.602644,-27.41625],[-49.6026423760641,-27.416251623935906],[-49.60263957350566,-27.416251595584278],[-49.60263,-27.41625],[-49.60262,-27.416237],[-49.602615,-27.416231],[-49.602489,-27.416197],[-49.602418,-27.416178],[-49.602413,-27.416196],[-49.602404,-27.416229],[-49.602402,-27.416235],[-49.602385,-27.416248],[-49.602383,-27.416249],[-49.60235,-27.416274],[-49.602326,-27.416291],[-49.602221,-27.416331],[-49.602132,-27.416364],[-49.602058,-27.416382],[-49.601975,-27.416402],[-49.601974,-27.416403],[-49.601965,-27.416413],[-49.601965,-27.416417],[-49.601955,-27.416483],[-49.601936,-27.416513],[-49.601879,-27.416542],[-49.601758,-27.416606],[-49.601635,-27.416613],[-49.601211,-27.416638],[-49.60104,-27.416648],[-49.603649,-27.416674],[-49.603677,-27.416663],[-49.603748,-27.416634],[-49.603765,-27.416626],[-49.6039,-27.416562],[-49.603995,-27.416533],[-49.604089,-27.416504],[-49.604294,-27.416441],[-49.60432,-27.416436],[-49.604374,-27.416427],[-49.604374,-27.416426],[-49.604388,-27.416405],[-49.60439,-27.416387],[-49.604393,-27.416353],[-49.604384,-27.416312],[-49.60438,-27.416294],[-49.60436,-27.416269],[-49.604359,-27.416268],[-49.604345,-27.41625],[-49.60434,-27.416237],[-49.604331,-27.416216],[-49.604329,-27.416195],[-49.604341,-27.416181],[-49.604399,-27.416174],[-49.604439,-27.416169],[-49.604499,-27.416149],[-49.604552,-27.416132],[-49.604684,-27.416106],[-49.604711,-27.416093],[-49.604713,-27.416092],[-49.604716,-27.416089],[-49.602874,-27.416071],[-49.60287,-27.416073],[-49.602868,-27.416075],[-49.602854,-27.416087],[-49.602823,-27.416115],[-49.602803,-27.416132],[-49.602764,-27.416152],[-49.602752,-27.416157],[-49.602745,-27.416165],[-49.602732,-27.416179],[-49.602714,-27.416199]],[[-49.60311816949709,-27.416256437223037],[-49.603118169495765,-27.416256437223023],[-49.604359,-27.416268],[-49.60311816949709,-27.416256437223037]]],[[[-49.603087,-27.416056],[-49.603061,-27.416067],[-49.603049,-27.416072],[-49.604716,-27.416089],[-49.604722,-27.416084],[-49.604735,-27.416072],[-49.603087,-27.416056]]],[[[-49.604735,-27.416072],[-49.604775,-27.416037],[-49.604781,-27.416026],[-49.604792,-27.416009],[-49.60478,-27.415983],[-49.604761,-27.415939],[-49.603383,-27.415926],[-49.603303,-27.415968],[-49.60324,-27.415994],[-49.6032,-27.41601],[-49.603186,-27.416021],[-49.603143,-27.416056],[-49.604735,-27.416072]]],[[[-49.604812,-27.415901],[-49.603428,-27.415888],[-49.603384,-27.415925],[-49.603383,-27.415926],[-49.604762,-27.415939],[-49.604812,-27.415901]]],[[[-49.603591,-27.397891],[-49.603591,-27.397892],[-49.6036,-27.397895],[-49.603618,-27.397902],[-49.603662,-27.397896],[-49.603682,-27.397893],[-49.60369,-27.397892],[-49.603591,-27.397891]]],[[[-49.603714,-27.393223],[-49.603732,-27.393213],[-49.603739,-27.39321],[-49.603708,-27.393209],[-49.603709,-27.393213],[-49.603714,-27.393223]]],[[[-49.603752,-27.391452],[-49.603818,-27.391453],[-49.603816,-27.391452],[-49.603752,-27.391452]]],[[[-49.602563,-27.434025],[-49.60258,-27.434019],[-49.602664,-27.433992],[-49.602664,-27.433976],[-49.602044,-27.43397],[-49.602074,-27.433986],[-49.602127,-27.434015],[-49.602138,-27.43402],[-49.602138,-27.434021],[-49.602222,-27.434042],[-49.602243,-27.434045],[-49.60227,-27.434049],[-49.602302,-27.434053],[-49.602392,-27.43405],[-49.602399,-27.434047],[-49.6024,-27.434044],[-49.602408,-27.434023],[-49.60242061715934,-27.434017592645997],[-49.60243155012572,-27.43401768918433],[-49.602519,-27.434024],[-49.602524,-27.434025],[-49.602556,-27.434027],[-49.602562,-27.434025],[-49.602563,-27.434025]]],[[[-49.60222,-27.433671],[-49.602121,-27.433648],[-49.602036,-27.433628],[-49.602017,-27.433624],[-49.60197763657886,-27.433627422906184],[-49.601970778312904,-27.433627355092085],[-49.601949,-27.433564],[-49.601944,-27.43356],[-49.600518,-27.433546],[-49.600518,-27.43355],[-49.600519,-27.433613],[-49.60052,-27.433632],[-49.600519,-27.433654],[-49.600516,-27.433733],[-49.600515,-27.433749],[-49.600515,-27.43375],[-49.600515,-27.433759],[-49.600513,-27.433765],[-49.600506,-27.433801],[-49.600504,-27.433809],[-49.600494,-27.43384],[-49.600467,-27.433921],[-49.600441,-27.433996],[-49.600376,-27.434191],[-49.600366,-27.434221],[-49.600367,-27.434274],[-49.600367,-27.434299],[-49.600361,-27.434339],[-49.600355,-27.43438],[-49.600331,-27.434545],[-49.600328,-27.434569],[-49.600324,-27.434598],[-49.600324,-27.434599],[-49.60031,-27.43465],[-49.600296,-27.4347],[-49.600279,-27.434762],[-49.600258,-27.434839],[-49.600254,-27.434852],[-49.600228,-27.434916],[-49.600216,-27.434947],[-49.600186,-27.43502],[-49.600181,-27.435037],[-49.600167,-27.435085],[-49.600162,-27.435103],[-49.600148,-27.435201],[-49.600146,-27.435217],[-49.600131,-27.435271],[-49.600112,-27.435344],[-49.60008,-27.435433],[-49.60005,-27.435514],[-49.60004,-27.435542],[-49.600021,-27.435595],[-49.600002,-27.435649],[-49.599994,-27.435671],[-49.599991,-27.435676],[-49.599946,-27.435765],[-49.600621,-27.435772],[-49.600655,-27.435683],[-49.600659,-27.435677],[-49.600674,-27.435656],[-49.600685,-27.435602],[-49.600718,-27.435549],[-49.600764,-27.435521],[-49.600779,-27.43544],[-49.600817,-27.435351],[-49.600848,-27.435278],[-49.600855,-27.435224],[-49.600857,-27.435208],[-49.600888,-27.43511],[-49.600894,-27.435092],[-49.600919,-27.435044],[-49.600923,-27.435027],[-49.600941,-27.434954],[-49.600958,-27.434923],[-49.600976,-27.434859],[-49.60098,-27.434847],[-49.601048,-27.43477],[-49.601061,-27.434708],[-49.601087,-27.434658],[-49.601133,-27.434607],[-49.601134,-27.434606],[-49.601184,-27.434578],[-49.601198,-27.434553],[-49.601203,-27.434388],[-49.601198,-27.434347],[-49.60123,-27.434307],[-49.60125,-27.434283],[-49.601279,-27.434231],[-49.601297,-27.4342],[-49.601364,-27.434005],[-49.601383,-27.43393],[-49.601384,-27.433849],[-49.601397,-27.433818],[-49.601401,-27.43381],[-49.601438,-27.433775],[-49.601453,-27.433768],[-49.60147096171658,-27.433759491818464],[-49.60147474623798,-27.43375952939527],[-49.601555,-27.433775],[-49.60162,-27.433821],[-49.601632,-27.433826],[-49.601654,-27.433835],[-49.601771,-27.433845],[-49.601797,-27.433837],[-49.601826,-27.433828],[-49.601833,-27.433823],[-49.601903,-27.433778],[-49.601925,-27.433764],[-49.60192645688801,-27.433763271555996],[-49.60192756553148,-27.43376328276574],[-49.601929,-27.433764],[-49.601946,-27.433772],[-49.601953,-27.433776],[-49.601955,-27.433788],[-49.60196,-27.433822],[-49.601975,-27.433915],[-49.601995,-27.43395],[-49.602006,-27.433969],[-49.602664,-27.433976],[-49.602665,-27.433957],[-49.602641,-27.433922],[-49.602579,-27.433828],[-49.602549,-27.433794],[-49.60253,-27.433781],[-49.602525,-27.433778],[-49.602496,-27.43377],[-49.602493,-27.433769],[-49.602433,-27.433752],[-49.60222,-27.433671]]],[[[-49.603283,-27.4254],[-49.603321,-27.425416],[-49.603369,-27.425401],[-49.603283,-27.4254]]],[[[-49.602652,-27.425196],[-49.60266,-27.425247],[-49.602671,-27.425256],[-49.602687,-27.425258],[-49.602729,-27.425263],[-49.602774,-27.425288],[-49.60284,-27.425294],[-49.602851,-27.425289],[-49.602912,-27.425265],[-49.602923,-27.425261],[-49.602926,-27.425259],[-49.602938,-27.42525],[-49.603009,-27.4252],[-49.603033,-27.425182],[-49.603094,-27.425177],[-49.602641,-27.425172],[-49.602644,-27.425178],[-49.602652,-27.425196]]],[[[-49.602122,-27.424893],[-49.602152,-27.424903],[-49.602183,-27.424913],[-49.602273,-27.424904],[-49.602291,-27.424895],[-49.602315,-27.424881],[-49.602461,-27.424875],[-49.602082,-27.424871],[-49.602097,-27.424879],[-49.602122,-27.424893]]],[[[-49.602859,-27.424446],[-49.602845,-27.424444],[-49.602817,-27.424446],[-49.60279,-27.424447],[-49.602751,-27.42446],[-49.602959,-27.424462],[-49.602872,-27.424448],[-49.602859,-27.424446]]],[[[-49.60343,-27.424222],[-49.603371,-27.424207],[-49.603352,-27.424195],[-49.603366,-27.424174],[-49.603355,-27.424088],[-49.603361,-27.42401],[-49.603362,-27.423992],[-49.603381,-27.423915],[-49.603389,-27.423897],[-49.603413,-27.423843],[-49.603416,-27.423799],[-49.603417,-27.423795],[-49.603381,-27.423773],[-49.603349,-27.42377],[-49.603336,-27.423769],[-49.603332,-27.423772],[-49.6033,-27.423794],[-49.603295,-27.423798],[-49.603269,-27.423842],[-49.603238,-27.423895],[-49.603224,-27.423913],[-49.603162,-27.42399],[-49.603148,-27.424007],[-49.603132,-27.424086],[-49.603115,-27.424172],[-49.603111,-27.424192],[-49.603111,-27.424205],[-49.603111,-27.424219],[-49.603111,-27.424247],[-49.603111,-27.424248],[-49.603101,-27.424275],[-49.603437,-27.424278],[-49.603443,-27.424251],[-49.603443,-27.42425],[-49.60343,-27.424222]]],[[[-49.602639,-27.422367],[-49.602643,-27.42235],[-49.602658,-27.422298],[-49.602662,-27.422228],[-49.602659,-27.422217],[-49.602632,-27.422125],[-49.602625,-27.4221],[-49.602628,-27.42207],[-49.602633,-27.422027],[-49.602646,-27.421895],[-49.602655,-27.421806],[-49.602677,-27.421595],[-49.602682,-27.421544],[-49.602685,-27.421513],[-49.602689,-27.421478],[-49.602693,-27.421416],[-49.602699,-27.421321],[-49.602705,-27.421234],[-49.602704,-27.421218],[-49.602703,-27.421189],[-49.602702,-27.421173],[-49.602701,-27.421164],[-49.602701,-27.421162],[-49.6027,-27.421134],[-49.602697,-27.42108],[-49.602693,-27.420999],[-49.602691,-27.42098],[-49.602682,-27.420911],[-49.602678,-27.420875],[-49.602676,-27.420865],[-49.602676,-27.42085],[-49.599526,-27.420819],[-49.599506,-27.420833],[-49.599491,-27.420843],[-49.599464,-27.420879],[-49.599441,-27.420947],[-49.599428,-27.420966],[-49.599372,-27.421047],[-49.599342,-27.421101],[-49.599333,-27.421118],[-49.599281,-27.421208],[-49.599275,-27.421224],[-49.599261,-27.421262],[-49.599252,-27.421286],[-49.599269,-27.421304],[-49.59931,-27.421322],[-49.599339,-27.421335],[-49.599379,-27.421353],[-49.599472,-27.421364],[-49.599652,-27.421385],[-49.599655,-27.421385],[-49.599711,-27.421367],[-49.599723,-27.421357],[-49.599743,-27.421339],[-49.599749,-27.421327],[-49.599749,-27.421309],[-49.599748,-27.421291],[-49.599748,-27.421267],[-49.599777,-27.421229],[-49.599803,-27.421214],[-49.599951,-27.421124],[-49.600017412630756,-27.421107637467784],[-49.600021614993956,-27.421107678765576],[-49.600089,-27.421136],[-49.600095,-27.421138],[-49.60011,-27.421144],[-49.60011,-27.421145],[-49.600116,-27.421163],[-49.600085,-27.421244],[-49.600024,-27.421404],[-49.600021,-27.421411],[-49.599991,-27.42149],[-49.599992,-27.421514],[-49.599997,-27.421628],[-49.599998,-27.421649],[-49.599971,-27.421703],[-49.599962,-27.421761],[-49.599955,-27.421807],[-49.599954,-27.421811],[-49.599951,-27.42182],[-49.599935,-27.421865],[-49.599937,-27.421879],[-49.59994,-27.421924],[-49.599942,-27.42194],[-49.599952,-27.421953],[-49.599954,-27.421956],[-49.599983,-27.421974],[-49.600025,-27.421999],[-49.600027,-27.422001],[-49.600047,-27.422024],[-49.600056,-27.422052],[-49.600052,-27.422089],[-49.60005,-27.422101],[-49.60005,-27.422103],[-49.600047,-27.422134],[-49.600046,-27.422137],[-49.600052,-27.422164],[-49.600088,-27.42221],[-49.600116,-27.422237],[-49.60018,-27.422298],[-49.600193,-27.422348],[-49.600208,-27.422409],[-49.600211,-27.422415],[-49.600223,-27.422437],[-49.600318,-27.422495],[-49.60031900530705,-27.422495007733133],[-49.600354,-27.422546],[-49.600354,-27.422573],[-49.600353,-27.4226],[-49.600376,-27.422616],[-49.600394,-27.422628],[-49.600486,-27.422639],[-49.600499,-27.422629],[-49.600514,-27.422617],[-49.600522,-27.422602],[-49.600536,-27.422575],[-49.600562,-27.422548],[-49.600577,-27.422498],[-49.600578,-27.422497],[-49.600576,-27.42244],[-49.600576,-27.422419],[-49.600574,-27.422413],[-49.600555,-27.422352],[-49.600563,-27.422302],[-49.600572,-27.422242],[-49.600594,-27.422215],[-49.600631,-27.42217],[-49.600653,-27.422143],[-49.600656,-27.42214],[-49.600731,-27.42211],[-49.60079662074555,-27.4221084376013],[-49.600818542274055,-27.42210865597668],[-49.600869,-27.422118],[-49.600934,-27.422159],[-49.601023,-27.422216],[-49.601037,-27.422228],[-49.601071,-27.422257],[-49.601114,-27.42231],[-49.601176,-27.422386],[-49.601205,-27.422421],[-49.601231,-27.422452],[-49.601279,-27.422467],[-49.601296,-27.422452],[-49.60133,-27.422422],[-49.60136,-27.422387],[-49.601382,-27.422313],[-49.601389,-27.42226],[-49.601393,-27.422232],[-49.601392,-27.422219],[-49.601386,-27.422164],[-49.601361,-27.422123],[-49.601355,-27.422114],[-49.601347,-27.422102],[-49.601314,-27.422064],[-49.60129,-27.422037],[-49.601269,-27.422014],[-49.601268,-27.422012],[-49.601256,-27.421987],[-49.601257,-27.421969],[-49.601257,-27.421966],[-49.601269,-27.421953],[-49.601284,-27.421937],[-49.601345,-27.421893],[-49.601382,-27.421879],[-49.601497,-27.421836],[-49.601507,-27.421827],[-49.601511,-27.421823],[-49.60153,-27.421777],[-49.601532,-27.421719],[-49.601534,-27.421664],[-49.601534,-27.421643],[-49.601563,-27.421529],[-49.601566,-27.421506],[-49.601576,-27.421427],[-49.601587857324844,-27.421420083227176],[-49.601588310538204,-27.421420087888173],[-49.601641,-27.421435],[-49.601656,-27.42144],[-49.601675,-27.421436],[-49.601677,-27.421421],[-49.6017,-27.42126],[-49.601738,-27.421179],[-49.601746,-27.421161],[-49.601748,-27.42116],[-49.601765,-27.421155],[-49.60176954354354,-27.42115272822823],[-49.60177834230447,-27.421152815811606],[-49.601798,-27.421155],[-49.601837,-27.421164],[-49.601855,-27.42118],[-49.60187,-27.42121],[-49.601869,-27.421226],[-49.601863,-27.421313],[-49.601798,-27.421407],[-49.601802,-27.421469],[-49.601804,-27.421505],[-49.601814,-27.421535],[-49.601811,-27.421586],[-49.601767,-27.421798],[-49.601775,-27.421887],[-49.601727,-27.422018],[-49.601722,-27.422061],[-49.601735,-27.422091],[-49.601745,-27.422116],[-49.601757,-27.422208],[-49.601753,-27.422219],[-49.601732,-27.422289],[-49.601716,-27.422341],[-49.601735,-27.422358],[-49.601768,-27.422425],[-49.601794,-27.422479],[-49.601778,-27.422506],[-49.601774,-27.422533],[-49.601706,-27.422606],[-49.6017,-27.422613],[-49.601692,-27.422641],[-49.601654,-27.422695],[-49.601653,-27.422703],[-49.60165,-27.422722],[-49.601629,-27.422759],[-49.601639,-27.422794],[-49.601644,-27.422808],[-49.601621,-27.422857],[-49.601608,-27.422884],[-49.601604,-27.422911],[-49.601597,-27.422961],[-49.60158,-27.423073],[-49.601581,-27.423127],[-49.601583,-27.423185],[-49.601537,-27.423277],[-49.601517,-27.423316],[-49.601507,-27.423397],[-49.601478,-27.423431],[-49.601477,-27.423492],[-49.601497,-27.423606],[-49.601482,-27.423692],[-49.60146,-27.423722],[-49.601484,-27.423748],[-49.601518,-27.423787],[-49.60151,-27.423866],[-49.601467,-27.423935],[-49.601392,-27.424056],[-49.601367,-27.424097],[-49.601339,-27.424253],[-49.601313,-27.424343],[-49.601279,-27.424385],[-49.601276,-27.424386],[-49.601222,-27.424407],[-49.601221,-27.424409],[-49.601201,-27.424429],[-49.601201,-27.42443],[-49.6012,-27.424443],[-49.601193,-27.4245],[-49.601184,-27.424524],[-49.602602,-27.424538],[-49.602519,-27.424514],[-49.602319,-27.424454],[-49.602254,-27.424441],[-49.602253,-27.42444],[-49.602226,-27.424419],[-49.602225,-27.424417],[-49.602214,-27.424395],[-49.602214,-27.424394],[-49.602215,-27.424352],[-49.602217,-27.424262],[-49.602221,-27.424105],[-49.602222,-27.424064],[-49.602247,-27.423943],[-49.602267,-27.423874],[-49.602291,-27.423794],[-49.602303,-27.423756],[-49.602308,-27.42373],[-49.602315,-27.423701],[-49.602334,-27.423615],[-49.60236,-27.423501],[-49.602373,-27.42344],[-49.602381,-27.423406],[-49.602399,-27.423325],[-49.602408,-27.423285],[-49.602423,-27.423193],[-49.602433,-27.423136],[-49.602436,-27.423082],[-49.602441,-27.422969],[-49.602459,-27.422919],[-49.60246,-27.422892],[-49.602474,-27.422865],[-49.60248,-27.422816],[-49.602482,-27.422803],[-49.602492,-27.422768],[-49.602502,-27.42273],[-49.602508,-27.422711],[-49.60251,-27.422703],[-49.602529,-27.422649],[-49.602539,-27.422621],[-49.602541,-27.422615],[-49.602573,-27.422541],[-49.602585,-27.422514],[-49.602596,-27.422487],[-49.60262,-27.422433],[-49.602639,-27.422367]]],[[[-49.603168,-27.419005],[-49.603191,-27.419],[-49.603233,-27.418992],[-49.60325,-27.418975],[-49.603253,-27.418972],[-49.603255,-27.41897],[-49.603262,-27.418963],[-49.603303,-27.418939],[-49.603419,-27.418929],[-49.603445,-27.41891],[-49.603456,-27.418903],[-49.603465,-27.418867],[-49.603479,-27.41881],[-49.603487,-27.418778],[-49.603485,-27.418749],[-49.603456,-27.418686],[-49.603425,-27.418648],[-49.603381,-27.418619],[-49.603354,-27.418615],[-49.603298,-27.418607],[-49.60318830148268,-27.41861334619522],[-49.60317406116442,-27.418613204065363],[-49.603129,-27.418601],[-49.600751,-27.418577],[-49.600749,-27.418589],[-49.600748,-27.418593],[-49.600742,-27.418621],[-49.600734,-27.418659],[-49.600721,-27.418721],[-49.600715,-27.41875],[-49.600709,-27.418782],[-49.600711,-27.418839],[-49.600701,-27.418876],[-49.600699,-27.418883],[-49.600688,-27.418901],[-49.600682,-27.418913],[-49.600668,-27.418937],[-49.600664,-27.418944],[-49.600663,-27.418946],[-49.600619,-27.419003],[-49.600591,-27.419038],[-49.600561,-27.419077],[-49.600534,-27.419105],[-49.60051,-27.419129],[-49.600491,-27.41914],[-49.600488,-27.419142],[-49.600435,-27.419147],[-49.600383,-27.419178],[-49.600378,-27.419186],[-49.60037,-27.419199],[-49.600369,-27.41924],[-49.600369,-27.41927],[-49.600384,-27.419291],[-49.600439,-27.419367],[-49.600453,-27.419564],[-49.600418,-27.419649],[-49.600415,-27.419676],[-49.600427,-27.419754],[-49.600447,-27.419788],[-49.600461,-27.41981],[-49.600468,-27.419866],[-49.600443,-27.419882],[-49.600335,-27.41991],[-49.60034,-27.419948],[-49.600328,-27.419964],[-49.600332,-27.419984],[-49.600336,-27.420001],[-49.600327,-27.420082],[-49.600317,-27.420109],[-49.600287,-27.42019],[-49.600298,-27.420212],[-49.600327,-27.420232],[-49.600329,-27.420253],[-49.600133,-27.420283],[-49.600116,-27.420292],[-49.600081,-27.420336],[-49.599985,-27.420534],[-49.599836,-27.420717],[-49.599797,-27.420752],[-49.599685,-27.420816],[-49.599655,-27.42082],[-49.602676,-27.42085],[-49.602676,-27.420846],[-49.602674,-27.420781],[-49.602673,-27.420746],[-49.602669,-27.420561],[-49.602664,-27.420362],[-49.602662,-27.420318],[-49.602662,-27.420309],[-49.602661,-27.420276],[-49.602661,-27.420255],[-49.60266,-27.420236],[-49.60266,-27.420213],[-49.602658,-27.420132],[-49.60266,-27.420105],[-49.602667,-27.420024],[-49.602668,-27.420008],[-49.602676,-27.419988],[-49.602682,-27.419971],[-49.602695,-27.419934],[-49.602706,-27.419904],[-49.602712,-27.419889],[-49.602721,-27.419833],[-49.602725,-27.419811],[-49.602729,-27.419777],[-49.602736,-27.4197],[-49.602739,-27.419673],[-49.602747,-27.419587],[-49.602767,-27.41939],[-49.602775,-27.419315],[-49.602782,-27.419294],[-49.602792,-27.419264],[-49.602837,-27.419224],[-49.602851,-27.41921],[-49.602854,-27.419203],[-49.602866,-27.419171],[-49.602868,-27.419165],[-49.602869,-27.419164],[-49.60287,-27.419153],[-49.602872,-27.419129],[-49.602893,-27.4191],[-49.602921,-27.419061],[-49.602959,-27.419026],[-49.60307261487528,-27.418970189184076],[-49.603075225732326,-27.41897021539345],[-49.603104,-27.418973],[-49.603129,-27.418991],[-49.603141,-27.419],[-49.603168,-27.419005]],[[-49.603064780216314,-27.41897011053499],[-49.60306478021636,-27.41897011053499],[-49.600619,-27.419003],[-49.603064780216314,-27.41897011053499]]],[[[-49.603129,-27.418601],[-49.603097,-27.418592],[-49.603086,-27.418589],[-49.603065,-27.418592],[-49.603057,-27.4186],[-49.603129,-27.418601]]],[[[-49.603049,-27.416072],[-49.603019,-27.416067],[-49.603,-27.416043],[-49.602998,-27.416008],[-49.602998,-27.415992],[-49.602973,-27.416008],[-49.602919,-27.416042],[-49.602882,-27.416065],[-49.602874,-27.416071],[-49.603049,-27.416072]]],[[[-49.603561,-27.415889],[-49.603516,-27.415888],[-49.603477,-27.415866],[-49.603454,-27.415865],[-49.603428,-27.415887],[-49.603428,-27.415888],[-49.603561,-27.415889]]],[[[-49.603501,-27.393332],[-49.603506,-27.393306],[-49.603528,-27.3932],[-49.603549,-27.393173],[-49.597965,-27.393117],[-49.597964,-27.393144],[-49.597962,-27.393251],[-49.597962,-27.393256],[-49.597962,-27.39329],[-49.597961,-27.393314],[-49.597958,-27.393476],[-49.597955,-27.393613],[-49.597954,-27.393699],[-49.59795,-27.393875],[-49.597949,-27.39393],[-49.597948,-27.394019],[-49.597947,-27.394073],[-49.597946,-27.394118],[-49.597943,-27.394241],[-49.597943,-27.394257],[-49.597943,-27.394261],[-49.597942,-27.394299],[-49.597942,-27.394313],[-49.59794,-27.394402],[-49.597939,-27.394464],[-49.597938,-27.394526],[-49.597938,-27.394538],[-49.598147,-27.394604],[-49.598207,-27.394623],[-49.59829,-27.394636],[-49.598396,-27.394665],[-49.598502,-27.394694],[-49.598652,-27.394711],[-49.598733,-27.394696],[-49.59888,-27.39467],[-49.59895,-27.394643],[-49.598981,-27.394631],[-49.599028,-27.394613],[-49.599098,-27.39455],[-49.599111,-27.394538],[-49.599191,-27.394476],[-49.599251,-27.394415],[-49.599417,-27.394328],[-49.599526,-27.394315],[-49.599625,-27.394278],[-49.599715,-27.394275],[-49.599734,-27.394259],[-49.59997,-27.394138],[-49.600148,-27.394095],[-49.600204,-27.394041],[-49.600249,-27.393953],[-49.600301,-27.393899],[-49.600543,-27.393725],[-49.600643,-27.39364],[-49.60094,-27.393506],[-49.60138,-27.393348],[-49.601463,-27.393325],[-49.601665,-27.393293],[-49.60179511718458,-27.393289026956197],[-49.60179667761809,-27.393289042436688],[-49.602291,-27.39332],[-49.602567,-27.39333],[-49.602589,-27.393342],[-49.602751,-27.393362],[-49.602846,-27.393379],[-49.60288,-27.393386],[-49.602891,-27.393389],[-49.602939,-27.393402],[-49.602981,-27.393414],[-49.603082,-27.393404],[-49.60311816163142,-27.393391294561933],[-49.60312261111109,-27.393391339506174],[-49.603236,-27.393402],[-49.603319,-27.393435],[-49.603372,-27.393456],[-49.603404,-27.393475],[-49.603428,-27.393489],[-49.603442,-27.393497],[-49.603448,-27.393489],[-49.603459,-27.393475],[-49.603461,-27.393457],[-49.603463,-27.393437],[-49.60348,-27.393404],[-49.603485,-27.393395],[-49.603487,-27.393392],[-49.60349,-27.393386],[-49.603493,-27.393369],[-49.603497,-27.393351],[-49.603499,-27.39334],[-49.603501,-27.393332]],[[-49.603114744680866,-27.39339126004728],[-49.60311474468087,-27.39339126004728],[-49.602939,-27.393402],[-49.603114744680866,-27.39339126004728]]],[[[-49.601068,-27.3917],[-49.601231,-27.391821],[-49.601111,-27.392221],[-49.601094,-27.392279],[-49.603798,-27.392306],[-49.603811,-27.392248],[-49.603899,-27.391847],[-49.603925,-27.391728],[-49.603967,-27.391535],[-49.603974,-27.391504],[-49.603818,-27.391453],[-49.601083,-27.391425],[-49.601071,-27.391475],[-49.601063,-27.391506],[-49.601068,-27.3917]]],[[[-49.602861,-27.390853],[-49.602476,-27.390689],[-49.601436,-27.390838],[-49.60137,-27.390874],[-49.601324,-27.390898],[-49.601267,-27.390945],[-49.601244,-27.390963],[-49.601103,-27.391078],[-49.60111,-27.391314],[-49.601083,-27.391425],[-49.603752,-27.391452],[-49.603751,-27.391451],[-49.603663,-27.391339],[-49.603474,-27.391102],[-49.603381,-27.390985],[-49.603085,-27.390963],[-49.602996,-27.390915],[-49.602947,-27.390889],[-49.602861,-27.390853]]],[[[-49.602016,-27.433986],[-49.602017,-27.433986],[-49.602044,-27.43397],[-49.602006,-27.433969],[-49.602016,-27.433986]]],[[[-49.601923,-27.433542],[-49.601783,-27.433556],[-49.601755,-27.433558],[-49.601944,-27.43356],[-49.601941,-27.433557],[-49.601923,-27.433542]]],[[[-49.601143,-27.424829],[-49.601145,-27.424842],[-49.601151,-27.424889],[-49.601154,-27.42491],[-49.601154,-27.424913],[-49.60115,-27.424964],[-49.601148,-27.424991],[-49.60109,-27.425081],[-49.601068,-27.425101],[-49.601022,-27.425115],[-49.60096,-27.425157],[-49.600879,-27.425175],[-49.600837,-27.4252],[-49.600745,-27.425277],[-49.600703,-27.425312],[-49.600616,-27.425384],[-49.600611,-27.425392],[-49.600558,-27.425469],[-49.600549,-27.425536],[-49.600543,-27.425577],[-49.600539,-27.425585],[-49.60051,-27.42564],[-49.600463,-27.425665],[-49.600448,-27.425673],[-49.601419,-27.425683],[-49.601426,-27.425674],[-49.601448,-27.425649],[-49.601495,-27.425594],[-49.601504,-27.425587],[-49.601547,-27.425546],[-49.601557,-27.425479],[-49.601568,-27.425402],[-49.601568,-27.425394],[-49.601565,-27.42532],[-49.601571,-27.425285],[-49.601627,-27.425208],[-49.601645,-27.425183],[-49.601659,-27.425164],[-49.601689,-27.425122],[-49.6017,-27.425107],[-49.601714,-27.425087],[-49.601779,-27.424998],[-49.601799,-27.424971],[-49.601831,-27.42492],[-49.601831,-27.424917],[-49.601835,-27.424896],[-49.601862,-27.42485],[-49.601875,-27.424836],[-49.601894,-27.424818],[-49.601976,-27.424812],[-49.601144,-27.424803],[-49.601144,-27.42481],[-49.601143,-27.424829]]],[[[-49.603059,-27.417861],[-49.603057,-27.41778],[-49.603056,-27.417736],[-49.603057,-27.417726],[-49.603059,-27.417699],[-49.603062,-27.417672],[-49.603066,-27.417618],[-49.603066,-27.417616],[-49.603075,-27.417584],[-49.603082,-27.417561],[-49.603104,-27.417483],[-49.60311,-27.417463],[-49.603119,-27.417429],[-49.603142,-27.41739],[-49.603146,-27.417383],[-49.603178,-27.417327],[-49.603235,-27.41723],[-49.603249,-27.417205],[-49.603272,-27.417171],[-49.603278,-27.417162],[-49.599636,-27.417126],[-49.599792,-27.417136],[-49.599938,-27.417172],[-49.600047,-27.417198],[-49.60025,-27.417298],[-49.600337,-27.417354],[-49.600353,-27.417365],[-49.600382,-27.417379],[-49.600451,-27.417411],[-49.60049816216216,-27.41741154054054],[-49.600504,-27.417413],[-49.600524,-27.417418],[-49.60078,-27.417421],[-49.600798,-27.417416],[-49.6008,-27.417415],[-49.600839,-27.417383],[-49.600888,-27.41737],[-49.600924748791265,-27.41736006789425],[-49.60092538907936,-27.417360074504558],[-49.600972,-27.417369],[-49.600996,-27.417408],[-49.601017,-27.417442],[-49.601017,-27.417462],[-49.60099,-27.41754],[-49.600962,-27.417563],[-49.600898,-27.417594],[-49.600898,-27.417596],[-49.600869,-27.41765],[-49.600868,-27.417677],[-49.600881,-27.417704],[-49.600883,-27.417714],[-49.600889,-27.417758],[-49.60086,-27.417839],[-49.600852,-27.4179],[-49.600843,-27.417975],[-49.600829,-27.418088],[-49.600819,-27.41817],[-49.60081,-27.418245],[-49.600804,-27.418295],[-49.600798,-27.41834],[-49.600796,-27.418362],[-49.60077,-27.418484],[-49.600759,-27.418537],[-49.600756,-27.418552],[-49.600751,-27.418577],[-49.603057,-27.4186],[-49.602904,-27.418573],[-49.602869,-27.418558],[-49.602814,-27.418504],[-49.602856,-27.418383],[-49.602863,-27.418361],[-49.602917,-27.418316],[-49.603007,-27.418267],[-49.603064,-27.418193],[-49.603111,-27.41811],[-49.603104,-27.417997],[-49.603073,-27.417922],[-49.603059,-27.417861]]],[[[-49.603512,-27.416748],[-49.603518,-27.416744],[-49.603547,-27.416727],[-49.603559,-27.41672],[-49.603584,-27.416705],[-49.603597,-27.416697],[-49.603608,-27.41669],[-49.60361,-27.416689],[-49.603649,-27.416674],[-49.600528,-27.416643],[-49.600495,-27.416658],[-49.600493,-27.416659],[-49.600479246146314,-27.416665876926842],[-49.600476893174566,-27.41666585343823],[-49.600364,-27.416658],[-49.600331,-27.416648],[-49.600311,-27.416642],[-49.600061,-27.416639],[-49.59991092147612,-27.416643904526925],[-49.59990772563433,-27.416643873369694],[-49.599895,-27.416638],[-49.599892,-27.416636],[-49.599832,-27.416569],[-49.599823,-27.416564],[-49.599781,-27.416543],[-49.599778,-27.416541],[-49.599739,-27.416543],[-49.599697,-27.416563],[-49.599692,-27.416567],[-49.599622,-27.416634],[-49.599621,-27.416635],[-49.599613,-27.416641],[-49.599599,-27.41665],[-49.59959,-27.416657],[-49.599579,-27.416665],[-49.599529,-27.41668],[-49.599405,-27.416686],[-49.599391,-27.416703],[-49.599391,-27.416707],[-49.59938,-27.416765],[-49.599382,-27.416772],[-49.59939,-27.416802],[-49.599671,-27.416831],[-49.599861,-27.416869],[-49.599991,-27.416886],[-49.600112,-27.416917],[-49.600097,-27.416926],[-49.600085,-27.41695],[-49.600039,-27.416972],[-49.59995,-27.416979],[-49.59986510000007,-27.416979],[-49.599857897922305,-27.416978926528156],[-49.599844,-27.416978],[-49.599748,-27.416969],[-49.599647,-27.416959],[-49.599564,-27.416967],[-49.599485,-27.416974],[-49.599473,-27.416975],[-49.599408,-27.416981],[-49.603391,-27.417021],[-49.603394,-27.417015],[-49.603394,-27.417013],[-49.603397,-27.417005],[-49.603404,-27.416984],[-49.603413,-27.41696],[-49.603416,-27.41695],[-49.603427,-27.41692],[-49.603432,-27.416905],[-49.603444,-27.416869],[-49.603454,-27.416843],[-49.603464,-27.416813],[-49.603469,-27.416806],[-49.603512,-27.416748]]],[[[-49.597968,-27.392832],[-49.597968,-27.392843],[-49.597968,-27.392954],[-49.597968,-27.392981],[-49.597965,-27.393117],[-49.605165,-27.393189],[-49.605216,-27.393053],[-49.605227,-27.393027],[-49.605284,-27.392916],[-49.605288,-27.392906],[-49.597968,-27.392832]]],[[[-49.601263,-27.438745],[-49.601294,-27.438665],[-49.601287,-27.438642],[-49.601258,-27.438622],[-49.60125,-27.438603],[-49.601245,-27.438565],[-49.601244,-27.438559],[-49.601248,-27.438467],[-49.601249,-27.438451],[-49.601244,-27.438437],[-49.601239,-27.43842],[-49.601209,-27.438396],[-49.601036,-27.438338],[-49.60103,-27.438331],[-49.601028,-27.438329],[-49.60041,-27.438323],[-49.60044,-27.438325],[-49.600453,-27.438332],[-49.60056,-27.43839],[-49.600606,-27.438414],[-49.600637,-27.43843],[-49.600654,-27.438445],[-49.600673,-27.438461],[-49.600695,-27.438554],[-49.600697,-27.43856],[-49.600698,-27.438598],[-49.600698,-27.438616],[-49.600699,-27.438637],[-49.600699,-27.438659],[-49.600701,-27.438739],[-49.600694,-27.438791],[-49.600694,-27.438794],[-49.600695,-27.438797],[-49.600703,-27.438838],[-49.600732,-27.438889],[-49.600762,-27.438906],[-49.600799,-27.438927],[-49.600909,-27.438965],[-49.600983,-27.43899],[-49.601034,-27.439007],[-49.601061,-27.439013],[-49.60108,-27.439016],[-49.601098,-27.439013],[-49.601105,-27.439008],[-49.601127,-27.438992],[-49.601146,-27.438967],[-49.60116,-27.438931],[-49.601169,-27.43891],[-49.601179,-27.438893],[-49.601209,-27.438843],[-49.601233,-27.438803],[-49.601242,-27.4388],[-49.601243,-27.438797],[-49.601263,-27.438745]]],[[[-49.600992,-27.436809],[-49.600979,-27.436805],[-49.600914,-27.436808],[-49.600992,-27.436809]]],[[[-49.601612,-27.433029],[-49.601614,-27.432995],[-49.601614,-27.432994],[-49.601591,-27.43296],[-49.601586,-27.432952],[-49.600159,-27.432938],[-49.600239,-27.432947],[-49.6003,-27.432981],[-49.600301,-27.432982],[-49.600385,-27.433016],[-49.600395,-27.433026],[-49.600449,-27.433082],[-49.600466,-27.433108],[-49.600483,-27.433136],[-49.600505,-27.433244],[-49.600507,-27.433271],[-49.600513,-27.433348],[-49.600514,-27.43338],[-49.600515,-27.433434],[-49.600516,-27.433484],[-49.600517,-27.433525],[-49.600518,-27.433546],[-49.601755,-27.433558],[-49.601658,-27.433537],[-49.601593,-27.433495],[-49.601557,-27.433444],[-49.601547,-27.43339],[-49.601553,-27.433359],[-49.601568,-27.433282],[-49.60157,-27.433255],[-49.60158,-27.433147],[-49.601582,-27.433119],[-49.601592,-27.433093],[-49.601611,-27.433039],[-49.601612,-27.433029]]],[[[-49.600217,-27.425763],[-49.600201,-27.425794],[-49.600203,-27.425822],[-49.600187,-27.425829],[-49.600168,-27.425836],[-49.600096,-27.4259],[-49.600061,-27.425932],[-49.60005,-27.425941],[-49.599977,-27.425981],[-49.599938,-27.426003],[-49.599913,-27.426012],[-49.599893,-27.426018],[-49.59985,-27.426047],[-49.599793,-27.426068],[-49.599789,-27.42607],[-49.599772,-27.42609],[-49.599705,-27.426173],[-49.599664,-27.426209],[-49.599589,-27.426276],[-49.599565,-27.426297],[-49.599502,-27.426362],[-49.599472,-27.42638],[-49.599468,-27.426382],[-49.599396,-27.426407],[-49.59939,-27.426412],[-49.599311,-27.426471],[-49.599253,-27.426514],[-49.599239,-27.426533],[-49.599211,-27.42657],[-49.599205,-27.426586],[-49.5992,-27.4266],[-49.599193,-27.426623],[-49.599165,-27.42665],[-49.599138,-27.426677],[-49.599112,-27.42669],[-49.599052,-27.426697],[-49.598993,-27.426727],[-49.598981,-27.426733],[-49.598931,-27.426769],[-49.598918,-27.426778],[-49.598916,-27.426779],[-49.598824,-27.426853],[-49.598816,-27.426862],[-49.598743,-27.426941],[-49.600066,-27.426954],[-49.600214,-27.426876],[-49.600227,-27.426867],[-49.600337,-27.426794],[-49.600339,-27.426792],[-49.600394,-27.426783],[-49.600455,-27.426748],[-49.600466,-27.426742],[-49.600477,-27.426711],[-49.60048,-27.426704],[-49.600485,-27.426691],[-49.600496,-27.426664],[-49.600529,-27.426637],[-49.600557,-27.426614],[-49.600588,-27.4266],[-49.600607,-27.426584],[-49.600649,-27.426547],[-49.600668,-27.426528],[-49.600711,-27.426485],[-49.600755,-27.426425],[-49.600763,-27.426421],[-49.600803,-27.426396],[-49.600807,-27.426393],[-49.600822,-27.426375],[-49.600877,-27.42631],[-49.600895,-27.426289],[-49.600974,-27.426222],[-49.601006,-27.426186],[-49.60108,-27.426103],[-49.601088,-27.426083],[-49.601088,-27.426081],[-49.601108,-27.42606],[-49.601135,-27.426031],[-49.601141,-27.426024],[-49.601145,-27.426015],[-49.601155,-27.425993],[-49.601192,-27.425953],[-49.601201,-27.425943],[-49.601219,-27.425911],[-49.601284,-27.425847],[-49.601292,-27.42584],[-49.601296,-27.425833],[-49.601312,-27.425805],[-49.601339,-27.425775],[-49.601403,-27.425701],[-49.601417,-27.425685],[-49.601419,-27.425683],[-49.600341,-27.425672],[-49.600331,-27.425674],[-49.6003,-27.42569],[-49.600217,-27.425763]]],[[[-49.600688,-27.41742],[-49.600758,-27.417427],[-49.60078,-27.417421],[-49.600688,-27.41742]]],[[[-49.599193,-27.417121],[-49.603278,-27.417162],[-49.603288,-27.417148],[-49.603316,-27.417106],[-49.603385,-27.417031],[-49.60339,-27.417025],[-49.603391,-27.417021],[-49.599302,-27.41698],[-49.599291,-27.416984],[-49.599274,-27.41699],[-49.599223,-27.417065],[-49.599194,-27.417107],[-49.599193,-27.417121]]],[[[-49.600729,-27.416593],[-49.600665,-27.416593],[-49.600613,-27.416603],[-49.600552,-27.416631],[-49.600528,-27.416643],[-49.60104,-27.416648],[-49.60085,-27.416634],[-49.600762,-27.416604],[-49.600729,-27.416593]]],[[[-49.603685,-27.392879],[-49.603684,-27.392868],[-49.603727,-27.39263],[-49.603798,-27.392306],[-49.597969,-27.392248],[-49.597968,-27.392572],[-49.597968,-27.392811],[-49.597968,-27.392822],[-49.597968,-27.392826],[-49.597968,-27.392832],[-49.603744,-27.39289],[-49.603695,-27.392884],[-49.603685,-27.392879]]],[[[-49.599648,-27.440195],[-49.599561,-27.440512],[-49.599546,-27.440567],[-49.599545,-27.440603],[-49.599543,-27.440708],[-49.599542,-27.440744],[-49.599515,-27.44094],[-49.599488,-27.441006],[-49.599476,-27.441087],[-49.599451,-27.441157],[-49.599436,-27.441199],[-49.59942,-27.441303],[-49.599384,-27.441377],[-49.599363,-27.441446],[-49.59936,-27.441455],[-49.599332,-27.441476],[-49.599328663560115,-27.441478502329915],[-49.59932047479671,-27.44147842113821],[-49.599276,-27.441475],[-49.599278,-27.441478],[-49.599305,-27.441519],[-49.599281,-27.441635],[-49.599246,-27.441689],[-49.599236,-27.441703],[-49.599195,-27.441788],[-49.599149,-27.44184],[-49.599094,-27.441873],[-49.59909,-27.441888],[-49.599085,-27.441908],[-49.599084,-27.441973],[-49.59903,-27.44203],[-49.598969,-27.442076],[-49.598944,-27.442089],[-49.59891278746219,-27.442095620841354],[-49.598752,-27.442094],[-49.598608,-27.442126],[-49.598597,-27.442128],[-49.598428,-27.44215],[-49.59842500934579,-27.44215059813084],[-49.59827250000067,-27.442149102941183],[-49.598185,-27.442148],[-49.598059,-27.442139],[-49.598024,-27.442128],[-49.59802,-27.442125],[-49.598007,-27.442113],[-49.597973,-27.442106],[-49.597798,-27.442111],[-49.597789,-27.442111],[-49.597706,-27.442122],[-49.597697,-27.442125],[-49.597671,-27.442135],[-49.597652,-27.442142],[-49.59765,-27.442143],[-49.59763,-27.442151],[-49.59757798799525,-27.442161794944383],[-49.597576257856346,-27.442161777356905],[-49.597537,-27.44215],[-49.597493,-27.442136],[-49.597418,-27.442097],[-49.597388,-27.442081],[-49.597353,-27.442073],[-49.597266,-27.442064],[-49.59662,-27.442037],[-49.596456,-27.442018],[-49.596432,-27.442015],[-49.596356669784136,-27.442016982374103],[-49.596355554545475,-27.442016970948618],[-49.59631,-27.442014],[-49.596104,-27.442],[-49.5959,-27.441969],[-49.595735,-27.441943],[-49.595681,-27.441928],[-49.59563,-27.441914],[-49.595571,-27.441898],[-49.59553,-27.441887],[-49.595347,-27.441825],[-49.595246,-27.441791],[-49.595236,-27.441788],[-49.5951,-27.441762],[-49.595002,-27.441752],[-49.594923,-27.441745],[-49.59488,-27.441741],[-49.594863,-27.441739],[-49.59483,-27.44174],[-49.594745,-27.441743],[-49.594592006066726,-27.44174793528817],[-49.59458712119425,-27.44174788685916],[-49.594361,-27.441739],[-49.594235,-27.441734],[-49.594175,-27.441721],[-49.59417,-27.441718],[-49.594151,-27.441706],[-49.594149,-27.441705],[-49.594134,-27.441695],[-49.59411,-27.44168],[-49.594068,-27.441695],[-49.593962,-27.441703],[-49.59395434693878,-27.441703765306123],[-49.593907533333116,-27.44170323333333],[-49.59372,-27.4417],[-49.593711,-27.441701],[-49.593585,-27.441712],[-49.593574,-27.441715],[-49.593526,-27.441727],[-49.593513,-27.441731],[-49.593489,-27.441737],[-49.593458,-27.441745],[-49.593367,-27.441769],[-49.593355,-27.441772],[-49.593088,-27.441802],[-49.592876,-27.44186],[-49.592838,-27.44187],[-49.592655,-27.441884],[-49.592594,-27.441897],[-49.592559,-27.441911],[-49.5925,-27.441934],[-49.592469,-27.441964],[-49.592457,-27.441975],[-49.592454,-27.441977],[-49.592436,-27.441995],[-49.592414,-27.442015],[-49.592405,-27.442023],[-49.592398,-27.442031],[-49.592381,-27.442046],[-49.592323,-27.442084],[-49.592303,-27.442097],[-49.592286,-27.442108],[-49.592279,-27.442113],[-49.592252,-27.442125],[-49.592211,-27.442143],[-49.592114,-27.442215],[-49.592109,-27.442218],[-49.592074,-27.442241],[-49.592058,-27.442251],[-49.591986,-27.442296],[-49.591969,-27.442307],[-49.591952,-27.442318],[-49.591908,-27.442343],[-49.591839,-27.442382],[-49.591821,-27.442391],[-49.591781,-27.442414],[-49.591776,-27.442417],[-49.591711,-27.442485],[-49.591704,-27.44249],[-49.591685,-27.442503],[-49.591644,-27.442533],[-49.591619,-27.44255],[-49.591588,-27.442585],[-49.591559,-27.442616],[-49.591556,-27.442618],[-49.591522,-27.442644],[-49.591488,-27.442669],[-49.591426,-27.442735],[-49.591314,-27.442822],[-49.591289,-27.44284],[-49.591261,-27.442862],[-49.591197,-27.442926],[-49.59117,-27.442952],[-49.591161,-27.442961],[-49.591142,-27.442975],[-49.591104,-27.443004],[-49.590998,-27.443047],[-49.590995,-27.443051],[-49.590892,-27.443169],[-49.590867,-27.443192],[-49.590702,-27.443338],[-49.590695,-27.443347],[-49.590636,-27.443413],[-49.590634,-27.443415],[-49.590526,-27.443489],[-49.590484,-27.44354],[-49.590482,-27.443542],[-49.590352,-27.44367],[-49.590234,-27.443768],[-49.590165,-27.443815],[-49.589999,-27.443929],[-49.589943,-27.443994],[-49.589925,-27.444013],[-49.589866,-27.444097],[-49.589858,-27.444108],[-49.589773,-27.444174],[-49.589647,-27.44422],[-49.589643,-27.444222],[-49.589547,-27.444288],[-49.589533,-27.444297],[-49.589467,-27.44437],[-49.589463,-27.444374],[-49.589333,-27.444488],[-49.589223,-27.444584],[-49.589184,-27.444627],[-49.589125,-27.444693],[-49.589085,-27.444738],[-49.589062,-27.444758],[-49.58896,-27.444849],[-49.588938,-27.444872],[-49.588882,-27.44493],[-49.588861,-27.444952],[-49.588793,-27.445005],[-49.588701,-27.445076],[-49.588679,-27.445093],[-49.588621,-27.44517],[-49.588555,-27.445236],[-49.588475,-27.445288],[-49.588463,-27.4453],[-49.588431,-27.445334],[-49.588399,-27.44536],[-49.588341,-27.445407],[-49.588231,-27.445496],[-49.588208,-27.445515],[-49.588122,-27.445598],[-49.588115,-27.445603],[-49.58809,-27.445619],[-49.588055,-27.445632],[-49.587959,-27.445636],[-49.587868,-27.445688],[-49.58786,-27.44569],[-49.587811,-27.445703],[-49.58775,-27.44573],[-49.58769,-27.445779],[-49.588761,-27.445789],[-49.588805,-27.445741],[-49.58883,-27.445714],[-49.588842,-27.4457],[-49.588844,-27.445698],[-49.588899,-27.445646],[-49.588905,-27.44564],[-49.588918,-27.445628],[-49.588935,-27.445611],[-49.588942,-27.445607],[-49.58905,-27.445523],[-49.589074,-27.445505],[-49.589152,-27.445415],[-49.589208,-27.445368],[-49.589261,-27.445342],[-49.58933,-27.445309],[-49.589346,-27.445296],[-49.58941,-27.445245],[-49.589492,-27.445179],[-49.589588,-27.445102],[-49.58961,-27.445085],[-49.589746,-27.445014],[-49.589827,-27.444962],[-49.589861,-27.44494],[-49.590017,-27.444883],[-49.59005,-27.44486],[-49.590181,-27.444769],[-49.5902,-27.444749],[-49.590243,-27.444704],[-49.590293,-27.444639],[-49.590342,-27.444596],[-49.590452,-27.444499],[-49.59063,-27.444385],[-49.590633,-27.444382],[-49.590707,-27.444309],[-49.590717,-27.4443],[-49.59083,-27.444234],[-49.590833,-27.444232],[-49.59088,-27.444186],[-49.590947,-27.444119],[-49.590957,-27.444108],[-49.591106,-27.444025],[-49.591141,-27.444006],[-49.591227,-27.443942],[-49.591379,-27.443827],[-49.591428,-27.44378],[-49.59153,-27.443682],[-49.591663,-27.443554],[-49.591665,-27.443552],[-49.591726,-27.443501],[-49.591816,-27.443427],[-49.591817,-27.443425],[-49.591872,-27.443359],[-49.591881,-27.44335],[-49.592031,-27.443204],[-49.59206,-27.443181],[-49.592211,-27.443063],[-49.592214,-27.44306],[-49.592249,-27.443016],[-49.592271,-27.442987],[-49.592292,-27.442972],[-49.592305,-27.442964],[-49.592374,-27.442938],[-49.592437,-27.442874],[-49.592458,-27.442852],[-49.592505,-27.442834],[-49.592602,-27.442747],[-49.592675,-27.442681],[-49.592703,-27.442656],[-49.592816,-27.442631],[-49.592828,-27.442629],[-49.592889,-27.442598],[-49.592939,-27.442564],[-49.592965,-27.442546],[-49.593037,-27.442517],[-49.593133,-27.442504],[-49.593139,-27.442499],[-49.59322,-27.442431],[-49.593223,-27.442429],[-49.593347,-27.442407],[-49.593468,-27.442398],[-49.593529,-27.442359],[-49.593592,-27.442335],[-49.593621,-27.442323],[-49.593721,-27.442314],[-49.593955,-27.44227],[-49.59404164082134,-27.44226058251942],[-49.594049305812554,-27.442260658803587],[-49.594075,-27.442268],[-49.594089,-27.442271],[-49.5941,-27.442274],[-49.594107,-27.442276],[-49.594135,-27.442274],[-49.594176,-27.442272],[-49.594220995261914,-27.442269453098383],[-49.59423748708184,-27.442269617242317],[-49.594284,-27.442273],[-49.594326,-27.442276],[-49.594331,-27.442302],[-49.599359,-27.442352],[-49.599392,-27.442327],[-49.599396,-27.442325],[-49.5994,-27.442321],[-49.599409,-27.442314],[-49.599439,-27.442292],[-49.599446,-27.442289],[-49.599602,-27.442217],[-49.599642,-27.442199],[-49.599658,-27.442187],[-49.599664,-27.442183],[-49.59968,-27.442171],[-49.59969,-27.442163],[-49.599662181818175,-27.442162727272727],[-49.599691,-27.442163],[-49.599722,-27.44214],[-49.599726,-27.442137],[-49.599744,-27.442104],[-49.599747,-27.442098],[-49.599755,-27.442084],[-49.59978,-27.442038],[-49.599811,-27.44198],[-49.599846,-27.441916],[-49.599857,-27.441896],[-49.599862,-27.44188],[-49.599873,-27.441847],[-49.599891,-27.441795],[-49.59992,-27.44171],[-49.599925,-27.441695],[-49.59994,-27.441642],[-49.599973,-27.441526],[-49.599984,-27.441485],[-49.599985,-27.441482],[-49.599991,-27.441461],[-49.599993,-27.441453],[-49.600027,-27.441384],[-49.600064,-27.441309],[-49.600116,-27.441205],[-49.600136,-27.441164],[-49.600164,-27.441094],[-49.600195,-27.441013],[-49.600218,-27.440947],[-49.600287,-27.440751],[-49.600299,-27.440716],[-49.600318,-27.44061],[-49.60033,-27.440575],[-49.600348,-27.440519],[-49.600422,-27.440203],[-49.600449,-27.440086],[-49.600452,-27.440068],[-49.600464,-27.439959],[-49.600463,-27.439884],[-49.600461,-27.439734],[-49.600448,-27.439607],[-49.600437,-27.439553],[-49.600416,-27.439448],[-49.600384,-27.439391],[-49.60038,-27.439309],[-49.600378,-27.439254],[-49.600373,-27.439155],[-49.600369,-27.439051],[-49.600366,-27.438997],[-49.600362,-27.438906],[-49.600366,-27.438848],[-49.600369,-27.438815],[-49.600364,-27.438788],[-49.600339,-27.438631],[-49.60034,-27.438623],[-49.600352,-27.438523],[-49.600361,-27.438496],[-49.600389,-27.438415],[-49.600396,-27.438334],[-49.60041,-27.438323],[-49.599535,-27.438314],[-49.599535,-27.438325],[-49.59954,-27.438407],[-49.599544,-27.438488],[-49.599541,-27.438515],[-49.59953,-27.438615],[-49.599534,-27.438623],[-49.599616,-27.43878],[-49.599622,-27.438807],[-49.59963,-27.438841],[-49.599633,-27.438899],[-49.599636,-27.43899],[-49.599649,-27.439044],[-49.599644,-27.439147],[-49.599662,-27.439247],[-49.599655,-27.439301],[-49.599679,-27.439384],[-49.599695,-27.439441],[-49.599725,-27.439546],[-49.599718,-27.4396],[-49.599701,-27.439726],[-49.59968,-27.439876],[-49.599676,-27.439951],[-49.599669,-27.44006],[-49.599666,-27.440078],[-49.599648,-27.440195]],[[-49.59459447073639,-27.441747959723095],[-49.5945944707363,-27.441747959723095],[-49.594923,-27.441745],[-49.59459447073639,-27.441747959723095]],[[-49.593993568807576,-27.441704211009178],[-49.593993568807356,-27.441704211009174],[-49.594149,-27.441705],[-49.593993568807576,-27.441704211009178]]],[[[-49.601151,-27.438052],[-49.601216,-27.437949],[-49.601252,-27.437893],[-49.60127,-27.437864],[-49.601293,-27.437805],[-49.601314,-27.437752],[-49.601333,-27.437705],[-49.601342,-27.43768],[-49.601342,-27.437669],[-49.601339,-27.437566],[-49.601338,-27.437555],[-49.601327,-27.437534],[-49.6013,-27.437517],[-49.601288,-27.437501],[-49.601281,-27.437468],[-49.601273,-27.437427],[-49.60128,-27.437403],[-49.601324,-27.43735],[-49.601327,-27.43732],[-49.601314,-27.437287],[-49.601276,-27.437266],[-49.60122,-27.437218],[-49.601204,-27.43718],[-49.601207,-27.437169],[-49.601216,-27.437124],[-49.601226,-27.437076],[-49.601272,-27.436993],[-49.601272,-27.436992],[-49.60127,-27.436947],[-49.601265,-27.436942],[-49.601233,-27.436911],[-49.601147,-27.436871],[-49.601059,-27.436829],[-49.600992,-27.436809],[-49.599668,-27.436796],[-49.599669,-27.436815],[-49.599671,-27.436856],[-49.599665,-27.436896],[-49.599661,-27.436926],[-49.59966,-27.436931],[-49.599645,-27.436976],[-49.599595,-27.43706],[-49.599566,-27.437107],[-49.599554,-27.437152],[-49.599552,-27.437163],[-49.599548,-27.437201],[-49.599542,-27.437248],[-49.599539,-27.437269],[-49.599535,-27.437302],[-49.599531,-27.437332],[-49.599524,-27.437385],[-49.599521,-27.437409],[-49.599516,-27.43745],[-49.599516,-27.437483],[-49.599515,-27.437499],[-49.599515,-27.437516],[-49.599515,-27.437537],[-49.599515,-27.437548],[-49.59953,-27.437651],[-49.599537,-27.437662],[-49.599554,-27.437687],[-49.599606,-27.437735],[-49.599626,-27.437789],[-49.599639,-27.437848],[-49.599645,-27.437876],[-49.59964,-27.437933],[-49.599583,-27.438036],[-49.59958,-27.438041],[-49.599577,-27.438055],[-49.599561,-27.43812],[-49.59955,-27.438163],[-49.599548,-27.438186],[-49.599543,-27.438235],[-49.599537,-27.43829],[-49.599535,-27.438312],[-49.599535,-27.438314],[-49.601028,-27.438329],[-49.601026,-27.438327],[-49.601005,-27.438304],[-49.600991,-27.43825],[-49.601007,-27.438201],[-49.601033,-27.438178],[-49.60108,-27.438135],[-49.601126,-27.43807],[-49.601144,-27.438057],[-49.601151,-27.438052]]],[[[-49.599667,-27.436788],[-49.599668,-27.436796],[-49.600914,-27.436808],[-49.600887,-27.4368],[-49.600861,-27.436741],[-49.600847,-27.43671],[-49.600716,-27.436608],[-49.600706,-27.436605],[-49.600578,-27.436576],[-49.599684,-27.436567],[-49.59968,-27.436595],[-49.59968,-27.436597],[-49.599668,-27.436698],[-49.599664,-27.436729],[-49.599667,-27.436788]]],[[[-49.600578,-27.436576],[-49.600527,-27.436564],[-49.600493,-27.436528],[-49.600492,-27.436528],[-49.600477,-27.436523],[-49.600467,-27.436523],[-49.600432,-27.436528],[-49.600416,-27.436563],[-49.600411,-27.436574],[-49.600578,-27.436576]]],[[[-49.600486,-27.436145],[-49.600504,-27.4361],[-49.600529,-27.436033],[-49.600571,-27.435922],[-49.600582,-27.435901],[-49.60061,-27.435849],[-49.600621,-27.435772],[-49.599945,-27.435765],[-49.599894,-27.435841],[-49.599859,-27.435893],[-49.599851,-27.435914],[-49.599807,-27.436026],[-49.599765,-27.436092],[-49.59977,-27.436138],[-49.599771,-27.436144],[-49.599762,-27.436192],[-49.599755,-27.436229],[-49.599726,-27.436295],[-49.599711,-27.436396],[-49.599704,-27.436436],[-49.599701,-27.43646],[-49.599695,-27.436496],[-49.599692,-27.436516],[-49.599684,-27.436567],[-49.60039,-27.436574],[-49.600382,-27.436522],[-49.60039,-27.436503],[-49.600416,-27.436467],[-49.60047,-27.436444],[-49.600487,-27.436404],[-49.600482,-27.436302],[-49.600478,-27.436236],[-49.600476,-27.436199],[-49.600485,-27.436151],[-49.600486,-27.436145]]],[[[-49.600341,-27.425672],[-49.600448,-27.425673],[-49.600377,-27.425664],[-49.600341,-27.425672]]],[[[-49.60055,-27.417425],[-49.600577,-27.417431],[-49.600635,-27.417426],[-49.600688,-27.41742],[-49.600524,-27.417418],[-49.60055,-27.417425]]],[[[-49.600118,-27.416607],[-49.600114,-27.416609],[-49.600063,-27.416639],[-49.600311,-27.416642],[-49.600205,-27.41661],[-49.600174,-27.416608],[-49.600118,-27.416607]]],[[[-49.599103,-27.433175],[-49.599108,-27.433173],[-49.598595,-27.433168],[-49.598784,-27.433172],[-49.598907,-27.43318],[-49.599051,-27.433191],[-49.599079,-27.433182],[-49.599103,-27.433175]]],[[[-49.599644,-27.433066],[-49.599651,-27.433064],[-49.599683,-27.433056],[-49.599698,-27.433047],[-49.599386,-27.433044],[-49.599432,-27.433053],[-49.599479,-27.433063],[-49.599531,-27.433065],[-49.599631,-27.43307],[-49.599644,-27.433066]]],[[[-49.601541,-27.432606],[-49.601429,-27.432576],[-49.601362,-27.432559],[-49.601302,-27.432531],[-49.60123,-27.432509],[-49.600999,-27.432458],[-49.600907,-27.432423],[-49.600758,-27.432368],[-49.600567,-27.432324],[-49.60044,-27.432294],[-49.600053,-27.432159],[-49.599956,-27.432109],[-49.599903,-27.432081],[-49.599821,-27.432065],[-49.599749,-27.432063],[-49.59957,-27.431957],[-49.599484,-27.431918],[-49.599397,-27.431878],[-49.59939,-27.431875],[-49.599309,-27.431854],[-49.599187,-27.43182],[-49.599012,-27.431785],[-49.598951,-27.431767],[-49.598771,-27.431713],[-49.598708,-27.431694],[-49.598692,-27.431689],[-49.598531,-27.431633],[-49.598512,-27.431626],[-49.598397,-27.431594],[-49.598279,-27.431561],[-49.598239,-27.431552],[-49.598061,-27.431513],[-49.597926,-27.431484],[-49.597714,-27.431437],[-49.597697,-27.431433],[-49.597651,-27.43142],[-49.597569,-27.431397],[-49.597466,-27.431368],[-49.597464,-27.431367],[-49.597393,-27.431341],[-49.597345,-27.431317],[-49.59721,-27.43125],[-49.597137,-27.431209],[-49.59705,-27.431161],[-49.596787,-27.431016],[-49.596698,-27.430962],[-49.596616,-27.430913],[-49.596614,-27.430912],[-49.596562,-27.430876],[-49.59652,-27.430846],[-49.596512,-27.43084],[-49.596434,-27.430725],[-49.596424,-27.430709],[-49.596398,-27.430644],[-49.596397,-27.430633],[-49.596393,-27.430576],[-49.596388,-27.430507],[-49.596387,-27.430495],[-49.59639,-27.430343],[-49.596392,-27.430224],[-49.596393,-27.430197],[-49.596472,-27.430004],[-49.596512,-27.429935],[-49.596568,-27.429841],[-49.596748,-27.42965],[-49.596792,-27.429609],[-49.596893,-27.429516],[-49.59694,-27.429473],[-49.597098,-27.42936],[-49.597136,-27.429338],[-49.597231,-27.429283],[-49.597322,-27.429244],[-49.597429,-27.429215],[-49.597484,-27.429179],[-49.597523,-27.429141],[-49.597541,-27.429122],[-49.597721,-27.428981],[-49.597731,-27.428962],[-49.597736,-27.428911],[-49.597759,-27.428861],[-49.597772,-27.428844],[-49.597853,-27.428745],[-49.597872,-27.428722],[-49.597904,-27.428696],[-49.597997,-27.428616],[-49.598105,-27.428537],[-49.598117,-27.428532],[-49.598217,-27.428482],[-49.598246,-27.428475],[-49.598258,-27.428472],[-49.597134,-27.428461],[-49.597131,-27.428464],[-49.597124,-27.428471],[-49.597073,-27.428521],[-49.59707,-27.428527],[-49.597016,-27.428606],[-49.596962,-27.428686],[-49.596949,-27.428713],[-49.596938,-27.428736],[-49.596844,-27.428835],[-49.596823,-27.428851],[-49.596758,-27.428901],[-49.596691,-27.428952],[-49.596668,-27.42897],[-49.596483,-27.429112],[-49.596459,-27.42913],[-49.596419,-27.429168],[-49.596382,-27.429204],[-49.596351,-27.429234],[-49.59631,-27.429274],[-49.596253,-27.429329],[-49.596231,-27.429351],[-49.596122,-27.429465],[-49.59608,-27.429508],[-49.596002,-27.429601],[-49.595977,-27.429642],[-49.595857,-27.429833],[-49.595798,-27.429928],[-49.595762,-27.429997],[-49.595659,-27.430189],[-49.595645,-27.430216],[-49.59561,-27.430335],[-49.595596,-27.430487],[-49.595595,-27.430499],[-49.5956,-27.430568],[-49.595581,-27.430625],[-49.59558,-27.430636],[-49.595579,-27.4307],[-49.595579,-27.430716],[-49.595614,-27.430831],[-49.595616,-27.430837],[-49.595615,-27.430866],[-49.5956,-27.430901],[-49.5956,-27.430903],[-49.595602,-27.430951],[-49.595626,-27.431004],[-49.595693,-27.431148],[-49.59569,-27.431195],[-49.595698,-27.431235],[-49.595711,-27.4313],[-49.595721,-27.431324],[-49.595731,-27.431349],[-49.595732,-27.43135],[-49.595756,-27.431378],[-49.595789,-27.431401],[-49.595884,-27.431414],[-49.595892,-27.431419],[-49.595974,-27.431464],[-49.596004,-27.431493],[-49.596027,-27.43153],[-49.596026,-27.431538],[-49.596023,-27.43157],[-49.596006,-27.431601],[-49.596002,-27.431608],[-49.595994,-27.431662],[-49.595995,-27.431667],[-49.596,-27.431685],[-49.596032,-27.431737],[-49.596034,-27.431755],[-49.596036,-27.431789],[-49.596038,-27.431821],[-49.596027,-27.431842],[-49.596025,-27.431844],[-49.595982,-27.431882],[-49.595982,-27.431921],[-49.595982,-27.432025],[-49.595982,-27.432026],[-49.595982,-27.432042],[-49.595982,-27.432069],[-49.595974,-27.432118],[-49.595953,-27.432249],[-49.595949,-27.432277],[-49.595983,-27.43232],[-49.596026,-27.432374],[-49.596037,-27.432408],[-49.596052,-27.432457],[-49.596059,-27.432478],[-49.596068,-27.432505],[-49.596073,-27.432522],[-49.596076,-27.432551],[-49.596079,-27.432581],[-49.596097,-27.432623],[-49.596124,-27.432681],[-49.596144,-27.432726],[-49.596144,-27.432728],[-49.59615,-27.432768],[-49.596156,-27.432818],[-49.596157,-27.432821],[-49.596142,-27.43288],[-49.596139,-27.43289],[-49.596188,-27.432898],[-49.601586,-27.432952],[-49.601581,-27.432945],[-49.601574,-27.432935],[-49.601513,-27.432875],[-49.60151,-27.432872],[-49.601548,-27.432822],[-49.601615,-27.432783],[-49.601615,-27.432781],[-49.601628,-27.432737],[-49.60161,-27.432678],[-49.60157,-27.432636],[-49.601541,-27.432606]]],[[[-49.599933,-27.427064],[-49.599997,-27.427011],[-49.600065,-27.426954],[-49.598743,-27.426941],[-49.598697,-27.426998],[-49.598677,-27.427052],[-49.598665,-27.427064],[-49.598616,-27.427093],[-49.598574,-27.427118],[-49.598491,-27.42718],[-49.59846,-27.427204],[-49.598425,-27.427217],[-49.598381,-27.427262],[-49.598314,-27.427308],[-49.598268,-27.427339],[-49.598247,-27.427362],[-49.598154,-27.427462],[-49.598062,-27.42756],[-49.59798,-27.427649],[-49.597891,-27.427744],[-49.597883,-27.427753],[-49.597845,-27.427801],[-49.597807,-27.427849],[-49.597776,-27.427903],[-49.597757,-27.427936],[-49.597681,-27.427994],[-49.597653,-27.428024],[-49.597628,-27.428051],[-49.597573,-27.428109],[-49.597557,-27.428126],[-49.597527,-27.428158],[-49.597425,-27.428211],[-49.597409,-27.428224],[-49.597389,-27.428261],[-49.597381,-27.428275],[-49.597311,-27.428311],[-49.597306,-27.428313],[-49.597238,-27.42836],[-49.597232,-27.428364],[-49.597174,-27.428421],[-49.597134,-27.428461],[-49.59848,-27.428474],[-49.598424,-27.428434],[-49.598386,-27.428376],[-49.598383,-27.428371],[-49.598376,-27.428324],[-49.598376,-27.428321],[-49.598412,-27.428285],[-49.598426,-27.428272],[-49.59847,-27.428235],[-49.598486,-27.428222],[-49.598552,-27.428168],[-49.598591,-27.428136],[-49.598626,-27.42812],[-49.598702,-27.428061],[-49.598752,-27.428035],[-49.59878,-27.428005],[-49.598835,-27.427947],[-49.598867,-27.427914],[-49.59893,-27.42786],[-49.598986,-27.427813],[-49.599062,-27.427765],[-49.599072,-27.427756],[-49.599178,-27.427661],[-49.599257,-27.427572],[-49.599393,-27.427474],[-49.599506,-27.427375],[-49.599541,-27.427352],[-49.599588,-27.42732],[-49.599641,-27.427274],[-49.599692,-27.42723],[-49.599708,-27.427216],[-49.599735,-27.427192],[-49.59984,-27.427131],[-49.599883,-27.427105],[-49.599918,-27.427077],[-49.599933,-27.427064]]],[[[-49.599655,-27.42082],[-49.599594,-27.420815],[-49.599538,-27.42081],[-49.599532,-27.420814],[-49.599526,-27.420819],[-49.599655,-27.42082]]],[[[-49.598986,-27.41713],[-49.598795,-27.417128],[-49.598769,-27.417134],[-49.598652,-27.417158],[-49.598638,-27.417165],[-49.598607,-27.417179],[-49.598491,-27.417234],[-49.598466,-27.417243],[-49.598397,-27.417268],[-49.598201,-27.41734],[-49.598186,-27.417346],[-49.598159,-27.417362],[-49.598142,-27.417373],[-49.598108,-27.417394],[-49.598091,-27.417401],[-49.598071,-27.41741],[-49.598064,-27.417412],[-49.59802,-27.417442],[-49.598007,-27.417451],[-49.597948,-27.417491],[-49.597941,-27.417496],[-49.597884,-27.41752],[-49.597865,-27.417528],[-49.597802,-27.417574],[-49.597727,-27.417627],[-49.597563,-27.417698],[-49.597496,-27.41771],[-49.597405,-27.417782],[-49.59737,-27.417792],[-49.59735,-27.417798],[-49.59811,-27.417806],[-49.598111,-27.4178],[-49.598113,-27.417789],[-49.598129,-27.417716],[-49.598131,-27.417704],[-49.598146,-27.417632],[-49.598158,-27.417577],[-49.59818,-27.417531],[-49.598184,-27.417523],[-49.598206,-27.417498],[-49.59821,-27.417493],[-49.598266,-27.417453],[-49.598306,-27.417445],[-49.598362,-27.417415],[-49.598367,-27.417413],[-49.598407,-27.417405],[-49.598418,-27.417398],[-49.598452,-27.417376],[-49.598519,-27.417366],[-49.59857,-27.41735],[-49.598587,-27.417344],[-49.598733,-27.417272],[-49.598768,-27.417246],[-49.598797,-27.417237],[-49.598977,-27.417183],[-49.598992,-27.417168],[-49.598993,-27.417162],[-49.598996,-27.417136],[-49.598986,-27.41713]]],[[[-49.599216,-27.417157],[-49.599348,-27.417141],[-49.599193,-27.41714],[-49.599216,-27.417157]]],[[[-49.599636,-27.417126],[-49.599193,-27.417121],[-49.599193,-27.417139],[-49.599193,-27.41714],[-49.599353,-27.417141],[-49.599636,-27.417126]]],[[[-49.599322,-27.416974],[-49.599302,-27.41698],[-49.599408,-27.416981],[-49.599345,-27.416974],[-49.599334,-27.416973],[-49.599322,-27.416974]]],[[[-49.601094,-27.392279],[-49.600806,-27.392218],[-49.599716,-27.391983],[-49.599401,-27.391916],[-49.599266,-27.39186],[-49.599106,-27.391794],[-49.599025,-27.391776],[-49.598746,-27.391712],[-49.598737,-27.39171],[-49.598683,-27.391711],[-49.598361,-27.391769],[-49.59832,-27.391786],[-49.598169,-27.391849],[-49.598078,-27.391902],[-49.59797,-27.391966],[-49.597969,-27.392189],[-49.597969,-27.392248],[-49.601094,-27.392279]]],[[[-49.598042,-27.442809],[-49.598167,-27.442782],[-49.597339,-27.442774],[-49.597558,-27.442804],[-49.597657,-27.442818],[-49.597757,-27.442826],[-49.597781,-27.442828],[-49.597894,-27.442827],[-49.597946,-27.442821],[-49.598042,-27.442809]]],[[[-49.599102,-27.44254],[-49.599204,-27.442471],[-49.599321,-27.442382],[-49.599353,-27.442358],[-49.599359,-27.442352],[-49.594717,-27.442306],[-49.594821,-27.442312],[-49.595017,-27.442338],[-49.595435,-27.442434],[-49.595757,-27.442507],[-49.595915,-27.442543],[-49.596315,-27.442622],[-49.59649,-27.442667],[-49.596666,-27.442699],[-49.596833,-27.44273],[-49.596863,-27.442735],[-49.597094,-27.442765],[-49.597123,-27.442769],[-49.597129,-27.44277],[-49.597137,-27.442772],[-49.598167,-27.442782],[-49.598174,-27.44278],[-49.598177,-27.44278],[-49.5982353086368,-27.442777132362124],[-49.598240374176584,-27.442777186209927],[-49.598289,-27.442781],[-49.598323,-27.442784],[-49.598345,-27.442785],[-49.598359,-27.442784],[-49.59838,-27.442782],[-49.59841,-27.442779],[-49.59839934513292,-27.4427788761062],[-49.598411,-27.442779],[-49.598547,-27.442752],[-49.598572,-27.442747],[-49.598675,-27.442719],[-49.598746,-27.442689],[-49.598847,-27.442647],[-49.599022,-27.442574],[-49.599102,-27.44254]]],[[[-49.598323,-27.433207],[-49.597899,-27.433203],[-49.59813,-27.433231],[-49.598164,-27.433232],[-49.598211,-27.433233],[-49.598215,-27.433232],[-49.598219,-27.433232],[-49.598323,-27.433207]]],[[[-49.59776281756757,-27.433201040540542],[-49.598324,-27.433207],[-49.598331,-27.433205],[-49.598476,-27.433171],[-49.596501,-27.433151],[-49.596495,-27.433187],[-49.59649,-27.433215],[-49.596487,-27.433231],[-49.59645,-27.433303],[-49.596408,-27.433386],[-49.596403,-27.433395],[-49.596284,-27.433472],[-49.596181,-27.433499],[-49.596168,-27.433513],[-49.596106,-27.43358],[-49.596109,-27.433589],[-49.596115,-27.433608],[-49.596137,-27.433619],[-49.596191,-27.433648],[-49.596196,-27.433651],[-49.596207,-27.433681],[-49.596196,-27.433697],[-49.596184,-27.433717],[-49.596181,-27.433722],[-49.596171,-27.433738],[-49.596134,-27.433796],[-49.596134,-27.4338],[-49.596126,-27.433884],[-49.596118,-27.433904],[-49.596108,-27.433928],[-49.596104,-27.433942],[-49.596096,-27.43398],[-49.596076,-27.434073],[-49.596069,-27.434101],[-49.596064,-27.43412],[-49.596041,-27.434201],[-49.596025,-27.434255],[-49.596001,-27.43434],[-49.595977,-27.434423],[-49.595958,-27.43449],[-49.595955,-27.434498],[-49.595926,-27.434565],[-49.595932,-27.434573],[-49.595934,-27.434575],[-49.595952,-27.434573],[-49.595958,-27.434566],[-49.59601,-27.434499],[-49.596019,-27.43449],[-49.59609,-27.434424],[-49.5962007805354,-27.434342162127006],[-49.596205749999974,-27.43434221590909],[-49.596223,-27.434343],[-49.596245,-27.434364],[-49.596248,-27.43438],[-49.596264,-27.434447],[-49.596274,-27.434454],[-49.5963,-27.434471],[-49.596318,-27.434475],[-49.596323,-27.434476],[-49.596361,-27.434475],[-49.59637,-27.434471],[-49.596406,-27.434455],[-49.596411,-27.434449],[-49.596458,-27.434382],[-49.59646,-27.434367],[-49.596463,-27.434346],[-49.596463,-27.434345],[-49.596475,-27.43426],[-49.596464,-27.434205],[-49.59639,-27.434123],[-49.596361,-27.434104],[-49.596318,-27.434075],[-49.596268,-27.433982],[-49.596281,-27.433944],[-49.596295,-27.43393],[-49.596317,-27.433906],[-49.596326,-27.433886],[-49.59636,-27.433802],[-49.596363,-27.433798],[-49.596405,-27.43374],[-49.59644,-27.433725],[-49.59644050476191,-27.433724495238096],[-49.59644150485437,-27.433724504854368],[-49.596442,-27.433725],[-49.596805,-27.433728],[-49.596821,-27.433724],[-49.596947,-27.433704],[-49.59702,-27.433689],[-49.597153,-27.433661],[-49.597165,-27.433658],[-49.597221,-27.43363],[-49.597235,-27.433619],[-49.597258,-27.433601],[-49.597263,-27.433592],[-49.597301,-27.433525],[-49.597315,-27.433511],[-49.597342,-27.433483],[-49.597417,-27.433405],[-49.597426,-27.433397],[-49.597491,-27.433313],[-49.597579,-27.433242],[-49.597599,-27.433226],[-49.59765136232382,-27.43319833688553],[-49.59767081909547,-27.43319852763819],[-49.597759,-27.433201],[-49.59776004694256,-27.433201011117973],[-49.597798,-27.43321],[-49.597899,-27.433203],[-49.59776281756757,-27.433201040540542]],[[-49.59776094557823,-27.433201013605444],[-49.597760945577996,-27.43320101360544],[-49.598331,-27.433205],[-49.59776094557823,-27.433201013605444]]],[[[-49.598559,-27.433177],[-49.598578,-27.433172],[-49.598476,-27.433171],[-49.598559,-27.433177]]],[[[-49.596501,-27.433151],[-49.598578,-27.433172],[-49.598595,-27.433168],[-49.596502,-27.433147],[-49.596501,-27.433151]]],[[[-49.596467,-27.433034],[-49.59647,-27.433039],[-49.596491,-27.433068],[-49.5965,-27.433096],[-49.596507,-27.433116],[-49.596506,-27.433124],[-49.596502,-27.433147],[-49.599108,-27.433173],[-49.599181,-27.433151],[-49.599188,-27.433143],[-49.599206,-27.433123],[-49.599219,-27.433096],[-49.599234,-27.433066],[-49.599241,-27.433062],[-49.599267,-27.433048],[-49.599386,-27.433044],[-49.596444,-27.433014],[-49.59645,-27.433019],[-49.596467,-27.433034]]],[[[-49.596356,-27.432956],[-49.596433,-27.433005],[-49.596436,-27.433006],[-49.596444,-27.433014],[-49.599698,-27.433047],[-49.59971,-27.433039],[-49.599713,-27.433038],[-49.599878,-27.432992],[-49.599982,-27.432963],[-49.60007,-27.43295],[-49.600159,-27.432938],[-49.596188,-27.432898],[-49.59628,-27.432912],[-49.596304,-27.432926],[-49.596356,-27.432956]]],[[[-49.59843,-27.428492],[-49.598505,-27.428493],[-49.598484,-27.428477],[-49.59848,-27.428474],[-49.598258,-27.428472],[-49.598342,-27.428476],[-49.59843,-27.428492]]],[[[-49.59759,-27.418076],[-49.597628,-27.418034],[-49.597632,-27.41803],[-49.597637,-27.418003],[-49.597638,-27.417997],[-49.597633,-27.417966],[-49.597155,-27.417961],[-49.59723,-27.417992],[-49.597246,-27.417999],[-49.597287,-27.418027],[-49.597293,-27.41803],[-49.597336,-27.418073],[-49.597349,-27.418081],[-49.597365,-27.41809],[-49.597438,-27.418097],[-49.597539,-27.418107],[-49.597555,-27.418099],[-49.597567,-27.418092],[-49.597583,-27.418084],[-49.59759,-27.418076]]],[[[-49.598109,-27.417808],[-49.59811,-27.417806],[-49.597248,-27.417797],[-49.597238,-27.417799],[-49.59721403646185,-27.417804530047267],[-49.59720932650448,-27.417804480153652],[-49.597176,-27.417798],[-49.597164,-27.417804],[-49.597134,-27.417819],[-49.597059,-27.417882],[-49.596977,-27.417904],[-49.596957,-27.417909],[-49.596955,-27.41791],[-49.596931,-27.417931],[-49.597279,-27.417934499999998],[-49.59693,-27.417931],[-49.596877,-27.417958],[-49.597633,-27.417966],[-49.597628,-27.417938],[-49.597627012264155,-27.417937990094337],[-49.597653,-27.417917],[-49.597654,-27.417916],[-49.5976922623033,-27.4179110945765],[-49.59769391828898,-27.417911111001967],[-49.597966,-27.417944],[-49.59799,-27.41797],[-49.597992,-27.417985],[-49.597994,-27.418007],[-49.597995,-27.418024],[-49.598017,-27.418025],[-49.598019,-27.418024],[-49.598056,-27.418008],[-49.598072,-27.417985],[-49.598075,-27.417971],[-49.59808,-27.417945],[-49.598086,-27.417915],[-49.598091,-27.417893],[-49.598105,-27.417829],[-49.598108,-27.417814],[-49.598109,-27.417808]]],[[[-49.597323,-27.442775],[-49.597339,-27.442774],[-49.597137,-27.442772],[-49.597144,-27.442773],[-49.597201,-27.442786],[-49.597323,-27.442775]]],[[[-49.596459,-27.433735],[-49.596469,-27.433741],[-49.596485,-27.43375],[-49.596491,-27.433754],[-49.596552,-27.433751],[-49.596588,-27.433742],[-49.59660654297694,-27.43373643710692],[-49.59661263333334,-27.433736496428573],[-49.596664,-27.433742],[-49.596725,-27.433749],[-49.596747,-27.433743],[-49.596767,-27.433738],[-49.596804,-27.433728],[-49.596442,-27.433725],[-49.596459,-27.433735]]],[[[-49.595762,-27.418047],[-49.595688,-27.41807],[-49.595658,-27.418079],[-49.595491,-27.418131],[-49.595443,-27.418155],[-49.595414,-27.41817],[-49.595412,-27.418171],[-49.59538,-27.418187],[-49.595284,-27.418235],[-49.595263,-27.418246],[-49.595261,-27.418247],[-49.59526,-27.418248],[-49.595251,-27.418255],[-49.595514,-27.418257],[-49.595534,-27.418251],[-49.595553,-27.41825],[-49.59556665333331,-27.418249146666668],[-49.595570491525436,-27.41824918644068],[-49.595585,-27.418251],[-49.595625,-27.418257],[-49.595642,-27.418252],[-49.595649,-27.41825],[-49.595686,-27.418239],[-49.595756,-27.418191],[-49.595768,-27.418174],[-49.59575610027855,-27.41817389972145],[-49.595757,-27.418173],[-49.595778,-27.418158],[-49.595842,-27.418134],[-49.595977,-27.418083],[-49.596204,-27.418075],[-49.596426,-27.418054],[-49.596573,-27.41804],[-49.59579,-27.418032],[-49.595762,-27.418047]]],[[[-49.596782,-27.418042],[-49.596573,-27.41804],[-49.59666,-27.418047],[-49.596782,-27.418042]]],[[[-49.596823,-27.41804],[-49.596886,-27.418026],[-49.595818,-27.418016],[-49.595793,-27.41803],[-49.59579,-27.418032],[-49.596782,-27.418042],[-49.596823,-27.41804]]],[[[-49.596932,-27.418016],[-49.596121,-27.418008],[-49.596118,-27.418008],[-49.595964,-27.418017],[-49.595962,-27.418017],[-49.596887,-27.418026],[-49.596932,-27.418017],[-49.596932,-27.418016]]],[[[-49.596972,-27.418001],[-49.597013,-27.417984],[-49.596445,-27.417978],[-49.596296,-27.417994],[-49.596238,-27.418009],[-49.596235,-27.418009],[-49.596934,-27.418016],[-49.596972,-27.418001]]],[[[-49.596207,-27.418006],[-49.596191,-27.418004],[-49.596167,-27.418006],[-49.596131,-27.418008],[-49.596229,-27.418009],[-49.596207,-27.418006]]],[[[-49.596697,-27.417977],[-49.596636,-27.41798],[-49.597013,-27.417984],[-49.597022,-27.41798],[-49.597029,-27.417977],[-49.597087,-27.41797],[-49.597155,-27.417961],[-49.596877,-27.417958],[-49.596858,-27.417967],[-49.596738,-27.417974],[-49.596697,-27.417977]]],[[[-49.596523,-27.41797],[-49.59648,-27.417974],[-49.596445,-27.417978],[-49.596636,-27.41798],[-49.596557,-27.417975],[-49.596544,-27.41797],[-49.596539,-27.417968],[-49.596523,-27.41797]]],[[[-49.597248,-27.417797],[-49.59735,-27.417798],[-49.597274,-27.417791],[-49.597248,-27.417797]]],[[[-49.594635,-27.442731],[-49.594655,-27.442639],[-49.594668,-27.442578],[-49.594669,-27.442573],[-49.594674,-27.442474],[-49.594673,-27.442445],[-49.594672,-27.442411],[-49.594671,-27.442406],[-49.594142,-27.442401],[-49.594131,-27.442406],[-49.594098,-27.442439],[-49.594084,-27.442468],[-49.594038,-27.442567],[-49.594036,-27.442571],[-49.594019,-27.442633],[-49.593963,-27.442724],[-49.593906,-27.442782],[-49.593897,-27.442791],[-49.5939,-27.442845],[-49.593928,-27.442899],[-49.593928,-27.442913],[-49.593902,-27.44299],[-49.593889,-27.443011],[-49.593861,-27.443057],[-49.594171,-27.44315],[-49.594434,-27.443228],[-49.594567,-27.443268],[-49.594579,-27.443229],[-49.594602,-27.443154],[-49.594594,-27.443065],[-49.59459,-27.443018],[-49.594594,-27.442997],[-49.59461,-27.44292],[-49.594613,-27.442906],[-49.594617,-27.442852],[-49.594622,-27.442798],[-49.594623,-27.44279],[-49.594635,-27.442731]]],[[[-49.594338,-27.442338],[-49.594338,-27.442342],[-49.594313,-27.442396],[-49.594288,-27.442402],[-49.594671,-27.442406],[-49.594671,-27.4424],[-49.594669,-27.442345],[-49.594668,-27.442341],[-49.594683,-27.44232],[-49.594705,-27.442311],[-49.594717,-27.442306],[-49.594331,-27.442302],[-49.594332,-27.442307],[-49.594334,-27.442317],[-49.594338,-27.442338]]],[[[-49.594171,-27.442385],[-49.594153,-27.442395],[-49.594142,-27.442401],[-49.594288,-27.442402],[-49.594258,-27.442396],[-49.594214,-27.442386],[-49.594209,-27.442385],[-49.594171,-27.442385]]],[[[-49.59431,-27.419259],[-49.594361,-27.419244],[-49.59437,-27.419238],[-49.594409,-27.419214],[-49.594438,-27.419195],[-49.594514,-27.419147],[-49.594579,-27.419106],[-49.594585,-27.419096],[-49.594615,-27.419045],[-49.594629,-27.419022],[-49.594688,-27.418942],[-49.59479,-27.418834],[-49.594816,-27.418808],[-49.594853,-27.418758],[-49.594856,-27.418754],[-49.594918,-27.418668],[-49.594975,-27.41857],[-49.594978,-27.418566],[-49.595088,-27.418473],[-49.595093,-27.418469],[-49.595168,-27.418419],[-49.595209,-27.418398],[-49.595351,-27.418323],[-49.595413,-27.418278],[-49.595474,-27.418257],[-49.595251,-27.418255],[-49.59522,-27.418276],[-49.595158,-27.418321],[-49.595054,-27.418396],[-49.595029,-27.418418],[-49.59497,-27.418468],[-49.594966,-27.418471],[-49.594882,-27.418565],[-49.594878,-27.418569],[-49.594819,-27.418667],[-49.594767,-27.418753],[-49.594763,-27.418757],[-49.594718,-27.418807],[-49.594693,-27.418833],[-49.594606,-27.418941],[-49.594541,-27.419022],[-49.594523,-27.419044],[-49.594462,-27.419094],[-49.594444,-27.419104],[-49.59437,-27.419145],[-49.594309,-27.419194],[-49.594266,-27.419212],[-49.594178,-27.419236],[-49.594147,-27.419242],[-49.5940585407476,-27.419256908862767],[-49.59405615822476,-27.419256889049684],[-49.593975,-27.419252],[-49.59396990242742,-27.41925196668253],[-49.593888,-27.419224],[-49.593841,-27.419196],[-49.593838,-27.419192],[-49.593807,-27.419161],[-49.593776,-27.419122],[-49.593764,-27.419109],[-49.59373,-27.419066],[-49.593704,-27.419034],[-49.593685,-27.419011],[-49.593653,-27.418972],[-49.593647,-27.418964],[-49.593634,-27.418949],[-49.593254,-27.418945],[-49.593359,-27.418961],[-49.59341,-27.418969],[-49.593548,-27.41901],[-49.593601,-27.419033],[-49.593639,-27.419065],[-49.593668,-27.419108],[-49.5937,-27.419121],[-49.59373,-27.41916],[-49.593755,-27.419191],[-49.593759,-27.419195],[-49.593791,-27.419223],[-49.593822,-27.41925],[-49.593822,-27.419251],[-49.593829,-27.419255],[-49.593901,-27.419293],[-49.593913,-27.419299],[-49.593923,-27.419302],[-49.593943,-27.419307],[-49.594025,-27.419314],[-49.594052,-27.419308],[-49.594077,-27.419304],[-49.59411,-27.419301],[-49.594189,-27.419296],[-49.59431,-27.419259]]],[[[-49.593098,-27.418959],[-49.593254,-27.418945],[-49.593223,-27.418944],[-49.593098,-27.418959]]],[[[-49.593626,-27.418939],[-49.593622,-27.418937],[-49.593587,-27.418912],[-49.593548,-27.418901],[-49.593527,-27.418895],[-49.593502,-27.4189],[-49.59349,-27.418911],[-49.593462,-27.418935],[-49.593452,-27.418938],[-49.59344837883009,-27.418938905292478],[-49.59343552517955,-27.41893875539568],[-49.593295,-27.418936],[-49.593285,-27.418937],[-49.59328,-27.418938],[-49.593223,-27.418944],[-49.593634,-27.418949],[-49.593628,-27.418941],[-49.593626,-27.418939]]],[[[-49.593232,-27.418187],[-49.593226,-27.41818],[-49.593168,-27.418163],[-49.593162,-27.418156],[-49.593161,-27.418155],[-49.593159,-27.418152],[-49.593152,-27.418144],[-49.59315,-27.418142],[-49.593109,-27.418124],[-49.593094,-27.418117],[-49.593043,-27.418104],[-49.592504,-27.418099],[-49.592493,-27.418111],[-49.592486,-27.418117],[-49.592438,-27.418135],[-49.592432,-27.418137],[-49.592412,-27.418144],[-49.592408,-27.418148],[-49.5924,-27.418155],[-49.592388,-27.418166],[-49.59238,-27.418183],[-49.592361,-27.418225],[-49.592359,-27.418231],[-49.592285,-27.418339],[-49.592276,-27.418361],[-49.59225,-27.41842],[-49.592233,-27.41844],[-49.59218,-27.4185],[-49.592162,-27.418528],[-49.592073,-27.418676],[-49.592034,-27.418708],[-49.592032,-27.418709],[-49.592049,-27.41873],[-49.592097,-27.41871],[-49.592101,-27.418708],[-49.592121,-27.418677],[-49.592212,-27.418529],[-49.592241,-27.4185],[-49.592304,-27.41844],[-49.592314,-27.418421],[-49.592347,-27.418361],[-49.592361,-27.418339],[-49.592432,-27.418231],[-49.592436,-27.418226],[-49.592478,-27.418184],[-49.592511,-27.418167],[-49.592531,-27.418156],[-49.592563087378636,-27.418149582524272],[-49.59257206741573,-27.418149674157302],[-49.592575,-27.41815],[-49.592702,-27.418151],[-49.592747,-27.418148],[-49.59284917757332,-27.418141055893074],[-49.59285040707965,-27.41814106784661],[-49.592898,-27.418149],[-49.592915,-27.418152],[-49.593017,-27.418154],[-49.593037,-27.418161],[-49.593087,-27.418179],[-49.593107,-27.418186],[-49.593198,-27.41824],[-49.593233,-27.41827],[-49.593259,-27.418291],[-49.593286,-27.418341],[-49.5933,-27.418414],[-49.593306,-27.418423],[-49.593317,-27.418443],[-49.59332,-27.4185],[-49.59332,-27.418503],[-49.59333,-27.418514],[-49.593337,-27.418521],[-49.593362,-27.418514],[-49.593371,-27.418503],[-49.593374,-27.4185],[-49.593371,-27.418444],[-49.59337,-27.418424],[-49.593365,-27.418415],[-49.593334,-27.418341],[-49.593313,-27.418292],[-49.593304,-27.418271],[-49.593278,-27.418241],[-49.593232,-27.418187]],[[-49.59284614466113,-27.418141026406428],[-49.59284614466122,-27.418141026406428],[-49.592412,-27.418144],[-49.59284614466113,-27.418141026406428]]],[[[-49.595504,-27.418261],[-49.595514,-27.418257],[-49.595474,-27.418257],[-49.595504,-27.418261]]],[[[-49.59289756772332,-27.418101582132564],[-49.592864,-27.418099],[-49.592833,-27.418096],[-49.592775,-27.418092],[-49.592714,-27.418095],[-49.592681,-27.418097],[-49.59264,-27.418099],[-49.592623,-27.4181],[-49.593043,-27.418104],[-49.593039,-27.418103],[-49.593028,-27.4181],[-49.59302,-27.418098],[-49.592969,-27.4181],[-49.59291201129946,-27.41810172693032],[-49.59289756772332,-27.418101582132564]]],[[[-49.595819,-27.418016],[-49.59596,-27.418017],[-49.595845,-27.418005],[-49.595837,-27.418005],[-49.595819,-27.418016]]],[[[-49.586651,-27.455955],[-49.586614,-27.455993],[-49.586512,-27.456065],[-49.586409,-27.456169],[-49.586311,-27.456231],[-49.58625,-27.456258],[-49.586036,-27.456401],[-49.585975,-27.456456],[-49.585925,-27.456501],[-49.585882,-27.45654],[-49.58581,-27.456564],[-49.585751,-27.456602],[-49.585686,-27.456624],[-49.585668,-27.456629],[-49.585519,-27.456729],[-49.585379,-27.456805],[-49.585363,-27.456812],[-49.585301,-27.456844],[-49.585179,-27.456891],[-49.584817,-27.457101],[-49.584598,-27.457229],[-49.584537,-27.45725],[-49.584389,-27.457281],[-49.584273,-27.45734],[-49.584236,-27.457347],[-49.5842337328874,-27.45734756677815],[-49.584215617721945,-27.45734738180083],[-49.584179,-27.457346],[-49.584066,-27.457327],[-49.583977,-27.457296],[-49.58396,-27.457281],[-49.583958,-27.457279],[-49.583901,-27.457254],[-49.583724,-27.457174],[-49.583658,-27.457144],[-49.583636,-27.457127],[-49.58356,-27.457069],[-49.583513,-27.457033],[-49.583463,-27.457006],[-49.583373,-27.456956],[-49.583361,-27.456946],[-49.583236,-27.456841],[-49.583231,-27.456836],[-49.581303,-27.456816],[-49.581305,-27.456821],[-49.581376,-27.456926],[-49.581386,-27.456936],[-49.581434,-27.456985],[-49.581448,-27.457012],[-49.581468,-27.457048],[-49.581484,-27.457105],[-49.581499,-27.457122],[-49.581525,-27.457151],[-49.581571,-27.45723],[-49.581578,-27.457255],[-49.581579,-27.457257],[-49.581591,-27.457272],[-49.581616,-27.457302],[-49.581631,-27.45732],[-49.581632,-27.457321],[-49.581667,-27.457362],[-49.581668,-27.457364],[-49.581666,-27.457388],[-49.581654,-27.457405],[-49.581603,-27.457413],[-49.581688,-27.457544],[-49.581739,-27.457624],[-49.581799,-27.457717],[-49.581843,-27.457786],[-49.581873,-27.457832],[-49.581943,-27.457941],[-49.584723,-27.457969],[-49.584916,-27.457863],[-49.585046,-27.457819],[-49.585211,-27.457752],[-49.585424,-27.457661],[-49.585581,-27.457584],[-49.585799,-27.457456],[-49.585814,-27.457447],[-49.585843,-27.45743],[-49.585883,-27.457407],[-49.585886,-27.457405],[-49.585941,-27.457365],[-49.585942,-27.457364],[-49.585952,-27.457357],[-49.586032,-27.457298],[-49.586075,-27.457266],[-49.586105,-27.457244],[-49.586278,-27.457116],[-49.586605,-27.456906],[-49.58668,-27.456858],[-49.586728,-27.456826],[-49.586738,-27.456819],[-49.586832,-27.456742],[-49.586953,-27.456642],[-49.586961,-27.456636],[-49.58698,-27.456614],[-49.587012,-27.456577],[-49.587033,-27.456551],[-49.587066,-27.456513],[-49.587092,-27.456467],[-49.587111,-27.456412],[-49.58716,-27.456267],[-49.58717,-27.45624],[-49.587192,-27.456177],[-49.587228,-27.456072],[-49.587253,-27.455999],[-49.587266,-27.455961],[-49.587275,-27.455934],[-49.587291,-27.45586],[-49.587299,-27.455824],[-49.587306,-27.455788],[-49.58662,-27.455781],[-49.58668,-27.455817],[-49.586689,-27.455854],[-49.586667,-27.455928],[-49.586651,-27.455955]]],[[[-49.587272,-27.454363],[-49.587272,-27.454357],[-49.586638,-27.454351],[-49.586671,-27.454357],[-49.586699,-27.45439],[-49.586755,-27.454521],[-49.58677,-27.454575],[-49.586792,-27.454655],[-49.58682,-27.454927],[-49.586817,-27.45499],[-49.586812,-27.455117],[-49.586773,-27.455225],[-49.586753,-27.455279],[-49.586595,-27.455521],[-49.586578,-27.455548],[-49.586549,-27.455575],[-49.586497,-27.455623],[-49.586459,-27.455658],[-49.586415,-27.455749],[-49.586419,-27.455765],[-49.586436,-27.455779],[-49.587306,-27.455788],[-49.587309,-27.455774],[-49.587313,-27.455758],[-49.587332,-27.455667],[-49.58734,-27.455632],[-49.587346,-27.455583],[-49.587343,-27.455556],[-49.587339,-27.455528],[-49.587343,-27.455285],[-49.587344,-27.455231],[-49.587339,-27.455123],[-49.587334,-27.454995],[-49.587327,-27.454933],[-49.587296,-27.45466],[-49.587287,-27.45458],[-49.587284,-27.454526],[-49.587275,-27.454396],[-49.587272,-27.454363]]],[[[-49.586652,-27.446298],[-49.586658,-27.446337],[-49.586653,-27.446369],[-49.586639,-27.446388],[-49.586584,-27.446429],[-49.58655,-27.446446],[-49.58647,-27.446486],[-49.586364,-27.44652],[-49.586268,-27.446532],[-49.586176,-27.446563],[-49.586062,-27.4466],[-49.585906,-27.44663],[-49.585882,-27.446635],[-49.585643,-27.446697],[-49.585489,-27.44675],[-49.585487,-27.446751],[-49.585301,-27.446787],[-49.585126,-27.446832],[-49.585086,-27.446849],[-49.585034,-27.446872],[-49.584917,-27.446899],[-49.584791,-27.446911],[-49.584775,-27.446914],[-49.584517,-27.446957],[-49.584294,-27.446994],[-49.584049,-27.447035],[-49.583939,-27.447054],[-49.583338,-27.447197],[-49.583304,-27.4472],[-49.583087,-27.447223],[-49.583003,-27.447271],[-49.582987,-27.447282],[-49.582948,-27.447309],[-49.582918,-27.447329],[-49.582896,-27.447345],[-49.582888,-27.447349],[-49.582807,-27.447391],[-49.582794,-27.447398],[-49.582749,-27.447422],[-49.582662,-27.447468],[-49.582659,-27.447469],[-49.582632,-27.447488],[-49.582566,-27.447532],[-49.582535,-27.447553],[-49.582516,-27.447565],[-49.582497,-27.447578],[-49.582461,-27.447603],[-49.582438,-27.447618],[-49.582426,-27.447626],[-49.582333,-27.447689],[-49.582315,-27.447701],[-49.582266,-27.447738],[-49.582189,-27.447797],[-49.582135,-27.447813],[-49.58212715231789,-27.44781561589404],[-49.5821164567376,-27.44781550638298],[-49.582068,-27.447813],[-49.582067,-27.447815],[-49.582067,-27.447817],[-49.582064,-27.447825],[-49.58208,-27.447846],[-49.582083,-27.447871],[-49.582037,-27.447932],[-49.582005,-27.447973],[-49.581979,-27.447994],[-49.581936,-27.448029],[-49.581865,-27.448085],[-49.581837,-27.448107],[-49.581773,-27.448157],[-49.581747,-27.448178],[-49.581732,-27.44819],[-49.58159,-27.448296],[-49.581541,-27.448333],[-49.581492,-27.44837],[-49.581228,-27.448566],[-49.581165,-27.448614],[-49.581164,-27.448615],[-49.582031,-27.448623],[-49.582124,-27.448576],[-49.582435,-27.448379],[-49.582526,-27.448343],[-49.58266,-27.448307],[-49.582796,-27.448201],[-49.582811,-27.448189],[-49.5829,-27.448169],[-49.582946,-27.448118],[-49.582979,-27.448096],[-49.583081,-27.44804],[-49.583168,-27.448006],[-49.5832,-27.447985],[-49.583265,-27.447944],[-49.58339,-27.447885],[-49.583443,-27.44786],[-49.583445,-27.447859],[-49.583506,-27.447839],[-49.58353,-27.447831],[-49.583532,-27.44783],[-49.583537,-27.447828],[-49.58357,-27.447811],[-49.583687,-27.447752],[-49.583803,-27.447716],[-49.58384,-27.447704],[-49.584107,-27.447643],[-49.58416841929225,-27.44763566635316],[-49.58417893222769,-27.447635773682773],[-49.584225,-27.447643],[-49.584251,-27.447671],[-49.584254,-27.447674],[-49.584293,-27.447739],[-49.58431,-27.447769],[-49.584349,-27.447773],[-49.584352,-27.447769],[-49.584371,-27.44774],[-49.584383,-27.447675],[-49.584384,-27.447673],[-49.584394,-27.447644],[-49.584397,-27.447638],[-49.584403,-27.447622],[-49.584418,-27.447598],[-49.584439,-27.447585],[-49.584479,-27.447572],[-49.584661,-27.447553],[-49.584809,-27.44751],[-49.584897,-27.447492],[-49.584905,-27.447491],[-49.585043,-27.447445],[-49.585201,-27.447423],[-49.58532790725809,-27.447417142741937],[-49.58533140927812,-27.44741717905918],[-49.585347,-27.447424],[-49.58538,-27.447439],[-49.585451,-27.447471],[-49.585458,-27.447482],[-49.585464,-27.447491],[-49.585464,-27.447517],[-49.58547,-27.447517],[-49.585485,-27.447491],[-49.58549,-27.447482],[-49.58549,-27.447471],[-49.585489,-27.44744],[-49.585497,-27.447426],[-49.585507,-27.447419],[-49.585569,-27.447376],[-49.585583,-27.447372],[-49.585635,-27.447357],[-49.585787,-27.447338],[-49.585918,-27.447312],[-49.585953,-27.447301],[-49.586103,-27.447254],[-49.58618,-27.44723],[-49.586189,-27.447226],[-49.586504,-27.44708],[-49.586546,-27.447061],[-49.586595,-27.447018],[-49.586662,-27.446979],[-49.586763,-27.446934],[-49.586771,-27.446931],[-49.586808,-27.446918],[-49.586889,-27.446891],[-49.586954,-27.446868],[-49.586995,-27.446851],[-49.587102,-27.446806],[-49.587189,-27.446768],[-49.58719,-27.446768],[-49.587278,-27.446714],[-49.587381,-27.44665],[-49.587389,-27.446645],[-49.587469,-27.446615],[-49.587567,-27.446577],[-49.587635,-27.446546],[-49.587665,-27.446533],[-49.58774,-27.446499],[-49.587829,-27.446459],[-49.587854,-27.446442],[-49.587913,-27.446401],[-49.587941,-27.446382],[-49.587986,-27.446351],[-49.588042,-27.446313],[-49.586652,-27.446298]],[[-49.58403106526584,-27.44763426406601],[-49.58403106526618,-27.447634264066014],[-49.582426,-27.447626],[-49.58403106526584,-27.44763426406601]]],[[[-49.588573,-27.445955],[-49.588595,-27.445936],[-49.588648,-27.445891],[-49.588711,-27.445836],[-49.588727,-27.445823],[-49.588729,-27.44582],[-49.588745,-27.445807],[-49.58876,-27.44579],[-49.587652,-27.445779],[-49.587603,-27.445795],[-49.587564,-27.445809],[-49.58755730609895,-27.445810912543156],[-49.587553606394835,-27.44581087431092],[-49.587476,-27.445808],[-49.587469,-27.44581],[-49.58743,-27.445823],[-49.587373,-27.445878],[-49.587308,-27.445923],[-49.587307,-27.445942],[-49.587304,-27.44602],[-49.587303,-27.446042],[-49.587289,-27.446073],[-49.587253,-27.44615],[-49.58723,-27.446172],[-49.587218,-27.446185],[-49.587124,-27.446243],[-49.587106,-27.446254],[-49.587045,-27.446284],[-49.586988,-27.446299],[-49.586933,-27.446301],[-49.588042,-27.446313],[-49.588046,-27.44631],[-49.588068,-27.446294],[-49.588112,-27.446264],[-49.588128,-27.446253],[-49.588237,-27.446195],[-49.58826,-27.446183],[-49.588294,-27.44616],[-49.588408,-27.446084],[-49.588437,-27.446053],[-49.588457,-27.446032],[-49.588573,-27.445955]]],[[[-49.58876,-27.44579],[-49.588761,-27.445789],[-49.587689,-27.445779],[-49.58876,-27.44579]]],[[[-49.587654,-27.445778],[-49.587652,-27.445779],[-49.587689,-27.445779],[-49.587654,-27.445778]]],[[[-49.592653,-27.418154],[-49.592697,-27.418151],[-49.592575,-27.41815],[-49.592653,-27.418154]]],[[[-49.592504,-27.418099],[-49.592623,-27.4181],[-49.592608,-27.418099],[-49.592572,-27.418096],[-49.592562,-27.41809],[-49.592548,-27.418081],[-49.59252,-27.418052],[-49.592505,-27.418036],[-49.592507,-27.418022],[-49.592508,-27.418016],[-49.59248,-27.418022],[-49.592491,-27.418036],[-49.592502,-27.418052],[-49.592511,-27.418081],[-49.592514,-27.418089],[-49.592508,-27.418095],[-49.592505,-27.418098],[-49.592504,-27.418099]]],[[[-49.58662,-27.455781],[-49.586436,-27.455779],[-49.586438,-27.455781],[-49.58648,-27.455787],[-49.586594,-27.455782],[-49.58662,-27.455781]]],[[[-49.58723,-27.454171],[-49.587219,-27.454148],[-49.587219,-27.454144],[-49.587203,-27.454075],[-49.587202,-27.454069],[-49.587199,-27.454065],[-49.58554,-27.454048],[-49.585558,-27.454052],[-49.585589,-27.454058],[-49.585791,-27.45413],[-49.58581,-27.454133],[-49.58594,-27.454158],[-49.586087,-27.454165],[-49.586242,-27.454199],[-49.586392,-27.454232],[-49.586451,-27.45426],[-49.586577,-27.454347],[-49.586577,-27.454348],[-49.586588,-27.45435],[-49.587272,-27.454357],[-49.587272,-27.454355],[-49.587272,-27.454354],[-49.587257,-27.454268],[-49.587253,-27.45424],[-49.587247,-27.454209],[-49.587233,-27.454177],[-49.58723,-27.454171]]],[[[-49.586604,-27.454355],[-49.586638,-27.454351],[-49.586588,-27.45435],[-49.586604,-27.454355]]],[[[-49.585455,-27.454051],[-49.58554,-27.454048],[-49.585345,-27.454046],[-49.585376,-27.45405],[-49.585398,-27.454053],[-49.585455,-27.454051]]],[[[-49.584194,-27.453924],[-49.584285,-27.453939],[-49.584375,-27.453961],[-49.584427,-27.453973],[-49.584458,-27.453985],[-49.584488,-27.453995],[-49.584527,-27.454003],[-49.584538,-27.454005],[-49.58501,-27.45401],[-49.5850321246211,-27.454008156281578],[-49.58503556659753,-27.454008191417064],[-49.585345,-27.454046],[-49.587199,-27.454065],[-49.587172,-27.45403],[-49.587167,-27.454022],[-49.587159,-27.454012],[-49.587145,-27.454001],[-49.587129,-27.453989],[-49.587071,-27.453967],[-49.587031,-27.453953],[-49.587026,-27.453951],[-49.584181,-27.453922],[-49.584194,-27.453924]]],[[[-49.584538,-27.454005],[-49.584583,-27.454014],[-49.584599,-27.454017],[-49.58463,-27.454015],[-49.584715,-27.454007],[-49.584538,-27.454005]]],[[[-49.58501,-27.45401],[-49.584715,-27.454007],[-49.584912,-27.454017],[-49.58501,-27.45401]]],[[[-49.583457,-27.453878],[-49.583489,-27.453885],[-49.583629,-27.453916],[-49.587026,-27.453951],[-49.586942,-27.45392],[-49.586927,-27.453913],[-49.586886,-27.453894],[-49.58328,-27.453857],[-49.583457,-27.453878]]],[[[-49.583958,-27.453927],[-49.584115,-27.453923],[-49.584181,-27.453922],[-49.583629,-27.453916],[-49.583639,-27.453918],[-49.583958,-27.453927]]],[[[-49.582252,-27.453755],[-49.582331,-27.453775],[-49.582435,-27.453801],[-49.582587,-27.453817],[-49.582714,-27.453846],[-49.582804,-27.453852],[-49.586886,-27.453894],[-49.586874,-27.453888],[-49.586813,-27.45386],[-49.586782,-27.453845],[-49.586728,-27.45382],[-49.586699,-27.453801],[-49.586681,-27.453789],[-49.582146,-27.453743],[-49.582252,-27.453755]]],[[[-49.586666,-27.453779],[-49.586646,-27.453765],[-49.586601,-27.45373],[-49.586597,-27.453726],[-49.581821,-27.453678],[-49.581861,-27.453681],[-49.581989,-27.453718],[-49.582037,-27.453732],[-49.582054,-27.453742],[-49.586681,-27.453789],[-49.586666,-27.453779]]],[[[-49.585891,-27.453435],[-49.5858,-27.453423],[-49.585656,-27.453396],[-49.58552,-27.453371],[-49.585494,-27.453366],[-49.585482,-27.453364],[-49.585451,-27.453366],[-49.58538314561234,-27.453369618900673],[-49.58535767669316,-27.453369361874884],[-49.585175,-27.453363],[-49.585064,-27.453326],[-49.584991,-27.453311],[-49.58488,-27.45329],[-49.584641,-27.45322],[-49.584351,-27.453162],[-49.584106,-27.45308],[-49.583974,-27.453058],[-49.583959,-27.453052],[-49.583029,-27.453043],[-49.5829943247318,-27.45304795360974],[-49.58299370804399,-27.45304794728572],[-49.582922,-27.453035],[-49.582908,-27.45303],[-49.582878,-27.453018],[-49.582866,-27.453014],[-49.582857,-27.45301],[-49.582819,-27.453013],[-49.58277101811668,-27.453016916888433],[-49.582769644256814,-27.45301690297913],[-49.582715,-27.453002],[-49.580672,-27.452981],[-49.580705,-27.452996],[-49.580731,-27.453008],[-49.580738,-27.453012],[-49.580755,-27.453025],[-49.58075601372683,-27.45302501041345],[-49.580785,-27.453047],[-49.580896,-27.453126],[-49.580974,-27.453183],[-49.581068,-27.453251],[-49.581097,-27.453272],[-49.581112,-27.453285],[-49.581154,-27.453322],[-49.58116,-27.453327],[-49.581187,-27.453351],[-49.58121,-27.453377],[-49.58122,-27.453388],[-49.581226,-27.453394],[-49.581257,-27.453429],[-49.581263,-27.453436],[-49.5813,-27.453458],[-49.581387,-27.453512],[-49.581423,-27.453549],[-49.581448,-27.453576],[-49.581542,-27.453632],[-49.581633,-27.453676],[-49.586597,-27.453726],[-49.586543,-27.453683],[-49.586474,-27.453627],[-49.58644,-27.4536],[-49.58637,-27.453563],[-49.586268,-27.453509],[-49.586213,-27.453486],[-49.586194,-27.453479],[-49.586043,-27.453443],[-49.585891,-27.453435]]],[[[-49.583375,-27.453007],[-49.583295,-27.453021],[-49.583171,-27.453044],[-49.583959,-27.453052],[-49.583897,-27.453028],[-49.583889,-27.453024],[-49.583658,-27.45301],[-49.583653,-27.45301],[-49.583529,-27.45302],[-49.5834994485488,-27.453023377308707],[-49.58348985358712,-27.453023265739386],[-49.583398,-27.453007],[-49.583385,-27.453005],[-49.583375,-27.453007]]],[[[-49.586933,-27.446301],[-49.586921,-27.446298],[-49.586889,-27.44629],[-49.586837,-27.446253],[-49.586765,-27.446162],[-49.586669,-27.446077],[-49.586664,-27.446067],[-49.586656,-27.446051],[-49.586649,-27.446036],[-49.58662,-27.446051],[-49.586613,-27.446066],[-49.586615,-27.446076],[-49.586629,-27.446161],[-49.586644,-27.446251],[-49.58665,-27.446287],[-49.586651,-27.446295],[-49.586652,-27.446298],[-49.586933,-27.446301]]],[[[-49.582936,-27.482482],[-49.582927,-27.482409],[-49.582919,-27.482342],[-49.582867,-27.482241],[-49.582845,-27.482198],[-49.582831,-27.482142],[-49.582831,-27.482093],[-49.582832,-27.482083],[-49.582854,-27.481972],[-49.582861,-27.481849],[-49.582868,-27.481756],[-49.58287,-27.481723],[-49.582868,-27.481692],[-49.582858,-27.481479],[-49.582866,-27.481398],[-49.582848,-27.481343],[-49.582837,-27.48131],[-49.582856,-27.481212],[-49.582887,-27.481046],[-49.582887,-27.481037],[-49.582887,-27.480997],[-49.582887,-27.48096],[-49.582888,-27.480884],[-49.582884,-27.480851],[-49.582882,-27.480834],[-49.582882,-27.480827],[-49.582878,-27.480794],[-49.582877,-27.480785],[-49.582874,-27.480755],[-49.582873,-27.480748],[-49.582875,-27.480723],[-49.582875,-27.48072],[-49.582877,-27.480696],[-49.582878,-27.480678],[-49.582879,-27.480668],[-49.58288,-27.480655],[-49.582884,-27.480609],[-49.582891,-27.48051],[-49.5829,-27.480396],[-49.582941,-27.480267],[-49.58295,-27.480238],[-49.582952,-27.48018],[-49.582954,-27.480108],[-49.582949,-27.480029],[-49.582942,-27.479909],[-49.582936,-27.479811],[-49.58293,-27.479783],[-49.582885,-27.479547],[-49.582872,-27.479479],[-49.582855,-27.479394],[-49.58285,-27.479371],[-49.582831,-27.479299],[-49.582815,-27.479235],[-49.582783,-27.479145],[-49.582783,-27.479068],[-49.582783,-27.479028],[-49.582784,-27.478919],[-49.582784,-27.478873],[-49.582781,-27.478853],[-49.582774,-27.478821],[-49.58276,-27.478745],[-49.582758,-27.478737],[-49.58275,-27.478697],[-49.582739,-27.478638],[-49.582689,-27.478381],[-49.582687,-27.478372],[-49.582676,-27.478181],[-49.582649,-27.478051],[-49.582641,-27.478011],[-49.582633,-27.477929],[-49.582626,-27.477848],[-49.582634,-27.477817],[-49.582662,-27.477806],[-49.58221,-27.477801],[-49.582213,-27.477812],[-49.582221,-27.477844],[-49.582242,-27.477925],[-49.582237,-27.478006],[-49.582235,-27.478047],[-49.582258,-27.478177],[-49.582292,-27.478368],[-49.582293,-27.478377],[-49.582273,-27.478634],[-49.582291,-27.478693],[-49.582321,-27.478733],[-49.582336,-27.478741],[-49.58228,-27.478816],[-49.58227,-27.478848],[-49.582275,-27.478868],[-49.582288,-27.478914],[-49.582361,-27.479023],[-49.582377,-27.479064],[-49.582391,-27.479141],[-49.582407,-27.479231],[-49.582419,-27.479295],[-49.582424,-27.479367],[-49.582428,-27.479389],[-49.582445,-27.479475],[-49.582468,-27.479543],[-49.58251,-27.479778],[-49.582514,-27.479806],[-49.582528,-27.479905],[-49.582531,-27.480024],[-49.582524,-27.480103],[-49.582519,-27.480176],[-49.582524,-27.480234],[-49.582527,-27.480263],[-49.582525,-27.480392],[-49.582522,-27.480507],[-49.582514,-27.480605],[-49.582492,-27.480651],[-49.582474,-27.480663],[-49.582459246231906,-27.480673819429935],[-49.58245618490081,-27.480673788867563],[-49.582299,-27.480662],[-49.582277,-27.480672],[-49.582239,-27.48069],[-49.582128,-27.480712],[-49.58211266591167,-27.480715833522083],[-49.58210884219221,-27.480715797576426],[-49.582034,-27.480711],[-49.582024,-27.480715],[-49.58195,-27.480739],[-49.581929,-27.480745],[-49.581957,-27.480776],[-49.58202,-27.480786],[-49.582099,-27.480819],[-49.582171,-27.480827],[-49.582206,-27.480844],[-49.582253,-27.480877],[-49.582362,-27.480955],[-49.582398,-27.480992],[-49.582416,-27.481032],[-49.582418,-27.481041],[-49.58246,-27.481208],[-49.582468,-27.481306],[-49.58247,-27.48134],[-49.582471,-27.481394],[-49.582472,-27.481475],[-49.582473,-27.481688],[-49.58247,-27.481719],[-49.582467,-27.481752],[-49.582473,-27.481845],[-49.5825,-27.481969],[-49.582525,-27.48208],[-49.582527,-27.48209],[-49.582534,-27.482139],[-49.582542,-27.482195],[-49.582548,-27.482238],[-49.582548,-27.482338],[-49.582548,-27.482405],[-49.582537,-27.482478],[-49.582529,-27.482532],[-49.582489,-27.482658],[-49.582478,-27.482694],[-49.582446,-27.482747],[-49.582387,-27.482847],[-49.582313,-27.482971],[-49.582289,-27.482998],[-49.582248,-27.483043],[-49.58218,-27.483097],[-49.582138,-27.483112],[-49.582068,-27.483116],[-49.582036,-27.483162],[-49.581923,-27.483261],[-49.581884,-27.48331],[-49.581867,-27.483333],[-49.581793,-27.483476],[-49.581765,-27.48353],[-49.58174,-27.483579],[-49.581712,-27.483669],[-49.581707,-27.483688],[-49.581703,-27.483719],[-49.5817,-27.483746],[-49.581717,-27.483805],[-49.581725,-27.483819],[-49.581756,-27.483878],[-49.581756,-27.483883],[-49.58176,-27.483928],[-49.581766,-27.483992],[-49.581767,-27.484012],[-49.581767,-27.484013],[-49.581759,-27.484038],[-49.581743,-27.484086],[-49.581738,-27.484114],[-49.581727,-27.484171],[-49.581722,-27.484182],[-49.581693,-27.484244],[-49.581687,-27.484256],[-49.58167,-27.48431],[-49.581645,-27.484391],[-49.581615,-27.484445],[-49.581609,-27.484516],[-49.58157,-27.484598],[-49.581527,-27.484688],[-49.581521,-27.484772],[-49.581494,-27.484789],[-49.581428,-27.484805],[-49.581456,-27.484816],[-49.581467,-27.484829],[-49.58147,-27.484847],[-49.581482,-27.484935],[-49.581467,-27.485021],[-49.58143,-27.485108],[-49.581398,-27.485208],[-49.58139,-27.485281],[-49.581385,-27.485336],[-49.581384,-27.485425],[-49.581384,-27.485431],[-49.581347,-27.485553],[-49.58133,-27.48561],[-49.581326,-27.485625],[-49.581311,-27.485746],[-49.581304,-27.485769],[-49.581295,-27.4858],[-49.581288,-27.48581],[-49.581287,-27.485812],[-49.581281,-27.485823],[-49.581277,-27.485827],[-49.581226,-27.485875],[-49.581196,-27.48593],[-49.581588,-27.485934],[-49.581622,-27.485879],[-49.581651,-27.48583],[-49.58166,-27.485826],[-49.581682,-27.485816],[-49.581700530805705,-27.48581438862559],[-49.58170581555153,-27.48581444484629],[-49.581749,-27.485838],[-49.581768,-27.485849],[-49.581783,-27.485857],[-49.581851,-27.485871],[-49.581856,-27.485858],[-49.581859,-27.48585],[-49.581801,-27.485839],[-49.581758,-27.485815],[-49.581739,-27.485804],[-49.581683,-27.485773],[-49.581684,-27.48575],[-49.581688,-27.485629],[-49.581688,-27.485614],[-49.5817,-27.485556],[-49.581747,-27.485435],[-49.581749,-27.485429],[-49.581763,-27.48534],[-49.581771,-27.485285],[-49.581792,-27.485212],[-49.58182,-27.485111],[-49.581845,-27.485025],[-49.581869,-27.484939],[-49.581894,-27.484851],[-49.581898,-27.484833],[-49.581901,-27.48482],[-49.581903,-27.48481],[-49.581907,-27.484793],[-49.581911,-27.484776],[-49.581931,-27.484692],[-49.581953,-27.484602],[-49.581983,-27.484519],[-49.582008,-27.484449],[-49.582028,-27.484395],[-49.582057,-27.484314],[-49.582114,-27.484261],[-49.582128,-27.484248],[-49.582236,-27.484187],[-49.582242,-27.484177],[-49.582279,-27.48412],[-49.58231,-27.484091],[-49.582363,-27.484044],[-49.582453,-27.48402],[-49.582453,-27.484019],[-49.58247683703606,-27.48400012901312],[-49.58247745354468,-27.484000136063408],[-49.582497,-27.484006],[-49.582508,-27.48401],[-49.582541,-27.484007],[-49.582553,-27.484001],[-49.582682,-27.483938],[-49.58283,-27.483894],[-49.582833,-27.483889],[-49.582863,-27.483831],[-49.582866,-27.483816],[-49.582878,-27.483758],[-49.582883,-27.483731],[-49.582878,-27.4837],[-49.582875,-27.483681],[-49.582833,-27.48359],[-49.58281,-27.48354],[-49.5828,-27.483486],[-49.582801,-27.483342],[-49.582801,-27.48332],[-49.58281,-27.48327],[-49.582828,-27.483171],[-49.582836,-27.483124],[-49.582837,-27.483119],[-49.58284,-27.483104],[-49.58285,-27.483049],[-49.582858,-27.483004],[-49.58286,-27.482976],[-49.582869,-27.482851],[-49.582901,-27.482752],[-49.582911,-27.482698],[-49.582917,-27.482663],[-49.58293,-27.482536],[-49.582936,-27.482482]]],[[[-49.582912,-27.477923],[-49.582911,-27.477922],[-49.58291,-27.477907],[-49.582907,-27.477879],[-49.582901,-27.477833],[-49.582898,-27.477808],[-49.582662,-27.477806],[-49.582697,-27.477831],[-49.582722,-27.477877],[-49.582752,-27.477905],[-49.582803,-27.477921],[-49.582912,-27.477923]]],[[[-49.582895,-27.477782],[-49.582848,-27.477759],[-49.582808,-27.477708],[-49.582803,-27.477687],[-49.582774,-27.477565],[-49.582756,-27.477519],[-49.582744,-27.477487],[-49.582717,-27.477416],[-49.582702,-27.477374],[-49.582699,-27.477361],[-49.582672,-27.477226],[-49.582668,-27.477158],[-49.582674,-27.477117],[-49.582676,-27.477106],[-49.582687,-27.477063],[-49.582699,-27.477036],[-49.582731,-27.476964],[-49.582744,-27.476893],[-49.582761,-27.476797],[-49.582763,-27.476785],[-49.582759,-27.476712],[-49.582757,-27.476689],[-49.58279,-27.476523],[-49.582795,-27.476502],[-49.582796,-27.476342],[-49.582787,-27.476248],[-49.582781,-27.476186],[-49.582775,-27.476123],[-49.582772,-27.476089],[-49.582768,-27.476076],[-49.582757,-27.476035],[-49.58275,-27.476008],[-49.582722,-27.475899],[-49.582691,-27.475782],[-49.582685,-27.475763],[-49.582655,-27.475673],[-49.58264,-27.475628],[-49.582622,-27.47553],[-49.582596,-27.475383],[-49.582541,-27.475224],[-49.582536,-27.475209],[-49.582505,-27.475154],[-49.582463,-27.475097],[-49.582447,-27.475075],[-49.582417,-27.475047],[-49.582405,-27.475036],[-49.582375,-27.475008],[-49.582362,-27.474995],[-49.582349,-27.474982],[-49.581093,-27.47497],[-49.58126,-27.474984],[-49.581308,-27.474997],[-49.581345,-27.475025],[-49.581573,-27.475028],[-49.581621,-27.475039],[-49.581651,-27.475067],[-49.581674,-27.475089],[-49.581705,-27.475146],[-49.581734,-27.4752],[-49.581742,-27.475216],[-49.581799,-27.475375],[-49.581852,-27.475522],[-49.581879,-27.47562],[-49.581891,-27.475666],[-49.58193,-27.475756],[-49.581934,-27.475774],[-49.581961,-27.475892],[-49.581959,-27.476],[-49.581966,-27.476027],[-49.581996,-27.476068],[-49.582062,-27.476082],[-49.582118,-27.476116],[-49.582153,-27.476179],[-49.582174,-27.476241],[-49.582176,-27.476336],[-49.582178,-27.476495],[-49.582179,-27.476517],[-49.582214,-27.476683],[-49.582219,-27.476707],[-49.582223,-27.476779],[-49.582223,-27.476792],[-49.5822,-27.476888],[-49.582173,-27.476958],[-49.582145,-27.477031],[-49.582138,-27.477058],[-49.582126,-27.477101],[-49.582125,-27.477112],[-49.582121,-27.477152],[-49.582115,-27.47722],[-49.582103,-27.477355],[-49.582107,-27.477368],[-49.582118,-27.47741],[-49.582185,-27.477481],[-49.582195,-27.477514],[-49.582199,-27.477559],[-49.58221,-27.477681],[-49.582209,-27.477702],[-49.582208,-27.477753],[-49.582207,-27.477775],[-49.582207,-27.47779],[-49.58221,-27.477801],[-49.582898,-27.477808],[-49.582897,-27.477797],[-49.582895,-27.477782]]],[[[-49.583468,-27.458869],[-49.583766,-27.458715],[-49.583816,-27.458683],[-49.583898,-27.458608],[-49.584001,-27.458459],[-49.584082,-27.45839],[-49.584131,-27.458358],[-49.58414,-27.458352],[-49.58416,-27.458339],[-49.584223,-27.458299],[-49.584299,-27.45825],[-49.584399,-27.458186],[-49.584492,-27.458126],[-49.584526,-27.458104],[-49.584571,-27.458073],[-49.584703,-27.45798],[-49.584707,-27.457978],[-49.584723,-27.457969],[-49.582036,-27.457942],[-49.582105,-27.457952],[-49.582107,-27.457954],[-49.58219,-27.458049],[-49.582203,-27.458081],[-49.582213,-27.458103],[-49.582253,-27.458164],[-49.582339,-27.45823],[-49.582374,-27.45828],[-49.582378,-27.458321],[-49.582361,-27.458334],[-49.58235415294118,-27.45833986890756],[-49.58235375216638,-27.458339864818022],[-49.582343,-27.458334],[-49.582276,-27.458296],[-49.582223,-27.458266],[-49.582202,-27.458295],[-49.58226,-27.458333],[-49.582269,-27.458339],[-49.58232,-27.458372],[-49.58243,-27.458443],[-49.582663,-27.458595],[-49.582783,-27.458673],[-49.582834,-27.458706],[-49.583078,-27.458865],[-49.583152,-27.458913],[-49.583162,-27.458919],[-49.5832,-27.458913],[-49.583468,-27.458869]]],[[[-49.583231,-27.456836],[-49.583228,-27.456834],[-49.58322,-27.456827],[-49.583197,-27.456808],[-49.583158,-27.456802],[-49.583144,-27.456807],[-49.58309,-27.456826],[-49.583016,-27.456832],[-49.582994,-27.456833],[-49.583231,-27.456836]]],[[[-49.582804,-27.453852],[-49.582844,-27.453855],[-49.583002,-27.453867],[-49.583093,-27.453885],[-49.583116,-27.453889],[-49.583132,-27.453901],[-49.583157,-27.453919],[-49.583168,-27.453926],[-49.583168,-27.453919],[-49.583168,-27.453901],[-49.583177,-27.45389],[-49.583181,-27.453886],[-49.583221,-27.453869],[-49.583245,-27.45386],[-49.58328,-27.453857],[-49.582804,-27.453852]]],[[[-49.583096,-27.453019],[-49.583033,-27.453042],[-49.583029,-27.453043],[-49.58317,-27.453044],[-49.583111,-27.45302],[-49.583104,-27.453017],[-49.583096,-27.453019]]],[[[-49.582677,-27.453001],[-49.582715,-27.453002],[-49.58271,-27.453],[-49.582677,-27.453001]]],[[[-49.582553094824725,-27.452984870055],[-49.582550879347444,-27.45298484706833],[-49.582345,-27.45297],[-49.582103,-27.452952],[-49.582032,-27.45294],[-49.5818,-27.452901],[-49.581788,-27.452897],[-49.581719,-27.452874],[-49.581649,-27.45286],[-49.581487,-27.452788],[-49.581408,-27.452753],[-49.581389,-27.452733],[-49.581376,-27.452718],[-49.581341,-27.452681],[-49.581318,-27.452656],[-49.581317,-27.452654],[-49.581312,-27.452637],[-49.581322,-27.452622],[-49.580171,-27.45261],[-49.580182,-27.452626],[-49.580194,-27.452642],[-49.580196,-27.452645],[-49.580224,-27.45267],[-49.580244,-27.452707],[-49.580293,-27.452722],[-49.58032,-27.452742],[-49.580369,-27.452777],[-49.58042,-27.452847],[-49.58043,-27.452861],[-49.580446,-27.452884],[-49.580452,-27.452888],[-49.580504,-27.452925],[-49.580549,-27.452937],[-49.580609,-27.452952],[-49.580638,-27.452965],[-49.580672,-27.452981],[-49.582677,-27.453001],[-49.582662,-27.452986],[-49.582626,-27.452948],[-49.582619,-27.452942],[-49.582606,-27.452939],[-49.582597,-27.452942],[-49.58258,-27.452948],[-49.582553094824725,-27.452984870055]]],[[[-49.582175,-27.458231],[-49.582188,-27.458233],[-49.582187,-27.458231],[-49.582181,-27.458223],[-49.582132,-27.458149],[-49.582051,-27.457987],[-49.582039,-27.457951],[-49.582036,-27.457942],[-49.581943,-27.457941],[-49.581949,-27.45795],[-49.581972,-27.457986],[-49.582077,-27.458148],[-49.582124,-27.458222],[-49.582175,-27.458231]]],[[[-49.582466,-27.456483],[-49.582453,-27.456476],[-49.582359,-27.456451],[-49.58226,-27.456398],[-49.582211,-27.456371],[-49.582131,-27.456306],[-49.582117,-27.456295],[-49.582051,-27.456271],[-49.581982,-27.456238],[-49.58097,-27.456227],[-49.580998,-27.45626],[-49.581017,-27.456283],[-49.581027,-27.456295],[-49.581052,-27.45636],[-49.581062,-27.456385],[-49.581092,-27.456438],[-49.581105,-27.456463],[-49.581109,-27.456469],[-49.581139,-27.456488],[-49.58112,-27.456518],[-49.581121,-27.456523],[-49.58113,-27.456549],[-49.581146,-27.456563],[-49.581163,-27.456603],[-49.581261,-27.456716],[-49.581282,-27.456767],[-49.581295,-27.456798],[-49.581302,-27.456814],[-49.581303,-27.456816],[-49.582994,-27.456833],[-49.582987,-27.456831],[-49.582924,-27.456814],[-49.582874,-27.456783],[-49.582811,-27.456732],[-49.582672,-27.456618],[-49.582623,-27.456578],[-49.582605,-27.456564],[-49.582574,-27.456538],[-49.582564,-27.456533],[-49.582503,-27.456502],[-49.582466,-27.456483]]],[[[-49.581854,-27.456232],[-49.581849,-27.456236],[-49.581982,-27.456238],[-49.581973,-27.456233],[-49.581918,-27.456207],[-49.581886,-27.456206],[-49.581886,-27.456207],[-49.581854,-27.456232]]],[[[-49.582054,-27.453742],[-49.582068,-27.453751],[-49.582073,-27.453754],[-49.582095,-27.453767],[-49.582106,-27.453754],[-49.582109,-27.453751],[-49.582146,-27.453743],[-49.582054,-27.453742]]],[[[-49.581583,-27.45271],[-49.581573,-27.452703],[-49.581489,-27.452636],[-49.581481,-27.452629],[-49.581473,-27.452623],[-49.581322,-27.452622],[-49.581329,-27.452628],[-49.581337,-27.452634],[-49.58134874025974,-27.45262812987013],[-49.581349221729496,-27.452628133037695],[-49.581359,-27.452634],[-49.581476,-27.452702],[-49.581494,-27.45271],[-49.581604,-27.452759],[-49.581633,-27.452763],[-49.581705,-27.452775],[-49.581734,-27.45278],[-49.581741,-27.452781],[-49.581754,-27.45278],[-49.581801362318835,-27.4527760531401],[-49.58180291082803,-27.452776070063695],[-49.581867,-27.452781],[-49.581888,-27.452777],[-49.58194,-27.452767],[-49.581911,-27.452762],[-49.581583,-27.45271]]],[[[-49.581813,-27.448796],[-49.581851,-27.448799],[-49.581852,-27.448796],[-49.581813,-27.448796]]],[[[-49.580825,-27.487056],[-49.58089,-27.486975],[-49.581052,-27.486822],[-49.581067,-27.486802],[-49.581195,-27.486634],[-49.581285,-27.486481],[-49.581332,-27.486421],[-49.581383,-27.486309],[-49.581397,-27.486281],[-49.581463,-27.486196],[-49.581478,-27.486177],[-49.581566,-27.486029],[-49.581576,-27.485984],[-49.581588,-27.485934],[-49.581195,-27.48593],[-49.581156,-27.48598],[-49.581133,-27.486024],[-49.581056,-27.486172],[-49.581045,-27.486192],[-49.580994,-27.486276],[-49.580976,-27.486305],[-49.580891,-27.486417],[-49.580846,-27.486477],[-49.58073,-27.486629],[-49.580602,-27.486798],[-49.580586,-27.486817],[-49.58046,-27.48697],[-49.580393,-27.487052],[-49.580391,-27.487054],[-49.580336,-27.487109],[-49.580254,-27.487191],[-49.580244,-27.487203],[-49.580195,-27.487263],[-49.580183,-27.487279],[-49.580042,-27.487408],[-49.579961,-27.487482],[-49.579869,-27.487534],[-49.579847,-27.487549],[-49.579695,-27.487655],[-49.57963,-27.487701],[-49.579577,-27.487731],[-49.579471,-27.487792],[-49.579439,-27.487819],[-49.579379,-27.487871],[-49.579321,-27.487907],[-49.579201,-27.487981],[-49.579177,-27.488],[-49.579082,-27.488075],[-49.579007,-27.488135],[-49.578955,-27.488176],[-49.57893,-27.488188],[-49.578819,-27.488245],[-49.579594,-27.488253],[-49.579669,-27.488196],[-49.579692,-27.488183],[-49.579767,-27.488142],[-49.579807,-27.488082],[-49.579889,-27.488008],[-49.579917,-27.487989],[-49.580029,-27.487914],[-49.580059,-27.487878],[-49.580101,-27.487826],[-49.580131,-27.487799],[-49.580197,-27.487738],[-49.580215,-27.487707],[-49.580242,-27.487661],[-49.580385,-27.487555],[-49.580397,-27.487539],[-49.58044,-27.487487],[-49.580499,-27.487412],[-49.580617,-27.487283],[-49.580631,-27.487267],[-49.580696,-27.487208],[-49.580704,-27.487196],[-49.580763,-27.487113],[-49.580822,-27.487059],[-49.580825,-27.487056]]],[[[-49.580573,-27.475007],[-49.580582,-27.475004],[-49.580598,-27.475],[-49.580668,-27.474982],[-49.580672,-27.474981],[-49.580812420723674,-27.474973144295177],[-49.580818229879426,-27.474973203992384],[-49.58091,-27.474979],[-49.580993,-27.474975],[-49.581093,-27.47497],[-49.578168,-27.47494],[-49.578171,-27.474946],[-49.578175,-27.474955],[-49.578175,-27.474956],[-49.578177,-27.474959],[-49.578174,-27.474969],[-49.57817,-27.474985],[-49.578166,-27.474999],[-49.578166,-27.475],[-49.57816,-27.475023],[-49.578161,-27.475025],[-49.578164,-27.475034],[-49.578175,-27.47506],[-49.578181,-27.475064],[-49.5782,-27.475078],[-49.578566,-27.475081],[-49.578585,-27.475069],[-49.578607,-27.475065],[-49.578754,-27.47504],[-49.579012,-27.475034],[-49.579026,-27.475032],[-49.579168,-27.47501],[-49.579296,-27.475011],[-49.579365578302436,-27.47499728033473],[-49.579533,-27.474999],[-49.57937484813871,-27.474997094555885],[-49.580262,-27.475006],[-49.580271,-27.47499],[-49.580286,-27.474981],[-49.580290888290186,-27.47497806702589],[-49.5802912220978,-27.474978070507238],[-49.580354,-27.474998],[-49.580368,-27.475002],[-49.580482819875776,-27.47499905590062],[-49.580485927667276,-27.47499908137432],[-49.580542,-27.475004],[-49.580573,-27.475007]]],[[[-49.582349,-27.474982],[-49.582336,-27.474971],[-49.582288,-27.474925],[-49.582276,-27.474912],[-49.582212,-27.474844],[-49.582155,-27.474782],[-49.58213,-27.474756],[-49.581976,-27.474627],[-49.581965,-27.474618],[-49.581938,-27.474596],[-49.581921,-27.474588],[-49.581898,-27.474577],[-49.581887,-27.474572],[-49.581805,-27.474554],[-49.581746,-27.474545],[-49.581645,-27.474531],[-49.581441,-27.474542],[-49.5814,-27.47455],[-49.581305,-27.474566],[-49.58128,-27.474571],[-49.581184,-27.47458],[-49.581161,-27.474588],[-49.581095,-27.474609],[-49.581039201256075,-27.4746175116728],[-49.58101978988415,-27.474617315065526],[-49.580894,-27.474612],[-49.580856,-27.474606],[-49.580715,-27.474583],[-49.580701,-27.474581],[-49.580696,-27.47458],[-49.58054,-27.474555],[-49.580501,-27.474548],[-49.580476,-27.474554],[-49.58038128728587,-27.47457669158776],[-49.58034490129706,-27.47457630908065],[-49.580126,-27.474572],[-49.580101,-27.474569],[-49.58005,-27.474563],[-49.579986,-27.474568],[-49.579954,-27.474571],[-49.579935,-27.474572],[-49.579927,-27.474573],[-49.579619,-27.474572],[-49.579270299444644,-27.474589780764862],[-49.579264184689684,-27.47458971822049],[-49.578931,-27.474538],[-49.578894,-27.474527],[-49.578815,-27.474501],[-49.578559,-27.474452],[-49.578428,-27.474412],[-49.578342,-27.474357],[-49.578317,-27.474332],[-49.578304,-27.474319],[-49.578271,-27.474256],[-49.578179,-27.474166],[-49.578176,-27.474163],[-49.578124,-27.474061],[-49.578123,-27.474058],[-49.578108,-27.473984],[-49.578068,-27.473955],[-49.578045,-27.473921],[-49.578015,-27.473847],[-49.577957,-27.473706],[-49.577934,-27.473625],[-49.577924,-27.473589],[-49.577885,-27.473517],[-49.57787,-27.473476],[-49.577838,-27.473385],[-49.577829,-27.473358],[-49.577807,-27.473222],[-49.5778,-27.473177],[-49.577823,-27.473121],[-49.577867,-27.473069],[-49.57787,-27.473056],[-49.577857,-27.473034],[-49.577853,-27.473027],[-49.577792,-27.472998],[-49.577772,-27.472972],[-49.577775,-27.472897],[-49.577775,-27.472884],[-49.577772,-27.472868],[-49.57777,-27.472856],[-49.577766,-27.472832],[-49.577759,-27.472795],[-49.57776,-27.472793],[-49.577772,-27.472757],[-49.577779,-27.472738],[-49.577776,-27.472725],[-49.577764,-27.472738],[-49.577744,-27.472757],[-49.577724,-27.472792],[-49.577723,-27.472795],[-49.577714,-27.472832],[-49.577689,-27.472855],[-49.5776553532961,-27.47286687530726],[-49.577653582317055,-27.472866858231704],[-49.577615,-27.472863],[-49.577598,-27.472853],[-49.577552,-27.472756],[-49.577538,-27.472709],[-49.577529,-27.472678],[-49.577525,-27.47267],[-49.577495,-27.472603],[-49.577466,-27.472555],[-49.577453,-27.472533],[-49.577393,-27.47246],[-49.577367,-27.472401],[-49.577284,-27.472215],[-49.577267,-27.472165],[-49.577247,-27.472106],[-49.577243,-27.472052],[-49.577244,-27.472048],[-49.577254,-27.471998],[-49.577293,-27.471948],[-49.57729,-27.47192],[-49.57728,-27.471906],[-49.577201,-27.471854],[-49.57716,-27.471773],[-49.577136,-27.471726],[-49.577149,-27.471694],[-49.577182,-27.471669],[-49.577306,-27.471659],[-49.577293,-27.47163],[-49.577277,-27.471604],[-49.57722,-27.47155],[-49.577166,-27.471483],[-49.577056,-27.471373],[-49.577,-27.471292],[-49.576944,-27.471237],[-49.576826,-27.47112],[-49.576725,-27.471045],[-49.576688,-27.471018],[-49.576587,-27.470885],[-49.576586,-27.470881],[-49.57647,-27.470582],[-49.576393,-27.470446],[-49.576351,-27.470337],[-49.576347,-27.470316],[-49.57634,-27.470283],[-49.576339,-27.470279],[-49.576286,-27.470161],[-49.576278,-27.47012],[-49.576248,-27.470045],[-49.576226,-27.469988],[-49.576195,-27.469867],[-49.576193,-27.469848],[-49.576188,-27.469794],[-49.576198,-27.46974],[-49.576196,-27.469699],[-49.57624,-27.469639],[-49.576246,-27.469588],[-49.576255,-27.469518],[-49.576286,-27.469396],[-49.576299,-27.469362],[-49.576305,-27.469351],[-49.576363,-27.469254],[-49.576404,-27.46922],[-49.576438,-27.469218],[-49.575694,-27.46921],[-49.575695,-27.469213],[-49.575704,-27.469247],[-49.575729,-27.469345],[-49.575729,-27.469356],[-49.575727,-27.46939],[-49.57572,-27.469512],[-49.575717,-27.469582],[-49.575724,-27.469634],[-49.575733,-27.469694],[-49.575739,-27.469735],[-49.575747,-27.469789],[-49.575754,-27.469844],[-49.575759,-27.469863],[-49.575786,-27.469984],[-49.575799,-27.47004],[-49.575832,-27.470115],[-49.57585,-27.470156],[-49.575903,-27.470274],[-49.575905,-27.470278],[-49.575928,-27.470312],[-49.575935,-27.470333],[-49.575973,-27.470442],[-49.57602,-27.470578],[-49.576123,-27.470876],[-49.576125,-27.47088],[-49.576202,-27.471013],[-49.576218,-27.47104],[-49.576248,-27.471114],[-49.576295,-27.47123],[-49.576322,-27.471285],[-49.576364,-27.471366],[-49.576418,-27.471475],[-49.576452,-27.471542],[-49.576479,-27.471596],[-49.576492,-27.471622],[-49.576507,-27.471651],[-49.576513,-27.471662],[-49.576525,-27.471687],[-49.576542,-27.47172],[-49.576565,-27.471767],[-49.576591,-27.471848],[-49.576607,-27.471899],[-49.576611,-27.471913],[-49.57662,-27.471941],[-49.576635,-27.471992],[-49.576651,-27.472042],[-49.576654,-27.472046],[-49.576691,-27.472101],[-49.576731,-27.47216],[-49.576758,-27.47221],[-49.576858,-27.472396],[-49.576879,-27.472455],[-49.576906,-27.472528],[-49.576914,-27.472549],[-49.576939,-27.472597],[-49.576973,-27.472664],[-49.576974,-27.472672],[-49.576979,-27.472704],[-49.576999,-27.47275],[-49.57704,-27.472847],[-49.577044,-27.472857],[-49.577046,-27.472861],[-49.577052,-27.472877],[-49.577058,-27.47289],[-49.577102,-27.472965],[-49.577118,-27.472991],[-49.577135,-27.473019],[-49.577139,-27.473027],[-49.577149,-27.473048],[-49.577155,-27.473062],[-49.577179,-27.473114],[-49.577205,-27.473171],[-49.577226,-27.473217],[-49.577336,-27.473353],[-49.577359,-27.47338],[-49.577399,-27.473471],[-49.577426,-27.473513],[-49.577471,-27.473584],[-49.577494,-27.47362],[-49.577525,-27.473701],[-49.577581,-27.473843],[-49.5776,-27.473917],[-49.577608,-27.47395],[-49.577616,-27.473979],[-49.577635,-27.474053],[-49.577636,-27.474056],[-49.577674,-27.474158],[-49.577675,-27.47416],[-49.577737,-27.47425],[-49.57778,-27.474314],[-49.577789,-27.474327],[-49.577803,-27.474352],[-49.577834,-27.474406],[-49.577856,-27.474445],[-49.577882,-27.474492],[-49.577896,-27.474516],[-49.577901,-27.474528],[-49.577923,-27.474576],[-49.577926,-27.474582],[-49.577928,-27.474586],[-49.577986,-27.474714],[-49.577998,-27.47474],[-49.578044,-27.474801],[-49.578122,-27.47487],[-49.578131,-27.474883],[-49.578162,-27.474928],[-49.578168,-27.47494],[-49.582349,-27.474982]]],[[[-49.581484,-27.455853],[-49.581465,-27.455834],[-49.581425,-27.455793],[-49.58141,-27.455778],[-49.581397,-27.455765],[-49.581391,-27.455759],[-49.581389,-27.455757],[-49.579919,-27.455742],[-49.57995,-27.455744],[-49.580034,-27.455751],[-49.580109,-27.455765],[-49.580154,-27.45578],[-49.580215,-27.455821],[-49.580314,-27.455841],[-49.580363,-27.455877],[-49.580366,-27.455879],[-49.580479,-27.455894],[-49.580564,-27.45592],[-49.580616,-27.455948],[-49.580712,-27.455999],[-49.58078,-27.456048],[-49.580935,-27.456185],[-49.580955,-27.456209],[-49.58096,-27.456215],[-49.580966,-27.456223],[-49.58097,-27.456227],[-49.581849,-27.456236],[-49.581844,-27.456232],[-49.581835,-27.456224],[-49.581798,-27.456217],[-49.581778,-27.456194],[-49.581657,-27.456057],[-49.581615,-27.456009],[-49.581569,-27.455957],[-49.581549,-27.45593],[-49.581531,-27.455905],[-49.58152,-27.455891],[-49.581519,-27.455889],[-49.581484,-27.455853]]],[[[-49.581381,-27.455751],[-49.581355,-27.455737],[-49.581309,-27.455712],[-49.581219,-27.455686],[-49.581117,-27.455655],[-49.581114946212644,-27.45565497947997],[-49.580942,-27.455589],[-49.58091,-27.455567],[-49.580865,-27.455535],[-49.580835,-27.4555],[-49.580774,-27.455431],[-49.580697,-27.455387],[-49.580671,-27.455372],[-49.580464,-27.455312],[-49.580457,-27.45531],[-49.580367,-27.455291],[-49.579996,-27.45527],[-49.579888,-27.455263],[-49.579706,-27.455267],[-49.579571,-27.455282],[-49.579424,-27.4553],[-49.579418,-27.455301],[-49.579187,-27.455357],[-49.579128,-27.455371],[-49.579051,-27.455414],[-49.578933,-27.455481],[-49.578909,-27.455515],[-49.578888,-27.455546],[-49.578869,-27.455568],[-49.578815,-27.455631],[-49.578815,-27.455632],[-49.578804,-27.455661],[-49.578779,-27.455686],[-49.578756,-27.45571],[-49.578748,-27.455724],[-49.578743,-27.455732],[-49.578723,-27.455766],[-49.57869,-27.45582],[-49.578687,-27.455835],[-49.578685,-27.455848],[-49.578681,-27.455871],[-49.578675,-27.45591],[-49.578646,-27.455982],[-49.578621,-27.456042],[-49.578612,-27.456054],[-49.578561,-27.456119],[-49.578476,-27.456169],[-49.578446,-27.456187],[-49.578296,-27.456357],[-49.578247,-27.456392],[-49.578244,-27.456394],[-49.579173,-27.456404],[-49.579174,-27.456402],[-49.579189,-27.456366],[-49.579259,-27.456196],[-49.579267,-27.456177],[-49.5793,-27.456127],[-49.579342,-27.456061],[-49.579348,-27.456049],[-49.579375,-27.455989],[-49.579444,-27.455918],[-49.579482,-27.45588],[-49.579546,-27.455857],[-49.579563,-27.455844],[-49.579577,-27.455829],[-49.579621,-27.455775],[-49.579709,-27.455742],[-49.57975863699483,-27.455734363539257],[-49.579764226573246,-27.45573442085738],[-49.579784,-27.455737],[-49.579822,-27.455741],[-49.581389,-27.455757],[-49.581385,-27.455753],[-49.581381,-27.455751]]],[[[-49.581723,-27.453687],[-49.581821,-27.453678],[-49.581633,-27.453676],[-49.581655,-27.453687],[-49.581699,-27.45369],[-49.581723,-27.453687]]],[[[-49.581437,-27.452594],[-49.580992,-27.452241],[-49.580756,-27.452054],[-49.580659,-27.451976],[-49.580644,-27.451954],[-49.58054,-27.451795],[-49.580439,-27.45164],[-49.580393,-27.451555],[-49.580384,-27.451504],[-49.580367,-27.451409],[-49.580302,-27.4513],[-49.58029,-27.451268],[-49.580267,-27.451205],[-49.58025,-27.451035],[-49.580263,-27.450884],[-49.580258,-27.450823],[-49.580254,-27.45078],[-49.580259,-27.450754],[-49.580269,-27.450694],[-49.58029,-27.450562],[-49.580296,-27.450466],[-49.58031,-27.450266],[-49.580361,-27.450135],[-49.580382,-27.450083],[-49.580412,-27.450027],[-49.580533,-27.449876],[-49.580593,-27.4498],[-49.580649,-27.449713],[-49.580663,-27.449697],[-49.580741,-27.449609],[-49.58077,-27.44958],[-49.580855,-27.449496],[-49.580895,-27.449465],[-49.580961,-27.449414],[-49.581104,-27.449318],[-49.581179,-27.449239],[-49.581258,-27.449189],[-49.581326,-27.449131],[-49.581396,-27.449094],[-49.581417,-27.449082],[-49.581516,-27.448997],[-49.58157,-27.448972],[-49.581618,-27.44893],[-49.581691,-27.44889],[-49.581777,-27.44881],[-49.581795,-27.448803],[-49.581813,-27.448796],[-49.58095,-27.448787],[-49.580941,-27.448794],[-49.580933,-27.448801],[-49.58084,-27.448881],[-49.580794,-27.448921],[-49.580746,-27.448963],[-49.580716,-27.448989],[-49.580618,-27.449074],[-49.580605,-27.449086],[-49.580568,-27.449123],[-49.58051,-27.449181],[-49.58046,-27.449232],[-49.580383,-27.44931],[-49.580287,-27.449407],[-49.580237,-27.449458],[-49.580209,-27.449489],[-49.580134,-27.449574],[-49.580116,-27.449602],[-49.58006,-27.449691],[-49.580051,-27.449707],[-49.580005,-27.449794],[-49.579966,-27.44987],[-49.579901,-27.450022],[-49.579878,-27.450078],[-49.579855,-27.45013],[-49.579816,-27.450261],[-49.579756,-27.45046],[-49.579741,-27.450556],[-49.579721,-27.450688],[-49.579725,-27.450748],[-49.57972,-27.450775],[-49.579713,-27.450818],[-49.57971,-27.450878],[-49.579702,-27.451029],[-49.579694,-27.451199],[-49.57969,-27.451262],[-49.57969,-27.451294],[-49.57969,-27.451402],[-49.57969,-27.451497],[-49.579696,-27.451547],[-49.579706,-27.451633],[-49.579724,-27.451787],[-49.579778,-27.451945],[-49.579793,-27.451968],[-49.579843,-27.452044],[-49.579927,-27.45223],[-49.580151,-27.452581],[-49.580171,-27.45261],[-49.581473,-27.452623],[-49.581437,-27.452594]]],[[[-49.58095,-27.448787],[-49.581852,-27.448796],[-49.58186,-27.448763],[-49.581875,-27.448742],[-49.581945,-27.448679],[-49.58203,-27.448623],[-49.581164,-27.448615],[-49.581095,-27.44867],[-49.581016,-27.448734],[-49.580991,-27.448754],[-49.58095,-27.448787]]],[[[-49.579182,-27.488424],[-49.579289,-27.488342],[-49.579343,-27.488301],[-49.579378,-27.488264],[-49.579419,-27.488252],[-49.578819,-27.488245],[-49.578793,-27.488258],[-49.578724,-27.488294],[-49.578644,-27.488335],[-49.578542,-27.488418],[-49.578451,-27.488491],[-49.578425,-27.488513],[-49.578394,-27.488533],[-49.578312,-27.488586],[-49.578305,-27.488593],[-49.578228,-27.488662],[-49.578224,-27.488664],[-49.57816,-27.488701],[-49.578099,-27.488736],[-49.578089,-27.48874],[-49.577939,-27.488806],[-49.577924,-27.488812],[-49.577839,-27.488821],[-49.578619,-27.488829],[-49.578633,-27.488819],[-49.578643,-27.488813],[-49.57872,-27.488747],[-49.578728,-27.488742],[-49.578787,-27.488707],[-49.57882,-27.48867],[-49.578824,-27.488668],[-49.57896,-27.4886],[-49.578968,-27.488593],[-49.579036,-27.48854],[-49.579053,-27.488519],[-49.57907,-27.488498],[-49.579182,-27.488424]]],[[[-49.579568,-27.488273],[-49.579594,-27.488253],[-49.579419,-27.488252],[-49.579512,-27.488272],[-49.579529,-27.488276],[-49.579568,-27.488273]]],[[[-49.57831980813955,-27.475284017441858],[-49.578317,-27.475284],[-49.57827,-27.475305],[-49.57847281818181,-27.475285498251747],[-49.578629,-27.475287],[-49.578644,-27.475283],[-49.578695,-27.47527],[-49.578686,-27.475254],[-49.578668,-27.475222],[-49.57866,-27.475217],[-49.578592,-27.475169],[-49.578581,-27.475153],[-49.578541,-27.475099],[-49.578566,-27.475081],[-49.578303,-27.475079],[-49.578322,-27.475097],[-49.57838,-27.475151],[-49.57838,-27.475167],[-49.578381,-27.475214],[-49.578379,-27.47522],[-49.578366,-27.475251],[-49.578344,-27.475267],[-49.578326,-27.47528],[-49.578318,-27.475284],[-49.57831980813955,-27.475284017441858]]],[[[-49.580251,-27.475026],[-49.580252,-27.475025],[-49.580262,-27.475006],[-49.579533,-27.474999],[-49.579619,-27.475019],[-49.579641,-27.475024],[-49.579664,-27.475029],[-49.57969507729469,-27.475024560386473],[-49.57971115040282,-27.47502472694718],[-49.579816,-27.475031],[-49.579834,-27.475026],[-49.5798512740605,-27.475021201649863],[-49.57985286699507,-27.475021216748768],[-49.579856,-27.475022],[-49.579893,-27.475032],[-49.579936,-27.475044],[-49.579987,-27.475058],[-49.580067,-27.475062],[-49.580115,-27.475084],[-49.580122,-27.475088],[-49.58013,-27.475084],[-49.580177,-27.475063],[-49.580183,-27.47506],[-49.580211,-27.475047],[-49.580253,-27.475036],[-49.580251,-27.475026]]],[[[-49.578073,-27.45974],[-49.578085,-27.459812],[-49.578081,-27.459844],[-49.578037,-27.459955],[-49.578026,-27.46001],[-49.578025,-27.460014],[-49.578002,-27.460064],[-49.577981,-27.460141],[-49.577952,-27.460249],[-49.577917,-27.460307],[-49.577932,-27.460367],[-49.577942,-27.460466],[-49.577934,-27.460525],[-49.57793,-27.460559],[-49.577906,-27.460645],[-49.577945,-27.460713],[-49.577955,-27.460749],[-49.577931,-27.460871],[-49.577911,-27.460913],[-49.577891,-27.460956],[-49.577868,-27.461041],[-49.577806,-27.461136],[-49.577785,-27.461178],[-49.577758,-27.461234],[-49.577749,-27.461253],[-49.57773,-27.46133],[-49.577722,-27.461365],[-49.577703,-27.461411],[-49.577635,-27.461495],[-49.577614,-27.461522],[-49.577539,-27.461576],[-49.577525,-27.461593],[-49.577454,-27.461683],[-49.577443,-27.46171],[-49.577436,-27.461785],[-49.577386,-27.461881],[-49.577183,-27.462168],[-49.57698,-27.462538],[-49.576934,-27.462688],[-49.576916,-27.462776],[-49.576898,-27.462862],[-49.576891,-27.462896],[-49.576867,-27.462967],[-49.576835,-27.463061],[-49.576802,-27.463155],[-49.576789,-27.463193],[-49.57677,-27.463243],[-49.576747,-27.463301],[-49.576735,-27.463331],[-49.576716,-27.463379],[-49.57658,-27.463725],[-49.576457,-27.463971],[-49.576431,-27.464074],[-49.576411,-27.464209],[-49.576404,-27.464407],[-49.5764,-27.464436],[-49.576395,-27.464461],[-49.576397,-27.464467],[-49.576417,-27.464566],[-49.576415,-27.464651],[-49.576415,-27.464669],[-49.576411,-27.464709],[-49.576409,-27.464732],[-49.57639,-27.464781],[-49.576384,-27.464813],[-49.57638,-27.46484],[-49.576365,-27.464922],[-49.576371,-27.464957],[-49.576374,-27.464976],[-49.576386,-27.465007],[-49.576393,-27.465025],[-49.576475,-27.465112],[-49.57649,-27.465148],[-49.576496,-27.465356],[-49.576493,-27.465375],[-49.576447,-27.465622],[-49.576399,-27.465703],[-49.576348,-27.465788],[-49.576359,-27.465818],[-49.576395,-27.465858],[-49.576396,-27.465862],[-49.576399,-27.465881],[-49.576396,-27.465892],[-49.576391,-27.465908],[-49.576391,-27.465909],[-49.576358,-27.466013],[-49.576351,-27.466047],[-49.576349,-27.466059],[-49.577074,-27.466067],[-49.577099,-27.466054],[-49.577105,-27.466021],[-49.577126,-27.465916],[-49.577129,-27.4659],[-49.577126,-27.4659],[-49.57708407312826,-27.465915600696462],[-49.57707160240965,-27.465915481927713],[-49.577061,-27.465915],[-49.577029,-27.465899],[-49.577026,-27.465887],[-49.577022,-27.465869],[-49.577022,-27.465865],[-49.57703,-27.465825],[-49.577036,-27.465795],[-49.577052,-27.46571],[-49.577059,-27.465629],[-49.577081,-27.465381],[-49.577085,-27.465362],[-49.577124,-27.465154],[-49.57713,-27.465119],[-49.577146,-27.465033],[-49.57715,-27.465015],[-49.577165,-27.464984],[-49.577174,-27.464965],[-49.577202,-27.46493],[-49.577265,-27.464849],[-49.577274,-27.464822],[-49.577276,-27.46479],[-49.577278,-27.464741],[-49.577279,-27.464718],[-49.577289,-27.464678],[-49.577293,-27.46466],[-49.577336,-27.464575],[-49.577386,-27.464477],[-49.577391,-27.464472],[-49.577416,-27.464446],[-49.577417,-27.464418],[-49.577426,-27.46422],[-49.577433,-27.464084],[-49.577438,-27.463981],[-49.577449,-27.463734],[-49.577466,-27.463387],[-49.577443,-27.463338],[-49.577449,-27.463308],[-49.577441,-27.46325],[-49.577448,-27.463199],[-49.57747,-27.463162],[-49.577552,-27.463068],[-49.577587,-27.462974],[-49.577632,-27.462904],[-49.577654,-27.46287],[-49.577726,-27.462784],[-49.577768,-27.462697],[-49.57784,-27.462547],[-49.578019,-27.462176],[-49.578157,-27.461888],[-49.578204,-27.461793],[-49.578239,-27.461718],[-49.578252,-27.461691],[-49.578296,-27.461601],[-49.578303,-27.461583],[-49.578326,-27.461529],[-49.578336,-27.461503],[-49.57836,-27.461418],[-49.578373,-27.461372],[-49.578383,-27.461337],[-49.578393,-27.461259],[-49.578395,-27.461241],[-49.578411,-27.461184],[-49.57843,-27.461143],[-49.578474,-27.461047],[-49.578513,-27.460963],[-49.578532,-27.46092],[-49.578546,-27.460877],[-49.578586,-27.460755],[-49.578598,-27.46072],[-49.57862,-27.460653],[-49.578648,-27.460567],[-49.57866,-27.460532],[-49.578682,-27.460473],[-49.57872,-27.460375],[-49.578743,-27.460315],[-49.578766,-27.460257],[-49.578807,-27.460149],[-49.578829,-27.460072],[-49.578843,-27.460022],[-49.578844,-27.460018],[-49.578849,-27.459963],[-49.578858,-27.459852],[-49.57886,-27.45982],[-49.578866,-27.459748],[-49.578872,-27.459667],[-49.578875,-27.45963],[-49.578889,-27.459586],[-49.578939,-27.459424],[-49.578975,-27.459307],[-49.578993,-27.459189],[-49.578993,-27.459167],[-49.578994,-27.459125],[-49.578996,-27.459045],[-49.579005,-27.458951],[-49.579013,-27.45887],[-49.579013,-27.458854],[-49.579014,-27.458775],[-49.579015,-27.458712],[-49.579021,-27.458669],[-49.579038,-27.458552],[-49.57904,-27.458477],[-49.579044,-27.458371],[-49.579024,-27.458206],[-49.579003,-27.458111],[-49.578998,-27.458025],[-49.578998,-27.458017],[-49.579013,-27.4578],[-49.579033,-27.457509],[-49.579037,-27.457475],[-49.579044,-27.457421],[-49.579077,-27.457336],[-49.579052,-27.457112],[-49.579048,-27.457073],[-49.579048,-27.457069],[-49.579049,-27.45705],[-49.579057,-27.456973],[-49.57906,-27.456941],[-49.579066,-27.45688],[-49.577219,-27.456862],[-49.577108,-27.456921],[-49.577091,-27.456953],[-49.577101,-27.45703],[-49.577102,-27.45704],[-49.577104,-27.457056],[-49.577105,-27.457064],[-49.577049,-27.457181],[-49.577016,-27.457218],[-49.576986,-27.457252],[-49.576917,-27.457293],[-49.576914,-27.457295],[-49.576861,-27.457346],[-49.576876,-27.457361],[-49.57688,-27.457365],[-49.57688392319054,-27.457361076809455],[-49.57688471840715,-27.45736108451849],[-49.576901,-27.457363],[-49.576952,-27.457384],[-49.576963,-27.457393],[-49.576994,-27.457417],[-49.577033,-27.457447],[-49.577092,-27.457493],[-49.577147,-27.457526],[-49.577233,-27.457557],[-49.577367,-27.457623],[-49.577378,-27.457629],[-49.577424,-27.457671],[-49.577443,-27.457716],[-49.577457,-27.457749],[-49.577314,-27.457772],[-49.577242,-27.457809],[-49.577181,-27.45784],[-49.577158,-27.457862],[-49.577148,-27.457882],[-49.577144,-27.457889],[-49.577135,-27.457915],[-49.577118,-27.45796],[-49.577115,-27.45797],[-49.577117,-27.457984],[-49.577081,-27.457989],[-49.57703,-27.457995],[-49.577013,-27.458004],[-49.57698,-27.458042],[-49.576948,-27.45808],[-49.576946,-27.458086],[-49.576942,-27.4581],[-49.576939,-27.458111],[-49.576928,-27.458146],[-49.576913,-27.458198],[-49.576893,-27.458211],[-49.576818,-27.458262],[-49.576806,-27.45827],[-49.576743,-27.458277],[-49.576726,-27.458315],[-49.576721,-27.458326],[-49.577636,-27.458336],[-49.577637,-27.458324],[-49.577639,-27.458286],[-49.577639,-27.458279],[-49.577639,-27.45827],[-49.57762,-27.458219],[-49.577612,-27.458205],[-49.577582,-27.458153],[-49.577579,-27.458117],[-49.577605,-27.458107],[-49.577687,-27.458093],[-49.577699,-27.458088],[-49.577788,-27.458051],[-49.578032,-27.458014],[-49.578089,-27.458005],[-49.578129,-27.457999],[-49.578141,-27.457995],[-49.578175,-27.457981],[-49.578199,-27.457971],[-49.578249,-27.457927],[-49.578267,-27.4579],[-49.578271,-27.457894],[-49.578276,-27.457873],[-49.578282,-27.457852],[-49.578289,-27.457819],[-49.578288,-27.457782],[-49.578288,-27.457757],[-49.578287,-27.457724],[-49.578261,-27.45768],[-49.578236,-27.457638],[-49.578232,-27.457632],[-49.578178,-27.457566],[-49.578154,-27.457536],[-49.578127,-27.457504],[-49.57809,-27.457458],[-49.578103,-27.457428],[-49.57818,-27.457405],[-49.578191,-27.457396],[-49.578215,-27.457376],[-49.578217,-27.457374],[-49.578234,-27.45736],[-49.578295,-27.457309],[-49.578296,-27.457307],[-49.578312,-27.457265],[-49.578325,-27.457232],[-49.578335,-27.457194],[-49.578366,-27.457077],[-49.578369,-27.457069],[-49.578382,-27.457053],[-49.578403187148595,-27.45704336947791],[-49.57840426033957,-27.457043380496295],[-49.578417,-27.457062],[-49.57842,-27.457066],[-49.578425,-27.457105],[-49.5784,-27.457329],[-49.578399,-27.457414],[-49.578398,-27.457468],[-49.5784,-27.457502],[-49.578416,-27.457794],[-49.578442,-27.458012],[-49.578443,-27.458019],[-49.578439,-27.458105],[-49.578434,-27.4582],[-49.578427,-27.458365],[-49.578422,-27.458471],[-49.578402,-27.458546],[-49.578371,-27.458662],[-49.578365,-27.458705],[-49.578357,-27.458768],[-49.578322,-27.458847],[-49.57832,-27.458863],[-49.578312,-27.458943],[-49.578267,-27.459038],[-49.578228,-27.459117],[-49.578216,-27.459159],[-49.578215,-27.459181],[-49.57821,-27.459299],[-49.578204,-27.459416],[-49.578123,-27.459578],[-49.578113,-27.459622],[-49.578104,-27.459659],[-49.578073,-27.45974]],[[-49.57835655139627,-27.457042890671417],[-49.57835655139649,-27.45704289067142],[-49.577102,-27.45704],[-49.57835655139627,-27.457042890671417]]],[[[-49.579822,-27.455741],[-49.579845,-27.455743],[-49.579919,-27.455742],[-49.579822,-27.455741]]],[[[-49.578362,-27.488988],[-49.578383,-27.488977],[-49.578484,-27.488921],[-49.578485,-27.48892],[-49.578528,-27.488891],[-49.577574,-27.488881],[-49.577616,-27.488911],[-49.577617,-27.488912],[-49.577668,-27.488969],[-49.577668,-27.488981],[-49.577669,-27.488993],[-49.577643,-27.489035],[-49.577591,-27.489089],[-49.57758,-27.489108],[-49.577526,-27.489196],[-49.577507,-27.489227],[-49.577465,-27.489277],[-49.577445,-27.489354],[-49.577365,-27.489547],[-49.577334,-27.489621],[-49.577314,-27.489654],[-49.577258,-27.489742],[-49.577235,-27.48978],[-49.577227,-27.489793],[-49.577212,-27.489816],[-49.577186,-27.489843],[-49.577146,-27.489884],[-49.577142,-27.489908],[-49.577136,-27.489944],[-49.577122,-27.489974],[-49.577104,-27.490017],[-49.57709,-27.49005],[-49.577075,-27.490085],[-49.577057,-27.490106],[-49.577033,-27.490135],[-49.576999,-27.490198],[-49.576958,-27.490274],[-49.576884,-27.490363],[-49.576845,-27.49041],[-49.576826,-27.490433],[-49.576822,-27.490438],[-49.576785,-27.490495],[-49.576703,-27.490676],[-49.576695,-27.490691],[-49.576659,-27.490754],[-49.576642,-27.490839],[-49.576629,-27.490947],[-49.576631,-27.491028],[-49.576633,-27.49111],[-49.576601,-27.491326],[-49.576595,-27.491367],[-49.576622,-27.491543],[-49.576628,-27.491583],[-49.576664,-27.4917],[-49.576666,-27.491706],[-49.576672,-27.49176],[-49.576693,-27.491818],[-49.576711,-27.491923],[-49.576718,-27.491946],[-49.57674,-27.492024],[-49.576742,-27.492062],[-49.576748,-27.49214],[-49.57675,-27.492174],[-49.576775,-27.492299],[-49.576775,-27.492311],[-49.576787,-27.492492],[-49.576796,-27.492638],[-49.576795,-27.492655],[-49.57679,-27.492754],[-49.576775,-27.492817],[-49.576779,-27.492844],[-49.576781,-27.492859],[-49.576774,-27.492912],[-49.576743,-27.492973],[-49.576739,-27.492979],[-49.576713,-27.493056],[-49.576676,-27.493168],[-49.576672,-27.493178],[-49.576602,-27.493297],[-49.576597,-27.493303],[-49.576544,-27.49336],[-49.576512,-27.49341],[-49.576441,-27.493518],[-49.57641,-27.493572],[-49.576312,-27.493739],[-49.576288,-27.493781],[-49.576276,-27.493801],[-49.57626,-27.493829],[-49.576214,-27.493907],[-49.576183,-27.493948],[-49.576165,-27.493971],[-49.576139,-27.494033],[-49.576096,-27.494092],[-49.576079,-27.494134],[-49.576073,-27.494149],[-49.575981,-27.49425],[-49.57598,-27.494251],[-49.575936,-27.494333],[-49.575876,-27.494406],[-49.575869,-27.494431],[-49.575845,-27.494459],[-49.575799,-27.494513],[-49.575754,-27.494567],[-49.575752,-27.494569],[-49.575699,-27.494648],[-49.575678,-27.494677],[-49.575635,-27.494728],[-49.575465,-27.494928],[-49.575431,-27.494961],[-49.575345,-27.495046],[-49.57532,-27.495071],[-49.575149,-27.495178],[-49.575098,-27.49521],[-49.575015,-27.495267],[-49.574944,-27.495317],[-49.57491,-27.495328],[-49.574875,-27.49533],[-49.575551,-27.495337],[-49.575552,-27.495335],[-49.575559,-27.495323],[-49.575588,-27.495273],[-49.575631,-27.495215],[-49.575656,-27.495183],[-49.575725,-27.495075],[-49.575741,-27.49505],[-49.575824,-27.494965],[-49.57585,-27.494932],[-49.576005,-27.494732],[-49.576052,-27.494681],[-49.57608,-27.494651],[-49.576135,-27.494573],[-49.576136,-27.494571],[-49.576188,-27.494517],[-49.576215,-27.494463],[-49.576236,-27.494435],[-49.576254,-27.49441],[-49.576307,-27.494336],[-49.576366,-27.494255],[-49.576367,-27.494254],[-49.576462,-27.494153],[-49.576477,-27.494138],[-49.576493,-27.494096],[-49.576515,-27.494037],[-49.576546,-27.493975],[-49.576557,-27.493952],[-49.57659,-27.493911],[-49.576651,-27.493833],[-49.576668,-27.493805],[-49.576666,-27.493785],[-49.576679,-27.493743],[-49.576795,-27.493576],[-49.576827,-27.493522],[-49.576891,-27.493414],[-49.576912,-27.493364],[-49.576937,-27.493306],[-49.57694,-27.493301],[-49.577004,-27.493182],[-49.57701,-27.493172],[-49.577035,-27.49306],[-49.577076,-27.492983],[-49.57708,-27.492976],[-49.577094,-27.492915],[-49.577107,-27.492862],[-49.577111,-27.492848],[-49.577111,-27.492821],[-49.577112,-27.492757],[-49.577113,-27.492658],[-49.577116,-27.492641],[-49.577139,-27.492496],[-49.577136,-27.492315],[-49.577132,-27.492302],[-49.577092,-27.492177],[-49.577081,-27.492143],[-49.577092,-27.492065],[-49.577089,-27.492027],[-49.577082,-27.49195],[-49.577076,-27.491927],[-49.577051,-27.491822],[-49.577037,-27.491764],[-49.577024,-27.491709],[-49.577022,-27.491704],[-49.577014,-27.491586],[-49.577012,-27.491547],[-49.576975,-27.491371],[-49.576967,-27.49133],[-49.576958,-27.491113],[-49.576954,-27.491032],[-49.576971,-27.490951],[-49.576992,-27.490843],[-49.577009,-27.490757],[-49.577022,-27.490694],[-49.57703,-27.49068],[-49.577133,-27.490499],[-49.577165,-27.490442],[-49.577169,-27.490437],[-49.577188,-27.490414],[-49.577252,-27.490367],[-49.577337,-27.490277],[-49.577409,-27.490202],[-49.577449,-27.490139],[-49.577468,-27.490111],[-49.577489,-27.490089],[-49.577523,-27.490054],[-49.57754,-27.490021],[-49.577542,-27.489979],[-49.577568,-27.489948],[-49.5776,-27.489913],[-49.577608,-27.489888],[-49.577623,-27.489847],[-49.577627,-27.48982],[-49.57763,-27.489797],[-49.577674,-27.489784],[-49.577718,-27.489747],[-49.577774,-27.489659],[-49.577786,-27.489626],[-49.577815,-27.489551],[-49.577964,-27.489359],[-49.578024,-27.489283],[-49.578062,-27.489233],[-49.578086,-27.489202],[-49.578209,-27.489114],[-49.57823,-27.489095],[-49.578289,-27.489042],[-49.578346,-27.489],[-49.578362,-27.488988]]],[[[-49.577487,-27.48888],[-49.578528,-27.488891],[-49.578619,-27.488829],[-49.577531,-27.488818],[-49.577487,-27.48888]]],[[[-49.577647,-27.488788],[-49.577618,-27.488764],[-49.577577,-27.48873],[-49.577567,-27.488722],[-49.577568,-27.48873],[-49.577571,-27.488763],[-49.577554,-27.488787],[-49.577539,-27.488808],[-49.577531,-27.488818],[-49.577839,-27.488821],[-49.577777,-27.48881],[-49.577647,-27.488788]]],[[[-49.5782,-27.475078],[-49.578207,-27.475083],[-49.578303,-27.475079],[-49.5782,-27.475078]]],[[[-49.579129,-27.456582],[-49.579154,-27.456528],[-49.57916,-27.456515],[-49.579172,-27.456407],[-49.579173,-27.456404],[-49.577465,-27.456386],[-49.577465,-27.456389],[-49.577471,-27.456498],[-49.577471,-27.456511],[-49.577443,-27.456565],[-49.57743,-27.456589],[-49.577449,-27.456665],[-49.577461,-27.456709],[-49.57745,-27.456775],[-49.577464,-27.456836],[-49.57746,-27.456844],[-49.577459,-27.456848],[-49.577441,-27.45686],[-49.577435,-27.456864],[-49.579066,-27.45688],[-49.579066,-27.456876],[-49.579067,-27.456864],[-49.579068,-27.456861],[-49.579069,-27.456852],[-49.57908,-27.456792],[-49.579092,-27.456726],[-49.5791,-27.456682],[-49.579122,-27.456606],[-49.579129,-27.456582]]],[[[-49.577465,-27.456384],[-49.577465,-27.456386],[-49.578244,-27.456394],[-49.578238,-27.456392],[-49.578207,-27.456383],[-49.578197,-27.456372],[-49.577469,-27.456364],[-49.577467,-27.456375],[-49.577465,-27.456384]]],[[[-49.577812,-27.456152],[-49.57781093877551,-27.456151989795917],[-49.577751,-27.456142],[-49.577725,-27.456142],[-49.577708,-27.45615],[-49.577708,-27.456151],[-49.577679,-27.456189],[-49.577671,-27.4562],[-49.577652,-27.456226],[-49.577653,-27.456233],[-49.577655,-27.456242],[-49.57769,-27.45626],[-49.577697,-27.45627],[-49.577707,-27.456284],[-49.577702,-27.456324],[-49.577682,-27.456361],[-49.577667,-27.456366],[-49.578197,-27.456372],[-49.578191,-27.456366],[-49.578157,-27.456329],[-49.578083,-27.456288],[-49.578056,-27.456273],[-49.578044,-27.456264],[-49.578023,-27.456246],[-49.578011,-27.456236],[-49.577995,-27.456229],[-49.577933,-27.456202],[-49.577873,-27.456191],[-49.577812,-27.456152]]],[[[-49.577358,-27.488961],[-49.577334,-27.488966],[-49.577322,-27.488968],[-49.577353,-27.488966],[-49.577419,-27.488962],[-49.577432,-27.488954],[-49.577495,-27.488916],[-49.577541,-27.488889],[-49.577574,-27.488881],[-49.577487,-27.48888],[-49.577481,-27.488888],[-49.577461,-27.488916],[-49.577396,-27.488953],[-49.577358,-27.488961]]],[[[-49.577036,-27.466076],[-49.577051,-27.466079],[-49.577056,-27.466076],[-49.577074,-27.466067],[-49.576975,-27.466066],[-49.577036,-27.466076]]],[[[-49.577095,-27.459634],[-49.577093,-27.459615],[-49.577091,-27.459589],[-49.57709,-27.459579],[-49.577088,-27.459558],[-49.577086,-27.45954],[-49.577101,-27.459532],[-49.577138721088396,-27.45952917091837],[-49.57714176276166,-27.45952919684172],[-49.577172,-27.459537],[-49.577187,-27.459541],[-49.577192,-27.459543],[-49.577201,-27.459541],[-49.577223,-27.459538],[-49.577236,-27.45953],[-49.577326,-27.459478],[-49.577331,-27.459477],[-49.577366,-27.459472],[-49.577406,-27.459466],[-49.577477,-27.459439],[-49.577532,-27.459417],[-49.577584,-27.459387],[-49.577595,-27.459375],[-49.577616,-27.459352],[-49.577645,-27.459302],[-49.577677,-27.459247],[-49.577689,-27.459225],[-49.576603,-27.459214],[-49.57650415749843,-27.459234349926795],[-49.57650014912343,-27.459234306693165],[-49.576474,-27.459213],[-49.576469,-27.459208],[-49.576439,-27.459184],[-49.576425,-27.459181],[-49.576405,-27.459176],[-49.576391,-27.45918],[-49.57639,-27.459184],[-49.576379,-27.459208],[-49.576379,-27.459212],[-49.576379,-27.459233],[-49.576379,-27.459289],[-49.576353,-27.459339],[-49.576341,-27.459362],[-49.576326,-27.459374],[-49.576289,-27.459405],[-49.576263,-27.459426],[-49.576221,-27.459454],[-49.576212,-27.45946],[-49.576192,-27.459473],[-49.57618,-27.459481],[-49.576195,-27.459496],[-49.576253,-27.459557],[-49.576254,-27.459559],[-49.576308,-27.45967],[-49.576318,-27.45968],[-49.576374,-27.459736],[-49.576388,-27.45975],[-49.576405,-27.459801],[-49.576408,-27.45981],[-49.576376,-27.459838],[-49.576363,-27.459841],[-49.576338839694664,-27.459847764885495],[-49.576336899999994,-27.459847743333334],[-49.576308,-27.459841],[-49.576248,-27.459808],[-49.576171,-27.459787],[-49.576043,-27.459776],[-49.576026,-27.459785],[-49.575986,-27.459805],[-49.575923,-27.459837],[-49.57591,-27.459843],[-49.575909,-27.459844],[-49.575898,-27.459853],[-49.575842,-27.459903],[-49.575829,-27.459913],[-49.575798,-27.459951],[-49.575761,-27.459997],[-49.575745,-27.460017],[-49.575735,-27.46005],[-49.575729,-27.460149],[-49.575729,-27.460151],[-49.575732,-27.460175],[-49.575736,-27.460203],[-49.575738,-27.460207],[-49.57576,-27.460258],[-49.575771,-27.460283],[-49.575799,-27.460298],[-49.575867,-27.460338],[-49.575883,-27.460364],[-49.575879,-27.460403],[-49.575877,-27.460405],[-49.575808,-27.460502],[-49.575753,-27.46054],[-49.575712,-27.460555],[-49.575699,-27.460557],[-49.575666,-27.46056],[-49.575931,-27.460563],[-49.575935,-27.460559],[-49.575936,-27.460557],[-49.575951,-27.460542],[-49.575989,-27.460504],[-49.576082,-27.460407],[-49.576083,-27.460405],[-49.576103,-27.460366],[-49.576117,-27.46034],[-49.576137,-27.460302],[-49.576152,-27.460286],[-49.576176,-27.460262],[-49.576257,-27.460213],[-49.576271,-27.460209],[-49.576369,-27.460182],[-49.576425,-27.460158],[-49.576427,-27.460156],[-49.576554,-27.460058],[-49.576589,-27.460025],[-49.576609,-27.460005],[-49.576682,-27.45996],[-49.576702,-27.459922],[-49.576708,-27.459911],[-49.576721,-27.459861],[-49.57672,-27.459852],[-49.57672,-27.459845],[-49.576719,-27.459841],[-49.576718,-27.459813],[-49.576718,-27.459804],[-49.5767,-27.459753],[-49.576695,-27.459739],[-49.576697,-27.459684],[-49.576702,-27.459674],[-49.57675,-27.459564],[-49.57675,-27.459562],[-49.576751,-27.459502],[-49.576767,-27.459487],[-49.576776,-27.459479],[-49.57680560161437,-27.45946617263377],[-49.57680670577618,-27.459466184115524],[-49.576829,-27.459472],[-49.57683,-27.459473],[-49.576884,-27.459527],[-49.576887,-27.459529],[-49.576896,-27.459538],[-49.576915,-27.459557],[-49.576965,-27.459578],[-49.576971,-27.459588],[-49.576971,-27.459614],[-49.576957,-27.459632],[-49.576959,-27.459674],[-49.576958,-27.459677],[-49.576953,-27.459704],[-49.576944,-27.459746],[-49.576941,-27.459759],[-49.576942,-27.459774],[-49.576947,-27.459868],[-49.576945,-27.459877],[-49.576931,-27.459941],[-49.57693,-27.459945],[-49.576929,-27.459995],[-49.576927,-27.460076],[-49.576927,-27.46008],[-49.576893,-27.460134],[-49.576862,-27.460184],[-49.576846,-27.46026],[-49.576839,-27.460292],[-49.576839,-27.460296],[-49.576841,-27.460374],[-49.576849,-27.46039],[-49.576874,-27.460405],[-49.577098,-27.460407],[-49.577106,-27.460393],[-49.577116,-27.460376],[-49.57716,-27.460299],[-49.577162,-27.460295],[-49.577162,-27.460263],[-49.577122,-27.460186],[-49.577096,-27.460136],[-49.577084,-27.460082],[-49.577083,-27.460078],[-49.577104,-27.459997],[-49.577107,-27.459947],[-49.577108,-27.459943],[-49.577148,-27.459879],[-49.577151,-27.45987],[-49.577179,-27.459776],[-49.577173,-27.459762],[-49.577168,-27.459749],[-49.577116,-27.459706],[-49.577099,-27.459679],[-49.577099,-27.459676],[-49.577095,-27.459634]]],[[[-49.577775,-27.459111],[-49.577785,-27.45909],[-49.577796,-27.459068],[-49.577811,-27.459035],[-49.57782,-27.459016],[-49.577821,-27.459015],[-49.577825,-27.458965],[-49.577818,-27.458921],[-49.577812,-27.458912],[-49.577802,-27.458898],[-49.577747,-27.458848],[-49.577706,-27.458828],[-49.577573,-27.458822],[-49.577539,-27.458788],[-49.577532,-27.458786],[-49.577489,-27.458774],[-49.577471,-27.458752],[-49.577467,-27.458682],[-49.577463,-27.458628],[-49.577474,-27.458578],[-49.577508,-27.458566],[-49.577523,-27.458543],[-49.577586,-27.458507],[-49.577598,-27.458489],[-49.577631,-27.458441],[-49.577635,-27.458358],[-49.577636,-27.458336],[-49.576611,-27.458325],[-49.57661,-27.458348],[-49.57663,-27.45843],[-49.576641,-27.458479],[-49.576642,-27.458497],[-49.576643,-27.458534],[-49.576644,-27.458557],[-49.576644,-27.458569],[-49.576646,-27.45862],[-49.576648,-27.458673],[-49.576669,-27.458744],[-49.576675,-27.458766],[-49.576679,-27.458778],[-49.57668,-27.45878],[-49.576701,-27.458813],[-49.576704,-27.458818],[-49.576717,-27.458838],[-49.576748,-27.458887],[-49.576757,-27.458902],[-49.576761,-27.458911],[-49.57678,-27.458955],[-49.576801,-27.459004],[-49.576801,-27.459005],[-49.576821,-27.459025],[-49.576911,-27.459059],[-49.576931,-27.459082],[-49.57693,-27.459102],[-49.576921,-27.45912],[-49.576915,-27.459132],[-49.57689,-27.459158],[-49.576806,-27.459169],[-49.576779,-27.459185],[-49.576741,-27.459207],[-49.576713,-27.459215],[-49.576711,-27.459215],[-49.577689,-27.459225],[-49.577694,-27.459217],[-49.577707,-27.459194],[-49.577721,-27.459179],[-49.577732,-27.459167],[-49.577756,-27.459141],[-49.577767,-27.459129],[-49.577775,-27.459111]]],[[[-49.577236,-27.456855],[-49.577227,-27.456858],[-49.577219,-27.456862],[-49.577435,-27.456864],[-49.577388,-27.456859],[-49.577352,-27.456856],[-49.577309,-27.456843],[-49.577307,-27.456843],[-49.577303,-27.456842],[-49.577284,-27.456843],[-49.577272,-27.456843],[-49.577236,-27.456855]]],[[[-49.577653,-27.456359],[-49.577637,-27.456319],[-49.577637,-27.456269],[-49.577596,-27.456228],[-49.577593,-27.456225],[-49.577569,-27.456201],[-49.577542,-27.456224],[-49.577538,-27.456227],[-49.577512,-27.456268],[-49.577479,-27.456318],[-49.57747,-27.456357],[-49.57747,-27.456358],[-49.577469,-27.456364],[-49.577667,-27.456366],[-49.577656,-27.45636],[-49.577653,-27.456359]]],[[[-49.576776,-27.46061],[-49.576775,-27.460612],[-49.57675,-27.460644],[-49.576703,-27.460704],[-49.576662,-27.460756],[-49.576611,-27.460839],[-49.576597,-27.460861],[-49.576572,-27.460924],[-49.576562,-27.460985],[-49.576578,-27.461051],[-49.57659,-27.461106],[-49.576597,-27.461121],[-49.576619,-27.461172],[-49.576631,-27.46118],[-49.57664,-27.461186],[-49.576655,-27.461196],[-49.576691,-27.461187],[-49.576712,-27.461181],[-49.576716,-27.461173],[-49.576744,-27.461123],[-49.576744,-27.461107],[-49.576744,-27.461053],[-49.576753,-27.460987],[-49.576761,-27.460926],[-49.576769,-27.460862],[-49.576772,-27.460841],[-49.576791,-27.460758],[-49.576803,-27.460705],[-49.57684,-27.460645],[-49.576888,-27.460614],[-49.576896,-27.460613],[-49.576907,-27.460612],[-49.576776,-27.46061]]],[[[-49.577009,-27.460649],[-49.577026,-27.460639],[-49.577028,-27.460614],[-49.577028,-27.460613],[-49.576907,-27.460612],[-49.57691,-27.460613],[-49.576953,-27.460638],[-49.57695404421327,-27.46063801430429],[-49.576988,-27.460649],[-49.577009,-27.460649]]],[[[-49.57703,-27.460565],[-49.577048,-27.460515],[-49.57705,-27.460508],[-49.577058,-27.460488],[-49.577067,-27.460461],[-49.577069,-27.460457],[-49.577094,-27.460414],[-49.577098,-27.460407],[-49.576922,-27.460406],[-49.576926,-27.460412],[-49.576946,-27.460456],[-49.576945,-27.460459],[-49.576935,-27.460486],[-49.576909,-27.460507],[-49.576842,-27.460512],[-49.57681,-27.460562],[-49.576787,-27.460597],[-49.576776,-27.46061],[-49.577028,-27.460613],[-49.577028,-27.4606],[-49.57703,-27.460565]]],[[[-49.576908,-27.460415],[-49.57691,-27.460413],[-49.576897,-27.460413],[-49.576908,-27.460415]]],[[[-49.576912,-27.460412],[-49.576922,-27.460406],[-49.576874,-27.460405],[-49.576886,-27.460412],[-49.576897,-27.460413],[-49.576912,-27.460412]]],[[[-49.576892,-27.45794],[-49.576888,-27.457938],[-49.576845,-27.457907],[-49.576836,-27.4579],[-49.576739,-27.457871],[-49.576733,-27.45787],[-49.576691,-27.457871],[-49.576646,-27.457899],[-49.576636,-27.457905],[-49.576608,-27.457935],[-49.576608,-27.457937],[-49.576595,-27.457972],[-49.576578,-27.458021],[-49.576562,-27.458065],[-49.576567,-27.458108],[-49.576597,-27.458162],[-49.576601,-27.458174],[-49.576614,-27.458217],[-49.576613,-27.45825],[-49.576612,-27.458296],[-49.576611,-27.458313],[-49.576611,-27.458325],[-49.576721,-27.458326],[-49.576716,-27.458315],[-49.576709,-27.458297],[-49.576713,-27.458251],[-49.576741,-27.458218],[-49.576777,-27.458175],[-49.576785,-27.458164],[-49.576819,-27.458111],[-49.576846,-27.458068],[-49.576875,-27.458024],[-49.57689,-27.457975],[-49.576892,-27.45794]]],[[[-49.576574,-27.469632],[-49.576565,-27.469608],[-49.576515,-27.469459],[-49.576514,-27.469457],[-49.576615,-27.469261],[-49.576635,-27.46922],[-49.576438,-27.469218],[-49.57646,-27.469259],[-49.576435,-27.469457],[-49.576435,-27.469458],[-49.576433,-27.469607],[-49.57644,-27.469631],[-49.576455,-27.469645],[-49.576463,-27.469652],[-49.576497,-27.469665],[-49.576549,-27.469653],[-49.576578,-27.469646],[-49.576574,-27.469632]]],[[[-49.576889,-27.468721],[-49.576921,-27.468658],[-49.576947,-27.468608],[-49.576956,-27.468589],[-49.576987,-27.468529],[-49.577022,-27.468459],[-49.577024,-27.468443],[-49.577033,-27.468373],[-49.577035,-27.468353],[-49.577039,-27.468319],[-49.577046,-27.468263],[-49.577041,-27.468246],[-49.577036,-27.468226],[-49.577022,-27.468169],[-49.577025,-27.468151],[-49.577029,-27.468129],[-49.577034,-27.468097],[-49.577033,-27.468087],[-49.577027,-27.468038],[-49.577026,-27.468029],[-49.577029,-27.467992],[-49.577033,-27.467925],[-49.577026,-27.467903],[-49.577019,-27.46788],[-49.577012,-27.467857],[-49.577006,-27.467836],[-49.576994,-27.467799],[-49.576986,-27.467771],[-49.576977,-27.467744],[-49.576972,-27.467703],[-49.576959,-27.467617],[-49.57695,-27.467554],[-49.576929,-27.4675],[-49.576895,-27.467414],[-49.576894,-27.467337],[-49.576893,-27.467314],[-49.576879,-27.467247],[-49.576854,-27.467124],[-49.576853,-27.467093],[-49.576852,-27.467047],[-49.576835,-27.46695],[-49.576839,-27.466792],[-49.576859,-27.466524],[-49.576873,-27.466443],[-49.576875,-27.466335],[-49.576895,-27.46625],[-49.576899,-27.466189],[-49.576902,-27.46615],[-49.576919,-27.466095],[-49.576939,-27.466075],[-49.576975,-27.466066],[-49.576349,-27.466059],[-49.576347,-27.466069],[-49.576343,-27.466089],[-49.576332,-27.466144],[-49.576324,-27.466183],[-49.576321,-27.466244],[-49.576318,-27.466329],[-49.576313,-27.466437],[-49.57631,-27.466519],[-49.576299,-27.466787],[-49.576292,-27.466944],[-49.576288,-27.467041],[-49.576286,-27.467087],[-49.576284,-27.467118],[-49.576276,-27.467241],[-49.576263,-27.467307],[-49.576258,-27.46733],[-49.57625,-27.467408],[-49.576242,-27.467493],[-49.576247,-27.467547],[-49.576254,-27.46761],[-49.576289,-27.467696],[-49.576294,-27.467737],[-49.576284,-27.467764],[-49.576261,-27.467792],[-49.576205,-27.467828],[-49.576144,-27.467848],[-49.57612,-27.467871],[-49.57611,-27.467893],[-49.576109,-27.467916],[-49.576103,-27.467983],[-49.576109,-27.468019],[-49.57611,-27.468029],[-49.576137,-27.468078],[-49.576147,-27.468088],[-49.576179,-27.46812],[-49.576189,-27.468142],[-49.57618,-27.46816],[-49.576154,-27.468217],[-49.576154,-27.468237],[-49.576141,-27.468254],[-49.5761,-27.468309],[-49.576053,-27.468343],[-49.576007,-27.468363],[-49.575932,-27.468431],[-49.57592,-27.468448],[-49.57587,-27.468518],[-49.575804,-27.468577],[-49.575793,-27.468596],[-49.575787,-27.468647],[-49.575812,-27.46871],[-49.575805,-27.468735],[-49.575782,-27.468767],[-49.575776,-27.468805],[-49.575784,-27.468852],[-49.575746,-27.468942],[-49.575754,-27.469004],[-49.575739,-27.469104],[-49.575692,-27.469201],[-49.575694,-27.46921],[-49.576635,-27.46922],[-49.57664,-27.46921],[-49.576689,-27.469114],[-49.57674,-27.469014],[-49.576772,-27.468952],[-49.576817,-27.468862],[-49.576841,-27.468815],[-49.57686,-27.468778],[-49.576877,-27.468746],[-49.576889,-27.468721]]],[[[-49.576677,-27.459209],[-49.576659,-27.45921],[-49.576607,-27.459214],[-49.576706,-27.459215],[-49.576684,-27.459211],[-49.576677,-27.459209]]],[[[-49.575051,-27.496722],[-49.575089,-27.496546],[-49.575097,-27.49651],[-49.575135,-27.496394],[-49.575169,-27.49624],[-49.575182,-27.496209],[-49.575192,-27.496186],[-49.575226,-27.496139],[-49.575237,-27.49608],[-49.575279,-27.495952],[-49.575305,-27.495902],[-49.575314,-27.495883],[-49.575339,-27.495808],[-49.575378,-27.495692],[-49.57539,-27.495656],[-49.575405,-27.495619],[-49.575451,-27.495512],[-49.575455,-27.495504],[-49.575472,-27.495475],[-49.575475,-27.49547],[-49.575487,-27.495449],[-49.575505,-27.495418],[-49.575521,-27.495389],[-49.575551,-27.495337],[-49.574752,-27.495329],[-49.574822,-27.495382],[-49.574825,-27.495411],[-49.574811,-27.495442],[-49.574791,-27.495463],[-49.574698,-27.495564],[-49.574672,-27.495591],[-49.574633,-27.495633],[-49.574592,-27.495694],[-49.57454,-27.495771],[-49.574448,-27.495848],[-49.574429,-27.495867],[-49.574309,-27.495984],[-49.574283,-27.496014],[-49.574141,-27.496179],[-49.574106,-27.496229],[-49.574088,-27.496256],[-49.57403,-27.496366],[-49.574006,-27.496412],[-49.573967,-27.496464],[-49.573966,-27.496465],[-49.573908,-27.496519],[-49.573843,-27.496581],[-49.573722,-27.496658],[-49.573706,-27.496669],[-49.573649,-27.496717],[-49.573534,-27.496814],[-49.573494,-27.496841],[-49.573393,-27.496912],[-49.57328,-27.496991],[-49.573232,-27.497042],[-49.573131,-27.497148],[-49.573119,-27.497161],[-49.573095,-27.497174],[-49.573065,-27.497175],[-49.573076,-27.497208],[-49.573072,-27.497252],[-49.57305,-27.497296],[-49.57301,-27.49738],[-49.57299,-27.497449],[-49.57298,-27.497471],[-49.572962,-27.497517],[-49.572919,-27.497625],[-49.572909,-27.497651],[-49.572902,-27.497679],[-49.572886,-27.497752],[-49.572874,-27.497856],[-49.572856,-27.4979],[-49.57285,-27.497905],[-49.572819,-27.497933],[-49.572817,-27.49797],[-49.572817,-27.497986],[-49.57272,-27.498162],[-49.572712,-27.498185],[-49.57269,-27.498245],[-49.572687,-27.498276],[-49.572678,-27.498392],[-49.572675,-27.49843],[-49.572682,-27.498462],[-49.5727,-27.498543],[-49.572729,-27.498606],[-49.572729,-27.498612],[-49.572728,-27.498679],[-49.572728,-27.4987],[-49.572719,-27.49876],[-49.572709,-27.49882],[-49.572695,-27.498908],[-49.572684,-27.498976],[-49.572682,-27.498991],[-49.572671,-27.499034],[-49.572661,-27.499046],[-49.572643,-27.499068],[-49.572631,-27.499138],[-49.572632,-27.499146],[-49.572643,-27.499247],[-49.572675,-27.499335],[-49.572686,-27.499363],[-49.572691,-27.499376],[-49.57277,-27.499364],[-49.572753,-27.499335],[-49.572728,-27.499248],[-49.572731,-27.499147],[-49.572733,-27.499139],[-49.572751,-27.499069],[-49.572756,-27.499047],[-49.572762,-27.499035],[-49.572783,-27.498992],[-49.57279,-27.498977],[-49.572807,-27.498909],[-49.572826,-27.498821],[-49.572825,-27.498761],[-49.572837,-27.498701],[-49.572841,-27.49868],[-49.57284,-27.498614],[-49.572838,-27.498607],[-49.572815,-27.498544],[-49.572786,-27.498463],[-49.572785,-27.498432],[-49.572783,-27.498393],[-49.572794,-27.498277],[-49.572805,-27.498246],[-49.572827,-27.498186],[-49.57284,-27.498163],[-49.572944,-27.497987],[-49.572953,-27.497972],[-49.572969,-27.497935],[-49.572982,-27.497906],[-49.572983,-27.497901],[-49.572997,-27.497857],[-49.573029,-27.497753],[-49.573052,-27.49768],[-49.573064,-27.497653],[-49.573076,-27.497626],[-49.57309,-27.497518],[-49.573106,-27.497473],[-49.57312,-27.49745],[-49.573162,-27.497382],[-49.573213,-27.497298],[-49.573236,-27.497254],[-49.57326,-27.497209],[-49.573277,-27.497177],[-49.573278,-27.497176],[-49.573285,-27.497163],[-49.573292,-27.49715],[-49.573405,-27.497044],[-49.573476,-27.496993],[-49.573589,-27.496914],[-49.573706,-27.496844],[-49.573744,-27.496816],[-49.573877,-27.496719],[-49.573933,-27.496671],[-49.573945,-27.49666],[-49.574018,-27.496582],[-49.574076,-27.496521],[-49.574113,-27.496467],[-49.574114,-27.496466],[-49.574139,-27.496413],[-49.574162,-27.496367],[-49.574248,-27.496257],[-49.574269,-27.496231],[-49.574315,-27.496181],[-49.574465,-27.496016],[-49.574498,-27.495986],[-49.574628,-27.495869],[-49.574642,-27.49585],[-49.574698,-27.495773],[-49.574754,-27.495696],[-49.574809,-27.495635],[-49.574846,-27.495593],[-49.574877,-27.495566],[-49.575062557512815,-27.495465779097355],[-49.57506907476636,-27.495465845794392],[-49.5751,-27.495471],[-49.575129,-27.495501],[-49.575129,-27.495508],[-49.575134,-27.495617],[-49.575123,-27.495654],[-49.575112,-27.495689],[-49.575061,-27.495805],[-49.575041,-27.495881],[-49.575036,-27.495899],[-49.575017,-27.495949],[-49.574971,-27.496077],[-49.57495,-27.496136],[-49.574933,-27.496183],[-49.574924,-27.496207],[-49.574915,-27.496237],[-49.574867,-27.496392],[-49.574832,-27.496507],[-49.574821,-27.496543],[-49.574792,-27.49672],[-49.574793,-27.496842],[-49.574793,-27.496872],[-49.574794,-27.49699],[-49.57477,-27.497019],[-49.574752,-27.49703],[-49.574743,-27.497036],[-49.574735,-27.497041],[-49.574754,-27.497036],[-49.57477505714286,-27.497030257142857],[-49.57477683076923,-27.497030276923077],[-49.574794,-27.497036],[-49.574809,-27.497103],[-49.574812,-27.497113],[-49.574812,-27.497114],[-49.574931,-27.497114],[-49.575026,-27.497105],[-49.575021,-27.497039],[-49.575021,-27.497033],[-49.57502,-27.497021],[-49.575018,-27.496993],[-49.57501,-27.496875],[-49.575024,-27.496845],[-49.575051,-27.496722]]],[[[-49.574859,-27.495328],[-49.574759,-27.495315],[-49.574732,-27.495283],[-49.574715,-27.495264],[-49.574713,-27.495264],[-49.574715,-27.495283],[-49.574734,-27.495315],[-49.57475,-27.495327],[-49.574752,-27.495329],[-49.574875,-27.49533],[-49.574859,-27.495328]]],[[[-49.57485403533569,-27.460987014134275],[-49.574874,-27.460995],[-49.574924,-27.460988],[-49.57492546938776,-27.46098751020408],[-49.57495018181818,-27.46098768181818],[-49.574995,-27.460989],[-49.574996,-27.460988],[-49.575012,-27.46098],[-49.575049,-27.460961],[-49.574726,-27.460958],[-49.574831,-27.460978],[-49.574852,-27.460987],[-49.57485403533569,-27.460987014134275]]],[[[-49.57506,-27.460947],[-49.575075,-27.460927],[-49.575091,-27.460907],[-49.575092,-27.460904],[-49.575097,-27.460874],[-49.575103,-27.460847],[-49.575114,-27.460786],[-49.575115,-27.460785],[-49.57512,-27.460755],[-49.575135,-27.460678],[-49.575136,-27.460676],[-49.575154,-27.460631],[-49.575163,-27.460606],[-49.575183,-27.460594],[-49.57518395586652,-27.46059304413348],[-49.57518438679247,-27.460593048349057],[-49.575192,-27.460594],[-49.575308,-27.460608],[-49.575336,-27.460618],[-49.575385,-27.460635],[-49.575436,-27.460661],[-49.575508,-27.460698],[-49.57553,-27.460725],[-49.575533,-27.46073],[-49.575536,-27.460773],[-49.575528,-27.460809],[-49.575525,-27.460818],[-49.575566,-27.460809],[-49.575612,-27.460774],[-49.575668,-27.460731],[-49.575673,-27.460727],[-49.575731,-27.4607],[-49.575806,-27.460665],[-49.575846,-27.46064],[-49.575873,-27.460623],[-49.575882,-27.460614],[-49.575894,-27.460601],[-49.575895,-27.4606],[-49.575931,-27.460563],[-49.575011,-27.460553],[-49.574975,-27.460591],[-49.574975,-27.460592],[-49.574963,-27.460604],[-49.57494,-27.460628],[-49.574871,-27.460674],[-49.574868,-27.460676],[-49.574778,-27.460752],[-49.574708,-27.460781],[-49.57463036363642,-27.460781],[-49.574625860329775,-27.46078095344326],[-49.574623,-27.46078],[-49.57462,-27.460779],[-49.574551,-27.460751],[-49.574515,-27.460714],[-49.574494,-27.460692],[-49.574492,-27.460662],[-49.574491,-27.460651],[-49.574495,-27.460636],[-49.574508,-27.460588],[-49.574521,-27.460543],[-49.574521,-27.46054],[-49.574524,-27.460496],[-49.574519,-27.460481],[-49.574509,-27.460455],[-49.574507,-27.460454],[-49.574487,-27.460438],[-49.574465,-27.46042],[-49.574415,-27.460391],[-49.574411,-27.460389],[-49.574354,-27.460371],[-49.574296,-27.460362],[-49.574288,-27.46036],[-49.574211,-27.460361],[-49.574179,-27.460369],[-49.574115,-27.460386],[-49.574113,-27.460387],[-49.574053,-27.460416],[-49.574017,-27.460433],[-49.574015,-27.460434],[-49.573995,-27.460444],[-49.573993,-27.460445],[-49.574141,-27.460446],[-49.574185,-27.460436],[-49.57422509655176,-27.460435213793104],[-49.57423780662251,-27.460435349006623],[-49.574324,-27.460452],[-49.574325,-27.460454],[-49.574357,-27.46048],[-49.574365,-27.460494],[-49.574389,-27.460538],[-49.574388,-27.460542],[-49.574374,-27.460587],[-49.574341,-27.460635],[-49.574324,-27.460649],[-49.574311,-27.46066],[-49.574257,-27.46069],[-49.574219,-27.460711],[-49.574124,-27.460746],[-49.574054,-27.460773],[-49.574052,-27.460774],[-49.57405,-27.460775],[-49.57396,-27.460835],[-49.573905,-27.460862],[-49.573805,-27.460891],[-49.57379,-27.460894],[-49.573674,-27.460913],[-49.573413,-27.46093],[-49.573336,-27.460935],[-49.573293,-27.460937],[-49.573274,-27.460944],[-49.573164,-27.460985],[-49.573136,-27.460995],[-49.573095,-27.461006],[-49.573024,-27.461023],[-49.573012,-27.461026],[-49.572989,-27.461031],[-49.57289,-27.46105],[-49.572825,-27.461062],[-49.572621,-27.461101],[-49.57248,-27.461128],[-49.572436,-27.461143],[-49.572392,-27.461172],[-49.572387,-27.461177],[-49.572377,-27.461189],[-49.572359,-27.461209],[-49.572357,-27.461217],[-49.572355,-27.461226],[-49.572351,-27.461239],[-49.572333,-27.461302],[-49.572317,-27.461356],[-49.572297,-27.461427],[-49.572265,-27.461474],[-49.572232,-27.461521],[-49.572213,-27.461548],[-49.572193,-27.461577],[-49.572182,-27.461592],[-49.572178,-27.461598],[-49.572153,-27.46167],[-49.57214,-27.461706],[-49.572127,-27.461741],[-49.572084,-27.461786],[-49.57205,-27.461821],[-49.572072,-27.461859],[-49.57208,-27.461875],[-49.572085,-27.461883],[-49.572094,-27.4619],[-49.572122,-27.461884],[-49.572137,-27.461875],[-49.572197788994266,-27.461860292985257],[-49.57220032164768,-27.461860319018406],[-49.572257,-27.461874],[-49.572304,-27.461884],[-49.572308,-27.461886],[-49.572399948990345,-27.46188505207226],[-49.57240526312143,-27.461885110341242],[-49.572467,-27.461911],[-49.572471,-27.461913],[-49.572517,-27.461941],[-49.57257,-27.461981],[-49.572719,-27.462093],[-49.572932,-27.462253],[-49.572953,-27.462269],[-49.573006,-27.462318],[-49.573031,-27.462357],[-49.573032,-27.462359],[-49.57305534782609,-27.462357270531403],[-49.573059459958934,-27.462357316221766],[-49.573123,-27.462401],[-49.573167,-27.462438],[-49.573268,-27.462522],[-49.573353,-27.46261],[-49.573384,-27.462643],[-49.573471,-27.462714],[-49.573532,-27.462763],[-49.573663,-27.462849],[-49.573677,-27.462858],[-49.573703,-27.462881],[-49.573806,-27.462973],[-49.573859,-27.463059],[-49.573898,-27.463123],[-49.57394,-27.463155],[-49.574018,-27.463215],[-49.574064,-27.463273],[-49.574096,-27.463314],[-49.574106,-27.463334],[-49.574121,-27.463359],[-49.574165,-27.463518],[-49.574163,-27.463557],[-49.574163,-27.463559],[-49.57415,-27.463599],[-49.574142,-27.463613],[-49.574119,-27.463653],[-49.574056,-27.463761],[-49.574033,-27.463787],[-49.573963,-27.463869],[-49.573902,-27.463893],[-49.573876,-27.463912],[-49.573869,-27.463925],[-49.573845,-27.463965],[-49.573843,-27.464008],[-49.573838,-27.464115],[-49.573843,-27.464137],[-49.573846,-27.46415],[-49.573871,-27.464177],[-49.573947,-27.464193],[-49.573978,-27.464199],[-49.574005,-27.464219],[-49.574006,-27.464229],[-49.574008,-27.464245],[-49.573968,-27.464262],[-49.573939,-27.464266],[-49.57392725688074,-27.464267467889908],[-49.57392142711864,-27.46426741016949],[-49.573915,-27.464265],[-49.573793,-27.46423],[-49.573754,-27.464228],[-49.573752,-27.464229],[-49.573679,-27.464263],[-49.573678,-27.464265],[-49.573668,-27.46428],[-49.573645,-27.464314],[-49.573652,-27.464357],[-49.573696,-27.464461],[-49.573728,-27.464536],[-49.573729,-27.464539],[-49.573744,-27.464593],[-49.573743,-27.464643],[-49.573739,-27.464759],[-49.573762,-27.464841],[-49.57377,-27.464868],[-49.573785,-27.464904],[-49.57381,-27.464961],[-49.573805,-27.464981],[-49.573793,-27.465021],[-49.573786,-27.46503],[-49.573723,-27.465115],[-49.573691,-27.465147],[-49.573671,-27.465162],[-49.573604,-27.465214],[-49.573595,-27.465221],[-49.573547,-27.465238],[-49.573506,-27.465252],[-49.573677,-27.465254],[-49.573696,-27.465239],[-49.573718,-27.465222],[-49.573728,-27.465215],[-49.573778,-27.465163],[-49.573787,-27.465148],[-49.573809,-27.465116],[-49.573865,-27.465031],[-49.57387,-27.465021],[-49.573887,-27.464981],[-49.573888,-27.464962],[-49.57389,-27.464905],[-49.573885,-27.464869],[-49.573881,-27.464842],[-49.573896,-27.464761],[-49.573905,-27.464644],[-49.573916,-27.464595],[-49.573929,-27.464541],[-49.573931,-27.464538],[-49.573979,-27.464464],[-49.574091,-27.464361],[-49.574137,-27.464319],[-49.574174,-27.464285],[-49.574183,-27.46427],[-49.574185,-27.464268],[-49.574188,-27.464264],[-49.574198,-27.464247],[-49.574208,-27.464231],[-49.574208,-27.464222],[-49.574207,-27.464202],[-49.574206,-27.464195],[-49.574201,-27.46418],[-49.574191,-27.464154],[-49.574187,-27.464141],[-49.574171,-27.464118],[-49.574099,-27.46401],[-49.574094,-27.463967],[-49.574089,-27.463927],[-49.574091,-27.463914],[-49.574094,-27.463895],[-49.574098,-27.46387],[-49.574111,-27.463788],[-49.57413,-27.463761],[-49.574208,-27.463654],[-49.574223,-27.463614],[-49.574224,-27.4636],[-49.574227,-27.463559],[-49.574227,-27.463557],[-49.57422,-27.463519],[-49.574189,-27.46336],[-49.574184,-27.463335],[-49.574177,-27.463315],[-49.57416,-27.463274],[-49.57412,-27.463216],[-49.574079,-27.463157],[-49.574048,-27.463124],[-49.573985,-27.46306],[-49.573931,-27.462974],[-49.573873,-27.462883],[-49.573846,-27.46286],[-49.573836,-27.462851],[-49.573708,-27.462765],[-49.573634,-27.462715],[-49.573578,-27.462645],[-49.573551,-27.462613],[-49.573471,-27.462524],[-49.573394,-27.46244],[-49.573351,-27.462403],[-49.573301,-27.46236],[-49.573256,-27.462321],[-49.5732,-27.462271],[-49.573181,-27.462256],[-49.572956,-27.462096],[-49.572816,-27.461984],[-49.572789,-27.461944],[-49.57277,-27.461916],[-49.572769,-27.461914],[-49.57276,-27.461889],[-49.572755,-27.461879],[-49.572753,-27.461866],[-49.572747,-27.461828],[-49.57274,-27.461793],[-49.57272,-27.461747],[-49.572704,-27.461712],[-49.572677,-27.461675],[-49.572564,-27.461602],[-49.572556,-27.461596],[-49.572487,-27.46158],[-49.572432,-27.46155],[-49.572418,-27.461523],[-49.572415,-27.461475],[-49.572417,-27.461429],[-49.57242,-27.461357],[-49.572433,-27.461303],[-49.572482,-27.46124],[-49.572509,-27.461227],[-49.572587,-27.461219],[-49.572614,-27.461212],[-49.572689,-27.461192],[-49.5728,-27.461182],[-49.572833,-27.461176],[-49.573003,-27.461149],[-49.573092,-27.461134],[-49.573256,-27.461108],[-49.573374,-27.461068],[-49.573439,-27.461056],[-49.573586,-27.461038],[-49.573631,-27.461032],[-49.573743,-27.46103],[-49.57388,-27.461014],[-49.573917,-27.461003],[-49.573956,-27.460993],[-49.574056,-27.460952],[-49.574088,-27.460946],[-49.574102,-27.460943],[-49.57416095708193,-27.46093772026132],[-49.574177957345974,-27.4609378957346],[-49.574189,-27.460939],[-49.574277,-27.460944],[-49.574335,-27.460948],[-49.574381,-27.460951],[-49.57441,-27.460949],[-49.574447,-27.460946],[-49.57450000902708,-27.460942213640923],[-49.57450412725524,-27.46094225619437],[-49.574525,-27.460947],[-49.574564,-27.460956],[-49.574567095541404,-27.460956031847132],[-49.574573,-27.460958],[-49.574594,-27.460962],[-49.574681,-27.460959],[-49.574708,-27.460958],[-49.574714345323756,-27.46095754676259],[-49.57472460944205,-27.460957652360513],[-49.574726,-27.460958],[-49.57505,-27.460961],[-49.575056,-27.460952],[-49.57506,-27.460948],[-49.57506,-27.460947]],[[-49.574490251588934,-27.460942112817797],[-49.57449025158899,-27.460942112817797],[-49.574277,-27.460944],[-49.574490251588934,-27.460942112817797]]],[[[-49.575026,-27.460537],[-49.575014,-27.46055],[-49.575011,-27.460553],[-49.575666,-27.46056],[-49.57557,-27.460555],[-49.57552,-27.460542],[-49.575026,-27.460537]]],[[[-49.575506,-27.460538],[-49.575492,-27.460534],[-49.575475,-27.46053],[-49.575424,-27.460534],[-49.575381,-27.460537],[-49.575338,-27.46054],[-49.57552,-27.460542],[-49.575506,-27.460538]]],[[[-49.575026,-27.460537],[-49.575338,-27.46054],[-49.575302,-27.460536],[-49.575258,-27.460519],[-49.575233,-27.460505],[-49.575172,-27.460469],[-49.575134,-27.46046],[-49.57513,-27.46046],[-49.575117,-27.460468],[-49.575058,-27.460503],[-49.575045,-27.460517],[-49.575029,-27.460533],[-49.575026,-27.460537]]],[[[-49.573354,-27.465457],[-49.573363,-27.465422],[-49.573391,-27.465395],[-49.573434,-27.46537],[-49.573535,-27.465328],[-49.57363,-27.465289],[-49.573652,-27.465273],[-49.573677,-27.465254],[-49.573048,-27.465247],[-49.573043,-27.465267],[-49.57305,-27.465283],[-49.573068,-27.465323],[-49.573109,-27.465366],[-49.573134,-27.465392],[-49.573161,-27.46542],[-49.573194,-27.465455],[-49.573213,-27.465485],[-49.573205,-27.465519],[-49.573199,-27.465531],[-49.573179,-27.465562],[-49.573174,-27.46557],[-49.573061,-27.465698],[-49.573035,-27.465727],[-49.572957,-27.465781],[-49.57293,-27.465799],[-49.572803,-27.465863],[-49.572802,-27.465864],[-49.572952,-27.465865],[-49.573049,-27.4658],[-49.573076,-27.465782],[-49.573144,-27.465728],[-49.573181,-27.465699],[-49.573311,-27.465571],[-49.573319,-27.465563],[-49.573335,-27.465532],[-49.573338,-27.465521],[-49.573347,-27.465486],[-49.573354,-27.465457]]],[[[-49.573144,-27.46507],[-49.573131,-27.46509],[-49.573112,-27.465118],[-49.573066,-27.465186],[-49.573064,-27.465193],[-49.573052,-27.465232],[-49.573048,-27.465247],[-49.573506,-27.465252],[-49.57348,-27.465237],[-49.57347,-27.465197],[-49.57346,-27.46519],[-49.573357,-27.46512],[-49.573224,-27.465091],[-49.573196,-27.465071],[-49.573178,-27.465058],[-49.573144,-27.46507]]],[[[-49.573986,-27.460507],[-49.573991,-27.460506],[-49.574,-27.460504],[-49.574023,-27.460498],[-49.57406,-27.460481],[-49.574122,-27.460454],[-49.573856,-27.460451],[-49.573889,-27.46048],[-49.573926,-27.460497],[-49.57394,-27.460503],[-49.57397,-27.460506],[-49.573986,-27.460507]]],[[[-49.573963,-27.460452],[-49.574122,-27.460454],[-49.574139,-27.460446],[-49.573993,-27.460445],[-49.573963,-27.460452]]],[[[-49.573617,-27.460088],[-49.573614,-27.460094],[-49.573602,-27.460124],[-49.573621,-27.460165],[-49.573668,-27.460263],[-49.573762,-27.460366],[-49.57378,-27.460385],[-49.573814,-27.460415],[-49.573851,-27.460447],[-49.573856,-27.460451],[-49.573963,-27.460452],[-49.573928,-27.460448],[-49.573872,-27.460415],[-49.57384,-27.460386],[-49.573819,-27.460367],[-49.573739,-27.460264],[-49.573663,-27.460165],[-49.573645,-27.460124],[-49.573633,-27.460094],[-49.573617,-27.460088]]],[[[-49.572454,-27.467053],[-49.57233,-27.467011],[-49.572313,-27.467001],[-49.572256,-27.466969],[-49.572249,-27.466957],[-49.572243,-27.466946],[-49.57225,-27.466915],[-49.572253,-27.466913],[-49.572301,-27.466887],[-49.572155,-27.466885],[-49.57215,-27.466912],[-49.572151,-27.466914],[-49.572154,-27.466945],[-49.572155,-27.466956],[-49.57217,-27.466968],[-49.572207,-27.467],[-49.572224,-27.467009],[-49.572296,-27.467051],[-49.572299,-27.467053],[-49.572352,-27.467067],[-49.57245,-27.467092],[-49.572487,-27.46711],[-49.572524,-27.467141],[-49.572594,-27.467234],[-49.57261,-27.467255],[-49.572613,-27.467234],[-49.572574,-27.467142],[-49.572562,-27.467111],[-49.572554,-27.467093],[-49.572544,-27.467069],[-49.572464,-27.467055],[-49.572454,-27.467053]]],[[[-49.572403,-27.466891],[-49.572414,-27.466888],[-49.572301,-27.466887],[-49.572403,-27.466891]]],[[[-49.572155,-27.466885],[-49.572414,-27.466888],[-49.572432,-27.466883],[-49.572445,-27.466879],[-49.572455,-27.466867],[-49.572457,-27.466865],[-49.572171,-27.466862],[-49.572168,-27.466864],[-49.572159,-27.466876],[-49.572156,-27.46688],[-49.572155,-27.466885]]],[[[-49.5725,-27.466749],[-49.572477,-27.466732],[-49.572412,-27.46673],[-49.572411,-27.466729],[-49.57237,-27.466712],[-49.572359,-27.466708],[-49.572339,-27.466699],[-49.57233796059679,-27.46669899158378],[-49.572235,-27.466677],[-49.572201,-27.466665],[-49.572095,-27.466631],[-49.57208,-27.466611],[-49.572049,-27.466568],[-49.572041,-27.466558],[-49.572042,-27.46653],[-49.572066,-27.466509],[-49.572094,-27.466484],[-49.572147,-27.466464],[-49.572171,-27.466455],[-49.572193,-27.466441],[-49.572289,-27.466378],[-49.572314,-27.466362],[-49.572365,-27.466313],[-49.572434,-27.466248],[-49.572553,-27.46616],[-49.572593,-27.4661],[-49.572655,-27.466007],[-49.572693,-27.465967],[-49.572716,-27.465943],[-49.57287,-27.465892],[-49.572926,-27.465873],[-49.57295,-27.465865],[-49.572802,-27.465864],[-49.572704,-27.465871],[-49.572659,-27.46589],[-49.572624,-27.465942],[-49.572608,-27.465966],[-49.572575,-27.466006],[-49.572497,-27.466099],[-49.572438,-27.466159],[-49.572352,-27.466247],[-49.572287,-27.466313],[-49.57222,-27.466361],[-49.572197,-27.466377],[-49.572043,-27.466439],[-49.572019,-27.466453],[-49.572003,-27.466462],[-49.571983,-27.466483],[-49.571961,-27.466508],[-49.571949,-27.466529],[-49.571933,-27.466557],[-49.571928,-27.466567],[-49.571924,-27.466609],[-49.571953,-27.46663],[-49.572,-27.466663],[-49.57203,-27.466674],[-49.572091,-27.466697],[-49.57209203890641,-27.466697008412197],[-49.572129,-27.466705],[-49.572158,-27.466712],[-49.572195,-27.46672],[-49.572208,-27.46672],[-49.572204,-27.466712],[-49.5722349026369,-27.466706381338746],[-49.57224075267772,-27.466706457643625],[-49.572278,-27.466711],[-49.572338,-27.466729],[-49.572339,-27.466729],[-49.572342,-27.466731],[-49.57237,-27.466748],[-49.572385,-27.466758],[-49.572398,-27.466773],[-49.572407,-27.466784],[-49.572412,-27.466804],[-49.5724,-27.466828],[-49.572385,-27.466858],[-49.572376,-27.466862],[-49.572369,-27.466864],[-49.572457,-27.466865],[-49.572459,-27.466862],[-49.572462,-27.466859],[-49.572487,-27.466829],[-49.572495,-27.466804],[-49.572502,-27.466785],[-49.572506,-27.466774],[-49.572502,-27.466759],[-49.5725,-27.466749]]],[[[-49.57234,-27.466861],[-49.572278,-27.466849],[-49.572241,-27.466841],[-49.572195,-27.466848],[-49.572175,-27.466859],[-49.572171,-27.466862],[-49.572369,-27.466864],[-49.57234,-27.466861]]]]}}]}