medido_em,medido_em_utc,nivel_m,datum
2026-07-27 22:56:22,2026-07-28T01:56:22.366Z,2.380000114440918,gauge_zero
2026-07-27 23:06:22,2026-07-28T02:06:22.384Z,2.380000114440918,gauge_zero
2026-07-27 23:16:22,2026-07-28T02:16:22.369Z,2.380000114440918,gauge_zero
2026-07-27 23:26:22,2026-07-28T02:26:22.373Z,2.380000114440918,gauge_zero
2026-07-27 23:36:22,2026-07-28T02:36:22.383Z,2.380000114440918,gauge_zero
2026-07-27 23:46:22,2026-07-28T02:46:22.497Z,2.380000114440918,gauge_zero
2026-07-27 23:56:22,2026-07-28T02:56:22.396Z,2.380000114440918,gauge_zero
2026-07-28 00:06:22,2026-07-28T03:06:22.376Z,2.380000114440918,gauge_zero
2026-07-28 00:16:22,2026-07-28T03:16:22.385Z,2.380000114440918,gauge_zero
2026-07-28 00:26:22,2026-07-28T03:26:22.393Z,2.380000114440918,gauge_zero
2026-07-28 00:36:22,2026-07-28T03:36:22.383Z,2.380000114440918,gauge_zero
2026-07-28 00:46:22,2026-07-28T03:46:22.381Z,2.380000114440918,gauge_zero
2026-07-28 00:56:22,2026-07-28T03:56:22.374Z,2.390000104904175,gauge_zero
2026-07-28 01:06:22,2026-07-28T04:06:22.395Z,2.390000104904175,gauge_zero
2026-07-28 01:16:22,2026-07-28T04:16:22.395Z,2.390000104904175,gauge_zero
2026-07-28 01:26:22,2026-07-28T04:26:22.43Z,2.390000104904175,gauge_zero
2026-07-28 01:36:22,2026-07-28T04:36:22.382Z,2.390000104904175,gauge_zero
2026-07-28 01:46:22,2026-07-28T04:46:22.397Z,2.380000114440918,gauge_zero
2026-07-28 01:56:22,2026-07-28T04:56:22.377Z,2.380000114440918,gauge_zero
2026-07-28 02:06:22,2026-07-28T05:06:22.378Z,2.380000114440918,gauge_zero
2026-07-28 02:16:22,2026-07-28T05:16:22.391Z,2.380000114440918,gauge_zero
2026-07-28 02:26:22,2026-07-28T05:26:22.397Z,2.380000114440918,gauge_zero
2026-07-28 02:36:22,2026-07-28T05:36:22.383Z,2.380000114440918,gauge_zero
2026-07-28 02:46:22,2026-07-28T05:46:22.407Z,2.380000114440918,gauge_zero
2026-07-28 02:56:22,2026-07-28T05:56:22.379Z,2.380000114440918,gauge_zero
2026-07-28 03:06:22,2026-07-28T06:06:22.406Z,2.380000114440918,gauge_zero
2026-07-28 03:16:22,2026-07-28T06:16:22.386Z,2.380000114440918,gauge_zero
2026-07-28 03:26:22,2026-07-28T06:26:22.407Z,2.380000114440918,gauge_zero
2026-07-28 03:36:22,2026-07-28T06:36:22.391Z,2.380000114440918,gauge_zero
2026-07-28 03:46:22,2026-07-28T06:46:22.395Z,2.380000114440918,gauge_zero
2026-07-28 03:56:22,2026-07-28T06:56:22.403Z,2.380000114440918,gauge_zero
2026-07-28 04:06:22,2026-07-28T07:06:22.383Z,2.380000114440918,gauge_zero
2026-07-28 04:16:22,2026-07-28T07:16:22.412Z,2.380000114440918,gauge_zero
2026-07-28 04:26:22,2026-07-28T07:26:22.385Z,2.380000114440918,gauge_zero
2026-07-28 04:36:22,2026-07-28T07:36:22.382Z,2.380000114440918,gauge_zero
2026-07-28 04:46:22,2026-07-28T07:46:22.39Z,2.380000114440918,gauge_zero
2026-07-28 04:56:22,2026-07-28T07:56:22.394Z,2.380000114440918,gauge_zero
2026-07-28 05:06:22,2026-07-28T08:06:22.406Z,2.380000114440918,gauge_zero
2026-07-28 05:16:22,2026-07-28T08:16:22.411Z,2.369999885559082,gauge_zero
2026-07-28 05:26:22,2026-07-28T08:26:22.398Z,2.369999885559082,gauge_zero
2026-07-28 05:36:22,2026-07-28T08:36:22.377Z,2.380000114440918,gauge_zero
2026-07-28 05:46:22,2026-07-28T08:46:22.4Z,2.380000114440918,gauge_zero
2026-07-28 05:56:22,2026-07-28T08:56:22.416Z,2.380000114440918,gauge_zero
2026-07-28 06:06:22,2026-07-28T09:06:22.388Z,2.380000114440918,gauge_zero
2026-07-28 06:16:22,2026-07-28T09:16:22.39Z,2.380000114440918,gauge_zero
2026-07-28 06:26:22,2026-07-28T09:26:22.405Z,2.380000114440918,gauge_zero
2026-07-28 06:36:22,2026-07-28T09:36:22.431Z,2.380000114440918,gauge_zero
2026-07-28 06:46:22,2026-07-28T09:46:22.408Z,2.380000114440918,gauge_zero
2026-07-28 06:56:22,2026-07-28T09:56:22.404Z,2.380000114440918,gauge_zero
2026-07-28 07:06:22,2026-07-28T10:06:22.408Z,2.380000114440918,gauge_zero
2026-07-28 07:16:22,2026-07-28T10:16:22.412Z,2.380000114440918,gauge_zero
2026-07-28 07:26:22,2026-07-28T10:26:22.391Z,2.380000114440918,gauge_zero
2026-07-28 07:36:22,2026-07-28T10:36:22.412Z,2.380000114440918,gauge_zero
2026-07-28 07:46:22,2026-07-28T10:46:22.399Z,2.380000114440918,gauge_zero
2026-07-28 07:56:22,2026-07-28T10:56:22.835Z,2.380000114440918,gauge_zero
2026-07-28 08:06:22,2026-07-28T11:06:22.416Z,2.380000114440918,gauge_zero
2026-07-28 08:16:22,2026-07-28T11:16:22.419Z,2.380000114440918,gauge_zero
2026-07-28 08:26:22,2026-07-28T11:26:22.413Z,2.380000114440918,gauge_zero
2026-07-28 08:36:22,2026-07-28T11:36:22.422Z,2.380000114440918,gauge_zero
2026-07-28 08:46:22,2026-07-28T11:46:22.415Z,2.380000114440918,gauge_zero
2026-07-28 08:56:23,2026-07-28T11:56:23.062Z,2.369999885559082,gauge_zero
2026-07-28 09:06:22,2026-07-28T12:06:22.384Z,2.369999885559082,gauge_zero
2026-07-28 09:16:22,2026-07-28T12:16:22.409Z,2.369999885559082,gauge_zero
2026-07-28 09:26:22,2026-07-28T12:26:22.442Z,2.369999885559082,gauge_zero
2026-07-28 09:36:22,2026-07-28T12:36:22.472Z,2.369999885559082,gauge_zero
2026-07-28 09:46:22,2026-07-28T12:46:22.422Z,2.3499999046325684,gauge_zero
2026-07-28 09:56:22,2026-07-28T12:56:22.425Z,2.3499999046325684,gauge_zero
2026-07-28 10:06:22,2026-07-28T13:06:22.404Z,2.369999885559082,gauge_zero
2026-07-28 10:16:22,2026-07-28T13:16:22.415Z,2.380000114440918,gauge_zero
2026-07-28 10:26:22,2026-07-28T13:26:22.415Z,2.380000114440918,gauge_zero
2026-07-28 10:36:22,2026-07-28T13:36:22.443Z,2.380000114440918,gauge_zero
2026-07-28 10:46:22,2026-07-28T13:46:22.432Z,2.380000114440918,gauge_zero
2026-07-28 10:56:22,2026-07-28T13:56:22.444Z,2.380000114440918,gauge_zero
2026-07-28 11:06:22,2026-07-28T14:06:22.452Z,2.380000114440918,gauge_zero
2026-07-28 11:16:22,2026-07-28T14:16:22.433Z,2.380000114440918,gauge_zero
2026-07-28 11:26:22,2026-07-28T14:26:22.418Z,2.380000114440918,gauge_zero
2026-07-28 11:36:22,2026-07-28T14:36:22.414Z,2.380000114440918,gauge_zero
2026-07-28 11:46:22,2026-07-28T14:46:22.437Z,2.380000114440918,gauge_zero
2026-07-28 11:56:22,2026-07-28T14:56:22.406Z,2.380000114440918,gauge_zero
2026-07-28 12:06:22,2026-07-28T15:06:22.424Z,2.380000114440918,gauge_zero
2026-07-28 12:16:22,2026-07-28T15:16:22.404Z,2.380000114440918,gauge_zero
2026-07-28 12:26:22,2026-07-28T15:26:22.427Z,2.369999885559082,gauge_zero
2026-07-28 12:36:22,2026-07-28T15:36:22.435Z,2.369999885559082,gauge_zero
2026-07-28 12:46:22,2026-07-28T15:46:22.413Z,2.369999885559082,gauge_zero
2026-07-28 12:56:22,2026-07-28T15:56:22.44Z,2.369999885559082,gauge_zero
2026-07-28 13:06:22,2026-07-28T16:06:22.423Z,2.369999885559082,gauge_zero
2026-07-28 13:16:22,2026-07-28T16:16:22.429Z,2.369999885559082,gauge_zero
2026-07-28 13:26:22,2026-07-28T16:26:22.426Z,2.369999885559082,gauge_zero
2026-07-28 13:36:22,2026-07-28T16:36:22.428Z,2.3499999046325684,gauge_zero
2026-07-28 13:46:22,2026-07-28T16:46:22.445Z,2.3499999046325684,gauge_zero
2026-07-28 13:56:22,2026-07-28T16:56:22.433Z,2.3299999237060547,gauge_zero
2026-07-28 14:06:22,2026-07-28T17:06:22.439Z,2.3299999237060547,gauge_zero
2026-07-28 14:16:22,2026-07-28T17:16:22.44Z,2.380000114440918,gauge_zero
2026-07-28 14:26:22,2026-07-28T17:26:22.426Z,2.4000000953674316,gauge_zero
2026-07-28 14:36:22,2026-07-28T17:36:22.492Z,2.4000000953674316,gauge_zero
2026-07-28 14:46:22,2026-07-28T17:46:22.427Z,2.380000114440918,gauge_zero
2026-07-28 14:56:22,2026-07-28T17:56:22.44Z,2.380000114440918,gauge_zero
2026-07-28 15:06:22,2026-07-28T18:06:22.423Z,2.380000114440918,gauge_zero
2026-07-28 15:16:22,2026-07-28T18:16:22.445Z,2.380000114440918,gauge_zero
2026-07-28 15:26:22,2026-07-28T18:26:22.483Z,2.380000114440918,gauge_zero
2026-07-28 15:36:22,2026-07-28T18:36:22.443Z,2.369999885559082,gauge_zero
2026-07-28 15:46:22,2026-07-28T18:46:22.427Z,2.369999885559082,gauge_zero
2026-07-28 15:56:22,2026-07-28T18:56:22.469Z,2.369999885559082,gauge_zero
2026-07-28 16:06:22,2026-07-28T19:06:22.444Z,2.3499999046325684,gauge_zero
2026-07-28 16:16:22,2026-07-28T19:16:22.431Z,2.380000114440918,gauge_zero
2026-07-28 16:26:22,2026-07-28T19:26:22.44Z,2.4000000953674316,gauge_zero
2026-07-28 16:36:22,2026-07-28T19:36:22.442Z,2.4000000953674316,gauge_zero
2026-07-28 16:46:22,2026-07-28T19:46:22.418Z,2.4000000953674316,gauge_zero
2026-07-28 16:56:22,2026-07-28T19:56:22.432Z,2.4000000953674316,gauge_zero
2026-07-28 17:06:22,2026-07-28T20:06:22.436Z,2.4000000953674316,gauge_zero
2026-07-28 17:16:22,2026-07-28T20:16:22.42Z,2.380000114440918,gauge_zero
2026-07-28 17:26:22,2026-07-28T20:26:22.428Z,2.380000114440918,gauge_zero
2026-07-28 17:36:22,2026-07-28T20:36:22.43Z,2.380000114440918,gauge_zero
2026-07-28 17:46:22,2026-07-28T20:46:22.439Z,2.380000114440918,gauge_zero
2026-07-28 17:56:37,2026-07-28T20:56:37.415Z,2.369999885559082,gauge_zero
2026-07-28 18:26:22,2026-07-28T21:26:22.441Z,2.380000114440918,gauge_zero
2026-07-28 18:36:22,2026-07-28T21:36:22.455Z,2.380000114440918,gauge_zero
2026-07-28 18:46:22,2026-07-28T21:46:22.427Z,2.380000114440918,gauge_zero
2026-07-28 18:56:22,2026-07-28T21:56:22.427Z,2.380000114440918,gauge_zero
2026-07-28 19:06:22,2026-07-28T22:06:22.447Z,2.4200000762939453,gauge_zero
2026-07-28 19:16:22,2026-07-28T22:16:22.433Z,2.4200000762939453,gauge_zero
2026-07-28 19:26:22,2026-07-28T22:26:22.418Z,2.4200000762939453,gauge_zero
2026-07-28 19:36:22,2026-07-28T22:36:22.446Z,2.4200000762939453,gauge_zero
2026-07-28 19:46:22,2026-07-28T22:46:22.458Z,2.4200000762939453,gauge_zero
2026-07-28 19:56:22,2026-07-28T22:56:22.443Z,2.4600000381469727,gauge_zero
2026-07-28 20:06:22,2026-07-28T23:06:22.425Z,2.4800000190734863,gauge_zero
2026-07-28 20:16:22,2026-07-28T23:16:22.434Z,2.4800000190734863,gauge_zero
2026-07-28 20:26:22,2026-07-28T23:26:22.428Z,2.4600000381469727,gauge_zero
2026-07-28 20:36:22,2026-07-28T23:36:22.456Z,2.4800000190734863,gauge_zero
2026-07-28 20:46:22,2026-07-28T23:46:22.441Z,2.5199999809265137,gauge_zero
2026-07-28 20:56:22,2026-07-28T23:56:22.434Z,2.5399999618530273,gauge_zero
2026-07-28 21:06:22,2026-07-29T00:06:22.598Z,2.5399999618530273,gauge_zero
2026-07-28 21:16:22,2026-07-29T00:16:22.475Z,2.5399999618530273,gauge_zero
2026-07-28 21:26:22,2026-07-29T00:26:22.451Z,2.5399999618530273,gauge_zero
2026-07-28 21:36:22,2026-07-29T00:36:22.488Z,2.5399999618530273,gauge_zero
2026-07-28 21:46:22,2026-07-29T00:46:22.466Z,2.5199999809265137,gauge_zero
2026-07-28 21:56:22,2026-07-29T00:56:22.434Z,2.5199999809265137,gauge_zero
2026-07-28 22:06:22,2026-07-29T01:06:22.47Z,2.5199999809265137,gauge_zero
2026-07-28 22:16:22,2026-07-29T01:16:22.441Z,2.5199999809265137,gauge_zero
2026-07-28 22:26:22,2026-07-29T01:26:22.448Z,2.5199999809265137,gauge_zero
2026-07-28 22:36:22,2026-07-29T01:36:22.455Z,2.5199999809265137,gauge_zero
2026-07-28 22:46:22,2026-07-29T01:46:22.479Z,2.5199999809265137,gauge_zero
2026-07-28 22:56:22,2026-07-29T01:56:22.465Z,2.5,gauge_zero
2026-07-28 23:06:22,2026-07-29T02:06:22.456Z,2.5,gauge_zero
2026-07-28 23:16:22,2026-07-29T02:16:22.465Z,2.5,gauge_zero
2026-07-28 23:26:22,2026-07-29T02:26:22.465Z,2.4800000190734863,gauge_zero
2026-07-28 23:36:22,2026-07-29T02:36:22.448Z,2.4800000190734863,gauge_zero
2026-07-28 23:46:24,2026-07-29T02:46:24.154Z,2.4800000190734863,gauge_zero
2026-07-28 23:56:24,2026-07-29T02:56:24.182Z,2.4600000381469727,gauge_zero
2026-07-29 00:06:24,2026-07-29T03:06:24.137Z,2.4600000381469727,gauge_zero
2026-07-29 00:16:24,2026-07-29T03:16:24.139Z,2.4600000381469727,gauge_zero
2026-07-29 00:26:24,2026-07-29T03:26:24.114Z,2.4600000381469727,gauge_zero
2026-07-29 00:36:24,2026-07-29T03:36:24.092Z,2.4600000381469727,gauge_zero
2026-07-29 00:46:24,2026-07-29T03:46:24.162Z,2.440000057220459,gauge_zero
2026-07-29 00:56:24,2026-07-29T03:56:24.142Z,2.440000057220459,gauge_zero
2026-07-29 01:06:24,2026-07-29T04:06:24.15Z,2.440000057220459,gauge_zero
2026-07-29 01:16:24,2026-07-29T04:16:24.172Z,2.440000057220459,gauge_zero
2026-07-29 01:26:24,2026-07-29T04:26:24.135Z,2.440000057220459,gauge_zero
2026-07-29 01:36:24,2026-07-29T04:36:24.138Z,2.440000057220459,gauge_zero
2026-07-29 01:46:24,2026-07-29T04:46:24.135Z,2.440000057220459,gauge_zero
2026-07-29 01:56:24,2026-07-29T04:56:24.123Z,2.440000057220459,gauge_zero
2026-07-29 02:06:24,2026-07-29T05:06:24.133Z,2.4200000762939453,gauge_zero
2026-07-29 02:16:24,2026-07-29T05:16:24.125Z,2.4200000762939453,gauge_zero
2026-07-29 02:26:24,2026-07-29T05:26:24.134Z,2.4200000762939453,gauge_zero
2026-07-29 02:36:31,2026-07-29T05:36:31.925Z,2.4200000762939453,gauge_zero
2026-07-29 02:46:31,2026-07-29T05:46:31.943Z,2.4200000762939453,gauge_zero
2026-07-29 02:56:31,2026-07-29T05:56:31.936Z,2.4200000762939453,gauge_zero
2026-07-29 03:06:31,2026-07-29T06:06:31.949Z,2.4200000762939453,gauge_zero
2026-07-29 03:16:31,2026-07-29T06:16:31.926Z,2.4200000762939453,gauge_zero
2026-07-29 03:26:31,2026-07-29T06:26:31.939Z,2.4200000762939453,gauge_zero
2026-07-29 03:36:31,2026-07-29T06:36:31.936Z,2.4200000762939453,gauge_zero
2026-07-29 03:46:31,2026-07-29T06:46:31.963Z,2.4200000762939453,gauge_zero
2026-07-29 03:56:31,2026-07-29T06:56:31.929Z,2.4200000762939453,gauge_zero
2026-07-29 04:06:31,2026-07-29T07:06:31.938Z,2.4200000762939453,gauge_zero
2026-07-29 04:16:31,2026-07-29T07:16:31.923Z,2.4200000762939453,gauge_zero
2026-07-29 04:26:31,2026-07-29T07:26:31.96Z,2.4200000762939453,gauge_zero
2026-07-29 04:36:31,2026-07-29T07:36:31.937Z,2.4000000953674316,gauge_zero
2026-07-29 04:46:31,2026-07-29T07:46:31.945Z,2.4000000953674316,gauge_zero
2026-07-29 04:56:31,2026-07-29T07:56:31.931Z,2.4000000953674316,gauge_zero
2026-07-29 05:06:31,2026-07-29T08:06:31.943Z,2.4000000953674316,gauge_zero
2026-07-29 05:16:31,2026-07-29T08:16:31.954Z,2.4000000953674316,gauge_zero
2026-07-29 05:25:46,2026-07-29T08:25:46.96Z,2.4000000953674316,gauge_zero
2026-07-29 05:36:31,2026-07-29T08:36:31.936Z,2.4000000953674316,gauge_zero
2026-07-29 05:46:31,2026-07-29T08:46:31.962Z,2.4000000953674316,gauge_zero
2026-07-29 05:56:31,2026-07-29T08:56:31.952Z,2.4000000953674316,gauge_zero
2026-07-29 06:06:31,2026-07-29T09:06:31.962Z,2.4000000953674316,gauge_zero
2026-07-29 06:16:31,2026-07-29T09:16:31.958Z,2.4000000953674316,gauge_zero
2026-07-29 06:26:31,2026-07-29T09:26:31.954Z,2.4000000953674316,gauge_zero
2026-07-29 06:36:31,2026-07-29T09:36:31.955Z,2.4000000953674316,gauge_zero
2026-07-29 06:46:31,2026-07-29T09:46:31.929Z,2.4000000953674316,gauge_zero
2026-07-29 06:56:31,2026-07-29T09:56:31.93Z,2.4000000953674316,gauge_zero
2026-07-29 07:06:31,2026-07-29T10:06:31.953Z,2.4000000953674316,gauge_zero
2026-07-29 07:16:31,2026-07-29T10:16:31.94Z,2.4000000953674316,gauge_zero
2026-07-29 07:26:31,2026-07-29T10:26:31.943Z,2.4000000953674316,gauge_zero
2026-07-29 07:36:16,2026-07-29T10:36:16.952Z,2.4000000953674316,gauge_zero
2026-07-29 07:46:34,2026-07-29T10:46:34.424Z,2.380000114440918,gauge_zero
2026-07-29 07:56:19,2026-07-29T10:56:19.427Z,2.4200000762939453,gauge_zero
2026-07-29 08:06:19,2026-07-29T11:06:19.432Z,2.440000057220459,gauge_zero
2026-07-29 08:16:19,2026-07-29T11:16:19.423Z,2.440000057220459,gauge_zero
2026-07-29 08:26:19,2026-07-29T11:26:19.42Z,2.440000057220459,gauge_zero
2026-07-29 08:36:19,2026-07-29T11:36:19.417Z,2.4600000381469727,gauge_zero
2026-07-29 08:46:04,2026-07-29T11:46:04.43Z,2.4800000190734863,gauge_zero
2026-07-29 08:56:04,2026-07-29T11:56:04.399Z,2.5,gauge_zero
2026-07-29 09:06:04,2026-07-29T12:06:04.431Z,2.5,gauge_zero
2026-07-29 09:16:19,2026-07-29T12:16:19.414Z,2.559999942779541,gauge_zero
2026-07-29 09:26:19,2026-07-29T12:26:19.416Z,2.5999999046325684,gauge_zero
2026-07-29 09:36:34,2026-07-29T12:36:34.433Z,2.690000057220459,gauge_zero
2026-07-29 09:46:19,2026-07-29T12:46:19.428Z,2.7100000381469727,gauge_zero
2026-07-29 09:56:04,2026-07-29T12:56:04.405Z,2.7300000190734863,gauge_zero
2026-07-29 10:06:19,2026-07-29T13:06:19.422Z,2.7699999809265137,gauge_zero
2026-07-29 10:16:19,2026-07-29T13:16:19.436Z,2.8499999046325684,gauge_zero
2026-07-29 10:26:19,2026-07-29T13:26:19.427Z,2.9000000953674316,gauge_zero
2026-07-29 10:36:19,2026-07-29T13:36:19.431Z,2.930000066757202,gauge_zero
2026-07-29 10:46:19,2026-07-29T13:46:19.412Z,2.9700000286102295,gauge_zero
2026-07-29 10:56:19,2026-07-29T13:56:19.444Z,3,gauge_zero
2026-07-29 11:06:34,2026-07-29T14:06:34.433Z,3.009999990463257,gauge_zero
2026-07-29 11:16:19,2026-07-29T14:16:19.418Z,3.0299999713897705,gauge_zero
2026-07-29 11:26:34,2026-07-29T14:26:34.589Z,3.059999942779541,gauge_zero
2026-07-29 11:36:19,2026-07-29T14:36:19.429Z,3.0899999141693115,gauge_zero
2026-07-29 11:46:19,2026-07-29T14:46:19.416Z,3.0999999046325684,gauge_zero
2026-07-29 11:56:34,2026-07-29T14:56:34.415Z,3.130000114440918,gauge_zero
2026-07-29 12:06:34,2026-07-29T15:06:34.434Z,3.0899999141693115,gauge_zero
2026-07-29 12:16:34,2026-07-29T15:16:34.425Z,3.069999933242798,gauge_zero
2026-07-29 12:26:34,2026-07-29T15:26:34.425Z,3.049999952316284,gauge_zero
2026-07-29 12:36:34,2026-07-29T15:36:34.422Z,3.0299999713897705,gauge_zero
2026-07-29 12:46:34,2026-07-29T15:46:34.469Z,3.009999990463257,gauge_zero
2026-07-29 12:56:34,2026-07-29T15:56:34.42Z,2.990000009536743,gauge_zero
2026-07-29 13:06:34,2026-07-29T16:06:34.435Z,2.9800000190734863,gauge_zero
2026-07-29 13:16:34,2026-07-29T16:16:34.409Z,2.9600000381469727,gauge_zero
2026-07-29 13:26:19,2026-07-29T16:26:19.455Z,2.9000000953674316,gauge_zero
2026-07-29 13:36:34,2026-07-29T16:36:34.424Z,2.880000114440918,gauge_zero
2026-07-29 13:46:34,2026-07-29T16:46:34.425Z,2.869999885559082,gauge_zero
2026-07-29 13:56:19,2026-07-29T16:56:19.439Z,2.8499999046325684,gauge_zero
2026-07-29 14:06:34,2026-07-29T17:06:34.426Z,2.8299999237060547,gauge_zero
2026-07-29 14:16:34,2026-07-29T17:16:34.425Z,2.809999942779541,gauge_zero
2026-07-29 14:26:34,2026-07-29T17:26:34.421Z,2.809999942779541,gauge_zero
2026-07-29 14:36:34,2026-07-29T17:36:34.435Z,2.809999942779541,gauge_zero
2026-07-29 14:46:34,2026-07-29T17:46:34.422Z,2.7899999618530273,gauge_zero
2026-07-29 14:56:34,2026-07-29T17:56:34.443Z,2.7699999809265137,gauge_zero
2026-07-29 15:06:34,2026-07-29T18:06:34.429Z,2.75,gauge_zero
2026-07-29 15:16:34,2026-07-29T18:16:34.433Z,2.75,gauge_zero
2026-07-29 15:26:34,2026-07-29T18:26:34.437Z,2.7300000190734863,gauge_zero
2026-07-29 15:36:34,2026-07-29T18:36:34.442Z,2.7100000381469727,gauge_zero
2026-07-29 15:46:34,2026-07-29T18:46:34.428Z,2.690000057220459,gauge_zero
2026-07-29 15:56:34,2026-07-29T18:56:34.452Z,2.690000057220459,gauge_zero
2026-07-29 16:06:34,2026-07-29T19:06:34.44Z,2.690000057220459,gauge_zero
2026-07-29 16:16:34,2026-07-29T19:16:34.443Z,2.6700000762939453,gauge_zero
2026-07-29 16:26:34,2026-07-29T19:26:34.421Z,2.6700000762939453,gauge_zero
2026-07-29 16:36:34,2026-07-29T19:36:34.439Z,2.6700000762939453,gauge_zero
2026-07-29 16:46:34,2026-07-29T19:46:34.431Z,2.6500000953674316,gauge_zero
2026-07-29 16:56:34,2026-07-29T19:56:34.454Z,2.6500000953674316,gauge_zero
2026-07-29 17:06:34,2026-07-29T20:06:34.435Z,2.6500000953674316,gauge_zero
2026-07-29 17:16:34,2026-07-29T20:16:34.438Z,2.630000114440918,gauge_zero
2026-07-29 17:26:34,2026-07-29T20:26:34.44Z,2.630000114440918,gauge_zero
2026-07-29 17:36:34,2026-07-29T20:36:34.439Z,2.630000114440918,gauge_zero
2026-07-29 17:46:34,2026-07-29T20:46:34.436Z,2.619999885559082,gauge_zero
2026-07-29 17:56:34,2026-07-29T20:56:34.521Z,2.619999885559082,gauge_zero
2026-07-29 18:06:34,2026-07-29T21:06:34.484Z,2.619999885559082,gauge_zero
2026-07-29 18:16:34,2026-07-29T21:16:34.464Z,2.5999999046325684,gauge_zero
2026-07-29 18:26:34,2026-07-29T21:26:34.446Z,2.5999999046325684,gauge_zero
2026-07-29 18:36:34,2026-07-29T21:36:34.453Z,2.5799999237060547,gauge_zero
2026-07-29 18:46:34,2026-07-29T21:46:34.46Z,2.5799999237060547,gauge_zero
2026-07-29 18:56:34,2026-07-29T21:56:34.479Z,2.5799999237060547,gauge_zero
2026-07-29 19:06:34,2026-07-29T22:06:34.584Z,2.5799999237060547,gauge_zero
2026-07-29 19:16:34,2026-07-29T22:16:34.469Z,2.5799999237060547,gauge_zero
2026-07-29 19:26:34,2026-07-29T22:26:34.446Z,2.5799999237060547,gauge_zero
2026-07-29 19:36:34,2026-07-29T22:36:34.461Z,2.5799999237060547,gauge_zero
2026-07-29 19:46:34,2026-07-29T22:46:34.454Z,2.5799999237060547,gauge_zero
2026-07-29 19:56:34,2026-07-29T22:56:34.444Z,2.5799999237060547,gauge_zero
2026-07-29 20:06:34,2026-07-29T23:06:34.465Z,2.559999942779541,gauge_zero
2026-07-29 20:16:34,2026-07-29T23:16:34.485Z,2.559999942779541,gauge_zero
2026-07-29 20:26:34,2026-07-29T23:26:34.465Z,2.559999942779541,gauge_zero
2026-07-29 20:36:34,2026-07-29T23:36:34.477Z,2.559999942779541,gauge_zero
2026-07-29 20:46:34,2026-07-29T23:46:34.507Z,2.559999942779541,gauge_zero
2026-07-29 20:56:34,2026-07-29T23:56:34.482Z,2.5399999618530273,gauge_zero
2026-07-29 21:06:34,2026-07-30T00:06:34.48Z,2.5399999618530273,gauge_zero
2026-07-29 21:16:34,2026-07-30T00:16:34.481Z,2.5399999618530273,gauge_zero
2026-07-29 21:26:34,2026-07-30T00:26:34.493Z,2.5399999618530273,gauge_zero
2026-07-29 21:36:34,2026-07-30T00:36:34.465Z,2.5399999618530273,gauge_zero
2026-07-29 21:46:34,2026-07-30T00:46:34.482Z,2.5399999618530273,gauge_zero
2026-07-29 21:56:34,2026-07-30T00:56:34.465Z,2.5399999618530273,gauge_zero
2026-07-29 22:06:34,2026-07-30T01:06:34.468Z,2.5399999618530273,gauge_zero
2026-07-29 22:16:34,2026-07-30T01:16:34.467Z,2.5199999809265137,gauge_zero
2026-07-29 22:26:34,2026-07-30T01:26:34.46Z,2.5199999809265137,gauge_zero
2026-07-29 22:36:34,2026-07-30T01:36:34.493Z,2.5199999809265137,gauge_zero
2026-07-29 22:46:34,2026-07-30T01:46:34.492Z,2.5199999809265137,gauge_zero
2026-07-29 22:56:34,2026-07-30T01:56:34.471Z,2.5,gauge_zero
2026-07-29 23:06:34,2026-07-30T02:06:34.49Z,2.5,gauge_zero
2026-07-29 23:16:34,2026-07-30T02:16:34.477Z,2.5199999809265137,gauge_zero
2026-07-29 23:26:34,2026-07-30T02:26:34.471Z,2.5199999809265137,gauge_zero
2026-07-29 23:36:34,2026-07-30T02:36:34.462Z,2.5199999809265137,gauge_zero
2026-07-29 23:46:34,2026-07-30T02:46:34.47Z,2.5199999809265137,gauge_zero
2026-07-29 23:56:34,2026-07-30T02:56:34.463Z,2.5199999809265137,gauge_zero
2026-07-30 00:06:34,2026-07-30T03:06:34.485Z,2.5,gauge_zero
2026-07-30 00:16:34,2026-07-30T03:16:34.482Z,2.5,gauge_zero
2026-07-30 00:26:34,2026-07-30T03:26:34.458Z,2.5,gauge_zero
2026-07-30 00:36:34,2026-07-30T03:36:34.472Z,2.5,gauge_zero
2026-07-30 00:46:34,2026-07-30T03:46:34.514Z,2.5,gauge_zero
2026-07-30 00:56:34,2026-07-30T03:56:34.462Z,2.5,gauge_zero
2026-07-30 01:06:34,2026-07-30T04:06:34.454Z,2.5,gauge_zero
2026-07-30 01:16:34,2026-07-30T04:16:34.456Z,2.5,gauge_zero
2026-07-30 01:26:34,2026-07-30T04:26:34.457Z,2.4800000190734863,gauge_zero
2026-07-30 01:36:34,2026-07-30T04:36:34.454Z,2.4800000190734863,gauge_zero
2026-07-30 01:46:34,2026-07-30T04:46:34.448Z,2.4800000190734863,gauge_zero
2026-07-30 01:56:34,2026-07-30T04:56:34.464Z,2.4800000190734863,gauge_zero
2026-07-30 02:06:34,2026-07-30T05:06:34.433Z,2.4800000190734863,gauge_zero
2026-07-30 02:16:34,2026-07-30T05:16:34.494Z,2.4800000190734863,gauge_zero
2026-07-30 02:26:34,2026-07-30T05:26:34.461Z,2.4800000190734863,gauge_zero
2026-07-30 02:36:34,2026-07-30T05:36:34.452Z,2.4800000190734863,gauge_zero
2026-07-30 02:46:34,2026-07-30T05:46:34.455Z,2.4800000190734863,gauge_zero
2026-07-30 02:56:34,2026-07-30T05:56:34.467Z,2.4800000190734863,gauge_zero
2026-07-30 03:06:34,2026-07-30T06:06:34.451Z,2.4800000190734863,gauge_zero
2026-07-30 03:16:34,2026-07-30T06:16:34.452Z,2.4800000190734863,gauge_zero
2026-07-30 03:26:34,2026-07-30T06:26:34.452Z,2.4800000190734863,gauge_zero
2026-07-30 03:36:34,2026-07-30T06:36:34.471Z,2.4800000190734863,gauge_zero
2026-07-30 03:46:34,2026-07-30T06:46:34.499Z,2.4800000190734863,gauge_zero
2026-07-30 03:56:34,2026-07-30T06:56:34.466Z,2.4800000190734863,gauge_zero
2026-07-30 04:06:34,2026-07-30T07:06:34.463Z,2.4800000190734863,gauge_zero
2026-07-30 04:16:34,2026-07-30T07:16:34.518Z,2.4800000190734863,gauge_zero
2026-07-30 04:26:34,2026-07-30T07:26:34.453Z,2.4800000190734863,gauge_zero
2026-07-30 04:36:34,2026-07-30T07:36:34.472Z,2.4600000381469727,gauge_zero
2026-07-30 04:46:34,2026-07-30T07:46:34.473Z,2.4600000381469727,gauge_zero
2026-07-30 04:56:34,2026-07-30T07:56:34.461Z,2.4600000381469727,gauge_zero
2026-07-30 05:06:34,2026-07-30T08:06:34.478Z,2.4600000381469727,gauge_zero
2026-07-30 05:16:34,2026-07-30T08:16:34.471Z,2.4600000381469727,gauge_zero
2026-07-30 05:26:34,2026-07-30T08:26:34.472Z,2.4600000381469727,gauge_zero
2026-07-30 05:36:34,2026-07-30T08:36:34.451Z,2.4600000381469727,gauge_zero
2026-07-30 05:46:34,2026-07-30T08:46:34.459Z,2.4600000381469727,gauge_zero
2026-07-30 05:56:34,2026-07-30T08:56:34.477Z,2.4600000381469727,gauge_zero
2026-07-30 06:06:34,2026-07-30T09:06:34.45Z,2.4600000381469727,gauge_zero
2026-07-30 06:16:34,2026-07-30T09:16:34.476Z,2.4600000381469727,gauge_zero
2026-07-30 06:26:34,2026-07-30T09:26:34.478Z,2.4600000381469727,gauge_zero
2026-07-30 06:36:34,2026-07-30T09:36:34.455Z,2.4600000381469727,gauge_zero
2026-07-30 06:46:34,2026-07-30T09:46:34.464Z,2.4600000381469727,gauge_zero
2026-07-30 06:56:34,2026-07-30T09:56:34.471Z,2.4600000381469727,gauge_zero
2026-07-30 07:06:34,2026-07-30T10:06:34.495Z,2.4600000381469727,gauge_zero
2026-07-30 07:16:34,2026-07-30T10:16:34.489Z,2.4600000381469727,gauge_zero
2026-07-30 07:26:34,2026-07-30T10:26:34.477Z,2.4600000381469727,gauge_zero
2026-07-30 07:36:34,2026-07-30T10:36:34.478Z,2.4600000381469727,gauge_zero
2026-07-30 07:46:34,2026-07-30T10:46:34.464Z,2.4600000381469727,gauge_zero
2026-07-30 07:56:34,2026-07-30T10:56:34.481Z,2.4600000381469727,gauge_zero
2026-07-30 08:06:34,2026-07-30T11:06:34.486Z,2.4600000381469727,gauge_zero
2026-07-30 08:16:34,2026-07-30T11:16:34.47Z,2.4600000381469727,gauge_zero
2026-07-30 08:26:34,2026-07-30T11:26:34.456Z,2.4600000381469727,gauge_zero
2026-07-30 08:36:34,2026-07-30T11:36:34.47Z,2.4600000381469727,gauge_zero
2026-07-30 08:46:34,2026-07-30T11:46:34.474Z,2.4600000381469727,gauge_zero
2026-07-30 08:56:34,2026-07-30T11:56:34.471Z,2.4600000381469727,gauge_zero
2026-07-30 09:06:34,2026-07-30T12:06:34.469Z,2.4600000381469727,gauge_zero
2026-07-30 09:16:34,2026-07-30T12:16:34.477Z,2.4600000381469727,gauge_zero
2026-07-30 09:26:34,2026-07-30T12:26:34.469Z,2.440000057220459,gauge_zero
2026-07-30 09:36:34,2026-07-30T12:36:34.479Z,2.4600000381469727,gauge_zero
2026-07-30 09:46:34,2026-07-30T12:46:34.46Z,2.4600000381469727,gauge_zero
2026-07-30 09:56:34,2026-07-30T12:56:34.467Z,2.4600000381469727,gauge_zero
2026-07-30 10:06:34,2026-07-30T13:06:34.489Z,2.4600000381469727,gauge_zero
2026-07-30 10:16:34,2026-07-30T13:16:34.465Z,2.4600000381469727,gauge_zero
2026-07-30 10:26:34,2026-07-30T13:26:34.486Z,2.4600000381469727,gauge_zero
2026-07-30 10:36:34,2026-07-30T13:36:34.48Z,2.440000057220459,gauge_zero
2026-07-30 10:46:34,2026-07-30T13:46:34.472Z,2.440000057220459,gauge_zero
2026-07-30 10:56:34,2026-07-30T13:56:34.471Z,2.440000057220459,gauge_zero
2026-07-30 11:06:34,2026-07-30T14:06:34.5Z,2.440000057220459,gauge_zero
2026-07-30 11:16:34,2026-07-30T14:16:34.539Z,2.440000057220459,gauge_zero
2026-07-30 11:26:34,2026-07-30T14:26:34.481Z,2.440000057220459,gauge_zero
2026-07-30 11:36:34,2026-07-30T14:36:34.475Z,2.440000057220459,gauge_zero
2026-07-30 11:46:34,2026-07-30T14:46:34.573Z,2.440000057220459,gauge_zero
2026-07-30 11:56:34,2026-07-30T14:56:34.479Z,2.440000057220459,gauge_zero
2026-07-30 12:06:34,2026-07-30T15:06:34.487Z,2.440000057220459,gauge_zero
2026-07-30 12:16:34,2026-07-30T15:16:34.49Z,2.440000057220459,gauge_zero
2026-07-30 12:26:34,2026-07-30T15:26:34.491Z,2.440000057220459,gauge_zero
2026-07-30 12:36:34,2026-07-30T15:36:34.537Z,2.440000057220459,gauge_zero
2026-07-30 12:46:34,2026-07-30T15:46:34.472Z,2.440000057220459,gauge_zero
2026-07-30 12:56:34,2026-07-30T15:56:34.487Z,2.440000057220459,gauge_zero
2026-07-30 13:06:34,2026-07-30T16:06:34.481Z,2.440000057220459,gauge_zero
2026-07-30 13:16:34,2026-07-30T16:16:34.473Z,2.440000057220459,gauge_zero
2026-07-30 13:26:34,2026-07-30T16:26:34.475Z,2.440000057220459,gauge_zero
2026-07-30 13:36:34,2026-07-30T16:36:34.473Z,2.440000057220459,gauge_zero
2026-07-30 13:46:34,2026-07-30T16:46:34.505Z,2.440000057220459,gauge_zero
2026-07-30 13:56:34,2026-07-30T16:56:34.48Z,2.440000057220459,gauge_zero
2026-07-30 14:06:34,2026-07-30T17:06:34.5Z,2.440000057220459,gauge_zero
2026-07-30 14:16:34,2026-07-30T17:16:34.465Z,2.440000057220459,gauge_zero
2026-07-30 14:26:34,2026-07-30T17:26:34.516Z,2.440000057220459,gauge_zero
2026-07-30 14:36:34,2026-07-30T17:36:34.509Z,2.440000057220459,gauge_zero
2026-07-30 14:46:34,2026-07-30T17:46:34.489Z,2.440000057220459,gauge_zero
2026-07-30 14:56:34,2026-07-30T17:56:34.516Z,2.440000057220459,gauge_zero
2026-07-30 15:06:34,2026-07-30T18:06:34.485Z,2.4200000762939453,gauge_zero
2026-07-30 15:16:34,2026-07-30T18:16:34.461Z,2.4200000762939453,gauge_zero
2026-07-30 15:26:34,2026-07-30T18:26:34.494Z,2.4200000762939453,gauge_zero
2026-07-30 15:36:34,2026-07-30T18:36:34.499Z,2.4200000762939453,gauge_zero
2026-07-30 15:46:34,2026-07-30T18:46:34.478Z,2.4200000762939453,gauge_zero
2026-07-30 15:56:34,2026-07-30T18:56:34.481Z,2.440000057220459,gauge_zero
2026-07-30 16:06:34,2026-07-30T19:06:34.471Z,2.440000057220459,gauge_zero
2026-07-30 16:15:49,2026-07-30T19:15:49.539Z,2.440000057220459,gauge_zero
2026-07-30 16:26:34,2026-07-30T19:26:34.513Z,2.4200000762939453,gauge_zero
2026-07-30 16:36:04,2026-07-30T19:36:04.487Z,2.4200000762939453,gauge_zero
2026-07-30 16:56:29,2026-07-30T19:56:29.395Z,2.430000066757202,gauge_zero
2026-07-30 17:06:29,2026-07-30T20:06:29.389Z,2.430000066757202,gauge_zero
2026-07-30 17:16:29,2026-07-30T20:16:29.385Z,2.430000066757202,gauge_zero
2026-07-30 17:26:29,2026-07-30T20:26:29.398Z,2.430000066757202,gauge_zero
2026-07-30 17:36:29,2026-07-30T20:36:29.385Z,2.430000066757202,gauge_zero
2026-07-30 17:46:29,2026-07-30T20:46:29.381Z,2.430000066757202,gauge_zero
2026-07-30 17:56:29,2026-07-30T20:56:29.414Z,2.430000066757202,gauge_zero
2026-07-30 18:06:29,2026-07-30T21:06:29.411Z,2.430000066757202,gauge_zero
2026-07-30 18:16:29,2026-07-30T21:16:29.39Z,2.430000066757202,gauge_zero
2026-07-30 18:26:29,2026-07-30T21:26:29.407Z,2.430000066757202,gauge_zero
2026-07-30 18:36:29,2026-07-30T21:36:29.409Z,2.430000066757202,gauge_zero
2026-07-30 18:46:29,2026-07-30T21:46:29.411Z,2.430000066757202,gauge_zero
2026-07-30 18:56:29,2026-07-30T21:56:29.387Z,2.430000066757202,gauge_zero
2026-07-30 19:06:29,2026-07-30T22:06:29.418Z,2.430000066757202,gauge_zero
2026-07-30 19:16:29,2026-07-30T22:16:29.407Z,2.430000066757202,gauge_zero
2026-07-30 19:26:29,2026-07-30T22:26:29.419Z,2.430000066757202,gauge_zero
2026-07-30 19:36:29,2026-07-30T22:36:29.406Z,2.430000066757202,gauge_zero
2026-07-30 19:46:29,2026-07-30T22:46:29.406Z,2.430000066757202,gauge_zero
2026-07-30 19:56:29,2026-07-30T22:56:29.419Z,2.430000066757202,gauge_zero
2026-07-30 20:06:29,2026-07-30T23:06:29.412Z,2.430000066757202,gauge_zero
2026-07-30 20:16:29,2026-07-30T23:16:29.416Z,2.430000066757202,gauge_zero
2026-07-30 20:26:29,2026-07-30T23:26:29.433Z,2.430000066757202,gauge_zero
2026-07-30 20:36:29,2026-07-30T23:36:29.419Z,2.430000066757202,gauge_zero
2026-07-30 20:46:29,2026-07-30T23:46:29.411Z,2.430000066757202,gauge_zero
2026-07-30 20:56:29,2026-07-30T23:56:29.401Z,2.430000066757202,gauge_zero
2026-07-30 21:06:29,2026-07-31T00:06:29.406Z,2.430000066757202,gauge_zero
2026-07-30 21:16:29,2026-07-31T00:16:29.395Z,2.430000066757202,gauge_zero
2026-07-30 21:26:29,2026-07-31T00:26:29.386Z,2.430000066757202,gauge_zero
2026-07-30 21:36:29,2026-07-31T00:36:29.439Z,2.430000066757202,gauge_zero
2026-07-30 21:46:29,2026-07-31T00:46:29.405Z,2.430000066757202,gauge_zero
2026-07-30 21:56:29,2026-07-31T00:56:29.393Z,2.430000066757202,gauge_zero
2026-07-30 22:06:29,2026-07-31T01:06:29.41Z,2.430000066757202,gauge_zero
2026-07-30 22:16:29,2026-07-31T01:16:29.426Z,2.430000066757202,gauge_zero
2026-07-30 22:26:29,2026-07-31T01:26:29.399Z,2.430000066757202,gauge_zero
2026-07-30 22:36:29,2026-07-31T01:36:29.404Z,2.430000066757202,gauge_zero
2026-07-30 22:46:29,2026-07-31T01:46:29.414Z,2.430000066757202,gauge_zero
2026-07-30 22:56:29,2026-07-31T01:56:29.396Z,2.430000066757202,gauge_zero
2026-07-30 23:06:29,2026-07-31T02:06:29.405Z,2.430000066757202,gauge_zero
2026-07-30 23:16:29,2026-07-31T02:16:29.413Z,2.430000066757202,gauge_zero
2026-07-30 23:26:29,2026-07-31T02:26:29.407Z,2.430000066757202,gauge_zero
2026-07-30 23:36:29,2026-07-31T02:36:29.395Z,2.430000066757202,gauge_zero
2026-07-30 23:46:29,2026-07-31T02:46:29.411Z,2.430000066757202,gauge_zero
2026-07-30 23:56:29,2026-07-31T02:56:29.396Z,2.430000066757202,gauge_zero
2026-07-31 00:06:29,2026-07-31T03:06:29.404Z,2.430000066757202,gauge_zero
2026-07-31 00:16:29,2026-07-31T03:16:29.453Z,2.430000066757202,gauge_zero
2026-07-31 00:26:29,2026-07-31T03:26:29.428Z,2.430000066757202,gauge_zero
2026-07-31 00:36:29,2026-07-31T03:36:29.414Z,2.430000066757202,gauge_zero
2026-07-31 00:46:29,2026-07-31T03:46:29.408Z,2.430000066757202,gauge_zero
2026-07-31 00:56:29,2026-07-31T03:56:29.417Z,2.430000066757202,gauge_zero
2026-07-31 01:06:29,2026-07-31T04:06:29.42Z,2.430000066757202,gauge_zero
2026-07-31 01:16:29,2026-07-31T04:16:29.425Z,2.4100000858306885,gauge_zero
2026-07-31 01:26:29,2026-07-31T04:26:29.439Z,2.4100000858306885,gauge_zero
2026-07-31 01:36:29,2026-07-31T04:36:29.432Z,2.4100000858306885,gauge_zero
2026-07-31 01:46:29,2026-07-31T04:46:29.425Z,2.4100000858306885,gauge_zero
2026-07-31 01:56:29,2026-07-31T04:56:29.431Z,2.4100000858306885,gauge_zero
2026-07-31 02:06:29,2026-07-31T05:06:29.416Z,2.4100000858306885,gauge_zero
2026-07-31 02:16:29,2026-07-31T05:16:29.426Z,2.4100000858306885,gauge_zero
2026-07-31 02:26:29,2026-07-31T05:26:29.434Z,2.4100000858306885,gauge_zero
2026-07-31 02:36:29,2026-07-31T05:36:29.42Z,2.4100000858306885,gauge_zero
2026-07-31 02:46:29,2026-07-31T05:46:29.422Z,2.4100000858306885,gauge_zero
2026-07-31 02:56:29,2026-07-31T05:56:29.432Z,2.4100000858306885,gauge_zero
2026-07-31 03:06:29,2026-07-31T06:06:29.425Z,2.4100000858306885,gauge_zero
2026-07-31 03:16:29,2026-07-31T06:16:29.421Z,2.4100000858306885,gauge_zero
2026-07-31 03:26:29,2026-07-31T06:26:29.445Z,2.4100000858306885,gauge_zero
2026-07-31 03:36:29,2026-07-31T06:36:29.432Z,2.4100000858306885,gauge_zero
2026-07-31 03:46:30,2026-07-31T06:46:30.374Z,2.4100000858306885,gauge_zero
2026-07-31 03:56:29,2026-07-31T06:56:29.527Z,2.4100000858306885,gauge_zero
2026-07-31 04:06:29,2026-07-31T07:06:29.424Z,2.4100000858306885,gauge_zero
2026-07-31 04:16:29,2026-07-31T07:16:29.439Z,2.4100000858306885,gauge_zero
2026-07-31 04:26:29,2026-07-31T07:26:29.457Z,2.4100000858306885,gauge_zero
2026-07-31 04:36:29,2026-07-31T07:36:29.429Z,2.4100000858306885,gauge_zero
2026-07-31 04:46:29,2026-07-31T07:46:29.446Z,2.4100000858306885,gauge_zero
2026-07-31 04:56:29,2026-07-31T07:56:29.439Z,2.4100000858306885,gauge_zero
2026-07-31 05:06:29,2026-07-31T08:06:29.438Z,2.4100000858306885,gauge_zero
2026-07-31 05:16:29,2026-07-31T08:16:29.432Z,2.4100000858306885,gauge_zero
2026-07-31 05:26:29,2026-07-31T08:26:29.424Z,2.4100000858306885,gauge_zero
2026-07-31 05:36:29,2026-07-31T08:36:29.423Z,2.4100000858306885,gauge_zero
2026-07-31 05:46:29,2026-07-31T08:46:29.445Z,2.4100000858306885,gauge_zero
2026-07-31 05:56:29,2026-07-31T08:56:29.427Z,2.4100000858306885,gauge_zero
2026-07-31 06:06:29,2026-07-31T09:06:29.441Z,2.4100000858306885,gauge_zero
2026-07-31 06:16:29,2026-07-31T09:16:29.441Z,2.4100000858306885,gauge_zero
2026-07-31 06:26:29,2026-07-31T09:26:29.432Z,2.4100000858306885,gauge_zero
2026-07-31 06:36:29,2026-07-31T09:36:29.437Z,2.4100000858306885,gauge_zero
2026-07-31 06:46:29,2026-07-31T09:46:29.441Z,2.4100000858306885,gauge_zero
2026-07-31 06:56:29,2026-07-31T09:56:29.51Z,2.4100000858306885,gauge_zero
2026-07-31 07:06:29,2026-07-31T10:06:29.429Z,2.4100000858306885,gauge_zero
2026-07-31 07:16:29,2026-07-31T10:16:29.443Z,2.4100000858306885,gauge_zero
2026-07-31 07:26:29,2026-07-31T10:26:29.453Z,2.4100000858306885,gauge_zero
2026-07-31 07:36:29,2026-07-31T10:36:29.458Z,2.4100000858306885,gauge_zero
2026-07-31 07:46:29,2026-07-31T10:46:29.44Z,2.4100000858306885,gauge_zero
2026-07-31 07:56:29,2026-07-31T10:56:29.452Z,2.4100000858306885,gauge_zero
2026-07-31 08:06:29,2026-07-31T11:06:29.424Z,2.4100000858306885,gauge_zero
2026-07-31 08:16:29,2026-07-31T11:16:29.446Z,2.4100000858306885,gauge_zero
2026-07-31 08:26:29,2026-07-31T11:26:29.445Z,2.4100000858306885,gauge_zero
2026-07-31 08:36:29,2026-07-31T11:36:29.466Z,2.4100000858306885,gauge_zero
2026-07-31 08:46:29,2026-07-31T11:46:29.457Z,2.4100000858306885,gauge_zero
2026-07-31 08:56:29,2026-07-31T11:56:29.457Z,2.4100000858306885,gauge_zero
2026-07-31 09:06:29,2026-07-31T12:06:29.437Z,2.4100000858306885,gauge_zero
2026-07-31 09:16:29,2026-07-31T12:16:29.444Z,2.4100000858306885,gauge_zero
2026-07-31 09:26:29,2026-07-31T12:26:29.446Z,2.4100000858306885,gauge_zero
2026-07-31 09:36:29,2026-07-31T12:36:29.462Z,2.4100000858306885,gauge_zero
2026-07-31 09:46:29,2026-07-31T12:46:29.424Z,2.4100000858306885,gauge_zero
2026-07-31 09:56:29,2026-07-31T12:56:29.434Z,2.4100000858306885,gauge_zero
2026-07-31 10:06:29,2026-07-31T13:06:29.442Z,2.4100000858306885,gauge_zero
2026-07-31 10:16:29,2026-07-31T13:16:29.448Z,2.4100000858306885,gauge_zero
2026-07-31 10:26:29,2026-07-31T13:26:29.459Z,2.4100000858306885,gauge_zero
2026-07-31 10:36:29,2026-07-31T13:36:29.469Z,2.4100000858306885,gauge_zero
2026-07-31 10:46:29,2026-07-31T13:46:29.453Z,2.4100000858306885,gauge_zero
2026-07-31 10:56:29,2026-07-31T13:56:29.443Z,2.390000104904175,gauge_zero
2026-07-31 11:06:29,2026-07-31T14:06:29.458Z,2.390000104904175,gauge_zero
2026-07-31 11:16:29,2026-07-31T14:16:29.463Z,2.369999885559082,gauge_zero
2026-07-31 11:26:29,2026-07-31T14:26:29.456Z,2.369999885559082,gauge_zero
2026-07-31 11:36:29,2026-07-31T14:36:29.451Z,2.3499999046325684,gauge_zero
2026-07-31 11:46:29,2026-07-31T14:46:29.461Z,2.440000057220459,gauge_zero
2026-07-31 11:56:29,2026-07-31T14:56:29.437Z,2.440000057220459,gauge_zero
2026-07-31 12:06:29,2026-07-31T15:06:29.455Z,2.440000057220459,gauge_zero
2026-07-31 12:16:29,2026-07-31T15:16:29.467Z,2.4200000762939453,gauge_zero
2026-07-31 12:26:29,2026-07-31T15:26:29.453Z,2.4200000762939453,gauge_zero
2026-07-31 12:36:29,2026-07-31T15:36:29.461Z,2.4000000953674316,gauge_zero
2026-07-31 12:46:29,2026-07-31T15:46:29.445Z,2.4000000953674316,gauge_zero
2026-07-31 12:56:29,2026-07-31T15:56:29.467Z,2.4000000953674316,gauge_zero
2026-07-31 13:06:29,2026-07-31T16:06:29.462Z,2.4200000762939453,gauge_zero
2026-07-31 13:16:29,2026-07-31T16:16:29.452Z,2.4200000762939453,gauge_zero
2026-07-31 13:26:29,2026-07-31T16:26:29.425Z,2.4200000762939453,gauge_zero
2026-07-31 13:36:29,2026-07-31T16:36:29.486Z,2.4000000953674316,gauge_zero
2026-07-31 13:46:29,2026-07-31T16:46:29.449Z,2.4000000953674316,gauge_zero
2026-07-31 13:56:29,2026-07-31T16:56:29.462Z,2.4000000953674316,gauge_zero
2026-07-31 14:06:29,2026-07-31T17:06:29.437Z,2.4000000953674316,gauge_zero
2026-07-31 14:16:29,2026-07-31T17:16:29.455Z,2.4000000953674316,gauge_zero
2026-07-31 14:26:29,2026-07-31T17:26:29.452Z,2.4000000953674316,gauge_zero
2026-07-31 14:36:29,2026-07-31T17:36:29.459Z,2.4200000762939453,gauge_zero
2026-07-31 14:46:29,2026-07-31T17:46:29.474Z,2.4000000953674316,gauge_zero
2026-07-31 14:56:29,2026-07-31T17:56:29.447Z,2.4000000953674316,gauge_zero
2026-07-31 15:06:29,2026-07-31T18:06:29.463Z,2.4000000953674316,gauge_zero
2026-07-31 15:16:29,2026-07-31T18:16:29.469Z,2.369999885559082,gauge_zero
2026-07-31 15:26:29,2026-07-31T18:26:29.469Z,2.369999885559082,gauge_zero
2026-07-31 15:36:29,2026-07-31T18:36:29.481Z,2.369999885559082,gauge_zero
2026-07-31 15:46:29,2026-07-31T18:46:29.475Z,2.369999885559082,gauge_zero
2026-07-31 15:56:29,2026-07-31T18:56:29.441Z,2.380000114440918,gauge_zero
2026-07-31 16:06:30,2026-07-31T19:06:30.182Z,2.380000114440918,gauge_zero
2026-07-31 16:16:29,2026-07-31T19:16:29.473Z,2.440000057220459,gauge_zero
2026-07-31 16:26:29,2026-07-31T19:26:29.453Z,2.440000057220459,gauge_zero
2026-07-31 16:36:29,2026-07-31T19:36:29.515Z,2.440000057220459,gauge_zero
2026-07-31 16:46:29,2026-07-31T19:46:29.475Z,2.440000057220459,gauge_zero
2026-07-31 16:56:29,2026-07-31T19:56:29.461Z,2.4200000762939453,gauge_zero
2026-07-31 17:06:29,2026-07-31T20:06:29.463Z,2.4200000762939453,gauge_zero
2026-07-31 17:16:29,2026-07-31T20:16:29.462Z,2.4200000762939453,gauge_zero
2026-07-31 17:26:29,2026-07-31T20:26:29.454Z,2.4200000762939453,gauge_zero
2026-07-31 17:36:29,2026-07-31T20:36:29.457Z,2.4000000953674316,gauge_zero
2026-07-31 17:46:29,2026-07-31T20:46:29.469Z,2.4000000953674316,gauge_zero
2026-07-31 17:56:29,2026-07-31T20:56:29.466Z,2.4000000953674316,gauge_zero
2026-07-31 18:06:29,2026-07-31T21:06:29.46Z,2.4000000953674316,gauge_zero
2026-07-31 18:16:29,2026-07-31T21:16:29.448Z,2.4000000953674316,gauge_zero
2026-07-31 18:26:29,2026-07-31T21:26:29.485Z,2.380000114440918,gauge_zero
2026-07-31 18:36:29,2026-07-31T21:36:29.467Z,2.380000114440918,gauge_zero
2026-07-31 18:46:29,2026-07-31T21:46:29.456Z,2.380000114440918,gauge_zero
2026-07-31 18:56:29,2026-07-31T21:56:29.484Z,2.369999885559082,gauge_zero
2026-07-31 19:06:29,2026-07-31T22:06:29.468Z,2.380000114440918,gauge_zero
2026-07-31 19:16:29,2026-07-31T22:16:29.452Z,2.440000057220459,gauge_zero
2026-07-31 19:26:29,2026-07-31T22:26:29.457Z,2.440000057220459,gauge_zero
2026-07-31 19:36:29,2026-07-31T22:36:29.469Z,2.4200000762939453,gauge_zero
2026-07-31 19:46:29,2026-07-31T22:46:29.46Z,2.4200000762939453,gauge_zero
2026-07-31 19:56:29,2026-07-31T22:56:29.461Z,2.4200000762939453,gauge_zero
2026-07-31 20:06:29,2026-07-31T23:06:29.472Z,2.4000000953674316,gauge_zero
2026-07-31 20:16:29,2026-07-31T23:16:29.46Z,2.4000000953674316,gauge_zero
2026-07-31 20:26:29,2026-07-31T23:26:29.495Z,2.4000000953674316,gauge_zero
2026-07-31 20:36:29,2026-07-31T23:36:29.471Z,2.4000000953674316,gauge_zero
2026-07-31 20:46:29,2026-07-31T23:46:29.487Z,2.4000000953674316,gauge_zero
2026-07-31 20:56:29,2026-07-31T23:56:29.465Z,2.4000000953674316,gauge_zero
2026-07-31 21:06:29,2026-08-01T00:06:29.473Z,2.4000000953674316,gauge_zero
2026-07-31 21:16:29,2026-08-01T00:16:29.475Z,2.4000000953674316,gauge_zero
2026-07-31 21:26:29,2026-08-01T00:26:29.454Z,2.4000000953674316,gauge_zero
2026-07-31 21:36:29,2026-08-01T00:36:29.46Z,2.4000000953674316,gauge_zero
2026-07-31 21:46:29,2026-08-01T00:46:29.52Z,2.4000000953674316,gauge_zero
2026-07-31 21:56:29,2026-08-01T00:56:29.49Z,2.4000000953674316,gauge_zero
2026-07-31 22:06:29,2026-08-01T01:06:29.445Z,2.4000000953674316,gauge_zero
2026-07-31 22:16:29,2026-08-01T01:16:29.476Z,2.4000000953674316,gauge_zero
2026-07-31 22:26:29,2026-08-01T01:26:29.469Z,2.4000000953674316,gauge_zero
2026-07-31 22:36:29,2026-08-01T01:36:29.464Z,2.4000000953674316,gauge_zero
2026-07-31 22:46:29,2026-08-01T01:46:29.474Z,2.4000000953674316,gauge_zero
2026-07-31 22:56:29,2026-08-01T01:56:29.483Z,2.4000000953674316,gauge_zero
2026-07-31 23:06:29,2026-08-01T02:06:29.469Z,2.4000000953674316,gauge_zero
2026-07-31 23:16:29,2026-08-01T02:16:29.468Z,2.4000000953674316,gauge_zero
2026-07-31 23:26:29,2026-08-01T02:26:29.477Z,2.4000000953674316,gauge_zero
2026-07-31 23:36:29,2026-08-01T02:36:29.524Z,2.4000000953674316,gauge_zero
2026-07-31 23:46:29,2026-08-01T02:46:29.468Z,2.4000000953674316,gauge_zero
2026-07-31 23:56:29,2026-08-01T02:56:29.477Z,2.4000000953674316,gauge_zero
2026-08-01 00:06:29,2026-08-01T03:06:29.484Z,2.4000000953674316,gauge_zero
2026-08-01 00:16:29,2026-08-01T03:16:29.472Z,2.4000000953674316,gauge_zero
2026-08-01 00:26:29,2026-08-01T03:26:29.492Z,2.4000000953674316,gauge_zero
2026-08-01 00:36:29,2026-08-01T03:36:29.472Z,2.4000000953674316,gauge_zero
2026-08-01 00:46:29,2026-08-01T03:46:29.497Z,2.4000000953674316,gauge_zero
2026-08-01 00:56:29,2026-08-01T03:56:29.493Z,2.4000000953674316,gauge_zero
2026-08-01 01:06:29,2026-08-01T04:06:29.489Z,2.4000000953674316,gauge_zero
2026-08-01 01:16:29,2026-08-01T04:16:29.476Z,2.4000000953674316,gauge_zero
2026-08-01 01:26:29,2026-08-01T04:26:29.455Z,2.4000000953674316,gauge_zero
2026-08-01 01:36:29,2026-08-01T04:36:29.469Z,2.4000000953674316,gauge_zero
2026-08-01 01:46:29,2026-08-01T04:46:29.49Z,2.4000000953674316,gauge_zero
2026-08-01 01:56:29,2026-08-01T04:56:29.457Z,2.4000000953674316,gauge_zero
2026-08-01 02:06:29,2026-08-01T05:06:29.462Z,2.4000000953674316,gauge_zero
2026-08-01 02:16:29,2026-08-01T05:16:29.457Z,2.4000000953674316,gauge_zero
2026-08-01 02:26:29,2026-08-01T05:26:29.463Z,2.4000000953674316,gauge_zero
2026-08-01 02:36:29,2026-08-01T05:36:29.47Z,2.4000000953674316,gauge_zero
2026-08-01 02:46:29,2026-08-01T05:46:29.455Z,2.4000000953674316,gauge_zero
2026-08-01 02:56:29,2026-08-01T05:56:29.495Z,2.4000000953674316,gauge_zero
2026-08-01 03:06:29,2026-08-01T06:06:29.461Z,2.4000000953674316,gauge_zero
2026-08-01 03:16:29,2026-08-01T06:16:29.467Z,2.4000000953674316,gauge_zero
2026-08-01 03:26:29,2026-08-01T06:26:29.496Z,2.4000000953674316,gauge_zero
2026-08-01 03:36:29,2026-08-01T06:36:29.468Z,2.4000000953674316,gauge_zero
2026-08-01 03:46:29,2026-08-01T06:46:29.463Z,2.4000000953674316,gauge_zero
2026-08-01 03:56:29,2026-08-01T06:56:29.505Z,2.4000000953674316,gauge_zero
2026-08-01 04:06:29,2026-08-01T07:06:29.47Z,2.4000000953674316,gauge_zero
2026-08-01 04:16:29,2026-08-01T07:16:29.586Z,2.4000000953674316,gauge_zero
2026-08-01 04:26:29,2026-08-01T07:26:29.471Z,2.4000000953674316,gauge_zero
2026-08-01 04:36:29,2026-08-01T07:36:29.49Z,2.4000000953674316,gauge_zero
2026-08-01 04:46:29,2026-08-01T07:46:29.472Z,2.4000000953674316,gauge_zero
2026-08-01 04:56:29,2026-08-01T07:56:29.464Z,2.4000000953674316,gauge_zero
2026-08-01 05:06:29,2026-08-01T08:06:29.494Z,2.4000000953674316,gauge_zero
2026-08-01 05:16:29,2026-08-01T08:16:29.468Z,2.4000000953674316,gauge_zero
2026-08-01 05:26:29,2026-08-01T08:26:29.498Z,2.4000000953674316,gauge_zero
2026-08-01 05:36:29,2026-08-01T08:36:29.47Z,2.4000000953674316,gauge_zero
2026-08-01 05:46:29,2026-08-01T08:46:29.567Z,2.4000000953674316,gauge_zero
2026-08-01 05:56:29,2026-08-01T08:56:29.487Z,2.4000000953674316,gauge_zero
2026-08-01 06:06:29,2026-08-01T09:06:29.47Z,2.4000000953674316,gauge_zero
2026-08-01 06:16:29,2026-08-01T09:16:29.486Z,2.4000000953674316,gauge_zero
2026-08-01 06:26:29,2026-08-01T09:26:29.476Z,2.4000000953674316,gauge_zero
2026-08-01 06:36:29,2026-08-01T09:36:29.476Z,2.4000000953674316,gauge_zero
2026-08-01 06:46:29,2026-08-01T09:46:29.473Z,2.4000000953674316,gauge_zero
2026-08-01 06:56:29,2026-08-01T09:56:29.473Z,2.4000000953674316,gauge_zero
2026-08-01 07:06:29,2026-08-01T10:06:29.599Z,2.4000000953674316,gauge_zero
2026-08-01 07:16:29,2026-08-01T10:16:29.461Z,2.4000000953674316,gauge_zero
2026-08-01 07:26:29,2026-08-01T10:26:29.488Z,2.4000000953674316,gauge_zero
2026-08-01 07:36:29,2026-08-01T10:36:29.472Z,2.4000000953674316,gauge_zero
2026-08-01 07:46:29,2026-08-01T10:46:29.488Z,2.4000000953674316,gauge_zero
2026-08-01 07:56:29,2026-08-01T10:56:29.488Z,2.4000000953674316,gauge_zero
2026-08-01 08:06:29,2026-08-01T11:06:29.488Z,2.4000000953674316,gauge_zero
2026-08-01 08:16:29,2026-08-01T11:16:29.499Z,2.4000000953674316,gauge_zero
2026-08-01 08:26:29,2026-08-01T11:26:29.46Z,2.4000000953674316,gauge_zero
2026-08-01 08:36:35,2026-08-01T11:36:35.36Z,2.390000104904175,gauge_zero
2026-08-01 08:46:29,2026-08-01T11:46:29.486Z,2.390000104904175,gauge_zero
2026-08-01 08:56:29,2026-08-01T11:56:29.504Z,2.390000104904175,gauge_zero
2026-08-01 09:06:29,2026-08-01T12:06:29.486Z,2.390000104904175,gauge_zero
2026-08-01 09:16:29,2026-08-01T12:16:29.476Z,2.390000104904175,gauge_zero
2026-08-01 09:26:29,2026-08-01T12:26:29.518Z,2.390000104904175,gauge_zero
2026-08-01 09:36:29,2026-08-01T12:36:29.533Z,2.390000104904175,gauge_zero
2026-08-01 09:46:29,2026-08-01T12:46:29.492Z,2.390000104904175,gauge_zero
2026-08-01 09:56:29,2026-08-01T12:56:29.478Z,2.390000104904175,gauge_zero
2026-08-01 10:06:29,2026-08-01T13:06:29.495Z,2.390000104904175,gauge_zero
2026-08-01 10:16:29,2026-08-01T13:16:29.491Z,2.390000104904175,gauge_zero
2026-08-01 10:26:29,2026-08-01T13:26:29.495Z,2.390000104904175,gauge_zero
2026-08-01 10:36:29,2026-08-01T13:36:29.503Z,2.390000104904175,gauge_zero
2026-08-01 10:46:29,2026-08-01T13:46:29.499Z,2.390000104904175,gauge_zero
2026-08-01 10:56:29,2026-08-01T13:56:29.511Z,2.390000104904175,gauge_zero
2026-08-01 11:06:29,2026-08-01T14:06:29.485Z,2.390000104904175,gauge_zero
2026-08-01 11:16:29,2026-08-01T14:16:29.508Z,2.390000104904175,gauge_zero
2026-08-01 11:26:29,2026-08-01T14:26:29.517Z,2.390000104904175,gauge_zero
2026-08-01 11:36:29,2026-08-01T14:36:29.489Z,2.390000104904175,gauge_zero
2026-08-01 11:46:29,2026-08-01T14:46:29.5Z,2.390000104904175,gauge_zero
2026-08-01 11:56:29,2026-08-01T14:56:29.508Z,2.390000104904175,gauge_zero
2026-08-01 12:06:29,2026-08-01T15:06:29.493Z,2.390000104904175,gauge_zero
2026-08-01 12:16:29,2026-08-01T15:16:29.519Z,2.390000104904175,gauge_zero
2026-08-01 12:26:29,2026-08-01T15:26:29.491Z,2.390000104904175,gauge_zero
2026-08-01 12:36:29,2026-08-01T15:36:29.503Z,2.390000104904175,gauge_zero
2026-08-01 12:46:29,2026-08-01T15:46:29.517Z,2.390000104904175,gauge_zero
2026-08-01 12:56:29,2026-08-01T15:56:29.493Z,2.369999885559082,gauge_zero
2026-08-01 13:06:29,2026-08-01T16:06:29.537Z,2.369999885559082,gauge_zero
2026-08-01 13:16:29,2026-08-01T16:16:29.511Z,2.369999885559082,gauge_zero
2026-08-01 13:26:29,2026-08-01T16:26:29.491Z,2.369999885559082,gauge_zero
2026-08-01 13:36:29,2026-08-01T16:36:29.499Z,2.369999885559082,gauge_zero
2026-08-01 13:46:29,2026-08-01T16:46:29.523Z,2.380000114440918,gauge_zero
2026-08-01 13:56:29,2026-08-01T16:56:29.503Z,2.4000000953674316,gauge_zero
2026-08-01 14:06:29,2026-08-01T17:06:29.513Z,2.4000000953674316,gauge_zero
2026-08-01 14:16:29,2026-08-01T17:16:29.514Z,2.4000000953674316,gauge_zero
2026-08-01 14:26:29,2026-08-01T17:26:29.502Z,2.380000114440918,gauge_zero
2026-08-01 14:36:29,2026-08-01T17:36:29.602Z,2.369999885559082,gauge_zero
2026-08-01 14:46:29,2026-08-01T17:46:29.502Z,2.369999885559082,gauge_zero
2026-08-01 14:56:29,2026-08-01T17:56:29.496Z,2.369999885559082,gauge_zero
2026-08-01 15:06:29,2026-08-01T18:06:29.483Z,2.369999885559082,gauge_zero
2026-08-01 15:16:29,2026-08-01T18:16:29.491Z,2.369999885559082,gauge_zero
2026-08-01 15:26:29,2026-08-01T18:26:29.546Z,2.380000114440918,gauge_zero
2026-08-01 15:36:29,2026-08-01T18:36:29.512Z,2.380000114440918,gauge_zero
2026-08-01 15:46:29,2026-08-01T18:46:29.521Z,2.380000114440918,gauge_zero
2026-08-01 15:56:29,2026-08-01T18:56:29.508Z,2.380000114440918,gauge_zero
2026-08-01 16:06:29,2026-08-01T19:06:29.508Z,2.380000114440918,gauge_zero
2026-08-01 16:16:29,2026-08-01T19:16:29.498Z,2.380000114440918,gauge_zero
2026-08-01 16:26:29,2026-08-01T19:26:29.51Z,2.380000114440918,gauge_zero
2026-08-01 16:36:29,2026-08-01T19:36:29.519Z,2.380000114440918,gauge_zero
2026-08-01 16:46:29,2026-08-01T19:46:29.51Z,2.380000114440918,gauge_zero
2026-08-01 16:56:29,2026-08-01T19:56:29.538Z,2.380000114440918,gauge_zero
2026-08-01 17:06:29,2026-08-01T20:06:29.498Z,2.380000114440918,gauge_zero
2026-08-01 17:16:29,2026-08-01T20:16:29.529Z,2.380000114440918,gauge_zero
2026-08-01 17:26:29,2026-08-01T20:26:29.523Z,2.380000114440918,gauge_zero
2026-08-01 17:36:29,2026-08-01T20:36:29.537Z,2.390000104904175,gauge_zero
2026-08-01 17:46:29,2026-08-01T20:46:29.517Z,2.390000104904175,gauge_zero
2026-08-01 17:56:29,2026-08-01T20:56:29.525Z,2.390000104904175,gauge_zero
2026-08-01 18:06:29,2026-08-01T21:06:29.549Z,2.390000104904175,gauge_zero
2026-08-01 18:16:29,2026-08-01T21:16:29.506Z,2.390000104904175,gauge_zero
2026-08-01 18:26:29,2026-08-01T21:26:29.541Z,2.390000104904175,gauge_zero
2026-08-01 18:36:29,2026-08-01T21:36:29.54Z,2.390000104904175,gauge_zero
2026-08-01 18:46:29,2026-08-01T21:46:29.534Z,2.390000104904175,gauge_zero
2026-08-01 18:56:29,2026-08-01T21:56:29.502Z,2.390000104904175,gauge_zero
2026-08-01 19:06:29,2026-08-01T22:06:29.525Z,2.390000104904175,gauge_zero
2026-08-01 19:16:29,2026-08-01T22:16:29.504Z,2.390000104904175,gauge_zero
2026-08-01 19:26:29,2026-08-01T22:26:29.51Z,2.390000104904175,gauge_zero
2026-08-01 19:36:29,2026-08-01T22:36:29.522Z,2.390000104904175,gauge_zero
2026-08-01 19:46:29,2026-08-01T22:46:29.528Z,2.390000104904175,gauge_zero
2026-08-01 19:56:29,2026-08-01T22:56:29.514Z,2.390000104904175,gauge_zero
2026-08-01 20:06:29,2026-08-01T23:06:29.523Z,2.390000104904175,gauge_zero
2026-08-01 20:16:29,2026-08-01T23:16:29.513Z,2.390000104904175,gauge_zero
2026-08-01 20:26:29,2026-08-01T23:26:29.513Z,2.390000104904175,gauge_zero
2026-08-01 20:36:29,2026-08-01T23:36:29.509Z,2.390000104904175,gauge_zero
2026-08-01 20:46:29,2026-08-01T23:46:29.517Z,2.390000104904175,gauge_zero
2026-08-01 20:56:29,2026-08-01T23:56:29.596Z,2.390000104904175,gauge_zero
2026-08-01 21:06:29,2026-08-02T00:06:29.552Z,2.390000104904175,gauge_zero
2026-08-01 21:16:29,2026-08-02T00:16:29.517Z,2.390000104904175,gauge_zero
2026-08-01 21:26:29,2026-08-02T00:26:29.538Z,2.390000104904175,gauge_zero
2026-08-01 21:36:29,2026-08-02T00:36:29.506Z,2.390000104904175,gauge_zero
2026-08-01 21:46:29,2026-08-02T00:46:29.517Z,2.390000104904175,gauge_zero
2026-08-01 21:56:29,2026-08-02T00:56:29.536Z,2.390000104904175,gauge_zero
2026-08-01 22:06:29,2026-08-02T01:06:29.526Z,2.390000104904175,gauge_zero
2026-08-01 22:16:29,2026-08-02T01:16:29.521Z,2.390000104904175,gauge_zero
2026-08-01 22:26:29,2026-08-02T01:26:29.531Z,2.390000104904175,gauge_zero
2026-08-01 22:36:29,2026-08-02T01:36:29.539Z,2.390000104904175,gauge_zero
2026-08-01 22:46:29,2026-08-02T01:46:29.524Z,2.390000104904175,gauge_zero
2026-08-01 22:56:29,2026-08-02T01:56:29.549Z,2.390000104904175,gauge_zero
2026-08-01 23:06:29,2026-08-02T02:06:29.537Z,2.390000104904175,gauge_zero
2026-08-01 23:16:29,2026-08-02T02:16:29.523Z,2.390000104904175,gauge_zero
2026-08-01 23:26:29,2026-08-02T02:26:29.541Z,2.390000104904175,gauge_zero
2026-08-01 23:36:29,2026-08-02T02:36:29.527Z,2.390000104904175,gauge_zero
2026-08-01 23:46:29,2026-08-02T02:46:29.547Z,2.390000104904175,gauge_zero
2026-08-01 23:56:29,2026-08-02T02:56:29.511Z,2.390000104904175,gauge_zero
2026-08-02 00:06:29,2026-08-02T03:06:29.521Z,2.390000104904175,gauge_zero
2026-08-02 00:16:29,2026-08-02T03:16:29.537Z,2.390000104904175,gauge_zero
2026-08-02 00:26:29,2026-08-02T03:26:29.54Z,2.390000104904175,gauge_zero
2026-08-02 00:36:29,2026-08-02T03:36:29.529Z,2.390000104904175,gauge_zero
2026-08-02 00:46:29,2026-08-02T03:46:29.529Z,2.390000104904175,gauge_zero
2026-08-02 00:56:29,2026-08-02T03:56:29.552Z,2.390000104904175,gauge_zero
2026-08-02 01:06:29,2026-08-02T04:06:29.526Z,2.390000104904175,gauge_zero
2026-08-02 01:16:29,2026-08-02T04:16:29.524Z,2.390000104904175,gauge_zero
2026-08-02 01:26:29,2026-08-02T04:26:29.528Z,2.390000104904175,gauge_zero
2026-08-02 01:36:29,2026-08-02T04:36:29.54Z,2.390000104904175,gauge_zero
2026-08-02 01:46:29,2026-08-02T04:46:29.548Z,2.390000104904175,gauge_zero
2026-08-02 01:56:29,2026-08-02T04:56:29.512Z,2.390000104904175,gauge_zero
2026-08-02 02:06:29,2026-08-02T05:06:29.533Z,2.390000104904175,gauge_zero
2026-08-02 02:16:29,2026-08-02T05:16:29.53Z,2.390000104904175,gauge_zero
2026-08-02 02:26:29,2026-08-02T05:26:29.509Z,2.390000104904175,gauge_zero
2026-08-02 02:36:44,2026-08-02T05:36:44.518Z,2.390000104904175,gauge_zero
2026-08-02 02:46:29,2026-08-02T05:46:29.526Z,2.390000104904175,gauge_zero
2026-08-02 02:56:29,2026-08-02T05:56:29.565Z,2.390000104904175,gauge_zero
2026-08-02 03:06:29,2026-08-02T06:06:29.527Z,2.390000104904175,gauge_zero
2026-08-02 03:16:29,2026-08-02T06:16:29.515Z,2.390000104904175,gauge_zero
2026-08-02 03:26:29,2026-08-02T06:26:29.533Z,2.390000104904175,gauge_zero
2026-08-02 03:36:29,2026-08-02T06:36:29.539Z,2.390000104904175,gauge_zero
2026-08-02 03:46:29,2026-08-02T06:46:29.52Z,2.390000104904175,gauge_zero
2026-08-02 03:56:29,2026-08-02T06:56:29.516Z,2.390000104904175,gauge_zero
2026-08-02 04:06:29,2026-08-02T07:06:29.549Z,2.390000104904175,gauge_zero
2026-08-02 04:16:29,2026-08-02T07:16:29.552Z,2.390000104904175,gauge_zero
2026-08-02 04:26:29,2026-08-02T07:26:29.588Z,2.390000104904175,gauge_zero
2026-08-02 04:36:29,2026-08-02T07:36:29.544Z,2.390000104904175,gauge_zero
2026-08-02 04:46:44,2026-08-02T07:46:44.544Z,2.390000104904175,gauge_zero
2026-08-02 04:56:44,2026-08-02T07:56:44.528Z,2.390000104904175,gauge_zero
2026-08-02 05:06:29,2026-08-02T08:06:29.564Z,2.390000104904175,gauge_zero
2026-08-02 05:16:29,2026-08-02T08:16:29.52Z,2.390000104904175,gauge_zero
2026-08-02 05:26:29,2026-08-02T08:26:29.515Z,2.390000104904175,gauge_zero
2026-08-02 05:36:29,2026-08-02T08:36:29.543Z,2.390000104904175,gauge_zero
2026-08-02 05:46:29,2026-08-02T08:46:29.545Z,2.390000104904175,gauge_zero
2026-08-02 05:56:29,2026-08-02T08:56:29.547Z,2.390000104904175,gauge_zero
2026-08-02 06:06:29,2026-08-02T09:06:29.52Z,2.390000104904175,gauge_zero
2026-08-02 06:16:29,2026-08-02T09:16:29.529Z,2.390000104904175,gauge_zero
2026-08-02 06:26:29,2026-08-02T09:26:29.544Z,2.390000104904175,gauge_zero
2026-08-02 06:36:29,2026-08-02T09:36:29.544Z,2.390000104904175,gauge_zero
2026-08-02 06:46:29,2026-08-02T09:46:29.545Z,2.390000104904175,gauge_zero
2026-08-02 06:56:29,2026-08-02T09:56:29.536Z,2.390000104904175,gauge_zero
2026-08-02 07:06:29,2026-08-02T10:06:29.552Z,2.390000104904175,gauge_zero
2026-08-02 07:16:29,2026-08-02T10:16:29.534Z,2.390000104904175,gauge_zero
2026-08-02 07:26:29,2026-08-02T10:26:29.57Z,2.390000104904175,gauge_zero
2026-08-02 07:36:29,2026-08-02T10:36:29.544Z,2.390000104904175,gauge_zero
2026-08-02 07:46:29,2026-08-02T10:46:29.546Z,2.390000104904175,gauge_zero
2026-08-02 07:56:29,2026-08-02T10:56:29.529Z,2.390000104904175,gauge_zero
2026-08-02 08:06:44,2026-08-02T11:06:44.54Z,2.390000104904175,gauge_zero
2026-08-02 08:16:44,2026-08-02T11:16:44.569Z,2.390000104904175,gauge_zero
2026-08-02 08:26:29,2026-08-02T11:26:29.584Z,2.390000104904175,gauge_zero
2026-08-02 08:36:29,2026-08-02T11:36:29.544Z,2.380000114440918,gauge_zero
2026-08-02 08:46:29,2026-08-02T11:46:29.545Z,2.380000114440918,gauge_zero
2026-08-02 08:56:29,2026-08-02T11:56:29.563Z,2.380000114440918,gauge_zero
2026-08-02 09:06:29,2026-08-02T12:06:29.561Z,2.380000114440918,gauge_zero
2026-08-02 09:16:29,2026-08-02T12:16:29.545Z,2.380000114440918,gauge_zero
2026-08-02 09:26:29,2026-08-02T12:26:29.54Z,2.380000114440918,gauge_zero
2026-08-02 09:36:44,2026-08-02T12:36:44.537Z,2.380000114440918,gauge_zero
2026-08-02 09:46:29,2026-08-02T12:46:29.538Z,2.380000114440918,gauge_zero
2026-08-02 09:56:29,2026-08-02T12:56:29.556Z,2.369999885559082,gauge_zero
2026-08-02 10:06:44,2026-08-02T13:06:44.591Z,2.369999885559082,gauge_zero
2026-08-02 10:16:29,2026-08-02T13:16:29.554Z,2.369999885559082,gauge_zero
2026-08-02 10:26:29,2026-08-02T13:26:29.556Z,2.369999885559082,gauge_zero
2026-08-02 10:36:29,2026-08-02T13:36:29.592Z,2.369999885559082,gauge_zero
2026-08-02 10:46:29,2026-08-02T13:46:29.578Z,2.369999885559082,gauge_zero
2026-08-02 10:56:29,2026-08-02T13:56:29.556Z,2.369999885559082,gauge_zero
2026-08-02 11:06:44,2026-08-02T14:06:44.598Z,2.369999885559082,gauge_zero
2026-08-02 11:16:44,2026-08-02T14:16:44.55Z,2.369999885559082,gauge_zero
2026-08-02 11:26:44,2026-08-02T14:26:44.553Z,2.369999885559082,gauge_zero
2026-08-02 11:36:29,2026-08-02T14:36:29.564Z,2.369999885559082,gauge_zero
2026-08-02 11:46:29,2026-08-02T14:46:29.577Z,2.369999885559082,gauge_zero
2026-08-02 11:56:29,2026-08-02T14:56:29.654Z,2.369999885559082,gauge_zero
2026-08-02 12:06:44,2026-08-02T15:06:44.542Z,2.369999885559082,gauge_zero
2026-08-02 12:16:29,2026-08-02T15:16:29.554Z,2.369999885559082,gauge_zero
2026-08-02 12:26:29,2026-08-02T15:26:29.539Z,2.369999885559082,gauge_zero
2026-08-02 12:36:44,2026-08-02T15:36:44.589Z,2.380000114440918,gauge_zero
2026-08-02 12:46:44,2026-08-02T15:46:44.564Z,2.380000114440918,gauge_zero
2026-08-02 12:56:29,2026-08-02T15:56:29.574Z,2.369999885559082,gauge_zero
2026-08-02 13:06:29,2026-08-02T16:06:29.546Z,2.369999885559082,gauge_zero
2026-08-02 13:16:44,2026-08-02T16:16:44.561Z,2.369999885559082,gauge_zero
2026-08-02 13:26:29,2026-08-02T16:26:29.541Z,2.369999885559082,gauge_zero
2026-08-02 13:36:44,2026-08-02T16:36:44.552Z,2.369999885559082,gauge_zero
2026-08-02 13:46:29,2026-08-02T16:46:29.572Z,2.369999885559082,gauge_zero
2026-08-02 13:56:29,2026-08-02T16:56:29.57Z,2.369999885559082,gauge_zero
2026-08-02 14:06:29,2026-08-02T17:06:29.576Z,2.369999885559082,gauge_zero
2026-08-02 14:16:29,2026-08-02T17:16:29.552Z,2.369999885559082,gauge_zero
2026-08-02 14:26:44,2026-08-02T17:26:44.59Z,2.369999885559082,gauge_zero
2026-08-02 14:36:44,2026-08-02T17:36:44.55Z,2.369999885559082,gauge_zero
2026-08-02 14:46:29,2026-08-02T17:46:29.55Z,2.3499999046325684,gauge_zero
2026-08-02 14:56:44,2026-08-02T17:56:44.597Z,2.3499999046325684,gauge_zero
2026-08-02 15:06:44,2026-08-02T18:06:44.554Z,2.3499999046325684,gauge_zero
2026-08-02 15:16:44,2026-08-02T18:16:44.577Z,2.3499999046325684,gauge_zero
2026-08-02 15:26:44,2026-08-02T18:26:44.564Z,2.3499999046325684,gauge_zero
2026-08-02 15:36:44,2026-08-02T18:36:44.55Z,2.3499999046325684,gauge_zero
2026-08-02 15:46:44,2026-08-02T18:46:44.567Z,2.3499999046325684,gauge_zero
2026-08-02 15:56:44,2026-08-02T18:56:44.576Z,2.3499999046325684,gauge_zero
2026-08-02 16:06:44,2026-08-02T19:06:44.565Z,2.369999885559082,gauge_zero
2026-08-02 16:16:44,2026-08-02T19:16:44.546Z,2.369999885559082,gauge_zero
2026-08-02 16:26:44,2026-08-02T19:26:44.574Z,2.369999885559082,gauge_zero
2026-08-02 16:36:29,2026-08-02T19:36:29.607Z,2.369999885559082,gauge_zero
2026-08-02 16:46:44,2026-08-02T19:46:44.594Z,2.380000114440918,gauge_zero
2026-08-02 16:56:44,2026-08-02T19:56:44.573Z,2.380000114440918,gauge_zero
2026-08-02 17:06:44,2026-08-02T20:06:44.576Z,2.380000114440918,gauge_zero
2026-08-02 17:16:44,2026-08-02T20:16:44.56Z,2.369999885559082,gauge_zero
2026-08-02 17:26:44,2026-08-02T20:26:44.557Z,2.369999885559082,gauge_zero
2026-08-02 17:36:44,2026-08-02T20:36:44.6Z,2.369999885559082,gauge_zero
2026-08-02 17:46:44,2026-08-02T20:46:44.586Z,2.369999885559082,gauge_zero
2026-08-02 17:56:44,2026-08-02T20:56:44.577Z,2.369999885559082,gauge_zero
2026-08-02 18:06:44,2026-08-02T21:06:44.565Z,2.369999885559082,gauge_zero
2026-08-02 18:16:44,2026-08-02T21:16:44.572Z,2.369999885559082,gauge_zero
2026-08-02 18:26:44,2026-08-02T21:26:44.571Z,2.369999885559082,gauge_zero
2026-08-02 18:36:44,2026-08-02T21:36:44.59Z,2.369999885559082,gauge_zero
2026-08-02 18:46:44,2026-08-02T21:46:44.566Z,2.369999885559082,gauge_zero
2026-08-02 18:56:44,2026-08-02T21:56:44.583Z,2.369999885559082,gauge_zero
2026-08-02 19:06:44,2026-08-02T22:06:44.565Z,2.369999885559082,gauge_zero
2026-08-02 19:16:44,2026-08-02T22:16:44.569Z,2.369999885559082,gauge_zero
2026-08-02 19:26:44,2026-08-02T22:26:44.692Z,2.369999885559082,gauge_zero
2026-08-02 19:36:44,2026-08-02T22:36:44.572Z,2.369999885559082,gauge_zero
2026-08-02 19:46:44,2026-08-02T22:46:44.575Z,2.369999885559082,gauge_zero
2026-08-02 19:56:44,2026-08-02T22:56:44.609Z,2.369999885559082,gauge_zero
2026-08-02 20:06:44,2026-08-02T23:06:44.586Z,2.369999885559082,gauge_zero
2026-08-02 20:16:44,2026-08-02T23:16:44.586Z,2.369999885559082,gauge_zero
2026-08-02 20:26:44,2026-08-02T23:26:44.578Z,2.369999885559082,gauge_zero
2026-08-02 20:36:44,2026-08-02T23:36:44.585Z,2.369999885559082,gauge_zero
2026-08-02 20:46:44,2026-08-02T23:46:44.576Z,2.369999885559082,gauge_zero
2026-08-02 20:56:44,2026-08-02T23:56:44.582Z,2.369999885559082,gauge_zero
2026-08-02 21:06:44,2026-08-03T00:06:44.566Z,2.369999885559082,gauge_zero
2026-08-02 21:16:44,2026-08-03T00:16:44.594Z,2.369999885559082,gauge_zero
2026-08-02 21:26:44,2026-08-03T00:26:44.578Z,2.369999885559082,gauge_zero
2026-08-02 21:36:44,2026-08-03T00:36:44.575Z,2.369999885559082,gauge_zero
2026-08-02 21:46:44,2026-08-03T00:46:44.572Z,2.369999885559082,gauge_zero
2026-08-02 21:56:44,2026-08-03T00:56:44.568Z,2.369999885559082,gauge_zero
2026-08-02 22:06:44,2026-08-03T01:06:44.584Z,2.369999885559082,gauge_zero
2026-08-02 22:16:44,2026-08-03T01:16:44.572Z,2.369999885559082,gauge_zero
2026-08-02 22:26:44,2026-08-03T01:26:44.574Z,2.369999885559082,gauge_zero
2026-08-02 22:36:44,2026-08-03T01:36:44.581Z,2.369999885559082,gauge_zero
2026-08-02 22:46:44,2026-08-03T01:46:44.576Z,2.369999885559082,gauge_zero
2026-08-02 22:56:44,2026-08-03T01:56:44.596Z,2.369999885559082,gauge_zero
2026-08-02 23:06:44,2026-08-03T02:06:44.633Z,2.369999885559082,gauge_zero
2026-08-02 23:16:44,2026-08-03T02:16:44.585Z,2.369999885559082,gauge_zero
2026-08-02 23:26:44,2026-08-03T02:26:44.574Z,2.369999885559082,gauge_zero
2026-08-02 23:36:44,2026-08-03T02:36:44.573Z,2.369999885559082,gauge_zero
2026-08-02 23:46:44,2026-08-03T02:46:44.616Z,2.369999885559082,gauge_zero
2026-08-02 23:56:44,2026-08-03T02:56:44.621Z,2.369999885559082,gauge_zero
2026-08-03 00:06:44,2026-08-03T03:06:44.628Z,2.369999885559082,gauge_zero
2026-08-03 00:16:44,2026-08-03T03:16:44.578Z,2.369999885559082,gauge_zero
2026-08-03 00:26:44,2026-08-03T03:26:44.596Z,2.369999885559082,gauge_zero
2026-08-03 00:36:44,2026-08-03T03:36:44.589Z,2.369999885559082,gauge_zero
2026-08-03 00:46:44,2026-08-03T03:46:44.66Z,2.369999885559082,gauge_zero
2026-08-03 00:56:44,2026-08-03T03:56:44.604Z,2.369999885559082,gauge_zero
2026-08-03 01:06:44,2026-08-03T04:06:44.602Z,2.369999885559082,gauge_zero
2026-08-03 01:16:44,2026-08-03T04:16:44.581Z,2.369999885559082,gauge_zero
2026-08-03 01:26:44,2026-08-03T04:26:44.582Z,2.369999885559082,gauge_zero
2026-08-03 01:36:44,2026-08-03T04:36:44.599Z,2.369999885559082,gauge_zero
2026-08-03 01:46:44,2026-08-03T04:46:44.603Z,2.369999885559082,gauge_zero
2026-08-03 01:56:44,2026-08-03T04:56:44.609Z,2.369999885559082,gauge_zero
2026-08-03 02:06:44,2026-08-03T05:06:44.617Z,2.369999885559082,gauge_zero
2026-08-03 02:16:44,2026-08-03T05:16:44.585Z,2.369999885559082,gauge_zero
2026-08-03 02:26:44,2026-08-03T05:26:44.587Z,2.369999885559082,gauge_zero
2026-08-03 02:36:44,2026-08-03T05:36:44.591Z,2.369999885559082,gauge_zero
2026-08-03 02:46:44,2026-08-03T05:46:44.61Z,2.369999885559082,gauge_zero
2026-08-03 02:56:44,2026-08-03T05:56:44.587Z,2.369999885559082,gauge_zero
2026-08-03 03:06:44,2026-08-03T06:06:44.596Z,2.369999885559082,gauge_zero
2026-08-03 03:16:44,2026-08-03T06:16:44.582Z,2.369999885559082,gauge_zero
2026-08-03 03:26:44,2026-08-03T06:26:44.593Z,2.369999885559082,gauge_zero
2026-08-03 03:36:44,2026-08-03T06:36:44.606Z,2.369999885559082,gauge_zero
2026-08-03 03:46:44,2026-08-03T06:46:44.583Z,2.380000114440918,gauge_zero
2026-08-03 03:56:44,2026-08-03T06:56:44.604Z,2.380000114440918,gauge_zero
2026-08-03 04:06:44,2026-08-03T07:06:44.599Z,2.369999885559082,gauge_zero
2026-08-03 04:16:44,2026-08-03T07:16:44.59Z,2.369999885559082,gauge_zero
2026-08-03 04:26:44,2026-08-03T07:26:44.61Z,2.369999885559082,gauge_zero
2026-08-03 04:36:44,2026-08-03T07:36:44.608Z,2.369999885559082,gauge_zero
2026-08-03 04:46:44,2026-08-03T07:46:44.582Z,2.369999885559082,gauge_zero
2026-08-03 04:56:44,2026-08-03T07:56:44.594Z,2.369999885559082,gauge_zero
2026-08-03 05:06:44,2026-08-03T08:06:44.591Z,2.369999885559082,gauge_zero
2026-08-03 05:16:44,2026-08-03T08:16:44.598Z,2.369999885559082,gauge_zero
2026-08-03 05:26:44,2026-08-03T08:26:44.606Z,2.369999885559082,gauge_zero
2026-08-03 05:36:44,2026-08-03T08:36:44.627Z,2.369999885559082,gauge_zero
2026-08-03 05:46:44,2026-08-03T08:46:44.6Z,2.369999885559082,gauge_zero
2026-08-03 05:56:44,2026-08-03T08:56:44.604Z,2.369999885559082,gauge_zero
2026-08-03 06:06:44,2026-08-03T09:06:44.628Z,2.369999885559082,gauge_zero
2026-08-03 06:16:44,2026-08-03T09:16:44.625Z,2.369999885559082,gauge_zero
2026-08-03 06:26:44,2026-08-03T09:26:44.606Z,2.369999885559082,gauge_zero
2026-08-03 06:36:44,2026-08-03T09:36:44.6Z,2.369999885559082,gauge_zero
2026-08-03 06:46:44,2026-08-03T09:46:44.618Z,2.369999885559082,gauge_zero
2026-08-03 06:56:44,2026-08-03T09:56:44.616Z,2.369999885559082,gauge_zero
2026-08-03 07:06:44,2026-08-03T10:06:44.628Z,2.369999885559082,gauge_zero
2026-08-03 07:16:44,2026-08-03T10:16:44.612Z,2.369999885559082,gauge_zero
2026-08-03 07:26:44,2026-08-03T10:26:44.618Z,2.369999885559082,gauge_zero
2026-08-03 07:36:44,2026-08-03T10:36:44.726Z,2.369999885559082,gauge_zero
2026-08-03 07:46:44,2026-08-03T10:46:44.61Z,2.369999885559082,gauge_zero
2026-08-03 07:56:44,2026-08-03T10:56:44.627Z,2.369999885559082,gauge_zero
2026-08-03 08:06:44,2026-08-03T11:06:44.619Z,2.369999885559082,gauge_zero
2026-08-03 08:16:44,2026-08-03T11:16:44.617Z,2.369999885559082,gauge_zero
2026-08-03 08:26:44,2026-08-03T11:26:44.608Z,2.369999885559082,gauge_zero
2026-08-03 08:36:44,2026-08-03T11:36:44.648Z,2.369999885559082,gauge_zero
2026-08-03 08:46:44,2026-08-03T11:46:44.611Z,2.369999885559082,gauge_zero
2026-08-03 08:56:44,2026-08-03T11:56:44.617Z,2.369999885559082,gauge_zero
2026-08-03 09:06:44,2026-08-03T12:06:44.598Z,2.369999885559082,gauge_zero
2026-08-03 09:16:44,2026-08-03T12:16:44.605Z,2.369999885559082,gauge_zero
2026-08-03 09:26:44,2026-08-03T12:26:44.636Z,2.369999885559082,gauge_zero
2026-08-03 09:36:44,2026-08-03T12:36:44.661Z,2.369999885559082,gauge_zero
2026-08-03 09:46:44,2026-08-03T12:46:44.633Z,2.369999885559082,gauge_zero
2026-08-03 09:56:44,2026-08-03T12:56:44.699Z,2.369999885559082,gauge_zero
2026-08-03 10:06:44,2026-08-03T13:06:44.63Z,2.369999885559082,gauge_zero
2026-08-03 10:16:44,2026-08-03T13:16:44.626Z,2.369999885559082,gauge_zero
2026-08-03 10:26:44,2026-08-03T13:26:44.602Z,2.369999885559082,gauge_zero
2026-08-03 10:36:44,2026-08-03T13:36:44.62Z,2.369999885559082,gauge_zero
2026-08-03 10:46:44,2026-08-03T13:46:44.63Z,2.369999885559082,gauge_zero
2026-08-03 10:56:44,2026-08-03T13:56:44.653Z,2.369999885559082,gauge_zero
2026-08-03 11:06:44,2026-08-03T14:06:44.622Z,2.369999885559082,gauge_zero
2026-08-03 11:16:44,2026-08-03T14:16:44.624Z,2.369999885559082,gauge_zero
2026-08-03 11:26:44,2026-08-03T14:26:44.617Z,2.3499999046325684,gauge_zero
2026-08-03 11:36:44,2026-08-03T14:36:44.608Z,2.3499999046325684,gauge_zero
2026-08-03 11:46:44,2026-08-03T14:46:44.618Z,2.3499999046325684,gauge_zero
2026-08-03 11:56:44,2026-08-03T14:56:44.624Z,2.3499999046325684,gauge_zero
2026-08-03 12:06:44,2026-08-03T15:06:44.624Z,2.3499999046325684,gauge_zero
2026-08-03 12:16:44,2026-08-03T15:16:44.649Z,2.3499999046325684,gauge_zero
2026-08-03 12:26:44,2026-08-03T15:26:44.622Z,2.3499999046325684,gauge_zero
2026-08-03 12:36:44,2026-08-03T15:36:44.667Z,2.3499999046325684,gauge_zero
2026-08-03 12:46:44,2026-08-03T15:46:44.626Z,2.3499999046325684,gauge_zero
2026-08-03 12:56:44,2026-08-03T15:56:44.626Z,2.3499999046325684,gauge_zero
2026-08-03 13:06:44,2026-08-03T16:06:44.668Z,2.3499999046325684,gauge_zero
2026-08-03 13:16:44,2026-08-03T16:16:44.65Z,2.3499999046325684,gauge_zero
2026-08-03 13:26:44,2026-08-03T16:26:44.628Z,2.3499999046325684,gauge_zero
2026-08-03 13:36:44,2026-08-03T16:36:44.618Z,2.3499999046325684,gauge_zero
2026-08-03 13:46:44,2026-08-03T16:46:44.635Z,2.3499999046325684,gauge_zero
2026-08-03 13:56:44,2026-08-03T16:56:44.639Z,2.3499999046325684,gauge_zero
2026-08-03 14:06:44,2026-08-03T17:06:44.632Z,2.3499999046325684,gauge_zero
2026-08-03 14:16:44,2026-08-03T17:16:44.669Z,2.3499999046325684,gauge_zero
2026-08-03 14:26:44,2026-08-03T17:26:44.644Z,2.3499999046325684,gauge_zero
2026-08-03 14:36:44,2026-08-03T17:36:44.623Z,2.369999885559082,gauge_zero
2026-08-03 14:46:44,2026-08-03T17:46:44.629Z,2.369999885559082,gauge_zero
2026-08-03 14:56:44,2026-08-03T17:56:44.629Z,2.369999885559082,gauge_zero
2026-08-03 15:06:44,2026-08-03T18:06:44.689Z,2.369999885559082,gauge_zero
2026-08-03 15:16:44,2026-08-03T18:16:44.648Z,2.3499999046325684,gauge_zero
2026-08-03 15:26:44,2026-08-03T18:26:44.629Z,2.3499999046325684,gauge_zero
2026-08-03 15:36:44,2026-08-03T18:36:44.634Z,2.3499999046325684,gauge_zero
2026-08-03 15:46:44,2026-08-03T18:46:44.63Z,2.3499999046325684,gauge_zero
2026-08-03 15:56:44,2026-08-03T18:56:44.634Z,2.3499999046325684,gauge_zero
2026-08-03 16:06:44,2026-08-03T19:06:44.635Z,2.3499999046325684,gauge_zero
2026-08-03 16:16:44,2026-08-03T19:16:44.642Z,2.3299999237060547,gauge_zero
2026-08-03 16:26:44,2026-08-03T19:26:44.632Z,2.3299999237060547,gauge_zero
2026-08-03 16:36:44,2026-08-03T19:36:44.633Z,2.3299999237060547,gauge_zero
2026-08-03 16:46:44,2026-08-03T19:46:44.629Z,2.3299999237060547,gauge_zero
2026-08-03 16:56:44,2026-08-03T19:56:44.638Z,2.3499999046325684,gauge_zero
2026-08-03 17:06:44,2026-08-03T20:06:44.656Z,2.369999885559082,gauge_zero
2026-08-03 17:16:44,2026-08-03T20:16:44.642Z,2.380000114440918,gauge_zero
2026-08-03 17:26:44,2026-08-03T20:26:44.662Z,2.369999885559082,gauge_zero
2026-08-03 17:36:44,2026-08-03T20:36:44.639Z,2.369999885559082,gauge_zero
2026-08-03 17:46:44,2026-08-03T20:46:44.686Z,2.369999885559082,gauge_zero
2026-08-03 17:56:44,2026-08-03T20:56:44.668Z,2.369999885559082,gauge_zero
2026-08-03 18:06:44,2026-08-03T21:06:44.648Z,2.3499999046325684,gauge_zero
2026-08-03 18:16:44,2026-08-03T21:16:44.648Z,2.3499999046325684,gauge_zero
2026-08-03 18:26:44,2026-08-03T21:26:44.651Z,2.3499999046325684,gauge_zero
2026-08-03 18:36:44,2026-08-03T21:36:44.649Z,2.3499999046325684,gauge_zero
2026-08-03 18:46:44,2026-08-03T21:46:44.667Z,2.3499999046325684,gauge_zero
2026-08-03 18:56:44,2026-08-03T21:56:44.662Z,2.3499999046325684,gauge_zero
2026-08-03 19:06:44,2026-08-03T22:06:44.635Z,2.3499999046325684,gauge_zero
2026-08-03 19:16:44,2026-08-03T22:16:44.649Z,2.3499999046325684,gauge_zero
2026-08-03 19:26:44,2026-08-03T22:26:44.649Z,2.3499999046325684,gauge_zero
2026-08-03 19:36:44,2026-08-03T22:36:44.668Z,2.3499999046325684,gauge_zero
2026-08-03 19:46:44,2026-08-03T22:46:44.659Z,2.3499999046325684,gauge_zero
2026-08-03 19:56:44,2026-08-03T22:56:44.667Z,2.3499999046325684,gauge_zero
2026-08-03 20:06:44,2026-08-03T23:06:44.67Z,2.3499999046325684,gauge_zero
2026-08-03 20:16:44,2026-08-03T23:16:44.659Z,2.3499999046325684,gauge_zero
2026-08-03 20:26:44,2026-08-03T23:26:44.653Z,2.3499999046325684,gauge_zero
2026-08-03 20:36:44,2026-08-03T23:36:44.652Z,2.3499999046325684,gauge_zero
2026-08-03 20:46:44,2026-08-03T23:46:44.644Z,2.3499999046325684,gauge_zero
2026-08-03 20:56:44,2026-08-03T23:56:44.631Z,2.3499999046325684,gauge_zero
2026-08-03 21:06:44,2026-08-04T00:06:44.661Z,2.3499999046325684,gauge_zero
2026-08-03 21:16:44,2026-08-04T00:16:44.682Z,2.3499999046325684,gauge_zero
2026-08-03 21:26:44,2026-08-04T00:26:44.662Z,2.3499999046325684,gauge_zero
2026-08-03 21:36:44,2026-08-04T00:36:44.673Z,2.3499999046325684,gauge_zero
2026-08-03 21:46:44,2026-08-04T00:46:44.656Z,2.3499999046325684,gauge_zero
2026-08-03 21:56:44,2026-08-04T00:56:44.663Z,2.3499999046325684,gauge_zero
2026-08-03 22:06:36,2026-08-04T01:06:36.31Z,2.3499999046325684,gauge_zero
2026-08-03 22:16:36,2026-08-04T01:16:36.287Z,2.3499999046325684,gauge_zero
2026-08-03 22:26:36,2026-08-04T01:26:36.293Z,2.3499999046325684,gauge_zero
2026-08-03 22:36:36,2026-08-04T01:36:36.299Z,2.3499999046325684,gauge_zero
2026-08-03 22:46:36,2026-08-04T01:46:36.296Z,2.3499999046325684,gauge_zero
2026-08-03 22:56:36,2026-08-04T01:56:36.306Z,2.3499999046325684,gauge_zero
2026-08-03 23:06:36,2026-08-04T02:06:36.286Z,2.3499999046325684,gauge_zero
2026-08-03 23:16:36,2026-08-04T02:16:36.284Z,2.3499999046325684,gauge_zero
2026-08-03 23:26:36,2026-08-04T02:26:36.28Z,2.3499999046325684,gauge_zero
2026-08-03 23:36:36,2026-08-04T02:36:36.296Z,2.3499999046325684,gauge_zero
2026-08-03 23:46:36,2026-08-04T02:46:36.301Z,2.3499999046325684,gauge_zero
2026-08-03 23:56:36,2026-08-04T02:56:36.407Z,2.3499999046325684,gauge_zero
2026-08-04 00:06:36,2026-08-04T03:06:36.302Z,2.3499999046325684,gauge_zero
2026-08-04 00:16:36,2026-08-04T03:16:36.273Z,2.3499999046325684,gauge_zero
2026-08-04 00:26:36,2026-08-04T03:26:36.303Z,2.3499999046325684,gauge_zero
2026-08-04 00:36:36,2026-08-04T03:36:36.301Z,2.3499999046325684,gauge_zero
2026-08-04 00:46:36,2026-08-04T03:46:36.292Z,2.3499999046325684,gauge_zero
2026-08-04 00:56:36,2026-08-04T03:56:36.277Z,2.3499999046325684,gauge_zero
2026-08-04 01:06:36,2026-08-04T04:06:36.303Z,2.3499999046325684,gauge_zero
2026-08-04 01:16:36,2026-08-04T04:16:36.289Z,2.3499999046325684,gauge_zero
2026-08-04 01:26:36,2026-08-04T04:26:36.301Z,2.3499999046325684,gauge_zero
2026-08-04 01:36:36,2026-08-04T04:36:36.314Z,2.3499999046325684,gauge_zero
2026-08-04 01:46:36,2026-08-04T04:46:36.302Z,2.3499999046325684,gauge_zero
2026-08-04 01:56:36,2026-08-04T04:56:36.291Z,2.3499999046325684,gauge_zero
2026-08-04 02:06:36,2026-08-04T05:06:36.301Z,2.3499999046325684,gauge_zero
2026-08-04 02:16:36,2026-08-04T05:16:36.297Z,2.3499999046325684,gauge_zero
2026-08-04 02:26:36,2026-08-04T05:26:36.3Z,2.3499999046325684,gauge_zero
2026-08-04 02:36:36,2026-08-04T05:36:36.281Z,2.3499999046325684,gauge_zero
2026-08-04 02:46:36,2026-08-04T05:46:36.296Z,2.3499999046325684,gauge_zero
2026-08-04 02:56:36,2026-08-04T05:56:36.303Z,2.3499999046325684,gauge_zero
2026-08-04 03:06:36,2026-08-04T06:06:36.293Z,2.3499999046325684,gauge_zero
2026-08-04 03:16:36,2026-08-04T06:16:36.29Z,2.3499999046325684,gauge_zero
2026-08-04 03:26:36,2026-08-04T06:26:36.302Z,2.3499999046325684,gauge_zero
2026-08-04 03:36:36,2026-08-04T06:36:36.288Z,2.3499999046325684,gauge_zero
2026-08-04 03:46:36,2026-08-04T06:46:36.298Z,2.3499999046325684,gauge_zero
2026-08-04 03:56:36,2026-08-04T06:56:36.316Z,2.3499999046325684,gauge_zero
2026-08-04 04:06:36,2026-08-04T07:06:36.313Z,2.3499999046325684,gauge_zero
2026-08-04 04:16:36,2026-08-04T07:16:36.296Z,2.3499999046325684,gauge_zero
2026-08-04 04:26:36,2026-08-04T07:26:36.305Z,2.3499999046325684,gauge_zero
2026-08-04 04:36:36,2026-08-04T07:36:36.322Z,2.3499999046325684,gauge_zero
2026-08-04 04:46:36,2026-08-04T07:46:36.305Z,2.3499999046325684,gauge_zero
2026-08-04 04:56:36,2026-08-04T07:56:36.306Z,2.3499999046325684,gauge_zero
2026-08-04 05:06:36,2026-08-04T08:06:36.309Z,2.3499999046325684,gauge_zero
2026-08-04 05:16:36,2026-08-04T08:16:36.333Z,2.3499999046325684,gauge_zero
2026-08-04 05:26:36,2026-08-04T08:26:36.3Z,2.3499999046325684,gauge_zero
2026-08-04 05:36:36,2026-08-04T08:36:36.311Z,2.3499999046325684,gauge_zero
2026-08-04 05:46:36,2026-08-04T08:46:36.301Z,2.3499999046325684,gauge_zero
2026-08-04 05:56:36,2026-08-04T08:56:36.305Z,2.3499999046325684,gauge_zero
2026-08-04 06:06:36,2026-08-04T09:06:36.306Z,2.3499999046325684,gauge_zero
2026-08-04 06:16:36,2026-08-04T09:16:36.292Z,2.3499999046325684,gauge_zero
2026-08-04 06:26:36,2026-08-04T09:26:36.297Z,2.3499999046325684,gauge_zero
2026-08-04 06:36:36,2026-08-04T09:36:36.301Z,2.3499999046325684,gauge_zero
2026-08-04 06:46:36,2026-08-04T09:46:36.315Z,2.3499999046325684,gauge_zero
2026-08-04 06:56:36,2026-08-04T09:56:36.308Z,2.3499999046325684,gauge_zero
2026-08-04 07:06:36,2026-08-04T10:06:36.321Z,2.3499999046325684,gauge_zero
2026-08-04 07:16:37,2026-08-04T10:16:37.168Z,2.3499999046325684,gauge_zero
2026-08-04 07:26:36,2026-08-04T10:26:36.345Z,2.3499999046325684,gauge_zero
2026-08-04 07:36:36,2026-08-04T10:36:36.316Z,2.3499999046325684,gauge_zero
2026-08-04 07:46:36,2026-08-04T10:46:36.32Z,2.3499999046325684,gauge_zero
2026-08-04 07:56:36,2026-08-04T10:56:36.321Z,2.3499999046325684,gauge_zero
2026-08-04 08:06:36,2026-08-04T11:06:36.322Z,2.3499999046325684,gauge_zero
2026-08-04 08:16:36,2026-08-04T11:16:36.301Z,2.3499999046325684,gauge_zero
2026-08-04 08:26:36,2026-08-04T11:26:36.316Z,2.3499999046325684,gauge_zero
2026-08-04 08:36:36,2026-08-04T11:36:36.325Z,2.3499999046325684,gauge_zero
2026-08-04 08:46:36,2026-08-04T11:46:36.323Z,2.3499999046325684,gauge_zero
2026-08-04 08:56:36,2026-08-04T11:56:36.308Z,2.3499999046325684,gauge_zero
2026-08-04 09:06:36,2026-08-04T12:06:36.31Z,2.3499999046325684,gauge_zero
2026-08-04 09:16:36,2026-08-04T12:16:36.324Z,2.3499999046325684,gauge_zero
2026-08-04 09:26:36,2026-08-04T12:26:36.309Z,2.3499999046325684,gauge_zero
2026-08-04 09:36:36,2026-08-04T12:36:36.317Z,2.3499999046325684,gauge_zero
2026-08-04 09:46:36,2026-08-04T12:46:36.313Z,2.3499999046325684,gauge_zero
2026-08-04 09:56:36,2026-08-04T12:56:36.335Z,2.3499999046325684,gauge_zero
2026-08-04 10:06:36,2026-08-04T13:06:36.327Z,2.3499999046325684,gauge_zero
2026-08-04 10:16:36,2026-08-04T13:16:36.322Z,2.3499999046325684,gauge_zero
2026-08-04 10:26:36,2026-08-04T13:26:36.337Z,2.3499999046325684,gauge_zero
2026-08-04 10:36:36,2026-08-04T13:36:36.317Z,2.3499999046325684,gauge_zero
2026-08-04 10:46:36,2026-08-04T13:46:36.345Z,2.3499999046325684,gauge_zero
2026-08-04 10:56:36,2026-08-04T13:56:36.317Z,2.3499999046325684,gauge_zero
2026-08-04 11:06:36,2026-08-04T14:06:36.339Z,2.3499999046325684,gauge_zero
2026-08-04 11:16:36,2026-08-04T14:16:36.327Z,2.3499999046325684,gauge_zero
2026-08-04 11:26:36,2026-08-04T14:26:36.329Z,2.3499999046325684,gauge_zero
2026-08-04 11:36:36,2026-08-04T14:36:36.327Z,2.3499999046325684,gauge_zero
2026-08-04 11:46:36,2026-08-04T14:46:36.324Z,2.3499999046325684,gauge_zero
2026-08-04 11:56:36,2026-08-04T14:56:36.334Z,2.3499999046325684,gauge_zero
2026-08-04 12:06:36,2026-08-04T15:06:36.418Z,2.3499999046325684,gauge_zero
2026-08-04 12:16:36,2026-08-04T15:16:36.344Z,2.3499999046325684,gauge_zero
2026-08-04 12:26:36,2026-08-04T15:26:36.344Z,2.3499999046325684,gauge_zero
2026-08-04 12:36:36,2026-08-04T15:36:36.343Z,2.3499999046325684,gauge_zero
2026-08-04 12:46:36,2026-08-04T15:46:36.343Z,2.3499999046325684,gauge_zero
2026-08-04 12:56:36,2026-08-04T15:56:36.337Z,2.3499999046325684,gauge_zero
2026-08-04 13:06:36,2026-08-04T16:06:36.336Z,2.3499999046325684,gauge_zero
2026-08-04 13:16:36,2026-08-04T16:16:36.324Z,2.3499999046325684,gauge_zero
2026-08-04 13:26:36,2026-08-04T16:26:36.336Z,2.3499999046325684,gauge_zero
2026-08-04 13:36:36,2026-08-04T16:36:36.336Z,2.3499999046325684,gauge_zero
2026-08-04 13:46:36,2026-08-04T16:46:36.338Z,2.3499999046325684,gauge_zero
2026-08-04 13:56:36,2026-08-04T16:56:36.358Z,2.3499999046325684,gauge_zero
2026-08-04 14:06:36,2026-08-04T17:06:36.325Z,2.3499999046325684,gauge_zero
2026-08-04 14:16:36,2026-08-04T17:16:36.34Z,2.3499999046325684,gauge_zero
2026-08-04 14:26:36,2026-08-04T17:26:36.36Z,2.3499999046325684,gauge_zero
2026-08-04 14:36:36,2026-08-04T17:36:36.331Z,2.3499999046325684,gauge_zero
2026-08-04 14:46:36,2026-08-04T17:46:36.342Z,2.3499999046325684,gauge_zero
2026-08-04 14:56:36,2026-08-04T17:56:36.317Z,2.3499999046325684,gauge_zero
2026-08-04 15:06:36,2026-08-04T18:06:36.358Z,2.3499999046325684,gauge_zero
2026-08-04 15:16:36,2026-08-04T18:16:36.358Z,2.3499999046325684,gauge_zero
2026-08-04 15:26:36,2026-08-04T18:26:36.326Z,2.3499999046325684,gauge_zero
2026-08-04 15:36:36,2026-08-04T18:36:36.347Z,2.3499999046325684,gauge_zero
2026-08-04 15:46:36,2026-08-04T18:46:36.341Z,2.3499999046325684,gauge_zero
2026-08-04 15:56:36,2026-08-04T18:56:36.364Z,2.3499999046325684,gauge_zero
2026-08-04 16:06:36,2026-08-04T19:06:36.319Z,2.3499999046325684,gauge_zero
2026-08-04 16:16:36,2026-08-04T19:16:36.392Z,2.3499999046325684,gauge_zero
2026-08-04 16:26:36,2026-08-04T19:26:36.391Z,2.3499999046325684,gauge_zero
2026-08-04 16:36:36,2026-08-04T19:36:36.33Z,2.3499999046325684,gauge_zero
2026-08-04 16:46:36,2026-08-04T19:46:36.363Z,2.3499999046325684,gauge_zero
2026-08-04 16:56:36,2026-08-04T19:56:36.346Z,2.3499999046325684,gauge_zero
2026-08-04 17:06:36,2026-08-04T20:06:36.362Z,2.3499999046325684,gauge_zero
2026-08-04 17:16:36,2026-08-04T20:16:36.336Z,2.3499999046325684,gauge_zero
2026-08-04 17:26:36,2026-08-04T20:26:36.335Z,2.3499999046325684,gauge_zero
2026-08-04 17:36:36,2026-08-04T20:36:36.369Z,2.3499999046325684,gauge_zero
2026-08-04 17:46:36,2026-08-04T20:46:36.349Z,2.3499999046325684,gauge_zero
2026-08-04 17:56:36,2026-08-04T20:56:36.339Z,2.3499999046325684,gauge_zero
2026-08-04 18:06:36,2026-08-04T21:06:36.335Z,2.3499999046325684,gauge_zero
2026-08-04 18:16:36,2026-08-04T21:16:36.36Z,2.3499999046325684,gauge_zero
2026-08-04 18:26:36,2026-08-04T21:26:36.351Z,2.3499999046325684,gauge_zero
2026-08-04 18:36:36,2026-08-04T21:36:36.355Z,2.3499999046325684,gauge_zero
2026-08-04 18:46:36,2026-08-04T21:46:36.375Z,2.3499999046325684,gauge_zero
2026-08-04 18:56:36,2026-08-04T21:56:36.34Z,2.3499999046325684,gauge_zero
2026-08-04 19:06:36,2026-08-04T22:06:36.352Z,2.3499999046325684,gauge_zero
2026-08-04 19:16:36,2026-08-04T22:16:36.354Z,2.3499999046325684,gauge_zero
2026-08-04 19:26:36,2026-08-04T22:26:36.359Z,2.3499999046325684,gauge_zero
2026-08-04 19:36:36,2026-08-04T22:36:36.356Z,2.3499999046325684,gauge_zero
2026-08-04 19:46:36,2026-08-04T22:46:36.37Z,2.3499999046325684,gauge_zero
2026-08-04 19:56:36,2026-08-04T22:56:36.345Z,2.3499999046325684,gauge_zero
2026-08-04 20:06:36,2026-08-04T23:06:36.357Z,2.3499999046325684,gauge_zero
2026-08-04 20:16:36,2026-08-04T23:16:36.376Z,2.3499999046325684,gauge_zero
2026-08-04 20:26:36,2026-08-04T23:26:36.37Z,2.3499999046325684,gauge_zero
2026-08-04 20:36:36,2026-08-04T23:36:36.716Z,2.3499999046325684,gauge_zero
2026-08-04 20:46:36,2026-08-04T23:46:36.373Z,2.3499999046325684,gauge_zero
2026-08-04 20:56:36,2026-08-04T23:56:36.373Z,2.3499999046325684,gauge_zero
2026-08-04 21:06:36,2026-08-05T00:06:36.375Z,2.3499999046325684,gauge_zero
2026-08-04 21:16:36,2026-08-05T00:16:36.384Z,2.3499999046325684,gauge_zero
2026-08-04 21:26:36,2026-08-05T00:26:36.429Z,2.3499999046325684,gauge_zero
2026-08-04 21:36:36,2026-08-05T00:36:36.357Z,2.3499999046325684,gauge_zero
2026-08-04 21:46:36,2026-08-05T00:46:36.365Z,2.3499999046325684,gauge_zero
2026-08-04 21:56:36,2026-08-05T00:56:36.375Z,2.3499999046325684,gauge_zero
2026-08-04 22:06:36,2026-08-05T01:06:36.366Z,2.3499999046325684,gauge_zero
2026-08-04 22:16:36,2026-08-05T01:16:36.377Z,2.3499999046325684,gauge_zero
2026-08-04 22:26:36,2026-08-05T01:26:36.44Z,2.3499999046325684,gauge_zero
2026-08-04 22:36:36,2026-08-05T01:36:36.375Z,2.3499999046325684,gauge_zero
2026-08-04 22:46:36,2026-08-05T01:46:36.373Z,2.3499999046325684,gauge_zero
2026-08-04 22:56:36,2026-08-05T01:56:36.382Z,2.3499999046325684,gauge_zero
2026-08-04 23:06:46,2026-08-05T02:06:46.74Z,2.3499999046325684,gauge_zero
2026-08-04 23:16:46,2026-08-05T02:16:46.76Z,2.3499999046325684,gauge_zero
2026-08-04 23:26:46,2026-08-05T02:26:46.753Z,2.3499999046325684,gauge_zero
2026-08-04 23:36:46,2026-08-05T02:36:46.758Z,2.3499999046325684,gauge_zero
2026-08-04 23:46:46,2026-08-05T02:46:46.762Z,2.3499999046325684,gauge_zero
2026-08-04 23:56:46,2026-08-05T02:56:46.754Z,2.3499999046325684,gauge_zero
2026-08-05 00:06:46,2026-08-05T03:06:46.742Z,2.3499999046325684,gauge_zero
2026-08-05 00:16:46,2026-08-05T03:16:46.771Z,2.3499999046325684,gauge_zero
2026-08-05 00:26:46,2026-08-05T03:26:46.759Z,2.3499999046325684,gauge_zero
2026-08-05 00:36:46,2026-08-05T03:36:46.757Z,2.3499999046325684,gauge_zero
2026-08-05 00:46:46,2026-08-05T03:46:46.745Z,2.3499999046325684,gauge_zero
2026-08-05 00:56:46,2026-08-05T03:56:46.772Z,2.3499999046325684,gauge_zero
2026-08-05 01:06:46,2026-08-05T04:06:46.743Z,2.3499999046325684,gauge_zero
2026-08-05 01:16:46,2026-08-05T04:16:46.774Z,2.3499999046325684,gauge_zero
2026-08-05 01:26:46,2026-08-05T04:26:46.773Z,2.3499999046325684,gauge_zero
2026-08-05 01:36:46,2026-08-05T04:36:46.748Z,2.3499999046325684,gauge_zero
2026-08-05 01:46:46,2026-08-05T04:46:46.766Z,2.3499999046325684,gauge_zero
2026-08-05 01:56:46,2026-08-05T04:56:46.808Z,2.3499999046325684,gauge_zero
2026-08-05 02:06:46,2026-08-05T05:06:46.78Z,2.3499999046325684,gauge_zero
2026-08-05 02:16:46,2026-08-05T05:16:46.807Z,2.3499999046325684,gauge_zero
2026-08-05 02:26:46,2026-08-05T05:26:46.779Z,2.3499999046325684,gauge_zero
2026-08-05 02:36:46,2026-08-05T05:36:46.789Z,2.3499999046325684,gauge_zero
2026-08-05 02:46:37,2026-08-05T05:46:37.29Z,2.3499999046325684,gauge_zero
2026-08-05 02:56:37,2026-08-05T05:56:37.309Z,2.3499999046325684,gauge_zero
2026-08-05 03:06:37,2026-08-05T06:06:37.384Z,2.3499999046325684,gauge_zero
2026-08-05 03:16:37,2026-08-05T06:16:37.275Z,2.3499999046325684,gauge_zero
2026-08-05 03:26:37,2026-08-05T06:26:37.338Z,2.3499999046325684,gauge_zero
2026-08-05 03:36:37,2026-08-05T06:36:37.303Z,2.3499999046325684,gauge_zero
2026-08-05 03:46:37,2026-08-05T06:46:37.306Z,2.3499999046325684,gauge_zero
2026-08-05 03:56:37,2026-08-05T06:56:37.305Z,2.3499999046325684,gauge_zero
2026-08-05 04:06:37,2026-08-05T07:06:37.294Z,2.3499999046325684,gauge_zero
2026-08-05 04:16:37,2026-08-05T07:16:37.31Z,2.3499999046325684,gauge_zero
2026-08-05 04:26:37,2026-08-05T07:26:37.311Z,2.3499999046325684,gauge_zero
2026-08-05 04:36:37,2026-08-05T07:36:37.317Z,2.3499999046325684,gauge_zero
2026-08-05 04:46:37,2026-08-05T07:46:37.323Z,2.3499999046325684,gauge_zero
2026-08-05 04:56:37,2026-08-05T07:56:37.285Z,2.3499999046325684,gauge_zero
2026-08-05 05:06:37,2026-08-05T08:06:37.296Z,2.3499999046325684,gauge_zero
2026-08-05 05:16:37,2026-08-05T08:16:37.295Z,2.3499999046325684,gauge_zero
2026-08-05 05:26:37,2026-08-05T08:26:37.274Z,2.3499999046325684,gauge_zero
2026-08-05 05:36:37,2026-08-05T08:36:37.309Z,2.3499999046325684,gauge_zero
2026-08-05 05:46:37,2026-08-05T08:46:37.296Z,2.3499999046325684,gauge_zero
2026-08-05 05:56:37,2026-08-05T08:56:37.299Z,2.3499999046325684,gauge_zero
2026-08-05 06:06:37,2026-08-05T09:06:37.323Z,2.3499999046325684,gauge_zero
2026-08-05 06:16:37,2026-08-05T09:16:37.313Z,2.3499999046325684,gauge_zero
2026-08-05 06:26:37,2026-08-05T09:26:37.299Z,2.3499999046325684,gauge_zero
2026-08-05 06:36:37,2026-08-05T09:36:37.303Z,2.3499999046325684,gauge_zero
2026-08-05 06:46:37,2026-08-05T09:46:37.302Z,2.3499999046325684,gauge_zero
2026-08-05 06:56:37,2026-08-05T09:56:37.309Z,2.3499999046325684,gauge_zero
2026-08-05 07:06:37,2026-08-05T10:06:37.298Z,2.3499999046325684,gauge_zero
2026-08-05 07:16:37,2026-08-05T10:16:37.309Z,2.3499999046325684,gauge_zero
2026-08-05 07:26:37,2026-08-05T10:26:37.286Z,2.3499999046325684,gauge_zero
2026-08-05 07:36:37,2026-08-05T10:36:37.285Z,2.3499999046325684,gauge_zero
2026-08-05 07:46:37,2026-08-05T10:46:37.316Z,2.3499999046325684,gauge_zero
2026-08-05 07:56:37,2026-08-05T10:56:37.322Z,2.3499999046325684,gauge_zero
2026-08-05 08:06:37,2026-08-05T11:06:37.297Z,2.3499999046325684,gauge_zero
2026-08-05 08:16:37,2026-08-05T11:16:37.308Z,2.3499999046325684,gauge_zero
2026-08-05 08:26:37,2026-08-05T11:26:37.303Z,2.3499999046325684,gauge_zero
2026-08-05 08:36:37,2026-08-05T11:36:37.315Z,2.3499999046325684,gauge_zero
2026-08-05 08:46:37,2026-08-05T11:46:37.311Z,2.3499999046325684,gauge_zero
2026-08-05 08:56:37,2026-08-05T11:56:37.307Z,2.3499999046325684,gauge_zero
2026-08-05 09:06:37,2026-08-05T12:06:37.287Z,2.3499999046325684,gauge_zero
2026-08-05 09:16:37,2026-08-05T12:16:37.292Z,2.3499999046325684,gauge_zero
2026-08-05 09:26:37,2026-08-05T12:26:37.32Z,2.3499999046325684,gauge_zero
2026-08-05 09:36:37,2026-08-05T12:36:37.31Z,2.3499999046325684,gauge_zero
2026-08-05 09:46:37,2026-08-05T12:46:37.305Z,2.3499999046325684,gauge_zero
2026-08-05 09:56:37,2026-08-05T12:56:37.294Z,2.3499999046325684,gauge_zero
2026-08-05 10:06:37,2026-08-05T13:06:37.304Z,2.3499999046325684,gauge_zero
2026-08-05 10:16:37,2026-08-05T13:16:37.327Z,2.3499999046325684,gauge_zero
2026-08-05 10:26:37,2026-08-05T13:26:37.301Z,2.3499999046325684,gauge_zero
2026-08-05 10:36:37,2026-08-05T13:36:37.302Z,2.3499999046325684,gauge_zero
2026-08-05 10:46:37,2026-08-05T13:46:37.329Z,2.3499999046325684,gauge_zero
2026-08-05 10:56:37,2026-08-05T13:56:37.309Z,2.3499999046325684,gauge_zero
2026-08-05 11:06:37,2026-08-05T14:06:37.307Z,2.3499999046325684,gauge_zero
2026-08-05 11:16:37,2026-08-05T14:16:37.3Z,2.3499999046325684,gauge_zero
2026-08-05 11:26:37,2026-08-05T14:26:37.316Z,2.3499999046325684,gauge_zero
2026-08-05 11:36:37,2026-08-05T14:36:37.315Z,2.3499999046325684,gauge_zero
2026-08-05 11:46:37,2026-08-05T14:46:37.452Z,2.3499999046325684,gauge_zero
2026-08-05 11:56:37,2026-08-05T14:56:37.293Z,2.3499999046325684,gauge_zero
2026-08-05 12:06:37,2026-08-05T15:06:37.305Z,2.3499999046325684,gauge_zero
2026-08-05 12:16:37,2026-08-05T15:16:37.298Z,2.3499999046325684,gauge_zero
2026-08-05 12:26:37,2026-08-05T15:26:37.351Z,2.3499999046325684,gauge_zero
2026-08-05 12:36:37,2026-08-05T15:36:37.302Z,2.3499999046325684,gauge_zero
2026-08-05 12:46:37,2026-08-05T15:46:37.307Z,2.3499999046325684,gauge_zero
2026-08-05 12:56:37,2026-08-05T15:56:37.313Z,2.3499999046325684,gauge_zero
2026-08-05 13:06:37,2026-08-05T16:06:37.334Z,2.3499999046325684,gauge_zero
2026-08-05 13:16:37,2026-08-05T16:16:37.31Z,2.3499999046325684,gauge_zero
2026-08-05 13:26:37,2026-08-05T16:26:37.295Z,2.3499999046325684,gauge_zero
2026-08-05 13:36:37,2026-08-05T16:36:37.306Z,2.3499999046325684,gauge_zero
2026-08-05 13:46:37,2026-08-05T16:46:37.302Z,2.3499999046325684,gauge_zero
2026-08-05 13:56:37,2026-08-05T16:56:37.329Z,2.3499999046325684,gauge_zero
2026-08-05 14:06:37,2026-08-05T17:06:37.303Z,2.3499999046325684,gauge_zero
2026-08-05 14:16:37,2026-08-05T17:16:37.335Z,2.369999885559082,gauge_zero
2026-08-05 14:26:37,2026-08-05T17:26:37.301Z,2.369999885559082,gauge_zero
2026-08-05 14:36:37,2026-08-05T17:36:37.345Z,2.380000114440918,gauge_zero
2026-08-05 14:46:37,2026-08-05T17:46:37.307Z,2.380000114440918,gauge_zero
2026-08-05 14:56:37,2026-08-05T17:56:37.321Z,2.4000000953674316,gauge_zero
2026-08-05 15:06:37,2026-08-05T18:06:37.311Z,2.4200000762939453,gauge_zero
2026-08-05 15:16:37,2026-08-05T18:16:37.315Z,2.4600000381469727,gauge_zero
2026-08-05 15:26:37,2026-08-05T18:26:37.345Z,2.4800000190734863,gauge_zero
2026-08-05 15:36:37,2026-08-05T18:36:37.311Z,2.5,gauge_zero
2026-08-05 15:46:37,2026-08-05T18:46:37.336Z,2.5,gauge_zero
2026-08-05 15:56:37,2026-08-05T18:56:37.327Z,2.5199999809265137,gauge_zero
2026-08-05 16:06:37,2026-08-05T19:06:37.319Z,2.559999942779541,gauge_zero
2026-08-05 16:16:37,2026-08-05T19:16:37.329Z,2.619999885559082,gauge_zero
2026-08-05 16:26:37,2026-08-05T19:26:37.321Z,2.7300000190734863,gauge_zero
2026-08-05 16:36:37,2026-08-05T19:36:37.345Z,2.7699999809265137,gauge_zero
2026-08-05 16:46:37,2026-08-05T19:46:37.345Z,2.7699999809265137,gauge_zero
2026-08-05 16:56:37,2026-08-05T19:56:37.33Z,2.75,gauge_zero
2026-08-05 17:06:37,2026-08-05T20:06:37.332Z,2.7300000190734863,gauge_zero
2026-08-05 17:16:37,2026-08-05T20:16:37.328Z,2.7300000190734863,gauge_zero
2026-08-05 17:26:37,2026-08-05T20:26:37.337Z,2.7300000190734863,gauge_zero
2026-08-05 17:36:37,2026-08-05T20:36:37.315Z,2.7300000190734863,gauge_zero
2026-08-05 17:46:37,2026-08-05T20:46:37.342Z,2.75,gauge_zero
2026-08-05 17:56:37,2026-08-05T20:56:37.334Z,2.75,gauge_zero
2026-08-05 18:06:37,2026-08-05T21:06:37.335Z,2.75,gauge_zero
2026-08-05 18:16:37,2026-08-05T21:16:37.347Z,2.75,gauge_zero
2026-08-05 18:26:37,2026-08-05T21:26:37.313Z,2.75,gauge_zero
2026-08-05 18:36:37,2026-08-05T21:36:37.33Z,2.75,gauge_zero
2026-08-05 18:46:37,2026-08-05T21:46:37.33Z,2.75,gauge_zero
2026-08-05 18:56:37,2026-08-05T21:56:37.338Z,2.75,gauge_zero
2026-08-05 19:06:37,2026-08-05T22:06:37.346Z,2.75,gauge_zero
2026-08-05 19:16:37,2026-08-05T22:16:37.328Z,2.75,gauge_zero
2026-08-05 19:26:37,2026-08-05T22:26:37.328Z,2.75,gauge_zero
2026-08-05 19:36:37,2026-08-05T22:36:37.327Z,2.75,gauge_zero
2026-08-05 19:46:37,2026-08-05T22:46:37.334Z,2.7300000190734863,gauge_zero
2026-08-05 19:56:37,2026-08-05T22:56:37.358Z,2.7300000190734863,gauge_zero
2026-08-05 20:06:37,2026-08-05T23:06:37.343Z,2.7100000381469727,gauge_zero
2026-08-05 20:16:37,2026-08-05T23:16:37.355Z,2.690000057220459,gauge_zero
2026-08-05 20:26:37,2026-08-05T23:26:37.338Z,2.690000057220459,gauge_zero
2026-08-05 20:36:37,2026-08-05T23:36:37.339Z,2.6700000762939453,gauge_zero
2026-08-05 20:46:37,2026-08-05T23:46:37.345Z,2.6700000762939453,gauge_zero
2026-08-05 20:56:37,2026-08-05T23:56:37.341Z,2.6500000953674316,gauge_zero
2026-08-05 21:06:37,2026-08-06T00:06:37.334Z,2.6500000953674316,gauge_zero
2026-08-05 21:16:37,2026-08-06T00:16:37.343Z,2.6500000953674316,gauge_zero
2026-08-05 21:26:37,2026-08-06T00:26:37.346Z,2.630000114440918,gauge_zero
2026-08-05 21:36:37,2026-08-06T00:36:37.364Z,2.619999885559082,gauge_zero
2026-08-05 21:46:37,2026-08-06T00:46:37.344Z,2.619999885559082,gauge_zero
2026-08-05 21:56:37,2026-08-06T00:56:37.343Z,2.5999999046325684,gauge_zero
2026-08-05 22:06:37,2026-08-06T01:06:37.375Z,2.5999999046325684,gauge_zero
2026-08-05 22:16:37,2026-08-06T01:16:37.331Z,2.5999999046325684,gauge_zero
2026-08-05 22:26:37,2026-08-06T01:26:37.354Z,2.5799999237060547,gauge_zero
2026-08-05 22:36:37,2026-08-06T01:36:37.355Z,2.5799999237060547,gauge_zero
2026-08-05 22:46:37,2026-08-06T01:46:37.356Z,2.5799999237060547,gauge_zero
2026-08-05 22:56:37,2026-08-06T01:56:37.347Z,2.559999942779541,gauge_zero
2026-08-05 23:06:37,2026-08-06T02:06:37.358Z,2.559999942779541,gauge_zero
2026-08-05 23:16:37,2026-08-06T02:16:37.364Z,2.559999942779541,gauge_zero
2026-08-05 23:26:37,2026-08-06T02:26:37.345Z,2.559999942779541,gauge_zero
2026-08-05 23:36:37,2026-08-06T02:36:37.359Z,2.5399999618530273,gauge_zero
2026-08-05 23:46:37,2026-08-06T02:46:37.358Z,2.5399999618530273,gauge_zero
2026-08-05 23:56:38,2026-08-06T02:56:38.149Z,2.5399999618530273,gauge_zero
2026-08-06 00:06:38,2026-08-06T03:06:38.114Z,2.5399999618530273,gauge_zero
2026-08-06 00:16:38,2026-08-06T03:16:38.115Z,2.5399999618530273,gauge_zero
2026-08-06 00:26:38,2026-08-06T03:26:38.108Z,2.5199999809265137,gauge_zero
2026-08-06 00:36:38,2026-08-06T03:36:38.145Z,2.5199999809265137,gauge_zero
2026-08-06 00:46:38,2026-08-06T03:46:38.117Z,2.5199999809265137,gauge_zero
2026-08-06 00:56:38,2026-08-06T03:56:38.256Z,2.5,gauge_zero
2026-08-06 01:06:38,2026-08-06T04:06:38.466Z,2.5,gauge_zero
2026-08-06 01:16:38,2026-08-06T04:16:38.132Z,2.5,gauge_zero
2026-08-06 01:26:38,2026-08-06T04:26:38.122Z,2.5,gauge_zero
2026-08-06 01:36:38,2026-08-06T04:36:38.122Z,2.5,gauge_zero
2026-08-06 01:46:38,2026-08-06T04:46:38.179Z,2.5,gauge_zero
2026-08-06 01:56:38,2026-08-06T04:56:38.117Z,2.4800000190734863,gauge_zero
2026-08-06 02:06:38,2026-08-06T05:06:38.11Z,2.4800000190734863,gauge_zero
2026-08-06 02:16:38,2026-08-06T05:16:38.126Z,2.4600000381469727,gauge_zero
2026-08-06 02:26:38,2026-08-06T05:26:38.129Z,2.440000057220459,gauge_zero
2026-08-06 02:36:38,2026-08-06T05:36:38.117Z,2.440000057220459,gauge_zero
2026-08-06 02:46:38,2026-08-06T05:46:38.115Z,2.5199999809265137,gauge_zero
2026-08-06 02:56:38,2026-08-06T05:56:38.119Z,2.5199999809265137,gauge_zero
2026-08-06 03:06:38,2026-08-06T06:06:38.131Z,2.5,gauge_zero
2026-08-06 03:16:38,2026-08-06T06:16:38.116Z,2.5,gauge_zero
2026-08-06 03:26:38,2026-08-06T06:26:38.116Z,2.5,gauge_zero
2026-08-06 03:36:38,2026-08-06T06:36:38.134Z,2.4800000190734863,gauge_zero
2026-08-06 03:46:38,2026-08-06T06:46:38.14Z,2.4800000190734863,gauge_zero
2026-08-06 03:56:38,2026-08-06T06:56:38.117Z,2.4800000190734863,gauge_zero
2026-08-06 04:06:38,2026-08-06T07:06:38.116Z,2.4600000381469727,gauge_zero
2026-08-06 04:16:38,2026-08-06T07:16:38.147Z,2.4600000381469727,gauge_zero
2026-08-06 04:26:38,2026-08-06T07:26:38.131Z,2.4600000381469727,gauge_zero
2026-08-06 04:36:38,2026-08-06T07:36:38.122Z,2.4600000381469727,gauge_zero
2026-08-06 04:46:38,2026-08-06T07:46:38.123Z,2.4600000381469727,gauge_zero
2026-08-06 04:56:38,2026-08-06T07:56:38.125Z,2.4600000381469727,gauge_zero
2026-08-06 05:06:38,2026-08-06T08:06:38.131Z,2.4600000381469727,gauge_zero
2026-08-06 05:16:38,2026-08-06T08:16:38.12Z,2.4600000381469727,gauge_zero
2026-08-06 05:26:38,2026-08-06T08:26:38.111Z,2.4600000381469727,gauge_zero
2026-08-06 05:36:38,2026-08-06T08:36:38.115Z,2.4600000381469727,gauge_zero
2026-08-06 05:46:38,2026-08-06T08:46:38.125Z,2.4600000381469727,gauge_zero
2026-08-06 05:56:38,2026-08-06T08:56:38.117Z,2.4600000381469727,gauge_zero
2026-08-06 06:06:38,2026-08-06T09:06:38.14Z,2.4600000381469727,gauge_zero
2026-08-06 06:16:38,2026-08-06T09:16:38.121Z,2.4600000381469727,gauge_zero
2026-08-06 06:26:38,2026-08-06T09:26:38.107Z,2.440000057220459,gauge_zero
2026-08-06 06:36:38,2026-08-06T09:36:38.123Z,2.440000057220459,gauge_zero
2026-08-06 06:46:38,2026-08-06T09:46:38.119Z,2.440000057220459,gauge_zero
2026-08-06 06:56:38,2026-08-06T09:56:38.125Z,2.440000057220459,gauge_zero
2026-08-06 07:06:38,2026-08-06T10:06:38.123Z,2.440000057220459,gauge_zero
2026-08-06 07:16:38,2026-08-06T10:16:38.134Z,2.440000057220459,gauge_zero
2026-08-06 07:26:38,2026-08-06T10:26:38.134Z,2.440000057220459,gauge_zero
2026-08-06 07:36:38,2026-08-06T10:36:38.199Z,2.440000057220459,gauge_zero
2026-08-06 07:46:38,2026-08-06T10:46:38.124Z,2.440000057220459,gauge_zero
2026-08-06 07:56:38,2026-08-06T10:56:38.118Z,2.440000057220459,gauge_zero
2026-08-06 08:06:38,2026-08-06T11:06:38.145Z,2.440000057220459,gauge_zero
2026-08-06 08:16:38,2026-08-06T11:16:38.11Z,2.440000057220459,gauge_zero
2026-08-06 08:26:38,2026-08-06T11:26:38.126Z,2.440000057220459,gauge_zero
2026-08-06 08:36:38,2026-08-06T11:36:38.137Z,2.440000057220459,gauge_zero
2026-08-06 08:46:38,2026-08-06T11:46:38.115Z,2.4200000762939453,gauge_zero
2026-08-06 08:56:38,2026-08-06T11:56:38.15Z,2.4200000762939453,gauge_zero
2026-08-06 09:06:38,2026-08-06T12:06:38.132Z,2.4200000762939453,gauge_zero
2026-08-06 09:16:38,2026-08-06T12:16:38.115Z,2.440000057220459,gauge_zero
2026-08-06 09:26:38,2026-08-06T12:26:38.139Z,2.440000057220459,gauge_zero
2026-08-06 09:36:38,2026-08-06T12:36:38.125Z,2.4200000762939453,gauge_zero
2026-08-06 09:46:38,2026-08-06T12:46:38.119Z,2.4200000762939453,gauge_zero
2026-08-06 09:56:38,2026-08-06T12:56:38.133Z,2.4200000762939453,gauge_zero
2026-08-06 10:06:38,2026-08-06T13:06:38.121Z,2.4200000762939453,gauge_zero
2026-08-06 10:16:38,2026-08-06T13:16:38.152Z,2.4200000762939453,gauge_zero
2026-08-06 10:26:38,2026-08-06T13:26:38.134Z,2.4200000762939453,gauge_zero
2026-08-06 10:36:38,2026-08-06T13:36:38.152Z,2.4200000762939453,gauge_zero
2026-08-06 10:46:38,2026-08-06T13:46:38.118Z,2.4200000762939453,gauge_zero
2026-08-06 10:56:38,2026-08-06T13:56:38.137Z,2.4200000762939453,gauge_zero
2026-08-06 11:06:38,2026-08-06T14:06:38.153Z,2.4200000762939453,gauge_zero
2026-08-06 11:16:38,2026-08-06T14:16:38.189Z,2.4200000762939453,gauge_zero
2026-08-06 11:26:38,2026-08-06T14:26:38.138Z,2.4200000762939453,gauge_zero
2026-08-06 11:36:38,2026-08-06T14:36:38.145Z,2.4200000762939453,gauge_zero
2026-08-06 11:46:38,2026-08-06T14:46:38.137Z,2.4200000762939453,gauge_zero
2026-08-06 11:56:38,2026-08-06T14:56:38.129Z,2.4200000762939453,gauge_zero
2026-08-06 12:06:38,2026-08-06T15:06:38.133Z,2.4200000762939453,gauge_zero
2026-08-06 12:16:38,2026-08-06T15:16:38.166Z,2.4200000762939453,gauge_zero
2026-08-06 12:26:38,2026-08-06T15:26:38.132Z,2.4200000762939453,gauge_zero
2026-08-06 12:36:38,2026-08-06T15:36:38.158Z,2.4200000762939453,gauge_zero
2026-08-06 12:46:38,2026-08-06T15:46:38.134Z,2.4200000762939453,gauge_zero
2026-08-06 12:56:38,2026-08-06T15:56:38.151Z,2.4200000762939453,gauge_zero
2026-08-06 13:06:38,2026-08-06T16:06:38.143Z,2.440000057220459,gauge_zero
2026-08-06 13:16:38,2026-08-06T16:16:38.153Z,2.440000057220459,gauge_zero
2026-08-06 13:26:38,2026-08-06T16:26:38.137Z,2.440000057220459,gauge_zero
2026-08-06 13:36:38,2026-08-06T16:36:38.134Z,2.4200000762939453,gauge_zero
2026-08-06 13:46:38,2026-08-06T16:46:38.145Z,2.4200000762939453,gauge_zero
2026-08-06 13:56:38,2026-08-06T16:56:38.15Z,2.4200000762939453,gauge_zero
2026-08-06 14:06:38,2026-08-06T17:06:38.137Z,2.4200000762939453,gauge_zero
2026-08-06 14:16:38,2026-08-06T17:16:38.147Z,2.4200000762939453,gauge_zero
2026-08-06 14:26:38,2026-08-06T17:26:38.162Z,2.440000057220459,gauge_zero
2026-08-06 14:36:38,2026-08-06T17:36:38.157Z,2.4600000381469727,gauge_zero
2026-08-06 14:46:38,2026-08-06T17:46:38.16Z,2.4800000190734863,gauge_zero
2026-08-06 14:56:38,2026-08-06T17:56:38.146Z,2.4800000190734863,gauge_zero
2026-08-06 15:06:38,2026-08-06T18:06:38.184Z,2.4800000190734863,gauge_zero
2026-08-06 15:16:38,2026-08-06T18:16:38.157Z,2.4800000190734863,gauge_zero
2026-08-06 15:26:38,2026-08-06T18:26:38.153Z,2.4800000190734863,gauge_zero
2026-08-06 15:36:38,2026-08-06T18:36:38.142Z,2.4600000381469727,gauge_zero
2026-08-06 15:46:38,2026-08-06T18:46:38.133Z,2.4600000381469727,gauge_zero
2026-08-06 15:56:38,2026-08-06T18:56:38.153Z,2.4600000381469727,gauge_zero
2026-08-06 16:06:38,2026-08-06T19:06:38.16Z,2.4800000190734863,gauge_zero
2026-08-06 16:16:38,2026-08-06T19:16:38.171Z,2.4800000190734863,gauge_zero
2026-08-06 16:26:38,2026-08-06T19:26:38.16Z,2.4800000190734863,gauge_zero
2026-08-06 16:36:38,2026-08-06T19:36:38.175Z,2.569999933242798,gauge_zero
2026-08-06 16:46:38,2026-08-06T19:46:38.189Z,2.7100000381469727,gauge_zero
2026-08-06 16:56:38,2026-08-06T19:56:38.153Z,2.690000057220459,gauge_zero
2026-08-06 17:06:38,2026-08-06T20:06:38.155Z,2.7899999618530273,gauge_zero
2026-08-06 17:16:38,2026-08-06T20:16:38.18Z,2.7899999618530273,gauge_zero
2026-08-06 17:26:38,2026-08-06T20:26:38.179Z,2.869999885559082,gauge_zero
2026-08-06 17:36:38,2026-08-06T20:36:38.154Z,2.8499999046325684,gauge_zero
2026-08-06 17:46:38,2026-08-06T20:46:38.156Z,2.8299999237060547,gauge_zero
2026-08-06 17:56:38,2026-08-06T20:56:38.176Z,2.809999942779541,gauge_zero
2026-08-06 18:06:38,2026-08-06T21:06:38.164Z,2.7899999618530273,gauge_zero
2026-08-06 18:16:38,2026-08-06T21:16:38.176Z,2.7699999809265137,gauge_zero
2026-08-06 18:26:38,2026-08-06T21:26:38.173Z,2.7699999809265137,gauge_zero
2026-08-06 18:36:38,2026-08-06T21:36:38.148Z,2.75,gauge_zero
2026-08-06 18:46:38,2026-08-06T21:46:38.163Z,2.7300000190734863,gauge_zero
2026-08-06 18:56:38,2026-08-06T21:56:38.168Z,2.7100000381469727,gauge_zero
2026-08-06 19:06:38,2026-08-06T22:06:38.182Z,2.7100000381469727,gauge_zero
2026-08-06 19:16:38,2026-08-06T22:16:38.168Z,2.690000057220459,gauge_zero
2026-08-06 19:26:38,2026-08-06T22:26:38.172Z,2.690000057220459,gauge_zero
2026-08-06 19:36:38,2026-08-06T22:36:38.162Z,2.6700000762939453,gauge_zero
2026-08-06 19:46:38,2026-08-06T22:46:38.156Z,2.6500000953674316,gauge_zero
2026-08-06 19:56:38,2026-08-06T22:56:38.158Z,2.6500000953674316,gauge_zero
2026-08-06 20:06:38,2026-08-06T23:06:38.19Z,2.6500000953674316,gauge_zero
2026-08-06 20:16:38,2026-08-06T23:16:38.178Z,2.6500000953674316,gauge_zero
2026-08-06 20:26:38,2026-08-06T23:26:38.185Z,2.630000114440918,gauge_zero
2026-08-06 20:36:38,2026-08-06T23:36:38.179Z,2.619999885559082,gauge_zero
2026-08-06 20:46:38,2026-08-06T23:46:38.153Z,2.619999885559082,gauge_zero
2026-08-06 20:56:38,2026-08-06T23:56:38.175Z,2.5999999046325684,gauge_zero
2026-08-06 21:06:38,2026-08-07T00:06:38.179Z,2.5999999046325684,gauge_zero
2026-08-06 21:16:38,2026-08-07T00:16:38.175Z,2.5999999046325684,gauge_zero
2026-08-06 21:26:38,2026-08-07T00:26:38.171Z,2.5999999046325684,gauge_zero
2026-08-06 21:36:38,2026-08-07T00:36:38.168Z,2.5799999237060547,gauge_zero
2026-08-06 21:46:38,2026-08-07T00:46:38.197Z,2.5799999237060547,gauge_zero
2026-08-06 21:56:38,2026-08-07T00:56:38.158Z,2.5799999237060547,gauge_zero
2026-08-06 22:06:38,2026-08-07T01:06:38.205Z,2.5799999237060547,gauge_zero
2026-08-06 22:16:38,2026-08-07T01:16:38.161Z,2.559999942779541,gauge_zero
2026-08-06 22:26:38,2026-08-07T01:26:38.157Z,2.559999942779541,gauge_zero
2026-08-06 22:36:38,2026-08-07T01:36:38.187Z,2.559999942779541,gauge_zero
2026-08-06 22:46:38,2026-08-07T01:46:38.158Z,2.559999942779541,gauge_zero
2026-08-06 22:56:38,2026-08-07T01:56:38.167Z,2.559999942779541,gauge_zero
2026-08-06 23:06:38,2026-08-07T02:06:38.196Z,2.5399999618530273,gauge_zero
2026-08-06 23:16:38,2026-08-07T02:16:38.177Z,2.5399999618530273,gauge_zero
2026-08-06 23:26:38,2026-08-07T02:26:38.179Z,2.5399999618530273,gauge_zero
2026-08-06 23:36:38,2026-08-07T02:36:38.16Z,2.5399999618530273,gauge_zero
2026-08-06 23:46:38,2026-08-07T02:46:38.18Z,2.5399999618530273,gauge_zero
2026-08-06 23:56:38,2026-08-07T02:56:38.194Z,2.5199999809265137,gauge_zero
2026-08-07 00:06:38,2026-08-07T03:06:38.198Z,2.5199999809265137,gauge_zero
2026-08-07 00:16:38,2026-08-07T03:16:38.191Z,2.5199999809265137,gauge_zero
2026-08-07 00:26:38,2026-08-07T03:26:38.206Z,2.5199999809265137,gauge_zero
2026-08-07 00:36:38,2026-08-07T03:36:38.193Z,2.5199999809265137,gauge_zero
2026-08-07 00:46:38,2026-08-07T03:46:38.185Z,2.5199999809265137,gauge_zero
2026-08-07 00:56:45,2026-08-07T03:56:45.281Z,2.5,gauge_zero
2026-08-07 01:06:45,2026-08-07T04:06:45.221Z,2.5199999809265137,gauge_zero
2026-08-07 01:16:45,2026-08-07T04:16:45.226Z,2.5399999618530273,gauge_zero
2026-08-07 01:26:45,2026-08-07T04:26:45.241Z,2.559999942779541,gauge_zero
2026-08-07 01:36:45,2026-08-07T04:36:45.229Z,2.559999942779541,gauge_zero
2026-08-07 01:46:45,2026-08-07T04:46:45.213Z,2.559999942779541,gauge_zero
2026-08-07 01:56:45,2026-08-07T04:56:45.233Z,2.5799999237060547,gauge_zero
2026-08-07 02:06:45,2026-08-07T05:06:45.245Z,2.5799999237060547,gauge_zero
2026-08-07 02:16:45,2026-08-07T05:16:45.226Z,2.5799999237060547,gauge_zero
2026-08-07 02:26:45,2026-08-07T05:26:45.236Z,2.5999999046325684,gauge_zero
2026-08-07 02:36:45,2026-08-07T05:36:45.236Z,2.6500000953674316,gauge_zero
2026-08-07 02:46:45,2026-08-07T05:46:45.39Z,2.7100000381469727,gauge_zero
2026-08-07 02:56:45,2026-08-07T05:56:45.223Z,2.7300000190734863,gauge_zero
2026-08-07 03:06:45,2026-08-07T06:06:45.233Z,2.7300000190734863,gauge_zero
2026-08-07 03:16:45,2026-08-07T06:16:45.245Z,2.7300000190734863,gauge_zero
2026-08-07 03:26:45,2026-08-07T06:26:45.227Z,2.75,gauge_zero
2026-08-07 03:36:45,2026-08-07T06:36:45.272Z,2.7899999618530273,gauge_zero
2026-08-07 03:46:45,2026-08-07T06:46:45.243Z,2.8299999237060547,gauge_zero
2026-08-07 03:56:45,2026-08-07T06:56:45.266Z,2.880000114440918,gauge_zero
2026-08-07 04:06:45,2026-08-07T07:06:45.253Z,2.9000000953674316,gauge_zero
2026-08-07 04:16:45,2026-08-07T07:16:45.237Z,2.9000000953674316,gauge_zero
2026-08-07 04:26:45,2026-08-07T07:26:45.249Z,2.9600000381469727,gauge_zero
2026-08-07 04:36:45,2026-08-07T07:36:45.247Z,3.009999990463257,gauge_zero
2026-08-07 04:46:45,2026-08-07T07:46:45.275Z,3.0299999713897705,gauge_zero
2026-08-07 04:56:45,2026-08-07T07:56:45.235Z,3,gauge_zero
2026-08-07 05:06:45,2026-08-07T08:06:45.241Z,2.9800000190734863,gauge_zero
2026-08-07 05:16:45,2026-08-07T08:16:45.353Z,2.9600000381469727,gauge_zero
2026-08-07 05:26:45,2026-08-07T08:26:45.249Z,2.9600000381469727,gauge_zero
2026-08-07 05:36:45,2026-08-07T08:36:45.264Z,2.9200000762939453,gauge_zero
2026-08-07 05:46:45,2026-08-07T08:46:45.338Z,2.9000000953674316,gauge_zero
2026-08-07 05:56:45,2026-08-07T08:56:45.253Z,2.869999885559082,gauge_zero
2026-08-07 06:06:45,2026-08-07T09:06:45.229Z,2.869999885559082,gauge_zero
2026-08-07 06:16:45,2026-08-07T09:16:45.26Z,2.8499999046325684,gauge_zero
2026-08-07 06:26:45,2026-08-07T09:26:45.242Z,2.8299999237060547,gauge_zero
2026-08-07 06:36:45,2026-08-07T09:36:45.257Z,2.809999942779541,gauge_zero
2026-08-07 06:46:45,2026-08-07T09:46:45.239Z,2.809999942779541,gauge_zero
2026-08-07 06:56:45,2026-08-07T09:56:45.259Z,2.7899999618530273,gauge_zero
2026-08-07 07:06:45,2026-08-07T10:06:45.242Z,2.7899999618530273,gauge_zero
2026-08-07 07:16:45,2026-08-07T10:16:45.27Z,2.7699999809265137,gauge_zero
2026-08-07 07:26:45,2026-08-07T10:26:45.245Z,2.7699999809265137,gauge_zero
2026-08-07 07:36:45,2026-08-07T10:36:45.245Z,2.75,gauge_zero
2026-08-07 07:46:45,2026-08-07T10:46:45.272Z,2.7300000190734863,gauge_zero
2026-08-07 07:56:45,2026-08-07T10:56:45.243Z,2.7300000190734863,gauge_zero
2026-08-07 08:06:45,2026-08-07T11:06:45.258Z,2.7100000381469727,gauge_zero
2026-08-07 08:16:45,2026-08-07T11:16:45.247Z,2.7100000381469727,gauge_zero
2026-08-07 08:26:45,2026-08-07T11:26:45.277Z,2.690000057220459,gauge_zero
2026-08-07 08:36:45,2026-08-07T11:36:45.27Z,2.690000057220459,gauge_zero
2026-08-07 08:46:45,2026-08-07T11:46:45.251Z,2.690000057220459,gauge_zero
2026-08-07 08:56:45,2026-08-07T11:56:45.239Z,2.6700000762939453,gauge_zero
2026-08-07 09:06:45,2026-08-07T12:06:45.26Z,2.6700000762939453,gauge_zero
2026-08-07 09:16:45,2026-08-07T12:16:45.279Z,2.6700000762939453,gauge_zero
2026-08-07 09:26:45,2026-08-07T12:26:45.265Z,2.6700000762939453,gauge_zero
2026-08-07 09:36:45,2026-08-07T12:36:45.235Z,2.6700000762939453,gauge_zero
2026-08-07 09:46:45,2026-08-07T12:46:45.263Z,2.6500000953674316,gauge_zero
2026-08-07 09:56:45,2026-08-07T12:56:45.278Z,2.6500000953674316,gauge_zero
2026-08-07 10:06:45,2026-08-07T13:06:45.247Z,2.6500000953674316,gauge_zero
2026-08-07 10:16:45,2026-08-07T13:16:45.405Z,2.630000114440918,gauge_zero
2026-08-07 10:26:45,2026-08-07T13:26:45.261Z,2.630000114440918,gauge_zero
2026-08-07 10:36:45,2026-08-07T13:36:45.263Z,2.630000114440918,gauge_zero
2026-08-07 10:46:45,2026-08-07T13:46:45.275Z,2.630000114440918,gauge_zero
2026-08-07 10:56:45,2026-08-07T13:56:45.238Z,2.619999885559082,gauge_zero
2026-08-07 11:06:45,2026-08-07T14:06:45.273Z,2.619999885559082,gauge_zero
2026-08-07 11:16:45,2026-08-07T14:16:45.27Z,2.619999885559082,gauge_zero
2026-08-07 11:26:45,2026-08-07T14:26:45.3Z,2.5999999046325684,gauge_zero
2026-08-07 11:36:45,2026-08-07T14:36:45.28Z,2.5999999046325684,gauge_zero
2026-08-07 11:46:45,2026-08-07T14:46:45.28Z,2.5999999046325684,gauge_zero
2026-08-07 11:56:45,2026-08-07T14:56:45.268Z,2.5799999237060547,gauge_zero
2026-08-07 12:06:45,2026-08-07T15:06:45.316Z,2.5999999046325684,gauge_zero
2026-08-07 12:16:45,2026-08-07T15:16:45.277Z,2.5999999046325684,gauge_zero
2026-08-07 12:26:45,2026-08-07T15:26:45.291Z,2.5999999046325684,gauge_zero
2026-08-07 12:36:45,2026-08-07T15:36:45.275Z,2.5999999046325684,gauge_zero
2026-08-07 12:46:45,2026-08-07T15:46:45.406Z,2.5799999237060547,gauge_zero
2026-08-07 12:56:45,2026-08-07T15:56:45.275Z,2.5799999237060547,gauge_zero
2026-08-07 13:06:45,2026-08-07T16:06:45.282Z,2.5799999237060547,gauge_zero
2026-08-07 13:16:45,2026-08-07T16:16:45.319Z,2.5799999237060547,gauge_zero
2026-08-07 13:26:45,2026-08-07T16:26:45.267Z,2.5799999237060547,gauge_zero
2026-08-07 13:36:45,2026-08-07T16:36:45.282Z,2.5799999237060547,gauge_zero
2026-08-07 13:46:45,2026-08-07T16:46:45.306Z,2.559999942779541,gauge_zero
2026-08-07 13:56:45,2026-08-07T16:56:45.289Z,2.559999942779541,gauge_zero
2026-08-07 14:06:45,2026-08-07T17:06:45.271Z,2.559999942779541,gauge_zero
2026-08-07 14:16:45,2026-08-07T17:16:45.277Z,2.559999942779541,gauge_zero
2026-08-07 14:26:45,2026-08-07T17:26:45.303Z,2.559999942779541,gauge_zero
2026-08-07 14:36:45,2026-08-07T17:36:45.284Z,2.559999942779541,gauge_zero
2026-08-07 14:46:45,2026-08-07T17:46:45.322Z,2.559999942779541,gauge_zero
2026-08-07 14:56:45,2026-08-07T17:56:45.273Z,2.559999942779541,gauge_zero
2026-08-07 15:06:45,2026-08-07T18:06:45.313Z,2.559999942779541,gauge_zero
2026-08-07 15:16:45,2026-08-07T18:16:45.288Z,2.5399999618530273,gauge_zero
2026-08-07 15:26:45,2026-08-07T18:26:45.305Z,2.5399999618530273,gauge_zero
2026-08-07 15:36:45,2026-08-07T18:36:45.302Z,2.5399999618530273,gauge_zero
2026-08-07 15:46:45,2026-08-07T18:46:45.288Z,2.5399999618530273,gauge_zero
2026-08-07 15:56:45,2026-08-07T18:56:45.365Z,2.5399999618530273,gauge_zero
2026-08-07 16:06:45,2026-08-07T19:06:45.283Z,2.5399999618530273,gauge_zero
2026-08-07 16:16:45,2026-08-07T19:16:45.258Z,2.5399999618530273,gauge_zero
2026-08-07 16:26:45,2026-08-07T19:26:45.301Z,2.5399999618530273,gauge_zero
2026-08-07 16:36:45,2026-08-07T19:36:45.27Z,2.5399999618530273,gauge_zero
2026-08-07 16:46:45,2026-08-07T19:46:45.292Z,2.5399999618530273,gauge_zero
2026-08-07 16:56:45,2026-08-07T19:56:45.356Z,2.5399999618530273,gauge_zero
2026-08-07 17:06:45,2026-08-07T20:06:45.313Z,2.5399999618530273,gauge_zero
2026-08-07 17:16:45,2026-08-07T20:16:45.255Z,2.5399999618530273,gauge_zero
2026-08-07 17:26:45,2026-08-07T20:26:45.326Z,2.5199999809265137,gauge_zero
2026-08-07 17:36:45,2026-08-07T20:36:45.303Z,2.5199999809265137,gauge_zero
2026-08-07 17:46:45,2026-08-07T20:46:45.298Z,2.5199999809265137,gauge_zero
2026-08-07 17:56:45,2026-08-07T20:56:45.309Z,2.5199999809265137,gauge_zero
2026-08-07 18:06:45,2026-08-07T21:06:45.293Z,2.5199999809265137,gauge_zero
2026-08-07 18:16:45,2026-08-07T21:16:45.28Z,2.5199999809265137,gauge_zero
2026-08-07 18:26:45,2026-08-07T21:26:45.291Z,2.5199999809265137,gauge_zero
2026-08-07 18:36:45,2026-08-07T21:36:45.278Z,2.5199999809265137,gauge_zero
2026-08-07 18:46:45,2026-08-07T21:46:45.297Z,2.5199999809265137,gauge_zero
2026-08-07 18:56:45,2026-08-07T21:56:45.288Z,2.5199999809265137,gauge_zero
2026-08-07 19:06:45,2026-08-07T22:06:45.292Z,2.5199999809265137,gauge_zero
2026-08-07 19:16:45,2026-08-07T22:16:45.273Z,2.5199999809265137,gauge_zero
2026-08-07 19:26:45,2026-08-07T22:26:45.309Z,2.5199999809265137,gauge_zero
2026-08-07 19:36:46,2026-08-07T22:36:46.011Z,2.5199999809265137,gauge_zero
2026-08-07 19:46:45,2026-08-07T22:46:45.263Z,2.5199999809265137,gauge_zero
2026-08-07 19:56:45,2026-08-07T22:56:45.307Z,2.5199999809265137,gauge_zero
2026-08-07 20:06:45,2026-08-07T23:06:45.319Z,2.5199999809265137,gauge_zero
2026-08-07 20:16:45,2026-08-07T23:16:45.293Z,2.5199999809265137,gauge_zero
2026-08-07 20:26:45,2026-08-07T23:26:45.315Z,2.5199999809265137,gauge_zero
2026-08-07 20:36:45,2026-08-07T23:36:45.317Z,2.5199999809265137,gauge_zero
2026-08-07 20:46:45,2026-08-07T23:46:45.313Z,2.5199999809265137,gauge_zero
2026-08-07 20:56:45,2026-08-07T23:56:45.307Z,2.5199999809265137,gauge_zero
2026-08-07 21:06:45,2026-08-08T00:06:45.306Z,2.5,gauge_zero
2026-08-07 21:16:45,2026-08-08T00:16:45.305Z,2.5,gauge_zero
2026-08-07 21:26:45,2026-08-08T00:26:45.284Z,2.5,gauge_zero
2026-08-07 21:36:45,2026-08-08T00:36:45.312Z,2.5,gauge_zero
2026-08-07 21:46:45,2026-08-08T00:46:45.296Z,2.5,gauge_zero
2026-08-07 21:56:45,2026-08-08T00:56:45.284Z,2.5,gauge_zero
2026-08-07 22:06:45,2026-08-08T01:06:45.372Z,2.5,gauge_zero
2026-08-07 22:16:45,2026-08-08T01:16:45.31Z,2.5,gauge_zero
2026-08-07 22:26:45,2026-08-08T01:26:45.403Z,2.5,gauge_zero
2026-08-07 22:36:45,2026-08-08T01:36:45.371Z,2.5,gauge_zero
2026-08-07 22:46:45,2026-08-08T01:46:45.351Z,2.5,gauge_zero
2026-08-07 22:56:45,2026-08-08T01:56:45.328Z,2.5,gauge_zero
2026-08-07 23:06:45,2026-08-08T02:06:45.312Z,2.5,gauge_zero
2026-08-07 23:16:45,2026-08-08T02:16:45.321Z,2.4800000190734863,gauge_zero
2026-08-07 23:26:45,2026-08-08T02:26:45.275Z,2.4800000190734863,gauge_zero
2026-08-07 23:36:45,2026-08-08T02:36:45.287Z,2.4800000190734863,gauge_zero
2026-08-07 23:46:45,2026-08-08T02:46:45.336Z,2.4800000190734863,gauge_zero
2026-08-07 23:56:45,2026-08-08T02:56:45.312Z,2.4800000190734863,gauge_zero
2026-08-08 00:06:45,2026-08-08T03:06:45.329Z,2.4800000190734863,gauge_zero
2026-08-08 00:16:45,2026-08-08T03:16:45.304Z,2.5,gauge_zero
2026-08-08 00:26:45,2026-08-08T03:26:45.368Z,2.5,gauge_zero
2026-08-08 00:36:38,2026-08-08T03:36:38.711Z,2.5,gauge_zero
2026-08-08 00:46:43,2026-08-08T03:46:43.222Z,2.5,gauge_zero
2026-08-08 00:56:43,2026-08-08T03:56:43.227Z,2.5,gauge_zero
2026-08-08 01:06:43,2026-08-08T04:06:43.249Z,2.5,gauge_zero
2026-08-08 01:16:43,2026-08-08T04:16:43.239Z,2.4800000190734863,gauge_zero
2026-08-08 01:26:43,2026-08-08T04:26:43.227Z,2.4800000190734863,gauge_zero
2026-08-08 01:36:43,2026-08-08T04:36:43.218Z,2.4800000190734863,gauge_zero
2026-08-08 01:46:43,2026-08-08T04:46:43.243Z,2.4800000190734863,gauge_zero
2026-08-08 01:56:43,2026-08-08T04:56:43.234Z,2.4800000190734863,gauge_zero
2026-08-08 02:06:43,2026-08-08T05:06:43.226Z,2.4800000190734863,gauge_zero
2026-08-08 02:16:43,2026-08-08T05:16:43.2Z,2.4800000190734863,gauge_zero
2026-08-08 02:26:43,2026-08-08T05:26:43.216Z,2.4800000190734863,gauge_zero
2026-08-08 02:36:43,2026-08-08T05:36:43.245Z,2.4800000190734863,gauge_zero
2026-08-08 02:46:43,2026-08-08T05:46:43.229Z,2.4800000190734863,gauge_zero
2026-08-08 02:56:43,2026-08-08T05:56:43.23Z,2.4800000190734863,gauge_zero
2026-08-08 03:06:43,2026-08-08T06:06:43.221Z,2.4800000190734863,gauge_zero
2026-08-08 03:16:43,2026-08-08T06:16:43.237Z,2.4800000190734863,gauge_zero
2026-08-08 03:26:43,2026-08-08T06:26:43.24Z,2.4800000190734863,gauge_zero
2026-08-08 03:36:43,2026-08-08T06:36:43.228Z,2.4800000190734863,gauge_zero
2026-08-08 03:46:43,2026-08-08T06:46:43.233Z,2.4800000190734863,gauge_zero
2026-08-08 03:56:43,2026-08-08T06:56:43.217Z,2.4800000190734863,gauge_zero
2026-08-08 04:06:43,2026-08-08T07:06:43.252Z,2.4800000190734863,gauge_zero
2026-08-08 04:16:43,2026-08-08T07:16:43.237Z,2.4800000190734863,gauge_zero
2026-08-08 04:26:43,2026-08-08T07:26:43.249Z,2.4800000190734863,gauge_zero
2026-08-08 04:36:43,2026-08-08T07:36:43.231Z,2.4800000190734863,gauge_zero
2026-08-08 04:46:43,2026-08-08T07:46:43.228Z,2.4800000190734863,gauge_zero
2026-08-08 04:56:43,2026-08-08T07:56:43.243Z,2.4800000190734863,gauge_zero
2026-08-08 05:06:43,2026-08-08T08:06:43.225Z,2.4800000190734863,gauge_zero
2026-08-08 05:16:43,2026-08-08T08:16:43.231Z,2.4800000190734863,gauge_zero
2026-08-08 05:26:43,2026-08-08T08:26:43.25Z,2.4800000190734863,gauge_zero
2026-08-08 05:36:43,2026-08-08T08:36:43.242Z,2.4800000190734863,gauge_zero
2026-08-08 05:46:43,2026-08-08T08:46:43.256Z,2.4800000190734863,gauge_zero
2026-08-08 05:56:43,2026-08-08T08:56:43.253Z,2.4800000190734863,gauge_zero
2026-08-08 06:06:43,2026-08-08T09:06:43.229Z,2.4800000190734863,gauge_zero
2026-08-08 06:16:43,2026-08-08T09:16:43.277Z,2.4800000190734863,gauge_zero
2026-08-08 06:26:43,2026-08-08T09:26:43.21Z,2.4800000190734863,gauge_zero
2026-08-08 06:36:43,2026-08-08T09:36:43.259Z,2.4800000190734863,gauge_zero
2026-08-08 06:46:43,2026-08-08T09:46:43.242Z,2.4800000190734863,gauge_zero
2026-08-08 06:56:43,2026-08-08T09:56:43.239Z,2.4800000190734863,gauge_zero
2026-08-08 07:06:43,2026-08-08T10:06:43.235Z,2.4800000190734863,gauge_zero
2026-08-08 07:16:43,2026-08-08T10:16:43.246Z,2.4800000190734863,gauge_zero
2026-08-08 07:26:43,2026-08-08T10:26:43.238Z,2.4800000190734863,gauge_zero
2026-08-08 07:36:43,2026-08-08T10:36:43.259Z,2.4800000190734863,gauge_zero
2026-08-08 07:46:43,2026-08-08T10:46:43.236Z,2.4800000190734863,gauge_zero
2026-08-08 07:56:43,2026-08-08T10:56:43.242Z,2.4800000190734863,gauge_zero
2026-08-08 08:06:43,2026-08-08T11:06:43.252Z,2.4800000190734863,gauge_zero
2026-08-08 08:16:43,2026-08-08T11:16:43.223Z,2.4800000190734863,gauge_zero
2026-08-08 08:26:43,2026-08-08T11:26:43.235Z,2.4800000190734863,gauge_zero
2026-08-08 08:36:43,2026-08-08T11:36:43.236Z,2.4600000381469727,gauge_zero
2026-08-08 08:46:43,2026-08-08T11:46:43.297Z,2.4600000381469727,gauge_zero
2026-08-08 08:56:43,2026-08-08T11:56:43.248Z,2.4600000381469727,gauge_zero
2026-08-08 09:06:43,2026-08-08T12:06:43.261Z,2.4600000381469727,gauge_zero
2026-08-08 09:16:43,2026-08-08T12:16:43.266Z,2.4600000381469727,gauge_zero
2026-08-08 09:26:43,2026-08-08T12:26:43.243Z,2.4600000381469727,gauge_zero
2026-08-08 09:36:43,2026-08-08T12:36:43.238Z,2.4600000381469727,gauge_zero
2026-08-08 09:46:43,2026-08-08T12:46:43.252Z,2.4600000381469727,gauge_zero
2026-08-08 09:56:43,2026-08-08T12:56:43.255Z,2.4800000190734863,gauge_zero
2026-08-08 10:06:43,2026-08-08T13:06:43.258Z,2.4800000190734863,gauge_zero
2026-08-08 10:16:43,2026-08-08T13:16:43.25Z,2.4800000190734863,gauge_zero
2026-08-08 10:26:43,2026-08-08T13:26:43.247Z,2.4800000190734863,gauge_zero
2026-08-08 10:36:43,2026-08-08T13:36:43.263Z,2.4800000190734863,gauge_zero
2026-08-08 10:46:43,2026-08-08T13:46:43.245Z,2.4800000190734863,gauge_zero
2026-08-08 10:56:43,2026-08-08T13:56:43.251Z,2.4800000190734863,gauge_zero
2026-08-08 11:06:43,2026-08-08T14:06:43.242Z,2.4800000190734863,gauge_zero
2026-08-08 11:16:43,2026-08-08T14:16:43.263Z,2.4800000190734863,gauge_zero
2026-08-08 11:26:43,2026-08-08T14:26:43.264Z,2.4800000190734863,gauge_zero
2026-08-08 11:36:43,2026-08-08T14:36:43.259Z,2.4800000190734863,gauge_zero
2026-08-08 11:46:43,2026-08-08T14:46:43.258Z,2.4600000381469727,gauge_zero
2026-08-08 11:56:43,2026-08-08T14:56:43.269Z,2.4600000381469727,gauge_zero
2026-08-08 12:06:43,2026-08-08T15:06:43.262Z,2.4600000381469727,gauge_zero
2026-08-08 12:16:43,2026-08-08T15:16:43.257Z,2.4600000381469727,gauge_zero
2026-08-08 12:26:43,2026-08-08T15:26:43.278Z,2.4800000190734863,gauge_zero
2026-08-08 12:36:43,2026-08-08T15:36:43.268Z,2.4800000190734863,gauge_zero
2026-08-08 12:46:43,2026-08-08T15:46:43.277Z,2.5,gauge_zero
2026-08-08 12:56:43,2026-08-08T15:56:43.251Z,2.5,gauge_zero
2026-08-08 13:06:43,2026-08-08T16:06:43.282Z,2.5,gauge_zero
2026-08-08 13:16:43,2026-08-08T16:16:43.275Z,2.5,gauge_zero
2026-08-08 13:26:43,2026-08-08T16:26:43.273Z,2.5,gauge_zero
2026-08-08 13:36:43,2026-08-08T16:36:43.262Z,2.5,gauge_zero
2026-08-08 13:46:43,2026-08-08T16:46:43.342Z,2.5,gauge_zero
2026-08-08 13:56:43,2026-08-08T16:56:43.296Z,2.5,gauge_zero
2026-08-08 14:06:43,2026-08-08T17:06:43.251Z,2.5,gauge_zero
2026-08-08 14:16:43,2026-08-08T17:16:43.279Z,2.5,gauge_zero
2026-08-08 14:26:43,2026-08-08T17:26:43.273Z,2.5,gauge_zero
2026-08-08 14:36:43,2026-08-08T17:36:43.274Z,2.5,gauge_zero
2026-08-08 14:46:43,2026-08-08T17:46:43.282Z,2.5,gauge_zero
2026-08-08 14:56:43,2026-08-08T17:56:43.291Z,2.5,gauge_zero
2026-08-08 15:06:43,2026-08-08T18:06:43.322Z,2.5,gauge_zero
2026-08-08 15:16:43,2026-08-08T18:16:43.258Z,2.5,gauge_zero
2026-08-08 15:26:43,2026-08-08T18:26:43.286Z,2.5,gauge_zero
2026-08-08 15:36:43,2026-08-08T18:36:43.312Z,2.5,gauge_zero
2026-08-08 15:46:43,2026-08-08T18:46:43.269Z,2.5,gauge_zero
2026-08-08 15:56:43,2026-08-08T18:56:43.27Z,2.5199999809265137,gauge_zero
2026-08-08 16:06:43,2026-08-08T19:06:43.273Z,2.5199999809265137,gauge_zero
2026-08-08 16:16:43,2026-08-08T19:16:43.283Z,2.5199999809265137,gauge_zero
2026-08-08 16:26:43,2026-08-08T19:26:43.286Z,2.5199999809265137,gauge_zero
2026-08-08 16:36:43,2026-08-08T19:36:43.351Z,2.5399999618530273,gauge_zero
2026-08-08 16:46:28,2026-08-08T19:46:28.28Z,2.5199999809265137,gauge_zero
2026-08-08 16:56:40,2026-08-08T19:56:40.914Z,2.549999952316284,gauge_zero
2026-08-08 17:06:40,2026-08-08T20:06:40.914Z,2.609999895095825,gauge_zero
2026-08-08 17:16:40,2026-08-08T20:16:40.906Z,2.619999885559082,gauge_zero
2026-08-08 17:26:34,2026-08-08T20:26:34.996Z,2.5999999046325684,gauge_zero
2026-08-08 17:36:35,2026-08-08T20:36:35.029Z,2.6700000762939453,gauge_zero
2026-08-08 17:46:35,2026-08-08T20:46:35.015Z,2.690000057220459,gauge_zero
2026-08-08 17:56:34,2026-08-08T20:56:34.998Z,2.6700000762939453,gauge_zero
2026-08-08 18:06:35,2026-08-08T21:06:35.027Z,2.6700000762939453,gauge_zero
2026-08-08 18:16:35,2026-08-08T21:16:35Z,2.6700000762939453,gauge_zero
2026-08-08 18:26:35,2026-08-08T21:26:35.022Z,2.6700000762939453,gauge_zero
2026-08-08 18:36:35,2026-08-08T21:36:35.031Z,2.6700000762939453,gauge_zero
2026-08-08 18:46:35,2026-08-08T21:46:35.014Z,2.759999990463257,gauge_zero
2026-08-08 18:56:35,2026-08-08T21:56:35.002Z,2.880000114440918,gauge_zero
2026-08-08 19:06:35,2026-08-08T22:06:35.019Z,2.8499999046325684,gauge_zero
2026-08-08 19:16:35,2026-08-08T22:16:35.017Z,2.8299999237060547,gauge_zero
2026-08-08 19:26:35,2026-08-08T22:26:35.023Z,2.8299999237060547,gauge_zero
2026-08-08 19:36:35,2026-08-08T22:36:35.006Z,2.809999942779541,gauge_zero
2026-08-08 19:46:35,2026-08-08T22:46:35.014Z,2.7899999618530273,gauge_zero
2026-08-08 19:56:35,2026-08-08T22:56:35.002Z,2.7699999809265137,gauge_zero
2026-08-08 20:06:35,2026-08-08T23:06:35.022Z,2.75,gauge_zero
2026-08-08 20:16:35,2026-08-08T23:16:35.019Z,2.7699999809265137,gauge_zero
2026-08-08 20:26:35,2026-08-08T23:26:35.026Z,2.7699999809265137,gauge_zero
2026-08-08 20:36:35,2026-08-08T23:36:35.046Z,2.75,gauge_zero
2026-08-08 20:46:35,2026-08-08T23:46:35.046Z,2.75,gauge_zero
2026-08-08 20:56:35,2026-08-08T23:56:35.033Z,2.75,gauge_zero
2026-08-08 21:06:35,2026-08-09T00:06:35.024Z,2.75,gauge_zero
2026-08-08 21:16:35,2026-08-09T00:16:35.014Z,2.75,gauge_zero
2026-08-08 21:26:35,2026-08-09T00:26:35.016Z,2.7699999809265137,gauge_zero
2026-08-08 21:36:35,2026-08-09T00:36:35.019Z,2.7899999618530273,gauge_zero
2026-08-08 21:46:35,2026-08-09T00:46:35.074Z,2.7899999618530273,gauge_zero
2026-08-08 21:56:35,2026-08-09T00:56:35.026Z,2.809999942779541,gauge_zero
2026-08-08 22:06:35,2026-08-09T01:06:35.035Z,2.809999942779541,gauge_zero
2026-08-08 22:16:35,2026-08-09T01:16:35.017Z,2.809999942779541,gauge_zero
2026-08-08 22:26:35,2026-08-09T01:26:35.019Z,2.809999942779541,gauge_zero
2026-08-08 22:36:35,2026-08-09T01:36:35.01Z,2.809999942779541,gauge_zero
2026-08-08 22:46:35,2026-08-09T01:46:35.023Z,2.7899999618530273,gauge_zero
2026-08-08 22:56:35,2026-08-09T01:56:35.029Z,2.7699999809265137,gauge_zero
2026-08-08 23:06:35,2026-08-09T02:06:35.024Z,2.7699999809265137,gauge_zero
2026-08-08 23:16:35,2026-08-09T02:16:35.043Z,2.7699999809265137,gauge_zero
2026-08-08 23:26:35,2026-08-09T02:26:35.011Z,2.75,gauge_zero
2026-08-08 23:36:35,2026-08-09T02:36:35.043Z,2.7300000190734863,gauge_zero
2026-08-08 23:46:35,2026-08-09T02:46:35.026Z,2.7300000190734863,gauge_zero
2026-08-08 23:56:35,2026-08-09T02:56:35.024Z,2.7100000381469727,gauge_zero
2026-08-09 00:06:35,2026-08-09T03:06:35.051Z,2.7100000381469727,gauge_zero
2026-08-09 00:16:35,2026-08-09T03:16:35.104Z,2.690000057220459,gauge_zero
2026-08-09 00:26:35,2026-08-09T03:26:35.024Z,2.690000057220459,gauge_zero
2026-08-09 00:36:35,2026-08-09T03:36:35.038Z,2.690000057220459,gauge_zero
2026-08-09 00:46:35,2026-08-09T03:46:35.033Z,2.6700000762939453,gauge_zero
2026-08-09 00:56:35,2026-08-09T03:56:35.044Z,2.6700000762939453,gauge_zero
2026-08-09 01:06:35,2026-08-09T04:06:35.037Z,2.6700000762939453,gauge_zero
2026-08-09 01:16:35,2026-08-09T04:16:35.049Z,2.6700000762939453,gauge_zero
2026-08-09 01:26:35,2026-08-09T04:26:35.016Z,2.6500000953674316,gauge_zero
2026-08-09 01:36:35,2026-08-09T04:36:35.041Z,2.6500000953674316,gauge_zero
2026-08-09 01:46:35,2026-08-09T04:46:35.039Z,2.6500000953674316,gauge_zero
2026-08-09 01:56:35,2026-08-09T04:56:35.066Z,2.6500000953674316,gauge_zero
2026-08-09 02:06:35,2026-08-09T05:06:35.05Z,2.630000114440918,gauge_zero
2026-08-09 02:16:35,2026-08-09T05:16:35.022Z,2.630000114440918,gauge_zero
2026-08-09 02:26:35,2026-08-09T05:26:35.035Z,2.630000114440918,gauge_zero
2026-08-09 02:36:35,2026-08-09T05:36:35.017Z,2.630000114440918,gauge_zero
2026-08-09 02:46:35,2026-08-09T05:46:35.042Z,2.619999885559082,gauge_zero
2026-08-09 02:56:35,2026-08-09T05:56:35.037Z,2.619999885559082,gauge_zero
2026-08-09 03:06:35,2026-08-09T06:06:35.047Z,2.619999885559082,gauge_zero
2026-08-09 03:16:35,2026-08-09T06:16:35.045Z,2.619999885559082,gauge_zero
2026-08-09 03:26:35,2026-08-09T06:26:35.037Z,2.5999999046325684,gauge_zero
2026-08-09 03:36:35,2026-08-09T06:36:35.095Z,2.5999999046325684,gauge_zero
2026-08-09 03:46:35,2026-08-09T06:46:35.046Z,2.5999999046325684,gauge_zero
2026-08-09 03:56:35,2026-08-09T06:56:35.047Z,2.5999999046325684,gauge_zero
2026-08-09 04:06:35,2026-08-09T07:06:35.025Z,2.5999999046325684,gauge_zero
2026-08-09 04:16:35,2026-08-09T07:16:35.06Z,2.5999999046325684,gauge_zero
2026-08-09 04:26:35,2026-08-09T07:26:35.027Z,2.5999999046325684,gauge_zero
2026-08-09 04:36:35,2026-08-09T07:36:35.024Z,2.5999999046325684,gauge_zero
2026-08-09 04:46:44,2026-08-09T07:46:44.069Z,2.5899999141693115,gauge_zero
2026-08-09 04:56:44,2026-08-09T07:56:44.069Z,2.5899999141693115,gauge_zero
2026-08-09 05:06:44,2026-08-09T08:06:44.083Z,2.5899999141693115,gauge_zero
2026-08-09 05:16:44,2026-08-09T08:16:44.083Z,2.5899999141693115,gauge_zero
2026-08-09 05:26:44,2026-08-09T08:26:44.059Z,2.5899999141693115,gauge_zero
2026-08-09 05:36:44,2026-08-09T08:36:44.062Z,2.5899999141693115,gauge_zero
2026-08-09 05:46:44,2026-08-09T08:46:44.068Z,2.569999933242798,gauge_zero
2026-08-09 05:56:44,2026-08-09T08:56:44.061Z,2.569999933242798,gauge_zero
2026-08-09 06:06:44,2026-08-09T09:06:44.062Z,2.569999933242798,gauge_zero
2026-08-09 06:16:44,2026-08-09T09:16:44.052Z,2.569999933242798,gauge_zero
2026-08-09 06:26:44,2026-08-09T09:26:44.062Z,2.569999933242798,gauge_zero
2026-08-09 06:36:44,2026-08-09T09:36:44.053Z,2.569999933242798,gauge_zero
2026-08-09 06:46:44,2026-08-09T09:46:44.056Z,2.569999933242798,gauge_zero
2026-08-09 06:56:44,2026-08-09T09:56:44.039Z,2.569999933242798,gauge_zero
2026-08-09 07:06:44,2026-08-09T10:06:44.057Z,2.569999933242798,gauge_zero
2026-08-09 07:16:44,2026-08-09T10:16:44.06Z,2.569999933242798,gauge_zero
2026-08-09 07:26:44,2026-08-09T10:26:44.069Z,2.569999933242798,gauge_zero
2026-08-09 07:36:44,2026-08-09T10:36:44.057Z,2.549999952316284,gauge_zero
2026-08-09 07:46:44,2026-08-09T10:46:44.084Z,2.549999952316284,gauge_zero
2026-08-09 07:56:44,2026-08-09T10:56:44.062Z,2.549999952316284,gauge_zero
2026-08-09 08:06:44,2026-08-09T11:06:44.065Z,2.549999952316284,gauge_zero
2026-08-09 08:16:44,2026-08-09T11:16:44.079Z,2.549999952316284,gauge_zero
2026-08-09 08:26:44,2026-08-09T11:26:44.072Z,2.549999952316284,gauge_zero
2026-08-09 08:36:44,2026-08-09T11:36:44.066Z,2.549999952316284,gauge_zero
2026-08-09 08:46:44,2026-08-09T11:46:44.082Z,2.549999952316284,gauge_zero
2026-08-09 08:56:44,2026-08-09T11:56:44.062Z,2.549999952316284,gauge_zero
2026-08-09 09:06:44,2026-08-09T12:06:44.056Z,2.549999952316284,gauge_zero
2026-08-09 09:16:44,2026-08-09T12:16:44.047Z,2.549999952316284,gauge_zero
2026-08-09 09:26:44,2026-08-09T12:26:44.083Z,2.549999952316284,gauge_zero
2026-08-09 09:36:44,2026-08-09T12:36:44.072Z,2.549999952316284,gauge_zero
2026-08-09 09:46:44,2026-08-09T12:46:44.069Z,2.549999952316284,gauge_zero
2026-08-09 09:56:44,2026-08-09T12:56:44.065Z,2.5299999713897705,gauge_zero
2026-08-09 10:06:44,2026-08-09T13:06:44.061Z,2.5299999713897705,gauge_zero
2026-08-09 10:16:44,2026-08-09T13:16:44.07Z,2.5299999713897705,gauge_zero
2026-08-09 10:26:44,2026-08-09T13:26:44.054Z,2.5299999713897705,gauge_zero
2026-08-09 10:36:44,2026-08-09T13:36:44.071Z,2.5299999713897705,gauge_zero
2026-08-09 10:46:44,2026-08-09T13:46:44.058Z,2.5299999713897705,gauge_zero
2026-08-09 10:56:44,2026-08-09T13:56:44.089Z,2.5299999713897705,gauge_zero
2026-08-09 11:06:44,2026-08-09T14:06:44.068Z,2.5299999713897705,gauge_zero
2026-08-09 11:16:44,2026-08-09T14:16:44.082Z,2.5299999713897705,gauge_zero
2026-08-09 11:26:44,2026-08-09T14:26:44.093Z,2.5299999713897705,gauge_zero
2026-08-09 11:36:44,2026-08-09T14:36:44.084Z,2.5299999713897705,gauge_zero
2026-08-09 11:46:44,2026-08-09T14:46:44.082Z,2.5299999713897705,gauge_zero
2026-08-09 11:56:44,2026-08-09T14:56:44.072Z,2.5299999713897705,gauge_zero
2026-08-09 12:06:44,2026-08-09T15:06:44.084Z,2.5299999713897705,gauge_zero
2026-08-09 12:16:44,2026-08-09T15:16:44.059Z,2.5299999713897705,gauge_zero
2026-08-09 12:26:44,2026-08-09T15:26:44.069Z,2.5299999713897705,gauge_zero
2026-08-09 12:36:44,2026-08-09T15:36:44.082Z,2.5299999713897705,gauge_zero
2026-08-09 12:46:44,2026-08-09T15:46:44.152Z,2.5299999713897705,gauge_zero
2026-08-09 12:56:44,2026-08-09T15:56:44.083Z,2.5299999713897705,gauge_zero
2026-08-09 13:06:44,2026-08-09T16:06:44.076Z,2.5299999713897705,gauge_zero
2026-08-09 13:16:44,2026-08-09T16:16:44.077Z,2.5299999713897705,gauge_zero
2026-08-09 13:26:44,2026-08-09T16:26:44.089Z,2.5299999713897705,gauge_zero
2026-08-09 13:36:44,2026-08-09T16:36:44.081Z,2.509999990463257,gauge_zero
2026-08-09 13:46:44,2026-08-09T16:46:44.06Z,2.509999990463257,gauge_zero
2026-08-09 13:56:44,2026-08-09T16:56:44.085Z,2.509999990463257,gauge_zero
2026-08-09 14:06:44,2026-08-09T17:06:44.106Z,2.509999990463257,gauge_zero
2026-08-09 14:16:44,2026-08-09T17:16:44.112Z,2.509999990463257,gauge_zero
2026-08-09 14:26:44,2026-08-09T17:26:44.142Z,2.509999990463257,gauge_zero
2026-08-09 14:36:44,2026-08-09T17:36:44.075Z,2.509999990463257,gauge_zero
2026-08-09 14:46:44,2026-08-09T17:46:44.091Z,2.509999990463257,gauge_zero
2026-08-09 14:56:44,2026-08-09T17:56:44.149Z,2.509999990463257,gauge_zero
2026-08-09 15:26:44,2026-08-09T18:26:44.09Z,2.509999990463257,gauge_zero
2026-08-09 15:36:44,2026-08-09T18:36:44.084Z,2.509999990463257,gauge_zero
2026-08-09 15:46:44,2026-08-09T18:46:44.079Z,2.509999990463257,gauge_zero
2026-08-09 15:56:44,2026-08-09T18:56:44.091Z,2.509999990463257,gauge_zero
2026-08-09 16:06:44,2026-08-09T19:06:44.089Z,2.509999990463257,gauge_zero
2026-08-09 16:16:44,2026-08-09T19:16:44.077Z,2.509999990463257,gauge_zero
2026-08-09 16:26:44,2026-08-09T19:26:44.099Z,2.509999990463257,gauge_zero
2026-08-09 16:36:44,2026-08-09T19:36:44.094Z,2.509999990463257,gauge_zero
2026-08-09 16:46:44,2026-08-09T19:46:44.079Z,2.509999990463257,gauge_zero
2026-08-09 16:56:44,2026-08-09T19:56:44.092Z,2.509999990463257,gauge_zero
2026-08-09 17:06:44,2026-08-09T20:06:44.067Z,2.509999990463257,gauge_zero
2026-08-09 17:16:44,2026-08-09T20:16:44.116Z,2.509999990463257,gauge_zero
2026-08-09 17:26:44,2026-08-09T20:26:44.072Z,2.509999990463257,gauge_zero
2026-08-09 17:36:44,2026-08-09T20:36:44.082Z,2.509999990463257,gauge_zero
2026-08-09 17:46:44,2026-08-09T20:46:44.1Z,2.509999990463257,gauge_zero
2026-08-09 17:56:44,2026-08-09T20:56:44.12Z,2.509999990463257,gauge_zero
2026-08-09 18:06:44,2026-08-09T21:06:44.106Z,2.509999990463257,gauge_zero
2026-08-09 18:16:44,2026-08-09T21:16:44.143Z,2.509999990463257,gauge_zero
2026-08-09 18:26:44,2026-08-09T21:26:44.093Z,2.509999990463257,gauge_zero
2026-08-09 18:36:44,2026-08-09T21:36:44.103Z,2.509999990463257,gauge_zero
2026-08-09 18:46:44,2026-08-09T21:46:44.091Z,2.509999990463257,gauge_zero
2026-08-09 18:56:44,2026-08-09T21:56:44.1Z,2.509999990463257,gauge_zero
2026-08-09 19:06:44,2026-08-09T22:06:44.067Z,2.509999990463257,gauge_zero
2026-08-09 19:16:44,2026-08-09T22:16:44.077Z,2.509999990463257,gauge_zero
2026-08-09 19:26:44,2026-08-09T22:26:44.098Z,2.509999990463257,gauge_zero
2026-08-09 19:36:44,2026-08-09T22:36:44.095Z,2.509999990463257,gauge_zero
2026-08-09 19:46:44,2026-08-09T22:46:44.1Z,2.509999990463257,gauge_zero
2026-08-09 19:56:44,2026-08-09T22:56:44.098Z,2.509999990463257,gauge_zero
2026-08-09 20:06:44,2026-08-09T23:06:44.08Z,2.509999990463257,gauge_zero
2026-08-09 20:16:44,2026-08-09T23:16:44.094Z,2.509999990463257,gauge_zero
2026-08-09 20:26:44,2026-08-09T23:26:44.097Z,2.509999990463257,gauge_zero
2026-08-09 20:36:44,2026-08-09T23:36:44.102Z,2.509999990463257,gauge_zero
2026-08-09 20:46:44,2026-08-09T23:46:44.085Z,2.509999990463257,gauge_zero
2026-08-09 20:56:44,2026-08-09T23:56:44.096Z,2.490000009536743,gauge_zero
2026-08-09 21:06:44,2026-08-10T00:06:44.106Z,2.490000009536743,gauge_zero
2026-08-09 21:16:44,2026-08-10T00:16:44.112Z,2.509999990463257,gauge_zero
2026-08-09 21:26:44,2026-08-10T00:26:44.121Z,2.509999990463257,gauge_zero
2026-08-09 21:36:44,2026-08-10T00:36:44.089Z,2.509999990463257,gauge_zero
2026-08-09 21:46:44,2026-08-10T00:46:44.091Z,2.509999990463257,gauge_zero
2026-08-09 21:56:44,2026-08-10T00:56:44.099Z,2.630000114440918,gauge_zero
2026-08-09 22:06:44,2026-08-10T01:06:44.109Z,2.75,gauge_zero
2026-08-09 22:16:44,2026-08-10T01:16:44.086Z,2.880000114440918,gauge_zero
2026-08-09 22:26:44,2026-08-10T01:26:44.132Z,2.9200000762939453,gauge_zero
2026-08-09 22:36:44,2026-08-10T01:36:44.109Z,2.9200000762939453,gauge_zero
2026-08-09 22:46:44,2026-08-10T01:46:44.094Z,2.9200000762939453,gauge_zero
2026-08-09 22:56:44,2026-08-10T01:56:44.121Z,2.9200000762939453,gauge_zero
2026-08-09 23:06:44,2026-08-10T02:06:44.108Z,2.9200000762939453,gauge_zero
2026-08-09 23:16:44,2026-08-10T02:16:44.115Z,2.9000000953674316,gauge_zero
2026-08-09 23:26:44,2026-08-10T02:26:44.126Z,2.9000000953674316,gauge_zero
2026-08-09 23:36:44,2026-08-10T02:36:44.144Z,2.9000000953674316,gauge_zero
2026-08-09 23:46:44,2026-08-10T02:46:44.125Z,2.9000000953674316,gauge_zero
2026-08-09 23:56:44,2026-08-10T02:56:44.121Z,2.869999885559082,gauge_zero
2026-08-10 00:06:44,2026-08-10T03:06:44.109Z,2.8499999046325684,gauge_zero
2026-08-10 00:16:44,2026-08-10T03:16:44.117Z,2.869999885559082,gauge_zero
2026-08-10 00:26:44,2026-08-10T03:26:44.097Z,2.8499999046325684,gauge_zero
2026-08-10 00:36:44,2026-08-10T03:36:44.084Z,2.8499999046325684,gauge_zero
2026-08-10 00:46:44,2026-08-10T03:46:44.123Z,2.8299999237060547,gauge_zero
2026-08-10 00:56:44,2026-08-10T03:56:44.097Z,2.8299999237060547,gauge_zero
2026-08-10 01:06:44,2026-08-10T04:06:44.127Z,2.809999942779541,gauge_zero
2026-08-10 01:16:44,2026-08-10T04:16:44.097Z,2.809999942779541,gauge_zero
2026-08-10 01:26:44,2026-08-10T04:26:44.135Z,2.7899999618530273,gauge_zero
2026-08-10 01:36:44,2026-08-10T04:36:44.106Z,2.7899999618530273,gauge_zero
2026-08-10 01:46:44,2026-08-10T04:46:44.096Z,2.7699999809265137,gauge_zero
2026-08-10 01:56:44,2026-08-10T04:56:44.112Z,2.7699999809265137,gauge_zero
2026-08-10 02:06:44,2026-08-10T05:06:44.094Z,2.7699999809265137,gauge_zero
2026-08-10 02:16:44,2026-08-10T05:16:44.091Z,2.75,gauge_zero
2026-08-10 02:26:44,2026-08-10T05:26:44.114Z,2.75,gauge_zero
2026-08-10 02:36:44,2026-08-10T05:36:44.099Z,2.7300000190734863,gauge_zero
2026-08-10 02:46:44,2026-08-10T05:46:44.106Z,2.7300000190734863,gauge_zero
2026-08-10 02:56:44,2026-08-10T05:56:44.1Z,2.7300000190734863,gauge_zero
2026-08-10 03:06:44,2026-08-10T06:06:44.127Z,2.7100000381469727,gauge_zero
2026-08-10 03:16:44,2026-08-10T06:16:44.134Z,2.7100000381469727,gauge_zero
2026-08-10 03:26:44,2026-08-10T06:26:44.144Z,2.7100000381469727,gauge_zero
2026-08-10 03:36:44,2026-08-10T06:36:44.104Z,2.690000057220459,gauge_zero
2026-08-10 03:46:44,2026-08-10T06:46:44.113Z,2.690000057220459,gauge_zero
2026-08-10 03:56:44,2026-08-10T06:56:44.134Z,2.690000057220459,gauge_zero
2026-08-10 04:06:44,2026-08-10T07:06:44.115Z,2.6700000762939453,gauge_zero
2026-08-10 04:16:44,2026-08-10T07:16:44.113Z,2.6700000762939453,gauge_zero
2026-08-10 04:26:44,2026-08-10T07:26:44.137Z,2.6700000762939453,gauge_zero
2026-08-10 04:36:44,2026-08-10T07:36:44.148Z,2.6500000953674316,gauge_zero
2026-08-10 04:46:44,2026-08-10T07:46:44.112Z,2.6500000953674316,gauge_zero
2026-08-10 04:56:44,2026-08-10T07:56:44.152Z,2.6500000953674316,gauge_zero
2026-08-10 05:06:44,2026-08-10T08:06:44.122Z,2.6500000953674316,gauge_zero
2026-08-10 05:16:44,2026-08-10T08:16:44.115Z,2.6500000953674316,gauge_zero
2026-08-10 05:26:44,2026-08-10T08:26:44.101Z,2.6500000953674316,gauge_zero
2026-08-10 05:36:44,2026-08-10T08:36:44.135Z,2.630000114440918,gauge_zero
2026-08-10 05:46:44,2026-08-10T08:46:44.115Z,2.630000114440918,gauge_zero
2026-08-10 05:56:44,2026-08-10T08:56:44.111Z,2.630000114440918,gauge_zero
2026-08-10 06:06:44,2026-08-10T09:06:44.126Z,2.630000114440918,gauge_zero
2026-08-10 06:16:44,2026-08-10T09:16:44.115Z,2.619999885559082,gauge_zero
2026-08-10 06:26:44,2026-08-10T09:26:44.126Z,2.619999885559082,gauge_zero
2026-08-10 06:36:44,2026-08-10T09:36:44.129Z,2.619999885559082,gauge_zero
2026-08-10 06:46:44,2026-08-10T09:46:44.124Z,2.619999885559082,gauge_zero
2026-08-10 06:56:44,2026-08-10T09:56:44.131Z,2.619999885559082,gauge_zero
2026-08-10 07:06:44,2026-08-10T10:06:44.123Z,2.619999885559082,gauge_zero
2026-08-10 07:16:44,2026-08-10T10:16:44.131Z,2.619999885559082,gauge_zero
2026-08-10 07:26:44,2026-08-10T10:26:44.108Z,2.5999999046325684,gauge_zero
2026-08-10 07:36:44,2026-08-10T10:36:44.117Z,2.5999999046325684,gauge_zero
2026-08-10 07:46:44,2026-08-10T10:46:44.141Z,2.5999999046325684,gauge_zero
2026-08-10 07:56:44,2026-08-10T10:56:44.177Z,2.5999999046325684,gauge_zero
2026-08-10 08:06:44,2026-08-10T11:06:44.128Z,2.5999999046325684,gauge_zero
2026-08-10 08:16:44,2026-08-10T11:16:44.139Z,2.5999999046325684,gauge_zero
2026-08-10 08:26:44,2026-08-10T11:26:44.143Z,2.5999999046325684,gauge_zero
2026-08-10 08:36:44,2026-08-10T11:36:44.125Z,2.5999999046325684,gauge_zero
2026-08-10 08:46:44,2026-08-10T11:46:44.124Z,2.5999999046325684,gauge_zero
2026-08-10 08:56:44,2026-08-10T11:56:44.129Z,2.5999999046325684,gauge_zero
2026-08-10 09:06:44,2026-08-10T12:06:44.133Z,2.5999999046325684,gauge_zero
2026-08-10 09:16:44,2026-08-10T12:16:44.128Z,2.5799999237060547,gauge_zero
2026-08-10 09:26:44,2026-08-10T12:26:44.138Z,2.5799999237060547,gauge_zero
2026-08-10 09:36:44,2026-08-10T12:36:44.106Z,2.5799999237060547,gauge_zero
2026-08-10 09:46:44,2026-08-10T12:46:44.179Z,2.5799999237060547,gauge_zero
2026-08-10 09:56:44,2026-08-10T12:56:44.113Z,2.5799999237060547,gauge_zero
2026-08-10 10:06:44,2026-08-10T13:06:44.149Z,2.5799999237060547,gauge_zero
2026-08-10 10:16:44,2026-08-10T13:16:44.143Z,2.5799999237060547,gauge_zero
2026-08-10 10:26:44,2026-08-10T13:26:44.14Z,2.5799999237060547,gauge_zero
2026-08-10 10:36:44,2026-08-10T13:36:44.111Z,2.5799999237060547,gauge_zero
2026-08-10 10:46:44,2026-08-10T13:46:44.145Z,2.5799999237060547,gauge_zero
2026-08-10 10:56:44,2026-08-10T13:56:44.13Z,2.5799999237060547,gauge_zero
2026-08-10 11:06:44,2026-08-10T14:06:44.15Z,2.5799999237060547,gauge_zero
2026-08-10 11:16:44,2026-08-10T14:16:44.125Z,2.5799999237060547,gauge_zero
2026-08-10 11:26:44,2026-08-10T14:26:44.121Z,2.559999942779541,gauge_zero
2026-08-10 11:36:44,2026-08-10T14:36:44.127Z,2.559999942779541,gauge_zero
2026-08-10 11:46:44,2026-08-10T14:46:44.12Z,2.559999942779541,gauge_zero
2026-08-10 11:56:44,2026-08-10T14:56:44.133Z,2.559999942779541,gauge_zero
2026-08-10 12:06:44,2026-08-10T15:06:44.133Z,2.559999942779541,gauge_zero
2026-08-10 12:16:44,2026-08-10T15:16:44.122Z,2.559999942779541,gauge_zero
2026-08-10 12:26:45,2026-08-10T15:26:45.766Z,2.559999942779541,gauge_zero
2026-08-10 12:36:44,2026-08-10T15:36:44.154Z,2.559999942779541,gauge_zero
2026-08-10 12:46:44,2026-08-10T15:46:44.179Z,2.559999942779541,gauge_zero
2026-08-10 12:56:44,2026-08-10T15:56:44.147Z,2.559999942779541,gauge_zero
2026-08-10 13:06:44,2026-08-10T16:06:44.137Z,2.559999942779541,gauge_zero
2026-08-10 13:16:44,2026-08-10T16:16:44.156Z,2.559999942779541,gauge_zero
2026-08-10 13:26:44,2026-08-10T16:26:44.181Z,2.5399999618530273,gauge_zero
2026-08-10 13:36:44,2026-08-10T16:36:44.152Z,2.5399999618530273,gauge_zero
2026-08-10 13:46:44,2026-08-10T16:46:44.131Z,2.5399999618530273,gauge_zero
2026-08-10 13:56:44,2026-08-10T16:56:44.161Z,2.5399999618530273,gauge_zero
2026-08-10 14:06:44,2026-08-10T17:06:44.123Z,2.5399999618530273,gauge_zero
2026-08-10 14:16:44,2026-08-10T17:16:44.134Z,2.5399999618530273,gauge_zero
2026-08-10 14:26:44,2026-08-10T17:26:44.155Z,2.5399999618530273,gauge_zero
2026-08-10 14:36:44,2026-08-10T17:36:44.16Z,2.5399999618530273,gauge_zero
2026-08-10 14:46:44,2026-08-10T17:46:44.19Z,2.5399999618530273,gauge_zero
2026-08-10 14:56:44,2026-08-10T17:56:44.142Z,2.5399999618530273,gauge_zero
2026-08-10 15:06:44,2026-08-10T18:06:44.157Z,2.5399999618530273,gauge_zero
2026-08-10 15:16:44,2026-08-10T18:16:44.163Z,2.5399999618530273,gauge_zero
2026-08-10 15:26:44,2026-08-10T18:26:44.134Z,2.5399999618530273,gauge_zero
2026-08-10 15:36:44,2026-08-10T18:36:44.158Z,2.5399999618530273,gauge_zero
2026-08-10 15:46:44,2026-08-10T18:46:44.152Z,2.5399999618530273,gauge_zero
2026-08-10 15:56:44,2026-08-10T18:56:44.16Z,2.5399999618530273,gauge_zero
2026-08-10 16:06:44,2026-08-10T19:06:44.142Z,2.5399999618530273,gauge_zero
2026-08-10 16:16:44,2026-08-10T19:16:44.155Z,2.5399999618530273,gauge_zero
2026-08-10 16:26:44,2026-08-10T19:26:44.153Z,2.5399999618530273,gauge_zero
2026-08-10 16:36:44,2026-08-10T19:36:44.143Z,2.5399999618530273,gauge_zero
2026-08-10 16:46:44,2026-08-10T19:46:44.15Z,2.5399999618530273,gauge_zero
2026-08-10 16:56:44,2026-08-10T19:56:44.148Z,2.5399999618530273,gauge_zero
2026-08-10 17:06:44,2026-08-10T20:06:44.151Z,2.5399999618530273,gauge_zero
2026-08-10 17:16:44,2026-08-10T20:16:44.142Z,2.5399999618530273,gauge_zero
2026-08-10 17:26:44,2026-08-10T20:26:44.143Z,2.5399999618530273,gauge_zero
2026-08-10 17:36:44,2026-08-10T20:36:44.156Z,2.5399999618530273,gauge_zero
2026-08-10 17:46:44,2026-08-10T20:46:44.142Z,2.5399999618530273,gauge_zero
2026-08-10 17:56:44,2026-08-10T20:56:44.149Z,2.5399999618530273,gauge_zero
2026-08-10 18:06:44,2026-08-10T21:06:44.157Z,2.5399999618530273,gauge_zero
2026-08-10 18:16:44,2026-08-10T21:16:44.152Z,2.5399999618530273,gauge_zero
2026-08-10 18:26:44,2026-08-10T21:26:44.147Z,2.5399999618530273,gauge_zero
2026-08-10 18:36:44,2026-08-10T21:36:44.164Z,2.5399999618530273,gauge_zero
2026-08-10 18:46:44,2026-08-10T21:46:44.147Z,2.5399999618530273,gauge_zero
2026-08-10 18:56:44,2026-08-10T21:56:44.135Z,2.5399999618530273,gauge_zero
2026-08-10 19:06:44,2026-08-10T22:06:44.157Z,2.5399999618530273,gauge_zero
2026-08-10 19:16:44,2026-08-10T22:16:44.145Z,2.5199999809265137,gauge_zero
2026-08-10 19:26:44,2026-08-10T22:26:44.149Z,2.5199999809265137,gauge_zero
2026-08-10 19:36:44,2026-08-10T22:36:44.17Z,2.5199999809265137,gauge_zero
2026-08-10 19:46:44,2026-08-10T22:46:44.165Z,2.5199999809265137,gauge_zero
2026-08-10 19:56:44,2026-08-10T22:56:44.188Z,2.5199999809265137,gauge_zero
2026-08-10 20:06:44,2026-08-10T23:06:44.152Z,2.5199999809265137,gauge_zero
2026-08-10 20:16:44,2026-08-10T23:16:44.177Z,2.5199999809265137,gauge_zero
2026-08-10 20:26:44,2026-08-10T23:26:44.163Z,2.5199999809265137,gauge_zero
2026-08-10 20:36:44,2026-08-10T23:36:44.169Z,2.5199999809265137,gauge_zero
2026-08-10 20:46:44,2026-08-10T23:46:44.177Z,2.5199999809265137,gauge_zero
2026-08-10 20:56:44,2026-08-10T23:56:44.292Z,2.5199999809265137,gauge_zero
2026-08-10 21:06:44,2026-08-11T00:06:44.185Z,2.5199999809265137,gauge_zero
2026-08-10 21:16:44,2026-08-11T00:16:44.188Z,2.5199999809265137,gauge_zero
2026-08-10 21:26:44,2026-08-11T00:26:44.171Z,2.5199999809265137,gauge_zero
2026-08-10 21:36:44,2026-08-11T00:36:44.173Z,2.5199999809265137,gauge_zero
2026-08-10 21:46:44,2026-08-11T00:46:44.213Z,2.5199999809265137,gauge_zero
2026-08-10 21:56:44,2026-08-11T00:56:44.2Z,2.5199999809265137,gauge_zero
2026-08-10 22:06:44,2026-08-11T01:06:44.194Z,2.5199999809265137,gauge_zero
2026-08-10 22:16:44,2026-08-11T01:16:44.161Z,2.5199999809265137,gauge_zero
2026-08-10 22:26:44,2026-08-11T01:26:44.196Z,2.5199999809265137,gauge_zero
2026-08-10 22:36:44,2026-08-11T01:36:44.161Z,2.5199999809265137,gauge_zero
2026-08-10 22:46:44,2026-08-11T01:46:44.192Z,2.5199999809265137,gauge_zero
2026-08-10 22:56:44,2026-08-11T01:56:44.175Z,2.5199999809265137,gauge_zero
2026-08-10 23:06:44,2026-08-11T02:06:44.175Z,2.5199999809265137,gauge_zero
2026-08-10 23:16:44,2026-08-11T02:16:44.19Z,2.5199999809265137,gauge_zero
2026-08-10 23:26:44,2026-08-11T02:26:44.488Z,2.5199999809265137,gauge_zero
2026-08-10 23:36:34,2026-08-11T02:36:34.194Z,2.5199999809265137,gauge_zero
2026-08-10 23:46:34,2026-08-11T02:46:34.217Z,2.5199999809265137,gauge_zero
2026-08-10 23:56:34,2026-08-11T02:56:34.203Z,2.5199999809265137,gauge_zero
2026-08-11 00:06:34,2026-08-11T03:06:34.194Z,2.5,gauge_zero
2026-08-11 00:16:34,2026-08-11T03:16:34.198Z,2.4800000190734863,gauge_zero
2026-08-11 00:26:34,2026-08-11T03:26:34.216Z,2.4800000190734863,gauge_zero
2026-08-11 00:36:34,2026-08-11T03:36:34.2Z,2.4600000381469727,gauge_zero
2026-08-11 00:46:34,2026-08-11T03:46:34.222Z,2.440000057220459,gauge_zero
2026-08-11 00:56:34,2026-08-11T03:56:34.217Z,2.440000057220459,gauge_zero
2026-08-11 01:06:39,2026-08-11T04:06:39.797Z,2.4800000190734863,gauge_zero
2026-08-11 01:16:34,2026-08-11T04:16:34.221Z,2.5,gauge_zero
2026-08-11 01:26:34,2026-08-11T04:26:34.215Z,2.5,gauge_zero
2026-08-11 01:36:34,2026-08-11T04:36:34.242Z,2.5199999809265137,gauge_zero
2026-08-11 01:46:34,2026-08-11T04:46:34.19Z,2.5199999809265137,gauge_zero
2026-08-11 01:56:34,2026-08-11T04:56:34.203Z,2.5199999809265137,gauge_zero
2026-08-11 02:06:34,2026-08-11T05:06:34.213Z,2.5799999237060547,gauge_zero
2026-08-11 02:16:34,2026-08-11T05:16:34.252Z,2.5799999237060547,gauge_zero
2026-08-11 02:26:34,2026-08-11T05:26:34.207Z,2.559999942779541,gauge_zero
2026-08-11 02:36:34,2026-08-11T05:36:34.206Z,2.559999942779541,gauge_zero
2026-08-11 02:46:34,2026-08-11T05:46:34.218Z,2.5399999618530273,gauge_zero
2026-08-11 02:56:34,2026-08-11T05:56:34.203Z,2.5399999618530273,gauge_zero
2026-08-11 03:06:34,2026-08-11T06:06:34.198Z,2.5199999809265137,gauge_zero
2026-08-11 03:16:34,2026-08-11T06:16:34.318Z,2.5199999809265137,gauge_zero
2026-08-11 03:26:39,2026-08-11T06:26:39.401Z,2.5199999809265137,gauge_zero
2026-08-11 03:36:39,2026-08-11T06:36:39.383Z,2.5199999809265137,gauge_zero
2026-08-11 03:46:39,2026-08-11T06:46:39.411Z,2.5199999809265137,gauge_zero
2026-08-11 03:56:39,2026-08-11T06:56:39.387Z,2.5,gauge_zero
2026-08-11 04:06:39,2026-08-11T07:06:39.373Z,2.5199999809265137,gauge_zero
2026-08-11 04:16:39,2026-08-11T07:16:39.485Z,2.5199999809265137,gauge_zero
2026-08-11 04:26:39,2026-08-11T07:26:39.404Z,2.5,gauge_zero
2026-08-11 04:36:39,2026-08-11T07:36:39.481Z,2.5,gauge_zero
2026-08-11 04:46:39,2026-08-11T07:46:39.404Z,2.5,gauge_zero
2026-08-11 04:56:39,2026-08-11T07:56:39.392Z,2.5,gauge_zero
2026-08-11 05:06:39,2026-08-11T08:06:39.413Z,2.5,gauge_zero
2026-08-11 05:16:39,2026-08-11T08:16:39.403Z,2.5,gauge_zero
2026-08-11 05:26:39,2026-08-11T08:26:39.37Z,2.5,gauge_zero
2026-08-11 05:36:39,2026-08-11T08:36:39.402Z,2.5,gauge_zero
2026-08-11 05:46:39,2026-08-11T08:46:39.376Z,2.5,gauge_zero
2026-08-11 05:56:39,2026-08-11T08:56:39.397Z,2.5,gauge_zero
2026-08-11 06:06:39,2026-08-11T09:06:39.502Z,2.5,gauge_zero
2026-08-11 06:16:39,2026-08-11T09:16:39.393Z,2.5,gauge_zero
2026-08-11 06:26:39,2026-08-11T09:26:39.392Z,2.5,gauge_zero
2026-08-11 06:36:39,2026-08-11T09:36:39.395Z,2.5,gauge_zero
2026-08-11 06:46:39,2026-08-11T09:46:39.405Z,2.5,gauge_zero
2026-08-11 06:56:39,2026-08-11T09:56:39.422Z,2.5,gauge_zero
2026-08-11 07:06:39,2026-08-11T10:06:39.396Z,2.5,gauge_zero
2026-08-11 07:16:39,2026-08-11T10:16:39.399Z,2.5,gauge_zero
2026-08-11 07:26:39,2026-08-11T10:26:39.386Z,2.5,gauge_zero
2026-08-11 07:36:39,2026-08-11T10:36:39.407Z,2.5,gauge_zero
2026-08-11 07:46:39,2026-08-11T10:46:39.386Z,2.5,gauge_zero
2026-08-11 07:56:39,2026-08-11T10:56:39.398Z,2.5,gauge_zero
2026-08-11 08:06:39,2026-08-11T11:06:39.393Z,2.5,gauge_zero
2026-08-11 08:16:39,2026-08-11T11:16:39.422Z,2.5,gauge_zero
2026-08-11 08:26:39,2026-08-11T11:26:39.397Z,2.5,gauge_zero
2026-08-11 08:36:39,2026-08-11T11:36:39.39Z,2.5,gauge_zero
2026-08-11 08:46:39,2026-08-11T11:46:39.41Z,2.5,gauge_zero
2026-08-11 08:56:39,2026-08-11T11:56:39.411Z,2.5,gauge_zero
2026-08-11 09:06:39,2026-08-11T12:06:39.413Z,2.5,gauge_zero
2026-08-11 09:16:39,2026-08-11T12:16:39.384Z,2.5,gauge_zero
2026-08-11 09:26:39,2026-08-11T12:26:39.404Z,2.5,gauge_zero
2026-08-11 09:36:39,2026-08-11T12:36:39.388Z,2.5,gauge_zero
2026-08-11 09:46:39,2026-08-11T12:46:39.384Z,2.5,gauge_zero
2026-08-11 09:56:39,2026-08-11T12:56:39.423Z,2.5,gauge_zero
2026-08-11 10:06:39,2026-08-11T13:06:39.41Z,2.5,gauge_zero
2026-08-11 10:16:39,2026-08-11T13:16:39.403Z,2.5,gauge_zero
2026-08-11 10:26:39,2026-08-11T13:26:39.424Z,2.5,gauge_zero
2026-08-11 10:36:39,2026-08-11T13:36:39.428Z,2.5,gauge_zero
2026-08-11 10:46:39,2026-08-11T13:46:39.426Z,2.5,gauge_zero
2026-08-11 10:56:39,2026-08-11T13:56:39.428Z,2.5,gauge_zero
2026-08-11 11:06:39,2026-08-11T14:06:39.509Z,2.5,gauge_zero
2026-08-11 11:16:39,2026-08-11T14:16:39.401Z,2.5,gauge_zero
2026-08-11 11:26:39,2026-08-11T14:26:39.462Z,2.5,gauge_zero
2026-08-11 11:36:39,2026-08-11T14:36:39.412Z,2.5,gauge_zero
2026-08-11 11:46:39,2026-08-11T14:46:39.566Z,2.5,gauge_zero
2026-08-11 11:56:39,2026-08-11T14:56:39.417Z,2.5,gauge_zero
2026-08-11 12:06:39,2026-08-11T15:06:39.411Z,2.5,gauge_zero
2026-08-11 12:16:39,2026-08-11T15:16:39.413Z,2.5,gauge_zero
2026-08-11 12:26:39,2026-08-11T15:26:39.428Z,2.5,gauge_zero
2026-08-11 12:36:39,2026-08-11T15:36:39.445Z,2.5,gauge_zero
2026-08-11 12:46:39,2026-08-11T15:46:39.418Z,2.5,gauge_zero
2026-08-11 12:56:39,2026-08-11T15:56:39.414Z,2.5,gauge_zero
2026-08-11 13:06:39,2026-08-11T16:06:39.417Z,2.5,gauge_zero
2026-08-11 13:16:39,2026-08-11T16:16:39.413Z,2.5,gauge_zero
2026-08-11 13:26:39,2026-08-11T16:26:39.409Z,2.5,gauge_zero
2026-08-11 13:36:39,2026-08-11T16:36:39.412Z,2.5,gauge_zero
2026-08-11 13:46:39,2026-08-11T16:46:39.408Z,2.5,gauge_zero
2026-08-11 13:56:39,2026-08-11T16:56:39.411Z,2.5,gauge_zero
2026-08-11 14:06:39,2026-08-11T17:06:39.399Z,2.5,gauge_zero
2026-08-11 14:16:39,2026-08-11T17:16:39.404Z,2.5,gauge_zero
2026-08-11 14:26:39,2026-08-11T17:26:39.44Z,2.5,gauge_zero
2026-08-11 14:36:39,2026-08-11T17:36:39.425Z,2.5,gauge_zero
2026-08-11 14:46:39,2026-08-11T17:46:39.419Z,2.5,gauge_zero
2026-08-11 14:56:39,2026-08-11T17:56:39.415Z,2.5,gauge_zero
2026-08-11 15:06:39,2026-08-11T18:06:39.417Z,2.5,gauge_zero
2026-08-11 15:16:39,2026-08-11T18:16:39.398Z,2.5,gauge_zero
2026-08-11 15:26:39,2026-08-11T18:26:39.433Z,2.5,gauge_zero
2026-08-11 15:36:39,2026-08-11T18:36:39.424Z,2.5,gauge_zero
2026-08-11 15:46:39,2026-08-11T18:46:39.413Z,2.5,gauge_zero
2026-08-11 15:56:39,2026-08-11T18:56:39.421Z,2.5,gauge_zero
2026-08-11 16:06:39,2026-08-11T19:06:39.443Z,2.5,gauge_zero
2026-08-11 16:16:39,2026-08-11T19:16:39.41Z,2.5,gauge_zero
2026-08-11 16:26:39,2026-08-11T19:26:39.416Z,2.5,gauge_zero
2026-08-11 16:36:39,2026-08-11T19:36:39.422Z,2.5,gauge_zero
2026-08-11 16:46:39,2026-08-11T19:46:39.423Z,2.5,gauge_zero
2026-08-11 16:56:43,2026-08-11T19:56:43.363Z,2.5,gauge_zero
2026-08-11 17:06:43,2026-08-11T20:06:43.38Z,2.5,gauge_zero
2026-08-11 17:16:43,2026-08-11T20:16:43.376Z,2.5,gauge_zero
2026-08-11 17:26:43,2026-08-11T20:26:43.357Z,2.5,gauge_zero
2026-08-11 17:36:43,2026-08-11T20:36:43.36Z,2.5,gauge_zero
2026-08-11 17:46:43,2026-08-11T20:46:43.374Z,2.5,gauge_zero
2026-08-11 17:56:43,2026-08-11T20:56:43.377Z,2.5,gauge_zero
2026-08-11 18:06:43,2026-08-11T21:06:43.366Z,2.5,gauge_zero
2026-08-11 18:16:43,2026-08-11T21:16:43.357Z,2.5199999809265137,gauge_zero
2026-08-11 18:26:43,2026-08-11T21:26:43.383Z,2.5199999809265137,gauge_zero
2026-08-11 18:36:43,2026-08-11T21:36:43.378Z,2.5199999809265137,gauge_zero
2026-08-11 18:46:43,2026-08-11T21:46:43.368Z,2.5199999809265137,gauge_zero
2026-08-11 18:56:43,2026-08-11T21:56:43.37Z,2.5199999809265137,gauge_zero
2026-08-11 19:06:43,2026-08-11T22:06:43.388Z,2.5199999809265137,gauge_zero
2026-08-11 19:16:43,2026-08-11T22:16:43.38Z,2.5199999809265137,gauge_zero
2026-08-11 19:26:43,2026-08-11T22:26:43.381Z,2.5199999809265137,gauge_zero
2026-08-11 19:36:43,2026-08-11T22:36:43.452Z,2.5199999809265137,gauge_zero
2026-08-11 19:46:43,2026-08-11T22:46:43.387Z,2.5199999809265137,gauge_zero
2026-08-11 19:56:43,2026-08-11T22:56:43.356Z,2.5199999809265137,gauge_zero
2026-08-11 20:06:43,2026-08-11T23:06:43.368Z,2.5199999809265137,gauge_zero
2026-08-11 20:16:43,2026-08-11T23:16:43.381Z,2.5199999809265137,gauge_zero
2026-08-11 20:26:43,2026-08-11T23:26:43.369Z,2.5199999809265137,gauge_zero
2026-08-11 20:36:43,2026-08-11T23:36:43.384Z,2.5199999809265137,gauge_zero
2026-08-11 20:46:43,2026-08-11T23:46:43.369Z,2.5199999809265137,gauge_zero
2026-08-11 20:56:43,2026-08-11T23:56:43.379Z,2.5199999809265137,gauge_zero
2026-08-11 21:06:43,2026-08-12T00:06:43.381Z,2.5199999809265137,gauge_zero
2026-08-11 21:16:43,2026-08-12T00:16:43.382Z,2.5199999809265137,gauge_zero
2026-08-11 21:26:43,2026-08-12T00:26:43.381Z,2.5199999809265137,gauge_zero
2026-08-11 21:36:43,2026-08-12T00:36:43.391Z,2.5199999809265137,gauge_zero
2026-08-11 21:46:43,2026-08-12T00:46:43.388Z,2.5199999809265137,gauge_zero
2026-08-11 21:56:43,2026-08-12T00:56:43.363Z,2.5399999618530273,gauge_zero
2026-08-11 22:06:43,2026-08-12T01:06:43.384Z,2.5399999618530273,gauge_zero
2026-08-11 22:16:43,2026-08-12T01:16:43.412Z,2.5399999618530273,gauge_zero
2026-08-11 22:26:41,2026-08-12T01:26:41.16Z,2.549999952316284,gauge_zero
2026-08-11 22:36:42,2026-08-12T01:36:42.472Z,2.549999952316284,gauge_zero
2026-08-11 22:46:42,2026-08-12T01:46:42.453Z,2.549999952316284,gauge_zero
2026-08-11 22:56:42,2026-08-12T01:56:42.457Z,2.549999952316284,gauge_zero
2026-08-11 23:06:42,2026-08-12T02:06:42.454Z,2.549999952316284,gauge_zero
2026-08-11 23:16:42,2026-08-12T02:16:42.456Z,2.549999952316284,gauge_zero
2026-08-11 23:26:42,2026-08-12T02:26:42.476Z,2.549999952316284,gauge_zero
2026-08-11 23:36:42,2026-08-12T02:36:42.429Z,2.549999952316284,gauge_zero
2026-08-11 23:46:42,2026-08-12T02:46:42.464Z,2.549999952316284,gauge_zero
2026-08-11 23:56:42,2026-08-12T02:56:42.442Z,2.549999952316284,gauge_zero
2026-08-12 00:06:42,2026-08-12T03:06:42.433Z,2.569999933242798,gauge_zero
2026-08-12 00:16:42,2026-08-12T03:16:42.473Z,2.569999933242798,gauge_zero
2026-08-12 00:26:42,2026-08-12T03:26:42.497Z,2.569999933242798,gauge_zero
2026-08-12 00:36:42,2026-08-12T03:36:42.462Z,2.569999933242798,gauge_zero
2026-08-12 00:46:42,2026-08-12T03:46:42.434Z,2.569999933242798,gauge_zero
2026-08-12 00:56:42,2026-08-12T03:56:42.444Z,2.569999933242798,gauge_zero
2026-08-12 01:06:42,2026-08-12T04:06:42.459Z,2.569999933242798,gauge_zero
2026-08-12 01:16:42,2026-08-12T04:16:42.466Z,2.569999933242798,gauge_zero
2026-08-12 01:26:42,2026-08-12T04:26:42.458Z,2.569999933242798,gauge_zero
2026-08-12 01:36:42,2026-08-12T04:36:42.47Z,2.569999933242798,gauge_zero
2026-08-12 01:46:42,2026-08-12T04:46:42.46Z,2.569999933242798,gauge_zero
2026-08-12 01:56:42,2026-08-12T04:56:42.449Z,2.5899999141693115,gauge_zero
2026-08-12 02:06:42,2026-08-12T05:06:42.461Z,2.5899999141693115,gauge_zero
2026-08-12 02:16:42,2026-08-12T05:16:42.465Z,2.5899999141693115,gauge_zero
2026-08-12 02:26:42,2026-08-12T05:26:42.44Z,2.5899999141693115,gauge_zero
2026-08-12 02:36:42,2026-08-12T05:36:42.452Z,2.5899999141693115,gauge_zero
2026-08-12 02:46:42,2026-08-12T05:46:42.471Z,2.5899999141693115,gauge_zero
2026-08-12 02:56:42,2026-08-12T05:56:42.458Z,2.5899999141693115,gauge_zero
2026-08-12 03:06:42,2026-08-12T06:06:42.59Z,2.5899999141693115,gauge_zero
2026-08-12 03:16:42,2026-08-12T06:16:42.477Z,2.5899999141693115,gauge_zero
2026-08-12 03:26:42,2026-08-12T06:26:42.465Z,2.5899999141693115,gauge_zero
2026-08-12 03:36:42,2026-08-12T06:36:42.444Z,2.5899999141693115,gauge_zero
2026-08-12 03:46:42,2026-08-12T06:46:42.45Z,2.5899999141693115,gauge_zero
2026-08-12 03:56:42,2026-08-12T06:56:42.467Z,2.5899999141693115,gauge_zero
2026-08-12 04:06:42,2026-08-12T07:06:42.453Z,2.5899999141693115,gauge_zero
2026-08-12 04:16:42,2026-08-12T07:16:42.483Z,2.5899999141693115,gauge_zero
2026-08-12 04:26:42,2026-08-12T07:26:42.472Z,2.5899999141693115,gauge_zero
2026-08-12 04:36:42,2026-08-12T07:36:42.47Z,2.5899999141693115,gauge_zero
2026-08-12 04:46:42,2026-08-12T07:46:42.475Z,2.5899999141693115,gauge_zero
2026-08-12 04:56:42,2026-08-12T07:56:42.489Z,2.5899999141693115,gauge_zero
2026-08-12 05:06:42,2026-08-12T08:06:42.475Z,2.5899999141693115,gauge_zero
2026-08-12 05:16:42,2026-08-12T08:16:42.476Z,2.5899999141693115,gauge_zero
2026-08-12 05:26:42,2026-08-12T08:26:42.463Z,2.5899999141693115,gauge_zero
2026-08-12 05:36:42,2026-08-12T08:36:42.459Z,2.5899999141693115,gauge_zero
2026-08-12 05:46:42,2026-08-12T08:46:42.468Z,2.5899999141693115,gauge_zero
2026-08-12 05:56:42,2026-08-12T08:56:42.441Z,2.5899999141693115,gauge_zero
2026-08-12 06:06:42,2026-08-12T09:06:42.465Z,2.5899999141693115,gauge_zero
2026-08-12 06:16:42,2026-08-12T09:16:42.468Z,2.5899999141693115,gauge_zero
2026-08-12 06:26:42,2026-08-12T09:26:42.456Z,2.5899999141693115,gauge_zero
2026-08-12 06:36:42,2026-08-12T09:36:42.464Z,2.5899999141693115,gauge_zero
2026-08-12 06:46:42,2026-08-12T09:46:42.459Z,2.5899999141693115,gauge_zero
2026-08-12 06:56:42,2026-08-12T09:56:42.452Z,2.5899999141693115,gauge_zero
2026-08-12 07:06:42,2026-08-12T10:06:42.465Z,2.569999933242798,gauge_zero
2026-08-12 07:16:42,2026-08-12T10:16:42.455Z,2.569999933242798,gauge_zero
2026-08-12 07:26:42,2026-08-12T10:26:42.468Z,2.569999933242798,gauge_zero
2026-08-12 07:36:42,2026-08-12T10:36:42.476Z,2.569999933242798,gauge_zero
2026-08-12 07:46:42,2026-08-12T10:46:42.441Z,2.569999933242798,gauge_zero
2026-08-12 07:56:42,2026-08-12T10:56:42.461Z,2.569999933242798,gauge_zero
2026-08-12 08:06:42,2026-08-12T11:06:42.466Z,2.569999933242798,gauge_zero
2026-08-12 08:16:42,2026-08-12T11:16:42.499Z,2.569999933242798,gauge_zero
2026-08-12 08:26:42,2026-08-12T11:26:42.475Z,2.569999933242798,gauge_zero
2026-08-12 08:36:42,2026-08-12T11:36:42.468Z,2.569999933242798,gauge_zero
2026-08-12 08:46:42,2026-08-12T11:46:42.476Z,2.569999933242798,gauge_zero
2026-08-12 08:56:42,2026-08-12T11:56:42.472Z,2.569999933242798,gauge_zero
2026-08-12 09:06:42,2026-08-12T12:06:42.456Z,2.569999933242798,gauge_zero
2026-08-12 09:16:42,2026-08-12T12:16:42.468Z,2.569999933242798,gauge_zero
2026-08-12 09:26:42,2026-08-12T12:26:42.472Z,2.569999933242798,gauge_zero
2026-08-12 09:36:42,2026-08-12T12:36:42.47Z,2.569999933242798,gauge_zero
2026-08-12 09:46:42,2026-08-12T12:46:42.464Z,2.569999933242798,gauge_zero
2026-08-12 09:56:42,2026-08-12T12:56:42.493Z,2.569999933242798,gauge_zero
2026-08-12 10:06:42,2026-08-12T13:06:42.455Z,2.569999933242798,gauge_zero
2026-08-12 10:16:42,2026-08-12T13:16:42.459Z,2.569999933242798,gauge_zero
2026-08-12 10:26:42,2026-08-12T13:26:42.486Z,2.569999933242798,gauge_zero
2026-08-12 10:36:42,2026-08-12T13:36:42.491Z,2.569999933242798,gauge_zero
2026-08-12 10:46:42,2026-08-12T13:46:42.453Z,2.569999933242798,gauge_zero
2026-08-12 10:56:42,2026-08-12T13:56:42.472Z,2.569999933242798,gauge_zero
2026-08-12 11:06:42,2026-08-12T14:06:42.47Z,2.569999933242798,gauge_zero
2026-08-12 11:16:42,2026-08-12T14:16:42.482Z,2.569999933242798,gauge_zero
2026-08-12 11:26:42,2026-08-12T14:26:42.494Z,2.5899999141693115,gauge_zero
2026-08-12 11:36:42,2026-08-12T14:36:42.486Z,2.5899999141693115,gauge_zero
2026-08-12 11:46:42,2026-08-12T14:46:42.491Z,2.5899999141693115,gauge_zero
2026-08-12 11:56:42,2026-08-12T14:56:42.473Z,2.5899999141693115,gauge_zero
2026-08-12 12:06:42,2026-08-12T15:06:42.467Z,2.609999895095825,gauge_zero
2026-08-12 12:16:42,2026-08-12T15:16:42.474Z,2.609999895095825,gauge_zero
2026-08-12 12:26:42,2026-08-12T15:26:42.471Z,2.609999895095825,gauge_zero
2026-08-12 12:36:42,2026-08-12T15:36:42.481Z,2.609999895095825,gauge_zero
2026-08-12 12:46:42,2026-08-12T15:46:42.491Z,2.609999895095825,gauge_zero
2026-08-12 12:56:42,2026-08-12T15:56:42.522Z,2.630000114440918,gauge_zero
2026-08-12 13:06:42,2026-08-12T16:06:42.507Z,2.6500000953674316,gauge_zero
2026-08-12 13:16:42,2026-08-12T16:16:42.462Z,2.6700000762939453,gauge_zero
2026-08-12 13:26:42,2026-08-12T16:26:42.55Z,2.690000057220459,gauge_zero
2026-08-12 13:36:42,2026-08-12T16:36:42.492Z,2.690000057220459,gauge_zero
2026-08-12 13:46:42,2026-08-12T16:46:42.469Z,2.690000057220459,gauge_zero
2026-08-12 13:56:42,2026-08-12T16:56:42.479Z,2.7100000381469727,gauge_zero
2026-08-12 14:06:42,2026-08-12T17:06:42.489Z,2.7100000381469727,gauge_zero
2026-08-12 14:16:42,2026-08-12T17:16:42.517Z,2.7300000190734863,gauge_zero
2026-08-12 14:26:42,2026-08-12T17:26:42.489Z,2.75,gauge_zero
2026-08-12 14:36:42,2026-08-12T17:36:42.503Z,2.7899999618530273,gauge_zero
2026-08-12 14:46:42,2026-08-12T17:46:42.484Z,2.7899999618530273,gauge_zero
2026-08-12 14:56:42,2026-08-12T17:56:42.497Z,2.8299999237060547,gauge_zero
2026-08-12 15:06:42,2026-08-12T18:06:42.489Z,2.809999942779541,gauge_zero
2026-08-12 15:16:42,2026-08-12T18:16:42.487Z,2.880000114440918,gauge_zero
2026-08-12 15:26:42,2026-08-12T18:26:42.474Z,3,gauge_zero
2026-08-12 15:36:42,2026-08-12T18:36:42.5Z,3.0199999809265137,gauge_zero
2026-08-12 15:46:42,2026-08-12T18:46:42.482Z,3.0999999046325684,gauge_zero
2026-08-12 15:56:42,2026-08-12T18:56:42.51Z,3.059999942779541,gauge_zero
2026-08-12 16:06:42,2026-08-12T19:06:42.534Z,3.0399999618530273,gauge_zero
2026-08-12 16:16:42,2026-08-12T19:16:42.478Z,3,gauge_zero
2026-08-12 16:26:42,2026-08-12T19:26:42.498Z,3,gauge_zero
2026-08-12 16:36:42,2026-08-12T19:36:42.484Z,2.9600000381469727,gauge_zero
2026-08-12 16:46:42,2026-08-12T19:46:42.503Z,2.9600000381469727,gauge_zero
2026-08-12 16:56:42,2026-08-12T19:56:42.498Z,2.940000057220459,gauge_zero
2026-08-12 17:06:42,2026-08-12T20:06:42.516Z,2.940000057220459,gauge_zero
2026-08-12 17:16:42,2026-08-12T20:16:42.499Z,2.940000057220459,gauge_zero
2026-08-12 17:26:42,2026-08-12T20:26:42.491Z,2.940000057220459,gauge_zero
2026-08-12 17:36:42,2026-08-12T20:36:42.51Z,2.940000057220459,gauge_zero
2026-08-12 17:46:42,2026-08-12T20:46:42.502Z,2.940000057220459,gauge_zero
2026-08-12 17:56:42,2026-08-12T20:56:42.495Z,2.940000057220459,gauge_zero
2026-08-12 18:06:42,2026-08-12T21:06:42.483Z,2.9600000381469727,gauge_zero
2026-08-12 18:16:42,2026-08-12T21:16:42.493Z,2.9600000381469727,gauge_zero
2026-08-12 18:26:42,2026-08-12T21:26:42.492Z,2.9800000190734863,gauge_zero
2026-08-12 18:36:42,2026-08-12T21:36:42.483Z,2.9600000381469727,gauge_zero
2026-08-12 18:46:42,2026-08-12T21:46:42.493Z,2.9600000381469727,gauge_zero
2026-08-12 18:56:42,2026-08-12T21:56:42.5Z,2.940000057220459,gauge_zero
2026-08-12 19:06:42,2026-08-12T22:06:42.505Z,2.940000057220459,gauge_zero
2026-08-12 19:16:42,2026-08-12T22:16:42.496Z,2.9200000762939453,gauge_zero
2026-08-12 19:26:42,2026-08-12T22:26:42.518Z,2.9000000953674316,gauge_zero
2026-08-12 19:36:42,2026-08-12T22:36:42.505Z,2.9000000953674316,gauge_zero
2026-08-12 19:46:42,2026-08-12T22:46:42.496Z,2.880000114440918,gauge_zero
2026-08-12 19:56:42,2026-08-12T22:56:42.504Z,2.869999885559082,gauge_zero
2026-08-12 20:06:42,2026-08-12T23:06:42.5Z,2.8499999046325684,gauge_zero
2026-08-12 20:16:42,2026-08-12T23:16:42.499Z,2.8499999046325684,gauge_zero
2026-08-12 20:26:42,2026-08-12T23:26:42.5Z,2.8299999237060547,gauge_zero
2026-08-12 20:36:42,2026-08-12T23:36:42.512Z,2.8299999237060547,gauge_zero
2026-08-12 20:46:42,2026-08-12T23:46:42.524Z,2.809999942779541,gauge_zero
2026-08-12 20:56:42,2026-08-12T23:56:42.492Z,2.809999942779541,gauge_zero
2026-08-12 21:06:42,2026-08-13T00:06:42.483Z,2.7899999618530273,gauge_zero
2026-08-12 21:16:42,2026-08-13T00:16:42.571Z,2.7899999618530273,gauge_zero
2026-08-12 21:26:42,2026-08-13T00:26:42.518Z,2.7899999618530273,gauge_zero
2026-08-12 21:36:42,2026-08-13T00:36:42.498Z,2.7899999618530273,gauge_zero
2026-08-12 21:46:42,2026-08-13T00:46:42.572Z,2.7699999809265137,gauge_zero
2026-08-12 21:56:42,2026-08-13T00:56:42.517Z,2.7699999809265137,gauge_zero
2026-08-12 22:06:42,2026-08-13T01:06:42.49Z,2.7699999809265137,gauge_zero
2026-08-12 22:16:42,2026-08-13T01:16:42.519Z,2.75,gauge_zero
2026-08-12 22:26:42,2026-08-13T01:26:42.512Z,2.75,gauge_zero
2026-08-12 22:36:42,2026-08-13T01:36:42.527Z,2.75,gauge_zero
2026-08-12 22:46:42,2026-08-13T01:46:42.494Z,2.7300000190734863,gauge_zero
2026-08-12 22:56:42,2026-08-13T01:56:42.494Z,2.7300000190734863,gauge_zero
2026-08-12 23:06:42,2026-08-13T02:06:42.519Z,2.7300000190734863,gauge_zero
2026-08-12 23:16:42,2026-08-13T02:16:42.514Z,2.7300000190734863,gauge_zero
2026-08-12 23:26:42,2026-08-13T02:26:42.494Z,2.690000057220459,gauge_zero
2026-08-12 23:36:42,2026-08-13T02:36:42.533Z,2.690000057220459,gauge_zero
2026-08-12 23:46:42,2026-08-13T02:46:42.537Z,2.7300000190734863,gauge_zero
2026-08-12 23:56:42,2026-08-13T02:56:42.507Z,2.7300000190734863,gauge_zero
2026-08-13 00:06:42,2026-08-13T03:06:42.521Z,2.7100000381469727,gauge_zero
2026-08-13 00:16:42,2026-08-13T03:16:42.505Z,2.7100000381469727,gauge_zero
2026-08-13 00:26:42,2026-08-13T03:26:42.497Z,2.7100000381469727,gauge_zero
2026-08-13 00:36:42,2026-08-13T03:36:42.516Z,2.7100000381469727,gauge_zero
2026-08-13 00:46:42,2026-08-13T03:46:42.512Z,2.690000057220459,gauge_zero
2026-08-13 00:56:42,2026-08-13T03:56:42.509Z,2.690000057220459,gauge_zero
2026-08-13 01:06:42,2026-08-13T04:06:42.511Z,2.690000057220459,gauge_zero
2026-08-13 01:16:42,2026-08-13T04:16:42.522Z,2.6700000762939453,gauge_zero
2026-08-13 01:26:42,2026-08-13T04:26:42.488Z,2.6700000762939453,gauge_zero
2026-08-13 01:36:42,2026-08-13T04:36:42.512Z,2.690000057220459,gauge_zero
2026-08-13 01:46:42,2026-08-13T04:46:42.505Z,2.6700000762939453,gauge_zero
2026-08-13 01:56:42,2026-08-13T04:56:42.517Z,2.6700000762939453,gauge_zero
2026-08-13 02:06:42,2026-08-13T05:06:42.525Z,2.6700000762939453,gauge_zero
2026-08-13 02:16:42,2026-08-13T05:16:42.524Z,2.6700000762939453,gauge_zero
2026-08-13 02:26:42,2026-08-13T05:26:42.509Z,2.6700000762939453,gauge_zero
2026-08-13 02:36:42,2026-08-13T05:36:42.513Z,2.6700000762939453,gauge_zero
2026-08-13 02:46:42,2026-08-13T05:46:42.505Z,2.6700000762939453,gauge_zero
2026-08-13 02:56:42,2026-08-13T05:56:42.528Z,2.6700000762939453,gauge_zero
2026-08-13 03:06:42,2026-08-13T06:06:42.513Z,2.6700000762939453,gauge_zero
2026-08-13 03:16:42,2026-08-13T06:16:42.517Z,2.6700000762939453,gauge_zero
2026-08-13 03:26:42,2026-08-13T06:26:42.51Z,2.6700000762939453,gauge_zero
2026-08-13 03:36:42,2026-08-13T06:36:42.523Z,2.6700000762939453,gauge_zero
2026-08-13 03:46:42,2026-08-13T06:46:42.532Z,2.6500000953674316,gauge_zero
2026-08-13 03:56:42,2026-08-13T06:56:42.515Z,2.6500000953674316,gauge_zero
2026-08-13 04:06:42,2026-08-13T07:06:42.51Z,2.630000114440918,gauge_zero
2026-08-13 04:16:42,2026-08-13T07:16:42.526Z,2.630000114440918,gauge_zero
2026-08-13 04:26:42,2026-08-13T07:26:42.518Z,2.6700000762939453,gauge_zero
2026-08-13 04:36:42,2026-08-13T07:36:42.517Z,2.6500000953674316,gauge_zero
2026-08-13 04:46:42,2026-08-13T07:46:42.528Z,2.6500000953674316,gauge_zero
2026-08-13 04:56:42,2026-08-13T07:56:42.51Z,2.6500000953674316,gauge_zero
2026-08-13 05:06:42,2026-08-13T08:06:42.515Z,2.6500000953674316,gauge_zero
2026-08-13 05:16:42,2026-08-13T08:16:42.508Z,2.6500000953674316,gauge_zero
2026-08-13 05:26:42,2026-08-13T08:26:42.53Z,2.6500000953674316,gauge_zero
2026-08-13 05:36:42,2026-08-13T08:36:42.527Z,2.6500000953674316,gauge_zero
2026-08-13 05:46:42,2026-08-13T08:46:42.544Z,2.6500000953674316,gauge_zero
2026-08-13 05:56:42,2026-08-13T08:56:42.514Z,2.630000114440918,gauge_zero
2026-08-13 06:06:42,2026-08-13T09:06:42.524Z,2.630000114440918,gauge_zero
2026-08-13 06:16:42,2026-08-13T09:16:42.505Z,2.630000114440918,gauge_zero
2026-08-13 06:26:42,2026-08-13T09:26:42.51Z,2.630000114440918,gauge_zero
2026-08-13 06:36:42,2026-08-13T09:36:42.522Z,2.630000114440918,gauge_zero
2026-08-13 06:46:42,2026-08-13T09:46:42.525Z,2.630000114440918,gauge_zero
2026-08-13 06:56:42,2026-08-13T09:56:42.526Z,2.630000114440918,gauge_zero
2026-08-13 07:06:42,2026-08-13T10:06:42.532Z,2.630000114440918,gauge_zero
2026-08-13 07:16:42,2026-08-13T10:16:42.57Z,2.630000114440918,gauge_zero
2026-08-13 07:26:42,2026-08-13T10:26:42.542Z,2.630000114440918,gauge_zero
2026-08-13 07:36:42,2026-08-13T10:36:42.53Z,2.619999885559082,gauge_zero
2026-08-13 07:46:42,2026-08-13T10:46:42.523Z,2.630000114440918,gauge_zero
2026-08-13 07:56:42,2026-08-13T10:56:42.51Z,2.630000114440918,gauge_zero
2026-08-13 08:06:42,2026-08-13T11:06:42.509Z,2.619999885559082,gauge_zero
2026-08-13 08:16:42,2026-08-13T11:16:42.521Z,2.619999885559082,gauge_zero
2026-08-13 08:26:42,2026-08-13T11:26:42.525Z,2.619999885559082,gauge_zero
2026-08-13 08:36:42,2026-08-13T11:36:42.545Z,2.619999885559082,gauge_zero
2026-08-13 08:46:42,2026-08-13T11:46:42.522Z,2.619999885559082,gauge_zero
2026-08-13 08:56:42,2026-08-13T11:56:42.599Z,2.619999885559082,gauge_zero
2026-08-13 09:06:42,2026-08-13T12:06:42.535Z,2.619999885559082,gauge_zero
2026-08-13 09:16:42,2026-08-13T12:16:42.534Z,2.619999885559082,gauge_zero
2026-08-13 09:26:42,2026-08-13T12:26:42.533Z,2.619999885559082,gauge_zero
2026-08-13 09:36:42,2026-08-13T12:36:42.535Z,2.619999885559082,gauge_zero
2026-08-13 09:46:42,2026-08-13T12:46:42.54Z,2.619999885559082,gauge_zero
2026-08-13 09:56:42,2026-08-13T12:56:42.545Z,2.619999885559082,gauge_zero
2026-08-13 10:06:42,2026-08-13T13:06:42.534Z,2.619999885559082,gauge_zero
2026-08-13 10:16:42,2026-08-13T13:16:42.537Z,2.619999885559082,gauge_zero
2026-08-13 10:26:42,2026-08-13T13:26:42.545Z,2.619999885559082,gauge_zero
2026-08-13 10:36:42,2026-08-13T13:36:42.553Z,2.5999999046325684,gauge_zero
2026-08-13 10:46:42,2026-08-13T13:46:42.538Z,2.5999999046325684,gauge_zero
2026-08-13 10:56:42,2026-08-13T13:56:42.562Z,2.5999999046325684,gauge_zero
2026-08-13 11:06:42,2026-08-13T14:06:42.537Z,2.5799999237060547,gauge_zero
2026-08-13 11:16:42,2026-08-13T14:16:42.546Z,2.5999999046325684,gauge_zero
2026-08-13 11:26:42,2026-08-13T14:26:42.537Z,2.5999999046325684,gauge_zero
2026-08-13 11:36:42,2026-08-13T14:36:42.588Z,2.5799999237060547,gauge_zero
2026-08-13 11:46:42,2026-08-13T14:46:42.57Z,2.630000114440918,gauge_zero
2026-08-13 11:56:42,2026-08-13T14:56:42.532Z,2.5999999046325684,gauge_zero
2026-08-13 12:06:42,2026-08-13T15:06:42.541Z,2.5799999237060547,gauge_zero
2026-08-13 12:16:42,2026-08-13T15:16:42.595Z,2.5999999046325684,gauge_zero
2026-08-13 12:26:42,2026-08-13T15:26:42.527Z,2.5999999046325684,gauge_zero
2026-08-13 12:36:42,2026-08-13T15:36:42.535Z,2.5999999046325684,gauge_zero
2026-08-13 12:46:42,2026-08-13T15:46:42.545Z,2.5999999046325684,gauge_zero
2026-08-13 12:56:42,2026-08-13T15:56:42.553Z,2.619999885559082,gauge_zero
2026-08-13 13:06:42,2026-08-13T16:06:42.543Z,2.619999885559082,gauge_zero
2026-08-13 13:16:42,2026-08-13T16:16:42.537Z,2.619999885559082,gauge_zero
2026-08-13 13:26:12,2026-08-13T16:26:12.55Z,2.619999885559082,gauge_zero
2026-08-13 13:36:42,2026-08-13T16:36:42.544Z,2.619999885559082,gauge_zero
2026-08-13 13:46:42,2026-08-13T16:46:42.613Z,2.619999885559082,gauge_zero
2026-08-13 13:56:42,2026-08-13T16:56:42.55Z,2.619999885559082,gauge_zero
2026-08-13 14:06:42,2026-08-13T17:06:42.548Z,2.619999885559082,gauge_zero
2026-08-13 14:16:42,2026-08-13T17:16:42.545Z,2.630000114440918,gauge_zero
2026-08-13 14:26:42,2026-08-13T17:26:42.527Z,2.6700000762939453,gauge_zero
2026-08-13 14:36:42,2026-08-13T17:36:42.544Z,2.6700000762939453,gauge_zero
2026-08-13 14:46:42,2026-08-13T17:46:42.531Z,2.6500000953674316,gauge_zero
2026-08-13 14:56:42,2026-08-13T17:56:42.535Z,2.619999885559082,gauge_zero
2026-08-13 15:06:42,2026-08-13T18:06:42.54Z,2.6700000762939453,gauge_zero
2026-08-13 15:16:42,2026-08-13T18:16:42.569Z,2.7100000381469727,gauge_zero
2026-08-13 15:26:42,2026-08-13T18:26:42.544Z,2.7100000381469727,gauge_zero
2026-08-13 15:36:42,2026-08-13T18:36:42.542Z,2.690000057220459,gauge_zero
2026-08-13 15:46:42,2026-08-13T18:46:42.531Z,2.7100000381469727,gauge_zero
2026-08-13 15:56:42,2026-08-13T18:56:42.524Z,2.7100000381469727,gauge_zero
2026-08-13 16:06:42,2026-08-13T19:06:42.533Z,2.7100000381469727,gauge_zero
2026-08-13 16:16:42,2026-08-13T19:16:42.542Z,2.7100000381469727,gauge_zero
2026-08-13 16:26:42,2026-08-13T19:26:42.535Z,2.7100000381469727,gauge_zero
2026-08-13 16:36:42,2026-08-13T19:36:42.558Z,2.7100000381469727,gauge_zero
2026-08-13 16:46:42,2026-08-13T19:46:42.541Z,2.7100000381469727,gauge_zero
2026-08-13 16:56:42,2026-08-13T19:56:42.55Z,2.7899999618530273,gauge_zero
2026-08-13 17:06:42,2026-08-13T20:06:42.54Z,2.7899999618530273,gauge_zero
2026-08-13 17:16:42,2026-08-13T20:16:42.559Z,2.7899999618530273,gauge_zero
2026-08-13 17:26:42,2026-08-13T20:26:42.536Z,2.7899999618530273,gauge_zero
2026-08-13 17:36:42,2026-08-13T20:36:42.554Z,2.7899999618530273,gauge_zero
2026-08-13 17:46:42,2026-08-13T20:46:42.535Z,2.7899999618530273,gauge_zero
2026-08-13 17:56:42,2026-08-13T20:56:42.527Z,2.7699999809265137,gauge_zero
2026-08-13 18:06:42,2026-08-13T21:06:42.567Z,2.7699999809265137,gauge_zero
2026-08-13 18:10:00,2026-08-13T21:10:00Z,2.77,gauge_zero
2026-08-13 18:16:42,2026-08-13T21:16:42.545Z,2.7699999809265137,gauge_zero
2026-08-13 18:20:00,2026-08-13T21:20:00Z,2.77,gauge_zero
2026-08-13 18:26:42,2026-08-13T21:26:42.543Z,2.7899999618530273,gauge_zero
2026-08-13 18:30:00,2026-08-13T21:30:00Z,2.79,gauge_zero
2026-08-13 18:36:42,2026-08-13T21:36:42.541Z,2.7899999618530273,gauge_zero
2026-08-13 18:40:00,2026-08-13T21:40:00Z,2.79,gauge_zero
2026-08-13 18:46:42,2026-08-13T21:46:42.552Z,2.809999942779541,gauge_zero
2026-08-13 18:50:00,2026-08-13T21:50:00Z,2.79,gauge_zero
2026-08-13 18:56:42,2026-08-13T21:56:42.555Z,2.8299999237060547,gauge_zero
2026-08-13 19:00:00,2026-08-13T22:00:00Z,2.81,gauge_zero
2026-08-13 19:06:42,2026-08-13T22:06:42.548Z,2.9600000381469727,gauge_zero
2026-08-13 19:10:00,2026-08-13T22:10:00Z,2.91,gauge_zero
2026-08-13 19:16:42,2026-08-13T22:16:42.544Z,3.009999990463257,gauge_zero
2026-08-13 19:20:00,2026-08-13T22:20:00Z,3,gauge_zero
2026-08-13 19:26:42,2026-08-13T22:26:42.559Z,3.0299999713897705,gauge_zero
2026-08-13 19:30:00,2026-08-13T22:30:00Z,3.02,gauge_zero
2026-08-13 19:36:42,2026-08-13T22:36:42.547Z,3,gauge_zero
2026-08-13 19:40:00,2026-08-13T22:40:00Z,3.01,gauge_zero
2026-08-13 19:46:42,2026-08-13T22:46:42.606Z,2.9600000381469727,gauge_zero
2026-08-13 19:50:00,2026-08-13T22:50:00Z,2.97,gauge_zero
2026-08-13 19:56:42,2026-08-13T22:56:42.578Z,2.9200000762939453,gauge_zero
2026-08-13 20:00:00,2026-08-13T23:00:00Z,2.92,gauge_zero
2026-08-13 20:04:12,2026-08-13T23:04:12.558Z,2.9200000762939453,gauge_zero
2026-08-13 20:10:00,2026-08-13T23:10:00Z,2.91,gauge_zero
2026-08-13 20:14:12,2026-08-13T23:14:12.56Z,2.9200000762939453,gauge_zero
2026-08-13 20:20:00,2026-08-13T23:20:00Z,2.91,gauge_zero
2026-08-13 20:24:12,2026-08-13T23:24:12.57Z,2.9200000762939453,gauge_zero
2026-08-13 20:30:00,2026-08-13T23:30:00Z,2.91,gauge_zero
2026-08-13 20:34:12,2026-08-13T23:34:12.567Z,2.940000057220459,gauge_zero
2026-08-13 20:40:00,2026-08-13T23:40:00Z,2.93,gauge_zero
2026-08-13 20:44:12,2026-08-13T23:44:12.564Z,2.9800000190734863,gauge_zero
2026-08-13 20:50:00,2026-08-13T23:50:00Z,2.97,gauge_zero
2026-08-13 20:54:12,2026-08-13T23:54:12.563Z,3,gauge_zero
2026-08-13 21:00:00,2026-08-14T00:00:00Z,3,gauge_zero
2026-08-13 21:04:12,2026-08-14T00:04:12.562Z,3.0199999809265137,gauge_zero
2026-08-13 21:10:00,2026-08-14T00:10:00Z,3,gauge_zero
2026-08-13 21:14:12,2026-08-14T00:14:12.716Z,3.0199999809265137,gauge_zero
2026-08-13 21:20:00,2026-08-14T00:20:00Z,3.01,gauge_zero
2026-08-13 21:24:12,2026-08-14T00:24:12.579Z,3.0399999618530273,gauge_zero
2026-08-13 21:30:00,2026-08-14T00:30:00Z,3.03,gauge_zero
2026-08-13 21:34:12,2026-08-14T00:34:12.589Z,3.059999942779541,gauge_zero
2026-08-13 21:40:00,2026-08-14T00:40:00Z,3.04,gauge_zero
2026-08-13 21:44:12,2026-08-14T00:44:12.56Z,3.109999895095825,gauge_zero
2026-08-13 21:50:00,2026-08-14T00:50:00Z,3.1,gauge_zero
2026-08-13 21:54:12,2026-08-14T00:54:12.567Z,3.2300000190734863,gauge_zero
2026-08-13 22:00:00,2026-08-14T01:00:00Z,3.19,gauge_zero
2026-08-13 22:04:12,2026-08-14T01:04:12.584Z,3.259999990463257,gauge_zero
2026-08-13 22:10:00,2026-08-14T01:10:00Z,3.25,gauge_zero
2026-08-13 22:14:12,2026-08-14T01:14:12.574Z,3.2699999809265137,gauge_zero
2026-08-13 22:20:00,2026-08-14T01:20:00Z,3.26,gauge_zero
2026-08-13 22:24:18,2026-08-14T01:24:18.321Z,3.319999933242798,gauge_zero
2026-08-13 22:30:00,2026-08-14T01:30:00Z,3.3,gauge_zero
2026-08-13 22:34:18,2026-08-14T01:34:18.337Z,3.3499999046325684,gauge_zero
2026-08-13 22:40:00,2026-08-14T01:40:00Z,3.34,gauge_zero
2026-08-13 22:44:18,2026-08-14T01:44:18.311Z,3.359999895095825,gauge_zero
2026-08-13 22:50:00,2026-08-14T01:50:00Z,3.34,gauge_zero
2026-08-13 22:54:18,2026-08-14T01:54:18.316Z,3.359999895095825,gauge_zero
2026-08-13 23:00:00,2026-08-14T02:00:00Z,3.35,gauge_zero
2026-08-13 23:04:18,2026-08-14T02:04:18.299Z,3.359999895095825,gauge_zero
2026-08-13 23:10:00,2026-08-14T02:10:00Z,3.36,gauge_zero
2026-08-13 23:14:18,2026-08-14T02:14:18.321Z,3.4000000953674316,gauge_zero
2026-08-13 23:20:00,2026-08-14T02:20:00Z,3.38,gauge_zero
2026-08-13 23:24:18,2026-08-14T02:24:18.296Z,3.4100000858306885,gauge_zero
2026-08-13 23:30:00,2026-08-14T02:30:00Z,3.4,gauge_zero
2026-08-13 23:34:18,2026-08-14T02:34:18.303Z,3.450000047683716,gauge_zero
2026-08-13 23:40:00,2026-08-14T02:40:00Z,3.42,gauge_zero
2026-08-13 23:44:18,2026-08-14T02:44:18.307Z,3.4100000858306885,gauge_zero
2026-08-13 23:50:00,2026-08-14T02:50:00Z,3.42,gauge_zero
2026-08-13 23:54:18,2026-08-14T02:54:18.333Z,3.4200000762939453,gauge_zero
2026-08-14 00:00:00,2026-08-14T03:00:00Z,3.42,gauge_zero
2026-08-14 00:04:18,2026-08-14T03:04:18.309Z,3.4100000858306885,gauge_zero
2026-08-14 00:10:00,2026-08-14T03:10:00Z,3.4,gauge_zero
2026-08-14 00:14:06,2026-08-14T03:14:06.005Z,3.4100000858306885,gauge_zero
2026-08-14 00:20:00,2026-08-14T03:20:00Z,3.38,gauge_zero
2026-08-14 00:24:19,2026-08-14T03:24:19.77Z,3.390000104904175,gauge_zero
2026-08-14 00:30:00,2026-08-14T03:30:00Z,3.37,gauge_zero
2026-08-14 00:34:19,2026-08-14T03:34:19.788Z,3.380000114440918,gauge_zero
2026-08-14 00:40:00,2026-08-14T03:40:00Z,3.37,gauge_zero
2026-08-14 00:44:19,2026-08-14T03:44:19.794Z,3.3399999141693115,gauge_zero
2026-08-14 00:50:00,2026-08-14T03:50:00Z,3.36,gauge_zero
2026-08-14 00:54:19,2026-08-14T03:54:19.762Z,3.359999895095825,gauge_zero
2026-08-14 01:00:00,2026-08-14T04:00:00Z,3.33,gauge_zero
2026-08-14 01:04:19,2026-08-14T04:04:19.772Z,3.3299999237060547,gauge_zero
2026-08-14 01:10:00,2026-08-14T04:10:00Z,3.33,gauge_zero
2026-08-14 01:14:19,2026-08-14T04:14:19.787Z,3.3299999237060547,gauge_zero
2026-08-14 01:20:00,2026-08-14T04:20:00Z,3.32,gauge_zero
2026-08-14 01:24:19,2026-08-14T04:24:19.783Z,3.259999990463257,gauge_zero
2026-08-14 01:30:00,2026-08-14T04:30:00Z,3.28,gauge_zero
2026-08-14 01:34:19,2026-08-14T04:34:19.796Z,3.25,gauge_zero
2026-08-14 01:40:00,2026-08-14T04:40:00Z,3.24,gauge_zero
2026-08-14 01:44:19,2026-08-14T04:44:19.79Z,3.2200000286102295,gauge_zero
2026-08-14 01:50:00,2026-08-14T04:50:00Z,3.2,gauge_zero
2026-08-14 01:54:19,2026-08-14T04:54:19.786Z,3.1500000953674316,gauge_zero
2026-08-14 02:00:00,2026-08-14T05:00:00Z,3.18,gauge_zero
2026-08-14 02:04:19,2026-08-14T05:04:19.893Z,3.1600000858306885,gauge_zero
2026-08-14 02:10:00,2026-08-14T05:10:00Z,3.15,gauge_zero
2026-08-14 02:14:19,2026-08-14T05:14:19.802Z,3.109999895095825,gauge_zero
2026-08-14 02:20:00,2026-08-14T05:20:00Z,3.12,gauge_zero
2026-08-14 02:24:19,2026-08-14T05:24:19.803Z,3.130000114440918,gauge_zero
2026-08-14 02:30:00,2026-08-14T05:30:00Z,3.11,gauge_zero
2026-08-14 02:34:19,2026-08-14T05:34:19.797Z,3.0999999046325684,gauge_zero
2026-08-14 02:40:00,2026-08-14T05:40:00Z,3.1,gauge_zero
2026-08-14 02:44:19,2026-08-14T05:44:19.792Z,3.0899999141693115,gauge_zero
2026-08-14 02:50:00,2026-08-14T05:50:00Z,3.08,gauge_zero
2026-08-14 02:54:19,2026-08-14T05:54:19.79Z,3.0799999237060547,gauge_zero
2026-08-14 03:00:00,2026-08-14T06:00:00Z,3.06,gauge_zero
2026-08-14 03:04:19,2026-08-14T06:04:19.782Z,3.059999942779541,gauge_zero
2026-08-14 03:10:00,2026-08-14T06:10:00Z,3.05,gauge_zero
2026-08-14 03:14:19,2026-08-14T06:14:19.797Z,3.0399999618530273,gauge_zero
2026-08-14 03:20:00,2026-08-14T06:20:00Z,3.03,gauge_zero
2026-08-14 03:24:19,2026-08-14T06:24:19.806Z,3.0299999713897705,gauge_zero
2026-08-14 03:30:00,2026-08-14T06:30:00Z,3.03,gauge_zero
2026-08-14 03:34:23,2026-08-14T06:34:23.159Z,3.009999990463257,gauge_zero
2026-08-14 03:40:00,2026-08-14T06:40:00Z,3.01,gauge_zero
2026-08-14 03:44:23,2026-08-14T06:44:23.169Z,3.009999990463257,gauge_zero
2026-08-14 03:50:00,2026-08-14T06:50:00Z,3,gauge_zero
2026-08-14 03:54:23,2026-08-14T06:54:23.167Z,2.990000009536743,gauge_zero
2026-08-14 04:00:00,2026-08-14T07:00:00Z,2.99,gauge_zero
2026-08-14 04:04:23,2026-08-14T07:04:23.192Z,2.990000009536743,gauge_zero
2026-08-14 04:10:00,2026-08-14T07:10:00Z,2.99,gauge_zero
2026-08-14 04:14:23,2026-08-14T07:14:23.191Z,2.990000009536743,gauge_zero
2026-08-14 04:20:00,2026-08-14T07:20:00Z,2.98,gauge_zero
2026-08-14 04:24:23,2026-08-14T07:24:23.171Z,2.9700000286102295,gauge_zero
2026-08-14 04:30:00,2026-08-14T07:30:00Z,2.97,gauge_zero
2026-08-14 04:34:23,2026-08-14T07:34:23.187Z,2.9700000286102295,gauge_zero
2026-08-14 04:40:00,2026-08-14T07:40:00Z,2.96,gauge_zero
2026-08-14 04:44:23,2026-08-14T07:44:23.195Z,2.950000047683716,gauge_zero
2026-08-14 04:50:00,2026-08-14T07:50:00Z,2.95,gauge_zero
2026-08-14 04:54:23,2026-08-14T07:54:23.176Z,2.950000047683716,gauge_zero
2026-08-14 05:00:00,2026-08-14T08:00:00Z,2.94,gauge_zero
2026-08-14 05:04:08,2026-08-14T08:04:08.168Z,2.950000047683716,gauge_zero
2026-08-14 05:10:00,2026-08-14T08:10:00Z,2.93,gauge_zero
2026-08-14 05:14:08,2026-08-14T08:14:08.183Z,2.930000066757202,gauge_zero
2026-08-14 05:20:00,2026-08-14T08:20:00Z,2.92,gauge_zero
2026-08-14 05:24:08,2026-08-14T08:24:08.2Z,2.930000066757202,gauge_zero
2026-08-14 05:30:00,2026-08-14T08:30:00Z,2.92,gauge_zero
2026-08-14 05:34:23,2026-08-14T08:34:23.176Z,2.930000066757202,gauge_zero
2026-08-14 05:40:00,2026-08-14T08:40:00Z,2.91,gauge_zero
2026-08-14 05:44:08,2026-08-14T08:44:08.171Z,2.9100000858306885,gauge_zero
2026-08-14 05:50:00,2026-08-14T08:50:00Z,2.91,gauge_zero
2026-08-14 05:54:08,2026-08-14T08:54:08.171Z,2.9100000858306885,gauge_zero
2026-08-14 06:00:00,2026-08-14T09:00:00Z,2.91,gauge_zero
2026-08-14 06:04:23,2026-08-14T09:04:23.19Z,2.9100000858306885,gauge_zero
2026-08-14 06:10:00,2026-08-14T09:10:00Z,2.9,gauge_zero
2026-08-14 06:14:23,2026-08-14T09:14:23.172Z,2.9100000858306885,gauge_zero
2026-08-14 06:20:00,2026-08-14T09:20:00Z,2.89,gauge_zero
2026-08-14 06:24:08,2026-08-14T09:24:08.17Z,2.890000104904175,gauge_zero
2026-08-14 06:30:00,2026-08-14T09:30:00Z,2.89,gauge_zero
2026-08-14 06:34:23,2026-08-14T09:34:23.179Z,2.890000104904175,gauge_zero
2026-08-14 06:40:00,2026-08-14T09:40:00Z,2.89,gauge_zero
2026-08-14 06:44:08,2026-08-14T09:44:08.183Z,2.890000104904175,gauge_zero
2026-08-14 06:50:00,2026-08-14T09:50:00Z,2.88,gauge_zero
2026-08-14 06:54:08,2026-08-14T09:54:08.185Z,2.890000104904175,gauge_zero
2026-08-14 07:00:00,2026-08-14T10:00:00Z,2.88,gauge_zero
2026-08-14 07:04:08,2026-08-14T10:04:08.187Z,2.880000114440918,gauge_zero
2026-08-14 07:10:00,2026-08-14T10:10:00Z,2.87,gauge_zero
2026-08-14 07:14:08,2026-08-14T10:14:08.179Z,2.869999885559082,gauge_zero
2026-08-14 07:20:00,2026-08-14T10:20:00Z,2.87,gauge_zero
2026-08-14 07:24:23,2026-08-14T10:24:23.175Z,2.869999885559082,gauge_zero
2026-08-14 07:30:00,2026-08-14T10:30:00Z,2.86,gauge_zero
2026-08-14 07:34:23,2026-08-14T10:34:23.206Z,2.869999885559082,gauge_zero
2026-08-14 07:40:00,2026-08-14T10:40:00Z,2.86,gauge_zero
2026-08-14 07:44:08,2026-08-14T10:44:08.184Z,2.869999885559082,gauge_zero
2026-08-14 07:50:00,2026-08-14T10:50:00Z,2.86,gauge_zero
2026-08-14 07:54:23,2026-08-14T10:54:23.182Z,2.869999885559082,gauge_zero
2026-08-14 08:00:00,2026-08-14T11:00:00Z,2.85,gauge_zero
2026-08-14 08:04:08,2026-08-14T11:04:08.178Z,2.8499999046325684,gauge_zero
2026-08-14 08:10:00,2026-08-14T11:10:00Z,2.85,gauge_zero
2026-08-14 08:14:23,2026-08-14T11:14:23.189Z,2.869999885559082,gauge_zero
2026-08-14 08:20:00,2026-08-14T11:20:00Z,2.86,gauge_zero
2026-08-14 08:24:23,2026-08-14T11:24:23.195Z,2.8499999046325684,gauge_zero
2026-08-14 08:30:00,2026-08-14T11:30:00Z,2.84,gauge_zero
2026-08-14 08:34:23,2026-08-14T11:34:23.196Z,2.8499999046325684,gauge_zero
2026-08-14 08:40:00,2026-08-14T11:40:00Z,2.84,gauge_zero
2026-08-14 08:44:08,2026-08-14T11:44:08.179Z,2.8299999237060547,gauge_zero
2026-08-14 08:50:00,2026-08-14T11:50:00Z,2.83,gauge_zero
2026-08-14 08:54:08,2026-08-14T11:54:08.203Z,2.8299999237060547,gauge_zero
2026-08-14 09:00:00,2026-08-14T12:00:00Z,2.83,gauge_zero
2026-08-14 09:04:23,2026-08-14T12:04:23.186Z,2.8299999237060547,gauge_zero
2026-08-14 09:10:00,2026-08-14T12:10:00Z,2.83,gauge_zero
2026-08-14 09:13:53,2026-08-14T12:13:53.187Z,2.8299999237060547,gauge_zero
2026-08-14 09:20:00,2026-08-14T12:20:00Z,2.82,gauge_zero
2026-08-14 09:24:23,2026-08-14T12:24:23.204Z,2.8299999237060547,gauge_zero
2026-08-14 09:30:00,2026-08-14T12:30:00Z,2.82,gauge_zero
2026-08-14 09:34:23,2026-08-14T12:34:23.251Z,2.8299999237060547,gauge_zero
2026-08-14 09:40:00,2026-08-14T12:40:00Z,2.82,gauge_zero
2026-08-14 09:44:08,2026-08-14T12:44:08.219Z,2.809999942779541,gauge_zero
2026-08-14 09:50:00,2026-08-14T12:50:00Z,2.81,gauge_zero
2026-08-14 09:54:23,2026-08-14T12:54:23.197Z,2.809999942779541,gauge_zero
2026-08-14 10:00:00,2026-08-14T13:00:00Z,2.81,gauge_zero
2026-08-14 10:04:23,2026-08-14T13:04:23.187Z,2.809999942779541,gauge_zero
2026-08-14 10:10:00,2026-08-14T13:10:00Z,2.81,gauge_zero
2026-08-14 10:14:08,2026-08-14T13:14:08.195Z,2.809999942779541,gauge_zero
2026-08-14 10:20:00,2026-08-14T13:20:00Z,2.8,gauge_zero
2026-08-14 10:24:08,2026-08-14T13:24:08.22Z,2.809999942779541,gauge_zero
2026-08-14 10:30:00,2026-08-14T13:30:00Z,2.81,gauge_zero
2026-08-14 10:34:23,2026-08-14T13:34:23.201Z,2.809999942779541,gauge_zero
2026-08-14 10:40:00,2026-08-14T13:40:00Z,2.8,gauge_zero
2026-08-14 10:44:08,2026-08-14T13:44:08.186Z,2.809999942779541,gauge_zero
2026-08-14 10:50:00,2026-08-14T13:50:00Z,2.81,gauge_zero
2026-08-14 10:54:23,2026-08-14T13:54:23.19Z,2.809999942779541,gauge_zero
2026-08-14 11:00:00,2026-08-14T14:00:00Z,2.81,gauge_zero
2026-08-14 11:04:08,2026-08-14T14:04:08.202Z,2.809999942779541,gauge_zero
2026-08-14 11:10:00,2026-08-14T14:10:00Z,2.8,gauge_zero
2026-08-14 11:14:08,2026-08-14T14:14:08.186Z,2.809999942779541,gauge_zero
2026-08-14 11:20:00,2026-08-14T14:20:00Z,2.8,gauge_zero
2026-08-14 11:24:08,2026-08-14T14:24:08.193Z,2.7899999618530273,gauge_zero
2026-08-14 11:30:00,2026-08-14T14:30:00Z,2.79,gauge_zero
2026-08-14 11:34:23,2026-08-14T14:34:23.2Z,2.7899999618530273,gauge_zero
2026-08-14 11:40:00,2026-08-14T14:40:00Z,2.79,gauge_zero
2026-08-14 11:44:23,2026-08-14T14:44:23.211Z,2.7899999618530273,gauge_zero
2026-08-14 11:50:00,2026-08-14T14:50:00Z,2.79,gauge_zero
2026-08-14 11:54:23,2026-08-14T14:54:23.21Z,2.7899999618530273,gauge_zero
2026-08-14 12:00:00,2026-08-14T15:00:00Z,2.78,gauge_zero
2026-08-14 12:04:23,2026-08-14T15:04:23.207Z,2.7899999618530273,gauge_zero
2026-08-14 12:10:00,2026-08-14T15:10:00Z,2.78,gauge_zero
2026-08-14 12:14:23,2026-08-14T15:14:23.2Z,2.7899999618530273,gauge_zero
2026-08-14 12:20:00,2026-08-14T15:20:00Z,2.78,gauge_zero
2026-08-14 12:24:23,2026-08-14T15:24:23.206Z,2.7899999618530273,gauge_zero
2026-08-14 12:30:00,2026-08-14T15:30:00Z,2.77,gauge_zero
2026-08-14 12:34:08,2026-08-14T15:34:08.197Z,2.7699999809265137,gauge_zero
2026-08-14 12:40:00,2026-08-14T15:40:00Z,2.77,gauge_zero
2026-08-14 12:44:08,2026-08-14T15:44:08.204Z,2.7699999809265137,gauge_zero
2026-08-14 12:50:00,2026-08-14T15:50:00Z,2.77,gauge_zero
2026-08-14 12:54:23,2026-08-14T15:54:23.26Z,2.7699999809265137,gauge_zero
2026-08-14 13:00:00,2026-08-14T16:00:00Z,2.77,gauge_zero
2026-08-14 13:04:23,2026-08-14T16:04:23.193Z,2.75,gauge_zero
2026-08-14 13:10:00,2026-08-14T16:10:00Z,2.75,gauge_zero
2026-08-14 13:14:08,2026-08-14T16:14:08.219Z,2.7699999809265137,gauge_zero
2026-08-14 13:20:00,2026-08-14T16:20:00Z,2.77,gauge_zero
2026-08-14 13:24:23,2026-08-14T16:24:23.225Z,2.7699999809265137,gauge_zero
2026-08-14 13:30:00,2026-08-14T16:30:00Z,2.77,gauge_zero
2026-08-14 13:34:08,2026-08-14T16:34:08.221Z,2.7699999809265137,gauge_zero
2026-08-14 13:40:00,2026-08-14T16:40:00Z,2.76,gauge_zero
2026-08-14 13:44:08,2026-08-14T16:44:08.217Z,2.7699999809265137,gauge_zero
2026-08-14 13:50:00,2026-08-14T16:50:00Z,2.76,gauge_zero
2026-08-14 13:54:23,2026-08-14T16:54:23.225Z,2.75,gauge_zero
2026-08-14 14:00:00,2026-08-14T17:00:00Z,2.76,gauge_zero
2026-08-14 14:04:23,2026-08-14T17:04:23.212Z,2.75,gauge_zero
2026-08-14 14:10:00,2026-08-14T17:10:00Z,2.76,gauge_zero
2026-08-14 14:14:23,2026-08-14T17:14:23.246Z,2.75,gauge_zero
2026-08-14 14:20:00,2026-08-14T17:20:00Z,2.75,gauge_zero
2026-08-14 14:24:23,2026-08-14T17:24:23.212Z,2.75,gauge_zero
2026-08-14 14:30:00,2026-08-14T17:30:00Z,2.75,gauge_zero
2026-08-14 14:34:23,2026-08-14T17:34:23.21Z,2.75,gauge_zero
2026-08-14 14:40:00,2026-08-14T17:40:00Z,2.75,gauge_zero
2026-08-14 14:44:23,2026-08-14T17:44:23.304Z,2.75,gauge_zero
2026-08-14 14:50:00,2026-08-14T17:50:00Z,2.75,gauge_zero
2026-08-14 14:54:23,2026-08-14T17:54:23.216Z,2.75,gauge_zero
2026-08-14 15:00:00,2026-08-14T18:00:00Z,2.75,gauge_zero
2026-08-14 15:04:23,2026-08-14T18:04:23.21Z,2.75,gauge_zero
2026-08-14 15:10:00,2026-08-14T18:10:00Z,2.75,gauge_zero
2026-08-14 15:14:23,2026-08-14T18:14:23.206Z,2.75,gauge_zero
2026-08-14 15:20:00,2026-08-14T18:20:00Z,2.75,gauge_zero
2026-08-14 15:24:23,2026-08-14T18:24:23.227Z,2.75,gauge_zero
2026-08-14 15:30:00,2026-08-14T18:30:00Z,2.74,gauge_zero
2026-08-14 15:34:23,2026-08-14T18:34:23.221Z,2.75,gauge_zero
2026-08-14 15:40:00,2026-08-14T18:40:00Z,2.74,gauge_zero
2026-08-14 15:44:23,2026-08-14T18:44:23.206Z,2.75,gauge_zero
2026-08-14 15:50:00,2026-08-14T18:50:00Z,2.74,gauge_zero
2026-08-14 15:54:08,2026-08-14T18:54:08.224Z,2.75,gauge_zero
2026-08-14 16:00:00,2026-08-14T19:00:00Z,2.74,gauge_zero
2026-08-14 16:04:08,2026-08-14T19:04:08.212Z,2.7300000190734863,gauge_zero
2026-08-14 16:10:00,2026-08-14T19:10:00Z,2.74,gauge_zero
2026-08-14 16:14:23,2026-08-14T19:14:23.223Z,2.7300000190734863,gauge_zero
2026-08-14 16:20:00,2026-08-14T19:20:00Z,2.73,gauge_zero
2026-08-14 16:24:23,2026-08-14T19:24:23.232Z,2.7300000190734863,gauge_zero
2026-08-14 16:30:00,2026-08-14T19:30:00Z,2.73,gauge_zero
2026-08-14 16:34:23,2026-08-14T19:34:23.203Z,2.7300000190734863,gauge_zero
2026-08-14 16:40:00,2026-08-14T19:40:00Z,2.73,gauge_zero
2026-08-14 16:44:23,2026-08-14T19:44:23.219Z,2.7300000190734863,gauge_zero
2026-08-14 16:50:00,2026-08-14T19:50:00Z,2.73,gauge_zero
2026-08-14 16:54:23,2026-08-14T19:54:23.243Z,2.7300000190734863,gauge_zero
2026-08-14 17:00:00,2026-08-14T20:00:00Z,2.73,gauge_zero
2026-08-14 17:04:23,2026-08-14T20:04:23.212Z,2.7300000190734863,gauge_zero
2026-08-14 17:10:00,2026-08-14T20:10:00Z,2.73,gauge_zero
2026-08-14 17:14:23,2026-08-14T20:14:23.206Z,2.7300000190734863,gauge_zero
2026-08-14 17:20:00,2026-08-14T20:20:00Z,2.73,gauge_zero
2026-08-14 17:24:23,2026-08-14T20:24:23.235Z,2.7300000190734863,gauge_zero
2026-08-14 17:30:00,2026-08-14T20:30:00Z,2.72,gauge_zero
2026-08-14 17:34:23,2026-08-14T20:34:23.207Z,2.7300000190734863,gauge_zero
2026-08-14 17:40:00,2026-08-14T20:40:00Z,2.72,gauge_zero
2026-08-14 17:44:23,2026-08-14T20:44:23.208Z,2.7300000190734863,gauge_zero
2026-08-14 17:50:00,2026-08-14T20:50:00Z,2.72,gauge_zero
2026-08-14 17:54:23,2026-08-14T20:54:23.233Z,2.7300000190734863,gauge_zero
2026-08-14 18:00:00,2026-08-14T21:00:00Z,2.72,gauge_zero
2026-08-14 18:04:08,2026-08-14T21:04:08.208Z,2.7300000190734863,gauge_zero
2026-08-14 18:10:00,2026-08-14T21:10:00Z,2.72,gauge_zero
2026-08-14 18:14:23,2026-08-14T21:14:23.226Z,2.7300000190734863,gauge_zero
2026-08-14 18:20:00,2026-08-14T21:20:00Z,2.72,gauge_zero
2026-08-14 18:24:08,2026-08-14T21:24:08.218Z,2.7300000190734863,gauge_zero
2026-08-14 18:30:00,2026-08-14T21:30:00Z,2.72,gauge_zero
2026-08-14 18:34:23,2026-08-14T21:34:23.247Z,2.7300000190734863,gauge_zero
2026-08-14 18:40:00,2026-08-14T21:40:00Z,2.72,gauge_zero
2026-08-14 18:44:23,2026-08-14T21:44:23.217Z,2.7300000190734863,gauge_zero
2026-08-14 18:50:00,2026-08-14T21:50:00Z,2.72,gauge_zero
2026-08-14 18:54:23,2026-08-14T21:54:23.224Z,2.7100000381469727,gauge_zero
2026-08-14 19:00:00,2026-08-14T22:00:00Z,2.71,gauge_zero
2026-08-14 19:04:08,2026-08-14T22:04:08.256Z,2.7100000381469727,gauge_zero
2026-08-14 19:10:00,2026-08-14T22:10:00Z,2.71,gauge_zero
2026-08-14 19:14:08,2026-08-14T22:14:08.239Z,2.7100000381469727,gauge_zero
2026-08-14 19:20:00,2026-08-14T22:20:00Z,2.71,gauge_zero
2026-08-14 19:24:23,2026-08-14T22:24:23.237Z,2.7100000381469727,gauge_zero
2026-08-14 19:30:00,2026-08-14T22:30:00Z,2.71,gauge_zero
2026-08-14 19:34:08,2026-08-14T22:34:08.227Z,2.7100000381469727,gauge_zero
2026-08-14 19:40:00,2026-08-14T22:40:00Z,2.71,gauge_zero
2026-08-14 19:44:08,2026-08-14T22:44:08.219Z,2.7100000381469727,gauge_zero
2026-08-14 19:50:00,2026-08-14T22:50:00Z,2.71,gauge_zero
2026-08-14 19:54:23,2026-08-14T22:54:23.223Z,2.7100000381469727,gauge_zero
2026-08-14 20:00:00,2026-08-14T23:00:00Z,2.71,gauge_zero
2026-08-14 20:04:23,2026-08-14T23:04:23.258Z,2.7100000381469727,gauge_zero
2026-08-14 20:10:00,2026-08-14T23:10:00Z,2.71,gauge_zero
2026-08-14 20:14:23,2026-08-14T23:14:23.244Z,2.7100000381469727,gauge_zero
2026-08-14 20:20:00,2026-08-14T23:20:00Z,2.71,gauge_zero
2026-08-14 20:24:08,2026-08-14T23:24:08.277Z,2.7100000381469727,gauge_zero
2026-08-14 20:30:00,2026-08-14T23:30:00Z,2.7,gauge_zero
2026-08-14 20:34:23,2026-08-14T23:34:23.238Z,2.7100000381469727,gauge_zero
2026-08-14 20:40:00,2026-08-14T23:40:00Z,2.7,gauge_zero
2026-08-14 20:44:08,2026-08-14T23:44:08.273Z,2.7100000381469727,gauge_zero
2026-08-14 20:50:00,2026-08-14T23:50:00Z,2.7,gauge_zero
2026-08-14 20:54:23,2026-08-14T23:54:23.264Z,2.7100000381469727,gauge_zero
2026-08-14 21:00:00,2026-08-15T00:00:00Z,2.7,gauge_zero
2026-08-14 21:04:23,2026-08-15T00:04:23.225Z,2.7100000381469727,gauge_zero
2026-08-14 21:10:00,2026-08-15T00:10:00Z,2.7,gauge_zero
2026-08-14 21:14:23,2026-08-15T00:14:23.232Z,2.7100000381469727,gauge_zero
2026-08-14 21:20:00,2026-08-15T00:20:00Z,2.7,gauge_zero
2026-08-14 21:24:23,2026-08-15T00:24:23.265Z,2.7100000381469727,gauge_zero
2026-08-14 21:30:00,2026-08-15T00:30:00Z,2.71,gauge_zero
2026-08-14 21:34:23,2026-08-15T00:34:23.273Z,2.7300000190734863,gauge_zero
2026-08-14 21:40:00,2026-08-15T00:40:00Z,2.72,gauge_zero
2026-08-14 21:44:23,2026-08-15T00:44:23.24Z,2.75,gauge_zero
2026-08-14 21:50:00,2026-08-15T00:50:00Z,2.74,gauge_zero
2026-08-14 21:54:23,2026-08-15T00:54:23.238Z,2.7699999809265137,gauge_zero
2026-08-14 22:00:00,2026-08-15T01:00:00Z,2.76,gauge_zero
2026-08-14 22:04:23,2026-08-15T01:04:23.239Z,2.7699999809265137,gauge_zero
2026-08-14 22:10:00,2026-08-15T01:10:00Z,2.77,gauge_zero
2026-08-14 22:14:08,2026-08-15T01:14:08.338Z,2.7899999618530273,gauge_zero
2026-08-14 22:20:00,2026-08-15T01:20:00Z,2.79,gauge_zero
2026-08-14 22:24:23,2026-08-15T01:24:23.26Z,2.809999942779541,gauge_zero
2026-08-14 22:30:00,2026-08-15T01:30:00Z,2.81,gauge_zero
2026-08-14 22:34:23,2026-08-15T01:34:23.245Z,2.869999885559082,gauge_zero
2026-08-14 22:40:00,2026-08-15T01:40:00Z,2.85,gauge_zero
2026-08-14 22:44:23,2026-08-15T01:44:23.425Z,2.9200000762939453,gauge_zero
2026-08-14 22:50:00,2026-08-15T01:50:00Z,2.9,gauge_zero
2026-08-14 22:54:10,2026-08-15T01:54:10.882Z,2.950000047683716,gauge_zero
2026-08-14 23:00:00,2026-08-15T02:00:00Z,2.94,gauge_zero
2026-08-14 23:04:10,2026-08-15T02:04:10.846Z,2.9700000286102295,gauge_zero
2026-08-14 23:10:00,2026-08-15T02:10:00Z,2.96,gauge_zero
2026-08-14 23:14:10,2026-08-15T02:14:10.835Z,2.9700000286102295,gauge_zero
2026-08-14 23:20:00,2026-08-15T02:20:00Z,2.96,gauge_zero
2026-08-14 23:24:10,2026-08-15T02:24:10.998Z,2.9700000286102295,gauge_zero
2026-08-14 23:30:00,2026-08-15T02:30:00Z,2.96,gauge_zero
2026-08-14 23:34:10,2026-08-15T02:34:10.856Z,2.9600000381469727,gauge_zero
2026-08-14 23:40:00,2026-08-15T02:40:00Z,2.96,gauge_zero
2026-08-14 23:44:10,2026-08-15T02:44:10.978Z,2.9800000190734863,gauge_zero
2026-08-14 23:50:00,2026-08-15T02:50:00Z,2.97,gauge_zero
2026-08-14 23:54:10,2026-08-15T02:54:10.835Z,3,gauge_zero
2026-08-15 00:00:00,2026-08-15T03:00:00Z,3,gauge_zero
2026-08-15 00:04:10,2026-08-15T03:04:10.852Z,3.0399999618530273,gauge_zero
2026-08-15 00:10:00,2026-08-15T03:10:00Z,3.03,gauge_zero
2026-08-15 00:14:10,2026-08-15T03:14:10.865Z,3.059999942779541,gauge_zero
2026-08-15 00:20:00,2026-08-15T03:20:00Z,3.04,gauge_zero
2026-08-15 00:24:10,2026-08-15T03:24:10.847Z,3.0799999237060547,gauge_zero
2026-08-15 00:30:00,2026-08-15T03:30:00Z,3.07,gauge_zero
2026-08-15 00:34:10,2026-08-15T03:34:10.85Z,3.059999942779541,gauge_zero
2026-08-15 00:40:00,2026-08-15T03:40:00Z,3.06,gauge_zero
2026-08-15 00:44:10,2026-08-15T03:44:10.884Z,3.0799999237060547,gauge_zero
2026-08-15 00:50:00,2026-08-15T03:50:00Z,3.07,gauge_zero
2026-08-15 00:54:10,2026-08-15T03:54:10.846Z,3.0899999141693115,gauge_zero
2026-08-15 01:00:00,2026-08-15T04:00:00Z,3.09,gauge_zero
2026-08-15 01:04:10,2026-08-15T04:04:10.868Z,3.119999885559082,gauge_zero
2026-08-15 01:10:00,2026-08-15T04:10:00Z,3.12,gauge_zero
2026-08-15 01:14:10,2026-08-15T04:14:10.858Z,3.1600000858306885,gauge_zero
2026-08-15 01:20:00,2026-08-15T04:20:00Z,3.15,gauge_zero
2026-08-15 01:24:10,2026-08-15T04:24:10.83Z,3.1700000762939453,gauge_zero
2026-08-15 01:30:00,2026-08-15T04:30:00Z,3.17,gauge_zero
2026-08-15 01:34:10,2026-08-15T04:34:10.847Z,3.1700000762939453,gauge_zero
2026-08-15 01:40:00,2026-08-15T04:40:00Z,3.16,gauge_zero
2026-08-15 01:44:10,2026-08-15T04:44:10.836Z,3.140000104904175,gauge_zero
2026-08-15 01:50:00,2026-08-15T04:50:00Z,3.15,gauge_zero
2026-08-15 01:54:10,2026-08-15T04:54:10.84Z,3.180000066757202,gauge_zero
2026-08-15 02:00:00,2026-08-15T05:00:00Z,3.16,gauge_zero
2026-08-15 02:04:10,2026-08-15T05:04:10.836Z,3.180000066757202,gauge_zero
2026-08-15 02:10:00,2026-08-15T05:10:00Z,3.17,gauge_zero
2026-08-15 02:14:10,2026-08-15T05:14:10.855Z,3.1700000762939453,gauge_zero
2026-08-15 02:20:00,2026-08-15T05:20:00Z,3.17,gauge_zero
2026-08-15 02:24:10,2026-08-15T05:24:10.874Z,3.1700000762939453,gauge_zero
2026-08-15 02:30:00,2026-08-15T05:30:00Z,3.17,gauge_zero
2026-08-15 02:34:10,2026-08-15T05:34:10.851Z,3.190000057220459,gauge_zero
2026-08-15 02:40:00,2026-08-15T05:40:00Z,3.18,gauge_zero
2026-08-15 02:44:10,2026-08-15T05:44:10.848Z,3.180000066757202,gauge_zero
2026-08-15 02:50:00,2026-08-15T05:50:00Z,3.18,gauge_zero
2026-08-15 02:54:10,2026-08-15T05:54:10.851Z,3.190000057220459,gauge_zero
2026-08-15 03:00:00,2026-08-15T06:00:00Z,3.18,gauge_zero
2026-08-15 03:04:10,2026-08-15T06:04:10.885Z,3.190000057220459,gauge_zero
2026-08-15 03:10:00,2026-08-15T06:10:00Z,3.18,gauge_zero
2026-08-15 03:14:10,2026-08-15T06:14:10.871Z,3.1600000858306885,gauge_zero
2026-08-15 03:20:00,2026-08-15T06:20:00Z,3.16,gauge_zero
2026-08-15 03:24:10,2026-08-15T06:24:10.831Z,3.1500000953674316,gauge_zero
2026-08-15 03:30:00,2026-08-15T06:30:00Z,3.15,gauge_zero
2026-08-15 03:34:10,2026-08-15T06:34:10.839Z,3.1600000858306885,gauge_zero
2026-08-15 03:40:00,2026-08-15T06:40:00Z,3.15,gauge_zero
2026-08-15 03:44:10,2026-08-15T06:44:10.865Z,3.1600000858306885,gauge_zero
2026-08-15 03:50:00,2026-08-15T06:50:00Z,3.14,gauge_zero
2026-08-15 03:54:10,2026-08-15T06:54:10.853Z,3.1500000953674316,gauge_zero
2026-08-15 04:00:00,2026-08-15T07:00:00Z,3.13,gauge_zero
2026-08-15 04:04:25,2026-08-15T07:04:25.866Z,3.1500000953674316,gauge_zero
2026-08-15 04:10:00,2026-08-15T07:10:00Z,3.12,gauge_zero
2026-08-15 04:14:10,2026-08-15T07:14:10.85Z,3.140000104904175,gauge_zero
2026-08-15 04:20:00,2026-08-15T07:20:00Z,3.12,gauge_zero
2026-08-15 04:24:10,2026-08-15T07:24:10.981Z,3.140000104904175,gauge_zero
2026-08-15 04:30:00,2026-08-15T07:30:00Z,3.13,gauge_zero
2026-08-15 04:34:10,2026-08-15T07:34:10.878Z,3.119999885559082,gauge_zero
2026-08-15 04:40:00,2026-08-15T07:40:00Z,3.13,gauge_zero
2026-08-15 04:44:10,2026-08-15T07:44:10.843Z,3.0999999046325684,gauge_zero
2026-08-15 04:50:00,2026-08-15T07:50:00Z,3.12,gauge_zero
2026-08-15 04:54:10,2026-08-15T07:54:10.864Z,3.140000104904175,gauge_zero
2026-08-15 05:00:00,2026-08-15T08:00:00Z,3.12,gauge_zero
2026-08-15 05:04:10,2026-08-15T08:04:10.858Z,3.119999885559082,gauge_zero
2026-08-15 05:10:00,2026-08-15T08:10:00Z,3.12,gauge_zero
2026-08-15 05:14:10,2026-08-15T08:14:10.86Z,3.119999885559082,gauge_zero
2026-08-15 05:20:00,2026-08-15T08:20:00Z,3.11,gauge_zero
2026-08-15 05:24:10,2026-08-15T08:24:10.878Z,3.109999895095825,gauge_zero
2026-08-15 05:30:00,2026-08-15T08:30:00Z,3.09,gauge_zero
2026-08-15 05:34:10,2026-08-15T08:34:10.865Z,3.0899999141693115,gauge_zero
2026-08-15 05:40:00,2026-08-15T08:40:00Z,3.07,gauge_zero
2026-08-15 05:44:10,2026-08-15T08:44:10.873Z,3.069999933242798,gauge_zero
2026-08-15 05:50:00,2026-08-15T08:50:00Z,3.06,gauge_zero
2026-08-15 05:54:10,2026-08-15T08:54:10.849Z,3.049999952316284,gauge_zero
2026-08-15 06:00:00,2026-08-15T09:00:00Z,3.05,gauge_zero
2026-08-15 06:04:11,2026-08-15T09:04:11.027Z,3.049999952316284,gauge_zero
2026-08-15 06:10:00,2026-08-15T09:10:00Z,3.03,gauge_zero
2026-08-15 06:14:10,2026-08-15T09:14:10.856Z,3.0299999713897705,gauge_zero
2026-08-15 06:20:00,2026-08-15T09:20:00Z,3.02,gauge_zero
2026-08-15 06:24:10,2026-08-15T09:24:10.853Z,3.009999990463257,gauge_zero
2026-08-15 06:30:00,2026-08-15T09:30:00Z,3.01,gauge_zero
2026-08-15 06:34:10,2026-08-15T09:34:10.852Z,3.009999990463257,gauge_zero
2026-08-15 06:40:00,2026-08-15T09:40:00Z,3,gauge_zero
2026-08-15 06:44:10,2026-08-15T09:44:10.867Z,3.009999990463257,gauge_zero
2026-08-15 06:50:00,2026-08-15T09:50:00Z,3,gauge_zero
2026-08-15 06:54:10,2026-08-15T09:54:10.873Z,3.009999990463257,gauge_zero
2026-08-15 07:00:00,2026-08-15T10:00:00Z,3,gauge_zero
2026-08-15 07:04:10,2026-08-15T10:04:10.861Z,2.990000009536743,gauge_zero
2026-08-15 07:10:00,2026-08-15T10:10:00Z,2.98,gauge_zero
2026-08-15 07:14:10,2026-08-15T10:14:10.847Z,2.990000009536743,gauge_zero
2026-08-15 07:20:00,2026-08-15T10:20:00Z,2.98,gauge_zero
2026-08-15 07:24:10,2026-08-15T10:24:10.852Z,2.990000009536743,gauge_zero
2026-08-15 07:30:00,2026-08-15T10:30:00Z,2.98,gauge_zero
2026-08-15 07:34:10,2026-08-15T10:34:10.873Z,2.990000009536743,gauge_zero
2026-08-15 07:40:00,2026-08-15T10:40:00Z,2.98,gauge_zero
2026-08-15 07:44:10,2026-08-15T10:44:10.922Z,2.990000009536743,gauge_zero
2026-08-15 07:50:00,2026-08-15T10:50:00Z,2.97,gauge_zero
2026-08-15 07:54:10,2026-08-15T10:54:10.9Z,2.990000009536743,gauge_zero
2026-08-15 08:00:00,2026-08-15T11:00:00Z,2.97,gauge_zero
2026-08-15 08:04:10,2026-08-15T11:04:10.878Z,2.9700000286102295,gauge_zero
2026-08-15 08:10:00,2026-08-15T11:10:00Z,2.97,gauge_zero
2026-08-15 08:14:10,2026-08-15T11:14:10.85Z,2.9700000286102295,gauge_zero
2026-08-15 08:20:00,2026-08-15T11:20:00Z,2.97,gauge_zero
2026-08-15 08:24:10,2026-08-15T11:24:10.871Z,2.950000047683716,gauge_zero
2026-08-15 08:30:00,2026-08-15T11:30:00Z,2.95,gauge_zero
2026-08-15 08:34:10,2026-08-15T11:34:10.863Z,2.950000047683716,gauge_zero
2026-08-15 08:40:00,2026-08-15T11:40:00Z,2.94,gauge_zero
2026-08-15 08:44:10,2026-08-15T11:44:10.854Z,2.930000066757202,gauge_zero
2026-08-15 08:50:00,2026-08-15T11:50:00Z,2.92,gauge_zero
2026-08-15 08:54:10,2026-08-15T11:54:10.875Z,2.950000047683716,gauge_zero
2026-08-15 09:00:00,2026-08-15T12:00:00Z,2.93,gauge_zero
2026-08-15 09:04:10,2026-08-15T12:04:10.853Z,2.9700000286102295,gauge_zero
2026-08-15 09:10:00,2026-08-15T12:10:00Z,2.96,gauge_zero
2026-08-15 09:14:10,2026-08-15T12:14:10.888Z,2.950000047683716,gauge_zero
2026-08-15 09:20:00,2026-08-15T12:20:00Z,2.94,gauge_zero
2026-08-15 09:24:10,2026-08-15T12:24:10.857Z,2.930000066757202,gauge_zero
2026-08-15 09:30:00,2026-08-15T12:30:00Z,2.92,gauge_zero
2026-08-15 09:34:10,2026-08-15T12:34:10.856Z,2.950000047683716,gauge_zero
2026-08-15 09:40:00,2026-08-15T12:40:00Z,2.93,gauge_zero
2026-08-15 09:44:10,2026-08-15T12:44:10.869Z,2.950000047683716,gauge_zero
2026-08-15 09:50:00,2026-08-15T12:50:00Z,2.94,gauge_zero
2026-08-15 09:54:10,2026-08-15T12:54:10.866Z,2.930000066757202,gauge_zero
2026-08-15 10:00:00,2026-08-15T13:00:00Z,2.92,gauge_zero
2026-08-15 10:04:10,2026-08-15T13:04:10.878Z,2.9100000858306885,gauge_zero
2026-08-15 10:10:00,2026-08-15T13:10:00Z,2.91,gauge_zero
2026-08-15 10:14:10,2026-08-15T13:14:10.927Z,2.9100000858306885,gauge_zero
2026-08-15 10:20:00,2026-08-15T13:20:00Z,2.91,gauge_zero
2026-08-15 10:24:10,2026-08-15T13:24:10.896Z,2.9100000858306885,gauge_zero
2026-08-15 10:30:00,2026-08-15T13:30:00Z,2.9,gauge_zero
2026-08-15 10:34:10,2026-08-15T13:34:10.887Z,2.9100000858306885,gauge_zero
2026-08-15 10:40:00,2026-08-15T13:40:00Z,2.9,gauge_zero
2026-08-15 10:44:10,2026-08-15T13:44:10.867Z,2.9100000858306885,gauge_zero
2026-08-15 10:50:00,2026-08-15T13:50:00Z,2.9,gauge_zero
2026-08-15 10:54:10,2026-08-15T13:54:10.877Z,2.890000104904175,gauge_zero
2026-08-15 11:00:00,2026-08-15T14:00:00Z,2.89,gauge_zero
2026-08-15 11:04:10,2026-08-15T14:04:10.893Z,2.890000104904175,gauge_zero
2026-08-15 11:10:00,2026-08-15T14:10:00Z,2.89,gauge_zero
2026-08-15 11:14:10,2026-08-15T14:14:10.861Z,2.890000104904175,gauge_zero
2026-08-15 11:20:00,2026-08-15T14:20:00Z,2.88,gauge_zero
2026-08-15 11:24:10,2026-08-15T14:24:10.87Z,2.890000104904175,gauge_zero
2026-08-15 11:30:00,2026-08-15T14:30:00Z,2.88,gauge_zero
2026-08-15 11:34:10,2026-08-15T14:34:10.878Z,2.880000114440918,gauge_zero
2026-08-15 11:40:00,2026-08-15T14:40:00Z,2.87,gauge_zero
2026-08-15 11:44:10,2026-08-15T14:44:10.873Z,2.880000114440918,gauge_zero
2026-08-15 11:50:00,2026-08-15T14:50:00Z,2.87,gauge_zero
2026-08-15 11:54:11,2026-08-15T14:54:11.08Z,2.869999885559082,gauge_zero
2026-08-15 12:00:00,2026-08-15T15:00:00Z,2.86,gauge_zero
2026-08-15 12:04:10,2026-08-15T15:04:10.866Z,2.869999885559082,gauge_zero
2026-08-15 12:10:00,2026-08-15T15:10:00Z,2.86,gauge_zero
2026-08-15 12:14:10,2026-08-15T15:14:10.879Z,2.869999885559082,gauge_zero
2026-08-15 12:20:00,2026-08-15T15:20:00Z,2.86,gauge_zero
2026-08-15 12:24:10,2026-08-15T15:24:10.874Z,2.869999885559082,gauge_zero
2026-08-15 12:30:00,2026-08-15T15:30:00Z,2.85,gauge_zero
2026-08-15 12:34:10,2026-08-15T15:34:10.896Z,2.8499999046325684,gauge_zero
2026-08-15 12:40:00,2026-08-15T15:40:00Z,2.85,gauge_zero
2026-08-15 12:44:10,2026-08-15T15:44:10.915Z,2.8499999046325684,gauge_zero
2026-08-15 12:50:00,2026-08-15T15:50:00Z,2.84,gauge_zero
2026-08-15 12:54:10,2026-08-15T15:54:10.876Z,2.8499999046325684,gauge_zero
2026-08-15 13:00:00,2026-08-15T16:00:00Z,2.84,gauge_zero
2026-08-15 13:04:10,2026-08-15T16:04:10.903Z,2.8499999046325684,gauge_zero
2026-08-15 13:10:00,2026-08-15T16:10:00Z,2.84,gauge_zero
2026-08-15 13:14:10,2026-08-15T16:14:10.898Z,2.8499999046325684,gauge_zero
2026-08-15 13:20:00,2026-08-15T16:20:00Z,2.84,gauge_zero
2026-08-15 13:24:10,2026-08-15T16:24:10.889Z,2.8499999046325684,gauge_zero
2026-08-15 13:30:00,2026-08-15T16:30:00Z,2.84,gauge_zero
2026-08-15 13:34:10,2026-08-15T16:34:10.91Z,2.8299999237060547,gauge_zero
2026-08-15 13:40:00,2026-08-15T16:40:00Z,2.84,gauge_zero
2026-08-15 13:44:10,2026-08-15T16:44:10.87Z,2.8299999237060547,gauge_zero
2026-08-15 13:50:00,2026-08-15T16:50:00Z,2.83,gauge_zero
2026-08-15 13:54:10,2026-08-15T16:54:10.895Z,2.8299999237060547,gauge_zero
2026-08-15 14:00:00,2026-08-15T17:00:00Z,2.83,gauge_zero
2026-08-15 14:04:10,2026-08-15T17:04:10.901Z,2.8299999237060547,gauge_zero
2026-08-15 14:10:00,2026-08-15T17:10:00Z,2.83,gauge_zero
2026-08-15 14:14:10,2026-08-15T17:14:10.927Z,2.8299999237060547,gauge_zero
2026-08-15 14:17:55,2026-08-15T17:17:55.899Z,2.8299999237060547,gauge_zero
2026-08-15 14:20:00,2026-08-15T17:20:00Z,2.82,gauge_zero
2026-08-15 14:27:55,2026-08-15T17:27:55.886Z,2.8299999237060547,gauge_zero
2026-08-15 14:30:00,2026-08-15T17:30:00Z,2.82,gauge_zero
2026-08-15 14:37:56,2026-08-15T17:37:56.215Z,2.8299999237060547,gauge_zero
2026-08-15 14:40:00,2026-08-15T17:40:00Z,2.82,gauge_zero
2026-08-15 14:47:55,2026-08-15T17:47:55.893Z,2.809999942779541,gauge_zero
2026-08-15 14:50:00,2026-08-15T17:50:00Z,2.81,gauge_zero
2026-08-15 14:57:55,2026-08-15T17:57:55.884Z,2.8299999237060547,gauge_zero
2026-08-15 15:00:00,2026-08-15T18:00:00Z,2.81,gauge_zero
2026-08-15 15:07:55,2026-08-15T18:07:55.865Z,2.809999942779541,gauge_zero
2026-08-15 15:10:00,2026-08-15T18:10:00Z,2.81,gauge_zero
2026-08-15 15:17:55,2026-08-15T18:17:55.884Z,2.809999942779541,gauge_zero
2026-08-15 15:20:00,2026-08-15T18:20:00Z,2.81,gauge_zero
2026-08-15 15:27:55,2026-08-15T18:27:55.893Z,2.7899999618530273,gauge_zero
2026-08-15 15:30:00,2026-08-15T18:30:00Z,2.79,gauge_zero
2026-08-15 15:37:55,2026-08-15T18:37:55.886Z,2.809999942779541,gauge_zero
2026-08-15 15:40:00,2026-08-15T18:40:00Z,2.8,gauge_zero
2026-08-15 15:47:55,2026-08-15T18:47:55.897Z,2.809999942779541,gauge_zero
2026-08-15 15:50:00,2026-08-15T18:50:00Z,2.81,gauge_zero
2026-08-15 15:57:55,2026-08-15T18:57:55.879Z,2.809999942779541,gauge_zero
2026-08-15 16:00:00,2026-08-15T19:00:00Z,2.81,gauge_zero
2026-08-15 16:07:55,2026-08-15T19:07:55.876Z,2.809999942779541,gauge_zero
2026-08-15 16:10:00,2026-08-15T19:10:00Z,2.8,gauge_zero
2026-08-15 16:17:55,2026-08-15T19:17:55.888Z,2.809999942779541,gauge_zero
2026-08-15 16:20:00,2026-08-15T19:20:00Z,2.8,gauge_zero
2026-08-15 16:27:55,2026-08-15T19:27:55.942Z,2.809999942779541,gauge_zero
2026-08-15 16:30:00,2026-08-15T19:30:00Z,2.8,gauge_zero
2026-08-15 16:37:55,2026-08-15T19:37:55.944Z,2.7899999618530273,gauge_zero
2026-08-15 16:40:00,2026-08-15T19:40:00Z,2.79,gauge_zero
2026-08-15 16:47:55,2026-08-15T19:47:55.878Z,2.7899999618530273,gauge_zero
2026-08-15 16:50:00,2026-08-15T19:50:00Z,2.79,gauge_zero
2026-08-15 16:57:55,2026-08-15T19:57:55.906Z,2.7899999618530273,gauge_zero
2026-08-15 17:00:00,2026-08-15T20:00:00Z,2.79,gauge_zero
2026-08-15 17:07:55,2026-08-15T20:07:55.878Z,2.7899999618530273,gauge_zero
2026-08-15 17:10:00,2026-08-15T20:10:00Z,2.79,gauge_zero
2026-08-15 17:17:55,2026-08-15T20:17:55.921Z,2.7899999618530273,gauge_zero
2026-08-15 17:20:00,2026-08-15T20:20:00Z,2.79,gauge_zero
2026-08-15 17:27:55,2026-08-15T20:27:55.904Z,2.7899999618530273,gauge_zero
2026-08-15 17:30:00,2026-08-15T20:30:00Z,2.79,gauge_zero
2026-08-15 17:37:55,2026-08-15T20:37:55.913Z,2.7899999618530273,gauge_zero
2026-08-15 17:40:00,2026-08-15T20:40:00Z,2.79,gauge_zero
2026-08-15 17:47:55,2026-08-15T20:47:55.934Z,2.7899999618530273,gauge_zero
2026-08-15 17:50:00,2026-08-15T20:50:00Z,2.79,gauge_zero
2026-08-15 17:57:55,2026-08-15T20:57:55.88Z,2.7899999618530273,gauge_zero
2026-08-15 18:00:00,2026-08-15T21:00:00Z,2.79,gauge_zero
2026-08-15 18:07:55,2026-08-15T21:07:55.905Z,2.7899999618530273,gauge_zero
2026-08-15 18:10:00,2026-08-15T21:10:00Z,2.78,gauge_zero
2026-08-15 18:17:55,2026-08-15T21:17:55.898Z,2.7899999618530273,gauge_zero
2026-08-15 18:20:00,2026-08-15T21:20:00Z,2.79,gauge_zero
2026-08-15 18:27:56,2026-08-15T21:27:56.126Z,2.7699999809265137,gauge_zero
2026-08-15 18:30:00,2026-08-15T21:30:00Z,2.77,gauge_zero
2026-08-15 18:37:55,2026-08-15T21:37:55.914Z,2.7899999618530273,gauge_zero
2026-08-15 18:40:00,2026-08-15T21:40:00Z,2.77,gauge_zero
2026-08-15 18:47:55,2026-08-15T21:47:55.91Z,2.7899999618530273,gauge_zero
2026-08-15 18:50:00,2026-08-15T21:50:00Z,2.79,gauge_zero
2026-08-15 18:57:55,2026-08-15T21:57:55.919Z,2.7699999809265137,gauge_zero
2026-08-15 19:00:00,2026-08-15T22:00:00Z,2.78,gauge_zero
2026-08-15 19:07:55,2026-08-15T22:07:55.917Z,2.7699999809265137,gauge_zero
2026-08-15 19:10:00,2026-08-15T22:10:00Z,2.78,gauge_zero
2026-08-15 19:17:55,2026-08-15T22:17:55.882Z,2.7699999809265137,gauge_zero
2026-08-15 19:20:00,2026-08-15T22:20:00Z,2.77,gauge_zero
2026-08-15 19:27:55,2026-08-15T22:27:55.925Z,2.7699999809265137,gauge_zero
2026-08-15 19:30:00,2026-08-15T22:30:00Z,2.77,gauge_zero
2026-08-15 19:37:55,2026-08-15T22:37:55.906Z,2.7699999809265137,gauge_zero
2026-08-15 19:40:00,2026-08-15T22:40:00Z,2.77,gauge_zero
2026-08-15 19:47:55,2026-08-15T22:47:55.917Z,2.7699999809265137,gauge_zero
2026-08-15 19:50:00,2026-08-15T22:50:00Z,2.77,gauge_zero
2026-08-15 19:57:55,2026-08-15T22:57:55.93Z,2.7699999809265137,gauge_zero
2026-08-15 20:00:00,2026-08-15T23:00:00Z,2.77,gauge_zero
2026-08-15 20:07:55,2026-08-15T23:07:55.895Z,2.7699999809265137,gauge_zero
2026-08-15 20:10:00,2026-08-15T23:10:00Z,2.77,gauge_zero
2026-08-15 20:17:55,2026-08-15T23:17:55.888Z,2.7699999809265137,gauge_zero
2026-08-15 20:20:00,2026-08-15T23:20:00Z,2.76,gauge_zero
2026-08-15 20:27:55,2026-08-15T23:27:55.933Z,2.7699999809265137,gauge_zero
2026-08-15 20:30:00,2026-08-15T23:30:00Z,2.77,gauge_zero
2026-08-15 20:37:55,2026-08-15T23:37:55.916Z,2.7699999809265137,gauge_zero
2026-08-15 20:40:00,2026-08-15T23:40:00Z,2.76,gauge_zero
2026-08-15 20:47:55,2026-08-15T23:47:55.903Z,2.7699999809265137,gauge_zero
2026-08-15 20:50:00,2026-08-15T23:50:00Z,2.76,gauge_zero
2026-08-15 20:57:55,2026-08-15T23:57:55.905Z,2.7699999809265137,gauge_zero
2026-08-15 21:00:00,2026-08-16T00:00:00Z,2.76,gauge_zero
2026-08-15 21:07:55,2026-08-16T00:07:55.913Z,2.7699999809265137,gauge_zero
2026-08-15 21:10:00,2026-08-16T00:10:00Z,2.76,gauge_zero
2026-08-15 21:17:55,2026-08-16T00:17:55.913Z,2.75,gauge_zero
2026-08-15 21:20:00,2026-08-16T00:20:00Z,2.75,gauge_zero
2026-08-15 21:27:55,2026-08-16T00:27:55.899Z,2.75,gauge_zero
2026-08-15 21:30:00,2026-08-16T00:30:00Z,2.75,gauge_zero
2026-08-15 21:37:55,2026-08-16T00:37:55.904Z,2.75,gauge_zero
2026-08-15 21:40:00,2026-08-16T00:40:00Z,2.75,gauge_zero
2026-08-15 21:47:55,2026-08-16T00:47:55.928Z,2.75,gauge_zero
2026-08-15 21:50:00,2026-08-16T00:50:00Z,2.75,gauge_zero
2026-08-15 21:57:56,2026-08-16T00:57:56.232Z,2.75,gauge_zero
2026-08-15 22:00:00,2026-08-16T01:00:00Z,2.75,gauge_zero
2026-08-15 22:07:55,2026-08-16T01:07:55.929Z,2.75,gauge_zero
2026-08-15 22:10:00,2026-08-16T01:10:00Z,2.75,gauge_zero
2026-08-15 22:17:55,2026-08-16T01:17:55.939Z,2.75,gauge_zero
2026-08-15 22:20:00,2026-08-16T01:20:00Z,2.75,gauge_zero
2026-08-15 22:27:55,2026-08-16T01:27:55.907Z,2.75,gauge_zero
2026-08-15 22:30:00,2026-08-16T01:30:00Z,2.75,gauge_zero
2026-08-15 22:37:55,2026-08-16T01:37:55.954Z,2.75,gauge_zero
2026-08-15 22:40:00,2026-08-16T01:40:00Z,2.74,gauge_zero
2026-08-15 22:47:55,2026-08-16T01:47:55.912Z,2.75,gauge_zero
2026-08-15 22:50:00,2026-08-16T01:50:00Z,2.74,gauge_zero
2026-08-15 22:57:55,2026-08-16T01:57:55.946Z,2.75,gauge_zero
2026-08-15 23:00:00,2026-08-16T02:00:00Z,2.74,gauge_zero
2026-08-15 23:07:55,2026-08-16T02:07:55.912Z,2.75,gauge_zero
2026-08-15 23:10:00,2026-08-16T02:10:00Z,2.75,gauge_zero
2026-08-15 23:17:55,2026-08-16T02:17:55.907Z,2.75,gauge_zero
2026-08-15 23:20:00,2026-08-16T02:20:00Z,2.75,gauge_zero
2026-08-15 23:27:55,2026-08-16T02:27:55.999Z,2.75,gauge_zero
2026-08-15 23:30:00,2026-08-16T02:30:00Z,2.74,gauge_zero
2026-08-15 23:37:55,2026-08-16T02:37:55.905Z,2.75,gauge_zero
2026-08-15 23:40:00,2026-08-16T02:40:00Z,2.74,gauge_zero
2026-08-15 23:48:10,2026-08-16T02:48:10.92Z,2.75,gauge_zero
2026-08-15 23:50:00,2026-08-16T02:50:00Z,2.74,gauge_zero
2026-08-15 23:57:55,2026-08-16T02:57:55.919Z,2.75,gauge_zero
2026-08-16 00:00:00,2026-08-16T03:00:00Z,2.74,gauge_zero
2026-08-16 00:07:55,2026-08-16T03:07:55.926Z,2.75,gauge_zero
2026-08-16 00:10:00,2026-08-16T03:10:00Z,2.74,gauge_zero
2026-08-16 00:17:55,2026-08-16T03:17:55.917Z,2.7300000190734863,gauge_zero
2026-08-16 00:20:00,2026-08-16T03:20:00Z,2.73,gauge_zero
2026-08-16 00:27:55,2026-08-16T03:27:55.944Z,2.7300000190734863,gauge_zero
2026-08-16 00:30:00,2026-08-16T03:30:00Z,2.73,gauge_zero
2026-08-16 00:37:55,2026-08-16T03:37:55.99Z,2.7300000190734863,gauge_zero
2026-08-16 00:40:00,2026-08-16T03:40:00Z,2.73,gauge_zero
2026-08-16 00:47:55,2026-08-16T03:47:55.932Z,2.7300000190734863,gauge_zero
2026-08-16 00:50:00,2026-08-16T03:50:00Z,2.73,gauge_zero
2026-08-16 00:57:55,2026-08-16T03:57:55.917Z,2.7300000190734863,gauge_zero
2026-08-16 01:00:00,2026-08-16T04:00:00Z,2.73,gauge_zero
2026-08-16 01:07:55,2026-08-16T04:07:55.93Z,2.7300000190734863,gauge_zero
2026-08-16 01:10:00,2026-08-16T04:10:00Z,2.73,gauge_zero
2026-08-16 01:17:55,2026-08-16T04:17:55.922Z,2.7300000190734863,gauge_zero
2026-08-16 01:20:00,2026-08-16T04:20:00Z,2.73,gauge_zero
2026-08-16 01:28:10,2026-08-16T04:28:10.926Z,2.7300000190734863,gauge_zero
2026-08-16 01:30:00,2026-08-16T04:30:00Z,2.72,gauge_zero
2026-08-16 01:37:55,2026-08-16T04:37:55.928Z,2.7300000190734863,gauge_zero
2026-08-16 01:40:00,2026-08-16T04:40:00Z,2.73,gauge_zero
2026-08-16 01:47:55,2026-08-16T04:47:55.913Z,2.7300000190734863,gauge_zero
2026-08-16 01:50:00,2026-08-16T04:50:00Z,2.73,gauge_zero
2026-08-16 02:00:00,2026-08-16T05:00:00Z,2.73,gauge_zero
2026-08-16 02:05:40,2026-08-16T05:05:40.921Z,2.7300000190734863,gauge_zero
2026-08-16 02:10:00,2026-08-16T05:10:00Z,2.73,gauge_zero
2026-08-16 02:15:40,2026-08-16T05:15:40.942Z,2.7300000190734863,gauge_zero
2026-08-16 02:20:00,2026-08-16T05:20:00Z,2.72,gauge_zero
2026-08-16 02:25:40,2026-08-16T05:25:40.961Z,2.7300000190734863,gauge_zero
2026-08-16 02:30:00,2026-08-16T05:30:00Z,2.72,gauge_zero
2026-08-16 02:35:41,2026-08-16T05:35:41.005Z,2.7300000190734863,gauge_zero
2026-08-16 02:40:00,2026-08-16T05:40:00Z,2.72,gauge_zero
2026-08-16 02:45:40,2026-08-16T05:45:40.916Z,2.7300000190734863,gauge_zero
2026-08-16 02:50:00,2026-08-16T05:50:00Z,2.73,gauge_zero
2026-08-16 02:55:40,2026-08-16T05:55:40.922Z,2.7300000190734863,gauge_zero
2026-08-16 03:00:00,2026-08-16T06:00:00Z,2.72,gauge_zero
2026-08-16 03:05:40,2026-08-16T06:05:40.941Z,2.7300000190734863,gauge_zero
2026-08-16 03:10:00,2026-08-16T06:10:00Z,2.73,gauge_zero
2026-08-16 03:15:40,2026-08-16T06:15:40.939Z,2.7300000190734863,gauge_zero
2026-08-16 03:20:00,2026-08-16T06:20:00Z,2.72,gauge_zero
2026-08-16 03:25:40,2026-08-16T06:25:40.928Z,2.7300000190734863,gauge_zero
2026-08-16 03:30:00,2026-08-16T06:30:00Z,2.72,gauge_zero
2026-08-16 03:35:40,2026-08-16T06:35:40.92Z,2.7300000190734863,gauge_zero
2026-08-16 03:40:00,2026-08-16T06:40:00Z,2.72,gauge_zero
2026-08-16 03:45:40,2026-08-16T06:45:40.927Z,2.7300000190734863,gauge_zero
2026-08-16 03:50:00,2026-08-16T06:50:00Z,2.72,gauge_zero
2026-08-16 03:55:40,2026-08-16T06:55:40.934Z,2.7300000190734863,gauge_zero
2026-08-16 04:00:00,2026-08-16T07:00:00Z,2.72,gauge_zero
2026-08-16 04:05:40,2026-08-16T07:05:40.928Z,2.7300000190734863,gauge_zero
2026-08-16 04:10:00,2026-08-16T07:10:00Z,2.72,gauge_zero
2026-08-16 04:15:40,2026-08-16T07:15:40.924Z,2.7300000190734863,gauge_zero
2026-08-16 04:20:00,2026-08-16T07:20:00Z,2.72,gauge_zero
2026-08-16 04:25:40,2026-08-16T07:25:40.969Z,2.7100000381469727,gauge_zero
2026-08-16 04:30:00,2026-08-16T07:30:00Z,2.71,gauge_zero
2026-08-16 04:35:40,2026-08-16T07:35:40.948Z,2.7100000381469727,gauge_zero
2026-08-16 04:40:00,2026-08-16T07:40:00Z,2.71,gauge_zero
2026-08-16 04:45:40,2026-08-16T07:45:40.985Z,2.7100000381469727,gauge_zero
2026-08-16 04:50:00,2026-08-16T07:50:00Z,2.71,gauge_zero
2026-08-16 04:55:40,2026-08-16T07:55:40.931Z,2.7100000381469727,gauge_zero
2026-08-16 05:00:00,2026-08-16T08:00:00Z,2.71,gauge_zero
2026-08-16 05:05:40,2026-08-16T08:05:40.916Z,2.7100000381469727,gauge_zero
2026-08-16 05:10:00,2026-08-16T08:10:00Z,2.71,gauge_zero
2026-08-16 05:15:40,2026-08-16T08:15:40.938Z,2.7100000381469727,gauge_zero
2026-08-16 05:20:00,2026-08-16T08:20:00Z,2.71,gauge_zero
2026-08-16 05:25:40,2026-08-16T08:25:40.943Z,2.7100000381469727,gauge_zero
2026-08-16 05:30:00,2026-08-16T08:30:00Z,2.7,gauge_zero
2026-08-16 05:35:40,2026-08-16T08:35:40.942Z,2.690000057220459,gauge_zero
2026-08-16 05:40:00,2026-08-16T08:40:00Z,2.69,gauge_zero
2026-08-16 05:45:40,2026-08-16T08:45:40.991Z,2.7300000190734863,gauge_zero
2026-08-16 05:50:00,2026-08-16T08:50:00Z,2.72,gauge_zero
2026-08-16 05:55:40,2026-08-16T08:55:40.938Z,2.7300000190734863,gauge_zero
2026-08-16 06:00:00,2026-08-16T09:00:00Z,2.72,gauge_zero
2026-08-16 06:05:40,2026-08-16T09:05:40.936Z,2.7100000381469727,gauge_zero
2026-08-16 06:10:00,2026-08-16T09:10:00Z,2.71,gauge_zero
2026-08-16 06:15:40,2026-08-16T09:15:40.926Z,2.7100000381469727,gauge_zero
2026-08-16 06:20:00,2026-08-16T09:20:00Z,2.71,gauge_zero
2026-08-16 06:25:40,2026-08-16T09:25:40.933Z,2.7100000381469727,gauge_zero
2026-08-16 06:30:00,2026-08-16T09:30:00Z,2.71,gauge_zero
2026-08-16 06:35:40,2026-08-16T09:35:40.928Z,2.7100000381469727,gauge_zero
2026-08-16 06:40:00,2026-08-16T09:40:00Z,2.71,gauge_zero
2026-08-16 06:45:40,2026-08-16T09:45:40.971Z,2.7100000381469727,gauge_zero
2026-08-16 06:50:00,2026-08-16T09:50:00Z,2.71,gauge_zero
2026-08-16 06:55:40,2026-08-16T09:55:40.934Z,2.7100000381469727,gauge_zero
2026-08-16 07:00:00,2026-08-16T10:00:00Z,2.71,gauge_zero
2026-08-16 07:05:40,2026-08-16T10:05:40.944Z,2.7100000381469727,gauge_zero
2026-08-16 07:10:00,2026-08-16T10:10:00Z,2.7,gauge_zero
2026-08-16 07:15:40,2026-08-16T10:15:40.928Z,2.7100000381469727,gauge_zero
2026-08-16 07:20:00,2026-08-16T10:20:00Z,2.7,gauge_zero
2026-08-16 07:25:40,2026-08-16T10:25:40.943Z,2.7100000381469727,gauge_zero
2026-08-16 07:30:00,2026-08-16T10:30:00Z,2.7,gauge_zero
2026-08-16 07:35:41,2026-08-16T10:35:41.05Z,2.7100000381469727,gauge_zero
2026-08-16 07:40:00,2026-08-16T10:40:00Z,2.71,gauge_zero
2026-08-16 07:45:40,2026-08-16T10:45:40.941Z,2.7100000381469727,gauge_zero
2026-08-16 07:50:00,2026-08-16T10:50:00Z,2.7,gauge_zero
2026-08-16 07:55:40,2026-08-16T10:55:40.956Z,2.7100000381469727,gauge_zero
2026-08-16 08:00:00,2026-08-16T11:00:00Z,2.7,gauge_zero
2026-08-16 08:05:40,2026-08-16T11:05:40.921Z,2.7100000381469727,gauge_zero
2026-08-16 08:10:00,2026-08-16T11:10:00Z,2.7,gauge_zero
2026-08-16 08:15:40,2026-08-16T11:15:40.956Z,2.7100000381469727,gauge_zero
2026-08-16 08:20:00,2026-08-16T11:20:00Z,2.7,gauge_zero
2026-08-16 08:25:40,2026-08-16T11:25:40.942Z,2.7100000381469727,gauge_zero
2026-08-16 08:30:00,2026-08-16T11:30:00Z,2.7,gauge_zero
2026-08-16 08:35:40,2026-08-16T11:35:40.958Z,2.7100000381469727,gauge_zero
2026-08-16 08:40:00,2026-08-16T11:40:00Z,2.7,gauge_zero
2026-08-16 08:45:40,2026-08-16T11:45:40.955Z,2.690000057220459,gauge_zero
2026-08-16 08:50:00,2026-08-16T11:50:00Z,2.7,gauge_zero
2026-08-16 08:55:40,2026-08-16T11:55:40.972Z,2.690000057220459,gauge_zero
2026-08-16 09:00:00,2026-08-16T12:00:00Z,2.69,gauge_zero
2026-08-16 09:05:40,2026-08-16T12:05:40.964Z,2.690000057220459,gauge_zero
2026-08-16 09:10:00,2026-08-16T12:10:00Z,2.69,gauge_zero
2026-08-16 09:15:40,2026-08-16T12:15:40.936Z,2.690000057220459,gauge_zero
2026-08-16 09:20:00,2026-08-16T12:20:00Z,2.69,gauge_zero
2026-08-16 09:25:40,2026-08-16T12:25:40.953Z,2.6700000762939453,gauge_zero
2026-08-16 09:30:00,2026-08-16T12:30:00Z,2.67,gauge_zero
2026-08-16 09:35:40,2026-08-16T12:35:40.958Z,2.6700000762939453,gauge_zero
2026-08-16 09:40:00,2026-08-16T12:40:00Z,2.65,gauge_zero
2026-08-16 09:45:40,2026-08-16T12:45:40.948Z,2.7100000381469727,gauge_zero
2026-08-16 09:50:00,2026-08-16T12:50:00Z,2.7,gauge_zero
2026-08-16 09:55:40,2026-08-16T12:55:40.954Z,2.7100000381469727,gauge_zero
2026-08-16 10:00:00,2026-08-16T13:00:00Z,2.7,gauge_zero
2026-08-16 10:05:40,2026-08-16T13:05:40.945Z,2.7100000381469727,gauge_zero
2026-08-16 10:10:00,2026-08-16T13:10:00Z,2.7,gauge_zero
2026-08-16 10:15:40,2026-08-16T13:15:40.944Z,2.690000057220459,gauge_zero
2026-08-16 10:20:00,2026-08-16T13:20:00Z,2.7,gauge_zero
2026-08-16 10:25:40,2026-08-16T13:25:40.95Z,2.690000057220459,gauge_zero
2026-08-16 10:30:00,2026-08-16T13:30:00Z,2.69,gauge_zero
2026-08-16 10:35:40,2026-08-16T13:35:40.977Z,2.690000057220459,gauge_zero
2026-08-16 10:40:00,2026-08-16T13:40:00Z,2.68,gauge_zero
2026-08-16 10:45:40,2026-08-16T13:45:40.973Z,2.690000057220459,gauge_zero
2026-08-16 10:50:00,2026-08-16T13:50:00Z,2.68,gauge_zero
2026-08-16 10:55:40,2026-08-16T13:55:40.987Z,2.690000057220459,gauge_zero
2026-08-16 11:00:00,2026-08-16T14:00:00Z,2.68,gauge_zero
2026-08-16 11:05:40,2026-08-16T14:05:40.951Z,2.690000057220459,gauge_zero
2026-08-16 11:10:00,2026-08-16T14:10:00Z,2.68,gauge_zero
2026-08-16 11:15:40,2026-08-16T14:15:40.962Z,2.690000057220459,gauge_zero
2026-08-16 11:20:00,2026-08-16T14:20:00Z,2.69,gauge_zero
2026-08-16 11:25:40,2026-08-16T14:25:40.942Z,2.690000057220459,gauge_zero
2026-08-16 11:30:00,2026-08-16T14:30:00Z,2.68,gauge_zero
2026-08-16 11:35:40,2026-08-16T14:35:40.961Z,2.690000057220459,gauge_zero
2026-08-16 11:40:00,2026-08-16T14:40:00Z,2.68,gauge_zero
2026-08-16 11:45:40,2026-08-16T14:45:40.95Z,2.690000057220459,gauge_zero
2026-08-16 11:50:00,2026-08-16T14:50:00Z,2.68,gauge_zero
2026-08-16 11:55:40,2026-08-16T14:55:40.957Z,2.690000057220459,gauge_zero
2026-08-16 12:00:00,2026-08-16T15:00:00Z,2.68,gauge_zero
2026-08-16 12:05:41,2026-08-16T15:05:41.009Z,2.690000057220459,gauge_zero
2026-08-16 12:10:00,2026-08-16T15:10:00Z,2.68,gauge_zero
2026-08-16 12:15:41,2026-08-16T15:15:41.062Z,2.690000057220459,gauge_zero
2026-08-16 12:20:00,2026-08-16T15:20:00Z,2.68,gauge_zero
2026-08-16 12:25:40,2026-08-16T15:25:40.958Z,2.6700000762939453,gauge_zero
2026-08-16 12:30:00,2026-08-16T15:30:00Z,2.67,gauge_zero
2026-08-16 12:35:40,2026-08-16T15:35:40.955Z,2.6700000762939453,gauge_zero
2026-08-16 12:40:00,2026-08-16T15:40:00Z,2.67,gauge_zero
2026-08-16 12:45:41,2026-08-16T15:45:41.023Z,2.6700000762939453,gauge_zero
2026-08-16 12:50:00,2026-08-16T15:50:00Z,2.68,gauge_zero
2026-08-16 12:55:40,2026-08-16T15:55:40.971Z,2.6700000762939453,gauge_zero
2026-08-16 13:00:00,2026-08-16T16:00:00Z,2.68,gauge_zero
2026-08-16 13:05:40,2026-08-16T16:05:40.98Z,2.690000057220459,gauge_zero
2026-08-16 13:10:00,2026-08-16T16:10:00Z,2.67,gauge_zero
2026-08-16 13:15:40,2026-08-16T16:15:40.951Z,2.6700000762939453,gauge_zero
2026-08-16 13:20:00,2026-08-16T16:20:00Z,2.68,gauge_zero
2026-08-16 13:25:41,2026-08-16T16:25:41.005Z,2.6700000762939453,gauge_zero
2026-08-16 13:30:00,2026-08-16T16:30:00Z,2.67,gauge_zero
2026-08-16 13:35:40,2026-08-16T16:35:40.959Z,2.6700000762939453,gauge_zero
2026-08-16 13:40:00,2026-08-16T16:40:00Z,2.67,gauge_zero
2026-08-16 13:45:40,2026-08-16T16:45:40.965Z,2.6700000762939453,gauge_zero
2026-08-16 13:50:00,2026-08-16T16:50:00Z,2.67,gauge_zero
2026-08-16 13:55:40,2026-08-16T16:55:40.962Z,2.6700000762939453,gauge_zero
2026-08-16 14:00:00,2026-08-16T17:00:00Z,2.67,gauge_zero
2026-08-16 14:05:40,2026-08-16T17:05:40.963Z,2.6700000762939453,gauge_zero
2026-08-16 14:10:00,2026-08-16T17:10:00Z,2.67,gauge_zero
2026-08-16 14:15:40,2026-08-16T17:15:40.962Z,2.6500000953674316,gauge_zero
2026-08-16 14:20:00,2026-08-16T17:20:00Z,2.65,gauge_zero
2026-08-16 14:25:40,2026-08-16T17:25:40.953Z,2.6700000762939453,gauge_zero
2026-08-16 14:30:00,2026-08-16T17:30:00Z,2.66,gauge_zero
2026-08-16 14:35:40,2026-08-16T17:35:40.976Z,2.6700000762939453,gauge_zero
2026-08-16 14:40:00,2026-08-16T17:40:00Z,2.68,gauge_zero
2026-08-16 14:45:40,2026-08-16T17:45:40.948Z,2.6700000762939453,gauge_zero
2026-08-16 14:50:00,2026-08-16T17:50:00Z,2.67,gauge_zero
2026-08-16 14:55:40,2026-08-16T17:55:40.993Z,2.6700000762939453,gauge_zero
2026-08-16 15:00:00,2026-08-16T18:00:00Z,2.67,gauge_zero
2026-08-16 15:05:40,2026-08-16T18:05:40.95Z,2.6700000762939453,gauge_zero
2026-08-16 15:10:00,2026-08-16T18:10:00Z,2.67,gauge_zero
2026-08-16 15:15:40,2026-08-16T18:15:40.963Z,2.6700000762939453,gauge_zero
2026-08-16 15:20:00,2026-08-16T18:20:00Z,2.66,gauge_zero
2026-08-16 15:25:40,2026-08-16T18:25:40.966Z,2.6700000762939453,gauge_zero
2026-08-16 15:30:00,2026-08-16T18:30:00Z,2.67,gauge_zero
2026-08-16 15:35:40,2026-08-16T18:35:40.968Z,2.6700000762939453,gauge_zero
2026-08-16 15:40:00,2026-08-16T18:40:00Z,2.66,gauge_zero
2026-08-16 15:45:40,2026-08-16T18:45:40.964Z,2.6700000762939453,gauge_zero
2026-08-16 15:50:00,2026-08-16T18:50:00Z,2.66,gauge_zero
2026-08-16 15:55:40,2026-08-16T18:55:40.994Z,2.6700000762939453,gauge_zero
2026-08-16 16:00:00,2026-08-16T19:00:00Z,2.67,gauge_zero
2026-08-16 16:05:40,2026-08-16T19:05:40.982Z,2.6700000762939453,gauge_zero
2026-08-16 16:10:00,2026-08-16T19:10:00Z,2.67,gauge_zero
2026-08-16 16:15:40,2026-08-16T19:15:40.987Z,2.6700000762939453,gauge_zero
2026-08-16 16:20:00,2026-08-16T19:20:00Z,2.66,gauge_zero
2026-08-16 16:25:40,2026-08-16T19:25:40.992Z,2.6700000762939453,gauge_zero
2026-08-16 16:30:00,2026-08-16T19:30:00Z,2.66,gauge_zero
2026-08-16 16:35:40,2026-08-16T19:35:40.955Z,2.6700000762939453,gauge_zero
2026-08-16 16:40:00,2026-08-16T19:40:00Z,2.66,gauge_zero
2026-08-16 16:45:40,2026-08-16T19:45:40.954Z,2.6700000762939453,gauge_zero
2026-08-16 16:50:00,2026-08-16T19:50:00Z,2.66,gauge_zero
2026-08-16 16:55:40,2026-08-16T19:55:40.974Z,2.6700000762939453,gauge_zero
2026-08-16 17:00:00,2026-08-16T20:00:00Z,2.66,gauge_zero
2026-08-16 17:05:40,2026-08-16T20:05:40.967Z,2.6700000762939453,gauge_zero
2026-08-16 17:10:00,2026-08-16T20:10:00Z,2.66,gauge_zero
2026-08-16 17:15:40,2026-08-16T20:15:40.985Z,2.6700000762939453,gauge_zero
2026-08-16 17:20:00,2026-08-16T20:20:00Z,2.66,gauge_zero
2026-08-16 17:25:40,2026-08-16T20:25:40.981Z,2.6700000762939453,gauge_zero
2026-08-16 17:30:00,2026-08-16T20:30:00Z,2.66,gauge_zero
2026-08-16 17:35:40,2026-08-16T20:35:40.999Z,2.6700000762939453,gauge_zero
2026-08-16 17:40:00,2026-08-16T20:40:00Z,2.65,gauge_zero
2026-08-16 17:45:40,2026-08-16T20:45:40.973Z,2.6700000762939453,gauge_zero
2026-08-16 17:50:00,2026-08-16T20:50:00Z,2.65,gauge_zero
2026-08-16 17:55:40,2026-08-16T20:55:40.976Z,2.6700000762939453,gauge_zero
2026-08-16 18:00:00,2026-08-16T21:00:00Z,2.66,gauge_zero
2026-08-16 18:05:40,2026-08-16T21:05:40.966Z,2.6500000953674316,gauge_zero
2026-08-16 18:10:00,2026-08-16T21:10:00Z,2.65,gauge_zero
2026-08-16 18:15:40,2026-08-16T21:15:40.981Z,2.6500000953674316,gauge_zero
2026-08-16 18:20:00,2026-08-16T21:20:00Z,2.66,gauge_zero
2026-08-16 18:25:40,2026-08-16T21:25:40.999Z,2.6500000953674316,gauge_zero
2026-08-16 18:30:00,2026-08-16T21:30:00Z,2.65,gauge_zero
2026-08-16 18:35:40,2026-08-16T21:35:40.979Z,2.6500000953674316,gauge_zero
2026-08-16 18:40:00,2026-08-16T21:40:00Z,2.65,gauge_zero
2026-08-16 18:45:40,2026-08-16T21:45:40.969Z,2.6500000953674316,gauge_zero
2026-08-16 18:50:00,2026-08-16T21:50:00Z,2.65,gauge_zero
2026-08-16 18:55:40,2026-08-16T21:55:40.992Z,2.6500000953674316,gauge_zero
2026-08-16 19:00:00,2026-08-16T22:00:00Z,2.65,gauge_zero
2026-08-16 19:05:40,2026-08-16T22:05:40.991Z,2.6500000953674316,gauge_zero
2026-08-16 19:10:00,2026-08-16T22:10:00Z,2.65,gauge_zero
2026-08-16 19:15:40,2026-08-16T22:15:40.968Z,2.6500000953674316,gauge_zero
2026-08-16 19:20:00,2026-08-16T22:20:00Z,2.65,gauge_zero
2026-08-16 19:25:40,2026-08-16T22:25:40.985Z,2.6500000953674316,gauge_zero
2026-08-16 19:30:00,2026-08-16T22:30:00Z,2.65,gauge_zero
2026-08-16 19:35:40,2026-08-16T22:35:40.983Z,2.6500000953674316,gauge_zero
2026-08-16 19:40:00,2026-08-16T22:40:00Z,2.65,gauge_zero
2026-08-16 19:45:41,2026-08-16T22:45:41.14Z,2.6500000953674316,gauge_zero
2026-08-16 19:50:00,2026-08-16T22:50:00Z,2.65,gauge_zero
2026-08-16 19:55:40,2026-08-16T22:55:40.97Z,2.6500000953674316,gauge_zero
2026-08-16 20:00:00,2026-08-16T23:00:00Z,2.65,gauge_zero
2026-08-16 20:05:41,2026-08-16T23:05:41.001Z,2.6500000953674316,gauge_zero
2026-08-16 20:10:00,2026-08-16T23:10:00Z,2.65,gauge_zero
2026-08-16 20:15:40,2026-08-16T23:15:40.971Z,2.6500000953674316,gauge_zero
2026-08-16 20:20:00,2026-08-16T23:20:00Z,2.65,gauge_zero
2026-08-16 20:25:40,2026-08-16T23:25:40.998Z,2.6500000953674316,gauge_zero
2026-08-16 20:30:00,2026-08-16T23:30:00Z,2.65,gauge_zero
2026-08-16 20:35:41,2026-08-16T23:35:41Z,2.6500000953674316,gauge_zero
2026-08-16 20:40:00,2026-08-16T23:40:00Z,2.64,gauge_zero
2026-08-16 20:45:40,2026-08-16T23:45:40.988Z,2.6500000953674316,gauge_zero
2026-08-16 20:50:00,2026-08-16T23:50:00Z,2.65,gauge_zero
2026-08-16 20:55:40,2026-08-16T23:55:40.994Z,2.6500000953674316,gauge_zero
2026-08-16 21:00:00,2026-08-17T00:00:00Z,2.65,gauge_zero
2026-08-16 21:05:40,2026-08-17T00:05:40.98Z,2.6500000953674316,gauge_zero
2026-08-16 21:10:00,2026-08-17T00:10:00Z,2.65,gauge_zero
2026-08-16 21:15:41,2026-08-17T00:15:41.014Z,2.6500000953674316,gauge_zero
2026-08-16 21:20:00,2026-08-17T00:20:00Z,2.64,gauge_zero
2026-08-16 21:25:40,2026-08-17T00:25:40.987Z,2.6500000953674316,gauge_zero
2026-08-16 21:30:00,2026-08-17T00:30:00Z,2.65,gauge_zero
2026-08-16 21:35:40,2026-08-17T00:35:40.977Z,2.6500000953674316,gauge_zero
2026-08-16 21:40:00,2026-08-17T00:40:00Z,2.65,gauge_zero
2026-08-16 21:45:41,2026-08-17T00:45:41.003Z,2.6500000953674316,gauge_zero
2026-08-16 21:50:00,2026-08-17T00:50:00Z,2.64,gauge_zero
2026-08-16 21:55:41,2026-08-17T00:55:41.071Z,2.6500000953674316,gauge_zero
2026-08-16 22:00:00,2026-08-17T01:00:00Z,2.64,gauge_zero
2026-08-16 22:05:40,2026-08-17T01:05:40.994Z,2.6500000953674316,gauge_zero
2026-08-16 22:10:00,2026-08-17T01:10:00Z,2.64,gauge_zero
2026-08-16 22:15:40,2026-08-17T01:15:40.999Z,2.6500000953674316,gauge_zero
2026-08-16 22:20:00,2026-08-17T01:20:00Z,2.64,gauge_zero
2026-08-16 22:25:40,2026-08-17T01:25:40.998Z,2.6500000953674316,gauge_zero
2026-08-16 22:30:00,2026-08-17T01:30:00Z,2.64,gauge_zero
2026-08-16 22:35:40,2026-08-17T01:35:40.998Z,2.6500000953674316,gauge_zero
2026-08-16 22:40:00,2026-08-17T01:40:00Z,2.64,gauge_zero
2026-08-16 22:45:41,2026-08-17T01:45:41.01Z,2.6500000953674316,gauge_zero
2026-08-16 22:50:00,2026-08-17T01:50:00Z,2.64,gauge_zero
2026-08-16 22:55:40,2026-08-17T01:55:40.978Z,2.6500000953674316,gauge_zero
2026-08-16 23:00:00,2026-08-17T02:00:00Z,2.64,gauge_zero
2026-08-16 23:05:41,2026-08-17T02:05:41.012Z,2.6500000953674316,gauge_zero
2026-08-16 23:10:00,2026-08-17T02:10:00Z,2.64,gauge_zero
2026-08-16 23:15:41,2026-08-17T02:15:41.002Z,2.6500000953674316,gauge_zero
2026-08-16 23:20:00,2026-08-17T02:20:00Z,2.64,gauge_zero
2026-08-16 23:25:40,2026-08-17T02:25:40.99Z,2.630000114440918,gauge_zero
2026-08-16 23:30:00,2026-08-17T02:30:00Z,2.64,gauge_zero
2026-08-16 23:35:40,2026-08-17T02:35:40.985Z,2.6500000953674316,gauge_zero
2026-08-16 23:40:00,2026-08-17T02:40:00Z,2.64,gauge_zero
2026-08-16 23:45:41,2026-08-17T02:45:41.008Z,2.6500000953674316,gauge_zero
2026-08-16 23:50:00,2026-08-17T02:50:00Z,2.64,gauge_zero
2026-08-16 23:55:40,2026-08-17T02:55:40.994Z,2.6500000953674316,gauge_zero
2026-08-17 00:00:00,2026-08-17T03:00:00Z,2.64,gauge_zero
2026-08-17 00:05:40,2026-08-17T03:05:40.98Z,2.6500000953674316,gauge_zero
2026-08-17 00:10:00,2026-08-17T03:10:00Z,2.64,gauge_zero
2026-08-17 00:15:41,2026-08-17T03:15:41.007Z,2.6500000953674316,gauge_zero
2026-08-17 00:20:00,2026-08-17T03:20:00Z,2.64,gauge_zero
2026-08-17 00:25:40,2026-08-17T03:25:40.994Z,2.6500000953674316,gauge_zero
2026-08-17 00:30:00,2026-08-17T03:30:00Z,2.64,gauge_zero
2026-08-17 00:35:41,2026-08-17T03:35:41.048Z,2.630000114440918,gauge_zero
2026-08-17 00:40:00,2026-08-17T03:40:00Z,2.63,gauge_zero
2026-08-17 00:45:41,2026-08-17T03:45:41.015Z,2.630000114440918,gauge_zero
2026-08-17 00:50:00,2026-08-17T03:50:00Z,2.64,gauge_zero
2026-08-17 00:55:41,2026-08-17T03:55:41.004Z,2.630000114440918,gauge_zero
2026-08-17 01:00:00,2026-08-17T04:00:00Z,2.63,gauge_zero
2026-08-17 01:05:40,2026-08-17T04:05:40.986Z,2.6500000953674316,gauge_zero
2026-08-17 01:10:00,2026-08-17T04:10:00Z,2.64,gauge_zero
2026-08-17 01:15:41,2026-08-17T04:15:41.013Z,2.6500000953674316,gauge_zero
2026-08-17 01:20:00,2026-08-17T04:20:00Z,2.64,gauge_zero
2026-08-17 01:25:41,2026-08-17T04:25:41.009Z,2.630000114440918,gauge_zero
2026-08-17 01:30:00,2026-08-17T04:30:00Z,2.64,gauge_zero
2026-08-17 01:35:41,2026-08-17T04:35:41.01Z,2.630000114440918,gauge_zero
2026-08-17 01:40:00,2026-08-17T04:40:00Z,2.63,gauge_zero
2026-08-17 01:45:40,2026-08-17T04:45:40.986Z,2.630000114440918,gauge_zero
2026-08-17 01:50:00,2026-08-17T04:50:00Z,2.63,gauge_zero
2026-08-17 01:55:41,2026-08-17T04:55:41.011Z,2.630000114440918,gauge_zero
2026-08-17 02:00:00,2026-08-17T05:00:00Z,2.64,gauge_zero
2026-08-17 02:05:41,2026-08-17T05:05:41.003Z,2.630000114440918,gauge_zero
2026-08-17 02:10:00,2026-08-17T05:10:00Z,2.63,gauge_zero
2026-08-17 02:15:41,2026-08-17T05:15:41.024Z,2.630000114440918,gauge_zero
2026-08-17 02:20:00,2026-08-17T05:20:00Z,2.64,gauge_zero
2026-08-17 02:25:41,2026-08-17T05:25:41.957Z,2.630000114440918,gauge_zero
2026-08-17 02:30:00,2026-08-17T05:30:00Z,2.64,gauge_zero
2026-08-17 02:35:41,2026-08-17T05:35:41.029Z,2.630000114440918,gauge_zero
2026-08-17 02:40:00,2026-08-17T05:40:00Z,2.64,gauge_zero
2026-08-17 02:45:40,2026-08-17T05:45:40.987Z,2.630000114440918,gauge_zero
2026-08-17 02:50:00,2026-08-17T05:50:00Z,2.63,gauge_zero
2026-08-17 02:55:41,2026-08-17T05:55:41.006Z,2.630000114440918,gauge_zero
2026-08-17 03:00:00,2026-08-17T06:00:00Z,2.63,gauge_zero
2026-08-17 03:05:41,2026-08-17T06:05:41.031Z,2.630000114440918,gauge_zero
2026-08-17 03:10:00,2026-08-17T06:10:00Z,2.63,gauge_zero
2026-08-17 03:15:41,2026-08-17T06:15:41.095Z,2.630000114440918,gauge_zero
2026-08-17 03:20:00,2026-08-17T06:20:00Z,2.63,gauge_zero
2026-08-17 03:25:41,2026-08-17T06:25:41.011Z,2.630000114440918,gauge_zero
2026-08-17 03:30:00,2026-08-17T06:30:00Z,2.63,gauge_zero
2026-08-17 03:35:41,2026-08-17T06:35:41.031Z,2.630000114440918,gauge_zero
2026-08-17 03:40:00,2026-08-17T06:40:00Z,2.63,gauge_zero
2026-08-17 03:45:41,2026-08-17T06:45:41.003Z,2.630000114440918,gauge_zero
2026-08-17 03:50:00,2026-08-17T06:50:00Z,2.63,gauge_zero
2026-08-17 03:55:41,2026-08-17T06:55:41.022Z,2.630000114440918,gauge_zero
2026-08-17 04:00:00,2026-08-17T07:00:00Z,2.62,gauge_zero
2026-08-17 04:05:41,2026-08-17T07:05:41.012Z,2.619999885559082,gauge_zero
2026-08-17 04:10:00,2026-08-17T07:10:00Z,2.62,gauge_zero
2026-08-17 04:15:41,2026-08-17T07:15:41.03Z,2.5999999046325684,gauge_zero
2026-08-17 04:20:00,2026-08-17T07:20:00Z,2.6,gauge_zero
2026-08-17 04:25:41,2026-08-17T07:25:41.137Z,2.6500000953674316,gauge_zero
2026-08-17 04:30:00,2026-08-17T07:30:00Z,2.63,gauge_zero
2026-08-17 04:35:41,2026-08-17T07:35:41.007Z,2.630000114440918,gauge_zero
2026-08-17 04:40:00,2026-08-17T07:40:00Z,2.64,gauge_zero
2026-08-17 04:45:40,2026-08-17T07:45:40.998Z,2.630000114440918,gauge_zero
2026-08-17 04:50:00,2026-08-17T07:50:00Z,2.63,gauge_zero
2026-08-17 04:55:41,2026-08-17T07:55:41.026Z,2.630000114440918,gauge_zero
2026-08-17 05:00:00,2026-08-17T08:00:00Z,2.63,gauge_zero
2026-08-17 05:05:41,2026-08-17T08:05:41.006Z,2.630000114440918,gauge_zero
2026-08-17 05:10:00,2026-08-17T08:10:00Z,2.62,gauge_zero
2026-08-17 05:15:41,2026-08-17T08:15:41.017Z,2.619999885559082,gauge_zero
2026-08-17 05:20:00,2026-08-17T08:20:00Z,2.62,gauge_zero
2026-08-17 05:25:41,2026-08-17T08:25:41Z,2.630000114440918,gauge_zero
2026-08-17 05:30:00,2026-08-17T08:30:00Z,2.62,gauge_zero
2026-08-17 05:35:40,2026-08-17T08:35:40.991Z,2.619999885559082,gauge_zero
2026-08-17 05:40:00,2026-08-17T08:40:00Z,2.62,gauge_zero
2026-08-17 05:45:41,2026-08-17T08:45:41.009Z,2.619999885559082,gauge_zero
2026-08-17 05:50:00,2026-08-17T08:50:00Z,2.62,gauge_zero
2026-08-17 05:55:40,2026-08-17T08:55:40.995Z,2.630000114440918,gauge_zero
2026-08-17 06:00:00,2026-08-17T09:00:00Z,2.62,gauge_zero
2026-08-17 06:05:41,2026-08-17T09:05:41.022Z,2.630000114440918,gauge_zero
2026-08-17 06:10:00,2026-08-17T09:10:00Z,2.62,gauge_zero
2026-08-17 06:15:41,2026-08-17T09:15:41.01Z,2.630000114440918,gauge_zero
2026-08-17 06:20:00,2026-08-17T09:20:00Z,2.62,gauge_zero
2026-08-17 06:25:41,2026-08-17T09:25:41.014Z,2.630000114440918,gauge_zero
2026-08-17 06:30:00,2026-08-17T09:30:00Z,2.62,gauge_zero
2026-08-17 06:35:41,2026-08-17T09:35:41.077Z,2.619999885559082,gauge_zero
2026-08-17 06:40:00,2026-08-17T09:40:00Z,2.62,gauge_zero
2026-08-17 06:45:41,2026-08-17T09:45:41.011Z,2.619999885559082,gauge_zero
2026-08-17 06:50:00,2026-08-17T09:50:00Z,2.62,gauge_zero
2026-08-17 06:55:40,2026-08-17T09:55:40.996Z,2.619999885559082,gauge_zero
2026-08-17 07:00:00,2026-08-17T10:00:00Z,2.62,gauge_zero
2026-08-17 07:05:41,2026-08-17T10:05:41.016Z,2.619999885559082,gauge_zero
2026-08-17 07:10:00,2026-08-17T10:10:00Z,2.62,gauge_zero
2026-08-17 07:15:41,2026-08-17T10:15:41.03Z,2.619999885559082,gauge_zero
2026-08-17 07:20:00,2026-08-17T10:20:00Z,2.62,gauge_zero
2026-08-17 07:25:41,2026-08-17T10:25:41.013Z,2.619999885559082,gauge_zero
2026-08-17 07:30:00,2026-08-17T10:30:00Z,2.62,gauge_zero
2026-08-17 07:35:41,2026-08-17T10:35:41.032Z,2.619999885559082,gauge_zero
2026-08-17 07:40:00,2026-08-17T10:40:00Z,2.61,gauge_zero
2026-08-17 07:45:41,2026-08-17T10:45:41.028Z,2.619999885559082,gauge_zero
2026-08-17 07:50:00,2026-08-17T10:50:00Z,2.62,gauge_zero
2026-08-17 07:55:41,2026-08-17T10:55:41.03Z,2.619999885559082,gauge_zero
2026-08-17 08:00:00,2026-08-17T11:00:00Z,2.61,gauge_zero
2026-08-17 08:05:41,2026-08-17T11:05:41.032Z,2.619999885559082,gauge_zero
2026-08-17 08:10:00,2026-08-17T11:10:00Z,2.61,gauge_zero
2026-08-17 08:15:41,2026-08-17T11:15:41.107Z,2.619999885559082,gauge_zero
2026-08-17 08:20:00,2026-08-17T11:20:00Z,2.61,gauge_zero
2026-08-17 08:25:41,2026-08-17T11:25:41.018Z,2.619999885559082,gauge_zero
2026-08-17 08:30:00,2026-08-17T11:30:00Z,2.61,gauge_zero
2026-08-17 08:35:41,2026-08-17T11:35:41.025Z,2.619999885559082,gauge_zero
2026-08-17 08:40:00,2026-08-17T11:40:00Z,2.62,gauge_zero
2026-08-17 08:45:41,2026-08-17T11:45:41.011Z,2.619999885559082,gauge_zero
2026-08-17 08:50:00,2026-08-17T11:50:00Z,2.62,gauge_zero
2026-08-17 08:55:41,2026-08-17T11:55:41.046Z,2.619999885559082,gauge_zero
2026-08-17 09:00:00,2026-08-17T12:00:00Z,2.61,gauge_zero
2026-08-17 09:05:41,2026-08-17T12:05:41.007Z,2.619999885559082,gauge_zero
2026-08-17 09:10:00,2026-08-17T12:10:00Z,2.61,gauge_zero
2026-08-17 09:15:41,2026-08-17T12:15:41.036Z,2.619999885559082,gauge_zero
2026-08-17 09:20:00,2026-08-17T12:20:00Z,2.61,gauge_zero
2026-08-17 09:25:41,2026-08-17T12:25:41.027Z,2.619999885559082,gauge_zero
2026-08-17 09:30:00,2026-08-17T12:30:00Z,2.61,gauge_zero
2026-08-17 09:35:41,2026-08-17T12:35:41.034Z,2.619999885559082,gauge_zero
2026-08-17 09:40:00,2026-08-17T12:40:00Z,2.61,gauge_zero
2026-08-17 09:45:41,2026-08-17T12:45:41.029Z,2.5999999046325684,gauge_zero
2026-08-17 09:50:00,2026-08-17T12:50:00Z,2.6,gauge_zero
2026-08-17 09:55:41,2026-08-17T12:55:41.023Z,2.5999999046325684,gauge_zero
2026-08-17 10:00:00,2026-08-17T13:00:00Z,2.61,gauge_zero
2026-08-17 10:05:41,2026-08-17T13:05:41.015Z,2.5999999046325684,gauge_zero
2026-08-17 10:10:00,2026-08-17T13:10:00Z,2.61,gauge_zero
2026-08-17 10:15:41,2026-08-17T13:15:41.023Z,2.5999999046325684,gauge_zero
2026-08-17 10:20:00,2026-08-17T13:20:00Z,2.6,gauge_zero
2026-08-17 10:25:41,2026-08-17T13:25:41.032Z,2.5999999046325684,gauge_zero
2026-08-17 10:30:00,2026-08-17T13:30:00Z,2.6,gauge_zero
2026-08-17 10:35:41,2026-08-17T13:35:41.034Z,2.5999999046325684,gauge_zero
2026-08-17 10:40:00,2026-08-17T13:40:00Z,2.61,gauge_zero
2026-08-17 10:45:41,2026-08-17T13:45:41.191Z,2.5999999046325684,gauge_zero
2026-08-17 10:50:00,2026-08-17T13:50:00Z,2.61,gauge_zero
2026-08-17 10:55:41,2026-08-17T13:55:41.016Z,2.5999999046325684,gauge_zero
2026-08-17 11:00:00,2026-08-17T14:00:00Z,2.6,gauge_zero
2026-08-17 11:05:41,2026-08-17T14:05:41.018Z,2.5999999046325684,gauge_zero
2026-08-17 11:10:00,2026-08-17T14:10:00Z,2.6,gauge_zero
2026-08-17 11:15:41,2026-08-17T14:15:41.014Z,2.5999999046325684,gauge_zero
2026-08-17 11:20:00,2026-08-17T14:20:00Z,2.6,gauge_zero
2026-08-17 11:25:41,2026-08-17T14:25:41.05Z,2.5999999046325684,gauge_zero
2026-08-17 11:30:00,2026-08-17T14:30:00Z,2.6,gauge_zero
2026-08-17 11:35:41,2026-08-17T14:35:41.01Z,2.5999999046325684,gauge_zero
2026-08-17 11:40:00,2026-08-17T14:40:00Z,2.6,gauge_zero
2026-08-17 11:45:41,2026-08-17T14:45:41.065Z,2.5999999046325684,gauge_zero
2026-08-17 11:50:00,2026-08-17T14:50:00Z,2.6,gauge_zero
2026-08-17 11:55:41,2026-08-17T14:55:41.046Z,2.5999999046325684,gauge_zero
2026-08-17 12:00:00,2026-08-17T15:00:00Z,2.6,gauge_zero
2026-08-17 12:05:41,2026-08-17T15:05:41.014Z,2.5999999046325684,gauge_zero
2026-08-17 12:10:00,2026-08-17T15:10:00Z,2.6,gauge_zero
2026-08-17 12:15:41,2026-08-17T15:15:41.083Z,2.5999999046325684,gauge_zero
2026-08-17 12:20:00,2026-08-17T15:20:00Z,2.6,gauge_zero
2026-08-17 12:25:41,2026-08-17T15:25:41.038Z,2.5999999046325684,gauge_zero
2026-08-17 12:30:00,2026-08-17T15:30:00Z,2.59,gauge_zero
2026-08-17 12:35:41,2026-08-17T15:35:41.074Z,2.5999999046325684,gauge_zero
2026-08-17 12:40:00,2026-08-17T15:40:00Z,2.6,gauge_zero
2026-08-17 12:45:41,2026-08-17T15:45:41.054Z,2.5999999046325684,gauge_zero
2026-08-17 12:50:00,2026-08-17T15:50:00Z,2.59,gauge_zero
2026-08-17 12:55:41,2026-08-17T15:55:41.049Z,2.5999999046325684,gauge_zero
2026-08-17 13:00:00,2026-08-17T16:00:00Z,2.6,gauge_zero
2026-08-17 13:05:41,2026-08-17T16:05:41.071Z,2.5999999046325684,gauge_zero
2026-08-17 13:10:00,2026-08-17T16:10:00Z,2.59,gauge_zero
2026-08-17 13:15:41,2026-08-17T16:15:41.051Z,2.5999999046325684,gauge_zero
2026-08-17 13:20:00,2026-08-17T16:20:00Z,2.59,gauge_zero
2026-08-17 13:25:41,2026-08-17T16:25:41.123Z,2.5999999046325684,gauge_zero
2026-08-17 13:30:00,2026-08-17T16:30:00Z,2.59,gauge_zero
2026-08-17 13:35:44,2026-08-17T16:35:44.598Z,2.5999999046325684,gauge_zero
2026-08-17 13:40:00,2026-08-17T16:40:00Z,2.59,gauge_zero
2026-08-17 13:45:44,2026-08-17T16:45:44.61Z,2.5999999046325684,gauge_zero
2026-08-17 13:50:00,2026-08-17T16:50:00Z,2.59,gauge_zero
2026-08-17 13:55:44,2026-08-17T16:55:44.63Z,2.5999999046325684,gauge_zero
2026-08-17 14:00:00,2026-08-17T17:00:00Z,2.59,gauge_zero
2026-08-17 14:05:44,2026-08-17T17:05:44.582Z,2.5799999237060547,gauge_zero
2026-08-17 14:10:00,2026-08-17T17:10:00Z,2.58,gauge_zero
2026-08-17 14:15:44,2026-08-17T17:15:44.622Z,2.5799999237060547,gauge_zero
2026-08-17 14:20:00,2026-08-17T17:20:00Z,2.58,gauge_zero
2026-08-17 14:25:44,2026-08-17T17:25:44.621Z,2.5799999237060547,gauge_zero
2026-08-17 14:30:00,2026-08-17T17:30:00Z,2.59,gauge_zero
2026-08-17 14:35:44,2026-08-17T17:35:44.609Z,2.5799999237060547,gauge_zero
2026-08-17 14:40:00,2026-08-17T17:40:00Z,2.59,gauge_zero
2026-08-17 14:45:44,2026-08-17T17:45:44.594Z,2.5799999237060547,gauge_zero
2026-08-17 14:50:00,2026-08-17T17:50:00Z,2.59,gauge_zero
2026-08-17 14:55:44,2026-08-17T17:55:44.619Z,2.5799999237060547,gauge_zero
2026-08-17 15:00:00,2026-08-17T18:00:00Z,2.58,gauge_zero
2026-08-17 15:05:44,2026-08-17T18:05:44.639Z,2.5799999237060547,gauge_zero
2026-08-17 15:10:00,2026-08-17T18:10:00Z,2.58,gauge_zero
2026-08-17 15:15:44,2026-08-17T18:15:44.579Z,2.5799999237060547,gauge_zero
2026-08-17 15:20:00,2026-08-17T18:20:00Z,2.58,gauge_zero
2026-08-17 15:25:44,2026-08-17T18:25:44.607Z,2.5799999237060547,gauge_zero
2026-08-17 15:30:00,2026-08-17T18:30:00Z,2.58,gauge_zero
2026-08-17 15:35:44,2026-08-17T18:35:44.647Z,2.5799999237060547,gauge_zero
2026-08-17 15:40:00,2026-08-17T18:40:00Z,2.57,gauge_zero
2026-08-17 15:45:45,2026-08-17T18:45:45.592Z,2.5799999237060547,gauge_zero
2026-08-17 15:50:00,2026-08-17T18:50:00Z,2.58,gauge_zero
2026-08-17 15:55:44,2026-08-17T18:55:44.628Z,2.5799999237060547,gauge_zero
2026-08-17 16:00:00,2026-08-17T19:00:00Z,2.58,gauge_zero
2026-08-17 16:05:44,2026-08-17T19:05:44.628Z,2.5799999237060547,gauge_zero
2026-08-17 16:10:00,2026-08-17T19:10:00Z,2.57,gauge_zero
2026-08-17 16:15:44,2026-08-17T19:15:44.631Z,2.5799999237060547,gauge_zero
2026-08-17 16:20:00,2026-08-17T19:20:00Z,2.58,gauge_zero
2026-08-17 16:25:44,2026-08-17T19:25:44.639Z,2.5799999237060547,gauge_zero
2026-08-17 16:30:00,2026-08-17T19:30:00Z,2.58,gauge_zero
2026-08-17 16:35:44,2026-08-17T19:35:44.622Z,2.5799999237060547,gauge_zero
2026-08-17 16:40:00,2026-08-17T19:40:00Z,2.58,gauge_zero
2026-08-17 16:45:44,2026-08-17T19:45:44.595Z,2.5799999237060547,gauge_zero
2026-08-17 16:50:00,2026-08-17T19:50:00Z,2.58,gauge_zero
2026-08-17 16:55:44,2026-08-17T19:55:44.644Z,2.5799999237060547,gauge_zero
2026-08-17 17:00:00,2026-08-17T20:00:00Z,2.58,gauge_zero
2026-08-17 17:05:44,2026-08-17T20:05:44.626Z,2.5799999237060547,gauge_zero
2026-08-17 17:10:00,2026-08-17T20:10:00Z,2.58,gauge_zero
2026-08-17 17:15:44,2026-08-17T20:15:44.625Z,2.5799999237060547,gauge_zero
2026-08-17 17:20:00,2026-08-17T20:20:00Z,2.58,gauge_zero
2026-08-17 17:25:44,2026-08-17T20:25:44.639Z,2.5799999237060547,gauge_zero
2026-08-17 17:30:00,2026-08-17T20:30:00Z,2.58,gauge_zero
2026-08-17 17:35:44,2026-08-17T20:35:44.607Z,2.5799999237060547,gauge_zero
2026-08-17 17:40:00,2026-08-17T20:40:00Z,2.58,gauge_zero
2026-08-17 17:45:44,2026-08-17T20:45:44.616Z,2.5799999237060547,gauge_zero
2026-08-17 17:50:00,2026-08-17T20:50:00Z,2.58,gauge_zero
2026-08-17 17:55:44,2026-08-17T20:55:44.639Z,2.5799999237060547,gauge_zero
2026-08-17 18:00:00,2026-08-17T21:00:00Z,2.58,gauge_zero
2026-08-17 18:05:44,2026-08-17T21:05:44.613Z,2.5799999237060547,gauge_zero
2026-08-17 18:10:00,2026-08-17T21:10:00Z,2.58,gauge_zero
2026-08-17 18:15:44,2026-08-17T21:15:44.674Z,2.5799999237060547,gauge_zero
2026-08-17 18:20:00,2026-08-17T21:20:00Z,2.58,gauge_zero
2026-08-17 18:25:44,2026-08-17T21:25:44.586Z,2.5799999237060547,gauge_zero
2026-08-17 18:30:00,2026-08-17T21:30:00Z,2.58,gauge_zero
2026-08-17 18:35:44,2026-08-17T21:35:44.595Z,2.5799999237060547,gauge_zero
2026-08-17 18:40:00,2026-08-17T21:40:00Z,2.58,gauge_zero
2026-08-17 18:45:44,2026-08-17T21:45:44.613Z,2.5799999237060547,gauge_zero
2026-08-17 18:50:00,2026-08-17T21:50:00Z,2.58,gauge_zero
2026-08-17 18:55:44,2026-08-17T21:55:44.625Z,2.5799999237060547,gauge_zero
2026-08-17 19:00:00,2026-08-17T22:00:00Z,2.58,gauge_zero
2026-08-17 19:05:44,2026-08-17T22:05:44.812Z,2.5799999237060547,gauge_zero
2026-08-17 19:10:00,2026-08-17T22:10:00Z,2.57,gauge_zero
2026-08-17 19:15:44,2026-08-17T22:15:44.619Z,2.5799999237060547,gauge_zero
2026-08-17 19:20:00,2026-08-17T22:20:00Z,2.58,gauge_zero
2026-08-17 19:25:44,2026-08-17T22:25:44.629Z,2.5799999237060547,gauge_zero
2026-08-17 19:30:00,2026-08-17T22:30:00Z,2.57,gauge_zero
2026-08-17 19:35:44,2026-08-17T22:35:44.626Z,2.5799999237060547,gauge_zero
2026-08-17 19:40:00,2026-08-17T22:40:00Z,2.57,gauge_zero
2026-08-17 19:45:44,2026-08-17T22:45:44.633Z,2.5799999237060547,gauge_zero
2026-08-17 19:50:00,2026-08-17T22:50:00Z,2.58,gauge_zero
2026-08-17 19:55:44,2026-08-17T22:55:44.647Z,2.5799999237060547,gauge_zero
2026-08-17 20:00:00,2026-08-17T23:00:00Z,2.57,gauge_zero
2026-08-17 20:05:44,2026-08-17T23:05:44.637Z,2.5799999237060547,gauge_zero
2026-08-17 20:10:00,2026-08-17T23:10:00Z,2.57,gauge_zero
2026-08-17 20:15:44,2026-08-17T23:15:44.67Z,2.5799999237060547,gauge_zero
2026-08-17 20:20:00,2026-08-17T23:20:00Z,2.57,gauge_zero
2026-08-17 20:25:44,2026-08-17T23:25:44.63Z,2.5799999237060547,gauge_zero
2026-08-17 20:30:00,2026-08-17T23:30:00Z,2.57,gauge_zero
2026-08-17 20:35:44,2026-08-17T23:35:44.627Z,2.5799999237060547,gauge_zero
2026-08-17 20:40:00,2026-08-17T23:40:00Z,2.57,gauge_zero
2026-08-17 20:45:44,2026-08-17T23:45:44.651Z,2.5799999237060547,gauge_zero
2026-08-17 20:50:00,2026-08-17T23:50:00Z,2.57,gauge_zero
2026-08-17 20:55:44,2026-08-17T23:55:44.672Z,2.5799999237060547,gauge_zero
2026-08-17 21:00:00,2026-08-18T00:00:00Z,2.57,gauge_zero
2026-08-17 21:05:44,2026-08-18T00:05:44.645Z,2.5799999237060547,gauge_zero
2026-08-17 21:10:00,2026-08-18T00:10:00Z,2.57,gauge_zero
2026-08-17 21:15:44,2026-08-18T00:15:44.662Z,2.5799999237060547,gauge_zero
2026-08-17 21:20:00,2026-08-18T00:20:00Z,2.57,gauge_zero
2026-08-17 21:25:44,2026-08-18T00:25:44.657Z,2.5799999237060547,gauge_zero
2026-08-17 21:30:00,2026-08-18T00:30:00Z,2.57,gauge_zero
2026-08-17 21:35:44,2026-08-18T00:35:44.654Z,2.5799999237060547,gauge_zero
2026-08-17 21:40:00,2026-08-18T00:40:00Z,2.57,gauge_zero
2026-08-17 21:45:44,2026-08-18T00:45:44.65Z,2.5799999237060547,gauge_zero
2026-08-17 21:50:00,2026-08-18T00:50:00Z,2.57,gauge_zero
2026-08-17 21:55:44,2026-08-18T00:55:44.631Z,2.5799999237060547,gauge_zero
2026-08-17 22:00:00,2026-08-18T01:00:00Z,2.57,gauge_zero
2026-08-17 22:05:44,2026-08-18T01:05:44.65Z,2.5799999237060547,gauge_zero
2026-08-17 22:10:00,2026-08-18T01:10:00Z,2.57,gauge_zero
2026-08-17 22:15:44,2026-08-18T01:15:44.627Z,2.5799999237060547,gauge_zero
2026-08-17 22:20:00,2026-08-18T01:20:00Z,2.57,gauge_zero
2026-08-17 22:25:44,2026-08-18T01:25:44.68Z,2.559999942779541,gauge_zero
2026-08-17 22:30:00,2026-08-18T01:30:00Z,2.57,gauge_zero
2026-08-17 22:35:44,2026-08-18T01:35:44.654Z,2.559999942779541,gauge_zero
2026-08-17 22:40:00,2026-08-18T01:40:00Z,2.57,gauge_zero
2026-08-17 22:45:44,2026-08-18T01:45:44.663Z,2.559999942779541,gauge_zero
2026-08-17 22:50:00,2026-08-18T01:50:00Z,2.57,gauge_zero
2026-08-17 22:55:44,2026-08-18T01:55:44.658Z,2.559999942779541,gauge_zero
2026-08-17 23:00:00,2026-08-18T02:00:00Z,2.57,gauge_zero
2026-08-17 23:05:44,2026-08-18T02:05:44.63Z,2.559999942779541,gauge_zero
2026-08-17 23:10:00,2026-08-18T02:10:00Z,2.57,gauge_zero
2026-08-17 23:15:50,2026-08-18T02:15:50.095Z,2.569999933242798,gauge_zero
2026-08-17 23:20:00,2026-08-18T02:20:00Z,2.57,gauge_zero
2026-08-17 23:25:50,2026-08-18T02:25:50.128Z,2.569999933242798,gauge_zero
2026-08-17 23:30:00,2026-08-18T02:30:00Z,2.56,gauge_zero
2026-08-17 23:35:50,2026-08-18T02:35:50.221Z,2.569999933242798,gauge_zero
2026-08-17 23:40:00,2026-08-18T02:40:00Z,2.56,gauge_zero
2026-08-17 23:45:50,2026-08-18T02:45:50.164Z,2.569999933242798,gauge_zero
2026-08-17 23:50:00,2026-08-18T02:50:00Z,2.57,gauge_zero
2026-08-17 23:55:50,2026-08-18T02:55:50.139Z,2.569999933242798,gauge_zero
2026-08-18 00:00:00,2026-08-18T03:00:00Z,2.57,gauge_zero
2026-08-18 00:05:50,2026-08-18T03:05:50.142Z,2.569999933242798,gauge_zero
2026-08-18 00:10:00,2026-08-18T03:10:00Z,2.57,gauge_zero
2026-08-18 00:15:50,2026-08-18T03:15:50.133Z,2.569999933242798,gauge_zero
2026-08-18 00:20:00,2026-08-18T03:20:00Z,2.56,gauge_zero
2026-08-18 00:25:50,2026-08-18T03:25:50.153Z,2.569999933242798,gauge_zero
2026-08-18 00:30:00,2026-08-18T03:30:00Z,2.56,gauge_zero
2026-08-18 00:35:50,2026-08-18T03:35:50.121Z,2.569999933242798,gauge_zero
2026-08-18 00:40:00,2026-08-18T03:40:00Z,2.56,gauge_zero
2026-08-18 00:45:50,2026-08-18T03:45:50.109Z,2.569999933242798,gauge_zero
2026-08-18 00:50:00,2026-08-18T03:50:00Z,2.56,gauge_zero
2026-08-18 00:55:50,2026-08-18T03:55:50.142Z,2.569999933242798,gauge_zero
2026-08-18 01:00:00,2026-08-18T04:00:00Z,2.56,gauge_zero
2026-08-18 01:05:50,2026-08-18T04:05:50.117Z,2.569999933242798,gauge_zero
2026-08-18 01:10:00,2026-08-18T04:10:00Z,2.56,gauge_zero
2026-08-18 01:15:50,2026-08-18T04:15:50.125Z,2.569999933242798,gauge_zero
2026-08-18 01:20:00,2026-08-18T04:20:00Z,2.56,gauge_zero
2026-08-18 01:25:50,2026-08-18T04:25:50.127Z,2.569999933242798,gauge_zero
2026-08-18 01:30:00,2026-08-18T04:30:00Z,2.56,gauge_zero
2026-08-18 01:35:50,2026-08-18T04:35:50.159Z,2.569999933242798,gauge_zero
2026-08-18 01:40:00,2026-08-18T04:40:00Z,2.56,gauge_zero
2026-08-18 01:45:50,2026-08-18T04:45:50.168Z,2.569999933242798,gauge_zero
2026-08-18 01:50:00,2026-08-18T04:50:00Z,2.56,gauge_zero
2026-08-18 01:55:50,2026-08-18T04:55:50.115Z,2.569999933242798,gauge_zero
2026-08-18 02:00:00,2026-08-18T05:00:00Z,2.56,gauge_zero
2026-08-18 02:05:50,2026-08-18T05:05:50.139Z,2.569999933242798,gauge_zero
2026-08-18 02:10:00,2026-08-18T05:10:00Z,2.56,gauge_zero
2026-08-18 02:15:50,2026-08-18T05:15:50.121Z,2.569999933242798,gauge_zero
2026-08-18 02:20:00,2026-08-18T05:20:00Z,2.56,gauge_zero
2026-08-18 02:25:50,2026-08-18T05:25:50.124Z,2.569999933242798,gauge_zero
2026-08-18 02:30:00,2026-08-18T05:30:00Z,2.56,gauge_zero
2026-08-18 02:35:50,2026-08-18T05:35:50.119Z,2.569999933242798,gauge_zero
2026-08-18 02:40:00,2026-08-18T05:40:00Z,2.56,gauge_zero
2026-08-18 02:45:50,2026-08-18T05:45:50.296Z,2.569999933242798,gauge_zero
2026-08-18 02:50:00,2026-08-18T05:50:00Z,2.56,gauge_zero
2026-08-18 02:55:50,2026-08-18T05:55:50.113Z,2.569999933242798,gauge_zero
2026-08-18 03:00:00,2026-08-18T06:00:00Z,2.56,gauge_zero
2026-08-18 03:05:50,2026-08-18T06:05:50.139Z,2.569999933242798,gauge_zero
2026-08-18 03:10:00,2026-08-18T06:10:00Z,2.56,gauge_zero
2026-08-18 03:15:50,2026-08-18T06:15:50.117Z,2.569999933242798,gauge_zero
2026-08-18 03:20:00,2026-08-18T06:20:00Z,2.56,gauge_zero
2026-08-18 03:25:50,2026-08-18T06:25:50.144Z,2.549999952316284,gauge_zero
2026-08-18 03:30:00,2026-08-18T06:30:00Z,2.54,gauge_zero
2026-08-18 03:35:50,2026-08-18T06:35:50.106Z,2.5299999713897705,gauge_zero
2026-08-18 03:40:00,2026-08-18T06:40:00Z,2.52,gauge_zero
2026-08-18 03:45:50,2026-08-18T06:45:50.138Z,2.509999990463257,gauge_zero
2026-08-18 03:50:00,2026-08-18T06:50:00Z,2.51,gauge_zero
2026-08-18 03:55:50,2026-08-18T06:55:50.132Z,2.5899999141693115,gauge_zero
2026-08-18 04:00:00,2026-08-18T07:00:00Z,2.57,gauge_zero
2026-08-18 04:05:50,2026-08-18T07:05:50.126Z,2.5899999141693115,gauge_zero
2026-08-18 04:10:00,2026-08-18T07:10:00Z,2.58,gauge_zero
2026-08-18 04:15:50,2026-08-18T07:15:50.134Z,2.569999933242798,gauge_zero
2026-08-18 04:20:00,2026-08-18T07:20:00Z,2.57,gauge_zero
2026-08-18 04:25:50,2026-08-18T07:25:50.15Z,2.569999933242798,gauge_zero
2026-08-18 04:30:00,2026-08-18T07:30:00Z,2.57,gauge_zero
2026-08-18 04:35:50,2026-08-18T07:35:50.166Z,2.569999933242798,gauge_zero
2026-08-18 04:40:00,2026-08-18T07:40:00Z,2.56,gauge_zero
2026-08-18 04:45:50,2026-08-18T07:45:50.14Z,2.569999933242798,gauge_zero
2026-08-18 04:50:00,2026-08-18T07:50:00Z,2.56,gauge_zero
2026-08-18 04:55:50,2026-08-18T07:55:50.132Z,2.569999933242798,gauge_zero
2026-08-18 05:00:00,2026-08-18T08:00:00Z,2.56,gauge_zero
2026-08-18 05:05:50,2026-08-18T08:05:50.129Z,2.569999933242798,gauge_zero
2026-08-18 05:10:00,2026-08-18T08:10:00Z,2.56,gauge_zero
2026-08-18 05:15:50,2026-08-18T08:15:50.137Z,2.569999933242798,gauge_zero
2026-08-18 05:20:00,2026-08-18T08:20:00Z,2.56,gauge_zero
2026-08-18 05:25:50,2026-08-18T08:25:50.251Z,2.549999952316284,gauge_zero
2026-08-18 05:30:00,2026-08-18T08:30:00Z,2.55,gauge_zero
2026-08-18 05:35:50,2026-08-18T08:35:50.141Z,2.549999952316284,gauge_zero
2026-08-18 05:40:00,2026-08-18T08:40:00Z,2.56,gauge_zero
2026-08-18 05:45:50,2026-08-18T08:45:50.132Z,2.549999952316284,gauge_zero
2026-08-18 05:50:00,2026-08-18T08:50:00Z,2.55,gauge_zero
2026-08-18 05:55:50,2026-08-18T08:55:50.121Z,2.549999952316284,gauge_zero
2026-08-18 06:00:00,2026-08-18T09:00:00Z,2.56,gauge_zero
2026-08-18 06:05:50,2026-08-18T09:05:50.131Z,2.549999952316284,gauge_zero
2026-08-18 06:10:00,2026-08-18T09:10:00Z,2.55,gauge_zero
2026-08-18 06:15:50,2026-08-18T09:15:50.113Z,2.549999952316284,gauge_zero
2026-08-18 06:20:00,2026-08-18T09:20:00Z,2.55,gauge_zero
2026-08-18 06:25:50,2026-08-18T09:25:50.113Z,2.549999952316284,gauge_zero
2026-08-18 06:30:00,2026-08-18T09:30:00Z,2.55,gauge_zero
2026-08-18 06:35:50,2026-08-18T09:35:50.131Z,2.549999952316284,gauge_zero
2026-08-18 06:40:00,2026-08-18T09:40:00Z,2.55,gauge_zero
2026-08-18 06:45:50,2026-08-18T09:45:50.142Z,2.549999952316284,gauge_zero
2026-08-18 06:50:00,2026-08-18T09:50:00Z,2.55,gauge_zero
2026-08-18 06:55:50,2026-08-18T09:55:50.159Z,2.549999952316284,gauge_zero
2026-08-18 07:00:00,2026-08-18T10:00:00Z,2.55,gauge_zero
2026-08-18 07:05:50,2026-08-18T10:05:50.128Z,2.549999952316284,gauge_zero
2026-08-18 07:10:00,2026-08-18T10:10:00Z,2.55,gauge_zero
2026-08-18 07:15:50,2026-08-18T10:15:50.13Z,2.549999952316284,gauge_zero
2026-08-18 07:20:00,2026-08-18T10:20:00Z,2.55,gauge_zero
2026-08-18 07:25:50,2026-08-18T10:25:50.144Z,2.549999952316284,gauge_zero
2026-08-18 07:30:00,2026-08-18T10:30:00Z,2.55,gauge_zero
2026-08-18 07:35:50,2026-08-18T10:35:50.13Z,2.549999952316284,gauge_zero
2026-08-18 07:40:00,2026-08-18T10:40:00Z,2.55,gauge_zero
2026-08-18 07:45:50,2026-08-18T10:45:50.118Z,2.549999952316284,gauge_zero
2026-08-18 07:50:00,2026-08-18T10:50:00Z,2.55,gauge_zero
2026-08-18 07:55:50,2026-08-18T10:55:50.232Z,2.549999952316284,gauge_zero
2026-08-18 08:00:00,2026-08-18T11:00:00Z,2.55,gauge_zero
2026-08-18 08:05:50,2026-08-18T11:05:50.142Z,2.549999952316284,gauge_zero
2026-08-18 08:10:00,2026-08-18T11:10:00Z,2.55,gauge_zero
2026-08-18 08:15:50,2026-08-18T11:15:50.131Z,2.549999952316284,gauge_zero
2026-08-18 08:20:00,2026-08-18T11:20:00Z,2.55,gauge_zero
2026-08-18 08:25:37,2026-08-18T11:25:37.402Z,2.549999952316284,gauge_zero
2026-08-18 08:30:00,2026-08-18T11:30:00Z,2.55,gauge_zero
2026-08-18 08:35:37,2026-08-18T11:35:37.398Z,2.549999952316284,gauge_zero
2026-08-18 08:40:00,2026-08-18T11:40:00Z,2.55,gauge_zero
2026-08-18 08:45:52,2026-08-18T11:45:52.386Z,2.549999952316284,gauge_zero
2026-08-18 08:50:00,2026-08-18T11:50:00Z,2.55,gauge_zero
2026-08-18 08:55:52,2026-08-18T11:55:52.382Z,2.549999952316284,gauge_zero
2026-08-18 09:00:00,2026-08-18T12:00:00Z,2.55,gauge_zero
2026-08-18 09:05:37,2026-08-18T12:05:37.362Z,2.549999952316284,gauge_zero
2026-08-18 09:10:00,2026-08-18T12:10:00Z,2.54,gauge_zero
2026-08-18 09:15:37,2026-08-18T12:15:37.39Z,2.549999952316284,gauge_zero
2026-08-18 09:20:00,2026-08-18T12:20:00Z,2.55,gauge_zero
2026-08-18 09:25:37,2026-08-18T12:25:37.383Z,2.549999952316284,gauge_zero
2026-08-18 09:30:00,2026-08-18T12:30:00Z,2.55,gauge_zero
2026-08-18 09:35:52,2026-08-18T12:35:52.378Z,2.549999952316284,gauge_zero
2026-08-18 09:40:00,2026-08-18T12:40:00Z,2.54,gauge_zero
2026-08-18 09:45:52,2026-08-18T12:45:52.378Z,2.549999952316284,gauge_zero
2026-08-18 09:50:00,2026-08-18T12:50:00Z,2.54,gauge_zero
2026-08-18 09:55:52,2026-08-18T12:55:52.405Z,2.549999952316284,gauge_zero
2026-08-18 10:00:00,2026-08-18T13:00:00Z,2.54,gauge_zero
2026-08-18 10:05:37,2026-08-18T13:05:37.388Z,2.549999952316284,gauge_zero
2026-08-18 10:10:00,2026-08-18T13:10:00Z,2.54,gauge_zero
2026-08-18 10:15:37,2026-08-18T13:15:37.388Z,2.549999952316284,gauge_zero
2026-08-18 10:20:00,2026-08-18T13:20:00Z,2.54,gauge_zero
2026-08-18 10:25:52,2026-08-18T13:25:52.379Z,2.5299999713897705,gauge_zero
2026-08-18 10:30:00,2026-08-18T13:30:00Z,2.53,gauge_zero
2026-08-18 10:35:37,2026-08-18T13:35:37.37Z,2.5299999713897705,gauge_zero
2026-08-18 10:40:00,2026-08-18T13:40:00Z,2.53,gauge_zero
2026-08-18 10:45:37,2026-08-18T13:45:37.39Z,2.5299999713897705,gauge_zero
2026-08-18 10:50:00,2026-08-18T13:50:00Z,2.54,gauge_zero
2026-08-18 10:55:37,2026-08-18T13:55:37.399Z,2.5299999713897705,gauge_zero
2026-08-18 11:00:00,2026-08-18T14:00:00Z,2.53,gauge_zero
2026-08-18 11:05:37,2026-08-18T14:05:37.382Z,2.5299999713897705,gauge_zero
2026-08-18 11:10:00,2026-08-18T14:10:00Z,2.53,gauge_zero
2026-08-18 11:15:52,2026-08-18T14:15:52.426Z,2.5299999713897705,gauge_zero
2026-08-18 11:20:00,2026-08-18T14:20:00Z,2.54,gauge_zero
2026-08-18 11:25:52,2026-08-18T14:25:52.361Z,2.5299999713897705,gauge_zero
2026-08-18 11:30:00,2026-08-18T14:30:00Z,2.53,gauge_zero
2026-08-18 11:35:52,2026-08-18T14:35:52.375Z,2.5299999713897705,gauge_zero
2026-08-18 11:40:00,2026-08-18T14:40:00Z,2.53,gauge_zero
2026-08-18 11:45:37,2026-08-18T14:45:37.39Z,2.5299999713897705,gauge_zero
2026-08-18 11:50:00,2026-08-18T14:50:00Z,2.53,gauge_zero
2026-08-18 11:55:52,2026-08-18T14:55:52.402Z,2.5299999713897705,gauge_zero
2026-08-18 12:00:00,2026-08-18T15:00:00Z,2.53,gauge_zero
2026-08-18 12:05:52,2026-08-18T15:05:52.394Z,2.5299999713897705,gauge_zero
2026-08-18 12:10:00,2026-08-18T15:10:00Z,2.53,gauge_zero
2026-08-18 12:15:52,2026-08-18T15:15:52.409Z,2.5299999713897705,gauge_zero
2026-08-18 12:20:00,2026-08-18T15:20:00Z,2.53,gauge_zero
2026-08-18 12:25:52,2026-08-18T15:25:52.386Z,2.5299999713897705,gauge_zero
2026-08-18 12:30:00,2026-08-18T15:30:00Z,2.53,gauge_zero
2026-08-18 12:35:37,2026-08-18T15:35:37.442Z,2.5299999713897705,gauge_zero
2026-08-18 12:40:00,2026-08-18T15:40:00Z,2.52,gauge_zero
2026-08-18 12:45:37,2026-08-18T15:45:37.391Z,2.5299999713897705,gauge_zero
2026-08-18 12:50:00,2026-08-18T15:50:00Z,2.53,gauge_zero
2026-08-18 12:55:37,2026-08-18T15:55:37.391Z,2.5299999713897705,gauge_zero
2026-08-18 13:00:00,2026-08-18T16:00:00Z,2.52,gauge_zero
2026-08-18 13:05:52,2026-08-18T16:05:52.398Z,2.5299999713897705,gauge_zero
2026-08-18 13:10:00,2026-08-18T16:10:00Z,2.52,gauge_zero
2026-08-18 13:15:37,2026-08-18T16:15:37.482Z,2.5299999713897705,gauge_zero
2026-08-18 13:20:00,2026-08-18T16:20:00Z,2.52,gauge_zero
2026-08-18 13:25:37,2026-08-18T16:25:37.398Z,2.5299999713897705,gauge_zero
2026-08-18 13:30:00,2026-08-18T16:30:00Z,2.52,gauge_zero
2026-08-18 13:35:37,2026-08-18T16:35:37.435Z,2.5299999713897705,gauge_zero
2026-08-18 13:40:00,2026-08-18T16:40:00Z,2.52,gauge_zero
2026-08-18 13:45:52,2026-08-18T16:45:52.396Z,2.5299999713897705,gauge_zero
2026-08-18 13:50:00,2026-08-18T16:50:00Z,2.52,gauge_zero
2026-08-18 13:55:52,2026-08-18T16:55:52.41Z,2.5299999713897705,gauge_zero
2026-08-18 14:00:00,2026-08-18T17:00:00Z,2.52,gauge_zero
2026-08-18 14:05:52,2026-08-18T17:05:52.411Z,2.5299999713897705,gauge_zero
2026-08-18 14:10:00,2026-08-18T17:10:00Z,2.53,gauge_zero
2026-08-18 14:15:52,2026-08-18T17:15:52.413Z,2.5299999713897705,gauge_zero
2026-08-18 14:20:00,2026-08-18T17:20:00Z,2.52,gauge_zero
2026-08-18 14:25:52,2026-08-18T17:25:52.428Z,2.5299999713897705,gauge_zero
2026-08-18 14:30:00,2026-08-18T17:30:00Z,2.52,gauge_zero
2026-08-18 14:35:37,2026-08-18T17:35:37.409Z,2.5299999713897705,gauge_zero
2026-08-18 14:40:00,2026-08-18T17:40:00Z,2.52,gauge_zero
2026-08-18 14:45:52,2026-08-18T17:45:52.413Z,2.5299999713897705,gauge_zero
2026-08-18 14:50:00,2026-08-18T17:50:00Z,2.52,gauge_zero
2026-08-18 14:55:37,2026-08-18T17:55:37.414Z,2.5299999713897705,gauge_zero
2026-08-18 15:00:00,2026-08-18T18:00:00Z,2.52,gauge_zero
2026-08-18 15:05:52,2026-08-18T18:05:52.406Z,2.5299999713897705,gauge_zero
2026-08-18 15:10:00,2026-08-18T18:10:00Z,2.52,gauge_zero
2026-08-18 15:15:52,2026-08-18T18:15:52.407Z,2.5299999713897705,gauge_zero
2026-08-18 15:20:00,2026-08-18T18:20:00Z,2.52,gauge_zero
2026-08-18 15:25:52,2026-08-18T18:25:52.411Z,2.5299999713897705,gauge_zero
2026-08-18 15:30:00,2026-08-18T18:30:00Z,2.52,gauge_zero
2026-08-18 15:35:52,2026-08-18T18:35:52.429Z,2.5299999713897705,gauge_zero
2026-08-18 15:40:00,2026-08-18T18:40:00Z,2.52,gauge_zero
2026-08-18 15:45:37,2026-08-18T18:45:37.415Z,2.5299999713897705,gauge_zero
2026-08-18 15:50:00,2026-08-18T18:50:00Z,2.52,gauge_zero
2026-08-18 15:55:37,2026-08-18T18:55:37.433Z,2.5299999713897705,gauge_zero
2026-08-18 16:00:00,2026-08-18T19:00:00Z,2.52,gauge_zero
2026-08-18 16:05:52,2026-08-18T19:05:52.408Z,2.509999990463257,gauge_zero
2026-08-18 16:10:00,2026-08-18T19:10:00Z,2.51,gauge_zero
2026-08-18 16:15:52,2026-08-18T19:15:52.405Z,2.509999990463257,gauge_zero
2026-08-18 16:20:00,2026-08-18T19:20:00Z,2.52,gauge_zero
2026-08-18 16:25:37,2026-08-18T19:25:37.387Z,2.509999990463257,gauge_zero
2026-08-18 16:30:00,2026-08-18T19:30:00Z,2.51,gauge_zero
2026-08-18 16:35:37,2026-08-18T19:35:37.403Z,2.509999990463257,gauge_zero
2026-08-18 16:40:00,2026-08-18T19:40:00Z,2.51,gauge_zero
2026-08-18 16:45:52,2026-08-18T19:45:52.41Z,2.5299999713897705,gauge_zero
2026-08-18 16:50:00,2026-08-18T19:50:00Z,2.52,gauge_zero
2026-08-18 16:55:52,2026-08-18T19:55:52.414Z,2.5299999713897705,gauge_zero
2026-08-18 17:00:00,2026-08-18T20:00:00Z,2.52,gauge_zero
2026-08-18 17:05:37,2026-08-18T20:05:37.428Z,2.5299999713897705,gauge_zero
2026-08-18 17:10:00,2026-08-18T20:10:00Z,2.52,gauge_zero
2026-08-18 17:15:37,2026-08-18T20:15:37.414Z,2.509999990463257,gauge_zero
2026-08-18 17:20:00,2026-08-18T20:20:00Z,2.51,gauge_zero
2026-08-18 17:25:37,2026-08-18T20:25:37.422Z,2.509999990463257,gauge_zero
2026-08-18 17:30:00,2026-08-18T20:30:00Z,2.52,gauge_zero
2026-08-18 17:35:52,2026-08-18T20:35:52.425Z,2.509999990463257,gauge_zero
2026-08-18 17:40:00,2026-08-18T20:40:00Z,2.52,gauge_zero
2026-08-18 17:45:37,2026-08-18T20:45:37.436Z,2.509999990463257,gauge_zero
2026-08-18 17:50:00,2026-08-18T20:50:00Z,2.52,gauge_zero
2026-08-18 17:55:37,2026-08-18T20:55:37.41Z,2.509999990463257,gauge_zero
2026-08-18 18:00:00,2026-08-18T21:00:00Z,2.52,gauge_zero
2026-08-18 18:05:37,2026-08-18T21:05:37.444Z,2.509999990463257,gauge_zero
2026-08-18 18:10:00,2026-08-18T21:10:00Z,2.52,gauge_zero
2026-08-18 18:15:37,2026-08-18T21:15:37.403Z,2.509999990463257,gauge_zero
2026-08-18 18:20:00,2026-08-18T21:20:00Z,2.52,gauge_zero
2026-08-18 18:25:37,2026-08-18T21:25:37.406Z,2.509999990463257,gauge_zero
2026-08-18 18:30:00,2026-08-18T21:30:00Z,2.51,gauge_zero
2026-08-18 18:35:37,2026-08-18T21:35:37.429Z,2.509999990463257,gauge_zero
2026-08-18 18:40:00,2026-08-18T21:40:00Z,2.51,gauge_zero
2026-08-18 18:45:37,2026-08-18T21:45:37.431Z,2.509999990463257,gauge_zero
2026-08-18 18:50:00,2026-08-18T21:50:00Z,2.51,gauge_zero
2026-08-18 18:55:37,2026-08-18T21:55:37.41Z,2.509999990463257,gauge_zero
2026-08-18 19:00:00,2026-08-18T22:00:00Z,2.51,gauge_zero
2026-08-18 19:05:52,2026-08-18T22:05:52.422Z,2.509999990463257,gauge_zero
2026-08-18 19:10:00,2026-08-18T22:10:00Z,2.51,gauge_zero
2026-08-18 19:15:52,2026-08-18T22:15:52.49Z,2.509999990463257,gauge_zero
2026-08-18 19:20:00,2026-08-18T22:20:00Z,2.51,gauge_zero
2026-08-18 19:25:37,2026-08-18T22:25:37.427Z,2.509999990463257,gauge_zero
2026-08-18 19:30:00,2026-08-18T22:30:00Z,2.52,gauge_zero
2026-08-18 19:35:37,2026-08-18T22:35:37.407Z,2.509999990463257,gauge_zero
2026-08-18 19:40:00,2026-08-18T22:40:00Z,2.51,gauge_zero
2026-08-18 19:45:52,2026-08-18T22:45:52.429Z,2.509999990463257,gauge_zero
2026-08-18 19:50:00,2026-08-18T22:50:00Z,2.51,gauge_zero
2026-08-18 19:55:37,2026-08-18T22:55:37.417Z,2.509999990463257,gauge_zero
2026-08-18 20:00:00,2026-08-18T23:00:00Z,2.51,gauge_zero
2026-08-18 20:05:37,2026-08-18T23:05:37.418Z,2.509999990463257,gauge_zero
2026-08-18 20:10:00,2026-08-18T23:10:00Z,2.52,gauge_zero
2026-08-18 20:15:37,2026-08-18T23:15:37.414Z,2.509999990463257,gauge_zero
2026-08-18 20:20:00,2026-08-18T23:20:00Z,2.51,gauge_zero
2026-08-18 20:25:37,2026-08-18T23:25:37.423Z,2.509999990463257,gauge_zero
2026-08-18 20:30:00,2026-08-18T23:30:00Z,2.51,gauge_zero
2026-08-18 20:35:37,2026-08-18T23:35:37.452Z,2.509999990463257,gauge_zero
2026-08-18 20:40:00,2026-08-18T23:40:00Z,2.52,gauge_zero
2026-08-18 20:45:37,2026-08-18T23:45:37.449Z,2.509999990463257,gauge_zero
2026-08-18 20:50:00,2026-08-18T23:50:00Z,2.52,gauge_zero
2026-08-18 20:55:37,2026-08-18T23:55:37.41Z,2.509999990463257,gauge_zero
2026-08-18 21:00:00,2026-08-19T00:00:00Z,2.51,gauge_zero
2026-08-18 21:05:52,2026-08-19T00:05:52.422Z,2.509999990463257,gauge_zero
2026-08-18 21:10:00,2026-08-19T00:10:00Z,2.51,gauge_zero
2026-08-18 21:15:37,2026-08-19T00:15:37.427Z,2.509999990463257,gauge_zero
2026-08-18 21:20:00,2026-08-19T00:20:00Z,2.51,gauge_zero
2026-08-18 21:25:37,2026-08-19T00:25:37.413Z,2.509999990463257,gauge_zero
2026-08-18 21:30:00,2026-08-19T00:30:00Z,2.51,gauge_zero
2026-08-18 21:35:37,2026-08-19T00:35:37.417Z,2.509999990463257,gauge_zero
2026-08-18 21:40:00,2026-08-19T00:40:00Z,2.51,gauge_zero
2026-08-18 21:45:37,2026-08-19T00:45:37.483Z,2.509999990463257,gauge_zero
2026-08-18 21:50:00,2026-08-19T00:50:00Z,2.51,gauge_zero
2026-08-18 21:55:37,2026-08-19T00:55:37.429Z,2.509999990463257,gauge_zero
2026-08-18 22:00:00,2026-08-19T01:00:00Z,2.51,gauge_zero
2026-08-18 22:05:52,2026-08-19T01:05:52.417Z,2.509999990463257,gauge_zero
2026-08-18 22:10:00,2026-08-19T01:10:00Z,2.51,gauge_zero
2026-08-18 22:15:52,2026-08-19T01:15:52.413Z,2.509999990463257,gauge_zero
2026-08-18 22:20:00,2026-08-19T01:20:00Z,2.51,gauge_zero
2026-08-18 22:25:37,2026-08-19T01:25:37.417Z,2.509999990463257,gauge_zero
2026-08-18 22:30:00,2026-08-19T01:30:00Z,2.51,gauge_zero
2026-08-18 22:35:52,2026-08-19T01:35:52.458Z,2.509999990463257,gauge_zero
2026-08-18 22:40:00,2026-08-19T01:40:00Z,2.51,gauge_zero
2026-08-18 22:45:37,2026-08-19T01:45:37.433Z,2.509999990463257,gauge_zero
2026-08-18 22:50:00,2026-08-19T01:50:00Z,2.51,gauge_zero
2026-08-18 22:55:37,2026-08-19T01:55:37.456Z,2.509999990463257,gauge_zero
2026-08-18 23:00:00,2026-08-19T02:00:00Z,2.51,gauge_zero
2026-08-18 23:05:37,2026-08-19T02:05:37.423Z,2.509999990463257,gauge_zero
2026-08-18 23:10:00,2026-08-19T02:10:00Z,2.51,gauge_zero
2026-08-18 23:15:37,2026-08-19T02:15:37.427Z,2.509999990463257,gauge_zero
2026-08-18 23:20:00,2026-08-19T02:20:00Z,2.5,gauge_zero
2026-08-18 23:25:52,2026-08-19T02:25:52.443Z,2.490000009536743,gauge_zero
2026-08-18 23:30:00,2026-08-19T02:30:00Z,2.49,gauge_zero
2026-08-18 23:35:37,2026-08-19T02:35:37.428Z,2.490000009536743,gauge_zero
2026-08-18 23:40:00,2026-08-19T02:40:00Z,2.5,gauge_zero
2026-08-18 23:45:37,2026-08-19T02:45:37.432Z,2.509999990463257,gauge_zero
2026-08-18 23:50:00,2026-08-19T02:50:00Z,2.51,gauge_zero
2026-08-18 23:55:37,2026-08-19T02:55:37.413Z,2.509999990463257,gauge_zero
2026-08-19 00:00:00,2026-08-19T03:00:00Z,2.51,gauge_zero
2026-08-19 00:05:37,2026-08-19T03:05:37.438Z,2.509999990463257,gauge_zero
2026-08-19 00:10:00,2026-08-19T03:10:00Z,2.51,gauge_zero
2026-08-19 00:15:37,2026-08-19T03:15:37.45Z,2.509999990463257,gauge_zero
2026-08-19 00:20:00,2026-08-19T03:20:00Z,2.51,gauge_zero
2026-08-19 00:25:37,2026-08-19T03:25:37.43Z,2.509999990463257,gauge_zero
2026-08-19 00:30:00,2026-08-19T03:30:00Z,2.51,gauge_zero
2026-08-19 00:35:37,2026-08-19T03:35:37.449Z,2.509999990463257,gauge_zero
2026-08-19 00:40:00,2026-08-19T03:40:00Z,2.51,gauge_zero
2026-08-19 00:45:37,2026-08-19T03:45:37.439Z,2.509999990463257,gauge_zero
2026-08-19 00:50:00,2026-08-19T03:50:00Z,2.51,gauge_zero
2026-08-19 00:55:52,2026-08-19T03:55:52.435Z,2.509999990463257,gauge_zero
2026-08-19 01:00:00,2026-08-19T04:00:00Z,2.51,gauge_zero
2026-08-19 01:05:37,2026-08-19T04:05:37.427Z,2.509999990463257,gauge_zero
2026-08-19 01:10:00,2026-08-19T04:10:00Z,2.51,gauge_zero
2026-08-19 01:15:37,2026-08-19T04:15:37.448Z,2.509999990463257,gauge_zero
2026-08-19 01:20:00,2026-08-19T04:20:00Z,2.51,gauge_zero
2026-08-19 01:25:52,2026-08-19T04:25:52.434Z,2.509999990463257,gauge_zero
2026-08-19 01:30:00,2026-08-19T04:30:00Z,2.51,gauge_zero
2026-08-19 01:35:37,2026-08-19T04:35:37.468Z,2.509999990463257,gauge_zero
2026-08-19 01:40:00,2026-08-19T04:40:00Z,2.51,gauge_zero
2026-08-19 01:45:52,2026-08-19T04:45:52.483Z,2.509999990463257,gauge_zero
2026-08-19 01:50:00,2026-08-19T04:50:00Z,2.51,gauge_zero
2026-08-19 01:55:37,2026-08-19T04:55:37.442Z,2.509999990463257,gauge_zero
2026-08-19 02:00:00,2026-08-19T05:00:00Z,2.51,gauge_zero
2026-08-19 02:05:37,2026-08-19T05:05:37.462Z,2.509999990463257,gauge_zero
2026-08-19 02:10:00,2026-08-19T05:10:00Z,2.51,gauge_zero
2026-08-19 02:15:52,2026-08-19T05:15:52.455Z,2.509999990463257,gauge_zero
2026-08-19 02:20:00,2026-08-19T05:20:00Z,2.51,gauge_zero
2026-08-19 02:25:37,2026-08-19T05:25:37.445Z,2.509999990463257,gauge_zero
2026-08-19 02:30:00,2026-08-19T05:30:00Z,2.51,gauge_zero
2026-08-19 02:35:37,2026-08-19T05:35:37.443Z,2.509999990463257,gauge_zero
2026-08-19 02:40:00,2026-08-19T05:40:00Z,2.51,gauge_zero
2026-08-19 02:45:52,2026-08-19T05:45:52.423Z,2.509999990463257,gauge_zero
2026-08-19 02:50:00,2026-08-19T05:50:00Z,2.51,gauge_zero
2026-08-19 02:55:37,2026-08-19T05:55:37.423Z,2.509999990463257,gauge_zero
2026-08-19 03:00:00,2026-08-19T06:00:00Z,2.51,gauge_zero
2026-08-19 03:05:52,2026-08-19T06:05:52.433Z,2.509999990463257,gauge_zero
2026-08-19 03:10:00,2026-08-19T06:10:00Z,2.51,gauge_zero
2026-08-19 03:15:37,2026-08-19T06:15:37.47Z,2.509999990463257,gauge_zero
2026-08-19 03:20:00,2026-08-19T06:20:00Z,2.51,gauge_zero
2026-08-19 03:25:37,2026-08-19T06:25:37.47Z,2.509999990463257,gauge_zero
2026-08-19 03:30:00,2026-08-19T06:30:00Z,2.5,gauge_zero
2026-08-19 03:35:37,2026-08-19T06:35:37.443Z,2.509999990463257,gauge_zero
2026-08-19 03:40:00,2026-08-19T06:40:00Z,2.5,gauge_zero
2026-08-19 03:45:37,2026-08-19T06:45:37.492Z,2.509999990463257,gauge_zero
2026-08-19 03:50:00,2026-08-19T06:50:00Z,2.51,gauge_zero
2026-08-19 03:55:37,2026-08-19T06:55:37.461Z,2.509999990463257,gauge_zero
2026-08-19 04:00:00,2026-08-19T07:00:00Z,2.51,gauge_zero
2026-08-19 04:05:52,2026-08-19T07:05:52.441Z,2.509999990463257,gauge_zero
2026-08-19 04:10:00,2026-08-19T07:10:00Z,2.5,gauge_zero
2026-08-19 04:15:52,2026-08-19T07:15:52.454Z,2.509999990463257,gauge_zero
2026-08-19 04:20:00,2026-08-19T07:20:00Z,2.5,gauge_zero
2026-08-19 04:25:37,2026-08-19T07:25:37.453Z,2.509999990463257,gauge_zero
2026-08-19 04:30:00,2026-08-19T07:30:00Z,2.5,gauge_zero
2026-08-19 04:35:37,2026-08-19T07:35:37.426Z,2.509999990463257,gauge_zero
2026-08-19 04:40:00,2026-08-19T07:40:00Z,2.5,gauge_zero
2026-08-19 04:45:37,2026-08-19T07:45:37.439Z,2.509999990463257,gauge_zero
2026-08-19 04:50:00,2026-08-19T07:50:00Z,2.5,gauge_zero
2026-08-19 04:55:52,2026-08-19T07:55:52.44Z,2.509999990463257,gauge_zero
2026-08-19 05:00:00,2026-08-19T08:00:00Z,2.5,gauge_zero
2026-08-19 05:05:37,2026-08-19T08:05:37.459Z,2.509999990463257,gauge_zero
2026-08-19 05:10:00,2026-08-19T08:10:00Z,2.51,gauge_zero
2026-08-19 05:15:37,2026-08-19T08:15:37.455Z,2.509999990463257,gauge_zero
2026-08-19 05:20:00,2026-08-19T08:20:00Z,2.51,gauge_zero
2026-08-19 05:25:37,2026-08-19T08:25:37.46Z,2.509999990463257,gauge_zero
2026-08-19 05:30:00,2026-08-19T08:30:00Z,2.5,gauge_zero
2026-08-19 05:35:37,2026-08-19T08:35:37.443Z,2.509999990463257,gauge_zero
2026-08-19 05:40:00,2026-08-19T08:40:00Z,2.51,gauge_zero
2026-08-19 05:45:37,2026-08-19T08:45:37.466Z,2.509999990463257,gauge_zero
2026-08-19 05:50:00,2026-08-19T08:50:00Z,2.51,gauge_zero
2026-08-19 05:55:37,2026-08-19T08:55:37.463Z,2.509999990463257,gauge_zero
2026-08-19 06:00:00,2026-08-19T09:00:00Z,2.5,gauge_zero
2026-08-19 06:05:37,2026-08-19T09:05:37.453Z,2.509999990463257,gauge_zero
2026-08-19 06:10:00,2026-08-19T09:10:00Z,2.51,gauge_zero
2026-08-19 06:15:37,2026-08-19T09:15:37.428Z,2.509999990463257,gauge_zero
2026-08-19 06:20:00,2026-08-19T09:20:00Z,2.5,gauge_zero
2026-08-19 06:25:37,2026-08-19T09:25:37.435Z,2.509999990463257,gauge_zero
2026-08-19 06:30:00,2026-08-19T09:30:00Z,2.5,gauge_zero
2026-08-19 06:35:37,2026-08-19T09:35:37.436Z,2.509999990463257,gauge_zero
2026-08-19 06:40:00,2026-08-19T09:40:00Z,2.5,gauge_zero
2026-08-19 06:45:37,2026-08-19T09:45:37.458Z,2.509999990463257,gauge_zero
2026-08-19 06:50:00,2026-08-19T09:50:00Z,2.5,gauge_zero
2026-08-19 06:55:37,2026-08-19T09:55:37.457Z,2.509999990463257,gauge_zero
2026-08-19 07:00:00,2026-08-19T10:00:00Z,2.5,gauge_zero
2026-08-19 07:05:37,2026-08-19T10:05:37.454Z,2.509999990463257,gauge_zero
2026-08-19 07:10:00,2026-08-19T10:10:00Z,2.5,gauge_zero
2026-08-19 07:15:37,2026-08-19T10:15:37.455Z,2.509999990463257,gauge_zero
2026-08-19 07:20:00,2026-08-19T10:20:00Z,2.5,gauge_zero
2026-08-19 07:25:52,2026-08-19T10:25:52.476Z,2.509999990463257,gauge_zero
2026-08-19 07:30:00,2026-08-19T10:30:00Z,2.5,gauge_zero
2026-08-19 07:35:37,2026-08-19T10:35:37.465Z,2.509999990463257,gauge_zero
2026-08-19 07:40:00,2026-08-19T10:40:00Z,2.5,gauge_zero
2026-08-19 07:45:37,2026-08-19T10:45:37.471Z,2.509999990463257,gauge_zero
2026-08-19 07:50:00,2026-08-19T10:50:00Z,2.5,gauge_zero
2026-08-19 07:55:37,2026-08-19T10:55:37.443Z,2.509999990463257,gauge_zero
2026-08-19 08:00:00,2026-08-19T11:00:00Z,2.5,gauge_zero
2026-08-19 08:05:52,2026-08-19T11:05:52.459Z,2.509999990463257,gauge_zero
2026-08-19 08:10:00,2026-08-19T11:10:00Z,2.5,gauge_zero
2026-08-19 08:15:37,2026-08-19T11:15:37.479Z,2.509999990463257,gauge_zero
2026-08-19 08:20:00,2026-08-19T11:20:00Z,2.5,gauge_zero
2026-08-19 08:25:37,2026-08-19T11:25:37.447Z,2.509999990463257,gauge_zero
2026-08-19 08:30:00,2026-08-19T11:30:00Z,2.5,gauge_zero
2026-08-19 08:35:37,2026-08-19T11:35:37.458Z,2.490000009536743,gauge_zero
2026-08-19 08:40:00,2026-08-19T11:40:00Z,2.5,gauge_zero
2026-08-19 08:45:52,2026-08-19T11:45:52.465Z,2.490000009536743,gauge_zero
2026-08-19 08:50:00,2026-08-19T11:50:00Z,2.5,gauge_zero
2026-08-19 08:55:37,2026-08-19T11:55:37.451Z,2.490000009536743,gauge_zero
2026-08-19 09:00:00,2026-08-19T12:00:00Z,2.5,gauge_zero
2026-08-19 09:05:37,2026-08-19T12:05:37.471Z,2.490000009536743,gauge_zero
2026-08-19 09:10:00,2026-08-19T12:10:00Z,2.49,gauge_zero
2026-08-19 09:15:37,2026-08-19T12:15:37.467Z,2.490000009536743,gauge_zero
2026-08-19 09:20:00,2026-08-19T12:20:00Z,2.49,gauge_zero
2026-08-19 09:25:37,2026-08-19T12:25:37.469Z,2.490000009536743,gauge_zero
2026-08-19 09:30:00,2026-08-19T12:30:00Z,2.49,gauge_zero
2026-08-19 09:35:37,2026-08-19T12:35:37.463Z,2.490000009536743,gauge_zero
2026-08-19 09:40:00,2026-08-19T12:40:00Z,2.49,gauge_zero
2026-08-19 09:45:37,2026-08-19T12:45:37.473Z,2.490000009536743,gauge_zero
2026-08-19 09:50:00,2026-08-19T12:50:00Z,2.49,gauge_zero
2026-08-19 09:55:37,2026-08-19T12:55:37.47Z,2.490000009536743,gauge_zero
2026-08-19 10:00:00,2026-08-19T13:00:00Z,2.49,gauge_zero
2026-08-19 10:05:37,2026-08-19T13:05:37.471Z,2.490000009536743,gauge_zero
2026-08-19 10:10:00,2026-08-19T13:10:00Z,2.49,gauge_zero
2026-08-19 10:15:37,2026-08-19T13:15:37.582Z,2.490000009536743,gauge_zero
2026-08-19 10:20:00,2026-08-19T13:20:00Z,2.49,gauge_zero
2026-08-19 10:25:37,2026-08-19T13:25:37.459Z,2.490000009536743,gauge_zero
2026-08-19 10:30:00,2026-08-19T13:30:00Z,2.48,gauge_zero
2026-08-19 10:35:37,2026-08-19T13:35:37.476Z,2.4700000286102295,gauge_zero
2026-08-19 10:40:00,2026-08-19T13:40:00Z,2.47,gauge_zero
2026-08-19 10:45:52,2026-08-19T13:45:52.458Z,2.450000047683716,gauge_zero
2026-08-19 10:50:00,2026-08-19T13:50:00Z,2.45,gauge_zero
2026-08-19 10:55:37,2026-08-19T13:55:37.467Z,2.450000047683716,gauge_zero
2026-08-19 11:00:00,2026-08-19T14:00:00Z,2.44,gauge_zero
2026-08-19 11:05:37,2026-08-19T14:05:37.464Z,2.430000066757202,gauge_zero
2026-08-19 11:10:00,2026-08-19T14:10:00Z,2.43,gauge_zero
2026-08-19 11:15:52,2026-08-19T14:15:52.499Z,2.450000047683716,gauge_zero
2026-08-19 11:20:00,2026-08-19T14:20:00Z,2.44,gauge_zero
2026-08-19 11:25:37,2026-08-19T14:25:37.492Z,2.490000009536743,gauge_zero
2026-08-19 11:30:00,2026-08-19T14:30:00Z,2.48,gauge_zero
2026-08-19 11:35:37,2026-08-19T14:35:37.48Z,2.490000009536743,gauge_zero
2026-08-19 11:40:00,2026-08-19T14:40:00Z,2.49,gauge_zero
2026-08-19 11:45:52,2026-08-19T14:45:52.497Z,2.490000009536743,gauge_zero
2026-08-19 11:50:00,2026-08-19T14:50:00Z,2.49,gauge_zero
2026-08-19 11:55:37,2026-08-19T14:55:37.497Z,2.509999990463257,gauge_zero
2026-08-19 12:00:00,2026-08-19T15:00:00Z,2.5,gauge_zero
2026-08-19 12:05:52,2026-08-19T15:05:52.473Z,2.509999990463257,gauge_zero
2026-08-19 12:10:00,2026-08-19T15:10:00Z,2.51,gauge_zero
2026-08-19 12:15:37,2026-08-19T15:15:37.451Z,2.509999990463257,gauge_zero
2026-08-19 12:20:00,2026-08-19T15:20:00Z,2.51,gauge_zero
2026-08-19 12:25:37,2026-08-19T15:25:37.471Z,2.509999990463257,gauge_zero
2026-08-19 12:30:00,2026-08-19T15:30:00Z,2.5,gauge_zero
2026-08-19 12:35:37,2026-08-19T15:35:37.467Z,2.490000009536743,gauge_zero
2026-08-19 12:40:00,2026-08-19T15:40:00Z,2.49,gauge_zero
2026-08-19 12:45:52,2026-08-19T15:45:52.472Z,2.490000009536743,gauge_zero
2026-08-19 12:50:00,2026-08-19T15:50:00Z,2.48,gauge_zero
2026-08-19 12:55:37,2026-08-19T15:55:37.497Z,2.4700000286102295,gauge_zero
2026-08-19 13:00:00,2026-08-19T16:00:00Z,2.47,gauge_zero
2026-08-19 13:05:52,2026-08-19T16:05:52.478Z,2.4700000286102295,gauge_zero
2026-08-19 13:10:00,2026-08-19T16:10:00Z,2.48,gauge_zero
2026-08-19 13:15:37,2026-08-19T16:15:37.471Z,2.4700000286102295,gauge_zero
2026-08-19 13:20:00,2026-08-19T16:20:00Z,2.47,gauge_zero
2026-08-19 13:25:52,2026-08-19T16:25:52.478Z,2.4700000286102295,gauge_zero
2026-08-19 13:30:00,2026-08-19T16:30:00Z,2.48,gauge_zero
2026-08-19 13:35:52,2026-08-19T16:35:52.485Z,2.4700000286102295,gauge_zero
2026-08-19 13:40:00,2026-08-19T16:40:00Z,2.48,gauge_zero
2026-08-19 13:45:45,2026-08-19T16:45:45.802Z,2.4800000190734863,gauge_zero
2026-08-19 13:50:00,2026-08-19T16:50:00Z,2.48,gauge_zero
2026-08-19 13:55:45,2026-08-19T16:55:45.799Z,2.4800000190734863,gauge_zero
2026-08-19 14:00:00,2026-08-19T17:00:00Z,2.48,gauge_zero
2026-08-19 14:05:45,2026-08-19T17:05:45.781Z,2.4800000190734863,gauge_zero
2026-08-19 14:10:00,2026-08-19T17:10:00Z,2.48,gauge_zero
2026-08-19 14:15:45,2026-08-19T17:15:45.789Z,2.4800000190734863,gauge_zero
2026-08-19 14:20:00,2026-08-19T17:20:00Z,2.48,gauge_zero
2026-08-19 14:25:45,2026-08-19T17:25:45.778Z,2.4800000190734863,gauge_zero
2026-08-19 14:30:00,2026-08-19T17:30:00Z,2.48,gauge_zero
2026-08-19 14:35:45,2026-08-19T17:35:45.896Z,2.4800000190734863,gauge_zero
2026-08-19 14:40:00,2026-08-19T17:40:00Z,2.48,gauge_zero
2026-08-19 14:45:43,2026-08-19T17:45:43.348Z,2.4800000190734863,gauge_zero
2026-08-19 14:50:00,2026-08-19T17:50:00Z,2.48,gauge_zero
2026-08-19 14:55:43,2026-08-19T17:55:43.361Z,2.4800000190734863,gauge_zero
2026-08-19 15:00:00,2026-08-19T18:00:00Z,2.48,gauge_zero
2026-08-19 15:05:43,2026-08-19T18:05:43.34Z,2.4800000190734863,gauge_zero
2026-08-19 15:10:00,2026-08-19T18:10:00Z,2.48,gauge_zero
2026-08-19 15:15:43,2026-08-19T18:15:43.325Z,2.4800000190734863,gauge_zero
2026-08-19 15:20:00,2026-08-19T18:20:00Z,2.48,gauge_zero
2026-08-19 15:25:43,2026-08-19T18:25:43.345Z,2.4800000190734863,gauge_zero
2026-08-19 15:30:00,2026-08-19T18:30:00Z,2.48,gauge_zero
2026-08-19 15:35:43,2026-08-19T18:35:43.337Z,2.4800000190734863,gauge_zero
2026-08-19 15:40:00,2026-08-19T18:40:00Z,2.47,gauge_zero
2026-08-19 15:45:43,2026-08-19T18:45:43.325Z,2.4800000190734863,gauge_zero
2026-08-19 15:50:00,2026-08-19T18:50:00Z,2.47,gauge_zero
2026-08-19 15:55:43,2026-08-19T18:55:43.44Z,2.4800000190734863,gauge_zero
2026-08-19 16:00:00,2026-08-19T19:00:00Z,2.48,gauge_zero
2026-08-19 16:05:43,2026-08-19T19:05:43.342Z,2.4800000190734863,gauge_zero
2026-08-19 16:10:00,2026-08-19T19:10:00Z,2.48,gauge_zero
2026-08-19 16:15:43,2026-08-19T19:15:43.344Z,2.5,gauge_zero
2026-08-19 16:20:00,2026-08-19T19:20:00Z,2.49,gauge_zero
2026-08-19 16:25:43,2026-08-19T19:25:43.339Z,2.5,gauge_zero
2026-08-19 16:30:00,2026-08-19T19:30:00Z,2.49,gauge_zero
2026-08-19 16:35:43,2026-08-19T19:35:43.434Z,2.5,gauge_zero
2026-08-19 16:40:00,2026-08-19T19:40:00Z,2.49,gauge_zero
2026-08-19 16:45:43,2026-08-19T19:45:43.34Z,2.5,gauge_zero
2026-08-19 16:50:00,2026-08-19T19:50:00Z,2.49,gauge_zero
2026-08-19 16:55:43,2026-08-19T19:55:43.368Z,2.4800000190734863,gauge_zero
2026-08-19 17:00:00,2026-08-19T20:00:00Z,2.49,gauge_zero
2026-08-19 17:05:43,2026-08-19T20:05:43.37Z,2.4800000190734863,gauge_zero
2026-08-19 17:10:00,2026-08-19T20:10:00Z,2.47,gauge_zero
2026-08-19 17:15:43,2026-08-19T20:15:43.361Z,2.4600000381469727,gauge_zero
2026-08-19 17:20:00,2026-08-19T20:20:00Z,2.46,gauge_zero
2026-08-19 17:25:43,2026-08-19T20:25:43.453Z,2.4600000381469727,gauge_zero
2026-08-19 17:30:00,2026-08-19T20:30:00Z,2.45,gauge_zero
2026-08-19 17:35:43,2026-08-19T20:35:43.336Z,2.4800000190734863,gauge_zero
2026-08-19 17:40:00,2026-08-19T20:40:00Z,2.46,gauge_zero
2026-08-19 17:45:43,2026-08-19T20:45:43.328Z,2.4800000190734863,gauge_zero
2026-08-19 17:50:00,2026-08-19T20:50:00Z,2.48,gauge_zero
2026-08-19 17:55:43,2026-08-19T20:55:43.366Z,2.4800000190734863,gauge_zero
2026-08-19 18:00:00,2026-08-19T21:00:00Z,2.49,gauge_zero
2026-08-19 18:05:43,2026-08-19T21:05:43.366Z,2.5,gauge_zero
2026-08-19 18:10:00,2026-08-19T21:10:00Z,2.49,gauge_zero
2026-08-19 18:15:43,2026-08-19T21:15:43.368Z,2.4800000190734863,gauge_zero
2026-08-19 18:20:00,2026-08-19T21:20:00Z,2.49,gauge_zero
2026-08-19 18:25:43,2026-08-19T21:25:43.342Z,2.4800000190734863,gauge_zero
2026-08-19 18:30:00,2026-08-19T21:30:00Z,2.48,gauge_zero
2026-08-19 18:35:43,2026-08-19T21:35:43.349Z,2.4800000190734863,gauge_zero
2026-08-19 18:40:00,2026-08-19T21:40:00Z,2.47,gauge_zero
2026-08-19 18:45:43,2026-08-19T21:45:43.37Z,2.4800000190734863,gauge_zero
2026-08-19 18:50:00,2026-08-19T21:50:00Z,2.47,gauge_zero
2026-08-19 18:55:43,2026-08-19T21:55:43.36Z,2.4800000190734863,gauge_zero
2026-08-19 19:00:00,2026-08-19T22:00:00Z,2.47,gauge_zero
2026-08-19 19:05:43,2026-08-19T22:05:43.402Z,2.4800000190734863,gauge_zero
2026-08-19 19:10:00,2026-08-19T22:10:00Z,2.48,gauge_zero
2026-08-19 19:15:43,2026-08-19T22:15:43.359Z,2.4800000190734863,gauge_zero
2026-08-19 19:20:00,2026-08-19T22:20:00Z,2.47,gauge_zero
2026-08-19 19:25:43,2026-08-19T22:25:43.387Z,2.4800000190734863,gauge_zero
2026-08-19 19:30:00,2026-08-19T22:30:00Z,2.47,gauge_zero
2026-08-19 19:35:43,2026-08-19T22:35:43.375Z,2.4800000190734863,gauge_zero
2026-08-19 19:40:00,2026-08-19T22:40:00Z,2.47,gauge_zero
2026-08-19 19:45:43,2026-08-19T22:45:43.375Z,2.4800000190734863,gauge_zero
2026-08-19 19:50:00,2026-08-19T22:50:00Z,2.47,gauge_zero
2026-08-19 19:55:43,2026-08-19T22:55:43.358Z,2.4800000190734863,gauge_zero
2026-08-19 20:00:00,2026-08-19T23:00:00Z,2.48,gauge_zero
2026-08-19 20:05:43,2026-08-19T23:05:43.38Z,2.4800000190734863,gauge_zero
2026-08-19 20:10:00,2026-08-19T23:10:00Z,2.47,gauge_zero
2026-08-19 20:15:43,2026-08-19T23:15:43.419Z,2.4800000190734863,gauge_zero
2026-08-19 20:20:00,2026-08-19T23:20:00Z,2.47,gauge_zero
2026-08-19 20:25:43,2026-08-19T23:25:43.378Z,2.4800000190734863,gauge_zero
2026-08-19 20:30:00,2026-08-19T23:30:00Z,2.47,gauge_zero
2026-08-19 20:35:43,2026-08-19T23:35:43.368Z,2.4800000190734863,gauge_zero
2026-08-19 20:40:00,2026-08-19T23:40:00Z,2.47,gauge_zero
2026-08-19 20:45:43,2026-08-19T23:45:43.357Z,2.4800000190734863,gauge_zero
2026-08-19 20:50:00,2026-08-19T23:50:00Z,2.48,gauge_zero
2026-08-19 20:55:43,2026-08-19T23:55:43.373Z,2.4800000190734863,gauge_zero
2026-08-19 21:00:00,2026-08-20T00:00:00Z,2.47,gauge_zero
2026-08-19 21:05:43,2026-08-20T00:05:43.381Z,2.4800000190734863,gauge_zero
2026-08-19 21:10:00,2026-08-20T00:10:00Z,2.48,gauge_zero
2026-08-19 21:15:43,2026-08-20T00:15:43.359Z,2.4800000190734863,gauge_zero
2026-08-19 21:20:00,2026-08-20T00:20:00Z,2.48,gauge_zero
2026-08-19 21:25:43,2026-08-20T00:25:43.377Z,2.4800000190734863,gauge_zero
2026-08-19 21:30:00,2026-08-20T00:30:00Z,2.48,gauge_zero
2026-08-19 21:35:43,2026-08-20T00:35:43.398Z,2.4800000190734863,gauge_zero
2026-08-19 21:40:00,2026-08-20T00:40:00Z,2.48,gauge_zero
2026-08-19 21:45:43,2026-08-20T00:45:43.365Z,2.4800000190734863,gauge_zero
2026-08-19 21:50:00,2026-08-20T00:50:00Z,2.47,gauge_zero
2026-08-19 21:55:43,2026-08-20T00:55:43.372Z,2.4800000190734863,gauge_zero
2026-08-19 22:00:00,2026-08-20T01:00:00Z,2.47,gauge_zero
2026-08-19 22:05:43,2026-08-20T01:05:43.367Z,2.4800000190734863,gauge_zero
2026-08-19 22:10:00,2026-08-20T01:10:00Z,2.47,gauge_zero
2026-08-19 22:15:43,2026-08-20T01:15:43.361Z,2.4800000190734863,gauge_zero
2026-08-19 22:20:00,2026-08-20T01:20:00Z,2.47,gauge_zero
2026-08-19 22:25:43,2026-08-20T01:25:43.364Z,2.4800000190734863,gauge_zero
2026-08-19 22:30:00,2026-08-20T01:30:00Z,2.47,gauge_zero
2026-08-19 22:35:43,2026-08-20T01:35:43.364Z,2.4800000190734863,gauge_zero
2026-08-19 22:40:00,2026-08-20T01:40:00Z,2.47,gauge_zero
2026-08-19 22:45:43,2026-08-20T01:45:43.376Z,2.4800000190734863,gauge_zero
2026-08-19 22:50:00,2026-08-20T01:50:00Z,2.47,gauge_zero
2026-08-19 22:55:43,2026-08-20T01:55:43.377Z,2.4800000190734863,gauge_zero
2026-08-19 23:00:00,2026-08-20T02:00:00Z,2.47,gauge_zero
2026-08-19 23:05:43,2026-08-20T02:05:43.353Z,2.4800000190734863,gauge_zero
2026-08-19 23:10:00,2026-08-20T02:10:00Z,2.47,gauge_zero
2026-08-19 23:15:43,2026-08-20T02:15:43.381Z,2.4800000190734863,gauge_zero
2026-08-19 23:20:00,2026-08-20T02:20:00Z,2.47,gauge_zero
2026-08-19 23:25:43,2026-08-20T02:25:43.389Z,2.4800000190734863,gauge_zero
2026-08-19 23:30:00,2026-08-20T02:30:00Z,2.47,gauge_zero
2026-08-19 23:35:43,2026-08-20T02:35:43.368Z,2.4800000190734863,gauge_zero
2026-08-19 23:40:00,2026-08-20T02:40:00Z,2.47,gauge_zero
2026-08-19 23:45:43,2026-08-20T02:45:43.373Z,2.4800000190734863,gauge_zero
2026-08-19 23:50:00,2026-08-20T02:50:00Z,2.47,gauge_zero
2026-08-19 23:55:43,2026-08-20T02:55:43.369Z,2.4800000190734863,gauge_zero
2026-08-20 00:00:00,2026-08-20T03:00:00Z,2.47,gauge_zero
2026-08-20 00:05:45,2026-08-20T03:05:45.991Z,2.4700000286102295,gauge_zero
2026-08-20 00:10:00,2026-08-20T03:10:00Z,2.47,gauge_zero
2026-08-20 00:15:46,2026-08-20T03:15:46.008Z,2.4700000286102295,gauge_zero
2026-08-20 00:20:00,2026-08-20T03:20:00Z,2.46,gauge_zero
2026-08-20 00:25:46,2026-08-20T03:25:46.005Z,2.4700000286102295,gauge_zero
2026-08-20 00:30:00,2026-08-20T03:30:00Z,2.46,gauge_zero
2026-08-20 00:35:46,2026-08-20T03:35:46.008Z,2.4700000286102295,gauge_zero
2026-08-20 00:40:00,2026-08-20T03:40:00Z,2.46,gauge_zero
2026-08-20 00:45:46,2026-08-20T03:45:46.031Z,2.4700000286102295,gauge_zero
2026-08-20 00:50:00,2026-08-20T03:50:00Z,2.47,gauge_zero
2026-08-20 00:55:46,2026-08-20T03:55:46.015Z,2.4700000286102295,gauge_zero
2026-08-20 01:00:00,2026-08-20T04:00:00Z,2.47,gauge_zero
2026-08-20 01:05:46,2026-08-20T04:05:46.001Z,2.4700000286102295,gauge_zero
2026-08-20 01:10:00,2026-08-20T04:10:00Z,2.47,gauge_zero
2026-08-20 01:15:46,2026-08-20T04:15:46.003Z,2.4700000286102295,gauge_zero
2026-08-20 01:20:00,2026-08-20T04:20:00Z,2.47,gauge_zero
2026-08-20 01:25:46,2026-08-20T04:25:46.024Z,2.4700000286102295,gauge_zero
2026-08-20 01:30:00,2026-08-20T04:30:00Z,2.47,gauge_zero
2026-08-20 01:35:45,2026-08-20T04:35:45.999Z,2.4700000286102295,gauge_zero
2026-08-20 01:40:00,2026-08-20T04:40:00Z,2.47,gauge_zero
2026-08-20 01:45:46,2026-08-20T04:45:46.005Z,2.4700000286102295,gauge_zero
2026-08-20 01:50:00,2026-08-20T04:50:00Z,2.47,gauge_zero
2026-08-20 01:55:46,2026-08-20T04:55:46.006Z,2.4700000286102295,gauge_zero
2026-08-20 02:00:00,2026-08-20T05:00:00Z,2.47,gauge_zero
2026-08-20 02:05:45,2026-08-20T05:05:45.991Z,2.4700000286102295,gauge_zero
2026-08-20 02:10:00,2026-08-20T05:10:00Z,2.47,gauge_zero
2026-08-20 02:15:45,2026-08-20T05:15:45.999Z,2.4700000286102295,gauge_zero
2026-08-20 02:20:00,2026-08-20T05:20:00Z,2.47,gauge_zero
2026-08-20 02:25:46,2026-08-20T05:25:46Z,2.4700000286102295,gauge_zero
2026-08-20 02:30:00,2026-08-20T05:30:00Z,2.47,gauge_zero
2026-08-20 02:35:46,2026-08-20T05:35:46.019Z,2.4700000286102295,gauge_zero
2026-08-20 02:40:00,2026-08-20T05:40:00Z,2.47,gauge_zero
2026-08-20 02:45:45,2026-08-20T05:45:45.999Z,2.4700000286102295,gauge_zero
2026-08-20 02:50:00,2026-08-20T05:50:00Z,2.47,gauge_zero
2026-08-20 02:55:45,2026-08-20T05:55:45.997Z,2.4700000286102295,gauge_zero
2026-08-20 03:00:00,2026-08-20T06:00:00Z,2.47,gauge_zero
2026-08-20 03:05:46,2026-08-20T06:05:46.018Z,2.4700000286102295,gauge_zero
2026-08-20 03:10:00,2026-08-20T06:10:00Z,2.47,gauge_zero
2026-08-20 03:15:46,2026-08-20T06:15:46.011Z,2.4700000286102295,gauge_zero
2026-08-20 03:20:00,2026-08-20T06:20:00Z,2.47,gauge_zero
2026-08-20 03:25:45,2026-08-20T06:25:45.993Z,2.4700000286102295,gauge_zero
2026-08-20 03:30:00,2026-08-20T06:30:00Z,2.47,gauge_zero
2026-08-20 03:35:45,2026-08-20T06:35:45.988Z,2.4700000286102295,gauge_zero
2026-08-20 03:40:00,2026-08-20T06:40:00Z,2.46,gauge_zero
2026-08-20 03:45:45,2026-08-20T06:45:45.993Z,2.4700000286102295,gauge_zero
2026-08-20 03:50:00,2026-08-20T06:50:00Z,2.47,gauge_zero
2026-08-20 03:55:45,2026-08-20T06:55:45.994Z,2.4700000286102295,gauge_zero
2026-08-20 04:00:00,2026-08-20T07:00:00Z,2.47,gauge_zero
2026-08-20 04:05:45,2026-08-20T07:05:45.98Z,2.4700000286102295,gauge_zero
2026-08-20 04:10:00,2026-08-20T07:10:00Z,2.47,gauge_zero
2026-08-20 04:15:46,2026-08-20T07:15:46.007Z,2.4700000286102295,gauge_zero
2026-08-20 04:20:00,2026-08-20T07:20:00Z,2.47,gauge_zero
2026-08-20 04:25:46,2026-08-20T07:25:46.057Z,2.4700000286102295,gauge_zero
2026-08-20 04:30:00,2026-08-20T07:30:00Z,2.46,gauge_zero
2026-08-20 04:35:46,2026-08-20T07:35:46.007Z,2.4700000286102295,gauge_zero
2026-08-20 04:40:00,2026-08-20T07:40:00Z,2.47,gauge_zero
2026-08-20 04:45:46,2026-08-20T07:45:46.026Z,2.4700000286102295,gauge_zero
2026-08-20 04:50:00,2026-08-20T07:50:00Z,2.47,gauge_zero
2026-08-20 04:55:46,2026-08-20T07:55:46.004Z,2.4700000286102295,gauge_zero
2026-08-20 05:00:00,2026-08-20T08:00:00Z,2.47,gauge_zero
2026-08-20 05:05:46,2026-08-20T08:05:46.013Z,2.4700000286102295,gauge_zero
2026-08-20 05:10:00,2026-08-20T08:10:00Z,2.46,gauge_zero
2026-08-20 05:15:46,2026-08-20T08:15:46.009Z,2.4700000286102295,gauge_zero
2026-08-20 05:20:00,2026-08-20T08:20:00Z,2.47,gauge_zero
2026-08-20 05:25:46,2026-08-20T08:25:46.016Z,2.4700000286102295,gauge_zero
2026-08-20 05:30:00,2026-08-20T08:30:00Z,2.47,gauge_zero
2026-08-20 05:35:46,2026-08-20T08:35:46.015Z,2.4700000286102295,gauge_zero
2026-08-20 05:40:00,2026-08-20T08:40:00Z,2.47,gauge_zero
2026-08-20 05:45:45,2026-08-20T08:45:45.996Z,2.4700000286102295,gauge_zero
2026-08-20 05:50:00,2026-08-20T08:50:00Z,2.47,gauge_zero
2026-08-20 05:55:45,2026-08-20T08:55:45.986Z,2.4700000286102295,gauge_zero
2026-08-20 06:00:00,2026-08-20T09:00:00Z,2.47,gauge_zero
2026-08-20 06:05:46,2026-08-20T09:05:46.015Z,2.4700000286102295,gauge_zero
2026-08-20 06:10:00,2026-08-20T09:10:00Z,2.47,gauge_zero
2026-08-20 06:15:46,2026-08-20T09:15:46.012Z,2.4700000286102295,gauge_zero
2026-08-20 06:20:00,2026-08-20T09:20:00Z,2.47,gauge_zero
2026-08-20 06:25:46,2026-08-20T09:25:46.04Z,2.4700000286102295,gauge_zero
2026-08-20 06:30:00,2026-08-20T09:30:00Z,2.47,gauge_zero
2026-08-20 06:35:46,2026-08-20T09:35:46.05Z,2.4700000286102295,gauge_zero
2026-08-20 06:40:00,2026-08-20T09:40:00Z,2.47,gauge_zero
2026-08-20 06:45:46,2026-08-20T09:45:46.019Z,2.4700000286102295,gauge_zero
2026-08-20 06:50:00,2026-08-20T09:50:00Z,2.47,gauge_zero
2026-08-20 06:55:46,2026-08-20T09:55:46.025Z,2.4700000286102295,gauge_zero
2026-08-20 07:00:00,2026-08-20T10:00:00Z,2.47,gauge_zero
2026-08-20 07:05:46,2026-08-20T10:05:46.034Z,2.4700000286102295,gauge_zero
2026-08-20 07:10:00,2026-08-20T10:10:00Z,2.47,gauge_zero
2026-08-20 07:15:45,2026-08-20T10:15:45.995Z,2.4700000286102295,gauge_zero
2026-08-20 07:20:00,2026-08-20T10:20:00Z,2.47,gauge_zero
2026-08-20 07:25:46,2026-08-20T10:25:46.028Z,2.4700000286102295,gauge_zero
2026-08-20 07:30:00,2026-08-20T10:30:00Z,2.46,gauge_zero
2026-08-20 07:35:46,2026-08-20T10:35:46.291Z,2.4700000286102295,gauge_zero
2026-08-20 07:40:00,2026-08-20T10:40:00Z,2.47,gauge_zero
2026-08-20 07:45:45,2026-08-20T10:45:45.992Z,2.4700000286102295,gauge_zero
2026-08-20 07:50:00,2026-08-20T10:50:00Z,2.46,gauge_zero
2026-08-20 07:55:46,2026-08-20T10:55:46.019Z,2.4700000286102295,gauge_zero
2026-08-20 08:00:00,2026-08-20T11:00:00Z,2.46,gauge_zero
2026-08-20 08:05:46,2026-08-20T11:05:46.006Z,2.4700000286102295,gauge_zero
2026-08-20 08:10:00,2026-08-20T11:10:00Z,2.46,gauge_zero
2026-08-20 08:15:46,2026-08-20T11:15:46.016Z,2.4700000286102295,gauge_zero
2026-08-20 08:20:00,2026-08-20T11:20:00Z,2.46,gauge_zero
2026-08-20 08:25:46,2026-08-20T11:25:46.016Z,2.4700000286102295,gauge_zero
2026-08-20 08:30:00,2026-08-20T11:30:00Z,2.46,gauge_zero
2026-08-20 08:35:46,2026-08-20T11:35:46.008Z,2.4700000286102295,gauge_zero
2026-08-20 08:40:00,2026-08-20T11:40:00Z,2.46,gauge_zero
2026-08-20 08:45:46,2026-08-20T11:45:46.02Z,2.4700000286102295,gauge_zero
2026-08-20 08:50:00,2026-08-20T11:50:00Z,2.46,gauge_zero
2026-08-20 08:55:45,2026-08-20T11:55:45.992Z,2.4700000286102295,gauge_zero
2026-08-20 09:00:00,2026-08-20T12:00:00Z,2.46,gauge_zero
2026-08-20 09:05:46,2026-08-20T12:05:46.02Z,2.4700000286102295,gauge_zero
2026-08-20 09:10:00,2026-08-20T12:10:00Z,2.46,gauge_zero
2026-08-20 09:15:46,2026-08-20T12:15:46.011Z,2.4700000286102295,gauge_zero
2026-08-20 09:20:00,2026-08-20T12:20:00Z,2.47,gauge_zero
2026-08-20 09:25:46,2026-08-20T12:25:46.02Z,2.4700000286102295,gauge_zero
2026-08-20 09:30:00,2026-08-20T12:30:00Z,2.47,gauge_zero
2026-08-20 09:35:46,2026-08-20T12:35:46.004Z,2.4700000286102295,gauge_zero
2026-08-20 09:40:00,2026-08-20T12:40:00Z,2.46,gauge_zero
2026-08-20 09:45:46,2026-08-20T12:45:46.019Z,2.4700000286102295,gauge_zero
2026-08-20 09:50:00,2026-08-20T12:50:00Z,2.46,gauge_zero
2026-08-20 09:55:46,2026-08-20T12:55:46.068Z,2.4700000286102295,gauge_zero
2026-08-20 10:00:00,2026-08-20T13:00:00Z,2.47,gauge_zero
2026-08-20 10:05:46,2026-08-20T13:05:46.029Z,2.4700000286102295,gauge_zero
2026-08-20 10:10:00,2026-08-20T13:10:00Z,2.46,gauge_zero
2026-08-20 10:15:46,2026-08-20T13:15:46.114Z,2.4700000286102295,gauge_zero
2026-08-20 10:20:00,2026-08-20T13:20:00Z,2.47,gauge_zero
2026-08-20 10:25:46,2026-08-20T13:25:46.029Z,2.4700000286102295,gauge_zero
2026-08-20 10:30:00,2026-08-20T13:30:00Z,2.47,gauge_zero
2026-08-20 10:35:46,2026-08-20T13:35:46.03Z,2.4700000286102295,gauge_zero
2026-08-20 10:40:00,2026-08-20T13:40:00Z,2.47,gauge_zero
2026-08-20 10:45:46,2026-08-20T13:45:46.038Z,2.4700000286102295,gauge_zero
2026-08-20 10:50:00,2026-08-20T13:50:00Z,2.46,gauge_zero
2026-08-20 10:55:46,2026-08-20T13:55:46.029Z,2.4700000286102295,gauge_zero
2026-08-20 11:00:00,2026-08-20T14:00:00Z,2.46,gauge_zero
2026-08-20 11:05:46,2026-08-20T14:05:46.018Z,2.4700000286102295,gauge_zero
2026-08-20 11:10:00,2026-08-20T14:10:00Z,2.46,gauge_zero
2026-08-20 11:15:46,2026-08-20T14:15:46.052Z,2.4700000286102295,gauge_zero
2026-08-20 11:20:00,2026-08-20T14:20:00Z,2.46,gauge_zero
2026-08-20 11:25:46,2026-08-20T14:25:46.051Z,2.4700000286102295,gauge_zero
2026-08-20 11:30:00,2026-08-20T14:30:00Z,2.46,gauge_zero
2026-08-20 11:35:46,2026-08-20T14:35:46.038Z,2.4700000286102295,gauge_zero
2026-08-20 11:40:00,2026-08-20T14:40:00Z,2.46,gauge_zero
2026-08-20 11:45:46,2026-08-20T14:45:46.022Z,2.4700000286102295,gauge_zero
2026-08-20 11:50:00,2026-08-20T14:50:00Z,2.46,gauge_zero
2026-08-20 11:55:46,2026-08-20T14:55:46.02Z,2.4700000286102295,gauge_zero
2026-08-20 12:00:00,2026-08-20T15:00:00Z,2.46,gauge_zero
2026-08-20 12:05:46,2026-08-20T15:05:46.035Z,2.4700000286102295,gauge_zero
2026-08-20 12:10:00,2026-08-20T15:10:00Z,2.46,gauge_zero
2026-08-20 12:15:46,2026-08-20T15:15:46.034Z,2.4700000286102295,gauge_zero
2026-08-20 12:20:00,2026-08-20T15:20:00Z,2.46,gauge_zero
2026-08-20 12:25:46,2026-08-20T15:25:46.311Z,2.4700000286102295,gauge_zero
2026-08-20 12:28:27,2026-08-20T15:28:27.03Z,2.4600000381469727,gauge_zero
2026-08-20 12:30:00,2026-08-20T15:30:00Z,2.46,gauge_zero
2026-08-20 12:45:42,2026-08-20T15:45:42.584Z,2.4600000381469727,gauge_zero
2026-08-20 12:50:00,2026-08-20T15:50:00Z,2.46,gauge_zero
2026-08-20 12:55:42,2026-08-20T15:55:42.607Z,2.4600000381469727,gauge_zero
2026-08-20 13:00:00,2026-08-20T16:00:00Z,2.46,gauge_zero
2026-08-20 13:05:42,2026-08-20T16:05:42.589Z,2.4600000381469727,gauge_zero
2026-08-20 13:10:00,2026-08-20T16:10:00Z,2.46,gauge_zero
2026-08-20 13:15:42,2026-08-20T16:15:42.578Z,2.4600000381469727,gauge_zero
2026-08-20 13:20:00,2026-08-20T16:20:00Z,2.46,gauge_zero
2026-08-20 13:25:42,2026-08-20T16:25:42.583Z,2.4600000381469727,gauge_zero
2026-08-20 13:30:00,2026-08-20T16:30:00Z,2.45,gauge_zero
2026-08-20 13:35:42,2026-08-20T16:35:42.582Z,2.4600000381469727,gauge_zero
2026-08-20 13:40:00,2026-08-20T16:40:00Z,2.45,gauge_zero
2026-08-20 13:45:42,2026-08-20T16:45:42.618Z,2.4600000381469727,gauge_zero
2026-08-20 13:50:00,2026-08-20T16:50:00Z,2.46,gauge_zero
2026-08-20 13:55:42,2026-08-20T16:55:42.601Z,2.4600000381469727,gauge_zero
2026-08-20 14:00:00,2026-08-20T17:00:00Z,2.46,gauge_zero
2026-08-20 14:05:42,2026-08-20T17:05:42.579Z,2.4600000381469727,gauge_zero
2026-08-20 14:10:00,2026-08-20T17:10:00Z,2.45,gauge_zero
2026-08-20 14:15:42,2026-08-20T17:15:42.584Z,2.4600000381469727,gauge_zero
2026-08-20 14:20:00,2026-08-20T17:20:00Z,2.45,gauge_zero
2026-08-20 14:25:42,2026-08-20T17:25:42.6Z,2.4600000381469727,gauge_zero
2026-08-20 14:30:00,2026-08-20T17:30:00Z,2.46,gauge_zero
2026-08-20 14:35:42,2026-08-20T17:35:42.589Z,2.4600000381469727,gauge_zero
2026-08-20 14:40:00,2026-08-20T17:40:00Z,2.45,gauge_zero
2026-08-20 14:45:42,2026-08-20T17:45:42.623Z,2.4600000381469727,gauge_zero
2026-08-20 14:50:00,2026-08-20T17:50:00Z,2.46,gauge_zero
2026-08-20 14:55:42,2026-08-20T17:55:42.582Z,2.4600000381469727,gauge_zero
2026-08-20 15:00:00,2026-08-20T18:00:00Z,2.45,gauge_zero
2026-08-20 15:05:42,2026-08-20T18:05:42.63Z,2.4600000381469727,gauge_zero
2026-08-20 15:10:00,2026-08-20T18:10:00Z,2.46,gauge_zero
2026-08-20 15:15:42,2026-08-20T18:15:42.617Z,2.4600000381469727,gauge_zero
2026-08-20 15:20:00,2026-08-20T18:20:00Z,2.46,gauge_zero
2026-08-20 15:25:42,2026-08-20T18:25:42.626Z,2.4600000381469727,gauge_zero
2026-08-20 15:30:00,2026-08-20T18:30:00Z,2.45,gauge_zero
2026-08-20 15:35:42,2026-08-20T18:35:42.599Z,2.4600000381469727,gauge_zero
2026-08-20 15:40:00,2026-08-20T18:40:00Z,2.45,gauge_zero
2026-08-20 15:45:42,2026-08-20T18:45:42.575Z,2.440000057220459,gauge_zero
2026-08-20 15:50:00,2026-08-20T18:50:00Z,2.45,gauge_zero
2026-08-20 15:55:42,2026-08-20T18:55:42.604Z,2.440000057220459,gauge_zero
2026-08-20 16:00:00,2026-08-20T19:00:00Z,2.44,gauge_zero
2026-08-20 16:05:42,2026-08-20T19:05:42.605Z,2.440000057220459,gauge_zero
2026-08-20 16:10:00,2026-08-20T19:10:00Z,2.44,gauge_zero
2026-08-20 16:15:42,2026-08-20T19:15:42.619Z,2.440000057220459,gauge_zero
2026-08-20 16:20:00,2026-08-20T19:20:00Z,2.43,gauge_zero
2026-08-20 16:25:42,2026-08-20T19:25:42.605Z,2.440000057220459,gauge_zero
2026-08-20 16:30:00,2026-08-20T19:30:00Z,2.44,gauge_zero
2026-08-20 16:35:42,2026-08-20T19:35:42.582Z,2.4600000381469727,gauge_zero
2026-08-20 16:40:00,2026-08-20T19:40:00Z,2.45,gauge_zero
2026-08-20 16:45:42,2026-08-20T19:45:42.707Z,2.4600000381469727,gauge_zero
2026-08-20 16:50:00,2026-08-20T19:50:00Z,2.46,gauge_zero
2026-08-20 16:55:42,2026-08-20T19:55:42.608Z,2.4600000381469727,gauge_zero
2026-08-20 17:00:00,2026-08-20T20:00:00Z,2.46,gauge_zero
2026-08-20 17:05:42,2026-08-20T20:05:42.595Z,2.4600000381469727,gauge_zero
2026-08-20 17:10:00,2026-08-20T20:10:00Z,2.46,gauge_zero
2026-08-20 17:15:42,2026-08-20T20:15:42.597Z,2.4600000381469727,gauge_zero
2026-08-20 17:20:00,2026-08-20T20:20:00Z,2.46,gauge_zero
2026-08-20 17:25:42,2026-08-20T20:25:42.607Z,2.4600000381469727,gauge_zero
2026-08-20 17:30:00,2026-08-20T20:30:00Z,2.46,gauge_zero
2026-08-20 17:35:42,2026-08-20T20:35:42.615Z,2.4600000381469727,gauge_zero
2026-08-20 17:40:00,2026-08-20T20:40:00Z,2.46,gauge_zero
2026-08-20 17:45:42,2026-08-20T20:45:42.612Z,2.440000057220459,gauge_zero
2026-08-20 17:50:00,2026-08-20T20:50:00Z,2.45,gauge_zero
2026-08-20 17:55:42,2026-08-20T20:55:42.614Z,2.440000057220459,gauge_zero
2026-08-20 18:00:00,2026-08-20T21:00:00Z,2.44,gauge_zero
2026-08-20 18:05:42,2026-08-20T21:05:42.616Z,2.440000057220459,gauge_zero
2026-08-20 18:10:00,2026-08-20T21:10:00Z,2.44,gauge_zero
2026-08-20 18:15:42,2026-08-20T21:15:42.618Z,2.440000057220459,gauge_zero
2026-08-20 18:20:00,2026-08-20T21:20:00Z,2.44,gauge_zero
2026-08-20 18:25:42,2026-08-20T21:25:42.612Z,2.440000057220459,gauge_zero
2026-08-20 18:30:00,2026-08-20T21:30:00Z,2.44,gauge_zero
2026-08-20 18:35:42,2026-08-20T21:35:42.638Z,2.440000057220459,gauge_zero
2026-08-20 18:40:00,2026-08-20T21:40:00Z,2.44,gauge_zero
2026-08-20 18:45:42,2026-08-20T21:45:42.615Z,2.440000057220459,gauge_zero
2026-08-20 18:50:00,2026-08-20T21:50:00Z,2.45,gauge_zero
2026-08-20 18:55:42,2026-08-20T21:55:42.608Z,2.440000057220459,gauge_zero
2026-08-20 19:00:00,2026-08-20T22:00:00Z,2.45,gauge_zero
2026-08-20 19:05:42,2026-08-20T22:05:42.601Z,2.440000057220459,gauge_zero
2026-08-20 19:10:00,2026-08-20T22:10:00Z,2.45,gauge_zero
2026-08-20 19:15:42,2026-08-20T22:15:42.595Z,2.440000057220459,gauge_zero
2026-08-20 19:20:00,2026-08-20T22:20:00Z,2.45,gauge_zero
2026-08-20 19:25:42,2026-08-20T22:25:42.599Z,2.4600000381469727,gauge_zero
2026-08-20 19:30:00,2026-08-20T22:30:00Z,2.45,gauge_zero
2026-08-20 19:35:42,2026-08-20T22:35:42.641Z,2.4600000381469727,gauge_zero
2026-08-20 19:40:00,2026-08-20T22:40:00Z,2.45,gauge_zero
2026-08-20 19:45:42,2026-08-20T22:45:42.612Z,2.4600000381469727,gauge_zero
2026-08-20 19:50:00,2026-08-20T22:50:00Z,2.46,gauge_zero
2026-08-20 19:55:42,2026-08-20T22:55:42.62Z,2.4600000381469727,gauge_zero
2026-08-20 20:00:00,2026-08-20T23:00:00Z,2.45,gauge_zero
2026-08-20 20:05:42,2026-08-20T23:05:42.599Z,2.4600000381469727,gauge_zero
2026-08-20 20:10:00,2026-08-20T23:10:00Z,2.46,gauge_zero
2026-08-20 20:15:42,2026-08-20T23:15:42.595Z,2.4600000381469727,gauge_zero
2026-08-20 20:20:00,2026-08-20T23:20:00Z,2.45,gauge_zero
2026-08-20 20:25:42,2026-08-20T23:25:42.589Z,2.4600000381469727,gauge_zero
2026-08-20 20:30:00,2026-08-20T23:30:00Z,2.45,gauge_zero
2026-08-20 20:35:42,2026-08-20T23:35:42.596Z,2.4600000381469727,gauge_zero
2026-08-20 20:40:00,2026-08-20T23:40:00Z,2.46,gauge_zero
2026-08-20 20:45:42,2026-08-20T23:45:42.611Z,2.4600000381469727,gauge_zero
2026-08-20 20:50:00,2026-08-20T23:50:00Z,2.45,gauge_zero
2026-08-20 20:55:42,2026-08-20T23:55:42.607Z,2.4600000381469727,gauge_zero
2026-08-20 21:00:00,2026-08-21T00:00:00Z,2.45,gauge_zero
2026-08-20 21:05:42,2026-08-21T00:05:42.612Z,2.4600000381469727,gauge_zero
2026-08-20 21:10:00,2026-08-21T00:10:00Z,2.45,gauge_zero
2026-08-20 21:15:42,2026-08-21T00:15:42.633Z,2.4600000381469727,gauge_zero
2026-08-20 21:20:00,2026-08-21T00:20:00Z,2.45,gauge_zero
2026-08-20 21:25:42,2026-08-21T00:25:42.611Z,2.4600000381469727,gauge_zero
2026-08-20 21:30:00,2026-08-21T00:30:00Z,2.45,gauge_zero
2026-08-20 21:35:42,2026-08-21T00:35:42.634Z,2.4600000381469727,gauge_zero
2026-08-20 21:40:00,2026-08-21T00:40:00Z,2.45,gauge_zero
2026-08-20 21:45:42,2026-08-21T00:45:42.618Z,2.4600000381469727,gauge_zero
2026-08-20 21:50:00,2026-08-21T00:50:00Z,2.45,gauge_zero
2026-08-20 21:55:42,2026-08-21T00:55:42.61Z,2.4600000381469727,gauge_zero
2026-08-20 22:00:00,2026-08-21T01:00:00Z,2.45,gauge_zero
2026-08-20 22:05:42,2026-08-21T01:05:42.615Z,2.440000057220459,gauge_zero
2026-08-20 22:10:00,2026-08-21T01:10:00Z,2.44,gauge_zero
2026-08-20 22:15:42,2026-08-21T01:15:42.622Z,2.440000057220459,gauge_zero
2026-08-20 22:20:00,2026-08-21T01:20:00Z,2.45,gauge_zero
2026-08-20 22:25:42,2026-08-21T01:25:42.622Z,2.440000057220459,gauge_zero
2026-08-20 22:30:00,2026-08-21T01:30:00Z,2.45,gauge_zero
2026-08-20 22:35:37,2026-08-21T01:35:37.971Z,2.450000047683716,gauge_zero
2026-08-20 22:40:00,2026-08-21T01:40:00Z,2.45,gauge_zero
2026-08-20 22:45:37,2026-08-21T01:45:37.975Z,2.450000047683716,gauge_zero
2026-08-20 22:50:00,2026-08-21T01:50:00Z,2.45,gauge_zero
2026-08-20 22:55:38,2026-08-21T01:55:38.013Z,2.450000047683716,gauge_zero
2026-08-20 23:00:00,2026-08-21T02:00:00Z,2.45,gauge_zero
2026-08-20 23:05:37,2026-08-21T02:05:37.987Z,2.450000047683716,gauge_zero
2026-08-20 23:10:00,2026-08-21T02:10:00Z,2.45,gauge_zero
2026-08-20 23:15:37,2026-08-21T02:15:37.985Z,2.450000047683716,gauge_zero
2026-08-20 23:20:00,2026-08-21T02:20:00Z,2.44,gauge_zero
2026-08-20 23:25:37,2026-08-21T02:25:37.989Z,2.450000047683716,gauge_zero
2026-08-20 23:30:00,2026-08-21T02:30:00Z,2.45,gauge_zero
2026-08-20 23:35:37,2026-08-21T02:35:37.988Z,2.450000047683716,gauge_zero
2026-08-20 23:40:00,2026-08-21T02:40:00Z,2.45,gauge_zero
2026-08-20 23:45:37,2026-08-21T02:45:37.974Z,2.450000047683716,gauge_zero
2026-08-20 23:50:00,2026-08-21T02:50:00Z,2.45,gauge_zero
2026-08-20 23:55:37,2026-08-21T02:55:37.99Z,2.450000047683716,gauge_zero
2026-08-21 00:00:00,2026-08-21T03:00:00Z,2.45,gauge_zero
2026-08-21 00:05:38,2026-08-21T03:05:38.011Z,2.450000047683716,gauge_zero
2026-08-21 00:10:00,2026-08-21T03:10:00Z,2.45,gauge_zero
2026-08-21 00:15:37,2026-08-21T03:15:37.987Z,2.450000047683716,gauge_zero
2026-08-21 00:20:00,2026-08-21T03:20:00Z,2.45,gauge_zero
2026-08-21 00:25:37,2026-08-21T03:25:37.996Z,2.450000047683716,gauge_zero
2026-08-21 00:30:00,2026-08-21T03:30:00Z,2.45,gauge_zero
2026-08-21 00:35:37,2026-08-21T03:35:37.996Z,2.450000047683716,gauge_zero
2026-08-21 00:40:00,2026-08-21T03:40:00Z,2.45,gauge_zero
2026-08-21 00:45:38,2026-08-21T03:45:38.027Z,2.450000047683716,gauge_zero
2026-08-21 00:50:00,2026-08-21T03:50:00Z,2.45,gauge_zero
2026-08-21 00:55:38,2026-08-21T03:55:38.001Z,2.450000047683716,gauge_zero
2026-08-21 01:00:00,2026-08-21T04:00:00Z,2.45,gauge_zero
2026-08-21 01:05:37,2026-08-21T04:05:37.999Z,2.450000047683716,gauge_zero
2026-08-21 01:10:00,2026-08-21T04:10:00Z,2.45,gauge_zero
2026-08-21 01:15:37,2026-08-21T04:15:37.995Z,2.450000047683716,gauge_zero
2026-08-21 01:20:00,2026-08-21T04:20:00Z,2.45,gauge_zero
2026-08-21 01:25:37,2026-08-21T04:25:37.992Z,2.450000047683716,gauge_zero
2026-08-21 01:30:00,2026-08-21T04:30:00Z,2.45,gauge_zero
2026-08-21 01:35:38,2026-08-21T04:35:38.004Z,2.450000047683716,gauge_zero
2026-08-21 01:40:00,2026-08-21T04:40:00Z,2.45,gauge_zero
2026-08-21 01:45:38,2026-08-21T04:45:38.009Z,2.450000047683716,gauge_zero
2026-08-21 01:50:00,2026-08-21T04:50:00Z,2.45,gauge_zero
2026-08-21 01:55:37,2026-08-21T04:55:37.995Z,2.450000047683716,gauge_zero
2026-08-21 02:00:00,2026-08-21T05:00:00Z,2.44,gauge_zero
2026-08-21 02:05:38,2026-08-21T05:05:38Z,2.450000047683716,gauge_zero
2026-08-21 02:10:00,2026-08-21T05:10:00Z,2.45,gauge_zero
2026-08-21 02:15:38,2026-08-21T05:15:38.088Z,2.450000047683716,gauge_zero
2026-08-21 02:20:00,2026-08-21T05:20:00Z,2.45,gauge_zero
2026-08-21 02:25:38,2026-08-21T05:25:38Z,2.450000047683716,gauge_zero
2026-08-21 02:30:00,2026-08-21T05:30:00Z,2.45,gauge_zero
2026-08-21 02:35:38,2026-08-21T05:35:38.009Z,2.450000047683716,gauge_zero
2026-08-21 02:40:00,2026-08-21T05:40:00Z,2.45,gauge_zero
2026-08-21 02:45:38,2026-08-21T05:45:38Z,2.450000047683716,gauge_zero
2026-08-21 02:50:00,2026-08-21T05:50:00Z,2.44,gauge_zero
2026-08-21 02:55:38,2026-08-21T05:55:38.007Z,2.450000047683716,gauge_zero
2026-08-21 03:00:00,2026-08-21T06:00:00Z,2.44,gauge_zero
2026-08-21 03:05:38,2026-08-21T06:05:38.054Z,2.450000047683716,gauge_zero
2026-08-21 03:10:00,2026-08-21T06:10:00Z,2.44,gauge_zero
2026-08-21 03:15:38,2026-08-21T06:15:38.003Z,2.450000047683716,gauge_zero
2026-08-21 03:20:00,2026-08-21T06:20:00Z,2.45,gauge_zero
2026-08-21 03:25:37,2026-08-21T06:25:37.996Z,2.450000047683716,gauge_zero
2026-08-21 03:30:00,2026-08-21T06:30:00Z,2.45,gauge_zero
2026-08-21 03:35:37,2026-08-21T06:35:37.997Z,2.450000047683716,gauge_zero
2026-08-21 03:40:00,2026-08-21T06:40:00Z,2.45,gauge_zero
2026-08-21 03:45:38,2026-08-21T06:45:38.006Z,2.450000047683716,gauge_zero
2026-08-21 03:50:00,2026-08-21T06:50:00Z,2.44,gauge_zero
2026-08-21 03:55:37,2026-08-21T06:55:37.986Z,2.450000047683716,gauge_zero
2026-08-21 04:00:00,2026-08-21T07:00:00Z,2.44,gauge_zero
2026-08-21 04:05:38,2026-08-21T07:05:38.017Z,2.450000047683716,gauge_zero
2026-08-21 04:10:00,2026-08-21T07:10:00Z,2.45,gauge_zero
2026-08-21 04:15:38,2026-08-21T07:15:38.004Z,2.450000047683716,gauge_zero
2026-08-21 04:20:00,2026-08-21T07:20:00Z,2.44,gauge_zero
2026-08-21 04:25:52,2026-08-21T07:25:52.997Z,2.450000047683716,gauge_zero
2026-08-21 04:30:00,2026-08-21T07:30:00Z,2.45,gauge_zero
2026-08-21 04:35:38,2026-08-21T07:35:38.008Z,2.450000047683716,gauge_zero
2026-08-21 04:40:00,2026-08-21T07:40:00Z,2.45,gauge_zero
2026-08-21 04:45:52,2026-08-21T07:45:52.994Z,2.450000047683716,gauge_zero
2026-08-21 04:50:00,2026-08-21T07:50:00Z,2.45,gauge_zero
2026-08-21 04:55:38,2026-08-21T07:55:38.001Z,2.450000047683716,gauge_zero
2026-08-21 05:00:00,2026-08-21T08:00:00Z,2.45,gauge_zero
2026-08-21 05:05:38,2026-08-21T08:05:38.009Z,2.450000047683716,gauge_zero
2026-08-21 05:10:00,2026-08-21T08:10:00Z,2.44,gauge_zero
2026-08-21 05:15:37,2026-08-21T08:15:37.999Z,2.450000047683716,gauge_zero
2026-08-21 05:20:00,2026-08-21T08:20:00Z,2.45,gauge_zero
2026-08-21 05:25:38,2026-08-21T08:25:38.005Z,2.450000047683716,gauge_zero
2026-08-21 05:30:00,2026-08-21T08:30:00Z,2.44,gauge_zero
2026-08-21 05:35:38,2026-08-21T08:35:38.009Z,2.450000047683716,gauge_zero
2026-08-21 05:40:00,2026-08-21T08:40:00Z,2.44,gauge_zero
2026-08-21 05:45:38,2026-08-21T08:45:38.04Z,2.450000047683716,gauge_zero
2026-08-21 05:50:00,2026-08-21T08:50:00Z,2.44,gauge_zero
2026-08-21 05:55:37,2026-08-21T08:55:37.993Z,2.450000047683716,gauge_zero
2026-08-21 06:00:00,2026-08-21T09:00:00Z,2.45,gauge_zero
2026-08-21 06:05:38,2026-08-21T09:05:38.141Z,2.450000047683716,gauge_zero
2026-08-21 06:10:00,2026-08-21T09:10:00Z,2.45,gauge_zero
2026-08-21 06:15:38,2026-08-21T09:15:38Z,2.450000047683716,gauge_zero
2026-08-21 06:20:00,2026-08-21T09:20:00Z,2.44,gauge_zero
2026-08-21 06:25:37,2026-08-21T09:25:37.998Z,2.450000047683716,gauge_zero
2026-08-21 06:30:00,2026-08-21T09:30:00Z,2.44,gauge_zero
2026-08-21 06:35:37,2026-08-21T09:35:37.983Z,2.450000047683716,gauge_zero
2026-08-21 06:40:00,2026-08-21T09:40:00Z,2.44,gauge_zero
2026-08-21 06:45:38,2026-08-21T09:45:38.015Z,2.430000066757202,gauge_zero
2026-08-21 06:50:00,2026-08-21T09:50:00Z,2.43,gauge_zero
2026-08-21 06:55:37,2026-08-21T09:55:37.981Z,2.430000066757202,gauge_zero
2026-08-21 07:00:00,2026-08-21T10:00:00Z,2.43,gauge_zero
2026-08-21 07:05:38,2026-08-21T10:05:38.015Z,2.430000066757202,gauge_zero
2026-08-21 07:10:00,2026-08-21T10:10:00Z,2.43,gauge_zero
2026-08-21 07:15:38,2026-08-21T10:15:38.015Z,2.450000047683716,gauge_zero
2026-08-21 07:20:00,2026-08-21T10:20:00Z,2.45,gauge_zero
2026-08-21 07:25:38,2026-08-21T10:25:38.021Z,2.450000047683716,gauge_zero
2026-08-21 07:30:00,2026-08-21T10:30:00Z,2.46,gauge_zero
2026-08-21 07:35:38,2026-08-21T10:35:38.062Z,2.450000047683716,gauge_zero
2026-08-21 07:40:00,2026-08-21T10:40:00Z,2.45,gauge_zero
2026-08-21 07:45:38,2026-08-21T10:45:38.041Z,2.450000047683716,gauge_zero
2026-08-21 07:50:00,2026-08-21T10:50:00Z,2.44,gauge_zero
2026-08-21 07:55:38,2026-08-21T10:55:38.001Z,2.450000047683716,gauge_zero
2026-08-21 08:00:00,2026-08-21T11:00:00Z,2.44,gauge_zero
2026-08-21 08:05:38,2026-08-21T11:05:38.025Z,2.430000066757202,gauge_zero
2026-08-21 08:10:00,2026-08-21T11:10:00Z,2.43,gauge_zero
2026-08-21 08:15:38,2026-08-21T11:15:38.022Z,2.430000066757202,gauge_zero
2026-08-21 08:20:00,2026-08-21T11:20:00Z,2.43,gauge_zero
2026-08-21 08:25:38,2026-08-21T11:25:38.013Z,2.430000066757202,gauge_zero
2026-08-21 08:30:00,2026-08-21T11:30:00Z,2.43,gauge_zero
2026-08-21 08:35:38,2026-08-21T11:35:38.019Z,2.430000066757202,gauge_zero
2026-08-21 08:40:00,2026-08-21T11:40:00Z,2.43,gauge_zero
2026-08-21 08:45:38,2026-08-21T11:45:38.011Z,2.430000066757202,gauge_zero
2026-08-21 08:50:00,2026-08-21T11:50:00Z,2.44,gauge_zero
2026-08-21 08:55:38,2026-08-21T11:55:38.01Z,2.430000066757202,gauge_zero
2026-08-21 09:00:00,2026-08-21T12:00:00Z,2.44,gauge_zero
2026-08-21 09:05:38,2026-08-21T12:05:38.003Z,2.430000066757202,gauge_zero
2026-08-21 09:10:00,2026-08-21T12:10:00Z,2.44,gauge_zero
2026-08-21 09:15:38,2026-08-21T12:15:38.007Z,2.430000066757202,gauge_zero
2026-08-21 09:20:00,2026-08-21T12:20:00Z,2.44,gauge_zero
2026-08-21 09:25:38,2026-08-21T12:25:38.023Z,2.430000066757202,gauge_zero
2026-08-21 09:30:00,2026-08-21T12:30:00Z,2.43,gauge_zero
2026-08-21 09:35:38,2026-08-21T12:35:38.032Z,2.430000066757202,gauge_zero
2026-08-21 09:40:00,2026-08-21T12:40:00Z,2.44,gauge_zero
2026-08-21 09:45:38,2026-08-21T12:45:38.027Z,2.430000066757202,gauge_zero
2026-08-21 09:50:00,2026-08-21T12:50:00Z,2.44,gauge_zero
2026-08-21 09:55:38,2026-08-21T12:55:38.052Z,2.450000047683716,gauge_zero
2026-08-21 10:00:00,2026-08-21T13:00:00Z,2.44,gauge_zero
2026-08-21 10:05:38,2026-08-21T13:05:38.027Z,2.450000047683716,gauge_zero
2026-08-21 10:10:00,2026-08-21T13:10:00Z,2.44,gauge_zero
2026-08-21 10:15:38,2026-08-21T13:15:38.018Z,2.450000047683716,gauge_zero
2026-08-21 10:20:00,2026-08-21T13:20:00Z,2.44,gauge_zero
2026-08-21 10:25:38,2026-08-21T13:25:38.054Z,2.450000047683716,gauge_zero
2026-08-21 10:30:00,2026-08-21T13:30:00Z,2.44,gauge_zero
2026-08-21 10:35:38,2026-08-21T13:35:38.041Z,2.430000066757202,gauge_zero
2026-08-21 10:40:00,2026-08-21T13:40:00Z,2.44,gauge_zero
2026-08-21 10:45:38,2026-08-21T13:45:38.039Z,2.430000066757202,gauge_zero
2026-08-21 10:50:00,2026-08-21T13:50:00Z,2.44,gauge_zero
2026-08-21 10:55:38,2026-08-21T13:55:38.018Z,2.430000066757202,gauge_zero
2026-08-21 11:00:00,2026-08-21T14:00:00Z,2.44,gauge_zero
2026-08-21 11:05:38,2026-08-21T14:05:38.033Z,2.430000066757202,gauge_zero
2026-08-21 11:10:00,2026-08-21T14:10:00Z,2.44,gauge_zero
2026-08-21 11:15:38,2026-08-21T14:15:38.025Z,2.430000066757202,gauge_zero
2026-08-21 11:20:00,2026-08-21T14:20:00Z,2.44,gauge_zero
2026-08-21 11:25:38,2026-08-21T14:25:38.033Z,2.430000066757202,gauge_zero
2026-08-21 11:30:00,2026-08-21T14:30:00Z,2.43,gauge_zero
2026-08-21 11:35:38,2026-08-21T14:35:38.03Z,2.430000066757202,gauge_zero
2026-08-21 11:40:00,2026-08-21T14:40:00Z,2.44,gauge_zero
2026-08-21 11:45:38,2026-08-21T14:45:38.034Z,2.430000066757202,gauge_zero
2026-08-21 11:50:00,2026-08-21T14:50:00Z,2.43,gauge_zero
2026-08-21 11:55:38,2026-08-21T14:55:38.03Z,2.430000066757202,gauge_zero
2026-08-21 12:00:00,2026-08-21T15:00:00Z,2.43,gauge_zero
2026-08-21 12:05:38,2026-08-21T15:05:38.024Z,2.430000066757202,gauge_zero
2026-08-21 12:10:00,2026-08-21T15:10:00Z,2.43,gauge_zero
2026-08-21 12:15:38,2026-08-21T15:15:38.067Z,2.430000066757202,gauge_zero
2026-08-21 12:20:00,2026-08-21T15:20:00Z,2.43,gauge_zero
2026-08-21 12:25:38,2026-08-21T15:25:38.061Z,2.430000066757202,gauge_zero
2026-08-21 12:30:00,2026-08-21T15:30:00Z,2.43,gauge_zero
2026-08-21 12:35:38,2026-08-21T15:35:38.051Z,2.430000066757202,gauge_zero
2026-08-21 12:40:00,2026-08-21T15:40:00Z,2.43,gauge_zero
2026-08-21 12:45:38,2026-08-21T15:45:38.039Z,2.430000066757202,gauge_zero
2026-08-21 12:50:00,2026-08-21T15:50:00Z,2.43,gauge_zero
2026-08-21 12:55:38,2026-08-21T15:55:38.045Z,2.430000066757202,gauge_zero
2026-08-21 13:00:00,2026-08-21T16:00:00Z,2.43,gauge_zero
2026-08-21 13:05:38,2026-08-21T16:05:38.013Z,2.430000066757202,gauge_zero
2026-08-21 13:10:00,2026-08-21T16:10:00Z,2.43,gauge_zero
2026-08-21 13:15:38,2026-08-21T16:15:38.125Z,2.430000066757202,gauge_zero
2026-08-21 13:20:00,2026-08-21T16:20:00Z,2.43,gauge_zero
2026-08-21 13:25:38,2026-08-21T16:25:38.052Z,2.430000066757202,gauge_zero
2026-08-21 13:30:00,2026-08-21T16:30:00Z,2.43,gauge_zero
2026-08-21 13:35:38,2026-08-21T16:35:38.044Z,2.430000066757202,gauge_zero
2026-08-21 13:40:00,2026-08-21T16:40:00Z,2.42,gauge_zero
2026-08-21 13:45:38,2026-08-21T16:45:38.039Z,2.430000066757202,gauge_zero
2026-08-21 13:50:00,2026-08-21T16:50:00Z,2.43,gauge_zero
2026-08-21 13:55:38,2026-08-21T16:55:38.023Z,2.430000066757202,gauge_zero
2026-08-21 14:00:00,2026-08-21T17:00:00Z,2.42,gauge_zero
2026-08-21 14:05:38,2026-08-21T17:05:38.037Z,2.430000066757202,gauge_zero
2026-08-21 14:10:00,2026-08-21T17:10:00Z,2.43,gauge_zero
2026-08-21 14:15:38,2026-08-21T17:15:38.034Z,2.430000066757202,gauge_zero
2026-08-21 14:20:00,2026-08-21T17:20:00Z,2.43,gauge_zero
2026-08-21 14:25:38,2026-08-21T17:25:38.022Z,2.430000066757202,gauge_zero
2026-08-21 14:30:00,2026-08-21T17:30:00Z,2.43,gauge_zero
2026-08-21 14:35:38,2026-08-21T17:35:38.039Z,2.430000066757202,gauge_zero
2026-08-21 14:40:00,2026-08-21T17:40:00Z,2.43,gauge_zero
2026-08-21 14:45:38,2026-08-21T17:45:38.027Z,2.430000066757202,gauge_zero
2026-08-21 14:50:00,2026-08-21T17:50:00Z,2.42,gauge_zero
2026-08-21 14:55:38,2026-08-21T17:55:38.051Z,2.430000066757202,gauge_zero
2026-08-21 15:00:00,2026-08-21T18:00:00Z,2.42,gauge_zero
2026-08-21 15:05:38,2026-08-21T18:05:38.032Z,2.430000066757202,gauge_zero
2026-08-21 15:10:00,2026-08-21T18:10:00Z,2.42,gauge_zero
2026-08-21 15:15:38,2026-08-21T18:15:38.02Z,2.430000066757202,gauge_zero
2026-08-21 15:20:00,2026-08-21T18:20:00Z,2.42,gauge_zero
2026-08-21 15:25:38,2026-08-21T18:25:38.188Z,2.430000066757202,gauge_zero
2026-08-21 15:30:00,2026-08-21T18:30:00Z,2.42,gauge_zero
2026-08-21 15:35:38,2026-08-21T18:35:38.046Z,2.430000066757202,gauge_zero
2026-08-21 15:40:00,2026-08-21T18:40:00Z,2.42,gauge_zero
2026-08-21 15:45:38,2026-08-21T18:45:38.033Z,2.430000066757202,gauge_zero
2026-08-21 15:50:00,2026-08-21T18:50:00Z,2.42,gauge_zero
2026-08-21 15:55:38,2026-08-21T18:55:38.047Z,2.430000066757202,gauge_zero
2026-08-21 16:00:00,2026-08-21T19:00:00Z,2.42,gauge_zero
2026-08-21 16:05:53,2026-08-21T19:05:53.042Z,2.430000066757202,gauge_zero
2026-08-21 16:10:00,2026-08-21T19:10:00Z,2.42,gauge_zero
2026-08-21 16:15:53,2026-08-21T19:15:53.035Z,2.430000066757202,gauge_zero
2026-08-21 16:20:00,2026-08-21T19:20:00Z,2.42,gauge_zero
2026-08-21 16:25:38,2026-08-21T19:25:38.063Z,2.430000066757202,gauge_zero
2026-08-21 16:30:00,2026-08-21T19:30:00Z,2.42,gauge_zero
2026-08-21 16:35:38,2026-08-21T19:35:38.042Z,2.430000066757202,gauge_zero
2026-08-21 16:40:00,2026-08-21T19:40:00Z,2.42,gauge_zero
2026-08-21 16:45:38,2026-08-21T19:45:38.035Z,2.430000066757202,gauge_zero
2026-08-21 16:50:00,2026-08-21T19:50:00Z,2.43,gauge_zero
2026-08-21 16:55:38,2026-08-21T19:55:38.045Z,2.430000066757202,gauge_zero
2026-08-21 17:00:00,2026-08-21T20:00:00Z,2.42,gauge_zero
2026-08-21 17:05:38,2026-08-21T20:05:38.037Z,2.430000066757202,gauge_zero
2026-08-21 17:10:00,2026-08-21T20:10:00Z,2.42,gauge_zero
2026-08-21 17:15:38,2026-08-21T20:15:38.005Z,2.430000066757202,gauge_zero
2026-08-21 17:20:00,2026-08-21T20:20:00Z,2.42,gauge_zero
2026-08-21 17:25:38,2026-08-21T20:25:38.033Z,2.430000066757202,gauge_zero
2026-08-21 17:30:00,2026-08-21T20:30:00Z,2.42,gauge_zero
2026-08-21 17:35:38,2026-08-21T20:35:38.051Z,2.430000066757202,gauge_zero
2026-08-21 17:40:00,2026-08-21T20:40:00Z,2.42,gauge_zero
2026-08-21 17:45:38,2026-08-21T20:45:38.036Z,2.430000066757202,gauge_zero
2026-08-21 17:50:00,2026-08-21T20:50:00Z,2.42,gauge_zero
2026-08-21 17:55:38,2026-08-21T20:55:38.044Z,2.430000066757202,gauge_zero
2026-08-21 18:00:00,2026-08-21T21:00:00Z,2.42,gauge_zero
2026-08-21 18:05:38,2026-08-21T21:05:38.031Z,2.430000066757202,gauge_zero
2026-08-21 18:10:00,2026-08-21T21:10:00Z,2.43,gauge_zero
2026-08-21 18:15:38,2026-08-21T21:15:38.111Z,2.430000066757202,gauge_zero
2026-08-21 18:20:00,2026-08-21T21:20:00Z,2.43,gauge_zero
2026-08-21 18:25:38,2026-08-21T21:25:38.042Z,2.430000066757202,gauge_zero
2026-08-21 18:30:00,2026-08-21T21:30:00Z,2.43,gauge_zero
2026-08-21 18:35:38,2026-08-21T21:35:38.051Z,2.430000066757202,gauge_zero
2026-08-21 18:40:00,2026-08-21T21:40:00Z,2.43,gauge_zero
2026-08-21 18:45:38,2026-08-21T21:45:38.062Z,2.430000066757202,gauge_zero
2026-08-21 18:50:00,2026-08-21T21:50:00Z,2.43,gauge_zero
2026-08-21 19:00:00,2026-08-21T22:00:00Z,2.43,gauge_zero
2026-08-21 19:05:53,2026-08-21T22:05:53.044Z,2.430000066757202,gauge_zero
2026-08-21 19:10:00,2026-08-21T22:10:00Z,2.43,gauge_zero
2026-08-21 19:15:38,2026-08-21T22:15:38.061Z,2.430000066757202,gauge_zero
2026-08-21 19:20:00,2026-08-21T22:20:00Z,2.43,gauge_zero
2026-08-21 19:25:38,2026-08-21T22:25:38.04Z,2.430000066757202,gauge_zero
2026-08-21 19:30:00,2026-08-21T22:30:00Z,2.43,gauge_zero
2026-08-21 19:35:38,2026-08-21T22:35:38.052Z,2.430000066757202,gauge_zero
2026-08-21 19:40:00,2026-08-21T22:40:00Z,2.43,gauge_zero
2026-08-21 19:45:38,2026-08-21T22:45:38.044Z,2.430000066757202,gauge_zero
2026-08-21 19:50:00,2026-08-21T22:50:00Z,2.43,gauge_zero
2026-08-21 19:55:38,2026-08-21T22:55:38.073Z,2.430000066757202,gauge_zero
2026-08-21 20:00:00,2026-08-21T23:00:00Z,2.43,gauge_zero
2026-08-21 20:05:38,2026-08-21T23:05:38.112Z,2.430000066757202,gauge_zero
2026-08-21 20:10:00,2026-08-21T23:10:00Z,2.43,gauge_zero
2026-08-21 20:15:38,2026-08-21T23:15:38.05Z,2.430000066757202,gauge_zero
2026-08-21 20:20:00,2026-08-21T23:20:00Z,2.43,gauge_zero
2026-08-21 20:25:38,2026-08-21T23:25:38.054Z,2.430000066757202,gauge_zero
2026-08-21 20:30:00,2026-08-21T23:30:00Z,2.43,gauge_zero
2026-08-21 20:35:38,2026-08-21T23:35:38.058Z,2.430000066757202,gauge_zero
2026-08-21 20:40:00,2026-08-21T23:40:00Z,2.43,gauge_zero
2026-08-21 20:45:38,2026-08-21T23:45:38.078Z,2.430000066757202,gauge_zero
2026-08-21 20:50:00,2026-08-21T23:50:00Z,2.43,gauge_zero
2026-08-21 20:55:38,2026-08-21T23:55:38.066Z,2.430000066757202,gauge_zero
2026-08-21 21:00:00,2026-08-22T00:00:00Z,2.43,gauge_zero
2026-08-21 21:05:48,2026-08-22T00:05:48.387Z,2.430000066757202,gauge_zero
2026-08-21 21:10:00,2026-08-22T00:10:00Z,2.43,gauge_zero
2026-08-21 21:15:46,2026-08-22T00:15:46.041Z,2.430000066757202,gauge_zero
2026-08-21 21:20:00,2026-08-22T00:20:00Z,2.43,gauge_zero
2026-08-21 21:25:46,2026-08-22T00:25:46.077Z,2.430000066757202,gauge_zero
2026-08-21 21:30:00,2026-08-22T00:30:00Z,2.43,gauge_zero
2026-08-21 21:35:46,2026-08-22T00:35:46.061Z,2.430000066757202,gauge_zero
2026-08-21 21:40:00,2026-08-22T00:40:00Z,2.43,gauge_zero
2026-08-21 21:45:46,2026-08-22T00:45:46.075Z,2.430000066757202,gauge_zero
2026-08-21 21:50:00,2026-08-22T00:50:00Z,2.43,gauge_zero
2026-08-21 21:55:46,2026-08-22T00:55:46.051Z,2.430000066757202,gauge_zero
2026-08-21 22:00:00,2026-08-22T01:00:00Z,2.43,gauge_zero
2026-08-21 22:05:46,2026-08-22T01:05:46.059Z,2.430000066757202,gauge_zero
2026-08-21 22:10:00,2026-08-22T01:10:00Z,2.43,gauge_zero
2026-08-21 22:15:46,2026-08-22T01:15:46.062Z,2.430000066757202,gauge_zero
2026-08-21 22:20:00,2026-08-22T01:20:00Z,2.43,gauge_zero
2026-08-21 22:25:46,2026-08-22T01:25:46.096Z,2.430000066757202,gauge_zero
2026-08-21 22:30:00,2026-08-22T01:30:00Z,2.42,gauge_zero
2026-08-21 22:35:46,2026-08-22T01:35:46.059Z,2.430000066757202,gauge_zero
2026-08-21 22:40:00,2026-08-22T01:40:00Z,2.42,gauge_zero
2026-08-21 22:45:46,2026-08-22T01:45:46.05Z,2.430000066757202,gauge_zero
2026-08-21 22:50:00,2026-08-22T01:50:00Z,2.42,gauge_zero
2026-08-21 22:55:46,2026-08-22T01:55:46.048Z,2.430000066757202,gauge_zero
2026-08-21 23:00:00,2026-08-22T02:00:00Z,2.42,gauge_zero
2026-08-21 23:05:46,2026-08-22T02:05:46.088Z,2.430000066757202,gauge_zero
2026-08-21 23:10:00,2026-08-22T02:10:00Z,2.42,gauge_zero
2026-08-21 23:15:46,2026-08-22T02:15:46.081Z,2.430000066757202,gauge_zero
2026-08-21 23:20:00,2026-08-22T02:20:00Z,2.42,gauge_zero
2026-08-21 23:25:46,2026-08-22T02:25:46.072Z,2.430000066757202,gauge_zero
2026-08-21 23:30:00,2026-08-22T02:30:00Z,2.42,gauge_zero
2026-08-21 23:35:46,2026-08-22T02:35:46.077Z,2.430000066757202,gauge_zero
2026-08-21 23:40:00,2026-08-22T02:40:00Z,2.42,gauge_zero
2026-08-21 23:45:43,2026-08-22T02:45:43.374Z,2.430000066757202,gauge_zero
2026-08-21 23:50:00,2026-08-22T02:50:00Z,2.42,gauge_zero
2026-08-21 23:55:43,2026-08-22T02:55:43.363Z,2.430000066757202,gauge_zero
2026-08-22 00:00:00,2026-08-22T03:00:00Z,2.43,gauge_zero
2026-08-22 00:05:43,2026-08-22T03:05:43.368Z,2.430000066757202,gauge_zero
2026-08-22 00:10:00,2026-08-22T03:10:00Z,2.43,gauge_zero
2026-08-22 00:15:43,2026-08-22T03:15:43.368Z,2.430000066757202,gauge_zero
2026-08-22 00:20:00,2026-08-22T03:20:00Z,2.43,gauge_zero
2026-08-22 00:25:43,2026-08-22T03:25:43.366Z,2.430000066757202,gauge_zero
2026-08-22 00:30:00,2026-08-22T03:30:00Z,2.43,gauge_zero
2026-08-22 00:35:43,2026-08-22T03:35:43.373Z,2.430000066757202,gauge_zero
2026-08-22 00:40:00,2026-08-22T03:40:00Z,2.43,gauge_zero
2026-08-22 00:45:43,2026-08-22T03:45:43.385Z,2.430000066757202,gauge_zero
2026-08-22 00:50:00,2026-08-22T03:50:00Z,2.43,gauge_zero
2026-08-22 00:55:43,2026-08-22T03:55:43.368Z,2.430000066757202,gauge_zero
2026-08-22 01:00:00,2026-08-22T04:00:00Z,2.43,gauge_zero
2026-08-22 01:05:43,2026-08-22T04:05:43.381Z,2.430000066757202,gauge_zero
2026-08-22 01:10:00,2026-08-22T04:10:00Z,2.43,gauge_zero
2026-08-22 01:15:43,2026-08-22T04:15:43.392Z,2.430000066757202,gauge_zero
2026-08-22 01:20:00,2026-08-22T04:20:00Z,2.43,gauge_zero
2026-08-22 01:25:43,2026-08-22T04:25:43.375Z,2.430000066757202,gauge_zero
2026-08-22 01:30:00,2026-08-22T04:30:00Z,2.43,gauge_zero
2026-08-22 01:35:43,2026-08-22T04:35:43.405Z,2.430000066757202,gauge_zero
2026-08-22 01:40:00,2026-08-22T04:40:00Z,2.43,gauge_zero
2026-08-22 01:45:43,2026-08-22T04:45:43.389Z,2.430000066757202,gauge_zero
2026-08-22 01:50:00,2026-08-22T04:50:00Z,2.43,gauge_zero
2026-08-22 01:55:43,2026-08-22T04:55:43.379Z,2.430000066757202,gauge_zero
2026-08-22 02:00:00,2026-08-22T05:00:00Z,2.43,gauge_zero
2026-08-22 02:05:43,2026-08-22T05:05:43.387Z,2.430000066757202,gauge_zero
2026-08-22 02:10:00,2026-08-22T05:10:00Z,2.43,gauge_zero
2026-08-22 02:15:43,2026-08-22T05:15:43.351Z,2.430000066757202,gauge_zero
2026-08-22 02:20:00,2026-08-22T05:20:00Z,2.42,gauge_zero
2026-08-22 02:25:43,2026-08-22T05:25:43.387Z,2.430000066757202,gauge_zero
2026-08-22 02:30:00,2026-08-22T05:30:00Z,2.42,gauge_zero
2026-08-22 02:35:43,2026-08-22T05:35:43.375Z,2.430000066757202,gauge_zero
2026-08-22 02:40:00,2026-08-22T05:40:00Z,2.42,gauge_zero
2026-08-22 02:45:42,2026-08-22T05:45:42.515Z,2.430000066757202,gauge_zero
2026-08-22 02:46:02,2026-08-22T05:46:02.521Z,2.430000066757202,gauge_zero
2026-08-22 02:50:00,2026-08-22T05:50:00Z,2.42,gauge_zero
2026-08-22 03:00:00,2026-08-22T06:00:00Z,2.42,gauge_zero
2026-08-22 03:05:43,2026-08-22T06:05:43.593Z,2.4200000762939453,gauge_zero
2026-08-22 03:10:00,2026-08-22T06:10:00Z,2.42,gauge_zero
2026-08-22 03:15:43,2026-08-22T06:15:43.606Z,2.4200000762939453,gauge_zero
2026-08-22 03:20:00,2026-08-22T06:20:00Z,2.42,gauge_zero
2026-08-22 03:25:43,2026-08-22T06:25:43.602Z,2.4200000762939453,gauge_zero
2026-08-22 03:30:00,2026-08-22T06:30:00Z,2.42,gauge_zero
2026-08-22 03:35:43,2026-08-22T06:35:43.598Z,2.4200000762939453,gauge_zero
2026-08-22 03:40:00,2026-08-22T06:40:00Z,2.42,gauge_zero
2026-08-22 03:45:43,2026-08-22T06:45:43.618Z,2.4200000762939453,gauge_zero
2026-08-22 03:50:00,2026-08-22T06:50:00Z,2.42,gauge_zero
2026-08-22 03:55:43,2026-08-22T06:55:43.601Z,2.4200000762939453,gauge_zero
2026-08-22 04:00:00,2026-08-22T07:00:00Z,2.42,gauge_zero
2026-08-22 04:05:43,2026-08-22T07:05:43.622Z,2.4200000762939453,gauge_zero
2026-08-22 04:10:00,2026-08-22T07:10:00Z,2.42,gauge_zero
2026-08-22 04:15:43,2026-08-22T07:15:43.588Z,2.440000057220459,gauge_zero
2026-08-22 04:20:00,2026-08-22T07:20:00Z,2.43,gauge_zero
2026-08-22 04:25:43,2026-08-22T07:25:43.624Z,2.440000057220459,gauge_zero
2026-08-22 04:30:00,2026-08-22T07:30:00Z,2.44,gauge_zero
2026-08-22 04:35:43,2026-08-22T07:35:43.614Z,2.440000057220459,gauge_zero
2026-08-22 04:40:00,2026-08-22T07:40:00Z,2.44,gauge_zero
2026-08-22 04:45:43,2026-08-22T07:45:43.614Z,2.440000057220459,gauge_zero
2026-08-22 04:50:00,2026-08-22T07:50:00Z,2.44,gauge_zero
2026-08-22 04:55:43,2026-08-22T07:55:43.619Z,2.440000057220459,gauge_zero
2026-08-22 05:00:00,2026-08-22T08:00:00Z,2.44,gauge_zero
2026-08-22 05:05:43,2026-08-22T08:05:43.594Z,2.440000057220459,gauge_zero
2026-08-22 05:10:00,2026-08-22T08:10:00Z,2.44,gauge_zero
2026-08-22 05:15:43,2026-08-22T08:15:43.613Z,2.440000057220459,gauge_zero
2026-08-22 05:20:00,2026-08-22T08:20:00Z,2.44,gauge_zero
2026-08-22 05:25:43,2026-08-22T08:25:43.705Z,2.440000057220459,gauge_zero
2026-08-22 05:30:00,2026-08-22T08:30:00Z,2.43,gauge_zero
2026-08-22 05:35:43,2026-08-22T08:35:43.61Z,2.440000057220459,gauge_zero
2026-08-22 05:40:00,2026-08-22T08:40:00Z,2.43,gauge_zero
2026-08-22 05:45:43,2026-08-22T08:45:43.61Z,2.440000057220459,gauge_zero
2026-08-22 05:50:00,2026-08-22T08:50:00Z,2.43,gauge_zero
2026-08-22 05:55:43,2026-08-22T08:55:43.605Z,2.4200000762939453,gauge_zero
2026-08-22 06:00:00,2026-08-22T09:00:00Z,2.42,gauge_zero
2026-08-22 06:05:43,2026-08-22T09:05:43.635Z,2.4200000762939453,gauge_zero
2026-08-22 06:10:00,2026-08-22T09:10:00Z,2.42,gauge_zero
2026-08-22 06:15:43,2026-08-22T09:15:43.605Z,2.4200000762939453,gauge_zero
2026-08-22 06:20:00,2026-08-22T09:20:00Z,2.42,gauge_zero
2026-08-22 06:25:43,2026-08-22T09:25:43.614Z,2.4200000762939453,gauge_zero
2026-08-22 06:30:00,2026-08-22T09:30:00Z,2.42,gauge_zero
2026-08-22 06:35:43,2026-08-22T09:35:43.614Z,2.4200000762939453,gauge_zero
2026-08-22 06:40:00,2026-08-22T09:40:00Z,2.42,gauge_zero
2026-08-22 06:45:43,2026-08-22T09:45:43.641Z,2.4200000762939453,gauge_zero
2026-08-22 06:50:00,2026-08-22T09:50:00Z,2.42,gauge_zero
2026-08-22 06:55:43,2026-08-22T09:55:43.616Z,2.4200000762939453,gauge_zero
2026-08-22 07:00:00,2026-08-22T10:00:00Z,2.42,gauge_zero
2026-08-22 07:05:43,2026-08-22T10:05:43.621Z,2.4200000762939453,gauge_zero
2026-08-22 07:10:00,2026-08-22T10:10:00Z,2.42,gauge_zero
2026-08-22 07:15:43,2026-08-22T10:15:43.593Z,2.4200000762939453,gauge_zero
2026-08-22 07:20:00,2026-08-22T10:20:00Z,2.43,gauge_zero
2026-08-22 07:25:43,2026-08-22T10:25:43.618Z,2.4200000762939453,gauge_zero
2026-08-22 07:30:00,2026-08-22T10:30:00Z,2.43,gauge_zero
2026-08-22 07:35:43,2026-08-22T10:35:43.601Z,2.4200000762939453,gauge_zero
2026-08-22 07:40:00,2026-08-22T10:40:00Z,2.43,gauge_zero
2026-08-22 07:45:43,2026-08-22T10:45:43.71Z,2.4200000762939453,gauge_zero
2026-08-22 07:50:00,2026-08-22T10:50:00Z,2.43,gauge_zero
2026-08-22 07:55:43,2026-08-22T10:55:43.609Z,2.4200000762939453,gauge_zero
2026-08-22 08:00:00,2026-08-22T11:00:00Z,2.43,gauge_zero
2026-08-22 08:05:43,2026-08-22T11:05:43.621Z,2.4200000762939453,gauge_zero
2026-08-22 08:10:00,2026-08-22T11:10:00Z,2.43,gauge_zero
2026-08-22 08:15:43,2026-08-22T11:15:43.617Z,2.4200000762939453,gauge_zero
2026-08-22 08:20:00,2026-08-22T11:20:00Z,2.43,gauge_zero
2026-08-22 08:25:43,2026-08-22T11:25:43.614Z,2.4200000762939453,gauge_zero
2026-08-22 08:30:00,2026-08-22T11:30:00Z,2.43,gauge_zero
2026-08-22 08:35:43,2026-08-22T11:35:43.606Z,2.4200000762939453,gauge_zero
2026-08-22 08:40:00,2026-08-22T11:40:00Z,2.43,gauge_zero
2026-08-22 08:45:43,2026-08-22T11:45:43.63Z,2.4200000762939453,gauge_zero
2026-08-22 08:50:00,2026-08-22T11:50:00Z,2.43,gauge_zero
2026-08-22 08:55:43,2026-08-22T11:55:43.597Z,2.4200000762939453,gauge_zero
2026-08-22 09:00:00,2026-08-22T12:00:00Z,2.42,gauge_zero
2026-08-22 09:05:43,2026-08-22T12:05:43.604Z,2.4200000762939453,gauge_zero
2026-08-22 09:10:00,2026-08-22T12:10:00Z,2.42,gauge_zero
2026-08-22 09:15:43,2026-08-22T12:15:43.612Z,2.4200000762939453,gauge_zero
2026-08-22 09:20:00,2026-08-22T12:20:00Z,2.42,gauge_zero
2026-08-22 09:25:43,2026-08-22T12:25:43.608Z,2.4200000762939453,gauge_zero
2026-08-22 09:30:00,2026-08-22T12:30:00Z,2.42,gauge_zero
2026-08-22 09:35:43,2026-08-22T12:35:43.622Z,2.4200000762939453,gauge_zero
2026-08-22 09:40:00,2026-08-22T12:40:00Z,2.41,gauge_zero
2026-08-22 09:45:43,2026-08-22T12:45:43.621Z,2.4200000762939453,gauge_zero
2026-08-22 09:50:00,2026-08-22T12:50:00Z,2.41,gauge_zero
2026-08-22 09:55:43,2026-08-22T12:55:43.615Z,2.4200000762939453,gauge_zero
2026-08-22 10:00:00,2026-08-22T13:00:00Z,2.41,gauge_zero
2026-08-22 10:05:43,2026-08-22T13:05:43.619Z,2.4200000762939453,gauge_zero
2026-08-22 10:10:00,2026-08-22T13:10:00Z,2.41,gauge_zero
2026-08-22 10:15:43,2026-08-22T13:15:43.658Z,2.4200000762939453,gauge_zero
2026-08-22 10:20:00,2026-08-22T13:20:00Z,2.41,gauge_zero
2026-08-22 10:25:43,2026-08-22T13:25:43.628Z,2.4200000762939453,gauge_zero
2026-08-22 10:30:00,2026-08-22T13:30:00Z,2.41,gauge_zero
2026-08-22 10:35:43,2026-08-22T13:35:43.625Z,2.4200000762939453,gauge_zero
2026-08-22 10:40:00,2026-08-22T13:40:00Z,2.41,gauge_zero
2026-08-22 10:45:43,2026-08-22T13:45:43.639Z,2.4200000762939453,gauge_zero
2026-08-22 10:50:00,2026-08-22T13:50:00Z,2.41,gauge_zero
2026-08-22 10:55:43,2026-08-22T13:55:43.615Z,2.4200000762939453,gauge_zero
2026-08-22 11:00:00,2026-08-22T14:00:00Z,2.42,gauge_zero
2026-08-22 11:05:43,2026-08-22T14:05:43.645Z,2.4200000762939453,gauge_zero
2026-08-22 11:10:00,2026-08-22T14:10:00Z,2.42,gauge_zero
2026-08-22 11:15:43,2026-08-22T14:15:43.606Z,2.4200000762939453,gauge_zero
2026-08-22 11:20:00,2026-08-22T14:20:00Z,2.42,gauge_zero
2026-08-22 11:25:43,2026-08-22T14:25:43.62Z,2.4200000762939453,gauge_zero
2026-08-22 11:30:00,2026-08-22T14:30:00Z,2.42,gauge_zero
2026-08-22 11:35:43,2026-08-22T14:35:43.639Z,2.4200000762939453,gauge_zero
2026-08-22 11:40:00,2026-08-22T14:40:00Z,2.42,gauge_zero
2026-08-22 11:45:43,2026-08-22T14:45:43.659Z,2.4200000762939453,gauge_zero
2026-08-22 11:50:00,2026-08-22T14:50:00Z,2.41,gauge_zero
2026-08-22 11:55:43,2026-08-22T14:55:43.617Z,2.4200000762939453,gauge_zero
2026-08-22 12:00:00,2026-08-22T15:00:00Z,2.42,gauge_zero
2026-08-22 12:05:43,2026-08-22T15:05:43.608Z,2.4200000762939453,gauge_zero
2026-08-22 12:10:00,2026-08-22T15:10:00Z,2.41,gauge_zero
2026-08-22 12:15:43,2026-08-22T15:15:43.622Z,2.4200000762939453,gauge_zero
2026-08-22 12:20:00,2026-08-22T15:20:00Z,2.41,gauge_zero
2026-08-22 12:25:43,2026-08-22T15:25:43.63Z,2.4200000762939453,gauge_zero
2026-08-22 12:30:00,2026-08-22T15:30:00Z,2.41,gauge_zero
2026-08-22 12:35:43,2026-08-22T15:35:43.63Z,2.4000000953674316,gauge_zero
2026-08-22 12:40:00,2026-08-22T15:40:00Z,2.4,gauge_zero
2026-08-22 12:45:43,2026-08-22T15:45:43.653Z,2.4000000953674316,gauge_zero
2026-08-22 12:50:00,2026-08-22T15:50:00Z,2.4,gauge_zero
2026-08-22 12:55:43,2026-08-22T15:55:43.641Z,2.4000000953674316,gauge_zero
2026-08-22 13:00:00,2026-08-22T16:00:00Z,2.4,gauge_zero
2026-08-22 13:05:43,2026-08-22T16:05:43.638Z,2.4000000953674316,gauge_zero
2026-08-22 13:10:00,2026-08-22T16:10:00Z,2.4,gauge_zero
2026-08-22 13:15:43,2026-08-22T16:15:43.637Z,2.4000000953674316,gauge_zero
2026-08-22 13:20:00,2026-08-22T16:20:00Z,2.4,gauge_zero
2026-08-22 13:25:43,2026-08-22T16:25:43.606Z,2.4000000953674316,gauge_zero
2026-08-22 13:30:00,2026-08-22T16:30:00Z,2.4,gauge_zero
2026-08-22 13:35:43,2026-08-22T16:35:43.642Z,2.4000000953674316,gauge_zero
2026-08-22 13:40:00,2026-08-22T16:40:00Z,2.41,gauge_zero
2026-08-22 13:45:43,2026-08-22T16:45:43.625Z,2.4000000953674316,gauge_zero
2026-08-22 13:50:00,2026-08-22T16:50:00Z,2.41,gauge_zero
2026-08-22 13:55:43,2026-08-22T16:55:43.633Z,2.4000000953674316,gauge_zero
2026-08-22 14:00:00,2026-08-22T17:00:00Z,2.41,gauge_zero
2026-08-22 14:05:43,2026-08-22T17:05:43.652Z,2.4200000762939453,gauge_zero
2026-08-22 14:10:00,2026-08-22T17:10:00Z,2.41,gauge_zero
2026-08-22 14:15:43,2026-08-22T17:15:43.71Z,2.4200000762939453,gauge_zero
2026-08-22 14:20:00,2026-08-22T17:20:00Z,2.42,gauge_zero
2026-08-22 14:25:43,2026-08-22T17:25:43.725Z,2.4200000762939453,gauge_zero
2026-08-22 14:30:00,2026-08-22T17:30:00Z,2.41,gauge_zero
2026-08-22 14:35:43,2026-08-22T17:35:43.637Z,2.4200000762939453,gauge_zero
2026-08-22 14:40:00,2026-08-22T17:40:00Z,2.41,gauge_zero
2026-08-22 14:45:43,2026-08-22T17:45:43.653Z,2.4200000762939453,gauge_zero
2026-08-22 14:50:00,2026-08-22T17:50:00Z,2.41,gauge_zero
2026-08-22 14:55:43,2026-08-22T17:55:43.619Z,2.4200000762939453,gauge_zero
2026-08-22 15:00:00,2026-08-22T18:00:00Z,2.41,gauge_zero
2026-08-22 15:05:43,2026-08-22T18:05:43.732Z,2.4200000762939453,gauge_zero
2026-08-22 15:10:00,2026-08-22T18:10:00Z,2.41,gauge_zero
2026-08-22 15:15:43,2026-08-22T18:15:43.661Z,2.4000000953674316,gauge_zero
2026-08-22 15:20:00,2026-08-22T18:20:00Z,2.41,gauge_zero
2026-08-22 15:25:43,2026-08-22T18:25:43.63Z,2.4000000953674316,gauge_zero
2026-08-22 15:30:00,2026-08-22T18:30:00Z,2.4,gauge_zero
2026-08-22 15:35:43,2026-08-22T18:35:43.645Z,2.4000000953674316,gauge_zero
2026-08-22 15:40:00,2026-08-22T18:40:00Z,2.4,gauge_zero
2026-08-22 15:45:43,2026-08-22T18:45:43.624Z,2.4000000953674316,gauge_zero
2026-08-22 15:50:00,2026-08-22T18:50:00Z,2.4,gauge_zero
2026-08-22 15:55:43,2026-08-22T18:55:43.665Z,2.4000000953674316,gauge_zero
2026-08-22 16:00:00,2026-08-22T19:00:00Z,2.4,gauge_zero
2026-08-22 16:05:43,2026-08-22T19:05:43.63Z,2.4000000953674316,gauge_zero
2026-08-22 16:10:00,2026-08-22T19:10:00Z,2.4,gauge_zero
2026-08-22 16:15:43,2026-08-22T19:15:43.641Z,2.4000000953674316,gauge_zero
2026-08-22 16:20:00,2026-08-22T19:20:00Z,2.4,gauge_zero
2026-08-22 16:25:43,2026-08-22T19:25:43.655Z,2.4000000953674316,gauge_zero
2026-08-22 16:30:00,2026-08-22T19:30:00Z,2.4,gauge_zero
2026-08-22 16:35:43,2026-08-22T19:35:43.647Z,2.4000000953674316,gauge_zero
2026-08-22 16:40:00,2026-08-22T19:40:00Z,2.4,gauge_zero
2026-08-22 16:45:43,2026-08-22T19:45:43.818Z,2.4000000953674316,gauge_zero
2026-08-22 16:50:00,2026-08-22T19:50:00Z,2.41,gauge_zero
2026-08-22 16:55:43,2026-08-22T19:55:43.652Z,2.4000000953674316,gauge_zero
2026-08-22 17:00:00,2026-08-22T20:00:00Z,2.4,gauge_zero
2026-08-22 17:05:43,2026-08-22T20:05:43.675Z,2.4000000953674316,gauge_zero
2026-08-22 17:10:00,2026-08-22T20:10:00Z,2.41,gauge_zero
2026-08-22 17:15:43,2026-08-22T20:15:43.644Z,2.4000000953674316,gauge_zero
2026-08-22 17:20:00,2026-08-22T20:20:00Z,2.41,gauge_zero
2026-08-22 17:25:43,2026-08-22T20:25:43.664Z,2.4000000953674316,gauge_zero
2026-08-22 17:30:00,2026-08-22T20:30:00Z,2.41,gauge_zero
2026-08-22 17:35:43,2026-08-22T20:35:43.638Z,2.4000000953674316,gauge_zero
2026-08-22 17:40:00,2026-08-22T20:40:00Z,2.41,gauge_zero
2026-08-22 17:45:43,2026-08-22T20:45:43.656Z,2.4000000953674316,gauge_zero
2026-08-22 17:50:00,2026-08-22T20:50:00Z,2.41,gauge_zero
2026-08-22 17:55:43,2026-08-22T20:55:43.635Z,2.4000000953674316,gauge_zero
2026-08-22 18:00:00,2026-08-22T21:00:00Z,2.41,gauge_zero
2026-08-22 18:05:43,2026-08-22T21:05:43.634Z,2.4000000953674316,gauge_zero
2026-08-22 18:10:00,2026-08-22T21:10:00Z,2.41,gauge_zero
2026-08-22 18:15:43,2026-08-22T21:15:43.653Z,2.4200000762939453,gauge_zero
2026-08-22 18:20:00,2026-08-22T21:20:00Z,2.41,gauge_zero
2026-08-22 18:25:43,2026-08-22T21:25:43.633Z,2.4200000762939453,gauge_zero
2026-08-22 18:30:00,2026-08-22T21:30:00Z,2.41,gauge_zero
2026-08-22 18:35:43,2026-08-22T21:35:43.642Z,2.4200000762939453,gauge_zero
2026-08-22 18:40:00,2026-08-22T21:40:00Z,2.42,gauge_zero
2026-08-22 18:45:43,2026-08-22T21:45:43.644Z,2.4200000762939453,gauge_zero
2026-08-22 18:50:00,2026-08-22T21:50:00Z,2.42,gauge_zero
2026-08-22 18:55:43,2026-08-22T21:55:43.66Z,2.4200000762939453,gauge_zero
2026-08-22 19:00:00,2026-08-22T22:00:00Z,2.42,gauge_zero
2026-08-22 19:05:43,2026-08-22T22:05:43.675Z,2.4200000762939453,gauge_zero
2026-08-22 19:10:00,2026-08-22T22:10:00Z,2.42,gauge_zero
2026-08-22 19:15:43,2026-08-22T22:15:43.647Z,2.4200000762939453,gauge_zero
2026-08-22 19:20:00,2026-08-22T22:20:00Z,2.42,gauge_zero
2026-08-22 19:25:43,2026-08-22T22:25:43.671Z,2.4200000762939453,gauge_zero
2026-08-22 19:30:00,2026-08-22T22:30:00Z,2.42,gauge_zero
2026-08-22 19:35:43,2026-08-22T22:35:43.656Z,2.4200000762939453,gauge_zero
2026-08-22 19:40:00,2026-08-22T22:40:00Z,2.41,gauge_zero
2026-08-22 19:45:43,2026-08-22T22:45:43.631Z,2.4200000762939453,gauge_zero
2026-08-22 19:50:00,2026-08-22T22:50:00Z,2.41,gauge_zero
2026-08-22 19:55:43,2026-08-22T22:55:43.655Z,2.4200000762939453,gauge_zero
2026-08-22 20:00:00,2026-08-22T23:00:00Z,2.41,gauge_zero
2026-08-22 20:05:43,2026-08-22T23:05:43.659Z,2.4200000762939453,gauge_zero
2026-08-22 20:10:00,2026-08-22T23:10:00Z,2.41,gauge_zero
2026-08-22 20:15:43,2026-08-22T23:15:43.645Z,2.4000000953674316,gauge_zero
2026-08-22 20:20:00,2026-08-22T23:20:00Z,2.4,gauge_zero
2026-08-22 20:26:13,2026-08-22T23:26:13.663Z,2.4000000953674316,gauge_zero
2026-08-22 20:30:00,2026-08-22T23:30:00Z,2.41,gauge_zero
2026-08-22 20:35:43,2026-08-22T23:35:43.646Z,2.4000000953674316,gauge_zero
2026-08-22 20:40:00,2026-08-22T23:40:00Z,2.41,gauge_zero
2026-08-22 20:45:43,2026-08-22T23:45:43.655Z,2.4000000953674316,gauge_zero
2026-08-22 20:50:00,2026-08-22T23:50:00Z,2.41,gauge_zero
2026-08-22 20:55:43,2026-08-22T23:55:43.651Z,2.4000000953674316,gauge_zero
2026-08-22 21:00:00,2026-08-23T00:00:00Z,2.41,gauge_zero
2026-08-22 21:05:43,2026-08-23T00:05:43.662Z,2.4200000762939453,gauge_zero
2026-08-22 21:10:00,2026-08-23T00:10:00Z,2.41,gauge_zero
2026-08-22 21:15:43,2026-08-23T00:15:43.664Z,2.4200000762939453,gauge_zero
2026-08-22 21:20:00,2026-08-23T00:20:00Z,2.41,gauge_zero
2026-08-22 21:25:43,2026-08-23T00:25:43.661Z,2.4200000762939453,gauge_zero
2026-08-22 21:30:00,2026-08-23T00:30:00Z,2.41,gauge_zero
2026-08-22 21:35:43,2026-08-23T00:35:43.648Z,2.4200000762939453,gauge_zero
2026-08-22 21:40:00,2026-08-23T00:40:00Z,2.41,gauge_zero
2026-08-22 21:45:43,2026-08-23T00:45:43.679Z,2.4200000762939453,gauge_zero
2026-08-22 21:50:00,2026-08-23T00:50:00Z,2.41,gauge_zero
2026-08-22 21:55:43,2026-08-23T00:55:43.65Z,2.4200000762939453,gauge_zero
2026-08-22 22:00:00,2026-08-23T01:00:00Z,2.41,gauge_zero
2026-08-22 22:05:43,2026-08-23T01:05:43.645Z,2.4200000762939453,gauge_zero
2026-08-22 22:10:00,2026-08-23T01:10:00Z,2.41,gauge_zero
2026-08-22 22:15:43,2026-08-23T01:15:43.649Z,2.4200000762939453,gauge_zero
2026-08-22 22:20:00,2026-08-23T01:20:00Z,2.41,gauge_zero
2026-08-22 22:25:43,2026-08-23T01:25:43.65Z,2.4200000762939453,gauge_zero
2026-08-22 22:30:00,2026-08-23T01:30:00Z,2.41,gauge_zero
2026-08-22 22:35:43,2026-08-23T01:35:43.64Z,2.4200000762939453,gauge_zero
2026-08-22 22:40:00,2026-08-23T01:40:00Z,2.42,gauge_zero
2026-08-22 22:45:43,2026-08-23T01:45:43.642Z,2.4200000762939453,gauge_zero
2026-08-22 22:50:00,2026-08-23T01:50:00Z,2.42,gauge_zero
2026-08-22 22:55:43,2026-08-23T01:55:43.675Z,2.4200000762939453,gauge_zero
2026-08-22 23:00:00,2026-08-23T02:00:00Z,2.41,gauge_zero
2026-08-22 23:05:43,2026-08-23T02:05:43.672Z,2.4200000762939453,gauge_zero
2026-08-22 23:10:00,2026-08-23T02:10:00Z,2.41,gauge_zero
2026-08-22 23:15:43,2026-08-23T02:15:43.662Z,2.4200000762939453,gauge_zero
2026-08-22 23:20:00,2026-08-23T02:20:00Z,2.41,gauge_zero
2026-08-22 23:25:43,2026-08-23T02:25:43.666Z,2.4200000762939453,gauge_zero
2026-08-22 23:30:00,2026-08-23T02:30:00Z,2.41,gauge_zero
2026-08-22 23:35:43,2026-08-23T02:35:43.679Z,2.4200000762939453,gauge_zero
2026-08-22 23:40:00,2026-08-23T02:40:00Z,2.41,gauge_zero
2026-08-22 23:45:43,2026-08-23T02:45:43.643Z,2.4100000858306885,gauge_zero
2026-08-22 23:50:00,2026-08-23T02:50:00Z,2.41,gauge_zero
2026-08-22 23:55:43,2026-08-23T02:55:43.653Z,2.4100000858306885,gauge_zero
2026-08-23 00:00:00,2026-08-23T03:00:00Z,2.41,gauge_zero
2026-08-23 00:05:43,2026-08-23T03:05:43.632Z,2.4100000858306885,gauge_zero
2026-08-23 00:10:00,2026-08-23T03:10:00Z,2.41,gauge_zero
2026-08-23 00:15:43,2026-08-23T03:15:43.653Z,2.4100000858306885,gauge_zero
2026-08-23 00:20:00,2026-08-23T03:20:00Z,2.41,gauge_zero
2026-08-23 00:25:43,2026-08-23T03:25:43.656Z,2.4100000858306885,gauge_zero
2026-08-23 00:30:00,2026-08-23T03:30:00Z,2.41,gauge_zero
2026-08-23 00:35:43,2026-08-23T03:35:43.683Z,2.4100000858306885,gauge_zero
2026-08-23 00:40:00,2026-08-23T03:40:00Z,2.41,gauge_zero
2026-08-23 00:45:43,2026-08-23T03:45:43.668Z,2.4100000858306885,gauge_zero
2026-08-23 00:50:00,2026-08-23T03:50:00Z,2.41,gauge_zero
2026-08-23 00:55:43,2026-08-23T03:55:43.639Z,2.4100000858306885,gauge_zero
2026-08-23 01:00:00,2026-08-23T04:00:00Z,2.41,gauge_zero
2026-08-23 01:05:43,2026-08-23T04:05:43.643Z,2.4100000858306885,gauge_zero
2026-08-23 01:10:00,2026-08-23T04:10:00Z,2.41,gauge_zero
2026-08-23 01:15:43,2026-08-23T04:15:43.652Z,2.4100000858306885,gauge_zero
2026-08-23 01:20:00,2026-08-23T04:20:00Z,2.41,gauge_zero
2026-08-23 01:25:43,2026-08-23T04:25:43.648Z,2.4100000858306885,gauge_zero
2026-08-23 01:30:00,2026-08-23T04:30:00Z,2.41,gauge_zero
2026-08-23 01:35:43,2026-08-23T04:35:43.658Z,2.4100000858306885,gauge_zero
2026-08-23 01:40:00,2026-08-23T04:40:00Z,2.41,gauge_zero
2026-08-23 01:45:43,2026-08-23T04:45:43.652Z,2.4100000858306885,gauge_zero
2026-08-23 01:50:00,2026-08-23T04:50:00Z,2.41,gauge_zero
2026-08-23 01:55:43,2026-08-23T04:55:43.715Z,2.4100000858306885,gauge_zero
2026-08-23 02:00:00,2026-08-23T05:00:00Z,2.41,gauge_zero
2026-08-23 02:05:43,2026-08-23T05:05:43.641Z,2.4100000858306885,gauge_zero
2026-08-23 02:10:00,2026-08-23T05:10:00Z,2.41,gauge_zero
2026-08-23 02:15:43,2026-08-23T05:15:43.667Z,2.4100000858306885,gauge_zero
2026-08-23 02:20:00,2026-08-23T05:20:00Z,2.41,gauge_zero
2026-08-23 02:25:43,2026-08-23T05:25:43.678Z,2.4100000858306885,gauge_zero
2026-08-23 02:30:00,2026-08-23T05:30:00Z,2.4,gauge_zero
2026-08-23 02:35:43,2026-08-23T05:35:43.684Z,2.4100000858306885,gauge_zero
2026-08-23 02:40:00,2026-08-23T05:40:00Z,2.41,gauge_zero
2026-08-23 02:45:43,2026-08-23T05:45:43.652Z,2.4100000858306885,gauge_zero
2026-08-23 02:50:00,2026-08-23T05:50:00Z,2.41,gauge_zero
2026-08-23 02:55:44,2026-08-23T05:55:44.296Z,2.4100000858306885,gauge_zero
2026-08-23 03:00:00,2026-08-23T06:00:00Z,2.41,gauge_zero
2026-08-23 03:05:43,2026-08-23T06:05:43.669Z,2.4100000858306885,gauge_zero
2026-08-23 03:10:00,2026-08-23T06:10:00Z,2.41,gauge_zero
2026-08-23 03:15:43,2026-08-23T06:15:43.656Z,2.4100000858306885,gauge_zero
2026-08-23 03:20:00,2026-08-23T06:20:00Z,2.41,gauge_zero
2026-08-23 03:25:43,2026-08-23T06:25:43.655Z,2.4100000858306885,gauge_zero
2026-08-23 03:30:00,2026-08-23T06:30:00Z,2.41,gauge_zero
2026-08-23 03:35:43,2026-08-23T06:35:43.654Z,2.4100000858306885,gauge_zero
2026-08-23 03:40:00,2026-08-23T06:40:00Z,2.41,gauge_zero
2026-08-23 03:45:43,2026-08-23T06:45:43.652Z,2.4100000858306885,gauge_zero
2026-08-23 03:50:00,2026-08-23T06:50:00Z,2.41,gauge_zero
2026-08-23 03:55:43,2026-08-23T06:55:43.671Z,2.4100000858306885,gauge_zero
2026-08-23 04:00:00,2026-08-23T07:00:00Z,2.41,gauge_zero
2026-08-23 04:05:43,2026-08-23T07:05:43.65Z,2.4100000858306885,gauge_zero
2026-08-23 04:10:00,2026-08-23T07:10:00Z,2.41,gauge_zero
2026-08-23 04:15:43,2026-08-23T07:15:43.667Z,2.4100000858306885,gauge_zero
2026-08-23 04:20:00,2026-08-23T07:20:00Z,2.41,gauge_zero
2026-08-23 04:25:43,2026-08-23T07:25:43.655Z,2.4100000858306885,gauge_zero
2026-08-23 04:30:00,2026-08-23T07:30:00Z,2.41,gauge_zero
2026-08-23 04:35:43,2026-08-23T07:35:43.654Z,2.4100000858306885,gauge_zero
2026-08-23 04:40:00,2026-08-23T07:40:00Z,2.41,gauge_zero
2026-08-23 04:45:43,2026-08-23T07:45:43.683Z,2.4100000858306885,gauge_zero
2026-08-23 04:50:00,2026-08-23T07:50:00Z,2.41,gauge_zero
2026-08-23 04:55:43,2026-08-23T07:55:43.667Z,2.4100000858306885,gauge_zero
2026-08-23 05:00:00,2026-08-23T08:00:00Z,2.41,gauge_zero
2026-08-23 05:05:43,2026-08-23T08:05:43.669Z,2.4100000858306885,gauge_zero
2026-08-23 05:10:00,2026-08-23T08:10:00Z,2.41,gauge_zero
2026-08-23 05:15:43,2026-08-23T08:15:43.669Z,2.4100000858306885,gauge_zero
2026-08-23 05:20:00,2026-08-23T08:20:00Z,2.41,gauge_zero
2026-08-23 05:25:43,2026-08-23T08:25:43.637Z,2.4100000858306885,gauge_zero
2026-08-23 05:30:00,2026-08-23T08:30:00Z,2.41,gauge_zero
2026-08-23 05:35:43,2026-08-23T08:35:43.657Z,2.4100000858306885,gauge_zero
2026-08-23 05:40:00,2026-08-23T08:40:00Z,2.41,gauge_zero
2026-08-23 05:45:43,2026-08-23T08:45:43.67Z,2.4100000858306885,gauge_zero
2026-08-23 05:50:00,2026-08-23T08:50:00Z,2.41,gauge_zero
2026-08-23 05:55:43,2026-08-23T08:55:43.677Z,2.4100000858306885,gauge_zero
2026-08-23 06:00:00,2026-08-23T09:00:00Z,2.41,gauge_zero
2026-08-23 06:05:43,2026-08-23T09:05:43.786Z,2.4100000858306885,gauge_zero
2026-08-23 06:10:00,2026-08-23T09:10:00Z,2.41,gauge_zero
2026-08-23 06:15:43,2026-08-23T09:15:43.659Z,2.4100000858306885,gauge_zero
2026-08-23 06:20:00,2026-08-23T09:20:00Z,2.41,gauge_zero
2026-08-23 06:25:43,2026-08-23T09:25:43.666Z,2.4100000858306885,gauge_zero
2026-08-23 06:30:00,2026-08-23T09:30:00Z,2.41,gauge_zero
2026-08-23 06:35:43,2026-08-23T09:35:43.656Z,2.4100000858306885,gauge_zero
2026-08-23 06:40:00,2026-08-23T09:40:00Z,2.41,gauge_zero
2026-08-23 06:45:43,2026-08-23T09:45:43.676Z,2.4100000858306885,gauge_zero
2026-08-23 06:50:00,2026-08-23T09:50:00Z,2.41,gauge_zero
2026-08-23 06:55:43,2026-08-23T09:55:43.662Z,2.4100000858306885,gauge_zero
2026-08-23 07:00:00,2026-08-23T10:00:00Z,2.41,gauge_zero
2026-08-23 07:05:43,2026-08-23T10:05:43.705Z,2.4100000858306885,gauge_zero
2026-08-23 07:10:00,2026-08-23T10:10:00Z,2.41,gauge_zero
2026-08-23 07:15:43,2026-08-23T10:15:43.674Z,2.4100000858306885,gauge_zero
2026-08-23 07:20:00,2026-08-23T10:20:00Z,2.42,gauge_zero
2026-08-23 07:25:43,2026-08-23T10:25:43.663Z,2.4100000858306885,gauge_zero
2026-08-23 07:30:00,2026-08-23T10:30:00Z,2.42,gauge_zero
2026-08-23 07:35:43,2026-08-23T10:35:43.685Z,2.4100000858306885,gauge_zero
2026-08-23 07:40:00,2026-08-23T10:40:00Z,2.42,gauge_zero
2026-08-23 07:45:43,2026-08-23T10:45:43.677Z,2.4100000858306885,gauge_zero
2026-08-23 07:50:00,2026-08-23T10:50:00Z,2.41,gauge_zero
2026-08-23 07:55:43,2026-08-23T10:55:43.662Z,2.4100000858306885,gauge_zero
2026-08-23 08:00:00,2026-08-23T11:00:00Z,2.41,gauge_zero
2026-08-23 08:05:43,2026-08-23T11:05:43.667Z,2.4100000858306885,gauge_zero
2026-08-23 08:10:00,2026-08-23T11:10:00Z,2.41,gauge_zero
2026-08-23 08:15:43,2026-08-23T11:15:43.647Z,2.4100000858306885,gauge_zero
2026-08-23 08:20:00,2026-08-23T11:20:00Z,2.4,gauge_zero
2026-08-23 08:25:43,2026-08-23T11:25:43.678Z,2.4100000858306885,gauge_zero
2026-08-23 08:30:00,2026-08-23T11:30:00Z,2.41,gauge_zero
2026-08-23 08:35:43,2026-08-23T11:35:43.68Z,2.4100000858306885,gauge_zero
2026-08-23 08:40:00,2026-08-23T11:40:00Z,2.4,gauge_zero
2026-08-23 08:45:43,2026-08-23T11:45:43.679Z,2.4100000858306885,gauge_zero
2026-08-23 08:50:00,2026-08-23T11:50:00Z,2.4,gauge_zero
2026-08-23 08:55:43,2026-08-23T11:55:43.7Z,2.4100000858306885,gauge_zero
2026-08-23 09:00:00,2026-08-23T12:00:00Z,2.4,gauge_zero
2026-08-23 09:05:43,2026-08-23T12:05:43.674Z,2.4100000858306885,gauge_zero
2026-08-23 09:10:00,2026-08-23T12:10:00Z,2.4,gauge_zero
2026-08-23 09:15:43,2026-08-23T12:15:43.671Z,2.4100000858306885,gauge_zero
2026-08-23 09:20:00,2026-08-23T12:20:00Z,2.4,gauge_zero
2026-08-23 09:25:43,2026-08-23T12:25:43.696Z,2.4100000858306885,gauge_zero
2026-08-23 09:30:00,2026-08-23T12:30:00Z,2.4,gauge_zero
2026-08-23 09:35:43,2026-08-23T12:35:43.658Z,2.4100000858306885,gauge_zero
2026-08-23 09:40:00,2026-08-23T12:40:00Z,2.4,gauge_zero
2026-08-23 09:45:43,2026-08-23T12:45:43.663Z,2.4100000858306885,gauge_zero
2026-08-23 09:50:00,2026-08-23T12:50:00Z,2.4,gauge_zero
2026-08-23 09:55:43,2026-08-23T12:55:43.691Z,2.4100000858306885,gauge_zero
2026-08-23 10:00:00,2026-08-23T13:00:00Z,2.41,gauge_zero
2026-08-23 10:05:43,2026-08-23T13:05:43.684Z,2.4100000858306885,gauge_zero
2026-08-23 10:10:00,2026-08-23T13:10:00Z,2.41,gauge_zero
2026-08-23 10:15:43,2026-08-23T13:15:43.677Z,2.4100000858306885,gauge_zero
2026-08-23 10:20:00,2026-08-23T13:20:00Z,2.41,gauge_zero
2026-08-23 10:25:43,2026-08-23T13:25:43.684Z,2.4100000858306885,gauge_zero
2026-08-23 10:30:00,2026-08-23T13:30:00Z,2.4,gauge_zero
2026-08-23 10:35:43,2026-08-23T13:35:43.69Z,2.4100000858306885,gauge_zero
2026-08-23 10:40:00,2026-08-23T13:40:00Z,2.41,gauge_zero
2026-08-23 10:45:43,2026-08-23T13:45:43.667Z,2.4100000858306885,gauge_zero
2026-08-23 10:50:00,2026-08-23T13:50:00Z,2.41,gauge_zero
2026-08-23 10:55:43,2026-08-23T13:55:43.678Z,2.4100000858306885,gauge_zero
2026-08-23 11:00:00,2026-08-23T14:00:00Z,2.41,gauge_zero
2026-08-23 11:05:43,2026-08-23T14:05:43.664Z,2.4100000858306885,gauge_zero
2026-08-23 11:10:00,2026-08-23T14:10:00Z,2.41,gauge_zero
2026-08-23 11:15:43,2026-08-23T14:15:43.713Z,2.4100000858306885,gauge_zero
2026-08-23 11:20:00,2026-08-23T14:20:00Z,2.4,gauge_zero
2026-08-23 11:25:43,2026-08-23T14:25:43.671Z,2.390000104904175,gauge_zero
2026-08-23 11:30:00,2026-08-23T14:30:00Z,2.39,gauge_zero
2026-08-23 11:35:43,2026-08-23T14:35:43.677Z,2.390000104904175,gauge_zero
2026-08-23 11:40:00,2026-08-23T14:40:00Z,2.39,gauge_zero
2026-08-23 11:45:43,2026-08-23T14:45:43.67Z,2.390000104904175,gauge_zero
2026-08-23 11:50:00,2026-08-23T14:50:00Z,2.39,gauge_zero
2026-08-23 11:55:43,2026-08-23T14:55:43.682Z,2.390000104904175,gauge_zero
2026-08-23 12:00:00,2026-08-23T15:00:00Z,2.39,gauge_zero
2026-08-23 12:05:43,2026-08-23T15:05:43.674Z,2.390000104904175,gauge_zero
2026-08-23 12:10:00,2026-08-23T15:10:00Z,2.39,gauge_zero
2026-08-23 12:15:43,2026-08-23T15:15:43.705Z,2.390000104904175,gauge_zero
2026-08-23 12:20:00,2026-08-23T15:20:00Z,2.39,gauge_zero
2026-08-23 12:25:43,2026-08-23T15:25:43.681Z,2.390000104904175,gauge_zero
2026-08-23 12:30:00,2026-08-23T15:30:00Z,2.38,gauge_zero
2026-08-23 12:35:43,2026-08-23T15:35:43.695Z,2.4100000858306885,gauge_zero
2026-08-23 12:40:00,2026-08-23T15:40:00Z,2.39,gauge_zero
2026-08-23 12:45:43,2026-08-23T15:45:43.7Z,2.4100000858306885,gauge_zero
2026-08-23 12:50:00,2026-08-23T15:50:00Z,2.41,gauge_zero
2026-08-23 12:55:43,2026-08-23T15:55:43.691Z,2.4100000858306885,gauge_zero
2026-08-23 13:00:00,2026-08-23T16:00:00Z,2.4,gauge_zero
2026-08-23 13:05:43,2026-08-23T16:05:43.684Z,2.4100000858306885,gauge_zero
2026-08-23 13:10:00,2026-08-23T16:10:00Z,2.4,gauge_zero
2026-08-23 13:15:43,2026-08-23T16:15:43.681Z,2.4100000858306885,gauge_zero
2026-08-23 13:20:00,2026-08-23T16:20:00Z,2.4,gauge_zero
2026-08-23 13:25:43,2026-08-23T16:25:43.687Z,2.4100000858306885,gauge_zero
2026-08-23 13:30:00,2026-08-23T16:30:00Z,2.4,gauge_zero
2026-08-23 13:35:43,2026-08-23T16:35:43.688Z,2.4100000858306885,gauge_zero
2026-08-23 13:40:00,2026-08-23T16:40:00Z,2.4,gauge_zero
2026-08-23 13:45:43,2026-08-23T16:45:43.677Z,2.390000104904175,gauge_zero
2026-08-23 13:50:00,2026-08-23T16:50:00Z,2.39,gauge_zero
2026-08-23 13:55:43,2026-08-23T16:55:43.726Z,2.390000104904175,gauge_zero
2026-08-23 14:00:00,2026-08-23T17:00:00Z,2.38,gauge_zero
2026-08-23 14:05:43,2026-08-23T17:05:43.693Z,2.390000104904175,gauge_zero
2026-08-23 14:10:00,2026-08-23T17:10:00Z,2.38,gauge_zero
2026-08-23 14:15:43,2026-08-23T17:15:43.688Z,2.390000104904175,gauge_zero
2026-08-23 14:20:00,2026-08-23T17:20:00Z,2.38,gauge_zero
2026-08-23 14:25:43,2026-08-23T17:25:43.713Z,2.390000104904175,gauge_zero
2026-08-23 14:30:00,2026-08-23T17:30:00Z,2.38,gauge_zero
2026-08-23 14:35:43,2026-08-23T17:35:43.827Z,2.390000104904175,gauge_zero
2026-08-23 14:40:00,2026-08-23T17:40:00Z,2.38,gauge_zero
2026-08-23 14:45:43,2026-08-23T17:45:43.69Z,2.390000104904175,gauge_zero
2026-08-23 14:50:00,2026-08-23T17:50:00Z,2.38,gauge_zero
2026-08-23 14:55:43,2026-08-23T17:55:43.705Z,2.390000104904175,gauge_zero
2026-08-23 15:00:00,2026-08-23T18:00:00Z,2.38,gauge_zero
2026-08-23 15:05:43,2026-08-23T18:05:43.693Z,2.390000104904175,gauge_zero
2026-08-23 15:10:00,2026-08-23T18:10:00Z,2.38,gauge_zero
2026-08-23 15:15:43,2026-08-23T18:15:43.693Z,2.390000104904175,gauge_zero
2026-08-23 15:20:00,2026-08-23T18:20:00Z,2.4,gauge_zero
2026-08-23 15:25:43,2026-08-23T18:25:43.802Z,2.390000104904175,gauge_zero
2026-08-23 15:30:00,2026-08-23T18:30:00Z,2.4,gauge_zero
2026-08-23 15:35:43,2026-08-23T18:35:43.716Z,2.390000104904175,gauge_zero
2026-08-23 15:40:00,2026-08-23T18:40:00Z,2.4,gauge_zero
2026-08-23 15:45:43,2026-08-23T18:45:43.704Z,2.390000104904175,gauge_zero
2026-08-23 15:50:00,2026-08-23T18:50:00Z,2.4,gauge_zero
2026-08-23 15:55:43,2026-08-23T18:55:43.711Z,2.390000104904175,gauge_zero
2026-08-23 16:00:00,2026-08-23T19:00:00Z,2.39,gauge_zero
2026-08-23 16:05:43,2026-08-23T19:05:43.696Z,2.390000104904175,gauge_zero
2026-08-23 16:10:00,2026-08-23T19:10:00Z,2.39,gauge_zero
2026-08-23 16:15:43,2026-08-23T19:15:43.734Z,2.390000104904175,gauge_zero
2026-08-23 16:20:00,2026-08-23T19:20:00Z,2.39,gauge_zero
2026-08-23 16:25:43,2026-08-23T19:25:43.8Z,2.390000104904175,gauge_zero
2026-08-23 16:30:00,2026-08-23T19:30:00Z,2.39,gauge_zero
2026-08-23 16:35:43,2026-08-23T19:35:43.707Z,2.390000104904175,gauge_zero
2026-08-23 16:40:00,2026-08-23T19:40:00Z,2.39,gauge_zero
2026-08-23 16:45:43,2026-08-23T19:45:43.719Z,2.390000104904175,gauge_zero
2026-08-23 16:50:00,2026-08-23T19:50:00Z,2.39,gauge_zero
2026-08-23 16:55:43,2026-08-23T19:55:43.7Z,2.390000104904175,gauge_zero
2026-08-23 17:00:00,2026-08-23T20:00:00Z,2.39,gauge_zero
2026-08-23 17:05:43,2026-08-23T20:05:43.715Z,2.390000104904175,gauge_zero
2026-08-23 17:10:00,2026-08-23T20:10:00Z,2.39,gauge_zero
2026-08-23 17:15:43,2026-08-23T20:15:43.87Z,2.390000104904175,gauge_zero
2026-08-23 17:20:00,2026-08-23T20:20:00Z,2.39,gauge_zero
2026-08-23 17:25:44,2026-08-23T20:25:44.527Z,2.4000000953674316,gauge_zero
2026-08-23 17:30:00,2026-08-23T20:30:00Z,2.4,gauge_zero
2026-08-23 17:35:44,2026-08-23T20:35:44.532Z,2.4000000953674316,gauge_zero
2026-08-23 17:40:00,2026-08-23T20:40:00Z,2.4,gauge_zero
2026-08-23 17:45:44,2026-08-23T20:45:44.527Z,2.4000000953674316,gauge_zero
2026-08-23 17:50:00,2026-08-23T20:50:00Z,2.4,gauge_zero
2026-08-23 17:55:44,2026-08-23T20:55:44.623Z,2.4000000953674316,gauge_zero
2026-08-23 18:00:00,2026-08-23T21:00:00Z,2.4,gauge_zero
2026-08-23 18:05:44,2026-08-23T21:05:44.53Z,2.4000000953674316,gauge_zero
2026-08-23 18:10:00,2026-08-23T21:10:00Z,2.4,gauge_zero
2026-08-23 18:15:44,2026-08-23T21:15:44.529Z,2.4000000953674316,gauge_zero
2026-08-23 18:20:00,2026-08-23T21:20:00Z,2.4,gauge_zero
2026-08-23 18:25:44,2026-08-23T21:25:44.519Z,2.4000000953674316,gauge_zero
2026-08-23 18:30:00,2026-08-23T21:30:00Z,2.4,gauge_zero
2026-08-23 18:35:44,2026-08-23T21:35:44.527Z,2.4000000953674316,gauge_zero
2026-08-23 18:40:00,2026-08-23T21:40:00Z,2.4,gauge_zero
2026-08-23 18:45:44,2026-08-23T21:45:44.544Z,2.4000000953674316,gauge_zero
2026-08-23 18:50:00,2026-08-23T21:50:00Z,2.4,gauge_zero
2026-08-23 18:55:44,2026-08-23T21:55:44.519Z,2.4000000953674316,gauge_zero
2026-08-23 19:00:00,2026-08-23T22:00:00Z,2.4,gauge_zero
2026-08-23 19:05:44,2026-08-23T22:05:44.536Z,2.4000000953674316,gauge_zero
2026-08-23 19:10:00,2026-08-23T22:10:00Z,2.4,gauge_zero
2026-08-23 19:15:44,2026-08-23T22:15:44.534Z,2.4000000953674316,gauge_zero
2026-08-23 19:20:00,2026-08-23T22:20:00Z,2.4,gauge_zero
2026-08-23 19:25:44,2026-08-23T22:25:44.556Z,2.4000000953674316,gauge_zero
2026-08-23 19:30:00,2026-08-23T22:30:00Z,2.4,gauge_zero
2026-08-23 19:35:44,2026-08-23T22:35:44.522Z,2.4000000953674316,gauge_zero
2026-08-23 19:40:00,2026-08-23T22:40:00Z,2.39,gauge_zero
2026-08-23 19:45:44,2026-08-23T22:45:44.532Z,2.4000000953674316,gauge_zero
2026-08-23 19:50:00,2026-08-23T22:50:00Z,2.4,gauge_zero
2026-08-23 19:55:44,2026-08-23T22:55:44.546Z,2.4000000953674316,gauge_zero
2026-08-23 20:00:00,2026-08-23T23:00:00Z,2.4,gauge_zero
2026-08-23 20:05:44,2026-08-23T23:05:44.536Z,2.4000000953674316,gauge_zero
2026-08-23 20:10:00,2026-08-23T23:10:00Z,2.4,gauge_zero
2026-08-23 20:15:44,2026-08-23T23:15:44.557Z,2.4000000953674316,gauge_zero
2026-08-23 20:20:00,2026-08-23T23:20:00Z,2.4,gauge_zero
2026-08-23 20:25:44,2026-08-23T23:25:44.526Z,2.4000000953674316,gauge_zero
2026-08-23 20:30:00,2026-08-23T23:30:00Z,2.4,gauge_zero
2026-08-23 20:35:44,2026-08-23T23:35:44.526Z,2.4000000953674316,gauge_zero
2026-08-23 21:10:00,2026-08-24T00:10:00Z,2.39,gauge_zero
2026-08-23 21:20:00,2026-08-24T00:20:00Z,2.39,gauge_zero
2026-08-23 21:30:00,2026-08-24T00:30:00Z,2.39,gauge_zero
2026-08-23 21:40:00,2026-08-24T00:40:00Z,2.39,gauge_zero
2026-08-23 21:50:00,2026-08-24T00:50:00Z,2.39,gauge_zero
2026-08-23 22:00:00,2026-08-24T01:00:00Z,2.39,gauge_zero
2026-08-23 22:10:00,2026-08-24T01:10:00Z,2.39,gauge_zero
2026-08-23 22:20:00,2026-08-24T01:20:00Z,2.39,gauge_zero
2026-08-23 22:30:00,2026-08-24T01:30:00Z,2.39,gauge_zero
2026-08-23 22:40:00,2026-08-24T01:40:00Z,2.39,gauge_zero
2026-08-23 22:50:00,2026-08-24T01:50:00Z,2.39,gauge_zero
2026-08-23 22:57:44,2026-08-24T01:57:44.547Z,2.4000000953674316,gauge_zero
2026-08-23 23:00:00,2026-08-24T02:00:00Z,2.39,gauge_zero
2026-08-23 23:07:44,2026-08-24T02:07:44.569Z,2.4000000953674316,gauge_zero
2026-08-23 23:10:00,2026-08-24T02:10:00Z,2.39,gauge_zero
2026-08-23 23:17:44,2026-08-24T02:17:44.552Z,2.4000000953674316,gauge_zero
2026-08-23 23:20:00,2026-08-24T02:20:00Z,2.39,gauge_zero
2026-08-23 23:27:44,2026-08-24T02:27:44.594Z,2.4000000953674316,gauge_zero
2026-08-23 23:30:00,2026-08-24T02:30:00Z,2.39,gauge_zero
2026-08-23 23:37:44,2026-08-24T02:37:44.556Z,2.4000000953674316,gauge_zero
2026-08-23 23:40:00,2026-08-24T02:40:00Z,2.39,gauge_zero
2026-08-23 23:47:44,2026-08-24T02:47:44.531Z,2.4000000953674316,gauge_zero
2026-08-23 23:50:00,2026-08-24T02:50:00Z,2.39,gauge_zero
2026-08-23 23:57:44,2026-08-24T02:57:44.542Z,2.4000000953674316,gauge_zero
2026-08-24 00:00:00,2026-08-24T03:00:00Z,2.39,gauge_zero
2026-08-24 00:07:44,2026-08-24T03:07:44.551Z,2.4000000953674316,gauge_zero
2026-08-24 00:10:00,2026-08-24T03:10:00Z,2.39,gauge_zero
2026-08-24 00:17:44,2026-08-24T03:17:44.562Z,2.4000000953674316,gauge_zero
2026-08-24 00:20:00,2026-08-24T03:20:00Z,2.39,gauge_zero
2026-08-24 00:27:44,2026-08-24T03:27:44.56Z,2.4000000953674316,gauge_zero
2026-08-24 00:30:00,2026-08-24T03:30:00Z,2.39,gauge_zero
2026-08-24 00:37:44,2026-08-24T03:37:44.58Z,2.4000000953674316,gauge_zero
2026-08-24 00:40:00,2026-08-24T03:40:00Z,2.39,gauge_zero
2026-08-24 00:47:44,2026-08-24T03:47:44.541Z,2.4000000953674316,gauge_zero
2026-08-24 00:50:00,2026-08-24T03:50:00Z,2.39,gauge_zero
2026-08-24 00:57:44,2026-08-24T03:57:44.533Z,2.4000000953674316,gauge_zero
2026-08-24 01:00:00,2026-08-24T04:00:00Z,2.39,gauge_zero
2026-08-24 01:07:44,2026-08-24T04:07:44.563Z,2.4000000953674316,gauge_zero
2026-08-24 01:10:00,2026-08-24T04:10:00Z,2.39,gauge_zero
2026-08-24 01:17:44,2026-08-24T04:17:44.559Z,2.4000000953674316,gauge_zero
2026-08-24 01:20:00,2026-08-24T04:20:00Z,2.39,gauge_zero
2026-08-24 01:27:44,2026-08-24T04:27:44.549Z,2.4000000953674316,gauge_zero
2026-08-24 01:30:00,2026-08-24T04:30:00Z,2.39,gauge_zero
2026-08-24 01:37:44,2026-08-24T04:37:44.543Z,2.4000000953674316,gauge_zero
2026-08-24 01:40:00,2026-08-24T04:40:00Z,2.39,gauge_zero
2026-08-24 01:47:44,2026-08-24T04:47:44.552Z,2.4000000953674316,gauge_zero
2026-08-24 01:50:00,2026-08-24T04:50:00Z,2.39,gauge_zero
2026-08-24 01:57:44,2026-08-24T04:57:44.549Z,2.4000000953674316,gauge_zero
2026-08-24 02:00:00,2026-08-24T05:00:00Z,2.39,gauge_zero
2026-08-24 02:07:44,2026-08-24T05:07:44.543Z,2.4000000953674316,gauge_zero
2026-08-24 02:10:00,2026-08-24T05:10:00Z,2.39,gauge_zero
2026-08-24 02:17:44,2026-08-24T05:17:44.561Z,2.4000000953674316,gauge_zero
2026-08-24 02:20:00,2026-08-24T05:20:00Z,2.39,gauge_zero
2026-08-24 02:27:44,2026-08-24T05:27:44.55Z,2.4000000953674316,gauge_zero
2026-08-24 02:30:00,2026-08-24T05:30:00Z,2.39,gauge_zero
2026-08-24 02:37:44,2026-08-24T05:37:44.554Z,2.4000000953674316,gauge_zero
2026-08-24 02:40:00,2026-08-24T05:40:00Z,2.39,gauge_zero
2026-08-24 02:47:44,2026-08-24T05:47:44.562Z,2.4000000953674316,gauge_zero
2026-08-24 02:50:00,2026-08-24T05:50:00Z,2.39,gauge_zero
2026-08-24 02:57:44,2026-08-24T05:57:44.559Z,2.4000000953674316,gauge_zero
2026-08-24 03:00:00,2026-08-24T06:00:00Z,2.39,gauge_zero
2026-08-24 03:07:44,2026-08-24T06:07:44.531Z,2.4000000953674316,gauge_zero
2026-08-24 03:10:00,2026-08-24T06:10:00Z,2.4,gauge_zero
2026-08-24 03:17:44,2026-08-24T06:17:44.572Z,2.4000000953674316,gauge_zero
2026-08-24 03:20:00,2026-08-24T06:20:00Z,2.4,gauge_zero
2026-08-24 03:27:44,2026-08-24T06:27:44.536Z,2.4000000953674316,gauge_zero
2026-08-24 03:30:00,2026-08-24T06:30:00Z,2.4,gauge_zero
2026-08-24 03:37:44,2026-08-24T06:37:44.547Z,2.4000000953674316,gauge_zero
2026-08-24 03:40:00,2026-08-24T06:40:00Z,2.4,gauge_zero
2026-08-24 03:47:44,2026-08-24T06:47:44.562Z,2.4000000953674316,gauge_zero
2026-08-24 03:50:00,2026-08-24T06:50:00Z,2.4,gauge_zero
2026-08-24 03:57:44,2026-08-24T06:57:44.55Z,2.4000000953674316,gauge_zero
2026-08-24 04:00:00,2026-08-24T07:00:00Z,2.4,gauge_zero
2026-08-24 04:07:44,2026-08-24T07:07:44.539Z,2.4000000953674316,gauge_zero
2026-08-24 04:10:00,2026-08-24T07:10:00Z,2.4,gauge_zero
2026-08-24 04:17:44,2026-08-24T07:17:44.548Z,2.4000000953674316,gauge_zero
2026-08-24 04:20:00,2026-08-24T07:20:00Z,2.4,gauge_zero
2026-08-24 04:27:44,2026-08-24T07:27:44.556Z,2.4000000953674316,gauge_zero
2026-08-24 04:30:00,2026-08-24T07:30:00Z,2.39,gauge_zero
2026-08-24 04:37:44,2026-08-24T07:37:44.552Z,2.4000000953674316,gauge_zero
2026-08-24 04:40:00,2026-08-24T07:40:00Z,2.39,gauge_zero
2026-08-24 04:47:44,2026-08-24T07:47:44.558Z,2.4000000953674316,gauge_zero
2026-08-24 04:50:00,2026-08-24T07:50:00Z,2.4,gauge_zero
2026-08-24 04:57:44,2026-08-24T07:57:44.58Z,2.4000000953674316,gauge_zero
2026-08-24 05:00:00,2026-08-24T08:00:00Z,2.4,gauge_zero
2026-08-24 05:07:44,2026-08-24T08:07:44.55Z,2.4000000953674316,gauge_zero
2026-08-24 05:10:00,2026-08-24T08:10:00Z,2.4,gauge_zero
2026-08-24 05:17:44,2026-08-24T08:17:44.564Z,2.4000000953674316,gauge_zero
2026-08-24 05:20:00,2026-08-24T08:20:00Z,2.4,gauge_zero
2026-08-24 05:27:44,2026-08-24T08:27:44.543Z,2.4000000953674316,gauge_zero
2026-08-24 05:30:00,2026-08-24T08:30:00Z,2.4,gauge_zero
2026-08-24 05:37:44,2026-08-24T08:37:44.547Z,2.4000000953674316,gauge_zero
2026-08-24 05:40:00,2026-08-24T08:40:00Z,2.4,gauge_zero
2026-08-24 05:47:44,2026-08-24T08:47:44.561Z,2.4000000953674316,gauge_zero
2026-08-24 05:50:00,2026-08-24T08:50:00Z,2.4,gauge_zero
2026-08-24 05:57:44,2026-08-24T08:57:44.54Z,2.4000000953674316,gauge_zero
2026-08-24 06:00:00,2026-08-24T09:00:00Z,2.4,gauge_zero
2026-08-24 06:09:29,2026-08-24T09:09:29.562Z,2.4000000953674316,gauge_zero
2026-08-24 06:10:00,2026-08-24T09:10:00Z,2.4,gauge_zero
2026-08-24 06:17:44,2026-08-24T09:17:44.555Z,2.4000000953674316,gauge_zero
2026-08-24 06:20:00,2026-08-24T09:20:00Z,2.4,gauge_zero
2026-08-24 06:27:44,2026-08-24T09:27:44.574Z,2.4000000953674316,gauge_zero
2026-08-24 06:30:00,2026-08-24T09:30:00Z,2.39,gauge_zero
2026-08-24 06:37:44,2026-08-24T09:37:44.562Z,2.380000114440918,gauge_zero
2026-08-24 06:40:00,2026-08-24T09:40:00Z,2.38,gauge_zero
2026-08-24 06:47:44,2026-08-24T09:47:44.55Z,2.380000114440918,gauge_zero
2026-08-24 06:50:00,2026-08-24T09:50:00Z,2.39,gauge_zero
2026-08-24 06:57:44,2026-08-24T09:57:44.549Z,2.380000114440918,gauge_zero
2026-08-24 07:00:00,2026-08-24T10:00:00Z,2.38,gauge_zero
2026-08-24 07:07:44,2026-08-24T10:07:44.562Z,2.380000114440918,gauge_zero
2026-08-24 07:10:00,2026-08-24T10:10:00Z,2.38,gauge_zero
2026-08-24 07:17:44,2026-08-24T10:17:44.556Z,2.380000114440918,gauge_zero
2026-08-24 07:20:00,2026-08-24T10:20:00Z,2.38,gauge_zero
2026-08-24 07:27:59,2026-08-24T10:27:59.545Z,2.380000114440918,gauge_zero
2026-08-24 07:30:00,2026-08-24T10:30:00Z,2.39,gauge_zero
2026-08-24 07:38:14,2026-08-24T10:38:14.573Z,2.380000114440918,gauge_zero
2026-08-24 07:40:00,2026-08-24T10:40:00Z,2.38,gauge_zero
2026-08-24 07:48:44,2026-08-24T10:48:44.557Z,2.380000114440918,gauge_zero
2026-08-24 07:50:00,2026-08-24T10:50:00Z,2.38,gauge_zero
2026-08-24 07:57:44,2026-08-24T10:57:44.563Z,2.4000000953674316,gauge_zero
2026-08-24 08:00:00,2026-08-24T11:00:00Z,2.39,gauge_zero
2026-08-24 08:08:44,2026-08-24T11:08:44.548Z,2.4000000953674316,gauge_zero
2026-08-24 08:10:00,2026-08-24T11:10:00Z,2.4,gauge_zero
2026-08-24 08:17:44,2026-08-24T11:17:44.547Z,2.4000000953674316,gauge_zero
2026-08-24 08:20:00,2026-08-24T11:20:00Z,2.4,gauge_zero
2026-08-24 08:27:44,2026-08-24T11:27:44.547Z,2.4000000953674316,gauge_zero
2026-08-24 08:30:00,2026-08-24T11:30:00Z,2.4,gauge_zero
2026-08-24 08:37:44,2026-08-24T11:37:44.561Z,2.4000000953674316,gauge_zero
2026-08-24 08:40:00,2026-08-24T11:40:00Z,2.4,gauge_zero
2026-08-24 08:47:44,2026-08-24T11:47:44.555Z,2.4000000953674316,gauge_zero
2026-08-24 08:50:00,2026-08-24T11:50:00Z,2.4,gauge_zero
2026-08-24 08:57:44,2026-08-24T11:57:44.553Z,2.4000000953674316,gauge_zero
2026-08-24 09:00:00,2026-08-24T12:00:00Z,2.4,gauge_zero
2026-08-24 09:07:44,2026-08-24T12:07:44.554Z,2.4000000953674316,gauge_zero
2026-08-24 09:10:00,2026-08-24T12:10:00Z,2.39,gauge_zero
2026-08-24 09:17:44,2026-08-24T12:17:44.569Z,2.4000000953674316,gauge_zero
2026-08-24 09:20:00,2026-08-24T12:20:00Z,2.39,gauge_zero
2026-08-24 09:27:44,2026-08-24T12:27:44.568Z,2.4000000953674316,gauge_zero
2026-08-24 09:30:00,2026-08-24T12:30:00Z,2.39,gauge_zero
2026-08-24 09:37:44,2026-08-24T12:37:44.556Z,2.4000000953674316,gauge_zero
2026-08-24 09:40:00,2026-08-24T12:40:00Z,2.39,gauge_zero
2026-08-24 09:47:44,2026-08-24T12:47:44.555Z,2.4000000953674316,gauge_zero
2026-08-24 09:50:00,2026-08-24T12:50:00Z,2.39,gauge_zero
2026-08-24 09:57:44,2026-08-24T12:57:44.553Z,2.4000000953674316,gauge_zero
2026-08-24 10:00:00,2026-08-24T13:00:00Z,2.39,gauge_zero
2026-08-24 10:07:44,2026-08-24T13:07:44.548Z,2.4000000953674316,gauge_zero
2026-08-24 10:10:00,2026-08-24T13:10:00Z,2.39,gauge_zero
2026-08-24 10:17:44,2026-08-24T13:17:44.559Z,2.4000000953674316,gauge_zero
2026-08-24 10:20:00,2026-08-24T13:20:00Z,2.39,gauge_zero
2026-08-24 10:27:44,2026-08-24T13:27:44.593Z,2.4000000953674316,gauge_zero
2026-08-24 10:30:00,2026-08-24T13:30:00Z,2.39,gauge_zero
2026-08-24 10:37:44,2026-08-24T13:37:44.575Z,2.380000114440918,gauge_zero
2026-08-24 10:40:00,2026-08-24T13:40:00Z,2.38,gauge_zero
2026-08-24 10:47:44,2026-08-24T13:47:44.681Z,2.380000114440918,gauge_zero
2026-08-24 10:50:00,2026-08-24T13:50:00Z,2.39,gauge_zero
2026-08-24 10:57:44,2026-08-24T13:57:44.559Z,2.380000114440918,gauge_zero
2026-08-24 11:00:00,2026-08-24T14:00:00Z,2.39,gauge_zero
2026-08-24 11:07:44,2026-08-24T14:07:44.546Z,2.380000114440918,gauge_zero
2026-08-24 11:10:00,2026-08-24T14:10:00Z,2.39,gauge_zero
2026-08-24 11:17:44,2026-08-24T14:17:44.57Z,2.380000114440918,gauge_zero
2026-08-24 11:20:00,2026-08-24T14:20:00Z,2.39,gauge_zero
2026-08-24 11:27:44,2026-08-24T14:27:44.586Z,2.380000114440918,gauge_zero
2026-08-24 11:30:00,2026-08-24T14:30:00Z,2.39,gauge_zero
2026-08-24 11:37:44,2026-08-24T14:37:44.579Z,2.380000114440918,gauge_zero
2026-08-24 11:40:00,2026-08-24T14:40:00Z,2.39,gauge_zero
2026-08-24 11:47:44,2026-08-24T14:47:44.582Z,2.380000114440918,gauge_zero
2026-08-24 11:50:00,2026-08-24T14:50:00Z,2.39,gauge_zero
2026-08-24 11:57:44,2026-08-24T14:57:44.597Z,2.380000114440918,gauge_zero
2026-08-24 12:00:00,2026-08-24T15:00:00Z,2.39,gauge_zero
2026-08-24 12:07:44,2026-08-24T15:07:44.559Z,2.380000114440918,gauge_zero
2026-08-24 12:10:00,2026-08-24T15:10:00Z,2.39,gauge_zero
2026-08-24 12:17:44,2026-08-24T15:17:44.58Z,2.380000114440918,gauge_zero
2026-08-24 12:20:00,2026-08-24T15:20:00Z,2.39,gauge_zero
2026-08-24 12:27:44,2026-08-24T15:27:44.574Z,2.380000114440918,gauge_zero
2026-08-24 12:30:00,2026-08-24T15:30:00Z,2.39,gauge_zero
2026-08-24 12:37:44,2026-08-24T15:37:44.56Z,2.380000114440918,gauge_zero
2026-08-24 12:40:00,2026-08-24T15:40:00Z,2.39,gauge_zero
2026-08-24 12:47:44,2026-08-24T15:47:44.562Z,2.380000114440918,gauge_zero
2026-08-24 12:50:00,2026-08-24T15:50:00Z,2.39,gauge_zero
2026-08-24 12:57:44,2026-08-24T15:57:44.595Z,2.380000114440918,gauge_zero
2026-08-24 13:00:00,2026-08-24T16:00:00Z,2.39,gauge_zero
2026-08-24 13:07:44,2026-08-24T16:07:44.592Z,2.380000114440918,gauge_zero
2026-08-24 13:10:00,2026-08-24T16:10:00Z,2.39,gauge_zero
2026-08-24 13:17:44,2026-08-24T16:17:44.58Z,2.380000114440918,gauge_zero
2026-08-24 13:20:00,2026-08-24T16:20:00Z,2.39,gauge_zero
2026-08-24 13:27:44,2026-08-24T16:27:44.568Z,2.380000114440918,gauge_zero
2026-08-24 13:30:00,2026-08-24T16:30:00Z,2.39,gauge_zero
2026-08-24 13:37:44,2026-08-24T16:37:44.679Z,2.380000114440918,gauge_zero
2026-08-24 13:40:00,2026-08-24T16:40:00Z,2.39,gauge_zero
2026-08-24 13:47:44,2026-08-24T16:47:44.579Z,2.380000114440918,gauge_zero
2026-08-24 13:50:00,2026-08-24T16:50:00Z,2.39,gauge_zero
2026-08-24 13:57:44,2026-08-24T16:57:44.571Z,2.380000114440918,gauge_zero
2026-08-24 14:00:00,2026-08-24T17:00:00Z,2.39,gauge_zero
2026-08-24 14:07:44,2026-08-24T17:07:44.595Z,2.380000114440918,gauge_zero
2026-08-24 14:10:00,2026-08-24T17:10:00Z,2.39,gauge_zero
2026-08-24 14:17:44,2026-08-24T17:17:44.559Z,2.380000114440918,gauge_zero
2026-08-24 14:20:00,2026-08-24T17:20:00Z,2.39,gauge_zero
2026-08-24 14:27:44,2026-08-24T17:27:44.573Z,2.380000114440918,gauge_zero
2026-08-24 14:30:00,2026-08-24T17:30:00Z,2.39,gauge_zero
2026-08-24 14:37:44,2026-08-24T17:37:44.583Z,2.380000114440918,gauge_zero
2026-08-24 14:40:00,2026-08-24T17:40:00Z,2.39,gauge_zero
2026-08-24 14:47:44,2026-08-24T17:47:44.579Z,2.380000114440918,gauge_zero
2026-08-24 14:50:00,2026-08-24T17:50:00Z,2.39,gauge_zero
2026-08-24 14:57:44,2026-08-24T17:57:44.577Z,2.380000114440918,gauge_zero
2026-08-24 15:00:00,2026-08-24T18:00:00Z,2.38,gauge_zero
2026-08-24 15:07:44,2026-08-24T18:07:44.565Z,2.380000114440918,gauge_zero
2026-08-24 15:10:00,2026-08-24T18:10:00Z,2.38,gauge_zero
2026-08-24 15:17:44,2026-08-24T18:17:44.57Z,2.380000114440918,gauge_zero
2026-08-24 15:20:00,2026-08-24T18:20:00Z,2.38,gauge_zero
2026-08-24 15:27:44,2026-08-24T18:27:44.59Z,2.380000114440918,gauge_zero
2026-08-24 15:30:00,2026-08-24T18:30:00Z,2.38,gauge_zero
2026-08-24 15:37:44,2026-08-24T18:37:44.577Z,2.380000114440918,gauge_zero
2026-08-24 15:40:00,2026-08-24T18:40:00Z,2.38,gauge_zero
2026-08-24 15:47:44,2026-08-24T18:47:44.597Z,2.380000114440918,gauge_zero
2026-08-24 15:50:00,2026-08-24T18:50:00Z,2.38,gauge_zero
2026-08-24 15:57:44,2026-08-24T18:57:44.582Z,2.380000114440918,gauge_zero
2026-08-24 16:00:00,2026-08-24T19:00:00Z,2.37,gauge_zero
2026-08-24 16:07:44,2026-08-24T19:07:44.582Z,2.380000114440918,gauge_zero
2026-08-24 16:10:00,2026-08-24T19:10:00Z,2.38,gauge_zero
2026-08-24 16:17:44,2026-08-24T19:17:44.609Z,2.380000114440918,gauge_zero
2026-08-24 16:20:00,2026-08-24T19:20:00Z,2.38,gauge_zero
2026-08-24 16:27:44,2026-08-24T19:27:44.577Z,2.380000114440918,gauge_zero
2026-08-24 16:30:00,2026-08-24T19:30:00Z,2.38,gauge_zero
2026-08-24 16:37:44,2026-08-24T19:37:44.595Z,2.380000114440918,gauge_zero
2026-08-24 16:40:00,2026-08-24T19:40:00Z,2.39,gauge_zero
2026-08-24 16:47:44,2026-08-24T19:47:44.612Z,2.380000114440918,gauge_zero
2026-08-24 16:50:00,2026-08-24T19:50:00Z,2.38,gauge_zero
2026-08-24 16:57:44,2026-08-24T19:57:44.59Z,2.380000114440918,gauge_zero
2026-08-24 17:00:00,2026-08-24T20:00:00Z,2.38,gauge_zero
2026-08-24 17:07:44,2026-08-24T20:07:44.568Z,2.380000114440918,gauge_zero
2026-08-24 17:10:00,2026-08-24T20:10:00Z,2.38,gauge_zero
2026-08-24 17:17:44,2026-08-24T20:17:44.615Z,2.380000114440918,gauge_zero
2026-08-24 17:20:00,2026-08-24T20:20:00Z,2.38,gauge_zero
2026-08-24 17:27:44,2026-08-24T20:27:44.588Z,2.380000114440918,gauge_zero
2026-08-24 17:30:00,2026-08-24T20:30:00Z,2.38,gauge_zero
2026-08-24 17:37:44,2026-08-24T20:37:44.606Z,2.380000114440918,gauge_zero
2026-08-24 17:40:00,2026-08-24T20:40:00Z,2.38,gauge_zero
2026-08-24 17:47:44,2026-08-24T20:47:44.574Z,2.380000114440918,gauge_zero
2026-08-24 17:50:00,2026-08-24T20:50:00Z,2.38,gauge_zero
2026-08-24 17:57:44,2026-08-24T20:57:44.592Z,2.380000114440918,gauge_zero
2026-08-24 18:00:00,2026-08-24T21:00:00Z,2.38,gauge_zero
2026-08-24 18:07:44,2026-08-24T21:07:44.6Z,2.380000114440918,gauge_zero
2026-08-24 18:10:00,2026-08-24T21:10:00Z,2.38,gauge_zero
2026-08-24 18:17:44,2026-08-24T21:17:44.606Z,2.380000114440918,gauge_zero
2026-08-24 18:20:00,2026-08-24T21:20:00Z,2.38,gauge_zero
2026-08-24 18:27:44,2026-08-24T21:27:44.588Z,2.4000000953674316,gauge_zero
2026-08-24 18:30:00,2026-08-24T21:30:00Z,2.38,gauge_zero
2026-08-24 18:37:44,2026-08-24T21:37:44.6Z,2.4000000953674316,gauge_zero
2026-08-24 18:40:00,2026-08-24T21:40:00Z,2.4,gauge_zero
2026-08-24 18:47:44,2026-08-24T21:47:44.615Z,2.4000000953674316,gauge_zero
2026-08-24 18:50:00,2026-08-24T21:50:00Z,2.4,gauge_zero
2026-08-24 18:57:44,2026-08-24T21:57:44.592Z,2.4000000953674316,gauge_zero
2026-08-24 19:00:00,2026-08-24T22:00:00Z,2.39,gauge_zero
2026-08-24 19:07:44,2026-08-24T22:07:44.588Z,2.4000000953674316,gauge_zero
2026-08-24 19:10:00,2026-08-24T22:10:00Z,2.4,gauge_zero
2026-08-24 19:17:44,2026-08-24T22:17:44.595Z,2.4000000953674316,gauge_zero
2026-08-24 19:20:00,2026-08-24T22:20:00Z,2.39,gauge_zero
2026-08-24 19:27:45,2026-08-24T22:27:45.011Z,2.4000000953674316,gauge_zero
2026-08-24 19:30:00,2026-08-24T22:30:00Z,2.39,gauge_zero
2026-08-24 19:37:44,2026-08-24T22:37:44.589Z,2.380000114440918,gauge_zero
2026-08-24 19:40:00,2026-08-24T22:40:00Z,2.38,gauge_zero
2026-08-24 19:47:44,2026-08-24T22:47:44.607Z,2.380000114440918,gauge_zero
2026-08-24 19:50:00,2026-08-24T22:50:00Z,2.38,gauge_zero
2026-08-24 19:57:44,2026-08-24T22:57:44.586Z,2.380000114440918,gauge_zero
2026-08-24 20:00:00,2026-08-24T23:00:00Z,2.37,gauge_zero
2026-08-24 20:07:44,2026-08-24T23:07:44.605Z,2.380000114440918,gauge_zero
2026-08-24 20:10:00,2026-08-24T23:10:00Z,2.37,gauge_zero
2026-08-24 20:17:44,2026-08-24T23:17:44.606Z,2.369999885559082,gauge_zero
2026-08-24 20:20:00,2026-08-24T23:20:00Z,2.37,gauge_zero
2026-08-24 20:27:44,2026-08-24T23:27:44.607Z,2.380000114440918,gauge_zero
2026-08-24 20:30:00,2026-08-24T23:30:00Z,2.37,gauge_zero
2026-08-24 20:37:44,2026-08-24T23:37:44.587Z,2.380000114440918,gauge_zero
2026-08-24 20:40:00,2026-08-24T23:40:00Z,2.38,gauge_zero
2026-08-24 20:47:44,2026-08-24T23:47:44.608Z,2.380000114440918,gauge_zero
2026-08-24 20:50:00,2026-08-24T23:50:00Z,2.38,gauge_zero
2026-08-24 20:57:44,2026-08-24T23:57:44.607Z,2.380000114440918,gauge_zero
2026-08-24 21:00:00,2026-08-25T00:00:00Z,2.39,gauge_zero
2026-08-24 21:08:44,2026-08-25T00:08:44.598Z,2.380000114440918,gauge_zero
2026-08-24 21:10:00,2026-08-25T00:10:00Z,2.39,gauge_zero
2026-08-24 21:17:44,2026-08-25T00:17:44.609Z,2.4000000953674316,gauge_zero
2026-08-24 21:20:00,2026-08-25T00:20:00Z,2.39,gauge_zero
2026-08-24 21:28:44,2026-08-25T00:28:44.604Z,2.4000000953674316,gauge_zero
2026-08-24 21:30:00,2026-08-25T00:30:00Z,2.4,gauge_zero
2026-08-24 21:37:44,2026-08-25T00:37:44.59Z,2.4000000953674316,gauge_zero
2026-08-24 21:40:00,2026-08-25T00:40:00Z,2.4,gauge_zero
2026-08-24 21:47:44,2026-08-25T00:47:44.61Z,2.4000000953674316,gauge_zero
2026-08-24 21:50:00,2026-08-25T00:50:00Z,2.4,gauge_zero
2026-08-24 21:57:44,2026-08-25T00:57:44.612Z,2.4000000953674316,gauge_zero
2026-08-24 22:00:00,2026-08-25T01:00:00Z,2.39,gauge_zero
2026-08-24 22:07:44,2026-08-25T01:07:44.608Z,2.380000114440918,gauge_zero
2026-08-24 22:10:00,2026-08-25T01:10:00Z,2.38,gauge_zero
2026-08-24 22:17:44,2026-08-25T01:17:44.607Z,2.380000114440918,gauge_zero
2026-08-24 22:20:00,2026-08-25T01:20:00Z,2.38,gauge_zero
2026-08-24 22:27:44,2026-08-25T01:27:44.586Z,2.380000114440918,gauge_zero
2026-08-24 22:30:00,2026-08-25T01:30:00Z,2.38,gauge_zero
2026-08-24 22:37:44,2026-08-25T01:37:44.612Z,2.380000114440918,gauge_zero
2026-08-24 22:40:00,2026-08-25T01:40:00Z,2.38,gauge_zero
2026-08-24 22:47:44,2026-08-25T01:47:44.623Z,2.380000114440918,gauge_zero
2026-08-24 22:50:00,2026-08-25T01:50:00Z,2.38,gauge_zero
2026-08-24 22:57:44,2026-08-25T01:57:44.603Z,2.380000114440918,gauge_zero
2026-08-24 23:00:00,2026-08-25T02:00:00Z,2.38,gauge_zero
2026-08-24 23:07:44,2026-08-25T02:07:44.602Z,2.380000114440918,gauge_zero
2026-08-24 23:10:00,2026-08-25T02:10:00Z,2.38,gauge_zero
2026-08-24 23:17:44,2026-08-25T02:17:44.62Z,2.380000114440918,gauge_zero
2026-08-24 23:20:00,2026-08-25T02:20:00Z,2.38,gauge_zero
2026-08-24 23:27:44,2026-08-25T02:27:44.606Z,2.380000114440918,gauge_zero
2026-08-24 23:30:00,2026-08-25T02:30:00Z,2.38,gauge_zero
2026-08-24 23:37:44,2026-08-25T02:37:44.628Z,2.380000114440918,gauge_zero
2026-08-24 23:40:00,2026-08-25T02:40:00Z,2.38,gauge_zero
2026-08-24 23:47:44,2026-08-25T02:47:44.594Z,2.380000114440918,gauge_zero
2026-08-24 23:50:00,2026-08-25T02:50:00Z,2.38,gauge_zero
2026-08-24 23:57:44,2026-08-25T02:57:44.612Z,2.380000114440918,gauge_zero
2026-08-25 00:00:00,2026-08-25T03:00:00Z,2.38,gauge_zero
2026-08-25 00:07:44,2026-08-25T03:07:44.619Z,2.380000114440918,gauge_zero
2026-08-25 00:10:00,2026-08-25T03:10:00Z,2.38,gauge_zero
2026-08-25 00:17:44,2026-08-25T03:17:44.606Z,2.380000114440918,gauge_zero
2026-08-25 00:20:00,2026-08-25T03:20:00Z,2.38,gauge_zero
2026-08-25 00:27:44,2026-08-25T03:27:44.601Z,2.380000114440918,gauge_zero
2026-08-25 00:30:00,2026-08-25T03:30:00Z,2.38,gauge_zero
2026-08-25 00:37:44,2026-08-25T03:37:44.604Z,2.380000114440918,gauge_zero
2026-08-25 00:40:00,2026-08-25T03:40:00Z,2.38,gauge_zero
2026-08-25 00:47:44,2026-08-25T03:47:44.621Z,2.380000114440918,gauge_zero
2026-08-25 00:50:00,2026-08-25T03:50:00Z,2.38,gauge_zero
2026-08-25 00:57:44,2026-08-25T03:57:44.635Z,2.380000114440918,gauge_zero
2026-08-25 01:00:00,2026-08-25T04:00:00Z,2.38,gauge_zero
2026-08-25 01:07:44,2026-08-25T04:07:44.613Z,2.380000114440918,gauge_zero
2026-08-25 01:10:00,2026-08-25T04:10:00Z,2.38,gauge_zero
2026-08-25 01:17:44,2026-08-25T04:17:44.631Z,2.380000114440918,gauge_zero
2026-08-25 01:20:00,2026-08-25T04:20:00Z,2.38,gauge_zero
2026-08-25 01:27:44,2026-08-25T04:27:44.619Z,2.380000114440918,gauge_zero
2026-08-25 01:30:00,2026-08-25T04:30:00Z,2.38,gauge_zero
2026-08-25 01:37:44,2026-08-25T04:37:44.635Z,2.380000114440918,gauge_zero
2026-08-25 01:40:00,2026-08-25T04:40:00Z,2.38,gauge_zero
2026-08-25 01:47:44,2026-08-25T04:47:44.609Z,2.380000114440918,gauge_zero
2026-08-25 01:50:00,2026-08-25T04:50:00Z,2.38,gauge_zero
2026-08-25 01:57:44,2026-08-25T04:57:44.626Z,2.380000114440918,gauge_zero
2026-08-25 02:00:00,2026-08-25T05:00:00Z,2.38,gauge_zero
2026-08-25 02:07:44,2026-08-25T05:07:44.629Z,2.380000114440918,gauge_zero
2026-08-25 02:10:00,2026-08-25T05:10:00Z,2.38,gauge_zero
2026-08-25 02:17:44,2026-08-25T05:17:44.603Z,2.380000114440918,gauge_zero
2026-08-25 02:20:00,2026-08-25T05:20:00Z,2.38,gauge_zero
2026-08-25 02:27:44,2026-08-25T05:27:44.614Z,2.380000114440918,gauge_zero
2026-08-25 02:30:00,2026-08-25T05:30:00Z,2.38,gauge_zero
2026-08-25 02:37:44,2026-08-25T05:37:44.587Z,2.380000114440918,gauge_zero
2026-08-25 02:40:00,2026-08-25T05:40:00Z,2.38,gauge_zero
2026-08-25 02:47:44,2026-08-25T05:47:44.596Z,2.380000114440918,gauge_zero
2026-08-25 02:50:00,2026-08-25T05:50:00Z,2.38,gauge_zero
2026-08-25 02:57:44,2026-08-25T05:57:44.615Z,2.380000114440918,gauge_zero
2026-08-25 03:00:00,2026-08-25T06:00:00Z,2.38,gauge_zero
2026-08-25 03:07:44,2026-08-25T06:07:44.61Z,2.380000114440918,gauge_zero
2026-08-25 03:10:00,2026-08-25T06:10:00Z,2.38,gauge_zero
2026-08-25 03:17:44,2026-08-25T06:17:44.627Z,2.380000114440918,gauge_zero
2026-08-25 03:20:00,2026-08-25T06:20:00Z,2.38,gauge_zero
2026-08-25 03:27:44,2026-08-25T06:27:44.615Z,2.380000114440918,gauge_zero
2026-08-25 03:30:00,2026-08-25T06:30:00Z,2.38,gauge_zero
2026-08-25 03:37:44,2026-08-25T06:37:44.618Z,2.380000114440918,gauge_zero
2026-08-25 03:40:00,2026-08-25T06:40:00Z,2.38,gauge_zero
2026-08-25 03:47:44,2026-08-25T06:47:44.598Z,2.380000114440918,gauge_zero
2026-08-25 03:50:00,2026-08-25T06:50:00Z,2.38,gauge_zero
2026-08-25 03:57:44,2026-08-25T06:57:44.639Z,2.380000114440918,gauge_zero
2026-08-25 04:00:00,2026-08-25T07:00:00Z,2.38,gauge_zero
2026-08-25 04:07:44,2026-08-25T07:07:44.633Z,2.380000114440918,gauge_zero
2026-08-25 04:10:00,2026-08-25T07:10:00Z,2.38,gauge_zero
2026-08-25 04:17:44,2026-08-25T07:17:44.607Z,2.380000114440918,gauge_zero
2026-08-25 04:20:00,2026-08-25T07:20:00Z,2.38,gauge_zero
2026-08-25 04:27:44,2026-08-25T07:27:44.607Z,2.380000114440918,gauge_zero
2026-08-25 04:30:00,2026-08-25T07:30:00Z,2.38,gauge_zero
2026-08-25 04:37:44,2026-08-25T07:37:44.619Z,2.380000114440918,gauge_zero
2026-08-25 04:40:00,2026-08-25T07:40:00Z,2.38,gauge_zero
2026-08-25 04:47:44,2026-08-25T07:47:44.626Z,2.380000114440918,gauge_zero
2026-08-25 04:50:00,2026-08-25T07:50:00Z,2.38,gauge_zero
2026-08-25 04:57:44,2026-08-25T07:57:44.597Z,2.380000114440918,gauge_zero
2026-08-25 05:00:00,2026-08-25T08:00:00Z,2.38,gauge_zero
2026-08-25 05:07:44,2026-08-25T08:07:44.622Z,2.380000114440918,gauge_zero
2026-08-25 05:10:00,2026-08-25T08:10:00Z,2.38,gauge_zero
2026-08-25 05:17:44,2026-08-25T08:17:44.613Z,2.380000114440918,gauge_zero
2026-08-25 05:20:00,2026-08-25T08:20:00Z,2.38,gauge_zero
2026-08-25 05:27:44,2026-08-25T08:27:44.622Z,2.380000114440918,gauge_zero
2026-08-25 05:30:00,2026-08-25T08:30:00Z,2.38,gauge_zero
2026-08-25 05:37:44,2026-08-25T08:37:44.628Z,2.380000114440918,gauge_zero
2026-08-25 05:40:00,2026-08-25T08:40:00Z,2.38,gauge_zero
2026-08-25 05:47:44,2026-08-25T08:47:44.618Z,2.380000114440918,gauge_zero
2026-08-25 05:50:00,2026-08-25T08:50:00Z,2.38,gauge_zero
2026-08-25 05:57:44,2026-08-25T08:57:44.626Z,2.380000114440918,gauge_zero
2026-08-25 06:00:00,2026-08-25T09:00:00Z,2.38,gauge_zero
2026-08-25 06:07:44,2026-08-25T09:07:44.623Z,2.380000114440918,gauge_zero
2026-08-25 06:10:00,2026-08-25T09:10:00Z,2.38,gauge_zero
2026-08-25 06:17:44,2026-08-25T09:17:44.62Z,2.380000114440918,gauge_zero
2026-08-25 06:20:00,2026-08-25T09:20:00Z,2.38,gauge_zero
2026-08-25 06:27:44,2026-08-25T09:27:44.62Z,2.380000114440918,gauge_zero
2026-08-25 06:30:00,2026-08-25T09:30:00Z,2.38,gauge_zero
2026-08-25 06:37:44,2026-08-25T09:37:44.667Z,2.380000114440918,gauge_zero
2026-08-25 06:40:00,2026-08-25T09:40:00Z,2.38,gauge_zero
2026-08-25 06:47:44,2026-08-25T09:47:44.607Z,2.380000114440918,gauge_zero
2026-08-25 06:50:00,2026-08-25T09:50:00Z,2.38,gauge_zero
2026-08-25 06:57:44,2026-08-25T09:57:44.614Z,2.380000114440918,gauge_zero
2026-08-25 07:00:00,2026-08-25T10:00:00Z,2.38,gauge_zero
2026-08-25 07:07:44,2026-08-25T10:07:44.608Z,2.380000114440918,gauge_zero
2026-08-25 07:10:00,2026-08-25T10:10:00Z,2.38,gauge_zero
2026-08-25 07:17:44,2026-08-25T10:17:44.62Z,2.380000114440918,gauge_zero
2026-08-25 07:20:00,2026-08-25T10:20:00Z,2.38,gauge_zero
2026-08-25 07:27:44,2026-08-25T10:27:44.616Z,2.380000114440918,gauge_zero
2026-08-25 07:30:00,2026-08-25T10:30:00Z,2.38,gauge_zero
2026-08-25 07:37:44,2026-08-25T10:37:44.623Z,2.380000114440918,gauge_zero
2026-08-25 07:40:00,2026-08-25T10:40:00Z,2.38,gauge_zero
2026-08-25 07:47:44,2026-08-25T10:47:44.618Z,2.380000114440918,gauge_zero
2026-08-25 07:50:00,2026-08-25T10:50:00Z,2.38,gauge_zero
2026-08-25 07:57:44,2026-08-25T10:57:44.626Z,2.380000114440918,gauge_zero
2026-08-25 08:00:00,2026-08-25T11:00:00Z,2.38,gauge_zero
2026-08-25 08:07:44,2026-08-25T11:07:44.641Z,2.380000114440918,gauge_zero
2026-08-25 08:10:00,2026-08-25T11:10:00Z,2.38,gauge_zero
2026-08-25 08:17:44,2026-08-25T11:17:44.628Z,2.380000114440918,gauge_zero
2026-08-25 08:20:00,2026-08-25T11:20:00Z,2.38,gauge_zero
2026-08-25 08:27:44,2026-08-25T11:27:44.634Z,2.380000114440918,gauge_zero
2026-08-25 08:30:00,2026-08-25T11:30:00Z,2.38,gauge_zero
2026-08-25 08:37:44,2026-08-25T11:37:44.62Z,2.380000114440918,gauge_zero
2026-08-25 08:40:00,2026-08-25T11:40:00Z,2.38,gauge_zero
2026-08-25 08:47:44,2026-08-25T11:47:44.617Z,2.380000114440918,gauge_zero
2026-08-25 08:50:00,2026-08-25T11:50:00Z,2.38,gauge_zero
2026-08-25 08:57:44,2026-08-25T11:57:44.622Z,2.380000114440918,gauge_zero
2026-08-25 09:00:00,2026-08-25T12:00:00Z,2.38,gauge_zero
2026-08-25 09:07:44,2026-08-25T12:07:44.625Z,2.380000114440918,gauge_zero
2026-08-25 09:10:00,2026-08-25T12:10:00Z,2.38,gauge_zero
2026-08-25 09:17:44,2026-08-25T12:17:44.711Z,2.380000114440918,gauge_zero
2026-08-25 09:20:00,2026-08-25T12:20:00Z,2.38,gauge_zero
2026-08-25 09:27:44,2026-08-25T12:27:44.626Z,2.380000114440918,gauge_zero
2026-08-25 09:30:00,2026-08-25T12:30:00Z,2.38,gauge_zero
2026-08-25 09:37:44,2026-08-25T12:37:44.625Z,2.380000114440918,gauge_zero
2026-08-25 09:40:00,2026-08-25T12:40:00Z,2.38,gauge_zero
2026-08-25 09:47:44,2026-08-25T12:47:44.615Z,2.380000114440918,gauge_zero
2026-08-25 09:50:00,2026-08-25T12:50:00Z,2.38,gauge_zero
2026-08-25 09:57:44,2026-08-25T12:57:44.628Z,2.380000114440918,gauge_zero
2026-08-25 10:00:00,2026-08-25T13:00:00Z,2.38,gauge_zero
2026-08-25 10:07:44,2026-08-25T13:07:44.633Z,2.380000114440918,gauge_zero
2026-08-25 10:10:00,2026-08-25T13:10:00Z,2.38,gauge_zero
2026-08-25 10:17:44,2026-08-25T13:17:44.626Z,2.380000114440918,gauge_zero
2026-08-25 10:20:00,2026-08-25T13:20:00Z,2.38,gauge_zero
2026-08-25 10:27:44,2026-08-25T13:27:44.598Z,2.380000114440918,gauge_zero
2026-08-25 10:30:00,2026-08-25T13:30:00Z,2.38,gauge_zero
2026-08-25 10:37:44,2026-08-25T13:37:44.621Z,2.380000114440918,gauge_zero
2026-08-25 10:40:00,2026-08-25T13:40:00Z,2.38,gauge_zero
2026-08-25 10:47:44,2026-08-25T13:47:44.634Z,2.380000114440918,gauge_zero
2026-08-25 10:50:00,2026-08-25T13:50:00Z,2.38,gauge_zero
2026-08-25 10:57:44,2026-08-25T13:57:44.615Z,2.380000114440918,gauge_zero
2026-08-25 11:00:00,2026-08-25T14:00:00Z,2.38,gauge_zero
2026-08-25 11:07:44,2026-08-25T14:07:44.617Z,2.380000114440918,gauge_zero
2026-08-25 11:10:00,2026-08-25T14:10:00Z,2.38,gauge_zero
2026-08-25 11:17:44,2026-08-25T14:17:44.635Z,2.369999885559082,gauge_zero
2026-08-25 11:20:00,2026-08-25T14:20:00Z,2.37,gauge_zero
2026-08-25 11:27:44,2026-08-25T14:27:44.622Z,2.369999885559082,gauge_zero
2026-08-25 11:30:00,2026-08-25T14:30:00Z,2.37,gauge_zero
2026-08-25 11:37:44,2026-08-25T14:37:44.63Z,2.369999885559082,gauge_zero
2026-08-25 11:40:00,2026-08-25T14:40:00Z,2.36,gauge_zero
2026-08-25 11:47:44,2026-08-25T14:47:44.636Z,2.3499999046325684,gauge_zero
2026-08-25 11:50:00,2026-08-25T14:50:00Z,2.35,gauge_zero
2026-08-25 11:57:44,2026-08-25T14:57:44.626Z,2.3499999046325684,gauge_zero
2026-08-25 12:00:00,2026-08-25T15:00:00Z,2.34,gauge_zero
2026-08-25 12:07:44,2026-08-25T15:07:44.632Z,2.3299999237060547,gauge_zero
2026-08-25 12:10:00,2026-08-25T15:10:00Z,2.34,gauge_zero
2026-08-25 12:17:44,2026-08-25T15:17:44.636Z,2.3299999237060547,gauge_zero
2026-08-25 12:20:00,2026-08-25T15:20:00Z,2.33,gauge_zero
2026-08-25 12:27:44,2026-08-25T15:27:44.643Z,2.3299999237060547,gauge_zero
2026-08-25 12:30:00,2026-08-25T15:30:00Z,2.33,gauge_zero
2026-08-25 12:37:44,2026-08-25T15:37:44.649Z,2.3299999237060547,gauge_zero
2026-08-25 12:40:00,2026-08-25T15:40:00Z,2.32,gauge_zero
2026-08-25 12:47:44,2026-08-25T15:47:44.634Z,2.3299999237060547,gauge_zero
2026-08-25 12:50:00,2026-08-25T15:50:00Z,2.32,gauge_zero
2026-08-25 12:57:44,2026-08-25T15:57:44.658Z,2.4000000953674316,gauge_zero
2026-08-25 13:00:00,2026-08-25T16:00:00Z,2.36,gauge_zero
2026-08-25 13:07:44,2026-08-25T16:07:44.637Z,2.440000057220459,gauge_zero
2026-08-25 13:10:00,2026-08-25T16:10:00Z,2.43,gauge_zero
2026-08-25 13:17:44,2026-08-25T16:17:44.648Z,2.440000057220459,gauge_zero
2026-08-25 13:20:00,2026-08-25T16:20:00Z,2.44,gauge_zero
2026-08-25 13:27:44,2026-08-25T16:27:44.632Z,2.440000057220459,gauge_zero
2026-08-25 13:30:00,2026-08-25T16:30:00Z,2.43,gauge_zero
2026-08-25 13:37:44,2026-08-25T16:37:44.633Z,2.4200000762939453,gauge_zero
2026-08-25 13:40:00,2026-08-25T16:40:00Z,2.42,gauge_zero
2026-08-25 13:47:44,2026-08-25T16:47:44.634Z,2.4200000762939453,gauge_zero
2026-08-25 13:50:00,2026-08-25T16:50:00Z,2.41,gauge_zero
2026-08-25 13:57:44,2026-08-25T16:57:44.63Z,2.4000000953674316,gauge_zero
2026-08-25 14:00:00,2026-08-25T17:00:00Z,2.41,gauge_zero
2026-08-25 14:07:44,2026-08-25T17:07:44.658Z,2.4000000953674316,gauge_zero
2026-08-25 14:10:00,2026-08-25T17:10:00Z,2.4,gauge_zero
2026-08-25 14:17:44,2026-08-25T17:17:44.653Z,2.4000000953674316,gauge_zero
2026-08-25 14:20:00,2026-08-25T17:20:00Z,2.39,gauge_zero
2026-08-25 14:27:44,2026-08-25T17:27:44.65Z,2.380000114440918,gauge_zero
2026-08-25 14:30:00,2026-08-25T17:30:00Z,2.38,gauge_zero
2026-08-25 14:37:44,2026-08-25T17:37:44.655Z,2.380000114440918,gauge_zero
2026-08-25 14:40:00,2026-08-25T17:40:00Z,2.38,gauge_zero
2026-08-25 14:47:44,2026-08-25T17:47:44.623Z,2.369999885559082,gauge_zero
2026-08-25 14:50:00,2026-08-25T17:50:00Z,2.37,gauge_zero
2026-08-25 14:57:44,2026-08-25T17:57:44.642Z,2.369999885559082,gauge_zero
2026-08-25 15:00:00,2026-08-25T18:00:00Z,2.37,gauge_zero
2026-08-25 15:07:44,2026-08-25T18:07:44.638Z,2.369999885559082,gauge_zero
2026-08-25 15:10:00,2026-08-25T18:10:00Z,2.37,gauge_zero
2026-08-25 15:17:44,2026-08-25T18:17:44.636Z,2.369999885559082,gauge_zero
2026-08-25 15:20:00,2026-08-25T18:20:00Z,2.37,gauge_zero
2026-08-25 15:27:44,2026-08-25T18:27:44.647Z,2.369999885559082,gauge_zero
2026-08-25 15:30:00,2026-08-25T18:30:00Z,2.37,gauge_zero
2026-08-25 15:37:44,2026-08-25T18:37:44.654Z,2.369999885559082,gauge_zero
2026-08-25 15:40:00,2026-08-25T18:40:00Z,2.37,gauge_zero
2026-08-25 15:47:44,2026-08-25T18:47:44.647Z,2.369999885559082,gauge_zero
2026-08-25 15:50:00,2026-08-25T18:50:00Z,2.37,gauge_zero
2026-08-25 15:57:44,2026-08-25T18:57:44.65Z,2.380000114440918,gauge_zero
2026-08-25 16:00:00,2026-08-25T19:00:00Z,2.38,gauge_zero
2026-08-25 16:07:44,2026-08-25T19:07:44.647Z,2.380000114440918,gauge_zero
2026-08-25 16:10:00,2026-08-25T19:10:00Z,2.38,gauge_zero
2026-08-25 16:17:44,2026-08-25T19:17:44.648Z,2.380000114440918,gauge_zero
2026-08-25 16:20:00,2026-08-25T19:20:00Z,2.38,gauge_zero
2026-08-25 16:27:44,2026-08-25T19:27:44.631Z,2.380000114440918,gauge_zero
2026-08-25 16:30:00,2026-08-25T19:30:00Z,2.38,gauge_zero
2026-08-25 16:37:44,2026-08-25T19:37:44.629Z,2.380000114440918,gauge_zero
2026-08-25 16:40:00,2026-08-25T19:40:00Z,2.38,gauge_zero
2026-08-25 16:47:44,2026-08-25T19:47:44.755Z,2.380000114440918,gauge_zero
2026-08-25 16:50:00,2026-08-25T19:50:00Z,2.38,gauge_zero
2026-08-25 16:57:44,2026-08-25T19:57:44.646Z,2.380000114440918,gauge_zero
2026-08-25 17:00:00,2026-08-25T20:00:00Z,2.38,gauge_zero
2026-08-25 17:07:44,2026-08-25T20:07:44.63Z,2.380000114440918,gauge_zero
2026-08-25 17:10:00,2026-08-25T20:10:00Z,2.38,gauge_zero
2026-08-25 17:17:44,2026-08-25T20:17:44.639Z,2.380000114440918,gauge_zero
2026-08-25 17:20:00,2026-08-25T20:20:00Z,2.38,gauge_zero
2026-08-25 17:27:44,2026-08-25T20:27:44.626Z,2.380000114440918,gauge_zero
2026-08-25 17:30:00,2026-08-25T20:30:00Z,2.38,gauge_zero
2026-08-25 17:40:00,2026-08-25T20:40:00Z,2.38,gauge_zero
2026-08-25 17:47:44,2026-08-25T20:47:44.625Z,2.380000114440918,gauge_zero
2026-08-25 17:50:00,2026-08-25T20:50:00Z,2.38,gauge_zero
2026-08-25 17:57:44,2026-08-25T20:57:44.65Z,2.380000114440918,gauge_zero
2026-08-25 18:00:00,2026-08-25T21:00:00Z,2.38,gauge_zero
2026-08-25 18:07:44,2026-08-25T21:07:44.655Z,2.380000114440918,gauge_zero
2026-08-25 18:10:00,2026-08-25T21:10:00Z,2.38,gauge_zero
2026-08-25 18:17:44,2026-08-25T21:17:44.623Z,2.380000114440918,gauge_zero
2026-08-25 18:20:00,2026-08-25T21:20:00Z,2.38,gauge_zero
2026-08-25 18:27:44,2026-08-25T21:27:44.639Z,2.380000114440918,gauge_zero
2026-08-25 18:30:00,2026-08-25T21:30:00Z,2.38,gauge_zero
2026-08-25 18:37:44,2026-08-25T21:37:44.652Z,2.380000114440918,gauge_zero
2026-08-25 18:40:00,2026-08-25T21:40:00Z,2.38,gauge_zero
2026-08-25 18:47:44,2026-08-25T21:47:44.637Z,2.380000114440918,gauge_zero
2026-08-25 18:50:00,2026-08-25T21:50:00Z,2.38,gauge_zero
2026-08-25 18:57:44,2026-08-25T21:57:44.649Z,2.380000114440918,gauge_zero
2026-08-25 19:00:00,2026-08-25T22:00:00Z,2.38,gauge_zero
2026-08-25 19:07:44,2026-08-25T22:07:44.637Z,2.380000114440918,gauge_zero
2026-08-25 19:10:00,2026-08-25T22:10:00Z,2.38,gauge_zero
2026-08-25 19:17:44,2026-08-25T22:17:44.652Z,2.380000114440918,gauge_zero
2026-08-25 19:20:00,2026-08-25T22:20:00Z,2.37,gauge_zero
2026-08-25 19:27:44,2026-08-25T22:27:44.66Z,2.380000114440918,gauge_zero
2026-08-25 19:30:00,2026-08-25T22:30:00Z,2.38,gauge_zero
2026-08-25 19:37:44,2026-08-25T22:37:44.66Z,2.380000114440918,gauge_zero
2026-08-25 19:40:00,2026-08-25T22:40:00Z,2.38,gauge_zero
2026-08-25 19:47:44,2026-08-25T22:47:44.673Z,2.380000114440918,gauge_zero
2026-08-25 19:50:00,2026-08-25T22:50:00Z,2.38,gauge_zero
2026-08-25 19:57:44,2026-08-25T22:57:44.65Z,2.369999885559082,gauge_zero
2026-08-25 20:00:00,2026-08-25T23:00:00Z,2.37,gauge_zero
2026-08-25 20:07:44,2026-08-25T23:07:44.656Z,2.369999885559082,gauge_zero
2026-08-25 20:10:00,2026-08-25T23:10:00Z,2.37,gauge_zero
2026-08-25 20:17:44,2026-08-25T23:17:44.649Z,2.380000114440918,gauge_zero
2026-08-25 20:20:00,2026-08-25T23:20:00Z,2.37,gauge_zero
2026-08-25 20:27:44,2026-08-25T23:27:44.679Z,2.369999885559082,gauge_zero
2026-08-25 20:30:00,2026-08-25T23:30:00Z,2.37,gauge_zero
2026-08-25 20:37:44,2026-08-25T23:37:44.671Z,2.369999885559082,gauge_zero
2026-08-25 20:40:00,2026-08-25T23:40:00Z,2.37,gauge_zero
2026-08-25 20:47:44,2026-08-25T23:47:44.649Z,2.369999885559082,gauge_zero
2026-08-25 20:50:00,2026-08-25T23:50:00Z,2.37,gauge_zero
2026-08-25 20:57:44,2026-08-25T23:57:44.65Z,2.369999885559082,gauge_zero
2026-08-25 21:00:00,2026-08-26T00:00:00Z,2.37,gauge_zero
2026-08-25 21:07:44,2026-08-26T00:07:44.68Z,2.369999885559082,gauge_zero
2026-08-25 21:10:00,2026-08-26T00:10:00Z,2.37,gauge_zero
2026-08-25 21:18:44,2026-08-26T00:18:44.656Z,2.369999885559082,gauge_zero
2026-08-25 21:20:00,2026-08-26T00:20:00Z,2.37,gauge_zero
2026-08-25 21:27:44,2026-08-26T00:27:44.723Z,2.380000114440918,gauge_zero
2026-08-25 21:30:00,2026-08-26T00:30:00Z,2.37,gauge_zero
2026-08-25 21:37:44,2026-08-26T00:37:44.714Z,2.380000114440918,gauge_zero
2026-08-25 21:40:00,2026-08-26T00:40:00Z,2.38,gauge_zero
2026-08-25 21:47:44,2026-08-26T00:47:44.66Z,2.380000114440918,gauge_zero
2026-08-25 21:50:00,2026-08-26T00:50:00Z,2.38,gauge_zero
2026-08-25 21:57:44,2026-08-26T00:57:44.689Z,2.380000114440918,gauge_zero
2026-08-25 22:00:00,2026-08-26T01:00:00Z,2.38,gauge_zero
2026-08-25 22:07:44,2026-08-26T01:07:44.647Z,2.380000114440918,gauge_zero
2026-08-25 22:10:00,2026-08-26T01:10:00Z,2.38,gauge_zero
2026-08-25 22:17:44,2026-08-26T01:17:44.674Z,2.380000114440918,gauge_zero
2026-08-25 22:20:00,2026-08-26T01:20:00Z,2.38,gauge_zero
2026-08-25 22:27:44,2026-08-26T01:27:44.705Z,2.380000114440918,gauge_zero
2026-08-25 22:30:00,2026-08-26T01:30:00Z,2.38,gauge_zero
2026-08-25 22:37:44,2026-08-26T01:37:44.69Z,2.380000114440918,gauge_zero
2026-08-25 22:40:00,2026-08-26T01:40:00Z,2.38,gauge_zero
2026-08-25 22:47:44,2026-08-26T01:47:44.677Z,2.380000114440918,gauge_zero
2026-08-25 22:50:00,2026-08-26T01:50:00Z,2.38,gauge_zero
2026-08-25 22:57:44,2026-08-26T01:57:44.675Z,2.380000114440918,gauge_zero
2026-08-25 23:00:00,2026-08-26T02:00:00Z,2.38,gauge_zero
2026-08-25 23:07:44,2026-08-26T02:07:44.668Z,2.380000114440918,gauge_zero
2026-08-25 23:10:00,2026-08-26T02:10:00Z,2.38,gauge_zero
2026-08-25 23:17:44,2026-08-26T02:17:44.646Z,2.380000114440918,gauge_zero
2026-08-25 23:20:00,2026-08-26T02:20:00Z,2.38,gauge_zero
2026-08-25 23:27:44,2026-08-26T02:27:44.668Z,2.380000114440918,gauge_zero
2026-08-25 23:30:00,2026-08-26T02:30:00Z,2.38,gauge_zero
2026-08-25 23:37:34,2026-08-26T02:37:34.765Z,2.380000114440918,gauge_zero
2026-08-25 23:40:00,2026-08-26T02:40:00Z,2.38,gauge_zero
2026-08-25 23:47:40,2026-08-26T02:47:40.266Z,2.380000114440918,gauge_zero
2026-08-25 23:50:00,2026-08-26T02:50:00Z,2.38,gauge_zero
2026-08-25 23:57:40,2026-08-26T02:57:40.244Z,2.380000114440918,gauge_zero
2026-08-26 00:00:00,2026-08-26T03:00:00Z,2.38,gauge_zero
2026-08-26 00:07:40,2026-08-26T03:07:40.287Z,2.380000114440918,gauge_zero
2026-08-26 00:10:00,2026-08-26T03:10:00Z,2.38,gauge_zero
2026-08-26 00:17:40,2026-08-26T03:17:40.262Z,2.380000114440918,gauge_zero
2026-08-26 00:20:00,2026-08-26T03:20:00Z,2.38,gauge_zero
2026-08-26 00:27:40,2026-08-26T03:27:40.275Z,2.380000114440918,gauge_zero
2026-08-26 00:30:00,2026-08-26T03:30:00Z,2.38,gauge_zero
2026-08-26 00:37:40,2026-08-26T03:37:40.283Z,2.380000114440918,gauge_zero
2026-08-26 00:40:00,2026-08-26T03:40:00Z,2.38,gauge_zero
2026-08-26 00:47:40,2026-08-26T03:47:40.241Z,2.380000114440918,gauge_zero
2026-08-26 00:50:00,2026-08-26T03:50:00Z,2.38,gauge_zero
2026-08-26 00:57:40,2026-08-26T03:57:40.269Z,2.380000114440918,gauge_zero
2026-08-26 01:00:00,2026-08-26T04:00:00Z,2.38,gauge_zero
2026-08-26 01:07:40,2026-08-26T04:07:40.261Z,2.380000114440918,gauge_zero
2026-08-26 01:10:00,2026-08-26T04:10:00Z,2.38,gauge_zero
2026-08-26 01:17:40,2026-08-26T04:17:40.274Z,2.380000114440918,gauge_zero
2026-08-26 01:20:00,2026-08-26T04:20:00Z,2.37,gauge_zero
2026-08-26 01:27:40,2026-08-26T04:27:40.271Z,2.380000114440918,gauge_zero
2026-08-26 01:30:00,2026-08-26T04:30:00Z,2.37,gauge_zero
2026-08-26 01:37:40,2026-08-26T04:37:40.246Z,2.380000114440918,gauge_zero
2026-08-26 01:40:00,2026-08-26T04:40:00Z,2.38,gauge_zero
2026-08-26 01:47:40,2026-08-26T04:47:40.26Z,2.380000114440918,gauge_zero
2026-08-26 01:50:00,2026-08-26T04:50:00Z,2.38,gauge_zero
2026-08-26 01:57:40,2026-08-26T04:57:40.251Z,2.380000114440918,gauge_zero
2026-08-26 02:00:00,2026-08-26T05:00:00Z,2.37,gauge_zero
2026-08-26 02:07:40,2026-08-26T05:07:40.254Z,2.380000114440918,gauge_zero
2026-08-26 02:10:00,2026-08-26T05:10:00Z,2.38,gauge_zero
2026-08-26 02:17:40,2026-08-26T05:17:40.262Z,2.380000114440918,gauge_zero
2026-08-26 02:20:00,2026-08-26T05:20:00Z,2.38,gauge_zero
2026-08-26 02:27:40,2026-08-26T05:27:40.266Z,2.380000114440918,gauge_zero
2026-08-26 02:30:00,2026-08-26T05:30:00Z,2.37,gauge_zero
2026-08-26 02:37:40,2026-08-26T05:37:40.273Z,2.380000114440918,gauge_zero
2026-08-26 02:40:00,2026-08-26T05:40:00Z,2.38,gauge_zero
2026-08-26 02:47:40,2026-08-26T05:47:40.279Z,2.380000114440918,gauge_zero
2026-08-26 02:50:00,2026-08-26T05:50:00Z,2.38,gauge_zero
2026-08-26 02:57:40,2026-08-26T05:57:40.256Z,2.380000114440918,gauge_zero
2026-08-26 03:00:00,2026-08-26T06:00:00Z,2.38,gauge_zero
2026-08-26 03:07:40,2026-08-26T06:07:40.256Z,2.380000114440918,gauge_zero
2026-08-26 03:10:00,2026-08-26T06:10:00Z,2.38,gauge_zero
2026-08-26 03:17:40,2026-08-26T06:17:40.287Z,2.380000114440918,gauge_zero
2026-08-26 03:20:00,2026-08-26T06:20:00Z,2.38,gauge_zero
2026-08-26 03:27:40,2026-08-26T06:27:40.257Z,2.380000114440918,gauge_zero
2026-08-26 03:30:00,2026-08-26T06:30:00Z,2.38,gauge_zero
2026-08-26 03:37:40,2026-08-26T06:37:40.263Z,2.380000114440918,gauge_zero
2026-08-26 03:40:00,2026-08-26T06:40:00Z,2.38,gauge_zero
2026-08-26 03:47:40,2026-08-26T06:47:40.272Z,2.380000114440918,gauge_zero
2026-08-26 03:50:00,2026-08-26T06:50:00Z,2.38,gauge_zero
2026-08-26 03:57:40,2026-08-26T06:57:40.29Z,2.380000114440918,gauge_zero
2026-08-26 04:00:00,2026-08-26T07:00:00Z,2.38,gauge_zero
2026-08-26 04:07:40,2026-08-26T07:07:40.272Z,2.380000114440918,gauge_zero
2026-08-26 04:10:00,2026-08-26T07:10:00Z,2.37,gauge_zero
2026-08-26 04:17:40,2026-08-26T07:17:40.278Z,2.380000114440918,gauge_zero
2026-08-26 04:20:00,2026-08-26T07:20:00Z,2.38,gauge_zero
2026-08-26 04:27:40,2026-08-26T07:27:40.258Z,2.380000114440918,gauge_zero
2026-08-26 04:30:00,2026-08-26T07:30:00Z,2.38,gauge_zero
2026-08-26 04:37:40,2026-08-26T07:37:40.27Z,2.380000114440918,gauge_zero
2026-08-26 04:40:00,2026-08-26T07:40:00Z,2.38,gauge_zero
2026-08-26 04:47:40,2026-08-26T07:47:40.262Z,2.380000114440918,gauge_zero
2026-08-26 04:50:00,2026-08-26T07:50:00Z,2.38,gauge_zero
2026-08-26 04:57:40,2026-08-26T07:57:40.336Z,2.380000114440918,gauge_zero
2026-08-26 05:00:00,2026-08-26T08:00:00Z,2.38,gauge_zero
2026-08-26 05:07:40,2026-08-26T08:07:40.262Z,2.380000114440918,gauge_zero
2026-08-26 05:10:00,2026-08-26T08:10:00Z,2.38,gauge_zero
2026-08-26 05:17:40,2026-08-26T08:17:40.32Z,2.380000114440918,gauge_zero
2026-08-26 05:20:00,2026-08-26T08:20:00Z,2.38,gauge_zero
2026-08-26 05:27:40,2026-08-26T08:27:40.256Z,2.380000114440918,gauge_zero
2026-08-26 05:30:00,2026-08-26T08:30:00Z,2.38,gauge_zero
2026-08-26 05:37:40,2026-08-26T08:37:40.283Z,2.380000114440918,gauge_zero
2026-08-26 05:40:00,2026-08-26T08:40:00Z,2.38,gauge_zero
2026-08-26 05:47:40,2026-08-26T08:47:40.236Z,2.380000114440918,gauge_zero
2026-08-26 05:50:00,2026-08-26T08:50:00Z,2.38,gauge_zero
2026-08-26 05:57:40,2026-08-26T08:57:40.266Z,2.380000114440918,gauge_zero
2026-08-26 06:00:00,2026-08-26T09:00:00Z,2.38,gauge_zero
2026-08-26 06:07:40,2026-08-26T09:07:40.249Z,2.380000114440918,gauge_zero
2026-08-26 06:10:00,2026-08-26T09:10:00Z,2.38,gauge_zero
2026-08-26 06:17:40,2026-08-26T09:17:40.263Z,2.380000114440918,gauge_zero
2026-08-26 06:20:00,2026-08-26T09:20:00Z,2.38,gauge_zero
2026-08-26 06:27:40,2026-08-26T09:27:40.283Z,2.380000114440918,gauge_zero
2026-08-26 06:30:00,2026-08-26T09:30:00Z,2.38,gauge_zero
2026-08-26 06:37:40,2026-08-26T09:37:40.275Z,2.380000114440918,gauge_zero
2026-08-26 06:40:00,2026-08-26T09:40:00Z,2.37,gauge_zero
2026-08-26 06:47:40,2026-08-26T09:47:40.299Z,2.369999885559082,gauge_zero
2026-08-26 06:50:00,2026-08-26T09:50:00Z,2.38,gauge_zero
2026-08-26 06:57:40,2026-08-26T09:57:40.259Z,2.369999885559082,gauge_zero
2026-08-26 07:00:00,2026-08-26T10:00:00Z,2.37,gauge_zero
2026-08-26 07:07:40,2026-08-26T10:07:40.26Z,2.369999885559082,gauge_zero
2026-08-26 07:10:00,2026-08-26T10:10:00Z,2.37,gauge_zero
2026-08-26 07:17:40,2026-08-26T10:17:40.26Z,2.369999885559082,gauge_zero
2026-08-26 07:20:00,2026-08-26T10:20:00Z,2.37,gauge_zero
2026-08-26 07:27:40,2026-08-26T10:27:40.269Z,2.369999885559082,gauge_zero
2026-08-26 07:30:00,2026-08-26T10:30:00Z,2.37,gauge_zero
2026-08-26 07:37:40,2026-08-26T10:37:40.254Z,2.369999885559082,gauge_zero
2026-08-26 07:40:00,2026-08-26T10:40:00Z,2.37,gauge_zero
2026-08-26 07:47:40,2026-08-26T10:47:40.272Z,2.369999885559082,gauge_zero
2026-08-26 07:50:00,2026-08-26T10:50:00Z,2.37,gauge_zero
2026-08-26 07:57:40,2026-08-26T10:57:40.263Z,2.369999885559082,gauge_zero
2026-08-26 08:00:00,2026-08-26T11:00:00Z,2.37,gauge_zero
2026-08-26 08:07:40,2026-08-26T11:07:40.272Z,2.369999885559082,gauge_zero
2026-08-26 08:10:00,2026-08-26T11:10:00Z,2.37,gauge_zero
2026-08-26 08:17:40,2026-08-26T11:17:40.261Z,2.369999885559082,gauge_zero
2026-08-26 08:20:00,2026-08-26T11:20:00Z,2.37,gauge_zero
2026-08-26 08:27:40,2026-08-26T11:27:40.271Z,2.380000114440918,gauge_zero
2026-08-26 08:30:00,2026-08-26T11:30:00Z,2.37,gauge_zero
2026-08-26 08:37:40,2026-08-26T11:37:40.284Z,2.380000114440918,gauge_zero
2026-08-26 08:40:00,2026-08-26T11:40:00Z,2.38,gauge_zero
2026-08-26 08:47:40,2026-08-26T11:47:40.285Z,2.380000114440918,gauge_zero
2026-08-26 08:50:00,2026-08-26T11:50:00Z,2.38,gauge_zero
2026-08-26 08:57:40,2026-08-26T11:57:40.278Z,2.380000114440918,gauge_zero
2026-08-26 09:00:00,2026-08-26T12:00:00Z,2.38,gauge_zero
2026-08-26 09:07:40,2026-08-26T12:07:40.292Z,2.380000114440918,gauge_zero
2026-08-26 09:10:00,2026-08-26T12:10:00Z,2.37,gauge_zero
2026-08-26 09:17:40,2026-08-26T12:17:40.275Z,2.369999885559082,gauge_zero
2026-08-26 09:20:00,2026-08-26T12:20:00Z,2.37,gauge_zero
2026-08-26 09:27:40,2026-08-26T12:27:40.268Z,2.369999885559082,gauge_zero
2026-08-26 09:30:00,2026-08-26T12:30:00Z,2.37,gauge_zero
2026-08-26 09:37:40,2026-08-26T12:37:40.284Z,2.369999885559082,gauge_zero
2026-08-26 09:40:00,2026-08-26T12:40:00Z,2.37,gauge_zero
2026-08-26 09:47:40,2026-08-26T12:47:40.249Z,2.369999885559082,gauge_zero
2026-08-26 09:50:00,2026-08-26T12:50:00Z,2.37,gauge_zero
2026-08-26 09:57:40,2026-08-26T12:57:40.286Z,2.369999885559082,gauge_zero
2026-08-26 10:00:00,2026-08-26T13:00:00Z,2.37,gauge_zero
2026-08-26 10:07:40,2026-08-26T13:07:40.271Z,2.369999885559082,gauge_zero
2026-08-26 10:10:00,2026-08-26T13:10:00Z,2.37,gauge_zero
2026-08-26 10:17:40,2026-08-26T13:17:40.292Z,2.369999885559082,gauge_zero
2026-08-26 10:20:00,2026-08-26T13:20:00Z,2.37,gauge_zero
2026-08-26 10:27:40,2026-08-26T13:27:40.278Z,2.369999885559082,gauge_zero
2026-08-26 10:30:00,2026-08-26T13:30:00Z,2.37,gauge_zero
2026-08-26 10:37:40,2026-08-26T13:37:40.257Z,2.369999885559082,gauge_zero
2026-08-26 10:40:00,2026-08-26T13:40:00Z,2.37,gauge_zero
2026-08-26 10:47:40,2026-08-26T13:47:40.303Z,2.369999885559082,gauge_zero
2026-08-26 10:50:00,2026-08-26T13:50:00Z,2.37,gauge_zero
2026-08-26 10:57:40,2026-08-26T13:57:40.277Z,2.380000114440918,gauge_zero
2026-08-26 11:00:00,2026-08-26T14:00:00Z,2.37,gauge_zero
2026-08-26 11:07:40,2026-08-26T14:07:40.269Z,2.380000114440918,gauge_zero
2026-08-26 11:10:00,2026-08-26T14:10:00Z,2.38,gauge_zero
2026-08-26 11:17:40,2026-08-26T14:17:40.272Z,2.369999885559082,gauge_zero
2026-08-26 11:20:00,2026-08-26T14:20:00Z,2.37,gauge_zero
2026-08-26 11:27:40,2026-08-26T14:27:40.309Z,2.369999885559082,gauge_zero
2026-08-26 11:30:00,2026-08-26T14:30:00Z,2.37,gauge_zero
2026-08-26 11:37:40,2026-08-26T14:37:40.264Z,2.369999885559082,gauge_zero
2026-08-26 11:40:00,2026-08-26T14:40:00Z,2.37,gauge_zero
2026-08-26 11:47:40,2026-08-26T14:47:40.361Z,2.369999885559082,gauge_zero
2026-08-26 11:50:00,2026-08-26T14:50:00Z,2.37,gauge_zero
2026-08-26 11:57:40,2026-08-26T14:57:40.27Z,2.369999885559082,gauge_zero
2026-08-26 12:00:00,2026-08-26T15:00:00Z,2.37,gauge_zero
2026-08-26 12:07:40,2026-08-26T15:07:40.261Z,2.369999885559082,gauge_zero
2026-08-26 12:10:00,2026-08-26T15:10:00Z,2.37,gauge_zero
2026-08-26 12:17:40,2026-08-26T15:17:40.298Z,2.369999885559082,gauge_zero
2026-08-26 12:20:00,2026-08-26T15:20:00Z,2.37,gauge_zero
2026-08-26 12:27:40,2026-08-26T15:27:40.272Z,2.369999885559082,gauge_zero
2026-08-26 12:30:00,2026-08-26T15:30:00Z,2.37,gauge_zero
2026-08-26 12:37:40,2026-08-26T15:37:40.288Z,2.369999885559082,gauge_zero
2026-08-26 12:40:00,2026-08-26T15:40:00Z,2.37,gauge_zero
2026-08-26 12:47:40,2026-08-26T15:47:40.275Z,2.369999885559082,gauge_zero
2026-08-26 12:50:00,2026-08-26T15:50:00Z,2.37,gauge_zero
2026-08-26 12:57:40,2026-08-26T15:57:40.287Z,2.369999885559082,gauge_zero
2026-08-26 13:00:00,2026-08-26T16:00:00Z,2.37,gauge_zero
2026-08-26 13:07:40,2026-08-26T16:07:40.303Z,2.369999885559082,gauge_zero
2026-08-26 13:10:00,2026-08-26T16:10:00Z,2.37,gauge_zero
2026-08-26 13:17:40,2026-08-26T16:17:40.269Z,2.369999885559082,gauge_zero
2026-08-26 13:20:00,2026-08-26T16:20:00Z,2.37,gauge_zero
2026-08-26 13:27:40,2026-08-26T16:27:40.298Z,2.369999885559082,gauge_zero
2026-08-26 13:30:00,2026-08-26T16:30:00Z,2.37,gauge_zero
2026-08-26 13:37:40,2026-08-26T16:37:40.299Z,2.369999885559082,gauge_zero
2026-08-26 13:40:00,2026-08-26T16:40:00Z,2.37,gauge_zero
2026-08-26 13:48:40,2026-08-26T16:48:40.289Z,2.369999885559082,gauge_zero
2026-08-26 13:50:00,2026-08-26T16:50:00Z,2.37,gauge_zero
2026-08-26 13:57:40,2026-08-26T16:57:40.268Z,2.369999885559082,gauge_zero
2026-08-26 14:00:00,2026-08-26T17:00:00Z,2.37,gauge_zero
2026-08-26 14:07:40,2026-08-26T17:07:40.306Z,2.369999885559082,gauge_zero
2026-08-26 14:10:00,2026-08-26T17:10:00Z,2.37,gauge_zero
2026-08-26 14:17:40,2026-08-26T17:17:40.279Z,2.369999885559082,gauge_zero
2026-08-26 14:20:00,2026-08-26T17:20:00Z,2.37,gauge_zero
2026-08-26 14:27:40,2026-08-26T17:27:40.311Z,2.369999885559082,gauge_zero
2026-08-26 14:30:00,2026-08-26T17:30:00Z,2.37,gauge_zero
2026-08-26 14:37:40,2026-08-26T17:37:40.283Z,2.369999885559082,gauge_zero
2026-08-26 14:40:00,2026-08-26T17:40:00Z,2.36,gauge_zero
2026-08-26 14:47:40,2026-08-26T17:47:40.296Z,2.369999885559082,gauge_zero
2026-08-26 14:50:00,2026-08-26T17:50:00Z,2.37,gauge_zero
2026-08-26 14:57:40,2026-08-26T17:57:40.292Z,2.369999885559082,gauge_zero
2026-08-26 15:00:00,2026-08-26T18:00:00Z,2.37,gauge_zero
2026-08-26 15:07:40,2026-08-26T18:07:40.291Z,2.369999885559082,gauge_zero
2026-08-26 15:10:00,2026-08-26T18:10:00Z,2.37,gauge_zero
2026-08-26 15:17:40,2026-08-26T18:17:40.289Z,2.369999885559082,gauge_zero
2026-08-26 15:20:00,2026-08-26T18:20:00Z,2.37,gauge_zero
2026-08-26 15:27:40,2026-08-26T18:27:40.307Z,2.369999885559082,gauge_zero
2026-08-26 15:30:00,2026-08-26T18:30:00Z,2.37,gauge_zero
2026-08-26 15:37:40,2026-08-26T18:37:40.268Z,2.369999885559082,gauge_zero
2026-08-26 15:40:00,2026-08-26T18:40:00Z,2.37,gauge_zero
2026-08-26 15:47:40,2026-08-26T18:47:40.413Z,2.369999885559082,gauge_zero
2026-08-26 15:50:00,2026-08-26T18:50:00Z,2.37,gauge_zero
2026-08-26 15:57:40,2026-08-26T18:57:40.286Z,2.369999885559082,gauge_zero
2026-08-26 16:00:00,2026-08-26T19:00:00Z,2.37,gauge_zero
2026-08-26 16:07:40,2026-08-26T19:07:40.272Z,2.369999885559082,gauge_zero
2026-08-26 16:10:00,2026-08-26T19:10:00Z,2.37,gauge_zero
2026-08-26 16:17:40,2026-08-26T19:17:40.308Z,2.369999885559082,gauge_zero
2026-08-26 16:20:00,2026-08-26T19:20:00Z,2.37,gauge_zero
2026-08-26 16:27:40,2026-08-26T19:27:40.267Z,2.369999885559082,gauge_zero
2026-08-26 16:30:00,2026-08-26T19:30:00Z,2.37,gauge_zero
2026-08-26 16:37:40,2026-08-26T19:37:40.296Z,2.369999885559082,gauge_zero
2026-08-26 16:40:00,2026-08-26T19:40:00Z,2.37,gauge_zero
2026-08-26 16:47:40,2026-08-26T19:47:40.295Z,2.369999885559082,gauge_zero
2026-08-26 16:50:00,2026-08-26T19:50:00Z,2.37,gauge_zero
2026-08-26 16:57:40,2026-08-26T19:57:40.285Z,2.369999885559082,gauge_zero
2026-08-26 17:00:00,2026-08-26T20:00:00Z,2.37,gauge_zero
2026-08-26 17:07:40,2026-08-26T20:07:40.284Z,2.369999885559082,gauge_zero
2026-08-26 17:10:00,2026-08-26T20:10:00Z,2.37,gauge_zero
2026-08-26 17:17:40,2026-08-26T20:17:40.279Z,2.369999885559082,gauge_zero
2026-08-26 17:20:00,2026-08-26T20:20:00Z,2.37,gauge_zero
2026-08-26 17:27:40,2026-08-26T20:27:40.279Z,2.369999885559082,gauge_zero
2026-08-26 17:30:00,2026-08-26T20:30:00Z,2.37,gauge_zero
2026-08-26 17:37:25,2026-08-26T20:37:25.303Z,2.369999885559082,gauge_zero
2026-08-26 17:40:00,2026-08-26T20:40:00Z,2.37,gauge_zero
2026-08-26 17:57:44,2026-08-26T20:57:44.311Z,2.369999885559082,gauge_zero
2026-08-26 18:00:00,2026-08-26T21:00:00Z,2.37,gauge_zero
2026-08-26 18:07:44,2026-08-26T21:07:44.335Z,2.369999885559082,gauge_zero
2026-08-26 18:10:00,2026-08-26T21:10:00Z,2.37,gauge_zero
2026-08-26 18:17:44,2026-08-26T21:17:44.286Z,2.369999885559082,gauge_zero
2026-08-26 18:20:00,2026-08-26T21:20:00Z,2.37,gauge_zero
2026-08-26 18:27:44,2026-08-26T21:27:44.293Z,2.369999885559082,gauge_zero
2026-08-26 18:30:00,2026-08-26T21:30:00Z,2.37,gauge_zero
2026-08-26 18:37:44,2026-08-26T21:37:44.31Z,2.369999885559082,gauge_zero
2026-08-26 18:40:00,2026-08-26T21:40:00Z,2.37,gauge_zero
2026-08-26 18:47:44,2026-08-26T21:47:44.332Z,2.369999885559082,gauge_zero
2026-08-26 18:50:00,2026-08-26T21:50:00Z,2.37,gauge_zero
2026-08-26 18:57:44,2026-08-26T21:57:44.321Z,2.369999885559082,gauge_zero
2026-08-26 19:00:00,2026-08-26T22:00:00Z,2.37,gauge_zero
2026-08-26 19:07:44,2026-08-26T22:07:44.326Z,2.369999885559082,gauge_zero
2026-08-26 19:10:00,2026-08-26T22:10:00Z,2.37,gauge_zero
2026-08-26 19:17:44,2026-08-26T22:17:44.327Z,2.369999885559082,gauge_zero
2026-08-26 19:20:00,2026-08-26T22:20:00Z,2.37,gauge_zero
2026-08-26 19:27:44,2026-08-26T22:27:44.329Z,2.369999885559082,gauge_zero
2026-08-26 19:30:00,2026-08-26T22:30:00Z,2.37,gauge_zero
2026-08-26 19:38:44,2026-08-26T22:38:44.338Z,2.369999885559082,gauge_zero
2026-08-26 19:40:00,2026-08-26T22:40:00Z,2.37,gauge_zero
2026-08-26 19:47:44,2026-08-26T22:47:44.32Z,2.369999885559082,gauge_zero
2026-08-26 19:50:00,2026-08-26T22:50:00Z,2.37,gauge_zero
2026-08-26 19:57:44,2026-08-26T22:57:44.355Z,2.369999885559082,gauge_zero
2026-08-26 20:00:00,2026-08-26T23:00:00Z,2.37,gauge_zero
2026-08-26 20:07:44,2026-08-26T23:07:44.386Z,2.369999885559082,gauge_zero
2026-08-26 20:10:00,2026-08-26T23:10:00Z,2.37,gauge_zero
2026-08-26 20:17:44,2026-08-26T23:17:44.338Z,2.369999885559082,gauge_zero
2026-08-26 20:20:00,2026-08-26T23:20:00Z,2.37,gauge_zero
2026-08-26 20:27:47,2026-08-26T23:27:47.914Z,2.369999885559082,gauge_zero
2026-08-26 20:30:00,2026-08-26T23:30:00Z,2.37,gauge_zero
2026-08-26 20:37:44,2026-08-26T23:37:44.309Z,2.369999885559082,gauge_zero
2026-08-26 20:40:00,2026-08-26T23:40:00Z,2.37,gauge_zero
2026-08-26 20:47:44,2026-08-26T23:47:44.319Z,2.369999885559082,gauge_zero
2026-08-26 20:50:00,2026-08-26T23:50:00Z,2.37,gauge_zero
2026-08-26 20:57:44,2026-08-26T23:57:44.321Z,2.369999885559082,gauge_zero
2026-08-26 21:00:00,2026-08-27T00:00:00Z,2.37,gauge_zero
2026-08-26 21:07:44,2026-08-27T00:07:44.314Z,2.369999885559082,gauge_zero
2026-08-26 21:10:00,2026-08-27T00:10:00Z,2.37,gauge_zero
2026-08-26 21:17:44,2026-08-27T00:17:44.316Z,2.369999885559082,gauge_zero
2026-08-26 21:20:00,2026-08-27T00:20:00Z,2.37,gauge_zero
2026-08-26 21:27:44,2026-08-27T00:27:44.327Z,2.369999885559082,gauge_zero
2026-08-26 21:30:00,2026-08-27T00:30:00Z,2.37,gauge_zero
2026-08-26 21:37:44,2026-08-27T00:37:44.345Z,2.369999885559082,gauge_zero
2026-08-26 21:40:00,2026-08-27T00:40:00Z,2.37,gauge_zero
2026-08-26 21:47:44,2026-08-27T00:47:44.321Z,2.369999885559082,gauge_zero
2026-08-26 21:50:00,2026-08-27T00:50:00Z,2.37,gauge_zero
2026-08-26 21:57:44,2026-08-27T00:57:44.327Z,2.369999885559082,gauge_zero
2026-08-26 22:00:00,2026-08-27T01:00:00Z,2.37,gauge_zero
2026-08-26 22:07:44,2026-08-27T01:07:44.315Z,2.369999885559082,gauge_zero
2026-08-26 22:10:00,2026-08-27T01:10:00Z,2.37,gauge_zero
2026-08-26 22:17:44,2026-08-27T01:17:44.363Z,2.369999885559082,gauge_zero
2026-08-26 22:20:00,2026-08-27T01:20:00Z,2.36,gauge_zero
2026-08-26 22:27:44,2026-08-27T01:27:44.346Z,2.369999885559082,gauge_zero
2026-08-26 22:30:00,2026-08-27T01:30:00Z,2.36,gauge_zero
2026-08-26 22:37:44,2026-08-27T01:37:44.318Z,2.369999885559082,gauge_zero
2026-08-26 22:40:00,2026-08-27T01:40:00Z,2.36,gauge_zero
2026-08-26 22:47:44,2026-08-27T01:47:44.339Z,2.369999885559082,gauge_zero
2026-08-26 22:50:00,2026-08-27T01:50:00Z,2.36,gauge_zero
2026-08-26 22:57:44,2026-08-27T01:57:44.339Z,2.369999885559082,gauge_zero
2026-08-26 23:00:00,2026-08-27T02:00:00Z,2.36,gauge_zero
2026-08-26 23:07:44,2026-08-27T02:07:44.309Z,2.369999885559082,gauge_zero
2026-08-26 23:10:00,2026-08-27T02:10:00Z,2.37,gauge_zero
2026-08-26 23:17:44,2026-08-27T02:17:44.313Z,2.369999885559082,gauge_zero
2026-08-26 23:20:00,2026-08-27T02:20:00Z,2.37,gauge_zero
2026-08-26 23:27:44,2026-08-27T02:27:44.291Z,2.369999885559082,gauge_zero
2026-08-26 23:30:00,2026-08-27T02:30:00Z,2.37,gauge_zero
2026-08-26 23:37:44,2026-08-27T02:37:44.321Z,2.369999885559082,gauge_zero
2026-08-26 23:40:00,2026-08-27T02:40:00Z,2.37,gauge_zero
2026-08-26 23:47:44,2026-08-27T02:47:44.317Z,2.369999885559082,gauge_zero
2026-08-26 23:50:00,2026-08-27T02:50:00Z,2.37,gauge_zero
2026-08-26 23:57:44,2026-08-27T02:57:44.333Z,2.369999885559082,gauge_zero
2026-08-27 00:00:00,2026-08-27T03:00:00Z,2.37,gauge_zero
2026-08-27 00:07:44,2026-08-27T03:07:44.311Z,2.369999885559082,gauge_zero
2026-08-27 00:10:00,2026-08-27T03:10:00Z,2.37,gauge_zero
2026-08-27 00:17:44,2026-08-27T03:17:44.316Z,2.369999885559082,gauge_zero
2026-08-27 00:20:00,2026-08-27T03:20:00Z,2.37,gauge_zero
2026-08-27 00:27:44,2026-08-27T03:27:44.359Z,2.369999885559082,gauge_zero
2026-08-27 00:30:00,2026-08-27T03:30:00Z,2.37,gauge_zero
2026-08-27 00:37:44,2026-08-27T03:37:44.321Z,2.369999885559082,gauge_zero
2026-08-27 00:40:00,2026-08-27T03:40:00Z,2.37,gauge_zero
2026-08-27 00:47:44,2026-08-27T03:47:44.323Z,2.369999885559082,gauge_zero
2026-08-27 00:50:00,2026-08-27T03:50:00Z,2.37,gauge_zero
2026-08-27 00:57:44,2026-08-27T03:57:44.329Z,2.369999885559082,gauge_zero
2026-08-27 01:00:00,2026-08-27T04:00:00Z,2.37,gauge_zero
2026-08-27 01:07:44,2026-08-27T04:07:44.32Z,2.369999885559082,gauge_zero
2026-08-27 01:10:00,2026-08-27T04:10:00Z,2.37,gauge_zero
2026-08-27 01:17:44,2026-08-27T04:17:44.324Z,2.369999885559082,gauge_zero
2026-08-27 01:20:00,2026-08-27T04:20:00Z,2.36,gauge_zero
2026-08-27 01:27:44,2026-08-27T04:27:44.326Z,2.369999885559082,gauge_zero
2026-08-27 01:30:00,2026-08-27T04:30:00Z,2.37,gauge_zero
2026-08-27 01:37:44,2026-08-27T04:37:44.332Z,2.369999885559082,gauge_zero
2026-08-27 01:40:00,2026-08-27T04:40:00Z,2.37,gauge_zero
2026-08-27 01:47:44,2026-08-27T04:47:44.307Z,2.369999885559082,gauge_zero
2026-08-27 01:50:00,2026-08-27T04:50:00Z,2.37,gauge_zero
2026-08-27 01:57:44,2026-08-27T04:57:44.307Z,2.369999885559082,gauge_zero
2026-08-27 02:00:00,2026-08-27T05:00:00Z,2.37,gauge_zero
2026-08-27 02:07:44,2026-08-27T05:07:44.32Z,2.369999885559082,gauge_zero
2026-08-27 02:10:00,2026-08-27T05:10:00Z,2.37,gauge_zero
2026-08-27 02:17:44,2026-08-27T05:17:44.324Z,2.369999885559082,gauge_zero
2026-08-27 02:20:00,2026-08-27T05:20:00Z,2.37,gauge_zero
2026-08-27 02:27:44,2026-08-27T05:27:44.305Z,2.369999885559082,gauge_zero
2026-08-27 02:30:00,2026-08-27T05:30:00Z,2.37,gauge_zero
2026-08-27 02:37:44,2026-08-27T05:37:44.325Z,2.369999885559082,gauge_zero
2026-08-27 02:40:00,2026-08-27T05:40:00Z,2.37,gauge_zero
2026-08-27 02:47:44,2026-08-27T05:47:44.304Z,2.369999885559082,gauge_zero
2026-08-27 02:50:00,2026-08-27T05:50:00Z,2.37,gauge_zero
2026-08-27 02:57:44,2026-08-27T05:57:44.319Z,2.369999885559082,gauge_zero
2026-08-27 03:00:00,2026-08-27T06:00:00Z,2.37,gauge_zero
2026-08-27 03:07:44,2026-08-27T06:07:44.292Z,2.369999885559082,gauge_zero
2026-08-27 03:10:00,2026-08-27T06:10:00Z,2.37,gauge_zero
2026-08-27 03:17:44,2026-08-27T06:17:44.324Z,2.369999885559082,gauge_zero
2026-08-27 03:20:00,2026-08-27T06:20:00Z,2.37,gauge_zero
2026-08-27 03:27:44,2026-08-27T06:27:44.317Z,2.369999885559082,gauge_zero
2026-08-27 03:30:00,2026-08-27T06:30:00Z,2.37,gauge_zero
2026-08-27 03:37:44,2026-08-27T06:37:44.324Z,2.369999885559082,gauge_zero
2026-08-27 03:40:00,2026-08-27T06:40:00Z,2.37,gauge_zero
2026-08-27 03:47:44,2026-08-27T06:47:44.299Z,2.369999885559082,gauge_zero
2026-08-27 03:50:00,2026-08-27T06:50:00Z,2.37,gauge_zero
2026-08-27 03:57:44,2026-08-27T06:57:44.322Z,2.369999885559082,gauge_zero
2026-08-27 04:00:00,2026-08-27T07:00:00Z,2.37,gauge_zero
2026-08-27 04:07:44,2026-08-27T07:07:44.339Z,2.369999885559082,gauge_zero
2026-08-27 04:10:00,2026-08-27T07:10:00Z,2.37,gauge_zero
2026-08-27 04:17:44,2026-08-27T07:17:44.319Z,2.369999885559082,gauge_zero
2026-08-27 04:20:00,2026-08-27T07:20:00Z,2.37,gauge_zero
2026-08-27 04:27:44,2026-08-27T07:27:44.361Z,2.369999885559082,gauge_zero
2026-08-27 04:30:00,2026-08-27T07:30:00Z,2.37,gauge_zero
2026-08-27 04:37:44,2026-08-27T07:37:44.326Z,2.369999885559082,gauge_zero
2026-08-27 04:40:00,2026-08-27T07:40:00Z,2.37,gauge_zero
2026-08-27 04:47:44,2026-08-27T07:47:44.324Z,2.369999885559082,gauge_zero
2026-08-27 04:50:00,2026-08-27T07:50:00Z,2.36,gauge_zero
2026-08-27 04:57:44,2026-08-27T07:57:44.334Z,2.369999885559082,gauge_zero
2026-08-27 05:00:00,2026-08-27T08:00:00Z,2.37,gauge_zero
2026-08-27 05:07:44,2026-08-27T08:07:44.337Z,2.369999885559082,gauge_zero
2026-08-27 05:10:00,2026-08-27T08:10:00Z,2.36,gauge_zero
2026-08-27 05:17:44,2026-08-27T08:17:44.32Z,2.369999885559082,gauge_zero
2026-08-27 05:20:00,2026-08-27T08:20:00Z,2.36,gauge_zero
2026-08-27 05:27:44,2026-08-27T08:27:44.338Z,2.369999885559082,gauge_zero
2026-08-27 05:30:00,2026-08-27T08:30:00Z,2.36,gauge_zero
2026-08-27 05:37:44,2026-08-27T08:37:44.333Z,2.369999885559082,gauge_zero
2026-08-27 05:40:00,2026-08-27T08:40:00Z,2.37,gauge_zero
2026-08-27 05:47:44,2026-08-27T08:47:44.372Z,2.369999885559082,gauge_zero
2026-08-27 05:50:00,2026-08-27T08:50:00Z,2.37,gauge_zero
2026-08-27 05:57:44,2026-08-27T08:57:44.315Z,2.369999885559082,gauge_zero
2026-08-27 06:00:00,2026-08-27T09:00:00Z,2.37,gauge_zero
2026-08-27 06:07:44,2026-08-27T09:07:44.333Z,2.380000114440918,gauge_zero
2026-08-27 06:10:00,2026-08-27T09:10:00Z,2.38,gauge_zero
2026-08-27 06:17:44,2026-08-27T09:17:44.381Z,2.369999885559082,gauge_zero
2026-08-27 06:20:00,2026-08-27T09:20:00Z,2.37,gauge_zero
2026-08-27 06:27:44,2026-08-27T09:27:44.315Z,2.369999885559082,gauge_zero
2026-08-27 06:30:00,2026-08-27T09:30:00Z,2.37,gauge_zero
2026-08-27 06:37:44,2026-08-27T09:37:44.345Z,2.369999885559082,gauge_zero
2026-08-27 06:40:00,2026-08-27T09:40:00Z,2.37,gauge_zero
2026-08-27 06:47:44,2026-08-27T09:47:44.345Z,2.369999885559082,gauge_zero
2026-08-27 06:50:00,2026-08-27T09:50:00Z,2.37,gauge_zero
2026-08-27 06:57:44,2026-08-27T09:57:44.317Z,2.369999885559082,gauge_zero
2026-08-27 07:00:00,2026-08-27T10:00:00Z,2.37,gauge_zero
2026-08-27 07:07:44,2026-08-27T10:07:44.332Z,2.369999885559082,gauge_zero
2026-08-27 07:10:00,2026-08-27T10:10:00Z,2.37,gauge_zero
2026-08-27 07:17:44,2026-08-27T10:17:44.324Z,2.369999885559082,gauge_zero
2026-08-27 07:20:00,2026-08-27T10:20:00Z,2.37,gauge_zero
2026-08-27 07:27:44,2026-08-27T10:27:44.33Z,2.369999885559082,gauge_zero
2026-08-27 07:30:00,2026-08-27T10:30:00Z,2.37,gauge_zero
2026-08-27 07:37:44,2026-08-27T10:37:44.321Z,2.369999885559082,gauge_zero
2026-08-27 07:40:00,2026-08-27T10:40:00Z,2.37,gauge_zero
2026-08-27 07:47:44,2026-08-27T10:47:44.34Z,2.369999885559082,gauge_zero
2026-08-27 07:50:00,2026-08-27T10:50:00Z,2.37,gauge_zero
2026-08-27 07:57:44,2026-08-27T10:57:44.325Z,2.369999885559082,gauge_zero
2026-08-27 08:00:00,2026-08-27T11:00:00Z,2.37,gauge_zero
2026-08-27 08:07:44,2026-08-27T11:07:44.312Z,2.369999885559082,gauge_zero
2026-08-27 08:20:00,2026-08-27T11:20:00Z,2.37,gauge_zero
2026-08-27 08:30:00,2026-08-27T11:30:00Z,2.37,gauge_zero
2026-08-27 08:40:00,2026-08-27T11:40:00Z,2.37,gauge_zero
2026-08-27 08:50:00,2026-08-27T11:50:00Z,2.37,gauge_zero
2026-08-27 09:00:00,2026-08-27T12:00:00Z,2.37,gauge_zero
2026-08-27 09:10:00,2026-08-27T12:10:00Z,2.37,gauge_zero
2026-08-27 09:20:00,2026-08-27T12:20:00Z,2.37,gauge_zero
2026-08-27 09:30:00,2026-08-27T12:30:00Z,2.36,gauge_zero
2026-08-27 09:40:00,2026-08-27T12:40:00Z,2.36,gauge_zero
2026-08-27 09:50:00,2026-08-27T12:50:00Z,2.36,gauge_zero
2026-08-27 10:00:00,2026-08-27T13:00:00Z,2.36,gauge_zero
2026-08-27 10:07:44,2026-08-27T13:07:44.34Z,2.369999885559082,gauge_zero
2026-08-27 10:10:00,2026-08-27T13:10:00Z,2.36,gauge_zero
2026-08-27 10:17:44,2026-08-27T13:17:44.34Z,2.369999885559082,gauge_zero
2026-08-27 10:20:00,2026-08-27T13:20:00Z,2.36,gauge_zero
2026-08-27 10:27:44,2026-08-27T13:27:44.321Z,2.369999885559082,gauge_zero
2026-08-27 10:30:00,2026-08-27T13:30:00Z,2.36,gauge_zero
2026-08-27 10:37:44,2026-08-27T13:37:44.307Z,2.369999885559082,gauge_zero
2026-08-27 10:40:00,2026-08-27T13:40:00Z,2.36,gauge_zero
2026-08-27 10:47:44,2026-08-27T13:47:44.332Z,2.369999885559082,gauge_zero
2026-08-27 10:50:00,2026-08-27T13:50:00Z,2.36,gauge_zero
2026-08-27 10:57:44,2026-08-27T13:57:44.316Z,2.369999885559082,gauge_zero
2026-08-27 11:00:00,2026-08-27T14:00:00Z,2.36,gauge_zero
2026-08-27 11:07:44,2026-08-27T14:07:44.318Z,2.369999885559082,gauge_zero
2026-08-27 11:10:00,2026-08-27T14:10:00Z,2.36,gauge_zero
2026-08-27 11:17:44,2026-08-27T14:17:44.347Z,2.369999885559082,gauge_zero
2026-08-27 11:20:00,2026-08-27T14:20:00Z,2.36,gauge_zero
2026-08-27 11:27:44,2026-08-27T14:27:44.33Z,2.369999885559082,gauge_zero
2026-08-27 11:30:00,2026-08-27T14:30:00Z,2.36,gauge_zero
2026-08-27 11:37:44,2026-08-27T14:37:44.33Z,2.369999885559082,gauge_zero
2026-08-27 11:40:00,2026-08-27T14:40:00Z,2.36,gauge_zero
2026-08-27 11:47:44,2026-08-27T14:47:44.351Z,2.369999885559082,gauge_zero
2026-08-27 11:50:00,2026-08-27T14:50:00Z,2.36,gauge_zero
2026-08-27 11:57:44,2026-08-27T14:57:44.355Z,2.369999885559082,gauge_zero
2026-08-27 12:00:00,2026-08-27T15:00:00Z,2.36,gauge_zero
2026-08-27 12:07:44,2026-08-27T15:07:44.34Z,2.369999885559082,gauge_zero
2026-08-27 12:10:00,2026-08-27T15:10:00Z,2.36,gauge_zero
2026-08-27 12:17:44,2026-08-27T15:17:44.324Z,2.369999885559082,gauge_zero
2026-08-27 12:20:00,2026-08-27T15:20:00Z,2.36,gauge_zero
2026-08-27 12:27:44,2026-08-27T15:27:44.369Z,2.369999885559082,gauge_zero
2026-08-27 12:30:00,2026-08-27T15:30:00Z,2.36,gauge_zero
2026-08-27 12:37:44,2026-08-27T15:37:44.361Z,2.369999885559082,gauge_zero
2026-08-27 12:40:00,2026-08-27T15:40:00Z,2.36,gauge_zero
2026-08-27 12:47:44,2026-08-27T15:47:44.378Z,2.369999885559082,gauge_zero
2026-08-27 12:50:00,2026-08-27T15:50:00Z,2.36,gauge_zero
2026-08-27 12:57:44,2026-08-27T15:57:44.349Z,2.369999885559082,gauge_zero
2026-08-27 13:00:00,2026-08-27T16:00:00Z,2.36,gauge_zero
2026-08-27 13:07:44,2026-08-27T16:07:44.331Z,2.369999885559082,gauge_zero
2026-08-27 13:10:00,2026-08-27T16:10:00Z,2.36,gauge_zero
2026-08-27 13:17:44,2026-08-27T16:17:44.343Z,2.369999885559082,gauge_zero
2026-08-27 13:20:00,2026-08-27T16:20:00Z,2.36,gauge_zero
2026-08-27 13:27:44,2026-08-27T16:27:44.328Z,2.369999885559082,gauge_zero
2026-08-27 13:30:00,2026-08-27T16:30:00Z,2.36,gauge_zero
2026-08-27 13:37:44,2026-08-27T16:37:44.333Z,2.369999885559082,gauge_zero
2026-08-27 13:40:00,2026-08-27T16:40:00Z,2.36,gauge_zero
2026-08-27 13:47:44,2026-08-27T16:47:44.346Z,2.369999885559082,gauge_zero
2026-08-27 13:50:00,2026-08-27T16:50:00Z,2.36,gauge_zero
2026-08-27 13:57:44,2026-08-27T16:57:44.333Z,2.369999885559082,gauge_zero
2026-08-27 14:00:00,2026-08-27T17:00:00Z,2.36,gauge_zero
2026-08-27 14:07:44,2026-08-27T17:07:44.363Z,2.369999885559082,gauge_zero
2026-08-27 14:10:00,2026-08-27T17:10:00Z,2.36,gauge_zero
2026-08-27 14:17:44,2026-08-27T17:17:44.409Z,2.369999885559082,gauge_zero
2026-08-27 14:20:00,2026-08-27T17:20:00Z,2.36,gauge_zero
2026-08-27 14:27:44,2026-08-27T17:27:44.364Z,2.369999885559082,gauge_zero
2026-08-27 14:30:00,2026-08-27T17:30:00Z,2.36,gauge_zero
2026-08-27 14:37:44,2026-08-27T17:37:44.355Z,2.369999885559082,gauge_zero
2026-08-27 14:40:00,2026-08-27T17:40:00Z,2.36,gauge_zero
2026-08-27 14:47:44,2026-08-27T17:47:44.345Z,2.369999885559082,gauge_zero
2026-08-27 14:50:00,2026-08-27T17:50:00Z,2.36,gauge_zero
2026-08-27 14:57:44,2026-08-27T17:57:44.342Z,2.369999885559082,gauge_zero
2026-08-27 15:00:00,2026-08-27T18:00:00Z,2.36,gauge_zero
2026-08-27 15:07:44,2026-08-27T18:07:44.373Z,2.369999885559082,gauge_zero
2026-08-27 15:10:00,2026-08-27T18:10:00Z,2.36,gauge_zero
2026-08-27 15:18:29,2026-08-27T18:18:29.35Z,2.369999885559082,gauge_zero
2026-08-27 15:20:00,2026-08-27T18:20:00Z,2.37,gauge_zero
2026-08-27 15:28:29,2026-08-27T18:28:29.671Z,2.369999885559082,gauge_zero
2026-08-27 15:30:00,2026-08-27T18:30:00Z,2.37,gauge_zero
2026-08-27 15:38:29,2026-08-27T18:38:29.36Z,2.369999885559082,gauge_zero
2026-08-27 15:40:00,2026-08-27T18:40:00Z,2.37,gauge_zero
2026-08-27 15:48:29,2026-08-27T18:48:29.388Z,2.369999885559082,gauge_zero
2026-08-27 15:50:00,2026-08-27T18:50:00Z,2.36,gauge_zero
2026-08-27 15:58:29,2026-08-27T18:58:29.369Z,2.369999885559082,gauge_zero
2026-08-27 16:00:00,2026-08-27T19:00:00Z,2.36,gauge_zero
2026-08-27 16:08:29,2026-08-27T19:08:29.364Z,2.369999885559082,gauge_zero
2026-08-27 16:10:00,2026-08-27T19:10:00Z,2.36,gauge_zero
2026-08-27 16:18:29,2026-08-27T19:18:29.342Z,2.369999885559082,gauge_zero
2026-08-27 16:20:00,2026-08-27T19:20:00Z,2.36,gauge_zero
2026-08-27 16:28:29,2026-08-27T19:28:29.364Z,2.369999885559082,gauge_zero
2026-08-27 16:30:00,2026-08-27T19:30:00Z,2.36,gauge_zero
2026-08-27 16:38:29,2026-08-27T19:38:29.369Z,2.369999885559082,gauge_zero
2026-08-27 16:40:00,2026-08-27T19:40:00Z,2.36,gauge_zero
2026-08-27 16:48:29,2026-08-27T19:48:29.35Z,2.369999885559082,gauge_zero
2026-08-27 16:50:00,2026-08-27T19:50:00Z,2.36,gauge_zero
2026-08-27 16:58:29,2026-08-27T19:58:29.349Z,2.369999885559082,gauge_zero
2026-08-27 17:00:00,2026-08-27T20:00:00Z,2.36,gauge_zero
2026-08-27 17:08:29,2026-08-27T20:08:29.357Z,2.369999885559082,gauge_zero
2026-08-27 17:10:00,2026-08-27T20:10:00Z,2.36,gauge_zero
2026-08-27 17:18:29,2026-08-27T20:18:29.348Z,2.3499999046325684,gauge_zero
2026-08-27 17:20:00,2026-08-27T20:20:00Z,2.35,gauge_zero
2026-08-27 17:28:29,2026-08-27T20:28:29.357Z,2.3499999046325684,gauge_zero
2026-08-27 17:30:00,2026-08-27T20:30:00Z,2.35,gauge_zero
2026-08-27 17:38:29,2026-08-27T20:38:29.376Z,2.3499999046325684,gauge_zero
2026-08-27 17:40:00,2026-08-27T20:40:00Z,2.35,gauge_zero
2026-08-27 17:48:44,2026-08-27T20:48:44.371Z,2.3499999046325684,gauge_zero
2026-08-27 17:50:00,2026-08-27T20:50:00Z,2.35,gauge_zero
2026-08-27 17:58:29,2026-08-27T20:58:29.356Z,2.3499999046325684,gauge_zero
2026-08-27 18:00:00,2026-08-27T21:00:00Z,2.35,gauge_zero
2026-08-27 18:08:44,2026-08-27T21:08:44.355Z,2.3499999046325684,gauge_zero
2026-08-27 18:10:00,2026-08-27T21:10:00Z,2.35,gauge_zero
2026-08-27 18:18:29,2026-08-27T21:18:29.354Z,2.3499999046325684,gauge_zero
2026-08-27 18:20:00,2026-08-27T21:20:00Z,2.35,gauge_zero
2026-08-27 18:28:29,2026-08-27T21:28:29.384Z,2.3499999046325684,gauge_zero
2026-08-27 18:30:00,2026-08-27T21:30:00Z,2.35,gauge_zero
2026-08-27 18:38:29,2026-08-27T21:38:29.349Z,2.3499999046325684,gauge_zero
2026-08-27 18:40:00,2026-08-27T21:40:00Z,2.35,gauge_zero
2026-08-27 18:48:29,2026-08-27T21:48:29.358Z,2.3499999046325684,gauge_zero
2026-08-27 18:50:00,2026-08-27T21:50:00Z,2.35,gauge_zero
2026-08-27 18:58:29,2026-08-27T21:58:29.342Z,2.3499999046325684,gauge_zero
2026-08-27 19:00:00,2026-08-27T22:00:00Z,2.35,gauge_zero
2026-08-27 19:08:29,2026-08-27T22:08:29.345Z,2.3499999046325684,gauge_zero
2026-08-27 19:10:00,2026-08-27T22:10:00Z,2.35,gauge_zero
2026-08-27 19:18:29,2026-08-27T22:18:29.413Z,2.3499999046325684,gauge_zero
2026-08-27 19:20:00,2026-08-27T22:20:00Z,2.36,gauge_zero
2026-08-27 19:28:44,2026-08-27T22:28:44.35Z,2.3499999046325684,gauge_zero
2026-08-27 19:30:00,2026-08-27T22:30:00Z,2.36,gauge_zero
2026-08-27 19:38:29,2026-08-27T22:38:29.347Z,2.3499999046325684,gauge_zero
2026-08-27 19:40:00,2026-08-27T22:40:00Z,2.36,gauge_zero
2026-08-27 19:48:29,2026-08-27T22:48:29.347Z,2.3499999046325684,gauge_zero
2026-08-27 19:50:00,2026-08-27T22:50:00Z,2.36,gauge_zero
2026-08-27 19:58:29,2026-08-27T22:58:29.362Z,2.3499999046325684,gauge_zero
2026-08-27 20:00:00,2026-08-27T23:00:00Z,2.36,gauge_zero
2026-08-27 20:08:29,2026-08-27T23:08:29.35Z,2.369999885559082,gauge_zero
2026-08-27 20:10:00,2026-08-27T23:10:00Z,2.36,gauge_zero
2026-08-27 20:18:29,2026-08-27T23:18:29.335Z,2.369999885559082,gauge_zero
2026-08-27 20:20:00,2026-08-27T23:20:00Z,2.37,gauge_zero
2026-08-27 20:28:29,2026-08-27T23:28:29.345Z,2.369999885559082,gauge_zero
2026-08-27 20:30:00,2026-08-27T23:30:00Z,2.37,gauge_zero
2026-08-27 20:38:29,2026-08-27T23:38:29.362Z,2.369999885559082,gauge_zero
2026-08-27 20:40:00,2026-08-27T23:40:00Z,2.37,gauge_zero
2026-08-27 20:48:29,2026-08-27T23:48:29.344Z,2.369999885559082,gauge_zero
2026-08-27 20:50:00,2026-08-27T23:50:00Z,2.37,gauge_zero
2026-08-27 20:58:29,2026-08-27T23:58:29.35Z,2.369999885559082,gauge_zero
2026-08-27 21:00:00,2026-08-28T00:00:00Z,2.36,gauge_zero
2026-08-27 21:08:29,2026-08-28T00:08:29.88Z,2.369999885559082,gauge_zero
2026-08-27 21:10:00,2026-08-28T00:10:00Z,2.36,gauge_zero
2026-08-27 21:18:29,2026-08-28T00:18:29.411Z,2.3499999046325684,gauge_zero
2026-08-27 21:20:00,2026-08-28T00:20:00Z,2.36,gauge_zero
2026-08-27 21:28:29,2026-08-28T00:28:29.365Z,2.3499999046325684,gauge_zero
2026-08-27 21:30:00,2026-08-28T00:30:00Z,2.35,gauge_zero
2026-08-27 21:38:29,2026-08-28T00:38:29.353Z,2.3499999046325684,gauge_zero
2026-08-27 21:40:00,2026-08-28T00:40:00Z,2.35,gauge_zero
2026-08-27 21:48:29,2026-08-28T00:48:29.346Z,2.3499999046325684,gauge_zero
2026-08-27 21:50:00,2026-08-28T00:50:00Z,2.35,gauge_zero
2026-08-27 21:58:29,2026-08-28T00:58:29.505Z,2.3499999046325684,gauge_zero
2026-08-27 22:00:00,2026-08-28T01:00:00Z,2.35,gauge_zero
2026-08-27 22:08:28,2026-08-28T01:08:28.598Z,2.3499999046325684,gauge_zero
2026-08-27 22:10:00,2026-08-28T01:10:00Z,2.35,gauge_zero
2026-08-27 22:18:28,2026-08-28T01:18:28.589Z,2.3499999046325684,gauge_zero
2026-08-27 22:20:00,2026-08-28T01:20:00Z,2.35,gauge_zero
2026-08-27 22:28:28,2026-08-28T01:28:28.58Z,2.3499999046325684,gauge_zero
2026-08-27 22:30:00,2026-08-28T01:30:00Z,2.35,gauge_zero
2026-08-27 22:38:28,2026-08-28T01:38:28.6Z,2.3499999046325684,gauge_zero
2026-08-27 22:40:00,2026-08-28T01:40:00Z,2.35,gauge_zero
2026-08-27 22:48:28,2026-08-28T01:48:28.599Z,2.3499999046325684,gauge_zero
2026-08-27 22:50:00,2026-08-28T01:50:00Z,2.36,gauge_zero
2026-08-27 22:58:28,2026-08-28T01:58:28.609Z,2.3499999046325684,gauge_zero
2026-08-27 23:00:00,2026-08-28T02:00:00Z,2.36,gauge_zero
2026-08-27 23:08:28,2026-08-28T02:08:28.601Z,2.3499999046325684,gauge_zero
2026-08-27 23:10:00,2026-08-28T02:10:00Z,2.36,gauge_zero
2026-08-27 23:18:28,2026-08-28T02:18:28.617Z,2.3499999046325684,gauge_zero
2026-08-27 23:20:00,2026-08-28T02:20:00Z,2.36,gauge_zero
2026-08-27 23:28:28,2026-08-28T02:28:28.602Z,2.3499999046325684,gauge_zero
2026-08-27 23:30:00,2026-08-28T02:30:00Z,2.36,gauge_zero
2026-08-27 23:38:43,2026-08-28T02:38:43.579Z,2.3499999046325684,gauge_zero
2026-08-27 23:40:00,2026-08-28T02:40:00Z,2.36,gauge_zero
2026-08-27 23:48:28,2026-08-28T02:48:28.59Z,2.3499999046325684,gauge_zero
2026-08-27 23:50:00,2026-08-28T02:50:00Z,2.36,gauge_zero
2026-08-27 23:58:43,2026-08-28T02:58:43.583Z,2.3499999046325684,gauge_zero
2026-08-28 00:00:00,2026-08-28T03:00:00Z,2.36,gauge_zero
2026-08-28 00:08:28,2026-08-28T03:08:28.569Z,2.3499999046325684,gauge_zero
2026-08-28 00:10:00,2026-08-28T03:10:00Z,2.36,gauge_zero
2026-08-28 00:18:43,2026-08-28T03:18:43.587Z,2.3499999046325684,gauge_zero
2026-08-28 00:20:00,2026-08-28T03:20:00Z,2.36,gauge_zero
2026-08-28 00:28:43,2026-08-28T03:28:43.597Z,2.3499999046325684,gauge_zero
2026-08-28 00:30:00,2026-08-28T03:30:00Z,2.36,gauge_zero
2026-08-28 00:38:43,2026-08-28T03:38:43.579Z,2.3499999046325684,gauge_zero
2026-08-28 00:40:00,2026-08-28T03:40:00Z,2.36,gauge_zero
2026-08-28 00:48:43,2026-08-28T03:48:43.585Z,2.3499999046325684,gauge_zero
2026-08-28 00:50:00,2026-08-28T03:50:00Z,2.35,gauge_zero
2026-08-28 00:58:28,2026-08-28T03:58:28.597Z,2.3499999046325684,gauge_zero
2026-08-28 01:00:00,2026-08-28T04:00:00Z,2.36,gauge_zero
2026-08-28 01:08:28,2026-08-28T04:08:28.601Z,2.3499999046325684,gauge_zero
2026-08-28 01:10:00,2026-08-28T04:10:00Z,2.36,gauge_zero
2026-08-28 01:18:28,2026-08-28T04:18:28.583Z,2.3499999046325684,gauge_zero
2026-08-28 01:20:00,2026-08-28T04:20:00Z,2.36,gauge_zero
2026-08-28 01:28:43,2026-08-28T04:28:43.582Z,2.3499999046325684,gauge_zero
2026-08-28 01:30:00,2026-08-28T04:30:00Z,2.36,gauge_zero
2026-08-28 01:38:28,2026-08-28T04:38:28.57Z,2.3499999046325684,gauge_zero
2026-08-28 01:40:00,2026-08-28T04:40:00Z,2.36,gauge_zero
2026-08-28 01:48:43,2026-08-28T04:48:43.602Z,2.3499999046325684,gauge_zero
2026-08-28 01:50:00,2026-08-28T04:50:00Z,2.36,gauge_zero
2026-08-28 01:58:28,2026-08-28T04:58:28.615Z,2.3499999046325684,gauge_zero
2026-08-28 02:00:00,2026-08-28T05:00:00Z,2.36,gauge_zero
2026-08-28 02:08:28,2026-08-28T05:08:28.627Z,2.3499999046325684,gauge_zero
2026-08-28 02:10:00,2026-08-28T05:10:00Z,2.35,gauge_zero
2026-08-28 02:18:28,2026-08-28T05:18:28.626Z,2.3499999046325684,gauge_zero
2026-08-28 02:20:00,2026-08-28T05:20:00Z,2.35,gauge_zero
2026-08-28 02:28:28,2026-08-28T05:28:28.618Z,2.3499999046325684,gauge_zero
2026-08-28 02:30:00,2026-08-28T05:30:00Z,2.36,gauge_zero
2026-08-28 02:38:28,2026-08-28T05:38:28.63Z,2.3499999046325684,gauge_zero
2026-08-28 02:40:00,2026-08-28T05:40:00Z,2.35,gauge_zero
2026-08-28 02:48:28,2026-08-28T05:48:28.612Z,2.3499999046325684,gauge_zero
2026-08-28 02:50:00,2026-08-28T05:50:00Z,2.35,gauge_zero
2026-08-28 02:58:28,2026-08-28T05:58:28.631Z,2.3499999046325684,gauge_zero
2026-08-28 03:00:00,2026-08-28T06:00:00Z,2.36,gauge_zero
2026-08-28 03:08:28,2026-08-28T06:08:28.602Z,2.3499999046325684,gauge_zero
2026-08-28 03:10:00,2026-08-28T06:10:00Z,2.36,gauge_zero
2026-08-28 03:18:28,2026-08-28T06:18:28.598Z,2.3499999046325684,gauge_zero
2026-08-28 03:20:00,2026-08-28T06:20:00Z,2.36,gauge_zero
2026-08-28 03:28:28,2026-08-28T06:28:28.597Z,2.3499999046325684,gauge_zero
2026-08-28 03:30:00,2026-08-28T06:30:00Z,2.36,gauge_zero
2026-08-28 03:38:28,2026-08-28T06:38:28.618Z,2.3499999046325684,gauge_zero
2026-08-28 03:40:00,2026-08-28T06:40:00Z,2.35,gauge_zero
2026-08-28 03:48:28,2026-08-28T06:48:28.605Z,2.3499999046325684,gauge_zero
2026-08-28 03:50:00,2026-08-28T06:50:00Z,2.36,gauge_zero
2026-08-28 03:58:28,2026-08-28T06:58:28.596Z,2.3499999046325684,gauge_zero
2026-08-28 04:00:00,2026-08-28T07:00:00Z,2.36,gauge_zero
2026-08-28 04:08:28,2026-08-28T07:08:28.616Z,2.3499999046325684,gauge_zero
2026-08-28 04:10:00,2026-08-28T07:10:00Z,2.36,gauge_zero
2026-08-28 04:18:28,2026-08-28T07:18:28.598Z,2.3499999046325684,gauge_zero
2026-08-28 04:20:00,2026-08-28T07:20:00Z,2.36,gauge_zero
2026-08-28 04:28:28,2026-08-28T07:28:28.623Z,2.3499999046325684,gauge_zero
2026-08-28 04:30:00,2026-08-28T07:30:00Z,2.36,gauge_zero
2026-08-28 04:38:28,2026-08-28T07:38:28.587Z,2.3499999046325684,gauge_zero
2026-08-28 04:40:00,2026-08-28T07:40:00Z,2.36,gauge_zero
2026-08-28 04:48:28,2026-08-28T07:48:28.599Z,2.3499999046325684,gauge_zero
2026-08-28 04:50:00,2026-08-28T07:50:00Z,2.36,gauge_zero
2026-08-28 04:58:28,2026-08-28T07:58:28.605Z,2.3499999046325684,gauge_zero
2026-08-28 05:00:00,2026-08-28T08:00:00Z,2.36,gauge_zero
2026-08-28 05:08:28,2026-08-28T08:08:28.6Z,2.3499999046325684,gauge_zero
2026-08-28 05:10:00,2026-08-28T08:10:00Z,2.36,gauge_zero
2026-08-28 05:18:28,2026-08-28T08:18:28.595Z,2.3499999046325684,gauge_zero
2026-08-28 05:20:00,2026-08-28T08:20:00Z,2.36,gauge_zero
2026-08-28 05:28:28,2026-08-28T08:28:28.622Z,2.3499999046325684,gauge_zero
2026-08-28 05:30:00,2026-08-28T08:30:00Z,2.36,gauge_zero
2026-08-28 05:38:28,2026-08-28T08:38:28.607Z,2.3499999046325684,gauge_zero
2026-08-28 05:40:00,2026-08-28T08:40:00Z,2.36,gauge_zero
2026-08-28 05:48:28,2026-08-28T08:48:28.615Z,2.3499999046325684,gauge_zero
2026-08-28 05:50:00,2026-08-28T08:50:00Z,2.36,gauge_zero
2026-08-28 05:58:28,2026-08-28T08:58:28.602Z,2.3499999046325684,gauge_zero
2026-08-28 06:00:00,2026-08-28T09:00:00Z,2.36,gauge_zero
2026-08-28 06:08:28,2026-08-28T09:08:28.617Z,2.3499999046325684,gauge_zero
2026-08-28 06:10:00,2026-08-28T09:10:00Z,2.36,gauge_zero
2026-08-28 06:18:28,2026-08-28T09:18:28.59Z,2.3499999046325684,gauge_zero
2026-08-28 06:20:00,2026-08-28T09:20:00Z,2.36,gauge_zero
2026-08-28 06:28:28,2026-08-28T09:28:28.602Z,2.3499999046325684,gauge_zero
2026-08-28 06:30:00,2026-08-28T09:30:00Z,2.36,gauge_zero
2026-08-28 06:38:28,2026-08-28T09:38:28.594Z,2.3499999046325684,gauge_zero
2026-08-28 06:40:00,2026-08-28T09:40:00Z,2.36,gauge_zero
2026-08-28 06:48:28,2026-08-28T09:48:28.622Z,2.3499999046325684,gauge_zero
2026-08-28 06:50:00,2026-08-28T09:50:00Z,2.36,gauge_zero
2026-08-28 06:58:28,2026-08-28T09:58:28.601Z,2.3499999046325684,gauge_zero
2026-08-28 07:00:00,2026-08-28T10:00:00Z,2.36,gauge_zero
2026-08-28 07:08:28,2026-08-28T10:08:28.622Z,2.3499999046325684,gauge_zero
2026-08-28 07:10:00,2026-08-28T10:10:00Z,2.36,gauge_zero
2026-08-28 07:18:43,2026-08-28T10:18:43.597Z,2.3499999046325684,gauge_zero
2026-08-28 07:20:00,2026-08-28T10:20:00Z,2.36,gauge_zero
2026-08-28 07:28:28,2026-08-28T10:28:28.68Z,2.3499999046325684,gauge_zero
2026-08-28 07:30:00,2026-08-28T10:30:00Z,2.36,gauge_zero
2026-08-28 07:38:28,2026-08-28T10:38:28.607Z,2.3499999046325684,gauge_zero
2026-08-28 07:40:00,2026-08-28T10:40:00Z,2.36,gauge_zero
2026-08-28 07:48:43,2026-08-28T10:48:43.611Z,2.3499999046325684,gauge_zero
2026-08-28 07:50:00,2026-08-28T10:50:00Z,2.36,gauge_zero
2026-08-28 07:58:28,2026-08-28T10:58:28.585Z,2.3499999046325684,gauge_zero
2026-08-28 08:00:00,2026-08-28T11:00:00Z,2.36,gauge_zero
2026-08-28 08:08:28,2026-08-28T11:08:28.61Z,2.3499999046325684,gauge_zero
2026-08-28 08:10:00,2026-08-28T11:10:00Z,2.36,gauge_zero
2026-08-28 08:18:28,2026-08-28T11:18:28.597Z,2.3499999046325684,gauge_zero
2026-08-28 08:20:00,2026-08-28T11:20:00Z,2.36,gauge_zero
2026-08-28 08:28:28,2026-08-28T11:28:28.626Z,2.3499999046325684,gauge_zero
2026-08-28 08:30:00,2026-08-28T11:30:00Z,2.36,gauge_zero
2026-08-28 08:38:28,2026-08-28T11:38:28.601Z,2.3499999046325684,gauge_zero
2026-08-28 08:40:00,2026-08-28T11:40:00Z,2.36,gauge_zero
2026-08-28 08:48:28,2026-08-28T11:48:28.612Z,2.3499999046325684,gauge_zero
2026-08-28 08:50:00,2026-08-28T11:50:00Z,2.36,gauge_zero
2026-08-28 08:58:28,2026-08-28T11:58:28.623Z,2.3499999046325684,gauge_zero
2026-08-28 09:00:00,2026-08-28T12:00:00Z,2.36,gauge_zero
2026-08-28 09:08:28,2026-08-28T12:08:28.631Z,2.3499999046325684,gauge_zero
2026-08-28 09:10:00,2026-08-28T12:10:00Z,2.36,gauge_zero
2026-08-28 09:18:28,2026-08-28T12:18:28.609Z,2.3499999046325684,gauge_zero
2026-08-28 09:20:00,2026-08-28T12:20:00Z,2.36,gauge_zero
2026-08-28 09:28:28,2026-08-28T12:28:28.626Z,2.3499999046325684,gauge_zero
2026-08-28 09:30:00,2026-08-28T12:30:00Z,2.36,gauge_zero
2026-08-28 09:38:28,2026-08-28T12:38:28.633Z,2.3499999046325684,gauge_zero
2026-08-28 09:40:00,2026-08-28T12:40:00Z,2.35,gauge_zero
2026-08-28 09:48:28,2026-08-28T12:48:28.617Z,2.3499999046325684,gauge_zero
2026-08-28 09:50:00,2026-08-28T12:50:00Z,2.35,gauge_zero
2026-08-28 09:58:28,2026-08-28T12:58:28.611Z,2.3499999046325684,gauge_zero
2026-08-28 10:00:00,2026-08-28T13:00:00Z,2.35,gauge_zero
2026-08-28 10:08:28,2026-08-28T13:08:28.679Z,2.3499999046325684,gauge_zero
2026-08-28 10:10:00,2026-08-28T13:10:00Z,2.35,gauge_zero
2026-08-28 10:18:28,2026-08-28T13:18:28.619Z,2.3499999046325684,gauge_zero
2026-08-28 10:20:00,2026-08-28T13:20:00Z,2.35,gauge_zero
2026-08-28 10:28:28,2026-08-28T13:28:28.616Z,2.3499999046325684,gauge_zero
2026-08-28 10:30:00,2026-08-28T13:30:00Z,2.35,gauge_zero
2026-08-28 10:38:28,2026-08-28T13:38:28.634Z,2.3499999046325684,gauge_zero
2026-08-28 10:40:00,2026-08-28T13:40:00Z,2.35,gauge_zero
2026-08-28 10:48:28,2026-08-28T13:48:28.637Z,2.3499999046325684,gauge_zero
2026-08-28 10:50:00,2026-08-28T13:50:00Z,2.35,gauge_zero
2026-08-28 10:58:28,2026-08-28T13:58:28.624Z,2.3499999046325684,gauge_zero
2026-08-28 11:00:00,2026-08-28T14:00:00Z,2.35,gauge_zero
2026-08-28 11:08:28,2026-08-28T14:08:28.618Z,2.3499999046325684,gauge_zero
2026-08-28 11:10:00,2026-08-28T14:10:00Z,2.35,gauge_zero
2026-08-28 11:18:28,2026-08-28T14:18:28.625Z,2.3499999046325684,gauge_zero
2026-08-28 11:20:00,2026-08-28T14:20:00Z,2.35,gauge_zero
2026-08-28 11:28:28,2026-08-28T14:28:28.934Z,2.3499999046325684,gauge_zero
2026-08-28 11:30:00,2026-08-28T14:30:00Z,2.35,gauge_zero
2026-08-28 11:38:28,2026-08-28T14:38:28.627Z,2.3499999046325684,gauge_zero
2026-08-28 11:40:00,2026-08-28T14:40:00Z,2.35,gauge_zero
2026-08-28 11:48:28,2026-08-28T14:48:28.621Z,2.3499999046325684,gauge_zero
2026-08-28 11:50:00,2026-08-28T14:50:00Z,2.35,gauge_zero
2026-08-28 11:58:28,2026-08-28T14:58:28.675Z,2.3499999046325684,gauge_zero
2026-08-28 12:00:00,2026-08-28T15:00:00Z,2.35,gauge_zero
2026-08-28 12:08:28,2026-08-28T15:08:28.615Z,2.3499999046325684,gauge_zero
2026-08-28 12:10:00,2026-08-28T15:10:00Z,2.35,gauge_zero
2026-08-28 12:18:28,2026-08-28T15:18:28.62Z,2.3499999046325684,gauge_zero
2026-08-28 12:20:00,2026-08-28T15:20:00Z,2.35,gauge_zero
2026-08-28 12:28:28,2026-08-28T15:28:28.608Z,2.3499999046325684,gauge_zero
2026-08-28 12:30:00,2026-08-28T15:30:00Z,2.35,gauge_zero
2026-08-28 12:38:28,2026-08-28T15:38:28.621Z,2.3499999046325684,gauge_zero
2026-08-28 12:40:00,2026-08-28T15:40:00Z,2.35,gauge_zero
2026-08-28 12:48:28,2026-08-28T15:48:28.683Z,2.3499999046325684,gauge_zero
2026-08-28 12:50:00,2026-08-28T15:50:00Z,2.35,gauge_zero
2026-08-28 12:58:28,2026-08-28T15:58:28.704Z,2.3499999046325684,gauge_zero
2026-08-28 13:00:00,2026-08-28T16:00:00Z,2.35,gauge_zero
2026-08-28 13:08:28,2026-08-28T16:08:28.624Z,2.3499999046325684,gauge_zero
2026-08-28 13:10:00,2026-08-28T16:10:00Z,2.35,gauge_zero
2026-08-28 13:18:28,2026-08-28T16:18:28.617Z,2.3499999046325684,gauge_zero
2026-08-28 13:20:00,2026-08-28T16:20:00Z,2.35,gauge_zero
2026-08-28 13:28:28,2026-08-28T16:28:28.624Z,2.3499999046325684,gauge_zero
2026-08-28 13:30:00,2026-08-28T16:30:00Z,2.35,gauge_zero
2026-08-28 13:38:28,2026-08-28T16:38:28.651Z,2.3499999046325684,gauge_zero
2026-08-28 13:40:00,2026-08-28T16:40:00Z,2.35,gauge_zero
2026-08-28 13:48:28,2026-08-28T16:48:28.624Z,2.3499999046325684,gauge_zero
2026-08-28 13:50:00,2026-08-28T16:50:00Z,2.35,gauge_zero
2026-08-28 13:58:28,2026-08-28T16:58:28.625Z,2.3499999046325684,gauge_zero
2026-08-28 14:00:00,2026-08-28T17:00:00Z,2.35,gauge_zero
2026-08-28 14:08:28,2026-08-28T17:08:28.598Z,2.3499999046325684,gauge_zero
2026-08-28 14:10:00,2026-08-28T17:10:00Z,2.35,gauge_zero
2026-08-28 14:18:28,2026-08-28T17:18:28.605Z,2.3499999046325684,gauge_zero
2026-08-28 14:20:00,2026-08-28T17:20:00Z,2.34,gauge_zero
2026-08-28 14:28:28,2026-08-28T17:28:28.612Z,2.3499999046325684,gauge_zero
2026-08-28 14:30:00,2026-08-28T17:30:00Z,2.34,gauge_zero
2026-08-28 14:38:28,2026-08-28T17:38:28.646Z,2.3499999046325684,gauge_zero
2026-08-28 14:40:00,2026-08-28T17:40:00Z,2.35,gauge_zero
2026-08-28 14:48:28,2026-08-28T17:48:28.651Z,2.3499999046325684,gauge_zero
2026-08-28 14:50:00,2026-08-28T17:50:00Z,2.35,gauge_zero
2026-08-28 14:58:28,2026-08-28T17:58:28.636Z,2.3499999046325684,gauge_zero
2026-08-28 15:00:00,2026-08-28T18:00:00Z,2.35,gauge_zero
2026-08-28 15:08:28,2026-08-28T18:08:28.637Z,2.3499999046325684,gauge_zero
2026-08-28 15:10:00,2026-08-28T18:10:00Z,2.35,gauge_zero
2026-08-28 15:18:28,2026-08-28T18:18:28.649Z,2.3499999046325684,gauge_zero
2026-08-28 15:20:00,2026-08-28T18:20:00Z,2.35,gauge_zero
2026-08-28 15:28:28,2026-08-28T18:28:28.62Z,2.3499999046325684,gauge_zero
2026-08-28 15:30:00,2026-08-28T18:30:00Z,2.35,gauge_zero
2026-08-28 15:38:28,2026-08-28T18:38:28.632Z,2.3499999046325684,gauge_zero
2026-08-28 15:40:00,2026-08-28T18:40:00Z,2.34,gauge_zero
2026-08-28 15:48:28,2026-08-28T18:48:28.629Z,2.3499999046325684,gauge_zero
2026-08-28 15:50:00,2026-08-28T18:50:00Z,2.34,gauge_zero
2026-08-28 15:58:28,2026-08-28T18:58:28.631Z,2.3499999046325684,gauge_zero
2026-08-28 16:00:00,2026-08-28T19:00:00Z,2.35,gauge_zero
2026-08-28 16:08:28,2026-08-28T19:08:28.63Z,2.3499999046325684,gauge_zero
2026-08-28 16:10:00,2026-08-28T19:10:00Z,2.34,gauge_zero
2026-08-28 16:18:28,2026-08-28T19:18:28.627Z,2.3499999046325684,gauge_zero
2026-08-28 16:20:00,2026-08-28T19:20:00Z,2.35,gauge_zero
2026-08-28 16:28:28,2026-08-28T19:28:28.629Z,2.3499999046325684,gauge_zero
2026-08-28 16:30:00,2026-08-28T19:30:00Z,2.35,gauge_zero
2026-08-28 16:38:28,2026-08-28T19:38:28.647Z,2.3499999046325684,gauge_zero
2026-08-28 16:40:00,2026-08-28T19:40:00Z,2.35,gauge_zero
2026-08-28 16:48:28,2026-08-28T19:48:28.659Z,2.3499999046325684,gauge_zero
2026-08-28 16:50:00,2026-08-28T19:50:00Z,2.35,gauge_zero
2026-08-28 16:58:28,2026-08-28T19:58:28.634Z,2.3499999046325684,gauge_zero
2026-08-28 17:00:00,2026-08-28T20:00:00Z,2.35,gauge_zero
2026-08-28 17:08:28,2026-08-28T20:08:28.619Z,2.3499999046325684,gauge_zero
2026-08-28 17:10:00,2026-08-28T20:10:00Z,2.35,gauge_zero
2026-08-28 17:18:28,2026-08-28T20:18:28.671Z,2.3499999046325684,gauge_zero
2026-08-28 17:20:00,2026-08-28T20:20:00Z,2.35,gauge_zero
2026-08-28 17:28:28,2026-08-28T20:28:28.63Z,2.3499999046325684,gauge_zero
2026-08-28 17:30:00,2026-08-28T20:30:00Z,2.35,gauge_zero
2026-08-28 17:38:28,2026-08-28T20:38:28.619Z,2.3499999046325684,gauge_zero
2026-08-28 17:40:00,2026-08-28T20:40:00Z,2.35,gauge_zero
2026-08-28 17:48:28,2026-08-28T20:48:28.653Z,2.3499999046325684,gauge_zero
2026-08-28 17:50:00,2026-08-28T20:50:00Z,2.35,gauge_zero
2026-08-28 17:58:28,2026-08-28T20:58:28.633Z,2.3499999046325684,gauge_zero
2026-08-28 18:00:00,2026-08-28T21:00:00Z,2.35,gauge_zero
2026-08-28 18:08:28,2026-08-28T21:08:28.647Z,2.3499999046325684,gauge_zero
2026-08-28 18:10:00,2026-08-28T21:10:00Z,2.35,gauge_zero
2026-08-28 18:18:43,2026-08-28T21:18:43.631Z,2.3499999046325684,gauge_zero
2026-08-28 18:20:00,2026-08-28T21:20:00Z,2.35,gauge_zero
2026-08-28 18:28:28,2026-08-28T21:28:28.646Z,2.3499999046325684,gauge_zero
2026-08-28 18:30:00,2026-08-28T21:30:00Z,2.35,gauge_zero
2026-08-28 18:38:43,2026-08-28T21:38:43.625Z,2.3499999046325684,gauge_zero
2026-08-28 18:40:00,2026-08-28T21:40:00Z,2.35,gauge_zero
2026-08-28 18:48:28,2026-08-28T21:48:28.628Z,2.3499999046325684,gauge_zero
2026-08-28 18:50:00,2026-08-28T21:50:00Z,2.35,gauge_zero
2026-08-28 18:58:28,2026-08-28T21:58:28.654Z,2.3499999046325684,gauge_zero
2026-08-28 19:00:00,2026-08-28T22:00:00Z,2.35,gauge_zero
2026-08-28 19:08:28,2026-08-28T22:08:28.651Z,2.3499999046325684,gauge_zero
2026-08-28 19:10:00,2026-08-28T22:10:00Z,2.35,gauge_zero
2026-08-28 19:18:28,2026-08-28T22:18:28.632Z,2.3499999046325684,gauge_zero
2026-08-28 19:20:00,2026-08-28T22:20:00Z,2.34,gauge_zero
2026-08-28 19:28:28,2026-08-28T22:28:28.761Z,2.3499999046325684,gauge_zero
2026-08-28 19:30:00,2026-08-28T22:30:00Z,2.34,gauge_zero
2026-08-28 19:38:43,2026-08-28T22:38:43.647Z,2.3499999046325684,gauge_zero
2026-08-28 19:40:00,2026-08-28T22:40:00Z,2.34,gauge_zero
2026-08-28 19:48:43,2026-08-28T22:48:43.652Z,2.3499999046325684,gauge_zero
2026-08-28 19:50:00,2026-08-28T22:50:00Z,2.34,gauge_zero
2026-08-28 19:58:28,2026-08-28T22:58:28.624Z,2.3499999046325684,gauge_zero
2026-08-28 20:00:00,2026-08-28T23:00:00Z,2.34,gauge_zero
2026-08-28 20:08:43,2026-08-28T23:08:43.649Z,2.3499999046325684,gauge_zero
2026-08-28 20:10:00,2026-08-28T23:10:00Z,2.34,gauge_zero
2026-08-28 20:19:28,2026-08-28T23:19:28.661Z,2.3499999046325684,gauge_zero
2026-08-28 20:20:00,2026-08-28T23:20:00Z,2.34,gauge_zero
2026-08-28 20:29:28,2026-08-28T23:29:28.667Z,2.3499999046325684,gauge_zero
2026-08-28 20:30:00,2026-08-28T23:30:00Z,2.34,gauge_zero
2026-08-28 20:38:28,2026-08-28T23:38:28.636Z,2.3499999046325684,gauge_zero
2026-08-28 20:40:00,2026-08-28T23:40:00Z,2.34,gauge_zero
2026-08-28 20:48:28,2026-08-28T23:48:28.663Z,2.3499999046325684,gauge_zero
2026-08-28 20:50:00,2026-08-28T23:50:00Z,2.34,gauge_zero
2026-08-28 20:58:28,2026-08-28T23:58:28.659Z,2.3499999046325684,gauge_zero
2026-08-28 21:00:00,2026-08-29T00:00:00Z,2.35,gauge_zero
2026-08-28 21:08:28,2026-08-29T00:08:28.667Z,2.3499999046325684,gauge_zero
2026-08-28 21:10:00,2026-08-29T00:10:00Z,2.35,gauge_zero
2026-08-28 21:18:58,2026-08-29T00:18:58.655Z,2.3499999046325684,gauge_zero
2026-08-28 21:20:00,2026-08-29T00:20:00Z,2.35,gauge_zero
2026-08-28 21:28:28,2026-08-29T00:28:28.695Z,2.3499999046325684,gauge_zero
2026-08-28 21:30:00,2026-08-29T00:30:00Z,2.35,gauge_zero
2026-08-28 21:38:28,2026-08-29T00:38:28.652Z,2.3499999046325684,gauge_zero
2026-08-28 21:40:00,2026-08-29T00:40:00Z,2.35,gauge_zero
2026-08-28 21:48:28,2026-08-29T00:48:28.66Z,2.3499999046325684,gauge_zero
2026-08-28 21:50:00,2026-08-29T00:50:00Z,2.35,gauge_zero
2026-08-28 21:58:28,2026-08-29T00:58:28.768Z,2.3499999046325684,gauge_zero
2026-08-28 22:00:00,2026-08-29T01:00:00Z,2.35,gauge_zero
2026-08-28 22:08:28,2026-08-29T01:08:28.645Z,2.3499999046325684,gauge_zero
2026-08-28 22:10:00,2026-08-29T01:10:00Z,2.35,gauge_zero
2026-08-28 22:18:28,2026-08-29T01:18:28.672Z,2.3499999046325684,gauge_zero
2026-08-28 22:20:00,2026-08-29T01:20:00Z,2.35,gauge_zero
2026-08-28 22:28:28,2026-08-29T01:28:28.656Z,2.3499999046325684,gauge_zero
2026-08-28 22:30:00,2026-08-29T01:30:00Z,2.35,gauge_zero
2026-08-28 22:38:28,2026-08-29T01:38:28.65Z,2.3499999046325684,gauge_zero
2026-08-28 22:40:00,2026-08-29T01:40:00Z,2.35,gauge_zero
2026-08-28 22:48:28,2026-08-29T01:48:28.673Z,2.3499999046325684,gauge_zero
2026-08-28 22:50:00,2026-08-29T01:50:00Z,2.34,gauge_zero
2026-08-28 22:58:28,2026-08-29T01:58:28.7Z,2.3499999046325684,gauge_zero
2026-08-28 23:00:00,2026-08-29T02:00:00Z,2.34,gauge_zero
2026-08-28 23:08:28,2026-08-29T02:08:28.696Z,2.3499999046325684,gauge_zero
2026-08-28 23:10:00,2026-08-29T02:10:00Z,2.34,gauge_zero
2026-08-28 23:18:28,2026-08-29T02:18:28.696Z,2.3499999046325684,gauge_zero
2026-08-28 23:20:00,2026-08-29T02:20:00Z,2.34,gauge_zero
2026-08-28 23:28:28,2026-08-29T02:28:28.655Z,2.3399999141693115,gauge_zero
2026-08-28 23:30:00,2026-08-29T02:30:00Z,2.34,gauge_zero
2026-08-28 23:38:28,2026-08-29T02:38:28.645Z,2.3399999141693115,gauge_zero
2026-08-28 23:40:00,2026-08-29T02:40:00Z,2.34,gauge_zero
2026-08-28 23:48:28,2026-08-29T02:48:28.643Z,2.3399999141693115,gauge_zero
2026-08-28 23:50:00,2026-08-29T02:50:00Z,2.34,gauge_zero
2026-08-28 23:58:28,2026-08-29T02:58:28.642Z,2.3399999141693115,gauge_zero
2026-08-29 00:00:00,2026-08-29T03:00:00Z,2.35,gauge_zero
2026-08-29 00:08:28,2026-08-29T03:08:28.626Z,2.3399999141693115,gauge_zero
2026-08-29 00:10:00,2026-08-29T03:10:00Z,2.35,gauge_zero
2026-08-29 00:18:28,2026-08-29T03:18:28.635Z,2.3399999141693115,gauge_zero
2026-08-29 00:20:00,2026-08-29T03:20:00Z,2.35,gauge_zero
2026-08-29 00:28:28,2026-08-29T03:28:28.671Z,2.3399999141693115,gauge_zero
2026-08-29 00:30:00,2026-08-29T03:30:00Z,2.35,gauge_zero
2026-08-29 00:38:43,2026-08-29T03:38:43.673Z,2.3399999141693115,gauge_zero
2026-08-29 00:40:00,2026-08-29T03:40:00Z,2.35,gauge_zero
2026-08-29 00:48:28,2026-08-29T03:48:28.668Z,2.3399999141693115,gauge_zero
2026-08-29 00:50:00,2026-08-29T03:50:00Z,2.35,gauge_zero
2026-08-29 00:58:43,2026-08-29T03:58:43.643Z,2.3399999141693115,gauge_zero
2026-08-29 01:00:00,2026-08-29T04:00:00Z,2.35,gauge_zero
2026-08-29 01:08:28,2026-08-29T04:08:28.669Z,2.3399999141693115,gauge_zero
2026-08-29 01:10:00,2026-08-29T04:10:00Z,2.35,gauge_zero
2026-08-29 01:18:28,2026-08-29T04:18:28.656Z,2.3399999141693115,gauge_zero
2026-08-29 01:20:00,2026-08-29T04:20:00Z,2.35,gauge_zero
2026-08-29 01:28:28,2026-08-29T04:28:28.661Z,2.3399999141693115,gauge_zero
2026-08-29 01:30:00,2026-08-29T04:30:00Z,2.35,gauge_zero
2026-08-29 01:38:28,2026-08-29T04:38:28.657Z,2.3399999141693115,gauge_zero
2026-08-29 01:40:00,2026-08-29T04:40:00Z,2.35,gauge_zero
2026-08-29 01:48:28,2026-08-29T04:48:28.683Z,2.3399999141693115,gauge_zero
2026-08-29 01:50:00,2026-08-29T04:50:00Z,2.35,gauge_zero
2026-08-29 01:58:28,2026-08-29T04:58:28.647Z,2.3399999141693115,gauge_zero
2026-08-29 02:00:00,2026-08-29T05:00:00Z,2.35,gauge_zero
2026-08-29 02:08:28,2026-08-29T05:08:28.663Z,2.3399999141693115,gauge_zero
2026-08-29 02:10:00,2026-08-29T05:10:00Z,2.35,gauge_zero
2026-08-29 02:18:28,2026-08-29T05:18:28.678Z,2.3399999141693115,gauge_zero
2026-08-29 02:20:00,2026-08-29T05:20:00Z,2.35,gauge_zero
2026-08-29 02:28:28,2026-08-29T05:28:28.656Z,2.3399999141693115,gauge_zero
2026-08-29 02:30:00,2026-08-29T05:30:00Z,2.35,gauge_zero
2026-08-29 02:38:28,2026-08-29T05:38:28.672Z,2.3399999141693115,gauge_zero
2026-08-29 02:40:00,2026-08-29T05:40:00Z,2.35,gauge_zero
2026-08-29 02:48:28,2026-08-29T05:48:28.683Z,2.3399999141693115,gauge_zero
2026-08-29 02:50:00,2026-08-29T05:50:00Z,2.35,gauge_zero
2026-08-29 02:58:28,2026-08-29T05:58:28.669Z,2.3399999141693115,gauge_zero
2026-08-29 03:00:00,2026-08-29T06:00:00Z,2.35,gauge_zero
2026-08-29 03:08:28,2026-08-29T06:08:28.668Z,2.3399999141693115,gauge_zero
2026-08-29 03:10:00,2026-08-29T06:10:00Z,2.35,gauge_zero
2026-08-29 03:18:28,2026-08-29T06:18:28.656Z,2.3399999141693115,gauge_zero
2026-08-29 03:20:00,2026-08-29T06:20:00Z,2.35,gauge_zero
2026-08-29 03:28:28,2026-08-29T06:28:28.656Z,2.3399999141693115,gauge_zero
2026-08-29 03:30:00,2026-08-29T06:30:00Z,2.35,gauge_zero
2026-08-29 03:38:28,2026-08-29T06:38:28.679Z,2.3399999141693115,gauge_zero
2026-08-29 03:40:00,2026-08-29T06:40:00Z,2.35,gauge_zero
2026-08-29 03:48:28,2026-08-29T06:48:28.658Z,2.3399999141693115,gauge_zero
2026-08-29 03:50:00,2026-08-29T06:50:00Z,2.35,gauge_zero
2026-08-29 03:58:28,2026-08-29T06:58:28.667Z,2.3399999141693115,gauge_zero
2026-08-29 04:00:00,2026-08-29T07:00:00Z,2.35,gauge_zero
2026-08-29 04:08:28,2026-08-29T07:08:28.687Z,2.3399999141693115,gauge_zero
2026-08-29 04:10:00,2026-08-29T07:10:00Z,2.35,gauge_zero
2026-08-29 04:18:28,2026-08-29T07:18:28.686Z,2.3399999141693115,gauge_zero
2026-08-29 04:20:00,2026-08-29T07:20:00Z,2.35,gauge_zero
2026-08-29 04:28:28,2026-08-29T07:28:28.679Z,2.3399999141693115,gauge_zero
2026-08-29 04:30:00,2026-08-29T07:30:00Z,2.35,gauge_zero
2026-08-29 04:38:28,2026-08-29T07:38:28.682Z,2.3399999141693115,gauge_zero
2026-08-29 04:40:00,2026-08-29T07:40:00Z,2.35,gauge_zero
2026-08-29 04:48:28,2026-08-29T07:48:28.686Z,2.3399999141693115,gauge_zero
2026-08-29 04:50:00,2026-08-29T07:50:00Z,2.35,gauge_zero
2026-08-29 04:58:28,2026-08-29T07:58:28.653Z,2.3399999141693115,gauge_zero
2026-08-29 05:00:00,2026-08-29T08:00:00Z,2.35,gauge_zero
2026-08-29 05:08:28,2026-08-29T08:08:28.639Z,2.3399999141693115,gauge_zero
2026-08-29 05:10:00,2026-08-29T08:10:00Z,2.35,gauge_zero
2026-08-29 05:18:28,2026-08-29T08:18:28.645Z,2.3399999141693115,gauge_zero
2026-08-29 05:20:00,2026-08-29T08:20:00Z,2.35,gauge_zero
2026-08-29 05:28:28,2026-08-29T08:28:28.678Z,2.3399999141693115,gauge_zero
2026-08-29 05:30:00,2026-08-29T08:30:00Z,2.35,gauge_zero
2026-08-29 05:38:28,2026-08-29T08:38:28.679Z,2.3399999141693115,gauge_zero
2026-08-29 05:40:00,2026-08-29T08:40:00Z,2.35,gauge_zero
2026-08-29 05:48:28,2026-08-29T08:48:28.661Z,2.3399999141693115,gauge_zero
2026-08-29 05:50:00,2026-08-29T08:50:00Z,2.35,gauge_zero
2026-08-29 05:58:28,2026-08-29T08:58:28.667Z,2.3399999141693115,gauge_zero
2026-08-29 06:00:00,2026-08-29T09:00:00Z,2.35,gauge_zero
2026-08-29 06:08:28,2026-08-29T09:08:28.662Z,2.3399999141693115,gauge_zero
2026-08-29 06:10:00,2026-08-29T09:10:00Z,2.35,gauge_zero
2026-08-29 06:18:28,2026-08-29T09:18:28.657Z,2.3399999141693115,gauge_zero
2026-08-29 06:20:00,2026-08-29T09:20:00Z,2.35,gauge_zero
2026-08-29 06:28:28,2026-08-29T09:28:28.673Z,2.3399999141693115,gauge_zero
2026-08-29 06:30:00,2026-08-29T09:30:00Z,2.35,gauge_zero
2026-08-29 06:38:28,2026-08-29T09:38:28.66Z,2.3399999141693115,gauge_zero
2026-08-29 06:40:00,2026-08-29T09:40:00Z,2.35,gauge_zero
2026-08-29 06:48:28,2026-08-29T09:48:28.661Z,2.3399999141693115,gauge_zero
2026-08-29 06:50:00,2026-08-29T09:50:00Z,2.35,gauge_zero
2026-08-29 06:58:23,2026-08-29T09:58:23.949Z,2.3499999046325684,gauge_zero
2026-08-29 07:00:00,2026-08-29T10:00:00Z,2.35,gauge_zero
2026-08-29 07:08:22,2026-08-29T10:08:22.346Z,2.3399999141693115,gauge_zero
2026-08-29 07:10:00,2026-08-29T10:10:00Z,2.33,gauge_zero
2026-08-29 07:18:22,2026-08-29T10:18:22.335Z,2.380000114440918,gauge_zero
2026-08-29 07:20:00,2026-08-29T10:20:00Z,2.36,gauge_zero
2026-08-29 07:28:22,2026-08-29T10:28:22.323Z,2.380000114440918,gauge_zero
2026-08-29 07:30:00,2026-08-29T10:30:00Z,2.39,gauge_zero
2026-08-29 07:38:22,2026-08-29T10:38:22.315Z,2.4000000953674316,gauge_zero
2026-08-29 07:40:00,2026-08-29T10:40:00Z,2.4,gauge_zero
2026-08-29 07:48:37,2026-08-29T10:48:37.325Z,2.4000000953674316,gauge_zero
2026-08-29 07:50:00,2026-08-29T10:50:00Z,2.41,gauge_zero
2026-08-29 07:58:22,2026-08-29T10:58:22.318Z,2.4200000762939453,gauge_zero
2026-08-29 08:00:00,2026-08-29T11:00:00Z,2.42,gauge_zero
2026-08-29 08:08:22,2026-08-29T11:08:22.32Z,2.4200000762939453,gauge_zero
2026-08-29 08:10:00,2026-08-29T11:10:00Z,2.42,gauge_zero
2026-08-29 08:18:22,2026-08-29T11:18:22.451Z,2.4200000762939453,gauge_zero
2026-08-29 08:20:00,2026-08-29T11:20:00Z,2.43,gauge_zero
2026-08-29 08:28:37,2026-08-29T11:28:37.337Z,2.4200000762939453,gauge_zero
2026-08-29 08:30:00,2026-08-29T11:30:00Z,2.43,gauge_zero
2026-08-29 08:37:57,2026-08-29T11:37:57.992Z,2.450000047683716,gauge_zero
2026-08-29 08:40:00,2026-08-29T11:40:00Z,2.43,gauge_zero
2026-08-29 08:48:29,2026-08-29T11:48:29.515Z,2.5999999046325684,gauge_zero
2026-08-29 08:50:00,2026-08-29T11:50:00Z,2.5,gauge_zero
2026-08-29 08:58:29,2026-08-29T11:58:29.56Z,2.75,gauge_zero
2026-08-29 09:00:00,2026-08-29T12:00:00Z,2.68,gauge_zero
2026-08-29 09:08:29,2026-08-29T12:08:29.526Z,2.7899999618530273,gauge_zero
2026-08-29 09:10:00,2026-08-29T12:10:00Z,2.77,gauge_zero
2026-08-29 09:18:44,2026-08-29T12:18:44.525Z,2.880000114440918,gauge_zero
2026-08-29 09:20:00,2026-08-29T12:20:00Z,2.83,gauge_zero
2026-08-29 09:28:44,2026-08-29T12:28:44.529Z,3.069999933242798,gauge_zero
2026-08-29 09:30:00,2026-08-29T12:30:00Z,2.92,gauge_zero
2026-08-29 09:38:29,2026-08-29T12:38:29.54Z,3.3299999237060547,gauge_zero
2026-08-29 09:40:00,2026-08-29T12:40:00Z,3.24,gauge_zero
2026-08-29 09:48:29,2026-08-29T12:48:29.55Z,3.380000114440918,gauge_zero
2026-08-29 09:50:00,2026-08-29T12:50:00Z,3.37,gauge_zero
2026-08-29 09:58:29,2026-08-29T12:58:29.546Z,3.4100000858306885,gauge_zero
2026-08-29 10:00:00,2026-08-29T13:00:00Z,3.4,gauge_zero
2026-08-29 10:08:29,2026-08-29T13:08:29.529Z,3.450000047683716,gauge_zero
2026-08-29 10:10:00,2026-08-29T13:10:00Z,3.41,gauge_zero
2026-08-29 10:18:29,2026-08-29T13:18:29.533Z,3.490000009536743,gauge_zero
2026-08-29 10:20:00,2026-08-29T13:20:00Z,3.45,gauge_zero
2026-08-29 10:28:29,2026-08-29T13:28:29.536Z,3.5199999809265137,gauge_zero
2026-08-29 10:30:00,2026-08-29T13:30:00Z,3.5,gauge_zero
2026-08-29 10:38:29,2026-08-29T13:38:29.532Z,3.509999990463257,gauge_zero
2026-08-29 10:40:00,2026-08-29T13:40:00Z,3.51,gauge_zero
2026-08-29 10:48:29,2026-08-29T13:48:29.583Z,3.4800000190734863,gauge_zero
2026-08-29 10:50:00,2026-08-29T13:50:00Z,3.48,gauge_zero
2026-08-29 10:58:29,2026-08-29T13:58:29.535Z,3.5,gauge_zero
2026-08-29 11:00:00,2026-08-29T14:00:00Z,3.48,gauge_zero
2026-08-29 11:08:29,2026-08-29T14:08:29.555Z,3.549999952316284,gauge_zero
2026-08-29 11:10:00,2026-08-29T14:10:00Z,3.49,gauge_zero
2026-08-29 11:18:29,2026-08-29T14:18:29.557Z,3.549999952316284,gauge_zero
2026-08-29 11:20:00,2026-08-29T14:20:00Z,3.5,gauge_zero
2026-08-29 11:28:29,2026-08-29T14:28:29.536Z,3.5299999713897705,gauge_zero
2026-08-29 11:30:00,2026-08-29T14:30:00Z,3.53,gauge_zero
2026-08-29 11:38:29,2026-08-29T14:38:29.534Z,3.5299999713897705,gauge_zero
2026-08-29 11:40:00,2026-08-29T14:40:00Z,3.55,gauge_zero
2026-08-29 11:48:29,2026-08-29T14:48:29.541Z,3.509999990463257,gauge_zero
2026-08-29 11:50:00,2026-08-29T14:50:00Z,3.52,gauge_zero
2026-08-29 11:58:29,2026-08-29T14:58:29.558Z,3.4800000190734863,gauge_zero
2026-08-29 12:00:00,2026-08-29T15:00:00Z,3.47,gauge_zero
2026-08-29 12:08:29,2026-08-29T15:08:29.546Z,3.430000066757202,gauge_zero
2026-08-29 12:10:00,2026-08-29T15:10:00Z,3.45,gauge_zero
2026-08-29 12:18:29,2026-08-29T15:18:29.538Z,3.4000000953674316,gauge_zero
2026-08-29 12:20:00,2026-08-29T15:20:00Z,3.41,gauge_zero
2026-08-29 12:28:29,2026-08-29T15:28:29.567Z,3.4000000953674316,gauge_zero
2026-08-29 12:30:00,2026-08-29T15:30:00Z,3.39,gauge_zero
2026-08-29 12:38:29,2026-08-29T15:38:29.598Z,3.390000104904175,gauge_zero
2026-08-29 12:40:00,2026-08-29T15:40:00Z,3.38,gauge_zero
2026-08-29 12:48:29,2026-08-29T15:48:29.582Z,3.380000114440918,gauge_zero
2026-08-29 12:50:00,2026-08-29T15:50:00Z,3.37,gauge_zero
2026-08-29 12:58:29,2026-08-29T15:58:29.552Z,3.319999933242798,gauge_zero
2026-08-29 13:00:00,2026-08-29T16:00:00Z,3.35,gauge_zero
2026-08-29 13:08:29,2026-08-29T16:08:29.548Z,3.3399999141693115,gauge_zero
2026-08-29 13:10:00,2026-08-29T16:10:00Z,3.34,gauge_zero
2026-08-29 13:18:29,2026-08-29T16:18:29.546Z,3.3399999141693115,gauge_zero
2026-08-29 13:20:00,2026-08-29T16:20:00Z,3.33,gauge_zero
2026-08-29 13:28:29,2026-08-29T16:28:29.555Z,3.319999933242798,gauge_zero
2026-08-29 13:30:00,2026-08-29T16:30:00Z,3.33,gauge_zero
2026-08-29 13:38:29,2026-08-29T16:38:29.552Z,3.2899999618530273,gauge_zero
2026-08-29 13:40:00,2026-08-29T16:40:00Z,3.3,gauge_zero
2026-08-29 13:48:29,2026-08-29T16:48:29.539Z,3.25,gauge_zero
2026-08-29 13:50:00,2026-08-29T16:50:00Z,3.27,gauge_zero
2026-08-29 13:58:29,2026-08-29T16:58:29.556Z,3.2100000381469727,gauge_zero
2026-08-29 14:00:00,2026-08-29T17:00:00Z,3.23,gauge_zero
2026-08-29 14:08:29,2026-08-29T17:08:29.544Z,3.190000057220459,gauge_zero
2026-08-29 14:10:00,2026-08-29T17:10:00Z,3.2,gauge_zero
2026-08-29 14:18:29,2026-08-29T17:18:29.539Z,3.180000066757202,gauge_zero
2026-08-29 14:20:00,2026-08-29T17:20:00Z,3.17,gauge_zero
2026-08-29 14:28:29,2026-08-29T17:28:29.539Z,3.140000104904175,gauge_zero
2026-08-29 14:30:00,2026-08-29T17:30:00Z,3.14,gauge_zero
2026-08-29 14:38:29,2026-08-29T17:38:29.532Z,3.109999895095825,gauge_zero
2026-08-29 14:40:00,2026-08-29T17:40:00Z,3.11,gauge_zero
2026-08-29 14:48:29,2026-08-29T17:48:29.541Z,3.069999933242798,gauge_zero
2026-08-29 14:50:00,2026-08-29T17:50:00Z,3.08,gauge_zero
2026-08-29 14:58:29,2026-08-29T17:58:29.547Z,3.0299999713897705,gauge_zero
2026-08-29 15:00:00,2026-08-29T18:00:00Z,3.04,gauge_zero
2026-08-29 15:08:30,2026-08-29T18:08:30.228Z,3.009999990463257,gauge_zero
2026-08-29 15:10:00,2026-08-29T18:10:00Z,3.01,gauge_zero
2026-08-29 15:18:29,2026-08-29T18:18:29.569Z,2.9700000286102295,gauge_zero
2026-08-29 15:20:00,2026-08-29T18:20:00Z,2.98,gauge_zero
2026-08-29 15:28:29,2026-08-29T18:28:29.558Z,2.950000047683716,gauge_zero
2026-08-29 15:30:00,2026-08-29T18:30:00Z,2.96,gauge_zero
2026-08-29 15:38:29,2026-08-29T18:38:29.568Z,2.930000066757202,gauge_zero
2026-08-29 15:40:00,2026-08-29T18:40:00Z,2.93,gauge_zero
2026-08-29 15:48:29,2026-08-29T18:48:29.583Z,2.9100000858306885,gauge_zero
2026-08-29 15:50:00,2026-08-29T18:50:00Z,2.91,gauge_zero
2026-08-29 15:58:44,2026-08-29T18:58:44.543Z,2.890000104904175,gauge_zero
2026-08-29 16:00:00,2026-08-29T19:00:00Z,2.89,gauge_zero
2026-08-29 16:08:29,2026-08-29T19:08:29.645Z,2.869999885559082,gauge_zero
2026-08-29 16:10:00,2026-08-29T19:10:00Z,2.88,gauge_zero
2026-08-29 16:18:29,2026-08-29T19:18:29.577Z,2.8499999046325684,gauge_zero
2026-08-29 16:20:00,2026-08-29T19:20:00Z,2.85,gauge_zero
2026-08-29 16:28:29,2026-08-29T19:28:29.572Z,2.8499999046325684,gauge_zero
2026-08-29 16:30:00,2026-08-29T19:30:00Z,2.84,gauge_zero
2026-08-29 16:38:29,2026-08-29T19:38:29.561Z,2.8299999237060547,gauge_zero
2026-08-29 16:40:00,2026-08-29T19:40:00Z,2.83,gauge_zero
2026-08-29 16:48:29,2026-08-29T19:48:29.572Z,2.809999942779541,gauge_zero
2026-08-29 16:50:00,2026-08-29T19:50:00Z,2.82,gauge_zero
2026-08-29 16:58:29,2026-08-29T19:58:29.555Z,2.809999942779541,gauge_zero
2026-08-29 17:00:00,2026-08-29T20:00:00Z,2.81,gauge_zero
2026-08-29 17:08:29,2026-08-29T20:08:29.561Z,2.7899999618530273,gauge_zero
2026-08-29 17:10:00,2026-08-29T20:10:00Z,2.8,gauge_zero
2026-08-29 17:18:29,2026-08-29T20:18:29.553Z,2.7899999618530273,gauge_zero
2026-08-29 17:20:00,2026-08-29T20:20:00Z,2.79,gauge_zero
2026-08-29 17:28:29,2026-08-29T20:28:29.557Z,2.7699999809265137,gauge_zero
2026-08-29 17:30:00,2026-08-29T20:30:00Z,2.77,gauge_zero
2026-08-29 17:38:29,2026-08-29T20:38:29.55Z,2.7699999809265137,gauge_zero
2026-08-29 17:40:00,2026-08-29T20:40:00Z,2.76,gauge_zero
2026-08-29 17:48:29,2026-08-29T20:48:29.558Z,2.75,gauge_zero
2026-08-29 17:50:00,2026-08-29T20:50:00Z,2.75,gauge_zero
2026-08-29 17:58:29,2026-08-29T20:58:29.549Z,2.75,gauge_zero
2026-08-29 18:00:00,2026-08-29T21:00:00Z,2.75,gauge_zero
2026-08-29 18:08:29,2026-08-29T21:08:29.544Z,2.75,gauge_zero
2026-08-29 18:10:00,2026-08-29T21:10:00Z,2.74,gauge_zero
2026-08-29 18:18:29,2026-08-29T21:18:29.567Z,2.7300000190734863,gauge_zero
2026-08-29 18:20:00,2026-08-29T21:20:00Z,2.73,gauge_zero
2026-08-29 18:28:29,2026-08-29T21:28:29.559Z,2.7300000190734863,gauge_zero
2026-08-29 18:30:00,2026-08-29T21:30:00Z,2.72,gauge_zero
2026-08-29 18:38:29,2026-08-29T21:38:29.566Z,2.7100000381469727,gauge_zero
2026-08-29 18:40:00,2026-08-29T21:40:00Z,2.71,gauge_zero
2026-08-29 18:48:29,2026-08-29T21:48:29.556Z,2.7100000381469727,gauge_zero
2026-08-29 18:50:00,2026-08-29T21:50:00Z,2.7,gauge_zero
2026-08-29 18:58:29,2026-08-29T21:58:29.587Z,2.7100000381469727,gauge_zero
2026-08-29 19:00:00,2026-08-29T22:00:00Z,2.7,gauge_zero
2026-08-29 19:08:29,2026-08-29T22:08:29.591Z,2.690000057220459,gauge_zero
2026-08-29 19:10:00,2026-08-29T22:10:00Z,2.69,gauge_zero
2026-08-29 19:18:29,2026-08-29T22:18:29.558Z,2.690000057220459,gauge_zero
2026-08-29 19:20:00,2026-08-29T22:20:00Z,2.69,gauge_zero
2026-08-29 19:28:29,2026-08-29T22:28:29.568Z,2.6700000762939453,gauge_zero
2026-08-29 19:30:00,2026-08-29T22:30:00Z,2.68,gauge_zero
2026-08-29 19:38:29,2026-08-29T22:38:29.558Z,2.6700000762939453,gauge_zero
2026-08-29 19:40:00,2026-08-29T22:40:00Z,2.67,gauge_zero
2026-08-29 19:48:29,2026-08-29T22:48:29.561Z,2.6700000762939453,gauge_zero
2026-08-29 19:50:00,2026-08-29T22:50:00Z,2.67,gauge_zero
2026-08-29 19:58:44,2026-08-29T22:58:44.576Z,2.6700000762939453,gauge_zero
2026-08-29 20:00:00,2026-08-29T23:00:00Z,2.67,gauge_zero
2026-08-29 20:08:29,2026-08-29T23:08:29.564Z,2.6500000953674316,gauge_zero
2026-08-29 20:10:00,2026-08-29T23:10:00Z,2.66,gauge_zero
2026-08-29 20:18:29,2026-08-29T23:18:29.594Z,2.6500000953674316,gauge_zero
2026-08-29 20:20:00,2026-08-29T23:20:00Z,2.65,gauge_zero
2026-08-29 20:28:29,2026-08-29T23:28:29.565Z,2.6500000953674316,gauge_zero
2026-08-29 20:30:00,2026-08-29T23:30:00Z,2.64,gauge_zero
2026-08-29 20:38:29,2026-08-29T23:38:29.595Z,2.6500000953674316,gauge_zero
2026-08-29 20:40:00,2026-08-29T23:40:00Z,2.64,gauge_zero
2026-08-29 20:48:44,2026-08-29T23:48:44.591Z,2.630000114440918,gauge_zero
2026-08-29 20:50:00,2026-08-29T23:50:00Z,2.64,gauge_zero
2026-08-29 20:58:29,2026-08-29T23:58:29.575Z,2.630000114440918,gauge_zero
2026-08-29 21:00:00,2026-08-30T00:00:00Z,2.63,gauge_zero
2026-08-29 21:08:44,2026-08-30T00:08:44.587Z,2.630000114440918,gauge_zero
2026-08-29 21:10:00,2026-08-30T00:10:00Z,2.63,gauge_zero
2026-08-29 21:19:14,2026-08-30T00:19:14.576Z,2.619999885559082,gauge_zero
2026-08-29 21:20:00,2026-08-30T00:20:00Z,2.63,gauge_zero
2026-08-29 21:28:44,2026-08-30T00:28:44.577Z,2.619999885559082,gauge_zero
2026-08-29 21:30:00,2026-08-30T00:30:00Z,2.62,gauge_zero
2026-08-29 21:38:44,2026-08-30T00:38:44.577Z,2.619999885559082,gauge_zero
2026-08-29 21:40:00,2026-08-30T00:40:00Z,2.62,gauge_zero
2026-08-29 21:48:44,2026-08-30T00:48:44.59Z,2.619999885559082,gauge_zero
2026-08-29 21:50:00,2026-08-30T00:50:00Z,2.62,gauge_zero
2026-08-29 21:58:29,2026-08-30T00:58:29.593Z,2.619999885559082,gauge_zero
2026-08-29 22:00:00,2026-08-30T01:00:00Z,2.61,gauge_zero
2026-08-29 22:08:29,2026-08-30T01:08:29.58Z,2.5999999046325684,gauge_zero
2026-08-29 22:10:00,2026-08-30T01:10:00Z,2.6,gauge_zero
2026-08-29 22:18:29,2026-08-30T01:18:29.579Z,2.5999999046325684,gauge_zero
2026-08-29 22:20:00,2026-08-30T01:20:00Z,2.61,gauge_zero
2026-08-29 22:28:29,2026-08-30T01:28:29.589Z,2.5999999046325684,gauge_zero
2026-08-29 22:30:00,2026-08-30T01:30:00Z,2.61,gauge_zero
2026-08-29 22:38:19,2026-08-30T01:38:19.005Z,2.5999999046325684,gauge_zero
2026-08-29 22:40:00,2026-08-30T01:40:00Z,2.61,gauge_zero
2026-08-29 22:48:20,2026-08-30T01:48:20.638Z,2.5999999046325684,gauge_zero
2026-08-29 22:50:00,2026-08-30T01:50:00Z,2.6,gauge_zero
2026-08-29 22:58:20,2026-08-30T01:58:20.628Z,2.5999999046325684,gauge_zero
2026-08-29 23:00:00,2026-08-30T02:00:00Z,2.59,gauge_zero
2026-08-29 23:08:20,2026-08-30T02:08:20.617Z,2.5999999046325684,gauge_zero
2026-08-29 23:10:00,2026-08-30T02:10:00Z,2.59,gauge_zero
2026-08-29 23:18:20,2026-08-30T02:18:20.644Z,2.5799999237060547,gauge_zero
2026-08-29 23:20:00,2026-08-30T02:20:00Z,2.59,gauge_zero
2026-08-29 23:28:20,2026-08-30T02:28:20.686Z,2.559999942779541,gauge_zero
2026-08-29 23:30:00,2026-08-30T02:30:00Z,2.56,gauge_zero
2026-08-29 23:38:20,2026-08-30T02:38:20.619Z,2.559999942779541,gauge_zero
2026-08-29 23:40:00,2026-08-30T02:40:00Z,2.56,gauge_zero
2026-08-29 23:48:20,2026-08-30T02:48:20.604Z,2.5799999237060547,gauge_zero
2026-08-29 23:50:00,2026-08-30T02:50:00Z,2.56,gauge_zero
2026-08-29 23:58:21,2026-08-30T02:58:21.1Z,2.5799999237060547,gauge_zero
2026-08-30 00:00:00,2026-08-30T03:00:00Z,2.59,gauge_zero
2026-08-30 00:08:20,2026-08-30T03:08:20.633Z,2.5799999237060547,gauge_zero
2026-08-30 00:10:00,2026-08-30T03:10:00Z,2.58,gauge_zero
2026-08-30 00:20:00,2026-08-30T03:20:00Z,2.57,gauge_zero
2026-08-30 00:28:20,2026-08-30T03:28:20.708Z,2.559999942779541,gauge_zero
2026-08-30 00:30:00,2026-08-30T03:30:00Z,2.56,gauge_zero
2026-08-30 00:38:20,2026-08-30T03:38:20.616Z,2.559999942779541,gauge_zero
2026-08-30 00:40:00,2026-08-30T03:40:00Z,2.56,gauge_zero
2026-08-30 00:48:20,2026-08-30T03:48:20.64Z,2.559999942779541,gauge_zero
2026-08-30 00:50:00,2026-08-30T03:50:00Z,2.56,gauge_zero
2026-08-30 00:58:20,2026-08-30T03:58:20.647Z,2.559999942779541,gauge_zero
2026-08-30 01:00:00,2026-08-30T04:00:00Z,2.56,gauge_zero
2026-08-30 01:08:35,2026-08-30T04:08:35.638Z,2.559999942779541,gauge_zero
2026-08-30 01:10:00,2026-08-30T04:10:00Z,2.56,gauge_zero
2026-08-30 01:18:35,2026-08-30T04:18:35.634Z,2.5799999237060547,gauge_zero
2026-08-30 01:20:00,2026-08-30T04:20:00Z,2.57,gauge_zero
2026-08-30 01:28:35,2026-08-30T04:28:35.712Z,2.5799999237060547,gauge_zero
2026-08-30 01:30:00,2026-08-30T04:30:00Z,2.57,gauge_zero
2026-08-30 01:38:35,2026-08-30T04:38:35.637Z,2.5799999237060547,gauge_zero
2026-08-30 01:40:00,2026-08-30T04:40:00Z,2.57,gauge_zero
2026-08-30 01:48:50,2026-08-30T04:48:50.616Z,2.559999942779541,gauge_zero
2026-08-30 01:50:00,2026-08-30T04:50:00Z,2.56,gauge_zero
2026-08-30 01:58:20,2026-08-30T04:58:20.612Z,2.559999942779541,gauge_zero
2026-08-30 02:00:00,2026-08-30T05:00:00Z,2.56,gauge_zero
2026-08-30 02:08:35,2026-08-30T05:08:35.626Z,2.559999942779541,gauge_zero
2026-08-30 02:10:00,2026-08-30T05:10:00Z,2.56,gauge_zero
2026-08-30 02:18:50,2026-08-30T05:18:50.612Z,2.559999942779541,gauge_zero
2026-08-30 02:20:00,2026-08-30T05:20:00Z,2.55,gauge_zero
2026-08-30 02:28:50,2026-08-30T05:28:50.613Z,2.559999942779541,gauge_zero
2026-08-30 02:30:00,2026-08-30T05:30:00Z,2.55,gauge_zero
2026-08-30 02:38:50,2026-08-30T05:38:50.623Z,2.559999942779541,gauge_zero
2026-08-30 02:40:00,2026-08-30T05:40:00Z,2.55,gauge_zero
2026-08-30 02:48:50,2026-08-30T05:48:50.611Z,2.559999942779541,gauge_zero
2026-08-30 02:50:00,2026-08-30T05:50:00Z,2.55,gauge_zero
2026-08-30 02:58:50,2026-08-30T05:58:50.638Z,2.559999942779541,gauge_zero
2026-08-30 03:00:00,2026-08-30T06:00:00Z,2.55,gauge_zero
2026-08-30 03:08:50,2026-08-30T06:08:50.619Z,2.559999942779541,gauge_zero
2026-08-30 03:10:00,2026-08-30T06:10:00Z,2.56,gauge_zero
2026-08-30 03:18:50,2026-08-30T06:18:50.62Z,2.559999942779541,gauge_zero
2026-08-30 03:20:00,2026-08-30T06:20:00Z,2.56,gauge_zero
2026-08-30 03:28:50,2026-08-30T06:28:50.627Z,2.559999942779541,gauge_zero
2026-08-30 03:30:00,2026-08-30T06:30:00Z,2.55,gauge_zero
2026-08-30 03:38:35,2026-08-30T06:38:35.658Z,2.559999942779541,gauge_zero
2026-08-30 03:40:00,2026-08-30T06:40:00Z,2.56,gauge_zero
2026-08-30 03:48:20,2026-08-30T06:48:20.657Z,2.5799999237060547,gauge_zero
2026-08-30 03:50:00,2026-08-30T06:50:00Z,2.56,gauge_zero
2026-08-30 03:58:50,2026-08-30T06:58:50.632Z,2.5799999237060547,gauge_zero
2026-08-30 04:00:00,2026-08-30T07:00:00Z,2.58,gauge_zero
2026-08-30 04:08:50,2026-08-30T07:08:50.637Z,2.5999999046325684,gauge_zero
2026-08-30 04:10:00,2026-08-30T07:10:00Z,2.59,gauge_zero
2026-08-30 04:18:50,2026-08-30T07:18:50.638Z,2.5999999046325684,gauge_zero
2026-08-30 04:20:00,2026-08-30T07:20:00Z,2.59,gauge_zero
2026-08-30 04:28:50,2026-08-30T07:28:50.66Z,2.5999999046325684,gauge_zero
2026-08-30 04:30:00,2026-08-30T07:30:00Z,2.59,gauge_zero
2026-08-30 04:38:50,2026-08-30T07:38:50.638Z,2.5799999237060547,gauge_zero
2026-08-30 04:40:00,2026-08-30T07:40:00Z,2.58,gauge_zero
2026-08-30 04:48:50,2026-08-30T07:48:50.62Z,2.5799999237060547,gauge_zero
2026-08-30 04:50:00,2026-08-30T07:50:00Z,2.58,gauge_zero
2026-08-30 04:58:50,2026-08-30T07:58:50.628Z,2.5799999237060547,gauge_zero
2026-08-30 05:00:00,2026-08-30T08:00:00Z,2.58,gauge_zero
2026-08-30 05:08:35,2026-08-30T08:08:35.638Z,2.5799999237060547,gauge_zero
2026-08-30 05:10:00,2026-08-30T08:10:00Z,2.57,gauge_zero
2026-08-30 05:18:50,2026-08-30T08:18:50.632Z,2.5799999237060547,gauge_zero
2026-08-30 05:20:00,2026-08-30T08:20:00Z,2.57,gauge_zero
2026-08-30 05:28:20,2026-08-30T08:28:20.66Z,2.559999942779541,gauge_zero
2026-08-30 05:30:00,2026-08-30T08:30:00Z,2.56,gauge_zero
2026-08-30 05:38:20,2026-08-30T08:38:20.631Z,2.559999942779541,gauge_zero
2026-08-30 05:40:00,2026-08-30T08:40:00Z,2.57,gauge_zero
2026-08-30 05:48:20,2026-08-30T08:48:20.65Z,2.5799999237060547,gauge_zero
2026-08-30 05:50:00,2026-08-30T08:50:00Z,2.57,gauge_zero
2026-08-30 05:58:20,2026-08-30T08:58:20.647Z,2.5799999237060547,gauge_zero
2026-08-30 06:00:00,2026-08-30T09:00:00Z,2.57,gauge_zero
2026-08-30 06:08:20,2026-08-30T09:08:20.636Z,2.5799999237060547,gauge_zero
2026-08-30 06:10:00,2026-08-30T09:10:00Z,2.57,gauge_zero
2026-08-30 06:18:20,2026-08-30T09:18:20.627Z,2.5799999237060547,gauge_zero
2026-08-30 06:20:00,2026-08-30T09:20:00Z,2.58,gauge_zero
2026-08-30 06:28:20,2026-08-30T09:28:20.641Z,2.5799999237060547,gauge_zero
2026-08-30 06:30:00,2026-08-30T09:30:00Z,2.58,gauge_zero
2026-08-30 06:38:20,2026-08-30T09:38:20.672Z,2.5799999237060547,gauge_zero
2026-08-30 06:40:00,2026-08-30T09:40:00Z,2.58,gauge_zero
2026-08-30 06:48:20,2026-08-30T09:48:20.656Z,2.5799999237060547,gauge_zero
2026-08-30 06:50:00,2026-08-30T09:50:00Z,2.57,gauge_zero
2026-08-30 06:58:20,2026-08-30T09:58:20.644Z,2.5799999237060547,gauge_zero
2026-08-30 07:00:00,2026-08-30T10:00:00Z,2.57,gauge_zero
2026-08-30 07:08:20,2026-08-30T10:08:20.639Z,2.559999942779541,gauge_zero
2026-08-30 07:10:00,2026-08-30T10:10:00Z,2.57,gauge_zero
2026-08-30 07:18:20,2026-08-30T10:18:20.657Z,2.559999942779541,gauge_zero
2026-08-30 07:20:00,2026-08-30T10:20:00Z,2.56,gauge_zero
2026-08-30 07:28:20,2026-08-30T10:28:20.653Z,2.559999942779541,gauge_zero
2026-08-30 07:30:00,2026-08-30T10:30:00Z,2.55,gauge_zero
2026-08-30 07:38:20,2026-08-30T10:38:20.638Z,2.559999942779541,gauge_zero
2026-08-30 07:40:00,2026-08-30T10:40:00Z,2.56,gauge_zero
2026-08-30 07:48:20,2026-08-30T10:48:20.658Z,2.559999942779541,gauge_zero
2026-08-30 07:50:00,2026-08-30T10:50:00Z,2.56,gauge_zero
2026-08-30 07:58:20,2026-08-30T10:58:20.625Z,2.5399999618530273,gauge_zero
2026-08-30 08:00:00,2026-08-30T11:00:00Z,2.55,gauge_zero
2026-08-30 08:08:35,2026-08-30T11:08:35.647Z,2.5199999809265137,gauge_zero
2026-08-30 08:10:00,2026-08-30T11:10:00Z,2.53,gauge_zero
2026-08-30 08:18:20,2026-08-30T11:18:20.643Z,2.559999942779541,gauge_zero
2026-08-30 08:20:00,2026-08-30T11:20:00Z,2.53,gauge_zero
2026-08-30 08:28:20,2026-08-30T11:28:20.671Z,2.559999942779541,gauge_zero
2026-08-30 08:30:00,2026-08-30T11:30:00Z,2.57,gauge_zero
2026-08-30 08:38:20,2026-08-30T11:38:20.664Z,2.559999942779541,gauge_zero
2026-08-30 08:40:00,2026-08-30T11:40:00Z,2.56,gauge_zero
2026-08-30 08:48:20,2026-08-30T11:48:20.648Z,2.5399999618530273,gauge_zero
2026-08-30 08:50:00,2026-08-30T11:50:00Z,2.54,gauge_zero
2026-08-30 08:58:20,2026-08-30T11:58:20.746Z,2.5399999618530273,gauge_zero
2026-08-30 09:00:00,2026-08-30T12:00:00Z,2.54,gauge_zero
2026-08-30 09:08:20,2026-08-30T12:08:20.646Z,2.5399999618530273,gauge_zero
2026-08-30 09:10:00,2026-08-30T12:10:00Z,2.53,gauge_zero
2026-08-30 09:18:20,2026-08-30T12:18:20.652Z,2.5399999618530273,gauge_zero
2026-08-30 09:20:00,2026-08-30T12:20:00Z,2.54,gauge_zero
2026-08-30 09:28:20,2026-08-30T12:28:20.661Z,2.5399999618530273,gauge_zero
2026-08-30 09:30:00,2026-08-30T12:30:00Z,2.53,gauge_zero
2026-08-30 09:38:20,2026-08-30T12:38:20.706Z,2.5399999618530273,gauge_zero
2026-08-30 09:40:00,2026-08-30T12:40:00Z,2.53,gauge_zero
2026-08-30 09:48:20,2026-08-30T12:48:20.658Z,2.5399999618530273,gauge_zero
2026-08-30 09:50:00,2026-08-30T12:50:00Z,2.53,gauge_zero
2026-08-30 09:58:20,2026-08-30T12:58:20.637Z,2.5399999618530273,gauge_zero
2026-08-30 10:00:00,2026-08-30T13:00:00Z,2.54,gauge_zero
2026-08-30 10:08:20,2026-08-30T13:08:20.66Z,2.5399999618530273,gauge_zero
2026-08-30 10:10:00,2026-08-30T13:10:00Z,2.54,gauge_zero
2026-08-30 10:18:20,2026-08-30T13:18:20.644Z,2.5399999618530273,gauge_zero
2026-08-30 10:20:00,2026-08-30T13:20:00Z,2.54,gauge_zero
2026-08-30 10:28:20,2026-08-30T13:28:20.645Z,2.5399999618530273,gauge_zero
2026-08-30 10:30:00,2026-08-30T13:30:00Z,2.54,gauge_zero
2026-08-30 10:40:00,2026-08-30T13:40:00Z,2.54,gauge_zero
2026-08-30 10:50:00,2026-08-30T13:50:00Z,2.55,gauge_zero
2026-08-30 11:00:00,2026-08-30T14:00:00Z,2.55,gauge_zero
2026-08-30 11:10:00,2026-08-30T14:10:00Z,2.59,gauge_zero
2026-08-30 11:20:00,2026-08-30T14:20:00Z,2.61,gauge_zero
2026-08-30 11:30:00,2026-08-30T14:30:00Z,2.63,gauge_zero
2026-08-30 11:40:00,2026-08-30T14:40:00Z,2.64,gauge_zero
2026-08-30 11:50:00,2026-08-30T14:50:00Z,2.63,gauge_zero
2026-08-30 12:00:00,2026-08-30T15:00:00Z,2.64,gauge_zero
2026-08-30 12:10:00,2026-08-30T15:10:00Z,2.67,gauge_zero
2026-08-30 12:20:00,2026-08-30T15:20:00Z,2.71,gauge_zero
2026-08-30 12:30:00,2026-08-30T15:30:00Z,2.75,gauge_zero
2026-08-30 12:40:00,2026-08-30T15:40:00Z,2.78,gauge_zero
2026-08-30 12:50:00,2026-08-30T15:50:00Z,2.78,gauge_zero
2026-08-30 13:00:00,2026-08-30T16:00:00Z,2.78,gauge_zero
2026-08-30 13:10:00,2026-08-30T16:10:00Z,2.79,gauge_zero
2026-08-30 13:20:00,2026-08-30T16:20:00Z,2.78,gauge_zero
2026-08-30 13:30:00,2026-08-30T16:30:00Z,2.78,gauge_zero
2026-08-30 13:40:00,2026-08-30T16:40:00Z,2.78,gauge_zero
2026-08-30 13:50:00,2026-08-30T16:50:00Z,2.81,gauge_zero
2026-08-30 14:00:00,2026-08-30T17:00:00Z,2.81,gauge_zero
2026-08-30 14:10:00,2026-08-30T17:10:00Z,2.81,gauge_zero
2026-08-30 14:20:00,2026-08-30T17:20:00Z,2.85,gauge_zero
2026-08-30 14:30:00,2026-08-30T17:30:00Z,2.85,gauge_zero
2026-08-30 14:40:00,2026-08-30T17:40:00Z,2.85,gauge_zero
2026-08-30 14:50:00,2026-08-30T17:50:00Z,2.85,gauge_zero
2026-08-30 15:00:00,2026-08-30T18:00:00Z,2.86,gauge_zero
2026-08-30 15:10:00,2026-08-30T18:10:00Z,2.87,gauge_zero
2026-08-30 15:20:00,2026-08-30T18:20:00Z,2.88,gauge_zero
2026-08-30 15:30:00,2026-08-30T18:30:00Z,2.89,gauge_zero
2026-08-30 15:40:00,2026-08-30T18:40:00Z,2.88,gauge_zero
2026-08-30 15:50:00,2026-08-30T18:50:00Z,2.89,gauge_zero
2026-08-30 16:00:00,2026-08-30T19:00:00Z,2.89,gauge_zero
2026-08-30 16:10:00,2026-08-30T19:10:00Z,2.88,gauge_zero
2026-08-30 16:20:00,2026-08-30T19:20:00Z,2.89,gauge_zero
2026-08-30 16:30:00,2026-08-30T19:30:00Z,2.88,gauge_zero
2026-08-30 16:40:00,2026-08-30T19:40:00Z,2.89,gauge_zero
2026-08-30 16:50:00,2026-08-30T19:50:00Z,2.9,gauge_zero
2026-08-30 17:00:00,2026-08-30T20:00:00Z,2.89,gauge_zero
2026-08-30 17:10:00,2026-08-30T20:10:00Z,2.87,gauge_zero
2026-08-30 17:20:00,2026-08-30T20:20:00Z,2.88,gauge_zero
2026-08-30 17:30:00,2026-08-30T20:30:00Z,2.9,gauge_zero
2026-08-30 17:40:00,2026-08-30T20:40:00Z,2.89,gauge_zero
2026-08-30 17:50:00,2026-08-30T20:50:00Z,2.88,gauge_zero
2026-08-30 18:00:00,2026-08-30T21:00:00Z,2.88,gauge_zero
2026-08-30 18:10:00,2026-08-30T21:10:00Z,2.88,gauge_zero
2026-08-30 18:20:00,2026-08-30T21:20:00Z,2.88,gauge_zero
2026-08-30 18:30:00,2026-08-30T21:30:00Z,2.87,gauge_zero
2026-08-30 18:40:00,2026-08-30T21:40:00Z,2.88,gauge_zero
2026-08-30 18:50:00,2026-08-30T21:50:00Z,2.87,gauge_zero
2026-08-30 19:00:00,2026-08-30T22:00:00Z,2.86,gauge_zero
2026-08-30 19:10:00,2026-08-30T22:10:00Z,2.85,gauge_zero
2026-08-30 19:20:00,2026-08-30T22:20:00Z,2.85,gauge_zero
2026-08-30 19:30:00,2026-08-30T22:30:00Z,2.84,gauge_zero
2026-08-30 19:40:00,2026-08-30T22:40:00Z,2.82,gauge_zero
2026-08-30 19:50:00,2026-08-30T22:50:00Z,2.81,gauge_zero
2026-08-30 20:00:00,2026-08-30T23:00:00Z,2.82,gauge_zero
2026-08-30 20:10:00,2026-08-30T23:10:00Z,2.81,gauge_zero
2026-08-30 20:20:00,2026-08-30T23:20:00Z,2.8,gauge_zero
2026-08-30 20:30:00,2026-08-30T23:30:00Z,2.79,gauge_zero
2026-08-30 20:40:00,2026-08-30T23:40:00Z,2.78,gauge_zero
2026-08-30 20:50:00,2026-08-30T23:50:00Z,2.78,gauge_zero
2026-08-30 21:00:00,2026-08-31T00:00:00Z,2.77,gauge_zero
2026-08-30 21:10:00,2026-08-31T00:10:00Z,2.76,gauge_zero
2026-08-30 21:20:00,2026-08-31T00:20:00Z,2.75,gauge_zero
2026-08-30 21:30:00,2026-08-31T00:30:00Z,2.74,gauge_zero
2026-08-30 21:40:00,2026-08-31T00:40:00Z,2.75,gauge_zero
2026-08-30 21:50:00,2026-08-31T00:50:00Z,2.74,gauge_zero
2026-08-30 22:00:00,2026-08-31T01:00:00Z,2.73,gauge_zero
2026-08-30 22:10:00,2026-08-31T01:10:00Z,2.72,gauge_zero
2026-08-30 22:20:00,2026-08-31T01:20:00Z,2.73,gauge_zero
2026-08-30 22:30:00,2026-08-31T01:30:00Z,2.72,gauge_zero
2026-08-30 22:40:00,2026-08-31T01:40:00Z,2.71,gauge_zero
2026-08-30 22:50:00,2026-08-31T01:50:00Z,2.71,gauge_zero
2026-08-30 23:00:00,2026-08-31T02:00:00Z,2.71,gauge_zero
2026-08-30 23:10:00,2026-08-31T02:10:00Z,2.69,gauge_zero
2026-08-30 23:20:00,2026-08-31T02:20:00Z,2.71,gauge_zero
2026-08-30 23:30:00,2026-08-31T02:30:00Z,2.77,gauge_zero
2026-08-30 23:40:00,2026-08-31T02:40:00Z,2.8,gauge_zero
2026-08-30 23:50:00,2026-08-31T02:50:00Z,2.81,gauge_zero
2026-08-31 00:00:00,2026-08-31T03:00:00Z,2.83,gauge_zero
2026-08-31 00:10:00,2026-08-31T03:10:00Z,2.85,gauge_zero
2026-08-31 00:20:00,2026-08-31T03:20:00Z,2.88,gauge_zero
2026-08-31 00:30:00,2026-08-31T03:30:00Z,2.91,gauge_zero
2026-08-31 00:40:00,2026-08-31T03:40:00Z,2.92,gauge_zero
2026-08-31 00:50:00,2026-08-31T03:50:00Z,2.93,gauge_zero
2026-08-31 01:00:00,2026-08-31T04:00:00Z,2.93,gauge_zero
2026-08-31 01:10:00,2026-08-31T04:10:00Z,2.93,gauge_zero
2026-08-31 01:20:00,2026-08-31T04:20:00Z,2.93,gauge_zero
2026-08-31 01:30:00,2026-08-31T04:30:00Z,2.96,gauge_zero
2026-08-31 01:40:00,2026-08-31T04:40:00Z,2.95,gauge_zero
2026-08-31 01:50:00,2026-08-31T04:50:00Z,2.95,gauge_zero
2026-08-31 02:00:00,2026-08-31T05:00:00Z,2.95,gauge_zero
2026-08-31 02:10:00,2026-08-31T05:10:00Z,2.95,gauge_zero
2026-08-31 02:20:00,2026-08-31T05:20:00Z,2.95,gauge_zero
2026-08-31 02:30:00,2026-08-31T05:30:00Z,2.97,gauge_zero
2026-08-31 02:40:00,2026-08-31T05:40:00Z,2.99,gauge_zero
2026-08-31 02:50:00,2026-08-31T05:50:00Z,3,gauge_zero
2026-08-31 03:00:00,2026-08-31T06:00:00Z,3,gauge_zero
2026-08-31 03:10:00,2026-08-31T06:10:00Z,2.99,gauge_zero
2026-08-31 03:20:00,2026-08-31T06:20:00Z,2.97,gauge_zero
2026-08-31 03:30:00,2026-08-31T06:30:00Z,3,gauge_zero
2026-08-31 03:40:00,2026-08-31T06:40:00Z,2.98,gauge_zero
2026-08-31 03:50:00,2026-08-31T06:50:00Z,2.97,gauge_zero
2026-08-31 04:00:00,2026-08-31T07:00:00Z,2.95,gauge_zero
2026-08-31 04:10:00,2026-08-31T07:10:00Z,2.94,gauge_zero
2026-08-31 04:20:00,2026-08-31T07:20:00Z,2.92,gauge_zero
2026-08-31 04:30:00,2026-08-31T07:30:00Z,2.91,gauge_zero
2026-08-31 04:40:00,2026-08-31T07:40:00Z,2.9,gauge_zero
2026-08-31 04:50:00,2026-08-31T07:50:00Z,2.89,gauge_zero
2026-08-31 05:00:00,2026-08-31T08:00:00Z,2.88,gauge_zero
2026-08-31 05:10:00,2026-08-31T08:10:00Z,2.88,gauge_zero
2026-08-31 05:20:00,2026-08-31T08:20:00Z,2.87,gauge_zero
2026-08-31 05:30:00,2026-08-31T08:30:00Z,2.86,gauge_zero
2026-08-31 05:40:00,2026-08-31T08:40:00Z,2.85,gauge_zero
2026-08-31 05:50:00,2026-08-31T08:50:00Z,2.84,gauge_zero
2026-08-31 06:00:00,2026-08-31T09:00:00Z,2.83,gauge_zero
2026-08-31 06:10:00,2026-08-31T09:10:00Z,2.83,gauge_zero
2026-08-31 06:20:00,2026-08-31T09:20:00Z,2.82,gauge_zero
2026-08-31 06:30:00,2026-08-31T09:30:00Z,2.82,gauge_zero
2026-08-31 06:40:00,2026-08-31T09:40:00Z,2.81,gauge_zero
2026-08-31 06:50:00,2026-08-31T09:50:00Z,2.81,gauge_zero
2026-08-31 07:00:00,2026-08-31T10:00:00Z,2.81,gauge_zero
2026-08-31 07:10:00,2026-08-31T10:10:00Z,2.81,gauge_zero
2026-08-31 07:20:00,2026-08-31T10:20:00Z,2.8,gauge_zero
2026-08-31 07:30:00,2026-08-31T10:30:00Z,2.79,gauge_zero
2026-08-31 07:40:00,2026-08-31T10:40:00Z,2.79,gauge_zero
2026-08-31 07:50:00,2026-08-31T10:50:00Z,2.81,gauge_zero
2026-08-31 08:00:00,2026-08-31T11:00:00Z,2.81,gauge_zero
2026-08-31 08:10:00,2026-08-31T11:10:00Z,2.81,gauge_zero
2026-08-31 08:20:00,2026-08-31T11:20:00Z,2.82,gauge_zero
2026-08-31 08:30:00,2026-08-31T11:30:00Z,2.82,gauge_zero
2026-08-31 08:40:00,2026-08-31T11:40:00Z,2.83,gauge_zero
2026-08-31 08:50:00,2026-08-31T11:50:00Z,2.85,gauge_zero
2026-08-31 09:00:00,2026-08-31T12:00:00Z,2.89,gauge_zero
2026-08-31 09:10:00,2026-08-31T12:10:00Z,2.91,gauge_zero
2026-08-31 09:20:00,2026-08-31T12:20:00Z,2.93,gauge_zero
2026-08-31 09:30:00,2026-08-31T12:30:00Z,2.96,gauge_zero
2026-08-31 09:40:00,2026-08-31T12:40:00Z,2.99,gauge_zero
2026-08-31 09:50:00,2026-08-31T12:50:00Z,3.01,gauge_zero
2026-08-31 10:00:00,2026-08-31T13:00:00Z,3.04,gauge_zero
2026-08-31 10:10:00,2026-08-31T13:10:00Z,3.08,gauge_zero
2026-08-31 10:20:00,2026-08-31T13:20:00Z,3.13,gauge_zero
2026-08-31 10:30:00,2026-08-31T13:30:00Z,3.16,gauge_zero
2026-08-31 10:40:00,2026-08-31T13:40:00Z,3.21,gauge_zero
2026-08-31 10:50:00,2026-08-31T13:50:00Z,3.27,gauge_zero
2026-08-31 11:00:00,2026-08-31T14:00:00Z,3.32,gauge_zero
2026-08-31 11:10:00,2026-08-31T14:10:00Z,3.33,gauge_zero
2026-08-31 11:20:00,2026-08-31T14:20:00Z,3.33,gauge_zero
2026-08-31 11:30:00,2026-08-31T14:30:00Z,3.34,gauge_zero
2026-08-31 11:40:00,2026-08-31T14:40:00Z,3.35,gauge_zero
2026-08-31 11:50:00,2026-08-31T14:50:00Z,3.34,gauge_zero
2026-08-31 12:00:00,2026-08-31T15:00:00Z,3.35,gauge_zero
2026-08-31 12:10:00,2026-08-31T15:10:00Z,3.36,gauge_zero
2026-08-31 12:20:00,2026-08-31T15:20:00Z,3.36,gauge_zero
2026-08-31 12:30:00,2026-08-31T15:30:00Z,3.36,gauge_zero
2026-08-31 12:40:00,2026-08-31T15:40:00Z,3.37,gauge_zero
2026-08-31 12:50:00,2026-08-31T15:50:00Z,3.37,gauge_zero
2026-08-31 13:00:00,2026-08-31T16:00:00Z,3.36,gauge_zero
2026-08-31 13:10:00,2026-08-31T16:10:00Z,3.36,gauge_zero
2026-08-31 13:20:00,2026-08-31T16:20:00Z,3.37,gauge_zero
2026-08-31 13:30:00,2026-08-31T16:30:00Z,3.35,gauge_zero
2026-08-31 13:40:00,2026-08-31T16:40:00Z,3.33,gauge_zero
2026-08-31 13:50:00,2026-08-31T16:50:00Z,3.3,gauge_zero
2026-08-31 14:00:00,2026-08-31T17:00:00Z,3.33,gauge_zero
2026-08-31 14:10:00,2026-08-31T17:10:00Z,3.35,gauge_zero
2026-08-31 14:20:00,2026-08-31T17:20:00Z,3.34,gauge_zero
2026-08-31 14:30:00,2026-08-31T17:30:00Z,3.35,gauge_zero
2026-08-31 14:40:00,2026-08-31T17:40:00Z,3.35,gauge_zero
2026-08-31 14:50:00,2026-08-31T17:50:00Z,3.37,gauge_zero
2026-08-31 15:00:00,2026-08-31T18:00:00Z,3.38,gauge_zero
2026-08-31 15:10:00,2026-08-31T18:10:00Z,3.36,gauge_zero
2026-08-31 15:20:00,2026-08-31T18:20:00Z,3.35,gauge_zero
2026-08-31 15:30:00,2026-08-31T18:30:00Z,3.35,gauge_zero
2026-08-31 15:40:00,2026-08-31T18:40:00Z,3.35,gauge_zero
2026-08-31 15:50:00,2026-08-31T18:50:00Z,3.36,gauge_zero
2026-08-31 16:00:00,2026-08-31T19:00:00Z,3.35,gauge_zero
2026-08-31 16:10:00,2026-08-31T19:10:00Z,3.33,gauge_zero
2026-08-31 16:20:00,2026-08-31T19:20:00Z,3.34,gauge_zero
2026-08-31 16:30:00,2026-08-31T19:30:00Z,3.33,gauge_zero
2026-08-31 16:40:00,2026-08-31T19:40:00Z,3.32,gauge_zero
2026-08-31 16:50:00,2026-08-31T19:50:00Z,3.31,gauge_zero
2026-08-31 17:00:00,2026-08-31T20:00:00Z,3.3,gauge_zero
2026-08-31 17:10:00,2026-08-31T20:10:00Z,3.29,gauge_zero
2026-08-31 17:20:00,2026-08-31T20:20:00Z,3.3,gauge_zero
2026-08-31 17:30:00,2026-08-31T20:30:00Z,3.29,gauge_zero
2026-08-31 17:40:00,2026-08-31T20:40:00Z,3.3,gauge_zero
2026-08-31 17:50:00,2026-08-31T20:50:00Z,3.29,gauge_zero
2026-08-31 18:00:00,2026-08-31T21:00:00Z,3.29,gauge_zero
2026-08-31 18:10:00,2026-08-31T21:10:00Z,3.31,gauge_zero
2026-08-31 18:20:00,2026-08-31T21:20:00Z,3.31,gauge_zero
2026-08-31 18:30:00,2026-08-31T21:30:00Z,3.31,gauge_zero
2026-08-31 18:40:00,2026-08-31T21:40:00Z,3.3,gauge_zero
2026-08-31 18:50:00,2026-08-31T21:50:00Z,3.28,gauge_zero
2026-08-31 19:00:00,2026-08-31T22:00:00Z,3.28,gauge_zero
2026-08-31 19:10:00,2026-08-31T22:10:00Z,3.27,gauge_zero
2026-08-31 19:20:00,2026-08-31T22:20:00Z,3.27,gauge_zero
2026-08-31 19:30:00,2026-08-31T22:30:00Z,3.29,gauge_zero
2026-08-31 19:40:00,2026-08-31T22:40:00Z,3.3,gauge_zero
2026-08-31 19:50:00,2026-08-31T22:50:00Z,3.32,gauge_zero
2026-08-31 20:00:00,2026-08-31T23:00:00Z,3.34,gauge_zero
2026-08-31 20:10:00,2026-08-31T23:10:00Z,3.37,gauge_zero
2026-08-31 20:20:00,2026-08-31T23:20:00Z,3.44,gauge_zero
2026-08-31 20:30:00,2026-08-31T23:30:00Z,3.48,gauge_zero
2026-08-31 20:40:00,2026-08-31T23:40:00Z,3.52,gauge_zero
2026-08-31 20:50:00,2026-08-31T23:50:00Z,3.57,gauge_zero
2026-08-31 21:00:00,2026-09-01T00:00:00Z,3.64,gauge_zero
2026-08-31 21:10:00,2026-09-01T00:10:00Z,3.69,gauge_zero
2026-08-31 21:20:00,2026-09-01T00:20:00Z,3.73,gauge_zero
2026-08-31 21:30:00,2026-09-01T00:30:00Z,3.77,gauge_zero
2026-08-31 21:40:00,2026-09-01T00:40:00Z,3.8,gauge_zero
2026-08-31 21:50:00,2026-09-01T00:50:00Z,3.82,gauge_zero
2026-08-31 22:00:00,2026-09-01T01:00:00Z,3.85,gauge_zero
2026-08-31 22:10:00,2026-09-01T01:10:00Z,3.86,gauge_zero
2026-08-31 22:20:00,2026-09-01T01:20:00Z,3.87,gauge_zero
2026-08-31 22:30:00,2026-09-01T01:30:00Z,3.87,gauge_zero
2026-08-31 22:40:00,2026-09-01T01:40:00Z,3.89,gauge_zero
2026-08-31 22:50:00,2026-09-01T01:50:00Z,3.88,gauge_zero
2026-08-31 23:00:00,2026-09-01T02:00:00Z,3.86,gauge_zero
2026-08-31 23:10:00,2026-09-01T02:10:00Z,3.85,gauge_zero
2026-08-31 23:20:00,2026-09-01T02:20:00Z,3.83,gauge_zero
2026-08-31 23:30:00,2026-09-01T02:30:00Z,3.82,gauge_zero
2026-08-31 23:40:00,2026-09-01T02:40:00Z,3.78,gauge_zero
2026-08-31 23:50:00,2026-09-01T02:50:00Z,3.74,gauge_zero
2026-09-01 00:00:00,2026-09-01T03:00:00Z,3.7,gauge_zero
2026-09-01 00:10:00,2026-09-01T03:10:00Z,3.64,gauge_zero
2026-09-01 00:20:00,2026-09-01T03:20:00Z,3.6,gauge_zero
2026-09-01 00:30:00,2026-09-01T03:30:00Z,3.57,gauge_zero
2026-09-01 00:40:00,2026-09-01T03:40:00Z,3.55,gauge_zero
2026-09-01 00:50:00,2026-09-01T03:50:00Z,3.53,gauge_zero
2026-09-01 01:00:00,2026-09-01T04:00:00Z,3.5,gauge_zero
2026-09-01 01:10:00,2026-09-01T04:10:00Z,3.48,gauge_zero
2026-09-01 01:20:00,2026-09-01T04:20:00Z,3.46,gauge_zero
2026-09-01 01:30:00,2026-09-01T04:30:00Z,3.45,gauge_zero
2026-09-01 01:40:00,2026-09-01T04:40:00Z,3.45,gauge_zero
2026-09-01 01:50:00,2026-09-01T04:50:00Z,3.43,gauge_zero
2026-09-01 02:00:00,2026-09-01T05:00:00Z,3.43,gauge_zero
2026-09-01 02:10:00,2026-09-01T05:10:00Z,3.4,gauge_zero
2026-09-01 02:20:00,2026-09-01T05:20:00Z,3.4,gauge_zero
2026-09-01 02:30:00,2026-09-01T05:30:00Z,3.38,gauge_zero
2026-09-01 02:40:00,2026-09-01T05:40:00Z,3.36,gauge_zero
2026-09-01 02:50:00,2026-09-01T05:50:00Z,3.35,gauge_zero
2026-09-01 03:00:00,2026-09-01T06:00:00Z,3.33,gauge_zero
2026-09-01 03:10:00,2026-09-01T06:10:00Z,3.32,gauge_zero
2026-09-01 03:20:00,2026-09-01T06:20:00Z,3.3,gauge_zero
2026-09-01 03:30:00,2026-09-01T06:30:00Z,3.29,gauge_zero
2026-09-01 03:40:00,2026-09-01T06:40:00Z,3.26,gauge_zero
2026-09-01 03:50:00,2026-09-01T06:50:00Z,3.26,gauge_zero
2026-09-01 04:00:00,2026-09-01T07:00:00Z,3.24,gauge_zero
2026-09-01 04:10:00,2026-09-01T07:10:00Z,3.23,gauge_zero
2026-09-01 04:20:00,2026-09-01T07:20:00Z,3.21,gauge_zero
2026-09-01 04:30:00,2026-09-01T07:30:00Z,3.2,gauge_zero
2026-09-01 04:40:00,2026-09-01T07:40:00Z,3.18,gauge_zero
2026-09-01 04:50:00,2026-09-01T07:50:00Z,3.17,gauge_zero
2026-09-01 05:00:00,2026-09-01T08:00:00Z,3.16,gauge_zero
2026-09-01 05:10:00,2026-09-01T08:10:00Z,3.17,gauge_zero
2026-09-01 05:20:00,2026-09-01T08:20:00Z,3.16,gauge_zero
2026-09-01 05:30:00,2026-09-01T08:30:00Z,3.16,gauge_zero
2026-09-01 05:40:00,2026-09-01T08:40:00Z,3.14,gauge_zero
2026-09-01 05:50:00,2026-09-01T08:50:00Z,3.15,gauge_zero
2026-09-01 06:00:00,2026-09-01T09:00:00Z,3.14,gauge_zero
2026-09-01 06:10:00,2026-09-01T09:10:00Z,3.13,gauge_zero
2026-09-01 06:20:00,2026-09-01T09:20:00Z,3.13,gauge_zero
2026-09-01 06:30:00,2026-09-01T09:30:00Z,3.12,gauge_zero
2026-09-01 06:40:00,2026-09-01T09:40:00Z,3.11,gauge_zero
2026-09-01 06:50:00,2026-09-01T09:50:00Z,3.09,gauge_zero
2026-09-01 07:00:00,2026-09-01T10:00:00Z,3.09,gauge_zero
2026-09-01 07:10:00,2026-09-01T10:10:00Z,3.09,gauge_zero
2026-09-01 07:20:00,2026-09-01T10:20:00Z,3.08,gauge_zero
2026-09-01 07:30:00,2026-09-01T10:30:00Z,3.07,gauge_zero
2026-09-01 07:40:00,2026-09-01T10:40:00Z,3.07,gauge_zero
2026-09-01 07:50:00,2026-09-01T10:50:00Z,3.06,gauge_zero
2026-09-01 08:00:00,2026-09-01T11:00:00Z,3.05,gauge_zero
2026-09-01 08:10:00,2026-09-01T11:10:00Z,3.05,gauge_zero
2026-09-01 08:20:00,2026-09-01T11:20:00Z,3.04,gauge_zero
2026-09-01 08:30:00,2026-09-01T11:30:00Z,3.02,gauge_zero
2026-09-01 08:40:00,2026-09-01T11:40:00Z,3.02,gauge_zero
2026-09-01 08:50:00,2026-09-01T11:50:00Z,3.03,gauge_zero
2026-09-01 09:00:00,2026-09-01T12:00:00Z,3.02,gauge_zero
2026-09-01 09:10:00,2026-09-01T12:10:00Z,3.01,gauge_zero
2026-09-01 09:20:00,2026-09-01T12:20:00Z,3.01,gauge_zero
2026-09-01 09:30:00,2026-09-01T12:30:00Z,3.03,gauge_zero
2026-09-01 09:40:00,2026-09-01T12:40:00Z,2.99,gauge_zero
2026-09-01 09:50:00,2026-09-01T12:50:00Z,2.99,gauge_zero
2026-09-01 10:00:00,2026-09-01T13:00:00Z,3.01,gauge_zero
2026-09-01 10:10:00,2026-09-01T13:10:00Z,2.99,gauge_zero
2026-09-01 10:20:00,2026-09-01T13:20:00Z,2.98,gauge_zero
2026-09-01 10:30:00,2026-09-01T13:30:00Z,2.98,gauge_zero
2026-09-01 10:40:00,2026-09-01T13:40:00Z,2.98,gauge_zero
2026-09-01 10:50:00,2026-09-01T13:50:00Z,2.97,gauge_zero
2026-09-01 11:00:00,2026-09-01T14:00:00Z,2.97,gauge_zero
2026-09-01 11:10:00,2026-09-01T14:10:00Z,2.96,gauge_zero
2026-09-01 11:20:00,2026-09-01T14:20:00Z,2.95,gauge_zero
2026-09-01 11:30:00,2026-09-01T14:30:00Z,2.94,gauge_zero
2026-09-01 11:40:00,2026-09-01T14:40:00Z,2.94,gauge_zero
2026-09-01 11:50:00,2026-09-01T14:50:00Z,2.94,gauge_zero
2026-09-01 12:00:00,2026-09-01T15:00:00Z,2.95,gauge_zero
2026-09-01 12:10:00,2026-09-01T15:10:00Z,2.94,gauge_zero
2026-09-01 12:20:00,2026-09-01T15:20:00Z,2.93,gauge_zero
2026-09-01 12:30:00,2026-09-01T15:30:00Z,2.92,gauge_zero
2026-09-01 12:40:00,2026-09-01T15:40:00Z,2.92,gauge_zero
2026-09-01 12:50:00,2026-09-01T15:50:00Z,2.92,gauge_zero
2026-09-01 13:00:00,2026-09-01T16:00:00Z,2.92,gauge_zero
2026-09-01 13:10:00,2026-09-01T16:10:00Z,2.91,gauge_zero
2026-09-01 13:20:00,2026-09-01T16:20:00Z,2.91,gauge_zero
2026-09-01 13:30:00,2026-09-01T16:30:00Z,2.91,gauge_zero
2026-09-01 13:40:00,2026-09-01T16:40:00Z,2.9,gauge_zero
2026-09-01 13:50:00,2026-09-01T16:50:00Z,2.9,gauge_zero
2026-09-01 14:00:00,2026-09-01T17:00:00Z,2.89,gauge_zero
2026-09-01 14:10:00,2026-09-01T17:10:00Z,2.89,gauge_zero
2026-09-01 14:20:00,2026-09-01T17:20:00Z,2.88,gauge_zero
2026-09-01 14:30:00,2026-09-01T17:30:00Z,2.88,gauge_zero
2026-09-01 14:40:00,2026-09-01T17:40:00Z,2.87,gauge_zero
2026-09-01 14:50:00,2026-09-01T17:50:00Z,2.88,gauge_zero
2026-09-01 15:00:00,2026-09-01T18:00:00Z,2.87,gauge_zero
2026-09-01 15:10:00,2026-09-01T18:10:00Z,2.87,gauge_zero
2026-09-01 15:20:00,2026-09-01T18:20:00Z,2.87,gauge_zero
2026-09-01 15:30:00,2026-09-01T18:30:00Z,2.87,gauge_zero
2026-09-01 15:40:00,2026-09-01T18:40:00Z,2.86,gauge_zero
2026-09-01 15:50:00,2026-09-01T18:50:00Z,2.86,gauge_zero
2026-09-01 16:00:00,2026-09-01T19:00:00Z,2.86,gauge_zero
2026-09-01 16:10:00,2026-09-01T19:10:00Z,2.85,gauge_zero
2026-09-01 16:20:00,2026-09-01T19:20:00Z,2.85,gauge_zero
2026-09-01 16:30:00,2026-09-01T19:30:00Z,2.85,gauge_zero
2026-09-01 16:40:00,2026-09-01T19:40:00Z,2.85,gauge_zero
2026-09-01 16:50:00,2026-09-01T19:50:00Z,2.84,gauge_zero
2026-09-01 17:00:00,2026-09-01T20:00:00Z,2.84,gauge_zero
2026-09-01 17:10:00,2026-09-01T20:10:00Z,2.84,gauge_zero
2026-09-01 17:20:00,2026-09-01T20:20:00Z,2.84,gauge_zero
2026-09-01 17:30:00,2026-09-01T20:30:00Z,2.84,gauge_zero
2026-09-01 17:40:00,2026-09-01T20:40:00Z,2.84,gauge_zero
2026-09-01 17:50:00,2026-09-01T20:50:00Z,2.83,gauge_zero
2026-09-01 18:00:00,2026-09-01T21:00:00Z,2.83,gauge_zero
2026-09-01 18:10:00,2026-09-01T21:10:00Z,2.81,gauge_zero
2026-09-01 18:20:00,2026-09-01T21:20:00Z,2.83,gauge_zero
2026-09-01 18:30:00,2026-09-01T21:30:00Z,2.83,gauge_zero
2026-09-01 18:40:00,2026-09-01T21:40:00Z,2.82,gauge_zero
2026-09-01 18:50:00,2026-09-01T21:50:00Z,2.82,gauge_zero
2026-09-01 19:00:00,2026-09-01T22:00:00Z,2.82,gauge_zero
2026-09-01 19:10:00,2026-09-01T22:10:00Z,2.81,gauge_zero
2026-09-01 19:20:00,2026-09-01T22:20:00Z,2.81,gauge_zero
2026-09-01 19:30:00,2026-09-01T22:30:00Z,2.81,gauge_zero
2026-09-01 19:40:00,2026-09-01T22:40:00Z,2.81,gauge_zero
2026-09-01 19:50:00,2026-09-01T22:50:00Z,2.81,gauge_zero
2026-09-01 20:00:00,2026-09-01T23:00:00Z,2.8,gauge_zero
2026-09-01 20:10:00,2026-09-01T23:10:00Z,2.8,gauge_zero
2026-09-01 20:20:00,2026-09-01T23:20:00Z,2.8,gauge_zero
2026-09-01 20:30:00,2026-09-01T23:30:00Z,2.8,gauge_zero
2026-09-01 20:40:00,2026-09-01T23:40:00Z,2.8,gauge_zero
2026-09-01 20:50:00,2026-09-01T23:50:00Z,2.8,gauge_zero
2026-09-01 21:00:00,2026-09-02T00:00:00Z,2.79,gauge_zero
2026-09-01 21:10:00,2026-09-02T00:10:00Z,2.79,gauge_zero
2026-09-01 21:20:00,2026-09-02T00:20:00Z,2.79,gauge_zero
2026-09-01 21:30:00,2026-09-02T00:30:00Z,2.79,gauge_zero
2026-09-01 21:40:00,2026-09-02T00:40:00Z,2.79,gauge_zero
2026-09-01 21:50:00,2026-09-02T00:50:00Z,2.79,gauge_zero
2026-09-01 22:00:00,2026-09-02T01:00:00Z,2.78,gauge_zero
2026-09-01 22:10:00,2026-09-02T01:10:00Z,2.78,gauge_zero
2026-09-01 22:20:00,2026-09-02T01:20:00Z,2.78,gauge_zero
2026-09-01 22:30:00,2026-09-02T01:30:00Z,2.78,gauge_zero
2026-09-01 22:40:00,2026-09-02T01:40:00Z,2.78,gauge_zero
2026-09-01 22:50:00,2026-09-02T01:50:00Z,2.78,gauge_zero
2026-09-01 23:00:00,2026-09-02T02:00:00Z,2.78,gauge_zero
2026-09-01 23:10:00,2026-09-02T02:10:00Z,2.77,gauge_zero
2026-09-01 23:20:00,2026-09-02T02:20:00Z,2.77,gauge_zero
2026-09-01 23:30:00,2026-09-02T02:30:00Z,2.77,gauge_zero
2026-09-01 23:40:00,2026-09-02T02:40:00Z,2.77,gauge_zero
2026-09-01 23:50:00,2026-09-02T02:50:00Z,2.76,gauge_zero
2026-09-02 00:00:00,2026-09-02T03:00:00Z,2.76,gauge_zero
2026-09-02 00:10:00,2026-09-02T03:10:00Z,2.76,gauge_zero
2026-09-02 00:20:00,2026-09-02T03:20:00Z,2.77,gauge_zero
2026-09-02 00:30:00,2026-09-02T03:30:00Z,2.76,gauge_zero
2026-09-02 00:40:00,2026-09-02T03:40:00Z,2.76,gauge_zero
2026-09-02 00:50:00,2026-09-02T03:50:00Z,2.76,gauge_zero
2026-09-02 01:00:00,2026-09-02T04:00:00Z,2.76,gauge_zero
2026-09-02 01:10:00,2026-09-02T04:10:00Z,2.76,gauge_zero
2026-09-02 01:20:00,2026-09-02T04:20:00Z,2.75,gauge_zero
2026-09-02 01:30:00,2026-09-02T04:30:00Z,2.75,gauge_zero
2026-09-02 01:40:00,2026-09-02T04:40:00Z,2.75,gauge_zero
2026-09-02 01:50:00,2026-09-02T04:50:00Z,2.75,gauge_zero
2026-09-02 02:00:00,2026-09-02T05:00:00Z,2.75,gauge_zero
2026-09-02 02:10:00,2026-09-02T05:10:00Z,2.75,gauge_zero
2026-09-02 02:20:00,2026-09-02T05:20:00Z,2.75,gauge_zero
2026-09-02 02:30:00,2026-09-02T05:30:00Z,2.75,gauge_zero
2026-09-02 02:40:00,2026-09-02T05:40:00Z,2.74,gauge_zero
2026-09-02 02:50:00,2026-09-02T05:50:00Z,2.74,gauge_zero
2026-09-02 03:00:00,2026-09-02T06:00:00Z,2.74,gauge_zero
2026-09-02 03:10:00,2026-09-02T06:10:00Z,2.74,gauge_zero
2026-09-02 03:20:00,2026-09-02T06:20:00Z,2.74,gauge_zero
2026-09-02 03:30:00,2026-09-02T06:30:00Z,2.74,gauge_zero
2026-09-02 03:40:00,2026-09-02T06:40:00Z,2.74,gauge_zero
2026-09-02 03:50:00,2026-09-02T06:50:00Z,2.73,gauge_zero
2026-09-02 04:00:00,2026-09-02T07:00:00Z,2.73,gauge_zero
2026-09-02 04:10:00,2026-09-02T07:10:00Z,2.74,gauge_zero
2026-09-02 04:20:00,2026-09-02T07:20:00Z,2.73,gauge_zero
2026-09-02 04:30:00,2026-09-02T07:30:00Z,2.73,gauge_zero
2026-09-02 04:40:00,2026-09-02T07:40:00Z,2.73,gauge_zero
2026-09-02 04:50:00,2026-09-02T07:50:00Z,2.73,gauge_zero
2026-09-02 05:00:00,2026-09-02T08:00:00Z,2.73,gauge_zero
2026-09-02 05:10:00,2026-09-02T08:10:00Z,2.73,gauge_zero
2026-09-02 05:20:00,2026-09-02T08:20:00Z,2.72,gauge_zero
2026-09-02 05:30:00,2026-09-02T08:30:00Z,2.73,gauge_zero
2026-09-02 05:40:00,2026-09-02T08:40:00Z,2.72,gauge_zero
2026-09-02 05:50:00,2026-09-02T08:50:00Z,2.72,gauge_zero
2026-09-02 06:00:00,2026-09-02T09:00:00Z,2.72,gauge_zero
2026-09-02 06:10:00,2026-09-02T09:10:00Z,2.72,gauge_zero
2026-09-02 06:20:00,2026-09-02T09:20:00Z,2.71,gauge_zero
2026-09-02 06:30:00,2026-09-02T09:30:00Z,2.72,gauge_zero
2026-09-02 06:40:00,2026-09-02T09:40:00Z,2.72,gauge_zero
2026-09-02 06:50:00,2026-09-02T09:50:00Z,2.71,gauge_zero
2026-09-02 07:00:00,2026-09-02T10:00:00Z,2.71,gauge_zero
2026-09-02 07:10:00,2026-09-02T10:10:00Z,2.71,gauge_zero
2026-09-02 07:20:00,2026-09-02T10:20:00Z,2.71,gauge_zero
2026-09-02 07:30:00,2026-09-02T10:30:00Z,2.71,gauge_zero
2026-09-02 07:40:00,2026-09-02T10:40:00Z,2.71,gauge_zero
2026-09-02 07:50:00,2026-09-02T10:50:00Z,2.7,gauge_zero
2026-09-02 08:00:00,2026-09-02T11:00:00Z,2.7,gauge_zero
2026-09-02 08:10:00,2026-09-02T11:10:00Z,2.71,gauge_zero
2026-09-02 08:20:00,2026-09-02T11:20:00Z,2.69,gauge_zero
2026-09-02 08:30:00,2026-09-02T11:30:00Z,2.69,gauge_zero
2026-09-02 08:40:00,2026-09-02T11:40:00Z,2.71,gauge_zero
2026-09-02 08:50:00,2026-09-02T11:50:00Z,2.71,gauge_zero
2026-09-02 09:00:00,2026-09-02T12:00:00Z,2.7,gauge_zero
2026-09-02 09:10:00,2026-09-02T12:10:00Z,2.69,gauge_zero
2026-09-02 09:20:00,2026-09-02T12:20:00Z,2.69,gauge_zero
2026-09-02 09:30:00,2026-09-02T12:30:00Z,2.69,gauge_zero
2026-09-02 09:40:00,2026-09-02T12:40:00Z,2.69,gauge_zero
2026-09-02 09:50:00,2026-09-02T12:50:00Z,2.68,gauge_zero
2026-09-02 10:00:00,2026-09-02T13:00:00Z,2.69,gauge_zero
2026-09-02 10:10:00,2026-09-02T13:10:00Z,2.68,gauge_zero
2026-09-02 10:20:00,2026-09-02T13:20:00Z,2.68,gauge_zero
2026-09-02 10:30:00,2026-09-02T13:30:00Z,2.68,gauge_zero
2026-09-02 10:40:00,2026-09-02T13:40:00Z,2.68,gauge_zero
2026-09-02 10:50:00,2026-09-02T13:50:00Z,2.68,gauge_zero
2026-09-02 11:00:00,2026-09-02T14:00:00Z,2.68,gauge_zero
2026-09-02 11:10:00,2026-09-02T14:10:00Z,2.67,gauge_zero
2026-09-02 11:20:00,2026-09-02T14:20:00Z,2.67,gauge_zero
2026-09-02 11:30:00,2026-09-02T14:30:00Z,2.66,gauge_zero
2026-09-02 11:40:00,2026-09-02T14:40:00Z,2.68,gauge_zero
2026-09-02 11:50:00,2026-09-02T14:50:00Z,2.68,gauge_zero
2026-09-02 12:00:00,2026-09-02T15:00:00Z,2.67,gauge_zero
2026-09-02 12:10:00,2026-09-02T15:10:00Z,2.67,gauge_zero
2026-09-02 12:20:00,2026-09-02T15:20:00Z,2.66,gauge_zero
2026-09-02 12:30:00,2026-09-02T15:30:00Z,2.66,gauge_zero
2026-09-02 12:40:00,2026-09-02T15:40:00Z,2.66,gauge_zero
2026-09-02 12:50:00,2026-09-02T15:50:00Z,2.66,gauge_zero
2026-09-02 13:00:00,2026-09-02T16:00:00Z,2.66,gauge_zero
2026-09-02 13:10:00,2026-09-02T16:10:00Z,2.66,gauge_zero
2026-09-02 13:20:00,2026-09-02T16:20:00Z,2.66,gauge_zero
2026-09-02 13:30:00,2026-09-02T16:30:00Z,2.66,gauge_zero
2026-09-02 13:40:00,2026-09-02T16:40:00Z,2.66,gauge_zero
2026-09-02 13:50:00,2026-09-02T16:50:00Z,2.66,gauge_zero
2026-09-02 14:00:00,2026-09-02T17:00:00Z,2.65,gauge_zero
2026-09-02 14:10:00,2026-09-02T17:10:00Z,2.65,gauge_zero
2026-09-02 14:20:00,2026-09-02T17:20:00Z,2.65,gauge_zero
2026-09-02 14:30:00,2026-09-02T17:30:00Z,2.65,gauge_zero
2026-09-02 14:40:00,2026-09-02T17:40:00Z,2.65,gauge_zero
2026-09-02 14:50:00,2026-09-02T17:50:00Z,2.64,gauge_zero
2026-09-02 15:00:00,2026-09-02T18:00:00Z,2.65,gauge_zero
2026-09-02 15:10:00,2026-09-02T18:10:00Z,2.64,gauge_zero
2026-09-02 15:20:00,2026-09-02T18:20:00Z,2.64,gauge_zero
2026-09-02 15:30:00,2026-09-02T18:30:00Z,2.64,gauge_zero
2026-09-02 15:40:00,2026-09-02T18:40:00Z,2.64,gauge_zero
2026-09-02 15:50:00,2026-09-02T18:50:00Z,2.64,gauge_zero
2026-09-02 16:00:00,2026-09-02T19:00:00Z,2.63,gauge_zero
2026-09-02 16:10:00,2026-09-02T19:10:00Z,2.63,gauge_zero
2026-09-02 16:20:00,2026-09-02T19:20:00Z,2.63,gauge_zero
2026-09-02 16:30:00,2026-09-02T19:30:00Z,2.64,gauge_zero
2026-09-02 16:40:00,2026-09-02T19:40:00Z,2.64,gauge_zero
2026-09-02 16:50:00,2026-09-02T19:50:00Z,2.64,gauge_zero
2026-09-02 17:00:00,2026-09-02T20:00:00Z,2.63,gauge_zero
2026-09-02 17:10:00,2026-09-02T20:10:00Z,2.61,gauge_zero
2026-09-02 17:20:00,2026-09-02T20:20:00Z,2.62,gauge_zero
2026-09-02 17:30:00,2026-09-02T20:30:00Z,2.64,gauge_zero
2026-09-02 17:40:00,2026-09-02T20:40:00Z,2.64,gauge_zero
2026-09-02 17:50:00,2026-09-02T20:50:00Z,2.64,gauge_zero
2026-09-02 18:00:00,2026-09-02T21:00:00Z,2.67,gauge_zero
2026-09-02 18:10:00,2026-09-02T21:10:00Z,2.65,gauge_zero
2026-09-02 18:20:00,2026-09-02T21:20:00Z,2.63,gauge_zero
2026-09-02 18:30:00,2026-09-02T21:30:00Z,2.63,gauge_zero
2026-09-02 18:40:00,2026-09-02T21:40:00Z,2.63,gauge_zero
2026-09-02 18:50:00,2026-09-02T21:50:00Z,2.63,gauge_zero
2026-09-02 19:00:00,2026-09-02T22:00:00Z,2.63,gauge_zero
2026-09-02 19:10:00,2026-09-02T22:10:00Z,2.63,gauge_zero
2026-09-02 19:20:00,2026-09-02T22:20:00Z,2.63,gauge_zero
2026-09-02 19:30:00,2026-09-02T22:30:00Z,2.63,gauge_zero
2026-09-02 19:40:00,2026-09-02T22:40:00Z,2.63,gauge_zero
2026-09-02 19:50:00,2026-09-02T22:50:00Z,2.62,gauge_zero
2026-09-02 20:00:00,2026-09-02T23:00:00Z,2.63,gauge_zero
2026-09-02 20:10:00,2026-09-02T23:10:00Z,2.63,gauge_zero
2026-09-02 20:20:00,2026-09-02T23:20:00Z,2.63,gauge_zero
2026-09-02 20:30:00,2026-09-02T23:30:00Z,2.63,gauge_zero
2026-09-02 20:40:00,2026-09-02T23:40:00Z,2.62,gauge_zero
2026-09-02 20:50:00,2026-09-02T23:50:00Z,2.62,gauge_zero
2026-09-02 21:00:00,2026-09-03T00:00:00Z,2.62,gauge_zero
2026-09-02 21:10:00,2026-09-03T00:10:00Z,2.62,gauge_zero
2026-09-02 21:20:00,2026-09-03T00:20:00Z,2.62,gauge_zero
2026-09-02 21:30:00,2026-09-03T00:30:00Z,2.62,gauge_zero
2026-09-02 21:40:00,2026-09-03T00:40:00Z,2.62,gauge_zero
2026-09-02 21:50:00,2026-09-03T00:50:00Z,2.62,gauge_zero
2026-09-02 22:00:00,2026-09-03T01:00:00Z,2.61,gauge_zero
2026-09-02 22:10:00,2026-09-03T01:10:00Z,2.61,gauge_zero
2026-09-02 22:20:00,2026-09-03T01:20:00Z,2.62,gauge_zero
2026-09-02 22:30:00,2026-09-03T01:30:00Z,2.62,gauge_zero
2026-09-02 22:40:00,2026-09-03T01:40:00Z,2.61,gauge_zero
2026-09-02 22:50:00,2026-09-03T01:50:00Z,2.61,gauge_zero
2026-09-02 23:00:00,2026-09-03T02:00:00Z,2.61,gauge_zero
2026-09-02 23:10:00,2026-09-03T02:10:00Z,2.61,gauge_zero
2026-09-02 23:20:00,2026-09-03T02:20:00Z,2.61,gauge_zero
2026-09-02 23:30:00,2026-09-03T02:30:00Z,2.61,gauge_zero
2026-09-02 23:40:00,2026-09-03T02:40:00Z,2.61,gauge_zero
2026-09-02 23:50:00,2026-09-03T02:50:00Z,2.61,gauge_zero
2026-09-03 00:00:00,2026-09-03T03:00:00Z,2.61,gauge_zero
2026-09-03 00:10:00,2026-09-03T03:10:00Z,2.61,gauge_zero
2026-09-03 00:20:00,2026-09-03T03:20:00Z,2.61,gauge_zero
2026-09-03 00:30:00,2026-09-03T03:30:00Z,2.61,gauge_zero
2026-09-03 00:40:00,2026-09-03T03:40:00Z,2.6,gauge_zero
2026-09-03 00:50:00,2026-09-03T03:50:00Z,2.61,gauge_zero
2026-09-03 01:00:00,2026-09-03T04:00:00Z,2.61,gauge_zero
2026-09-03 01:10:00,2026-09-03T04:10:00Z,2.61,gauge_zero
2026-09-03 01:20:00,2026-09-03T04:20:00Z,2.61,gauge_zero
2026-09-03 01:30:00,2026-09-03T04:30:00Z,2.61,gauge_zero
2026-09-03 01:40:00,2026-09-03T04:40:00Z,2.61,gauge_zero
2026-09-03 01:50:00,2026-09-03T04:50:00Z,2.6,gauge_zero
2026-09-03 02:00:00,2026-09-03T05:00:00Z,2.59,gauge_zero
2026-09-03 02:10:00,2026-09-03T05:10:00Z,2.57,gauge_zero
2026-09-03 02:20:00,2026-09-03T05:20:00Z,2.54,gauge_zero
2026-09-03 02:30:00,2026-09-03T05:30:00Z,2.64,gauge_zero
2026-09-03 02:40:00,2026-09-03T05:40:00Z,2.63,gauge_zero
2026-09-03 02:50:00,2026-09-03T05:50:00Z,2.62,gauge_zero
2026-09-03 03:00:00,2026-09-03T06:00:00Z,2.6,gauge_zero
2026-09-03 03:10:00,2026-09-03T06:10:00Z,2.6,gauge_zero
2026-09-03 03:20:00,2026-09-03T06:20:00Z,2.6,gauge_zero
2026-09-03 03:30:00,2026-09-03T06:30:00Z,2.6,gauge_zero
2026-09-03 03:40:00,2026-09-03T06:40:00Z,2.6,gauge_zero
2026-09-03 03:50:00,2026-09-03T06:50:00Z,2.6,gauge_zero
2026-09-03 04:00:00,2026-09-03T07:00:00Z,2.6,gauge_zero
2026-09-03 04:10:00,2026-09-03T07:10:00Z,2.6,gauge_zero
2026-09-03 04:20:00,2026-09-03T07:20:00Z,2.6,gauge_zero
2026-09-03 04:30:00,2026-09-03T07:30:00Z,2.6,gauge_zero
2026-09-03 04:40:00,2026-09-03T07:40:00Z,2.6,gauge_zero
2026-09-03 04:50:00,2026-09-03T07:50:00Z,2.59,gauge_zero
2026-09-03 05:00:00,2026-09-03T08:00:00Z,2.59,gauge_zero
2026-09-03 05:10:00,2026-09-03T08:10:00Z,2.6,gauge_zero
2026-09-03 05:20:00,2026-09-03T08:20:00Z,2.6,gauge_zero
2026-09-03 05:30:00,2026-09-03T08:30:00Z,2.59,gauge_zero
2026-09-03 05:40:00,2026-09-03T08:40:00Z,2.6,gauge_zero
2026-09-03 05:50:00,2026-09-03T08:50:00Z,2.59,gauge_zero
2026-09-03 06:00:00,2026-09-03T09:00:00Z,2.6,gauge_zero
2026-09-03 06:10:00,2026-09-03T09:10:00Z,2.59,gauge_zero
2026-09-03 06:20:00,2026-09-03T09:20:00Z,2.59,gauge_zero
2026-09-03 06:30:00,2026-09-03T09:30:00Z,2.59,gauge_zero
2026-09-03 06:40:00,2026-09-03T09:40:00Z,2.59,gauge_zero
2026-09-03 06:50:00,2026-09-03T09:50:00Z,2.58,gauge_zero
2026-09-03 07:00:00,2026-09-03T10:00:00Z,2.57,gauge_zero
2026-09-03 07:10:00,2026-09-03T10:10:00Z,2.58,gauge_zero
2026-09-03 07:20:00,2026-09-03T10:20:00Z,2.6,gauge_zero
2026-09-03 07:30:00,2026-09-03T10:30:00Z,2.59,gauge_zero
2026-09-03 07:40:00,2026-09-03T10:40:00Z,2.59,gauge_zero
2026-09-03 07:50:00,2026-09-03T10:50:00Z,2.59,gauge_zero
2026-09-03 08:00:00,2026-09-03T11:00:00Z,2.59,gauge_zero
2026-09-03 08:10:00,2026-09-03T11:10:00Z,2.59,gauge_zero
2026-09-03 08:20:00,2026-09-03T11:20:00Z,2.59,gauge_zero
2026-09-03 08:30:00,2026-09-03T11:30:00Z,2.59,gauge_zero
2026-09-03 08:40:00,2026-09-03T11:40:00Z,2.59,gauge_zero
2026-09-03 08:50:00,2026-09-03T11:50:00Z,2.59,gauge_zero
2026-09-03 09:00:00,2026-09-03T12:00:00Z,2.59,gauge_zero
2026-09-03 09:10:00,2026-09-03T12:10:00Z,2.59,gauge_zero
2026-09-03 09:20:00,2026-09-03T12:20:00Z,2.58,gauge_zero
2026-09-03 09:30:00,2026-09-03T12:30:00Z,2.58,gauge_zero
2026-09-03 09:40:00,2026-09-03T12:40:00Z,2.57,gauge_zero
2026-09-03 09:50:00,2026-09-03T12:50:00Z,2.55,gauge_zero
2026-09-03 10:00:00,2026-09-03T13:00:00Z,2.55,gauge_zero
2026-09-03 10:10:00,2026-09-03T13:10:00Z,2.6,gauge_zero
2026-09-03 10:20:00,2026-09-03T13:20:00Z,2.59,gauge_zero
2026-09-03 10:30:00,2026-09-03T13:30:00Z,2.58,gauge_zero
2026-09-03 10:40:00,2026-09-03T13:40:00Z,2.58,gauge_zero
2026-09-03 10:50:00,2026-09-03T13:50:00Z,2.57,gauge_zero
2026-09-03 11:00:00,2026-09-03T14:00:00Z,2.58,gauge_zero
2026-09-03 11:10:00,2026-09-03T14:10:00Z,2.57,gauge_zero
2026-09-03 11:20:00,2026-09-03T14:20:00Z,2.57,gauge_zero
2026-09-03 11:30:00,2026-09-03T14:30:00Z,2.57,gauge_zero
2026-09-03 11:40:00,2026-09-03T14:40:00Z,2.57,gauge_zero
2026-09-03 11:50:00,2026-09-03T14:50:00Z,2.57,gauge_zero
2026-09-03 12:00:00,2026-09-03T15:00:00Z,2.57,gauge_zero
2026-09-03 12:10:00,2026-09-03T15:10:00Z,2.57,gauge_zero
2026-09-03 12:20:00,2026-09-03T15:20:00Z,2.57,gauge_zero
2026-09-03 12:30:00,2026-09-03T15:30:00Z,2.57,gauge_zero
2026-09-03 12:40:00,2026-09-03T15:40:00Z,2.57,gauge_zero
2026-09-03 12:50:00,2026-09-03T15:50:00Z,2.56,gauge_zero
2026-09-03 13:00:00,2026-09-03T16:00:00Z,2.56,gauge_zero
2026-09-03 13:10:00,2026-09-03T16:10:00Z,2.57,gauge_zero
2026-09-03 13:20:00,2026-09-03T16:20:00Z,2.56,gauge_zero
2026-09-03 13:30:00,2026-09-03T16:30:00Z,2.56,gauge_zero
2026-09-03 13:40:00,2026-09-03T16:40:00Z,2.56,gauge_zero
2026-09-03 13:50:00,2026-09-03T16:50:00Z,2.56,gauge_zero
2026-09-03 14:00:00,2026-09-03T17:00:00Z,2.56,gauge_zero
2026-09-03 14:10:00,2026-09-03T17:10:00Z,2.55,gauge_zero
2026-09-03 14:20:00,2026-09-03T17:20:00Z,2.56,gauge_zero
2026-09-03 14:30:00,2026-09-03T17:30:00Z,2.56,gauge_zero
2026-09-03 14:40:00,2026-09-03T17:40:00Z,2.55,gauge_zero
2026-09-03 14:50:00,2026-09-03T17:50:00Z,2.55,gauge_zero
2026-09-03 15:00:00,2026-09-03T18:00:00Z,2.55,gauge_zero
2026-09-03 15:10:00,2026-09-03T18:10:00Z,2.55,gauge_zero
2026-09-03 15:20:00,2026-09-03T18:20:00Z,2.55,gauge_zero
2026-09-03 15:30:00,2026-09-03T18:30:00Z,2.55,gauge_zero
2026-09-03 15:40:00,2026-09-03T18:40:00Z,2.55,gauge_zero
2026-09-03 15:50:00,2026-09-03T18:50:00Z,2.55,gauge_zero
2026-09-03 16:00:00,2026-09-03T19:00:00Z,2.55,gauge_zero
2026-09-03 16:10:00,2026-09-03T19:10:00Z,2.54,gauge_zero
2026-09-03 16:20:00,2026-09-03T19:20:00Z,2.54,gauge_zero
2026-09-03 16:30:00,2026-09-03T19:30:00Z,2.55,gauge_zero
2026-09-03 16:40:00,2026-09-03T19:40:00Z,2.55,gauge_zero
2026-09-03 16:50:00,2026-09-03T19:50:00Z,2.55,gauge_zero
2026-09-03 17:00:00,2026-09-03T20:00:00Z,2.55,gauge_zero
2026-09-03 17:10:00,2026-09-03T20:10:00Z,2.55,gauge_zero
2026-09-03 17:20:00,2026-09-03T20:20:00Z,2.55,gauge_zero
2026-09-03 17:30:00,2026-09-03T20:30:00Z,2.55,gauge_zero
2026-09-03 17:40:00,2026-09-03T20:40:00Z,2.55,gauge_zero
2026-09-03 17:50:00,2026-09-03T20:50:00Z,2.55,gauge_zero
2026-09-03 18:00:00,2026-09-03T21:00:00Z,2.55,gauge_zero
2026-09-03 18:10:00,2026-09-03T21:10:00Z,2.55,gauge_zero
2026-09-03 18:20:00,2026-09-03T21:20:00Z,2.55,gauge_zero
2026-09-03 18:30:00,2026-09-03T21:30:00Z,2.55,gauge_zero
2026-09-03 18:40:00,2026-09-03T21:40:00Z,2.55,gauge_zero
2026-09-03 18:50:00,2026-09-03T21:50:00Z,2.55,gauge_zero
2026-09-03 19:00:00,2026-09-03T22:00:00Z,2.55,gauge_zero
2026-09-03 19:10:00,2026-09-03T22:10:00Z,2.54,gauge_zero
2026-09-03 19:20:00,2026-09-03T22:20:00Z,2.55,gauge_zero
2026-09-03 19:30:00,2026-09-03T22:30:00Z,2.54,gauge_zero
2026-09-03 19:40:00,2026-09-03T22:40:00Z,2.55,gauge_zero
2026-09-03 19:50:00,2026-09-03T22:50:00Z,2.55,gauge_zero
2026-09-03 20:00:00,2026-09-03T23:00:00Z,2.55,gauge_zero
2026-09-03 20:10:00,2026-09-03T23:10:00Z,2.55,gauge_zero
2026-09-03 20:20:00,2026-09-03T23:20:00Z,2.55,gauge_zero
2026-09-03 20:30:00,2026-09-03T23:30:00Z,2.55,gauge_zero
2026-09-03 20:40:00,2026-09-03T23:40:00Z,2.54,gauge_zero
2026-09-03 20:50:00,2026-09-03T23:50:00Z,2.55,gauge_zero
2026-09-03 21:00:00,2026-09-04T00:00:00Z,2.55,gauge_zero
2026-09-03 21:10:00,2026-09-04T00:10:00Z,2.55,gauge_zero
2026-09-03 21:20:00,2026-09-04T00:20:00Z,2.55,gauge_zero
2026-09-03 21:30:00,2026-09-04T00:30:00Z,2.55,gauge_zero
2026-09-03 21:40:00,2026-09-04T00:40:00Z,2.55,gauge_zero
2026-09-03 21:50:00,2026-09-04T00:50:00Z,2.55,gauge_zero
2026-09-03 22:00:00,2026-09-04T01:00:00Z,2.55,gauge_zero
2026-09-03 22:10:00,2026-09-04T01:10:00Z,2.55,gauge_zero
2026-09-03 22:20:00,2026-09-04T01:20:00Z,2.54,gauge_zero
2026-09-03 22:30:00,2026-09-04T01:30:00Z,2.55,gauge_zero
2026-09-03 22:40:00,2026-09-04T01:40:00Z,2.54,gauge_zero
2026-09-03 22:50:00,2026-09-04T01:50:00Z,2.54,gauge_zero
2026-09-03 23:00:00,2026-09-04T02:00:00Z,2.54,gauge_zero
2026-09-03 23:10:00,2026-09-04T02:10:00Z,2.54,gauge_zero
2026-09-03 23:20:00,2026-09-04T02:20:00Z,2.54,gauge_zero
2026-09-03 23:30:00,2026-09-04T02:30:00Z,2.54,gauge_zero
2026-09-03 23:40:00,2026-09-04T02:40:00Z,2.54,gauge_zero
2026-09-03 23:50:00,2026-09-04T02:50:00Z,2.54,gauge_zero
2026-09-04 00:00:00,2026-09-04T03:00:00Z,2.54,gauge_zero
2026-09-04 00:10:00,2026-09-04T03:10:00Z,2.54,gauge_zero
2026-09-04 00:20:00,2026-09-04T03:20:00Z,2.54,gauge_zero
2026-09-04 00:30:00,2026-09-04T03:30:00Z,2.54,gauge_zero
2026-09-04 00:40:00,2026-09-04T03:40:00Z,2.54,gauge_zero
2026-09-04 00:50:00,2026-09-04T03:50:00Z,2.54,gauge_zero
2026-09-04 01:00:00,2026-09-04T04:00:00Z,2.54,gauge_zero
2026-09-04 01:10:00,2026-09-04T04:10:00Z,2.54,gauge_zero
2026-09-04 01:20:00,2026-09-04T04:20:00Z,2.54,gauge_zero
2026-09-04 01:30:00,2026-09-04T04:30:00Z,2.54,gauge_zero
2026-09-04 01:40:00,2026-09-04T04:40:00Z,2.54,gauge_zero
2026-09-04 01:50:00,2026-09-04T04:50:00Z,2.54,gauge_zero
2026-09-04 02:00:00,2026-09-04T05:00:00Z,2.54,gauge_zero
2026-09-04 02:10:00,2026-09-04T05:10:00Z,2.53,gauge_zero
2026-09-04 02:20:00,2026-09-04T05:20:00Z,2.54,gauge_zero
2026-09-04 02:30:00,2026-09-04T05:30:00Z,2.54,gauge_zero
2026-09-04 02:40:00,2026-09-04T05:40:00Z,2.53,gauge_zero
2026-09-04 02:50:00,2026-09-04T05:50:00Z,2.54,gauge_zero
2026-09-04 03:00:00,2026-09-04T06:00:00Z,2.53,gauge_zero
2026-09-04 03:10:00,2026-09-04T06:10:00Z,2.54,gauge_zero
2026-09-04 03:20:00,2026-09-04T06:20:00Z,2.53,gauge_zero
2026-09-04 03:30:00,2026-09-04T06:30:00Z,2.54,gauge_zero
2026-09-04 03:40:00,2026-09-04T06:40:00Z,2.54,gauge_zero
2026-09-04 03:50:00,2026-09-04T06:50:00Z,2.53,gauge_zero
2026-09-04 04:00:00,2026-09-04T07:00:00Z,2.53,gauge_zero
2026-09-04 04:10:00,2026-09-04T07:10:00Z,2.53,gauge_zero
2026-09-04 04:20:00,2026-09-04T07:20:00Z,2.53,gauge_zero
2026-09-04 04:30:00,2026-09-04T07:30:00Z,2.53,gauge_zero
2026-09-04 04:40:00,2026-09-04T07:40:00Z,2.53,gauge_zero
2026-09-04 04:50:00,2026-09-04T07:50:00Z,2.53,gauge_zero
2026-09-04 05:00:00,2026-09-04T08:00:00Z,2.53,gauge_zero
2026-09-04 05:10:00,2026-09-04T08:10:00Z,2.53,gauge_zero
2026-09-04 05:20:00,2026-09-04T08:20:00Z,2.53,gauge_zero
2026-09-04 05:30:00,2026-09-04T08:30:00Z,2.53,gauge_zero
2026-09-04 05:40:00,2026-09-04T08:40:00Z,2.53,gauge_zero
2026-09-04 05:50:00,2026-09-04T08:50:00Z,2.53,gauge_zero
2026-09-04 06:00:00,2026-09-04T09:00:00Z,2.53,gauge_zero
2026-09-04 06:10:00,2026-09-04T09:10:00Z,2.53,gauge_zero
2026-09-04 06:20:00,2026-09-04T09:20:00Z,2.53,gauge_zero
2026-09-04 06:30:00,2026-09-04T09:30:00Z,2.53,gauge_zero
2026-09-04 06:40:00,2026-09-04T09:40:00Z,2.52,gauge_zero
2026-09-04 06:50:00,2026-09-04T09:50:00Z,2.53,gauge_zero
2026-09-04 07:00:00,2026-09-04T10:00:00Z,2.53,gauge_zero
2026-09-04 07:10:00,2026-09-04T10:10:00Z,2.53,gauge_zero
2026-09-04 07:20:00,2026-09-04T10:20:00Z,2.53,gauge_zero
2026-09-04 07:30:00,2026-09-04T10:30:00Z,2.53,gauge_zero
2026-09-04 07:40:00,2026-09-04T10:40:00Z,2.52,gauge_zero
2026-09-04 07:50:00,2026-09-04T10:50:00Z,2.51,gauge_zero
2026-09-04 08:00:00,2026-09-04T11:00:00Z,2.51,gauge_zero
2026-09-04 08:10:00,2026-09-04T11:10:00Z,2.53,gauge_zero
2026-09-04 08:20:00,2026-09-04T11:20:00Z,2.54,gauge_zero
2026-09-04 08:30:00,2026-09-04T11:30:00Z,2.54,gauge_zero
2026-09-04 08:40:00,2026-09-04T11:40:00Z,2.53,gauge_zero
2026-09-04 08:50:00,2026-09-04T11:50:00Z,2.53,gauge_zero
2026-09-04 09:00:00,2026-09-04T12:00:00Z,2.53,gauge_zero
2026-09-04 09:10:00,2026-09-04T12:10:00Z,2.53,gauge_zero
2026-09-04 09:20:00,2026-09-04T12:20:00Z,2.53,gauge_zero
2026-09-04 09:30:00,2026-09-04T12:30:00Z,2.52,gauge_zero
2026-09-04 09:40:00,2026-09-04T12:40:00Z,2.52,gauge_zero
2026-09-04 09:50:00,2026-09-04T12:50:00Z,2.52,gauge_zero
2026-09-04 10:00:00,2026-09-04T13:00:00Z,2.52,gauge_zero
2026-09-04 10:10:00,2026-09-04T13:10:00Z,2.51,gauge_zero
2026-09-04 10:20:00,2026-09-04T13:20:00Z,2.51,gauge_zero
2026-09-04 10:30:00,2026-09-04T13:30:00Z,2.51,gauge_zero
2026-09-04 10:40:00,2026-09-04T13:40:00Z,2.51,gauge_zero
2026-09-04 10:50:00,2026-09-04T13:50:00Z,2.52,gauge_zero
2026-09-04 11:00:00,2026-09-04T14:00:00Z,2.51,gauge_zero
2026-09-04 11:10:00,2026-09-04T14:10:00Z,2.51,gauge_zero
2026-09-04 11:20:00,2026-09-04T14:20:00Z,2.51,gauge_zero
2026-09-04 11:30:00,2026-09-04T14:30:00Z,2.5,gauge_zero
2026-09-04 11:40:00,2026-09-04T14:40:00Z,2.49,gauge_zero
2026-09-04 11:50:00,2026-09-04T14:50:00Z,2.49,gauge_zero
2026-09-04 12:00:00,2026-09-04T15:00:00Z,2.51,gauge_zero
2026-09-04 12:10:00,2026-09-04T15:10:00Z,2.52,gauge_zero
2026-09-04 12:20:00,2026-09-04T15:20:00Z,2.52,gauge_zero
2026-09-04 12:30:00,2026-09-04T15:30:00Z,2.52,gauge_zero
2026-09-04 12:40:00,2026-09-04T15:40:00Z,2.51,gauge_zero
2026-09-04 12:50:00,2026-09-04T15:50:00Z,2.51,gauge_zero
2026-09-04 13:00:00,2026-09-04T16:00:00Z,2.51,gauge_zero
2026-09-04 13:10:00,2026-09-04T16:10:00Z,2.51,gauge_zero
2026-09-04 13:20:00,2026-09-04T16:20:00Z,2.5,gauge_zero
2026-09-04 13:30:00,2026-09-04T16:30:00Z,2.5,gauge_zero
2026-09-04 13:40:00,2026-09-04T16:40:00Z,2.5,gauge_zero
2026-09-04 13:50:00,2026-09-04T16:50:00Z,2.5,gauge_zero
2026-09-04 14:00:00,2026-09-04T17:00:00Z,2.5,gauge_zero
2026-09-04 14:10:00,2026-09-04T17:10:00Z,2.5,gauge_zero
2026-09-04 14:20:00,2026-09-04T17:20:00Z,2.51,gauge_zero
2026-09-04 14:30:00,2026-09-04T17:30:00Z,2.5,gauge_zero
2026-09-04 14:40:00,2026-09-04T17:40:00Z,2.5,gauge_zero
2026-09-04 14:50:00,2026-09-04T17:50:00Z,2.51,gauge_zero
2026-09-04 15:00:00,2026-09-04T18:00:00Z,2.51,gauge_zero
2026-09-04 15:10:00,2026-09-04T18:10:00Z,2.5,gauge_zero
2026-09-04 15:20:00,2026-09-04T18:20:00Z,2.51,gauge_zero
2026-09-04 15:30:00,2026-09-04T18:30:00Z,2.51,gauge_zero
2026-09-04 15:40:00,2026-09-04T18:40:00Z,2.51,gauge_zero
2026-09-04 15:50:00,2026-09-04T18:50:00Z,2.51,gauge_zero
2026-09-04 16:00:00,2026-09-04T19:00:00Z,2.51,gauge_zero
2026-09-04 16:10:00,2026-09-04T19:10:00Z,2.5,gauge_zero
2026-09-04 16:20:00,2026-09-04T19:20:00Z,2.5,gauge_zero
2026-09-04 16:30:00,2026-09-04T19:30:00Z,2.5,gauge_zero
2026-09-04 16:40:00,2026-09-04T19:40:00Z,2.5,gauge_zero
2026-09-04 16:50:00,2026-09-04T19:50:00Z,2.5,gauge_zero
2026-09-04 17:00:00,2026-09-04T20:00:00Z,2.5,gauge_zero
2026-09-04 17:10:00,2026-09-04T20:10:00Z,2.51,gauge_zero
2026-09-04 17:20:00,2026-09-04T20:20:00Z,2.51,gauge_zero
2026-09-04 17:30:00,2026-09-04T20:30:00Z,2.51,gauge_zero
2026-09-04 17:40:00,2026-09-04T20:40:00Z,2.51,gauge_zero
2026-09-04 17:50:00,2026-09-04T20:50:00Z,2.51,gauge_zero
2026-09-04 18:00:00,2026-09-04T21:00:00Z,2.51,gauge_zero
2026-09-04 18:10:00,2026-09-04T21:10:00Z,2.51,gauge_zero
2026-09-04 18:20:00,2026-09-04T21:20:00Z,2.51,gauge_zero
2026-09-04 18:30:00,2026-09-04T21:30:00Z,2.51,gauge_zero
2026-09-04 18:40:00,2026-09-04T21:40:00Z,2.5,gauge_zero
2026-09-04 18:50:00,2026-09-04T21:50:00Z,2.51,gauge_zero
2026-09-04 19:00:00,2026-09-04T22:00:00Z,2.51,gauge_zero
2026-09-04 19:10:00,2026-09-04T22:10:00Z,2.51,gauge_zero
2026-09-04 19:20:00,2026-09-04T22:20:00Z,2.51,gauge_zero
2026-09-04 19:30:00,2026-09-04T22:30:00Z,2.51,gauge_zero
2026-09-04 19:40:00,2026-09-04T22:40:00Z,2.51,gauge_zero
2026-09-04 19:50:00,2026-09-04T22:50:00Z,2.51,gauge_zero
2026-09-04 20:00:00,2026-09-04T23:00:00Z,2.51,gauge_zero
2026-09-04 20:10:00,2026-09-04T23:10:00Z,2.51,gauge_zero
2026-09-04 20:20:00,2026-09-04T23:20:00Z,2.5,gauge_zero
2026-09-04 20:30:00,2026-09-04T23:30:00Z,2.5,gauge_zero
2026-09-04 20:40:00,2026-09-04T23:40:00Z,2.5,gauge_zero
2026-09-04 20:50:00,2026-09-04T23:50:00Z,2.5,gauge_zero
2026-09-04 21:00:00,2026-09-05T00:00:00Z,2.5,gauge_zero
2026-09-04 21:10:00,2026-09-05T00:10:00Z,2.51,gauge_zero
2026-09-04 21:20:00,2026-09-05T00:20:00Z,2.5,gauge_zero
2026-09-04 21:30:00,2026-09-05T00:30:00Z,2.5,gauge_zero
2026-09-04 21:40:00,2026-09-05T00:40:00Z,2.5,gauge_zero
2026-09-04 21:50:00,2026-09-05T00:50:00Z,2.5,gauge_zero
2026-09-04 22:00:00,2026-09-05T01:00:00Z,2.5,gauge_zero
2026-09-04 22:10:00,2026-09-05T01:10:00Z,2.5,gauge_zero
2026-09-04 22:20:00,2026-09-05T01:20:00Z,2.49,gauge_zero
2026-09-04 22:30:00,2026-09-05T01:30:00Z,2.49,gauge_zero
2026-09-04 22:40:00,2026-09-05T01:40:00Z,2.5,gauge_zero
2026-09-04 22:50:00,2026-09-05T01:50:00Z,2.5,gauge_zero
2026-09-04 23:00:00,2026-09-05T02:00:00Z,2.49,gauge_zero
2026-09-04 23:10:00,2026-09-05T02:10:00Z,2.5,gauge_zero
2026-09-04 23:20:00,2026-09-05T02:20:00Z,2.49,gauge_zero
2026-09-04 23:30:00,2026-09-05T02:30:00Z,2.5,gauge_zero
2026-09-04 23:40:00,2026-09-05T02:40:00Z,2.5,gauge_zero
2026-09-04 23:50:00,2026-09-05T02:50:00Z,2.5,gauge_zero
2026-09-05 00:00:00,2026-09-05T03:00:00Z,2.5,gauge_zero
2026-09-05 00:10:00,2026-09-05T03:10:00Z,2.5,gauge_zero
2026-09-05 00:20:00,2026-09-05T03:20:00Z,2.5,gauge_zero
2026-09-05 00:30:00,2026-09-05T03:30:00Z,2.5,gauge_zero
2026-09-05 00:40:00,2026-09-05T03:40:00Z,2.5,gauge_zero
2026-09-05 00:50:00,2026-09-05T03:50:00Z,2.5,gauge_zero
2026-09-05 01:00:00,2026-09-05T04:00:00Z,2.5,gauge_zero
2026-09-05 01:10:00,2026-09-05T04:10:00Z,2.49,gauge_zero
2026-09-05 01:20:00,2026-09-05T04:20:00Z,2.5,gauge_zero
2026-09-05 01:30:00,2026-09-05T04:30:00Z,2.49,gauge_zero
2026-09-05 01:40:00,2026-09-05T04:40:00Z,2.49,gauge_zero
2026-09-05 01:50:00,2026-09-05T04:50:00Z,2.49,gauge_zero
2026-09-05 02:00:00,2026-09-05T05:00:00Z,2.49,gauge_zero
2026-09-05 02:10:00,2026-09-05T05:10:00Z,2.5,gauge_zero
2026-09-05 02:20:00,2026-09-05T05:20:00Z,2.49,gauge_zero
2026-09-05 02:30:00,2026-09-05T05:30:00Z,2.49,gauge_zero
2026-09-05 02:40:00,2026-09-05T05:40:00Z,2.49,gauge_zero
2026-09-05 02:50:00,2026-09-05T05:50:00Z,2.49,gauge_zero
2026-09-05 03:00:00,2026-09-05T06:00:00Z,2.49,gauge_zero
2026-09-05 03:10:00,2026-09-05T06:10:00Z,2.49,gauge_zero
2026-09-05 03:20:00,2026-09-05T06:20:00Z,2.49,gauge_zero
2026-09-05 03:30:00,2026-09-05T06:30:00Z,2.49,gauge_zero
2026-09-05 03:40:00,2026-09-05T06:40:00Z,2.49,gauge_zero
2026-09-05 03:50:00,2026-09-05T06:50:00Z,2.49,gauge_zero
2026-09-05 04:00:00,2026-09-05T07:00:00Z,2.49,gauge_zero
2026-09-05 04:10:00,2026-09-05T07:10:00Z,2.49,gauge_zero
2026-09-05 04:20:00,2026-09-05T07:20:00Z,2.49,gauge_zero
2026-09-05 04:30:00,2026-09-05T07:30:00Z,2.5,gauge_zero
2026-09-05 04:40:00,2026-09-05T07:40:00Z,2.5,gauge_zero
2026-09-05 04:50:00,2026-09-05T07:50:00Z,2.49,gauge_zero
2026-09-05 05:00:00,2026-09-05T08:00:00Z,2.5,gauge_zero
2026-09-05 05:10:00,2026-09-05T08:10:00Z,2.5,gauge_zero
2026-09-05 05:20:00,2026-09-05T08:20:00Z,2.5,gauge_zero
2026-09-05 05:30:00,2026-09-05T08:30:00Z,2.49,gauge_zero
2026-09-05 05:40:00,2026-09-05T08:40:00Z,2.49,gauge_zero
2026-09-05 05:50:00,2026-09-05T08:50:00Z,2.49,gauge_zero
2026-09-05 06:00:00,2026-09-05T09:00:00Z,2.5,gauge_zero
2026-09-05 06:10:00,2026-09-05T09:10:00Z,2.5,gauge_zero
2026-09-05 06:20:00,2026-09-05T09:20:00Z,2.5,gauge_zero
2026-09-05 06:30:00,2026-09-05T09:30:00Z,2.49,gauge_zero
2026-09-05 06:40:00,2026-09-05T09:40:00Z,2.49,gauge_zero
2026-09-05 06:50:00,2026-09-05T09:50:00Z,2.49,gauge_zero
2026-09-05 07:00:00,2026-09-05T10:00:00Z,2.5,gauge_zero
2026-09-05 07:10:00,2026-09-05T10:10:00Z,2.49,gauge_zero
2026-09-05 07:20:00,2026-09-05T10:20:00Z,2.5,gauge_zero
2026-09-05 07:30:00,2026-09-05T10:30:00Z,2.49,gauge_zero
2026-09-05 07:40:00,2026-09-05T10:40:00Z,2.49,gauge_zero
2026-09-05 07:50:00,2026-09-05T10:50:00Z,2.48,gauge_zero
2026-09-05 08:00:00,2026-09-05T11:00:00Z,2.47,gauge_zero
2026-09-05 08:10:00,2026-09-05T11:10:00Z,2.46,gauge_zero
2026-09-05 08:20:00,2026-09-05T11:20:00Z,2.45,gauge_zero
2026-09-05 08:30:00,2026-09-05T11:30:00Z,2.48,gauge_zero
2026-09-05 08:40:00,2026-09-05T11:40:00Z,2.49,gauge_zero
2026-09-05 08:50:00,2026-09-05T11:50:00Z,2.5,gauge_zero
2026-09-05 09:00:00,2026-09-05T12:00:00Z,2.5,gauge_zero
2026-09-05 09:10:00,2026-09-05T12:10:00Z,2.5,gauge_zero
2026-09-05 09:20:00,2026-09-05T12:20:00Z,2.49,gauge_zero
2026-09-05 09:30:00,2026-09-05T12:30:00Z,2.49,gauge_zero
2026-09-05 09:40:00,2026-09-05T12:40:00Z,2.49,gauge_zero
2026-09-05 09:50:00,2026-09-05T12:50:00Z,2.49,gauge_zero
2026-09-05 10:00:00,2026-09-05T13:00:00Z,2.49,gauge_zero
2026-09-05 10:10:00,2026-09-05T13:10:00Z,2.49,gauge_zero
2026-09-05 10:20:00,2026-09-05T13:20:00Z,2.49,gauge_zero
2026-09-05 10:30:00,2026-09-05T13:30:00Z,2.48,gauge_zero
2026-09-05 10:40:00,2026-09-05T13:40:00Z,2.48,gauge_zero
2026-09-05 10:50:00,2026-09-05T13:50:00Z,2.49,gauge_zero
2026-09-05 11:00:00,2026-09-05T14:00:00Z,2.48,gauge_zero
2026-09-05 11:10:00,2026-09-05T14:10:00Z,2.48,gauge_zero
2026-09-05 11:20:00,2026-09-05T14:20:00Z,2.49,gauge_zero
2026-09-05 11:30:00,2026-09-05T14:30:00Z,2.48,gauge_zero
2026-09-05 11:40:00,2026-09-05T14:40:00Z,2.48,gauge_zero
2026-09-05 11:50:00,2026-09-05T14:50:00Z,2.48,gauge_zero
2026-09-05 12:00:00,2026-09-05T15:00:00Z,2.48,gauge_zero
2026-09-05 12:10:00,2026-09-05T15:10:00Z,2.48,gauge_zero
2026-09-05 12:20:00,2026-09-05T15:20:00Z,2.48,gauge_zero
2026-09-05 12:30:00,2026-09-05T15:30:00Z,2.48,gauge_zero
2026-09-05 12:40:00,2026-09-05T15:40:00Z,2.48,gauge_zero
2026-09-05 12:50:00,2026-09-05T15:50:00Z,2.48,gauge_zero
2026-09-05 13:00:00,2026-09-05T16:00:00Z,2.48,gauge_zero
2026-09-05 13:10:00,2026-09-05T16:10:00Z,2.48,gauge_zero
2026-09-05 13:20:00,2026-09-05T16:20:00Z,2.48,gauge_zero
2026-09-05 13:30:00,2026-09-05T16:30:00Z,2.48,gauge_zero
2026-09-05 13:40:00,2026-09-05T16:40:00Z,2.48,gauge_zero
2026-09-05 13:50:00,2026-09-05T16:50:00Z,2.48,gauge_zero
2026-09-05 14:00:00,2026-09-05T17:00:00Z,2.48,gauge_zero
2026-09-05 14:10:00,2026-09-05T17:10:00Z,2.48,gauge_zero
2026-09-05 14:20:00,2026-09-05T17:20:00Z,2.48,gauge_zero
2026-09-05 14:30:00,2026-09-05T17:30:00Z,2.48,gauge_zero
2026-09-05 14:40:00,2026-09-05T17:40:00Z,2.48,gauge_zero
2026-09-05 14:50:00,2026-09-05T17:50:00Z,2.48,gauge_zero
2026-09-05 15:00:00,2026-09-05T18:00:00Z,2.48,gauge_zero
2026-09-05 15:10:00,2026-09-05T18:10:00Z,2.48,gauge_zero
2026-09-05 15:20:00,2026-09-05T18:20:00Z,2.48,gauge_zero
2026-09-05 15:30:00,2026-09-05T18:30:00Z,2.47,gauge_zero
2026-09-05 15:40:00,2026-09-05T18:40:00Z,2.48,gauge_zero
2026-09-05 15:50:00,2026-09-05T18:50:00Z,2.47,gauge_zero
2026-09-05 16:00:00,2026-09-05T19:00:00Z,2.48,gauge_zero
2026-09-05 16:10:00,2026-09-05T19:10:00Z,2.48,gauge_zero
2026-09-05 16:20:00,2026-09-05T19:20:00Z,2.48,gauge_zero
2026-09-05 16:30:00,2026-09-05T19:30:00Z,2.48,gauge_zero
2026-09-05 16:40:00,2026-09-05T19:40:00Z,2.48,gauge_zero
2026-09-05 16:50:00,2026-09-05T19:50:00Z,2.48,gauge_zero
2026-09-05 17:00:00,2026-09-05T20:00:00Z,2.48,gauge_zero
2026-09-05 17:10:00,2026-09-05T20:10:00Z,2.48,gauge_zero
2026-09-05 17:20:00,2026-09-05T20:20:00Z,2.48,gauge_zero
2026-09-05 17:30:00,2026-09-05T20:30:00Z,2.48,gauge_zero
2026-09-05 17:40:00,2026-09-05T20:40:00Z,2.48,gauge_zero
2026-09-05 17:50:00,2026-09-05T20:50:00Z,2.48,gauge_zero
2026-09-05 18:00:00,2026-09-05T21:00:00Z,2.47,gauge_zero
2026-09-05 18:10:00,2026-09-05T21:10:00Z,2.48,gauge_zero
2026-09-05 18:20:00,2026-09-05T21:20:00Z,2.48,gauge_zero
2026-09-05 18:30:00,2026-09-05T21:30:00Z,2.48,gauge_zero
2026-09-05 18:40:00,2026-09-05T21:40:00Z,2.47,gauge_zero
2026-09-05 18:50:00,2026-09-05T21:50:00Z,2.48,gauge_zero
2026-09-05 19:00:00,2026-09-05T22:00:00Z,2.47,gauge_zero
2026-09-05 19:10:00,2026-09-05T22:10:00Z,2.48,gauge_zero
2026-09-05 19:20:00,2026-09-05T22:20:00Z,2.48,gauge_zero
2026-09-05 19:30:00,2026-09-05T22:30:00Z,2.47,gauge_zero
2026-09-05 19:40:00,2026-09-05T22:40:00Z,2.47,gauge_zero
2026-09-05 19:50:00,2026-09-05T22:50:00Z,2.48,gauge_zero
2026-09-05 20:00:00,2026-09-05T23:00:00Z,2.47,gauge_zero
2026-09-05 20:10:00,2026-09-05T23:10:00Z,2.47,gauge_zero
2026-09-05 20:20:00,2026-09-05T23:20:00Z,2.47,gauge_zero
2026-09-05 20:30:00,2026-09-05T23:30:00Z,2.47,gauge_zero
2026-09-05 20:40:00,2026-09-05T23:40:00Z,2.48,gauge_zero
2026-09-05 20:50:00,2026-09-05T23:50:00Z,2.47,gauge_zero
2026-09-05 21:00:00,2026-09-06T00:00:00Z,2.47,gauge_zero
2026-09-05 21:10:00,2026-09-06T00:10:00Z,2.48,gauge_zero
2026-09-05 21:20:00,2026-09-06T00:20:00Z,2.48,gauge_zero
2026-09-05 21:30:00,2026-09-06T00:30:00Z,2.48,gauge_zero
2026-09-05 21:40:00,2026-09-06T00:40:00Z,2.48,gauge_zero
2026-09-05 21:50:00,2026-09-06T00:50:00Z,2.47,gauge_zero
2026-09-05 22:00:00,2026-09-06T01:00:00Z,2.48,gauge_zero
2026-09-05 22:10:00,2026-09-06T01:10:00Z,2.47,gauge_zero
2026-09-05 22:20:00,2026-09-06T01:20:00Z,2.47,gauge_zero
2026-09-05 22:30:00,2026-09-06T01:30:00Z,2.47,gauge_zero
2026-09-05 22:40:00,2026-09-06T01:40:00Z,2.47,gauge_zero
2026-09-05 22:50:00,2026-09-06T01:50:00Z,2.47,gauge_zero
2026-09-05 23:00:00,2026-09-06T02:00:00Z,2.47,gauge_zero
2026-09-05 23:10:00,2026-09-06T02:10:00Z,2.47,gauge_zero
2026-09-05 23:20:00,2026-09-06T02:20:00Z,2.47,gauge_zero
2026-09-05 23:30:00,2026-09-06T02:30:00Z,2.47,gauge_zero
2026-09-05 23:40:00,2026-09-06T02:40:00Z,2.47,gauge_zero
2026-09-05 23:50:00,2026-09-06T02:50:00Z,2.47,gauge_zero
2026-09-06 00:00:00,2026-09-06T03:00:00Z,2.47,gauge_zero
2026-09-06 00:10:00,2026-09-06T03:10:00Z,2.47,gauge_zero
2026-09-06 00:20:00,2026-09-06T03:20:00Z,2.47,gauge_zero
2026-09-06 00:30:00,2026-09-06T03:30:00Z,2.47,gauge_zero
2026-09-06 00:40:00,2026-09-06T03:40:00Z,2.47,gauge_zero
2026-09-06 00:50:00,2026-09-06T03:50:00Z,2.47,gauge_zero
2026-09-06 01:00:00,2026-09-06T04:00:00Z,2.47,gauge_zero
2026-09-06 01:10:00,2026-09-06T04:10:00Z,2.47,gauge_zero
2026-09-06 01:20:00,2026-09-06T04:20:00Z,2.47,gauge_zero
2026-09-06 01:30:00,2026-09-06T04:30:00Z,2.47,gauge_zero
2026-09-06 01:40:00,2026-09-06T04:40:00Z,2.47,gauge_zero
2026-09-06 01:50:00,2026-09-06T04:50:00Z,2.47,gauge_zero
2026-09-06 02:00:00,2026-09-06T05:00:00Z,2.47,gauge_zero
2026-09-06 02:10:00,2026-09-06T05:10:00Z,2.47,gauge_zero
2026-09-06 02:20:00,2026-09-06T05:20:00Z,2.47,gauge_zero
2026-09-06 02:30:00,2026-09-06T05:30:00Z,2.46,gauge_zero
2026-09-06 02:40:00,2026-09-06T05:40:00Z,2.46,gauge_zero
2026-09-06 02:50:00,2026-09-06T05:50:00Z,2.47,gauge_zero
2026-09-06 03:00:00,2026-09-06T06:00:00Z,2.47,gauge_zero
2026-09-06 03:10:00,2026-09-06T06:10:00Z,2.46,gauge_zero
2026-09-06 03:20:00,2026-09-06T06:20:00Z,2.46,gauge_zero
2026-09-06 03:30:00,2026-09-06T06:30:00Z,2.47,gauge_zero
2026-09-06 03:40:00,2026-09-06T06:40:00Z,2.47,gauge_zero
2026-09-06 03:50:00,2026-09-06T06:50:00Z,2.46,gauge_zero
2026-09-06 04:00:00,2026-09-06T07:00:00Z,2.46,gauge_zero
2026-09-06 04:10:00,2026-09-06T07:10:00Z,2.47,gauge_zero
2026-09-06 04:20:00,2026-09-06T07:20:00Z,2.46,gauge_zero
2026-09-06 04:30:00,2026-09-06T07:30:00Z,2.47,gauge_zero
2026-09-06 04:40:00,2026-09-06T07:40:00Z,2.47,gauge_zero
2026-09-06 04:50:00,2026-09-06T07:50:00Z,2.46,gauge_zero
2026-09-06 05:00:00,2026-09-06T08:00:00Z,2.47,gauge_zero
2026-09-06 05:10:00,2026-09-06T08:10:00Z,2.47,gauge_zero
2026-09-06 05:20:00,2026-09-06T08:20:00Z,2.47,gauge_zero
2026-09-06 05:30:00,2026-09-06T08:30:00Z,2.47,gauge_zero
2026-09-06 05:40:00,2026-09-06T08:40:00Z,2.47,gauge_zero
2026-09-06 05:50:00,2026-09-06T08:50:00Z,2.47,gauge_zero
2026-09-06 06:00:00,2026-09-06T09:00:00Z,2.47,gauge_zero
2026-09-06 06:10:00,2026-09-06T09:10:00Z,2.47,gauge_zero
2026-09-06 06:20:00,2026-09-06T09:20:00Z,2.47,gauge_zero
2026-09-06 06:30:00,2026-09-06T09:30:00Z,2.47,gauge_zero
2026-09-06 06:40:00,2026-09-06T09:40:00Z,2.47,gauge_zero
2026-09-06 06:50:00,2026-09-06T09:50:00Z,2.47,gauge_zero
2026-09-06 07:00:00,2026-09-06T10:00:00Z,2.47,gauge_zero
2026-09-06 07:10:00,2026-09-06T10:10:00Z,2.47,gauge_zero
2026-09-06 07:20:00,2026-09-06T10:20:00Z,2.47,gauge_zero
2026-09-06 07:30:00,2026-09-06T10:30:00Z,2.47,gauge_zero
2026-09-06 07:40:00,2026-09-06T10:40:00Z,2.47,gauge_zero
2026-09-06 07:50:00,2026-09-06T10:50:00Z,2.46,gauge_zero
2026-09-06 08:00:00,2026-09-06T11:00:00Z,2.45,gauge_zero
2026-09-06 08:10:00,2026-09-06T11:10:00Z,2.45,gauge_zero
2026-09-06 08:20:00,2026-09-06T11:20:00Z,2.46,gauge_zero
2026-09-06 08:30:00,2026-09-06T11:30:00Z,2.46,gauge_zero
2026-09-06 08:40:00,2026-09-06T11:40:00Z,2.46,gauge_zero
2026-09-06 08:50:00,2026-09-06T11:50:00Z,2.45,gauge_zero
2026-09-06 09:00:00,2026-09-06T12:00:00Z,2.45,gauge_zero
2026-09-06 09:10:00,2026-09-06T12:10:00Z,2.45,gauge_zero
2026-09-06 09:20:00,2026-09-06T12:20:00Z,2.45,gauge_zero
2026-09-06 09:30:00,2026-09-06T12:30:00Z,2.45,gauge_zero
2026-09-06 09:40:00,2026-09-06T12:40:00Z,2.45,gauge_zero
2026-09-06 09:50:00,2026-09-06T12:50:00Z,2.46,gauge_zero
2026-09-06 10:00:00,2026-09-06T13:00:00Z,2.46,gauge_zero
2026-09-06 10:10:00,2026-09-06T13:10:00Z,2.46,gauge_zero
2026-09-06 10:20:00,2026-09-06T13:20:00Z,2.46,gauge_zero
2026-09-06 10:30:00,2026-09-06T13:30:00Z,2.46,gauge_zero
2026-09-06 10:40:00,2026-09-06T13:40:00Z,2.46,gauge_zero
2026-09-06 10:50:00,2026-09-06T13:50:00Z,2.46,gauge_zero
2026-09-06 11:00:00,2026-09-06T14:00:00Z,2.46,gauge_zero
2026-09-06 11:10:00,2026-09-06T14:10:00Z,2.46,gauge_zero
2026-09-06 11:20:00,2026-09-06T14:20:00Z,2.46,gauge_zero
2026-09-06 11:30:00,2026-09-06T14:30:00Z,2.46,gauge_zero
2026-09-06 11:40:00,2026-09-06T14:40:00Z,2.45,gauge_zero
2026-09-06 11:50:00,2026-09-06T14:50:00Z,2.45,gauge_zero
2026-09-06 12:00:00,2026-09-06T15:00:00Z,2.45,gauge_zero
2026-09-06 12:10:00,2026-09-06T15:10:00Z,2.45,gauge_zero
2026-09-06 12:20:00,2026-09-06T15:20:00Z,2.45,gauge_zero
2026-09-06 12:30:00,2026-09-06T15:30:00Z,2.44,gauge_zero
2026-09-06 12:40:00,2026-09-06T15:40:00Z,2.45,gauge_zero
2026-09-06 12:50:00,2026-09-06T15:50:00Z,2.44,gauge_zero
2026-09-06 13:00:00,2026-09-06T16:00:00Z,2.45,gauge_zero
2026-09-06 13:10:00,2026-09-06T16:10:00Z,2.44,gauge_zero
2026-09-06 13:20:00,2026-09-06T16:20:00Z,2.44,gauge_zero
2026-09-06 13:30:00,2026-09-06T16:30:00Z,2.44,gauge_zero
2026-09-06 13:40:00,2026-09-06T16:40:00Z,2.44,gauge_zero
2026-09-06 13:50:00,2026-09-06T16:50:00Z,2.44,gauge_zero
2026-09-06 14:00:00,2026-09-06T17:00:00Z,2.44,gauge_zero
2026-09-06 14:10:00,2026-09-06T17:10:00Z,2.45,gauge_zero
2026-09-06 14:20:00,2026-09-06T17:20:00Z,2.45,gauge_zero
2026-09-06 14:30:00,2026-09-06T17:30:00Z,2.45,gauge_zero
2026-09-06 14:40:00,2026-09-06T17:40:00Z,2.45,gauge_zero
2026-09-06 14:50:00,2026-09-06T17:50:00Z,2.45,gauge_zero
2026-09-06 15:00:00,2026-09-06T18:00:00Z,2.45,gauge_zero
2026-09-06 15:10:00,2026-09-06T18:10:00Z,2.45,gauge_zero
2026-09-06 15:20:00,2026-09-06T18:20:00Z,2.44,gauge_zero
2026-09-06 15:30:00,2026-09-06T18:30:00Z,2.45,gauge_zero
2026-09-06 15:40:00,2026-09-06T18:40:00Z,2.45,gauge_zero
2026-09-06 15:50:00,2026-09-06T18:50:00Z,2.45,gauge_zero
2026-09-06 16:00:00,2026-09-06T19:00:00Z,2.45,gauge_zero
2026-09-06 16:10:00,2026-09-06T19:10:00Z,2.45,gauge_zero
2026-09-06 16:20:00,2026-09-06T19:20:00Z,2.45,gauge_zero
2026-09-06 16:30:00,2026-09-06T19:30:00Z,2.45,gauge_zero
2026-09-06 16:40:00,2026-09-06T19:40:00Z,2.45,gauge_zero
2026-09-06 16:50:00,2026-09-06T19:50:00Z,2.45,gauge_zero
2026-09-06 17:00:00,2026-09-06T20:00:00Z,2.45,gauge_zero
2026-09-06 17:10:00,2026-09-06T20:10:00Z,2.45,gauge_zero
2026-09-06 17:20:00,2026-09-06T20:20:00Z,2.44,gauge_zero
2026-09-06 17:30:00,2026-09-06T20:30:00Z,2.45,gauge_zero
2026-09-06 17:40:00,2026-09-06T20:40:00Z,2.44,gauge_zero
2026-09-06 17:50:00,2026-09-06T20:50:00Z,2.45,gauge_zero
2026-09-06 18:00:00,2026-09-06T21:00:00Z,2.44,gauge_zero
2026-09-06 18:10:00,2026-09-06T21:10:00Z,2.44,gauge_zero
2026-09-06 18:20:00,2026-09-06T21:20:00Z,2.44,gauge_zero
2026-09-06 18:30:00,2026-09-06T21:30:00Z,2.44,gauge_zero
2026-09-06 18:40:00,2026-09-06T21:40:00Z,2.44,gauge_zero
2026-09-06 18:50:00,2026-09-06T21:50:00Z,2.44,gauge_zero
2026-09-06 19:00:00,2026-09-06T22:00:00Z,2.44,gauge_zero
2026-09-06 19:10:00,2026-09-06T22:10:00Z,2.45,gauge_zero
2026-09-06 19:20:00,2026-09-06T22:20:00Z,2.45,gauge_zero
2026-09-06 19:30:00,2026-09-06T22:30:00Z,2.45,gauge_zero
2026-09-06 19:40:00,2026-09-06T22:40:00Z,2.44,gauge_zero
2026-09-06 19:50:00,2026-09-06T22:50:00Z,2.45,gauge_zero
2026-09-06 20:00:00,2026-09-06T23:00:00Z,2.44,gauge_zero
2026-09-06 20:10:00,2026-09-06T23:10:00Z,2.44,gauge_zero
2026-09-06 20:20:00,2026-09-06T23:20:00Z,2.44,gauge_zero
2026-09-06 20:30:00,2026-09-06T23:30:00Z,2.44,gauge_zero
2026-09-06 20:40:00,2026-09-06T23:40:00Z,2.44,gauge_zero
2026-09-06 20:50:00,2026-09-06T23:50:00Z,2.44,gauge_zero
2026-09-06 21:00:00,2026-09-07T00:00:00Z,2.44,gauge_zero
2026-09-06 21:10:00,2026-09-07T00:10:00Z,2.44,gauge_zero
2026-09-06 21:20:00,2026-09-07T00:20:00Z,2.44,gauge_zero
2026-09-06 21:30:00,2026-09-07T00:30:00Z,2.44,gauge_zero
2026-09-06 21:40:00,2026-09-07T00:40:00Z,2.44,gauge_zero
2026-09-06 21:50:00,2026-09-07T00:50:00Z,2.44,gauge_zero
2026-09-06 22:00:00,2026-09-07T01:00:00Z,2.44,gauge_zero
2026-09-06 22:10:00,2026-09-07T01:10:00Z,2.44,gauge_zero
2026-09-06 22:20:00,2026-09-07T01:20:00Z,2.45,gauge_zero
2026-09-06 22:30:00,2026-09-07T01:30:00Z,2.45,gauge_zero
2026-09-06 22:40:00,2026-09-07T01:40:00Z,2.45,gauge_zero
2026-09-06 22:50:00,2026-09-07T01:50:00Z,2.45,gauge_zero
2026-09-06 23:00:00,2026-09-07T02:00:00Z,2.44,gauge_zero
2026-09-06 23:10:00,2026-09-07T02:10:00Z,2.44,gauge_zero
2026-09-06 23:20:00,2026-09-07T02:20:00Z,2.44,gauge_zero
2026-09-06 23:30:00,2026-09-07T02:30:00Z,2.44,gauge_zero
2026-09-06 23:40:00,2026-09-07T02:40:00Z,2.44,gauge_zero
2026-09-06 23:50:00,2026-09-07T02:50:00Z,2.44,gauge_zero
2026-09-07 00:00:00,2026-09-07T03:00:00Z,2.44,gauge_zero
2026-09-07 00:10:00,2026-09-07T03:10:00Z,2.44,gauge_zero
2026-09-07 00:20:00,2026-09-07T03:20:00Z,2.44,gauge_zero
2026-09-07 00:30:00,2026-09-07T03:30:00Z,2.44,gauge_zero
2026-09-07 00:40:00,2026-09-07T03:40:00Z,2.44,gauge_zero
2026-09-07 00:50:00,2026-09-07T03:50:00Z,2.44,gauge_zero
2026-09-07 01:00:00,2026-09-07T04:00:00Z,2.44,gauge_zero
2026-09-07 01:10:00,2026-09-07T04:10:00Z,2.44,gauge_zero
2026-09-07 01:20:00,2026-09-07T04:20:00Z,2.44,gauge_zero
2026-09-07 01:30:00,2026-09-07T04:30:00Z,2.44,gauge_zero
2026-09-07 01:40:00,2026-09-07T04:40:00Z,2.44,gauge_zero
2026-09-07 01:50:00,2026-09-07T04:50:00Z,2.44,gauge_zero
2026-09-07 02:00:00,2026-09-07T05:00:00Z,2.44,gauge_zero
2026-09-07 02:10:00,2026-09-07T05:10:00Z,2.44,gauge_zero
2026-09-07 02:20:00,2026-09-07T05:20:00Z,2.44,gauge_zero
2026-09-07 02:30:00,2026-09-07T05:30:00Z,2.44,gauge_zero
2026-09-07 02:40:00,2026-09-07T05:40:00Z,2.44,gauge_zero
2026-09-07 02:50:00,2026-09-07T05:50:00Z,2.44,gauge_zero
2026-09-07 03:00:00,2026-09-07T06:00:00Z,2.44,gauge_zero
2026-09-07 03:10:00,2026-09-07T06:10:00Z,2.44,gauge_zero
2026-09-07 03:20:00,2026-09-07T06:20:00Z,2.44,gauge_zero
2026-09-07 03:30:00,2026-09-07T06:30:00Z,2.44,gauge_zero
2026-09-07 03:40:00,2026-09-07T06:40:00Z,2.44,gauge_zero
2026-09-07 03:50:00,2026-09-07T06:50:00Z,2.44,gauge_zero
2026-09-07 04:00:00,2026-09-07T07:00:00Z,2.44,gauge_zero
2026-09-07 04:10:00,2026-09-07T07:10:00Z,2.43,gauge_zero
2026-09-07 04:20:00,2026-09-07T07:20:00Z,2.43,gauge_zero
2026-09-07 04:30:00,2026-09-07T07:30:00Z,2.43,gauge_zero
2026-09-07 04:40:00,2026-09-07T07:40:00Z,2.43,gauge_zero
2026-09-07 04:50:00,2026-09-07T07:50:00Z,2.43,gauge_zero
2026-09-07 05:00:00,2026-09-07T08:00:00Z,2.43,gauge_zero
2026-09-07 05:10:00,2026-09-07T08:10:00Z,2.43,gauge_zero
2026-09-07 05:20:00,2026-09-07T08:20:00Z,2.43,gauge_zero
2026-09-07 05:30:00,2026-09-07T08:30:00Z,2.44,gauge_zero
2026-09-07 05:40:00,2026-09-07T08:40:00Z,2.44,gauge_zero
2026-09-07 05:50:00,2026-09-07T08:50:00Z,2.44,gauge_zero
2026-09-07 06:00:00,2026-09-07T09:00:00Z,2.44,gauge_zero
2026-09-07 06:10:00,2026-09-07T09:10:00Z,2.44,gauge_zero
2026-09-07 06:20:00,2026-09-07T09:20:00Z,2.44,gauge_zero
2026-09-07 06:30:00,2026-09-07T09:30:00Z,2.44,gauge_zero
2026-09-07 06:40:00,2026-09-07T09:40:00Z,2.44,gauge_zero
2026-09-07 06:50:00,2026-09-07T09:50:00Z,2.44,gauge_zero
2026-09-07 07:00:00,2026-09-07T10:00:00Z,2.44,gauge_zero
2026-09-07 07:10:00,2026-09-07T10:10:00Z,2.44,gauge_zero
2026-09-07 07:20:00,2026-09-07T10:20:00Z,2.44,gauge_zero
2026-09-07 07:30:00,2026-09-07T10:30:00Z,2.44,gauge_zero
2026-09-07 07:40:00,2026-09-07T10:40:00Z,2.44,gauge_zero
2026-09-07 07:50:00,2026-09-07T10:50:00Z,2.44,gauge_zero
2026-09-07 08:00:00,2026-09-07T11:00:00Z,2.44,gauge_zero
2026-09-07 08:10:00,2026-09-07T11:10:00Z,2.44,gauge_zero
2026-09-07 08:20:00,2026-09-07T11:20:00Z,2.44,gauge_zero
2026-09-07 08:30:00,2026-09-07T11:30:00Z,2.44,gauge_zero
2026-09-07 08:40:00,2026-09-07T11:40:00Z,2.44,gauge_zero
2026-09-07 08:50:00,2026-09-07T11:50:00Z,2.44,gauge_zero
2026-09-07 09:00:00,2026-09-07T12:00:00Z,2.44,gauge_zero
2026-09-07 09:10:00,2026-09-07T12:10:00Z,2.44,gauge_zero
2026-09-07 09:20:00,2026-09-07T12:20:00Z,2.44,gauge_zero
2026-09-07 09:30:00,2026-09-07T12:30:00Z,2.44,gauge_zero
2026-09-07 09:40:00,2026-09-07T12:40:00Z,2.44,gauge_zero
2026-09-07 09:50:00,2026-09-07T12:50:00Z,2.43,gauge_zero
2026-09-07 10:00:00,2026-09-07T13:00:00Z,2.43,gauge_zero
2026-09-07 10:10:00,2026-09-07T13:10:00Z,2.44,gauge_zero
2026-09-07 10:20:00,2026-09-07T13:20:00Z,2.44,gauge_zero
2026-09-07 10:30:00,2026-09-07T13:30:00Z,2.43,gauge_zero
2026-09-07 10:40:00,2026-09-07T13:40:00Z,2.44,gauge_zero
2026-09-07 10:50:00,2026-09-07T13:50:00Z,2.43,gauge_zero
2026-09-07 11:00:00,2026-09-07T14:00:00Z,2.44,gauge_zero
2026-09-07 11:10:00,2026-09-07T14:10:00Z,2.44,gauge_zero
2026-09-07 11:20:00,2026-09-07T14:20:00Z,2.44,gauge_zero
2026-09-07 11:30:00,2026-09-07T14:30:00Z,2.44,gauge_zero
2026-09-07 11:40:00,2026-09-07T14:40:00Z,2.43,gauge_zero
2026-09-07 11:50:00,2026-09-07T14:50:00Z,2.43,gauge_zero
2026-09-07 12:00:00,2026-09-07T15:00:00Z,2.43,gauge_zero
2026-09-07 12:10:00,2026-09-07T15:10:00Z,2.43,gauge_zero
2026-09-07 12:20:00,2026-09-07T15:20:00Z,2.43,gauge_zero
2026-09-07 12:30:00,2026-09-07T15:30:00Z,2.43,gauge_zero
2026-09-07 12:40:00,2026-09-07T15:40:00Z,2.43,gauge_zero
2026-09-07 12:50:00,2026-09-07T15:50:00Z,2.43,gauge_zero
2026-09-07 13:00:00,2026-09-07T16:00:00Z,2.43,gauge_zero
2026-09-07 13:10:00,2026-09-07T16:10:00Z,2.43,gauge_zero
2026-09-07 13:20:00,2026-09-07T16:20:00Z,2.43,gauge_zero
2026-09-07 13:30:00,2026-09-07T16:30:00Z,2.43,gauge_zero
2026-09-07 13:40:00,2026-09-07T16:40:00Z,2.43,gauge_zero
2026-09-07 13:50:00,2026-09-07T16:50:00Z,2.42,gauge_zero
2026-09-07 14:00:00,2026-09-07T17:00:00Z,2.42,gauge_zero
2026-09-07 14:10:00,2026-09-07T17:10:00Z,2.41,gauge_zero
2026-09-07 14:20:00,2026-09-07T17:20:00Z,2.4,gauge_zero
2026-09-07 14:30:00,2026-09-07T17:30:00Z,2.4,gauge_zero
2026-09-07 14:40:00,2026-09-07T17:40:00Z,2.39,gauge_zero
2026-09-07 14:50:00,2026-09-07T17:50:00Z,2.39,gauge_zero
2026-09-07 15:00:00,2026-09-07T18:00:00Z,2.41,gauge_zero
2026-09-07 15:10:00,2026-09-07T18:10:00Z,2.42,gauge_zero
2026-09-07 15:20:00,2026-09-07T18:20:00Z,2.42,gauge_zero
2026-09-07 15:30:00,2026-09-07T18:30:00Z,2.42,gauge_zero
2026-09-07 15:40:00,2026-09-07T18:40:00Z,2.42,gauge_zero
2026-09-07 15:50:00,2026-09-07T18:50:00Z,2.42,gauge_zero
2026-09-07 16:00:00,2026-09-07T19:00:00Z,2.42,gauge_zero
2026-09-07 16:10:00,2026-09-07T19:10:00Z,2.43,gauge_zero
2026-09-07 16:20:00,2026-09-07T19:20:00Z,2.44,gauge_zero
2026-09-07 16:30:00,2026-09-07T19:30:00Z,2.44,gauge_zero
2026-09-07 16:40:00,2026-09-07T19:40:00Z,2.44,gauge_zero
2026-09-07 16:50:00,2026-09-07T19:50:00Z,2.44,gauge_zero
2026-09-07 17:00:00,2026-09-07T20:00:00Z,2.44,gauge_zero
2026-09-07 17:10:00,2026-09-07T20:10:00Z,2.44,gauge_zero
2026-09-07 17:20:00,2026-09-07T20:20:00Z,2.42,gauge_zero
2026-09-07 17:30:00,2026-09-07T20:30:00Z,2.42,gauge_zero
2026-09-07 17:40:00,2026-09-07T20:40:00Z,2.41,gauge_zero
2026-09-07 17:50:00,2026-09-07T20:50:00Z,2.41,gauge_zero
2026-09-07 18:00:00,2026-09-07T21:00:00Z,2.41,gauge_zero
2026-09-07 18:10:00,2026-09-07T21:10:00Z,2.4,gauge_zero
2026-09-07 18:20:00,2026-09-07T21:20:00Z,2.41,gauge_zero
2026-09-07 18:30:00,2026-09-07T21:30:00Z,2.4,gauge_zero
2026-09-07 18:40:00,2026-09-07T21:40:00Z,2.42,gauge_zero
2026-09-07 18:50:00,2026-09-07T21:50:00Z,2.43,gauge_zero
2026-09-07 19:00:00,2026-09-07T22:00:00Z,2.43,gauge_zero
2026-09-07 19:10:00,2026-09-07T22:10:00Z,2.44,gauge_zero
2026-09-07 19:20:00,2026-09-07T22:20:00Z,2.43,gauge_zero
2026-09-07 19:30:00,2026-09-07T22:30:00Z,2.43,gauge_zero
2026-09-07 19:40:00,2026-09-07T22:40:00Z,2.43,gauge_zero
2026-09-07 19:50:00,2026-09-07T22:50:00Z,2.43,gauge_zero
2026-09-07 20:00:00,2026-09-07T23:00:00Z,2.42,gauge_zero
2026-09-07 20:10:00,2026-09-07T23:10:00Z,2.42,gauge_zero
2026-09-07 20:20:00,2026-09-07T23:20:00Z,2.42,gauge_zero
2026-09-07 20:30:00,2026-09-07T23:30:00Z,2.42,gauge_zero
2026-09-07 20:40:00,2026-09-07T23:40:00Z,2.42,gauge_zero
2026-09-07 20:50:00,2026-09-07T23:50:00Z,2.42,gauge_zero
2026-09-07 21:00:00,2026-09-08T00:00:00Z,2.42,gauge_zero
2026-09-07 21:10:00,2026-09-08T00:10:00Z,2.42,gauge_zero
2026-09-07 21:20:00,2026-09-08T00:20:00Z,2.43,gauge_zero
2026-09-07 21:30:00,2026-09-08T00:30:00Z,2.43,gauge_zero
2026-09-07 21:40:00,2026-09-08T00:40:00Z,2.43,gauge_zero
2026-09-07 21:50:00,2026-09-08T00:50:00Z,2.42,gauge_zero
2026-09-07 22:00:00,2026-09-08T01:00:00Z,2.42,gauge_zero
2026-09-07 22:10:00,2026-09-08T01:10:00Z,2.42,gauge_zero
2026-09-07 22:20:00,2026-09-08T01:20:00Z,2.42,gauge_zero
2026-09-07 22:30:00,2026-09-08T01:30:00Z,2.42,gauge_zero
2026-09-07 22:40:00,2026-09-08T01:40:00Z,2.43,gauge_zero
2026-09-07 22:50:00,2026-09-08T01:50:00Z,2.42,gauge_zero
2026-09-07 23:00:00,2026-09-08T02:00:00Z,2.42,gauge_zero
2026-09-07 23:10:00,2026-09-08T02:10:00Z,2.42,gauge_zero
2026-09-07 23:20:00,2026-09-08T02:20:00Z,2.42,gauge_zero
2026-09-07 23:30:00,2026-09-08T02:30:00Z,2.42,gauge_zero
2026-09-07 23:40:00,2026-09-08T02:40:00Z,2.42,gauge_zero
2026-09-07 23:50:00,2026-09-08T02:50:00Z,2.42,gauge_zero
2026-09-08 00:00:00,2026-09-08T03:00:00Z,2.42,gauge_zero
2026-09-08 00:10:00,2026-09-08T03:10:00Z,2.42,gauge_zero
2026-09-08 00:20:00,2026-09-08T03:20:00Z,2.42,gauge_zero
2026-09-08 00:30:00,2026-09-08T03:30:00Z,2.42,gauge_zero
2026-09-08 00:40:00,2026-09-08T03:40:00Z,2.42,gauge_zero
2026-09-08 00:50:00,2026-09-08T03:50:00Z,2.42,gauge_zero
2026-09-08 01:00:00,2026-09-08T04:00:00Z,2.43,gauge_zero
2026-09-08 01:10:00,2026-09-08T04:10:00Z,2.43,gauge_zero
2026-09-08 01:20:00,2026-09-08T04:20:00Z,2.43,gauge_zero
2026-09-08 01:30:00,2026-09-08T04:30:00Z,2.43,gauge_zero
2026-09-08 01:40:00,2026-09-08T04:40:00Z,2.43,gauge_zero
2026-09-08 01:50:00,2026-09-08T04:50:00Z,2.43,gauge_zero
2026-09-08 02:00:00,2026-09-08T05:00:00Z,2.43,gauge_zero
2026-09-08 02:10:00,2026-09-08T05:10:00Z,2.43,gauge_zero
2026-09-08 02:20:00,2026-09-08T05:20:00Z,2.43,gauge_zero
2026-09-08 02:30:00,2026-09-08T05:30:00Z,2.42,gauge_zero
2026-09-08 02:40:00,2026-09-08T05:40:00Z,2.42,gauge_zero
2026-09-08 02:50:00,2026-09-08T05:50:00Z,2.42,gauge_zero
2026-09-08 03:00:00,2026-09-08T06:00:00Z,2.42,gauge_zero
2026-09-08 03:10:00,2026-09-08T06:10:00Z,2.42,gauge_zero
2026-09-08 03:20:00,2026-09-08T06:20:00Z,2.42,gauge_zero
2026-09-08 03:30:00,2026-09-08T06:30:00Z,2.42,gauge_zero
2026-09-08 03:40:00,2026-09-08T06:40:00Z,2.42,gauge_zero
2026-09-08 03:50:00,2026-09-08T06:50:00Z,2.42,gauge_zero
2026-09-08 04:00:00,2026-09-08T07:00:00Z,2.42,gauge_zero
2026-09-08 04:10:00,2026-09-08T07:10:00Z,2.42,gauge_zero
2026-09-08 04:20:00,2026-09-08T07:20:00Z,2.42,gauge_zero
2026-09-08 04:30:00,2026-09-08T07:30:00Z,2.42,gauge_zero
2026-09-08 04:40:00,2026-09-08T07:40:00Z,2.42,gauge_zero
2026-09-08 04:50:00,2026-09-08T07:50:00Z,2.42,gauge_zero
2026-09-08 05:00:00,2026-09-08T08:00:00Z,2.42,gauge_zero
2026-09-08 05:10:00,2026-09-08T08:10:00Z,2.42,gauge_zero
2026-09-08 05:20:00,2026-09-08T08:20:00Z,2.42,gauge_zero
2026-09-08 05:30:00,2026-09-08T08:30:00Z,2.42,gauge_zero
2026-09-08 05:40:00,2026-09-08T08:40:00Z,2.42,gauge_zero
2026-09-08 05:50:00,2026-09-08T08:50:00Z,2.42,gauge_zero
2026-09-08 06:00:00,2026-09-08T09:00:00Z,2.42,gauge_zero
2026-09-08 06:10:00,2026-09-08T09:10:00Z,2.43,gauge_zero
2026-09-08 06:20:00,2026-09-08T09:20:00Z,2.43,gauge_zero
2026-09-08 06:30:00,2026-09-08T09:30:00Z,2.43,gauge_zero
2026-09-08 06:40:00,2026-09-08T09:40:00Z,2.43,gauge_zero
2026-09-08 06:50:00,2026-09-08T09:50:00Z,2.42,gauge_zero
2026-09-08 07:00:00,2026-09-08T10:00:00Z,2.43,gauge_zero
2026-09-08 07:10:00,2026-09-08T10:10:00Z,2.42,gauge_zero
2026-09-08 07:20:00,2026-09-08T10:20:00Z,2.42,gauge_zero
2026-09-08 07:30:00,2026-09-08T10:30:00Z,2.42,gauge_zero
2026-09-08 07:40:00,2026-09-08T10:40:00Z,2.42,gauge_zero
2026-09-08 07:50:00,2026-09-08T10:50:00Z,2.42,gauge_zero
2026-09-08 08:00:00,2026-09-08T11:00:00Z,2.43,gauge_zero
2026-09-08 08:10:00,2026-09-08T11:10:00Z,2.42,gauge_zero
2026-09-08 08:20:00,2026-09-08T11:20:00Z,2.42,gauge_zero
2026-09-08 08:30:00,2026-09-08T11:30:00Z,2.42,gauge_zero
2026-09-08 08:40:00,2026-09-08T11:40:00Z,2.42,gauge_zero
2026-09-08 08:50:00,2026-09-08T11:50:00Z,2.42,gauge_zero
2026-09-08 09:00:00,2026-09-08T12:00:00Z,2.42,gauge_zero
2026-09-08 09:10:00,2026-09-08T12:10:00Z,2.42,gauge_zero
2026-09-08 09:20:00,2026-09-08T12:20:00Z,2.42,gauge_zero
2026-09-08 09:30:00,2026-09-08T12:30:00Z,2.42,gauge_zero
2026-09-08 09:40:00,2026-09-08T12:40:00Z,2.41,gauge_zero
2026-09-08 09:50:00,2026-09-08T12:50:00Z,2.41,gauge_zero
2026-09-08 10:00:00,2026-09-08T13:00:00Z,2.42,gauge_zero
2026-09-08 10:10:00,2026-09-08T13:10:00Z,2.42,gauge_zero
2026-09-08 10:20:00,2026-09-08T13:20:00Z,2.42,gauge_zero
2026-09-08 10:30:00,2026-09-08T13:30:00Z,2.41,gauge_zero
2026-09-08 10:40:00,2026-09-08T13:40:00Z,2.41,gauge_zero
2026-09-08 10:50:00,2026-09-08T13:50:00Z,2.41,gauge_zero
2026-09-08 11:00:00,2026-09-08T14:00:00Z,2.42,gauge_zero
2026-09-08 11:10:00,2026-09-08T14:10:00Z,2.42,gauge_zero
2026-09-08 11:20:00,2026-09-08T14:20:00Z,2.42,gauge_zero
2026-09-08 11:30:00,2026-09-08T14:30:00Z,2.42,gauge_zero
2026-09-08 11:40:00,2026-09-08T14:40:00Z,2.41,gauge_zero
2026-09-08 11:50:00,2026-09-08T14:50:00Z,2.41,gauge_zero
2026-09-08 12:00:00,2026-09-08T15:00:00Z,2.41,gauge_zero
2026-09-08 12:10:00,2026-09-08T15:10:00Z,2.41,gauge_zero
2026-09-08 12:20:00,2026-09-08T15:20:00Z,2.4,gauge_zero
2026-09-08 12:30:00,2026-09-08T15:30:00Z,2.4,gauge_zero
2026-09-08 12:40:00,2026-09-08T15:40:00Z,2.4,gauge_zero
2026-09-08 12:50:00,2026-09-08T15:50:00Z,2.41,gauge_zero
2026-09-08 13:00:00,2026-09-08T16:00:00Z,2.41,gauge_zero
2026-09-08 13:10:00,2026-09-08T16:10:00Z,2.42,gauge_zero
2026-09-08 13:20:00,2026-09-08T16:20:00Z,2.42,gauge_zero
2026-09-08 13:30:00,2026-09-08T16:30:00Z,2.42,gauge_zero
2026-09-08 13:40:00,2026-09-08T16:40:00Z,2.41,gauge_zero
2026-09-08 13:50:00,2026-09-08T16:50:00Z,2.39,gauge_zero
2026-09-08 14:00:00,2026-09-08T17:00:00Z,2.38,gauge_zero
2026-09-08 14:10:00,2026-09-08T17:10:00Z,2.37,gauge_zero
2026-09-08 14:20:00,2026-09-08T17:20:00Z,2.41,gauge_zero
2026-09-08 14:30:00,2026-09-08T17:30:00Z,2.42,gauge_zero
2026-09-08 14:40:00,2026-09-08T17:40:00Z,2.42,gauge_zero
2026-09-08 14:50:00,2026-09-08T17:50:00Z,2.41,gauge_zero
2026-09-08 15:00:00,2026-09-08T18:00:00Z,2.4,gauge_zero
2026-09-08 15:10:00,2026-09-08T18:10:00Z,2.4,gauge_zero
2026-09-08 15:20:00,2026-09-08T18:20:00Z,2.4,gauge_zero
2026-09-08 15:30:00,2026-09-08T18:30:00Z,2.39,gauge_zero
2026-09-08 15:40:00,2026-09-08T18:40:00Z,2.39,gauge_zero
2026-09-08 15:50:00,2026-09-08T18:50:00Z,2.39,gauge_zero
2026-09-08 16:00:00,2026-09-08T19:00:00Z,2.39,gauge_zero
2026-09-08 16:10:00,2026-09-08T19:10:00Z,2.4,gauge_zero
2026-09-08 16:20:00,2026-09-08T19:20:00Z,2.4,gauge_zero
2026-09-08 16:30:00,2026-09-08T19:30:00Z,2.41,gauge_zero
2026-09-08 16:40:00,2026-09-08T19:40:00Z,2.41,gauge_zero
2026-09-08 16:50:00,2026-09-08T19:50:00Z,2.41,gauge_zero
2026-09-08 17:00:00,2026-09-08T20:00:00Z,2.42,gauge_zero
2026-09-08 17:10:00,2026-09-08T20:10:00Z,2.42,gauge_zero
2026-09-08 17:20:00,2026-09-08T20:20:00Z,2.41,gauge_zero
2026-09-08 17:30:00,2026-09-08T20:30:00Z,2.41,gauge_zero
2026-09-08 17:40:00,2026-09-08T20:40:00Z,2.41,gauge_zero
2026-09-08 17:50:00,2026-09-08T20:50:00Z,2.4,gauge_zero
2026-09-08 18:00:00,2026-09-08T21:00:00Z,2.4,gauge_zero
2026-09-08 18:10:00,2026-09-08T21:10:00Z,2.4,gauge_zero
2026-09-08 18:20:00,2026-09-08T21:20:00Z,2.4,gauge_zero
2026-09-08 18:30:00,2026-09-08T21:30:00Z,2.4,gauge_zero
2026-09-08 18:40:00,2026-09-08T21:40:00Z,2.4,gauge_zero
2026-09-08 18:50:00,2026-09-08T21:50:00Z,2.4,gauge_zero
2026-09-08 19:00:00,2026-09-08T22:00:00Z,2.4,gauge_zero
2026-09-08 19:10:00,2026-09-08T22:10:00Z,2.4,gauge_zero
2026-09-08 19:20:00,2026-09-08T22:20:00Z,2.41,gauge_zero
2026-09-08 19:30:00,2026-09-08T22:30:00Z,2.42,gauge_zero
2026-09-08 19:40:00,2026-09-08T22:40:00Z,2.42,gauge_zero
2026-09-08 19:50:00,2026-09-08T22:50:00Z,2.41,gauge_zero
2026-09-08 20:00:00,2026-09-08T23:00:00Z,2.42,gauge_zero
2026-09-08 20:10:00,2026-09-08T23:10:00Z,2.42,gauge_zero
2026-09-08 20:20:00,2026-09-08T23:20:00Z,2.42,gauge_zero
2026-09-08 20:30:00,2026-09-08T23:30:00Z,2.41,gauge_zero
2026-09-08 20:40:00,2026-09-08T23:40:00Z,2.41,gauge_zero
2026-09-08 20:50:00,2026-09-08T23:50:00Z,2.41,gauge_zero
2026-09-08 21:00:00,2026-09-09T00:00:00Z,2.4,gauge_zero
2026-09-08 21:10:00,2026-09-09T00:10:00Z,2.4,gauge_zero
2026-09-08 21:20:00,2026-09-09T00:20:00Z,2.4,gauge_zero
2026-09-08 21:30:00,2026-09-09T00:30:00Z,2.4,gauge_zero
2026-09-08 21:40:00,2026-09-09T00:40:00Z,2.4,gauge_zero
2026-09-08 21:50:00,2026-09-09T00:50:00Z,2.4,gauge_zero
2026-09-08 22:00:00,2026-09-09T01:00:00Z,2.4,gauge_zero
2026-09-08 22:10:00,2026-09-09T01:10:00Z,2.41,gauge_zero
2026-09-08 22:20:00,2026-09-09T01:20:00Z,2.41,gauge_zero
2026-09-08 22:30:00,2026-09-09T01:30:00Z,2.41,gauge_zero
2026-09-08 22:40:00,2026-09-09T01:40:00Z,2.41,gauge_zero
2026-09-08 22:50:00,2026-09-09T01:50:00Z,2.41,gauge_zero
2026-09-08 23:00:00,2026-09-09T02:00:00Z,2.41,gauge_zero
2026-09-08 23:10:00,2026-09-09T02:10:00Z,2.41,gauge_zero
2026-09-08 23:20:00,2026-09-09T02:20:00Z,2.4,gauge_zero
2026-09-08 23:30:00,2026-09-09T02:30:00Z,2.4,gauge_zero
2026-09-08 23:40:00,2026-09-09T02:40:00Z,2.4,gauge_zero
2026-09-08 23:50:00,2026-09-09T02:50:00Z,2.4,gauge_zero
2026-09-09 00:00:00,2026-09-09T03:00:00Z,2.4,gauge_zero
2026-09-09 00:10:00,2026-09-09T03:10:00Z,2.4,gauge_zero
2026-09-09 00:20:00,2026-09-09T03:20:00Z,2.4,gauge_zero
2026-09-09 00:30:00,2026-09-09T03:30:00Z,2.4,gauge_zero
2026-09-09 00:40:00,2026-09-09T03:40:00Z,2.4,gauge_zero
2026-09-09 00:50:00,2026-09-09T03:50:00Z,2.4,gauge_zero
2026-09-09 01:00:00,2026-09-09T04:00:00Z,2.41,gauge_zero
2026-09-09 01:10:00,2026-09-09T04:10:00Z,2.41,gauge_zero
2026-09-09 01:20:00,2026-09-09T04:20:00Z,2.41,gauge_zero
2026-09-09 01:30:00,2026-09-09T04:30:00Z,2.41,gauge_zero
2026-09-09 01:40:00,2026-09-09T04:40:00Z,2.41,gauge_zero
2026-09-09 01:50:00,2026-09-09T04:50:00Z,2.41,gauge_zero
2026-09-09 02:00:00,2026-09-09T05:00:00Z,2.41,gauge_zero
2026-09-09 02:10:00,2026-09-09T05:10:00Z,2.41,gauge_zero
2026-09-09 02:20:00,2026-09-09T05:20:00Z,2.41,gauge_zero
2026-09-09 02:30:00,2026-09-09T05:30:00Z,2.41,gauge_zero
2026-09-09 02:40:00,2026-09-09T05:40:00Z,2.41,gauge_zero
2026-09-09 02:50:00,2026-09-09T05:50:00Z,2.41,gauge_zero
2026-09-09 03:00:00,2026-09-09T06:00:00Z,2.41,gauge_zero
2026-09-09 03:10:00,2026-09-09T06:10:00Z,2.41,gauge_zero
2026-09-09 03:20:00,2026-09-09T06:20:00Z,2.41,gauge_zero
2026-09-09 03:30:00,2026-09-09T06:30:00Z,2.41,gauge_zero
2026-09-09 03:40:00,2026-09-09T06:40:00Z,2.41,gauge_zero
2026-09-09 03:50:00,2026-09-09T06:50:00Z,2.41,gauge_zero
2026-09-09 04:00:00,2026-09-09T07:00:00Z,2.41,gauge_zero
2026-09-09 04:10:00,2026-09-09T07:10:00Z,2.41,gauge_zero
2026-09-09 04:20:00,2026-09-09T07:20:00Z,2.41,gauge_zero
2026-09-09 04:30:00,2026-09-09T07:30:00Z,2.41,gauge_zero
2026-09-09 04:40:00,2026-09-09T07:40:00Z,2.41,gauge_zero
2026-09-09 04:50:00,2026-09-09T07:50:00Z,2.41,gauge_zero
2026-09-09 05:00:00,2026-09-09T08:00:00Z,2.41,gauge_zero
2026-09-09 05:10:00,2026-09-09T08:10:00Z,2.41,gauge_zero
2026-09-09 05:20:00,2026-09-09T08:20:00Z,2.41,gauge_zero
2026-09-09 05:30:00,2026-09-09T08:30:00Z,2.41,gauge_zero
2026-09-09 05:40:00,2026-09-09T08:40:00Z,2.41,gauge_zero
2026-09-09 05:50:00,2026-09-09T08:50:00Z,2.4,gauge_zero
2026-09-09 06:00:00,2026-09-09T09:00:00Z,2.4,gauge_zero
2026-09-09 06:10:00,2026-09-09T09:10:00Z,2.4,gauge_zero
2026-09-09 06:20:00,2026-09-09T09:20:00Z,2.4,gauge_zero
2026-09-09 06:30:00,2026-09-09T09:30:00Z,2.4,gauge_zero
2026-09-09 06:40:00,2026-09-09T09:40:00Z,2.41,gauge_zero
2026-09-09 06:50:00,2026-09-09T09:50:00Z,2.41,gauge_zero
2026-09-09 07:00:00,2026-09-09T10:00:00Z,2.41,gauge_zero
2026-09-09 07:10:00,2026-09-09T10:10:00Z,2.41,gauge_zero
2026-09-09 07:20:00,2026-09-09T10:20:00Z,2.41,gauge_zero
2026-09-09 07:30:00,2026-09-09T10:30:00Z,2.41,gauge_zero
2026-09-09 07:40:00,2026-09-09T10:40:00Z,2.41,gauge_zero
2026-09-09 07:50:00,2026-09-09T10:50:00Z,2.41,gauge_zero
2026-09-09 08:00:00,2026-09-09T11:00:00Z,2.41,gauge_zero
2026-09-09 08:10:00,2026-09-09T11:10:00Z,2.41,gauge_zero
2026-09-09 08:20:00,2026-09-09T11:20:00Z,2.41,gauge_zero
2026-09-09 08:30:00,2026-09-09T11:30:00Z,2.41,gauge_zero
2026-09-09 08:40:00,2026-09-09T11:40:00Z,2.41,gauge_zero
2026-09-09 08:50:00,2026-09-09T11:50:00Z,2.41,gauge_zero
2026-09-09 09:00:00,2026-09-09T12:00:00Z,2.41,gauge_zero
2026-09-09 09:10:00,2026-09-09T12:10:00Z,2.4,gauge_zero
2026-09-09 09:20:00,2026-09-09T12:20:00Z,2.41,gauge_zero
2026-09-09 09:30:00,2026-09-09T12:30:00Z,2.4,gauge_zero
2026-09-09 09:40:00,2026-09-09T12:40:00Z,2.4,gauge_zero
2026-09-09 09:50:00,2026-09-09T12:50:00Z,2.4,gauge_zero
2026-09-09 10:00:00,2026-09-09T13:00:00Z,2.4,gauge_zero
2026-09-09 10:10:00,2026-09-09T13:10:00Z,2.4,gauge_zero
2026-09-09 10:20:00,2026-09-09T13:20:00Z,2.4,gauge_zero
2026-09-09 10:30:00,2026-09-09T13:30:00Z,2.4,gauge_zero
2026-09-09 10:40:00,2026-09-09T13:40:00Z,2.4,gauge_zero
2026-09-09 10:50:00,2026-09-09T13:50:00Z,2.4,gauge_zero
2026-09-09 11:00:00,2026-09-09T14:00:00Z,2.4,gauge_zero
2026-09-09 11:10:00,2026-09-09T14:10:00Z,2.41,gauge_zero
2026-09-09 11:20:00,2026-09-09T14:20:00Z,2.41,gauge_zero
2026-09-09 11:30:00,2026-09-09T14:30:00Z,2.41,gauge_zero
2026-09-09 11:40:00,2026-09-09T14:40:00Z,2.41,gauge_zero
2026-09-09 11:50:00,2026-09-09T14:50:00Z,2.41,gauge_zero
2026-09-09 12:00:00,2026-09-09T15:00:00Z,2.41,gauge_zero
2026-09-09 12:10:00,2026-09-09T15:10:00Z,2.41,gauge_zero
2026-09-09 12:20:00,2026-09-09T15:20:00Z,2.41,gauge_zero
2026-09-09 12:30:00,2026-09-09T15:30:00Z,2.41,gauge_zero
2026-09-09 12:40:00,2026-09-09T15:40:00Z,2.4,gauge_zero
2026-09-09 12:50:00,2026-09-09T15:50:00Z,2.4,gauge_zero
2026-09-09 13:00:00,2026-09-09T16:00:00Z,2.4,gauge_zero
2026-09-09 13:10:00,2026-09-09T16:10:00Z,2.4,gauge_zero
2026-09-09 13:20:00,2026-09-09T16:20:00Z,2.4,gauge_zero
2026-09-09 13:30:00,2026-09-09T16:30:00Z,2.4,gauge_zero
2026-09-09 13:40:00,2026-09-09T16:40:00Z,2.4,gauge_zero
2026-09-09 13:50:00,2026-09-09T16:50:00Z,2.4,gauge_zero
2026-09-09 14:00:00,2026-09-09T17:00:00Z,2.4,gauge_zero
2026-09-09 14:10:00,2026-09-09T17:10:00Z,2.4,gauge_zero
2026-09-09 14:20:00,2026-09-09T17:20:00Z,2.4,gauge_zero
2026-09-09 14:30:00,2026-09-09T17:30:00Z,2.39,gauge_zero
2026-09-09 14:40:00,2026-09-09T17:40:00Z,2.39,gauge_zero
2026-09-09 14:50:00,2026-09-09T17:50:00Z,2.39,gauge_zero
2026-09-09 15:00:00,2026-09-09T18:00:00Z,2.39,gauge_zero
2026-09-09 15:10:00,2026-09-09T18:10:00Z,2.39,gauge_zero
2026-09-09 15:20:00,2026-09-09T18:20:00Z,2.39,gauge_zero
2026-09-09 15:30:00,2026-09-09T18:30:00Z,2.39,gauge_zero
2026-09-09 15:40:00,2026-09-09T18:40:00Z,2.39,gauge_zero
2026-09-09 15:50:00,2026-09-09T18:50:00Z,2.39,gauge_zero
2026-09-09 16:00:00,2026-09-09T19:00:00Z,2.39,gauge_zero
2026-09-09 16:10:00,2026-09-09T19:10:00Z,2.39,gauge_zero
2026-09-09 16:20:00,2026-09-09T19:20:00Z,2.39,gauge_zero
2026-09-09 16:30:00,2026-09-09T19:30:00Z,2.39,gauge_zero
2026-09-09 16:40:00,2026-09-09T19:40:00Z,2.39,gauge_zero
2026-09-09 16:50:00,2026-09-09T19:50:00Z,2.39,gauge_zero
2026-09-09 17:00:00,2026-09-09T20:00:00Z,2.39,gauge_zero
2026-09-09 17:10:00,2026-09-09T20:10:00Z,2.4,gauge_zero
2026-09-09 17:20:00,2026-09-09T20:20:00Z,2.42,gauge_zero
2026-09-09 17:30:00,2026-09-09T20:30:00Z,2.42,gauge_zero
2026-09-09 17:40:00,2026-09-09T20:40:00Z,2.42,gauge_zero
2026-09-09 17:50:00,2026-09-09T20:50:00Z,2.42,gauge_zero
2026-09-09 18:00:00,2026-09-09T21:00:00Z,2.42,gauge_zero
2026-09-09 18:10:00,2026-09-09T21:10:00Z,2.42,gauge_zero
2026-09-09 18:20:00,2026-09-09T21:20:00Z,2.41,gauge_zero
2026-09-09 18:30:00,2026-09-09T21:30:00Z,2.4,gauge_zero
2026-09-09 18:40:00,2026-09-09T21:40:00Z,2.39,gauge_zero
2026-09-09 18:50:00,2026-09-09T21:50:00Z,2.39,gauge_zero
2026-09-09 19:00:00,2026-09-09T22:00:00Z,2.38,gauge_zero
2026-09-09 19:10:00,2026-09-09T22:10:00Z,2.4,gauge_zero
2026-09-09 19:20:00,2026-09-09T22:20:00Z,2.41,gauge_zero
2026-09-09 19:30:00,2026-09-09T22:30:00Z,2.4,gauge_zero
2026-09-09 19:40:00,2026-09-09T22:40:00Z,2.4,gauge_zero
2026-09-09 19:50:00,2026-09-09T22:50:00Z,2.39,gauge_zero
2026-09-09 20:00:00,2026-09-09T23:00:00Z,2.39,gauge_zero
2026-09-09 20:10:00,2026-09-09T23:10:00Z,2.39,gauge_zero
2026-09-09 20:20:00,2026-09-09T23:20:00Z,2.39,gauge_zero
2026-09-09 20:30:00,2026-09-09T23:30:00Z,2.39,gauge_zero
2026-09-09 20:40:00,2026-09-09T23:40:00Z,2.39,gauge_zero
2026-09-09 20:50:00,2026-09-09T23:50:00Z,2.39,gauge_zero
2026-09-09 21:00:00,2026-09-10T00:00:00Z,2.4,gauge_zero
2026-09-09 21:10:00,2026-09-10T00:10:00Z,2.4,gauge_zero
2026-09-09 21:20:00,2026-09-10T00:20:00Z,2.4,gauge_zero
2026-09-09 21:30:00,2026-09-10T00:30:00Z,2.4,gauge_zero
2026-09-09 21:40:00,2026-09-10T00:40:00Z,2.4,gauge_zero
2026-09-09 21:50:00,2026-09-10T00:50:00Z,2.4,gauge_zero
2026-09-09 22:00:00,2026-09-10T01:00:00Z,2.4,gauge_zero
2026-09-09 22:10:00,2026-09-10T01:10:00Z,2.4,gauge_zero
2026-09-09 22:20:00,2026-09-10T01:20:00Z,2.4,gauge_zero
2026-09-09 22:30:00,2026-09-10T01:30:00Z,2.4,gauge_zero
2026-09-09 22:40:00,2026-09-10T01:40:00Z,2.4,gauge_zero
2026-09-09 22:50:00,2026-09-10T01:50:00Z,2.4,gauge_zero
2026-09-09 23:00:00,2026-09-10T02:00:00Z,2.4,gauge_zero
2026-09-09 23:10:00,2026-09-10T02:10:00Z,2.4,gauge_zero
2026-09-09 23:20:00,2026-09-10T02:20:00Z,2.4,gauge_zero
2026-09-09 23:30:00,2026-09-10T02:30:00Z,2.41,gauge_zero
2026-09-09 23:40:00,2026-09-10T02:40:00Z,2.41,gauge_zero
2026-09-09 23:50:00,2026-09-10T02:50:00Z,2.43,gauge_zero
2026-09-10 00:00:00,2026-09-10T03:00:00Z,2.43,gauge_zero
2026-09-10 00:10:00,2026-09-10T03:10:00Z,2.44,gauge_zero
2026-09-10 00:20:00,2026-09-10T03:20:00Z,2.44,gauge_zero
2026-09-10 00:30:00,2026-09-10T03:30:00Z,2.44,gauge_zero
2026-09-10 00:40:00,2026-09-10T03:40:00Z,2.45,gauge_zero
2026-09-10 00:50:00,2026-09-10T03:50:00Z,2.45,gauge_zero
2026-09-10 01:00:00,2026-09-10T04:00:00Z,2.45,gauge_zero
2026-09-10 01:10:00,2026-09-10T04:10:00Z,2.46,gauge_zero
2026-09-10 01:20:00,2026-09-10T04:20:00Z,2.48,gauge_zero
2026-09-10 01:30:00,2026-09-10T04:30:00Z,2.49,gauge_zero
2026-09-10 01:40:00,2026-09-10T04:40:00Z,2.51,gauge_zero
2026-09-10 01:50:00,2026-09-10T04:50:00Z,2.53,gauge_zero
2026-09-10 02:00:00,2026-09-10T05:00:00Z,2.56,gauge_zero
2026-09-10 02:10:00,2026-09-10T05:10:00Z,2.58,gauge_zero
2026-09-10 02:20:00,2026-09-10T05:20:00Z,2.6,gauge_zero
2026-09-10 02:30:00,2026-09-10T05:30:00Z,2.62,gauge_zero
2026-09-10 02:40:00,2026-09-10T05:40:00Z,2.65,gauge_zero
2026-09-10 02:50:00,2026-09-10T05:50:00Z,2.66,gauge_zero
2026-09-10 03:00:00,2026-09-10T06:00:00Z,2.68,gauge_zero
2026-09-10 03:10:00,2026-09-10T06:10:00Z,2.69,gauge_zero
2026-09-10 03:20:00,2026-09-10T06:20:00Z,2.7,gauge_zero
2026-09-10 03:30:00,2026-09-10T06:30:00Z,2.75,gauge_zero
2026-09-10 03:40:00,2026-09-10T06:40:00Z,2.81,gauge_zero
2026-09-10 03:50:00,2026-09-10T06:50:00Z,2.83,gauge_zero
2026-09-10 04:00:00,2026-09-10T07:00:00Z,2.88,gauge_zero
2026-09-10 04:10:00,2026-09-10T07:10:00Z,2.93,gauge_zero
2026-09-10 04:20:00,2026-09-10T07:20:00Z,2.97,gauge_zero
2026-09-10 04:30:00,2026-09-10T07:30:00Z,2.99,gauge_zero
2026-09-10 04:40:00,2026-09-10T07:40:00Z,2.98,gauge_zero
2026-09-10 04:50:00,2026-09-10T07:50:00Z,3,gauge_zero
2026-09-10 05:00:00,2026-09-10T08:00:00Z,3.01,gauge_zero
2026-09-10 05:10:00,2026-09-10T08:10:00Z,3,gauge_zero
2026-09-10 05:20:00,2026-09-10T08:20:00Z,3,gauge_zero
2026-09-10 05:30:00,2026-09-10T08:30:00Z,3,gauge_zero
2026-09-10 05:40:00,2026-09-10T08:40:00Z,3.01,gauge_zero
2026-09-10 05:50:00,2026-09-10T08:50:00Z,2.99,gauge_zero
2026-09-10 06:00:00,2026-09-10T09:00:00Z,2.98,gauge_zero
2026-09-10 06:10:00,2026-09-10T09:10:00Z,2.96,gauge_zero
2026-09-10 06:20:00,2026-09-10T09:20:00Z,2.95,gauge_zero
2026-09-10 06:30:00,2026-09-10T09:30:00Z,2.93,gauge_zero
2026-09-10 06:40:00,2026-09-10T09:40:00Z,2.93,gauge_zero
