<?xml version="1.0" encoding="UTF-8"?>
<kml xmlns="http://www.opengis.net/kml/2.2">
  <Document>
    <name>Cotas de enchente</name>
    <description/>
    <Style id="icon-1899-DB4436-normal">
      <IconStyle>
        <color>ff3644db</color>
        <scale>1</scale>
        <Icon>
          <href>https://www.gstatic.com/mapspro/images/stock/503-wht-blank_maps.png</href>
        </Icon>
        <hotSpot x="32" xunits="pixels" y="64" yunits="insetPixels"/>
      </IconStyle>
      <LabelStyle>
        <scale>0</scale>
      </LabelStyle>
    </Style>
    <Style id="icon-1899-DB4436-highlight">
      <IconStyle>
        <color>ff3644db</color>
        <scale>1</scale>
        <Icon>
          <href>https://www.gstatic.com/mapspro/images/stock/503-wht-blank_maps.png</href>
        </Icon>
        <hotSpot x="32" xunits="pixels" y="64" yunits="insetPixels"/>
      </IconStyle>
      <LabelStyle>
        <scale>1</scale>
      </LabelStyle>
    </Style>
    <StyleMap id="icon-1899-DB4436">
      <Pair>
        <key>normal</key>
        <styleUrl>#icon-1899-DB4436-normal</styleUrl>
      </Pair>
      <Pair>
        <key>highlight</key>
        <styleUrl>#icon-1899-DB4436-highlight</styleUrl>
      </Pair>
    </StyleMap>
    <Folder>
      <name>cotas_enchente_gaspar_01042020</name>
      <Placemark>
        <name>8,246</name>
        <description><![CDATA[Rua Adriano Kormann    <br>       <br>   FID   0    <br>   sequencia   1    <br>   cota   8,25    <br>   refer_1   Rua Adriano Kormann    <br>   refer_2   Rua Nilton Cardoso    <br>   bairro   Bela Vista    <br>   coord_x   698098,862749    <br>   coord_y   7023033,51756    <br>   latitude   -26,90042    <br>   longitu   -49,005335]]></description>
        <styleUrl>#icon-1899-DB4436</styleUrl>
        <Point>
          <coordinates>
            -49.005335,-26.90042,0
          </coordinates>
        </Point>
      </Placemark>
      <Placemark>
        <name>8,606</name>
        <description><![CDATA[Rua Adriano Kormann    <br>       <br>   FID   1    <br>   sequencia   2    <br>   cota   8,61    <br>   refer_1   Rua Adriano Kormann    <br>   refer_2   Rua José Humberto Zimmermann    <br>   bairro   Bela Vista    <br>   coord_x   698326,604737    <br>   coord_y   7023016,07431    <br>   latitude   -26,900545    <br>   longitu   -49,00304]]></description>
        <styleUrl>#icon-1899-DB4436</styleUrl>
        <Point>
          <coordinates>
            -49.00304,-26.900545,0
          </coordinates>
        </Point>
      </Placemark>
      <Placemark>
        <name>9,574</name>
        <description><![CDATA[Rua Adriano Kormann    <br>       <br>   FID   2    <br>   sequencia   3    <br>   cota   9,57    <br>   refer_1   Rua Adriano Kormann    <br>   refer_2   Defronte ao IFSC    <br>   bairro   Bela Vista    <br>   coord_x   698142,921723    <br>   coord_y   7023037,81809    <br>   latitude   -26,900375    <br>   longitu   -49,004892]]></description>
        <styleUrl>#icon-1899-DB4436</styleUrl>
        <Point>
          <coordinates>
            -49.004892,-26.900375,0
          </coordinates>
        </Point>
      </Placemark>
      <Placemark>
        <name>12,54</name>
        <description><![CDATA[Rua Adriano Kormann    <br>       <br>   FID   3    <br>   sequencia   4    <br>   cota   12,54    <br>   refer_1   Rua Adriano Kormann    <br>   refer_2   417    <br>   bairro   Bela Vista    <br>   coord_x   698033,325612    <br>   coord_y   7023045,78379    <br>   latitude   -26,900319    <br>   longitu   -49,005997]]></description>
        <styleUrl>#icon-1899-DB4436</styleUrl>
        <Point>
          <coordinates>
            -49.005997,-26.900319,0
          </coordinates>
        </Point>
      </Placemark>
      <Placemark>
        <name>13,671</name>
        <description><![CDATA[Rua Adriano Kormann    <br>       <br>   FID   4    <br>   sequencia   5    <br>   cota   13,67    <br>   refer_1   Rua Adriano Kormann    <br>   refer_2   395    <br>   bairro   Bela Vista    <br>   coord_x   698010,496407    <br>   coord_y   7023048,93296    <br>   latitude   -26,900294    <br>   longitu   -49,006227]]></description>
        <styleUrl>#icon-1899-DB4436</styleUrl>
        <Point>
          <coordinates>
            -49.006227,-26.900294,0
          </coordinates>
        </Point>
      </Placemark>
      <Placemark>
        <name>8,088</name>
        <description><![CDATA[Rua Alvorada    <br>       <br>   FID   5    <br>   sequencia   6    <br>   cota   8,09    <br>   refer_1   Rua Alvorada    <br>   refer_2   47    <br>   bairro   Bela Vista    <br>   coord_x   697424,36611    <br>   coord_y   7023370,55456    <br>   latitude   -26,897475    <br>   longitu   -49,012177]]></description>
        <styleUrl>#icon-1899-DB4436</styleUrl>
        <Point>
          <coordinates>
            -49.012177,-26.897475,0
          </coordinates>
        </Point>
      </Placemark>
      <Placemark>
        <name>8,396</name>
        <description><![CDATA[Rua Alvorada    <br>       <br>   FID   6    <br>   sequencia   7    <br>   cota   8,40    <br>   refer_1   Rua Alvorada    <br>   refer_2   100    <br>   bairro   Bela Vista    <br>   coord_x   697439,61601    <br>   coord_y   7023425,19028    <br>   latitude   -26,89698    <br>   longitu   -49,012032]]></description>
        <styleUrl>#icon-1899-DB4436</styleUrl>
        <Point>
          <coordinates>
            -49.012032,-26.89698,0
          </coordinates>
        </Point>
      </Placemark>
      <Placemark>
        <name>9,07</name>
        <description><![CDATA[Rua Alvorada    <br>       <br>   FID   7    <br>   sequencia   8    <br>   cota   9,07    <br>   refer_1   Rua Alvorada    <br>   refer_2   138    <br>   bairro   Bela Vista    <br>   coord_x   697444,218351    <br>   coord_y   7023463,68983    <br>   latitude   -26,896632    <br>   longitu   -49,011992]]></description>
        <styleUrl>#icon-1899-DB4436</styleUrl>
        <Point>
          <coordinates>
            -49.011992,-26.896632,0
          </coordinates>
        </Point>
      </Placemark>
      <Placemark>
        <name>7,22</name>
        <description><![CDATA[Rua Amazonas    <br>       <br>   FID   8    <br>   sequencia   9    <br>   cota   7,22    <br>   refer_1   Rua Amazonas    <br>   refer_2   276    <br>   bairro   Bela Vista    <br>   coord_x   698449,379826    <br>   coord_y   7022992,31277    <br>   latitude   -26,900742    <br>   longitu   -49,001801]]></description>
        <styleUrl>#icon-1899-DB4436</styleUrl>
        <Point>
          <coordinates>
            -49.001801,-26.900742,0
          </coordinates>
        </Point>
      </Placemark>
      <Placemark>
        <name>7,355</name>
        <description><![CDATA[Rua Amazonas    <br>       <br>   FID   9    <br>   sequencia   10    <br>   cota   7,36    <br>   refer_1   Rua Amazonas    <br>   refer_2   Rua Bahia    <br>   bairro   Bela Vista    <br>   coord_x   698433,726932    <br>   coord_y   7022843,56604    <br>   latitude   -26,902086    <br>   longitu   -49,001935]]></description>
        <styleUrl>#icon-1899-DB4436</styleUrl>
        <Point>
          <coordinates>
            -49.001935,-26.902086,0
          </coordinates>
        </Point>
      </Placemark>
      <Placemark>
        <name>7,363</name>
        <description><![CDATA[Rua Amazonas    <br>       <br>   FID   10    <br>   sequencia   11    <br>   cota   7,36    <br>   refer_1   Rua Amazonas    <br>   refer_2   Rua José Geraldo Cardoso    <br>   bairro   Bela Vista    <br>   coord_x   698450,813107    <br>   coord_y   7023044,95257    <br>   latitude   -26,900267    <br>   longitu   -49,001795]]></description>
        <styleUrl>#icon-1899-DB4436</styleUrl>
        <Point>
          <coordinates>
            -49.001795,-26.900267,0
          </coordinates>
        </Point>
      </Placemark>
      <Placemark>
        <name>7,404</name>
        <description><![CDATA[Rua Amazonas    <br>       <br>   FID   11    <br>   sequencia   12    <br>   cota   7,40    <br>   refer_1   Rua Amazonas    <br>   refer_2   317    <br>   bairro   Bela Vista    <br>   coord_x   698457,054057    <br>   coord_y   7023080,29284    <br>   latitude   -26,899947    <br>   longitu   -49,001738]]></description>
        <styleUrl>#icon-1899-DB4436</styleUrl>
        <Point>
          <coordinates>
            -49.001738,-26.899947,0
          </coordinates>
        </Point>
      </Placemark>
      <Placemark>
        <name>7,432</name>
        <description><![CDATA[Rua Amazonas    <br>       <br>   FID   12    <br>   sequencia   13    <br>   cota   7,43    <br>   refer_1   Rua Amazonas    <br>   refer_2   330    <br>   bairro   Bela Vista    <br>   coord_x   698438,140947    <br>   coord_y   7022927,82349    <br>   latitude   -26,901326    <br>   longitu   -49,001904]]></description>
        <styleUrl>#icon-1899-DB4436</styleUrl>
        <Point>
          <coordinates>
            -49.001904,-26.901326,0
          </coordinates>
        </Point>
      </Placemark>
      <Placemark>
        <name>7,539</name>
        <description><![CDATA[Rua Amazonas    <br>       <br>   FID   13    <br>   sequencia   14    <br>   cota   7,54    <br>   refer_1   Rua Amazonas    <br>   refer_2   316    <br>   bairro   Bela Vista    <br>   coord_x   698463,037624    <br>   coord_y   7023180,62229    <br>   latitude   -26,899041    <br>   longitu   -49,001694]]></description>
        <styleUrl>#icon-1899-DB4436</styleUrl>
        <Point>
          <coordinates>
            -49.001694,-26.899041,0
          </coordinates>
        </Point>
      </Placemark>
      <Placemark>
        <name>7,586</name>
        <description><![CDATA[Rua Amazonas    <br>       <br>   FID   14    <br>   sequencia   15    <br>   cota   7,59    <br>   refer_1   Rua Amazonas    <br>   refer_2   285    <br>   bairro   Bela Vista    <br>   coord_x   698459,905231    <br>   coord_y   7023119,45685    <br>   latitude   -26,899593    <br>   longitu   -49,001715]]></description>
        <styleUrl>#icon-1899-DB4436</styleUrl>
        <Point>
          <coordinates>
            -49.001715,-26.899593,0
          </coordinates>
        </Point>
      </Placemark>
      <Placemark>
        <name>7,832</name>
        <description><![CDATA[Rua Amazonas    <br>       <br>   FID   15    <br>   sequencia   16    <br>   cota   7,83    <br>   refer_1   Rua Amazonas    <br>   refer_2   Rua Biguaçu    <br>   bairro   Bela Vista    <br>   coord_x   698470,21493    <br>   coord_y   7023247,26765    <br>   latitude   -26,898439    <br>   longitu   -49,001632]]></description>
        <styleUrl>#icon-1899-DB4436</styleUrl>
        <Point>
          <coordinates>
            -49.001632,-26.898439,0
          </coordinates>
        </Point>
      </Placemark>
      <Placemark>
        <name>8,478</name>
        <description><![CDATA[Rua Amazonas    <br>       <br>   FID   16    <br>   sequencia   17    <br>   cota   8,48    <br>   refer_1   Rua Amazonas    <br>   refer_2   980    <br>   bairro   Bela Vista    <br>   coord_x   698381,140721    <br>   coord_y   7022761,03724    <br>   latitude   -26,902839    <br>   longitu   -49,002451]]></description>
        <styleUrl>#icon-1899-DB4436</styleUrl>
        <Point>
          <coordinates>
            -49.002451,-26.902839,0
          </coordinates>
        </Point>
      </Placemark>
      <Placemark>
        <name>9,064</name>
        <description><![CDATA[Rua Amazonas    <br>       <br>   FID   17    <br>   sequencia   18    <br>   cota   9,06    <br>   refer_1   Rua Amazonas    <br>   refer_2   770    <br>   bairro   Bela Vista    <br>   coord_x   698420,08701    <br>   coord_y   7022765,34633    <br>   latitude   -26,902794    <br>   longitu   -49,00206]]></description>
        <styleUrl>#icon-1899-DB4436</styleUrl>
        <Point>
          <coordinates>
            -49.00206,-26.902794,0
          </coordinates>
        </Point>
      </Placemark>
      <Placemark>
        <name>9,095</name>
        <description><![CDATA[Rua Amazonas    <br>       <br>   FID   18    <br>   sequencia   19    <br>   cota   9,10    <br>   refer_1   Rua Amazonas    <br>   refer_2   Rua Clara Schmitz    <br>   bairro   Bela Vista    <br>   coord_x   698427,948966    <br>   coord_y   7022792,81876    <br>   latitude   -26,902545    <br>   longitu   -49,001985]]></description>
        <styleUrl>#icon-1899-DB4436</styleUrl>
        <Point>
          <coordinates>
            -49.001985,-26.902545,0
          </coordinates>
        </Point>
      </Placemark>
      <Placemark>
        <name>9,917</name>
        <description><![CDATA[Rua Anfilóquio Nunes Pires    <br>       <br>   FID   19    <br>   sequencia   20    <br>   cota   9,92    <br>   refer_1   Rua Anfilóquio Nunes Pires    <br>   refer_2   Rua Antônio Moser    <br>   bairro   Bela Vista    <br>   coord_x   699008,194896    <br>   coord_y   7023446,21942    <br>   latitude   -26,896567    <br>   longitu   -48,996249]]></description>
        <styleUrl>#icon-1899-DB4436</styleUrl>
        <Point>
          <coordinates>
            -48.996249,-26.896567,0
          </coordinates>
        </Point>
      </Placemark>
      <Placemark>
        <name>11,308</name>
        <description><![CDATA[Rua Anfilóquio Nunes Pires    <br>       <br>   FID   20    <br>   sequencia   21    <br>   cota   11,31    <br>   refer_1   Rua Anfilóquio Nunes Pires    <br>   refer_2   Rua Prefeito Bernardino Antônio de Souza    <br>   bairro   Bela Vista    <br>   coord_x   697549,470673    <br>   coord_y   7023109,24665    <br>   latitude   -26,899815    <br>   longitu   -49,010876]]></description>
        <styleUrl>#icon-1899-DB4436</styleUrl>
        <Point>
          <coordinates>
            -49.010876,-26.899815,0
          </coordinates>
        </Point>
      </Placemark>
      <Placemark>
        <name>11,737</name>
        <description><![CDATA[Rua Anfilóquio Nunes Pires    <br>       <br>   FID   21    <br>   sequencia   22    <br>   cota   11,74    <br>   refer_1   Rua Anfilóquio Nunes Pires    <br>   refer_2   Rua Conceição de Jesus Marques    <br>   bairro   Bela Vista    <br>   coord_x   699497,411905    <br>   coord_y   7022882,59787    <br>   latitude   -26,901582    <br>   longitu   -48,991236]]></description>
        <styleUrl>#icon-1899-DB4436</styleUrl>
        <Point>
          <coordinates>
            -48.991236,-26.901582,0
          </coordinates>
        </Point>
      </Placemark>
      <Placemark>
        <name>12,086</name>
        <description><![CDATA[Rua Anfilóquio Nunes Pires    <br>       <br>   FID   22    <br>   sequencia   23    <br>   cota   12,09    <br>   refer_1   Rua Anfilóquio Nunes Pires    <br>   refer_2   Rua Marcos Zimmermann    <br>   bairro   Bela Vista    <br>   coord_x   698276,955542    <br>   coord_y   7023484,67445    <br>   latitude   -26,896324    <br>   longitu   -49,003614]]></description>
        <styleUrl>#icon-1899-DB4436</styleUrl>
        <Point>
          <coordinates>
            -49.003614,-26.896324,0
          </coordinates>
        </Point>
      </Placemark>
      <Placemark>
        <name>13,65</name>
        <description><![CDATA[Rua Anfilóquio Nunes Pires    <br>       <br>   FID   23    <br>   sequencia   24    <br>   cota   13,65    <br>   refer_1   Rua Anfilóquio Nunes Pires    <br>   refer_2   Rua Pedro Artur Zimmermann    <br>   bairro   Bela Vista    <br>   coord_x   697343,24443    <br>   coord_y   7022977,0196    <br>   latitude   -26,901037    <br>   longitu   -49,012931]]></description>
        <styleUrl>#icon-1899-DB4436</styleUrl>
        <Point>
          <coordinates>
            -49.012931,-26.901037,0
          </coordinates>
        </Point>
      </Placemark>
      <Placemark>
        <name>9,387</name>
        <description><![CDATA[Rua Ângela Maria Hostert    <br>       <br>   FID   24    <br>   sequencia   25    <br>   cota   9,39    <br>   refer_1   Rua Ângela Maria Hostert    <br>   refer_2   Rua Imbuia    <br>   bairro   Bela Vista    <br>   coord_x   698845,227059    <br>   coord_y   7023832,19237    <br>   latitude   -26,893107    <br>   longitu   -48,997951]]></description>
        <styleUrl>#icon-1899-DB4436</styleUrl>
        <Point>
          <coordinates>
            -48.997951,-26.893107,0
          </coordinates>
        </Point>
      </Placemark>
      <Placemark>
        <name>9,725</name>
        <description><![CDATA[Rua Ângela Maria Hostert    <br>       <br>   FID   25    <br>   sequencia   26    <br>   cota   9,72    <br>   refer_1   Rua Ângela Maria Hostert    <br>   refer_2   Rua Catarina Hostert    <br>   bairro   Bela Vista    <br>   coord_x   698811,613845    <br>   coord_y   7023826,72747    <br>   latitude   -26,893161    <br>   longitu   -48,998288]]></description>
        <styleUrl>#icon-1899-DB4436</styleUrl>
        <Point>
          <coordinates>
            -48.998288,-26.893161,0
          </coordinates>
        </Point>
      </Placemark>
      <Placemark>
        <name>10,52</name>
        <description><![CDATA[Rua Ângela Maria Hostert    <br>       <br>   FID   26    <br>   sequencia   27    <br>   cota   10,52    <br>   refer_1   Rua Ângela Maria Hostert    <br>   refer_2   421    <br>   bairro   Bela Vista    <br>   coord_x   698904,23988    <br>   coord_y   7023841,79271    <br>   latitude   -26,893012    <br>   longitu   -48,997359]]></description>
        <styleUrl>#icon-1899-DB4436</styleUrl>
        <Point>
          <coordinates>
            -48.997359,-26.893012,0
          </coordinates>
        </Point>
      </Placemark>
      <Placemark>
        <name>11,24</name>
        <description><![CDATA[Rua Ângela Maria Hostert    <br>       <br>   FID   27    <br>   sequencia   28    <br>   cota   11,24    <br>   refer_1   Rua Ângela Maria Hostert    <br>   refer_2   150    <br>   bairro   Bela Vista    <br>   coord_x   698932,051185    <br>   coord_y   7023842,51136    <br>   latitude   -26,893002    <br>   longitu   -48,997079]]></description>
        <styleUrl>#icon-1899-DB4436</styleUrl>
        <Point>
          <coordinates>
            -48.997079,-26.893002,0
          </coordinates>
        </Point>
      </Placemark>
      <Placemark>
        <name>7,824</name>
        <description><![CDATA[Rua Antônio Moser    <br>       <br>   FID   28    <br>   sequencia   29    <br>   cota   7,82    <br>   refer_1   Rua Antônio Moser    <br>   refer_2   53    <br>   bairro   Bela Vista    <br>   coord_x   699021,500067    <br>   coord_y   7023505,16664    <br>   latitude   -26,896033    <br>   longitu   -48,996125]]></description>
        <styleUrl>#icon-1899-DB4436</styleUrl>
        <Point>
          <coordinates>
            -48.996125,-26.896033,0
          </coordinates>
        </Point>
      </Placemark>
      <Placemark>
        <name>8,339</name>
        <description><![CDATA[Rua Antônio Moser    <br>       <br>   FID   29    <br>   sequencia   30    <br>   cota   8,34    <br>   refer_1   Rua Antônio Moser    <br>   refer_2   156    <br>   bairro   Bela Vista    <br>   coord_x   699029,314389    <br>   coord_y   7023604,48139    <br>   latitude   -26,895136    <br>   longitu   -48,996062]]></description>
        <styleUrl>#icon-1899-DB4436</styleUrl>
        <Point>
          <coordinates>
            -48.996062,-26.895136,0
          </coordinates>
        </Point>
      </Placemark>
      <Placemark>
        <name>9,557</name>
        <description><![CDATA[Rua Antônio Moser    <br>       <br>   FID   30    <br>   sequencia   31    <br>   cota   9,56    <br>   refer_1   Rua Antônio Moser    <br>   refer_2   Rua Tubarão    <br>   bairro   Bela Vista    <br>   coord_x   699032,860906    <br>   coord_y   7023697,77697    <br>   latitude   -26,894293    <br>   longitu   -48,996041]]></description>
        <styleUrl>#icon-1899-DB4436</styleUrl>
        <Point>
          <coordinates>
            -48.996041,-26.894293,0
          </coordinates>
        </Point>
      </Placemark>
      <Placemark>
        <name>9,632</name>
        <description><![CDATA[Rua Antônio Moser    <br>       <br>   FID   31    <br>   sequencia   32    <br>   cota   9,63    <br>   refer_1   Rua Antônio Moser    <br>   refer_2   285    <br>   bairro   Bela Vista    <br>   coord_x   699041,316582    <br>   coord_y   7023757,21075    <br>   latitude   -26,893756    <br>   longitu   -48,995966]]></description>
        <styleUrl>#icon-1899-DB4436</styleUrl>
        <Point>
          <coordinates>
            -48.995966,-26.893756,0
          </coordinates>
        </Point>
      </Placemark>
      <Placemark>
        <name>10,118</name>
        <description><![CDATA[Rua Antonio Walfredo do Nascimento    <br>       <br>   FID   32    <br>   sequencia   33    <br>   cota   10,12    <br>   refer_1   Rua Antonio Walfredo do Nascimento    <br>   refer_2   Final de rua    <br>   bairro   Bela Vista    <br>   coord_x   697695,304085    <br>   coord_y   7023607,86839    <br>   latitude   -26,895295    <br>   longitu   -49,009488]]></description>
        <styleUrl>#icon-1899-DB4436</styleUrl>
        <Point>
          <coordinates>
            -49.009488,-26.895295,0
          </coordinates>
        </Point>
      </Placemark>
      <Placemark>
        <name>12,287</name>
        <description><![CDATA[Rua Aracaju    <br>       <br>   FID   33    <br>   sequencia   34    <br>   cota   12,29    <br>   refer_1   Rua Aracaju    <br>   refer_2   Rua Florianópolis    <br>   bairro   Bela Vista    <br>   coord_x   697701,546386    <br>   coord_y   7022879,22599    <br>   latitude   -26,901869    <br>   longitu   -49,009309]]></description>
        <styleUrl>#icon-1899-DB4436</styleUrl>
        <Point>
          <coordinates>
            -49.009309,-26.901869,0
          </coordinates>
        </Point>
      </Placemark>
      <Placemark>
        <name>9,08</name>
        <description><![CDATA[Rua Aroeira    <br>       <br>   FID   34    <br>   sequencia   35    <br>   cota   9,08    <br>   refer_1   Rua Aroeira    <br>   refer_2   Transversal Rua Helena Kaufmann - a direita    <br>   bairro   Bela Vista    <br>   coord_x   698861,223829    <br>   coord_y   7023761,23769    <br>   latitude   -26,893745    <br>   longitu   -48,997779]]></description>
        <styleUrl>#icon-1899-DB4436</styleUrl>
        <Point>
          <coordinates>
            -48.997779,-26.893745,0
          </coordinates>
        </Point>
      </Placemark>
      <Placemark>
        <name>7,885</name>
        <description><![CDATA[Rua Biguaçu    <br>       <br>   FID   35    <br>   sequencia   36    <br>   cota   7,88    <br>   refer_1   Rua Biguaçu    <br>   refer_2   Rua Santo André    <br>   bairro   Bela Vista    <br>   coord_x   698572,628978    <br>   coord_y   7023226,89291    <br>   latitude   -26,898608    <br>   longitu   -49,000598]]></description>
        <styleUrl>#icon-1899-DB4436</styleUrl>
        <Point>
          <coordinates>
            -49.000598,-26.898608,0
          </coordinates>
        </Point>
      </Placemark>
      <Placemark>
        <name>8,599</name>
        <description><![CDATA[Rua Biguaçu    <br>       <br>   FID   36    <br>   sequencia   37    <br>   cota   8,60    <br>   refer_1   Rua Biguaçu    <br>   refer_2   334    <br>   bairro   Bela Vista    <br>   coord_x   698596,426942    <br>   coord_y   7023226,59888    <br>   latitude   -26,898607    <br>   longitu   -49,000358]]></description>
        <styleUrl>#icon-1899-DB4436</styleUrl>
        <Point>
          <coordinates>
            -49.000358,-26.898607,0
          </coordinates>
        </Point>
      </Placemark>
      <Placemark>
        <name>8,547</name>
        <description><![CDATA[Rua Boa Vista    <br>       <br>   FID   37    <br>   sequencia   38    <br>   cota   8,55    <br>   refer_1   Rua Boa Vista    <br>   refer_2   132    <br>   bairro   Bela Vista    <br>   coord_x   698016,924894    <br>   coord_y   7022776,64168    <br>   latitude   -26,90275    <br>   longitu   -49,006119]]></description>
        <styleUrl>#icon-1899-DB4436</styleUrl>
        <Point>
          <coordinates>
            -49.006119,-26.90275,0
          </coordinates>
        </Point>
      </Placemark>
      <Placemark>
        <name>8,672</name>
        <description><![CDATA[Rua Bom retiro    <br>       <br>   FID   38    <br>   sequencia   39    <br>   cota   8,67    <br>   refer_1   Rua Bom retiro    <br>   refer_2   25    <br>   bairro   Bela Vista    <br>   coord_x   697403,032998    <br>   coord_y   7023403,76156    <br>   latitude   -26,897178    <br>   longitu   -49,012397]]></description>
        <styleUrl>#icon-1899-DB4436</styleUrl>
        <Point>
          <coordinates>
            -49.012397,-26.897178,0
          </coordinates>
        </Point>
      </Placemark>
      <Placemark>
        <name>7,698</name>
        <description><![CDATA[Rua Brasília    <br>       <br>   FID   39    <br>   sequencia   40    <br>   cota   7,70    <br>   refer_1   Rua Brasília    <br>   refer_2   Rua Biguaçu    <br>   bairro   Bela Vista    <br>   coord_x   698515,658168    <br>   coord_y   7023250,28976    <br>   latitude   -26,898405    <br>   longitu   -49,001175]]></description>
        <styleUrl>#icon-1899-DB4436</styleUrl>
        <Point>
          <coordinates>
            -49.001175,-26.898405,0
          </coordinates>
        </Point>
      </Placemark>
      <Placemark>
        <name>8,51</name>
        <description><![CDATA[Rua Brasília    <br>       <br>   FID   40    <br>   sequencia   41    <br>   cota   8,51    <br>   refer_1   Rua Brasília    <br>   refer_2   34    <br>   bairro   Bela Vista    <br>   coord_x   698530,105256    <br>   coord_y   7023450,06768    <br>   latitude   -26,8966    <br>   longitu   -49,001061]]></description>
        <styleUrl>#icon-1899-DB4436</styleUrl>
        <Point>
          <coordinates>
            -49.001061,-26.8966,0
          </coordinates>
        </Point>
      </Placemark>
      <Placemark>
        <name>8,648</name>
        <description><![CDATA[Rua Brasília    <br>       <br>   FID   41    <br>   sequencia   42    <br>   cota   8,65    <br>   refer_1   Rua Brasília    <br>   refer_2   55    <br>   bairro   Bela Vista    <br>   coord_x   698532,479969    <br>   coord_y   7023410,52411    <br>   latitude   -26,896957    <br>   longitu   -49,001031]]></description>
        <styleUrl>#icon-1899-DB4436</styleUrl>
        <Point>
          <coordinates>
            -49.001031,-26.896957,0
          </coordinates>
        </Point>
      </Placemark>
      <Placemark>
        <name>8,823</name>
        <description><![CDATA[Rua Brasília    <br>       <br>   FID   42    <br>   sequencia   43    <br>   cota   8,82    <br>   refer_1   Rua Brasília    <br>   refer_2   59    <br>   bairro   Bela Vista    <br>   coord_x   698529,039858    <br>   coord_y   7023367,86273    <br>   latitude   -26,897342    <br>   longitu   -49,001059]]></description>
        <styleUrl>#icon-1899-DB4436</styleUrl>
        <Point>
          <coordinates>
            -49.001059,-26.897342,0
          </coordinates>
        </Point>
      </Placemark>
      <Placemark>
        <name>8,848</name>
        <description><![CDATA[Rua Brasília    <br>       <br>   FID   43    <br>   sequencia   44    <br>   cota   8,85    <br>   refer_1   Rua Brasília    <br>   refer_2   74    <br>   bairro   Bela Vista    <br>   coord_x   698526,670758    <br>   coord_y   7023339,10467    <br>   latitude   -26,897602    <br>   longitu   -49,001078]]></description>
        <styleUrl>#icon-1899-DB4436</styleUrl>
        <Point>
          <coordinates>
            -49.001078,-26.897602,0
          </coordinates>
        </Point>
      </Placemark>
      <Placemark>
        <name>14,71</name>
        <description><![CDATA[Rua Bruno Rodolfo Schaper    <br>       <br>   FID   44    <br>   sequencia   45    <br>   cota   14,71    <br>   refer_1   Rua Bruno Rodolfo Schaper    <br>   refer_2   189    <br>   bairro   Bela Vista    <br>   coord_x   697866,625081    <br>   coord_y   7023122,35038    <br>   latitude   -26,899652    <br>   longitu   -49,007687]]></description>
        <styleUrl>#icon-1899-DB4436</styleUrl>
        <Point>
          <coordinates>
            -49.007687,-26.899652,0
          </coordinates>
        </Point>
      </Placemark>
      <Placemark>
        <name>9,951</name>
        <description><![CDATA[Rua Catarina Hostert    <br>       <br>   FID   45    <br>   sequencia   46    <br>   cota   9,95    <br>   refer_1   Rua Catarina Hostert    <br>   refer_2   195    <br>   bairro   Bela Vista    <br>   coord_x   698808,665825    <br>   coord_y   7023845,10816    <br>   latitude   -26,892996    <br>   longitu   -48,998321]]></description>
        <styleUrl>#icon-1899-DB4436</styleUrl>
        <Point>
          <coordinates>
            -48.998321,-26.892996,0
          </coordinates>
        </Point>
      </Placemark>
      <Placemark>
        <name>11,607</name>
        <description><![CDATA[Rua Catarina Hostert    <br>       <br>   FID   46    <br>   sequencia   47    <br>   cota   11,61    <br>   refer_1   Rua Catarina Hostert    <br>   refer_2   Final de rua    <br>   bairro   Bela Vista    <br>   coord_x   698811,275501    <br>   coord_y   7023884,38303    <br>   latitude   -26,892641    <br>   longitu   -48,998301]]></description>
        <styleUrl>#icon-1899-DB4436</styleUrl>
        <Point>
          <coordinates>
            -48.998301,-26.892641,0
          </coordinates>
        </Point>
      </Placemark>
      <Placemark>
        <name>12,054</name>
        <description><![CDATA[Rua Catarina Hostert    <br>       <br>   FID   47    <br>   sequencia   48    <br>   cota   12,05    <br>   refer_1   Rua Catarina Hostert    <br>   refer_2   Rua Francisco Xavier Hostert    <br>   bairro   Bela Vista    <br>   coord_x   698799,396715    <br>   coord_y   7023757,64646    <br>   latitude   -26,893786    <br>   longitu   -48,9984]]></description>
        <styleUrl>#icon-1899-DB4436</styleUrl>
        <Point>
          <coordinates>
            -48.9984,-26.893786,0
          </coordinates>
        </Point>
      </Placemark>
      <Placemark>
        <name>14,02</name>
        <description><![CDATA[Rua Catarina Hostert    <br>       <br>   FID   48    <br>   sequencia   49    <br>   cota   14,02    <br>   refer_1   Rua Catarina Hostert    <br>   refer_2   80    <br>   bairro   Bela Vista    <br>   coord_x   698822,926484    <br>   coord_y   7023711,29038    <br>   latitude   -26,894201    <br>   longitu   -48,998156]]></description>
        <styleUrl>#icon-1899-DB4436</styleUrl>
        <Point>
          <coordinates>
            -48.998156,-26.894201,0
          </coordinates>
        </Point>
      </Placemark>
      <Placemark>
        <name>7,696</name>
        <description><![CDATA[Rua Ceará    <br>       <br>   FID   49    <br>   sequencia   50    <br>   cota   7,70    <br>   refer_1   Rua Ceará    <br>   refer_2   17    <br>   bairro   Bela Vista    <br>   coord_x   698483,512977    <br>   coord_y   7023432,46417    <br>   latitude   -26,896766    <br>   longitu   -49,001527]]></description>
        <styleUrl>#icon-1899-DB4436</styleUrl>
        <Point>
          <coordinates>
            -49.001527,-26.896766,0
          </coordinates>
        </Point>
      </Placemark>
      <Placemark>
        <name>7,975</name>
        <description><![CDATA[Rua Ceará    <br>       <br>   FID   50    <br>   sequencia   51    <br>   cota   7,97    <br>   refer_1   Rua Ceará    <br>   refer_2   7    <br>   bairro   Bela Vista    <br>   coord_x   698487,737657    <br>   coord_y   7023465,33415    <br>   latitude   -26,896468    <br>   longitu   -49,00149]]></description>
        <styleUrl>#icon-1899-DB4436</styleUrl>
        <Point>
          <coordinates>
            -49.00149,-26.896468,0
          </coordinates>
        </Point>
      </Placemark>
      <Placemark>
        <name>8,343</name>
        <description><![CDATA[Rua Ceará    <br>       <br>   FID   51    <br>   sequencia   52    <br>   cota   8,34    <br>   refer_1   Rua Ceará    <br>   refer_2   71    <br>   bairro   Bela Vista    <br>   coord_x   698473,731229    <br>   coord_y   7023283,58265    <br>   latitude   -26,89811    <br>   longitu   -49,001602]]></description>
        <styleUrl>#icon-1899-DB4436</styleUrl>
        <Point>
          <coordinates>
            -49.001602,-26.89811,0
          </coordinates>
        </Point>
      </Placemark>
      <Placemark>
        <name>8,575</name>
        <description><![CDATA[Rua Ceará    <br>       <br>   FID   52    <br>   sequencia   53    <br>   cota   8,57    <br>   refer_1   Rua Ceará    <br>   refer_2   68    <br>   bairro   Bela Vista    <br>   coord_x   698480,872272    <br>   coord_y   7023382,47705    <br>   latitude   -26,897217    <br>   longitu   -49,001546]]></description>
        <styleUrl>#icon-1899-DB4436</styleUrl>
        <Point>
          <coordinates>
            -49.001546,-26.897217,0
          </coordinates>
        </Point>
      </Placemark>
      <Placemark>
        <name>8,63</name>
        <description><![CDATA[Rua Ceará    <br>       <br>   FID   53    <br>   sequencia   54    <br>   cota   8,63    <br>   refer_1   Rua Ceará    <br>   refer_2   57    <br>   bairro   Bela Vista    <br>   coord_x   698477,33865    <br>   coord_y   7023333,52044    <br>   latitude   -26,897659    <br>   longitu   -49,001574]]></description>
        <styleUrl>#icon-1899-DB4436</styleUrl>
        <Point>
          <coordinates>
            -49.001574,-26.897659,0
          </coordinates>
        </Point>
      </Placemark>
      <Placemark>
        <name>9,963</name>
        <description><![CDATA[Rua Clara Schmitz    <br>       <br>   FID   54    <br>   sequencia   55    <br>   cota   9,96    <br>   refer_1   Rua Clara Schmitz    <br>   refer_2   438    <br>   bairro   Bela Vista    <br>   coord_x   698588,322538    <br>   coord_y   7023089,37353    <br>   latitude   -26,899846    <br>   longitu   -49,000418]]></description>
        <styleUrl>#icon-1899-DB4436</styleUrl>
        <Point>
          <coordinates>
            -49.000418,-26.899846,0
          </coordinates>
        </Point>
      </Placemark>
      <Placemark>
        <name>10,041</name>
        <description><![CDATA[Rua Clara Schmitz    <br>       <br>   FID   55    <br>   sequencia   56    <br>   cota   10,04    <br>   refer_1   Rua Clara Schmitz    <br>   refer_2   526    <br>   bairro   Bela Vista    <br>   coord_x   698578,505486    <br>   coord_y   7023001,59086    <br>   latitude   -26,90064    <br>   longitu   -49,000503]]></description>
        <styleUrl>#icon-1899-DB4436</styleUrl>
        <Point>
          <coordinates>
            -49.000503,-26.90064,0
          </coordinates>
        </Point>
      </Placemark>
      <Placemark>
        <name>10,19</name>
        <description><![CDATA[Rua Clara Schmitz    <br>       <br>   FID   56    <br>   sequencia   57    <br>   cota   10,19    <br>   refer_1   Rua Clara Schmitz    <br>   refer_2   214    <br>   bairro   Bela Vista    <br>   coord_x   698601,125932    <br>   coord_y   7023341,56237    <br>   latitude   -26,897569    <br>   longitu   -49,000329]]></description>
        <styleUrl>#icon-1899-DB4436</styleUrl>
        <Point>
          <coordinates>
            -49.000329,-26.897569,0
          </coordinates>
        </Point>
      </Placemark>
      <Placemark>
        <name>10,315</name>
        <description><![CDATA[Rua Clara Schmitz    <br>       <br>   FID   57    <br>   sequencia   58    <br>   cota   10,32    <br>   refer_1   Rua Clara Schmitz    <br>   refer_2   Rua Biguaçu    <br>   bairro   Bela Vista    <br>   coord_x   698610,080758    <br>   coord_y   7023227,86396    <br>   latitude   -26,898594    <br>   longitu   -49,000221]]></description>
        <styleUrl>#icon-1899-DB4436</styleUrl>
        <Point>
          <coordinates>
            -49.000221,-26.898594,0
          </coordinates>
        </Point>
      </Placemark>
      <Placemark>
        <name>10,326</name>
        <description><![CDATA[Rua Clara Schmitz    <br>       <br>   FID   58    <br>   sequencia   59    <br>   cota   10,33    <br>   refer_1   Rua Clara Schmitz    <br>   refer_2   Rua Sergipe    <br>   bairro   Bela Vista    <br>   coord_x   698592,930733    <br>   coord_y   7023066,5024    <br>   latitude   -26,900052    <br>   longitu   -49,000368]]></description>
        <styleUrl>#icon-1899-DB4436</styleUrl>
        <Point>
          <coordinates>
            -49.000368,-26.900052,0
          </coordinates>
        </Point>
      </Placemark>
      <Placemark>
        <name>10,489</name>
        <description><![CDATA[Rua Clara Schmitz    <br>       <br>   FID   59    <br>   sequencia   60    <br>   cota   10,49    <br>   refer_1   Rua Clara Schmitz    <br>   refer_2   365    <br>   bairro   Bela Vista    <br>   coord_x   698617,320562    <br>   coord_y   7023183,59931    <br>   latitude   -26,898992    <br>   longitu   -49,000141]]></description>
        <styleUrl>#icon-1899-DB4436</styleUrl>
        <Point>
          <coordinates>
            -49.000141,-26.898992,0
          </coordinates>
        </Point>
      </Placemark>
      <Placemark>
        <name>10,605</name>
        <description><![CDATA[Rua Clara Schmitz    <br>       <br>   FID   60    <br>   sequencia   61    <br>   cota   10,61    <br>   refer_1   Rua Clara Schmitz    <br>   refer_2   Rua Bahia    <br>   bairro   Bela Vista    <br>   coord_x   698495,433653    <br>   coord_y   7022854,41616    <br>   latitude   -26,90198    <br>   longitu   -49,001316]]></description>
        <styleUrl>#icon-1899-DB4436</styleUrl>
        <Point>
          <coordinates>
            -49.001316,-26.90198,0
          </coordinates>
        </Point>
      </Placemark>
      <Placemark>
        <name>11,015</name>
        <description><![CDATA[Rua Clara Schmitz    <br>       <br>   FID   61    <br>   sequencia   62    <br>   cota   11,02    <br>   refer_1   Rua Clara Schmitz    <br>   refer_2   324    <br>   bairro   Bela Vista    <br>   coord_x   698610,649444    <br>   coord_y   7023254,02563    <br>   latitude   -26,898358    <br>   longitu   -49,00022]]></description>
        <styleUrl>#icon-1899-DB4436</styleUrl>
        <Point>
          <coordinates>
            -49.00022,-26.898358,0
          </coordinates>
        </Point>
      </Placemark>
      <Placemark>
        <name>11,152</name>
        <description><![CDATA[Rua Clara Schmitz    <br>       <br>   FID   62    <br>   sequencia   63    <br>   cota   11,15    <br>   refer_1   Rua Clara Schmitz    <br>   refer_2   725    <br>   bairro   Bela Vista    <br>   coord_x   698476,877679    <br>   coord_y   7022803,381    <br>   latitude   -26,902443    <br>   longitu   -49,001494]]></description>
        <styleUrl>#icon-1899-DB4436</styleUrl>
        <Point>
          <coordinates>
            -49.001494,-26.902443,0
          </coordinates>
        </Point>
      </Placemark>
      <Placemark>
        <name>11,485</name>
        <description><![CDATA[Rua Clara Schmitz    <br>       <br>   FID   63    <br>   sequencia   64    <br>   cota   11,48    <br>   refer_1   Rua Clara Schmitz    <br>   refer_2   598    <br>   bairro   Bela Vista    <br>   coord_x   698546,665969    <br>   coord_y   7022946,30588    <br>   latitude   -26,901143    <br>   longitu   -49,000815]]></description>
        <styleUrl>#icon-1899-DB4436</styleUrl>
        <Point>
          <coordinates>
            -49.000815,-26.901143,0
          </coordinates>
        </Point>
      </Placemark>
      <Placemark>
        <name>11,506</name>
        <description><![CDATA[Rua Clara Schmitz    <br>       <br>   FID   64    <br>   sequencia   65    <br>   cota   11,51    <br>   refer_1   Rua Clara Schmitz    <br>   refer_2   188    <br>   bairro   Bela Vista    <br>   coord_x   698588,679071    <br>   coord_y   7023446,95899    <br>   latitude   -26,89662    <br>   longitu   -49,000471]]></description>
        <styleUrl>#icon-1899-DB4436</styleUrl>
        <Point>
          <coordinates>
            -49.000471,-26.89662,0
          </coordinates>
        </Point>
      </Placemark>
      <Placemark>
        <name>11,849</name>
        <description><![CDATA[Rua Clara Schmitz    <br>       <br>   FID   65    <br>   sequencia   66    <br>   cota   11,85    <br>   refer_1   Rua Clara Schmitz    <br>   refer_2   Rua Goiás    <br>   bairro   Bela Vista    <br>   coord_x   698538,432343    <br>   coord_y   7022911,01702    <br>   latitude   -26,901463    <br>   longitu   -49,000892]]></description>
        <styleUrl>#icon-1899-DB4436</styleUrl>
        <Point>
          <coordinates>
            -49.000892,-26.901463,0
          </coordinates>
        </Point>
      </Placemark>
      <Placemark>
        <name>12,956</name>
        <description><![CDATA[Rua Clara Schmitz    <br>       <br>   FID   66    <br>   sequencia   67    <br>   cota   12,96    <br>   refer_1   Rua Clara Schmitz    <br>   refer_2   659    <br>   bairro   Bela Vista    <br>   coord_x   698541,361454    <br>   coord_y   7022904,59365    <br>   latitude   -26,90152    <br>   longitu   -49,000861]]></description>
        <styleUrl>#icon-1899-DB4436</styleUrl>
        <Point>
          <coordinates>
            -49.000861,-26.90152,0
          </coordinates>
        </Point>
      </Placemark>
      <Placemark>
        <name>14,219</name>
        <description><![CDATA[Rua Clara Schmitz    <br>       <br>   FID   67    <br>   sequencia   68    <br>   cota   14,22    <br>   refer_1   Rua Clara Schmitz    <br>   refer_2   148    <br>   bairro   Bela Vista    <br>   coord_x   698579,49103    <br>   coord_y   7023499,7353    <br>   latitude   -26,896145    <br>   longitu   -49,000572]]></description>
        <styleUrl>#icon-1899-DB4436</styleUrl>
        <Point>
          <coordinates>
            -49.000572,-26.896145,0
          </coordinates>
        </Point>
      </Placemark>
      <Placemark>
        <name>10,046</name>
        <description><![CDATA[Rua Conceição de Jesus Marques    <br>       <br>   FID   68    <br>   sequencia   69    <br>   cota   10,05    <br>   refer_1   Rua Conceição de Jesus Marques    <br>   refer_2   NUDH Club    <br>   bairro   Bela Vista    <br>   coord_x   699575,252748    <br>   coord_y   7023003,8668    <br>   latitude   -26,900477    <br>   longitu   -48,990472]]></description>
        <styleUrl>#icon-1899-DB4436</styleUrl>
        <Point>
          <coordinates>
            -48.990472,-26.900477,0
          </coordinates>
        </Point>
      </Placemark>
      <Placemark>
        <name>10,053</name>
        <description><![CDATA[Rua Conceição de Jesus Marques    <br>       <br>   FID   69    <br>   sequencia   70    <br>   cota   10,05    <br>   refer_1   Rua Conceição de Jesus Marques    <br>   refer_2   Entrada lateral empresa SAS Movimentação    <br>   bairro   Bela Vista    <br>   coord_x   699538,544754    <br>   coord_y   7022920,9978    <br>   latitude   -26,90123    <br>   longitu   -48,990828]]></description>
        <styleUrl>#icon-1899-DB4436</styleUrl>
        <Point>
          <coordinates>
            -48.990828,-26.90123,0
          </coordinates>
        </Point>
      </Placemark>
      <Placemark>
        <name>8,56</name>
        <description><![CDATA[Rua Curitiba    <br>       <br>   FID   70    <br>   sequencia   71    <br>   cota   8,56    <br>   refer_1   Rua Curitiba    <br>   refer_2   63    <br>   bairro   Bela Vista    <br>   coord_x   697899,506606    <br>   coord_y   7022721,05355    <br>   latitude   -26,903268    <br>   longitu   -49,007292]]></description>
        <styleUrl>#icon-1899-DB4436</styleUrl>
        <Point>
          <coordinates>
            -49.007292,-26.903268,0
          </coordinates>
        </Point>
      </Placemark>
      <Placemark>
        <name>9,269</name>
        <description><![CDATA[Rua Curitiba    <br>       <br>   FID   71    <br>   sequencia   72    <br>   cota   9,27    <br>   refer_1   Rua Curitiba    <br>   refer_2   45    <br>   bairro   Bela Vista    <br>   coord_x   697926,201854    <br>   coord_y   7022714,25593    <br>   latitude   -26,903325    <br>   longitu   -49,007022]]></description>
        <styleUrl>#icon-1899-DB4436</styleUrl>
        <Point>
          <coordinates>
            -49.007022,-26.903325,0
          </coordinates>
        </Point>
      </Placemark>
      <Placemark>
        <name>8,52</name>
        <description><![CDATA[Rua Esperança Moser    <br>       <br>   FID   72    <br>   sequencia   73    <br>   cota   8,52    <br>   refer_1   Rua Esperança Moser    <br>   refer_2   Final de rua    <br>   bairro   Bela Vista    <br>   coord_x   698367,407776    <br>   coord_y   7023412,49895    <br>   latitude   -26,896962    <br>   longitu   -49,002693]]></description>
        <styleUrl>#icon-1899-DB4436</styleUrl>
        <Point>
          <coordinates>
            -49.002693,-26.896962,0
          </coordinates>
        </Point>
      </Placemark>
      <Placemark>
        <name>8,525</name>
        <description><![CDATA[Rua Esperança Moser    <br>       <br>   FID   73    <br>   sequencia   74    <br>   cota   8,53    <br>   refer_1   Rua Esperança Moser    <br>   refer_2   190    <br>   bairro   Bela Vista    <br>   coord_x   698401,920505    <br>   coord_y   7023423,59869    <br>   latitude   -26,896857    <br>   longitu   -49,002347]]></description>
        <styleUrl>#icon-1899-DB4436</styleUrl>
        <Point>
          <coordinates>
            -49.002347,-26.896857,0
          </coordinates>
        </Point>
      </Placemark>
      <Placemark>
        <name>9,51</name>
        <description><![CDATA[Rua Florianópolis    <br>       <br>   FID   74    <br>   sequencia   75    <br>   cota   9,51    <br>   refer_1   Rua Florianópolis    <br>   refer_2   561    <br>   bairro   Bela Vista    <br>   coord_x   697979,67089    <br>   coord_y   7022850,07268    <br>   latitude   -26,902092    <br>   longitu   -49,006506]]></description>
        <styleUrl>#icon-1899-DB4436</styleUrl>
        <Point>
          <coordinates>
            -49.006506,-26.902092,0
          </coordinates>
        </Point>
      </Placemark>
      <Placemark>
        <name>10,355</name>
        <description><![CDATA[Rua Florianópolis    <br>       <br>   FID   75    <br>   sequencia   76    <br>   cota   10,36    <br>   refer_1   Rua Florianópolis    <br>   refer_2   485    <br>   bairro   Bela Vista    <br>   coord_x   697912,404177    <br>   coord_y   7022856,44188    <br>   latitude   -26,902044    <br>   longitu   -49,007184]]></description>
        <styleUrl>#icon-1899-DB4436</styleUrl>
        <Point>
          <coordinates>
            -49.007184,-26.902044,0
          </coordinates>
        </Point>
      </Placemark>
      <Placemark>
        <name>10,935</name>
        <description><![CDATA[Rua Florianópolis    <br>       <br>   FID   76    <br>   sequencia   77    <br>   cota   10,94    <br>   refer_1   Rua Florianópolis    <br>   refer_2   Rua Iporã    <br>   bairro   Bela Vista    <br>   coord_x   697849,739653    <br>   coord_y   7022865,57668    <br>   latitude   -26,901971    <br>   longitu   -49,007816]]></description>
        <styleUrl>#icon-1899-DB4436</styleUrl>
        <Point>
          <coordinates>
            -49.007816,-26.901971,0
          </coordinates>
        </Point>
      </Placemark>
      <Placemark>
        <name>10,944</name>
        <description><![CDATA[Rua Florianópolis    <br>       <br>   FID   77    <br>   sequencia   78    <br>   cota   10,94    <br>   refer_1   Rua Florianópolis    <br>   refer_2   Rua Maceió    <br>   bairro   Bela Vista    <br>   coord_x   697843,770607    <br>   coord_y   7022873,57627    <br>   latitude   -26,9019    <br>   longitu   -49,007877]]></description>
        <styleUrl>#icon-1899-DB4436</styleUrl>
        <Point>
          <coordinates>
            -49.007877,-26.9019,0
          </coordinates>
        </Point>
      </Placemark>
      <Placemark>
        <name>11,658</name>
        <description><![CDATA[Rua Florianópolis    <br>       <br>   FID   78    <br>   sequencia   79    <br>   cota   11,66    <br>   refer_1   Rua Florianópolis    <br>   refer_2   43    <br>   bairro   Bela Vista    <br>   coord_x   697485,54962    <br>   coord_y   7022868,1671    <br>   latitude   -26,901999    <br>   longitu   -49,011482]]></description>
        <styleUrl>#icon-1899-DB4436</styleUrl>
        <Point>
          <coordinates>
            -49.011482,-26.901999,0
          </coordinates>
        </Point>
      </Placemark>
      <Placemark>
        <name>11,73</name>
        <description><![CDATA[Rua Florianópolis    <br>       <br>   FID   79    <br>   sequencia   80    <br>   cota   11,73    <br>   refer_1   Rua Florianópolis    <br>   refer_2   351    <br>   bairro   Bela Vista    <br>   coord_x   697776,53626    <br>   coord_y   7022872,13506    <br>   latitude   -26,901922    <br>   longitu   -49,008554]]></description>
        <styleUrl>#icon-1899-DB4436</styleUrl>
        <Point>
          <coordinates>
            -49.008554,-26.901922,0
          </coordinates>
        </Point>
      </Placemark>
      <Placemark>
        <name>11,788</name>
        <description><![CDATA[Rua Florianópolis    <br>       <br>   FID   80    <br>   sequencia   81    <br>   cota   11,79    <br>   refer_1   Rua Florianópolis    <br>   refer_2   Rua João Pessoa    <br>   bairro   Bela Vista    <br>   coord_x   697543,446614    <br>   coord_y   7022899,62049    <br>   latitude   -26,901707    <br>   longitu   -49,010904]]></description>
        <styleUrl>#icon-1899-DB4436</styleUrl>
        <Point>
          <coordinates>
            -49.010904,-26.901707,0
          </coordinates>
        </Point>
      </Placemark>
      <Placemark>
        <name>12,05</name>
        <description><![CDATA[Rua Florianópolis    <br>       <br>   FID   81    <br>   sequencia   82    <br>   cota   12,05    <br>   refer_1   Rua Florianópolis    <br>   refer_2   Rua Natal    <br>   bairro   Bela Vista    <br>   coord_x   697622,267174    <br>   coord_y   7022888,9415    <br>   latitude   -26,901792    <br>   longitu   -49,010109]]></description>
        <styleUrl>#icon-1899-DB4436</styleUrl>
        <Point>
          <coordinates>
            -49.010109,-26.901792,0
          </coordinates>
        </Point>
      </Placemark>
      <Placemark>
        <name>12,192</name>
        <description><![CDATA[Rua Florianópolis    <br>       <br>   FID   82    <br>   sequencia   83    <br>   cota   12,19    <br>   refer_1   Rua Florianópolis    <br>   refer_2   343    <br>   bairro   Bela Vista    <br>   coord_x   697751,657121    <br>   coord_y   7022879,94941    <br>   latitude   -26,901855    <br>   longitu   -49,008805]]></description>
        <styleUrl>#icon-1899-DB4436</styleUrl>
        <Point>
          <coordinates>
            -49.008805,-26.901855,0
          </coordinates>
        </Point>
      </Placemark>
      <Placemark>
        <name>12,404</name>
        <description><![CDATA[Rua Florianópolis    <br>       <br>   FID   83    <br>   sequencia   84    <br>   cota   12,40    <br>   refer_1   Rua Florianópolis    <br>   refer_2   40    <br>   bairro   Bela Vista    <br>   coord_x   697695,919361    <br>   coord_y   7022832,54401    <br>   latitude   -26,902291    <br>   longitu   -49,009359]]></description>
        <styleUrl>#icon-1899-DB4436</styleUrl>
        <Point>
          <coordinates>
            -49.009359,-26.902291,0
          </coordinates>
        </Point>
      </Placemark>
      <Placemark>
        <name>9,888</name>
        <description><![CDATA[Rua Francisco Xavier Hostert    <br>       <br>   FID   84    <br>   sequencia   85    <br>   cota   9,89    <br>   refer_1   Rua Francisco Xavier Hostert    <br>   refer_2   80    <br>   bairro   Bela Vista    <br>   coord_x   698746,820226    <br>   coord_y   7023837,76762    <br>   latitude   -26,893071    <br>   longitu   -48,998942]]></description>
        <styleUrl>#icon-1899-DB4436</styleUrl>
        <Point>
          <coordinates>
            -48.998942,-26.893071,0
          </coordinates>
        </Point>
      </Placemark>
      <Placemark>
        <name>10,011</name>
        <description><![CDATA[Rua Francisco Xavier Hostert    <br>       <br>   FID   85    <br>   sequencia   86    <br>   cota   10,01    <br>   refer_1   Rua Francisco Xavier Hostert    <br>   refer_2   101    <br>   bairro   Bela Vista    <br>   coord_x   698679,777526    <br>   coord_y   7023834,13404    <br>   latitude   -26,893113    <br>   longitu   -48,999616]]></description>
        <styleUrl>#icon-1899-DB4436</styleUrl>
        <Point>
          <coordinates>
            -48.999616,-26.893113,0
          </coordinates>
        </Point>
      </Placemark>
      <Placemark>
        <name>11,077</name>
        <description><![CDATA[Rua Francisco Xavier Hostert    <br>       <br>   FID   86    <br>   sequencia   87    <br>   cota   11,08    <br>   refer_1   Rua Francisco Xavier Hostert    <br>   refer_2   73    <br>   bairro   Bela Vista    <br>   coord_x   698754,539537    <br>   coord_y   7023804,44867    <br>   latitude   -26,893371    <br>   longitu   -48,998859]]></description>
        <styleUrl>#icon-1899-DB4436</styleUrl>
        <Point>
          <coordinates>
            -48.998859,-26.893371,0
          </coordinates>
        </Point>
      </Placemark>
      <Placemark>
        <name>11,218</name>
        <description><![CDATA[Rua Geni Spinner    <br>       <br>   FID   87    <br>   sequencia   88    <br>   cota   11,22    <br>   refer_1   Rua Geni Spinner    <br>   refer_2   80    <br>   bairro   Bela Vista    <br>   coord_x   697973,813148    <br>   coord_y   7023556,56351    <br>   latitude   -26,895718    <br>   longitu   -49,006677]]></description>
        <styleUrl>#icon-1899-DB4436</styleUrl>
        <Point>
          <coordinates>
            -49.006677,-26.895718,0
          </coordinates>
        </Point>
      </Placemark>
      <Placemark>
        <name>8,339</name>
        <description><![CDATA[Rua Goiânia    <br>       <br>   FID   88    <br>   sequencia   89    <br>   cota   8,34    <br>   refer_1   Rua Goiânia    <br>   refer_2   Rua Florianópolis    <br>   bairro   Bela Vista    <br>   coord_x   698065,43656    <br>   coord_y   7022840,53553    <br>   latitude   -26,902166    <br>   longitu   -49,005641]]></description>
        <styleUrl>#icon-1899-DB4436</styleUrl>
        <Point>
          <coordinates>
            -49.005641,-26.902166,0
          </coordinates>
        </Point>
      </Placemark>
      <Placemark>
        <name>8,531</name>
        <description><![CDATA[Rua Goiânia    <br>       <br>   FID   89    <br>   sequencia   90    <br>   cota   8,53    <br>   refer_1   Rua Goiânia    <br>   refer_2   Rua Boa Vista    <br>   bairro   Bela Vista    <br>   coord_x   698059,487712    <br>   coord_y   7022774,22096    <br>   latitude   -26,902765    <br>   longitu   -49,00569]]></description>
        <styleUrl>#icon-1899-DB4436</styleUrl>
        <Point>
          <coordinates>
            -49.00569,-26.902765,0
          </coordinates>
        </Point>
      </Placemark>
      <Placemark>
        <name>10,706</name>
        <description><![CDATA[Rua Goiânia    <br>       <br>   FID   90    <br>   sequencia   91    <br>   cota   10,71    <br>   refer_1   Rua Goiânia    <br>   refer_2   Rua Porto Velho    <br>   bairro   Bela Vista    <br>   coord_x   698044,267004    <br>   coord_y   7022649,2505    <br>   latitude   -26,903895    <br>   longitu   -49,005824]]></description>
        <styleUrl>#icon-1899-DB4436</styleUrl>
        <Point>
          <coordinates>
            -49.005824,-26.903895,0
          </coordinates>
        </Point>
      </Placemark>
      <Placemark>
        <name>11,71</name>
        <description><![CDATA[Rua Goiânia    <br>       <br>   FID   91    <br>   sequencia   92    <br>   cota   11,71    <br>   refer_1   Rua Goiânia    <br>   refer_2   102    <br>   bairro   Bela Vista    <br>   coord_x   698050,028048    <br>   coord_y   7022613,36321    <br>   latitude   -26,904218    <br>   longitu   -49,00576]]></description>
        <styleUrl>#icon-1899-DB4436</styleUrl>
        <Point>
          <coordinates>
            -49.00576,-26.904218,0
          </coordinates>
        </Point>
      </Placemark>
      <Placemark>
        <name>13,517</name>
        <description><![CDATA[Rua Goiânia    <br>       <br>   FID   92    <br>   sequencia   93    <br>   cota   13,52    <br>   refer_1   Rua Goiânia    <br>   refer_2   102    <br>   bairro   Bela Vista    <br>   coord_x   698037,280584    <br>   coord_y   7022581,23095    <br>   latitude   -26,90451    <br>   longitu   -49,005883]]></description>
        <styleUrl>#icon-1899-DB4436</styleUrl>
        <Point>
          <coordinates>
            -49.005883,-26.90451,0
          </coordinates>
        </Point>
      </Placemark>
      <Placemark>
        <name>8,941</name>
        <description><![CDATA[Rua Helena Kaufmann    <br>       <br>   FID   93    <br>   sequencia   94    <br>   cota   8,94    <br>   refer_1   Rua Helena Kaufmann    <br>   refer_2   Rua sem nome - a esquerda    <br>   bairro   Bela Vista    <br>   coord_x   698865,696712    <br>   coord_y   7023777,6035    <br>   latitude   -26,893597    <br>   longitu   -48,997736]]></description>
        <styleUrl>#icon-1899-DB4436</styleUrl>
        <Point>
          <coordinates>
            -48.997736,-26.893597,0
          </coordinates>
        </Point>
      </Placemark>
      <Placemark>
        <name>9,041</name>
        <description><![CDATA[Rua Helena Kaufmann    <br>       <br>   FID   94    <br>   sequencia   95    <br>   cota   9,04    <br>   refer_1   Rua Helena Kaufmann    <br>   refer_2   Rua Ângela Maria Hostert    <br>   bairro   Bela Vista    <br>   coord_x   698847,483266    <br>   coord_y   7023828,87391    <br>   latitude   -26,893137    <br>   longitu   -48,997928]]></description>
        <styleUrl>#icon-1899-DB4436</styleUrl>
        <Point>
          <coordinates>
            -48.997928,-26.893137,0
          </coordinates>
        </Point>
      </Placemark>
      <Placemark>
        <name>10,463</name>
        <description><![CDATA[Rua Helena Kaufmann    <br>       <br>   FID   95    <br>   sequencia   96    <br>   cota   10,46    <br>   refer_1   Rua Helena Kaufmann    <br>   refer_2   98    <br>   bairro   Bela Vista    <br>   coord_x   698891,691795    <br>   coord_y   7023762,08658    <br>   latitude   -26,893733    <br>   longitu   -48,997472]]></description>
        <styleUrl>#icon-1899-DB4436</styleUrl>
        <Point>
          <coordinates>
            -48.997472,-26.893733,0
          </coordinates>
        </Point>
      </Placemark>
      <Placemark>
        <name>11,57</name>
        <description><![CDATA[Rua Hilma Muller Zimmermann    <br>       <br>   FID   96    <br>   sequencia   97    <br>   cota   11,57    <br>   refer_1   Rua Hilma Muller Zimmermann    <br>   refer_2   20    <br>   bairro   Bela Vista    <br>   coord_x   698206,819578    <br>   coord_y   7023298,98422    <br>   latitude   -26,898009    <br>   longitu   -49,004291]]></description>
        <styleUrl>#icon-1899-DB4436</styleUrl>
        <Point>
          <coordinates>
            -49.004291,-26.898009,0
          </coordinates>
        </Point>
      </Placemark>
      <Placemark>
        <name>11,923</name>
        <description><![CDATA[Rua Hilma Muller Zimmermann    <br>       <br>   FID   97    <br>   sequencia   98    <br>   cota   11,92    <br>   refer_1   Rua Hilma Muller Zimmermann    <br>   refer_2   130    <br>   bairro   Bela Vista    <br>   coord_x   698198,238539    <br>   coord_y   7023197,29689    <br>   latitude   -26,898928    <br>   longitu   -49,004361]]></description>
        <styleUrl>#icon-1899-DB4436</styleUrl>
        <Point>
          <coordinates>
            -49.004361,-26.898928,0
          </coordinates>
        </Point>
      </Placemark>
      <Placemark>
        <name>10,983</name>
        <description><![CDATA[Rua Imbuia    <br>       <br>   FID   98    <br>   sequencia   99    <br>   cota   10,98    <br>   refer_1   Rua Imbuia    <br>   refer_2   Final de rua    <br>   bairro   Bela Vista    <br>   coord_x   698845,162465    <br>   coord_y   7023865,88071    <br>   latitude   -26,892803    <br>   longitu   -48,997957]]></description>
        <styleUrl>#icon-1899-DB4436</styleUrl>
        <Point>
          <coordinates>
            -48.997957,-26.892803,0
          </coordinates>
        </Point>
      </Placemark>
      <Placemark>
        <name>8,783</name>
        <description><![CDATA[Rua Iporã    <br>       <br>   FID   99    <br>   sequencia   100    <br>   cota   8,78    <br>   refer_1   Rua Iporã    <br>   refer_2   85    <br>   bairro   Bela Vista    <br>   coord_x   697835,482231    <br>   coord_y   7022749,4184    <br>   latitude   -26,903021    <br>   longitu   -49,007941]]></description>
        <styleUrl>#icon-1899-DB4436</styleUrl>
        <Point>
          <coordinates>
            -49.007941,-26.903021,0
          </coordinates>
        </Point>
      </Placemark>
      <Placemark>
        <name>11,748</name>
        <description><![CDATA[Rua Iporã    <br>       <br>   FID   100    <br>   sequencia   101    <br>   cota   11,75    <br>   refer_1   Rua Iporã    <br>   refer_2   130    <br>   bairro   Bela Vista    <br>   coord_x   697843,772253    <br>   coord_y   7022805,85226    <br>   latitude   -26,902511    <br>   longitu   -49,007866]]></description>
        <styleUrl>#icon-1899-DB4436</styleUrl>
        <Point>
          <coordinates>
            -49.007866,-26.902511,0
          </coordinates>
        </Point>
      </Placemark>
      <Placemark>
        <name>7,565</name>
        <description><![CDATA[Rua João José Schmitz    <br>       <br>   FID   101    <br>   sequencia   102    <br>   cota   7,57    <br>   refer_1   Rua João José Schmitz    <br>   refer_2   483    <br>   bairro   Bela Vista    <br>   coord_x   698389,887815    <br>   coord_y   7022908,70501    <br>   latitude   -26,901505    <br>   longitu   -49,002386]]></description>
        <styleUrl>#icon-1899-DB4436</styleUrl>
        <Point>
          <coordinates>
            -49.002386,-26.901505,0
          </coordinates>
        </Point>
      </Placemark>
      <Placemark>
        <name>7,683</name>
        <description><![CDATA[Rua João José Schmitz    <br>       <br>   FID   102    <br>   sequencia   103    <br>   cota   7,68    <br>   refer_1   Rua João José Schmitz    <br>   refer_2   555    <br>   bairro   Bela Vista    <br>   coord_x   698382,359446    <br>   coord_y   7022844,42122    <br>   latitude   -26,902086    <br>   longitu   -49,002452]]></description>
        <styleUrl>#icon-1899-DB4436</styleUrl>
        <Point>
          <coordinates>
            -49.002452,-26.902086,0
          </coordinates>
        </Point>
      </Placemark>
      <Placemark>
        <name>7,872</name>
        <description><![CDATA[Rua João José Schmitz    <br>       <br>   FID   103    <br>   sequencia   104    <br>   cota   7,87    <br>   refer_1   Rua João José Schmitz    <br>   refer_2   Rua Adriano Kormann    <br>   bairro   Bela Vista    <br>   coord_x   698393,556402    <br>   coord_y   7023005,56365    <br>   latitude   -26,90063    <br>   longitu   -49,002365]]></description>
        <styleUrl>#icon-1899-DB4436</styleUrl>
        <Point>
          <coordinates>
            -49.002365,-26.90063,0
          </coordinates>
        </Point>
      </Placemark>
      <Placemark>
        <name>7,903</name>
        <description><![CDATA[Rua João José Schmitz    <br>       <br>   FID   104    <br>   sequencia   105    <br>   cota   7,90    <br>   refer_1   Rua João José Schmitz    <br>   refer_2   410    <br>   bairro   Bela Vista    <br>   coord_x   698403,946078    <br>   coord_y   7023048,97439    <br>   latitude   -26,900237    <br>   longitu   -49,002267]]></description>
        <styleUrl>#icon-1899-DB4436</styleUrl>
        <Point>
          <coordinates>
            -49.002267,-26.900237,0
          </coordinates>
        </Point>
      </Placemark>
      <Placemark>
        <name>7,973</name>
        <description><![CDATA[Rua João José Schmitz    <br>       <br>   FID   105    <br>   sequencia   106    <br>   cota   7,97    <br>   refer_1   Rua João José Schmitz    <br>   refer_2   175    <br>   bairro   Bela Vista    <br>   coord_x   698459,85342    <br>   coord_y   7023454,38245    <br>   latitude   -26,896571    <br>   longitu   -49,001769]]></description>
        <styleUrl>#icon-1899-DB4436</styleUrl>
        <Point>
          <coordinates>
            -49.001769,-26.896571,0
          </coordinates>
        </Point>
      </Placemark>
      <Placemark>
        <name>8,019</name>
        <description><![CDATA[Rua João José Schmitz    <br>       <br>   FID   106    <br>   sequencia   107    <br>   cota   8,02    <br>   refer_1   Rua João José Schmitz    <br>   refer_2   289    <br>   bairro   Bela Vista    <br>   coord_x   698405,58116    <br>   coord_y   7023093,04964    <br>   latitude   -26,899839    <br>   longitu   -49,002258]]></description>
        <styleUrl>#icon-1899-DB4436</styleUrl>
        <Point>
          <coordinates>
            -49.002258,-26.899839,0
          </coordinates>
        </Point>
      </Placemark>
      <Placemark>
        <name>8,289</name>
        <description><![CDATA[Rua João José Schmitz    <br>       <br>   FID   107    <br>   sequencia   108    <br>   cota   8,29    <br>   refer_1   Rua João José Schmitz    <br>   refer_2   Rua Esperança Moser    <br>   bairro   Bela Vista    <br>   coord_x   698425,862696    <br>   coord_y   7023428,09052    <br>   latitude   -26,896813    <br>   longitu   -49,002107]]></description>
        <styleUrl>#icon-1899-DB4436</styleUrl>
        <Point>
          <coordinates>
            -49.002107,-26.896813,0
          </coordinates>
        </Point>
      </Placemark>
      <Placemark>
        <name>8,58</name>
        <description><![CDATA[Rua João José Schmitz    <br>       <br>   FID   108    <br>   sequencia   109    <br>   cota   8,58    <br>   refer_1   Rua João José Schmitz    <br>   refer_2   Rua Ceará    <br>   bairro   Bela Vista    <br>   coord_x   698488,378375    <br>   coord_y   7023471,96347    <br>   latitude   -26,896409    <br>   longitu   -49,001485]]></description>
        <styleUrl>#icon-1899-DB4436</styleUrl>
        <Point>
          <coordinates>
            -49.001485,-26.896409,0
          </coordinates>
        </Point>
      </Placemark>
      <Placemark>
        <name>8,744</name>
        <description><![CDATA[Rua João José Schmitz    <br>       <br>   FID   109    <br>   sequencia   110    <br>   cota   8,74    <br>   refer_1   Rua João José Schmitz    <br>   refer_2   145    <br>   bairro   Bela Vista    <br>   coord_x   698412,199471    <br>   coord_y   7023165,44119    <br>   latitude   -26,899185    <br>   longitu   -49,002203]]></description>
        <styleUrl>#icon-1899-DB4436</styleUrl>
        <Point>
          <coordinates>
            -49.002203,-26.899185,0
          </coordinates>
        </Point>
      </Placemark>
      <Placemark>
        <name>8,858</name>
        <description><![CDATA[Rua João José Schmitz    <br>       <br>   FID   110    <br>   sequencia   111    <br>   cota   8,86    <br>   refer_1   Rua João José Schmitz    <br>   refer_2   Rua Brasília    <br>   bairro   Bela Vista    <br>   coord_x   698533,918173    <br>   coord_y   7023502,70795    <br>   latitude   -26,896125    <br>   longitu   -49,001031]]></description>
        <styleUrl>#icon-1899-DB4436</styleUrl>
        <Point>
          <coordinates>
            -49.001031,-26.896125,0
          </coordinates>
        </Point>
      </Placemark>
      <Placemark>
        <name>9,082</name>
        <description><![CDATA[Rua João José Schmitz    <br>       <br>   FID   111    <br>   sequencia   112    <br>   cota   9,08    <br>   refer_1   Rua João José Schmitz    <br>   refer_2   Rua Biguaçu    <br>   bairro   Bela Vista    <br>   coord_x   698419,891469    <br>   coord_y   7023247,8577    <br>   latitude   -26,89844    <br>   longitu   -49,002138]]></description>
        <styleUrl>#icon-1899-DB4436</styleUrl>
        <Point>
          <coordinates>
            -49.002138,-26.89844,0
          </coordinates>
        </Point>
      </Placemark>
      <Placemark>
        <name>9,249</name>
        <description><![CDATA[Rua João José Schmitz    <br>       <br>   FID   112    <br>   sequencia   113    <br>   cota   9,25    <br>   refer_1   Rua João José Schmitz    <br>   refer_2   36    <br>   bairro   Bela Vista    <br>   coord_x   698425,712596    <br>   coord_y   7023382,33487    <br>   latitude   -26,897226    <br>   longitu   -49,002101]]></description>
        <styleUrl>#icon-1899-DB4436</styleUrl>
        <Point>
          <coordinates>
            -49.002101,-26.897226,0
          </coordinates>
        </Point>
      </Placemark>
      <Placemark>
        <name>9,448</name>
        <description><![CDATA[Rua João José Schmitz    <br>       <br>   FID   113    <br>   sequencia   114    <br>   cota   9,45    <br>   refer_1   Rua João José Schmitz    <br>   refer_2   124    <br>   bairro   Bela Vista    <br>   coord_x   698417,49208    <br>   coord_y   7023308,08958    <br>   latitude   -26,897897    <br>   longitu   -49,002172]]></description>
        <styleUrl>#icon-1899-DB4436</styleUrl>
        <Point>
          <coordinates>
            -49.002172,-26.897897,0
          </coordinates>
        </Point>
      </Placemark>
      <Placemark>
        <name>13,601</name>
        <description><![CDATA[Rua João Pessoa    <br>       <br>   FID   114    <br>   sequencia   115    <br>   cota   13,60    <br>   refer_1   Rua João Pessoa    <br>   refer_2   Rua Vitória    <br>   bairro   Bela Vista    <br>   coord_x   697552,929299    <br>   coord_y   7022973,30584    <br>   latitude   -26,901041    <br>   longitu   -49,01082]]></description>
        <styleUrl>#icon-1899-DB4436</styleUrl>
        <Point>
          <coordinates>
            -49.01082,-26.901041,0
          </coordinates>
        </Point>
      </Placemark>
      <Placemark>
        <name>8,123</name>
        <description><![CDATA[Rua José Augusto Schapper    <br>       <br>   FID   115    <br>   sequencia   116    <br>   cota   8,12    <br>   refer_1   Rua José Augusto Schapper    <br>   refer_2   Rua Alvorada    <br>   bairro   Bela Vista    <br>   coord_x   697421,518723    <br>   coord_y   7023325,00269    <br>   latitude   -26,897886    <br>   longitu   -49,012198]]></description>
        <styleUrl>#icon-1899-DB4436</styleUrl>
        <Point>
          <coordinates>
            -49.012198,-26.897886,0
          </coordinates>
        </Point>
      </Placemark>
      <Placemark>
        <name>8,262</name>
        <description><![CDATA[Rua José Augusto Schapper    <br>       <br>   FID   116    <br>   sequencia   117    <br>   cota   8,26    <br>   refer_1   Rua José Augusto Schapper    <br>   refer_2   178    <br>   bairro   Bela Vista    <br>   coord_x   697385,356256    <br>   coord_y   7023330,34218    <br>   latitude   -26,897843    <br>   longitu   -49,012563]]></description>
        <styleUrl>#icon-1899-DB4436</styleUrl>
        <Point>
          <coordinates>
            -49.012563,-26.897843,0
          </coordinates>
        </Point>
      </Placemark>
      <Placemark>
        <name>8,297</name>
        <description><![CDATA[Rua José Augusto Schapper    <br>       <br>   FID   117    <br>   sequencia   118    <br>   cota   8,30    <br>   refer_1   Rua José Augusto Schapper    <br>   refer_2   98    <br>   bairro   Bela Vista    <br>   coord_x   697484,264299    <br>   coord_y   7023320,54927    <br>   latitude   -26,897917    <br>   longitu   -49,011566]]></description>
        <styleUrl>#icon-1899-DB4436</styleUrl>
        <Point>
          <coordinates>
            -49.011566,-26.897917,0
          </coordinates>
        </Point>
      </Placemark>
      <Placemark>
        <name>9,019</name>
        <description><![CDATA[Rua José Augusto Schapper    <br>       <br>   FID   118    <br>   sequencia   119    <br>   cota   9,02    <br>   refer_1   Rua José Augusto Schapper    <br>   refer_2   56    <br>   bairro   Bela Vista    <br>   coord_x   697539,823517    <br>   coord_y   7023311,45851    <br>   latitude   -26,897992    <br>   longitu   -49,011005]]></description>
        <styleUrl>#icon-1899-DB4436</styleUrl>
        <Point>
          <coordinates>
            -49.011005,-26.897992,0
          </coordinates>
        </Point>
      </Placemark>
      <Placemark>
        <name>12,474</name>
        <description><![CDATA[Rua José Augusto Schapper    <br>       <br>   FID   119    <br>   sequencia   120    <br>   cota   12,47    <br>   refer_1   Rua José Augusto Schapper    <br>   refer_2   Rua Léo Rothermel    <br>   bairro   Bela Vista    <br>   coord_x   697321,676366    <br>   coord_y   7023339,95734    <br>   latitude   -26,897765    <br>   longitu   -49,013205]]></description>
        <styleUrl>#icon-1899-DB4436</styleUrl>
        <Point>
          <coordinates>
            -49.013205,-26.897765,0
          </coordinates>
        </Point>
      </Placemark>
      <Placemark>
        <name>8,526</name>
        <description><![CDATA[Rua José Humberto Zimmermann    <br>       <br>   FID   120    <br>   sequencia   121    <br>   cota   8,53    <br>   refer_1   Rua José Humberto Zimmermann    <br>   refer_2   135    <br>   bairro   Bela Vista    <br>   coord_x   698371,263316    <br>   coord_y   7023094,75352    <br>   latitude   -26,899829    <br>   longitu   -49,002603]]></description>
        <styleUrl>#icon-1899-DB4436</styleUrl>
        <Point>
          <coordinates>
            -49.002603,-26.899829,0
          </coordinates>
        </Point>
      </Placemark>
      <Placemark>
        <name>8,614</name>
        <description><![CDATA[Rua José Humberto Zimmermann    <br>       <br>   FID   121    <br>   sequencia   122    <br>   cota   8,61    <br>   refer_1   Rua José Humberto Zimmermann    <br>   refer_2   155    <br>   bairro   Bela Vista    <br>   coord_x   698379,903709    <br>   coord_y   7023124,00002    <br>   latitude   -26,899564    <br>   longitu   -49,002521]]></description>
        <styleUrl>#icon-1899-DB4436</styleUrl>
        <Point>
          <coordinates>
            -49.002521,-26.899564,0
          </coordinates>
        </Point>
      </Placemark>
      <Placemark>
        <name>8,892</name>
        <description><![CDATA[Rua José Humberto Zimmermann    <br>       <br>   FID   122    <br>   sequencia   123    <br>   cota   8,89    <br>   refer_1   Rua José Humberto Zimmermann    <br>   refer_2   40    <br>   bairro   Bela Vista    <br>   coord_x   698337,67617    <br>   coord_y   7023080,05953    <br>   latitude   -26,899966    <br>   longitu   -49,002939]]></description>
        <styleUrl>#icon-1899-DB4436</styleUrl>
        <Point>
          <coordinates>
            -49.002939,-26.899966,0
          </coordinates>
        </Point>
      </Placemark>
      <Placemark>
        <name>8,998</name>
        <description><![CDATA[Rua José Humberto Zimmermann    <br>       <br>   FID   123    <br>   sequencia   124    <br>   cota   9,00    <br>   refer_1   Rua José Humberto Zimmermann    <br>   refer_2   219    <br>   bairro   Bela Vista    <br>   coord_x   698385,962874    <br>   coord_y   7023219,72112    <br>   latitude   -26,898699    <br>   longitu   -49,002475]]></description>
        <styleUrl>#icon-1899-DB4436</styleUrl>
        <Point>
          <coordinates>
            -49.002475,-26.898699,0
          </coordinates>
        </Point>
      </Placemark>
      <Placemark>
        <name>9,47</name>
        <description><![CDATA[Rua José Humberto Zimmermann    <br>       <br>   FID   124    <br>   sequencia   125    <br>   cota   9,47    <br>   refer_1   Rua José Humberto Zimmermann    <br>   refer_2   315    <br>   bairro   Bela Vista    <br>   coord_x   698392,70604    <br>   coord_y   7023317,50957    <br>   latitude   -26,897816    <br>   longitu   -49,002423]]></description>
        <styleUrl>#icon-1899-DB4436</styleUrl>
        <Point>
          <coordinates>
            -49.002423,-26.897816,0
          </coordinates>
        </Point>
      </Placemark>
      <Placemark>
        <name>9,659</name>
        <description><![CDATA[Rua José Humberto Zimmermann    <br>       <br>   FID   125    <br>   sequencia   126    <br>   cota   9,66    <br>   refer_1   Rua José Humberto Zimmermann    <br>   refer_2   Final de rua    <br>   bairro   Bela Vista    <br>   coord_x   698392,127129    <br>   coord_y   7023352,6501    <br>   latitude   -26,897499    <br>   longitu   -49,002434]]></description>
        <styleUrl>#icon-1899-DB4436</styleUrl>
        <Point>
          <coordinates>
            -49.002434,-26.897499,0
          </coordinates>
        </Point>
      </Placemark>
      <Placemark>
        <name>12,474</name>
        <description><![CDATA[Rua Léo Rothermel    <br>       <br>   FID   126    <br>   sequencia   127    <br>   cota   12,47    <br>   refer_1   Rua Léo Rothermel    <br>   refer_2   50    <br>   bairro   Bela Vista    <br>   coord_x   697334,867248    <br>   coord_y   7023406,54569    <br>   latitude   -26,897163    <br>   longitu   -49,013083]]></description>
        <styleUrl>#icon-1899-DB4436</styleUrl>
        <Point>
          <coordinates>
            -49.013083,-26.897163,0
          </coordinates>
        </Point>
      </Placemark>
      <Placemark>
        <name>11,921</name>
        <description><![CDATA[Rua Luiz Leite Neto    <br>       <br>   FID   127    <br>   sequencia   128    <br>   cota   11,92    <br>   refer_1   Rua Luiz Leite Neto    <br>   refer_2   Rua Tereza Cristina Maciel    <br>   bairro   Bela Vista    <br>   coord_x   698119,679535    <br>   coord_y   7023087,97499    <br>   latitude   -26,899926    <br>   longitu   -49,005134]]></description>
        <styleUrl>#icon-1899-DB4436</styleUrl>
        <Point>
          <coordinates>
            -49.005134,-26.899926,0
          </coordinates>
        </Point>
      </Placemark>
      <Placemark>
        <name>8,035</name>
        <description><![CDATA[Rua Maceió    <br>       <br>   FID   128    <br>   sequencia   129    <br>   cota   8,04    <br>   refer_1   Rua Maceió    <br>   refer_2   340    <br>   bairro   Bela Vista    <br>   coord_x   698106,164839    <br>   coord_y   7022969,68949    <br>   latitude   -26,900995    <br>   longitu   -49,005252]]></description>
        <styleUrl>#icon-1899-DB4436</styleUrl>
        <Point>
          <coordinates>
            -49.005252,-26.900995,0
          </coordinates>
        </Point>
      </Placemark>
      <Placemark>
        <name>9,538</name>
        <description><![CDATA[Rua Maceió    <br>       <br>   FID   129    <br>   sequencia   130    <br>   cota   9,54    <br>   refer_1   Rua Maceió    <br>   refer_2   250    <br>   bairro   Bela Vista    <br>   coord_x   698015,35086    <br>   coord_y   7022921,98456    <br>   latitude   -26,901438    <br>   longitu   -49,006158]]></description>
        <styleUrl>#icon-1899-DB4436</styleUrl>
        <Point>
          <coordinates>
            -49.006158,-26.901438,0
          </coordinates>
        </Point>
      </Placemark>
      <Placemark>
        <name>9,857</name>
        <description><![CDATA[Rua Maceió    <br>       <br>   FID   130    <br>   sequencia   131    <br>   cota   9,86    <br>   refer_1   Rua Maceió    <br>   refer_2   15    <br>   bairro   Bela Vista    <br>   coord_x   698099,346564    <br>   coord_y   7022915,8121    <br>   latitude   -26,901482    <br>   longitu   -49,005312]]></description>
        <styleUrl>#icon-1899-DB4436</styleUrl>
        <Point>
          <coordinates>
            -49.005312,-26.901482,0
          </coordinates>
        </Point>
      </Placemark>
      <Placemark>
        <name>9,896</name>
        <description><![CDATA[Rua Maceió    <br>       <br>   FID   131    <br>   sequencia   132    <br>   cota   9,90    <br>   refer_1   Rua Maceió    <br>   refer_2   Rua Goiânia    <br>   bairro   Bela Vista    <br>   coord_x   698077,509106    <br>   coord_y   7022913,48268    <br>   latitude   -26,901506    <br>   longitu   -49,005531]]></description>
        <styleUrl>#icon-1899-DB4436</styleUrl>
        <Point>
          <coordinates>
            -49.005531,-26.901506,0
          </coordinates>
        </Point>
      </Placemark>
      <Placemark>
        <name>10,21</name>
        <description><![CDATA[Rua Maceió    <br>       <br>   FID   132    <br>   sequencia   133    <br>   cota   10,21    <br>   refer_1   Rua Maceió    <br>   refer_2   230    <br>   bairro   Bela Vista    <br>   coord_x   697956,132825    <br>   coord_y   7022927,30838    <br>   latitude   -26,901399    <br>   longitu   -49,006755]]></description>
        <styleUrl>#icon-1899-DB4436</styleUrl>
        <Point>
          <coordinates>
            -49.006755,-26.901399,0
          </coordinates>
        </Point>
      </Placemark>
      <Placemark>
        <name>11,218</name>
        <description><![CDATA[Rua Maceió    <br>       <br>   FID   133    <br>   sequencia   134    <br>   cota   11,22    <br>   refer_1   Rua Maceió    <br>   refer_2   180    <br>   bairro   Bela Vista    <br>   coord_x   697897,209576    <br>   coord_y   7022934,70642    <br>   latitude   -26,90134    <br>   longitu   -49,007349]]></description>
        <styleUrl>#icon-1899-DB4436</styleUrl>
        <Point>
          <coordinates>
            -49.007349,-26.90134,0
          </coordinates>
        </Point>
      </Placemark>
      <Placemark>
        <name>12,806</name>
        <description><![CDATA[Rua Maceió    <br>       <br>   FID   134    <br>   sequencia   135    <br>   cota   12,81    <br>   refer_1   Rua Maceió    <br>   refer_2   150    <br>   bairro   Bela Vista    <br>   coord_x   697854,784432    <br>   coord_y   7022936,18724    <br>   latitude   -26,901333    <br>   longitu   -49,007776]]></description>
        <styleUrl>#icon-1899-DB4436</styleUrl>
        <Point>
          <coordinates>
            -49.007776,-26.901333,0
          </coordinates>
        </Point>
      </Placemark>
      <Placemark>
        <name>11,93</name>
        <description><![CDATA[Rua Manaus    <br>       <br>   FID   135    <br>   sequencia   136    <br>   cota   11,93    <br>   refer_1   Rua Manaus    <br>   refer_2   54    <br>   bairro   Bela Vista    <br>   coord_x   697542,369967    <br>   coord_y   7022864,07933    <br>   latitude   -26,902028    <br>   longitu   -49,010909]]></description>
        <styleUrl>#icon-1899-DB4436</styleUrl>
        <Point>
          <coordinates>
            -49.010909,-26.902028,0
          </coordinates>
        </Point>
      </Placemark>
      <Placemark>
        <name>11,502</name>
        <description><![CDATA[Rua Marciel do Nascimento    <br>       <br>   FID   136    <br>   sequencia   137    <br>   cota   11,50    <br>   refer_1   Rua Marciel do Nascimento    <br>   refer_2   Rua Vitor José Miranda    <br>   bairro   Bela Vista    <br>   coord_x   697858,490723    <br>   coord_y   7023451,67569    <br>   latitude   -26,896681    <br>   longitu   -49,007821]]></description>
        <styleUrl>#icon-1899-DB4436</styleUrl>
        <Point>
          <coordinates>
            -49.007821,-26.896681,0
          </coordinates>
        </Point>
      </Placemark>
      <Placemark>
        <name>12,7</name>
        <description><![CDATA[Rua Marciel do Nascimento    <br>       <br>   FID   137    <br>   sequencia   138    <br>   cota   12,70    <br>   refer_1   Rua Marciel do Nascimento    <br>   refer_2   266    <br>   bairro   Bela Vista    <br>   coord_x   697883,423098    <br>   coord_y   7023528,69261    <br>   latitude   -26,895983    <br>   longitu   -49,007582]]></description>
        <styleUrl>#icon-1899-DB4436</styleUrl>
        <Point>
          <coordinates>
            -49.007582,-26.895983,0
          </coordinates>
        </Point>
      </Placemark>
      <Placemark>
        <name>14</name>
        <description><![CDATA[Rua Marciel do Nascimento    <br>       <br>   FID   138    <br>   sequencia   139    <br>   cota   14,00    <br>   refer_1   Rua Marciel do Nascimento    <br>   refer_2   296    <br>   bairro   Bela Vista    <br>   coord_x   697861,20068    <br>   coord_y   7023437,58278    <br>   latitude   -26,896808    <br>   longitu   -49,007791]]></description>
        <styleUrl>#icon-1899-DB4436</styleUrl>
        <Point>
          <coordinates>
            -49.007791,-26.896808,0
          </coordinates>
        </Point>
      </Placemark>
      <Placemark>
        <name>10,036</name>
        <description><![CDATA[Rua Marcos Zimmermann    <br>       <br>   FID   139    <br>   sequencia   140    <br>   cota   10,04    <br>   refer_1   Rua Marcos Zimmermann    <br>   refer_2   à 52 metros do início da rua    <br>   bairro   Bela Vista    <br>   coord_x   698267,173211    <br>   coord_y   7023430,8719    <br>   latitude   -26,896811    <br>   longitu   -49,003704]]></description>
        <styleUrl>#icon-1899-DB4436</styleUrl>
        <Point>
          <coordinates>
            -49.003704,-26.896811,0
          </coordinates>
        </Point>
      </Placemark>
      <Placemark>
        <name>10,279</name>
        <description><![CDATA[Rua Marcos Zimmermann    <br>       <br>   FID   140    <br>   sequencia   141    <br>   cota   10,28    <br>   refer_1   Rua Marcos Zimmermann    <br>   refer_2   Início da divisão da rua à direita    <br>   bairro   Bela Vista    <br>   coord_x   698106,189677    <br>   coord_y   7023278,81708    <br>   latitude   -26,898206    <br>   longitu   -49,0053]]></description>
        <styleUrl>#icon-1899-DB4436</styleUrl>
        <Point>
          <coordinates>
            -49.0053,-26.898206,0
          </coordinates>
        </Point>
      </Placemark>
      <Placemark>
        <name>10,914</name>
        <description><![CDATA[Rua Marcos Zimmermann    <br>       <br>   FID   141    <br>   sequencia   142    <br>   cota   10,91    <br>   refer_1   Rua Marcos Zimmermann    <br>   refer_2   455    <br>   bairro   Bela Vista    <br>   coord_x   698124,034107    <br>   coord_y   7023269,81815    <br>   latitude   -26,898284    <br>   longitu   -49,005119]]></description>
        <styleUrl>#icon-1899-DB4436</styleUrl>
        <Point>
          <coordinates>
            -49.005119,-26.898284,0
          </coordinates>
        </Point>
      </Placemark>
      <Placemark>
        <name>11,049</name>
        <description><![CDATA[Rua Marcos Zimmermann    <br>       <br>   FID   142    <br>   sequencia   143    <br>   cota   11,05    <br>   refer_1   Rua Marcos Zimmermann    <br>   refer_2   à 134 metros do início da rua    <br>   bairro   Bela Vista    <br>   coord_x   698252,012175    <br>   coord_y   7023349,26687    <br>   latitude   -26,897549    <br>   longitu   -49,003844]]></description>
        <styleUrl>#icon-1899-DB4436</styleUrl>
        <Point>
          <coordinates>
            -49.003844,-26.897549,0
          </coordinates>
        </Point>
      </Placemark>
      <Placemark>
        <name>12,061</name>
        <description><![CDATA[Rua Marcos Zimmermann    <br>       <br>   FID   143    <br>   sequencia   144    <br>   cota   12,06    <br>   refer_1   Rua Marcos Zimmermann    <br>   refer_2   250    <br>   bairro   Bela Vista    <br>   coord_x   698183,18413    <br>   coord_y   7023304,58937    <br>   latitude   -26,897962    <br>   longitu   -49,00453]]></description>
        <styleUrl>#icon-1899-DB4436</styleUrl>
        <Point>
          <coordinates>
            -49.00453,-26.897962,0
          </coordinates>
        </Point>
      </Placemark>
      <Placemark>
        <name>12,139</name>
        <description><![CDATA[Rua Marcos Zimmermann    <br>       <br>   FID   144    <br>   sequencia   145    <br>   cota   12,14    <br>   refer_1   Rua Marcos Zimmermann    <br>   refer_2   429    <br>   bairro   Bela Vista    <br>   coord_x   698120,553817    <br>   coord_y   7023240,92442    <br>   latitude   -26,898546    <br>   longitu   -49,00515]]></description>
        <styleUrl>#icon-1899-DB4436</styleUrl>
        <Point>
          <coordinates>
            -49.00515,-26.898546,0
          </coordinates>
        </Point>
      </Placemark>
      <Placemark>
        <name>12,254</name>
        <description><![CDATA[Rua Marcos Zimmermann    <br>       <br>   FID   145    <br>   sequencia   146    <br>   cota   12,25    <br>   refer_1   Rua Marcos Zimmermann    <br>   refer_2   298    <br>   bairro   Bela Vista    <br>   coord_x   698093,177617    <br>   coord_y   7023107,5469    <br>   latitude   -26,899753    <br>   longitu   -49,005404]]></description>
        <styleUrl>#icon-1899-DB4436</styleUrl>
        <Point>
          <coordinates>
            -49.005404,-26.899753,0
          </coordinates>
        </Point>
      </Placemark>
      <Placemark>
        <name>15,451</name>
        <description><![CDATA[Rua Marcos Zimmermann    <br>       <br>   FID   146    <br>   sequencia   147    <br>   cota   15,45    <br>   refer_1   Rua Marcos Zimmermann    <br>   refer_2   346    <br>   bairro   Bela Vista    <br>   coord_x   698115,898051    <br>   coord_y   7023204,40418    <br>   latitude   -26,898876    <br>   longitu   -49,005191]]></description>
        <styleUrl>#icon-1899-DB4436</styleUrl>
        <Point>
          <coordinates>
            -49.005191,-26.898876,0
          </coordinates>
        </Point>
      </Placemark>
      <Placemark>
        <name>13,884</name>
        <description><![CDATA[Rua Maringa    <br>       <br>   FID   147    <br>   sequencia   148    <br>   cota   13,88    <br>   refer_1   Rua Maringa    <br>   refer_2   35    <br>   bairro   Bela Vista    <br>   coord_x   697827,159691    <br>   coord_y   7022644,37308    <br>   latitude   -26,90397    <br>   longitu   -49,008008]]></description>
        <styleUrl>#icon-1899-DB4436</styleUrl>
        <Point>
          <coordinates>
            -49.008008,-26.90397,0
          </coordinates>
        </Point>
      </Placemark>
      <Placemark>
        <name>8,91</name>
        <description><![CDATA[Rua Martinho Nifa de Oliveira    <br>       <br>   FID   148    <br>   sequencia   149    <br>   cota   8,91    <br>   refer_1   Rua Martinho Nifa de Oliveira    <br>   refer_2   80    <br>   bairro   Bela Vista    <br>   coord_x   697767,461732    <br>   coord_y   7022774,05714    <br>   latitude   -26,902808    <br>   longitu   -49,008629]]></description>
        <styleUrl>#icon-1899-DB4436</styleUrl>
        <Point>
          <coordinates>
            -49.008629,-26.902808,0
          </coordinates>
        </Point>
      </Placemark>
      <Placemark>
        <name>10,066</name>
        <description><![CDATA[Rua Martinho Nifa de Oliveira    <br>       <br>   FID   149    <br>   sequencia   150    <br>   cota   10,07    <br>   refer_1   Rua Martinho Nifa de Oliveira    <br>   refer_2   100    <br>   bairro   Bela Vista    <br>   coord_x   697773,349084    <br>   coord_y   7022801,71007    <br>   latitude   -26,902558    <br>   longitu   -49,008575]]></description>
        <styleUrl>#icon-1899-DB4436</styleUrl>
        <Point>
          <coordinates>
            -49.008575,-26.902558,0
          </coordinates>
        </Point>
      </Placemark>
      <Placemark>
        <name>10,523</name>
        <description><![CDATA[Rua Martinho Nifa de Oliveira    <br>       <br>   FID   150    <br>   sequencia   151    <br>   cota   10,52    <br>   refer_1   Rua Martinho Nifa de Oliveira    <br>   refer_2   33    <br>   bairro   Bela Vista    <br>   coord_x   697761,161987    <br>   coord_y   7022710,23352    <br>   latitude   -26,903385    <br>   longitu   -49,008683]]></description>
        <styleUrl>#icon-1899-DB4436</styleUrl>
        <Point>
          <coordinates>
            -49.008683,-26.903385,0
          </coordinates>
        </Point>
      </Placemark>
      <Placemark>
        <name>11,884</name>
        <description><![CDATA[Rua Natal    <br>       <br>   FID   151    <br>   sequencia   152    <br>   cota   11,88    <br>   refer_1   Rua Natal    <br>   refer_2   223    <br>   bairro   Bela Vista    <br>   coord_x   697618,072188    <br>   coord_y   7022826,9714    <br>   latitude   -26,902352    <br>   longitu   -49,010141]]></description>
        <styleUrl>#icon-1899-DB4436</styleUrl>
        <Point>
          <coordinates>
            -49.010141,-26.902352,0
          </coordinates>
        </Point>
      </Placemark>
      <Placemark>
        <name>10,236</name>
        <description><![CDATA[Rua Nila Matilde do Nascimento    <br>       <br>   FID   152    <br>   sequencia   153    <br>   cota   10,24    <br>   refer_1   Rua Nila Matilde do Nascimento    <br>   refer_2   Final de rua    <br>   bairro   Bela Vista    <br>   coord_x   697872,363523    <br>   coord_y   7023698,1348    <br>   latitude   -26,894455    <br>   longitu   -49,00772]]></description>
        <styleUrl>#icon-1899-DB4436</styleUrl>
        <Point>
          <coordinates>
            -49.00772,-26.894455,0
          </coordinates>
        </Point>
      </Placemark>
      <Placemark>
        <name>10,27</name>
        <description><![CDATA[Rua Nila Matilde do Nascimento    <br>       <br>   FID   153    <br>   sequencia   154    <br>   cota   10,27    <br>   refer_1   Rua Nila Matilde do Nascimento    <br>   refer_2   48    <br>   bairro   Bela Vista    <br>   coord_x   697871,770396    <br>   coord_y   7023626,5661    <br>   latitude   -26,895101    <br>   longitu   -49,007715]]></description>
        <styleUrl>#icon-1899-DB4436</styleUrl>
        <Point>
          <coordinates>
            -49.007715,-26.895101,0
          </coordinates>
        </Point>
      </Placemark>
      <Placemark>
        <name>8,533</name>
        <description><![CDATA[Rua Nilton Cardoso    <br>       <br>   FID   154    <br>   sequencia   155    <br>   cota   8,53    <br>   refer_1   Rua Nilton Cardoso    <br>   refer_2   340    <br>   bairro   Bela Vista    <br>   coord_x   698080,650664    <br>   coord_y   7022974,0661    <br>   latitude   -26,900959    <br>   longitu   -49,005509]]></description>
        <styleUrl>#icon-1899-DB4436</styleUrl>
        <Point>
          <coordinates>
            -49.005509,-26.900959,0
          </coordinates>
        </Point>
      </Placemark>
      <Placemark>
        <name>12,347</name>
        <description><![CDATA[Rua Nilton Cardoso    <br>       <br>   FID   155    <br>   sequencia   156    <br>   cota   12,35    <br>   refer_1   Rua Nilton Cardoso    <br>   refer_2   306    <br>   bairro   Bela Vista    <br>   coord_x   698048,349768    <br>   coord_y   7022976,64013    <br>   latitude   -26,900941    <br>   longitu   -49,005835]]></description>
        <styleUrl>#icon-1899-DB4436</styleUrl>
        <Point>
          <coordinates>
            -49.005835,-26.900941,0
          </coordinates>
        </Point>
      </Placemark>
      <Placemark>
        <name>13,795</name>
        <description><![CDATA[Rua Nilton Cardoso    <br>       <br>   FID   156    <br>   sequencia   157    <br>   cota   13,80    <br>   refer_1   Rua Nilton Cardoso    <br>   refer_2   280    <br>   bairro   Bela Vista    <br>   coord_x   698018,16043    <br>   coord_y   7022979,21886    <br>   latitude   -26,900922    <br>   longitu   -49,006139]]></description>
        <styleUrl>#icon-1899-DB4436</styleUrl>
        <Point>
          <coordinates>
            -49.006139,-26.900922,0
          </coordinates>
        </Point>
      </Placemark>
      <Placemark>
        <name>7,34</name>
        <description><![CDATA[Rua Paraiba    <br>       <br>   FID   157    <br>   sequencia   158    <br>   cota   7,34    <br>   refer_1   Rua Paraiba    <br>   refer_2   140    <br>   bairro   Bela Vista    <br>   coord_x   698503,303214    <br>   coord_y   7023092,02647    <br>   latitude   -26,899835    <br>   longitu   -49,001274]]></description>
        <styleUrl>#icon-1899-DB4436</styleUrl>
        <Point>
          <coordinates>
            -49.001274,-26.899835,0
          </coordinates>
        </Point>
      </Placemark>
      <Placemark>
        <name>7,511</name>
        <description><![CDATA[Rua Paraiba    <br>       <br>   FID   158    <br>   sequencia   159    <br>   cota   7,51    <br>   refer_1   Rua Paraiba    <br>   refer_2   Rua José Geraldo Cardoso    <br>   bairro   Bela Vista    <br>   coord_x   698497,475488    <br>   coord_y   7023043,01968    <br>   latitude   -26,900278    <br>   longitu   -49,001325]]></description>
        <styleUrl>#icon-1899-DB4436</styleUrl>
        <Point>
          <coordinates>
            -49.001325,-26.900278,0
          </coordinates>
        </Point>
      </Placemark>
      <Placemark>
        <name>7,535</name>
        <description><![CDATA[Rua Paraiba    <br>       <br>   FID   159    <br>   sequencia   160    <br>   cota   7,54    <br>   refer_1   Rua Paraiba    <br>   refer_2   315    <br>   bairro   Bela Vista    <br>   coord_x   698508,652208    <br>   coord_y   7023155,67974    <br>   latitude   -26,89926    <br>   longitu   -49,00123]]></description>
        <styleUrl>#icon-1899-DB4436</styleUrl>
        <Point>
          <coordinates>
            -49.00123,-26.89926,0
          </coordinates>
        </Point>
      </Placemark>
      <Placemark>
        <name>7,646</name>
        <description><![CDATA[Rua Paraiba    <br>       <br>   FID   160    <br>   sequencia   161    <br>   cota   7,65    <br>   refer_1   Rua Paraiba    <br>   refer_2   Rua Biguaçu    <br>   bairro   Bela Vista    <br>   coord_x   698520,507351    <br>   coord_y   7023219,58182    <br>   latitude   -26,898681    <br>   longitu   -49,001121]]></description>
        <styleUrl>#icon-1899-DB4436</styleUrl>
        <Point>
          <coordinates>
            -49.001121,-26.898681,0
          </coordinates>
        </Point>
      </Placemark>
      <Placemark>
        <name>10,613</name>
        <description><![CDATA[Rua Pedro Artur Zimmermann    <br>       <br>   FID   161    <br>   sequencia   162    <br>   cota   10,61    <br>   refer_1   Rua Pedro Artur Zimmermann    <br>   refer_2   860    <br>   bairro   Bela Vista    <br>   coord_x   697917,29821    <br>   coord_y   7022662,84739    <br>   latitude   -26,903791    <br>   longitu   -49,007104]]></description>
        <styleUrl>#icon-1899-DB4436</styleUrl>
        <Point>
          <coordinates>
            -49.007104,-26.903791,0
          </coordinates>
        </Point>
      </Placemark>
      <Placemark>
        <name>10,664</name>
        <description><![CDATA[Rua Pedro Artur Zimmermann    <br>       <br>   FID   162    <br>   sequencia   163    <br>   cota   10,66    <br>   refer_1   Rua Pedro Artur Zimmermann    <br>   refer_2   Rua Porto Alegre    <br>   bairro   Bela Vista    <br>   coord_x   697885,830818    <br>   coord_y   7022668,97678    <br>   latitude   -26,90374    <br>   longitu   -49,007421]]></description>
        <styleUrl>#icon-1899-DB4436</styleUrl>
        <Point>
          <coordinates>
            -49.007421,-26.90374,0
          </coordinates>
        </Point>
      </Placemark>
      <Placemark>
        <name>10,763</name>
        <description><![CDATA[Rua Pedro Artur Zimmermann    <br>       <br>   FID   163    <br>   sequencia   164    <br>   cota   10,76    <br>   refer_1   Rua Pedro Artur Zimmermann    <br>   refer_2   600    <br>   bairro   Bela Vista    <br>   coord_x   697826,855324    <br>   coord_y   7022668,10487    <br>   latitude   -26,903756    <br>   longitu   -49,008015]]></description>
        <styleUrl>#icon-1899-DB4436</styleUrl>
        <Point>
          <coordinates>
            -49.008015,-26.903756,0
          </coordinates>
        </Point>
      </Placemark>
      <Placemark>
        <name>10,895</name>
        <description><![CDATA[Rua Pedro Artur Zimmermann    <br>       <br>   FID   164    <br>   sequencia   165    <br>   cota   10,90    <br>   refer_1   Rua Pedro Artur Zimmermann    <br>   refer_2   Rua Florianópolis    <br>   bairro   Bela Vista    <br>   coord_x   697440,465463    <br>   coord_y   7022847,70813    <br>   latitude   -26,90219    <br>   longitu   -49,011932]]></description>
        <styleUrl>#icon-1899-DB4436</styleUrl>
        <Point>
          <coordinates>
            -49.011932,-26.90219,0
          </coordinates>
        </Point>
      </Placemark>
      <Placemark>
        <name>11,866</name>
        <description><![CDATA[Rua Pedro Artur Zimmermann    <br>       <br>   FID   165    <br>   sequencia   166    <br>   cota   11,87    <br>   refer_1   Rua Pedro Artur Zimmermann    <br>   refer_2   à 200 metros do início da rua    <br>   bairro   Bela Vista    <br>   coord_x   697468,103101    <br>   coord_y   7022808,76009    <br>   latitude   -26,902538    <br>   longitu   -49,011648]]></description>
        <styleUrl>#icon-1899-DB4436</styleUrl>
        <Point>
          <coordinates>
            -49.011648,-26.902538,0
          </coordinates>
        </Point>
      </Placemark>
      <Placemark>
        <name>12,113</name>
        <description><![CDATA[Rua Pedro Artur Zimmermann    <br>       <br>   FID   166    <br>   sequencia   167    <br>   cota   12,11    <br>   refer_1   Rua Pedro Artur Zimmermann    <br>   refer_2   à 90 metros do início da rua    <br>   bairro   Bela Vista    <br>   coord_x   697403,72259    <br>   coord_y   7022901,86519    <br>   latitude   -26,901707    <br>   longitu   -49,01231]]></description>
        <styleUrl>#icon-1899-DB4436</styleUrl>
        <Point>
          <coordinates>
            -49.01231,-26.901707,0
          </coordinates>
        </Point>
      </Placemark>
      <Placemark>
        <name>12,711</name>
        <description><![CDATA[Rua Pedro Artur Zimmermann    <br>       <br>   FID   167    <br>   sequencia   168    <br>   cota   12,71    <br>   refer_1   Rua Pedro Artur Zimmermann    <br>   refer_2   à 35 metros do início da rua    <br>   bairro   Bela Vista    <br>   coord_x   697364,77309    <br>   coord_y   7022948,16495    <br>   latitude   -26,901295    <br>   longitu   -49,01271]]></description>
        <styleUrl>#icon-1899-DB4436</styleUrl>
        <Point>
          <coordinates>
            -49.01271,-26.901295,0
          </coordinates>
        </Point>
      </Placemark>
      <Placemark>
        <name>13,171</name>
        <description><![CDATA[Rua Pedro Artur Zimmermann    <br>       <br>   FID   168    <br>   sequencia   169    <br>   cota   13,17    <br>   refer_1   Rua Pedro Artur Zimmermann    <br>   refer_2   à 256 metros do início da rua    <br>   bairro   Bela Vista    <br>   coord_x   697512,217968    <br>   coord_y   7022774,83676    <br>   latitude   -26,902838    <br>   longitu   -49,011198]]></description>
        <styleUrl>#icon-1899-DB4436</styleUrl>
        <Point>
          <coordinates>
            -49.011198,-26.902838,0
          </coordinates>
        </Point>
      </Placemark>
      <Placemark>
        <name>13,773</name>
        <description><![CDATA[Rua Pedro Artur Zimmermann    <br>       <br>   FID   169    <br>   sequencia   170    <br>   cota   13,77    <br>   refer_1   Rua Pedro Artur Zimmermann    <br>   refer_2   571    <br>   bairro   Bela Vista    <br>   coord_x   697728,943871    <br>   coord_y   7022693,24254    <br>   latitude   -26,903543    <br>   longitu   -49,009004]]></description>
        <styleUrl>#icon-1899-DB4436</styleUrl>
        <Point>
          <coordinates>
            -49.009004,-26.903543,0
          </coordinates>
        </Point>
      </Placemark>
      <Placemark>
        <name>14,503</name>
        <description><![CDATA[Rua Pedro Artur Zimmermann    <br>       <br>   FID   170    <br>   sequencia   171    <br>   cota   14,50    <br>   refer_1   Rua Pedro Artur Zimmermann    <br>   refer_2   à 300 metros do início da rua    <br>   bairro   Bela Vista    <br>   coord_x   697562,146611    <br>   coord_y   7022751,05104    <br>   latitude   -26,903045    <br>   longitu   -49,010692]]></description>
        <styleUrl>#icon-1899-DB4436</styleUrl>
        <Point>
          <coordinates>
            -49.010692,-26.903045,0
          </coordinates>
        </Point>
      </Placemark>
      <Placemark>
        <name>8,648</name>
        <description><![CDATA[Rua Porto Alegre    <br>       <br>   FID   171    <br>   sequencia   172    <br>   cota   8,65    <br>   refer_1   Rua Porto Alegre    <br>   refer_2   99    <br>   bairro   Bela Vista    <br>   coord_x   697901,079294    <br>   coord_y   7022781,89586    <br>   latitude   -26,902719    <br>   longitu   -49,007286]]></description>
        <styleUrl>#icon-1899-DB4436</styleUrl>
        <Point>
          <coordinates>
            -49.007286,-26.902719,0
          </coordinates>
        </Point>
      </Placemark>
      <Placemark>
        <name>10,771</name>
        <description><![CDATA[Rua Porto Velho    <br>       <br>   FID   172    <br>   sequencia   173    <br>   cota   10,77    <br>   refer_1   Rua Porto Velho    <br>   refer_2   280    <br>   bairro   Bela Vista    <br>   coord_x   697998,070195    <br>   coord_y   7022649,16682    <br>   latitude   -26,903903    <br>   longitu   -49,006289]]></description>
        <styleUrl>#icon-1899-DB4436</styleUrl>
        <Point>
          <coordinates>
            -49.006289,-26.903903,0
          </coordinates>
        </Point>
      </Placemark>
      <Placemark>
        <name>8,53</name>
        <description><![CDATA[Rua Prefeito Bernardino Antônio de Souza    <br>       <br>   FID   173    <br>   sequencia   174    <br>   cota   8,53    <br>   refer_1   Rua Prefeito Bernardino Antônio de Souza    <br>   refer_2   Rua José Augusto Schapper    <br>   bairro   Bela Vista    <br>   coord_x   697615,420648    <br>   coord_y   7023305,49882    <br>   latitude   -26,898035    <br>   longitu   -49,010244]]></description>
        <styleUrl>#icon-1899-DB4436</styleUrl>
        <Point>
          <coordinates>
            -49.010244,-26.898035,0
          </coordinates>
        </Point>
      </Placemark>
      <Placemark>
        <name>8,831</name>
        <description><![CDATA[Rua Prefeito Bernardino Antônio de Souza    <br>       <br>   FID   174    <br>   sequencia   175    <br>   cota   8,83    <br>   refer_1   Rua Prefeito Bernardino Antônio de Souza    <br>   refer_2   Entrada Motel Status    <br>   bairro   Bela Vista    <br>   coord_x   697609,145702    <br>   coord_y   7023260,33986    <br>   latitude   -26,898443    <br>   longitu   -49,0103]]></description>
        <styleUrl>#icon-1899-DB4436</styleUrl>
        <Point>
          <coordinates>
            -49.0103,-26.898443,0
          </coordinates>
        </Point>
      </Placemark>
      <Placemark>
        <name>9,546</name>
        <description><![CDATA[Rua Prefeito Bernardino Antônio de Souza    <br>       <br>   FID   175    <br>   sequencia   176    <br>   cota   9,55    <br>   refer_1   Rua Prefeito Bernardino Antônio de Souza    <br>   refer_2   60    <br>   bairro   Bela Vista    <br>   coord_x   697586,669717    <br>   coord_y   7023186,86438    <br>   latitude   -26,899109    <br>   longitu   -49,010514]]></description>
        <styleUrl>#icon-1899-DB4436</styleUrl>
        <Point>
          <coordinates>
            -49.010514,-26.899109,0
          </coordinates>
        </Point>
      </Placemark>
      <Placemark>
        <name>9,582</name>
        <description><![CDATA[Rua Prefeito Bernardino Antônio de Souza    <br>       <br>   FID   176    <br>   sequencia   177    <br>   cota   9,58    <br>   refer_1   Rua Prefeito Bernardino Antônio de Souza    <br>   refer_2   266    <br>   bairro   Bela Vista    <br>   coord_x   697626,061864    <br>   coord_y   7023403,96715    <br>   latitude   -26,897145    <br>   longitu   -49,010152]]></description>
        <styleUrl>#icon-1899-DB4436</styleUrl>
        <Point>
          <coordinates>
            -49.010152,-26.897145,0
          </coordinates>
        </Point>
      </Placemark>
      <Placemark>
        <name>10,225</name>
        <description><![CDATA[Rua Prefeito Bernardino Antônio de Souza    <br>       <br>   FID   177    <br>   sequencia   178    <br>   cota   10,23    <br>   refer_1   Rua Prefeito Bernardino Antônio de Souza    <br>   refer_2   Rua Geni Spinner    <br>   bairro   Bela Vista    <br>   coord_x   697969,784107    <br>   coord_y   7023588,4392    <br>   latitude   -26,895431    <br>   longitu   -49,006722]]></description>
        <styleUrl>#icon-1899-DB4436</styleUrl>
        <Point>
          <coordinates>
            -49.006722,-26.895431,0
          </coordinates>
        </Point>
      </Placemark>
      <Placemark>
        <name>10,386</name>
        <description><![CDATA[Rua Prefeito Bernardino Antônio de Souza    <br>       <br>   FID   178    <br>   sequencia   179    <br>   cota   10,39    <br>   refer_1   Rua Prefeito Bernardino Antônio de Souza    <br>   refer_2   Rua Marciel do Nascimento    <br>   bairro   Bela Vista    <br>   coord_x   697892,319577    <br>   coord_y   7023577,46385    <br>   latitude   -26,895541    <br>   longitu   -49,0075]]></description>
        <styleUrl>#icon-1899-DB4436</styleUrl>
        <Point>
          <coordinates>
            -49.0075,-26.895541,0
          </coordinates>
        </Point>
      </Placemark>
      <Placemark>
        <name>10,445</name>
        <description><![CDATA[Rua Prefeito Bernardino Antônio de Souza    <br>       <br>   FID   179    <br>   sequencia   180    <br>   cota   10,45    <br>   refer_1   Rua Prefeito Bernardino Antônio de Souza    <br>   refer_2   568    <br>   bairro   Bela Vista    <br>   coord_x   697834,398304    <br>   coord_y   7023572,01282    <br>   latitude   -26,895599    <br>   longitu   -49,008082]]></description>
        <styleUrl>#icon-1899-DB4436</styleUrl>
        <Point>
          <coordinates>
            -49.008082,-26.895599,0
          </coordinates>
        </Point>
      </Placemark>
      <Placemark>
        <name>10,562</name>
        <description><![CDATA[Rua Prefeito Bernardino Antônio de Souza    <br>       <br>   FID   180    <br>   sequencia   181    <br>   cota   10,56    <br>   refer_1   Rua Prefeito Bernardino Antônio de Souza    <br>   refer_2   470    <br>   bairro   Bela Vista    <br>   coord_x   697748,382435    <br>   coord_y   7023559,58054    <br>   latitude   -26,895723    <br>   longitu   -49,008946]]></description>
        <styleUrl>#icon-1899-DB4436</styleUrl>
        <Point>
          <coordinates>
            -49.008946,-26.895723,0
          </coordinates>
        </Point>
      </Placemark>
      <Placemark>
        <name>11,046</name>
        <description><![CDATA[Rua Prefeito Bernardino Antônio de Souza    <br>       <br>   FID   181    <br>   sequencia   182    <br>   cota   11,05    <br>   refer_1   Rua Prefeito Bernardino Antônio de Souza    <br>   refer_2   Rua Antonio Walfredo do Nascimento    <br>   bairro   Bela Vista    <br>   coord_x   697687,825742    <br>   coord_y   7023539,05954    <br>   latitude   -26,895917    <br>   longitu   -49,009552]]></description>
        <styleUrl>#icon-1899-DB4436</styleUrl>
        <Point>
          <coordinates>
            -49.009552,-26.895917,0
          </coordinates>
        </Point>
      </Placemark>
      <Placemark>
        <name>11,239</name>
        <description><![CDATA[Rua Prefeito Bernardino Antônio de Souza    <br>       <br>   FID   182    <br>   sequencia   183    <br>   cota   11,24    <br>   refer_1   Rua Prefeito Bernardino Antônio de Souza    <br>   refer_2   à 85 metros após número 266    <br>   bairro   Bela Vista    <br>   coord_x   697649,006883    <br>   coord_y   7023490,29383    <br>   latitude   -26,896362    <br>   longitu   -49,009935]]></description>
        <styleUrl>#icon-1899-DB4436</styleUrl>
        <Point>
          <coordinates>
            -49.009935,-26.896362,0
          </coordinates>
        </Point>
      </Placemark>
      <Placemark>
        <name>9,856</name>
        <description><![CDATA[Rua Rio Branco    <br>       <br>   FID   183    <br>   sequencia   184    <br>   cota   9,86    <br>   refer_1   Rua Rio Branco    <br>   refer_2   Final de rua    <br>   bairro   Bela Vista    <br>   coord_x   698010,26173    <br>   coord_y   7022714,85446    <br>   latitude   -26,903308    <br>   longitu   -49,006176]]></description>
        <styleUrl>#icon-1899-DB4436</styleUrl>
        <Point>
          <coordinates>
            -49.006176,-26.903308,0
          </coordinates>
        </Point>
      </Placemark>
      <Placemark>
        <name>9,872</name>
        <description><![CDATA[Rua Rio Branco    <br>       <br>   FID   184    <br>   sequencia   185    <br>   cota   9,87    <br>   refer_1   Rua Rio Branco    <br>   refer_2   185    <br>   bairro   Bela Vista    <br>   coord_x   698051,410273    <br>   coord_y   7022712,26065    <br>   latitude   -26,903326    <br>   longitu   -49,005762]]></description>
        <styleUrl>#icon-1899-DB4436</styleUrl>
        <Point>
          <coordinates>
            -49.005762,-26.903326,0
          </coordinates>
        </Point>
      </Placemark>
      <Placemark>
        <name>7,651</name>
        <description><![CDATA[Rua São Paulo    <br>       <br>   FID   185    <br>   sequencia   186    <br>   cota   7,65    <br>   refer_1   Rua São Paulo    <br>   refer_2   25    <br>   bairro   Bela Vista    <br>   coord_x   697968,406848    <br>   coord_y   7022764,61046    <br>   latitude   -26,902865    <br>   longitu   -49,006606]]></description>
        <styleUrl>#icon-1899-DB4436</styleUrl>
        <Point>
          <coordinates>
            -49.006606,-26.902865,0
          </coordinates>
        </Point>
      </Placemark>
      <Placemark>
        <name>8,252</name>
        <description><![CDATA[Rua São Paulo    <br>       <br>   FID   186    <br>   sequencia   187    <br>   cota   8,25    <br>   refer_1   Rua São Paulo    <br>   refer_2   30    <br>   bairro   Bela Vista    <br>   coord_x   697966,954108    <br>   coord_y   7022740,38337    <br>   latitude   -26,903084    <br>   longitu   -49,006616]]></description>
        <styleUrl>#icon-1899-DB4436</styleUrl>
        <Point>
          <coordinates>
            -49.006616,-26.903084,0
          </coordinates>
        </Point>
      </Placemark>
      <Placemark>
        <name>9,255</name>
        <description><![CDATA[Rua São Paulo    <br>       <br>   FID   187    <br>   sequencia   188    <br>   cota   9,26    <br>   refer_1   Rua São Paulo    <br>   refer_2   12    <br>   bairro   Bela Vista    <br>   coord_x   697971,089512    <br>   coord_y   7022800,23707    <br>   latitude   -26,902543    <br>   longitu   -49,006584]]></description>
        <styleUrl>#icon-1899-DB4436</styleUrl>
        <Point>
          <coordinates>
            -49.006584,-26.902543,0
          </coordinates>
        </Point>
      </Placemark>
      <Placemark>
        <name>9,482</name>
        <description><![CDATA[Rua São Paulo    <br>       <br>   FID   188    <br>   sequencia   189    <br>   cota   9,48    <br>   refer_1   Rua São Paulo    <br>   refer_2   Rua Curitiba    <br>   bairro   Bela Vista    <br>   coord_x   697954,320628    <br>   coord_y   7022710,59172    <br>   latitude   -26,903355    <br>   longitu   -49,006739]]></description>
        <styleUrl>#icon-1899-DB4436</styleUrl>
        <Point>
          <coordinates>
            -49.006739,-26.903355,0
          </coordinates>
        </Point>
      </Placemark>
      <Placemark>
        <name>9,601</name>
        <description><![CDATA[Rua São Paulo    <br>       <br>   FID   189    <br>   sequencia   190    <br>   cota   9,60    <br>   refer_1   Rua São Paulo    <br>   refer_2   93    <br>   bairro   Bela Vista    <br>   coord_x   697956,293183    <br>   coord_y   7022671,15375    <br>   latitude   -26,90371    <br>   longitu   -49,006713]]></description>
        <styleUrl>#icon-1899-DB4436</styleUrl>
        <Point>
          <coordinates>
            -49.006713,-26.90371,0
          </coordinates>
        </Point>
      </Placemark>
      <Placemark>
        <name>10,551</name>
        <description><![CDATA[Rua São Paulo    <br>       <br>   FID   190    <br>   sequencia   191    <br>   cota   10,55    <br>   refer_1   Rua São Paulo    <br>   refer_2   Rua Pedro Artur Zimmermann    <br>   bairro   Bela Vista    <br>   coord_x   697951,059865    <br>   coord_y   7022652,1073    <br>   latitude   -26,903883    <br>   longitu   -49,006762]]></description>
        <styleUrl>#icon-1899-DB4436</styleUrl>
        <Point>
          <coordinates>
            -49.006762,-26.903883,0
          </coordinates>
        </Point>
      </Placemark>
      <Placemark>
        <name>12,79</name>
        <description><![CDATA[Rua São Paulo    <br>       <br>   FID   191    <br>   sequencia   192    <br>   cota   12,79    <br>   refer_1   Rua São Paulo    <br>   refer_2   146    <br>   bairro   Bela Vista    <br>   coord_x   697949,959731    <br>   coord_y   7022622,87674    <br>   latitude   -26,904147    <br>   longitu   -49,006769]]></description>
        <styleUrl>#icon-1899-DB4436</styleUrl>
        <Point>
          <coordinates>
            -49.006769,-26.904147,0
          </coordinates>
        </Point>
      </Placemark>
      <Placemark>
        <name>8,814</name>
        <description><![CDATA[Rua Selma Zimmermann    <br>       <br>   FID   192    <br>   sequencia   193    <br>   cota   8,81    <br>   refer_1   Rua Selma Zimmermann    <br>   refer_2   Rua Adriano Kormann    <br>   bairro   Bela Vista    <br>   coord_x   698232,097665    <br>   coord_y   7023027,13676    <br>   latitude   -26,900459    <br>   longitu   -49,003993]]></description>
        <styleUrl>#icon-1899-DB4436</styleUrl>
        <Point>
          <coordinates>
            -49.003993,-26.900459,0
          </coordinates>
        </Point>
      </Placemark>
      <Placemark>
        <name>11,224</name>
        <description><![CDATA[Rua Selma Zimmermann    <br>       <br>   FID   193    <br>   sequencia   194    <br>   cota   11,22    <br>   refer_1   Rua Selma Zimmermann    <br>   refer_2   225    <br>   bairro   Bela Vista    <br>   coord_x   698262,884031    <br>   coord_y   7023239,693    <br>   latitude   -26,898536    <br>   longitu   -49,003717]]></description>
        <styleUrl>#icon-1899-DB4436</styleUrl>
        <Point>
          <coordinates>
            -49.003717,-26.898536,0
          </coordinates>
        </Point>
      </Placemark>
      <Placemark>
        <name>11,262</name>
        <description><![CDATA[Rua Selma Zimmermann    <br>       <br>   FID   194    <br>   sequencia   195    <br>   cota   11,26    <br>   refer_1   Rua Selma Zimmermann    <br>   refer_2   180    <br>   bairro   Bela Vista    <br>   coord_x   698267,579913    <br>   coord_y   7023287,37825    <br>   latitude   -26,898106    <br>   longitu   -49,003678]]></description>
        <styleUrl>#icon-1899-DB4436</styleUrl>
        <Point>
          <coordinates>
            -49.003678,-26.898106,0
          </coordinates>
        </Point>
      </Placemark>
      <Placemark>
        <name>11,58</name>
        <description><![CDATA[Rua Selma Zimmermann    <br>       <br>   FID   195    <br>   sequencia   196    <br>   cota   11,58    <br>   refer_1   Rua Selma Zimmermann    <br>   refer_2   à 256 metros do início da rua    <br>   bairro   Bela Vista    <br>   coord_x   698257,801223    <br>   coord_y   7023172,34056    <br>   latitude   -26,899145    <br>   longitu   -49,003758]]></description>
        <styleUrl>#icon-1899-DB4436</styleUrl>
        <Point>
          <coordinates>
            -49.003758,-26.899145,0
          </coordinates>
        </Point>
      </Placemark>
      <Placemark>
        <name>11,617</name>
        <description><![CDATA[Rua Selma Zimmermann    <br>       <br>   FID   196    <br>   sequencia   197    <br>   cota   11,62    <br>   refer_1   Rua Selma Zimmermann    <br>   refer_2   Próximo estacionamento da Like Fitness    <br>   bairro   Bela Vista    <br>   coord_x   698233,08916    <br>   coord_y   7023075,86179    <br>   latitude   -26,900019    <br>   longitu   -49,003991]]></description>
        <styleUrl>#icon-1899-DB4436</styleUrl>
        <Point>
          <coordinates>
            -49.003991,-26.900019,0
          </coordinates>
        </Point>
      </Placemark>
      <Placemark>
        <name>11,941</name>
        <description><![CDATA[Rua Selma Zimmermann    <br>       <br>   FID   197    <br>   sequencia   198    <br>   cota   11,94    <br>   refer_1   Rua Selma Zimmermann    <br>   refer_2   Defronte número 177    <br>   bairro   Bela Vista    <br>   coord_x   698232,265032    <br>   coord_y   7023139,24942    <br>   latitude   -26,899447    <br>   longitu   -49,004009]]></description>
        <styleUrl>#icon-1899-DB4436</styleUrl>
        <Point>
          <coordinates>
            -49.004009,-26.899447,0
          </coordinates>
        </Point>
      </Placemark>
      <Placemark>
        <name>11,749</name>
        <description><![CDATA[Rua Sergipe    <br>       <br>   FID   198    <br>   sequencia   199    <br>   cota   11,75    <br>   refer_1   Rua Sergipe    <br>   refer_2   40    <br>   bairro   Bela Vista    <br>   coord_x   698614,875422    <br>   coord_y   7023058,39469    <br>   latitude   -26,900122    <br>   longitu   -49,000146]]></description>
        <styleUrl>#icon-1899-DB4436</styleUrl>
        <Point>
          <coordinates>
            -49.000146,-26.900122,0
          </coordinates>
        </Point>
      </Placemark>
      <Placemark>
        <name>13,547</name>
        <description><![CDATA[Rua Sergipe    <br>       <br>   FID   199    <br>   sequencia   200    <br>   cota   13,55    <br>   refer_1   Rua Sergipe    <br>   refer_2   70    <br>   bairro   Bela Vista    <br>   coord_x   698670,053484    <br>   coord_y   7023048,41171    <br>   latitude   -26,900204    <br>   longitu   -48,999589]]></description>
        <styleUrl>#icon-1899-DB4436</styleUrl>
        <Point>
          <coordinates>
            -48.999589,-26.900204,0
          </coordinates>
        </Point>
      </Placemark>
      <Placemark>
        <name>9,58</name>
        <description><![CDATA[Rua Tereza Cristina Maciel    <br>       <br>   FID   200    <br>   sequencia   201    <br>   cota   9,58    <br>   refer_1   Rua Tereza Cristina Maciel    <br>   refer_2   222    <br>   bairro   Bela Vista    <br>   coord_x   698035,058628    <br>   coord_y   7023097,58357    <br>   latitude   -26,899851    <br>   longitu   -49,005988]]></description>
        <styleUrl>#icon-1899-DB4436</styleUrl>
        <Point>
          <coordinates>
            -49.005988,-26.899851,0
          </coordinates>
        </Point>
      </Placemark>
      <Placemark>
        <name>9,654</name>
        <description><![CDATA[Rua Tereza Cristina Maciel    <br>       <br>   FID   201    <br>   sequencia   202    <br>   cota   9,65    <br>   refer_1   Rua Tereza Cristina Maciel    <br>   refer_2   168    <br>   bairro   Bela Vista    <br>   coord_x   698083,041867    <br>   coord_y   7023089,83921    <br>   latitude   -26,899914    <br>   longitu   -49,005503]]></description>
        <styleUrl>#icon-1899-DB4436</styleUrl>
        <Point>
          <coordinates>
            -49.005503,-26.899914,0
          </coordinates>
        </Point>
      </Placemark>
      <Placemark>
        <name>10,723</name>
        <description><![CDATA[Rua Tereza Cristina Maciel    <br>       <br>   FID   202    <br>   sequencia   203    <br>   cota   10,72    <br>   refer_1   Rua Tereza Cristina Maciel    <br>   refer_2   172    <br>   bairro   Bela Vista    <br>   coord_x   697992,82468    <br>   coord_y   7023103,9787    <br>   latitude   -26,899799    <br>   longitu   -49,006414]]></description>
        <styleUrl>#icon-1899-DB4436</styleUrl>
        <Point>
          <coordinates>
            -49.006414,-26.899799,0
          </coordinates>
        </Point>
      </Placemark>
      <Placemark>
        <name>12,687</name>
        <description><![CDATA[Rua Tereza Cristina Maciel    <br>       <br>   FID   203    <br>   sequencia   204    <br>   cota   12,69    <br>   refer_1   Rua Tereza Cristina Maciel    <br>   refer_2   Próximo a lombada, entrada rua Bruno R. Schaper    <br>   bairro   Bela Vista    <br>   coord_x   697913,775416    <br>   coord_y   7023133,26263    <br>   latitude   -26,899546    <br>   longitu   -49,007214]]></description>
        <styleUrl>#icon-1899-DB4436</styleUrl>
        <Point>
          <coordinates>
            -49.007214,-26.899546,0
          </coordinates>
        </Point>
      </Placemark>
      <Placemark>
        <name>12,866</name>
        <description><![CDATA[Rua Tereza Cristina Maciel    <br>       <br>   FID   204    <br>   sequencia   205    <br>   cota   12,87    <br>   refer_1   Rua Tereza Cristina Maciel    <br>   refer_2   Rua Bruno Rodolfo Schaper    <br>   bairro   Bela Vista    <br>   coord_x   697885,8733    <br>   coord_y   7023120,28109    <br>   latitude   -26,899668    <br>   longitu   -49,007493]]></description>
        <styleUrl>#icon-1899-DB4436</styleUrl>
        <Point>
          <coordinates>
            -49.007493,-26.899668,0
          </coordinates>
        </Point>
      </Placemark>
      <Placemark>
        <name>13,407</name>
        <description><![CDATA[Rua Tereza Cristina Maciel    <br>       <br>   FID   205    <br>   sequencia   206    <br>   cota   13,41    <br>   refer_1   Rua Tereza Cristina Maciel    <br>   refer_2   132    <br>   bairro   Bela Vista    <br>   coord_x   697961,879684    <br>   coord_y   7023162,34315    <br>   latitude   -26,899277    <br>   longitu   -49,006734]]></description>
        <styleUrl>#icon-1899-DB4436</styleUrl>
        <Point>
          <coordinates>
            -49.006734,-26.899277,0
          </coordinates>
        </Point>
      </Placemark>
      <Placemark>
        <name>13,65</name>
        <description><![CDATA[Rua Tereza Cristina Maciel    <br>       <br>   FID   206    <br>   sequencia   207    <br>   cota   13,65    <br>   refer_1   Rua Tereza Cristina Maciel    <br>   refer_2   Final de rua    <br>   bairro   Bela Vista    <br>   coord_x   698034,254311    <br>   coord_y   7023206,8115    <br>   latitude   -26,898866    <br>   longitu   -49,006013]]></description>
        <styleUrl>#icon-1899-DB4436</styleUrl>
        <Point>
          <coordinates>
            -49.006013,-26.898866,0
          </coordinates>
        </Point>
      </Placemark>
      <Placemark>
        <name>14,324</name>
        <description><![CDATA[Rua Tereza Cristina Maciel    <br>       <br>   FID   207    <br>   sequencia   208    <br>   cota   14,32    <br>   refer_1   Rua Tereza Cristina Maciel    <br>   refer_2   225    <br>   bairro   Bela Vista    <br>   coord_x   697977,151912    <br>   coord_y   7023170,20138    <br>   latitude   -26,899204    <br>   longitu   -49,006582]]></description>
        <styleUrl>#icon-1899-DB4436</styleUrl>
        <Point>
          <coordinates>
            -49.006582,-26.899204,0
          </coordinates>
        </Point>
      </Placemark>
      <Placemark>
        <name>14,434</name>
        <description><![CDATA[Rua Tereza Cristina Maciel    <br>       <br>   FID   208    <br>   sequencia   209    <br>   cota   14,43    <br>   refer_1   Rua Tereza Cristina Maciel    <br>   refer_2   162    <br>   bairro   Bela Vista    <br>   coord_x   698002,559135    <br>   coord_y   7023160,75898    <br>   latitude   -26,899286    <br>   longitu   -49,006325]]></description>
        <styleUrl>#icon-1899-DB4436</styleUrl>
        <Point>
          <coordinates>
            -49.006325,-26.899286,0
          </coordinates>
        </Point>
      </Placemark>
      <Placemark>
        <name>14,832</name>
        <description><![CDATA[Rua Tereza Cristina Maciel    <br>       <br>   FID   209    <br>   sequencia   210    <br>   cota   14,83    <br>   refer_1   Rua Tereza Cristina Maciel    <br>   refer_2   190    <br>   bairro   Bela Vista    <br>   coord_x   697850,523405    <br>   coord_y   7023095,78387    <br>   latitude   -26,899894    <br>   longitu   -49,007844]]></description>
        <styleUrl>#icon-1899-DB4436</styleUrl>
        <Point>
          <coordinates>
            -49.007844,-26.899894,0
          </coordinates>
        </Point>
      </Placemark>
      <Placemark>
        <name>16,849</name>
        <description><![CDATA[Rua Tereza Cristina Maciel    <br>       <br>   FID   210    <br>   sequencia   211    <br>   cota   16,85    <br>   refer_1   Rua Tereza Cristina Maciel    <br>   refer_2   Rua Marcos Zimmermann    <br>   bairro   Bela Vista    <br>   coord_x   698097,927526    <br>   coord_y   7023140,87698    <br>   latitude   -26,899452    <br>   longitu   -49,005362]]></description>
        <styleUrl>#icon-1899-DB4436</styleUrl>
        <Point>
          <coordinates>
            -49.005362,-26.899452,0
          </coordinates>
        </Point>
      </Placemark>
      <Placemark>
        <name>10,583</name>
        <description><![CDATA[Rua Tijucas    <br>       <br>   FID   211    <br>   sequencia   212    <br>   cota   10,58    <br>   refer_1   Rua Tijucas    <br>   refer_2   Rua Antônio Moser    <br>   bairro   Bela Vista    <br>   coord_x   699048,69687    <br>   coord_y   7023835,2436    <br>   latitude   -26,893051    <br>   longitu   -48,995904]]></description>
        <styleUrl>#icon-1899-DB4436</styleUrl>
        <Point>
          <coordinates>
            -48.995904,-26.893051,0
          </coordinates>
        </Point>
      </Placemark>
      <Placemark>
        <name>11,036</name>
        <description><![CDATA[Rua Tijucas    <br>       <br>   FID   212    <br>   sequencia   213    <br>   cota   11,04    <br>   refer_1   Rua Tijucas    <br>   refer_2   à 111 metros do início da rua    <br>   bairro   Bela Vista    <br>   coord_x   699158,70503    <br>   coord_y   7023841,12012    <br>   latitude   -26,892982    <br>   longitu   -48,994798]]></description>
        <styleUrl>#icon-1899-DB4436</styleUrl>
        <Point>
          <coordinates>
            -48.994798,-26.892982,0
          </coordinates>
        </Point>
      </Placemark>
      <Placemark>
        <name>12,032</name>
        <description><![CDATA[Rua Tijucas    <br>       <br>   FID   213    <br>   sequencia   214    <br>   cota   12,03    <br>   refer_1   Rua Tijucas    <br>   refer_2   Final de rua    <br>   bairro   Bela Vista    <br>   coord_x   699256,601878    <br>   coord_y   7023834,89179    <br>   latitude   -26,893024    <br>   longitu   -48,993811]]></description>
        <styleUrl>#icon-1899-DB4436</styleUrl>
        <Point>
          <coordinates>
            -48.993811,-26.893024,0
          </coordinates>
        </Point>
      </Placemark>
      <Placemark>
        <name>10,002</name>
        <description><![CDATA[Rua Tubarão    <br>       <br>   FID   214    <br>   sequencia   215    <br>   cota   10,00    <br>   refer_1   Rua Tubarão    <br>   refer_2   Final de rua    <br>   bairro   Bela Vista    <br>   coord_x   699070,085271    <br>   coord_y   7023694,69617    <br>   latitude   -26,894316    <br>   longitu   -48,995666]]></description>
        <styleUrl>#icon-1899-DB4436</styleUrl>
        <Point>
          <coordinates>
            -48.995666,-26.894316,0
          </coordinates>
        </Point>
      </Placemark>
      <Placemark>
        <name>8,25</name>
        <description><![CDATA[Rua Vila Nova    <br>       <br>   FID   215    <br>   sequencia   216    <br>   cota   8,25    <br>   refer_1   Rua Vila Nova    <br>   refer_2   18    <br>   bairro   Bela Vista    <br>   coord_x   698959,07584    <br>   coord_y   7023522,71749    <br>   latitude   -26,895883    <br>   longitu   -48,996756]]></description>
        <styleUrl>#icon-1899-DB4436</styleUrl>
        <Point>
          <coordinates>
            -48.996756,-26.895883,0
          </coordinates>
        </Point>
      </Placemark>
      <Placemark>
        <name>8,5</name>
        <description><![CDATA[Rua Vila Nova    <br>       <br>   FID   216    <br>   sequencia   217    <br>   cota   8,50    <br>   refer_1   Rua Vila Nova    <br>   refer_2   à 40 metros do início da rua    <br>   bairro   Bela Vista    <br>   coord_x   698960,599599    <br>   coord_y   7023545,83913    <br>   latitude   -26,895675    <br>   longitu   -48,996744]]></description>
        <styleUrl>#icon-1899-DB4436</styleUrl>
        <Point>
          <coordinates>
            -48.996744,-26.895675,0
          </coordinates>
        </Point>
      </Placemark>
      <Placemark>
        <name>8,565</name>
        <description><![CDATA[Rua Vila Nova    <br>       <br>   FID   217    <br>   sequencia   218    <br>   cota   8,56    <br>   refer_1   Rua Vila Nova    <br>   refer_2   142    <br>   bairro   Bela Vista    <br>   coord_x   698965,373479    <br>   coord_y   7023653,356    <br>   latitude   -26,894704    <br>   longitu   -48,996713]]></description>
        <styleUrl>#icon-1899-DB4436</styleUrl>
        <Point>
          <coordinates>
            -48.996713,-26.894704,0
          </coordinates>
        </Point>
      </Placemark>
      <Placemark>
        <name>9,432</name>
        <description><![CDATA[Rua Vila Nova    <br>       <br>   FID   218    <br>   sequencia   219    <br>   cota   9,43    <br>   refer_1   Rua Vila Nova    <br>   refer_2   96    <br>   bairro   Bela Vista    <br>   coord_x   698963,969237    <br>   coord_y   7023610,37469    <br>   latitude   -26,895092    <br>   longitu   -48,996721]]></description>
        <styleUrl>#icon-1899-DB4436</styleUrl>
        <Point>
          <coordinates>
            -48.996721,-26.895092,0
          </coordinates>
        </Point>
      </Placemark>
      <Placemark>
        <name>11,024</name>
        <description><![CDATA[Rua Vila Nova    <br>       <br>   FID   219    <br>   sequencia   220    <br>   cota   11,02    <br>   refer_1   Rua Vila Nova    <br>   refer_2   Rua Tubarão    <br>   bairro   Bela Vista    <br>   coord_x   698971,770031    <br>   coord_y   7023704,27036    <br>   latitude   -26,894243    <br>   longitu   -48,996657]]></description>
        <styleUrl>#icon-1899-DB4436</styleUrl>
        <Point>
          <coordinates>
            -48.996657,-26.894243,0
          </coordinates>
        </Point>
      </Placemark>
      <Placemark>
        <name>11,683</name>
        <description><![CDATA[Rua Vila Nova    <br>       <br>   FID   220    <br>   sequencia   221    <br>   cota   11,68    <br>   refer_1   Rua Vila Nova    <br>   refer_2   Rua Helena Kaufmann    <br>   bairro   Bela Vista    <br>   coord_x   698970,088192    <br>   coord_y   7023758,43165    <br>   latitude   -26,893755    <br>   longitu   -48,996683]]></description>
        <styleUrl>#icon-1899-DB4436</styleUrl>
        <Point>
          <coordinates>
            -48.996683,-26.893755,0
          </coordinates>
        </Point>
      </Placemark>
      <Placemark>
        <name>12,688</name>
        <description><![CDATA[Rua Vitor José Miranda    <br>       <br>   FID   221    <br>   sequencia   222    <br>   cota   12,69    <br>   refer_1   Rua Vitor José Miranda    <br>   refer_2   Final de rua    <br>   bairro   Bela Vista    <br>   coord_x   697831,528785    <br>   coord_y   7023448,91874    <br>   latitude   -26,89671    <br>   longitu   -49,008091]]></description>
        <styleUrl>#icon-1899-DB4436</styleUrl>
        <Point>
          <coordinates>
            -49.008091,-26.89671,0
          </coordinates>
        </Point>
      </Placemark>
      <Placemark>
        <name>12,841</name>
        <description><![CDATA[Rua Vitória    <br>       <br>   FID   222    <br>   sequencia   223    <br>   cota   12,84    <br>   refer_1   Rua Vitória    <br>   refer_2   120    <br>   bairro   Bela Vista    <br>   coord_x   697701,80397    <br>   coord_y   7022957,63333    <br>   latitude   -26,901161    <br>   longitu   -49,009319]]></description>
        <styleUrl>#icon-1899-DB4436</styleUrl>
        <Point>
          <coordinates>
            -49.009319,-26.901161,0
          </coordinates>
        </Point>
      </Placemark>
      <Placemark>
        <name>13,292</name>
        <description><![CDATA[Rua Vitória    <br>       <br>   FID   223    <br>   sequencia   224    <br>   cota   13,29    <br>   refer_1   Rua Vitória    <br>   refer_2   195    <br>   bairro   Bela Vista    <br>   coord_x   697622,509052    <br>   coord_y   7022960,74097    <br>   latitude   -26,901144    <br>   longitu   -49,010118]]></description>
        <styleUrl>#icon-1899-DB4436</styleUrl>
        <Point>
          <coordinates>
            -49.010118,-26.901144,0
          </coordinates>
        </Point>
      </Placemark>
      <Placemark>
        <name>8,853</name>
        <description><![CDATA[Sem nome    <br>       <br>   FID   224    <br>   sequencia   225    <br>   cota   8,85    <br>   refer_1   Sem nome    <br>   refer_2   Transversal Rua Helena Kaufmann - a esquerda    <br>   bairro   Bela Vista    <br>   coord_x   698889,70719    <br>   coord_y   7023782,54679    <br>   latitude   -26,893549    <br>   longitu   -48,997495]]></description>
        <styleUrl>#icon-1899-DB4436</styleUrl>
        <Point>
          <coordinates>
            -48.997495,-26.893549,0
          </coordinates>
        </Point>
      </Placemark>
      <Placemark>
        <name>9,383</name>
        <description><![CDATA[Sem nome    <br>       <br>   FID   225    <br>   sequencia   226    <br>   cota   9,38    <br>   refer_1   Sem nome    <br>   refer_2   Transversal Rua Helena Kaufmann - a esquerda    <br>   bairro   Bela Vista    <br>   coord_x   698939,32931    <br>   coord_y   7023784,2376    <br>   latitude   -26,893527    <br>   longitu   -48,996996]]></description>
        <styleUrl>#icon-1899-DB4436</styleUrl>
        <Point>
          <coordinates>
            -48.996996,-26.893527,0
          </coordinates>
        </Point>
      </Placemark>
      <Placemark>
        <name>7,991</name>
        <description><![CDATA[Avenida das Comunidades    <br>       <br>   FID   226    <br>   sequencia   227    <br>   cota   7,99    <br>   refer_1   Avenida das Comunidades    <br>   refer_2   Rua Emma Reinert    <br>   bairro   Centro    <br>   coord_x   703047,286947    <br>   coord_y   7019477,70678    <br>   latitude   -26,931792    <br>   longitu   -48,954956]]></description>
        <styleUrl>#icon-1899-DB4436</styleUrl>
        <Point>
          <coordinates>
            -48.954956,-26.931792,0
          </coordinates>
        </Point>
      </Placemark>
      <Placemark>
        <name>8,146</name>
        <description><![CDATA[Avenida das Comunidades    <br>       <br>   FID   227    <br>   sequencia   228    <br>   cota   8,15    <br>   refer_1   Avenida das Comunidades    <br>   refer_2   Rua São Pedro    <br>   bairro   Centro    <br>   coord_x   703050,779508    <br>   coord_y   7019498,04697    <br>   latitude   -26,931608    <br>   longitu   -48,954924]]></description>
        <styleUrl>#icon-1899-DB4436</styleUrl>
        <Point>
          <coordinates>
            -48.954924,-26.931608,0
          </coordinates>
        </Point>
      </Placemark>
      <Placemark>
        <name>9,494</name>
        <description><![CDATA[Avenida das Comunidades    <br>       <br>   FID   228    <br>   sequencia   229    <br>   cota   9,49    <br>   refer_1   Avenida das Comunidades    <br>   refer_2   409    <br>   bairro   Centro    <br>   coord_x   702980,542259    <br>   coord_y   7019456,86002    <br>   latitude   -26,931989    <br>   longitu   -48,955625]]></description>
        <styleUrl>#icon-1899-DB4436</styleUrl>
        <Point>
          <coordinates>
            -48.955625,-26.931989,0
          </coordinates>
        </Point>
      </Placemark>
      <Placemark>
        <name>9,651</name>
        <description><![CDATA[Avenida das Comunidades    <br>       <br>   FID   229    <br>   sequencia   230    <br>   cota   9,65    <br>   refer_1   Avenida das Comunidades    <br>   refer_2   153    <br>   bairro   Centro    <br>   coord_x   702646,616726    <br>   coord_y   7019505,81781    <br>   latitude   -26,931596    <br>   longitu   -48,958994]]></description>
        <styleUrl>#icon-1899-DB4436</styleUrl>
        <Point>
          <coordinates>
            -48.958994,-26.931596,0
          </coordinates>
        </Point>
      </Placemark>
      <Placemark>
        <name>12,085</name>
        <description><![CDATA[Avenida das Comunidades    <br>       <br>   FID   230    <br>   sequencia   231    <br>   cota   12,09    <br>   refer_1   Avenida das Comunidades    <br>   refer_2   185    <br>   bairro   Centro    <br>   coord_x   702709,635684    <br>   coord_y   7019475,16428    <br>   latitude   -26,931864    <br>   longitu   -48,958355]]></description>
        <styleUrl>#icon-1899-DB4436</styleUrl>
        <Point>
          <coordinates>
            -48.958355,-26.931864,0
          </coordinates>
        </Point>
      </Placemark>
      <Placemark>
        <name>12,284</name>
        <description><![CDATA[Avenida das Comunidades    <br>       <br>   FID   231    <br>   sequencia   232    <br>   cota   12,28    <br>   refer_1   Avenida das Comunidades    <br>   refer_2   310    <br>   bairro   Centro    <br>   coord_x   702927,5443    <br>   coord_y   7019441,28109    <br>   latitude   -26,932138    <br>   longitu   -48,956156]]></description>
        <styleUrl>#icon-1899-DB4436</styleUrl>
        <Point>
          <coordinates>
            -48.956156,-26.932138,0
          </coordinates>
        </Point>
      </Placemark>
      <Placemark>
        <name>13,325</name>
        <description><![CDATA[Avenida das Comunidades    <br>       <br>   FID   232    <br>   sequencia   233    <br>   cota   13,32    <br>   refer_1   Avenida das Comunidades    <br>   refer_2   241    <br>   bairro   Centro    <br>   coord_x   702791,425101    <br>   coord_y   7019438,15356    <br>   latitude   -26,932186    <br>   longitu   -48,957525]]></description>
        <styleUrl>#icon-1899-DB4436</styleUrl>
        <Point>
          <coordinates>
            -48.957525,-26.932186,0
          </coordinates>
        </Point>
      </Placemark>
      <Placemark>
        <name>13,65</name>
        <description><![CDATA[Avenida das Comunidades    <br>       <br>   FID   233    <br>   sequencia   234    <br>   cota   13,65    <br>   refer_1   Avenida das Comunidades    <br>   refer_2   Rua Antônio de Souza e Silva    <br>   bairro   Centro    <br>   coord_x   702857,714547    <br>   coord_y   7019429,10921    <br>   latitude   -26,932258    <br>   longitu   -48,956857]]></description>
        <styleUrl>#icon-1899-DB4436</styleUrl>
        <Point>
          <coordinates>
            -48.956857,-26.932258,0
          </coordinates>
        </Point>
      </Placemark>
      <Placemark>
        <name>7,696</name>
        <description><![CDATA[Rua Alberto Serafim Schmitt    <br>       <br>   FID   234    <br>   sequencia   235    <br>   cota   7,70    <br>   refer_1   Rua Alberto Serafim Schmitt    <br>   refer_2   Rua Emma Reinert    <br>   bairro   Centro    <br>   coord_x   703078,31074    <br>   coord_y   7019438,91886    <br>   latitude   -26,932137    <br>   longitu   -48,954638]]></description>
        <styleUrl>#icon-1899-DB4436</styleUrl>
        <Point>
          <coordinates>
            -48.954638,-26.932137,0
          </coordinates>
        </Point>
      </Placemark>
      <Placemark>
        <name>9,85</name>
        <description><![CDATA[Rua Alberto Serafim Schmitt    <br>       <br>   FID   235    <br>   sequencia   236    <br>   cota   9,85    <br>   refer_1   Rua Alberto Serafim Schmitt    <br>   refer_2   90    <br>   bairro   Centro    <br>   coord_x   703131,483349    <br>   coord_y   7019460,11592    <br>   latitude   -26,931938    <br>   longitu   -48,954106]]></description>
        <styleUrl>#icon-1899-DB4436</styleUrl>
        <Point>
          <coordinates>
            -48.954106,-26.931938,0
          </coordinates>
        </Point>
      </Placemark>
      <Placemark>
        <name>7,417</name>
        <description><![CDATA[Rua Antônio Conceição    <br>       <br>   FID   236    <br>   sequencia   237    <br>   cota   7,42    <br>   refer_1   Rua Antônio Conceição    <br>   refer_2   386    <br>   bairro   Centro    <br>   coord_x   703044,665417    <br>   coord_y   7019443,24691    <br>   latitude   -26,932103    <br>   longitu   -48,954977]]></description>
        <styleUrl>#icon-1899-DB4436</styleUrl>
        <Point>
          <coordinates>
            -48.954977,-26.932103,0
          </coordinates>
        </Point>
      </Placemark>
      <Placemark>
        <name>7,545</name>
        <description><![CDATA[Rua Antônio Conceição    <br>       <br>   FID   237    <br>   sequencia   238    <br>   cota   7,54    <br>   refer_1   Rua Antônio Conceição    <br>   refer_2   Rua José Vanzuiten    <br>   bairro   Centro    <br>   coord_x   703020,128005    <br>   coord_y   7019400,83746    <br>   latitude   -26,932489    <br>   longitu   -48,955217]]></description>
        <styleUrl>#icon-1899-DB4436</styleUrl>
        <Point>
          <coordinates>
            -48.955217,-26.932489,0
          </coordinates>
        </Point>
      </Placemark>
      <Placemark>
        <name>8,2</name>
        <description><![CDATA[Rua Antônio Conceição    <br>       <br>   FID   238    <br>   sequencia   239    <br>   cota   8,20    <br>   refer_1   Rua Antônio Conceição    <br>   refer_2   493    <br>   bairro   Centro    <br>   coord_x   702983,543504    <br>   coord_y   7019335,87953    <br>   latitude   -26,933081    <br>   longitu   -48,955575]]></description>
        <styleUrl>#icon-1899-DB4436</styleUrl>
        <Point>
          <coordinates>
            -48.955575,-26.933081,0
          </coordinates>
        </Point>
      </Placemark>
      <Placemark>
        <name>10,125</name>
        <description><![CDATA[Rua Antônio Conceição    <br>       <br>   FID   239    <br>   sequencia   240    <br>   cota   10,13    <br>   refer_1   Rua Antônio Conceição    <br>   refer_2   540    <br>   bairro   Centro    <br>   coord_x   702970,765749    <br>   coord_y   7019277,74787    <br>   latitude   -26,933607    <br>   longitu   -48,955694]]></description>
        <styleUrl>#icon-1899-DB4436</styleUrl>
        <Point>
          <coordinates>
            -48.955694,-26.933607,0
          </coordinates>
        </Point>
      </Placemark>
      <Placemark>
        <name>10,434</name>
        <description><![CDATA[Rua Antônio Pedro Schmitt    <br>       <br>   FID   240    <br>   sequencia   241    <br>   cota   10,43    <br>   refer_1   Rua Antônio Pedro Schmitt    <br>   refer_2   Rua Adão Schmitt    <br>   bairro   Centro    <br>   coord_x   703325,28721    <br>   coord_y   7019857,59456    <br>   latitude   -26,928323    <br>   longitu   -48,95222]]></description>
        <styleUrl>#icon-1899-DB4436</styleUrl>
        <Point>
          <coordinates>
            -48.95222,-26.928323,0
          </coordinates>
        </Point>
      </Placemark>
      <Placemark>
        <name>13,65</name>
        <description><![CDATA[Rua Arnoldo Schramm    <br>       <br>   FID   241    <br>   sequencia   242    <br>   cota   13,65    <br>   refer_1   Rua Arnoldo Schramm    <br>   refer_2   236    <br>   bairro   Centro    <br>   coord_x   702767,550049    <br>   coord_y   7019426,10278    <br>   latitude   -26,932298    <br>   longitu   -48,957764]]></description>
        <styleUrl>#icon-1899-DB4436</styleUrl>
        <Point>
          <coordinates>
            -48.957764,-26.932298,0
          </coordinates>
        </Point>
      </Placemark>
      <Placemark>
        <name>9,07</name>
        <description><![CDATA[Rua Augusto Beduschi    <br>       <br>   FID   242    <br>   sequencia   243    <br>   cota   9,07    <br>   refer_1   Rua Augusto Beduschi    <br>   refer_2   259    <br>   bairro   Centro    <br>   coord_x   703180,089695    <br>   coord_y   7019559,36474    <br>   latitude   -26,931035    <br>   longitu   -48,953633]]></description>
        <styleUrl>#icon-1899-DB4436</styleUrl>
        <Point>
          <coordinates>
            -48.953633,-26.931035,0
          </coordinates>
        </Point>
      </Placemark>
      <Placemark>
        <name>9,361</name>
        <description><![CDATA[Rua Augusto Beduschi    <br>       <br>   FID   243    <br>   sequencia   244    <br>   cota   9,36    <br>   refer_1   Rua Augusto Beduschi    <br>   refer_2   Travessa Lídia Laguna da Silva    <br>   bairro   Centro    <br>   coord_x   703155,053098    <br>   coord_y   7019618,5993    <br>   latitude   -26,930505    <br>   longitu   -48,953894]]></description>
        <styleUrl>#icon-1899-DB4436</styleUrl>
        <Point>
          <coordinates>
            -48.953894,-26.930505,0
          </coordinates>
        </Point>
      </Placemark>
      <Placemark>
        <name>10,636</name>
        <description><![CDATA[Rua Augusto Beduschi    <br>       <br>   FID   244    <br>   sequencia   245    <br>   cota   10,64    <br>   refer_1   Rua Augusto Beduschi    <br>   refer_2   Travessa Carlos Wehmuth    <br>   bairro   Centro    <br>   coord_x   703080,013375    <br>   coord_y   7019800,87427    <br>   latitude   -26,928871    <br>   longitu   -48,954679]]></description>
        <styleUrl>#icon-1899-DB4436</styleUrl>
        <Point>
          <coordinates>
            -48.954679,-26.928871,0
          </coordinates>
        </Point>
      </Placemark>
      <Placemark>
        <name>10,756</name>
        <description><![CDATA[Rua Augusto Beduschi    <br>       <br>   FID   245    <br>   sequencia   246    <br>   cota   10,76    <br>   refer_1   Rua Augusto Beduschi    <br>   refer_2   Rua São José    <br>   bairro   Centro    <br>   coord_x   703111,372042    <br>   coord_y   7019706,39222    <br>   latitude   -26,929719    <br>   longitu   -48,954348]]></description>
        <styleUrl>#icon-1899-DB4436</styleUrl>
        <Point>
          <coordinates>
            -48.954348,-26.929719,0
          </coordinates>
        </Point>
      </Placemark>
      <Placemark>
        <name>7,071</name>
        <description><![CDATA[Rua Augusto Jacinto dos Santos    <br>       <br>   FID   246    <br>   sequencia   247    <br>   cota   7,07    <br>   refer_1   Rua Augusto Jacinto dos Santos    <br>   refer_2   23    <br>   bairro   Centro    <br>   coord_x   703175,315332    <br>   coord_y   7019285,30359    <br>   latitude   -26,933509    <br>   longitu   -48,953636]]></description>
        <styleUrl>#icon-1899-DB4436</styleUrl>
        <Point>
          <coordinates>
            -48.953636,-26.933509,0
          </coordinates>
        </Point>
      </Placemark>
      <Placemark>
        <name>8,455</name>
        <description><![CDATA[Rua Augusto Jacinto dos Santos    <br>       <br>   FID   247    <br>   sequencia   248    <br>   cota   8,46    <br>   refer_1   Rua Augusto Jacinto dos Santos    <br>   refer_2   70    <br>   bairro   Centro    <br>   coord_x   703180,834736    <br>   coord_y   7019260,71206    <br>   latitude   -26,93373    <br>   longitu   -48,953576]]></description>
        <styleUrl>#icon-1899-DB4436</styleUrl>
        <Point>
          <coordinates>
            -48.953576,-26.93373,0
          </coordinates>
        </Point>
      </Placemark>
      <Placemark>
        <name>13,65</name>
        <description><![CDATA[Rua Augusto Jacinto dos Santos    <br>       <br>   FID   248    <br>   sequencia   249    <br>   cota   13,65    <br>   refer_1   Rua Augusto Jacinto dos Santos    <br>   refer_2   95    <br>   bairro   Centro    <br>   coord_x   703190,090179    <br>   coord_y   7019233,23049    <br>   latitude   -26,933977    <br>   longitu   -48,953479]]></description>
        <styleUrl>#icon-1899-DB4436</styleUrl>
        <Point>
          <coordinates>
            -48.953479,-26.933977,0
          </coordinates>
        </Point>
      </Placemark>
      <Placemark>
        <name>10,498</name>
        <description><![CDATA[Rua Coronel Aristiliano Ramos    <br>       <br>   FID   249    <br>   sequencia   250    <br>   cota   10,50    <br>   refer_1   Rua Coronel Aristiliano Ramos    <br>   refer_2   105    <br>   bairro   Centro    <br>   coord_x   703246,29543    <br>   coord_y   7019927,09815    <br>   latitude   -26,927708    <br>   longitu   -48,953026]]></description>
        <styleUrl>#icon-1899-DB4436</styleUrl>
        <Point>
          <coordinates>
            -48.953026,-26.927708,0
          </coordinates>
        </Point>
      </Placemark>
      <Placemark>
        <name>10,731</name>
        <description><![CDATA[Rua Coronel Aristiliano Ramos    <br>       <br>   FID   250    <br>   sequencia   251    <br>   cota   10,73    <br>   refer_1   Rua Coronel Aristiliano Ramos    <br>   refer_2   315    <br>   bairro   Centro    <br>   coord_x   703052,602774    <br>   coord_y   7019847,03885    <br>   latitude   -26,928458    <br>   longitu   -48,954963]]></description>
        <styleUrl>#icon-1899-DB4436</styleUrl>
        <Point>
          <coordinates>
            -48.954963,-26.928458,0
          </coordinates>
        </Point>
      </Placemark>
      <Placemark>
        <name>10,765</name>
        <description><![CDATA[Rua Coronel Aristiliano Ramos    <br>       <br>   FID   251    <br>   sequencia   252    <br>   cota   10,77    <br>   refer_1   Rua Coronel Aristiliano Ramos    <br>   refer_2   136    <br>   bairro   Centro    <br>   coord_x   703164,759489    <br>   coord_y   7019883,14472    <br>   latitude   -26,928116    <br>   longitu   -48,95384]]></description>
        <styleUrl>#icon-1899-DB4436</styleUrl>
        <Point>
          <coordinates>
            -48.95384,-26.928116,0
          </coordinates>
        </Point>
      </Placemark>
      <Placemark>
        <name>10,81</name>
        <description><![CDATA[Rua Coronel Aristiliano Ramos    <br>       <br>   FID   252    <br>   sequencia   253    <br>   cota   10,81    <br>   refer_1   Rua Coronel Aristiliano Ramos    <br>   refer_2   249    <br>   bairro   Centro    <br>   coord_x   703101,845848    <br>   coord_y   7019861,06731    <br>   latitude   -26,928325    <br>   longitu   -48,954469]]></description>
        <styleUrl>#icon-1899-DB4436</styleUrl>
        <Point>
          <coordinates>
            -48.954469,-26.928325,0
          </coordinates>
        </Point>
      </Placemark>
      <Placemark>
        <name>11,332</name>
        <description><![CDATA[Rua Coronel Aristiliano Ramos    <br>       <br>   FID   253    <br>   sequencia   254    <br>   cota   11,33    <br>   refer_1   Rua Coronel Aristiliano Ramos    <br>   refer_2   778    <br>   bairro   Centro    <br>   coord_x   702640,866731    <br>   coord_y   7019697,1773    <br>   latitude   -26,929871    <br>   longitu   -48,959083]]></description>
        <styleUrl>#icon-1899-DB4436</styleUrl>
        <Point>
          <coordinates>
            -48.959083,-26.929871,0
          </coordinates>
        </Point>
      </Placemark>
      <Placemark>
        <name>11,39</name>
        <description><![CDATA[Rua Coronel Aristiliano Ramos    <br>       <br>   FID   254    <br>   sequencia   255    <br>   cota   11,39    <br>   refer_1   Rua Coronel Aristiliano Ramos    <br>   refer_2   Rua São Pedro    <br>   bairro   Centro    <br>   coord_x   702925,205538    <br>   coord_y   7019811,60558    <br>   latitude   -26,928797    <br>   longitu   -48,956239]]></description>
        <styleUrl>#icon-1899-DB4436</styleUrl>
        <Point>
          <coordinates>
            -48.956239,-26.928797,0
          </coordinates>
        </Point>
      </Placemark>
      <Placemark>
        <name>11,792</name>
        <description><![CDATA[Rua Coronel Aristiliano Ramos    <br>       <br>   FID   255    <br>   sequencia   256    <br>   cota   11,79    <br>   refer_1   Rua Coronel Aristiliano Ramos    <br>   refer_2   497    <br>   bairro   Centro    <br>   coord_x   702826,779126    <br>   coord_y   7019794,39139    <br>   latitude   -26,928966    <br>   longitu   -48,957227]]></description>
        <styleUrl>#icon-1899-DB4436</styleUrl>
        <Point>
          <coordinates>
            -48.957227,-26.928966,0
          </coordinates>
        </Point>
      </Placemark>
      <Placemark>
        <name>12,264</name>
        <description><![CDATA[Rua Coronel Aristiliano Ramos    <br>       <br>   FID   256    <br>   sequencia   257    <br>   cota   12,26    <br>   refer_1   Rua Coronel Aristiliano Ramos    <br>   refer_2   686    <br>   bairro   Centro    <br>   coord_x   702704,257023    <br>   coord_y   7019746,73111    <br>   latitude   -26,929414    <br>   longitu   -48,958453]]></description>
        <styleUrl>#icon-1899-DB4436</styleUrl>
        <Point>
          <coordinates>
            -48.958453,-26.929414,0
          </coordinates>
        </Point>
      </Placemark>
      <Placemark>
        <name>8,855</name>
        <description><![CDATA[Rua Doralício Garcia    <br>       <br>   FID   257    <br>   sequencia   258    <br>   cota   8,86    <br>   refer_1   Rua Doralício Garcia    <br>   refer_2   Rua Emma Reinert    <br>   bairro   Centro    <br>   coord_x   703253,972851    <br>   coord_y   7019308,68418    <br>   latitude   -26,933287    <br>   longitu   -48,952848]]></description>
        <styleUrl>#icon-1899-DB4436</styleUrl>
        <Point>
          <coordinates>
            -48.952848,-26.933287,0
          </coordinates>
        </Point>
      </Placemark>
      <Placemark>
        <name>9,312</name>
        <description><![CDATA[Rua Doralício Garcia    <br>       <br>   FID   258    <br>   sequencia   259    <br>   cota   9,31    <br>   refer_1   Rua Doralício Garcia    <br>   refer_2   130    <br>   bairro   Centro    <br>   coord_x   703258,140164    <br>   coord_y   7019639,94765    <br>   latitude   -26,930297    <br>   longitu   -48,95286]]></description>
        <styleUrl>#icon-1899-DB4436</styleUrl>
        <Point>
          <coordinates>
            -48.95286,-26.930297,0
          </coordinates>
        </Point>
      </Placemark>
      <Placemark>
        <name>9,71</name>
        <description><![CDATA[Rua Doralício Garcia    <br>       <br>   FID   259    <br>   sequencia   260    <br>   cota   9,71    <br>   refer_1   Rua Doralício Garcia    <br>   refer_2   633    <br>   bairro   Centro    <br>   coord_x   703251,958442    <br>   coord_y   7019203,97712    <br>   latitude   -26,934232    <br>   longitu   -48,952851]]></description>
        <styleUrl>#icon-1899-DB4436</styleUrl>
        <Point>
          <coordinates>
            -48.952851,-26.934232,0
          </coordinates>
        </Point>
      </Placemark>
      <Placemark>
        <name>11,015</name>
        <description><![CDATA[Rua Doralício Garcia    <br>       <br>   FID   260    <br>   sequencia   261    <br>   cota   11,02    <br>   refer_1   Rua Doralício Garcia    <br>   refer_2   Rua São João    <br>   bairro   Centro    <br>   coord_x   703234,30101    <br>   coord_y   7019088,17853    <br>   latitude   -26,935279    <br>   longitu   -48,95301]]></description>
        <styleUrl>#icon-1899-DB4436</styleUrl>
        <Point>
          <coordinates>
            -48.95301,-26.935279,0
          </coordinates>
        </Point>
      </Placemark>
      <Placemark>
        <name>11,083</name>
        <description><![CDATA[Rua Doralício Garcia    <br>       <br>   FID   261    <br>   sequencia   262    <br>   cota   11,08    <br>   refer_1   Rua Doralício Garcia    <br>   refer_2   Rua Fernando José Tonson    <br>   bairro   Centro    <br>   coord_x   703232,84146    <br>   coord_y   7019031,39289    <br>   latitude   -26,935792    <br>   longitu   -48,953016]]></description>
        <styleUrl>#icon-1899-DB4436</styleUrl>
        <Point>
          <coordinates>
            -48.953016,-26.935792,0
          </coordinates>
        </Point>
      </Placemark>
      <Placemark>
        <name>11,109</name>
        <description><![CDATA[Rua Doralício Garcia    <br>       <br>   FID   262    <br>   sequencia   263    <br>   cota   11,11    <br>   refer_1   Rua Doralício Garcia    <br>   refer_2   Rua Hermínio Fachini    <br>   bairro   Centro    <br>   coord_x   703251,092346    <br>   coord_y   7019499,49625    <br>   latitude   -26,931565    <br>   longitu   -48,952908]]></description>
        <styleUrl>#icon-1899-DB4436</styleUrl>
        <Point>
          <coordinates>
            -48.952908,-26.931565,0
          </coordinates>
        </Point>
      </Placemark>
      <Placemark>
        <name>11,923</name>
        <description><![CDATA[Rua Doralício Garcia    <br>       <br>   FID   263    <br>   sequencia   264    <br>   cota   11,92    <br>   refer_1   Rua Doralício Garcia    <br>   refer_2   400    <br>   bairro   Centro    <br>   coord_x   703253,518087    <br>   coord_y   7019368,98394    <br>   latitude   -26,932743    <br>   longitu   -48,952862]]></description>
        <styleUrl>#icon-1899-DB4436</styleUrl>
        <Point>
          <coordinates>
            -48.952862,-26.932743,0
          </coordinates>
        </Point>
      </Placemark>
      <Placemark>
        <name>12,604</name>
        <description><![CDATA[Rua Doralício Garcia    <br>       <br>   FID   264    <br>   sequencia   265    <br>   cota   12,60    <br>   refer_1   Rua Doralício Garcia    <br>   refer_2   777    <br>   bairro   Centro    <br>   coord_x   703231,246847    <br>   coord_y   7018935,53866    <br>   latitude   -26,936657    <br>   longitu   -48,953016]]></description>
        <styleUrl>#icon-1899-DB4436</styleUrl>
        <Point>
          <coordinates>
            -48.953016,-26.936657,0
          </coordinates>
        </Point>
      </Placemark>
      <Placemark>
        <name>13,112</name>
        <description><![CDATA[Rua Doralício Garcia    <br>       <br>   FID   265    <br>   sequencia   266    <br>   cota   13,11    <br>   refer_1   Rua Doralício Garcia    <br>   refer_2   Rua Alberto Serafim Schmitt    <br>   bairro   Centro    <br>   coord_x   703244,348594    <br>   coord_y   7019480,18799    <br>   latitude   -26,93174    <br>   longitu   -48,952973]]></description>
        <styleUrl>#icon-1899-DB4436</styleUrl>
        <Point>
          <coordinates>
            -48.952973,-26.93174,0
          </coordinates>
        </Point>
      </Placemark>
      <Placemark>
        <name>14,17</name>
        <description><![CDATA[Rua Doralício Garcia    <br>       <br>   FID   266    <br>   sequencia   267    <br>   cota   14,17    <br>   refer_1   Rua Doralício Garcia    <br>   refer_2   305    <br>   bairro   Centro    <br>   coord_x   703248,917321    <br>   coord_y   7019449,09714    <br>   latitude   -26,93202    <br>   longitu   -48,952922]]></description>
        <styleUrl>#icon-1899-DB4436</styleUrl>
        <Point>
          <coordinates>
            -48.952922,-26.93202,0
          </coordinates>
        </Point>
      </Placemark>
      <Placemark>
        <name>8,051</name>
        <description><![CDATA[Rua Duque de Caxias    <br>       <br>   FID   267    <br>   sequencia   268    <br>   cota   8,05    <br>   refer_1   Rua Duque de Caxias    <br>   refer_2   46    <br>   bairro   Centro    <br>   coord_x   703108,683912    <br>   coord_y   7019510,02066    <br>   latitude   -26,931491    <br>   longitu   -48,954343]]></description>
        <styleUrl>#icon-1899-DB4436</styleUrl>
        <Point>
          <coordinates>
            -48.954343,-26.931491,0
          </coordinates>
        </Point>
      </Placemark>
      <Placemark>
        <name>8,587</name>
        <description><![CDATA[Rua Duque de Caxias    <br>       <br>   FID   268    <br>   sequencia   269    <br>   cota   8,59    <br>   refer_1   Rua Duque de Caxias    <br>   refer_2   Rua Augusto Beduschi    <br>   bairro   Centro    <br>   coord_x   703185,118664    <br>   coord_y   7019547,3256    <br>   latitude   -26,931143    <br>   longitu   -48,95358]]></description>
        <styleUrl>#icon-1899-DB4436</styleUrl>
        <Point>
          <coordinates>
            -48.95358,-26.931143,0
          </coordinates>
        </Point>
      </Placemark>
      <Placemark>
        <name>8,695</name>
        <description><![CDATA[Rua Duque de Caxias    <br>       <br>   FID   269    <br>   sequencia   270    <br>   cota   8,70    <br>   refer_1   Rua Duque de Caxias    <br>   refer_2   Rua Isidoro Correa    <br>   bairro   Centro    <br>   coord_x   703215,854407    <br>   coord_y   7019563,00763    <br>   latitude   -26,930997    <br>   longitu   -48,953273]]></description>
        <styleUrl>#icon-1899-DB4436</styleUrl>
        <Point>
          <coordinates>
            -48.953273,-26.930997,0
          </coordinates>
        </Point>
      </Placemark>
      <Placemark>
        <name>9,066</name>
        <description><![CDATA[Rua Duque de Caxias    <br>       <br>   FID   270    <br>   sequencia   271    <br>   cota   9,07    <br>   refer_1   Rua Duque de Caxias    <br>   refer_2   Rua Doralício Garcia    <br>   bairro   Centro    <br>   coord_x   703254,608162    <br>   coord_y   7019578,13404    <br>   latitude   -26,930855    <br>   longitu   -48,952886]]></description>
        <styleUrl>#icon-1899-DB4436</styleUrl>
        <Point>
          <coordinates>
            -48.952886,-26.930855,0
          </coordinates>
        </Point>
      </Placemark>
      <Placemark>
        <name>9,959</name>
        <description><![CDATA[Rua Duque de Caxias    <br>       <br>   FID   271    <br>   sequencia   272    <br>   cota   9,96    <br>   refer_1   Rua Duque de Caxias    <br>   refer_2   225    <br>   bairro   Centro    <br>   coord_x   703326,118709    <br>   coord_y   7019602,5707    <br>   latitude   -26,930624    <br>   longitu   -48,95217]]></description>
        <styleUrl>#icon-1899-DB4436</styleUrl>
        <Point>
          <coordinates>
            -48.95217,-26.930624,0
          </coordinates>
        </Point>
      </Placemark>
      <Placemark>
        <name>7,528</name>
        <description><![CDATA[Rua Emma Reinert    <br>       <br>   FID   272    <br>   sequencia   273    <br>   cota   7,53    <br>   refer_1   Rua Emma Reinert    <br>   refer_2   Rua Augusto Jacinto dos Santos    <br>   bairro   Centro    <br>   coord_x   703186,893302    <br>   coord_y   7019329,08006    <br>   latitude   -26,933112    <br>   longitu   -48,953527]]></description>
        <styleUrl>#icon-1899-DB4436</styleUrl>
        <Point>
          <coordinates>
            -48.953527,-26.933112,0
          </coordinates>
        </Point>
      </Placemark>
      <Placemark>
        <name>8,217</name>
        <description><![CDATA[Rua Emma Reinert    <br>       <br>   FID   273    <br>   sequencia   274    <br>   cota   8,22    <br>   refer_1   Rua Emma Reinert    <br>   refer_2   Rua Paulo Baldo    <br>   bairro   Centro    <br>   coord_x   703227,155889    <br>   coord_y   7019322,25307    <br>   latitude   -26,933168    <br>   longitu   -48,95312]]></description>
        <styleUrl>#icon-1899-DB4436</styleUrl>
        <Point>
          <coordinates>
            -48.95312,-26.933168,0
          </coordinates>
        </Point>
      </Placemark>
      <Placemark>
        <name>9,418</name>
        <description><![CDATA[Rua Emma Reinert    <br>       <br>   FID   274    <br>   sequencia   275    <br>   cota   9,42    <br>   refer_1   Rua Emma Reinert    <br>   refer_2   93    <br>   bairro   Centro    <br>   coord_x   703142,594376    <br>   coord_y   7019343,7311    <br>   latitude   -26,932987    <br>   longitu   -48,953975]]></description>
        <styleUrl>#icon-1899-DB4436</styleUrl>
        <Point>
          <coordinates>
            -48.953975,-26.932987,0
          </coordinates>
        </Point>
      </Placemark>
      <Placemark>
        <name>10,603</name>
        <description><![CDATA[Rua Eurico Fontes    <br>       <br>   FID   275    <br>   sequencia   276    <br>   cota   10,60    <br>   refer_1   Rua Eurico Fontes    <br>   refer_2   46    <br>   bairro   Centro    <br>   coord_x   703223,129122    <br>   coord_y   7019838,11001    <br>   latitude   -26,928514    <br>   longitu   -48,953245]]></description>
        <styleUrl>#icon-1899-DB4436</styleUrl>
        <Point>
          <coordinates>
            -48.953245,-26.928514,0
          </coordinates>
        </Point>
      </Placemark>
      <Placemark>
        <name>12,604</name>
        <description><![CDATA[Rua Fernando José Tonson    <br>       <br>   FID   276    <br>   sequencia   277    <br>   cota   12,60    <br>   refer_1   Rua Fernando José Tonson    <br>   refer_2   26    <br>   bairro   Centro    <br>   coord_x   703204,960226    <br>   coord_y   7019028,83527    <br>   latitude   -26,935819    <br>   longitu   -48,953296]]></description>
        <styleUrl>#icon-1899-DB4436</styleUrl>
        <Point>
          <coordinates>
            -48.953296,-26.935819,0
          </coordinates>
        </Point>
      </Placemark>
      <Placemark>
        <name>13,65</name>
        <description><![CDATA[Rua Fernando José Tonson    <br>       <br>   FID   277    <br>   sequencia   278    <br>   cota   13,65    <br>   refer_1   Rua Fernando José Tonson    <br>   refer_2   Final de rua    <br>   bairro   Centro    <br>   coord_x   703151,369378    <br>   coord_y   7019039,38439    <br>   latitude   -26,935731    <br>   longitu   -48,953837]]></description>
        <styleUrl>#icon-1899-DB4436</styleUrl>
        <Point>
          <coordinates>
            -48.953837,-26.935731,0
          </coordinates>
        </Point>
      </Placemark>
      <Placemark>
        <name>7,037</name>
        <description><![CDATA[Rua Francisco Laguna    <br>       <br>   FID   278    <br>   sequencia   279    <br>   cota   7,04    <br>   refer_1   Rua Francisco Laguna    <br>   refer_2   55    <br>   bairro   Centro    <br>   coord_x   703120,249933    <br>   coord_y   7019331,2556    <br>   latitude   -26,933102    <br>   longitu   -48,954198]]></description>
        <styleUrl>#icon-1899-DB4436</styleUrl>
        <Point>
          <coordinates>
            -48.954198,-26.933102,0
          </coordinates>
        </Point>
      </Placemark>
      <Placemark>
        <name>9,152</name>
        <description><![CDATA[Rua Frei Solano    <br>       <br>   FID   279    <br>   sequencia   280    <br>   cota   9,15    <br>   refer_1   Rua Frei Solano    <br>   refer_2   Rua Arnoldo Schramm    <br>   bairro   Centro    <br>   coord_x   702593,06929    <br>   coord_y   7019496,75011    <br>   latitude   -26,931686    <br>   longitu   -48,959532]]></description>
        <styleUrl>#icon-1899-DB4436</styleUrl>
        <Point>
          <coordinates>
            -48.959532,-26.931686,0
          </coordinates>
        </Point>
      </Placemark>
      <Placemark>
        <name>11,629</name>
        <description><![CDATA[Rua Frei Solano    <br>       <br>   FID   280    <br>   sequencia   281    <br>   cota   11,63    <br>   refer_1   Rua Frei Solano    <br>   refer_2   170    <br>   bairro   Centro    <br>   coord_x   702517,890077    <br>   coord_y   7019482,12334    <br>   latitude   -26,931829    <br>   longitu   -48,960286]]></description>
        <styleUrl>#icon-1899-DB4436</styleUrl>
        <Point>
          <coordinates>
            -48.960286,-26.931829,0
          </coordinates>
        </Point>
      </Placemark>
      <Placemark>
        <name>13,45</name>
        <description><![CDATA[Rua Hermínio Fachini    <br>       <br>   FID   281    <br>   sequencia   282    <br>   cota   13,45    <br>   refer_1   Rua Hermínio Fachini    <br>   refer_2   Rua Anselmo Paschoal da Silva    <br>   bairro   Centro    <br>   coord_x   703310,104597    <br>   coord_y   7019498,9209    <br>   latitude   -26,931562    <br>   longitu   -48,952314]]></description>
        <styleUrl>#icon-1899-DB4436</styleUrl>
        <Point>
          <coordinates>
            -48.952314,-26.931562,0
          </coordinates>
        </Point>
      </Placemark>
      <Placemark>
        <name>9,527</name>
        <description><![CDATA[Rua Industrial José Beduschi    <br>       <br>   FID   282    <br>   sequencia   283    <br>   cota   9,53    <br>   refer_1   Rua Industrial José Beduschi    <br>   refer_2   Rua São José    <br>   bairro   Centro    <br>   coord_x   703431,909039    <br>   coord_y   7019827,43715    <br>   latitude   -26,92858    <br>   longitu   -48,951141]]></description>
        <styleUrl>#icon-1899-DB4436</styleUrl>
        <Point>
          <coordinates>
            -48.951141,-26.92858,0
          </coordinates>
        </Point>
      </Placemark>
      <Placemark>
        <name>9,727</name>
        <description><![CDATA[Rua Industrial José Beduschi    <br>       <br>   FID   283    <br>   sequencia   284    <br>   cota   9,73    <br>   refer_1   Rua Industrial José Beduschi    <br>   refer_2   Rua Antônio Pedro Schmitt    <br>   bairro   Centro    <br>   coord_x   703370,022675    <br>   coord_y   7019891,65973    <br>   latitude   -26,928009    <br>   longitu   -48,951775]]></description>
        <styleUrl>#icon-1899-DB4436</styleUrl>
        <Point>
          <coordinates>
            -48.951775,-26.928009,0
          </coordinates>
        </Point>
      </Placemark>
      <Placemark>
        <name>10,477</name>
        <description><![CDATA[Rua Industrial José Beduschi    <br>       <br>   FID   284    <br>   sequencia   285    <br>   cota   10,48    <br>   refer_1   Rua Industrial José Beduschi    <br>   refer_2   Rua Itajaí    <br>   bairro   Centro    <br>   coord_x   703308,11573    <br>   coord_y   7019973,4935    <br>   latitude   -26,92728    <br>   longitu   -48,952411]]></description>
        <styleUrl>#icon-1899-DB4436</styleUrl>
        <Point>
          <coordinates>
            -48.952411,-26.92728,0
          </coordinates>
        </Point>
      </Placemark>
      <Placemark>
        <name>10,487</name>
        <description><![CDATA[Rua Industrial José Beduschi    <br>       <br>   FID   285    <br>   sequencia   286    <br>   cota   10,49    <br>   refer_1   Rua Industrial José Beduschi    <br>   refer_2   Rua Coronel Aristiliano Ramos    <br>   bairro   Centro    <br>   coord_x   703304,563142    <br>   coord_y   7019957,25918    <br>   latitude   -26,927427    <br>   longitu   -48,952444]]></description>
        <styleUrl>#icon-1899-DB4436</styleUrl>
        <Point>
          <coordinates>
            -48.952444,-26.927427,0
          </coordinates>
        </Point>
      </Placemark>
      <Placemark>
        <name>11,005</name>
        <description><![CDATA[Rua Irmãos Krauss    <br>       <br>   FID   286    <br>   sequencia   287    <br>   cota   11,01    <br>   refer_1   Rua Irmãos Krauss    <br>   refer_2   50    <br>   bairro   Centro    <br>   coord_x   703165,428208    <br>   coord_y   7019807,4601    <br>   latitude   -26,928799    <br>   longitu   -48,953821]]></description>
        <styleUrl>#icon-1899-DB4436</styleUrl>
        <Point>
          <coordinates>
            -48.953821,-26.928799,0
          </coordinates>
        </Point>
      </Placemark>
      <Placemark>
        <name>9,8</name>
        <description><![CDATA[Rua Isidoro Correa    <br>       <br>   FID   287    <br>   sequencia   288    <br>   cota   9,80    <br>   refer_1   Rua Isidoro Correa    <br>   refer_2   47    <br>   bairro   Centro    <br>   coord_x   703218,508315    <br>   coord_y   7019676,5156    <br>   latitude   -26,929973    <br>   longitu   -48,953265]]></description>
        <styleUrl>#icon-1899-DB4436</styleUrl>
        <Point>
          <coordinates>
            -48.953265,-26.929973,0
          </coordinates>
        </Point>
      </Placemark>
      <Placemark>
        <name>10,208</name>
        <description><![CDATA[Rua José Vanzuiten    <br>       <br>   FID   288    <br>   sequencia   289    <br>   cota   10,21    <br>   refer_1   Rua José Vanzuiten    <br>   refer_2   100    <br>   bairro   Centro    <br>   coord_x   702928,139092    <br>   coord_y   7019379,16536    <br>   latitude   -26,932698    <br>   longitu   -48,95614]]></description>
        <styleUrl>#icon-1899-DB4436</styleUrl>
        <Point>
          <coordinates>
            -48.95614,-26.932698,0
          </coordinates>
        </Point>
      </Placemark>
      <Placemark>
        <name>13,249</name>
        <description><![CDATA[Rua José Vanzuiten    <br>       <br>   FID   289    <br>   sequencia   290    <br>   cota   13,25    <br>   refer_1   Rua José Vanzuiten    <br>   refer_2   197    <br>   bairro   Centro    <br>   coord_x   702917,390202    <br>   coord_y   7019276,59037    <br>   latitude   -26,933625    <br>   longitu   -48,956231]]></description>
        <styleUrl>#icon-1899-DB4436</styleUrl>
        <Point>
          <coordinates>
            -48.956231,-26.933625,0
          </coordinates>
        </Point>
      </Placemark>
      <Placemark>
        <name>13,65</name>
        <description><![CDATA[Rua José Vanzuiten    <br>       <br>   FID   290    <br>   sequencia   291    <br>   cota   13,65    <br>   refer_1   Rua José Vanzuiten    <br>   refer_2   203    <br>   bairro   Centro    <br>   coord_x   702915,612758    <br>   coord_y   7019255,14034    <br>   latitude   -26,933819    <br>   longitu   -48,956245]]></description>
        <styleUrl>#icon-1899-DB4436</styleUrl>
        <Point>
          <coordinates>
            -48.956245,-26.933819,0
          </coordinates>
        </Point>
      </Placemark>
      <Placemark>
        <name>10,226</name>
        <description><![CDATA[Rua Mário Vanzuíta    <br>       <br>   FID   291    <br>   sequencia   292    <br>   cota   10,23    <br>   refer_1   Rua Mário Vanzuíta    <br>   refer_2   15    <br>   bairro   Centro    <br>   coord_x   702626,978366    <br>   coord_y   7019577,00883    <br>   latitude   -26,930957    <br>   longitu   -48,959203]]></description>
        <styleUrl>#icon-1899-DB4436</styleUrl>
        <Point>
          <coordinates>
            -48.959203,-26.930957,0
          </coordinates>
        </Point>
      </Placemark>
      <Placemark>
        <name>8,432</name>
        <description><![CDATA[Rua Paulo Baldo    <br>       <br>   FID   292    <br>   sequencia   293    <br>   cota   8,43    <br>   refer_1   Rua Paulo Baldo    <br>   refer_2   Final de rua    <br>   bairro   Centro    <br>   coord_x   703233,441167    <br>   coord_y   7019366,02113    <br>   latitude   -26,932772    <br>   longitu   -48,953064]]></description>
        <styleUrl>#icon-1899-DB4436</styleUrl>
        <Point>
          <coordinates>
            -48.953064,-26.932772,0
          </coordinates>
        </Point>
      </Placemark>
      <Placemark>
        <name>13,65</name>
        <description><![CDATA[Rua São João    <br>       <br>   FID   293    <br>   sequencia   294    <br>   cota   13,65    <br>   refer_1   Rua São João    <br>   refer_2   720    <br>   bairro   Centro    <br>   coord_x   703215,39065    <br>   coord_y   7019101,52341    <br>   latitude   -26,935161    <br>   longitu   -48,953203]]></description>
        <styleUrl>#icon-1899-DB4436</styleUrl>
        <Point>
          <coordinates>
            -48.953203,-26.935161,0
          </coordinates>
        </Point>
      </Placemark>
      <Placemark>
        <name>10,595</name>
        <description><![CDATA[Rua São José    <br>       <br>   FID   294    <br>   sequencia   295    <br>   cota   10,60    <br>   refer_1   Rua São José    <br>   refer_2   Rua Doralício Garcia    <br>   bairro   Centro    <br>   coord_x   703269,362385    <br>   coord_y   7019769,65493    <br>   latitude   -26,929125    <br>   longitu   -48,952768]]></description>
        <styleUrl>#icon-1899-DB4436</styleUrl>
        <Point>
          <coordinates>
            -48.952768,-26.929125,0
          </coordinates>
        </Point>
      </Placemark>
      <Placemark>
        <name>10,633</name>
        <description><![CDATA[Rua São José    <br>       <br>   FID   295    <br>   sequencia   296    <br>   cota   10,63    <br>   refer_1   Rua São José    <br>   refer_2   Rua Eurico Fontes    <br>   bairro   Centro    <br>   coord_x   703250,701903    <br>   coord_y   7019770,37235    <br>   latitude   -26,929121    <br>   longitu   -48,952956]]></description>
        <styleUrl>#icon-1899-DB4436</styleUrl>
        <Point>
          <coordinates>
            -48.952956,-26.929121,0
          </coordinates>
        </Point>
      </Placemark>
      <Placemark>
        <name>10,639</name>
        <description><![CDATA[Rua São José    <br>       <br>   FID   296    <br>   sequencia   297    <br>   cota   10,64    <br>   refer_1   Rua São José    <br>   refer_2   Rua Isidoro Correa    <br>   bairro   Centro    <br>   coord_x   703196,59059    <br>   coord_y   7019738,22907    <br>   latitude   -26,929419    <br>   longitu   -48,953496]]></description>
        <styleUrl>#icon-1899-DB4436</styleUrl>
        <Point>
          <coordinates>
            -48.953496,-26.929419,0
          </coordinates>
        </Point>
      </Placemark>
      <Placemark>
        <name>10,64</name>
        <description><![CDATA[Rua São José    <br>       <br>   FID   297    <br>   sequencia   298    <br>   cota   10,64    <br>   refer_1   Rua São José    <br>   refer_2   Rua Irmãos Krauss    <br>   bairro   Centro    <br>   coord_x   703185,66311    <br>   coord_y   7019745,51844    <br>   latitude   -26,929355    <br>   longitu   -48,953607]]></description>
        <styleUrl>#icon-1899-DB4436</styleUrl>
        <Point>
          <coordinates>
            -48.953607,-26.929355,0
          </coordinates>
        </Point>
      </Placemark>
      <Placemark>
        <name>10,673</name>
        <description><![CDATA[Rua São José    <br>       <br>   FID   298    <br>   sequencia   299    <br>   cota   10,67    <br>   refer_1   Rua São José    <br>   refer_2   30    <br>   bairro   Centro    <br>   coord_x   703029,615332    <br>   coord_y   7019675,45729    <br>   latitude   -26,93001    <br>   longitu   -48,955166]]></description>
        <styleUrl>#icon-1899-DB4436</styleUrl>
        <Point>
          <coordinates>
            -48.955166,-26.93001,0
          </coordinates>
        </Point>
      </Placemark>
      <Placemark>
        <name>11,085</name>
        <description><![CDATA[Rua São José    <br>       <br>   FID   299    <br>   sequencia   300    <br>   cota   11,09    <br>   refer_1   Rua São José    <br>   refer_2   360    <br>   bairro   Centro    <br>   coord_x   703331,798814    <br>   coord_y   7019788,46091    <br>   latitude   -26,928946    <br>   longitu   -48,952143]]></description>
        <styleUrl>#icon-1899-DB4436</styleUrl>
        <Point>
          <coordinates>
            -48.952143,-26.928946,0
          </coordinates>
        </Point>
      </Placemark>
      <Placemark>
        <name>9,028</name>
        <description><![CDATA[Rua São Pedro    <br>       <br>   FID   300    <br>   sequencia   301    <br>   cota   9,03    <br>   refer_1   Rua São Pedro    <br>   refer_2   231    <br>   bairro   Centro    <br>   coord_x   703010,873003    <br>   coord_y   7019576,73832    <br>   latitude   -26,930903    <br>   longitu   -48,955339]]></description>
        <styleUrl>#icon-1899-DB4436</styleUrl>
        <Point>
          <coordinates>
            -48.955339,-26.930903,0
          </coordinates>
        </Point>
      </Placemark>
      <Placemark>
        <name>10,86</name>
        <description><![CDATA[Rua São Pedro    <br>       <br>   FID   301    <br>   sequencia   302    <br>   cota   10,86    <br>   refer_1   Rua São Pedro    <br>   refer_2   Rua São José    <br>   bairro   Centro    <br>   coord_x   702988,611485    <br>   coord_y   7019659,88485    <br>   latitude   -26,930156    <br>   longitu   -48,955576]]></description>
        <styleUrl>#icon-1899-DB4436</styleUrl>
        <Point>
          <coordinates>
            -48.955576,-26.930156,0
          </coordinates>
        </Point>
      </Placemark>
      <Placemark>
        <name>11,15</name>
        <description><![CDATA[Rua São Pedro    <br>       <br>   FID   302    <br>   sequencia   303    <br>   cota   11,15    <br>   refer_1   Rua São Pedro    <br>   refer_2   125    <br>   bairro   Centro    <br>   coord_x   702965,72186    <br>   coord_y   7019705,68354    <br>   latitude   -26,929747    <br>   longitu   -48,955814]]></description>
        <styleUrl>#icon-1899-DB4436</styleUrl>
        <Point>
          <coordinates>
            -48.955814,-26.929747,0
          </coordinates>
        </Point>
      </Placemark>
      <Placemark>
        <name>11,237</name>
        <description><![CDATA[Rua São Pedro    <br>       <br>   FID   303    <br>   sequencia   304    <br>   cota   11,24    <br>   refer_1   Rua São Pedro    <br>   refer_2   Travessa Carlos Wehmuth    <br>   bairro   Centro    <br>   coord_x   702954,140182    <br>   coord_y   7019746,59178    <br>   latitude   -26,929379    <br>   longitu   -48,955938]]></description>
        <styleUrl>#icon-1899-DB4436</styleUrl>
        <Point>
          <coordinates>
            -48.955938,-26.929379,0
          </coordinates>
        </Point>
      </Placemark>
      <Placemark>
        <name>10,21</name>
        <description><![CDATA[Travessa Carlos Wehmuth    <br>       <br>   FID   304    <br>   sequencia   305    <br>   cota   10,21    <br>   refer_1   Travessa Carlos Wehmuth    <br>   refer_2   55    <br>   bairro   Centro    <br>   coord_x   703017,72745    <br>   coord_y   7019768,85286    <br>   latitude   -26,929169    <br>   longitu   -48,955301]]></description>
        <styleUrl>#icon-1899-DB4436</styleUrl>
        <Point>
          <coordinates>
            -48.955301,-26.929169,0
          </coordinates>
        </Point>
      </Placemark>
      <Placemark>
        <name>9,07</name>
        <description><![CDATA[Beco Inês Baron    <br>       <br>   FID   305    <br>   sequencia   306    <br>   cota   9,07    <br>   refer_1   Beco Inês Baron    <br>   refer_2   68    <br>   bairro   Coloninha    <br>   coord_x   701308,048118    <br>   coord_y   7020513,52017    <br>   latitude   -26,922698    <br>   longitu   -48,972632]]></description>
        <styleUrl>#icon-1899-DB4436</styleUrl>
        <Point>
          <coordinates>
            -48.972632,-26.922698,0
          </coordinates>
        </Point>
      </Placemark>
      <Placemark>
        <name>10,529</name>
        <description><![CDATA[Beco Inês Baron    <br>       <br>   FID   306    <br>   sequencia   307    <br>   cota   10,53    <br>   refer_1   Beco Inês Baron    <br>   refer_2   22    <br>   bairro   Coloninha    <br>   coord_x   701446,500206    <br>   coord_y   7020619,51741    <br>   latitude   -26,921722    <br>   longitu   -48,971255]]></description>
        <styleUrl>#icon-1899-DB4436</styleUrl>
        <Point>
          <coordinates>
            -48.971255,-26.921722,0
          </coordinates>
        </Point>
      </Placemark>
      <Placemark>
        <name>10,876</name>
        <description><![CDATA[Beco Inês Baron    <br>       <br>   FID   307    <br>   sequencia   308    <br>   cota   10,88    <br>   refer_1   Beco Inês Baron    <br>   refer_2   Rua Imbituba    <br>   bairro   Coloninha    <br>   coord_x   701277,359538    <br>   coord_y   7020480,27926    <br>   latitude   -26,923003    <br>   longitu   -48,972935]]></description>
        <styleUrl>#icon-1899-DB4436</styleUrl>
        <Point>
          <coordinates>
            -48.972935,-26.923003,0
          </coordinates>
        </Point>
      </Placemark>
      <Placemark>
        <name>11,956</name>
        <description><![CDATA[Beco Inês Baron    <br>       <br>   FID   308    <br>   sequencia   309    <br>   cota   11,96    <br>   refer_1   Beco Inês Baron    <br>   refer_2   Rua Paulo Evaldo Gaertner    <br>   bairro   Coloninha    <br>   coord_x   701406,568082    <br>   coord_y   7020576,64885    <br>   latitude   -26,922114    <br>   longitu   -48,97165]]></description>
        <styleUrl>#icon-1899-DB4436</styleUrl>
        <Point>
          <coordinates>
            -48.97165,-26.922114,0
          </coordinates>
        </Point>
      </Placemark>
      <Placemark>
        <name>13,65</name>
        <description><![CDATA[Beco Inês Baron    <br>       <br>   FID   309    <br>   sequencia   310    <br>   cota   13,65    <br>   refer_1   Beco Inês Baron    <br>   refer_2   97    <br>   bairro   Coloninha    <br>   coord_x   701242,920187    <br>   coord_y   7020454,98303    <br>   latitude   -26,923236    <br>   longitu   -48,973278]]></description>
        <styleUrl>#icon-1899-DB4436</styleUrl>
        <Point>
          <coordinates>
            -48.973278,-26.923236,0
          </coordinates>
        </Point>
      </Placemark>
      <Placemark>
        <name>8,082</name>
        <description><![CDATA[Rua 21 de Junho    <br>       <br>   FID   310    <br>   sequencia   311    <br>   cota   8,08    <br>   refer_1   Rua 21 de Junho    <br>   refer_2   57    <br>   bairro   Coloninha    <br>   coord_x   701794,589157    <br>   coord_y   7019414,7512    <br>   latitude   -26,932542    <br>   longitu   -48,967556]]></description>
        <styleUrl>#icon-1899-DB4436</styleUrl>
        <Point>
          <coordinates>
            -48.967556,-26.932542,0
          </coordinates>
        </Point>
      </Placemark>
      <Placemark>
        <name>8,137</name>
        <description><![CDATA[Rua 21 de Junho    <br>       <br>   FID   311    <br>   sequencia   312    <br>   cota   8,14    <br>   refer_1   Rua 21 de Junho    <br>   refer_2   109    <br>   bairro   Coloninha    <br>   coord_x   701728,364355    <br>   coord_y   7019470,06    <br>   latitude   -26,932052    <br>   longitu   -48,968232]]></description>
        <styleUrl>#icon-1899-DB4436</styleUrl>
        <Point>
          <coordinates>
            -48.968232,-26.932052,0
          </coordinates>
        </Point>
      </Placemark>
      <Placemark>
        <name>8,392</name>
        <description><![CDATA[Rua 21 de Junho    <br>       <br>   FID   312    <br>   sequencia   313    <br>   cota   8,39    <br>   refer_1   Rua 21 de Junho    <br>   refer_2   88    <br>   bairro   Coloninha    <br>   coord_x   701757,902674    <br>   coord_y   7019449,81664    <br>   latitude   -26,932231    <br>   longitu   -48,967931]]></description>
        <styleUrl>#icon-1899-DB4436</styleUrl>
        <Point>
          <coordinates>
            -48.967931,-26.932231,0
          </coordinates>
        </Point>
      </Placemark>
      <Placemark>
        <name>10,15</name>
        <description><![CDATA[Rua 21 de Junho    <br>       <br>   FID   313    <br>   sequencia   314    <br>   cota   10,15    <br>   refer_1   Rua 21 de Junho    <br>   refer_2   Final de rua    <br>   bairro   Coloninha    <br>   coord_x   701682,121856    <br>   coord_y   7019514,0142    <br>   latitude   -26,931663    <br>   longitu   -48,968705]]></description>
        <styleUrl>#icon-1899-DB4436</styleUrl>
        <Point>
          <coordinates>
            -48.968705,-26.931663,0
          </coordinates>
        </Point>
      </Placemark>
      <Placemark>
        <name>10,114</name>
        <description><![CDATA[Rua Adelina Schramm    <br>       <br>   FID   314    <br>   sequencia   315    <br>   cota   10,11    <br>   refer_1   Rua Adelina Schramm    <br>   refer_2   25    <br>   bairro   Coloninha    <br>   coord_x   701752,260902    <br>   coord_y   7019213,49848    <br>   latitude   -26,934364    <br>   longitu   -48,96795]]></description>
        <styleUrl>#icon-1899-DB4436</styleUrl>
        <Point>
          <coordinates>
            -48.96795,-26.934364,0
          </coordinates>
        </Point>
      </Placemark>
      <Placemark>
        <name>7,605</name>
        <description><![CDATA[Rua Alfonso Eberhardt    <br>       <br>   FID   315    <br>   sequencia   316    <br>   cota   7,61    <br>   refer_1   Rua Alfonso Eberhardt    <br>   refer_2   Início da rua    <br>   bairro   Coloninha    <br>   coord_x   701838,91257    <br>   coord_y   7019952,29406    <br>   latitude   -26,927685    <br>   longitu   -48,967197]]></description>
        <styleUrl>#icon-1899-DB4436</styleUrl>
        <Point>
          <coordinates>
            -48.967197,-26.927685,0
          </coordinates>
        </Point>
      </Placemark>
      <Placemark>
        <name>7,627</name>
        <description><![CDATA[Rua Alfonso Eberhardt    <br>       <br>   FID   316    <br>   sequencia   317    <br>   cota   7,63    <br>   refer_1   Rua Alfonso Eberhardt    <br>   refer_2   51    <br>   bairro   Coloninha    <br>   coord_x   701882,109695    <br>   coord_y   7019915,53647    <br>   latitude   -26,928011    <br>   longitu   -48,966756]]></description>
        <styleUrl>#icon-1899-DB4436</styleUrl>
        <Point>
          <coordinates>
            -48.966756,-26.928011,0
          </coordinates>
        </Point>
      </Placemark>
      <Placemark>
        <name>6,824</name>
        <description><![CDATA[Rua Alício Hugo Hostins    <br>       <br>   FID   317    <br>   sequencia   318    <br>   cota   6,82    <br>   refer_1   Rua Alício Hugo Hostins    <br>   refer_2   Final de rua    <br>   bairro   Coloninha    <br>   coord_x   701255,968296    <br>   coord_y   7019657,43017    <br>   latitude   -26,93043    <br>   longitu   -48,973018]]></description>
        <styleUrl>#icon-1899-DB4436</styleUrl>
        <Point>
          <coordinates>
            -48.973018,-26.93043,0
          </coordinates>
        </Point>
      </Placemark>
      <Placemark>
        <name>9,137</name>
        <description><![CDATA[Rua Aloisio Estefano Beiler    <br>       <br>   FID   318    <br>   sequencia   319    <br>   cota   9,14    <br>   refer_1   Rua Aloisio Estefano Beiler    <br>   refer_2   Final de rua    <br>   bairro   Coloninha    <br>   coord_x   702150,898923    <br>   coord_y   7019450,57196    <br>   latitude   -26,932167    <br>   longitu   -48,963975]]></description>
        <styleUrl>#icon-1899-DB4436</styleUrl>
        <Point>
          <coordinates>
            -48.963975,-26.932167,0
          </coordinates>
        </Point>
      </Placemark>
      <Placemark>
        <name>9,201</name>
        <description><![CDATA[Rua Aloisio Estefano Beiler    <br>       <br>   FID   319    <br>   sequencia   320    <br>   cota   9,20    <br>   refer_1   Rua Aloisio Estefano Beiler    <br>   refer_2   55    <br>   bairro   Coloninha    <br>   coord_x   702073,660689    <br>   coord_y   7019518,15157    <br>   latitude   -26,931568    <br>   longitu   -48,964764]]></description>
        <styleUrl>#icon-1899-DB4436</styleUrl>
        <Point>
          <coordinates>
            -48.964764,-26.931568,0
          </coordinates>
        </Point>
      </Placemark>
      <Placemark>
        <name>9,282</name>
        <description><![CDATA[Rua Aloisio Estefano Beiler    <br>       <br>   FID   320    <br>   sequencia   321    <br>   cota   9,28    <br>   refer_1   Rua Aloisio Estefano Beiler    <br>   refer_2   92    <br>   bairro   Coloninha    <br>   coord_x   702115,167991    <br>   coord_y   7019483,97014    <br>   latitude   -26,931871    <br>   longitu   -48,96434]]></description>
        <styleUrl>#icon-1899-DB4436</styleUrl>
        <Point>
          <coordinates>
            -48.96434,-26.931871,0
          </coordinates>
        </Point>
      </Placemark>
      <Placemark>
        <name>7,455</name>
        <description><![CDATA[Rua Arnoldo Koch    <br>       <br>   FID   321    <br>   sequencia   322    <br>   cota   7,46    <br>   refer_1   Rua Arnoldo Koch    <br>   refer_2   578    <br>   bairro   Coloninha    <br>   coord_x   701313,684395    <br>   coord_y   7019891,3138    <br>   latitude   -26,928312    <br>   longitu   -48,972475]]></description>
        <styleUrl>#icon-1899-DB4436</styleUrl>
        <Point>
          <coordinates>
            -48.972475,-26.928312,0
          </coordinates>
        </Point>
      </Placemark>
      <Placemark>
        <name>8,405</name>
        <description><![CDATA[Rua Arnoldo Koch    <br>       <br>   FID   322    <br>   sequencia   323    <br>   cota   8,40    <br>   refer_1   Rua Arnoldo Koch    <br>   refer_2   350    <br>   bairro   Coloninha    <br>   coord_x   701507,935447    <br>   coord_y   7020024,12266    <br>   latitude   -26,927085    <br>   longitu   -48,970541]]></description>
        <styleUrl>#icon-1899-DB4436</styleUrl>
        <Point>
          <coordinates>
            -48.970541,-26.927085,0
          </coordinates>
        </Point>
      </Placemark>
      <Placemark>
        <name>8,422</name>
        <description><![CDATA[Rua Arnoldo Koch    <br>       <br>   FID   323    <br>   sequencia   324    <br>   cota   8,42    <br>   refer_1   Rua Arnoldo Koch    <br>   refer_2   420    <br>   bairro   Coloninha    <br>   coord_x   701440,987388    <br>   coord_y   7019986,58798    <br>   latitude   -26,927433    <br>   longitu   -48,971208]]></description>
        <styleUrl>#icon-1899-DB4436</styleUrl>
        <Point>
          <coordinates>
            -48.971208,-26.927433,0
          </coordinates>
        </Point>
      </Placemark>
      <Placemark>
        <name>8,666</name>
        <description><![CDATA[Rua Arnoldo Koch    <br>       <br>   FID   324    <br>   sequencia   325    <br>   cota   8,67    <br>   refer_1   Rua Arnoldo Koch    <br>   refer_2   300    <br>   bairro   Coloninha    <br>   coord_x   701559,467965    <br>   coord_y   7020034,43425    <br>   latitude   -26,926985    <br>   longitu   -48,970023]]></description>
        <styleUrl>#icon-1899-DB4436</styleUrl>
        <Point>
          <coordinates>
            -48.970023,-26.926985,0
          </coordinates>
        </Point>
      </Placemark>
      <Placemark>
        <name>8,758</name>
        <description><![CDATA[Rua Arnoldo Koch    <br>       <br>   FID   325    <br>   sequencia   326    <br>   cota   8,76    <br>   refer_1   Rua Arnoldo Koch    <br>   refer_2   476    <br>   bairro   Coloninha    <br>   coord_x   701390,165463    <br>   coord_y   7019951,51809    <br>   latitude   -26,927757    <br>   longitu   -48,971714]]></description>
        <styleUrl>#icon-1899-DB4436</styleUrl>
        <Point>
          <coordinates>
            -48.971714,-26.927757,0
          </coordinates>
        </Point>
      </Placemark>
      <Placemark>
        <name>9,048</name>
        <description><![CDATA[Rua Arnoldo Koch    <br>       <br>   FID   326    <br>   sequencia   327    <br>   cota   9,05    <br>   refer_1   Rua Arnoldo Koch    <br>   refer_2   551    <br>   bairro   Coloninha    <br>   coord_x   701348,007116    <br>   coord_y   7019918,53428    <br>   latitude   -26,928061    <br>   longitu   -48,972133]]></description>
        <styleUrl>#icon-1899-DB4436</styleUrl>
        <Point>
          <coordinates>
            -48.972133,-26.928061,0
          </coordinates>
        </Point>
      </Placemark>
      <Placemark>
        <name>9,253</name>
        <description><![CDATA[Rua Arnoldo Koch    <br>       <br>   FID   327    <br>   sequencia   328    <br>   cota   9,25    <br>   refer_1   Rua Arnoldo Koch    <br>   refer_2   Defronte Estádio Hilbert Gaertner    <br>   bairro   Coloninha    <br>   coord_x   701638,320538    <br>   coord_y   7020112,44298    <br>   latitude   -26,926269    <br>   longitu   -48,969242]]></description>
        <styleUrl>#icon-1899-DB4436</styleUrl>
        <Point>
          <coordinates>
            -48.969242,-26.926269,0
          </coordinates>
        </Point>
      </Placemark>
      <Placemark>
        <name>9,328</name>
        <description><![CDATA[Rua Arnoldo Koch    <br>       <br>   FID   328    <br>   sequencia   329    <br>   cota   9,33    <br>   refer_1   Rua Arnoldo Koch    <br>   refer_2   170    <br>   bairro   Coloninha    <br>   coord_x   701672,527135    <br>   coord_y   7020142,21245    <br>   latitude   -26,925996    <br>   longitu   -48,968903]]></description>
        <styleUrl>#icon-1899-DB4436</styleUrl>
        <Point>
          <coordinates>
            -48.968903,-26.925996,0
          </coordinates>
        </Point>
      </Placemark>
      <Placemark>
        <name>9,399</name>
        <description><![CDATA[Rua Arnoldo Koch    <br>       <br>   FID   329    <br>   sequencia   330    <br>   cota   9,40    <br>   refer_1   Rua Arnoldo Koch    <br>   refer_2   106    <br>   bairro   Coloninha    <br>   coord_x   701712,25309    <br>   coord_y   7020172,735    <br>   latitude   -26,925715    <br>   longitu   -48,968508]]></description>
        <styleUrl>#icon-1899-DB4436</styleUrl>
        <Point>
          <coordinates>
            -48.968508,-26.925715,0
          </coordinates>
        </Point>
      </Placemark>
      <Placemark>
        <name>7,773</name>
        <description><![CDATA[Rua Bernardo Hostert    <br>       <br>   FID   330    <br>   sequencia   331    <br>   cota   7,77    <br>   refer_1   Rua Bernardo Hostert    <br>   refer_2   Meio da rua    <br>   bairro   Coloninha    <br>   coord_x   701661,323368    <br>   coord_y   7019966,01435    <br>   latitude   -26,927587    <br>   longitu   -48,968987]]></description>
        <styleUrl>#icon-1899-DB4436</styleUrl>
        <Point>
          <coordinates>
            -48.968987,-26.927587,0
          </coordinates>
        </Point>
      </Placemark>
      <Placemark>
        <name>9,33</name>
        <description><![CDATA[Rua da Glória    <br>       <br>   FID   331    <br>   sequencia   332    <br>   cota   9,33    <br>   refer_1   Rua da Glória    <br>   refer_2   30    <br>   bairro   Coloninha    <br>   coord_x   701920,438332    <br>   coord_y   7019520,28381    <br>   latitude   -26,931571    <br>   longitu   -48,966307]]></description>
        <styleUrl>#icon-1899-DB4436</styleUrl>
        <Point>
          <coordinates>
            -48.966307,-26.931571,0
          </coordinates>
        </Point>
      </Placemark>
      <Placemark>
        <name>8,469</name>
        <description><![CDATA[Rua Dom Daniel Hostins    <br>       <br>   FID   332    <br>   sequencia   333    <br>   cota   8,47    <br>   refer_1   Rua Dom Daniel Hostins    <br>   refer_2   117    <br>   bairro   Coloninha    <br>   coord_x   701766,621373    <br>   coord_y   7019497,475    <br>   latitude   -26,9318    <br>   longitu   -48,967851]]></description>
        <styleUrl>#icon-1899-DB4436</styleUrl>
        <Point>
          <coordinates>
            -48.967851,-26.9318,0
          </coordinates>
        </Point>
      </Placemark>
      <Placemark>
        <name>9,732</name>
        <description><![CDATA[Rua Dom Daniel Hostins    <br>       <br>   FID   333    <br>   sequencia   334    <br>   cota   9,73    <br>   refer_1   Rua Dom Daniel Hostins    <br>   refer_2   59    <br>   bairro   Coloninha    <br>   coord_x   701811,480065    <br>   coord_y   7019455,79595    <br>   latitude   -26,932169    <br>   longitu   -48,967393]]></description>
        <styleUrl>#icon-1899-DB4436</styleUrl>
        <Point>
          <coordinates>
            -48.967393,-26.932169,0
          </coordinates>
        </Point>
      </Placemark>
      <Placemark>
        <name>9,917</name>
        <description><![CDATA[Rua Dom Daniel Hostins    <br>       <br>   FID   334    <br>   sequencia   335    <br>   cota   9,92    <br>   refer_1   Rua Dom Daniel Hostins    <br>   refer_2   209    <br>   bairro   Coloninha    <br>   coord_x   701720,077575    <br>   coord_y   7019537,53907    <br>   latitude   -26,931445    <br>   longitu   -48,968326]]></description>
        <styleUrl>#icon-1899-DB4436</styleUrl>
        <Point>
          <coordinates>
            -48.968326,-26.931445,0
          </coordinates>
        </Point>
      </Placemark>
      <Placemark>
        <name>10,336</name>
        <description><![CDATA[Rua Doutor Nereu Ramos    <br>       <br>   FID   335    <br>   sequencia   336    <br>   cota   10,34    <br>   refer_1   Rua Doutor Nereu Ramos    <br>   refer_2   Linhas Círculo    <br>   bairro   Coloninha    <br>   coord_x   702298,863116    <br>   coord_y   7019844,87465    <br>   latitude   -26,928588    <br>   longitu   -48,96255]]></description>
        <styleUrl>#icon-1899-DB4436</styleUrl>
        <Point>
          <coordinates>
            -48.96255,-26.928588,0
          </coordinates>
        </Point>
      </Placemark>
      <Placemark>
        <name>10,533</name>
        <description><![CDATA[Rua Doutor Nereu Ramos    <br>       <br>   FID   336    <br>   sequencia   337    <br>   cota   10,53    <br>   refer_1   Rua Doutor Nereu Ramos    <br>   refer_2   Rua Frei Antonino    <br>   bairro   Coloninha    <br>   coord_x   702241,813204    <br>   coord_y   7019868,95386    <br>   latitude   -26,928379    <br>   longitu   -48,963128]]></description>
        <styleUrl>#icon-1899-DB4436</styleUrl>
        <Point>
          <coordinates>
            -48.963128,-26.928379,0
          </coordinates>
        </Point>
      </Placemark>
      <Placemark>
        <name>10,881</name>
        <description><![CDATA[Rua Doutor Nereu Ramos    <br>       <br>   FID   337    <br>   sequencia   338    <br>   cota   10,88    <br>   refer_1   Rua Doutor Nereu Ramos    <br>   refer_2   53    <br>   bairro   Coloninha    <br>   coord_x   702479,643799    <br>   coord_y   7019685,10606    <br>   latitude   -26,930003    <br>   longitu   -48,960704]]></description>
        <styleUrl>#icon-1899-DB4436</styleUrl>
        <Point>
          <coordinates>
            -48.960704,-26.930003,0
          </coordinates>
        </Point>
      </Placemark>
      <Placemark>
        <name>11,104</name>
        <description><![CDATA[Rua Doutor Nereu Ramos    <br>       <br>   FID   338    <br>   sequencia   339    <br>   cota   11,10    <br>   refer_1   Rua Doutor Nereu Ramos    <br>   refer_2   Rua Arnoldo Koch    <br>   bairro   Coloninha    <br>   coord_x   701822,374554    <br>   coord_y   7020251,74059    <br>   latitude   -26,924986    <br>   longitu   -48,967412]]></description>
        <styleUrl>#icon-1899-DB4436</styleUrl>
        <Point>
          <coordinates>
            -48.967412,-26.924986,0
          </coordinates>
        </Point>
      </Placemark>
      <Placemark>
        <name>11,463</name>
        <description><![CDATA[Rua Doutor Nereu Ramos    <br>       <br>   FID   339    <br>   sequencia   340    <br>   cota   11,46    <br>   refer_1   Rua Doutor Nereu Ramos    <br>   refer_2   670    <br>   bairro   Coloninha    <br>   coord_x   702014,300498    <br>   coord_y   7020045,95636    <br>   latitude   -26,926815    <br>   longitu   -48,965447]]></description>
        <styleUrl>#icon-1899-DB4436</styleUrl>
        <Point>
          <coordinates>
            -48.965447,-26.926815,0
          </coordinates>
        </Point>
      </Placemark>
      <Placemark>
        <name>11,489</name>
        <description><![CDATA[Rua Doutor Nereu Ramos    <br>       <br>   FID   340    <br>   sequencia   341    <br>   cota   11,49    <br>   refer_1   Rua Doutor Nereu Ramos    <br>   refer_2   Defronte balança Linhas Círculo    <br>   bairro   Coloninha    <br>   coord_x   702123,133685    <br>   coord_y   7019962,45085    <br>   latitude   -26,927552    <br>   longitu   -48,964338]]></description>
        <styleUrl>#icon-1899-DB4436</styleUrl>
        <Point>
          <coordinates>
            -48.964338,-26.927552,0
          </coordinates>
        </Point>
      </Placemark>
      <Placemark>
        <name>11,492</name>
        <description><![CDATA[Rua Doutor Nereu Ramos    <br>       <br>   FID   341    <br>   sequencia   342    <br>   cota   11,49    <br>   refer_1   Rua Doutor Nereu Ramos    <br>   refer_2   800    <br>   bairro   Coloninha    <br>   coord_x   701887,358307    <br>   coord_y   7020157,4473    <br>   latitude   -26,925827    <br>   longitu   -48,966743]]></description>
        <styleUrl>#icon-1899-DB4436</styleUrl>
        <Point>
          <coordinates>
            -48.966743,-26.925827,0
          </coordinates>
        </Point>
      </Placemark>
      <Placemark>
        <name>11,72</name>
        <description><![CDATA[Rua Doutor Nereu Ramos    <br>       <br>   FID   342    <br>   sequencia   343    <br>   cota   11,72    <br>   refer_1   Rua Doutor Nereu Ramos    <br>   refer_2   Rua Ervin Wolfran    <br>   bairro   Coloninha    <br>   coord_x   701668,294937    <br>   coord_y   7020459,6637    <br>   latitude   -26,923132    <br>   longitu   -48,968997]]></description>
        <styleUrl>#icon-1899-DB4436</styleUrl>
        <Point>
          <coordinates>
            -48.968997,-26.923132,0
          </coordinates>
        </Point>
      </Placemark>
      <Placemark>
        <name>11,996</name>
        <description><![CDATA[Rua Doutor Nereu Ramos    <br>       <br>   FID   343    <br>   sequencia   344    <br>   cota   12,00    <br>   refer_1   Rua Doutor Nereu Ramos    <br>   refer_2   1.384    <br>   bairro   Coloninha    <br>   coord_x   701563,571426    <br>   coord_y   7020577,7483    <br>   latitude   -26,922082    <br>   longitu   -48,97007]]></description>
        <styleUrl>#icon-1899-DB4436</styleUrl>
        <Point>
          <coordinates>
            -48.97007,-26.922082,0
          </coordinates>
        </Point>
      </Placemark>
      <Placemark>
        <name>12,414</name>
        <description><![CDATA[Rua Doutor Nereu Ramos    <br>       <br>   FID   344    <br>   sequencia   345    <br>   cota   12,41    <br>   refer_1   Rua Doutor Nereu Ramos    <br>   refer_2   Beco Inês Baron    <br>   bairro   Coloninha    <br>   coord_x   701488,607647    <br>   coord_y   7020656,2395    <br>   latitude   -26,921384    <br>   longitu   -48,970837]]></description>
        <styleUrl>#icon-1899-DB4436</styleUrl>
        <Point>
          <coordinates>
            -48.970837,-26.921384,0
          </coordinates>
        </Point>
      </Placemark>
      <Placemark>
        <name>7,92</name>
        <description><![CDATA[Rua Edmundo Eberhardt    <br>       <br>   FID   345    <br>   sequencia   346    <br>   cota   7,92    <br>   refer_1   Rua Edmundo Eberhardt    <br>   refer_2   Segunda casa da rua    <br>   bairro   Coloninha    <br>   coord_x   701723,730401    <br>   coord_y   7020006,94482    <br>   latitude   -26,927209    <br>   longitu   -48,968366]]></description>
        <styleUrl>#icon-1899-DB4436</styleUrl>
        <Point>
          <coordinates>
            -48.968366,-26.927209,0
          </coordinates>
        </Point>
      </Placemark>
      <Placemark>
        <name>8,081</name>
        <description><![CDATA[Rua Francisco Andrietti    <br>       <br>   FID   346    <br>   sequencia   347    <br>   cota   8,08    <br>   refer_1   Rua Francisco Andrietti    <br>   refer_2   39    <br>   bairro   Coloninha    <br>   coord_x   701359,57153    <br>   coord_y   7019536,01078    <br>   latitude   -26,931511    <br>   longitu   -48,971955]]></description>
        <styleUrl>#icon-1899-DB4436</styleUrl>
        <Point>
          <coordinates>
            -48.971955,-26.931511,0
          </coordinates>
        </Point>
      </Placemark>
      <Placemark>
        <name>8,181</name>
        <description><![CDATA[Rua Francisco Andrietti    <br>       <br>   FID   347    <br>   sequencia   348    <br>   cota   8,18    <br>   refer_1   Rua Francisco Andrietti    <br>   refer_2   39    <br>   bairro   Coloninha    <br>   coord_x   701370,676987    <br>   coord_y   7019517,41161    <br>   latitude   -26,931677    <br>   longitu   -48,97184]]></description>
        <styleUrl>#icon-1899-DB4436</styleUrl>
        <Point>
          <coordinates>
            -48.97184,-26.931677,0
          </coordinates>
        </Point>
      </Placemark>
      <Placemark>
        <name>9,841</name>
        <description><![CDATA[Rua Francisco Bohn    <br>       <br>   FID   348    <br>   sequencia   349    <br>   cota   9,84    <br>   refer_1   Rua Francisco Bohn    <br>   refer_2   Final de rua    <br>   bairro   Coloninha    <br>   coord_x   701633,08892    <br>   coord_y   7020180,7258    <br>   latitude   -26,925654    <br>   longitu   -48,969306]]></description>
        <styleUrl>#icon-1899-DB4436</styleUrl>
        <Point>
          <coordinates>
            -48.969306,-26.925654,0
          </coordinates>
        </Point>
      </Placemark>
      <Placemark>
        <name>7,995</name>
        <description><![CDATA[Rua Francisco Eberhardt    <br>       <br>   FID   349    <br>   sequencia   350    <br>   cota   8,00    <br>   refer_1   Rua Francisco Eberhardt    <br>   refer_2   35    <br>   bairro   Coloninha    <br>   coord_x   701504,145909    <br>   coord_y   7019619,6246    <br>   latitude   -26,930735    <br>   longitu   -48,970513]]></description>
        <styleUrl>#icon-1899-DB4436</styleUrl>
        <Point>
          <coordinates>
            -48.970513,-26.930735,0
          </coordinates>
        </Point>
      </Placemark>
      <Placemark>
        <name>7,812</name>
        <description><![CDATA[Rua Francisco Pamplona    <br>       <br>   FID   350    <br>   sequencia   351    <br>   cota   7,81    <br>   refer_1   Rua Francisco Pamplona    <br>   refer_2   36    <br>   bairro   Coloninha    <br>   coord_x   701720,9194    <br>   coord_y   7019800,07093    <br>   latitude   -26,929076    <br>   longitu   -48,96836]]></description>
        <styleUrl>#icon-1899-DB4436</styleUrl>
        <Point>
          <coordinates>
            -48.96836,-26.929076,0
          </coordinates>
        </Point>
      </Placemark>
      <Placemark>
        <name>6,732</name>
        <description><![CDATA[Rua Francisco Wessling    <br>       <br>   FID   351    <br>   sequencia   352    <br>   cota   6,73    <br>   refer_1   Rua Francisco Wessling    <br>   refer_2   Rua Alício Hugo Hostins    <br>   bairro   Coloninha    <br>   coord_x   701281,76228    <br>   coord_y   7019623,16428    <br>   latitude   -26,930736    <br>   longitu   -48,972753]]></description>
        <styleUrl>#icon-1899-DB4436</styleUrl>
        <Point>
          <coordinates>
            -48.972753,-26.930736,0
          </coordinates>
        </Point>
      </Placemark>
      <Placemark>
        <name>7,002</name>
        <description><![CDATA[Rua Francisco Wessling    <br>       <br>   FID   352    <br>   sequencia   353    <br>   cota   7,00    <br>   refer_1   Rua Francisco Wessling    <br>   refer_2   70    <br>   bairro   Coloninha    <br>   coord_x   701233,384113    <br>   coord_y   7019583,47529    <br>   latitude   -26,931101    <br>   longitu   -48,973233]]></description>
        <styleUrl>#icon-1899-DB4436</styleUrl>
        <Point>
          <coordinates>
            -48.973233,-26.931101,0
          </coordinates>
        </Point>
      </Placemark>
      <Placemark>
        <name>8,463</name>
        <description><![CDATA[Rua Francisco Wessling    <br>       <br>   FID   353    <br>   sequencia   354    <br>   cota   8,46    <br>   refer_1   Rua Francisco Wessling    <br>   refer_2   Final de rua    <br>   bairro   Coloninha    <br>   coord_x   701169,518476    <br>   coord_y   7019529,43021    <br>   latitude   -26,931598    <br>   longitu   -48,973867]]></description>
        <styleUrl>#icon-1899-DB4436</styleUrl>
        <Point>
          <coordinates>
            -48.973867,-26.931598,0
          </coordinates>
        </Point>
      </Placemark>
      <Placemark>
        <name>10,167</name>
        <description><![CDATA[Rua Frei Antonino    <br>       <br>   FID   354    <br>   sequencia   355    <br>   cota   10,17    <br>   refer_1   Rua Frei Antonino    <br>   refer_2   106    <br>   bairro   Coloninha    <br>   coord_x   702200,135313    <br>   coord_y   7019733,58632    <br>   latitude   -26,929606    <br>   longitu   -48,963526]]></description>
        <styleUrl>#icon-1899-DB4436</styleUrl>
        <Point>
          <coordinates>
            -48.963526,-26.929606,0
          </coordinates>
        </Point>
      </Placemark>
      <Placemark>
        <name>10,624</name>
        <description><![CDATA[Rua Frei Antonino    <br>       <br>   FID   355    <br>   sequencia   356    <br>   cota   10,62    <br>   refer_1   Rua Frei Antonino    <br>   refer_2   75    <br>   bairro   Coloninha    <br>   coord_x   702181,663925    <br>   coord_y   7019786,79639    <br>   latitude   -26,929129    <br>   longitu   -48,96372]]></description>
        <styleUrl>#icon-1899-DB4436</styleUrl>
        <Point>
          <coordinates>
            -48.96372,-26.929129,0
          </coordinates>
        </Point>
      </Placemark>
      <Placemark>
        <name>7,099</name>
        <description><![CDATA[Rua Frei Canisio    <br>       <br>   FID   356    <br>   sequencia   357    <br>   cota   7,10    <br>   refer_1   Rua Frei Canisio    <br>   refer_2   280    <br>   bairro   Coloninha    <br>   coord_x   701720,600616    <br>   coord_y   7019862,798    <br>   latitude   -26,92851    <br>   longitu   -48,968374]]></description>
        <styleUrl>#icon-1899-DB4436</styleUrl>
        <Point>
          <coordinates>
            -48.968374,-26.92851,0
          </coordinates>
        </Point>
      </Placemark>
      <Placemark>
        <name>7,206</name>
        <description><![CDATA[Rua Frei Canisio    <br>       <br>   FID   357    <br>   sequencia   358    <br>   cota   7,21    <br>   refer_1   Rua Frei Canisio    <br>   refer_2   Rua Maria da Silva    <br>   bairro   Coloninha    <br>   coord_x   701731,054498    <br>   coord_y   7019862,55271    <br>   latitude   -26,928511    <br>   longitu   -48,968268]]></description>
        <styleUrl>#icon-1899-DB4436</styleUrl>
        <Point>
          <coordinates>
            -48.968268,-26.928511,0
          </coordinates>
        </Point>
      </Placemark>
      <Placemark>
        <name>7,241</name>
        <description><![CDATA[Rua Frei Canisio    <br>       <br>   FID   358    <br>   sequencia   359    <br>   cota   7,24    <br>   refer_1   Rua Frei Canisio    <br>   refer_2   192    <br>   bairro   Coloninha    <br>   coord_x   701786,274221    <br>   coord_y   7019919,4054    <br>   latitude   -26,92799    <br>   longitu   -48,967722]]></description>
        <styleUrl>#icon-1899-DB4436</styleUrl>
        <Point>
          <coordinates>
            -48.967722,-26.92799,0
          </coordinates>
        </Point>
      </Placemark>
      <Placemark>
        <name>7,262</name>
        <description><![CDATA[Rua Frei Canisio    <br>       <br>   FID   359    <br>   sequencia   360    <br>   cota   7,26    <br>   refer_1   Rua Frei Canisio    <br>   refer_2   Rua José Lanznaster    <br>   bairro   Coloninha    <br>   coord_x   701791,329891    <br>   coord_y   7019912,48259    <br>   latitude   -26,928051    <br>   longitu   -48,96767]]></description>
        <styleUrl>#icon-1899-DB4436</styleUrl>
        <Point>
          <coordinates>
            -48.96767,-26.928051,0
          </coordinates>
        </Point>
      </Placemark>
      <Placemark>
        <name>7,265</name>
        <description><![CDATA[Rua Frei Canisio    <br>       <br>   FID   360    <br>   sequencia   361    <br>   cota   7,26    <br>   refer_1   Rua Frei Canisio    <br>   refer_2   300    <br>   bairro   Coloninha    <br>   coord_x   701686,383    <br>   coord_y   7019835,65349    <br>   latitude   -26,92876    <br>   longitu   -48,968714]]></description>
        <styleUrl>#icon-1899-DB4436</styleUrl>
        <Point>
          <coordinates>
            -48.968714,-26.92876,0
          </coordinates>
        </Point>
      </Placemark>
      <Placemark>
        <name>7,296</name>
        <description><![CDATA[Rua Frei Canisio    <br>       <br>   FID   361    <br>   sequencia   362    <br>   cota   7,30    <br>   refer_1   Rua Frei Canisio    <br>   refer_2   244    <br>   bairro   Coloninha    <br>   coord_x   701752,38895    <br>   coord_y   7019891,52272    <br>   latitude   -26,928246    <br>   longitu   -48,968058]]></description>
        <styleUrl>#icon-1899-DB4436</styleUrl>
        <Point>
          <coordinates>
            -48.968058,-26.928246,0
          </coordinates>
        </Point>
      </Placemark>
      <Placemark>
        <name>7,452</name>
        <description><![CDATA[Rua Frei Canisio    <br>       <br>   FID   362    <br>   sequencia   363    <br>   cota   7,45    <br>   refer_1   Rua Frei Canisio    <br>   refer_2   Rua Francisco Pamplona    <br>   bairro   Coloninha    <br>   coord_x   701694,969658    <br>   coord_y   7019828,36821    <br>   latitude   -26,928824    <br>   longitu   -48,968626]]></description>
        <styleUrl>#icon-1899-DB4436</styleUrl>
        <Point>
          <coordinates>
            -48.968626,-26.928824,0
          </coordinates>
        </Point>
      </Placemark>
      <Placemark>
        <name>7,492</name>
        <description><![CDATA[Rua Frei Canisio    <br>       <br>   FID   363    <br>   sequencia   364    <br>   cota   7,49    <br>   refer_1   Rua Frei Canisio    <br>   refer_2   168    <br>   bairro   Coloninha    <br>   coord_x   701811,429207    <br>   coord_y   7019941,05704    <br>   latitude   -26,927791    <br>   longitu   -48,967472]]></description>
        <styleUrl>#icon-1899-DB4436</styleUrl>
        <Point>
          <coordinates>
            -48.967472,-26.927791,0
          </coordinates>
        </Point>
      </Placemark>
      <Placemark>
        <name>7,66</name>
        <description><![CDATA[Rua Frei Canisio    <br>       <br>   FID   364    <br>   sequencia   365    <br>   cota   7,66    <br>   refer_1   Rua Frei Canisio    <br>   refer_2   158    <br>   bairro   Coloninha    <br>   coord_x   701829,702767    <br>   coord_y   7019956,88946    <br>   latitude   -26,927645    <br>   longitu   -48,967291]]></description>
        <styleUrl>#icon-1899-DB4436</styleUrl>
        <Point>
          <coordinates>
            -48.967291,-26.927645,0
          </coordinates>
        </Point>
      </Placemark>
      <Placemark>
        <name>7,663</name>
        <description><![CDATA[Rua Frei Canisio    <br>       <br>   FID   365    <br>   sequencia   366    <br>   cota   7,66    <br>   refer_1   Rua Frei Canisio    <br>   refer_2   650    <br>   bairro   Coloninha    <br>   coord_x   701434,770434    <br>   coord_y   7019629,05441    <br>   latitude   -26,93066    <br>   longitu   -48,971213]]></description>
        <styleUrl>#icon-1899-DB4436</styleUrl>
        <Point>
          <coordinates>
            -48.971213,-26.93066,0
          </coordinates>
        </Point>
      </Placemark>
      <Placemark>
        <name>7,82</name>
        <description><![CDATA[Rua Frei Canisio    <br>       <br>   FID   366    <br>   sequencia   367    <br>   cota   7,82    <br>   refer_1   Rua Frei Canisio    <br>   refer_2   Rua Otto Pawwlowsky    <br>   bairro   Coloninha    <br>   coord_x   701473,830313    <br>   coord_y   7019662,8793    <br>   latitude   -26,93035    <br>   longitu   -48,970826]]></description>
        <styleUrl>#icon-1899-DB4436</styleUrl>
        <Point>
          <coordinates>
            -48.970826,-26.93035,0
          </coordinates>
        </Point>
      </Placemark>
      <Placemark>
        <name>7,849</name>
        <description><![CDATA[Rua Frei Canisio    <br>       <br>   FID   367    <br>   sequencia   368    <br>   cota   7,85    <br>   refer_1   Rua Frei Canisio    <br>   refer_2   Rua Francisco Eberhardt    <br>   bairro   Coloninha    <br>   coord_x   701481,412948    <br>   coord_y   7019656,67185    <br>   latitude   -26,930404    <br>   longitu   -48,970748]]></description>
        <styleUrl>#icon-1899-DB4436</styleUrl>
        <Point>
          <coordinates>
            -48.970748,-26.930404,0
          </coordinates>
        </Point>
      </Placemark>
      <Placemark>
        <name>7,91</name>
        <description><![CDATA[Rua Frei Canisio    <br>       <br>   FID   368    <br>   sequencia   369    <br>   cota   7,91    <br>   refer_1   Rua Frei Canisio    <br>   refer_2   105    <br>   bairro   Coloninha    <br>   coord_x   701859,654783    <br>   coord_y   7019975,83292    <br>   latitude   -26,92747    <br>   longitu   -48,966992]]></description>
        <styleUrl>#icon-1899-DB4436</styleUrl>
        <Point>
          <coordinates>
            -48.966992,-26.92747,0
          </coordinates>
        </Point>
      </Placemark>
      <Placemark>
        <name>7,911</name>
        <description><![CDATA[Rua Frei Canisio    <br>       <br>   FID   369    <br>   sequencia   370    <br>   cota   7,91    <br>   refer_1   Rua Frei Canisio    <br>   refer_2   Rua Hilário dos Santos    <br>   bairro   Coloninha    <br>   coord_x   701406,75415    <br>   coord_y   7019605,5328    <br>   latitude   -26,930877    <br>   longitu   -48,971491]]></description>
        <styleUrl>#icon-1899-DB4436</styleUrl>
        <Point>
          <coordinates>
            -48.971491,-26.930877,0
          </coordinates>
        </Point>
      </Placemark>
      <Placemark>
        <name>7,947</name>
        <description><![CDATA[Rua Frei Canisio    <br>       <br>   FID   370    <br>   sequencia   371    <br>   cota   7,95    <br>   refer_1   Rua Frei Canisio    <br>   refer_2   Rua Alício Hugo Hostins    <br>   bairro   Coloninha    <br>   coord_x   701342,831556    <br>   coord_y   7019552,57631    <br>   latitude   -26,931364    <br>   longitu   -48,972126]]></description>
        <styleUrl>#icon-1899-DB4436</styleUrl>
        <Point>
          <coordinates>
            -48.972126,-26.931364,0
          </coordinates>
        </Point>
      </Placemark>
      <Placemark>
        <name>7,961</name>
        <description><![CDATA[Rua Frei Canisio    <br>       <br>   FID   371    <br>   sequencia   372    <br>   cota   7,96    <br>   refer_1   Rua Frei Canisio    <br>   refer_2   710    <br>   bairro   Coloninha    <br>   coord_x   701385,207314    <br>   coord_y   7019587,77702    <br>   latitude   -26,93104    <br>   longitu   -48,971706]]></description>
        <styleUrl>#icon-1899-DB4436</styleUrl>
        <Point>
          <coordinates>
            -48.971706,-26.93104,0
          </coordinates>
        </Point>
      </Placemark>
      <Placemark>
        <name>7,982</name>
        <description><![CDATA[Rua Frei Canisio    <br>       <br>   FID   372    <br>   sequencia   373    <br>   cota   7,98    <br>   refer_1   Rua Frei Canisio    <br>   refer_2   Rua Júlio Zimmermann    <br>   bairro   Coloninha    <br>   coord_x   701416,138599    <br>   coord_y   7019604,90296    <br>   latitude   -26,930881    <br>   longitu   -48,971397]]></description>
        <styleUrl>#icon-1899-DB4436</styleUrl>
        <Point>
          <coordinates>
            -48.971397,-26.930881,0
          </coordinates>
        </Point>
      </Placemark>
      <Placemark>
        <name>7,985</name>
        <description><![CDATA[Rua Frei Canisio    <br>       <br>   FID   373    <br>   sequencia   374    <br>   cota   7,99    <br>   refer_1   Rua Frei Canisio    <br>   refer_2   431    <br>   bairro   Coloninha    <br>   coord_x   701614,470005    <br>   coord_y   7019774,95406    <br>   latitude   -26,929318    <br>   longitu   -48,969428]]></description>
        <styleUrl>#icon-1899-DB4436</styleUrl>
        <Point>
          <coordinates>
            -48.969428,-26.929318,0
          </coordinates>
        </Point>
      </Placemark>
      <Placemark>
        <name>8,032</name>
        <description><![CDATA[Rua Frei Canisio    <br>       <br>   FID   374    <br>   sequencia   375    <br>   cota   8,03    <br>   refer_1   Rua Frei Canisio    <br>   refer_2   463    <br>   bairro   Coloninha    <br>   coord_x   701561,481034    <br>   coord_y   7019735,76634    <br>   latitude   -26,929679    <br>   longitu   -48,969955]]></description>
        <styleUrl>#icon-1899-DB4436</styleUrl>
        <Point>
          <coordinates>
            -48.969955,-26.929679,0
          </coordinates>
        </Point>
      </Placemark>
      <Placemark>
        <name>8,102</name>
        <description><![CDATA[Rua Frei Canisio    <br>       <br>   FID   375    <br>   sequencia   376    <br>   cota   8,10    <br>   refer_1   Rua Frei Canisio    <br>   refer_2   Rua Martins Felício Eberhardt    <br>   bairro   Coloninha    <br>   coord_x   701630,035604    <br>   coord_y   7019778,81132    <br>   latitude   -26,929281    <br>   longitu   -48,969272]]></description>
        <styleUrl>#icon-1899-DB4436</styleUrl>
        <Point>
          <coordinates>
            -48.969272,-26.929281,0
          </coordinates>
        </Point>
      </Placemark>
      <Placemark>
        <name>8,321</name>
        <description><![CDATA[Rua Frei Canisio    <br>       <br>   FID   376    <br>   sequencia   377    <br>   cota   8,32    <br>   refer_1   Rua Frei Canisio    <br>   refer_2   545    <br>   bairro   Coloninha    <br>   coord_x   701509,517468    <br>   coord_y   7019679,84696    <br>   latitude   -26,930191    <br>   longitu   -48,970469]]></description>
        <styleUrl>#icon-1899-DB4436</styleUrl>
        <Point>
          <coordinates>
            -48.970469,-26.930191,0
          </coordinates>
        </Point>
      </Placemark>
      <Placemark>
        <name>8,344</name>
        <description><![CDATA[Rua Frei Canisio    <br>       <br>   FID   377    <br>   sequencia   378    <br>   cota   8,34    <br>   refer_1   Rua Frei Canisio    <br>   refer_2   Rua Juvencio José dos Santos    <br>   bairro   Coloninha    <br>   coord_x   701554,723676    <br>   coord_y   7019717,69537    <br>   latitude   -26,929843    <br>   longitu   -48,97002]]></description>
        <styleUrl>#icon-1899-DB4436</styleUrl>
        <Point>
          <coordinates>
            -48.97002,-26.929843,0
          </coordinates>
        </Point>
      </Placemark>
      <Placemark>
        <name>8,36</name>
        <description><![CDATA[Rua Frei Canisio    <br>       <br>   FID   378    <br>   sequencia   379    <br>   cota   8,36    <br>   refer_1   Rua Frei Canisio    <br>   refer_2   330    <br>   bairro   Coloninha    <br>   coord_x   701651,926414    <br>   coord_y   7019807,19707    <br>   latitude   -26,929022    <br>   longitu   -48,969056]]></description>
        <styleUrl>#icon-1899-DB4436</styleUrl>
        <Point>
          <coordinates>
            -48.969056,-26.929022,0
          </coordinates>
        </Point>
      </Placemark>
      <Placemark>
        <name>8,413</name>
        <description><![CDATA[Rua Frei Canisio    <br>       <br>   FID   379    <br>   sequencia   380    <br>   cota   8,41    <br>   refer_1   Rua Frei Canisio    <br>   refer_2   530    <br>   bairro   Coloninha    <br>   coord_x   701528,59535    <br>   coord_y   7019694,84618    <br>   latitude   -26,930053    <br>   longitu   -48,970279]]></description>
        <styleUrl>#icon-1899-DB4436</styleUrl>
        <Point>
          <coordinates>
            -48.970279,-26.930053,0
          </coordinates>
        </Point>
      </Placemark>
      <Placemark>
        <name>8,471</name>
        <description><![CDATA[Rua Frei Canisio    <br>       <br>   FID   380    <br>   sequencia   381    <br>   cota   8,47    <br>   refer_1   Rua Frei Canisio    <br>   refer_2   Final de rua    <br>   bairro   Coloninha    <br>   coord_x   701303,799578    <br>   coord_y   7019515,65162    <br>   latitude   -26,931703    <br>   longitu   -48,972513]]></description>
        <styleUrl>#icon-1899-DB4436</styleUrl>
        <Point>
          <coordinates>
            -48.972513,-26.931703,0
          </coordinates>
        </Point>
      </Placemark>
      <Placemark>
        <name>8,607</name>
        <description><![CDATA[Rua Frei Canisio    <br>       <br>   FID   381    <br>   sequencia   382    <br>   cota   8,61    <br>   refer_1   Rua Frei Canisio    <br>   refer_2   73    <br>   bairro   Coloninha    <br>   coord_x   701885,783135    <br>   coord_y   7019997,08866    <br>   latitude   -26,927274    <br>   longitu   -48,966733]]></description>
        <styleUrl>#icon-1899-DB4436</styleUrl>
        <Point>
          <coordinates>
            -48.966733,-26.927274,0
          </coordinates>
        </Point>
      </Placemark>
      <Placemark>
        <name>8,915</name>
        <description><![CDATA[Rua Frei Canisio    <br>       <br>   FID   382    <br>   sequencia   383    <br>   cota   8,91    <br>   refer_1   Rua Frei Canisio    <br>   refer_2   25    <br>   bairro   Coloninha    <br>   coord_x   701908,133199    <br>   coord_y   7020018,31527    <br>   latitude   -26,92708    <br>   longitu   -48,966511]]></description>
        <styleUrl>#icon-1899-DB4436</styleUrl>
        <Point>
          <coordinates>
            -48.966511,-26.92708,0
          </coordinates>
        </Point>
      </Placemark>
      <Placemark>
        <name>7,622</name>
        <description><![CDATA[Rua Gregório Pedro Eberhardt    <br>       <br>   FID   383    <br>   sequencia   384    <br>   cota   7,62    <br>   refer_1   Rua Gregório Pedro Eberhardt    <br>   refer_2   à 65 metros antes do final da rua    <br>   bairro   Coloninha    <br>   coord_x   701644,401403    <br>   coord_y   7019913,58592    <br>   latitude   -26,928063    <br>   longitu   -48,969149]]></description>
        <styleUrl>#icon-1899-DB4436</styleUrl>
        <Point>
          <coordinates>
            -48.969149,-26.928063,0
          </coordinates>
        </Point>
      </Placemark>
      <Placemark>
        <name>7,671</name>
        <description><![CDATA[Rua Gregório Pedro Eberhardt    <br>       <br>   FID   384    <br>   sequencia   385    <br>   cota   7,67    <br>   refer_1   Rua Gregório Pedro Eberhardt    <br>   refer_2   Travessia ao contrário a Rua Edmundo Eberhardt    <br>   bairro   Coloninha    <br>   coord_x   701738,597437    <br>   coord_y   7019988,0006    <br>   latitude   -26,927378    <br>   longitu   -48,968213]]></description>
        <styleUrl>#icon-1899-DB4436</styleUrl>
        <Point>
          <coordinates>
            -48.968213,-26.927378,0
          </coordinates>
        </Point>
      </Placemark>
      <Placemark>
        <name>7,698</name>
        <description><![CDATA[Rua Gregório Pedro Eberhardt    <br>       <br>   FID   385    <br>   sequencia   386    <br>   cota   7,70    <br>   refer_1   Rua Gregório Pedro Eberhardt    <br>   refer_2   Rua Bernardo Hostert    <br>   bairro   Coloninha    <br>   coord_x   701681,915142    <br>   coord_y   7019953,1187    <br>   latitude   -26,927701    <br>   longitu   -48,968778]]></description>
        <styleUrl>#icon-1899-DB4436</styleUrl>
        <Point>
          <coordinates>
            -48.968778,-26.927701,0
          </coordinates>
        </Point>
      </Placemark>
      <Placemark>
        <name>7,703</name>
        <description><![CDATA[Rua Gregório Pedro Eberhardt    <br>       <br>   FID   386    <br>   sequencia   387    <br>   cota   7,70    <br>   refer_1   Rua Gregório Pedro Eberhardt    <br>   refer_2   Entre as ruas Sandra Regina Eberhardt e Edmundo Eberhardt    <br>   bairro   Coloninha    <br>   coord_x   701770,676468    <br>   coord_y   7020017,82004    <br>   latitude   -26,927104    <br>   longitu   -48,967895]]></description>
        <styleUrl>#icon-1899-DB4436</styleUrl>
        <Point>
          <coordinates>
            -48.967895,-26.927104,0
          </coordinates>
        </Point>
      </Placemark>
      <Placemark>
        <name>8,288</name>
        <description><![CDATA[Rua Gregório Pedro Eberhardt    <br>       <br>   FID   387    <br>   sequencia   388    <br>   cota   8,29    <br>   refer_1   Rua Gregório Pedro Eberhardt    <br>   refer_2   90    <br>   bairro   Coloninha    <br>   coord_x   701814,505493    <br>   coord_y   7020053,30522    <br>   latitude   -26,926777    <br>   longitu   -48,967459]]></description>
        <styleUrl>#icon-1899-DB4436</styleUrl>
        <Point>
          <coordinates>
            -48.967459,-26.926777,0
          </coordinates>
        </Point>
      </Placemark>
      <Placemark>
        <name>8,511</name>
        <description><![CDATA[Rua Gregório Pedro Eberhardt    <br>       <br>   FID   388    <br>   sequencia   389    <br>   cota   8,51    <br>   refer_1   Rua Gregório Pedro Eberhardt    <br>   refer_2   Final de rua    <br>   bairro   Coloninha    <br>   coord_x   701602,846423    <br>   coord_y   7019882,98155    <br>   latitude   -26,928345    <br>   longitu   -48,969562]]></description>
        <styleUrl>#icon-1899-DB4436</styleUrl>
        <Point>
          <coordinates>
            -48.969562,-26.928345,0
          </coordinates>
        </Point>
      </Placemark>
      <Placemark>
        <name>9,197</name>
        <description><![CDATA[Rua Gregório Pedro Eberhardt    <br>       <br>   FID   389    <br>   sequencia   390    <br>   cota   9,20    <br>   refer_1   Rua Gregório Pedro Eberhardt    <br>   refer_2   à 15 metros do início da rua    <br>   bairro   Coloninha    <br>   coord_x   701861,051434    <br>   coord_y   7020102,55557    <br>   latitude   -26,926326    <br>   longitu   -48,966999]]></description>
        <styleUrl>#icon-1899-DB4436</styleUrl>
        <Point>
          <coordinates>
            -48.966999,-26.926326,0
          </coordinates>
        </Point>
      </Placemark>
      <Placemark>
        <name>9,714</name>
        <description><![CDATA[Rua Gustavo José da Costa    <br>       <br>   FID   390    <br>   sequencia   391    <br>   cota   9,71    <br>   refer_1   Rua Gustavo José da Costa    <br>   refer_2   76    <br>   bairro   Coloninha    <br>   coord_x   702076,259866    <br>   coord_y   7019823,19402    <br>   latitude   -26,928816    <br>   longitu   -48,964787]]></description>
        <styleUrl>#icon-1899-DB4436</styleUrl>
        <Point>
          <coordinates>
            -48.964787,-26.928816,0
          </coordinates>
        </Point>
      </Placemark>
      <Placemark>
        <name>10,271</name>
        <description><![CDATA[Rua Gustavo José da Costa    <br>       <br>   FID   391    <br>   sequencia   392    <br>   cota   10,27    <br>   refer_1   Rua Gustavo José da Costa    <br>   refer_2   115    <br>   bairro   Coloninha    <br>   coord_x   702111,987084    <br>   coord_y   7019794,66519    <br>   latitude   -26,929068    <br>   longitu   -48,964423]]></description>
        <styleUrl>#icon-1899-DB4436</styleUrl>
        <Point>
          <coordinates>
            -48.964423,-26.929068,0
          </coordinates>
        </Point>
      </Placemark>
      <Placemark>
        <name>10,323</name>
        <description><![CDATA[Rua Gustavo José da Costa    <br>       <br>   FID   392    <br>   sequencia   393    <br>   cota   10,32    <br>   refer_1   Rua Gustavo José da Costa    <br>   refer_2   35    <br>   bairro   Coloninha    <br>   coord_x   702112,531549    <br>   coord_y   7019851,55135    <br>   latitude   -26,928555    <br>   longitu   -48,964427]]></description>
        <styleUrl>#icon-1899-DB4436</styleUrl>
        <Point>
          <coordinates>
            -48.964427,-26.928555,0
          </coordinates>
        </Point>
      </Placemark>
      <Placemark>
        <name>10,355</name>
        <description><![CDATA[Rua Gustavo José da Costa    <br>       <br>   FID   393    <br>   sequencia   394    <br>   cota   10,36    <br>   refer_1   Rua Gustavo José da Costa    <br>   refer_2   Rua Frei Antonino    <br>   bairro   Coloninha    <br>   coord_x   702158,493007    <br>   coord_y   7019759,83434    <br>   latitude   -26,929375    <br>   longitu   -48,963949]]></description>
        <styleUrl>#icon-1899-DB4436</styleUrl>
        <Point>
          <coordinates>
            -48.963949,-26.929375,0
          </coordinates>
        </Point>
      </Placemark>
      <Placemark>
        <name>10,701</name>
        <description><![CDATA[Rua Gustavo José da Costa    <br>       <br>   FID   394    <br>   sequencia   395    <br>   cota   10,70    <br>   refer_1   Rua Gustavo José da Costa    <br>   refer_2   Rua José Honorato Muller    <br>   bairro   Coloninha    <br>   coord_x   702135,721752    <br>   coord_y   7019871,88525    <br>   latitude   -26,928368    <br>   longitu   -48,964196]]></description>
        <styleUrl>#icon-1899-DB4436</styleUrl>
        <Point>
          <coordinates>
            -48.964196,-26.928368,0
          </coordinates>
        </Point>
      </Placemark>
      <Placemark>
        <name>7,002</name>
        <description><![CDATA[Rua Heinrich Gorisch    <br>       <br>   FID   395    <br>   sequencia   396    <br>   cota   7,00    <br>   refer_1   Rua Heinrich Gorisch    <br>   refer_2   Final de rua    <br>   bairro   Coloninha    <br>   coord_x   701272,03475    <br>   coord_y   7019849,32984    <br>   latitude   -26,928696    <br>   longitu   -48,972887]]></description>
        <styleUrl>#icon-1899-DB4436</styleUrl>
        <Point>
          <coordinates>
            -48.972887,-26.928696,0
          </coordinates>
        </Point>
      </Placemark>
      <Placemark>
        <name>7,328</name>
        <description><![CDATA[Rua Heinrich Gorisch    <br>       <br>   FID   396    <br>   sequencia   397    <br>   cota   7,33    <br>   refer_1   Rua Heinrich Gorisch    <br>   refer_2   Final de rua    <br>   bairro   Coloninha    <br>   coord_x   701248,006239    <br>   coord_y   7019886,53346    <br>   latitude   -26,928364    <br>   longitu   -48,973135]]></description>
        <styleUrl>#icon-1899-DB4436</styleUrl>
        <Point>
          <coordinates>
            -48.973135,-26.928364,0
          </coordinates>
        </Point>
      </Placemark>
      <Placemark>
        <name>7,726</name>
        <description><![CDATA[Rua Heinrich Gorisch    <br>       <br>   FID   397    <br>   sequencia   398    <br>   cota   7,73    <br>   refer_1   Rua Heinrich Gorisch    <br>   refer_2   155    <br>   bairro   Coloninha    <br>   coord_x   701286,833801    <br>   coord_y   7019923,51737    <br>   latitude   -26,928025    <br>   longitu   -48,97275]]></description>
        <styleUrl>#icon-1899-DB4436</styleUrl>
        <Point>
          <coordinates>
            -48.97275,-26.928025,0
          </coordinates>
        </Point>
      </Placemark>
      <Placemark>
        <name>8,166</name>
        <description><![CDATA[Rua Heinrich Gorisch    <br>       <br>   FID   398    <br>   sequencia   399    <br>   cota   8,17    <br>   refer_1   Rua Heinrich Gorisch    <br>   refer_2   140    <br>   bairro   Coloninha    <br>   coord_x   701329,470704    <br>   coord_y   7019962,73206    <br>   latitude   -26,927665    <br>   longitu   -48,972327]]></description>
        <styleUrl>#icon-1899-DB4436</styleUrl>
        <Point>
          <coordinates>
            -48.972327,-26.927665,0
          </coordinates>
        </Point>
      </Placemark>
      <Placemark>
        <name>8,649</name>
        <description><![CDATA[Rua Heinrich Gorisch    <br>       <br>   FID   399    <br>   sequencia   400    <br>   cota   8,65    <br>   refer_1   Rua Heinrich Gorisch    <br>   refer_2   130    <br>   bairro   Coloninha    <br>   coord_x   701377,008152    <br>   coord_y   7020002,93772    <br>   latitude   -26,927295    <br>   longitu   -48,971855]]></description>
        <styleUrl>#icon-1899-DB4436</styleUrl>
        <Point>
          <coordinates>
            -48.971855,-26.927295,0
          </coordinates>
        </Point>
      </Placemark>
      <Placemark>
        <name>9,147</name>
        <description><![CDATA[Rua Heinrich Gorisch    <br>       <br>   FID   400    <br>   sequencia   401    <br>   cota   9,15    <br>   refer_1   Rua Heinrich Gorisch    <br>   refer_2   92    <br>   bairro   Coloninha    <br>   coord_x   701428,787825    <br>   coord_y   7020046,78081    <br>   latitude   -26,926892    <br>   longitu   -48,971341]]></description>
        <styleUrl>#icon-1899-DB4436</styleUrl>
        <Point>
          <coordinates>
            -48.971341,-26.926892,0
          </coordinates>
        </Point>
      </Placemark>
      <Placemark>
        <name>8,568</name>
        <description><![CDATA[Rua Helmuth Muller    <br>       <br>   FID   401    <br>   sequencia   402    <br>   cota   8,57    <br>   refer_1   Rua Helmuth Muller    <br>   refer_2   à 475 metros do início da rua    <br>   bairro   Coloninha    <br>   coord_x   701237,623629    <br>   coord_y   7020080,82445    <br>   latitude   -26,926613    <br>   longitu   -48,973271]]></description>
        <styleUrl>#icon-1899-DB4436</styleUrl>
        <Point>
          <coordinates>
            -48.973271,-26.926613,0
          </coordinates>
        </Point>
      </Placemark>
      <Placemark>
        <name>8,702</name>
        <description><![CDATA[Rua Helmuth Muller    <br>       <br>   FID   402    <br>   sequencia   403    <br>   cota   8,70    <br>   refer_1   Rua Helmuth Muller    <br>   refer_2   à 527 metros do início da rua    <br>   bairro   Coloninha    <br>   coord_x   701193,31482    <br>   coord_y   7020041,14307    <br>   latitude   -26,926977    <br>   longitu   -48,97371]]></description>
        <styleUrl>#icon-1899-DB4436</styleUrl>
        <Point>
          <coordinates>
            -48.97371,-26.926977,0
          </coordinates>
        </Point>
      </Placemark>
      <Placemark>
        <name>8,834</name>
        <description><![CDATA[Rua Helmuth Muller    <br>       <br>   FID   403    <br>   sequencia   404    <br>   cota   8,83    <br>   refer_1   Rua Helmuth Muller    <br>   refer_2   Final de rua    <br>   bairro   Coloninha    <br>   coord_x   701144,148629    <br>   coord_y   7019994,95787    <br>   latitude   -26,927401    <br>   longitu   -48,974198]]></description>
        <styleUrl>#icon-1899-DB4436</styleUrl>
        <Point>
          <coordinates>
            -48.974198,-26.927401,0
          </coordinates>
        </Point>
      </Placemark>
      <Placemark>
        <name>9,163</name>
        <description><![CDATA[Rua Helmuth Muller    <br>       <br>   FID   404    <br>   sequencia   405    <br>   cota   9,16    <br>   refer_1   Rua Helmuth Muller    <br>   refer_2   à 85 metros após esquina com Travessa Júlio Joel da Costa    <br>   bairro   Coloninha    <br>   coord_x   701290,142499    <br>   coord_y   7020124,14846    <br>   latitude   -26,926214    <br>   longitu   -48,972749]]></description>
        <styleUrl>#icon-1899-DB4436</styleUrl>
        <Point>
          <coordinates>
            -48.972749,-26.926214,0
          </coordinates>
        </Point>
      </Placemark>
      <Placemark>
        <name>9,742</name>
        <description><![CDATA[Rua Helmuth Muller    <br>       <br>   FID   405    <br>   sequencia   406    <br>   cota   9,74    <br>   refer_1   Rua Helmuth Muller    <br>   refer_2   à 137 metros do início da rua    <br>   bairro   Coloninha    <br>   coord_x   701494,665452    <br>   coord_y   7020291,80014    <br>   latitude   -26,924672    <br>   longitu   -48,970717]]></description>
        <styleUrl>#icon-1899-DB4436</styleUrl>
        <Point>
          <coordinates>
            -48.970717,-26.924672,0
          </coordinates>
        </Point>
      </Placemark>
      <Placemark>
        <name>9,975</name>
        <description><![CDATA[Rua Helmuth Muller    <br>       <br>   FID   406    <br>   sequencia   407    <br>   cota   9,97    <br>   refer_1   Rua Helmuth Muller    <br>   refer_2   50    <br>   bairro   Coloninha    <br>   coord_x   701550,102544    <br>   coord_y   7020339,68477    <br>   latitude   -26,924232    <br>   longitu   -48,970167]]></description>
        <styleUrl>#icon-1899-DB4436</styleUrl>
        <Point>
          <coordinates>
            -48.970167,-26.924232,0
          </coordinates>
        </Point>
      </Placemark>
      <Placemark>
        <name>10,003</name>
        <description><![CDATA[Rua Helmuth Muller    <br>       <br>   FID   407    <br>   sequencia   408    <br>   cota   10,00    <br>   refer_1   Rua Helmuth Muller    <br>   refer_2   à 237 metros do início da rua    <br>   bairro   Coloninha    <br>   coord_x   701417,935022    <br>   coord_y   7020236,60223    <br>   latitude   -26,925181    <br>   longitu   -48,971481]]></description>
        <styleUrl>#icon-1899-DB4436</styleUrl>
        <Point>
          <coordinates>
            -48.971481,-26.925181,0
          </coordinates>
        </Point>
      </Placemark>
      <Placemark>
        <name>10,808</name>
        <description><![CDATA[Rua Helmuth Muller    <br>       <br>   FID   408    <br>   sequencia   409    <br>   cota   10,81    <br>   refer_1   Rua Helmuth Muller    <br>   refer_2   Travessa Júlio Joél da Costa    <br>   bairro   Coloninha    <br>   coord_x   701362,227864    <br>   coord_y   7020181,006    <br>   latitude   -26,925691    <br>   longitu   -48,972033]]></description>
        <styleUrl>#icon-1899-DB4436</styleUrl>
        <Point>
          <coordinates>
            -48.972033,-26.925691,0
          </coordinates>
        </Point>
      </Placemark>
      <Placemark>
        <name>7,199</name>
        <description><![CDATA[Rua Hilário dos Santos    <br>       <br>   FID   409    <br>   sequencia   410    <br>   cota   7,20    <br>   refer_1   Rua Hilário dos Santos    <br>   refer_2   120    <br>   bairro   Coloninha    <br>   coord_x   701325,970782    <br>   coord_y   7019705,90016    <br>   latitude   -26,929983    <br>   longitu   -48,972321]]></description>
        <styleUrl>#icon-1899-DB4436</styleUrl>
        <Point>
          <coordinates>
            -48.972321,-26.929983,0
          </coordinates>
        </Point>
      </Placemark>
      <Placemark>
        <name>7,421</name>
        <description><![CDATA[Rua Hilário dos Santos    <br>       <br>   FID   410    <br>   sequencia   411    <br>   cota   7,42    <br>   refer_1   Rua Hilário dos Santos    <br>   refer_2   62    <br>   bairro   Coloninha    <br>   coord_x   701376,156723    <br>   coord_y   7019650,46834    <br>   latitude   -26,930476    <br>   longitu   -48,971807]]></description>
        <styleUrl>#icon-1899-DB4436</styleUrl>
        <Point>
          <coordinates>
            -48.971807,-26.930476,0
          </coordinates>
        </Point>
      </Placemark>
      <Placemark>
        <name>11,785</name>
        <description><![CDATA[Rua Imbituba    <br>       <br>   FID   411    <br>   sequencia   412    <br>   cota   11,79    <br>   refer_1   Rua Imbituba    <br>   refer_2   80    <br>   bairro   Coloninha    <br>   coord_x   701305,326142    <br>   coord_y   7020405,90717    <br>   latitude   -26,92367    <br>   longitu   -48,972642]]></description>
        <styleUrl>#icon-1899-DB4436</styleUrl>
        <Point>
          <coordinates>
            -48.972642,-26.92367,0
          </coordinates>
        </Point>
      </Placemark>
      <Placemark>
        <name>13,071</name>
        <description><![CDATA[Rua Imbituba    <br>       <br>   FID   412    <br>   sequencia   413    <br>   cota   13,07    <br>   refer_1   Rua Imbituba    <br>   refer_2   210    <br>   bairro   Coloninha    <br>   coord_x   701296,492728    <br>   coord_y   7020355,50438    <br>   latitude   -26,924126    <br>   longitu   -48,972722]]></description>
        <styleUrl>#icon-1899-DB4436</styleUrl>
        <Point>
          <coordinates>
            -48.972722,-26.924126,0
          </coordinates>
        </Point>
      </Placemark>
      <Placemark>
        <name>14,35</name>
        <description><![CDATA[Rua Imbituba    <br>       <br>   FID   413    <br>   sequencia   414    <br>   cota   14,35    <br>   refer_1   Rua Imbituba    <br>   refer_2   200    <br>   bairro   Coloninha    <br>   coord_x   701262,410233    <br>   coord_y   7020297,80182    <br>   latitude   -26,924651    <br>   longitu   -48,973056]]></description>
        <styleUrl>#icon-1899-DB4436</styleUrl>
        <Point>
          <coordinates>
            -48.973056,-26.924651,0
          </coordinates>
        </Point>
      </Placemark>
      <Placemark>
        <name>8,98</name>
        <description><![CDATA[Rua Jacob Muller    <br>       <br>   FID   414    <br>   sequencia   415    <br>   cota   8,98    <br>   refer_1   Rua Jacob Muller    <br>   refer_2   à 504 metros do início da rua    <br>   bairro   Coloninha    <br>   coord_x   701179,517459    <br>   coord_y   7020094,7018    <br>   latitude   -26,926496    <br>   longitu   -48,973858]]></description>
        <styleUrl>#icon-1899-DB4436</styleUrl>
        <Point>
          <coordinates>
            -48.973858,-26.926496,0
          </coordinates>
        </Point>
      </Placemark>
      <Placemark>
        <name>9,137</name>
        <description><![CDATA[Rua Jacob Muller    <br>       <br>   FID   415    <br>   sequencia   416    <br>   cota   9,14    <br>   refer_1   Rua Jacob Muller    <br>   refer_2   à 454 metros do início da rua    <br>   bairro   Coloninha    <br>   coord_x   701217,933343    <br>   coord_y   7020132,72875    <br>   latitude   -26,926147    <br>   longitu   -48,973477]]></description>
        <styleUrl>#icon-1899-DB4436</styleUrl>
        <Point>
          <coordinates>
            -48.973477,-26.926147,0
          </coordinates>
        </Point>
      </Placemark>
      <Placemark>
        <name>9,231</name>
        <description><![CDATA[Rua Jacob Muller    <br>       <br>   FID   416    <br>   sequencia   417    <br>   cota   9,23    <br>   refer_1   Rua Jacob Muller    <br>   refer_2   Final de rua    <br>   bairro   Coloninha    <br>   coord_x   701125,569313    <br>   coord_y   7020050,37102    <br>   latitude   -26,926904    <br>   longitu   -48,974394]]></description>
        <styleUrl>#icon-1899-DB4436</styleUrl>
        <Point>
          <coordinates>
            -48.974394,-26.926904,0
          </coordinates>
        </Point>
      </Placemark>
      <Placemark>
        <name>9,681</name>
        <description><![CDATA[Rua Jacob Muller    <br>       <br>   FID   417    <br>   sequencia   418    <br>   cota   9,68    <br>   refer_1   Rua Jacob Muller    <br>   refer_2   180    <br>   bairro   Coloninha    <br>   coord_x   701434,102659    <br>   coord_y   7020313,88737    <br>   latitude   -26,924481    <br>   longitu   -48,971331]]></description>
        <styleUrl>#icon-1899-DB4436</styleUrl>
        <Point>
          <coordinates>
            -48.971331,-26.924481,0
          </coordinates>
        </Point>
      </Placemark>
      <Placemark>
        <name>9,74</name>
        <description><![CDATA[Rua Jacob Muller    <br>       <br>   FID   418    <br>   sequencia   419    <br>   cota   9,74    <br>   refer_1   Rua Jacob Muller    <br>   refer_2   à 414 metros do início da rua    <br>   bairro   Coloninha    <br>   coord_x   701248,4628    <br>   coord_y   7020156,84733    <br>   latitude   -26,925925    <br>   longitu   -48,973174]]></description>
        <styleUrl>#icon-1899-DB4436</styleUrl>
        <Point>
          <coordinates>
            -48.973174,-26.925925,0
          </coordinates>
        </Point>
      </Placemark>
      <Placemark>
        <name>10,238</name>
        <description><![CDATA[Rua Jacob Muller    <br>       <br>   FID   419    <br>   sequencia   420    <br>   cota   10,24    <br>   refer_1   Rua Jacob Muller    <br>   refer_2   89    <br>   bairro   Coloninha    <br>   coord_x   701492,853327    <br>   coord_y   7020362,70571    <br>   latitude   -26,924032    <br>   longitu   -48,970747]]></description>
        <styleUrl>#icon-1899-DB4436</styleUrl>
        <Point>
          <coordinates>
            -48.970747,-26.924032,0
          </coordinates>
        </Point>
      </Placemark>
      <Placemark>
        <name>10,389</name>
        <description><![CDATA[Rua Jacob Muller    <br>       <br>   FID   420    <br>   sequencia   421    <br>   cota   10,39    <br>   refer_1   Rua Jacob Muller    <br>   refer_2   270    <br>   bairro   Coloninha    <br>   coord_x   701361,299655    <br>   coord_y   7020249,57099    <br>   latitude   -26,925072    <br>   longitu   -48,972053]]></description>
        <styleUrl>#icon-1899-DB4436</styleUrl>
        <Point>
          <coordinates>
            -48.972053,-26.925072,0
          </coordinates>
        </Point>
      </Placemark>
      <Placemark>
        <name>10,432</name>
        <description><![CDATA[Rua João Bernz    <br>       <br>   FID   421    <br>   sequencia   422    <br>   cota   10,43    <br>   refer_1   Rua João Bernz    <br>   refer_2   599    <br>   bairro   Coloninha    <br>   coord_x   701820,37671    <br>   coord_y   7019303,62829    <br>   latitude   -26,933541    <br>   longitu   -48,967279]]></description>
        <styleUrl>#icon-1899-DB4436</styleUrl>
        <Point>
          <coordinates>
            -48.967279,-26.933541,0
          </coordinates>
        </Point>
      </Placemark>
      <Placemark>
        <name>9,25</name>
        <description><![CDATA[Rua João Krauss    <br>       <br>   FID   422    <br>   sequencia   423    <br>   cota   9,25    <br>   refer_1   Rua João Krauss    <br>   refer_2   44    <br>   bairro   Coloninha    <br>   coord_x   701663,976283    <br>   coord_y   7019347,95448    <br>   latitude   -26,933164    <br>   longitu   -48,96886]]></description>
        <styleUrl>#icon-1899-DB4436</styleUrl>
        <Point>
          <coordinates>
            -48.96886,-26.933164,0
          </coordinates>
        </Point>
      </Placemark>
      <Placemark>
        <name>9,422</name>
        <description><![CDATA[Rua João Krauss    <br>       <br>   FID   423    <br>   sequencia   424    <br>   cota   9,42    <br>   refer_1   Rua João Krauss    <br>   refer_2   76    <br>   bairro   Coloninha    <br>   coord_x   701614,088    <br>   coord_y   7019387,27613    <br>   latitude   -26,932816    <br>   longitu   -48,969369]]></description>
        <styleUrl>#icon-1899-DB4436</styleUrl>
        <Point>
          <coordinates>
            -48.969369,-26.932816,0
          </coordinates>
        </Point>
      </Placemark>
      <Placemark>
        <name>8,285</name>
        <description><![CDATA[Rua Johan Wolfrann    <br>       <br>   FID   424    <br>   sequencia   425    <br>   cota   8,29    <br>   refer_1   Rua Johan Wolfrann    <br>   refer_2   à 440 metros do início da rua    <br>   bairro   Coloninha    <br>   coord_x   701189,977832    <br>   coord_y   7020169,45477    <br>   latitude   -26,92582    <br>   longitu   -48,973765]]></description>
        <styleUrl>#icon-1899-DB4436</styleUrl>
        <Point>
          <coordinates>
            -48.973765,-26.92582,0
          </coordinates>
        </Point>
      </Placemark>
      <Placemark>
        <name>8,482</name>
        <description><![CDATA[Rua Johan Wolfrann    <br>       <br>   FID   425    <br>   sequencia   426    <br>   cota   8,48    <br>   refer_1   Rua Johan Wolfrann    <br>   refer_2   à 488 metros do início da rua    <br>   bairro   Coloninha    <br>   coord_x   701156,351474    <br>   coord_y   7020140,51773    <br>   latitude   -26,926086    <br>   longitu   -48,974098]]></description>
        <styleUrl>#icon-1899-DB4436</styleUrl>
        <Point>
          <coordinates>
            -48.974098,-26.926086,0
          </coordinates>
        </Point>
      </Placemark>
      <Placemark>
        <name>8,561</name>
        <description><![CDATA[Rua Johan Wolfrann    <br>       <br>   FID   426    <br>   sequencia   427    <br>   cota   8,56    <br>   refer_1   Rua Johan Wolfrann    <br>   refer_2   à 437 metros do início da rua    <br>   bairro   Coloninha    <br>   coord_x   701119,652677    <br>   coord_y   7020108,94379    <br>   latitude   -26,926376    <br>   longitu   -48,974463]]></description>
        <styleUrl>#icon-1899-DB4436</styleUrl>
        <Point>
          <coordinates>
            -48.974463,-26.926376,0
          </coordinates>
        </Point>
      </Placemark>
      <Placemark>
        <name>8,763</name>
        <description><![CDATA[Rua Johan Wolfrann    <br>       <br>   FID   427    <br>   sequencia   428    <br>   cota   8,76    <br>   refer_1   Rua Johan Wolfrann    <br>   refer_2   Final de rua    <br>   bairro   Coloninha    <br>   coord_x   701065,410644    <br>   coord_y   7020063,91489    <br>   latitude   -26,92679    <br>   longitu   -48,975002]]></description>
        <styleUrl>#icon-1899-DB4436</styleUrl>
        <Point>
          <coordinates>
            -48.975002,-26.92679,0
          </coordinates>
        </Point>
      </Placemark>
      <Placemark>
        <name>8,894</name>
        <description><![CDATA[Rua Johan Wolfrann    <br>       <br>   FID   428    <br>   sequencia   429    <br>   cota   8,89    <br>   refer_1   Rua Johan Wolfrann    <br>   refer_2   à 395 metros do início da rua    <br>   bairro   Coloninha    <br>   coord_x   701227,225689    <br>   coord_y   7020200,69202    <br>   latitude   -26,925533    <br>   longitu   -48,973395]]></description>
        <styleUrl>#icon-1899-DB4436</styleUrl>
        <Point>
          <coordinates>
            -48.973395,-26.925533,0
          </coordinates>
        </Point>
      </Placemark>
      <Placemark>
        <name>9,368</name>
        <description><![CDATA[Rua Johan Wolfrann    <br>       <br>   FID   429    <br>   sequencia   430    <br>   cota   9,37    <br>   refer_1   Rua Johan Wolfrann    <br>   refer_2   à 350 metros do início da rua    <br>   bairro   Coloninha    <br>   coord_x   701263,972688    <br>   coord_y   7020231,6823    <br>   latitude   -26,925248    <br>   longitu   -48,97303]]></description>
        <styleUrl>#icon-1899-DB4436</styleUrl>
        <Point>
          <coordinates>
            -48.97303,-26.925248,0
          </coordinates>
        </Point>
      </Placemark>
      <Placemark>
        <name>9,71</name>
        <description><![CDATA[Rua Johan Wolfrann    <br>       <br>   FID   430    <br>   sequencia   431    <br>   cota   9,71    <br>   refer_1   Rua Johan Wolfrann    <br>   refer_2   Travessa Júlio Joél da Costa    <br>   bairro   Coloninha    <br>   coord_x   701297,945163    <br>   coord_y   7020258,64307    <br>   latitude   -26,924999    <br>   longitu   -48,972692]]></description>
        <styleUrl>#icon-1899-DB4436</styleUrl>
        <Point>
          <coordinates>
            -48.972692,-26.924999,0
          </coordinates>
        </Point>
      </Placemark>
      <Placemark>
        <name>10,243</name>
        <description><![CDATA[Rua Johan Wolfrann    <br>       <br>   FID   431    <br>   sequencia   432    <br>   cota   10,24    <br>   refer_1   Rua Johan Wolfrann    <br>   refer_2   165    <br>   bairro   Coloninha    <br>   coord_x   701396,334823    <br>   coord_y   7020340,68914    <br>   latitude   -26,924245    <br>   longitu   -48,971715]]></description>
        <styleUrl>#icon-1899-DB4436</styleUrl>
        <Point>
          <coordinates>
            -48.971715,-26.924245,0
          </coordinates>
        </Point>
      </Placemark>
      <Placemark>
        <name>11,032</name>
        <description><![CDATA[Rua Johan Wolfrann    <br>       <br>   FID   432    <br>   sequencia   433    <br>   cota   11,03    <br>   refer_1   Rua Johan Wolfrann    <br>   refer_2   95    <br>   bairro   Coloninha    <br>   coord_x   701453,560987    <br>   coord_y   7020390,9982    <br>   latitude   -26,923783    <br>   longitu   -48,971147]]></description>
        <styleUrl>#icon-1899-DB4436</styleUrl>
        <Point>
          <coordinates>
            -48.971147,-26.923783,0
          </coordinates>
        </Point>
      </Placemark>
      <Placemark>
        <name>14,363</name>
        <description><![CDATA[Rua Johan Wolfrann    <br>       <br>   FID   433    <br>   sequencia   434    <br>   cota   14,36    <br>   refer_1   Rua Johan Wolfrann    <br>   refer_2   55    <br>   bairro   Coloninha    <br>   coord_x   701483,643229    <br>   coord_y   7020416,68787    <br>   latitude   -26,923547    <br>   longitu   -48,970848]]></description>
        <styleUrl>#icon-1899-DB4436</styleUrl>
        <Point>
          <coordinates>
            -48.970848,-26.923547,0
          </coordinates>
        </Point>
      </Placemark>
      <Placemark>
        <name>9,082</name>
        <description><![CDATA[Rua Joinville    <br>       <br>   FID   434    <br>   sequencia   435    <br>   cota   9,08    <br>   refer_1   Rua Joinville    <br>   refer_2   70    <br>   bairro   Coloninha    <br>   coord_x   702129,977013    <br>   coord_y   7019536,30045    <br>   latitude   -26,931397    <br>   longitu   -48,9642]]></description>
        <styleUrl>#icon-1899-DB4436</styleUrl>
        <Point>
          <coordinates>
            -48.9642,-26.931397,0
          </coordinates>
        </Point>
      </Placemark>
      <Placemark>
        <name>9,094</name>
        <description><![CDATA[Rua Joinville    <br>       <br>   FID   435    <br>   sequencia   436    <br>   cota   9,09    <br>   refer_1   Rua Joinville    <br>   refer_2   Final de rua    <br>   bairro   Coloninha    <br>   coord_x   702167,629844    <br>   coord_y   7019505,49344    <br>   latitude   -26,931669    <br>   longitu   -48,963816]]></description>
        <styleUrl>#icon-1899-DB4436</styleUrl>
        <Point>
          <coordinates>
            -48.963816,-26.931669,0
          </coordinates>
        </Point>
      </Placemark>
      <Placemark>
        <name>7,084</name>
        <description><![CDATA[Rua José Eberhardt    <br>       <br>   FID   436    <br>   sequencia   437    <br>   cota   7,08    <br>   refer_1   Rua José Eberhardt    <br>   refer_2   Rua Maria da Silva    <br>   bairro   Coloninha    <br>   coord_x   701825,094788    <br>   coord_y   7019772,87288    <br>   latitude   -26,929306    <br>   longitu   -48,967307]]></description>
        <styleUrl>#icon-1899-DB4436</styleUrl>
        <Point>
          <coordinates>
            -48.967307,-26.929306,0
          </coordinates>
        </Point>
      </Placemark>
      <Placemark>
        <name>7,384</name>
        <description><![CDATA[Rua José Eberhardt    <br>       <br>   FID   437    <br>   sequencia   438    <br>   cota   7,38    <br>   refer_1   Rua José Eberhardt    <br>   refer_2   288    <br>   bairro   Coloninha    <br>   coord_x   701790,849145    <br>   coord_y   7019745,63201    <br>   latitude   -26,929557    <br>   longitu   -48,967648]]></description>
        <styleUrl>#icon-1899-DB4436</styleUrl>
        <Point>
          <coordinates>
            -48.967648,-26.929557,0
          </coordinates>
        </Point>
      </Placemark>
      <Placemark>
        <name>7,45</name>
        <description><![CDATA[Rua José Eberhardt    <br>       <br>   FID   438    <br>   sequencia   439    <br>   cota   7,45    <br>   refer_1   Rua José Eberhardt    <br>   refer_2   200    <br>   bairro   Coloninha    <br>   coord_x   701861,319078    <br>   coord_y   7019801,1331    <br>   latitude   -26,929046    <br>   longitu   -48,966947]]></description>
        <styleUrl>#icon-1899-DB4436</styleUrl>
        <Point>
          <coordinates>
            -48.966947,-26.929046,0
          </coordinates>
        </Point>
      </Placemark>
      <Placemark>
        <name>7,466</name>
        <description><![CDATA[Rua José Eberhardt    <br>       <br>   FID   439    <br>   sequencia   440    <br>   cota   7,47    <br>   refer_1   Rua José Eberhardt    <br>   refer_2   Rua Petronilia Wessling    <br>   bairro   Coloninha    <br>   coord_x   701890,610941    <br>   coord_y   7019824,00193    <br>   latitude   -26,928835    <br>   longitu   -48,966656]]></description>
        <styleUrl>#icon-1899-DB4436</styleUrl>
        <Point>
          <coordinates>
            -48.966656,-26.928835,0
          </coordinates>
        </Point>
      </Placemark>
      <Placemark>
        <name>7,497</name>
        <description><![CDATA[Rua José Eberhardt    <br>       <br>   FID   440    <br>   sequencia   441    <br>   cota   7,50    <br>   refer_1   Rua José Eberhardt    <br>   refer_2   137    <br>   bairro   Coloninha    <br>   coord_x   701910,254704    <br>   coord_y   7019839,34571    <br>   latitude   -26,928694    <br>   longitu   -48,966461]]></description>
        <styleUrl>#icon-1899-DB4436</styleUrl>
        <Point>
          <coordinates>
            -48.966461,-26.928694,0
          </coordinates>
        </Point>
      </Placemark>
      <Placemark>
        <name>7,86</name>
        <description><![CDATA[Rua José Eberhardt    <br>       <br>   FID   441    <br>   sequencia   442    <br>   cota   7,86    <br>   refer_1   Rua José Eberhardt    <br>   refer_2   129    <br>   bairro   Coloninha    <br>   coord_x   701929,904697    <br>   coord_y   7019854,51886    <br>   latitude   -26,928554    <br>   longitu   -48,966265]]></description>
        <styleUrl>#icon-1899-DB4436</styleUrl>
        <Point>
          <coordinates>
            -48.966265,-26.928554,0
          </coordinates>
        </Point>
      </Placemark>
      <Placemark>
        <name>8,119</name>
        <description><![CDATA[Rua José Eberhardt    <br>       <br>   FID   442    <br>   sequencia   443    <br>   cota   8,12    <br>   refer_1   Rua José Eberhardt    <br>   refer_2   111    <br>   bairro   Coloninha    <br>   coord_x   701952,248163    <br>   coord_y   7019877,43965    <br>   latitude   -26,928344    <br>   longitu   -48,966044]]></description>
        <styleUrl>#icon-1899-DB4436</styleUrl>
        <Point>
          <coordinates>
            -48.966044,-26.928344,0
          </coordinates>
        </Point>
      </Placemark>
      <Placemark>
        <name>8,215</name>
        <description><![CDATA[Rua José Eberhardt    <br>       <br>   FID   443    <br>   sequencia   444    <br>   cota   8,21    <br>   refer_1   Rua José Eberhardt    <br>   refer_2   Rua Vereador Celso Huber    <br>   bairro   Coloninha    <br>   coord_x   701977,693773    <br>   coord_y   7019894,54709    <br>   latitude   -26,928186    <br>   longitu   -48,965791]]></description>
        <styleUrl>#icon-1899-DB4436</styleUrl>
        <Point>
          <coordinates>
            -48.965791,-26.928186,0
          </coordinates>
        </Point>
      </Placemark>
      <Placemark>
        <name>8,442</name>
        <description><![CDATA[Rua José Eberhardt    <br>       <br>   FID   444    <br>   sequencia   445    <br>   cota   8,44    <br>   refer_1   Rua José Eberhardt    <br>   refer_2   375    <br>   bairro   Coloninha    <br>   coord_x   701761,600156    <br>   coord_y   7019720,30883    <br>   latitude   -26,92979    <br>   longitu   -48,967938]]></description>
        <styleUrl>#icon-1899-DB4436</styleUrl>
        <Point>
          <coordinates>
            -48.967938,-26.92979,0
          </coordinates>
        </Point>
      </Placemark>
      <Placemark>
        <name>9,112</name>
        <description><![CDATA[Rua José Eberhardt    <br>       <br>   FID   445    <br>   sequencia   446    <br>   cota   9,11    <br>   refer_1   Rua José Eberhardt    <br>   refer_2   Rua Dom Daniel Hostins    <br>   bairro   Coloninha    <br>   coord_x   701651,641361    <br>   coord_y   7019612,11189    <br>   latitude   -26,930782    <br>   longitu   -48,969027]]></description>
        <styleUrl>#icon-1899-DB4436</styleUrl>
        <Point>
          <coordinates>
            -48.969027,-26.930782,0
          </coordinates>
        </Point>
      </Placemark>
      <Placemark>
        <name>9,163</name>
        <description><![CDATA[Rua José Eberhardt    <br>       <br>   FID   446    <br>   sequencia   447    <br>   cota   9,16    <br>   refer_1   Rua José Eberhardt    <br>   refer_2   412    <br>   bairro   Coloninha    <br>   coord_x   701728,902154    <br>   coord_y   7019692,70511    <br>   latitude   -26,930043    <br>   longitu   -48,968263]]></description>
        <styleUrl>#icon-1899-DB4436</styleUrl>
        <Point>
          <coordinates>
            -48.968263,-26.930043,0
          </coordinates>
        </Point>
      </Placemark>
      <Placemark>
        <name>9,176</name>
        <description><![CDATA[Rua José Eberhardt    <br>       <br>   FID   447    <br>   sequencia   448    <br>   cota   9,18    <br>   refer_1   Rua José Eberhardt    <br>   refer_2   Rua Juvencio José dos Santos    <br>   bairro   Coloninha    <br>   coord_x   701629,835424    <br>   coord_y   7019616,03428    <br>   latitude   -26,93075    <br>   longitu   -48,969248]]></description>
        <styleUrl>#icon-1899-DB4436</styleUrl>
        <Point>
          <coordinates>
            -48.969248,-26.93075,0
          </coordinates>
        </Point>
      </Placemark>
      <Placemark>
        <name>9,2</name>
        <description><![CDATA[Rua José Eberhardt    <br>       <br>   FID   448    <br>   sequencia   449    <br>   cota   9,20    <br>   refer_1   Rua José Eberhardt    <br>   refer_2   35    <br>   bairro   Coloninha    <br>   coord_x   702016,10209    <br>   coord_y   7019925,06466    <br>   latitude   -26,927905    <br>   longitu   -48,965409]]></description>
        <styleUrl>#icon-1899-DB4436</styleUrl>
        <Point>
          <coordinates>
            -48.965409,-26.927905,0
          </coordinates>
        </Point>
      </Placemark>
      <Placemark>
        <name>9,301</name>
        <description><![CDATA[Rua José Eberhardt    <br>       <br>   FID   449    <br>   sequencia   450    <br>   cota   9,30    <br>   refer_1   Rua José Eberhardt    <br>   refer_2   500    <br>   bairro   Coloninha    <br>   coord_x   701612,782362    <br>   coord_y   7019598,57574    <br>   latitude   -26,93091    <br>   longitu   -48,969416]]></description>
        <styleUrl>#icon-1899-DB4436</styleUrl>
        <Point>
          <coordinates>
            -48.969416,-26.93091,0
          </coordinates>
        </Point>
      </Placemark>
      <Placemark>
        <name>9,392</name>
        <description><![CDATA[Rua José Eberhardt    <br>       <br>   FID   450    <br>   sequencia   451    <br>   cota   9,39    <br>   refer_1   Rua José Eberhardt    <br>   refer_2   480    <br>   bairro   Coloninha    <br>   coord_x   701668,129143    <br>   coord_y   7019640,81733    <br>   latitude   -26,93052    <br>   longitu   -48,968866]]></description>
        <styleUrl>#icon-1899-DB4436</styleUrl>
        <Point>
          <coordinates>
            -48.968866,-26.93052,0
          </coordinates>
        </Point>
      </Placemark>
      <Placemark>
        <name>9,399</name>
        <description><![CDATA[Rua José Eberhardt    <br>       <br>   FID   451    <br>   sequencia   452    <br>   cota   9,40    <br>   refer_1   Rua José Eberhardt    <br>   refer_2   440    <br>   bairro   Coloninha    <br>   coord_x   701697,257277    <br>   coord_y   7019666,27414    <br>   latitude   -26,930287    <br>   longitu   -48,968577]]></description>
        <styleUrl>#icon-1899-DB4436</styleUrl>
        <Point>
          <coordinates>
            -48.968577,-26.930287,0
          </coordinates>
        </Point>
      </Placemark>
      <Placemark>
        <name>9,403</name>
        <description><![CDATA[Rua José Eberhardt    <br>       <br>   FID   452    <br>   sequencia   453    <br>   cota   9,40    <br>   refer_1   Rua José Eberhardt    <br>   refer_2   553    <br>   bairro   Coloninha    <br>   coord_x   701585,219221    <br>   coord_y   7019572,35011    <br>   latitude   -26,93115    <br>   longitu   -48,96969]]></description>
        <styleUrl>#icon-1899-DB4436</styleUrl>
        <Point>
          <coordinates>
            -48.96969,-26.93115,0
          </coordinates>
        </Point>
      </Placemark>
      <Placemark>
        <name>9,179</name>
        <description><![CDATA[Rua José Honorato Muller    <br>       <br>   FID   453    <br>   sequencia   454    <br>   cota   9,18    <br>   refer_1   Rua José Honorato Muller    <br>   refer_2   Rua Arnoldo Koch    <br>   bairro   Coloninha    <br>   coord_x   701761,158026    <br>   coord_y   7020202,99382    <br>   latitude   -26,925434    <br>   longitu   -48,96802]]></description>
        <styleUrl>#icon-1899-DB4436</styleUrl>
        <Point>
          <coordinates>
            -48.96802,-26.925434,0
          </coordinates>
        </Point>
      </Placemark>
      <Placemark>
        <name>9,534</name>
        <description><![CDATA[Rua José Honorato Muller    <br>       <br>   FID   454    <br>   sequencia   455    <br>   cota   9,53    <br>   refer_1   Rua José Honorato Muller    <br>   refer_2   Rua Frei Canisio    <br>   bairro   Coloninha    <br>   coord_x   701939,739481    <br>   coord_y   7020047,4834    <br>   latitude   -26,926812    <br>   longitu   -48,966198]]></description>
        <styleUrl>#icon-1899-DB4436</styleUrl>
        <Point>
          <coordinates>
            -48.966198,-26.926812,0
          </coordinates>
        </Point>
      </Placemark>
      <Placemark>
        <name>9,791</name>
        <description><![CDATA[Rua José Honorato Muller    <br>       <br>   FID   455    <br>   sequencia   456    <br>   cota   9,79    <br>   refer_1   Rua José Honorato Muller    <br>   refer_2   Rua Gregório Pedro Eberhardt    <br>   bairro   Coloninha    <br>   coord_x   701869,149571    <br>   coord_y   7020112,76736    <br>   latitude   -26,926233    <br>   longitu   -48,966919]]></description>
        <styleUrl>#icon-1899-DB4436</styleUrl>
        <Point>
          <coordinates>
            -48.966919,-26.926233,0
          </coordinates>
        </Point>
      </Placemark>
      <Placemark>
        <name>9,815</name>
        <description><![CDATA[Rua José Honorato Muller    <br>       <br>   FID   456    <br>   sequencia   457    <br>   cota   9,81    <br>   refer_1   Rua José Honorato Muller    <br>   refer_2   Defronte Terminal Urbano    <br>   bairro   Coloninha    <br>   coord_x   701900,727319    <br>   coord_y   7020076,80108    <br>   latitude   -26,926553    <br>   longitu   -48,966595]]></description>
        <styleUrl>#icon-1899-DB4436</styleUrl>
        <Point>
          <coordinates>
            -48.966595,-26.926553,0
          </coordinates>
        </Point>
      </Placemark>
      <Placemark>
        <name>10,493</name>
        <description><![CDATA[Rua José Honorato Muller    <br>       <br>   FID   457    <br>   sequencia   458    <br>   cota   10,49    <br>   refer_1   Rua José Honorato Muller    <br>   refer_2   Rua José Eberhardt    <br>   bairro   Coloninha    <br>   coord_x   702045,001951    <br>   coord_y   7019951,68016    <br>   latitude   -26,927661    <br>   longitu   -48,965123]]></description>
        <styleUrl>#icon-1899-DB4436</styleUrl>
        <Point>
          <coordinates>
            -48.965123,-26.927661,0
          </coordinates>
        </Point>
      </Placemark>
      <Placemark>
        <name>10,538</name>
        <description><![CDATA[Rua José Honorato Muller    <br>       <br>   FID   458    <br>   sequencia   459    <br>   cota   10,54    <br>   refer_1   Rua José Honorato Muller    <br>   refer_2   Rua Júlio Deschamps    <br>   bairro   Coloninha    <br>   coord_x   702025,284932    <br>   coord_y   7019969,67169    <br>   latitude   -26,927501    <br>   longitu   -48,965324]]></description>
        <styleUrl>#icon-1899-DB4436</styleUrl>
        <Point>
          <coordinates>
            -48.965324,-26.927501,0
          </coordinates>
        </Point>
      </Placemark>
      <Placemark>
        <name>10,884</name>
        <description><![CDATA[Rua José Honorato Muller    <br>       <br>   FID   459    <br>   sequencia   460    <br>   cota   10,88    <br>   refer_1   Rua José Honorato Muller    <br>   refer_2   Atrás balança Linhas Círculo    <br>   bairro   Coloninha    <br>   coord_x   702087,762905    <br>   coord_y   7019926,52197    <br>   latitude   -26,927882    <br>   longitu   -48,964688]]></description>
        <styleUrl>#icon-1899-DB4436</styleUrl>
        <Point>
          <coordinates>
            -48.964688,-26.927882,0
          </coordinates>
        </Point>
      </Placemark>
      <Placemark>
        <name>10,905</name>
        <description><![CDATA[Rua José Honorato Muller    <br>       <br>   FID   460    <br>   sequencia   461    <br>   cota   10,90    <br>   refer_1   Rua José Honorato Muller    <br>   refer_2   Rua Frei Antonino    <br>   bairro   Coloninha    <br>   coord_x   702198,327921    <br>   coord_y   7019822,24601    <br>   latitude   -26,928807    <br>   longitu   -48,963558]]></description>
        <styleUrl>#icon-1899-DB4436</styleUrl>
        <Point>
          <coordinates>
            -48.963558,-26.928807,0
          </coordinates>
        </Point>
      </Placemark>
      <Placemark>
        <name>7,342</name>
        <description><![CDATA[Rua José Lanznaster    <br>       <br>   FID   461    <br>   sequencia   462    <br>   cota   7,34    <br>   refer_1   Rua José Lanznaster    <br>   refer_2   35    <br>   bairro   Coloninha    <br>   coord_x   701813,490549    <br>   coord_y   7019884,49437    <br>   latitude   -26,928301    <br>   longitu   -48,967442]]></description>
        <styleUrl>#icon-1899-DB4436</styleUrl>
        <Point>
          <coordinates>
            -48.967442,-26.928301,0
          </coordinates>
        </Point>
      </Placemark>
      <Placemark>
        <name>7,526</name>
        <description><![CDATA[Rua Júlio Zimmermann    <br>       <br>   FID   462    <br>   sequencia   463    <br>   cota   7,53    <br>   refer_1   Rua Júlio Zimmermann    <br>   refer_2   80    <br>   bairro   Coloninha    <br>   coord_x   701474,946965    <br>   coord_y   7019528,74483    <br>   latitude   -26,93156    <br>   longitu   -48,970793]]></description>
        <styleUrl>#icon-1899-DB4436</styleUrl>
        <Point>
          <coordinates>
            -48.970793,-26.93156,0
          </coordinates>
        </Point>
      </Placemark>
      <Placemark>
        <name>8,499</name>
        <description><![CDATA[Rua Juvencio José dos Santos    <br>       <br>   FID   463    <br>   sequencia   464    <br>   cota   8,50    <br>   refer_1   Rua Juvencio José dos Santos    <br>   refer_2   45    <br>   bairro   Coloninha    <br>   coord_x   701596,869353    <br>   coord_y   7019667,28351    <br>   latitude   -26,930292    <br>   longitu   -48,969588]]></description>
        <styleUrl>#icon-1899-DB4436</styleUrl>
        <Point>
          <coordinates>
            -48.969588,-26.930292,0
          </coordinates>
        </Point>
      </Placemark>
      <Placemark>
        <name>9,422</name>
        <description><![CDATA[Rua Leopoldo Moser    <br>       <br>   FID   464    <br>   sequencia   465    <br>   cota   9,42    <br>   refer_1   Rua Leopoldo Moser    <br>   refer_2   à 65 metros do início da rua    <br>   bairro   Coloninha    <br>   coord_x   701727,679221    <br>   coord_y   7019383,1844    <br>   latitude   -26,932836    <br>   longitu   -48,968225]]></description>
        <styleUrl>#icon-1899-DB4436</styleUrl>
        <Point>
          <coordinates>
            -48.968225,-26.932836,0
          </coordinates>
        </Point>
      </Placemark>
      <Placemark>
        <name>6,58</name>
        <description><![CDATA[Rua Maestro Egon Bohn    <br>       <br>   FID   465    <br>   sequencia   466    <br>   cota   6,58    <br>   refer_1   Rua Maestro Egon Bohn    <br>   refer_2   830    <br>   bairro   Coloninha    <br>   coord_x   701018,652798    <br>   coord_y   7019790,68602    <br>   latitude   -26,929262    <br>   longitu   -48,975428]]></description>
        <styleUrl>#icon-1899-DB4436</styleUrl>
        <Point>
          <coordinates>
            -48.975428,-26.929262,0
          </coordinates>
        </Point>
      </Placemark>
      <Placemark>
        <name>7,896</name>
        <description><![CDATA[Rua Maestro Egon Bohn    <br>       <br>   FID   466    <br>   sequencia   467    <br>   cota   7,90    <br>   refer_1   Rua Maestro Egon Bohn    <br>   refer_2   781    <br>   bairro   Coloninha    <br>   coord_x   701058,915588    <br>   coord_y   7019820,8924    <br>   latitude   -26,928984    <br>   longitu   -48,975028]]></description>
        <styleUrl>#icon-1899-DB4436</styleUrl>
        <Point>
          <coordinates>
            -48.975028,-26.928984,0
          </coordinates>
        </Point>
      </Placemark>
      <Placemark>
        <name>8,343</name>
        <description><![CDATA[Rua Maestro Egon Bohn    <br>       <br>   FID   467    <br>   sequencia   468    <br>   cota   8,34    <br>   refer_1   Rua Maestro Egon Bohn    <br>   refer_2   414    <br>   bairro   Coloninha    <br>   coord_x   701323,473779    <br>   coord_y   7020063,34893    <br>   latitude   -26,926758    <br>   longitu   -48,972404]]></description>
        <styleUrl>#icon-1899-DB4436</styleUrl>
        <Point>
          <coordinates>
            -48.972404,-26.926758,0
          </coordinates>
        </Point>
      </Placemark>
      <Placemark>
        <name>8,415</name>
        <description><![CDATA[Rua Maestro Egon Bohn    <br>       <br>   FID   468    <br>   sequencia   469    <br>   cota   8,41    <br>   refer_1   Rua Maestro Egon Bohn    <br>   refer_2   482    <br>   bairro   Coloninha    <br>   coord_x   701276,84245    <br>   coord_y   7020024,72545    <br>   latitude   -26,927113    <br>   longitu   -48,972867]]></description>
        <styleUrl>#icon-1899-DB4436</styleUrl>
        <Point>
          <coordinates>
            -48.972867,-26.927113,0
          </coordinates>
        </Point>
      </Placemark>
      <Placemark>
        <name>8,628</name>
        <description><![CDATA[Rua Maestro Egon Bohn    <br>       <br>   FID   469    <br>   sequencia   470    <br>   cota   8,63    <br>   refer_1   Rua Maestro Egon Bohn    <br>   refer_2   342    <br>   bairro   Coloninha    <br>   coord_x   701375,719731    <br>   coord_y   7020110,20765    <br>   latitude   -26,926328    <br>   longitu   -48,971885]]></description>
        <styleUrl>#icon-1899-DB4436</styleUrl>
        <Point>
          <coordinates>
            -48.971885,-26.926328,0
          </coordinates>
        </Point>
      </Placemark>
      <Placemark>
        <name>8,681</name>
        <description><![CDATA[Rua Maestro Egon Bohn    <br>       <br>   FID   470    <br>   sequencia   471    <br>   cota   8,68    <br>   refer_1   Rua Maestro Egon Bohn    <br>   refer_2   715    <br>   bairro   Coloninha    <br>   coord_x   701108,04557    <br>   coord_y   7019864,10416    <br>   latitude   -26,928587    <br>   longitu   -48,97454]]></description>
        <styleUrl>#icon-1899-DB4436</styleUrl>
        <Point>
          <coordinates>
            -48.97454,-26.928587,0
          </coordinates>
        </Point>
      </Placemark>
      <Placemark>
        <name>8,822</name>
        <description><![CDATA[Rua Maestro Egon Bohn    <br>       <br>   FID   471    <br>   sequencia   472    <br>   cota   8,82    <br>   refer_1   Rua Maestro Egon Bohn    <br>   refer_2   560    <br>   bairro   Coloninha    <br>   coord_x   701218,542934    <br>   coord_y   7019972,93516    <br>   latitude   -26,927589    <br>   longitu   -48,973445]]></description>
        <styleUrl>#icon-1899-DB4436</styleUrl>
        <Point>
          <coordinates>
            -48.973445,-26.927589,0
          </coordinates>
        </Point>
      </Placemark>
      <Placemark>
        <name>8,826</name>
        <description><![CDATA[Rua Maestro Egon Bohn    <br>       <br>   FID   472    <br>   sequencia   473    <br>   cota   8,83    <br>   refer_1   Rua Maestro Egon Bohn    <br>   refer_2   Rua Edeltraud Lydia Gaetner    <br>   bairro   Coloninha    <br>   coord_x   701494,345619    <br>   coord_y   7020208,79112    <br>   latitude   -26,925421    <br>   longitu   -48,970707]]></description>
        <styleUrl>#icon-1899-DB4436</styleUrl>
        <Point>
          <coordinates>
            -48.970707,-26.925421,0
          </coordinates>
        </Point>
      </Placemark>
      <Placemark>
        <name>8,915</name>
        <description><![CDATA[Rua Maestro Egon Bohn    <br>       <br>   FID   473    <br>   sequencia   474    <br>   cota   8,91    <br>   refer_1   Rua Maestro Egon Bohn    <br>   refer_2   632    <br>   bairro   Coloninha    <br>   coord_x   701158,316392    <br>   coord_y   7019918,0872    <br>   latitude   -26,928092    <br>   longitu   -48,974043]]></description>
        <styleUrl>#icon-1899-DB4436</styleUrl>
        <Point>
          <coordinates>
            -48.974043,-26.928092,0
          </coordinates>
        </Point>
      </Placemark>
      <Placemark>
        <name>9,328</name>
        <description><![CDATA[Rua Maestro Egon Bohn    <br>       <br>   FID   474    <br>   sequencia   475    <br>   cota   9,33    <br>   refer_1   Rua Maestro Egon Bohn    <br>   refer_2   290    <br>   bairro   Coloninha    <br>   coord_x   701416,728949    <br>   coord_y   7020142,07426    <br>   latitude   -26,926034    <br>   longitu   -48,971478]]></description>
        <styleUrl>#icon-1899-DB4436</styleUrl>
        <Point>
          <coordinates>
            -48.971478,-26.926034,0
          </coordinates>
        </Point>
      </Placemark>
      <Placemark>
        <name>9,418</name>
        <description><![CDATA[Rua Maestro Egon Bohn    <br>       <br>   FID   475    <br>   sequencia   476    <br>   cota   9,42    <br>   refer_1   Rua Maestro Egon Bohn    <br>   refer_2   Rua Paulina Berkenbrok Gorisch    <br>   bairro   Coloninha    <br>   coord_x   701432,061393    <br>   coord_y   7020144,23954    <br>   latitude   -26,926012    <br>   longitu   -48,971324]]></description>
        <styleUrl>#icon-1899-DB4436</styleUrl>
        <Point>
          <coordinates>
            -48.971324,-26.926012,0
          </coordinates>
        </Point>
      </Placemark>
      <Placemark>
        <name>9,961</name>
        <description><![CDATA[Rua Maestro Egon Bohn    <br>       <br>   FID   476    <br>   sequencia   477    <br>   cota   9,96    <br>   refer_1   Rua Maestro Egon Bohn    <br>   refer_2   135    <br>   bairro   Coloninha    <br>   coord_x   701540,346721    <br>   coord_y   7020249,02186    <br>   latitude   -26,925051    <br>   longitu   -48,970251]]></description>
        <styleUrl>#icon-1899-DB4436</styleUrl>
        <Point>
          <coordinates>
            -48.970251,-26.925051,0
          </coordinates>
        </Point>
      </Placemark>
      <Placemark>
        <name>10,355</name>
        <description><![CDATA[Rua Maestro Egon Bohn    <br>       <br>   FID   477    <br>   sequencia   478    <br>   cota   10,36    <br>   refer_1   Rua Maestro Egon Bohn    <br>   refer_2   Defronte frente Residencial Valquiria    <br>   bairro   Coloninha    <br>   coord_x   701587,177446    <br>   coord_y   7020277,41716    <br>   latitude   -26,924788    <br>   longitu   -48,969784]]></description>
        <styleUrl>#icon-1899-DB4436</styleUrl>
        <Point>
          <coordinates>
            -48.969784,-26.924788,0
          </coordinates>
        </Point>
      </Placemark>
      <Placemark>
        <name>10,363</name>
        <description><![CDATA[Rua Maestro Egon Bohn    <br>       <br>   FID   478    <br>   sequencia   479    <br>   cota   10,36    <br>   refer_1   Rua Maestro Egon Bohn    <br>   refer_2   Rua Francisco Bohn    <br>   bairro   Coloninha    <br>   coord_x   701574,171703    <br>   coord_y   7020261,48457    <br>   latitude   -26,924934    <br>   longitu   -48,969912]]></description>
        <styleUrl>#icon-1899-DB4436</styleUrl>
        <Point>
          <coordinates>
            -48.969912,-26.924934,0
          </coordinates>
        </Point>
      </Placemark>
      <Placemark>
        <name>6,995</name>
        <description><![CDATA[Rua Maria da Silva    <br>       <br>   FID   479    <br>   sequencia   480    <br>   cota   7,00    <br>   refer_1   Rua Maria da Silva    <br>   refer_2   55    <br>   bairro   Coloninha    <br>   coord_x   701765,62986    <br>   coord_y   7019834,0493    <br>   latitude   -26,928763    <br>   longitu   -48,967916]]></description>
        <styleUrl>#icon-1899-DB4436</styleUrl>
        <Point>
          <coordinates>
            -48.967916,-26.928763,0
          </coordinates>
        </Point>
      </Placemark>
      <Placemark>
        <name>8,181</name>
        <description><![CDATA[Rua Martins Felício Eberhardt    <br>       <br>   FID   480    <br>   sequencia   481    <br>   cota   8,18    <br>   refer_1   Rua Martins Felício Eberhardt    <br>   refer_2   35    <br>   bairro   Coloninha    <br>   coord_x   701659,129662    <br>   coord_y   7019747,8848    <br>   latitude   -26,929556    <br>   longitu   -48,968974]]></description>
        <styleUrl>#icon-1899-DB4436</styleUrl>
        <Point>
          <coordinates>
            -48.968974,-26.929556,0
          </coordinates>
        </Point>
      </Placemark>
      <Placemark>
        <name>9,332</name>
        <description><![CDATA[Rua Nova Veneza    <br>       <br>   FID   481    <br>   sequencia   482    <br>   cota   9,33    <br>   refer_1   Rua Nova Veneza    <br>   refer_2   Final de rua    <br>   bairro   Coloninha    <br>   coord_x   702064,114001    <br>   coord_y   7019418,02427    <br>   latitude   -26,932473    <br>   longitu   -48,964844]]></description>
        <styleUrl>#icon-1899-DB4436</styleUrl>
        <Point>
          <coordinates>
            -48.964844,-26.932473,0
          </coordinates>
        </Point>
      </Placemark>
      <Placemark>
        <name>9,366</name>
        <description><![CDATA[Rua Nova Veneza    <br>       <br>   FID   482    <br>   sequencia   483    <br>   cota   9,37    <br>   refer_1   Rua Nova Veneza    <br>   refer_2   50    <br>   bairro   Coloninha    <br>   coord_x   702001,736602    <br>   coord_y   7019460,24047    <br>   latitude   -26,932101    <br>   longitu   -48,965479]]></description>
        <styleUrl>#icon-1899-DB4436</styleUrl>
        <Point>
          <coordinates>
            -48.965479,-26.932101,0
          </coordinates>
        </Point>
      </Placemark>
      <Placemark>
        <name>9,936</name>
        <description><![CDATA[Rua Orleans    <br>       <br>   FID   483    <br>   sequencia   484    <br>   cota   9,94    <br>   refer_1   Rua Orleans    <br>   refer_2   116    <br>   bairro   Coloninha    <br>   coord_x   702018,565921    <br>   coord_y   7019392,45342    <br>   latitude   -26,932711    <br>   longitu   -48,965298]]></description>
        <styleUrl>#icon-1899-DB4436</styleUrl>
        <Point>
          <coordinates>
            -48.965298,-26.932711,0
          </coordinates>
        </Point>
      </Placemark>
      <Placemark>
        <name>9,975</name>
        <description><![CDATA[Rua Orleans    <br>       <br>   FID   484    <br>   sequencia   485    <br>   cota   9,97    <br>   refer_1   Rua Orleans    <br>   refer_2   40    <br>   bairro   Coloninha    <br>   coord_x   701970,311654    <br>   coord_y   7019427,17743    <br>   latitude   -26,932404    <br>   longitu   -48,96579]]></description>
        <styleUrl>#icon-1899-DB4436</styleUrl>
        <Point>
          <coordinates>
            -48.96579,-26.932404,0
          </coordinates>
        </Point>
      </Placemark>
      <Placemark>
        <name>7,257</name>
        <description><![CDATA[Rua Otto Pawlowsky    <br>       <br>   FID   485    <br>   sequencia   486    <br>   cota   7,26    <br>   refer_1   Rua Otto Pawlowsky    <br>   refer_2   130    <br>   bairro   Coloninha    <br>   coord_x   701387,822849    <br>   coord_y   7019761,07023    <br>   latitude   -26,929476    <br>   longitu   -48,971707]]></description>
        <styleUrl>#icon-1899-DB4436</styleUrl>
        <Point>
          <coordinates>
            -48.971707,-26.929476,0
          </coordinates>
        </Point>
      </Placemark>
      <Placemark>
        <name>7,48</name>
        <description><![CDATA[Rua Otto Pawlowsky    <br>       <br>   FID   486    <br>   sequencia   487    <br>   cota   7,48    <br>   refer_1   Rua Otto Pawlowsky    <br>   refer_2   52    <br>   bairro   Coloninha    <br>   coord_x   701435,625362    <br>   coord_y   7019708,28701    <br>   latitude   -26,929945    <br>   longitu   -48,971217]]></description>
        <styleUrl>#icon-1899-DB4436</styleUrl>
        <Point>
          <coordinates>
            -48.971217,-26.929945,0
          </coordinates>
        </Point>
      </Placemark>
      <Placemark>
        <name>8,736</name>
        <description><![CDATA[Rua Paulina Berkenbrok Gorisch    <br>       <br>   FID   487    <br>   sequencia   488    <br>   cota   8,74    <br>   refer_1   Rua Paulina Berkenbrok Gorisch    <br>   refer_2   100    <br>   bairro   Coloninha    <br>   coord_x   701508,875654    <br>   coord_y   7020052,67252    <br>   latitude   -26,926827    <br>   longitu   -48,970536]]></description>
        <styleUrl>#icon-1899-DB4436</styleUrl>
        <Point>
          <coordinates>
            -48.970536,-26.926827,0
          </coordinates>
        </Point>
      </Placemark>
      <Placemark>
        <name>9,095</name>
        <description><![CDATA[Rua Paulina Berkenbrok Gorisch    <br>       <br>   FID   488    <br>   sequencia   489    <br>   cota   9,10    <br>   refer_1   Rua Paulina Berkenbrok Gorisch    <br>   refer_2   Rua Heinrich Gorisch    <br>   bairro   Coloninha    <br>   coord_x   701473,050858    <br>   coord_y   7020085,10355    <br>   latitude   -26,92654    <br>   longitu   -48,970902]]></description>
        <styleUrl>#icon-1899-DB4436</styleUrl>
        <Point>
          <coordinates>
            -48.970902,-26.92654,0
          </coordinates>
        </Point>
      </Placemark>
      <Placemark>
        <name>9,117</name>
        <description><![CDATA[Rua Paulina Berkenbrok Gorisch    <br>       <br>   FID   489    <br>   sequencia   490    <br>   cota   9,12    <br>   refer_1   Rua Paulina Berkenbrok Gorisch    <br>   refer_2   69    <br>   bairro   Coloninha    <br>   coord_x   701470,872167    <br>   coord_y   7020097,32133    <br>   latitude   -26,92643    <br>   longitu   -48,970925]]></description>
        <styleUrl>#icon-1899-DB4436</styleUrl>
        <Point>
          <coordinates>
            -48.970925,-26.92643,0
          </coordinates>
        </Point>
      </Placemark>
      <Placemark>
        <name>8,07</name>
        <description><![CDATA[Rua Paulo Alois Eberhardt    <br>       <br>   FID   490    <br>   sequencia   491    <br>   cota   8,07    <br>   refer_1   Rua Paulo Alois Eberhardt    <br>   refer_2   60    <br>   bairro   Coloninha    <br>   coord_x   701914,312048    <br>   coord_y   7019758,12628    <br>   latitude   -26,929426    <br>   longitu   -48,966407]]></description>
        <styleUrl>#icon-1899-DB4436</styleUrl>
        <Point>
          <coordinates>
            -48.966407,-26.929426,0
          </coordinates>
        </Point>
      </Placemark>
      <Placemark>
        <name>8,358</name>
        <description><![CDATA[Rua Paulo Alois Eberhardt    <br>       <br>   FID   491    <br>   sequencia   492    <br>   cota   8,36    <br>   refer_1   Rua Paulo Alois Eberhardt    <br>   refer_2   40    <br>   bairro   Coloninha    <br>   coord_x   701970,274543    <br>   coord_y   7019797,71297    <br>   latitude   -26,929061    <br>   longitu   -48,96585]]></description>
        <styleUrl>#icon-1899-DB4436</styleUrl>
        <Point>
          <coordinates>
            -48.96585,-26.929061,0
          </coordinates>
        </Point>
      </Placemark>
      <Placemark>
        <name>8,393</name>
        <description><![CDATA[Rua Paulo Alois Eberhardt    <br>       <br>   FID   492    <br>   sequencia   493    <br>   cota   8,39    <br>   refer_1   Rua Paulo Alois Eberhardt    <br>   refer_2   50    <br>   bairro   Coloninha    <br>   coord_x   701941,628719    <br>   coord_y   7019783,02928    <br>   latitude   -26,929198    <br>   longitu   -48,966136]]></description>
        <styleUrl>#icon-1899-DB4436</styleUrl>
        <Point>
          <coordinates>
            -48.966136,-26.929198,0
          </coordinates>
        </Point>
      </Placemark>
      <Placemark>
        <name>8,399</name>
        <description><![CDATA[Rua Paulo Alois Eberhardt    <br>       <br>   FID   493    <br>   sequencia   494    <br>   cota   8,40    <br>   refer_1   Rua Paulo Alois Eberhardt    <br>   refer_2   20    <br>   bairro   Coloninha    <br>   coord_x   701996,047767    <br>   coord_y   7019820,07372    <br>   latitude   -26,928855    <br>   longitu   -48,965594]]></description>
        <styleUrl>#icon-1899-DB4436</styleUrl>
        <Point>
          <coordinates>
            -48.965594,-26.928855,0
          </coordinates>
        </Point>
      </Placemark>
      <Placemark>
        <name>9,05</name>
        <description><![CDATA[Rua Paulo Alois Eberhardt    <br>       <br>   FID   494    <br>   sequencia   495    <br>   cota   9,05    <br>   refer_1   Rua Paulo Alois Eberhardt    <br>   refer_2   Rua Dom Daniel Hostins    <br>   bairro   Coloninha    <br>   coord_x   701694,273033    <br>   coord_y   7019574,80578    <br>   latitude   -26,931112    <br>   longitu   -48,968592]]></description>
        <styleUrl>#icon-1899-DB4436</styleUrl>
        <Point>
          <coordinates>
            -48.968592,-26.931112,0
          </coordinates>
        </Point>
      </Placemark>
      <Placemark>
        <name>9,095</name>
        <description><![CDATA[Rua Paulo Alois Eberhardt    <br>       <br>   FID   495    <br>   sequencia   496    <br>   cota   9,10    <br>   refer_1   Rua Paulo Alois Eberhardt    <br>   refer_2   70    <br>   bairro   Coloninha    <br>   coord_x   701877,055597    <br>   coord_y   7019727,07727    <br>   latitude   -26,929712    <br>   longitu   -48,966777]]></description>
        <styleUrl>#icon-1899-DB4436</styleUrl>
        <Point>
          <coordinates>
            -48.966777,-26.929712,0
          </coordinates>
        </Point>
      </Placemark>
      <Placemark>
        <name>9,596</name>
        <description><![CDATA[Rua Paulo Alois Eberhardt    <br>       <br>   FID   496    <br>   sequencia   497    <br>   cota   9,60    <br>   refer_1   Rua Paulo Alois Eberhardt    <br>   refer_2   à 25 metros após cruzamento com rua Dom Daniel Hostins    <br>   bairro   Coloninha    <br>   coord_x   701672,981822    <br>   coord_y   7019553,65774    <br>   latitude   -26,931306    <br>   longitu   -48,968803]]></description>
        <styleUrl>#icon-1899-DB4436</styleUrl>
        <Point>
          <coordinates>
            -48.968803,-26.931306,0
          </coordinates>
        </Point>
      </Placemark>
      <Placemark>
        <name>10,473</name>
        <description><![CDATA[Rua Paulo de Oliveira    <br>       <br>   FID   497    <br>   sequencia   498    <br>   cota   10,47    <br>   refer_1   Rua Paulo de Oliveira    <br>   refer_2   Final de rua    <br>   bairro   Coloninha    <br>   coord_x   702357,412537    <br>   coord_y   7019664,99855    <br>   latitude   -26,930202    <br>   longitu   -48,961931]]></description>
        <styleUrl>#icon-1899-DB4436</styleUrl>
        <Point>
          <coordinates>
            -48.961931,-26.930202,0
          </coordinates>
        </Point>
      </Placemark>
      <Placemark>
        <name>10,569</name>
        <description><![CDATA[Rua Paulo de Oliveira    <br>       <br>   FID   498    <br>   sequencia   499    <br>   cota   10,57    <br>   refer_1   Rua Paulo de Oliveira    <br>   refer_2   Rua Pedro José Venera    <br>   bairro   Coloninha    <br>   coord_x   702310,734963    <br>   coord_y   7019702,33095    <br>   latitude   -26,929872    <br>   longitu   -48,962407]]></description>
        <styleUrl>#icon-1899-DB4436</styleUrl>
        <Point>
          <coordinates>
            -48.962407,-26.929872,0
          </coordinates>
        </Point>
      </Placemark>
      <Placemark>
        <name>10,577</name>
        <description><![CDATA[Rua Paulo de Oliveira    <br>       <br>   FID   499    <br>   sequencia   500    <br>   cota   10,58    <br>   refer_1   Rua Paulo de Oliveira    <br>   refer_2   40    <br>   bairro   Coloninha    <br>   coord_x   702291,912655    <br>   coord_y   7019730,04776    <br>   latitude   -26,929625    <br>   longitu   -48,962601]]></description>
        <styleUrl>#icon-1899-DB4436</styleUrl>
        <Point>
          <coordinates>
            -48.962601,-26.929625,0
          </coordinates>
        </Point>
      </Placemark>
      <Placemark>
        <name>9,05</name>
        <description><![CDATA[Rua Paulo Evaldo Gaertner    <br>       <br>   FID   500    <br>   sequencia   501    <br>   cota   9,05    <br>   refer_1   Rua Paulo Evaldo Gaertner    <br>   refer_2   40    <br>   bairro   Coloninha    <br>   coord_x   701763,542002    <br>   coord_y   7020235,95574    <br>   latitude   -26,925137    <br>   longitu   -48,968002]]></description>
        <styleUrl>#icon-1899-DB4436</styleUrl>
        <Point>
          <coordinates>
            -48.968002,-26.925137,0
          </coordinates>
        </Point>
      </Placemark>
      <Placemark>
        <name>9,306</name>
        <description><![CDATA[Rua Paulo Evaldo Gaertner    <br>       <br>   FID   501    <br>   sequencia   502    <br>   cota   9,31    <br>   refer_1   Rua Paulo Evaldo Gaertner    <br>   refer_2   425    <br>   bairro   Coloninha    <br>   coord_x   701738,893146    <br>   coord_y   7020267,61874    <br>   latitude   -26,924855    <br>   longitu   -48,968255]]></description>
        <styleUrl>#icon-1899-DB4436</styleUrl>
        <Point>
          <coordinates>
            -48.968255,-26.924855,0
          </coordinates>
        </Point>
      </Placemark>
      <Placemark>
        <name>9,703</name>
        <description><![CDATA[Rua Paulo Evaldo Gaertner    <br>       <br>   FID   502    <br>   sequencia   503    <br>   cota   9,70    <br>   refer_1   Rua Paulo Evaldo Gaertner    <br>   refer_2   Defronte ao depósito Rede TOP    <br>   bairro   Coloninha    <br>   coord_x   701720,937393    <br>   coord_y   7020286,21818    <br>   latitude   -26,924689    <br>   longitu   -48,968439]]></description>
        <styleUrl>#icon-1899-DB4436</styleUrl>
        <Point>
          <coordinates>
            -48.968439,-26.924689,0
          </coordinates>
        </Point>
      </Placemark>
      <Placemark>
        <name>10,148</name>
        <description><![CDATA[Rua Paulo Evaldo Gaertner    <br>       <br>   FID   503    <br>   sequencia   504    <br>   cota   10,15    <br>   refer_1   Rua Paulo Evaldo Gaertner    <br>   refer_2   150    <br>   bairro   Coloninha    <br>   coord_x   701688,658063    <br>   coord_y   7020317,04497    <br>   latitude   -26,924416    <br>   longitu   -48,968769]]></description>
        <styleUrl>#icon-1899-DB4436</styleUrl>
        <Point>
          <coordinates>
            -48.968769,-26.924416,0
          </coordinates>
        </Point>
      </Placemark>
      <Placemark>
        <name>10,268</name>
        <description><![CDATA[Rua Paulo Evaldo Gaertner    <br>       <br>   FID   504    <br>   sequencia   505    <br>   cota   10,27    <br>   refer_1   Rua Paulo Evaldo Gaertner    <br>   refer_2   Rua Maestro Egon Bohn    <br>   bairro   Coloninha    <br>   coord_x   701653,769601    <br>   coord_y   7020333,12541    <br>   latitude   -26,924276    <br>   longitu   -48,969123]]></description>
        <styleUrl>#icon-1899-DB4436</styleUrl>
        <Point>
          <coordinates>
            -48.969123,-26.924276,0
          </coordinates>
        </Point>
      </Placemark>
      <Placemark>
        <name>10,876</name>
        <description><![CDATA[Rua Paulo Evaldo Gaertner    <br>       <br>   FID   505    <br>   sequencia   506    <br>   cota   10,88    <br>   refer_1   Rua Paulo Evaldo Gaertner    <br>   refer_2   Beco Inês Baron    <br>   bairro   Coloninha    <br>   coord_x   701393,448875    <br>   coord_y   7020578,26048    <br>   latitude   -26,922102    <br>   longitu   -48,971782]]></description>
        <styleUrl>#icon-1899-DB4436</styleUrl>
        <Point>
          <coordinates>
            -48.971782,-26.922102,0
          </coordinates>
        </Point>
      </Placemark>
      <Placemark>
        <name>10,88</name>
        <description><![CDATA[Rua Paulo Evaldo Gaertner    <br>       <br>   FID   506    <br>   sequencia   507    <br>   cota   10,88    <br>   refer_1   Rua Paulo Evaldo Gaertner    <br>   refer_2   Rua Helmuth Muller    <br>   bairro   Coloninha    <br>   coord_x   701592,699543    <br>   coord_y   7020386,77714    <br>   latitude   -26,923801    <br>   longitu   -48,969746]]></description>
        <styleUrl>#icon-1899-DB4436</styleUrl>
        <Point>
          <coordinates>
            -48.969746,-26.923801,0
          </coordinates>
        </Point>
      </Placemark>
      <Placemark>
        <name>11,218</name>
        <description><![CDATA[Rua Paulo Evaldo Gaertner    <br>       <br>   FID   507    <br>   sequencia   508    <br>   cota   11,22    <br>   refer_1   Rua Paulo Evaldo Gaertner    <br>   refer_2   Rua Jacob Muller    <br>   bairro   Coloninha    <br>   coord_x   701566,518171    <br>   coord_y   7020420,36302    <br>   latitude   -26,923501    <br>   longitu   -48,970015]]></description>
        <styleUrl>#icon-1899-DB4436</styleUrl>
        <Point>
          <coordinates>
            -48.970015,-26.923501,0
          </coordinates>
        </Point>
      </Placemark>
      <Placemark>
        <name>13,474</name>
        <description><![CDATA[Rua Paulo Evaldo Gaertner    <br>       <br>   FID   508    <br>   sequencia   509    <br>   cota   13,47    <br>   refer_1   Rua Paulo Evaldo Gaertner    <br>   refer_2   Rua Johan Wolfrann    <br>   bairro   Coloninha    <br>   coord_x   701530,563756    <br>   coord_y   7020453,99919    <br>   latitude   -26,923203    <br>   longitu   -48,970382]]></description>
        <styleUrl>#icon-1899-DB4436</styleUrl>
        <Point>
          <coordinates>
            -48.970382,-26.923203,0
          </coordinates>
        </Point>
      </Placemark>
      <Placemark>
        <name>9,378</name>
        <description><![CDATA[Rua Paulo Gaertner    <br>       <br>   FID   509    <br>   sequencia   510    <br>   cota   9,38    <br>   refer_1   Rua Paulo Gaertner    <br>   refer_2   33    <br>   bairro   Coloninha    <br>   coord_x   701685,241793    <br>   coord_y   7020285,19717    <br>   latitude   -26,924704    <br>   longitu   -48,968798]]></description>
        <styleUrl>#icon-1899-DB4436</styleUrl>
        <Point>
          <coordinates>
            -48.968798,-26.924704,0
          </coordinates>
        </Point>
      </Placemark>
      <Placemark>
        <name>10,386</name>
        <description><![CDATA[Rua Pedro José Venera    <br>       <br>   FID   510    <br>   sequencia   511    <br>   cota   10,39    <br>   refer_1   Rua Pedro José Venera    <br>   refer_2   111    <br>   bairro   Coloninha    <br>   coord_x   702263,253649    <br>   coord_y   7019650,22791    <br>   latitude   -26,930349    <br>   longitu   -48,962877]]></description>
        <styleUrl>#icon-1899-DB4436</styleUrl>
        <Point>
          <coordinates>
            -48.962877,-26.930349,0
          </coordinates>
        </Point>
      </Placemark>
      <Placemark>
        <name>10,417</name>
        <description><![CDATA[Rua Pedro José Venera    <br>       <br>   FID   511    <br>   sequencia   512    <br>   cota   10,42    <br>   refer_1   Rua Pedro José Venera    <br>   refer_2   70    <br>   bairro   Coloninha    <br>   coord_x   702288,536386    <br>   coord_y   7019676,58136    <br>   latitude   -26,930108    <br>   longitu   -48,962626]]></description>
        <styleUrl>#icon-1899-DB4436</styleUrl>
        <Point>
          <coordinates>
            -48.962626,-26.930108,0
          </coordinates>
        </Point>
      </Placemark>
      <Placemark>
        <name>9,089</name>
        <description><![CDATA[Rua Pedro Krauss    <br>       <br>   FID   512    <br>   sequencia   513    <br>   cota   9,09    <br>   refer_1   Rua Pedro Krauss    <br>   refer_2   69    <br>   bairro   Coloninha    <br>   coord_x   701576,121156    <br>   coord_y   7019359,09588    <br>   latitude   -26,933076    <br>   longitu   -48,969747]]></description>
        <styleUrl>#icon-1899-DB4436</styleUrl>
        <Point>
          <coordinates>
            -48.969747,-26.933076,0
          </coordinates>
        </Point>
      </Placemark>
      <Placemark>
        <name>9,111</name>
        <description><![CDATA[Rua Pedro Krauss    <br>       <br>   FID   513    <br>   sequencia   514    <br>   cota   9,11    <br>   refer_1   Rua Pedro Krauss    <br>   refer_2   55    <br>   bairro   Coloninha    <br>   coord_x   701631,572626    <br>   coord_y   7019316,18161    <br>   latitude   -26,933455    <br>   longitu   -48,969182]]></description>
        <styleUrl>#icon-1899-DB4436</styleUrl>
        <Point>
          <coordinates>
            -48.969182,-26.933455,0
          </coordinates>
        </Point>
      </Placemark>
      <Placemark>
        <name>9,142</name>
        <description><![CDATA[Rua Pedro Krauss    <br>       <br>   FID   514    <br>   sequencia   515    <br>   cota   9,14    <br>   refer_1   Rua Pedro Krauss    <br>   refer_2   Final de rua    <br>   bairro   Coloninha    <br>   coord_x   701522,438978    <br>   coord_y   7019414,70184    <br>   latitude   -26,932582    <br>   longitu   -48,970296]]></description>
        <styleUrl>#icon-1899-DB4436</styleUrl>
        <Point>
          <coordinates>
            -48.970296,-26.932582,0
          </coordinates>
        </Point>
      </Placemark>
      <Placemark>
        <name>8,84</name>
        <description><![CDATA[Rua Prefeito Leopoldo Schramm    <br>       <br>   FID   515    <br>   sequencia   516    <br>   cota   8,84    <br>   refer_1   Rua Prefeito Leopoldo Schramm    <br>   refer_2   254    <br>   bairro   Coloninha    <br>   coord_x   702109,181991    <br>   coord_y   7019615,23558    <br>   latitude   -26,930687    <br>   longitu   -48,964422]]></description>
        <styleUrl>#icon-1899-DB4436</styleUrl>
        <Point>
          <coordinates>
            -48.964422,-26.930687,0
          </coordinates>
        </Point>
      </Placemark>
      <Placemark>
        <name>9,027</name>
        <description><![CDATA[Rua Prefeito Leopoldo Schramm    <br>       <br>   FID   516    <br>   sequencia   517    <br>   cota   9,03    <br>   refer_1   Rua Prefeito Leopoldo Schramm    <br>   refer_2   499    <br>   bairro   Coloninha    <br>   coord_x   701896,933549    <br>   coord_y   7019435,56932    <br>   latitude   -26,932339    <br>   longitu   -48,96653]]></description>
        <styleUrl>#icon-1899-DB4436</styleUrl>
        <Point>
          <coordinates>
            -48.96653,-26.932339,0
          </coordinates>
        </Point>
      </Placemark>
      <Placemark>
        <name>9,046</name>
        <description><![CDATA[Rua Prefeito Leopoldo Schramm    <br>       <br>   FID   517    <br>   sequencia   518    <br>   cota   9,05    <br>   refer_1   Rua Prefeito Leopoldo Schramm    <br>   refer_2   320    <br>   bairro   Coloninha    <br>   coord_x   702055,670078    <br>   coord_y   7019569,88122    <br>   latitude   -26,931104    <br>   longitu   -48,964953]]></description>
        <styleUrl>#icon-1899-DB4436</styleUrl>
        <Point>
          <coordinates>
            -48.964953,-26.931104,0
          </coordinates>
        </Point>
      </Placemark>
      <Placemark>
        <name>9,081</name>
        <description><![CDATA[Rua Prefeito Leopoldo Schramm    <br>       <br>   FID   518    <br>   sequencia   519    <br>   cota   9,08    <br>   refer_1   Rua Prefeito Leopoldo Schramm    <br>   refer_2   Rua Joinville    <br>   bairro   Coloninha    <br>   coord_x   702073,294433    <br>   coord_y   7019579,07172    <br>   latitude   -26,931019    <br>   longitu   -48,964777]]></description>
        <styleUrl>#icon-1899-DB4436</styleUrl>
        <Point>
          <coordinates>
            -48.964777,-26.931019,0
          </coordinates>
        </Point>
      </Placemark>
      <Placemark>
        <name>9,086</name>
        <description><![CDATA[Rua Prefeito Leopoldo Schramm    <br>       <br>   FID   519    <br>   sequencia   520    <br>   cota   9,09    <br>   refer_1   Rua Prefeito Leopoldo Schramm    <br>   refer_2   Rua Pedro Krauss    <br>   bairro   Coloninha    <br>   coord_x   701676,595281    <br>   coord_y   7019277,61771    <br>   latitude   -26,933796    <br>   longitu   -48,968722]]></description>
        <styleUrl>#icon-1899-DB4436</styleUrl>
        <Point>
          <coordinates>
            -48.968722,-26.933796,0
          </coordinates>
        </Point>
      </Placemark>
      <Placemark>
        <name>9,118</name>
        <description><![CDATA[Rua Prefeito Leopoldo Schramm    <br>       <br>   FID   520    <br>   sequencia   521    <br>   cota   9,12    <br>   refer_1   Rua Prefeito Leopoldo Schramm    <br>   refer_2   Rua 21 de Junho    <br>   bairro   Coloninha    <br>   coord_x   701831,570209    <br>   coord_y   7019384,32601    <br>   latitude   -26,932811    <br>   longitu   -48,967179]]></description>
        <styleUrl>#icon-1899-DB4436</styleUrl>
        <Point>
          <coordinates>
            -48.967179,-26.932811,0
          </coordinates>
        </Point>
      </Placemark>
      <Placemark>
        <name>9,152</name>
        <description><![CDATA[Rua Prefeito Leopoldo Schramm    <br>       <br>   FID   521    <br>   sequencia   522    <br>   cota   9,15    <br>   refer_1   Rua Prefeito Leopoldo Schramm    <br>   refer_2   Rua Dom Daniel Hostins    <br>   bairro   Coloninha    <br>   coord_x   701863,613312    <br>   coord_y   7019412,02066    <br>   latitude   -26,932557    <br>   longitu   -48,966861]]></description>
        <styleUrl>#icon-1899-DB4436</styleUrl>
        <Point>
          <coordinates>
            -48.966861,-26.932557,0
          </coordinates>
        </Point>
      </Placemark>
      <Placemark>
        <name>9,159</name>
        <description><![CDATA[Rua Prefeito Leopoldo Schramm    <br>       <br>   FID   522    <br>   sequencia   523    <br>   cota   9,16    <br>   refer_1   Rua Prefeito Leopoldo Schramm    <br>   refer_2   691    <br>   bairro   Coloninha    <br>   coord_x   701690,781294    <br>   coord_y   7019279,51683    <br>   latitude   -26,933777    <br>   longitu   -48,96858]]></description>
        <styleUrl>#icon-1899-DB4436</styleUrl>
        <Point>
          <coordinates>
            -48.96858,-26.933777,0
          </coordinates>
        </Point>
      </Placemark>
      <Placemark>
        <name>9,212</name>
        <description><![CDATA[Rua Prefeito Leopoldo Schramm    <br>       <br>   FID   523    <br>   sequencia   524    <br>   cota   9,21    <br>   refer_1   Rua Prefeito Leopoldo Schramm    <br>   refer_2   Rua da Glória    <br>   bairro   Coloninha    <br>   coord_x   701956,976797    <br>   coord_y   7019490,20705    <br>   latitude   -26,931838    <br>   longitu   -48,965934]]></description>
        <styleUrl>#icon-1899-DB4436</styleUrl>
        <Point>
          <coordinates>
            -48.965934,-26.931838,0
          </coordinates>
        </Point>
      </Placemark>
      <Placemark>
        <name>9,247</name>
        <description><![CDATA[Rua Prefeito Leopoldo Schramm    <br>       <br>   FID   524    <br>   sequencia   525    <br>   cota   9,25    <br>   refer_1   Rua Prefeito Leopoldo Schramm    <br>   refer_2   Rua Aloisio Estefano Beiler    <br>   bairro   Coloninha    <br>   coord_x   702038,224968    <br>   coord_y   7019550,18017    <br>   latitude   -26,931285    <br>   longitu   -48,965126]]></description>
        <styleUrl>#icon-1899-DB4436</styleUrl>
        <Point>
          <coordinates>
            -48.965126,-26.931285,0
          </coordinates>
        </Point>
      </Placemark>
      <Placemark>
        <name>9,257</name>
        <description><![CDATA[Rua Prefeito Leopoldo Schramm    <br>       <br>   FID   525    <br>   sequencia   526    <br>   cota   9,26    <br>   refer_1   Rua Prefeito Leopoldo Schramm    <br>   refer_2   435    <br>   bairro   Coloninha    <br>   coord_x   701944,286548    <br>   coord_y   7019470,06025    <br>   latitude   -26,932021    <br>   longitu   -48,966058]]></description>
        <styleUrl>#icon-1899-DB4436</styleUrl>
        <Point>
          <coordinates>
            -48.966058,-26.932021,0
          </coordinates>
        </Point>
      </Placemark>
      <Placemark>
        <name>9,265</name>
        <description><![CDATA[Rua Prefeito Leopoldo Schramm    <br>       <br>   FID   526    <br>   sequencia   527    <br>   cota   9,27    <br>   refer_1   Rua Prefeito Leopoldo Schramm    <br>   refer_2   388    <br>   bairro   Coloninha    <br>   coord_x   701996,082817    <br>   coord_y   7019521,48814    <br>   latitude   -26,93155    <br>   longitu   -48,965545]]></description>
        <styleUrl>#icon-1899-DB4436</styleUrl>
        <Point>
          <coordinates>
            -48.965545,-26.93155,0
          </coordinates>
        </Point>
      </Placemark>
      <Placemark>
        <name>9,297</name>
        <description><![CDATA[Rua Prefeito Leopoldo Schramm    <br>       <br>   FID   527    <br>   sequencia   528    <br>   cota   9,30    <br>   refer_1   Rua Prefeito Leopoldo Schramm    <br>   refer_2   726    <br>   bairro   Coloninha    <br>   coord_x   701627,999628    <br>   coord_y   7019250,46454    <br>   latitude   -26,934048    <br>   longitu   -48,969207]]></description>
        <styleUrl>#icon-1899-DB4436</styleUrl>
        <Point>
          <coordinates>
            -48.969207,-26.934048,0
          </coordinates>
        </Point>
      </Placemark>
      <Placemark>
        <name>9,303</name>
        <description><![CDATA[Rua Prefeito Leopoldo Schramm    <br>       <br>   FID   528    <br>   sequencia   529    <br>   cota   9,30    <br>   refer_1   Rua Prefeito Leopoldo Schramm    <br>   refer_2   Rua Adelina Schramm    <br>   bairro   Coloninha    <br>   coord_x   701702,2344    <br>   coord_y   7019286,50961    <br>   latitude   -26,933712    <br>   longitu   -48,968465]]></description>
        <styleUrl>#icon-1899-DB4436</styleUrl>
        <Point>
          <coordinates>
            -48.968465,-26.933712,0
          </coordinates>
        </Point>
      </Placemark>
      <Placemark>
        <name>9,306</name>
        <description><![CDATA[Rua Prefeito Leopoldo Schramm    <br>       <br>   FID   529    <br>   sequencia   530    <br>   cota   9,31    <br>   refer_1   Rua Prefeito Leopoldo Schramm    <br>   refer_2   Rua Nova Veneza    <br>   bairro   Coloninha    <br>   coord_x   701969,410061    <br>   coord_y   7019488,86798    <br>   latitude   -26,931848    <br>   longitu   -48,965809]]></description>
        <styleUrl>#icon-1899-DB4436</styleUrl>
        <Point>
          <coordinates>
            -48.965809,-26.931848,0
          </coordinates>
        </Point>
      </Placemark>
      <Placemark>
        <name>9,325</name>
        <description><![CDATA[Rua Prefeito Leopoldo Schramm    <br>       <br>   FID   530    <br>   sequencia   531    <br>   cota   9,32    <br>   refer_1   Rua Prefeito Leopoldo Schramm    <br>   refer_2   Rua Orleans    <br>   bairro   Coloninha    <br>   coord_x   701932,353252    <br>   coord_y   7019459,54103    <br>   latitude   -26,932118    <br>   longitu   -48,966177]]></description>
        <styleUrl>#icon-1899-DB4436</styleUrl>
        <Point>
          <coordinates>
            -48.966177,-26.932118,0
          </coordinates>
        </Point>
      </Placemark>
      <Placemark>
        <name>9,437</name>
        <description><![CDATA[Rua Prefeito Leopoldo Schramm    <br>       <br>   FID   531    <br>   sequencia   532    <br>   cota   9,44    <br>   refer_1   Rua Prefeito Leopoldo Schramm    <br>   refer_2   Rua João Krauss    <br>   bairro   Coloninha    <br>   coord_x   701716,809305    <br>   coord_y   7019304,61422    <br>   latitude   -26,933547    <br>   longitu   -48,968322]]></description>
        <styleUrl>#icon-1899-DB4436</styleUrl>
        <Point>
          <coordinates>
            -48.968322,-26.933547,0
          </coordinates>
        </Point>
      </Placemark>
      <Placemark>
        <name>9,443</name>
        <description><![CDATA[Rua Prefeito Leopoldo Schramm    <br>       <br>   FID   532    <br>   sequencia   533    <br>   cota   9,44    <br>   refer_1   Rua Prefeito Leopoldo Schramm    <br>   refer_2   604    <br>   bairro   Coloninha    <br>   coord_x   701791,72656    <br>   coord_y   7019353,82152    <br>   latitude   -26,933092    <br>   longitu   -48,967575]]></description>
        <styleUrl>#icon-1899-DB4436</styleUrl>
        <Point>
          <coordinates>
            -48.967575,-26.933092,0
          </coordinates>
        </Point>
      </Placemark>
      <Placemark>
        <name>9,453</name>
        <description><![CDATA[Rua Prefeito Leopoldo Schramm    <br>       <br>   FID   533    <br>   sequencia   534    <br>   cota   9,45    <br>   refer_1   Rua Prefeito Leopoldo Schramm    <br>   refer_2   650    <br>   bairro   Coloninha    <br>   coord_x   701735,387607    <br>   coord_y   7019316,3379    <br>   latitude   -26,933438    <br>   longitu   -48,968136]]></description>
        <styleUrl>#icon-1899-DB4436</styleUrl>
        <Point>
          <coordinates>
            -48.968136,-26.933438,0
          </coordinates>
        </Point>
      </Placemark>
      <Placemark>
        <name>9,464</name>
        <description><![CDATA[Rua Prefeito Leopoldo Schramm    <br>       <br>   FID   534    <br>   sequencia   535    <br>   cota   9,46    <br>   refer_1   Rua Prefeito Leopoldo Schramm    <br>   refer_2   176    <br>   bairro   Coloninha    <br>   coord_x   702172,70292    <br>   coord_y   7019668,40305    <br>   latitude   -26,930198    <br>   longitu   -48,963791]]></description>
        <styleUrl>#icon-1899-DB4436</styleUrl>
        <Point>
          <coordinates>
            -48.963791,-26.930198,0
          </coordinates>
        </Point>
      </Placemark>
      <Placemark>
        <name>9,547</name>
        <description><![CDATA[Rua Prefeito Leopoldo Schramm    <br>       <br>   FID   535    <br>   sequencia   536    <br>   cota   9,55    <br>   refer_1   Rua Prefeito Leopoldo Schramm    <br>   refer_2   Rua Sylvio João Zimmermann    <br>   bairro   Coloninha    <br>   coord_x   701746,155117    <br>   coord_y   7019316,62447    <br>   latitude   -26,933434    <br>   longitu   -48,968028]]></description>
        <styleUrl>#icon-1899-DB4436</styleUrl>
        <Point>
          <coordinates>
            -48.968028,-26.933434,0
          </coordinates>
        </Point>
      </Placemark>
      <Placemark>
        <name>9,618</name>
        <description><![CDATA[Rua Prefeito Leopoldo Schramm    <br>       <br>   FID   536    <br>   sequencia   537    <br>   cota   9,62    <br>   refer_1   Rua Prefeito Leopoldo Schramm    <br>   refer_2   Rua Leopoldo Moser    <br>   bairro   Coloninha    <br>   coord_x   701773,296196    <br>   coord_y   7019341,39923    <br>   latitude   -26,933207    <br>   longitu   -48,967759]]></description>
        <styleUrl>#icon-1899-DB4436</styleUrl>
        <Point>
          <coordinates>
            -48.967759,-26.933207,0
          </coordinates>
        </Point>
      </Placemark>
      <Placemark>
        <name>9,644</name>
        <description><![CDATA[Rua Prefeito Leopoldo Schramm    <br>       <br>   FID   537    <br>   sequencia   538    <br>   cota   9,64    <br>   refer_1   Rua Prefeito Leopoldo Schramm    <br>   refer_2   Rua João Bernz    <br>   bairro   Coloninha    <br>   coord_x   701789,527709    <br>   coord_y   7019345,61441    <br>   latitude   -26,933166    <br>   longitu   -48,967596]]></description>
        <styleUrl>#icon-1899-DB4436</styleUrl>
        <Point>
          <coordinates>
            -48.967596,-26.933166,0
          </coordinates>
        </Point>
      </Placemark>
      <Placemark>
        <name>9,65</name>
        <description><![CDATA[Rua Prefeito Leopoldo Schramm    <br>       <br>   FID   538    <br>   sequencia   539    <br>   cota   9,65    <br>   refer_1   Rua Prefeito Leopoldo Schramm    <br>   refer_2   755    <br>   bairro   Coloninha    <br>   coord_x   701587,350192    <br>   coord_y   7019234,8008    <br>   latitude   -26,934196    <br>   longitu   -48,969614]]></description>
        <styleUrl>#icon-1899-DB4436</styleUrl>
        <Point>
          <coordinates>
            -48.969614,-26.934196,0
          </coordinates>
        </Point>
      </Placemark>
      <Placemark>
        <name>9,653</name>
        <description><![CDATA[Rua Prefeito Leopoldo Schramm    <br>       <br>   FID   539    <br>   sequencia   540    <br>   cota   9,65    <br>   refer_1   Rua Prefeito Leopoldo Schramm    <br>   refer_2   798    <br>   bairro   Coloninha    <br>   coord_x   701542,289142    <br>   coord_y   7019216,39616    <br>   latitude   -26,934368    <br>   longitu   -48,970064]]></description>
        <styleUrl>#icon-1899-DB4436</styleUrl>
        <Point>
          <coordinates>
            -48.970064,-26.934368,0
          </coordinates>
        </Point>
      </Placemark>
      <Placemark>
        <name>10,093</name>
        <description><![CDATA[Rua Prefeito Leopoldo Schramm    <br>       <br>   FID   540    <br>   sequencia   541    <br>   cota   10,09    <br>   refer_1   Rua Prefeito Leopoldo Schramm    <br>   refer_2   Rua Frei Antonino    <br>   bairro   Coloninha    <br>   coord_x   702223,758744    <br>   coord_y   7019716,64671    <br>   latitude   -26,929756    <br>   longitu   -48,963285]]></description>
        <styleUrl>#icon-1899-DB4436</styleUrl>
        <Point>
          <coordinates>
            -48.963285,-26.929756,0
          </coordinates>
        </Point>
      </Placemark>
      <Placemark>
        <name>10,233</name>
        <description><![CDATA[Rua Prefeito Leopoldo Schramm    <br>       <br>   FID   541    <br>   sequencia   542    <br>   cota   10,23    <br>   refer_1   Rua Prefeito Leopoldo Schramm    <br>   refer_2   90    <br>   bairro   Coloninha    <br>   coord_x   702254,906103    <br>   coord_y   7019742,148    <br>   latitude   -26,929521    <br>   longitu   -48,962976]]></description>
        <styleUrl>#icon-1899-DB4436</styleUrl>
        <Point>
          <coordinates>
            -48.962976,-26.929521,0
          </coordinates>
        </Point>
      </Placemark>
      <Placemark>
        <name>10,236</name>
        <description><![CDATA[Rua Prefeito Leopoldo Schramm    <br>       <br>   FID   542    <br>   sequencia   543    <br>   cota   10,24    <br>   refer_1   Rua Prefeito Leopoldo Schramm    <br>   refer_2   64    <br>   bairro   Coloninha    <br>   coord_x   702290,56358    <br>   coord_y   7019772,86804    <br>   latitude   -26,929239    <br>   longitu   -48,962622]]></description>
        <styleUrl>#icon-1899-DB4436</styleUrl>
        <Point>
          <coordinates>
            -48.962622,-26.929239,0
          </coordinates>
        </Point>
      </Placemark>
      <Placemark>
        <name>10,443</name>
        <description><![CDATA[Rua Prefeito Leopoldo Schramm    <br>       <br>   FID   543    <br>   sequencia   544    <br>   cota   10,44    <br>   refer_1   Rua Prefeito Leopoldo Schramm    <br>   refer_2   Rua Paulo de Oliveira    <br>   bairro   Coloninha    <br>   coord_x   702271,340267    <br>   coord_y   7019748,36742    <br>   latitude   -26,929462    <br>   longitu   -48,962811]]></description>
        <styleUrl>#icon-1899-DB4436</styleUrl>
        <Point>
          <coordinates>
            -48.962811,-26.929462,0
          </coordinates>
        </Point>
      </Placemark>
      <Placemark>
        <name>10,55</name>
        <description><![CDATA[Rua Prefeito Leopoldo Schramm    <br>       <br>   FID   544    <br>   sequencia   545    <br>   cota   10,55    <br>   refer_1   Rua Prefeito Leopoldo Schramm    <br>   refer_2   Rua Doutor Nereu Ramos    <br>   bairro   Coloninha    <br>   coord_x   702328,486548    <br>   coord_y   7019804,30638    <br>   latitude   -26,928949    <br>   longitu   -48,962245]]></description>
        <styleUrl>#icon-1899-DB4436</styleUrl>
        <Point>
          <coordinates>
            -48.962245,-26.928949,0
          </coordinates>
        </Point>
      </Placemark>
      <Placemark>
        <name>8,101</name>
        <description><![CDATA[Rua Sandra Regina Eberhardt    <br>       <br>   FID   545    <br>   sequencia   546    <br>   cota   8,10    <br>   refer_1   Rua Sandra Regina Eberhardt    <br>   refer_2   Segunda casa da rua    <br>   bairro   Coloninha    <br>   coord_x   701772,009134    <br>   coord_y   7020058,91865    <br>   latitude   -26,926733    <br>   longitu   -48,967888]]></description>
        <styleUrl>#icon-1899-DB4436</styleUrl>
        <Point>
          <coordinates>
            -48.967888,-26.926733,0
          </coordinates>
        </Point>
      </Placemark>
      <Placemark>
        <name>9,881</name>
        <description><![CDATA[Rua Sylvio João Zimmermann    <br>       <br>   FID   546    <br>   sequencia   547    <br>   cota   9,88    <br>   refer_1   Rua Sylvio João Zimmermann    <br>   refer_2   Final de rua    <br>   bairro   Coloninha    <br>   coord_x   701808,762428    <br>   coord_y   7019221,32366    <br>   latitude   -26,934285    <br>   longitu   -48,967382]]></description>
        <styleUrl>#icon-1899-DB4436</styleUrl>
        <Point>
          <coordinates>
            -48.967382,-26.934285,0
          </coordinates>
        </Point>
      </Placemark>
      <Placemark>
        <name>10,335</name>
        <description><![CDATA[Rua Sylvio João Zimmermann    <br>       <br>   FID   547    <br>   sequencia   548    <br>   cota   10,34    <br>   refer_1   Rua Sylvio João Zimmermann    <br>   refer_2   54    <br>   bairro   Coloninha    <br>   coord_x   701775,526033    <br>   coord_y   7019278,39674    <br>   latitude   -26,933775    <br>   longitu   -48,967726]]></description>
        <styleUrl>#icon-1899-DB4436</styleUrl>
        <Point>
          <coordinates>
            -48.967726,-26.933775,0
          </coordinates>
        </Point>
      </Placemark>
      <Placemark>
        <name>8,321</name>
        <description><![CDATA[Rua Vereador Celso Huber    <br>       <br>   FID   548    <br>   sequencia   549    <br>   cota   8,32    <br>   refer_1   Rua Vereador Celso Huber    <br>   refer_2   Rua Júlio Deschamps    <br>   bairro   Coloninha    <br>   coord_x   701961,716965    <br>   coord_y   7019911,97131    <br>   latitude   -26,928031    <br>   longitu   -48,965955]]></description>
        <styleUrl>#icon-1899-DB4436</styleUrl>
        <Point>
          <coordinates>
            -48.965955,-26.928031,0
          </coordinates>
        </Point>
      </Placemark>
      <Placemark>
        <name>8,509</name>
        <description><![CDATA[Rua Vereador Celso Huber    <br>       <br>   FID   549    <br>   sequencia   550    <br>   cota   8,51    <br>   refer_1   Rua Vereador Celso Huber    <br>   refer_2   63    <br>   bairro   Coloninha    <br>   coord_x   702006,004036    <br>   coord_y   7019874,82041    <br>   latitude   -26,92836    <br>   longitu   -48,965503]]></description>
        <styleUrl>#icon-1899-DB4436</styleUrl>
        <Point>
          <coordinates>
            -48.965503,-26.92836,0
          </coordinates>
        </Point>
      </Placemark>
      <Placemark>
        <name>8,665</name>
        <description><![CDATA[Rua Vereador Celso Huber    <br>       <br>   FID   550    <br>   sequencia   551    <br>   cota   8,66    <br>   refer_1   Rua Vereador Celso Huber    <br>   refer_2   Rua Paulo Alois Eberhardt    <br>   bairro   Coloninha    <br>   coord_x   702021,984299    <br>   coord_y   7019849,91823    <br>   latitude   -26,928582    <br>   longitu   -48,965338]]></description>
        <styleUrl>#icon-1899-DB4436</styleUrl>
        <Point>
          <coordinates>
            -48.965338,-26.928582,0
          </coordinates>
        </Point>
      </Placemark>
      <Placemark>
        <name>11,119</name>
        <description><![CDATA[Travessa Júlio Joél da Costa    <br>       <br>   FID   551    <br>   sequencia   552    <br>   cota   11,12    <br>   refer_1   Travessa Júlio Joél da Costa    <br>   refer_2   Rua Jacob Muller    <br>   bairro   Coloninha    <br>   coord_x   701325,069447    <br>   coord_y   7020215,68845    <br>   latitude   -26,925383    <br>   longitu   -48,972412]]></description>
        <styleUrl>#icon-1899-DB4436</styleUrl>
        <Point>
          <coordinates>
            -48.972412,-26.925383,0
          </coordinates>
        </Point>
      </Placemark>
      <Placemark>
        <name>6,253</name>
        <description><![CDATA[Avenida Hilberto Gaertner    <br>       <br>   FID   552    <br>   sequencia   553    <br>   cota   6,25    <br>   refer_1   Avenida Hilberto Gaertner    <br>   refer_2   Final de rua    <br>   bairro   Figueira    <br>   coord_x   699853,784721    <br>   coord_y   7020766,50305    <br>   latitude   -26,920625    <br>   longitu   -48,987311]]></description>
        <styleUrl>#icon-1899-DB4436</styleUrl>
        <Point>
          <coordinates>
            -48.987311,-26.920625,0
          </coordinates>
        </Point>
      </Placemark>
      <Placemark>
        <name>6,481</name>
        <description><![CDATA[Avenida Hilberto Gaertner    <br>       <br>   FID   553    <br>   sequencia   554    <br>   cota   6,48    <br>   refer_1   Avenida Hilberto Gaertner    <br>   refer_2   524    <br>   bairro   Figueira    <br>   coord_x   699869,857462    <br>   coord_y   7020795,13105    <br>   latitude   -26,920364    <br>   longitu   -48,987154]]></description>
        <styleUrl>#icon-1899-DB4436</styleUrl>
        <Point>
          <coordinates>
            -48.987154,-26.920364,0
          </coordinates>
        </Point>
      </Placemark>
      <Placemark>
        <name>6,718</name>
        <description><![CDATA[Avenida Hilberto Gaertner    <br>       <br>   FID   554    <br>   sequencia   555    <br>   cota   6,72    <br>   refer_1   Avenida Hilberto Gaertner    <br>   refer_2   à 200 metros do início da rua    <br>   bairro   Figueira    <br>   coord_x   699909,4756    <br>   coord_y   7020805,20976    <br>   latitude   -26,920268    <br>   longitu   -48,986756]]></description>
        <styleUrl>#icon-1899-DB4436</styleUrl>
        <Point>
          <coordinates>
            -48.986756,-26.920268,0
          </coordinates>
        </Point>
      </Placemark>
      <Placemark>
        <name>6,719</name>
        <description><![CDATA[Avenida Hilberto Gaertner    <br>       <br>   FID   555    <br>   sequencia   556    <br>   cota   6,72    <br>   refer_1   Avenida Hilberto Gaertner    <br>   refer_2   Defronte ao número 404    <br>   bairro   Figueira    <br>   coord_x   699960,103427    <br>   coord_y   7020847,20145    <br>   latitude   -26,919882    <br>   longitu   -48,986253]]></description>
        <styleUrl>#icon-1899-DB4436</styleUrl>
        <Point>
          <coordinates>
            -48.986253,-26.919882,0
          </coordinates>
        </Point>
      </Placemark>
      <Placemark>
        <name>6,894</name>
        <description><![CDATA[Avenida Hilberto Gaertner    <br>       <br>   FID   556    <br>   sequencia   557    <br>   cota   6,89    <br>   refer_1   Avenida Hilberto Gaertner    <br>   refer_2   343    <br>   bairro   Figueira    <br>   coord_x   700018,630858    <br>   coord_y   7020894,84108    <br>   latitude   -26,919443    <br>   longitu   -48,985672]]></description>
        <styleUrl>#icon-1899-DB4436</styleUrl>
        <Point>
          <coordinates>
            -48.985672,-26.919443,0
          </coordinates>
        </Point>
      </Placemark>
      <Placemark>
        <name>6,948</name>
        <description><![CDATA[Avenida Hilberto Gaertner    <br>       <br>   FID   557    <br>   sequencia   558    <br>   cota   6,95    <br>   refer_1   Avenida Hilberto Gaertner    <br>   refer_2   332    <br>   bairro   Figueira    <br>   coord_x   700006,706208    <br>   coord_y   7020912,13343    <br>   latitude   -26,919289    <br>   longitu   -48,985795]]></description>
        <styleUrl>#icon-1899-DB4436</styleUrl>
        <Point>
          <coordinates>
            -48.985795,-26.919289,0
          </coordinates>
        </Point>
      </Placemark>
      <Placemark>
        <name>6,965</name>
        <description><![CDATA[Avenida Hilberto Gaertner    <br>       <br>   FID   558    <br>   sequencia   559    <br>   cota   6,96    <br>   refer_1   Avenida Hilberto Gaertner    <br>   refer_2   404    <br>   bairro   Figueira    <br>   coord_x   699955,924787    <br>   coord_y   7020870,1979    <br>   latitude   -26,919675    <br>   longitu   -48,986299]]></description>
        <styleUrl>#icon-1899-DB4436</styleUrl>
        <Point>
          <coordinates>
            -48.986299,-26.919675,0
          </coordinates>
        </Point>
      </Placemark>
      <Placemark>
        <name>7,199</name>
        <description><![CDATA[Avenida Hilberto Gaertner    <br>       <br>   FID   559    <br>   sequencia   560    <br>   cota   7,20    <br>   refer_1   Avenida Hilberto Gaertner    <br>   refer_2   à 190 metros do início da rua    <br>   bairro   Figueira    <br>   coord_x   699906,03711    <br>   coord_y   7020826,30152    <br>   latitude   -26,920078    <br>   longitu   -48,986794]]></description>
        <styleUrl>#icon-1899-DB4436</styleUrl>
        <Point>
          <coordinates>
            -48.986794,-26.920078,0
          </coordinates>
        </Point>
      </Placemark>
      <Placemark>
        <name>7,793</name>
        <description><![CDATA[Avenida Hilberto Gaertner    <br>       <br>   FID   560    <br>   sequencia   561    <br>   cota   7,79    <br>   refer_1   Avenida Hilberto Gaertner    <br>   refer_2   Lote 176    <br>   bairro   Figueira    <br>   coord_x   700246,582371    <br>   coord_y   7021112,70537    <br>   latitude   -26,917445    <br>   longitu   -48,983412]]></description>
        <styleUrl>#icon-1899-DB4436</styleUrl>
        <Point>
          <coordinates>
            -48.983412,-26.917445,0
          </coordinates>
        </Point>
      </Placemark>
      <Placemark>
        <name>7,832</name>
        <description><![CDATA[Avenida Hilberto Gaertner    <br>       <br>   FID   561    <br>   sequencia   562    <br>   cota   7,83    <br>   refer_1   Avenida Hilberto Gaertner    <br>   refer_2   89    <br>   bairro   Figueira    <br>   coord_x   700230,231876    <br>   coord_y   7021074,26474    <br>   latitude   -26,917794    <br>   longitu   -48,983571]]></description>
        <styleUrl>#icon-1899-DB4436</styleUrl>
        <Point>
          <coordinates>
            -48.983571,-26.917794,0
          </coordinates>
        </Point>
      </Placemark>
      <Placemark>
        <name>7,845</name>
        <description><![CDATA[Avenida Hilberto Gaertner    <br>       <br>   FID   562    <br>   sequencia   563    <br>   cota   7,84    <br>   refer_1   Avenida Hilberto Gaertner    <br>   refer_2   Próximo Residencial Provence, n65    <br>   bairro   Figueira    <br>   coord_x   700205,969109    <br>   coord_y   7021077,93496    <br>   latitude   -26,917764    <br>   longitu   -48,983816]]></description>
        <styleUrl>#icon-1899-DB4436</styleUrl>
        <Point>
          <coordinates>
            -48.983816,-26.917764,0
          </coordinates>
        </Point>
      </Placemark>
      <Placemark>
        <name>7,911</name>
        <description><![CDATA[Avenida Hilberto Gaertner    <br>       <br>   FID   563    <br>   sequencia   564    <br>   cota   7,91    <br>   refer_1   Avenida Hilberto Gaertner    <br>   refer_2   Lote 109    <br>   bairro   Figueira    <br>   coord_x   700125,514968    <br>   coord_y   7020986,64422    <br>   latitude   -26,9186    <br>   longitu   -48,984611]]></description>
        <styleUrl>#icon-1899-DB4436</styleUrl>
        <Point>
          <coordinates>
            -48.984611,-26.9186,0
          </coordinates>
        </Point>
      </Placemark>
      <Placemark>
        <name>7,951</name>
        <description><![CDATA[Avenida Hilberto Gaertner    <br>       <br>   FID   564    <br>   sequencia   565    <br>   cota   7,95    <br>   refer_1   Avenida Hilberto Gaertner    <br>   refer_2   Rua Camélia    <br>   bairro   Figueira    <br>   coord_x   700262,193045    <br>   coord_y   7021101,22914    <br>   latitude   -26,917546    <br>   longitu   -48,983253]]></description>
        <styleUrl>#icon-1899-DB4436</styleUrl>
        <Point>
          <coordinates>
            -48.983253,-26.917546,0
          </coordinates>
        </Point>
      </Placemark>
      <Placemark>
        <name>8,098</name>
        <description><![CDATA[Avenida Hilberto Gaertner    <br>       <br>   FID   565    <br>   sequencia   566    <br>   cota   8,10    <br>   refer_1   Avenida Hilberto Gaertner    <br>   refer_2   112    <br>   bairro   Figueira    <br>   coord_x   700155,210594    <br>   coord_y   7021034,86186    <br>   latitude   -26,91816    <br>   longitu   -48,98432]]></description>
        <styleUrl>#icon-1899-DB4436</styleUrl>
        <Point>
          <coordinates>
            -48.98432,-26.91816,0
          </coordinates>
        </Point>
      </Placemark>
      <Placemark>
        <name>8,13</name>
        <description><![CDATA[Avenida Hilberto Gaertner    <br>       <br>   FID   566    <br>   sequencia   567    <br>   cota   8,13    <br>   refer_1   Avenida Hilberto Gaertner    <br>   refer_2   196    <br>   bairro   Figueira    <br>   coord_x   700101,011901    <br>   coord_y   7020989,75886    <br>   latitude   -26,918575    <br>   longitu   -48,984858]]></description>
        <styleUrl>#icon-1899-DB4436</styleUrl>
        <Point>
          <coordinates>
            -48.984858,-26.918575,0
          </coordinates>
        </Point>
      </Placemark>
      <Placemark>
        <name>8,299</name>
        <description><![CDATA[Avenida Hilberto Gaertner    <br>       <br>   FID   567    <br>   sequencia   568    <br>   cota   8,30    <br>   refer_1   Avenida Hilberto Gaertner    <br>   refer_2   Próximo ao número 173    <br>   bairro   Figueira    <br>   coord_x   700184,178226    <br>   coord_y   7021035,91872    <br>   latitude   -26,918147    <br>   longitu   -48,984028]]></description>
        <styleUrl>#icon-1899-DB4436</styleUrl>
        <Point>
          <coordinates>
            -48.984028,-26.918147,0
          </coordinates>
        </Point>
      </Placemark>
      <Placemark>
        <name>7,902</name>
        <description><![CDATA[Estrada Geral Águas Negras    <br>       <br>   FID   568    <br>   sequencia   569    <br>   cota   7,90    <br>   refer_1   Estrada Geral Águas Negras    <br>   refer_2   à 932 metros do início da rua    <br>   bairro   Figueira    <br>   coord_x   699437,379637    <br>   coord_y   7021454,00326    <br>   latitude   -26,914481    <br>   longitu   -48,991612]]></description>
        <styleUrl>#icon-1899-DB4436</styleUrl>
        <Point>
          <coordinates>
            -48.991612,-26.914481,0
          </coordinates>
        </Point>
      </Placemark>
      <Placemark>
        <name>8,04</name>
        <description><![CDATA[Estrada Geral Águas Negras    <br>       <br>   FID   569    <br>   sequencia   570    <br>   cota   8,04    <br>   refer_1   Estrada Geral Águas Negras    <br>   refer_2   1.025    <br>   bairro   Figueira    <br>   coord_x   699357,938958    <br>   coord_y   7021453,46767    <br>   latitude   -26,914498    <br>   longitu   -48,992412]]></description>
        <styleUrl>#icon-1899-DB4436</styleUrl>
        <Point>
          <coordinates>
            -48.992412,-26.914498,0
          </coordinates>
        </Point>
      </Placemark>
      <Placemark>
        <name>8,287</name>
        <description><![CDATA[Estrada Geral Águas Negras    <br>       <br>   FID   570    <br>   sequencia   571    <br>   cota   8,29    <br>   refer_1   Estrada Geral Águas Negras    <br>   refer_2   à 1.070 metros do início da rua    <br>   bairro   Figueira    <br>   coord_x   699279,574756    <br>   coord_y   7021451,88645    <br>   latitude   -26,914523    <br>   longitu   -48,9932]]></description>
        <styleUrl>#icon-1899-DB4436</styleUrl>
        <Point>
          <coordinates>
            -48.9932,-26.914523,0
          </coordinates>
        </Point>
      </Placemark>
      <Placemark>
        <name>8,436</name>
        <description><![CDATA[Estrada Geral Águas Negras    <br>       <br>   FID   571    <br>   sequencia   572    <br>   cota   8,44    <br>   refer_1   Estrada Geral Águas Negras    <br>   refer_2   970    <br>   bairro   Figueira    <br>   coord_x   699510,460066    <br>   coord_y   7021458,49366    <br>   latitude   -26,91443    <br>   longitu   -48,990877]]></description>
        <styleUrl>#icon-1899-DB4436</styleUrl>
        <Point>
          <coordinates>
            -48.990877,-26.91443,0
          </coordinates>
        </Point>
      </Placemark>
      <Placemark>
        <name>9,069</name>
        <description><![CDATA[Estrada Geral Águas Negras    <br>       <br>   FID   572    <br>   sequencia   573    <br>   cota   9,07    <br>   refer_1   Estrada Geral Águas Negras    <br>   refer_2   910    <br>   bairro   Figueira    <br>   coord_x   699581,239518    <br>   coord_y   7021454,60279    <br>   latitude   -26,914455    <br>   longitu   -48,990164]]></description>
        <styleUrl>#icon-1899-DB4436</styleUrl>
        <Point>
          <coordinates>
            -48.990164,-26.914455,0
          </coordinates>
        </Point>
      </Placemark>
      <Placemark>
        <name>9,169</name>
        <description><![CDATA[Estrada Geral Águas Negras    <br>       <br>   FID   573    <br>   sequencia   574    <br>   cota   9,17    <br>   refer_1   Estrada Geral Águas Negras    <br>   refer_2   Rua Alberto Theiss    <br>   bairro   Figueira    <br>   coord_x   699226,728588    <br>   coord_y   7021456,39546    <br>   latitude   -26,91449    <br>   longitu   -48,993733]]></description>
        <styleUrl>#icon-1899-DB4436</styleUrl>
        <Point>
          <coordinates>
            -48.993733,-26.91449,0
          </coordinates>
        </Point>
      </Placemark>
      <Placemark>
        <name>9,521</name>
        <description><![CDATA[Estrada Geral Águas Negras    <br>       <br>   FID   574    <br>   sequencia   575    <br>   cota   9,52    <br>   refer_1   Estrada Geral Águas Negras    <br>   refer_2   900    <br>   bairro   Figueira    <br>   coord_x   699655,074705    <br>   coord_y   7021487,27116    <br>   latitude   -26,91415    <br>   longitu   -48,989426]]></description>
        <styleUrl>#icon-1899-DB4436</styleUrl>
        <Point>
          <coordinates>
            -48.989426,-26.91415,0
          </coordinates>
        </Point>
      </Placemark>
      <Placemark>
        <name>9,991</name>
        <description><![CDATA[Estrada Geral Águas Negras    <br>       <br>   FID   575    <br>   sequencia   576    <br>   cota   9,99    <br>   refer_1   Estrada Geral Águas Negras    <br>   refer_2   Rua Pomerode    <br>   bairro   Figueira    <br>   coord_x   699687,769525    <br>   coord_y   7021532,1362    <br>   latitude   -26,91374    <br>   longitu   -48,989104]]></description>
        <styleUrl>#icon-1899-DB4436</styleUrl>
        <Point>
          <coordinates>
            -48.989104,-26.91374,0
          </coordinates>
        </Point>
      </Placemark>
      <Placemark>
        <name>9,995</name>
        <description><![CDATA[Estrada Geral Águas Negras    <br>       <br>   FID   576    <br>   sequencia   577    <br>   cota   9,99    <br>   refer_1   Estrada Geral Águas Negras    <br>   refer_2   Rua Fredesvinda Zimmermann    <br>   bairro   Figueira    <br>   coord_x   699672,138759    <br>   coord_y   7021518,56151    <br>   latitude   -26,913865    <br>   longitu   -48,989259]]></description>
        <styleUrl>#icon-1899-DB4436</styleUrl>
        <Point>
          <coordinates>
            -48.989259,-26.913865,0
          </coordinates>
        </Point>
      </Placemark>
      <Placemark>
        <name>10,26</name>
        <description><![CDATA[Estrada Geral Águas Negras    <br>       <br>   FID   577    <br>   sequencia   578    <br>   cota   10,26    <br>   refer_1   Estrada Geral Águas Negras    <br>   refer_2   1.189    <br>   bairro   Figueira    <br>   coord_x   699172,295576    <br>   coord_y   7021437,86994    <br>   latitude   -26,914665    <br>   longitu   -48,994278]]></description>
        <styleUrl>#icon-1899-DB4436</styleUrl>
        <Point>
          <coordinates>
            -48.994278,-26.914665,0
          </coordinates>
        </Point>
      </Placemark>
      <Placemark>
        <name>10,647</name>
        <description><![CDATA[Estrada Geral Águas Negras    <br>       <br>   FID   578    <br>   sequencia   579    <br>   cota   10,65    <br>   refer_1   Estrada Geral Águas Negras    <br>   refer_2   1.623    <br>   bairro   Figueira    <br>   coord_x   698929,067377    <br>   coord_y   7021137,8683    <br>   latitude   -26,917407    <br>   longitu   -48,996678]]></description>
        <styleUrl>#icon-1899-DB4436</styleUrl>
        <Point>
          <coordinates>
            -48.996678,-26.917407,0
          </coordinates>
        </Point>
      </Placemark>
      <Placemark>
        <name>10,654</name>
        <description><![CDATA[Estrada Geral Águas Negras    <br>       <br>   FID   579    <br>   sequencia   580    <br>   cota   10,65    <br>   refer_1   Estrada Geral Águas Negras    <br>   refer_2   742    <br>   bairro   Figueira    <br>   coord_x   699701,730336    <br>   coord_y   7021570,57958    <br>   latitude   -26,913392    <br>   longitu   -48,98897]]></description>
        <styleUrl>#icon-1899-DB4436</styleUrl>
        <Point>
          <coordinates>
            -48.98897,-26.913392,0
          </coordinates>
        </Point>
      </Placemark>
      <Placemark>
        <name>11,084</name>
        <description><![CDATA[Estrada Geral Águas Negras    <br>       <br>   FID   580    <br>   sequencia   581    <br>   cota   11,08    <br>   refer_1   Estrada Geral Águas Negras    <br>   refer_2   1.551    <br>   bairro   Figueira    <br>   coord_x   698992,165541    <br>   coord_y   7021168,44948    <br>   latitude   -26,917122    <br>   longitu   -48,996048]]></description>
        <styleUrl>#icon-1899-DB4436</styleUrl>
        <Point>
          <coordinates>
            -48.996048,-26.917122,0
          </coordinates>
        </Point>
      </Placemark>
      <Placemark>
        <name>11,24</name>
        <description><![CDATA[Estrada Geral Águas Negras    <br>       <br>   FID   581    <br>   sequencia   582    <br>   cota   11,24    <br>   refer_1   Estrada Geral Águas Negras    <br>   refer_2   1.250    <br>   bairro   Figueira    <br>   coord_x   699077,209527    <br>   coord_y   7021335,62552    <br>   latitude   -26,915601    <br>   longitu   -48,995218]]></description>
        <styleUrl>#icon-1899-DB4436</styleUrl>
        <Point>
          <coordinates>
            -48.995218,-26.915601,0
          </coordinates>
        </Point>
      </Placemark>
      <Placemark>
        <name>11,241</name>
        <description><![CDATA[Estrada Geral Águas Negras    <br>       <br>   FID   582    <br>   sequencia   583    <br>   cota   11,24    <br>   refer_1   Estrada Geral Águas Negras    <br>   refer_2   Rua Piçarras    <br>   bairro   Figueira    <br>   coord_x   699720,477258    <br>   coord_y   7021595,72898    <br>   latitude   -26,913162    <br>   longitu   -48,988785]]></description>
        <styleUrl>#icon-1899-DB4436</styleUrl>
        <Point>
          <coordinates>
            -48.988785,-26.913162,0
          </coordinates>
        </Point>
      </Placemark>
      <Placemark>
        <name>11,43</name>
        <description><![CDATA[Estrada Geral Águas Negras    <br>       <br>   FID   583    <br>   sequencia   584    <br>   cota   11,43    <br>   refer_1   Estrada Geral Águas Negras    <br>   refer_2   1.200    <br>   bairro   Figueira    <br>   coord_x   699109,174385    <br>   coord_y   7021381,10348    <br>   latitude   -26,915186    <br>   longitu   -48,994904]]></description>
        <styleUrl>#icon-1899-DB4436</styleUrl>
        <Point>
          <coordinates>
            -48.994904,-26.915186,0
          </coordinates>
        </Point>
      </Placemark>
      <Placemark>
        <name>11,535</name>
        <description><![CDATA[Estrada Geral Águas Negras    <br>       <br>   FID   584    <br>   sequencia   585    <br>   cota   11,54    <br>   refer_1   Estrada Geral Águas Negras    <br>   refer_2   Rua Maria Muller Cardozo    <br>   bairro   Figueira    <br>   coord_x   699836,360396    <br>   coord_y   7021781,94944    <br>   latitude   -26,911465    <br>   longitu   -48,987649]]></description>
        <styleUrl>#icon-1899-DB4436</styleUrl>
        <Point>
          <coordinates>
            -48.987649,-26.911465,0
          </coordinates>
        </Point>
      </Placemark>
      <Placemark>
        <name>11,54</name>
        <description><![CDATA[Estrada Geral Águas Negras    <br>       <br>   FID   585    <br>   sequencia   586    <br>   cota   11,54    <br>   refer_1   Estrada Geral Águas Negras    <br>   refer_2   à 200 metros do início da rua    <br>   bairro   Figueira    <br>   coord_x   699907,560985    <br>   coord_y   7021917,28377    <br>   latitude   -26,910234    <br>   longitu   -48,986954]]></description>
        <styleUrl>#icon-1899-DB4436</styleUrl>
        <Point>
          <coordinates>
            -48.986954,-26.910234,0
          </coordinates>
        </Point>
      </Placemark>
      <Placemark>
        <name>11,593</name>
        <description><![CDATA[Estrada Geral Águas Negras    <br>       <br>   FID   586    <br>   sequencia   587    <br>   cota   11,59    <br>   refer_1   Estrada Geral Águas Negras    <br>   refer_2   Rua Professor Vitório Anacleto Cardoso    <br>   bairro   Figueira    <br>   coord_x   699790,993042    <br>   coord_y   7021720,56277    <br>   latitude   -26,912025    <br>   longitu   -48,988095]]></description>
        <styleUrl>#icon-1899-DB4436</styleUrl>
        <Point>
          <coordinates>
            -48.988095,-26.912025,0
          </coordinates>
        </Point>
      </Placemark>
      <Placemark>
        <name>11,618</name>
        <description><![CDATA[Estrada Geral Águas Negras    <br>       <br>   FID   587    <br>   sequencia   588    <br>   cota   11,62    <br>   refer_1   Estrada Geral Águas Negras    <br>   refer_2   Rua Ezequiel Anacleto Cardoso    <br>   bairro   Figueira    <br>   coord_x   699862,369049    <br>   coord_y   7021839,83281    <br>   latitude   -26,910939    <br>   longitu   -48,987396]]></description>
        <styleUrl>#icon-1899-DB4436</styleUrl>
        <Point>
          <coordinates>
            -48.987396,-26.910939,0
          </coordinates>
        </Point>
      </Placemark>
      <Placemark>
        <name>11,699</name>
        <description><![CDATA[Estrada Geral Águas Negras    <br>       <br>   FID   588    <br>   sequencia   589    <br>   cota   11,70    <br>   refer_1   Estrada Geral Águas Negras    <br>   refer_2   Rua Henrique Cardoso    <br>   bairro   Figueira    <br>   coord_x   699725,102093    <br>   coord_y   7021628,42942    <br>   latitude   -26,912866    <br>   longitu   -48,988744]]></description>
        <styleUrl>#icon-1899-DB4436</styleUrl>
        <Point>
          <coordinates>
            -48.988744,-26.912866,0
          </coordinates>
        </Point>
      </Placemark>
      <Placemark>
        <name>11,738</name>
        <description><![CDATA[Estrada Geral Águas Negras    <br>       <br>   FID   589    <br>   sequencia   590    <br>   cota   11,74    <br>   refer_1   Estrada Geral Águas Negras    <br>   refer_2   Rua Teodoro Deschamps    <br>   bairro   Figueira    <br>   coord_x   699752,332969    <br>   coord_y   7021672,06643    <br>   latitude   -26,912469    <br>   longitu   -48,988477]]></description>
        <styleUrl>#icon-1899-DB4436</styleUrl>
        <Point>
          <coordinates>
            -48.988477,-26.912469,0
          </coordinates>
        </Point>
      </Placemark>
      <Placemark>
        <name>11,931</name>
        <description><![CDATA[Estrada Geral Águas Negras    <br>       <br>   FID   590    <br>   sequencia   591    <br>   cota   11,93    <br>   refer_1   Estrada Geral Águas Negras    <br>   refer_2   Rua Tiradentes    <br>   bairro   Figueira    <br>   coord_x   699744,055775    <br>   coord_y   7021671,20108    <br>   latitude   -26,912478    <br>   longitu   -48,98856]]></description>
        <styleUrl>#icon-1899-DB4436</styleUrl>
        <Point>
          <coordinates>
            -48.98856,-26.912478,0
          </coordinates>
        </Point>
      </Placemark>
      <Placemark>
        <name>12,248</name>
        <description><![CDATA[Estrada Geral Águas Negras    <br>       <br>   FID   591    <br>   sequencia   592    <br>   cota   12,25    <br>   refer_1   Estrada Geral Águas Negras    <br>   refer_2   1.460    <br>   bairro   Figueira    <br>   coord_x   699053,961689    <br>   coord_y   7021255,07773    <br>   latitude   -26,916331    <br>   longitu   -48,99544]]></description>
        <styleUrl>#icon-1899-DB4436</styleUrl>
        <Point>
          <coordinates>
            -48.99544,-26.916331,0
          </coordinates>
        </Point>
      </Placemark>
      <Placemark>
        <name>12,433</name>
        <description><![CDATA[Estrada Geral Águas Negras    <br>       <br>   FID   592    <br>   sequencia   593    <br>   cota   12,43    <br>   refer_1   Estrada Geral Águas Negras    <br>   refer_2   à 100 metros do início da rua    <br>   bairro   Figueira    <br>   coord_x   699971,586364    <br>   coord_y   7021986,31175    <br>   latitude   -26,909602    <br>   longitu   -48,98632]]></description>
        <styleUrl>#icon-1899-DB4436</styleUrl>
        <Point>
          <coordinates>
            -48.98632,-26.909602,0
          </coordinates>
        </Point>
      </Placemark>
      <Placemark>
        <name>8,604</name>
        <description><![CDATA[Rua Adalberto Aureo Maba    <br>       <br>   FID   593    <br>   sequencia   594    <br>   cota   8,60    <br>   refer_1   Rua Adalberto Aureo Maba    <br>   refer_2   Meio da rua    <br>   bairro   Figueira    <br>   coord_x   700510,972993    <br>   coord_y   7021285,30434    <br>   latitude   -26,915849    <br>   longitu   -48,980779]]></description>
        <styleUrl>#icon-1899-DB4436</styleUrl>
        <Point>
          <coordinates>
            -48.980779,-26.915849,0
          </coordinates>
        </Point>
      </Placemark>
      <Placemark>
        <name>8,76</name>
        <description><![CDATA[Rua Adalberto Aureo Maba    <br>       <br>   FID   594    <br>   sequencia   595    <br>   cota   8,76    <br>   refer_1   Rua Adalberto Aureo Maba    <br>   refer_2   Final de rua    <br>   bairro   Figueira    <br>   coord_x   700538,214559    <br>   coord_y   7021253,40661    <br>   latitude   -26,916133    <br>   longitu   -48,9805]]></description>
        <styleUrl>#icon-1899-DB4436</styleUrl>
        <Point>
          <coordinates>
            -48.9805,-26.916133,0
          </coordinates>
        </Point>
      </Placemark>
      <Placemark>
        <name>8,653</name>
        <description><![CDATA[Rua Adolfo Schiller    <br>       <br>   FID   595    <br>   sequencia   596    <br>   cota   8,65    <br>   refer_1   Rua Adolfo Schiller    <br>   refer_2   à 60 metros do início da rua    <br>   bairro   Figueira    <br>   coord_x   700440,648002    <br>   coord_y   7021367,70617    <br>   latitude   -26,915116    <br>   longitu   -48,9815]]></description>
        <styleUrl>#icon-1899-DB4436</styleUrl>
        <Point>
          <coordinates>
            -48.9815,-26.915116,0
          </coordinates>
        </Point>
      </Placemark>
      <Placemark>
        <name>8,752</name>
        <description><![CDATA[Rua Adolfo Schiller    <br>       <br>   FID   596    <br>   sequencia   597    <br>   cota   8,75    <br>   refer_1   Rua Adolfo Schiller    <br>   refer_2   Final de rua    <br>   bairro   Figueira    <br>   coord_x   700403,76655    <br>   coord_y   7021415,3648    <br>   latitude   -26,914691    <br>   longitu   -48,981879]]></description>
        <styleUrl>#icon-1899-DB4436</styleUrl>
        <Point>
          <coordinates>
            -48.981879,-26.914691,0
          </coordinates>
        </Point>
      </Placemark>
      <Placemark>
        <name>6,457</name>
        <description><![CDATA[Rua Alfazema    <br>       <br>   FID   597    <br>   sequencia   598    <br>   cota   6,46    <br>   refer_1   Rua Alfazema    <br>   refer_2   Final de rua    <br>   bairro   Figueira    <br>   coord_x   699657,055256    <br>   coord_y   7020939,98927    <br>   latitude   -26,919088    <br>   longitu   -48,989319]]></description>
        <styleUrl>#icon-1899-DB4436</styleUrl>
        <Point>
          <coordinates>
            -48.989319,-26.919088,0
          </coordinates>
        </Point>
      </Placemark>
      <Placemark>
        <name>6,953</name>
        <description><![CDATA[Rua Alfazema    <br>       <br>   FID   598    <br>   sequencia   599    <br>   cota   6,95    <br>   refer_1   Rua Alfazema    <br>   refer_2   274    <br>   bairro   Figueira    <br>   coord_x   699749,84387    <br>   coord_y   7021017,28147    <br>   latitude   -26,918377    <br>   longitu   -48,988397]]></description>
        <styleUrl>#icon-1899-DB4436</styleUrl>
        <Point>
          <coordinates>
            -48.988397,-26.918377,0
          </coordinates>
        </Point>
      </Placemark>
      <Placemark>
        <name>7,297</name>
        <description><![CDATA[Rua Alfazema    <br>       <br>   FID   599    <br>   sequencia   600    <br>   cota   7,30    <br>   refer_1   Rua Alfazema    <br>   refer_2   166    <br>   bairro   Figueira    <br>   coord_x   699798,498871    <br>   coord_y   7021057,5314    <br>   latitude   -26,918007    <br>   longitu   -48,987914]]></description>
        <styleUrl>#icon-1899-DB4436</styleUrl>
        <Point>
          <coordinates>
            -48.987914,-26.918007,0
          </coordinates>
        </Point>
      </Placemark>
      <Placemark>
        <name>7,397</name>
        <description><![CDATA[Rua Alfazema    <br>       <br>   FID   600    <br>   sequencia   601    <br>   cota   7,40    <br>   refer_1   Rua Alfazema    <br>   refer_2   Rua Magnólia    <br>   bairro   Figueira    <br>   coord_x   699815,840984    <br>   coord_y   7021065,54617    <br>   latitude   -26,917932    <br>   longitu   -48,987741]]></description>
        <styleUrl>#icon-1899-DB4436</styleUrl>
        <Point>
          <coordinates>
            -48.987741,-26.917932,0
          </coordinates>
        </Point>
      </Placemark>
      <Placemark>
        <name>7,73</name>
        <description><![CDATA[Rua Alfazema    <br>       <br>   FID   601    <br>   sequencia   602    <br>   cota   7,73    <br>   refer_1   Rua Alfazema    <br>   refer_2   82    <br>   bairro   Figueira    <br>   coord_x   699864,870094    <br>   coord_y   7021116,34977    <br>   latitude   -26,917467    <br>   longitu   -48,987255]]></description>
        <styleUrl>#icon-1899-DB4436</styleUrl>
        <Point>
          <coordinates>
            -48.987255,-26.917467,0
          </coordinates>
        </Point>
      </Placemark>
      <Placemark>
        <name>8,971</name>
        <description><![CDATA[Rua Alfazema    <br>       <br>   FID   602    <br>   sequencia   603    <br>   cota   8,97    <br>   refer_1   Rua Alfazema    <br>   refer_2   Rua Gerânio    <br>   bairro   Figueira    <br>   coord_x   699930,712291    <br>   coord_y   7021165,37975    <br>   latitude   -26,917015    <br>   longitu   -48,9866]]></description>
        <styleUrl>#icon-1899-DB4436</styleUrl>
        <Point>
          <coordinates>
            -48.9866,-26.917015,0
          </coordinates>
        </Point>
      </Placemark>
      <Placemark>
        <name>6,778</name>
        <description><![CDATA[Rua Amor Perfeito    <br>       <br>   FID   603    <br>   sequencia   604    <br>   cota   6,78    <br>   refer_1   Rua Amor Perfeito    <br>   refer_2   Final de rua    <br>   bairro   Figueira    <br>   coord_x   699886,255034    <br>   coord_y   7020899,03688    <br>   latitude   -26,919425    <br>   longitu   -48,987005]]></description>
        <styleUrl>#icon-1899-DB4436</styleUrl>
        <Point>
          <coordinates>
            -48.987005,-26.919425,0
          </coordinates>
        </Point>
      </Placemark>
      <Placemark>
        <name>7,442</name>
        <description><![CDATA[Rua Amor Perfeito    <br>       <br>   FID   604    <br>   sequencia   605    <br>   cota   7,44    <br>   refer_1   Rua Amor Perfeito    <br>   refer_2   Rua Gerânio    <br>   bairro   Figueira    <br>   coord_x   700012,261603    <br>   coord_y   7021000,11589    <br>   latitude   -26,918494    <br>   longitu   -48,985753]]></description>
        <styleUrl>#icon-1899-DB4436</styleUrl>
        <Point>
          <coordinates>
            -48.985753,-26.918494,0
          </coordinates>
        </Point>
      </Placemark>
      <Placemark>
        <name>7,547</name>
        <description><![CDATA[Rua Amor Perfeito    <br>       <br>   FID   605    <br>   sequencia   606    <br>   cota   7,55    <br>   refer_1   Rua Amor Perfeito    <br>   refer_2   141    <br>   bairro   Figueira    <br>   coord_x   699922,092385    <br>   coord_y   7020932,66552    <br>   latitude   -26,919116    <br>   longitu   -48,98665]]></description>
        <styleUrl>#icon-1899-DB4436</styleUrl>
        <Point>
          <coordinates>
            -48.98665,-26.919116,0
          </coordinates>
        </Point>
      </Placemark>
      <Placemark>
        <name>7,663</name>
        <description><![CDATA[Rua Amor Perfeito    <br>       <br>   FID   606    <br>   sequencia   607    <br>   cota   7,66    <br>   refer_1   Rua Amor Perfeito    <br>   refer_2   à 50 metros do início da rua    <br>   bairro   Figueira    <br>   coord_x   699973,814689    <br>   coord_y   7020973,55777    <br>   latitude   -26,91874    <br>   longitu   -48,986136]]></description>
        <styleUrl>#icon-1899-DB4436</styleUrl>
        <Point>
          <coordinates>
            -48.986136,-26.91874,0
          </coordinates>
        </Point>
      </Placemark>
      <Placemark>
        <name>12,533</name>
        <description><![CDATA[Rua Anfilóquio Nunes Pires    <br>       <br>   FID   607    <br>   sequencia   608    <br>   cota   12,53    <br>   refer_1   Rua Anfilóquio Nunes Pires    <br>   refer_2   Rua Manoel Bernardo da Silva    <br>   bairro   Figueira    <br>   coord_x   700767,582604    <br>   coord_y   7021241,17225    <br>   latitude   -26,916211    <br>   longitu   -48,978189]]></description>
        <styleUrl>#icon-1899-DB4436</styleUrl>
        <Point>
          <coordinates>
            -48.978189,-26.916211,0
          </coordinates>
        </Point>
      </Placemark>
      <Placemark>
        <name>12,65</name>
        <description><![CDATA[Rua Anfilóquio Nunes Pires    <br>       <br>   FID   608    <br>   sequencia   609    <br>   cota   12,65    <br>   refer_1   Rua Anfilóquio Nunes Pires    <br>   refer_2   Rua Henrique Deschamps    <br>   bairro   Figueira    <br>   coord_x   700599,46104    <br>   coord_y   7021429,36798    <br>   latitude   -26,914537    <br>   longitu   -48,979911]]></description>
        <styleUrl>#icon-1899-DB4436</styleUrl>
        <Point>
          <coordinates>
            -48.979911,-26.914537,0
          </coordinates>
        </Point>
      </Placemark>
      <Placemark>
        <name>12,709</name>
        <description><![CDATA[Rua Anfilóquio Nunes Pires    <br>       <br>   FID   609    <br>   sequencia   610    <br>   cota   12,71    <br>   refer_1   Rua Anfilóquio Nunes Pires    <br>   refer_2   Rua Guilherme Sabel    <br>   bairro   Figueira    <br>   coord_x   700451,842892    <br>   coord_y   7021594,90183    <br>   latitude   -26,913064    <br>   longitu   -48,981424]]></description>
        <styleUrl>#icon-1899-DB4436</styleUrl>
        <Point>
          <coordinates>
            -48.981424,-26.913064,0
          </coordinates>
        </Point>
      </Placemark>
      <Placemark>
        <name>13,196</name>
        <description><![CDATA[Rua Anfilóquio Nunes Pires    <br>       <br>   FID   610    <br>   sequencia   611    <br>   cota   13,20    <br>   refer_1   Rua Anfilóquio Nunes Pires    <br>   refer_2   1.438    <br>   bairro   Figueira    <br>   coord_x   700280,420436    <br>   coord_y   7021793,22553    <br>   latitude   -26,9113    <br>   longitu   -48,983181]]></description>
        <styleUrl>#icon-1899-DB4436</styleUrl>
        <Point>
          <coordinates>
            -48.983181,-26.9113,0
          </coordinates>
        </Point>
      </Placemark>
      <Placemark>
        <name>13,39</name>
        <description><![CDATA[Rua Anfilóquio Nunes Pires    <br>       <br>   FID   611    <br>   sequencia   612    <br>   cota   13,39    <br>   refer_1   Rua Anfilóquio Nunes Pires    <br>   refer_2   1.728    <br>   bairro   Figueira    <br>   coord_x   700167,190691    <br>   coord_y   7021911,07097    <br>   latitude   -26,910252    <br>   longitu   -48,98434]]></description>
        <styleUrl>#icon-1899-DB4436</styleUrl>
        <Point>
          <coordinates>
            -48.98434,-26.910252,0
          </coordinates>
        </Point>
      </Placemark>
      <Placemark>
        <name>13,506</name>
        <description><![CDATA[Rua Anfilóquio Nunes Pires    <br>       <br>   FID   612    <br>   sequencia   613    <br>   cota   13,51    <br>   refer_1   Rua Anfilóquio Nunes Pires    <br>   refer_2   Rua Cerena Dellandrea    <br>   bairro   Figueira    <br>   coord_x   700489,282107    <br>   coord_y   7021550,0229    <br>   latitude   -26,913464    <br>   longitu   -48,98104]]></description>
        <styleUrl>#icon-1899-DB4436</styleUrl>
        <Point>
          <coordinates>
            -48.98104,-26.913464,0
          </coordinates>
        </Point>
      </Placemark>
      <Placemark>
        <name>13,561</name>
        <description><![CDATA[Rua Anfilóquio Nunes Pires    <br>       <br>   FID   613    <br>   sequencia   614    <br>   cota   13,56    <br>   refer_1   Rua Anfilóquio Nunes Pires    <br>   refer_2   231    <br>   bairro   Figueira    <br>   coord_x   701086,210912    <br>   coord_y   7020908,99346    <br>   latitude   -26,919162    <br>   longitu   -48,974928]]></description>
        <styleUrl>#icon-1899-DB4436</styleUrl>
        <Point>
          <coordinates>
            -48.974928,-26.919162,0
          </coordinates>
        </Point>
      </Placemark>
      <Placemark>
        <name>13,65</name>
        <description><![CDATA[Rua Anfilóquio Nunes Pires    <br>       <br>   FID   614    <br>   sequencia   615    <br>   cota   13,65    <br>   refer_1   Rua Anfilóquio Nunes Pires    <br>   refer_2   Estrada Geral Águas Negras    <br>   bairro   Figueira    <br>   coord_x   700044,959579    <br>   coord_y   7022051,74261    <br>   latitude   -26,909001    <br>   longitu   -48,985592]]></description>
        <styleUrl>#icon-1899-DB4436</styleUrl>
        <Point>
          <coordinates>
            -48.985592,-26.909001,0
          </coordinates>
        </Point>
      </Placemark>
      <Placemark>
        <name>13,757</name>
        <description><![CDATA[Rua Anfilóquio Nunes Pires    <br>       <br>   FID   615    <br>   sequencia   616    <br>   cota   13,76    <br>   refer_1   Rua Anfilóquio Nunes Pires    <br>   refer_2   Rua Cônsul Ferdinand Joséf Kunz    <br>   bairro   Figueira    <br>   coord_x   699961,301393    <br>   coord_y   7022181,03081    <br>   latitude   -26,907846    <br>   longitu   -48,986455]]></description>
        <styleUrl>#icon-1899-DB4436</styleUrl>
        <Point>
          <coordinates>
            -48.986455,-26.907846,0
          </coordinates>
        </Point>
      </Placemark>
      <Placemark>
        <name>8,74</name>
        <description><![CDATA[Rua Antonino Pamplona    <br>       <br>   FID   616    <br>   sequencia   617    <br>   cota   8,74    <br>   refer_1   Rua Antonino Pamplona    <br>   refer_2   Final de rua    <br>   bairro   Figueira    <br>   coord_x   701000,850092    <br>   coord_y   7020576,89596    <br>   latitude   -26,922171    <br>   longitu   -48,975734]]></description>
        <styleUrl>#icon-1899-DB4436</styleUrl>
        <Point>
          <coordinates>
            -48.975734,-26.922171,0
          </coordinates>
        </Point>
      </Placemark>
      <Placemark>
        <name>8,907</name>
        <description><![CDATA[Rua Antonino Pamplona    <br>       <br>   FID   617    <br>   sequencia   618    <br>   cota   8,91    <br>   refer_1   Rua Antonino Pamplona    <br>   refer_2   55    <br>   bairro   Figueira    <br>   coord_x   701022,026733    <br>   coord_y   7020592,4814    <br>   latitude   -26,922027    <br>   longitu   -48,975523]]></description>
        <styleUrl>#icon-1899-DB4436</styleUrl>
        <Point>
          <coordinates>
            -48.975523,-26.922027,0
          </coordinates>
        </Point>
      </Placemark>
      <Placemark>
        <name>9,835</name>
        <description><![CDATA[Rua Antonino Pamplona    <br>       <br>   FID   618    <br>   sequencia   619    <br>   cota   9,84    <br>   refer_1   Rua Antonino Pamplona    <br>   refer_2   28    <br>   bairro   Figueira    <br>   coord_x   701048,503138    <br>   coord_y   7020614,4093    <br>   latitude   -26,921825    <br>   longitu   -48,97526]]></description>
        <styleUrl>#icon-1899-DB4436</styleUrl>
        <Point>
          <coordinates>
            -48.97526,-26.921825,0
          </coordinates>
        </Point>
      </Placemark>
      <Placemark>
        <name>8,063</name>
        <description><![CDATA[Rua Begônia    <br>       <br>   FID   619    <br>   sequencia   620    <br>   cota   8,06    <br>   refer_1   Rua Begônia    <br>   refer_2   27    <br>   bairro   Figueira    <br>   coord_x   700134,847477    <br>   coord_y   7020905,63429    <br>   latitude   -26,919329    <br>   longitu   -48,984504]]></description>
        <styleUrl>#icon-1899-DB4436</styleUrl>
        <Point>
          <coordinates>
            -48.984504,-26.919329,0
          </coordinates>
        </Point>
      </Placemark>
      <Placemark>
        <name>8,563</name>
        <description><![CDATA[Rua Begônia    <br>       <br>   FID   620    <br>   sequencia   621    <br>   cota   8,56    <br>   refer_1   Rua Begônia    <br>   refer_2   51    <br>   bairro   Figueira    <br>   coord_x   700182,14826    <br>   coord_y   7020944,95343    <br>   latitude   -26,918968    <br>   longitu   -48,984034]]></description>
        <styleUrl>#icon-1899-DB4436</styleUrl>
        <Point>
          <coordinates>
            -48.984034,-26.918968,0
          </coordinates>
        </Point>
      </Placemark>
      <Placemark>
        <name>8,69</name>
        <description><![CDATA[Rua Begônia    <br>       <br>   FID   621    <br>   sequencia   622    <br>   cota   8,69    <br>   refer_1   Rua Begônia    <br>   refer_2   195    <br>   bairro   Figueira    <br>   coord_x   700270,591187    <br>   coord_y   7021023,21904    <br>   latitude   -26,918249    <br>   longitu   -48,983156]]></description>
        <styleUrl>#icon-1899-DB4436</styleUrl>
        <Point>
          <coordinates>
            -48.983156,-26.918249,0
          </coordinates>
        </Point>
      </Placemark>
      <Placemark>
        <name>8,868</name>
        <description><![CDATA[Rua Begônia    <br>       <br>   FID   622    <br>   sequencia   623    <br>   cota   8,87    <br>   refer_1   Rua Begônia    <br>   refer_2   99    <br>   bairro   Figueira    <br>   coord_x   700228,610737    <br>   coord_y   7020986,48809    <br>   latitude   -26,918586    <br>   longitu   -48,983573]]></description>
        <styleUrl>#icon-1899-DB4436</styleUrl>
        <Point>
          <coordinates>
            -48.983573,-26.918586,0
          </coordinates>
        </Point>
      </Placemark>
      <Placemark>
        <name>9,455</name>
        <description><![CDATA[Rua Begônia    <br>       <br>   FID   623    <br>   sequencia   624    <br>   cota   9,46    <br>   refer_1   Rua Begônia    <br>   refer_2   Rua Camélia    <br>   bairro   Figueira    <br>   coord_x   700310,474273    <br>   coord_y   7021056,68324    <br>   latitude   -26,917941    <br>   longitu   -48,98276]]></description>
        <styleUrl>#icon-1899-DB4436</styleUrl>
        <Point>
          <coordinates>
            -48.98276,-26.917941,0
          </coordinates>
        </Point>
      </Placemark>
      <Placemark>
        <name>9,747</name>
        <description><![CDATA[Rua Begônia    <br>       <br>   FID   624    <br>   sequencia   625    <br>   cota   9,75    <br>   refer_1   Rua Begônia    <br>   refer_2   Final de rua    <br>   bairro   Figueira    <br>   coord_x   700335,944879    <br>   coord_y   7021072,64331    <br>   latitude   -26,917793    <br>   longitu   -48,982507]]></description>
        <styleUrl>#icon-1899-DB4436</styleUrl>
        <Point>
          <coordinates>
            -48.982507,-26.917793,0
          </coordinates>
        </Point>
      </Placemark>
      <Placemark>
        <name>9,18</name>
        <description><![CDATA[Rua Benjamin Zimmermann    <br>       <br>   FID   625    <br>   sequencia   626    <br>   cota   9,18    <br>   refer_1   Rua Benjamin Zimmermann    <br>   refer_2   à 25 metros do início da rua    <br>   bairro   Figueira    <br>   coord_x   700551,732992    <br>   coord_y   7021347,02015    <br>   latitude   -26,915287    <br>   longitu   -48,980379]]></description>
        <styleUrl>#icon-1899-DB4436</styleUrl>
        <Point>
          <coordinates>
            -48.980379,-26.915287,0
          </coordinates>
        </Point>
      </Placemark>
      <Placemark>
        <name>9,253</name>
        <description><![CDATA[Rua Benjamin Zimmermann    <br>       <br>   FID   626    <br>   sequencia   627    <br>   cota   9,25    <br>   refer_1   Rua Benjamin Zimmermann    <br>   refer_2   Final de rua    <br>   bairro   Figueira    <br>   coord_x   700589,975929    <br>   coord_y   7021306,34577    <br>   latitude   -26,915648    <br>   longitu   -48,979987]]></description>
        <styleUrl>#icon-1899-DB4436</styleUrl>
        <Point>
          <coordinates>
            -48.979987,-26.915648,0
          </coordinates>
        </Point>
      </Placemark>
      <Placemark>
        <name>9,421</name>
        <description><![CDATA[Rua Camélia    <br>       <br>   FID   627    <br>   sequencia   628    <br>   cota   9,42    <br>   refer_1   Rua Camélia    <br>   refer_2   3    <br>   bairro   Figueira    <br>   coord_x   700301,191824    <br>   coord_y   7021055,361    <br>   latitude   -26,917954    <br>   longitu   -48,982854]]></description>
        <styleUrl>#icon-1899-DB4436</styleUrl>
        <Point>
          <coordinates>
            -48.982854,-26.917954,0
          </coordinates>
        </Point>
      </Placemark>
      <Placemark>
        <name>7,424</name>
        <description><![CDATA[Rua Cecília Lucia Eberhardt    <br>       <br>   FID   628    <br>   sequencia   629    <br>   cota   7,42    <br>   refer_1   Rua Cecília Lucia Eberhardt    <br>   refer_2   450    <br>   bairro   Figueira    <br>   coord_x   700818,028    <br>   coord_y   7020426,93494    <br>   latitude   -26,92355    <br>   longitu   -48,97755]]></description>
        <styleUrl>#icon-1899-DB4436</styleUrl>
        <Point>
          <coordinates>
            -48.97755,-26.92355,0
          </coordinates>
        </Point>
      </Placemark>
      <Placemark>
        <name>7,981</name>
        <description><![CDATA[Rua Cerena Dellandrea    <br>       <br>   FID   629    <br>   sequencia   630    <br>   cota   7,98    <br>   refer_1   Rua Cerena Dellandrea    <br>   refer_2   333    <br>   bairro   Figueira    <br>   coord_x   700197,626114    <br>   coord_y   7021268,43869    <br>   latitude   -26,916047    <br>   longitu   -48,98393]]></description>
        <styleUrl>#icon-1899-DB4436</styleUrl>
        <Point>
          <coordinates>
            -48.98393,-26.916047,0
          </coordinates>
        </Point>
      </Placemark>
      <Placemark>
        <name>8,075</name>
        <description><![CDATA[Rua Cerena Dellandrea    <br>       <br>   FID   630    <br>   sequencia   631    <br>   cota   8,07    <br>   refer_1   Rua Cerena Dellandrea    <br>   refer_2   175    <br>   bairro   Figueira    <br>   coord_x   700348,89242    <br>   coord_y   7021429,82749    <br>   latitude   -26,914569    <br>   longitu   -48,982434]]></description>
        <styleUrl>#icon-1899-DB4436</styleUrl>
        <Point>
          <coordinates>
            -48.982434,-26.914569,0
          </coordinates>
        </Point>
      </Placemark>
      <Placemark>
        <name>8,373</name>
        <description><![CDATA[Rua Cerena Dellandrea    <br>       <br>   FID   631    <br>   sequencia   632    <br>   cota   8,37    <br>   refer_1   Rua Cerena Dellandrea    <br>   refer_2   405    <br>   bairro   Figueira    <br>   coord_x   700133,59726    <br>   coord_y   7021215,64451    <br>   latitude   -26,916532    <br>   longitu   -48,984566]]></description>
        <styleUrl>#icon-1899-DB4436</styleUrl>
        <Point>
          <coordinates>
            -48.984566,-26.916532,0
          </coordinates>
        </Point>
      </Placemark>
      <Placemark>
        <name>8,949</name>
        <description><![CDATA[Rua Cerena Dellandrea    <br>       <br>   FID   632    <br>   sequencia   633    <br>   cota   8,95    <br>   refer_1   Rua Cerena Dellandrea    <br>   refer_2   320    <br>   bairro   Figueira    <br>   coord_x   700211,861088    <br>   coord_y   7021281,28489    <br>   latitude   -26,915929    <br>   longitu   -48,983789]]></description>
        <styleUrl>#icon-1899-DB4436</styleUrl>
        <Point>
          <coordinates>
            -48.983789,-26.915929,0
          </coordinates>
        </Point>
      </Placemark>
      <Placemark>
        <name>8,981</name>
        <description><![CDATA[Rua Cerena Dellandrea    <br>       <br>   FID   633    <br>   sequencia   634    <br>   cota   8,98    <br>   refer_1   Rua Cerena Dellandrea    <br>   refer_2   340    <br>   bairro   Figueira    <br>   coord_x   700176,236458    <br>   coord_y   7021257,40108    <br>   latitude   -26,916149    <br>   longitu   -48,984144]]></description>
        <styleUrl>#icon-1899-DB4436</styleUrl>
        <Point>
          <coordinates>
            -48.984144,-26.916149,0
          </coordinates>
        </Point>
      </Placemark>
      <Placemark>
        <name>9,482</name>
        <description><![CDATA[Rua Cerena Dellandrea    <br>       <br>   FID   634    <br>   sequencia   635    <br>   cota   9,48    <br>   refer_1   Rua Cerena Dellandrea    <br>   refer_2   385    <br>   bairro   Figueira    <br>   coord_x   700156,481057    <br>   coord_y   7021234,14119    <br>   latitude   -26,916362    <br>   longitu   -48,984339]]></description>
        <styleUrl>#icon-1899-DB4436</styleUrl>
        <Point>
          <coordinates>
            -48.984339,-26.916362,0
          </coordinates>
        </Point>
      </Placemark>
      <Placemark>
        <name>9,673</name>
        <description><![CDATA[Rua Cerena Dellandrea    <br>       <br>   FID   635    <br>   sequencia   636    <br>   cota   9,67    <br>   refer_1   Rua Cerena Dellandrea    <br>   refer_2   69    <br>   bairro   Figueira    <br>   coord_x   700438,781534    <br>   coord_y   7021501,46214    <br>   latitude   -26,913909    <br>   longitu   -48,98154]]></description>
        <styleUrl>#icon-1899-DB4436</styleUrl>
        <Point>
          <coordinates>
            -48.98154,-26.913909,0
          </coordinates>
        </Point>
      </Placemark>
      <Placemark>
        <name>9,735</name>
        <description><![CDATA[Rua Cerena Dellandrea    <br>       <br>   FID   636    <br>   sequencia   637    <br>   cota   9,73    <br>   refer_1   Rua Cerena Dellandrea    <br>   refer_2   251    <br>   bairro   Figueira    <br>   coord_x   700266,817501    <br>   coord_y   7021331,71798    <br>   latitude   -26,915466    <br>   longitu   -48,983244]]></description>
        <styleUrl>#icon-1899-DB4436</styleUrl>
        <Point>
          <coordinates>
            -48.983244,-26.915466,0
          </coordinates>
        </Point>
      </Placemark>
      <Placemark>
        <name>9,735</name>
        <description><![CDATA[Rua Cerena Dellandrea    <br>       <br>   FID   637    <br>   sequencia   638    <br>   cota   9,73    <br>   refer_1   Rua Cerena Dellandrea    <br>   refer_2   251    <br>   bairro   Figueira    <br>   coord_x   700234,05601    <br>   coord_y   7021304,84594    <br>   latitude   -26,915713    <br>   longitu   -48,983569]]></description>
        <styleUrl>#icon-1899-DB4436</styleUrl>
        <Point>
          <coordinates>
            -48.983569,-26.915713,0
          </coordinates>
        </Point>
      </Placemark>
      <Placemark>
        <name>10,391</name>
        <description><![CDATA[Rua Cerena Dellandrea    <br>       <br>   FID   638    <br>   sequencia   639    <br>   cota   10,39    <br>   refer_1   Rua Cerena Dellandrea    <br>   refer_2   264    <br>   bairro   Figueira    <br>   coord_x   700223,519237    <br>   coord_y   7021293,73919    <br>   latitude   -26,915815    <br>   longitu   -48,983674]]></description>
        <styleUrl>#icon-1899-DB4436</styleUrl>
        <Point>
          <coordinates>
            -48.983674,-26.915815,0
          </coordinates>
        </Point>
      </Placemark>
      <Placemark>
        <name>9,882</name>
        <description><![CDATA[Rua Cônsul Ferdinand Joséf Kunz    <br>       <br>   FID   639    <br>   sequencia   640    <br>   cota   9,88    <br>   refer_1   Rua Cônsul Ferdinand Joséf Kunz    <br>   refer_2   583    <br>   bairro   Figueira    <br>   coord_x   699579,794835    <br>   coord_y   7021782,768    <br>   latitude   -26,911494    <br>   longitu   -48,990231]]></description>
        <styleUrl>#icon-1899-DB4436</styleUrl>
        <Point>
          <coordinates>
            -48.990231,-26.911494,0
          </coordinates>
        </Point>
      </Placemark>
      <Placemark>
        <name>11,991</name>
        <description><![CDATA[Rua Cônsul Ferdinand Joséf Kunz    <br>       <br>   FID   640    <br>   sequencia   641    <br>   cota   11,99    <br>   refer_1   Rua Cônsul Ferdinand Joséf Kunz    <br>   refer_2   433    <br>   bairro   Figueira    <br>   coord_x   699688,80601    <br>   coord_y   7021864,66831    <br>   latitude   -26,91074    <br>   longitu   -48,989147]]></description>
        <styleUrl>#icon-1899-DB4436</styleUrl>
        <Point>
          <coordinates>
            -48.989147,-26.91074,0
          </coordinates>
        </Point>
      </Placemark>
      <Placemark>
        <name>12,404</name>
        <description><![CDATA[Rua Cônsul Ferdinand Joséf Kunz    <br>       <br>   FID   641    <br>   sequencia   642    <br>   cota   12,40    <br>   refer_1   Rua Cônsul Ferdinand Joséf Kunz    <br>   refer_2   81    <br>   bairro   Figueira    <br>   coord_x   699848,619497    <br>   coord_y   7022007,59213    <br>   latitude   -26,909427    <br>   longitu   -48,987561]]></description>
        <styleUrl>#icon-1899-DB4436</styleUrl>
        <Point>
          <coordinates>
            -48.987561,-26.909427,0
          </coordinates>
        </Point>
      </Placemark>
      <Placemark>
        <name>12,883</name>
        <description><![CDATA[Rua Cônsul Ferdinand Joséf Kunz    <br>       <br>   FID   642    <br>   sequencia   643    <br>   cota   12,88    <br>   refer_1   Rua Cônsul Ferdinand Joséf Kunz    <br>   refer_2   135    <br>   bairro   Figueira    <br>   coord_x   699864,096117    <br>   coord_y   7022094,61992    <br>   latitude   -26,90864    <br>   longitu   -48,98742]]></description>
        <styleUrl>#icon-1899-DB4436</styleUrl>
        <Point>
          <coordinates>
            -48.98742,-26.90864,0
          </coordinates>
        </Point>
      </Placemark>
      <Placemark>
        <name>13,65</name>
        <description><![CDATA[Rua Cônsul Ferdinand Joséf Kunz    <br>       <br>   FID   643    <br>   sequencia   644    <br>   cota   13,65    <br>   refer_1   Rua Cônsul Ferdinand Joséf Kunz    <br>   refer_2   360    <br>   bairro   Figueira    <br>   coord_x   699752,862798    <br>   coord_y   7021921,80197    <br>   latitude   -26,910215    <br>   longitu   -48,988511]]></description>
        <styleUrl>#icon-1899-DB4436</styleUrl>
        <Point>
          <coordinates>
            -48.988511,-26.910215,0
          </coordinates>
        </Point>
      </Placemark>
      <Placemark>
        <name>8,202</name>
        <description><![CDATA[Rua Dália    <br>       <br>   FID   644    <br>   sequencia   645    <br>   cota   8,20    <br>   refer_1   Rua Dália    <br>   refer_2   à 40 metros com o cruzamento da rua Tulipa    <br>   bairro   Figueira    <br>   coord_x   699990,159837    <br>   coord_y   7021039,68082    <br>   latitude   -26,918141    <br>   longitu   -48,985982]]></description>
        <styleUrl>#icon-1899-DB4436</styleUrl>
        <Point>
          <coordinates>
            -48.985982,-26.918141,0
          </coordinates>
        </Point>
      </Placemark>
      <Placemark>
        <name>8,619</name>
        <description><![CDATA[Rua Dália    <br>       <br>   FID   645    <br>   sequencia   646    <br>   cota   8,62    <br>   refer_1   Rua Dália    <br>   refer_2   247    <br>   bairro   Figueira    <br>   coord_x   699982,7908    <br>   coord_y   7021063,99066    <br>   latitude   -26,917922    <br>   longitu   -48,98606]]></description>
        <styleUrl>#icon-1899-DB4436</styleUrl>
        <Point>
          <coordinates>
            -48.98606,-26.917922,0
          </coordinates>
        </Point>
      </Placemark>
      <Placemark>
        <name>8,853</name>
        <description><![CDATA[Rua Dália    <br>       <br>   FID   646    <br>   sequencia   647    <br>   cota   8,85    <br>   refer_1   Rua Dália    <br>   refer_2   133    <br>   bairro   Figueira    <br>   coord_x   700030,99194    <br>   coord_y   7021113,98606    <br>   latitude   -26,917464    <br>   longitu   -48,985583]]></description>
        <styleUrl>#icon-1899-DB4436</styleUrl>
        <Point>
          <coordinates>
            -48.985583,-26.917464,0
          </coordinates>
        </Point>
      </Placemark>
      <Placemark>
        <name>8,935</name>
        <description><![CDATA[Rua Dália    <br>       <br>   FID   647    <br>   sequencia   648    <br>   cota   8,94    <br>   refer_1   Rua Dália    <br>   refer_2   à 40 metros do início da rua    <br>   bairro   Figueira    <br>   coord_x   700090,295177    <br>   coord_y   7021163,93107    <br>   latitude   -26,917005    <br>   longitu   -48,984994]]></description>
        <styleUrl>#icon-1899-DB4436</styleUrl>
        <Point>
          <coordinates>
            -48.984994,-26.917005,0
          </coordinates>
        </Point>
      </Placemark>
      <Placemark>
        <name>9,149</name>
        <description><![CDATA[Rua Dália    <br>       <br>   FID   648    <br>   sequencia   649    <br>   cota   9,15    <br>   refer_1   Rua Dália    <br>   refer_2   Rua Jasmin    <br>   bairro   Figueira    <br>   coord_x   700054,463331    <br>   coord_y   7021141,02032    <br>   latitude   -26,917217    <br>   longitu   -48,985351]]></description>
        <styleUrl>#icon-1899-DB4436</styleUrl>
        <Point>
          <coordinates>
            -48.985351,-26.917217,0
          </coordinates>
        </Point>
      </Placemark>
      <Placemark>
        <name>9,193</name>
        <description><![CDATA[Rua Dália    <br>       <br>   FID   649    <br>   sequencia   650    <br>   cota   9,19    <br>   refer_1   Rua Dália    <br>   refer_2   Rua Gerânio    <br>   bairro   Figueira    <br>   coord_x   699994,220034    <br>   coord_y   7021089,01448    <br>   latitude   -26,917695    <br>   longitu   -48,985949]]></description>
        <styleUrl>#icon-1899-DB4436</styleUrl>
        <Point>
          <coordinates>
            -48.985949,-26.917695,0
          </coordinates>
        </Point>
      </Placemark>
      <Placemark>
        <name>7,69</name>
        <description><![CDATA[Rua Daniel Zabel    <br>       <br>   FID   650    <br>   sequencia   651    <br>   cota   7,69    <br>   refer_1   Rua Daniel Zabel    <br>   refer_2   Final de rua    <br>   bairro   Figueira    <br>   coord_x   700274,848523    <br>   coord_y   7020698,00927    <br>   latitude   -26,921183    <br>   longitu   -48,983061]]></description>
        <styleUrl>#icon-1899-DB4436</styleUrl>
        <Point>
          <coordinates>
            -48.983061,-26.921183,0
          </coordinates>
        </Point>
      </Placemark>
      <Placemark>
        <name>8,544</name>
        <description><![CDATA[Rua Daniel Zabel    <br>       <br>   FID   651    <br>   sequencia   652    <br>   cota   8,54    <br>   refer_1   Rua Daniel Zabel    <br>   refer_2   Brechó da Mari    <br>   bairro   Figueira    <br>   coord_x   700184,859459    <br>   coord_y   7020807,57003    <br>   latitude   -26,920207    <br>   longitu   -48,983985]]></description>
        <styleUrl>#icon-1899-DB4436</styleUrl>
        <Point>
          <coordinates>
            -48.983985,-26.920207,0
          </coordinates>
        </Point>
      </Placemark>
      <Placemark>
        <name>8,778</name>
        <description><![CDATA[Rua Daniel Zabel    <br>       <br>   FID   652    <br>   sequencia   653    <br>   cota   8,78    <br>   refer_1   Rua Daniel Zabel    <br>   refer_2   440    <br>   bairro   Figueira    <br>   coord_x   700140,92532    <br>   coord_y   7020859,55293    <br>   latitude   -26,919744    <br>   longitu   -48,984435]]></description>
        <styleUrl>#icon-1899-DB4436</styleUrl>
        <Point>
          <coordinates>
            -48.984435,-26.919744,0
          </coordinates>
        </Point>
      </Placemark>
      <Placemark>
        <name>10,413</name>
        <description><![CDATA[Rua Daniel Zabel    <br>       <br>   FID   653    <br>   sequencia   654    <br>   cota   10,41    <br>   refer_1   Rua Daniel Zabel    <br>   refer_2   40    <br>   bairro   Figueira    <br>   coord_x   700236,998524    <br>   coord_y   7020747,81202    <br>   latitude   -26,920739    <br>   longitu   -48,98345]]></description>
        <styleUrl>#icon-1899-DB4436</styleUrl>
        <Point>
          <coordinates>
            -48.98345,-26.920739,0
          </coordinates>
        </Point>
      </Placemark>
      <Placemark>
        <name>8,211</name>
        <description><![CDATA[Rua Dionisio Moser    <br>       <br>   FID   654    <br>   sequencia   655    <br>   cota   8,21    <br>   refer_1   Rua Dionisio Moser    <br>   refer_2   173    <br>   bairro   Figueira    <br>   coord_x   700250,431877    <br>   coord_y   7021213,87463    <br>   latitude   -26,916531    <br>   longitu   -48,98339]]></description>
        <styleUrl>#icon-1899-DB4436</styleUrl>
        <Point>
          <coordinates>
            -48.98339,-26.916531,0
          </coordinates>
        </Point>
      </Placemark>
      <Placemark>
        <name>8,519</name>
        <description><![CDATA[Rua Dionisio Moser    <br>       <br>   FID   655    <br>   sequencia   656    <br>   cota   8,52    <br>   refer_1   Rua Dionisio Moser    <br>   refer_2   81    <br>   bairro   Figueira    <br>   coord_x   700299,983542    <br>   coord_y   7021264,90387    <br>   latitude   -26,916064    <br>   longitu   -48,982899]]></description>
        <styleUrl>#icon-1899-DB4436</styleUrl>
        <Point>
          <coordinates>
            -48.982899,-26.916064,0
          </coordinates>
        </Point>
      </Placemark>
      <Placemark>
        <name>8,931</name>
        <description><![CDATA[Rua Dionisio Moser    <br>       <br>   FID   656    <br>   sequencia   657    <br>   cota   8,93    <br>   refer_1   Rua Dionisio Moser    <br>   refer_2   111    <br>   bairro   Figueira    <br>   coord_x   700286,936782    <br>   coord_y   7021248,14586    <br>   latitude   -26,916217    <br>   longitu   -48,983028]]></description>
        <styleUrl>#icon-1899-DB4436</styleUrl>
        <Point>
          <coordinates>
            -48.983028,-26.916217,0
          </coordinates>
        </Point>
      </Placemark>
      <Placemark>
        <name>8,258</name>
        <description><![CDATA[Rua Edson Alves Sobral    <br>       <br>   FID   657    <br>   sequencia   658    <br>   cota   8,26    <br>   refer_1   Rua Edson Alves Sobral    <br>   refer_2   Final de rua    <br>   bairro   Figueira    <br>   coord_x   700315,556793    <br>   coord_y   7020762,27472    <br>   latitude   -26,920597    <br>   longitu   -48,982662]]></description>
        <styleUrl>#icon-1899-DB4436</styleUrl>
        <Point>
          <coordinates>
            -48.982662,-26.920597,0
          </coordinates>
        </Point>
      </Placemark>
      <Placemark>
        <name>8,65</name>
        <description><![CDATA[Rua Edson Alves Sobral    <br>       <br>   FID   658    <br>   sequencia   659    <br>   cota   8,65    <br>   refer_1   Rua Edson Alves Sobral    <br>   refer_2   23    <br>   bairro   Figueira    <br>   coord_x   700283,038349    <br>   coord_y   7020737,71612    <br>   latitude   -26,920823    <br>   longitu   -48,982985]]></description>
        <styleUrl>#icon-1899-DB4436</styleUrl>
        <Point>
          <coordinates>
            -48.982985,-26.920823,0
          </coordinates>
        </Point>
      </Placemark>
      <Placemark>
        <name>11,887</name>
        <description><![CDATA[Rua Ezequiel Anacleto Cardoso    <br>       <br>   FID   659    <br>   sequencia   660    <br>   cota   11,89    <br>   refer_1   Rua Ezequiel Anacleto Cardoso    <br>   refer_2   101    <br>   bairro   Figueira    <br>   coord_x   699927,732652    <br>   coord_y   7021767,07824    <br>   latitude   -26,911586    <br>   longitu   -48,986727]]></description>
        <styleUrl>#icon-1899-DB4436</styleUrl>
        <Point>
          <coordinates>
            -48.986727,-26.911586,0
          </coordinates>
        </Point>
      </Placemark>
      <Placemark>
        <name>12,213</name>
        <description><![CDATA[Rua Ezequiel Anacleto Cardoso    <br>       <br>   FID   660    <br>   sequencia   661    <br>   cota   12,21    <br>   refer_1   Rua Ezequiel Anacleto Cardoso    <br>   refer_2   Travessa Cleber dos Santos    <br>   bairro   Figueira    <br>   coord_x   699976,558851    <br>   coord_y   7021705,29618    <br>   latitude   -26,912137    <br>   longitu   -48,986225]]></description>
        <styleUrl>#icon-1899-DB4436</styleUrl>
        <Point>
          <coordinates>
            -48.986225,-26.912137,0
          </coordinates>
        </Point>
      </Placemark>
      <Placemark>
        <name>14,546</name>
        <description><![CDATA[Rua Ezequiel Anacleto Cardoso    <br>       <br>   FID   661    <br>   sequencia   662    <br>   cota   14,55    <br>   refer_1   Rua Ezequiel Anacleto Cardoso    <br>   refer_2   Final de rua    <br>   bairro   Figueira    <br>   coord_x   700028,313295    <br>   coord_y   7021655,43437    <br>   latitude   -26,912579    <br>   longitu   -48,985696]]></description>
        <styleUrl>#icon-1899-DB4436</styleUrl>
        <Point>
          <coordinates>
            -48.985696,-26.912579,0
          </coordinates>
        </Point>
      </Placemark>
      <Placemark>
        <name>6,604</name>
        <description><![CDATA[Rua Flor de Laranjeira    <br>       <br>   FID   662    <br>   sequencia   663    <br>   cota   6,60    <br>   refer_1   Rua Flor de Laranjeira    <br>   refer_2   Final de rua    <br>   bairro   Figueira    <br>   coord_x   699835,293492    <br>   coord_y   7020931,23917    <br>   latitude   -26,919141    <br>   longitu   -48,987523]]></description>
        <styleUrl>#icon-1899-DB4436</styleUrl>
        <Point>
          <coordinates>
            -48.987523,-26.919141,0
          </coordinates>
        </Point>
      </Placemark>
      <Placemark>
        <name>6,796</name>
        <description><![CDATA[Rua Flor de Laranjeira    <br>       <br>   FID   663    <br>   sequencia   664    <br>   cota   6,80    <br>   refer_1   Rua Flor de Laranjeira    <br>   refer_2   Meio da rua    <br>   bairro   Figueira    <br>   coord_x   699804,072271    <br>   coord_y   7020968,62186    <br>   latitude   -26,918808    <br>   longitu   -48,987843]]></description>
        <styleUrl>#icon-1899-DB4436</styleUrl>
        <Point>
          <coordinates>
            -48.987843,-26.918808,0
          </coordinates>
        </Point>
      </Placemark>
      <Placemark>
        <name>6,956</name>
        <description><![CDATA[Rua Flor de Laranjeira    <br>       <br>   FID   664    <br>   sequencia   665    <br>   cota   6,96    <br>   refer_1   Rua Flor de Laranjeira    <br>   refer_2   Rua Alfazema    <br>   bairro   Figueira    <br>   coord_x   699759,860444    <br>   coord_y   7021017,92623    <br>   latitude   -26,91837    <br>   longitu   -48,988296]]></description>
        <styleUrl>#icon-1899-DB4436</styleUrl>
        <Point>
          <coordinates>
            -48.988296,-26.91837,0
          </coordinates>
        </Point>
      </Placemark>
      <Placemark>
        <name>7,651</name>
        <description><![CDATA[Rua Francisco Silvério Scheidt    <br>       <br>   FID   665    <br>   sequencia   666    <br>   cota   7,65    <br>   refer_1   Rua Francisco Silvério Scheidt    <br>   refer_2   513    <br>   bairro   Figueira    <br>   coord_x   700124,944693    <br>   coord_y   7020802,23388    <br>   latitude   -26,920264    <br>   longitu   -48,984587]]></description>
        <styleUrl>#icon-1899-DB4436</styleUrl>
        <Point>
          <coordinates>
            -48.984587,-26.920264,0
          </coordinates>
        </Point>
      </Placemark>
      <Placemark>
        <name>7,845</name>
        <description><![CDATA[Rua Francisco Silvério Scheidt    <br>       <br>   FID   666    <br>   sequencia   667    <br>   cota   7,84    <br>   refer_1   Rua Francisco Silvério Scheidt    <br>   refer_2   570    <br>   bairro   Figueira    <br>   coord_x   700069,551442    <br>   coord_y   7020756,2155    <br>   latitude   -26,920687    <br>   longitu   -48,985137]]></description>
        <styleUrl>#icon-1899-DB4436</styleUrl>
        <Point>
          <coordinates>
            -48.985137,-26.920687,0
          </coordinates>
        </Point>
      </Placemark>
      <Placemark>
        <name>7,896</name>
        <description><![CDATA[Rua Francisco Silvério Scheidt    <br>       <br>   FID   667    <br>   sequencia   668    <br>   cota   7,90    <br>   refer_1   Rua Francisco Silvério Scheidt    <br>   refer_2   620    <br>   bairro   Figueira    <br>   coord_x   700018,417181    <br>   coord_y   7020714,56105    <br>   latitude   -26,92107    <br>   longitu   -48,985645]]></description>
        <styleUrl>#icon-1899-DB4436</styleUrl>
        <Point>
          <coordinates>
            -48.985645,-26.92107,0
          </coordinates>
        </Point>
      </Placemark>
      <Placemark>
        <name>8,06</name>
        <description><![CDATA[Rua Francisco Silvério Scheidt    <br>       <br>   FID   668    <br>   sequencia   669    <br>   cota   8,06    <br>   refer_1   Rua Francisco Silvério Scheidt    <br>   refer_2   Final de rua    <br>   bairro   Figueira    <br>   coord_x   699968,277587    <br>   coord_y   7020669,62624    <br>   latitude   -26,921483    <br>   longitu   -48,986143]]></description>
        <styleUrl>#icon-1899-DB4436</styleUrl>
        <Point>
          <coordinates>
            -48.986143,-26.921483,0
          </coordinates>
        </Point>
      </Placemark>
      <Placemark>
        <name>8,282</name>
        <description><![CDATA[Rua Francisco Silvério Scheidt    <br>       <br>   FID   669    <br>   sequencia   670    <br>   cota   8,28    <br>   refer_1   Rua Francisco Silvério Scheidt    <br>   refer_2   Rua Daniel Zabel    <br>   bairro   Figueira    <br>   coord_x   700162,286726    <br>   coord_y   7020825,04205    <br>   latitude   -26,920053    <br>   longitu   -48,984215]]></description>
        <styleUrl>#icon-1899-DB4436</styleUrl>
        <Point>
          <coordinates>
            -48.984215,-26.920053,0
          </coordinates>
        </Point>
      </Placemark>
      <Placemark>
        <name>8,3</name>
        <description><![CDATA[Rua Francisco Silvério Scheidt    <br>       <br>   FID   670    <br>   sequencia   671    <br>   cota   8,30    <br>   refer_1   Rua Francisco Silvério Scheidt    <br>   refer_2   Final de rua    <br>   bairro   Figueira    <br>   coord_x   700499,034158    <br>   coord_y   7021110,73648    <br>   latitude   -26,917426    <br>   longitu   -48,980871]]></description>
        <styleUrl>#icon-1899-DB4436</styleUrl>
        <Point>
          <coordinates>
            -48.980871,-26.917426,0
          </coordinates>
        </Point>
      </Placemark>
      <Placemark>
        <name>8,31</name>
        <description><![CDATA[Rua Francisco Silvério Scheidt    <br>       <br>   FID   671    <br>   sequencia   672    <br>   cota   8,31    <br>   refer_1   Rua Francisco Silvério Scheidt    <br>   refer_2   50    <br>   bairro   Figueira    <br>   coord_x   700462,600099    <br>   coord_y   7021079,95872    <br>   latitude   -26,917709    <br>   longitu   -48,981233]]></description>
        <styleUrl>#icon-1899-DB4436</styleUrl>
        <Point>
          <coordinates>
            -48.981233,-26.917709,0
          </coordinates>
        </Point>
      </Placemark>
      <Placemark>
        <name>9,224</name>
        <description><![CDATA[Rua Francisco Silvério Scheidt    <br>       <br>   FID   672    <br>   sequencia   673    <br>   cota   9,22    <br>   refer_1   Rua Francisco Silvério Scheidt    <br>   refer_2   387    <br>   bairro   Figueira    <br>   coord_x   700252,463755    <br>   coord_y   7020902,80165    <br>   latitude   -26,919338    <br>   longitu   -48,98332]]></description>
        <styleUrl>#icon-1899-DB4436</styleUrl>
        <Point>
          <coordinates>
            -48.98332,-26.919338,0
          </coordinates>
        </Point>
      </Placemark>
      <Placemark>
        <name>9,25</name>
        <description><![CDATA[Rua Francisco Silvério Scheidt    <br>       <br>   FID   673    <br>   sequencia   674    <br>   cota   9,25    <br>   refer_1   Rua Francisco Silvério Scheidt    <br>   refer_2   423    <br>   bairro   Figueira    <br>   coord_x   700201,540342    <br>   coord_y   7020858,16734    <br>   latitude   -26,919748    <br>   longitu   -48,983825]]></description>
        <styleUrl>#icon-1899-DB4436</styleUrl>
        <Point>
          <coordinates>
            -48.983825,-26.919748,0
          </coordinates>
        </Point>
      </Placemark>
      <Placemark>
        <name>9,293</name>
        <description><![CDATA[Rua Francisco Silvério Scheidt    <br>       <br>   FID   674    <br>   sequencia   675    <br>   cota   9,29    <br>   refer_1   Rua Francisco Silvério Scheidt    <br>   refer_2   165    <br>   bairro   Figueira    <br>   coord_x   700390,631005    <br>   coord_y   7021022,18631    <br>   latitude   -26,918241    <br>   longitu   -48,981948]]></description>
        <styleUrl>#icon-1899-DB4436</styleUrl>
        <Point>
          <coordinates>
            -48.981948,-26.918241,0
          </coordinates>
        </Point>
      </Placemark>
      <Placemark>
        <name>9,994</name>
        <description><![CDATA[Rua Francisco Silvério Scheidt    <br>       <br>   FID   675    <br>   sequencia   676    <br>   cota   9,99    <br>   refer_1   Rua Francisco Silvério Scheidt    <br>   refer_2   225    <br>   bairro   Figueira    <br>   coord_x   700338,910341    <br>   coord_y   7020973,94635    <br>   latitude   -26,918684    <br>   longitu   -48,982461]]></description>
        <styleUrl>#icon-1899-DB4436</styleUrl>
        <Point>
          <coordinates>
            -48.982461,-26.918684,0
          </coordinates>
        </Point>
      </Placemark>
      <Placemark>
        <name>10,149</name>
        <description><![CDATA[Rua Francisco Silvério Scheidt    <br>       <br>   FID   676    <br>   sequencia   677    <br>   cota   10,15    <br>   refer_1   Rua Francisco Silvério Scheidt    <br>   refer_2   201    <br>   bairro   Figueira    <br>   coord_x   700300,070073    <br>   coord_y   7020944,75586    <br>   latitude   -26,918953    <br>   longitu   -48,982847]]></description>
        <styleUrl>#icon-1899-DB4436</styleUrl>
        <Point>
          <coordinates>
            -48.982847,-26.918953,0
          </coordinates>
        </Point>
      </Placemark>
      <Placemark>
        <name>12,242</name>
        <description><![CDATA[Rua Fredesvinda Zimmermann    <br>       <br>   FID   677    <br>   sequencia   678    <br>   cota   12,24    <br>   refer_1   Rua Fredesvinda Zimmermann    <br>   refer_2   101    <br>   bairro   Figueira    <br>   coord_x   699610,845262    <br>   coord_y   7021566,86781    <br>   latitude   -26,913438    <br>   longitu   -48,989884]]></description>
        <styleUrl>#icon-1899-DB4436</styleUrl>
        <Point>
          <coordinates>
            -48.989884,-26.913438,0
          </coordinates>
        </Point>
      </Placemark>
      <Placemark>
        <name>12,502</name>
        <description><![CDATA[Rua Fredesvinda Zimmermann    <br>       <br>   FID   678    <br>   sequencia   679    <br>   cota   12,50    <br>   refer_1   Rua Fredesvinda Zimmermann    <br>   refer_2   Final de rua    <br>   bairro   Figueira    <br>   coord_x   699635,112667    <br>   coord_y   7021615,94795    <br>   latitude   -26,912992    <br>   longitu   -48,989648]]></description>
        <styleUrl>#icon-1899-DB4436</styleUrl>
        <Point>
          <coordinates>
            -48.989648,-26.912992,0
          </coordinates>
        </Point>
      </Placemark>
      <Placemark>
        <name>7,194</name>
        <description><![CDATA[Rua Gerânio    <br>       <br>   FID   679    <br>   sequencia   680    <br>   cota   7,19    <br>   refer_1   Rua Gerânio    <br>   refer_2   283    <br>   bairro   Figueira    <br>   coord_x   700072,444437    <br>   coord_y   7020933,73388    <br>   latitude   -26,919085    <br>   longitu   -48,985137]]></description>
        <styleUrl>#icon-1899-DB4436</styleUrl>
        <Point>
          <coordinates>
            -48.985137,-26.919085,0
          </coordinates>
        </Point>
      </Placemark>
      <Placemark>
        <name>7,919</name>
        <description><![CDATA[Rua Gerânio    <br>       <br>   FID   680    <br>   sequencia   681    <br>   cota   7,92    <br>   refer_1   Rua Gerânio    <br>   refer_2   174    <br>   bairro   Figueira    <br>   coord_x   700057,984646    <br>   coord_y   7020961,09525    <br>   latitude   -26,91884    <br>   longitu   -48,985286]]></description>
        <styleUrl>#icon-1899-DB4436</styleUrl>
        <Point>
          <coordinates>
            -48.985286,-26.91884,0
          </coordinates>
        </Point>
      </Placemark>
      <Placemark>
        <name>8,156</name>
        <description><![CDATA[Rua Gerânio    <br>       <br>   FID   681    <br>   sequencia   682    <br>   cota   8,16    <br>   refer_1   Rua Gerânio    <br>   refer_2   Final de rua    <br>   bairro   Figueira    <br>   coord_x   699907,662669    <br>   coord_y   7021194,69239    <br>   latitude   -26,916754    <br>   longitu   -48,986837]]></description>
        <styleUrl>#icon-1899-DB4436</styleUrl>
        <Point>
          <coordinates>
            -48.986837,-26.916754,0
          </coordinates>
        </Point>
      </Placemark>
      <Placemark>
        <name>9,852</name>
        <description><![CDATA[Rua Gerânio    <br>       <br>   FID   682    <br>   sequencia   683    <br>   cota   9,85    <br>   refer_1   Rua Gerânio    <br>   refer_2   à 20 metros do início da rua    <br>   bairro   Figueira    <br>   coord_x   699987,029821    <br>   coord_y   7021106,14573    <br>   latitude   -26,917541    <br>   longitu   -48,986024]]></description>
        <styleUrl>#icon-1899-DB4436</styleUrl>
        <Point>
          <coordinates>
            -48.986024,-26.917541,0
          </coordinates>
        </Point>
      </Placemark>
      <Placemark>
        <name>11,852</name>
        <description><![CDATA[Rua Gerânio    <br>       <br>   FID   683    <br>   sequencia   684    <br>   cota   11,85    <br>   refer_1   Rua Gerânio    <br>   refer_2   Ponto mais alto do morro    <br>   bairro   Figueira    <br>   coord_x   699959,250773    <br>   coord_y   7021130,43631    <br>   latitude   -26,917326    <br>   longitu   -48,986307]]></description>
        <styleUrl>#icon-1899-DB4436</styleUrl>
        <Point>
          <coordinates>
            -48.986307,-26.917326,0
          </coordinates>
        </Point>
      </Placemark>
      <Placemark>
        <name>8,533</name>
        <description><![CDATA[Rua Guilherme Sabel    <br>       <br>   FID   684    <br>   sequencia   685    <br>   cota   8,53    <br>   refer_1   Rua Guilherme Sabel    <br>   refer_2   123    <br>   bairro   Figueira    <br>   coord_x   700298,165967    <br>   coord_y   7021419,87887    <br>   latitude   -26,914666    <br>   longitu   -48,982943]]></description>
        <styleUrl>#icon-1899-DB4436</styleUrl>
        <Point>
          <coordinates>
            -48.982943,-26.914666,0
          </coordinates>
        </Point>
      </Placemark>
      <Placemark>
        <name>8,664</name>
        <description><![CDATA[Rua Guilherme Sabel    <br>       <br>   FID   685    <br>   sequencia   686    <br>   cota   8,66    <br>   refer_1   Rua Guilherme Sabel    <br>   refer_2   Rua Hercílio Luz    <br>   bairro   Figueira    <br>   coord_x   700291,547427    <br>   coord_y   7021447,30236    <br>   latitude   -26,914419    <br>   longitu   -48,983014]]></description>
        <styleUrl>#icon-1899-DB4436</styleUrl>
        <Point>
          <coordinates>
            -48.983014,-26.914419,0
          </coordinates>
        </Point>
      </Placemark>
      <Placemark>
        <name>8,837</name>
        <description><![CDATA[Rua Guilherme Sabel    <br>       <br>   FID   686    <br>   sequencia   687    <br>   cota   8,84    <br>   refer_1   Rua Guilherme Sabel    <br>   refer_2   201    <br>   bairro   Figueira    <br>   coord_x   700274,71573    <br>   coord_y   7021405,87594    <br>   latitude   -26,914795    <br>   longitu   -48,983176]]></description>
        <styleUrl>#icon-1899-DB4436</styleUrl>
        <Point>
          <coordinates>
            -48.983176,-26.914795,0
          </coordinates>
        </Point>
      </Placemark>
      <Placemark>
        <name>8,88</name>
        <description><![CDATA[Rua Guilherme Sabel    <br>       <br>   FID   687    <br>   sequencia   688    <br>   cota   8,88    <br>   refer_1   Rua Guilherme Sabel    <br>   refer_2   163    <br>   bairro   Figueira    <br>   coord_x   700308,081011    <br>   coord_y   7021459,41521    <br>   latitude   -26,914308    <br>   longitu   -48,982849]]></description>
        <styleUrl>#icon-1899-DB4436</styleUrl>
        <Point>
          <coordinates>
            -48.982849,-26.914308,0
          </coordinates>
        </Point>
      </Placemark>
      <Placemark>
        <name>8,96</name>
        <description><![CDATA[Rua Guilherme Sabel    <br>       <br>   FID   688    <br>   sequencia   689    <br>   cota   8,96    <br>   refer_1   Rua Guilherme Sabel    <br>   refer_2   142    <br>   bairro   Figueira    <br>   coord_x   700339,476718    <br>   coord_y   7021490,13611    <br>   latitude   -26,914026    <br>   longitu   -48,982538]]></description>
        <styleUrl>#icon-1899-DB4436</styleUrl>
        <Point>
          <coordinates>
            -48.982538,-26.914026,0
          </coordinates>
        </Point>
      </Placemark>
      <Placemark>
        <name>9,345</name>
        <description><![CDATA[Rua Guilherme Sabel    <br>       <br>   FID   689    <br>   sequencia   690    <br>   cota   9,35    <br>   refer_1   Rua Guilherme Sabel    <br>   refer_2   313    <br>   bairro   Figueira    <br>   coord_x   700199,421319    <br>   coord_y   7021339,60695    <br>   latitude   -26,915404    <br>   longitu   -48,983924]]></description>
        <styleUrl>#icon-1899-DB4436</styleUrl>
        <Point>
          <coordinates>
            -48.983924,-26.915404,0
          </coordinates>
        </Point>
      </Placemark>
      <Placemark>
        <name>9,713</name>
        <description><![CDATA[Rua Guilherme Sabel    <br>       <br>   FID   690    <br>   sequencia   691    <br>   cota   9,71    <br>   refer_1   Rua Guilherme Sabel    <br>   refer_2   123    <br>   bairro   Figueira    <br>   coord_x   700358,355805    <br>   coord_y   7021515,83843    <br>   latitude   -26,913791    <br>   longitu   -48,982352]]></description>
        <styleUrl>#icon-1899-DB4436</styleUrl>
        <Point>
          <coordinates>
            -48.982352,-26.913791,0
          </coordinates>
        </Point>
      </Placemark>
      <Placemark>
        <name>9,957</name>
        <description><![CDATA[Rua Guilherme Sabel    <br>       <br>   FID   691    <br>   sequencia   692    <br>   cota   9,96    <br>   refer_1   Rua Guilherme Sabel    <br>   refer_2   318    <br>   bairro   Figueira    <br>   coord_x   700127,9677    <br>   coord_y   7021351,68586    <br>   latitude   -26,915306    <br>   longitu   -48,984645]]></description>
        <styleUrl>#icon-1899-DB4436</styleUrl>
        <Point>
          <coordinates>
            -48.984645,-26.915306,0
          </coordinates>
        </Point>
      </Placemark>
      <Placemark>
        <name>10,321</name>
        <description><![CDATA[Rua Guilherme Sabel    <br>       <br>   FID   692    <br>   sequencia   693    <br>   cota   10,32    <br>   refer_1   Rua Guilherme Sabel    <br>   refer_2   121    <br>   bairro   Figueira    <br>   coord_x   700238,066379    <br>   coord_y   7021436,28347    <br>   latitude   -26,914526    <br>   longitu   -48,98355]]></description>
        <styleUrl>#icon-1899-DB4436</styleUrl>
        <Point>
          <coordinates>
            -48.98355,-26.914526,0
          </coordinates>
        </Point>
      </Placemark>
      <Placemark>
        <name>10,555</name>
        <description><![CDATA[Rua Guilherme Sabel    <br>       <br>   FID   693    <br>   sequencia   694    <br>   cota   10,56    <br>   refer_1   Rua Guilherme Sabel    <br>   refer_2   66    <br>   bairro   Figueira    <br>   coord_x   700385,835621    <br>   coord_y   7021540,19226    <br>   latitude   -26,913568    <br>   longitu   -48,982079]]></description>
        <styleUrl>#icon-1899-DB4436</styleUrl>
        <Point>
          <coordinates>
            -48.982079,-26.913568,0
          </coordinates>
        </Point>
      </Placemark>
      <Placemark>
        <name>10,807</name>
        <description><![CDATA[Rua Guilherme Sabel    <br>       <br>   FID   694    <br>   sequencia   695    <br>   cota   10,81    <br>   refer_1   Rua Guilherme Sabel    <br>   refer_2   310    <br>   bairro   Figueira    <br>   coord_x   700153,241635    <br>   coord_y   7021353,175    <br>   latitude   -26,915288    <br>   longitu   -48,984391]]></description>
        <styleUrl>#icon-1899-DB4436</styleUrl>
        <Point>
          <coordinates>
            -48.984391,-26.915288,0
          </coordinates>
        </Point>
      </Placemark>
      <Placemark>
        <name>11,482</name>
        <description><![CDATA[Rua Guilherme Sabel    <br>       <br>   FID   695    <br>   sequencia   696    <br>   cota   11,48    <br>   refer_1   Rua Guilherme Sabel    <br>   refer_2   288    <br>   bairro   Figueira    <br>   coord_x   700168,151161    <br>   coord_y   7021385,73261    <br>   latitude   -26,914993    <br>   longitu   -48,984246]]></description>
        <styleUrl>#icon-1899-DB4436</styleUrl>
        <Point>
          <coordinates>
            -48.984246,-26.914993,0
          </coordinates>
        </Point>
      </Placemark>
      <Placemark>
        <name>11,498</name>
        <description><![CDATA[Rua Guilherme Sabel    <br>       <br>   FID   696    <br>   sequencia   697    <br>   cota   11,50    <br>   refer_1   Rua Guilherme Sabel    <br>   refer_2   252    <br>   bairro   Figueira    <br>   coord_x   700241,934134    <br>   coord_y   7021377,74335    <br>   latitude   -26,915054    <br>   longitu   -48,983502]]></description>
        <styleUrl>#icon-1899-DB4436</styleUrl>
        <Point>
          <coordinates>
            -48.983502,-26.915054,0
          </coordinates>
        </Point>
      </Placemark>
      <Placemark>
        <name>11,929</name>
        <description><![CDATA[Rua Guilherme Sabel    <br>       <br>   FID   697    <br>   sequencia   698    <br>   cota   11,93    <br>   refer_1   Rua Guilherme Sabel    <br>   refer_2   245    <br>   bairro   Figueira    <br>   coord_x   700204,360619    <br>   coord_y   7021415,77815    <br>   latitude   -26,914716    <br>   longitu   -48,983886]]></description>
        <styleUrl>#icon-1899-DB4436</styleUrl>
        <Point>
          <coordinates>
            -48.983886,-26.914716,0
          </coordinates>
        </Point>
      </Placemark>
      <Placemark>
        <name>7,457</name>
        <description><![CDATA[Rua Helena Augusta Gaertner    <br>       <br>   FID   698    <br>   sequencia   699    <br>   cota   7,46    <br>   refer_1   Rua Helena Augusta Gaertner    <br>   refer_2   Rua Henrique Deschamps    <br>   bairro   Figueira    <br>   coord_x   700304,009275    <br>   coord_y   7021159,35528    <br>   latitude   -26,917016    <br>   longitu   -48,982842]]></description>
        <styleUrl>#icon-1899-DB4436</styleUrl>
        <Point>
          <coordinates>
            -48.982842,-26.917016,0
          </coordinates>
        </Point>
      </Placemark>
      <Placemark>
        <name>7,84</name>
        <description><![CDATA[Rua Helena Augusta Gaertner    <br>       <br>   FID   699    <br>   sequencia   700    <br>   cota   7,84    <br>   refer_1   Rua Helena Augusta Gaertner    <br>   refer_2   Rua Manoel Bernardo da Silva    <br>   bairro   Figueira    <br>   coord_x   700468,613751    <br>   coord_y   7021002,15365    <br>   latitude   -26,91841    <br>   longitu   -48,98116]]></description>
        <styleUrl>#icon-1899-DB4436</styleUrl>
        <Point>
          <coordinates>
            -48.98116,-26.91841,0
          </coordinates>
        </Point>
      </Placemark>
      <Placemark>
        <name>7,841</name>
        <description><![CDATA[Rua Helena Augusta Gaertner    <br>       <br>   FID   700    <br>   sequencia   701    <br>   cota   7,84    <br>   refer_1   Rua Helena Augusta Gaertner    <br>   refer_2   Rua Dionisio Moser    <br>   bairro   Figueira    <br>   coord_x   700206,304893    <br>   coord_y   7021177,23638    <br>   latitude   -26,916868    <br>   longitu   -48,983828]]></description>
        <styleUrl>#icon-1899-DB4436</styleUrl>
        <Point>
          <coordinates>
            -48.983828,-26.916868,0
          </coordinates>
        </Point>
      </Placemark>
      <Placemark>
        <name>7,928</name>
        <description><![CDATA[Rua Helena Augusta Gaertner    <br>       <br>   FID   701    <br>   sequencia   702    <br>   cota   7,93    <br>   refer_1   Rua Helena Augusta Gaertner    <br>   refer_2   à 60 metros após cruzamento com rua Henrique Deschamps    <br>   bairro   Figueira    <br>   coord_x   700346,598242    <br>   coord_y   7021128,39562    <br>   latitude   -26,917289    <br>   longitu   -48,982408]]></description>
        <styleUrl>#icon-1899-DB4436</styleUrl>
        <Point>
          <coordinates>
            -48.982408,-26.917289,0
          </coordinates>
        </Point>
      </Placemark>
      <Placemark>
        <name>8,307</name>
        <description><![CDATA[Rua Helena Augusta Gaertner    <br>       <br>   FID   702    <br>   sequencia   703    <br>   cota   8,31    <br>   refer_1   Rua Helena Augusta Gaertner    <br>   refer_2   Rua Dália    <br>   bairro   Figueira    <br>   coord_x   700118,034905    <br>   coord_y   7021195,88673    <br>   latitude   -26,916713    <br>   longitu   -48,98472]]></description>
        <styleUrl>#icon-1899-DB4436</styleUrl>
        <Point>
          <coordinates>
            -48.98472,-26.916713,0
          </coordinates>
        </Point>
      </Placemark>
      <Placemark>
        <name>8,532</name>
        <description><![CDATA[Rua Helena Augusta Gaertner    <br>       <br>   FID   703    <br>   sequencia   704    <br>   cota   8,53    <br>   refer_1   Rua Helena Augusta Gaertner    <br>   refer_2   à 115 metros após cruzamento com rua Henrique Deschamps    <br>   bairro   Figueira    <br>   coord_x   700393,071014    <br>   coord_y   7021099,97403    <br>   latitude   -26,917539    <br>   longitu   -48,981936]]></description>
        <styleUrl>#icon-1899-DB4436</styleUrl>
        <Point>
          <coordinates>
            -48.981936,-26.917539,0
          </coordinates>
        </Point>
      </Placemark>
      <Placemark>
        <name>8,876</name>
        <description><![CDATA[Rua Helena Augusta Gaertner    <br>       <br>   FID   704    <br>   sequencia   705    <br>   cota   8,88    <br>   refer_1   Rua Helena Augusta Gaertner    <br>   refer_2   Rua Cerena Dellandrea    <br>   bairro   Figueira    <br>   coord_x   700113,039857    <br>   coord_y   7021205,87165    <br>   latitude   -26,916623    <br>   longitu   -48,984772]]></description>
        <styleUrl>#icon-1899-DB4436</styleUrl>
        <Point>
          <coordinates>
            -48.984772,-26.916623,0
          </coordinates>
        </Point>
      </Placemark>
      <Placemark>
        <name>9,419</name>
        <description><![CDATA[Rua Helena Augusta Gaertner    <br>       <br>   FID   705    <br>   sequencia   706    <br>   cota   9,42    <br>   refer_1   Rua Helena Augusta Gaertner    <br>   refer_2   à 35 metros após número 500    <br>   bairro   Figueira    <br>   coord_x   700052,507714    <br>   coord_y   7021266,8237    <br>   latitude   -26,916082    <br>   longitu   -48,985391]]></description>
        <styleUrl>#icon-1899-DB4436</styleUrl>
        <Point>
          <coordinates>
            -48.985391,-26.916082,0
          </coordinates>
        </Point>
      </Placemark>
      <Placemark>
        <name>9,519</name>
        <description><![CDATA[Rua Helena Augusta Gaertner    <br>       <br>   FID   706    <br>   sequencia   707    <br>   cota   9,52    <br>   refer_1   Rua Helena Augusta Gaertner    <br>   refer_2   à 110 metros após número 500    <br>   bairro   Figueira    <br>   coord_x   700011,402374    <br>   coord_y   7021351,43192    <br>   latitude   -26,915325    <br>   longitu   -48,985818]]></description>
        <styleUrl>#icon-1899-DB4436</styleUrl>
        <Point>
          <coordinates>
            -48.985818,-26.915325,0
          </coordinates>
        </Point>
      </Placemark>
      <Placemark>
        <name>9,819</name>
        <description><![CDATA[Rua Helena Augusta Gaertner    <br>       <br>   FID   707    <br>   sequencia   708    <br>   cota   9,82    <br>   refer_1   Rua Helena Augusta Gaertner    <br>   refer_2   500    <br>   bairro   Figueira    <br>   coord_x   700075,334281    <br>   coord_y   7021240,74253    <br>   latitude   -26,916314    <br>   longitu   -48,985157]]></description>
        <styleUrl>#icon-1899-DB4436</styleUrl>
        <Point>
          <coordinates>
            -48.985157,-26.916314,0
          </coordinates>
        </Point>
      </Placemark>
      <Placemark>
        <name>11,841</name>
        <description><![CDATA[Rua Helena Augusta Gaertner    <br>       <br>   FID   708    <br>   sequencia   709    <br>   cota   11,84    <br>   refer_1   Rua Helena Augusta Gaertner    <br>   refer_2   à 200 metros após número 500    <br>   bairro   Figueira    <br>   coord_x   699976,841386    <br>   coord_y   7021435,52517    <br>   latitude   -26,914571    <br>   longitu   -48,986179]]></description>
        <styleUrl>#icon-1899-DB4436</styleUrl>
        <Point>
          <coordinates>
            -48.986179,-26.914571,0
          </coordinates>
        </Point>
      </Placemark>
      <Placemark>
        <name>12,518</name>
        <description><![CDATA[Rua Henrique Cardoso    <br>       <br>   FID   709    <br>   sequencia   710    <br>   cota   12,52    <br>   refer_1   Rua Henrique Cardoso    <br>   refer_2   54    <br>   bairro   Figueira    <br>   coord_x   699668,463586    <br>   coord_y   7021660,73186    <br>   latitude   -26,912583    <br>   longitu   -48,989319]]></description>
        <styleUrl>#icon-1899-DB4436</styleUrl>
        <Point>
          <coordinates>
            -48.989319,-26.912583,0
          </coordinates>
        </Point>
      </Placemark>
      <Placemark>
        <name>14,383</name>
        <description><![CDATA[Rua Henrique Cardoso    <br>       <br>   FID   710    <br>   sequencia   711    <br>   cota   14,38    <br>   refer_1   Rua Henrique Cardoso    <br>   refer_2   73    <br>   bairro   Figueira    <br>   coord_x   699643,75236    <br>   coord_y   7021661,64472    <br>   latitude   -26,912578    <br>   longitu   -48,989568]]></description>
        <styleUrl>#icon-1899-DB4436</styleUrl>
        <Point>
          <coordinates>
            -48.989568,-26.912578,0
          </coordinates>
        </Point>
      </Placemark>
      <Placemark>
        <name>7,892</name>
        <description><![CDATA[Rua Henrique Deschamps    <br>       <br>   FID   711    <br>   sequencia   712    <br>   cota   7,89    <br>   refer_1   Rua Henrique Deschamps    <br>   refer_2   333    <br>   bairro   Figueira    <br>   coord_x   700352,914519    <br>   coord_y   7021211,34968    <br>   latitude   -26,916539    <br>   longitu   -48,982358]]></description>
        <styleUrl>#icon-1899-DB4436</styleUrl>
        <Point>
          <coordinates>
            -48.982358,-26.916539,0
          </coordinates>
        </Point>
      </Placemark>
      <Placemark>
        <name>8,461</name>
        <description><![CDATA[Rua Henrique Deschamps    <br>       <br>   FID   712    <br>   sequencia   713    <br>   cota   8,46    <br>   refer_1   Rua Henrique Deschamps    <br>   refer_2   Rua Adolfo Schiller    <br>   bairro   Figueira    <br>   coord_x   700477,049588    <br>   coord_y   7021324,93319    <br>   latitude   -26,915497    <br>   longitu   -48,981127]]></description>
        <styleUrl>#icon-1899-DB4436</styleUrl>
        <Point>
          <coordinates>
            -48.981127,-26.915497,0
          </coordinates>
        </Point>
      </Placemark>
      <Placemark>
        <name>8,486</name>
        <description><![CDATA[Rua Henrique Deschamps    <br>       <br>   FID   713    <br>   sequencia   714    <br>   cota   8,49    <br>   refer_1   Rua Henrique Deschamps    <br>   refer_2   Rua Adalberto Aureo Maba    <br>   bairro   Figueira    <br>   coord_x   700484,011021    <br>   coord_y   7021316,85205    <br>   latitude   -26,915569    <br>   longitu   -48,981055]]></description>
        <styleUrl>#icon-1899-DB4436</styleUrl>
        <Point>
          <coordinates>
            -48.981055,-26.915569,0
          </coordinates>
        </Point>
      </Placemark>
      <Placemark>
        <name>9,261</name>
        <description><![CDATA[Rua Henrique Deschamps    <br>       <br>   FID   714    <br>   sequencia   715    <br>   cota   9,26    <br>   refer_1   Rua Henrique Deschamps    <br>   refer_2   Rua Benjamin Zimmermann    <br>   bairro   Figueira    <br>   coord_x   700537,731941    <br>   coord_y   7021363,2201    <br>   latitude   -26,915142    <br>   longitu   -48,980522]]></description>
        <styleUrl>#icon-1899-DB4436</styleUrl>
        <Point>
          <coordinates>
            -48.980522,-26.915142,0
          </coordinates>
        </Point>
      </Placemark>
      <Placemark>
        <name>8,946</name>
        <description><![CDATA[Rua Hercílio Luz    <br>       <br>   FID   715    <br>   sequencia   716    <br>   cota   8,95    <br>   refer_1   Rua Hercílio Luz    <br>   refer_2   150    <br>   bairro   Figueira    <br>   coord_x   700262,575266    <br>   coord_y   7021487,76583    <br>   latitude   -26,914058    <br>   longitu   -48,983312]]></description>
        <styleUrl>#icon-1899-DB4436</styleUrl>
        <Point>
          <coordinates>
            -48.983312,-26.914058,0
          </coordinates>
        </Point>
      </Placemark>
      <Placemark>
        <name>9,019</name>
        <description><![CDATA[Rua Hercílio Luz    <br>       <br>   FID   716    <br>   sequencia   717    <br>   cota   9,02    <br>   refer_1   Rua Hercílio Luz    <br>   refer_2   Rua Guilherme Sabel    <br>   bairro   Figueira    <br>   coord_x   700269,960797    <br>   coord_y   7021465,1367    <br>   latitude   -26,914261    <br>   longitu   -48,983234]]></description>
        <styleUrl>#icon-1899-DB4436</styleUrl>
        <Point>
          <coordinates>
            -48.983234,-26.914261,0
          </coordinates>
        </Point>
      </Placemark>
      <Placemark>
        <name>9,271</name>
        <description><![CDATA[Rua Hercílio Luz    <br>       <br>   FID   717    <br>   sequencia   718    <br>   cota   9,27    <br>   refer_1   Rua Hercílio Luz    <br>   refer_2   25    <br>   bairro   Figueira    <br>   coord_x   700331,94017    <br>   coord_y   7021541,11693    <br>   latitude   -26,913567    <br>   longitu   -48,982622]]></description>
        <styleUrl>#icon-1899-DB4436</styleUrl>
        <Point>
          <coordinates>
            -48.982622,-26.913567,0
          </coordinates>
        </Point>
      </Placemark>
      <Placemark>
        <name>8,038</name>
        <description><![CDATA[Rua Irineu Deschamps    <br>       <br>   FID   718    <br>   sequencia   719    <br>   cota   8,04    <br>   refer_1   Rua Irineu Deschamps    <br>   refer_2   205    <br>   bairro   Figueira    <br>   coord_x   700338,31853    <br>   coord_y   7021379,15044    <br>   latitude   -26,915027    <br>   longitu   -48,982532]]></description>
        <styleUrl>#icon-1899-DB4436</styleUrl>
        <Point>
          <coordinates>
            -48.982532,-26.915027,0
          </coordinates>
        </Point>
      </Placemark>
      <Placemark>
        <name>8,32</name>
        <description><![CDATA[Rua Irineu Deschamps    <br>       <br>   FID   719    <br>   sequencia   720    <br>   cota   8,32    <br>   refer_1   Rua Irineu Deschamps    <br>   refer_2   Rua Dionisio Moser    <br>   bairro   Figueira    <br>   coord_x   700379,34287    <br>   coord_y   7021327,49618    <br>   latitude   -26,915488    <br>   longitu   -48,982111]]></description>
        <styleUrl>#icon-1899-DB4436</styleUrl>
        <Point>
          <coordinates>
            -48.982111,-26.915488,0
          </coordinates>
        </Point>
      </Placemark>
      <Placemark>
        <name>8,734</name>
        <description><![CDATA[Rua Irineu Deschamps    <br>       <br>   FID   720    <br>   sequencia   721    <br>   cota   8,73    <br>   refer_1   Rua Irineu Deschamps    <br>   refer_2   Rua Henrique Deschamps    <br>   bairro   Figueira    <br>   coord_x   700423,965118    <br>   coord_y   7021276,87324    <br>   latitude   -26,915938    <br>   longitu   -48,981653]]></description>
        <styleUrl>#icon-1899-DB4436</styleUrl>
        <Point>
          <coordinates>
            -48.981653,-26.915938,0
          </coordinates>
        </Point>
      </Placemark>
      <Placemark>
        <name>8,53</name>
        <description><![CDATA[Rua Jasmin    <br>       <br>   FID   721    <br>   sequencia   722    <br>   cota   8,53    <br>   refer_1   Rua Jasmin    <br>   refer_2   Final de rua    <br>   bairro   Figueira    <br>   coord_x   700004,536132    <br>   coord_y   7021198,03771    <br>   latitude   -26,91671    <br>   longitu   -48,985862]]></description>
        <styleUrl>#icon-1899-DB4436</styleUrl>
        <Point>
          <coordinates>
            -48.985862,-26.91671,0
          </coordinates>
        </Point>
      </Placemark>
      <Placemark>
        <name>8,171</name>
        <description><![CDATA[Rua José Casas    <br>       <br>   FID   722    <br>   sequencia   723    <br>   cota   8,17    <br>   refer_1   Rua José Casas    <br>   refer_2   à 220 metros do início da rua    <br>   bairro   Figueira    <br>   coord_x   700934,122168    <br>   coord_y   7020429,80756    <br>   latitude   -26,923508    <br>   longitu   -48,976382]]></description>
        <styleUrl>#icon-1899-DB4436</styleUrl>
        <Point>
          <coordinates>
            -48.976382,-26.923508,0
          </coordinates>
        </Point>
      </Placemark>
      <Placemark>
        <name>8,184</name>
        <description><![CDATA[Rua José Casas    <br>       <br>   FID   723    <br>   sequencia   724    <br>   cota   8,18    <br>   refer_1   Rua José Casas    <br>   refer_2   à 60 metros do início da rua    <br>   bairro   Figueira    <br>   coord_x   701056,837177    <br>   coord_y   7020539,46002    <br>   latitude   -26,9225    <br>   longitu   -48,975164]]></description>
        <styleUrl>#icon-1899-DB4436</styleUrl>
        <Point>
          <coordinates>
            -48.975164,-26.9225,0
          </coordinates>
        </Point>
      </Placemark>
      <Placemark>
        <name>8,382</name>
        <description><![CDATA[Rua José Casas    <br>       <br>   FID   724    <br>   sequencia   725    <br>   cota   8,38    <br>   refer_1   Rua José Casas    <br>   refer_2   à 140 metros do início da rua    <br>   bairro   Figueira    <br>   coord_x   700995,405753    <br>   coord_y   7020481,95207    <br>   latitude   -26,923028    <br>   longitu   -48,975774]]></description>
        <styleUrl>#icon-1899-DB4436</styleUrl>
        <Point>
          <coordinates>
            -48.975774,-26.923028,0
          </coordinates>
        </Point>
      </Placemark>
      <Placemark>
        <name>9,217</name>
        <description><![CDATA[Rua José Casas    <br>       <br>   FID   725    <br>   sequencia   726    <br>   cota   9,22    <br>   refer_1   Rua José Casas    <br>   refer_2   à 400 metros do início da rua    <br>   bairro   Figueira    <br>   coord_x   700797,743159    <br>   coord_y   7020313,91282    <br>   latitude   -26,924573    <br>   longitu   -48,977736]]></description>
        <styleUrl>#icon-1899-DB4436</styleUrl>
        <Point>
          <coordinates>
            -48.977736,-26.924573,0
          </coordinates>
        </Point>
      </Placemark>
      <Placemark>
        <name>9,542</name>
        <description><![CDATA[Rua José Casas    <br>       <br>   FID   726    <br>   sequencia   727    <br>   cota   9,54    <br>   refer_1   Rua José Casas    <br>   refer_2   267    <br>   bairro   Figueira    <br>   coord_x   700860,814072    <br>   coord_y   7020370,12982    <br>   latitude   -26,924057    <br>   longitu   -48,97711]]></description>
        <styleUrl>#icon-1899-DB4436</styleUrl>
        <Point>
          <coordinates>
            -48.97711,-26.924057,0
          </coordinates>
        </Point>
      </Placemark>
      <Placemark>
        <name>7,541</name>
        <description><![CDATA[Rua José Mondini    <br>       <br>   FID   727    <br>   sequencia   728    <br>   cota   7,54    <br>   refer_1   Rua José Mondini    <br>   refer_2   Final de rua    <br>   bairro   Figueira    <br>   coord_x   699518,708773    <br>   coord_y   7021277,03214    <br>   latitude   -26,916067    <br>   longitu   -48,990765]]></description>
        <styleUrl>#icon-1899-DB4436</styleUrl>
        <Point>
          <coordinates>
            -48.990765,-26.916067,0
          </coordinates>
        </Point>
      </Placemark>
      <Placemark>
        <name>8,796</name>
        <description><![CDATA[Rua José Mondini    <br>       <br>   FID   728    <br>   sequencia   729    <br>   cota   8,80    <br>   refer_1   Rua José Mondini    <br>   refer_2   490    <br>   bairro   Figueira    <br>   coord_x   699568,11615    <br>   coord_y   7021319,97088    <br>   latitude   -26,915672    <br>   longitu   -48,990275]]></description>
        <styleUrl>#icon-1899-DB4436</styleUrl>
        <Point>
          <coordinates>
            -48.990275,-26.915672,0
          </coordinates>
        </Point>
      </Placemark>
      <Placemark>
        <name>8,826</name>
        <description><![CDATA[Rua José Mondini    <br>       <br>   FID   729    <br>   sequencia   730    <br>   cota   8,83    <br>   refer_1   Rua José Mondini    <br>   refer_2   479    <br>   bairro   Figueira    <br>   coord_x   699583,36353    <br>   coord_y   7021334,84856    <br>   latitude   -26,915536    <br>   longitu   -48,990124]]></description>
        <styleUrl>#icon-1899-DB4436</styleUrl>
        <Point>
          <coordinates>
            -48.990124,-26.915536,0
          </coordinates>
        </Point>
      </Placemark>
      <Placemark>
        <name>9,153</name>
        <description><![CDATA[Rua José Mondini    <br>       <br>   FID   730    <br>   sequencia   731    <br>   cota   9,15    <br>   refer_1   Rua José Mondini    <br>   refer_2   459    <br>   bairro   Figueira    <br>   coord_x   699642,264162    <br>   coord_y   7021388,29124    <br>   latitude   -26,915045    <br>   longitu   -48,989539]]></description>
        <styleUrl>#icon-1899-DB4436</styleUrl>
        <Point>
          <coordinates>
            -48.989539,-26.915045,0
          </coordinates>
        </Point>
      </Placemark>
      <Placemark>
        <name>9,561</name>
        <description><![CDATA[Rua José Mondini    <br>       <br>   FID   731    <br>   sequencia   732    <br>   cota   9,56    <br>   refer_1   Rua José Mondini    <br>   refer_2   420    <br>   bairro   Figueira    <br>   coord_x   699691,535365    <br>   coord_y   7021437,10041    <br>   latitude   -26,914597    <br>   longitu   -48,989051]]></description>
        <styleUrl>#icon-1899-DB4436</styleUrl>
        <Point>
          <coordinates>
            -48.989051,-26.914597,0
          </coordinates>
        </Point>
      </Placemark>
      <Placemark>
        <name>10,206</name>
        <description><![CDATA[Rua José Mondini    <br>       <br>   FID   732    <br>   sequencia   733    <br>   cota   10,21    <br>   refer_1   Rua José Mondini    <br>   refer_2   Rua Pomerode    <br>   bairro   Figueira    <br>   coord_x   699738,372223    <br>   coord_y   7021480,94109    <br>   latitude   -26,914195    <br>   longitu   -48,988587]]></description>
        <styleUrl>#icon-1899-DB4436</styleUrl>
        <Point>
          <coordinates>
            -48.988587,-26.914195,0
          </coordinates>
        </Point>
      </Placemark>
      <Placemark>
        <name>10,344</name>
        <description><![CDATA[Rua José Mondini    <br>       <br>   FID   733    <br>   sequencia   734    <br>   cota   10,34    <br>   refer_1   Rua José Mondini    <br>   refer_2   Rua Teodoro Deschamps    <br>   bairro   Figueira    <br>   coord_x   699837,491235    <br>   coord_y   7021569,71312    <br>   latitude   -26,91338    <br>   longitu   -48,987603]]></description>
        <styleUrl>#icon-1899-DB4436</styleUrl>
        <Point>
          <coordinates>
            -48.987603,-26.91338,0
          </coordinates>
        </Point>
      </Placemark>
      <Placemark>
        <name>10,644</name>
        <description><![CDATA[Rua José Mondini    <br>       <br>   FID   734    <br>   sequencia   735    <br>   cota   10,64    <br>   refer_1   Rua José Mondini    <br>   refer_2   Rua Piçarras    <br>   bairro   Figueira    <br>   coord_x   699790,26725    <br>   coord_y   7021526,20631    <br>   latitude   -26,913779    <br>   longitu   -48,988072]]></description>
        <styleUrl>#icon-1899-DB4436</styleUrl>
        <Point>
          <coordinates>
            -48.988072,-26.913779,0
          </coordinates>
        </Point>
      </Placemark>
      <Placemark>
        <name>9,403</name>
        <description><![CDATA[Rua Leopoldo Buzzi    <br>       <br>   FID   735    <br>   sequencia   736    <br>   cota   9,40    <br>   refer_1   Rua Leopoldo Buzzi    <br>   refer_2   Entrada do depósito    <br>   bairro   Figueira    <br>   coord_x   700497,407706    <br>   coord_y   7021413,76874    <br>   latitude   -26,914692    <br>   longitu   -48,980936]]></description>
        <styleUrl>#icon-1899-DB4436</styleUrl>
        <Point>
          <coordinates>
            -48.980936,-26.914692,0
          </coordinates>
        </Point>
      </Placemark>
      <Placemark>
        <name>9,582</name>
        <description><![CDATA[Rua Leopoldo Buzzi    <br>       <br>   FID   736    <br>   sequencia   737    <br>   cota   9,58    <br>   refer_1   Rua Leopoldo Buzzi    <br>   refer_2   Final de rua    <br>   bairro   Figueira    <br>   coord_x   700450,540821    <br>   coord_y   7021472,23789    <br>   latitude   -26,914171    <br>   longitu   -48,981417]]></description>
        <styleUrl>#icon-1899-DB4436</styleUrl>
        <Point>
          <coordinates>
            -48.981417,-26.914171,0
          </coordinates>
        </Point>
      </Placemark>
      <Placemark>
        <name>6,571</name>
        <description><![CDATA[Rua Lírio    <br>       <br>   FID   737    <br>   sequencia   738    <br>   cota   6,57    <br>   refer_1   Rua Lírio    <br>   refer_2   Final de rua    <br>   bairro   Figueira    <br>   coord_x   699902,286103    <br>   coord_y   7020703,41437    <br>   latitude   -26,921187    <br>   longitu   -48,986812]]></description>
        <styleUrl>#icon-1899-DB4436</styleUrl>
        <Point>
          <coordinates>
            -48.986812,-26.921187,0
          </coordinates>
        </Point>
      </Placemark>
      <Placemark>
        <name>6,795</name>
        <description><![CDATA[Rua Lírio    <br>       <br>   FID   738    <br>   sequencia   739    <br>   cota   6,79    <br>   refer_1   Rua Lírio    <br>   refer_2   215    <br>   bairro   Figueira    <br>   coord_x   699956,220135    <br>   coord_y   7020750,09495    <br>   latitude   -26,920758    <br>   longitu   -48,986277]]></description>
        <styleUrl>#icon-1899-DB4436</styleUrl>
        <Point>
          <coordinates>
            -48.986277,-26.920758,0
          </coordinates>
        </Point>
      </Placemark>
      <Placemark>
        <name>7,062</name>
        <description><![CDATA[Rua Lírio    <br>       <br>   FID   739    <br>   sequencia   740    <br>   cota   7,06    <br>   refer_1   Rua Lírio    <br>   refer_2   167    <br>   bairro   Figueira    <br>   coord_x   700005,267209    <br>   coord_y   7020791,74113    <br>   latitude   -26,920376    <br>   longitu   -48,98579]]></description>
        <styleUrl>#icon-1899-DB4436</styleUrl>
        <Point>
          <coordinates>
            -48.98579,-26.920376,0
          </coordinates>
        </Point>
      </Placemark>
      <Placemark>
        <name>7,12</name>
        <description><![CDATA[Rua Lírio    <br>       <br>   FID   740    <br>   sequencia   741    <br>   cota   7,12    <br>   refer_1   Rua Lírio    <br>   refer_2   119    <br>   bairro   Figueira    <br>   coord_x   700048,822927    <br>   coord_y   7020827,67457    <br>   latitude   -26,920045    <br>   longitu   -48,985357]]></description>
        <styleUrl>#icon-1899-DB4436</styleUrl>
        <Point>
          <coordinates>
            -48.985357,-26.920045,0
          </coordinates>
        </Point>
      </Placemark>
      <Placemark>
        <name>7,446</name>
        <description><![CDATA[Rua Lírio    <br>       <br>   FID   741    <br>   sequencia   742    <br>   cota   7,45    <br>   refer_1   Rua Lírio    <br>   refer_2   Lote 29/30    <br>   bairro   Figueira    <br>   coord_x   700081,95183    <br>   coord_y   7020854,27542    <br>   latitude   -26,9198    <br>   longitu   -48,985028]]></description>
        <styleUrl>#icon-1899-DB4436</styleUrl>
        <Point>
          <coordinates>
            -48.985028,-26.9198,0
          </coordinates>
        </Point>
      </Placemark>
      <Placemark>
        <name>8,266</name>
        <description><![CDATA[Rua Lírio    <br>       <br>   FID   742    <br>   sequencia   743    <br>   cota   8,27    <br>   refer_1   Rua Lírio    <br>   refer_2   Rua Gerânio    <br>   bairro   Figueira    <br>   coord_x   700113,197753    <br>   coord_y   7020879,65842    <br>   latitude   -26,919567    <br>   longitu   -48,984718]]></description>
        <styleUrl>#icon-1899-DB4436</styleUrl>
        <Point>
          <coordinates>
            -48.984718,-26.919567,0
          </coordinates>
        </Point>
      </Placemark>
      <Placemark>
        <name>6,847</name>
        <description><![CDATA[Rua Magnólia    <br>       <br>   FID   743    <br>   sequencia   744    <br>   cota   6,85    <br>   refer_1   Rua Magnólia    <br>   refer_2   Final de rua    <br>   bairro   Figueira    <br>   coord_x   699860,349586    <br>   coord_y   7021010,28067    <br>   latitude   -26,918424    <br>   longitu   -48,987284]]></description>
        <styleUrl>#icon-1899-DB4436</styleUrl>
        <Point>
          <coordinates>
            -48.987284,-26.918424,0
          </coordinates>
        </Point>
      </Placemark>
      <Placemark>
        <name>6,982</name>
        <description><![CDATA[Rua Magnólia    <br>       <br>   FID   744    <br>   sequencia   745    <br>   cota   6,98    <br>   refer_1   Rua Magnólia    <br>   refer_2   Meio da rua    <br>   bairro   Figueira    <br>   coord_x   699838,378283    <br>   coord_y   7021035,47934    <br>   latitude   -26,9182    <br>   longitu   -48,987509]]></description>
        <styleUrl>#icon-1899-DB4436</styleUrl>
        <Point>
          <coordinates>
            -48.987509,-26.9182,0
          </coordinates>
        </Point>
      </Placemark>
      <Placemark>
        <name>7,331</name>
        <description><![CDATA[Rua Manoel Bernardo da Silva    <br>       <br>   FID   745    <br>   sequencia   746    <br>   cota   7,33    <br>   refer_1   Rua Manoel Bernardo da Silva    <br>   refer_2   809    <br>   bairro   Figueira    <br>   coord_x   700124,3615    <br>   coord_y   7020698,83456    <br>   latitude   -26,921197    <br>   longitu   -48,984576]]></description>
        <styleUrl>#icon-1899-DB4436</styleUrl>
        <Point>
          <coordinates>
            -48.984576,-26.921197,0
          </coordinates>
        </Point>
      </Placemark>
      <Placemark>
        <name>7,416</name>
        <description><![CDATA[Rua Manoel Bernardo da Silva    <br>       <br>   FID   746    <br>   sequencia   747    <br>   cota   7,42    <br>   refer_1   Rua Manoel Bernardo da Silva    <br>   refer_2   930    <br>   bairro   Figueira    <br>   coord_x   700053,045324    <br>   coord_y   7020639,04489    <br>   latitude   -26,921747    <br>   longitu   -48,985285]]></description>
        <styleUrl>#icon-1899-DB4436</styleUrl>
        <Point>
          <coordinates>
            -48.985285,-26.921747,0
          </coordinates>
        </Point>
      </Placemark>
      <Placemark>
        <name>7,48</name>
        <description><![CDATA[Rua Manoel Bernardo da Silva    <br>       <br>   FID   747    <br>   sequencia   748    <br>   cota   7,48    <br>   refer_1   Rua Manoel Bernardo da Silva    <br>   refer_2   900    <br>   bairro   Figueira    <br>   coord_x   700077,135305    <br>   coord_y   7020661,08377    <br>   latitude   -26,921544    <br>   longitu   -48,985046]]></description>
        <styleUrl>#icon-1899-DB4436</styleUrl>
        <Point>
          <coordinates>
            -48.985046,-26.921544,0
          </coordinates>
        </Point>
      </Placemark>
      <Placemark>
        <name>7,587</name>
        <description><![CDATA[Rua Manoel Bernardo da Silva    <br>       <br>   FID   748    <br>   sequencia   749    <br>   cota   7,59    <br>   refer_1   Rua Manoel Bernardo da Silva    <br>   refer_2   1.000    <br>   bairro   Figueira    <br>   coord_x   699997,009445    <br>   coord_y   7020583,88992    <br>   latitude   -26,922252    <br>   longitu   -48,98584]]></description>
        <styleUrl>#icon-1899-DB4436</styleUrl>
        <Point>
          <coordinates>
            -48.98584,-26.922252,0
          </coordinates>
        </Point>
      </Placemark>
      <Placemark>
        <name>7,732</name>
        <description><![CDATA[Rua Manoel Bernardo da Silva    <br>       <br>   FID   749    <br>   sequencia   750    <br>   cota   7,73    <br>   refer_1   Rua Manoel Bernardo da Silva    <br>   refer_2   214    <br>   bairro   Figueira    <br>   coord_x   700579,078288    <br>   coord_y   7021087,32612    <br>   latitude   -26,917626    <br>   longitu   -48,980062]]></description>
        <styleUrl>#icon-1899-DB4436</styleUrl>
        <Point>
          <coordinates>
            -48.980062,-26.917626,0
          </coordinates>
        </Point>
      </Placemark>
      <Placemark>
        <name>7,757</name>
        <description><![CDATA[Rua Manoel Bernardo da Silva    <br>       <br>   FID   750    <br>   sequencia   751    <br>   cota   7,76    <br>   refer_1   Rua Manoel Bernardo da Silva    <br>   refer_2   308    <br>   bairro   Figueira    <br>   coord_x   700514,273925    <br>   coord_y   7021032,02515    <br>   latitude   -26,918134    <br>   longitu   -48,980705]]></description>
        <styleUrl>#icon-1899-DB4436</styleUrl>
        <Point>
          <coordinates>
            -48.980705,-26.918134,0
          </coordinates>
        </Point>
      </Placemark>
      <Placemark>
        <name>7,899</name>
        <description><![CDATA[Rua Manoel Bernardo da Silva    <br>       <br>   FID   751    <br>   sequencia   752    <br>   cota   7,90    <br>   refer_1   Rua Manoel Bernardo da Silva    <br>   refer_2   397    <br>   bairro   Figueira    <br>   coord_x   700450,865929    <br>   coord_y   7020975,95397    <br>   latitude   -26,918649    <br>   longitu   -48,981334]]></description>
        <styleUrl>#icon-1899-DB4436</styleUrl>
        <Point>
          <coordinates>
            -48.981334,-26.918649,0
          </coordinates>
        </Point>
      </Placemark>
      <Placemark>
        <name>8,138</name>
        <description><![CDATA[Rua Manoel Bernardo da Silva    <br>       <br>   FID   752    <br>   sequencia   753    <br>   cota   8,14    <br>   refer_1   Rua Manoel Bernardo da Silva    <br>   refer_2   Rua Daniel Zabel    <br>   bairro   Figueira    <br>   coord_x   700204,595875    <br>   coord_y   7020775,06019    <br>   latitude   -26,920497    <br>   longitu   -48,983781]]></description>
        <styleUrl>#icon-1899-DB4436</styleUrl>
        <Point>
          <coordinates>
            -48.983781,-26.920497,0
          </coordinates>
        </Point>
      </Placemark>
      <Placemark>
        <name>8,404</name>
        <description><![CDATA[Rua Manoel Bernardo da Silva    <br>       <br>   FID   753    <br>   sequencia   754    <br>   cota   8,40    <br>   refer_1   Rua Manoel Bernardo da Silva    <br>   refer_2   119    <br>   bairro   Figueira    <br>   coord_x   700658,829018    <br>   coord_y   7021155,75039    <br>   latitude   -26,916997    <br>   longitu   -48,97927]]></description>
        <styleUrl>#icon-1899-DB4436</styleUrl>
        <Point>
          <coordinates>
            -48.97927,-26.916997,0
          </coordinates>
        </Point>
      </Placemark>
      <Placemark>
        <name>8,55</name>
        <description><![CDATA[Rua Manoel Bernardo da Silva    <br>       <br>   FID   754    <br>   sequencia   755    <br>   cota   8,55    <br>   refer_1   Rua Manoel Bernardo da Silva    <br>   refer_2   976    <br>   bairro   Figueira    <br>   coord_x   700026,796274    <br>   coord_y   7020609,43248    <br>   latitude   -26,922017    <br>   longitu   -48,985544]]></description>
        <styleUrl>#icon-1899-DB4436</styleUrl>
        <Point>
          <coordinates>
            -48.985544,-26.922017,0
          </coordinates>
        </Point>
      </Placemark>
      <Placemark>
        <name>8,866</name>
        <description><![CDATA[Rua Manoel Bernardo da Silva    <br>       <br>   FID   755    <br>   sequencia   756    <br>   cota   8,87    <br>   refer_1   Rua Manoel Bernardo da Silva    <br>   refer_2   621    <br>   bairro   Figueira    <br>   coord_x   700270,708877    <br>   coord_y   7020831,51088    <br>   latitude   -26,919979    <br>   longitu   -48,983124]]></description>
        <styleUrl>#icon-1899-DB4436</styleUrl>
        <Point>
          <coordinates>
            -48.983124,-26.919979,0
          </coordinates>
        </Point>
      </Placemark>
      <Placemark>
        <name>9,25</name>
        <description><![CDATA[Rua Manoel Bernardo da Silva    <br>       <br>   FID   756    <br>   sequencia   757    <br>   cota   9,25    <br>   refer_1   Rua Manoel Bernardo da Silva    <br>   refer_2   99    <br>   bairro   Figueira    <br>   coord_x   700360,716713    <br>   coord_y   7020905,07817    <br>   latitude   -26,919302    <br>   longitu   -48,98223]]></description>
        <styleUrl>#icon-1899-DB4436</styleUrl>
        <Point>
          <coordinates>
            -48.98223,-26.919302,0
          </coordinates>
        </Point>
      </Placemark>
      <Placemark>
        <name>10,304</name>
        <description><![CDATA[Rua Manoel Bernardo da Silva    <br>       <br>   FID   757    <br>   sequencia   758    <br>   cota   10,30    <br>   refer_1   Rua Manoel Bernardo da Silva    <br>   refer_2   55    <br>   bairro   Figueira    <br>   coord_x   700709,857066    <br>   coord_y   7021198,40482    <br>   latitude   -26,916605    <br>   longitu   -48,978763]]></description>
        <styleUrl>#icon-1899-DB4436</styleUrl>
        <Point>
          <coordinates>
            -48.978763,-26.916605,0
          </coordinates>
        </Point>
      </Placemark>
      <Placemark>
        <name>8,64</name>
        <description><![CDATA[Rua Manoel João Severino    <br>       <br>   FID   758    <br>   sequencia   759    <br>   cota   8,64    <br>   refer_1   Rua Manoel João Severino    <br>   refer_2   16    <br>   bairro   Figueira    <br>   coord_x   700432,498175    <br>   coord_y   7021266,3792    <br>   latitude   -26,916031    <br>   longitu   -48,981566]]></description>
        <styleUrl>#icon-1899-DB4436</styleUrl>
        <Point>
          <coordinates>
            -48.981566,-26.916031,0
          </coordinates>
        </Point>
      </Placemark>
      <Placemark>
        <name>8,822</name>
        <description><![CDATA[Rua Manoel João Severino    <br>       <br>   FID   759    <br>   sequencia   760    <br>   cota   8,82    <br>   refer_1   Rua Manoel João Severino    <br>   refer_2   Final de rua    <br>   bairro   Figueira    <br>   coord_x   700506,923943    <br>   coord_y   7021181,23302    <br>   latitude   -26,916789    <br>   longitu   -48,980803]]></description>
        <styleUrl>#icon-1899-DB4436</styleUrl>
        <Point>
          <coordinates>
            -48.980803,-26.916789,0
          </coordinates>
        </Point>
      </Placemark>
      <Placemark>
        <name>8,895</name>
        <description><![CDATA[Rua Manoel João Severino    <br>       <br>   FID   760    <br>   sequencia   761    <br>   cota   8,89    <br>   refer_1   Rua Manoel João Severino    <br>   refer_2   à 67 metros do início da rua    <br>   bairro   Figueira    <br>   coord_x   700467,074937    <br>   coord_y   7021224,62822    <br>   latitude   -26,916403    <br>   longitu   -48,981211]]></description>
        <styleUrl>#icon-1899-DB4436</styleUrl>
        <Point>
          <coordinates>
            -48.981211,-26.916403,0
          </coordinates>
        </Point>
      </Placemark>
      <Placemark>
        <name>11,706</name>
        <description><![CDATA[Rua Maria Muller Cardozo    <br>       <br>   FID   761    <br>   sequencia   762    <br>   cota   11,71    <br>   refer_1   Rua Maria Muller Cardozo    <br>   refer_2   101    <br>   bairro   Figueira    <br>   coord_x   699887,770819    <br>   coord_y   7021721,41913    <br>   latitude   -26,912004    <br>   longitu   -48,987122]]></description>
        <styleUrl>#icon-1899-DB4436</styleUrl>
        <Point>
          <coordinates>
            -48.987122,-26.912004,0
          </coordinates>
        </Point>
      </Placemark>
      <Placemark>
        <name>11,87</name>
        <description><![CDATA[Rua Maria Muller Cardozo    <br>       <br>   FID   762    <br>   sequencia   763    <br>   cota   11,87    <br>   refer_1   Rua Maria Muller Cardozo    <br>   refer_2   Travessa Cleber dos Santos    <br>   bairro   Figueira    <br>   coord_x   699938,141135    <br>   coord_y   7021670,7791    <br>   latitude   -26,912454    <br>   longitu   -48,986606]]></description>
        <styleUrl>#icon-1899-DB4436</styleUrl>
        <Point>
          <coordinates>
            -48.986606,-26.912454,0
          </coordinates>
        </Point>
      </Placemark>
      <Placemark>
        <name>13,504</name>
        <description><![CDATA[Rua Maria Muller Cardozo    <br>       <br>   FID   763    <br>   sequencia   764    <br>   cota   13,50    <br>   refer_1   Rua Maria Muller Cardozo    <br>   refer_2   Final de rua    <br>   bairro   Figueira    <br>   coord_x   699981,721267    <br>   coord_y   7021618,23331    <br>   latitude   -26,912921    <br>   longitu   -48,986159]]></description>
        <styleUrl>#icon-1899-DB4436</styleUrl>
        <Point>
          <coordinates>
            -48.986159,-26.912921,0
          </coordinates>
        </Point>
      </Placemark>
      <Placemark>
        <name>7,626</name>
        <description><![CDATA[Rua Olga Bohn    <br>       <br>   FID   764    <br>   sequencia   765    <br>   cota   7,63    <br>   refer_1   Rua Olga Bohn    <br>   refer_2   441    <br>   bairro   Figueira    <br>   coord_x   700834,825858    <br>   coord_y   7020510,05696    <br>   latitude   -26,922798    <br>   longitu   -48,977395]]></description>
        <styleUrl>#icon-1899-DB4436</styleUrl>
        <Point>
          <coordinates>
            -48.977395,-26.922798,0
          </coordinates>
        </Point>
      </Placemark>
      <Placemark>
        <name>7,69</name>
        <description><![CDATA[Rua Olga Bohn    <br>       <br>   FID   765    <br>   sequencia   766    <br>   cota   7,69    <br>   refer_1   Rua Olga Bohn    <br>   refer_2   Defronte a Igreja    <br>   bairro   Figueira    <br>   coord_x   700793,771038    <br>   coord_y   7020476,10136    <br>   latitude   -26,92311    <br>   longitu   -48,977802]]></description>
        <styleUrl>#icon-1899-DB4436</styleUrl>
        <Point>
          <coordinates>
            -48.977802,-26.92311,0
          </coordinates>
        </Point>
      </Placemark>
      <Placemark>
        <name>7,861</name>
        <description><![CDATA[Rua Olga Bohn    <br>       <br>   FID   766    <br>   sequencia   767    <br>   cota   7,86    <br>   refer_1   Rua Olga Bohn    <br>   refer_2   433    <br>   bairro   Figueira    <br>   coord_x   700892,09541    <br>   coord_y   7020559,50041    <br>   latitude   -26,922343    <br>   longitu   -48,976826]]></description>
        <styleUrl>#icon-1899-DB4436</styleUrl>
        <Point>
          <coordinates>
            -48.976826,-26.922343,0
          </coordinates>
        </Point>
      </Placemark>
      <Placemark>
        <name>8,661</name>
        <description><![CDATA[Rua Olga Bohn    <br>       <br>   FID   767    <br>   sequencia   768    <br>   cota   8,66    <br>   refer_1   Rua Olga Bohn    <br>   refer_2   310    <br>   bairro   Figueira    <br>   coord_x   700946,395537    <br>   coord_y   7020610,67714    <br>   latitude   -26,921874    <br>   longitu   -48,976288]]></description>
        <styleUrl>#icon-1899-DB4436</styleUrl>
        <Point>
          <coordinates>
            -48.976288,-26.921874,0
          </coordinates>
        </Point>
      </Placemark>
      <Placemark>
        <name>9,679</name>
        <description><![CDATA[Rua Olga Bohn    <br>       <br>   FID   768    <br>   sequencia   769    <br>   cota   9,68    <br>   refer_1   Rua Olga Bohn    <br>   refer_2   161    <br>   bairro   Figueira    <br>   coord_x   701018,672721    <br>   coord_y   7020663,0233    <br>   latitude   -26,921391    <br>   longitu   -48,975569]]></description>
        <styleUrl>#icon-1899-DB4436</styleUrl>
        <Point>
          <coordinates>
            -48.975569,-26.921391,0
          </coordinates>
        </Point>
      </Placemark>
      <Placemark>
        <name>10,509</name>
        <description><![CDATA[Rua Olga Bohn    <br>       <br>   FID   769    <br>   sequencia   770    <br>   cota   10,51    <br>   refer_1   Rua Olga Bohn    <br>   refer_2   117    <br>   bairro   Figueira    <br>   coord_x   701060,508619    <br>   coord_y   7020701,85037    <br>   latitude   -26,921035    <br>   longitu   -48,975154]]></description>
        <styleUrl>#icon-1899-DB4436</styleUrl>
        <Point>
          <coordinates>
            -48.975154,-26.921035,0
          </coordinates>
        </Point>
      </Placemark>
      <Placemark>
        <name>12,982</name>
        <description><![CDATA[Rua Olga Bohn    <br>       <br>   FID   770    <br>   sequencia   771    <br>   cota   12,98    <br>   refer_1   Rua Olga Bohn    <br>   refer_2   Rua Paulo Bailer    <br>   bairro   Figueira    <br>   coord_x   701091,7664    <br>   coord_y   7020723,59147    <br>   latitude   -26,920834    <br>   longitu   -48,974843]]></description>
        <styleUrl>#icon-1899-DB4436</styleUrl>
        <Point>
          <coordinates>
            -48.974843,-26.920834,0
          </coordinates>
        </Point>
      </Placemark>
      <Placemark>
        <name>13,65</name>
        <description><![CDATA[Rua Olga Bohn    <br>       <br>   FID   771    <br>   sequencia   772    <br>   cota   13,65    <br>   refer_1   Rua Olga Bohn    <br>   refer_2   Defronte Empresa Plasvit    <br>   bairro   Figueira    <br>   coord_x   701106,609308    <br>   coord_y   7020735,57874    <br>   latitude   -26,920724    <br>   longitu   -48,974695]]></description>
        <styleUrl>#icon-1899-DB4436</styleUrl>
        <Point>
          <coordinates>
            -48.974695,-26.920724,0
          </coordinates>
        </Point>
      </Placemark>
      <Placemark>
        <name>6,972</name>
        <description><![CDATA[Rua Olga Sabel    <br>       <br>   FID   772    <br>   sequencia   773    <br>   cota   6,97    <br>   refer_1   Rua Olga Sabel    <br>   refer_2   Final de rua    <br>   bairro   Figueira    <br>   coord_x   700100,396115    <br>   coord_y   7020585,96256    <br>   latitude   -26,922219    <br>   longitu   -48,984799]]></description>
        <styleUrl>#icon-1899-DB4436</styleUrl>
        <Point>
          <coordinates>
            -48.984799,-26.922219,0
          </coordinates>
        </Point>
      </Placemark>
      <Placemark>
        <name>7,118</name>
        <description><![CDATA[Rua Olga Sabel    <br>       <br>   FID   773    <br>   sequencia   774    <br>   cota   7,12    <br>   refer_1   Rua Olga Sabel    <br>   refer_2   190    <br>   bairro   Figueira    <br>   coord_x   700139,732712    <br>   coord_y   7020617,05328    <br>   latitude   -26,921932    <br>   longitu   -48,984408]]></description>
        <styleUrl>#icon-1899-DB4436</styleUrl>
        <Point>
          <coordinates>
            -48.984408,-26.921932,0
          </coordinates>
        </Point>
      </Placemark>
      <Placemark>
        <name>8,067</name>
        <description><![CDATA[Rua Olga Sabel    <br>       <br>   FID   774    <br>   sequencia   775    <br>   cota   8,07    <br>   refer_1   Rua Olga Sabel    <br>   refer_2   55    <br>   bairro   Figueira    <br>   coord_x   700192,333902    <br>   coord_y   7020664,2969    <br>   latitude   -26,921499    <br>   longitu   -48,983887]]></description>
        <styleUrl>#icon-1899-DB4436</styleUrl>
        <Point>
          <coordinates>
            -48.983887,-26.921499,0
          </coordinates>
        </Point>
      </Placemark>
      <Placemark>
        <name>8,287</name>
        <description><![CDATA[Rua Olga Sabel    <br>       <br>   FID   775    <br>   sequencia   776    <br>   cota   8,29    <br>   refer_1   Rua Olga Sabel    <br>   refer_2   100    <br>   bairro   Figueira    <br>   coord_x   700162,670386    <br>   coord_y   7020635,73641    <br>   latitude   -26,921761    <br>   longitu   -48,984181]]></description>
        <styleUrl>#icon-1899-DB4436</styleUrl>
        <Point>
          <coordinates>
            -48.984181,-26.921761,0
          </coordinates>
        </Point>
      </Placemark>
      <Placemark>
        <name>8,5</name>
        <description><![CDATA[Rua Olga Sabel    <br>       <br>   FID   776    <br>   sequencia   777    <br>   cota   8,50    <br>   refer_1   Rua Olga Sabel    <br>   refer_2   Rua Daniel Zabel    <br>   bairro   Figueira    <br>   coord_x   700253,232217    <br>   coord_y   7020718,275    <br>   latitude   -26,921003    <br>   longitu   -48,983282]]></description>
        <styleUrl>#icon-1899-DB4436</styleUrl>
        <Point>
          <coordinates>
            -48.983282,-26.921003,0
          </coordinates>
        </Point>
      </Placemark>
      <Placemark>
        <name>7,521</name>
        <description><![CDATA[Rua Paulo Bailer    <br>       <br>   FID   777    <br>   sequencia   778    <br>   cota   7,52    <br>   refer_1   Rua Paulo Bailer    <br>   refer_2   446    <br>   bairro   Figueira    <br>   coord_x   700861,454622    <br>   coord_y   7020419,35472    <br>   latitude   -26,923612    <br>   longitu   -48,977112]]></description>
        <styleUrl>#icon-1899-DB4436</styleUrl>
        <Point>
          <coordinates>
            -48.977112,-26.923612,0
          </coordinates>
        </Point>
      </Placemark>
      <Placemark>
        <name>7,595</name>
        <description><![CDATA[Rua Paulo Bailer    <br>       <br>   FID   778    <br>   sequencia   779    <br>   cota   7,59    <br>   refer_1   Rua Paulo Bailer    <br>   refer_2   350    <br>   bairro   Figueira    <br>   coord_x   700913,040214    <br>   coord_y   7020463,60477    <br>   latitude   -26,923206    <br>   longitu   -48,9766]]></description>
        <styleUrl>#icon-1899-DB4436</styleUrl>
        <Point>
          <coordinates>
            -48.9766,-26.923206,0
          </coordinates>
        </Point>
      </Placemark>
      <Placemark>
        <name>7,848</name>
        <description><![CDATA[Rua Paulo Bailer    <br>       <br>   FID   779    <br>   sequencia   780    <br>   cota   7,85    <br>   refer_1   Rua Paulo Bailer    <br>   refer_2   256    <br>   bairro   Figueira    <br>   coord_x   700970,110395    <br>   coord_y   7020510,70666    <br>   latitude   -26,922772    <br>   longitu   -48,976033]]></description>
        <styleUrl>#icon-1899-DB4436</styleUrl>
        <Point>
          <coordinates>
            -48.976033,-26.922772,0
          </coordinates>
        </Point>
      </Placemark>
      <Placemark>
        <name>8,37</name>
        <description><![CDATA[Rua Paulo Bailer    <br>       <br>   FID   780    <br>   sequencia   781    <br>   cota   8,37    <br>   refer_1   Rua Paulo Bailer    <br>   refer_2   150    <br>   bairro   Figueira    <br>   coord_x   701029,537074    <br>   coord_y   7020561,36513    <br>   latitude   -26,922307    <br>   longitu   -48,975443]]></description>
        <styleUrl>#icon-1899-DB4436</styleUrl>
        <Point>
          <coordinates>
            -48.975443,-26.922307,0
          </coordinates>
        </Point>
      </Placemark>
      <Placemark>
        <name>9,46</name>
        <description><![CDATA[Rua Paulo Bailer    <br>       <br>   FID   781    <br>   sequencia   782    <br>   cota   9,46    <br>   refer_1   Rua Paulo Bailer    <br>   refer_2   Rua José Casas    <br>   bairro   Figueira    <br>   coord_x   701055,386689    <br>   coord_y   7020577,55332    <br>   latitude   -26,922157    <br>   longitu   -48,975185]]></description>
        <styleUrl>#icon-1899-DB4436</styleUrl>
        <Point>
          <coordinates>
            -48.975185,-26.922157,0
          </coordinates>
        </Point>
      </Placemark>
      <Placemark>
        <name>11,504</name>
        <description><![CDATA[Rua Paulo Bailer    <br>       <br>   FID   782    <br>   sequencia   783    <br>   cota   11,50    <br>   refer_1   Rua Paulo Bailer    <br>   refer_2   270    <br>   bairro   Figueira    <br>   coord_x   701092,380298    <br>   coord_y   7020688,00512    <br>   latitude   -26,921155    <br>   longitu   -48,974831]]></description>
        <styleUrl>#icon-1899-DB4436</styleUrl>
        <Point>
          <coordinates>
            -48.974831,-26.921155,0
          </coordinates>
        </Point>
      </Placemark>
      <Placemark>
        <name>11,667</name>
        <description><![CDATA[Rua Paulo Bailer    <br>       <br>   FID   783    <br>   sequencia   784    <br>   cota   11,67    <br>   refer_1   Rua Paulo Bailer    <br>   refer_2   Rua Antonino Pamplona    <br>   bairro   Figueira    <br>   coord_x   701078,694191    <br>   coord_y   7020635,83411    <br>   latitude   -26,921628    <br>   longitu   -48,97496]]></description>
        <styleUrl>#icon-1899-DB4436</styleUrl>
        <Point>
          <coordinates>
            -48.97496,-26.921628,0
          </coordinates>
        </Point>
      </Placemark>
      <Placemark>
        <name>11,962</name>
        <description><![CDATA[Rua Paulo Bailer    <br>       <br>   FID   784    <br>   sequencia   785    <br>   cota   11,96    <br>   refer_1   Rua Paulo Bailer    <br>   refer_2   184    <br>   bairro   Figueira    <br>   coord_x   701076,469563    <br>   coord_y   7020611,85388    <br>   latitude   -26,921844    <br>   longitu   -48,974979]]></description>
        <styleUrl>#icon-1899-DB4436</styleUrl>
        <Point>
          <coordinates>
            -48.974979,-26.921844,0
          </coordinates>
        </Point>
      </Placemark>
      <Placemark>
        <name>6,2</name>
        <description><![CDATA[Rua Petúnia    <br>       <br>   FID   785    <br>   sequencia   786    <br>   cota   6,20    <br>   refer_1   Rua Petúnia    <br>   refer_2   Final de rua    <br>   bairro   Figueira    <br>   coord_x   699797,242582    <br>   coord_y   7020857,40803    <br>   latitude   -26,919813    <br>   longitu   -48,987894]]></description>
        <styleUrl>#icon-1899-DB4436</styleUrl>
        <Point>
          <coordinates>
            -48.987894,-26.919813,0
          </coordinates>
        </Point>
      </Placemark>
      <Placemark>
        <name>6,353</name>
        <description><![CDATA[Rua Petúnia    <br>       <br>   FID   786    <br>   sequencia   787    <br>   cota   6,35    <br>   refer_1   Rua Petúnia    <br>   refer_2   à 100 metros do início da rua    <br>   bairro   Figueira    <br>   coord_x   699760,362217    <br>   coord_y   7020900,23561    <br>   latitude   -26,919432    <br>   longitu   -48,988272]]></description>
        <styleUrl>#icon-1899-DB4436</styleUrl>
        <Point>
          <coordinates>
            -48.988272,-26.919432,0
          </coordinates>
        </Point>
      </Placemark>
      <Placemark>
        <name>6,441</name>
        <description><![CDATA[Rua Petúnia    <br>       <br>   FID   787    <br>   sequencia   788    <br>   cota   6,44    <br>   refer_1   Rua Petúnia    <br>   refer_2   à 50 metros do início da rua    <br>   bairro   Figueira    <br>   coord_x   699731,63392    <br>   coord_y   7020935,47128    <br>   latitude   -26,919118    <br>   longitu   -48,988567]]></description>
        <styleUrl>#icon-1899-DB4436</styleUrl>
        <Point>
          <coordinates>
            -48.988567,-26.919118,0
          </coordinates>
        </Point>
      </Placemark>
      <Placemark>
        <name>6,568</name>
        <description><![CDATA[Rua Petúnia    <br>       <br>   FID   788    <br>   sequencia   789    <br>   cota   6,57    <br>   refer_1   Rua Petúnia    <br>   refer_2   Rua Alfazema    <br>   bairro   Figueira    <br>   coord_x   699703,771667    <br>   coord_y   7020972,55813    <br>   latitude   -26,918787    <br>   longitu   -48,988854]]></description>
        <styleUrl>#icon-1899-DB4436</styleUrl>
        <Point>
          <coordinates>
            -48.988854,-26.918787,0
          </coordinates>
        </Point>
      </Placemark>
      <Placemark>
        <name>10,528</name>
        <description><![CDATA[Rua Piçarras    <br>       <br>   FID   789    <br>   sequencia   790    <br>   cota   10,53    <br>   refer_1   Rua Piçarras    <br>   refer_2   41    <br>   bairro   Figueira    <br>   coord_x   699749,993486    <br>   coord_y   7021572,23265    <br>   latitude   -26,91337    <br>   longitu   -48,988484]]></description>
        <styleUrl>#icon-1899-DB4436</styleUrl>
        <Point>
          <coordinates>
            -48.988484,-26.91337,0
          </coordinates>
        </Point>
      </Placemark>
      <Placemark>
        <name>10,018</name>
        <description><![CDATA[Rua Pomerode    <br>       <br>   FID   790    <br>   sequencia   791    <br>   cota   10,02    <br>   refer_1   Rua Pomerode    <br>   refer_2   33    <br>   bairro   Figueira    <br>   coord_x   699706,590004    <br>   coord_y   7021518,45638    <br>   latitude   -26,913861    <br>   longitu   -48,988913]]></description>
        <styleUrl>#icon-1899-DB4436</styleUrl>
        <Point>
          <coordinates>
            -48.988913,-26.913861,0
          </coordinates>
        </Point>
      </Placemark>
      <Placemark>
        <name>9,4</name>
        <description><![CDATA[Rua Porto União    <br>       <br>   FID   791    <br>   sequencia   792    <br>   cota   9,40    <br>   refer_1   Rua Porto União    <br>   refer_2   Rua Rio do Sul    <br>   bairro   Figueira    <br>   coord_x   699608,842303    <br>   coord_y   7021436,27331    <br>   latitude   -26,914617    <br>   longitu   -48,989883]]></description>
        <styleUrl>#icon-1899-DB4436</styleUrl>
        <Point>
          <coordinates>
            -48.989883,-26.914617,0
          </coordinates>
        </Point>
      </Placemark>
      <Placemark>
        <name>9,441</name>
        <description><![CDATA[Rua Porto União    <br>       <br>   FID   792    <br>   sequencia   793    <br>   cota   9,44    <br>   refer_1   Rua Porto União    <br>   refer_2   Rua José Mondini    <br>   bairro   Figueira    <br>   coord_x   699643,193917    <br>   coord_y   7021396,64543    <br>   latitude   -26,914969    <br>   longitu   -48,989531]]></description>
        <styleUrl>#icon-1899-DB4436</styleUrl>
        <Point>
          <coordinates>
            -48.989531,-26.914969,0
          </coordinates>
        </Point>
      </Placemark>
      <Placemark>
        <name>9,748</name>
        <description><![CDATA[Rua Porto União    <br>       <br>   FID   793    <br>   sequencia   794    <br>   cota   9,75    <br>   refer_1   Rua Porto União    <br>   refer_2   26    <br>   bairro   Figueira    <br>   coord_x   699625,841495    <br>   coord_y   7021417,91517    <br>   latitude   -26,91478    <br>   longitu   -48,989709]]></description>
        <styleUrl>#icon-1899-DB4436</styleUrl>
        <Point>
          <coordinates>
            -48.989709,-26.91478,0
          </coordinates>
        </Point>
      </Placemark>
      <Placemark>
        <name>10,773</name>
        <description><![CDATA[Rua Professor Vitório Anacleto Cardoso    <br>       <br>   FID   794    <br>   sequencia   795    <br>   cota   10,77    <br>   refer_1   Rua Professor Vitório Anacleto Cardoso    <br>   refer_2   Rua José Mondini    <br>   bairro   Figueira    <br>   coord_x   699891,626655    <br>   coord_y   7021617,53237    <br>   latitude   -26,912941    <br>   longitu   -48,987066]]></description>
        <styleUrl>#icon-1899-DB4436</styleUrl>
        <Point>
          <coordinates>
            -48.987066,-26.912941,0
          </coordinates>
        </Point>
      </Placemark>
      <Placemark>
        <name>11,071</name>
        <description><![CDATA[Rua Professor Vitório Anacleto Cardoso    <br>       <br>   FID   795    <br>   sequencia   796    <br>   cota   11,07    <br>   refer_1   Rua Professor Vitório Anacleto Cardoso    <br>   refer_2   72    <br>   bairro   Figueira    <br>   coord_x   699845,691472    <br>   coord_y   7021667,01855    <br>   latitude   -26,912501    <br>   longitu   -48,987536]]></description>
        <styleUrl>#icon-1899-DB4436</styleUrl>
        <Point>
          <coordinates>
            -48.987536,-26.912501,0
          </coordinates>
        </Point>
      </Placemark>
      <Placemark>
        <name>12,125</name>
        <description><![CDATA[Rua Professor Vitório Anacleto Cardoso    <br>       <br>   FID   796    <br>   sequencia   797    <br>   cota   12,13    <br>   refer_1   Rua Professor Vitório Anacleto Cardoso    <br>   refer_2   Rua Rio Negrinho    <br>   bairro   Figueira    <br>   coord_x   699926,056858    <br>   coord_y   7021561,02465    <br>   latitude   -26,913446    <br>   longitu   -48,986711]]></description>
        <styleUrl>#icon-1899-DB4436</styleUrl>
        <Point>
          <coordinates>
            -48.986711,-26.913446,0
          </coordinates>
        </Point>
      </Placemark>
      <Placemark>
        <name>6,635</name>
        <description><![CDATA[Rua Rio do Sul    <br>       <br>   FID   797    <br>   sequencia   798    <br>   cota   6,63    <br>   refer_1   Rua Rio do Sul    <br>   refer_2   Final de rua    <br>   bairro   Figueira    <br>   coord_x   699490,331344    <br>   coord_y   7021331,37436    <br>   latitude   -26,91558    <br>   longitu   -48,991059]]></description>
        <styleUrl>#icon-1899-DB4436</styleUrl>
        <Point>
          <coordinates>
            -48.991059,-26.91558,0
          </coordinates>
        </Point>
      </Placemark>
      <Placemark>
        <name>7,16</name>
        <description><![CDATA[Rua Rio do Sul    <br>       <br>   FID   798    <br>   sequencia   799    <br>   cota   7,16    <br>   refer_1   Rua Rio do Sul    <br>   refer_2   127    <br>   bairro   Figueira    <br>   coord_x   699514,576611    <br>   coord_y   7021352,32685    <br>   latitude   -26,915388    <br>   longitu   -48,990819]]></description>
        <styleUrl>#icon-1899-DB4436</styleUrl>
        <Point>
          <coordinates>
            -48.990819,-26.915388,0
          </coordinates>
        </Point>
      </Placemark>
      <Placemark>
        <name>7,4</name>
        <description><![CDATA[Rua Rio do Sul    <br>       <br>   FID   799    <br>   sequencia   800    <br>   cota   7,40    <br>   refer_1   Rua Rio do Sul    <br>   refer_2   59    <br>   bairro   Figueira    <br>   coord_x   699532,578652    <br>   coord_y   7021368,60821    <br>   latitude   -26,915238    <br>   longitu   -48,99064]]></description>
        <styleUrl>#icon-1899-DB4436</styleUrl>
        <Point>
          <coordinates>
            -48.99064,-26.915238,0
          </coordinates>
        </Point>
      </Placemark>
      <Placemark>
        <name>8,747</name>
        <description><![CDATA[Rua Rio do Sul    <br>       <br>   FID   800    <br>   sequencia   801    <br>   cota   8,75    <br>   refer_1   Rua Rio do Sul    <br>   refer_2   45    <br>   bairro   Figueira    <br>   coord_x   699565,573249    <br>   coord_y   7021397,48399    <br>   latitude   -26,914973    <br>   longitu   -48,990313]]></description>
        <styleUrl>#icon-1899-DB4436</styleUrl>
        <Point>
          <coordinates>
            -48.990313,-26.914973,0
          </coordinates>
        </Point>
      </Placemark>
      <Placemark>
        <name>9,109</name>
        <description><![CDATA[Rua Rio Negrinho    <br>       <br>   FID   801    <br>   sequencia   802    <br>   cota   9,11    <br>   refer_1   Rua Rio Negrinho    <br>   refer_2   Defronte Unidade Saúde Figueira    <br>   bairro   Figueira    <br>   coord_x   699690,002351    <br>   coord_y   7021360,91287    <br>   latitude   -26,915285    <br>   longitu   -48,989054]]></description>
        <styleUrl>#icon-1899-DB4436</styleUrl>
        <Point>
          <coordinates>
            -48.989054,-26.915285,0
          </coordinates>
        </Point>
      </Placemark>
      <Placemark>
        <name>11,779</name>
        <description><![CDATA[Rua Rio Negrinho    <br>       <br>   FID   802    <br>   sequencia   803    <br>   cota   11,78    <br>   refer_1   Rua Rio Negrinho    <br>   refer_2   272    <br>   bairro   Figueira    <br>   coord_x   699723,270836    <br>   coord_y   7021386,87323    <br>   latitude   -26,915046    <br>   longitu   -48,988724]]></description>
        <styleUrl>#icon-1899-DB4436</styleUrl>
        <Point>
          <coordinates>
            -48.988724,-26.915046,0
          </coordinates>
        </Point>
      </Placemark>
      <Placemark>
        <name>12,888</name>
        <description><![CDATA[Rua Rio Negrinho    <br>       <br>   FID   803    <br>   sequencia   804    <br>   cota   12,89    <br>   refer_1   Rua Rio Negrinho    <br>   refer_2   58    <br>   bairro   Figueira    <br>   coord_x   699876,861853    <br>   coord_y   7021521,98791    <br>   latitude   -26,913805    <br>   longitu   -48,987199]]></description>
        <styleUrl>#icon-1899-DB4436</styleUrl>
        <Point>
          <coordinates>
            -48.987199,-26.913805,0
          </coordinates>
        </Point>
      </Placemark>
      <Placemark>
        <name>13,673</name>
        <description><![CDATA[Rua Rio Negrinho    <br>       <br>   FID   804    <br>   sequencia   805    <br>   cota   13,67    <br>   refer_1   Rua Rio Negrinho    <br>   refer_2   134    <br>   bairro   Figueira    <br>   coord_x   699825,078151    <br>   coord_y   7021482,87961    <br>   latitude   -26,914165    <br>   longitu   -48,987714]]></description>
        <styleUrl>#icon-1899-DB4436</styleUrl>
        <Point>
          <coordinates>
            -48.987714,-26.914165,0
          </coordinates>
        </Point>
      </Placemark>
      <Placemark>
        <name>14,99</name>
        <description><![CDATA[Rua Rio Negrinho    <br>       <br>   FID   805    <br>   sequencia   806    <br>   cota   14,99    <br>   refer_1   Rua Rio Negrinho    <br>   refer_2   246    <br>   bairro   Figueira    <br>   coord_x   699742,092426    <br>   coord_y   7021403,85773    <br>   latitude   -26,91489    <br>   longitu   -48,988537]]></description>
        <styleUrl>#icon-1899-DB4436</styleUrl>
        <Point>
          <coordinates>
            -48.988537,-26.91489,0
          </coordinates>
        </Point>
      </Placemark>
      <Placemark>
        <name>11,044</name>
        <description><![CDATA[Rua Teodoro Deschamps    <br>       <br>   FID   806    <br>   sequencia   807    <br>   cota   11,04    <br>   refer_1   Rua Teodoro Deschamps    <br>   refer_2   65    <br>   bairro   Figueira    <br>   coord_x   699791,715956    <br>   coord_y   7021626,62412    <br>   latitude   -26,912873    <br>   longitu   -48,988073]]></description>
        <styleUrl>#icon-1899-DB4436</styleUrl>
        <Point>
          <coordinates>
            -48.988073,-26.912873,0
          </coordinates>
        </Point>
      </Placemark>
      <Placemark>
        <name>12,313</name>
        <description><![CDATA[Rua Tiradentes    <br>       <br>   FID   807    <br>   sequencia   808    <br>   cota   12,31    <br>   refer_1   Rua Tiradentes    <br>   refer_2   Final de rua    <br>   bairro   Figueira    <br>   coord_x   699704,419819    <br>   coord_y   7021699,10206    <br>   latitude   -26,912232    <br>   longitu   -48,988963]]></description>
        <styleUrl>#icon-1899-DB4436</styleUrl>
        <Point>
          <coordinates>
            -48.988963,-26.912232,0
          </coordinates>
        </Point>
      </Placemark>
      <Placemark>
        <name>8,177</name>
        <description><![CDATA[Rua Tulipa    <br>       <br>   FID   808    <br>   sequencia   809    <br>   cota   8,18    <br>   refer_1   Rua Tulipa    <br>   refer_2   Próximo ao número 74    <br>   bairro   Figueira    <br>   coord_x   700061,762202    <br>   coord_y   7021045,14578    <br>   latitude   -26,918081    <br>   longitu   -48,985262]]></description>
        <styleUrl>#icon-1899-DB4436</styleUrl>
        <Point>
          <coordinates>
            -48.985262,-26.918081,0
          </coordinates>
        </Point>
      </Placemark>
      <Placemark>
        <name>8,6</name>
        <description><![CDATA[Rua Tulipa    <br>       <br>   FID   809    <br>   sequencia   810    <br>   cota   8,60    <br>   refer_1   Rua Tulipa    <br>   refer_2   74    <br>   bairro   Figueira    <br>   coord_x   700071,74578    <br>   coord_y   7021050,12224    <br>   latitude   -26,918035    <br>   longitu   -48,985162]]></description>
        <styleUrl>#icon-1899-DB4436</styleUrl>
        <Point>
          <coordinates>
            -48.985162,-26.918035,0
          </coordinates>
        </Point>
      </Placemark>
      <Placemark>
        <name>8,959</name>
        <description><![CDATA[Rua Tulipa    <br>       <br>   FID   810    <br>   sequencia   811    <br>   cota   8,96    <br>   refer_1   Rua Tulipa    <br>   refer_2   Defronte ao número 158    <br>   bairro   Figueira    <br>   coord_x   700124,866339    <br>   coord_y   7021100,79696    <br>   latitude   -26,91757    <br>   longitu   -48,984636]]></description>
        <styleUrl>#icon-1899-DB4436</styleUrl>
        <Point>
          <coordinates>
            -48.984636,-26.91757,0
          </coordinates>
        </Point>
      </Placemark>
      <Placemark>
        <name>9,149</name>
        <description><![CDATA[Rua Tulipa    <br>       <br>   FID   811    <br>   sequencia   812    <br>   cota   9,15    <br>   refer_1   Rua Tulipa    <br>   refer_2   Final de rua    <br>   bairro   Figueira    <br>   coord_x   700157,102439    <br>   coord_y   7021125,74133    <br>   latitude   -26,91734    <br>   longitu   -48,984315]]></description>
        <styleUrl>#icon-1899-DB4436</styleUrl>
        <Point>
          <coordinates>
            -48.984315,-26.91734,0
          </coordinates>
        </Point>
      </Placemark>
      <Placemark>
        <name>9,13</name>
        <description><![CDATA[Rua Antônio Francisco de Carvalho    <br>       <br>   FID   812    <br>   sequencia   813    <br>   cota   9,13    <br>   refer_1   Rua Antônio Francisco de Carvalho    <br>   refer_2   125    <br>   bairro   Gaspar Grande    <br>   coord_x   700984,314356    <br>   coord_y   7018893,27987    <br>   latitude   -26,937364    <br>   longitu   -48,975629]]></description>
        <styleUrl>#icon-1899-DB4436</styleUrl>
        <Point>
          <coordinates>
            -48.975629,-26.937364,0
          </coordinates>
        </Point>
      </Placemark>
      <Placemark>
        <name>9,271</name>
        <description><![CDATA[Rua Antônio Francisco de Carvalho    <br>       <br>   FID   813    <br>   sequencia   814    <br>   cota   9,27    <br>   refer_1   Rua Antônio Francisco de Carvalho    <br>   refer_2   Rua João Augusto Isensee    <br>   bairro   Gaspar Grande    <br>   coord_x   700945,742844    <br>   coord_y   7018804,91799    <br>   latitude   -26,938167    <br>   longitu   -48,976003]]></description>
        <styleUrl>#icon-1899-DB4436</styleUrl>
        <Point>
          <coordinates>
            -48.976003,-26.938167,0
          </coordinates>
        </Point>
      </Placemark>
      <Placemark>
        <name>9,29</name>
        <description><![CDATA[Rua Antônio Francisco de Carvalho    <br>       <br>   FID   814    <br>   sequencia   815    <br>   cota   9,29    <br>   refer_1   Rua Antônio Francisco de Carvalho    <br>   refer_2   Rua Prefeito Leopoldo Schramm    <br>   bairro   Gaspar Grande    <br>   coord_x   701012,595804    <br>   coord_y   7018998,855    <br>   latitude   -26,936408    <br>   longitu   -48,975362]]></description>
        <styleUrl>#icon-1899-DB4436</styleUrl>
        <Point>
          <coordinates>
            -48.975362,-26.936408,0
          </coordinates>
        </Point>
      </Placemark>
      <Placemark>
        <name>12,258</name>
        <description><![CDATA[Rua Antônio Francisco de Carvalho    <br>       <br>   FID   815    <br>   sequencia   816    <br>   cota   12,26    <br>   refer_1   Rua Antônio Francisco de Carvalho    <br>   refer_2   318    <br>   bairro   Gaspar Grande    <br>   coord_x   700926,277095    <br>   coord_y   7018664,86487    <br>   latitude   -26,939434    <br>   longitu   -48,976177]]></description>
        <styleUrl>#icon-1899-DB4436</styleUrl>
        <Point>
          <coordinates>
            -48.976177,-26.939434,0
          </coordinates>
        </Point>
      </Placemark>
      <Placemark>
        <name>13,65</name>
        <description><![CDATA[Rua Antônio Francisco de Carvalho    <br>       <br>   FID   816    <br>   sequencia   817    <br>   cota   13,65    <br>   refer_1   Rua Antônio Francisco de Carvalho    <br>   refer_2   393    <br>   bairro   Gaspar Grande    <br>   coord_x   700946,171775    <br>   coord_y   7018597,95018    <br>   latitude   -26,940035    <br>   longitu   -48,975966]]></description>
        <styleUrl>#icon-1899-DB4436</styleUrl>
        <Point>
          <coordinates>
            -48.975966,-26.940035,0
          </coordinates>
        </Point>
      </Placemark>
      <Placemark>
        <name>7,819</name>
        <description><![CDATA[Rua Geraldo Claudino dos Santos    <br>       <br>   FID   817    <br>   sequencia   818    <br>   cota   7,82    <br>   refer_1   Rua Geraldo Claudino dos Santos    <br>   refer_2   250    <br>   bairro   Gaspar Grande    <br>   coord_x   701119,795585    <br>   coord_y   7019334,36369    <br>   latitude   -26,933365    <br>   longitu   -48,974336]]></description>
        <styleUrl>#icon-1899-DB4436</styleUrl>
        <Point>
          <coordinates>
            -48.974336,-26.933365,0
          </coordinates>
        </Point>
      </Placemark>
      <Placemark>
        <name>8,206</name>
        <description><![CDATA[Rua Geraldo Claudino dos Santos    <br>       <br>   FID   818    <br>   sequencia   819    <br>   cota   8,21    <br>   refer_1   Rua Geraldo Claudino dos Santos    <br>   refer_2   180    <br>   bairro   Gaspar Grande    <br>   coord_x   701154,764657    <br>   coord_y   7019241,05419    <br>   latitude   -26,934202    <br>   longitu   -48,973969]]></description>
        <styleUrl>#icon-1899-DB4436</styleUrl>
        <Point>
          <coordinates>
            -48.973969,-26.934202,0
          </coordinates>
        </Point>
      </Placemark>
      <Placemark>
        <name>9,942</name>
        <description><![CDATA[Rua João Augusto Isensee    <br>       <br>   FID   819    <br>   sequencia   820    <br>   cota   9,94    <br>   refer_1   Rua João Augusto Isensee    <br>   refer_2   110    <br>   bairro   Gaspar Grande    <br>   coord_x   700855,753175    <br>   coord_y   7018728,03845    <br>   latitude   -26,938874    <br>   longitu   -48,976897]]></description>
        <styleUrl>#icon-1899-DB4436</styleUrl>
        <Point>
          <coordinates>
            -48.976897,-26.938874,0
          </coordinates>
        </Point>
      </Placemark>
      <Placemark>
        <name>11,332</name>
        <description><![CDATA[Rua João Augusto Isensee    <br>       <br>   FID   820    <br>   sequencia   821    <br>   cota   11,33    <br>   refer_1   Rua João Augusto Isensee    <br>   refer_2   135    <br>   bairro   Gaspar Grande    <br>   coord_x   700820,934095    <br>   coord_y   7018697,89494    <br>   latitude   -26,939151    <br>   longitu   -48,977243]]></description>
        <styleUrl>#icon-1899-DB4436</styleUrl>
        <Point>
          <coordinates>
            -48.977243,-26.939151,0
          </coordinates>
        </Point>
      </Placemark>
      <Placemark>
        <name>13,65</name>
        <description><![CDATA[Rua João Augusto Isensee    <br>       <br>   FID   821    <br>   sequencia   822    <br>   cota   13,65    <br>   refer_1   Rua João Augusto Isensee    <br>   refer_2   Final de rua    <br>   bairro   Gaspar Grande    <br>   coord_x   700784,264419    <br>   coord_y   7018665,01901    <br>   latitude   -26,939453    <br>   longitu   -48,977606]]></description>
        <styleUrl>#icon-1899-DB4436</styleUrl>
        <Point>
          <coordinates>
            -48.977606,-26.939453,0
          </coordinates>
        </Point>
      </Placemark>
      <Placemark>
        <name>12,329</name>
        <description><![CDATA[Rua José Anastácio da Silva    <br>       <br>   FID   822    <br>   sequencia   823    <br>   cota   12,33    <br>   refer_1   Rua José Anastácio da Silva    <br>   refer_2   210    <br>   bairro   Gaspar Grande    <br>   coord_x   701683,153209    <br>   coord_y   7019073,56784    <br>   latitude   -26,935637    <br>   longitu   -48,968623]]></description>
        <styleUrl>#icon-1899-DB4436</styleUrl>
        <Point>
          <coordinates>
            -48.968623,-26.935637,0
          </coordinates>
        </Point>
      </Placemark>
      <Placemark>
        <name>10,866</name>
        <description><![CDATA[Rua Otto Nuss    <br>       <br>   FID   823    <br>   sequencia   824    <br>   cota   10,87    <br>   refer_1   Rua Otto Nuss    <br>   refer_2   90    <br>   bairro   Gaspar Grande    <br>   coord_x   700145,916913    <br>   coord_y   7017984,04293    <br>   latitude   -26,945689    <br>   longitu   -48,983924]]></description>
        <styleUrl>#icon-1899-DB4436</styleUrl>
        <Point>
          <coordinates>
            -48.983924,-26.945689,0
          </coordinates>
        </Point>
      </Placemark>
      <Placemark>
        <name>13,563</name>
        <description><![CDATA[Rua Otto Nuss    <br>       <br>   FID   824    <br>   sequencia   825    <br>   cota   13,56    <br>   refer_1   Rua Otto Nuss    <br>   refer_2   133    <br>   bairro   Gaspar Grande    <br>   coord_x   700198,100239    <br>   coord_y   7017937,52424    <br>   latitude   -26,946102    <br>   longitu   -48,983391]]></description>
        <styleUrl>#icon-1899-DB4436</styleUrl>
        <Point>
          <coordinates>
            -48.983391,-26.946102,0
          </coordinates>
        </Point>
      </Placemark>
      <Placemark>
        <name>8,532</name>
        <description><![CDATA[Rua Pedro Nicolau Isensee    <br>       <br>   FID   825    <br>   sequencia   826    <br>   cota   8,53    <br>   refer_1   Rua Pedro Nicolau Isensee    <br>   refer_2   Final de rua    <br>   bairro   Gaspar Grande    <br>   coord_x   701266,956333    <br>   coord_y   7019321,89425    <br>   latitude   -26,933456    <br>   longitu   -48,972853]]></description>
        <styleUrl>#icon-1899-DB4436</styleUrl>
        <Point>
          <coordinates>
            -48.972853,-26.933456,0
          </coordinates>
        </Point>
      </Placemark>
      <Placemark>
        <name>8,799</name>
        <description><![CDATA[Rua Pedro Nicolau Isensee    <br>       <br>   FID   826    <br>   sequencia   827    <br>   cota   8,80    <br>   refer_1   Rua Pedro Nicolau Isensee    <br>   refer_2   87    <br>   bairro   Gaspar Grande    <br>   coord_x   701315,040494    <br>   coord_y   7019216,7446    <br>   latitude   -26,934398    <br>   longitu   -48,972352]]></description>
        <styleUrl>#icon-1899-DB4436</styleUrl>
        <Point>
          <coordinates>
            -48.972352,-26.934398,0
          </coordinates>
        </Point>
      </Placemark>
      <Placemark>
        <name>8,88</name>
        <description><![CDATA[Rua Pedro Nicolau Isensee    <br>       <br>   FID   827    <br>   sequencia   828    <br>   cota   8,88    <br>   refer_1   Rua Pedro Nicolau Isensee    <br>   refer_2   115    <br>   bairro   Gaspar Grande    <br>   coord_x   701295,896566    <br>   coord_y   7019255,31418    <br>   latitude   -26,934053    <br>   longitu   -48,972551]]></description>
        <styleUrl>#icon-1899-DB4436</styleUrl>
        <Point>
          <coordinates>
            -48.972551,-26.934053,0
          </coordinates>
        </Point>
      </Placemark>
      <Placemark>
        <name>8,904</name>
        <description><![CDATA[Rua Plucenia Maria Isensee    <br>       <br>   FID   828    <br>   sequencia   829    <br>   cota   8,90    <br>   refer_1   Rua Plucenia Maria Isensee    <br>   refer_2   Rua Rosalina Theiss    <br>   bairro   Gaspar Grande    <br>   coord_x   700894,68754    <br>   coord_y   7018820,87428    <br>   latitude   -26,938031    <br>   longitu   -48,97652]]></description>
        <styleUrl>#icon-1899-DB4436</styleUrl>
        <Point>
          <coordinates>
            -48.97652,-26.938031,0
          </coordinates>
        </Point>
      </Placemark>
      <Placemark>
        <name>9,15</name>
        <description><![CDATA[Rua Plucenia Maria Isensee    <br>       <br>   FID   829    <br>   sequencia   830    <br>   cota   9,15    <br>   refer_1   Rua Plucenia Maria Isensee    <br>   refer_2   67    <br>   bairro   Gaspar Grande    <br>   coord_x   700867,156159    <br>   coord_y   7018800,44042    <br>   latitude   -26,938219    <br>   longitu   -48,976794]]></description>
        <styleUrl>#icon-1899-DB4436</styleUrl>
        <Point>
          <coordinates>
            -48.976794,-26.938219,0
          </coordinates>
        </Point>
      </Placemark>
      <Placemark>
        <name>10,576</name>
        <description><![CDATA[Rua Plucenia Maria Isensee    <br>       <br>   FID   830    <br>   sequencia   831    <br>   cota   10,58    <br>   refer_1   Rua Plucenia Maria Isensee    <br>   refer_2   44    <br>   bairro   Gaspar Grande    <br>   coord_x   700795,094679    <br>   coord_y   7018735,80208    <br>   latitude   -26,938813    <br>   longitu   -48,977509]]></description>
        <styleUrl>#icon-1899-DB4436</styleUrl>
        <Point>
          <coordinates>
            -48.977509,-26.938813,0
          </coordinates>
        </Point>
      </Placemark>
      <Placemark>
        <name>7,966</name>
        <description><![CDATA[Rua Prefeito Leopoldo Schramm    <br>       <br>   FID   831    <br>   sequencia   832    <br>   cota   7,97    <br>   refer_1   Rua Prefeito Leopoldo Schramm    <br>   refer_2   à 150 metros do número 1515    <br>   bairro   Gaspar Grande    <br>   coord_x   700866,26049    <br>   coord_y   7019032,86995    <br>   latitude   -26,936122    <br>   longitu   -48,97684]]></description>
        <styleUrl>#icon-1899-DB4436</styleUrl>
        <Point>
          <coordinates>
            -48.97684,-26.936122,0
          </coordinates>
        </Point>
      </Placemark>
      <Placemark>
        <name>8,164</name>
        <description><![CDATA[Rua Prefeito Leopoldo Schramm    <br>       <br>   FID   832    <br>   sequencia   833    <br>   cota   8,16    <br>   refer_1   Rua Prefeito Leopoldo Schramm    <br>   refer_2   Próximo Mercado Eliane    <br>   bairro   Gaspar Grande    <br>   coord_x   700917,216137    <br>   coord_y   7019023,36393    <br>   latitude   -26,9362    <br>   longitu   -48,976326]]></description>
        <styleUrl>#icon-1899-DB4436</styleUrl>
        <Point>
          <coordinates>
            -48.976326,-26.9362,0
          </coordinates>
        </Point>
      </Placemark>
      <Placemark>
        <name>8,229</name>
        <description><![CDATA[Rua Prefeito Leopoldo Schramm    <br>       <br>   FID   833    <br>   sequencia   834    <br>   cota   8,23    <br>   refer_1   Rua Prefeito Leopoldo Schramm    <br>   refer_2   1.799    <br>   bairro   Gaspar Grande    <br>   coord_x   700494,122854    <br>   coord_y   7019008,38178    <br>   latitude   -26,936397    <br>   longitu   -48,980583]]></description>
        <styleUrl>#icon-1899-DB4436</styleUrl>
        <Point>
          <coordinates>
            -48.980583,-26.936397,0
          </coordinates>
        </Point>
      </Placemark>
      <Placemark>
        <name>8,474</name>
        <description><![CDATA[Rua Prefeito Leopoldo Schramm    <br>       <br>   FID   834    <br>   sequencia   835    <br>   cota   8,47    <br>   refer_1   Rua Prefeito Leopoldo Schramm    <br>   refer_2   Rua Rosalina Theiss    <br>   bairro   Gaspar Grande    <br>   coord_x   700731,673208    <br>   coord_y   7019052,95453    <br>   latitude   -26,93596    <br>   longitu   -48,978198]]></description>
        <styleUrl>#icon-1899-DB4436</styleUrl>
        <Point>
          <coordinates>
            -48.978198,-26.93596,0
          </coordinates>
        </Point>
      </Placemark>
      <Placemark>
        <name>8,619</name>
        <description><![CDATA[Rua Prefeito Leopoldo Schramm    <br>       <br>   FID   835    <br>   sequencia   836    <br>   cota   8,62    <br>   refer_1   Rua Prefeito Leopoldo Schramm    <br>   refer_2   1.515    <br>   bairro   Gaspar Grande    <br>   coord_x   700973,068829    <br>   coord_y   7019012,91607    <br>   latitude   -26,936287    <br>   longitu   -48,975762]]></description>
        <styleUrl>#icon-1899-DB4436</styleUrl>
        <Point>
          <coordinates>
            -48.975762,-26.936287,0
          </coordinates>
        </Point>
      </Placemark>
      <Placemark>
        <name>8,697</name>
        <description><![CDATA[Rua Prefeito Leopoldo Schramm    <br>       <br>   FID   836    <br>   sequencia   837    <br>   cota   8,70    <br>   refer_1   Rua Prefeito Leopoldo Schramm    <br>   refer_2   1.739    <br>   bairro   Gaspar Grande    <br>   coord_x   700694,250968    <br>   coord_y   7019060,97489    <br>   latitude   -26,935893    <br>   longitu   -48,978576]]></description>
        <styleUrl>#icon-1899-DB4436</styleUrl>
        <Point>
          <coordinates>
            -48.978576,-26.935893,0
          </coordinates>
        </Point>
      </Placemark>
      <Placemark>
        <name>9,297</name>
        <description><![CDATA[Rua Prefeito Leopoldo Schramm    <br>       <br>   FID   837    <br>   sequencia   838    <br>   cota   9,30    <br>   refer_1   Rua Prefeito Leopoldo Schramm    <br>   refer_2   1.992    <br>   bairro   Gaspar Grande    <br>   coord_x   700231,398411    <br>   coord_y   7018660,28057    <br>   latitude   -26,939575    <br>   longitu   -48,983172]]></description>
        <styleUrl>#icon-1899-DB4436</styleUrl>
        <Point>
          <coordinates>
            -48.983172,-26.939575,0
          </coordinates>
        </Point>
      </Placemark>
      <Placemark>
        <name>9,345</name>
        <description><![CDATA[Rua Prefeito Leopoldo Schramm    <br>       <br>   FID   838    <br>   sequencia   839    <br>   cota   9,35    <br>   refer_1   Rua Prefeito Leopoldo Schramm    <br>   refer_2   Rua Rondonia    <br>   bairro   Gaspar Grande    <br>   coord_x   701385,22911    <br>   coord_y   7019137,53473    <br>   latitude   -26,935103    <br>   longitu   -48,971633]]></description>
        <styleUrl>#icon-1899-DB4436</styleUrl>
        <Point>
          <coordinates>
            -48.971633,-26.935103,0
          </coordinates>
        </Point>
      </Placemark>
      <Placemark>
        <name>9,447</name>
        <description><![CDATA[Rua Prefeito Leopoldo Schramm    <br>       <br>   FID   839    <br>   sequencia   840    <br>   cota   9,45    <br>   refer_1   Rua Prefeito Leopoldo Schramm    <br>   refer_2   Próximo ao número 1.265    <br>   bairro   Gaspar Grande    <br>   coord_x   701037,992866    <br>   coord_y   7019006,83161    <br>   latitude   -26,936332    <br>   longitu   -48,975107]]></description>
        <styleUrl>#icon-1899-DB4436</styleUrl>
        <Point>
          <coordinates>
            -48.975107,-26.936332,0
          </coordinates>
        </Point>
      </Placemark>
      <Placemark>
        <name>9,453</name>
        <description><![CDATA[Rua Prefeito Leopoldo Schramm    <br>       <br>   FID   840    <br>   sequencia   841    <br>   cota   9,45    <br>   refer_1   Rua Prefeito Leopoldo Schramm    <br>   refer_2   Rua Pedro Nicolau Isensee    <br>   bairro   Gaspar Grande    <br>   coord_x   701357,01029    <br>   coord_y   7019131,89797    <br>   latitude   -26,935158    <br>   longitu   -48,971916]]></description>
        <styleUrl>#icon-1899-DB4436</styleUrl>
        <Point>
          <coordinates>
            -48.971916,-26.935158,0
          </coordinates>
        </Point>
      </Placemark>
      <Placemark>
        <name>9,535</name>
        <description><![CDATA[Rua Prefeito Leopoldo Schramm    <br>       <br>   FID   841    <br>   sequencia   842    <br>   cota   9,54    <br>   refer_1   Rua Prefeito Leopoldo Schramm    <br>   refer_2   Após Rua Zeno Lenzi    <br>   bairro   Gaspar Grande    <br>   coord_x   700285,678658    <br>   coord_y   7018854,59568    <br>   latitude   -26,937814    <br>   longitu   -48,982656]]></description>
        <styleUrl>#icon-1899-DB4436</styleUrl>
        <Point>
          <coordinates>
            -48.982656,-26.937814,0
          </coordinates>
        </Point>
      </Placemark>
      <Placemark>
        <name>9,57</name>
        <description><![CDATA[Rua Prefeito Leopoldo Schramm    <br>       <br>   FID   842    <br>   sequencia   843    <br>   cota   9,57    <br>   refer_1   Rua Prefeito Leopoldo Schramm    <br>   refer_2   Rua José Anastácio da Silva    <br>   bairro   Gaspar Grande    <br>   coord_x   701466,616693    <br>   coord_y   7019172,57128    <br>   latitude   -26,934775    <br>   longitu   -48,970819]]></description>
        <styleUrl>#icon-1899-DB4436</styleUrl>
        <Point>
          <coordinates>
            -48.970819,-26.934775,0
          </coordinates>
        </Point>
      </Placemark>
      <Placemark>
        <name>9,63</name>
        <description><![CDATA[Rua Prefeito Leopoldo Schramm    <br>       <br>   FID   843    <br>   sequencia   844    <br>   cota   9,63    <br>   refer_1   Rua Prefeito Leopoldo Schramm    <br>   refer_2   Rua José Anastácio da Silva    <br>   bairro   Gaspar Grande    <br>   coord_x   701486,923348    <br>   coord_y   7019181,1317    <br>   latitude   -26,934694    <br>   longitu   -48,970616]]></description>
        <styleUrl>#icon-1899-DB4436</styleUrl>
        <Point>
          <coordinates>
            -48.970616,-26.934694,0
          </coordinates>
        </Point>
      </Placemark>
      <Placemark>
        <name>9,657</name>
        <description><![CDATA[Rua Prefeito Leopoldo Schramm    <br>       <br>   FID   844    <br>   sequencia   845    <br>   cota   9,66    <br>   refer_1   Rua Prefeito Leopoldo Schramm    <br>   refer_2   1.260    <br>   bairro   Gaspar Grande    <br>   coord_x   701080,316863    <br>   coord_y   7019023,85309    <br>   latitude   -26,936172    <br>   longitu   -48,974684]]></description>
        <styleUrl>#icon-1899-DB4436</styleUrl>
        <Point>
          <coordinates>
            -48.974684,-26.936172,0
          </coordinates>
        </Point>
      </Placemark>
      <Placemark>
        <name>9,663</name>
        <description><![CDATA[Rua Prefeito Leopoldo Schramm    <br>       <br>   FID   845    <br>   sequencia   846    <br>   cota   9,66    <br>   refer_1   Rua Prefeito Leopoldo Schramm    <br>   refer_2   2.150    <br>   bairro   Gaspar Grande    <br>   coord_x   700182,688753    <br>   coord_y   7018474,58019    <br>   latitude   -26,941258    <br>   longitu   -48,983632]]></description>
        <styleUrl>#icon-1899-DB4436</styleUrl>
        <Point>
          <coordinates>
            -48.983632,-26.941258,0
          </coordinates>
        </Point>
      </Placemark>
      <Placemark>
        <name>9,665</name>
        <description><![CDATA[Rua Prefeito Leopoldo Schramm    <br>       <br>   FID   846    <br>   sequencia   847    <br>   cota   9,66    <br>   refer_1   Rua Prefeito Leopoldo Schramm    <br>   refer_2   Próximo ao número 887    <br>   bairro   Gaspar Grande    <br>   coord_x   701418,525449    <br>   coord_y   7019159,25933    <br>   latitude   -26,934902    <br>   longitu   -48,971301]]></description>
        <styleUrl>#icon-1899-DB4436</styleUrl>
        <Point>
          <coordinates>
            -48.971301,-26.934902,0
          </coordinates>
        </Point>
      </Placemark>
      <Placemark>
        <name>9,696</name>
        <description><![CDATA[Rua Prefeito Leopoldo Schramm    <br>       <br>   FID   847    <br>   sequencia   848    <br>   cota   9,70    <br>   refer_1   Rua Prefeito Leopoldo Schramm    <br>   refer_2   Rua Geraldo Claudino dos Santos    <br>   bairro   Gaspar Grande    <br>   coord_x   701235,056992    <br>   coord_y   7019085,64427    <br>   latitude   -26,935592    <br>   longitu   -48,973136]]></description>
        <styleUrl>#icon-1899-DB4436</styleUrl>
        <Point>
          <coordinates>
            -48.973136,-26.935592,0
          </coordinates>
        </Point>
      </Placemark>
      <Placemark>
        <name>9,713</name>
        <description><![CDATA[Rua Prefeito Leopoldo Schramm    <br>       <br>   FID   848    <br>   sequencia   849    <br>   cota   9,71    <br>   refer_1   Rua Prefeito Leopoldo Schramm    <br>   refer_2   Rua Reinaldo Schramm    <br>   bairro   Gaspar Grande    <br>   coord_x   701312,741283    <br>   coord_y   7019110,90539    <br>   latitude   -26,935353    <br>   longitu   -48,972358]]></description>
        <styleUrl>#icon-1899-DB4436</styleUrl>
        <Point>
          <coordinates>
            -48.972358,-26.935353,0
          </coordinates>
        </Point>
      </Placemark>
      <Placemark>
        <name>9,726</name>
        <description><![CDATA[Rua Prefeito Leopoldo Schramm    <br>       <br>   FID   849    <br>   sequencia   850    <br>   cota   9,73    <br>   refer_1   Rua Prefeito Leopoldo Schramm    <br>   refer_2   2.335    <br>   bairro   Gaspar Grande    <br>   coord_x   700122,696033    <br>   coord_y   7018270,44888    <br>   latitude   -26,943109    <br>   longitu   -48,984203]]></description>
        <styleUrl>#icon-1899-DB4436</styleUrl>
        <Point>
          <coordinates>
            -48.984203,-26.943109,0
          </coordinates>
        </Point>
      </Placemark>
      <Placemark>
        <name>9,728</name>
        <description><![CDATA[Rua Prefeito Leopoldo Schramm    <br>       <br>   FID   850    <br>   sequencia   851    <br>   cota   9,73    <br>   refer_1   Rua Prefeito Leopoldo Schramm    <br>   refer_2   1.020    <br>   bairro   Gaspar Grande    <br>   coord_x   701296,584267    <br>   coord_y   7019104,10634    <br>   latitude   -26,935417    <br>   longitu   -48,97252]]></description>
        <styleUrl>#icon-1899-DB4436</styleUrl>
        <Point>
          <coordinates>
            -48.97252,-26.935417,0
          </coordinates>
        </Point>
      </Placemark>
      <Placemark>
        <name>9,841</name>
        <description><![CDATA[Rua Prefeito Leopoldo Schramm    <br>       <br>   FID   851    <br>   sequencia   852    <br>   cota   9,84    <br>   refer_1   Rua Prefeito Leopoldo Schramm    <br>   refer_2   1.160    <br>   bairro   Gaspar Grande    <br>   coord_x   701121,357464    <br>   coord_y   7019049,60791    <br>   latitude   -26,935934    <br>   longitu   -48,974275]]></description>
        <styleUrl>#icon-1899-DB4436</styleUrl>
        <Point>
          <coordinates>
            -48.974275,-26.935934,0
          </coordinates>
        </Point>
      </Placemark>
      <Placemark>
        <name>9,848</name>
        <description><![CDATA[Rua Prefeito Leopoldo Schramm    <br>       <br>   FID   852    <br>   sequencia   853    <br>   cota   9,85    <br>   refer_1   Rua Prefeito Leopoldo Schramm    <br>   refer_2   Rua Nicolau de Aguiar    <br>   bairro   Gaspar Grande    <br>   coord_x   700153,213759    <br>   coord_y   7018378,65492    <br>   latitude   -26,942128    <br>   longitu   -48,983914]]></description>
        <styleUrl>#icon-1899-DB4436</styleUrl>
        <Point>
          <coordinates>
            -48.983914,-26.942128,0
          </coordinates>
        </Point>
      </Placemark>
      <Placemark>
        <name>9,942</name>
        <description><![CDATA[Rua Prefeito Leopoldo Schramm    <br>       <br>   FID   853    <br>   sequencia   854    <br>   cota   9,94    <br>   refer_1   Rua Prefeito Leopoldo Schramm    <br>   refer_2   Rua Curitibanos    <br>   bairro   Gaspar Grande    <br>   coord_x   701301,40743    <br>   coord_y   7019099,90402    <br>   latitude   -26,935454    <br>   longitu   -48,97247]]></description>
        <styleUrl>#icon-1899-DB4436</styleUrl>
        <Point>
          <coordinates>
            -48.97247,-26.935454,0
          </coordinates>
        </Point>
      </Placemark>
      <Placemark>
        <name>10,568</name>
        <description><![CDATA[Rua Prefeito Leopoldo Schramm    <br>       <br>   FID   854    <br>   sequencia   855    <br>   cota   10,57    <br>   refer_1   Rua Prefeito Leopoldo Schramm    <br>   refer_2   1.128    <br>   bairro   Gaspar Grande    <br>   coord_x   701171,478555    <br>   coord_y   7019073,44716    <br>   latitude   -26,935712    <br>   longitu   -48,973774]]></description>
        <styleUrl>#icon-1899-DB4436</styleUrl>
        <Point>
          <coordinates>
            -48.973774,-26.935712,0
          </coordinates>
        </Point>
      </Placemark>
      <Placemark>
        <name>11,737</name>
        <description><![CDATA[Rua Prefeito Leopoldo Schramm    <br>       <br>   FID   855    <br>   sequencia   856    <br>   cota   11,74    <br>   refer_1   Rua Prefeito Leopoldo Schramm    <br>   refer_2   Rua Otto Nuss    <br>   bairro   Gaspar Grande    <br>   coord_x   700053,124274    <br>   coord_y   7018026,41112    <br>   latitude   -26,94532    <br>   longitu   -48,984865]]></description>
        <styleUrl>#icon-1899-DB4436</styleUrl>
        <Point>
          <coordinates>
            -48.984865,-26.94532,0
          </coordinates>
        </Point>
      </Placemark>
      <Placemark>
        <name>12,356</name>
        <description><![CDATA[Rua Prefeito Leopoldo Schramm    <br>       <br>   FID   856    <br>   sequencia   857    <br>   cota   12,36    <br>   refer_1   Rua Prefeito Leopoldo Schramm    <br>   refer_2   2.589    <br>   bairro   Gaspar Grande    <br>   coord_x   699910,600718    <br>   coord_y   7017895,77097    <br>   latitude   -26,94652    <br>   longitu   -48,986279]]></description>
        <styleUrl>#icon-1899-DB4436</styleUrl>
        <Point>
          <coordinates>
            -48.986279,-26.94652,0
          </coordinates>
        </Point>
      </Placemark>
      <Placemark>
        <name>9,067</name>
        <description><![CDATA[Rua Reinaldo Schramm    <br>       <br>   FID   857    <br>   sequencia   858    <br>   cota   9,07    <br>   refer_1   Rua Reinaldo Schramm    <br>   refer_2   Final de rua    <br>   bairro   Gaspar Grande    <br>   coord_x   701258,594343    <br>   coord_y   7019218,40321    <br>   latitude   -26,934391    <br>   longitu   -48,97292]]></description>
        <styleUrl>#icon-1899-DB4436</styleUrl>
        <Point>
          <coordinates>
            -48.97292,-26.934391,0
          </coordinates>
        </Point>
      </Placemark>
      <Placemark>
        <name>10,082</name>
        <description><![CDATA[Rua Rondonia    <br>       <br>   FID   858    <br>   sequencia   859    <br>   cota   10,08    <br>   refer_1   Rua Rondonia    <br>   refer_2   100    <br>   bairro   Gaspar Grande    <br>   coord_x   701442,915153    <br>   coord_y   7019059,68274    <br>   latitude   -26,935797    <br>   longitu   -48,971039]]></description>
        <styleUrl>#icon-1899-DB4436</styleUrl>
        <Point>
          <coordinates>
            -48.971039,-26.935797,0
          </coordinates>
        </Point>
      </Placemark>
      <Placemark>
        <name>13,65</name>
        <description><![CDATA[Rua Rondonia    <br>       <br>   FID   859    <br>   sequencia   860    <br>   cota   13,65    <br>   refer_1   Rua Rondonia    <br>   refer_2   133    <br>   bairro   Gaspar Grande    <br>   coord_x   701476,488759    <br>   coord_y   7019013,52357    <br>   latitude   -26,936208    <br>   longitu   -48,970694]]></description>
        <styleUrl>#icon-1899-DB4436</styleUrl>
        <Point>
          <coordinates>
            -48.970694,-26.936208,0
          </coordinates>
        </Point>
      </Placemark>
      <Placemark>
        <name>8,507</name>
        <description><![CDATA[Rua Rosalina Theiss    <br>       <br>   FID   860    <br>   sequencia   861    <br>   cota   8,51    <br>   refer_1   Rua Rosalina Theiss    <br>   refer_2   90    <br>   bairro   Gaspar Grande    <br>   coord_x   700861,217608    <br>   coord_y   7018852,75202    <br>   latitude   -26,937748    <br>   longitu   -48,976862]]></description>
        <styleUrl>#icon-1899-DB4436</styleUrl>
        <Point>
          <coordinates>
            -48.976862,-26.937748,0
          </coordinates>
        </Point>
      </Placemark>
      <Placemark>
        <name>8,585</name>
        <description><![CDATA[Rua Rosalina Theiss    <br>       <br>   FID   861    <br>   sequencia   862    <br>   cota   8,59    <br>   refer_1   Rua Rosalina Theiss    <br>   refer_2   164    <br>   bairro   Gaspar Grande    <br>   coord_x   700817,625488    <br>   coord_y   7018904,54124    <br>   latitude   -26,937287    <br>   longitu   -48,977309]]></description>
        <styleUrl>#icon-1899-DB4436</styleUrl>
        <Point>
          <coordinates>
            -48.977309,-26.937287,0
          </coordinates>
        </Point>
      </Placemark>
      <Placemark>
        <name>9,98</name>
        <description><![CDATA[Rua Alfredo Schramm    <br>       <br>   FID   862    <br>   sequencia   863    <br>   cota   9,98    <br>   refer_1   Rua Alfredo Schramm    <br>   refer_2   36    <br>   bairro   Gasparinho    <br>   coord_x   702293,803721    <br>   coord_y   7019258,3344    <br>   latitude   -26,933881    <br>   longitu   -48,962506]]></description>
        <styleUrl>#icon-1899-DB4436</styleUrl>
        <Point>
          <coordinates>
            -48.962506,-26.933881,0
          </coordinates>
        </Point>
      </Placemark>
      <Placemark>
        <name>10</name>
        <description><![CDATA[Rua Alfredo Schramm    <br>       <br>   FID   863    <br>   sequencia   864    <br>   cota   10,00    <br>   refer_1   Rua Alfredo Schramm    <br>   refer_2   Rua Frei Solano    <br>   bairro   Gasparinho    <br>   coord_x   702321,173505    <br>   coord_y   7019236,23333    <br>   latitude   -26,934076    <br>   longitu   -48,962227]]></description>
        <styleUrl>#icon-1899-DB4436</styleUrl>
        <Point>
          <coordinates>
            -48.962227,-26.934076,0
          </coordinates>
        </Point>
      </Placemark>
      <Placemark>
        <name>11,39</name>
        <description><![CDATA[Rua Benedito Miguel Schramm    <br>       <br>   FID   864    <br>   sequencia   865    <br>   cota   11,39    <br>   refer_1   Rua Benedito Miguel Schramm    <br>   refer_2   741    <br>   bairro   Gasparinho    <br>   coord_x   702548,702175    <br>   coord_y   7019039,69573    <br>   latitude   -26,935816    <br>   longitu   -48,959904]]></description>
        <styleUrl>#icon-1899-DB4436</styleUrl>
        <Point>
          <coordinates>
            -48.959904,-26.935816,0
          </coordinates>
        </Point>
      </Placemark>
      <Placemark>
        <name>12,95</name>
        <description><![CDATA[Rua Benedito Miguel Schramm    <br>       <br>   FID   865    <br>   sequencia   866    <br>   cota   12,95    <br>   refer_1   Rua Benedito Miguel Schramm    <br>   refer_2   85    <br>   bairro   Gasparinho    <br>   coord_x   702551,879559    <br>   coord_y   7019111,2405    <br>   latitude   -26,93517    <br>   longitu   -48,959884]]></description>
        <styleUrl>#icon-1899-DB4436</styleUrl>
        <Point>
          <coordinates>
            -48.959884,-26.93517,0
          </coordinates>
        </Point>
      </Placemark>
      <Placemark>
        <name>9,07</name>
        <description><![CDATA[Rua Domingos Daros    <br>       <br>   FID   866    <br>   sequencia   867    <br>   cota   9,07    <br>   refer_1   Rua Domingos Daros    <br>   refer_2   50    <br>   bairro   Gasparinho    <br>   coord_x   702103,810166    <br>   coord_y   7019155,00237    <br>   latitude   -26,934841    <br>   longitu   -48,964402]]></description>
        <styleUrl>#icon-1899-DB4436</styleUrl>
        <Point>
          <coordinates>
            -48.964402,-26.934841,0
          </coordinates>
        </Point>
      </Placemark>
      <Placemark>
        <name>12,15</name>
        <description><![CDATA[Rua Erasmo Luiz Schramm    <br>       <br>   FID   867    <br>   sequencia   868    <br>   cota   12,15    <br>   refer_1   Rua Erasmo Luiz Schramm    <br>   refer_2   Final de rua    <br>   bairro   Gasparinho    <br>   coord_x   702414,228063    <br>   coord_y   7019206,54197    <br>   latitude   -26,934331    <br>   longitu   -48,961285]]></description>
        <styleUrl>#icon-1899-DB4436</styleUrl>
        <Point>
          <coordinates>
            -48.961285,-26.934331,0
          </coordinates>
        </Point>
      </Placemark>
      <Placemark>
        <name>12,15</name>
        <description><![CDATA[Rua Ervino Bernhardt    <br>       <br>   FID   868    <br>   sequencia   869    <br>   cota   12,15    <br>   refer_1   Rua Ervino Bernhardt    <br>   refer_2   3    <br>   bairro   Gasparinho    <br>   coord_x   702382,776542    <br>   coord_y   7019274,53521    <br>   latitude   -26,933722    <br>   longitu   -48,961613]]></description>
        <styleUrl>#icon-1899-DB4436</styleUrl>
        <Point>
          <coordinates>
            -48.961613,-26.933722,0
          </coordinates>
        </Point>
      </Placemark>
      <Placemark>
        <name>12,146</name>
        <description><![CDATA[Rua Francisco Benevenutti    <br>       <br>   FID   869    <br>   sequencia   870    <br>   cota   12,15    <br>   refer_1   Rua Francisco Benevenutti    <br>   refer_2   Final de rua    <br>   bairro   Gasparinho    <br>   coord_x   702489,862151    <br>   coord_y   7018665,54774    <br>   latitude   -26,939201    <br>   longitu   -48,960436]]></description>
        <styleUrl>#icon-1899-DB4436</styleUrl>
        <Point>
          <coordinates>
            -48.960436,-26.939201,0
          </coordinates>
        </Point>
      </Placemark>
      <Placemark>
        <name>9,76</name>
        <description><![CDATA[Rua Frei Solano    <br>       <br>   FID   870    <br>   sequencia   871    <br>   cota   9,76    <br>   refer_1   Rua Frei Solano    <br>   refer_2   860    <br>   bairro   Gasparinho    <br>   coord_x   702426,773189    <br>   coord_y   7018919,41126    <br>   latitude   -26,93692    <br>   longitu   -48,961112]]></description>
        <styleUrl>#icon-1899-DB4436</styleUrl>
        <Point>
          <coordinates>
            -48.961112,-26.93692,0
          </coordinates>
        </Point>
      </Placemark>
      <Placemark>
        <name>9,84</name>
        <description><![CDATA[Rua Frei Solano    <br>       <br>   FID   871    <br>   sequencia   872    <br>   cota   9,84    <br>   refer_1   Rua Frei Solano    <br>   refer_2   Rua Benedito Miguel Schramm - segundo cruzmento    <br>   bairro   Gasparinho    <br>   coord_x   702497,65834    <br>   coord_y   7019048,06172    <br>   latitude   -26,935748    <br>   longitu   -48,960419]]></description>
        <styleUrl>#icon-1899-DB4436</styleUrl>
        <Point>
          <coordinates>
            -48.960419,-26.935748,0
          </coordinates>
        </Point>
      </Placemark>
      <Placemark>
        <name>10,48</name>
        <description><![CDATA[Rua Frei Solano    <br>       <br>   FID   872    <br>   sequencia   873    <br>   cota   10,48    <br>   refer_1   Rua Frei Solano    <br>   refer_2   422    <br>   bairro   Gasparinho    <br>   coord_x   702357,610435    <br>   coord_y   7019276,47707    <br>   latitude   -26,933708    <br>   longitu   -48,961866]]></description>
        <styleUrl>#icon-1899-DB4436</styleUrl>
        <Point>
          <coordinates>
            -48.961866,-26.933708,0
          </coordinates>
        </Point>
      </Placemark>
      <Placemark>
        <name>10,68</name>
        <description><![CDATA[Rua Frei Solano    <br>       <br>   FID   873    <br>   sequencia   874    <br>   cota   10,68    <br>   refer_1   Rua Frei Solano    <br>   refer_2   Rua Monte Carlo    <br>   bairro   Gasparinho    <br>   coord_x   702375,804746    <br>   coord_y   7019145,59165    <br>   latitude   -26,934886    <br>   longitu   -48,961662]]></description>
        <styleUrl>#icon-1899-DB4436</styleUrl>
        <Point>
          <coordinates>
            -48.961662,-26.934886,0
          </coordinates>
        </Point>
      </Placemark>
      <Placemark>
        <name>10,7</name>
        <description><![CDATA[Rua Frei Solano    <br>       <br>   FID   874    <br>   sequencia   875    <br>   cota   10,70    <br>   refer_1   Rua Frei Solano    <br>   refer_2   Rua Benedito Miguel Schramm - primeiro cruzamento    <br>   bairro   Gasparinho    <br>   coord_x   702460,518649    <br>   coord_y   7019115,65012    <br>   latitude   -26,935144    <br>   longitu   -48,960804]]></description>
        <styleUrl>#icon-1899-DB4436</styleUrl>
        <Point>
          <coordinates>
            -48.960804,-26.935144,0
          </coordinates>
        </Point>
      </Placemark>
      <Placemark>
        <name>10,74</name>
        <description><![CDATA[Rua Frei Solano    <br>       <br>   FID   875    <br>   sequencia   876    <br>   cota   10,74    <br>   refer_1   Rua Frei Solano    <br>   refer_2   Rua Paula Schramm    <br>   bairro   Gasparinho    <br>   coord_x   702388,82517    <br>   coord_y   7019139,43864    <br>   latitude   -26,93494    <br>   longitu   -48,96153]]></description>
        <styleUrl>#icon-1899-DB4436</styleUrl>
        <Point>
          <coordinates>
            -48.96153,-26.93494,0
          </coordinates>
        </Point>
      </Placemark>
      <Placemark>
        <name>10,78</name>
        <description><![CDATA[Rua Frei Solano    <br>       <br>   FID   876    <br>   sequencia   877    <br>   cota   10,78    <br>   refer_1   Rua Frei Solano    <br>   refer_2   554    <br>   bairro   Gasparinho    <br>   coord_x   702349,730315    <br>   coord_y   7019166,27351    <br>   latitude   -26,934703    <br>   longitu   -48,961928]]></description>
        <styleUrl>#icon-1899-DB4436</styleUrl>
        <Point>
          <coordinates>
            -48.961928,-26.934703,0
          </coordinates>
        </Point>
      </Placemark>
      <Placemark>
        <name>10,8</name>
        <description><![CDATA[Rua Frei Solano    <br>       <br>   FID   877    <br>   sequencia   878    <br>   cota   10,80    <br>   refer_1   Rua Frei Solano    <br>   refer_2   Rua Erasmo Luiz Schramm    <br>   bairro   Gasparinho    <br>   coord_x   702386,873873    <br>   coord_y   7019151,10415    <br>   latitude   -26,934835    <br>   longitu   -48,961551]]></description>
        <styleUrl>#icon-1899-DB4436</styleUrl>
        <Point>
          <coordinates>
            -48.961551,-26.934835,0
          </coordinates>
        </Point>
      </Placemark>
      <Placemark>
        <name>10,899</name>
        <description><![CDATA[Rua Frei Solano    <br>       <br>   FID   878    <br>   sequencia   879    <br>   cota   10,90    <br>   refer_1   Rua Frei Solano    <br>   refer_2   Rua Francisco Benevenutti    <br>   bairro   Gasparinho    <br>   coord_x   702433,832655    <br>   coord_y   7018687,05512    <br>   latitude   -26,939015    <br>   longitu   -48,961003]]></description>
        <styleUrl>#icon-1899-DB4436</styleUrl>
        <Point>
          <coordinates>
            -48.961003,-26.939015,0
          </coordinates>
        </Point>
      </Placemark>
      <Placemark>
        <name>12,686</name>
        <description><![CDATA[Rua Frei Solano    <br>       <br>   FID   879    <br>   sequencia   880    <br>   cota   12,69    <br>   refer_1   Rua Frei Solano    <br>   refer_2   1.098    <br>   bairro   Gasparinho    <br>   coord_x   702426,020724    <br>   coord_y   7018606,2997    <br>   latitude   -26,939745    <br>   longitu   -48,961069]]></description>
        <styleUrl>#icon-1899-DB4436</styleUrl>
        <Point>
          <coordinates>
            -48.961069,-26.939745,0
          </coordinates>
        </Point>
      </Placemark>
      <Placemark>
        <name>13,122</name>
        <description><![CDATA[Rua Frei Solano    <br>       <br>   FID   880    <br>   sequencia   881    <br>   cota   13,12    <br>   refer_1   Rua Frei Solano    <br>   refer_2   284    <br>   bairro   Gasparinho    <br>   coord_x   702429,167058    <br>   coord_y   7019380,61155    <br>   latitude   -26,932758    <br>   longitu   -48,961163]]></description>
        <styleUrl>#icon-1899-DB4436</styleUrl>
        <Point>
          <coordinates>
            -48.961163,-26.932758,0
          </coordinates>
        </Point>
      </Placemark>
      <Placemark>
        <name>8,83</name>
        <description><![CDATA[Rua Gelasio Bernz    <br>       <br>   FID   881    <br>   sequencia   882    <br>   cota   8,83    <br>   refer_1   Rua Gelasio Bernz    <br>   refer_2   37    <br>   bairro   Gasparinho    <br>   coord_x   702190,755102    <br>   coord_y   7019268,08764    <br>   latitude   -26,933808    <br>   longitu   -48,963545]]></description>
        <styleUrl>#icon-1899-DB4436</styleUrl>
        <Point>
          <coordinates>
            -48.963545,-26.933808,0
          </coordinates>
        </Point>
      </Placemark>
      <Placemark>
        <name>8,46</name>
        <description><![CDATA[Rua José Geronço Pereira    <br>       <br>   FID   882    <br>   sequencia   883    <br>   cota   8,46    <br>   refer_1   Rua José Geronço Pereira    <br>   refer_2   358    <br>   bairro   Gasparinho    <br>   coord_x   701926,952323    <br>   coord_y   7019194,72284    <br>   latitude   -26,934508    <br>   longitu   -48,966188]]></description>
        <styleUrl>#icon-1899-DB4436</styleUrl>
        <Point>
          <coordinates>
            -48.966188,-26.934508,0
          </coordinates>
        </Point>
      </Placemark>
      <Placemark>
        <name>9,44</name>
        <description><![CDATA[Rua José Geronço Pereira    <br>       <br>   FID   883    <br>   sequencia   884    <br>   cota   9,44    <br>   refer_1   Rua José Geronço Pereira    <br>   refer_2   380    <br>   bairro   Gasparinho    <br>   coord_x   701906,986714    <br>   coord_y   7019222,85116    <br>   latitude   -26,934257    <br>   longitu   -48,966394]]></description>
        <styleUrl>#icon-1899-DB4436</styleUrl>
        <Point>
          <coordinates>
            -48.966394,-26.934257,0
          </coordinates>
        </Point>
      </Placemark>
      <Placemark>
        <name>8,47</name>
        <description><![CDATA[Rua Leopoldo Alberto Schramm    <br>       <br>   FID   884    <br>   sequencia   885    <br>   cota   8,47    <br>   refer_1   Rua Leopoldo Alberto Schramm    <br>   refer_2   Rua Gelasio Bernz    <br>   bairro   Gasparinho    <br>   coord_x   702233,539188    <br>   coord_y   7019218,36902    <br>   latitude   -26,93425    <br>   longitu   -48,963106]]></description>
        <styleUrl>#icon-1899-DB4436</styleUrl>
        <Point>
          <coordinates>
            -48.963106,-26.93425,0
          </coordinates>
        </Point>
      </Placemark>
      <Placemark>
        <name>8,731</name>
        <description><![CDATA[Rua Leopoldo Alberto Schramm    <br>       <br>   FID   885    <br>   sequencia   886    <br>   cota   8,73    <br>   refer_1   Rua Leopoldo Alberto Schramm    <br>   refer_2   140    <br>   bairro   Gasparinho    <br>   coord_x   702174,995138    <br>   coord_y   7019207,33461    <br>   latitude   -26,934358    <br>   longitu   -48,963693]]></description>
        <styleUrl>#icon-1899-DB4436</styleUrl>
        <Point>
          <coordinates>
            -48.963693,-26.934358,0
          </coordinates>
        </Point>
      </Placemark>
      <Placemark>
        <name>8,783</name>
        <description><![CDATA[Rua Leopoldo Alberto Schramm    <br>       <br>   FID   886    <br>   sequencia   887    <br>   cota   8,78    <br>   refer_1   Rua Leopoldo Alberto Schramm    <br>   refer_2   Rua São Cristóvão    <br>   bairro   Gasparinho    <br>   coord_x   702209,255131    <br>   coord_y   7019206,67795    <br>   latitude   -26,934359    <br>   longitu   -48,963348]]></description>
        <styleUrl>#icon-1899-DB4436</styleUrl>
        <Point>
          <coordinates>
            -48.963348,-26.934359,0
          </coordinates>
        </Point>
      </Placemark>
      <Placemark>
        <name>9,03</name>
        <description><![CDATA[Rua Leopoldo Alberto Schramm    <br>       <br>   FID   887    <br>   sequencia   888    <br>   cota   9,03    <br>   refer_1   Rua Leopoldo Alberto Schramm    <br>   refer_2   Rua Nova Trento    <br>   bairro   Gasparinho    <br>   coord_x   702049,266303    <br>   coord_y   7019177,09524    <br>   latitude   -26,934649    <br>   longitu   -48,964954]]></description>
        <styleUrl>#icon-1899-DB4436</styleUrl>
        <Point>
          <coordinates>
            -48.964954,-26.934649,0
          </coordinates>
        </Point>
      </Placemark>
      <Placemark>
        <name>9,225</name>
        <description><![CDATA[Rua Leopoldo Alberto Schramm    <br>       <br>   FID   888    <br>   sequencia   889    <br>   cota   9,22    <br>   refer_1   Rua Leopoldo Alberto Schramm    <br>   refer_2   Rua Leontino da Rocha    <br>   bairro   Gasparinho    <br>   coord_x   702107,44117    <br>   coord_y   7019195,58034    <br>   latitude   -26,934474    <br>   longitu   -48,964372]]></description>
        <styleUrl>#icon-1899-DB4436</styleUrl>
        <Point>
          <coordinates>
            -48.964372,-26.934474,0
          </coordinates>
        </Point>
      </Placemark>
      <Placemark>
        <name>9,23</name>
        <description><![CDATA[Rua Leopoldo Alberto Schramm    <br>       <br>   FID   889    <br>   sequencia   890    <br>   cota   9,23    <br>   refer_1   Rua Leopoldo Alberto Schramm    <br>   refer_2   Rua José Geronço Pereira    <br>   bairro   Gasparinho    <br>   coord_x   701942,537004    <br>   coord_y   7019166,44778    <br>   latitude   -26,934761    <br>   longitu   -48,966027]]></description>
        <styleUrl>#icon-1899-DB4436</styleUrl>
        <Point>
          <coordinates>
            -48.966027,-26.934761,0
          </coordinates>
        </Point>
      </Placemark>
      <Placemark>
        <name>9,44</name>
        <description><![CDATA[Rua Leopoldo Alberto Schramm    <br>       <br>   FID   890    <br>   sequencia   891    <br>   cota   9,44    <br>   refer_1   Rua Leopoldo Alberto Schramm    <br>   refer_2   Rua Ponte Serrada    <br>   bairro   Gasparinho    <br>   coord_x   701991,748164    <br>   coord_y   7019179,3581    <br>   latitude   -26,934637    <br>   longitu   -48,965534]]></description>
        <styleUrl>#icon-1899-DB4436</styleUrl>
        <Point>
          <coordinates>
            -48.965534,-26.934637,0
          </coordinates>
        </Point>
      </Placemark>
      <Placemark>
        <name>9,46</name>
        <description><![CDATA[Rua Leopoldo Alberto Schramm    <br>       <br>   FID   891    <br>   sequencia   892    <br>   cota   9,46    <br>   refer_1   Rua Leopoldo Alberto Schramm    <br>   refer_2   316    <br>   bairro   Gasparinho    <br>   coord_x   702088,861971    <br>   coord_y   7019185,46483    <br>   latitude   -26,934568    <br>   longitu   -48,964557]]></description>
        <styleUrl>#icon-1899-DB4436</styleUrl>
        <Point>
          <coordinates>
            -48.964557,-26.934568,0
          </coordinates>
        </Point>
      </Placemark>
      <Placemark>
        <name>9,94</name>
        <description><![CDATA[Rua Leopoldo Alberto Schramm    <br>       <br>   FID   892    <br>   sequencia   893    <br>   cota   9,94    <br>   refer_1   Rua Leopoldo Alberto Schramm    <br>   refer_2   Rua Recife    <br>   bairro   Gasparinho    <br>   coord_x   701880,578932    <br>   coord_y   7019151,92353    <br>   latitude   -26,934901    <br>   longitu   -48,966648]]></description>
        <styleUrl>#icon-1899-DB4436</styleUrl>
        <Point>
          <coordinates>
            -48.966648,-26.934901,0
          </coordinates>
        </Point>
      </Placemark>
      <Placemark>
        <name>11,32</name>
        <description><![CDATA[Rua Leopoldo Alberto Schramm    <br>       <br>   FID   893    <br>   sequencia   894    <br>   cota   11,32    <br>   refer_1   Rua Leopoldo Alberto Schramm    <br>   refer_2   480    <br>   bairro   Gasparinho    <br>   coord_x   701815,98183    <br>   coord_y   7019132,48854    <br>   latitude   -26,935086    <br>   longitu   -48,967295]]></description>
        <styleUrl>#icon-1899-DB4436</styleUrl>
        <Point>
          <coordinates>
            -48.967295,-26.935086,0
          </coordinates>
        </Point>
      </Placemark>
      <Placemark>
        <name>11,946</name>
        <description><![CDATA[Rua Leopoldo Alberto Schramm    <br>       <br>   FID   894    <br>   sequencia   895    <br>   cota   11,95    <br>   refer_1   Rua Leopoldo Alberto Schramm    <br>   refer_2   Rua José Anastácio da Silva    <br>   bairro   Gasparinho    <br>   coord_x   701725,885597    <br>   coord_y   7019061,98937    <br>   latitude   -26,935735    <br>   longitu   -48,968191]]></description>
        <styleUrl>#icon-1899-DB4436</styleUrl>
        <Point>
          <coordinates>
            -48.968191,-26.935735,0
          </coordinates>
        </Point>
      </Placemark>
      <Placemark>
        <name>13,698</name>
        <description><![CDATA[Rua Leopoldo Alberto Schramm    <br>       <br>   FID   895    <br>   sequencia   896    <br>   cota   13,70    <br>   refer_1   Rua Leopoldo Alberto Schramm    <br>   refer_2   97    <br>   bairro   Gasparinho    <br>   coord_x   701723,224065    <br>   coord_y   7019040,62028    <br>   latitude   -26,935928    <br>   longitu   -48,968214]]></description>
        <styleUrl>#icon-1899-DB4436</styleUrl>
        <Point>
          <coordinates>
            -48.968214,-26.935928,0
          </coordinates>
        </Point>
      </Placemark>
      <Placemark>
        <name>10,77</name>
        <description><![CDATA[Rua Monte Carlo    <br>       <br>   FID   896    <br>   sequencia   897    <br>   cota   10,77    <br>   refer_1   Rua Monte Carlo    <br>   refer_2   90    <br>   bairro   Gasparinho    <br>   coord_x   702334,112122    <br>   coord_y   7019126,82912    <br>   latitude   -26,935061    <br>   longitu   -48,962079]]></description>
        <styleUrl>#icon-1899-DB4436</styleUrl>
        <Point>
          <coordinates>
            -48.962079,-26.935061,0
          </coordinates>
        </Point>
      </Placemark>
      <Placemark>
        <name>9,736</name>
        <description><![CDATA[Rua Nova Trento    <br>       <br>   FID   897    <br>   sequencia   898    <br>   cota   9,74    <br>   refer_1   Rua Nova Trento    <br>   refer_2   30    <br>   bairro   Gasparinho    <br>   coord_x   702051,778847    <br>   coord_y   7019135,55566    <br>   latitude   -26,935024    <br>   longitu   -48,964922]]></description>
        <styleUrl>#icon-1899-DB4436</styleUrl>
        <Point>
          <coordinates>
            -48.964922,-26.935024,0
          </coordinates>
        </Point>
      </Placemark>
      <Placemark>
        <name>11,026</name>
        <description><![CDATA[Rua Paula Schramm    <br>       <br>   FID   898    <br>   sequencia   899    <br>   cota   11,03    <br>   refer_1   Rua Paula Schramm    <br>   refer_2   55    <br>   bairro   Gasparinho    <br>   coord_x   702375,0737    <br>   coord_y   7019113,90104    <br>   latitude   -26,935172    <br>   longitu   -48,961664]]></description>
        <styleUrl>#icon-1899-DB4436</styleUrl>
        <Point>
          <coordinates>
            -48.961664,-26.935172,0
          </coordinates>
        </Point>
      </Placemark>
      <Placemark>
        <name>10,629</name>
        <description><![CDATA[Rua Pedro Anselmo Sansão    <br>       <br>   FID   899    <br>   sequencia   900    <br>   cota   10,63    <br>   refer_1   Rua Pedro Anselmo Sansão    <br>   refer_2   Rua Frei Solano    <br>   bairro   Gasparinho    <br>   coord_x   702439,204667    <br>   coord_y   7018842,0014    <br>   latitude   -26,937616    <br>   longitu   -48,960974]]></description>
        <styleUrl>#icon-1899-DB4436</styleUrl>
        <Point>
          <coordinates>
            -48.960974,-26.937616,0
          </coordinates>
        </Point>
      </Placemark>
      <Placemark>
        <name>12,146</name>
        <description><![CDATA[Rua Pedro Anselmo Sansão    <br>       <br>   FID   900    <br>   sequencia   901    <br>   cota   12,15    <br>   refer_1   Rua Pedro Anselmo Sansão    <br>   refer_2   25    <br>   bairro   Gasparinho    <br>   coord_x   702450,739001    <br>   coord_y   7018828,45737    <br>   latitude   -26,937737    <br>   longitu   -48,960856]]></description>
        <styleUrl>#icon-1899-DB4436</styleUrl>
        <Point>
          <coordinates>
            -48.960856,-26.937737,0
          </coordinates>
        </Point>
      </Placemark>
      <Placemark>
        <name>7,23</name>
        <description><![CDATA[Rua Ponte Serrada    <br>       <br>   FID   901    <br>   sequencia   902    <br>   cota   7,23    <br>   refer_1   Rua Ponte Serrada    <br>   refer_2   139    <br>   bairro   Gasparinho    <br>   coord_x   701915,732945    <br>   coord_y   7019307,70636    <br>   latitude   -26,93349    <br>   longitu   -48,96632]]></description>
        <styleUrl>#icon-1899-DB4436</styleUrl>
        <Point>
          <coordinates>
            -48.96632,-26.93349,0
          </coordinates>
        </Point>
      </Placemark>
      <Placemark>
        <name>7,52</name>
        <description><![CDATA[Rua Ponte Serrada    <br>       <br>   FID   902    <br>   sequencia   903    <br>   cota   7,52    <br>   refer_1   Rua Ponte Serrada    <br>   refer_2   Final de rua    <br>   bairro   Gasparinho    <br>   coord_x   701892,455159    <br>   coord_y   7019347,40251    <br>   latitude   -26,933135    <br>   longitu   -48,96656]]></description>
        <styleUrl>#icon-1899-DB4436</styleUrl>
        <Point>
          <coordinates>
            -48.96656,-26.933135,0
          </coordinates>
        </Point>
      </Placemark>
      <Placemark>
        <name>8,74</name>
        <description><![CDATA[Rua Ponte Serrada    <br>       <br>   FID   903    <br>   sequencia   904    <br>   cota   8,74    <br>   refer_1   Rua Ponte Serrada    <br>   refer_2   109    <br>   bairro   Gasparinho    <br>   coord_x   701934,827258    <br>   coord_y   7019278,5586    <br>   latitude   -26,93375    <br>   longitu   -48,966123]]></description>
        <styleUrl>#icon-1899-DB4436</styleUrl>
        <Point>
          <coordinates>
            -48.966123,-26.93375,0
          </coordinates>
        </Point>
      </Placemark>
      <Placemark>
        <name>9</name>
        <description><![CDATA[Rua Recife    <br>       <br>   FID   904    <br>   sequencia   905    <br>   cota   9,00    <br>   refer_1   Rua Recife    <br>   refer_2   53    <br>   bairro   Gasparinho    <br>   coord_x   701870,454629    <br>   coord_y   7019186,46781    <br>   latitude   -26,934591    <br>   longitu   -48,966756]]></description>
        <styleUrl>#icon-1899-DB4436</styleUrl>
        <Point>
          <coordinates>
            -48.966756,-26.934591,0
          </coordinates>
        </Point>
      </Placemark>
      <Placemark>
        <name>8,959</name>
        <description><![CDATA[Rua São Cristóvão    <br>       <br>   FID   905    <br>   sequencia   906    <br>   cota   8,96    <br>   refer_1   Rua São Cristóvão    <br>   refer_2   54    <br>   bairro   Gasparinho    <br>   coord_x   702248,853716    <br>   coord_y   7019162,90466    <br>   latitude   -26,934748    <br>   longitu   -48,962943]]></description>
        <styleUrl>#icon-1899-DB4436</styleUrl>
        <Point>
          <coordinates>
            -48.962943,-26.934748,0
          </coordinates>
        </Point>
      </Placemark>
      <Placemark>
        <name>10,54</name>
        <description><![CDATA[Rua Geral Poço Grande    <br>       <br>   FID   906    <br>   sequencia   907    <br>   cota   10,54    <br>   refer_1   Rua Geral Poço Grande    <br>   refer_2   Rua Joaquim Alves de Andrade    <br>   bairro   Lagoa    <br>   coord_x   710721,420079    <br>   coord_y   7022594,18031    <br>   latitude   -26,902532    <br>   longitu   -48,878232]]></description>
        <styleUrl>#icon-1899-DB4436</styleUrl>
        <Point>
          <coordinates>
            -48.878232,-26.902532,0
          </coordinates>
        </Point>
      </Placemark>
      <Placemark>
        <name>8,57</name>
        <description><![CDATA[Rua Joaquim Alves de Andrade    <br>       <br>   FID   907    <br>   sequencia   908    <br>   cota   8,57    <br>   refer_1   Rua Joaquim Alves de Andrade    <br>   refer_2   3.405    <br>   bairro   Lagoa    <br>   coord_x   710974,990958    <br>   coord_y   7021809,57898    <br>   latitude   -26,909573    <br>   longitu   -48,875548]]></description>
        <styleUrl>#icon-1899-DB4436</styleUrl>
        <Point>
          <coordinates>
            -48.875548,-26.909573,0
          </coordinates>
        </Point>
      </Placemark>
      <Placemark>
        <name>8,57</name>
        <description><![CDATA[Rua Joaquim Alves de Andrade    <br>       <br>   FID   908    <br>   sequencia   909    <br>   cota   8,57    <br>   refer_1   Rua Joaquim Alves de Andrade    <br>   refer_2   Rua sem nome - a direita    <br>   bairro   Lagoa    <br>   coord_x   710706,708706    <br>   coord_y   7022400,26363    <br>   latitude   -26,904284    <br>   longitu   -48,878348]]></description>
        <styleUrl>#icon-1899-DB4436</styleUrl>
        <Point>
          <coordinates>
            -48.878348,-26.904284,0
          </coordinates>
        </Point>
      </Placemark>
      <Placemark>
        <name>8,92</name>
        <description><![CDATA[Rua Joaquim Alves de Andrade    <br>       <br>   FID   909    <br>   sequencia   910    <br>   cota   8,92    <br>   refer_1   Rua Joaquim Alves de Andrade    <br>   refer_2   à 330 metros da Rua Geral Poço Grande    <br>   bairro   Lagoa    <br>   coord_x   710750,642198    <br>   coord_y   7022283,25317    <br>   latitude   -26,905333    <br>   longitu   -48,877886]]></description>
        <styleUrl>#icon-1899-DB4436</styleUrl>
        <Point>
          <coordinates>
            -48.877886,-26.905333,0
          </coordinates>
        </Point>
      </Placemark>
      <Placemark>
        <name>9,07</name>
        <description><![CDATA[Rua Joaquim Alves de Andrade    <br>       <br>   FID   910    <br>   sequencia   911    <br>   cota   9,07    <br>   refer_1   Rua Joaquim Alves de Andrade    <br>   refer_2   4.177    <br>   bairro   Lagoa    <br>   coord_x   710701,018444    <br>   coord_y   7022429,67949    <br>   latitude   -26,90402    <br>   longitu   -48,87841]]></description>
        <styleUrl>#icon-1899-DB4436</styleUrl>
        <Point>
          <coordinates>
            -48.87841,-26.90402,0
          </coordinates>
        </Point>
      </Placemark>
      <Placemark>
        <name>10,13</name>
        <description><![CDATA[Rua Joaquim Alves de Andrade    <br>       <br>   FID   911    <br>   sequencia   912    <br>   cota   10,13    <br>   refer_1   Rua Joaquim Alves de Andrade    <br>   refer_2   à 60 metros após numero 3405    <br>   bairro   Lagoa    <br>   coord_x   710980,366107    <br>   coord_y   7021869,3996    <br>   latitude   -26,909032    <br>   longitu   -48,875504]]></description>
        <styleUrl>#icon-1899-DB4436</styleUrl>
        <Point>
          <coordinates>
            -48.875504,-26.909032,0
          </coordinates>
        </Point>
      </Placemark>
      <Placemark>
        <name>10,97</name>
        <description><![CDATA[Rua Joaquim Alves de Andrade    <br>       <br>   FID   912    <br>   sequencia   913    <br>   cota   10,97    <br>   refer_1   Rua Joaquim Alves de Andrade    <br>   refer_2   3.805    <br>   bairro   Lagoa    <br>   coord_x   710815,028218    <br>   coord_y   7022130,37735    <br>   latitude   -26,906703    <br>   longitu   -48,877212]]></description>
        <styleUrl>#icon-1899-DB4436</styleUrl>
        <Point>
          <coordinates>
            -48.877212,-26.906703,0
          </coordinates>
        </Point>
      </Placemark>
      <Placemark>
        <name>11,7</name>
        <description><![CDATA[Rua Joaquim Alves de Andrade    <br>       <br>   FID   913    <br>   sequencia   914    <br>   cota   11,70    <br>   refer_1   Rua Joaquim Alves de Andrade    <br>   refer_2   3.620    <br>   bairro   Lagoa    <br>   coord_x   710926,280297    <br>   coord_y   7021975,17874    <br>   latitude   -26,908086    <br>   longitu   -48,876066]]></description>
        <styleUrl>#icon-1899-DB4436</styleUrl>
        <Point>
          <coordinates>
            -48.876066,-26.908086,0
          </coordinates>
        </Point>
      </Placemark>
      <Placemark>
        <name>7,25</name>
        <description><![CDATA[Rua Sem Nome - transversal Joaquim Alves de Andrade    <br>       <br>   FID   914    <br>   sequencia   915    <br>   cota   7,25    <br>   refer_1   Rua Sem Nome - transversal Joaquim Alves de Andrade    <br>   refer_2   Final de rua    <br>   bairro   Lagoa    <br>   coord_x   710686,043152    <br>   coord_y   7022302,68122    <br>   latitude   -26,905168    <br>   longitu   -48,878539]]></description>
        <styleUrl>#icon-1899-DB4436</styleUrl>
        <Point>
          <coordinates>
            -48.878539,-26.905168,0
          </coordinates>
        </Point>
      </Placemark>
      <Placemark>
        <name>8,868</name>
        <description><![CDATA[Rodovia Ingo Hering - BR470    <br>       <br>   FID   915    <br>   sequencia   916    <br>   cota   8,87    <br>   refer_1   Rodovia Ingo Hering - BR470    <br>   refer_2   Rua das Palmeiras    <br>   bairro   Margem Esquerda    <br>   coord_x   701146,683497    <br>   coord_y   7021435,99794    <br>   latitude   -26,914398    <br>   longitu   -48,974405]]></description>
        <styleUrl>#icon-1899-DB4436</styleUrl>
        <Point>
          <coordinates>
            -48.974405,-26.914398,0
          </coordinates>
        </Point>
      </Placemark>
      <Placemark>
        <name>10,604</name>
        <description><![CDATA[Rodovia Ingo Hering - BR470    <br>       <br>   FID   916    <br>   sequencia   917    <br>   cota   10,60    <br>   refer_1   Rodovia Ingo Hering - BR470    <br>   refer_2   Rua Albertina Maba    <br>   bairro   Margem Esquerda    <br>   coord_x   704596,033604    <br>   coord_y   7022328,31868    <br>   latitude   -26,905844    <br>   longitu   -48,939833]]></description>
        <styleUrl>#icon-1899-DB4436</styleUrl>
        <Point>
          <coordinates>
            -48.939833,-26.905844,0
          </coordinates>
        </Point>
      </Placemark>
      <Placemark>
        <name>10,701</name>
        <description><![CDATA[Rodovia Ingo Hering - BR470    <br>       <br>   FID   917    <br>   sequencia   918    <br>   cota   10,70    <br>   refer_1   Rodovia Ingo Hering - BR470    <br>   refer_2   Rua Lagoa Vermelha    <br>   bairro   Margem Esquerda    <br>   coord_x   704000,889863    <br>   coord_y   7022003,86696    <br>   latitude   -26,908859    <br>   longitu   -48,94577]]></description>
        <styleUrl>#icon-1899-DB4436</styleUrl>
        <Point>
          <coordinates>
            -48.94577,-26.908859,0
          </coordinates>
        </Point>
      </Placemark>
      <Placemark>
        <name>10,99</name>
        <description><![CDATA[Rodovia Ingo Hering - BR470    <br>       <br>   FID   918    <br>   sequencia   919    <br>   cota   10,99    <br>   refer_1   Rodovia Ingo Hering - BR470    <br>   refer_2   Rua Ricardo Stanke    <br>   bairro   Margem Esquerda    <br>   coord_x   704060,821298    <br>   coord_y   7022014,25466    <br>   latitude   -26,908756    <br>   longitu   -48,945168]]></description>
        <styleUrl>#icon-1899-DB4436</styleUrl>
        <Point>
          <coordinates>
            -48.945168,-26.908756,0
          </coordinates>
        </Point>
      </Placemark>
      <Placemark>
        <name>12,017</name>
        <description><![CDATA[Rodovia Ingo Hering - BR470    <br>       <br>   FID   919    <br>   sequencia   920    <br>   cota   12,02    <br>   refer_1   Rodovia Ingo Hering - BR470    <br>   refer_2   Rua Paulo Zendron    <br>   bairro   Margem Esquerda    <br>   coord_x   703633,566449    <br>   coord_y   7021804,12535    <br>   latitude   -26,910715    <br>   longitu   -48,949434]]></description>
        <styleUrl>#icon-1899-DB4436</styleUrl>
        <Point>
          <coordinates>
            -48.949434,-26.910715,0
          </coordinates>
        </Point>
      </Placemark>
      <Placemark>
        <name>9,165</name>
        <description><![CDATA[Rua Adriana Muller    <br>       <br>   FID   920    <br>   sequencia   921    <br>   cota   9,16    <br>   refer_1   Rua Adriana Muller    <br>   refer_2   349    <br>   bairro   Margem Esquerda    <br>   coord_x   703689,714825    <br>   coord_y   7021547,40568    <br>   latitude   -26,913023    <br>   longitu   -48,948827]]></description>
        <styleUrl>#icon-1899-DB4436</styleUrl>
        <Point>
          <coordinates>
            -48.948827,-26.913023,0
          </coordinates>
        </Point>
      </Placemark>
      <Placemark>
        <name>9,301</name>
        <description><![CDATA[Rua Adriana Muller    <br>       <br>   FID   921    <br>   sequencia   922    <br>   cota   9,30    <br>   refer_1   Rua Adriana Muller    <br>   refer_2   103    <br>   bairro   Margem Esquerda    <br>   coord_x   703671,583891    <br>   coord_y   7021328,24515    <br>   latitude   -26,915003    <br>   longitu   -48,948974]]></description>
        <styleUrl>#icon-1899-DB4436</styleUrl>
        <Point>
          <coordinates>
            -48.948974,-26.915003,0
          </coordinates>
        </Point>
      </Placemark>
      <Placemark>
        <name>9,559</name>
        <description><![CDATA[Rua Adriana Muller    <br>       <br>   FID   922    <br>   sequencia   923    <br>   cota   9,56    <br>   refer_1   Rua Adriana Muller    <br>   refer_2   Meio da rua    <br>   bairro   Margem Esquerda    <br>   coord_x   703683,71011    <br>   coord_y   7021441,96132    <br>   latitude   -26,913975    <br>   longitu   -48,94887]]></description>
        <styleUrl>#icon-1899-DB4436</styleUrl>
        <Point>
          <coordinates>
            -48.94887,-26.913975,0
          </coordinates>
        </Point>
      </Placemark>
      <Placemark>
        <name>9,625</name>
        <description><![CDATA[Rua Adriana Muller    <br>       <br>   FID   923    <br>   sequencia   924    <br>   cota   9,63    <br>   refer_1   Rua Adriana Muller    <br>   refer_2   429    <br>   bairro   Margem Esquerda    <br>   coord_x   703695,551133    <br>   coord_y   7021614,95132    <br>   latitude   -26,912413    <br>   longitu   -48,948779]]></description>
        <styleUrl>#icon-1899-DB4436</styleUrl>
        <Point>
          <coordinates>
            -48.948779,-26.912413,0
          </coordinates>
        </Point>
      </Placemark>
      <Placemark>
        <name>10,009</name>
        <description><![CDATA[Rua Adriana Muller    <br>       <br>   FID   924    <br>   sequencia   925    <br>   cota   10,01    <br>   refer_1   Rua Adriana Muller    <br>   refer_2   35    <br>   bairro   Margem Esquerda    <br>   coord_x   703663,246559    <br>   coord_y   7021239,09636    <br>   latitude   -26,915809    <br>   longitu   -48,949043]]></description>
        <styleUrl>#icon-1899-DB4436</styleUrl>
        <Point>
          <coordinates>
            -48.949043,-26.915809,0
          </coordinates>
        </Point>
      </Placemark>
      <Placemark>
        <name>8,679</name>
        <description><![CDATA[Rua Albertina Maba    <br>       <br>   FID   925    <br>   sequencia   926    <br>   cota   8,68    <br>   refer_1   Rua Albertina Maba    <br>   refer_2   124    <br>   bairro   Margem Esquerda    <br>   coord_x   704641,403889    <br>   coord_y   7022225,34727    <br>   latitude   -26,906767    <br>   longitu   -48,93936]]></description>
        <styleUrl>#icon-1899-DB4436</styleUrl>
        <Point>
          <coordinates>
            -48.93936,-26.906767,0
          </coordinates>
        </Point>
      </Placemark>
      <Placemark>
        <name>9,129</name>
        <description><![CDATA[Rua Albertina Maba    <br>       <br>   FID   926    <br>   sequencia   927    <br>   cota   9,13    <br>   refer_1   Rua Albertina Maba    <br>   refer_2   Paralela à Rua Valentim Sansão    <br>   bairro   Margem Esquerda    <br>   coord_x   704626,560992    <br>   coord_y   7022104,04136    <br>   latitude   -26,907863    <br>   longitu   -48,939489]]></description>
        <styleUrl>#icon-1899-DB4436</styleUrl>
        <Point>
          <coordinates>
            -48.939489,-26.907863,0
          </coordinates>
        </Point>
      </Placemark>
      <Placemark>
        <name>8,445</name>
        <description><![CDATA[Rua Amaro Müller    <br>       <br>   FID   927    <br>   sequencia   928    <br>   cota   8,45    <br>   refer_1   Rua Amaro Müller    <br>   refer_2   Final de rua    <br>   bairro   Margem Esquerda    <br>   coord_x   702616,402929    <br>   coord_y   7020463,6674    <br>   latitude   -26,922958    <br>   longitu   -48,959454]]></description>
        <styleUrl>#icon-1899-DB4436</styleUrl>
        <Point>
          <coordinates>
            -48.959454,-26.922958,0
          </coordinates>
        </Point>
      </Placemark>
      <Placemark>
        <name>9,49</name>
        <description><![CDATA[Rua Amaro Müller    <br>       <br>   FID   928    <br>   sequencia   929    <br>   cota   9,49    <br>   refer_1   Rua Amaro Müller    <br>   refer_2   200    <br>   bairro   Margem Esquerda    <br>   coord_x   702595,419657    <br>   coord_y   7020290,82536    <br>   latitude   -26,924521    <br>   longitu   -48,959637]]></description>
        <styleUrl>#icon-1899-DB4436</styleUrl>
        <Point>
          <coordinates>
            -48.959637,-26.924521,0
          </coordinates>
        </Point>
      </Placemark>
      <Placemark>
        <name>10,709</name>
        <description><![CDATA[Rua Amaro Müller    <br>       <br>   FID   929    <br>   sequencia   930    <br>   cota   10,71    <br>   refer_1   Rua Amaro Müller    <br>   refer_2   32    <br>   bairro   Margem Esquerda    <br>   coord_x   702587,087066    <br>   coord_y   7020180,49065    <br>   latitude   -26,925518    <br>   longitu   -48,959703]]></description>
        <styleUrl>#icon-1899-DB4436</styleUrl>
        <Point>
          <coordinates>
            -48.959703,-26.925518,0
          </coordinates>
        </Point>
      </Placemark>
      <Placemark>
        <name>12,379</name>
        <description><![CDATA[Rua Amaro Müller    <br>       <br>   FID   930    <br>   sequencia   931    <br>   cota   12,38    <br>   refer_1   Rua Amaro Müller    <br>   refer_2   170    <br>   bairro   Margem Esquerda    <br>   coord_x   702571,00402    <br>   coord_y   7020057,85323    <br>   latitude   -26,926626    <br>   longitu   -48,959845]]></description>
        <styleUrl>#icon-1899-DB4436</styleUrl>
        <Point>
          <coordinates>
            -48.959845,-26.926626,0
          </coordinates>
        </Point>
      </Placemark>
      <Placemark>
        <name>10,495</name>
        <description><![CDATA[Rua Antônio Augusto Isensee    <br>       <br>   FID   931    <br>   sequencia   932    <br>   cota   10,49    <br>   refer_1   Rua Antônio Augusto Isensee    <br>   refer_2   à 110 metros entre as ruas Wandelino F. Isensee e João O. da Trindade    <br>   bairro   Margem Esquerda    <br>   coord_x   702211,92072    <br>   coord_y   7020572,52294    <br>   latitude   -26,922035    <br>   longitu   -48,963543]]></description>
        <styleUrl>#icon-1899-DB4436</styleUrl>
        <Point>
          <coordinates>
            -48.963543,-26.922035,0
          </coordinates>
        </Point>
      </Placemark>
      <Placemark>
        <name>10,848</name>
        <description><![CDATA[Rua Antônio Augusto Isensee    <br>       <br>   FID   932    <br>   sequencia   933    <br>   cota   10,85    <br>   refer_1   Rua Antônio Augusto Isensee    <br>   refer_2   Rua Wandelino Francisco Isensee    <br>   bairro   Margem Esquerda    <br>   coord_x   702112,158711    <br>   coord_y   7020548,4549    <br>   latitude   -26,922266    <br>   longitu   -48,964543]]></description>
        <styleUrl>#icon-1899-DB4436</styleUrl>
        <Point>
          <coordinates>
            -48.964543,-26.922266,0
          </coordinates>
        </Point>
      </Placemark>
      <Placemark>
        <name>11,368</name>
        <description><![CDATA[Rua Antônio Augusto Isensee    <br>       <br>   FID   933    <br>   sequencia   934    <br>   cota   11,37    <br>   refer_1   Rua Antônio Augusto Isensee    <br>   refer_2   Rua João Olídio da Trindade    <br>   bairro   Margem Esquerda    <br>   coord_x   702262,213629    <br>   coord_y   7020570,60666    <br>   latitude   -26,922045    <br>   longitu   -48,963036]]></description>
        <styleUrl>#icon-1899-DB4436</styleUrl>
        <Point>
          <coordinates>
            -48.963036,-26.922045,0
          </coordinates>
        </Point>
      </Placemark>
      <Placemark>
        <name>11,392</name>
        <description><![CDATA[Rua Antônio Augusto Isensee    <br>       <br>   FID   934    <br>   sequencia   935    <br>   cota   11,39    <br>   refer_1   Rua Antônio Augusto Isensee    <br>   refer_2   Rua Bernardo Matias Junges    <br>   bairro   Margem Esquerda    <br>   coord_x   702395,587591    <br>   coord_y   7020867,14084    <br>   latitude   -26,91935    <br>   longitu   -48,961742]]></description>
        <styleUrl>#icon-1899-DB4436</styleUrl>
        <Point>
          <coordinates>
            -48.961742,-26.91935,0
          </coordinates>
        </Point>
      </Placemark>
      <Placemark>
        <name>11,478</name>
        <description><![CDATA[Rua Antônio Augusto Isensee    <br>       <br>   FID   935    <br>   sequencia   936    <br>   cota   11,48    <br>   refer_1   Rua Antônio Augusto Isensee    <br>   refer_2   301    <br>   bairro   Margem Esquerda    <br>   coord_x   702386,38584    <br>   coord_y   7020739,65415    <br>   latitude   -26,920501    <br>   longitu   -48,961814]]></description>
        <styleUrl>#icon-1899-DB4436</styleUrl>
        <Point>
          <coordinates>
            -48.961814,-26.920501,0
          </coordinates>
        </Point>
      </Placemark>
      <Placemark>
        <name>13,507</name>
        <description><![CDATA[Rua Antônio Augusto Isensee    <br>       <br>   FID   936    <br>   sequencia   937    <br>   cota   13,51    <br>   refer_1   Rua Antônio Augusto Isensee    <br>   refer_2   222    <br>   bairro   Margem Esquerda    <br>   coord_x   702375,841064    <br>   coord_y   7020633,65972    <br>   latitude   -26,921459    <br>   longitu   -48,961903]]></description>
        <styleUrl>#icon-1899-DB4436</styleUrl>
        <Point>
          <coordinates>
            -48.961903,-26.921459,0
          </coordinates>
        </Point>
      </Placemark>
      <Placemark>
        <name>14,303</name>
        <description><![CDATA[Rua Antônio Augusto Isensee    <br>       <br>   FID   937    <br>   sequencia   938    <br>   cota   14,30    <br>   refer_1   Rua Antônio Augusto Isensee    <br>   refer_2   207    <br>   bairro   Margem Esquerda    <br>   coord_x   702311,328382    <br>   coord_y   7020591,39164    <br>   latitude   -26,92185    <br>   longitu   -48,962545]]></description>
        <styleUrl>#icon-1899-DB4436</styleUrl>
        <Point>
          <coordinates>
            -48.962545,-26.92185,0
          </coordinates>
        </Point>
      </Placemark>
      <Placemark>
        <name>7,897</name>
        <description><![CDATA[Rua Antônio Zendron    <br>       <br>   FID   938    <br>   sequencia   939    <br>   cota   7,90    <br>   refer_1   Rua Antônio Zendron    <br>   refer_2   506    <br>   bairro   Margem Esquerda    <br>   coord_x   703585,52874    <br>   coord_y   7021619,41503    <br>   latitude   -26,912389    <br>   longitu   -48,949887]]></description>
        <styleUrl>#icon-1899-DB4436</styleUrl>
        <Point>
          <coordinates>
            -48.949887,-26.912389,0
          </coordinates>
        </Point>
      </Placemark>
      <Placemark>
        <name>8,787</name>
        <description><![CDATA[Rua Antônio Zendron    <br>       <br>   FID   939    <br>   sequencia   940    <br>   cota   8,79    <br>   refer_1   Rua Antônio Zendron    <br>   refer_2   275    <br>   bairro   Margem Esquerda    <br>   coord_x   703592,06915    <br>   coord_y   7021359,76955    <br>   latitude   -26,91473    <br>   longitu   -48,949779]]></description>
        <styleUrl>#icon-1899-DB4436</styleUrl>
        <Point>
          <coordinates>
            -48.949779,-26.91473,0
          </coordinates>
        </Point>
      </Placemark>
      <Placemark>
        <name>8,869</name>
        <description><![CDATA[Rua Antônio Zendron    <br>       <br>   FID   940    <br>   sequencia   941    <br>   cota   8,87    <br>   refer_1   Rua Antônio Zendron    <br>   refer_2   400    <br>   bairro   Margem Esquerda    <br>   coord_x   703605,597341    <br>   coord_y   7021486,92779    <br>   latitude   -26,913581    <br>   longitu   -48,949664]]></description>
        <styleUrl>#icon-1899-DB4436</styleUrl>
        <Point>
          <coordinates>
            -48.949664,-26.913581,0
          </coordinates>
        </Point>
      </Placemark>
      <Placemark>
        <name>9,098</name>
        <description><![CDATA[Rua Antônio Zendron    <br>       <br>   FID   941    <br>   sequencia   942    <br>   cota   9,10    <br>   refer_1   Rua Antônio Zendron    <br>   refer_2   Travessa Guilherme Simon    <br>   bairro   Margem Esquerda    <br>   coord_x   703580,882712    <br>   coord_y   7021248,87629    <br>   latitude   -26,915733    <br>   longitu   -48,949874]]></description>
        <styleUrl>#icon-1899-DB4436</styleUrl>
        <Point>
          <coordinates>
            -48.949874,-26.915733,0
          </coordinates>
        </Point>
      </Placemark>
      <Placemark>
        <name>9,638</name>
        <description><![CDATA[Rua Antônio Zendron    <br>       <br>   FID   942    <br>   sequencia   943    <br>   cota   9,64    <br>   refer_1   Rua Antônio Zendron    <br>   refer_2   67    <br>   bairro   Margem Esquerda    <br>   coord_x   703574,408236    <br>   coord_y   7021156,31215    <br>   latitude   -26,916569    <br>   longitu   -48,949924]]></description>
        <styleUrl>#icon-1899-DB4436</styleUrl>
        <Point>
          <coordinates>
            -48.949924,-26.916569,0
          </coordinates>
        </Point>
      </Placemark>
      <Placemark>
        <name>9,65</name>
        <description><![CDATA[Rua Antônio Zendron    <br>       <br>   FID   943    <br>   sequencia   944    <br>   cota   9,65    <br>   refer_1   Rua Antônio Zendron    <br>   refer_2   Primeira casa da rua    <br>   bairro   Margem Esquerda    <br>   coord_x   703523,433599    <br>   coord_y   7021734,15989    <br>   latitude   -26,911362    <br>   longitu   -48,950531]]></description>
        <styleUrl>#icon-1899-DB4436</styleUrl>
        <Point>
          <coordinates>
            -48.950531,-26.911362,0
          </coordinates>
        </Point>
      </Placemark>
      <Placemark>
        <name>11,459</name>
        <description><![CDATA[Rua Arnoldo Simon    <br>       <br>   FID   944    <br>   sequencia   945    <br>   cota   11,46    <br>   refer_1   Rua Arnoldo Simon    <br>   refer_2   Rua Pedro Simon    <br>   bairro   Margem Esquerda    <br>   coord_x   703244,375464    <br>   coord_y   7020498,79308    <br>   latitude   -26,92255    <br>   longitu   -48,953139]]></description>
        <styleUrl>#icon-1899-DB4436</styleUrl>
        <Point>
          <coordinates>
            -48.953139,-26.92255,0
          </coordinates>
        </Point>
      </Placemark>
      <Placemark>
        <name>8,891</name>
        <description><![CDATA[Rua Augusto Becker    <br>       <br>   FID   945    <br>   sequencia   946    <br>   cota   8,89    <br>   refer_1   Rua Augusto Becker    <br>   refer_2   Rua Chapecó    <br>   bairro   Margem Esquerda    <br>   coord_x   702478,814401    <br>   coord_y   7020440,35496    <br>   latitude   -26,923189    <br>   longitu   -48,960835]]></description>
        <styleUrl>#icon-1899-DB4436</styleUrl>
        <Point>
          <coordinates>
            -48.960835,-26.923189,0
          </coordinates>
        </Point>
      </Placemark>
      <Placemark>
        <name>9,835</name>
        <description><![CDATA[Rua Augusto Becker    <br>       <br>   FID   946    <br>   sequencia   947    <br>   cota   9,84    <br>   refer_1   Rua Augusto Becker    <br>   refer_2   154    <br>   bairro   Margem Esquerda    <br>   coord_x   702455,306828    <br>   coord_y   7020255,42393    <br>   latitude   -26,924861    <br>   longitu   -48,961042]]></description>
        <styleUrl>#icon-1899-DB4436</styleUrl>
        <Point>
          <coordinates>
            -48.961042,-26.924861,0
          </coordinates>
        </Point>
      </Placemark>
      <Placemark>
        <name>12,992</name>
        <description><![CDATA[Rua Augusto Becker    <br>       <br>   FID   947    <br>   sequencia   948    <br>   cota   12,99    <br>   refer_1   Rua Augusto Becker    <br>   refer_2   Rua Luiz Franzói    <br>   bairro   Margem Esquerda    <br>   coord_x   702440,837772    <br>   coord_y   7020103,79024    <br>   latitude   -26,926231    <br>   longitu   -48,961163]]></description>
        <styleUrl>#icon-1899-DB4436</styleUrl>
        <Point>
          <coordinates>
            -48.961163,-26.926231,0
          </coordinates>
        </Point>
      </Placemark>
      <Placemark>
        <name>8,868</name>
        <description><![CDATA[Rua Bom Jardim    <br>       <br>   FID   948    <br>   sequencia   949    <br>   cota   8,87    <br>   refer_1   Rua Bom Jardim    <br>   refer_2   40    <br>   bairro   Margem Esquerda    <br>   coord_x   701224,426564    <br>   coord_y   7021568,07739    <br>   latitude   -26,913195    <br>   longitu   -48,973643]]></description>
        <styleUrl>#icon-1899-DB4436</styleUrl>
        <Point>
          <coordinates>
            -48.973643,-26.913195,0
          </coordinates>
        </Point>
      </Placemark>
      <Placemark>
        <name>11,056</name>
        <description><![CDATA[Rua Bom Jardim    <br>       <br>   FID   949    <br>   sequencia   950    <br>   cota   11,06    <br>   refer_1   Rua Bom Jardim    <br>   refer_2   Final de rua    <br>   bairro   Margem Esquerda    <br>   coord_x   701208,633268    <br>   coord_y   7021582,52976    <br>   latitude   -26,913067    <br>   longitu   -48,973805]]></description>
        <styleUrl>#icon-1899-DB4436</styleUrl>
        <Point>
          <coordinates>
            -48.973805,-26.913067,0
          </coordinates>
        </Point>
      </Placemark>
      <Placemark>
        <name>6,2</name>
        <description><![CDATA[Rua Costa Rica    <br>       <br>   FID   950    <br>   sequencia   951    <br>   cota   6,20    <br>   refer_1   Rua Costa Rica    <br>   refer_2   40    <br>   bairro   Margem Esquerda    <br>   coord_x   701400,465328    <br>   coord_y   7021526,46716    <br>   latitude   -26,913545    <br>   longitu   -48,971865]]></description>
        <styleUrl>#icon-1899-DB4436</styleUrl>
        <Point>
          <coordinates>
            -48.971865,-26.913545,0
          </coordinates>
        </Point>
      </Placemark>
      <Placemark>
        <name>8,838</name>
        <description><![CDATA[Rua Criciúma    <br>       <br>   FID   951    <br>   sequencia   952    <br>   cota   8,84    <br>   refer_1   Rua Criciúma    <br>   refer_2   Rua Norma Monica Sabel    <br>   bairro   Margem Esquerda    <br>   coord_x   702545,671032    <br>   coord_y   7020812,33696    <br>   latitude   -26,919822    <br>   longitu   -48,960222]]></description>
        <styleUrl>#icon-1899-DB4436</styleUrl>
        <Point>
          <coordinates>
            -48.960222,-26.919822,0
          </coordinates>
        </Point>
      </Placemark>
      <Placemark>
        <name>9,079</name>
        <description><![CDATA[Rua Criciúma    <br>       <br>   FID   952    <br>   sequencia   953    <br>   cota   9,08    <br>   refer_1   Rua Criciúma    <br>   refer_2   Rua Pedro Bonifácio Sabel    <br>   bairro   Margem Esquerda    <br>   coord_x   702601,048988    <br>   coord_y   7020809,12478    <br>   latitude   -26,919843    <br>   longitu   -48,959665]]></description>
        <styleUrl>#icon-1899-DB4436</styleUrl>
        <Point>
          <coordinates>
            -48.959665,-26.919843,0
          </coordinates>
        </Point>
      </Placemark>
      <Placemark>
        <name>10,706</name>
        <description><![CDATA[Rua Criciúma    <br>       <br>   FID   953    <br>   sequencia   954    <br>   cota   10,71    <br>   refer_1   Rua Criciúma    <br>   refer_2   Rua Hercílio de Souza Soares    <br>   bairro   Margem Esquerda    <br>   coord_x   702641,50503    <br>   coord_y   7020817,88991    <br>   latitude   -26,919758    <br>   longitu   -48,959259]]></description>
        <styleUrl>#icon-1899-DB4436</styleUrl>
        <Point>
          <coordinates>
            -48.959259,-26.919758,0
          </coordinates>
        </Point>
      </Placemark>
      <Placemark>
        <name>6,882</name>
        <description><![CDATA[Rua das Palmeiras    <br>       <br>   FID   954    <br>   sequencia   955    <br>   cota   6,88    <br>   refer_1   Rua das Palmeiras    <br>   refer_2   Rua Girassol    <br>   bairro   Margem Esquerda    <br>   coord_x   701309,411947    <br>   coord_y   7021583,26716    <br>   latitude   -26,913046    <br>   longitu   -48,97279]]></description>
        <styleUrl>#icon-1899-DB4436</styleUrl>
        <Point>
          <coordinates>
            -48.97279,-26.913046,0
          </coordinates>
        </Point>
      </Placemark>
      <Placemark>
        <name>6,928</name>
        <description><![CDATA[Rua das Palmeiras    <br>       <br>   FID   955    <br>   sequencia   956    <br>   cota   6,93    <br>   refer_1   Rua das Palmeiras    <br>   refer_2   255    <br>   bairro   Margem Esquerda    <br>   coord_x   701327,689295    <br>   coord_y   7021598,84432    <br>   latitude   -26,912902    <br>   longitu   -48,972609]]></description>
        <styleUrl>#icon-1899-DB4436</styleUrl>
        <Point>
          <coordinates>
            -48.972609,-26.912902,0
          </coordinates>
        </Point>
      </Placemark>
      <Placemark>
        <name>7,033</name>
        <description><![CDATA[Rua das Palmeiras    <br>       <br>   FID   956    <br>   sequencia   957    <br>   cota   7,03    <br>   refer_1   Rua das Palmeiras    <br>   refer_2   205    <br>   bairro   Margem Esquerda    <br>   coord_x   701283,647342    <br>   coord_y   7021558,63148    <br>   latitude   -26,913272    <br>   longitu   -48,973046]]></description>
        <styleUrl>#icon-1899-DB4436</styleUrl>
        <Point>
          <coordinates>
            -48.973046,-26.913272,0
          </coordinates>
        </Point>
      </Placemark>
      <Placemark>
        <name>7,09</name>
        <description><![CDATA[Rua das Palmeiras    <br>       <br>   FID   957    <br>   sequencia   958    <br>   cota   7,09    <br>   refer_1   Rua das Palmeiras    <br>   refer_2   Rua Primavera    <br>   bairro   Margem Esquerda    <br>   coord_x   701370,047857    <br>   coord_y   7021631,81383    <br>   latitude   -26,912599    <br>   longitu   -48,972188]]></description>
        <styleUrl>#icon-1899-DB4436</styleUrl>
        <Point>
          <coordinates>
            -48.972188,-26.912599,0
          </coordinates>
        </Point>
      </Placemark>
      <Placemark>
        <name>7,369</name>
        <description><![CDATA[Rua das Palmeiras    <br>       <br>   FID   958    <br>   sequencia   959    <br>   cota   7,37    <br>   refer_1   Rua das Palmeiras    <br>   refer_2   Rua Bom Jardim    <br>   bairro   Margem Esquerda    <br>   coord_x   701256,170656    <br>   coord_y   7021533,53149    <br>   latitude   -26,913502    <br>   longitu   -48,973318]]></description>
        <styleUrl>#icon-1899-DB4436</styleUrl>
        <Point>
          <coordinates>
            -48.973318,-26.913502,0
          </coordinates>
        </Point>
      </Placemark>
      <Placemark>
        <name>7,751</name>
        <description><![CDATA[Rua das Palmeiras    <br>       <br>   FID   959    <br>   sequencia   960    <br>   cota   7,75    <br>   refer_1   Rua das Palmeiras    <br>   refer_2   115    <br>   bairro   Margem Esquerda    <br>   coord_x   701224,035087    <br>   coord_y   7021504,65739    <br>   latitude   -26,913767    <br>   longitu   -48,973637]]></description>
        <styleUrl>#icon-1899-DB4436</styleUrl>
        <Point>
          <coordinates>
            -48.973637,-26.913767,0
          </coordinates>
        </Point>
      </Placemark>
      <Placemark>
        <name>8,669</name>
        <description><![CDATA[Rua das Palmeiras    <br>       <br>   FID   960    <br>   sequencia   961    <br>   cota   8,67    <br>   refer_1   Rua das Palmeiras    <br>   refer_2   340    <br>   bairro   Margem Esquerda    <br>   coord_x   701385,550445    <br>   coord_y   7021645,26753    <br>   latitude   -26,912475    <br>   longitu   -48,972034]]></description>
        <styleUrl>#icon-1899-DB4436</styleUrl>
        <Point>
          <coordinates>
            -48.972034,-26.912475,0
          </coordinates>
        </Point>
      </Placemark>
      <Placemark>
        <name>13,011</name>
        <description><![CDATA[Rua das Palmeiras    <br>       <br>   FID   961    <br>   sequencia   962    <br>   cota   13,01    <br>   refer_1   Rua das Palmeiras    <br>   refer_2   360    <br>   bairro   Margem Esquerda    <br>   coord_x   701403,574145    <br>   coord_y   7021667,87562    <br>   latitude   -26,912269    <br>   longitu   -48,971856]]></description>
        <styleUrl>#icon-1899-DB4436</styleUrl>
        <Point>
          <coordinates>
            -48.971856,-26.912269,0
          </coordinates>
        </Point>
      </Placemark>
      <Placemark>
        <name>9,559</name>
        <description><![CDATA[Rua Diogo Teodoro Pereira    <br>       <br>   FID   962    <br>   sequencia   963    <br>   cota   9,56    <br>   refer_1   Rua Diogo Teodoro Pereira    <br>   refer_2   173    <br>   bairro   Margem Esquerda    <br>   coord_x   701869,632158    <br>   coord_y   7020845,02778    <br>   latitude   -26,919626    <br>   longitu   -48,967032]]></description>
        <styleUrl>#icon-1899-DB4436</styleUrl>
        <Point>
          <coordinates>
            -48.967032,-26.919626,0
          </coordinates>
        </Point>
      </Placemark>
      <Placemark>
        <name>9,72</name>
        <description><![CDATA[Rua Diogo Teodoro Pereira    <br>       <br>   FID   963    <br>   sequencia   964    <br>   cota   9,72    <br>   refer_1   Rua Diogo Teodoro Pereira    <br>   refer_2   243    <br>   bairro   Margem Esquerda    <br>   coord_x   701925,899768    <br>   coord_y   7020963,66292    <br>   latitude   -26,918547    <br>   longitu   -48,966485]]></description>
        <styleUrl>#icon-1899-DB4436</styleUrl>
        <Point>
          <coordinates>
            -48.966485,-26.918547,0
          </coordinates>
        </Point>
      </Placemark>
      <Placemark>
        <name>11,223</name>
        <description><![CDATA[Rua Diogo Teodoro Pereira    <br>       <br>   FID   964    <br>   sequencia   965    <br>   cota   11,22    <br>   refer_1   Rua Diogo Teodoro Pereira    <br>   refer_2   349    <br>   bairro   Margem Esquerda    <br>   coord_x   701946,007778    <br>   coord_y   7021004,42337    <br>   latitude   -26,918176    <br>   longitu   -48,966289]]></description>
        <styleUrl>#icon-1899-DB4436</styleUrl>
        <Point>
          <coordinates>
            -48.966289,-26.918176,0
          </coordinates>
        </Point>
      </Placemark>
      <Placemark>
        <name>9,3</name>
        <description><![CDATA[Rua Francisco Lenfers    <br>       <br>   FID   965    <br>   sequencia   966    <br>   cota   9,30    <br>   refer_1   Rua Francisco Lenfers    <br>   refer_2   185    <br>   bairro   Margem Esquerda    <br>   coord_x   701939,584062    <br>   coord_y   7020849,33698    <br>   latitude   -26,919577    <br>   longitu   -48,966329]]></description>
        <styleUrl>#icon-1899-DB4436</styleUrl>
        <Point>
          <coordinates>
            -48.966329,-26.919577,0
          </coordinates>
        </Point>
      </Placemark>
      <Placemark>
        <name>9,667</name>
        <description><![CDATA[Rua Francisco Lenfers    <br>       <br>   FID   966    <br>   sequencia   967    <br>   cota   9,67    <br>   refer_1   Rua Francisco Lenfers    <br>   refer_2   258    <br>   bairro   Margem Esquerda    <br>   coord_x   701973,872001    <br>   coord_y   7020918,49493    <br>   latitude   -26,918948    <br>   longitu   -48,965995]]></description>
        <styleUrl>#icon-1899-DB4436</styleUrl>
        <Point>
          <coordinates>
            -48.965995,-26.918948,0
          </coordinates>
        </Point>
      </Placemark>
      <Placemark>
        <name>9,775</name>
        <description><![CDATA[Rua Francisco Lenfers    <br>       <br>   FID   967    <br>   sequencia   968    <br>   cota   9,78    <br>   refer_1   Rua Francisco Lenfers    <br>   refer_2   Rua São Marcos    <br>   bairro   Margem Esquerda    <br>   coord_x   701900,69773    <br>   coord_y   7020788,33735    <br>   latitude   -26,920133    <br>   longitu   -48,966711]]></description>
        <styleUrl>#icon-1899-DB4436</styleUrl>
        <Point>
          <coordinates>
            -48.966711,-26.920133,0
          </coordinates>
        </Point>
      </Placemark>
      <Placemark>
        <name>11</name>
        <description><![CDATA[Rua Francisco Lenfers    <br>       <br>   FID   968    <br>   sequencia   969    <br>   cota   11,00    <br>   refer_1   Rua Francisco Lenfers    <br>   refer_2   365    <br>   bairro   Margem Esquerda    <br>   coord_x   702002,826858    <br>   coord_y   7020979,12463    <br>   latitude   -26,918396    <br>   longitu   -48,965713]]></description>
        <styleUrl>#icon-1899-DB4436</styleUrl>
        <Point>
          <coordinates>
            -48.965713,-26.918396,0
          </coordinates>
        </Point>
      </Placemark>
      <Placemark>
        <name>10,463</name>
        <description><![CDATA[Rua Geraldo Emidio de Souza    <br>       <br>   FID   969    <br>   sequencia   970    <br>   cota   10,46    <br>   refer_1   Rua Geraldo Emidio de Souza    <br>   refer_2   116    <br>   bairro   Margem Esquerda    <br>   coord_x   704683,877457    <br>   coord_y   7022159,23122    <br>   latitude   -26,907357    <br>   longitu   -48,938921]]></description>
        <styleUrl>#icon-1899-DB4436</styleUrl>
        <Point>
          <coordinates>
            -48.938921,-26.907357,0
          </coordinates>
        </Point>
      </Placemark>
      <Placemark>
        <name>10,84</name>
        <description><![CDATA[Rua Geraldo Emidio de Souza    <br>       <br>   FID   970    <br>   sequencia   971    <br>   cota   10,84    <br>   refer_1   Rua Geraldo Emidio de Souza    <br>   refer_2   Final de rua    <br>   bairro   Margem Esquerda    <br>   coord_x   704686,110826    <br>   coord_y   7022296,16738    <br>   latitude   -26,906121    <br>   longitu   -48,938921]]></description>
        <styleUrl>#icon-1899-DB4436</styleUrl>
        <Point>
          <coordinates>
            -48.938921,-26.906121,0
          </coordinates>
        </Point>
      </Placemark>
      <Placemark>
        <name>11,084</name>
        <description><![CDATA[Rua Gertrudes Seberino da Silva    <br>       <br>   FID   971    <br>   sequencia   972    <br>   cota   11,08    <br>   refer_1   Rua Gertrudes Seberino da Silva    <br>   refer_2   295    <br>   bairro   Margem Esquerda    <br>   coord_x   702646,153986    <br>   coord_y   7020257,57413    <br>   latitude   -26,924813    <br>   longitu   -48,959121]]></description>
        <styleUrl>#icon-1899-DB4436</styleUrl>
        <Point>
          <coordinates>
            -48.959121,-26.924813,0
          </coordinates>
        </Point>
      </Placemark>
      <Placemark>
        <name>11,275</name>
        <description><![CDATA[Rua Gertrudes Seberino da Silva    <br>       <br>   FID   972    <br>   sequencia   973    <br>   cota   11,28    <br>   refer_1   Rua Gertrudes Seberino da Silva    <br>   refer_2   95    <br>   bairro   Margem Esquerda    <br>   coord_x   702611,861969    <br>   coord_y   7020052,97775    <br>   latitude   -26,926664    <br>   longitu   -48,959433]]></description>
        <styleUrl>#icon-1899-DB4436</styleUrl>
        <Point>
          <coordinates>
            -48.959433,-26.926664,0
          </coordinates>
        </Point>
      </Placemark>
      <Placemark>
        <name>11,778</name>
        <description><![CDATA[Rua Gertrudes Seberino da Silva    <br>       <br>   FID   973    <br>   sequencia   974    <br>   cota   11,78    <br>   refer_1   Rua Gertrudes Seberino da Silva    <br>   refer_2   88    <br>   bairro   Margem Esquerda    <br>   coord_x   702633,013909    <br>   coord_y   7020174,08012    <br>   latitude   -26,925569    <br>   longitu   -48,95924]]></description>
        <styleUrl>#icon-1899-DB4436</styleUrl>
        <Point>
          <coordinates>
            -48.95924,-26.925569,0
          </coordinates>
        </Point>
      </Placemark>
      <Placemark>
        <name>8,171</name>
        <description><![CDATA[Rua Girassol    <br>       <br>   FID   974    <br>   sequencia   975    <br>   cota   8,17    <br>   refer_1   Rua Girassol    <br>   refer_2   55    <br>   bairro   Margem Esquerda    <br>   coord_x   701285,374212    <br>   coord_y   7021612,72923    <br>   latitude   -26,912783    <br>   longitu   -48,973037]]></description>
        <styleUrl>#icon-1899-DB4436</styleUrl>
        <Point>
          <coordinates>
            -48.973037,-26.912783,0
          </coordinates>
        </Point>
      </Placemark>
      <Placemark>
        <name>11,895</name>
        <description><![CDATA[Rua Girassol    <br>       <br>   FID   975    <br>   sequencia   976    <br>   cota   11,90    <br>   refer_1   Rua Girassol    <br>   refer_2   56    <br>   bairro   Margem Esquerda    <br>   coord_x   701274,344483    <br>   coord_y   7021627,10962    <br>   latitude   -26,912655    <br>   longitu   -48,97315]]></description>
        <styleUrl>#icon-1899-DB4436</styleUrl>
        <Point>
          <coordinates>
            -48.97315,-26.912655,0
          </coordinates>
        </Point>
      </Placemark>
      <Placemark>
        <name>9,184</name>
        <description><![CDATA[Rua Hilda Lenfers    <br>       <br>   FID   976    <br>   sequencia   977    <br>   cota   9,18    <br>   refer_1   Rua Hilda Lenfers    <br>   refer_2   243    <br>   bairro   Margem Esquerda    <br>   coord_x   702327,635978    <br>   coord_y   7020496,88703    <br>   latitude   -26,9227    <br>   longitu   -48,962366]]></description>
        <styleUrl>#icon-1899-DB4436</styleUrl>
        <Point>
          <coordinates>
            -48.962366,-26.9227,0
          </coordinates>
        </Point>
      </Placemark>
      <Placemark>
        <name>9,924</name>
        <description><![CDATA[Rua Hilda Lenfers    <br>       <br>   FID   977    <br>   sequencia   978    <br>   cota   9,92    <br>   refer_1   Rua Hilda Lenfers    <br>   refer_2   130    <br>   bairro   Margem Esquerda    <br>   coord_x   702314,242096    <br>   coord_y   7020368,95028    <br>   latitude   -26,923857    <br>   longitu   -48,96248]]></description>
        <styleUrl>#icon-1899-DB4436</styleUrl>
        <Point>
          <coordinates>
            -48.96248,-26.923857,0
          </coordinates>
        </Point>
      </Placemark>
      <Placemark>
        <name>13,224</name>
        <description><![CDATA[Rua Hilda Lenfers    <br>       <br>   FID   978    <br>   sequencia   979    <br>   cota   13,22    <br>   refer_1   Rua Hilda Lenfers    <br>   refer_2   51    <br>   bairro   Margem Esquerda    <br>   coord_x   702298,772878    <br>   coord_y   7020282,54196    <br>   latitude   -26,924639    <br>   longitu   -48,962622]]></description>
        <styleUrl>#icon-1899-DB4436</styleUrl>
        <Point>
          <coordinates>
            -48.962622,-26.924639,0
          </coordinates>
        </Point>
      </Placemark>
      <Placemark>
        <name>7,002</name>
        <description><![CDATA[Rua Imaruí    <br>       <br>   FID   979    <br>   sequencia   980    <br>   cota   7,00    <br>   refer_1   Rua Imaruí    <br>   refer_2   Rua Santa Isabel    <br>   bairro   Margem Esquerda    <br>   coord_x   701666,308001    <br>   coord_y   7021771,7951    <br>   latitude   -26,911293    <br>   longitu   -48,969229]]></description>
        <styleUrl>#icon-1899-DB4436</styleUrl>
        <Point>
          <coordinates>
            -48.969229,-26.911293,0
          </coordinates>
        </Point>
      </Placemark>
      <Placemark>
        <name>8,756</name>
        <description><![CDATA[Rua Inês Sabel    <br>       <br>   FID   980    <br>   sequencia   981    <br>   cota   8,76    <br>   refer_1   Rua Inês Sabel    <br>   refer_2   Rua Chapecó    <br>   bairro   Margem Esquerda    <br>   coord_x   702513,999833    <br>   coord_y   7020423,33473    <br>   latitude   -26,923337    <br>   longitu   -48,960478]]></description>
        <styleUrl>#icon-1899-DB4436</styleUrl>
        <Point>
          <coordinates>
            -48.960478,-26.923337,0
          </coordinates>
        </Point>
      </Placemark>
      <Placemark>
        <name>9,093</name>
        <description><![CDATA[Rua Inês Sabel    <br>       <br>   FID   981    <br>   sequencia   982    <br>   cota   9,09    <br>   refer_1   Rua Inês Sabel    <br>   refer_2   181    <br>   bairro   Margem Esquerda    <br>   coord_x   702499,768369    <br>   coord_y   7020297,4112    <br>   latitude   -26,924475    <br>   longitu   -48,960601]]></description>
        <styleUrl>#icon-1899-DB4436</styleUrl>
        <Point>
          <coordinates>
            -48.960601,-26.924475,0
          </coordinates>
        </Point>
      </Placemark>
      <Placemark>
        <name>11,618</name>
        <description><![CDATA[Rua Inês Sabel    <br>       <br>   FID   982    <br>   sequencia   983    <br>   cota   11,62    <br>   refer_1   Rua Inês Sabel    <br>   refer_2   64    <br>   bairro   Margem Esquerda    <br>   coord_x   702485,365162    <br>   coord_y   7020177,15921    <br>   latitude   -26,925562    <br>   longitu   -48,960726]]></description>
        <styleUrl>#icon-1899-DB4436</styleUrl>
        <Point>
          <coordinates>
            -48.960726,-26.925562,0
          </coordinates>
        </Point>
      </Placemark>
      <Placemark>
        <name>12,252</name>
        <description><![CDATA[Rua Inês Sabel    <br>       <br>   FID   983    <br>   sequencia   984    <br>   cota   12,25    <br>   refer_1   Rua Inês Sabel    <br>   refer_2   50    <br>   bairro   Margem Esquerda    <br>   coord_x   702485,547799    <br>   coord_y   7020140,64897    <br>   latitude   -26,925892    <br>   longitu   -48,960719]]></description>
        <styleUrl>#icon-1899-DB4436</styleUrl>
        <Point>
          <coordinates>
            -48.960719,-26.925892,0
          </coordinates>
        </Point>
      </Placemark>
      <Placemark>
        <name>9,056</name>
        <description><![CDATA[Rua João Olídio da Trindade    <br>       <br>   FID   984    <br>   sequencia   985    <br>   cota   9,06    <br>   refer_1   Rua João Olídio da Trindade    <br>   refer_2   230    <br>   bairro   Margem Esquerda    <br>   coord_x   702257,901148    <br>   coord_y   7020506,30181    <br>   latitude   -26,922626    <br>   longitu   -48,963069]]></description>
        <styleUrl>#icon-1899-DB4436</styleUrl>
        <Point>
          <coordinates>
            -48.963069,-26.922626,0
          </coordinates>
        </Point>
      </Placemark>
      <Placemark>
        <name>10,018</name>
        <description><![CDATA[Rua João Olídio da Trindade    <br>       <br>   FID   985    <br>   sequencia   986    <br>   cota   10,02    <br>   refer_1   Rua João Olídio da Trindade    <br>   refer_2   163    <br>   bairro   Margem Esquerda    <br>   coord_x   702244,301695    <br>   coord_y   7020395,31061    <br>   latitude   -26,923629    <br>   longitu   -48,963188]]></description>
        <styleUrl>#icon-1899-DB4436</styleUrl>
        <Point>
          <coordinates>
            -48.963188,-26.923629,0
          </coordinates>
        </Point>
      </Placemark>
      <Placemark>
        <name>10,301</name>
        <description><![CDATA[Rua João Olídio da Trindade    <br>       <br>   FID   986    <br>   sequencia   987    <br>   cota   10,30    <br>   refer_1   Rua João Olídio da Trindade    <br>   refer_2   145    <br>   bairro   Margem Esquerda    <br>   coord_x   702249,504808    <br>   coord_y   7020438,0396    <br>   latitude   -26,923243    <br>   longitu   -48,963143]]></description>
        <styleUrl>#icon-1899-DB4436</styleUrl>
        <Point>
          <coordinates>
            -48.963143,-26.923243,0
          </coordinates>
        </Point>
      </Placemark>
      <Placemark>
        <name>11,069</name>
        <description><![CDATA[Rua João Olídio da Trindade    <br>       <br>   FID   987    <br>   sequencia   988    <br>   cota   11,07    <br>   refer_1   Rua João Olídio da Trindade    <br>   refer_2   78    <br>   bairro   Margem Esquerda    <br>   coord_x   702240,67532    <br>   coord_y   7020367,07235    <br>   latitude   -26,923884    <br>   longitu   -48,96322]]></description>
        <styleUrl>#icon-1899-DB4436</styleUrl>
        <Point>
          <coordinates>
            -48.96322,-26.923884,0
          </coordinates>
        </Point>
      </Placemark>
      <Placemark>
        <name>9,518</name>
        <description><![CDATA[Rua Lagoa Vermelha    <br>       <br>   FID   988    <br>   sequencia   989    <br>   cota   9,52    <br>   refer_1   Rua Lagoa Vermelha    <br>   refer_2   143    <br>   bairro   Margem Esquerda    <br>   coord_x   703979,682303    <br>   coord_y   7021643,88309    <br>   latitude   -26,91211    <br>   longitu   -48,945924]]></description>
        <styleUrl>#icon-1899-DB4436</styleUrl>
        <Point>
          <coordinates>
            -48.945924,-26.91211,0
          </coordinates>
        </Point>
      </Placemark>
      <Placemark>
        <name>9,524</name>
        <description><![CDATA[Rua Lagoa Vermelha    <br>       <br>   FID   989    <br>   sequencia   990    <br>   cota   9,52    <br>   refer_1   Rua Lagoa Vermelha    <br>   refer_2   315    <br>   bairro   Margem Esquerda    <br>   coord_x   703984,381574    <br>   coord_y   7021805,39643    <br>   latitude   -26,910652    <br>   longitu   -48,945903]]></description>
        <styleUrl>#icon-1899-DB4436</styleUrl>
        <Point>
          <coordinates>
            -48.945903,-26.910652,0
          </coordinates>
        </Point>
      </Placemark>
      <Placemark>
        <name>9,55</name>
        <description><![CDATA[Rua Lagoa Vermelha    <br>       <br>   FID   990    <br>   sequencia   991    <br>   cota   9,55    <br>   refer_1   Rua Lagoa Vermelha    <br>   refer_2   65    <br>   bairro   Margem Esquerda    <br>   coord_x   703968,268824    <br>   coord_y   7021549,06906    <br>   latitude   -26,912967    <br>   longitu   -48,946024]]></description>
        <styleUrl>#icon-1899-DB4436</styleUrl>
        <Point>
          <coordinates>
            -48.946024,-26.912967,0
          </coordinates>
        </Point>
      </Placemark>
      <Placemark>
        <name>9,583</name>
        <description><![CDATA[Rua Lagoa Vermelha    <br>       <br>   FID   991    <br>   sequencia   992    <br>   cota   9,58    <br>   refer_1   Rua Lagoa Vermelha    <br>   refer_2   385    <br>   bairro   Margem Esquerda    <br>   coord_x   703990,05435    <br>   coord_y   7021880,04785    <br>   latitude   -26,909978    <br>   longitu   -48,945858]]></description>
        <styleUrl>#icon-1899-DB4436</styleUrl>
        <Point>
          <coordinates>
            -48.945858,-26.909978,0
          </coordinates>
        </Point>
      </Placemark>
      <Placemark>
        <name>9,642</name>
        <description><![CDATA[Rua Lagoa Vermelha    <br>       <br>   FID   992    <br>   sequencia   993    <br>   cota   9,64    <br>   refer_1   Rua Lagoa Vermelha    <br>   refer_2   207    <br>   bairro   Margem Esquerda    <br>   coord_x   703978,402546    <br>   coord_y   7021718,00934    <br>   latitude   -26,911441    <br>   longitu   -48,945949]]></description>
        <styleUrl>#icon-1899-DB4436</styleUrl>
        <Point>
          <coordinates>
            -48.945949,-26.911441,0
          </coordinates>
        </Point>
      </Placemark>
      <Placemark>
        <name>10,143</name>
        <description><![CDATA[Rua Laurentino    <br>       <br>   FID   993    <br>   sequencia   994    <br>   cota   10,14    <br>   refer_1   Rua Laurentino    <br>   refer_2   Final de rua    <br>   bairro   Margem Esquerda    <br>   coord_x   704128,124324    <br>   coord_y   7021715,79583    <br>   latitude   -26,91144    <br>   longitu   -48,944442]]></description>
        <styleUrl>#icon-1899-DB4436</styleUrl>
        <Point>
          <coordinates>
            -48.944442,-26.91144,0
          </coordinates>
        </Point>
      </Placemark>
      <Placemark>
        <name>12,656</name>
        <description><![CDATA[Rua Luiz Franzói    <br>       <br>   FID   994    <br>   sequencia   995    <br>   cota   12,66    <br>   refer_1   Rua Luiz Franzói    <br>   refer_2   Rua Gertrudes Seberino da Silva    <br>   bairro   Margem Esquerda    <br>   coord_x   702600,254959    <br>   coord_y   7019986,35305    <br>   latitude   -26,927267    <br>   longitu   -48,959539]]></description>
        <styleUrl>#icon-1899-DB4436</styleUrl>
        <Point>
          <coordinates>
            -48.959539,-26.927267,0
          </coordinates>
        </Point>
      </Placemark>
      <Placemark>
        <name>12,744</name>
        <description><![CDATA[Rua Luiz Franzói    <br>       <br>   FID   995    <br>   sequencia   996    <br>   cota   12,74    <br>   refer_1   Rua Luiz Franzói    <br>   refer_2   Rua Pedro Bonifácio Sabel    <br>   bairro   Margem Esquerda    <br>   coord_x   702517,892542    <br>   coord_y   7020038,60718    <br>   latitude   -26,926808    <br>   longitu   -48,960376]]></description>
        <styleUrl>#icon-1899-DB4436</styleUrl>
        <Point>
          <coordinates>
            -48.960376,-26.926808,0
          </coordinates>
        </Point>
      </Placemark>
      <Placemark>
        <name>12,86</name>
        <description><![CDATA[Rua Luiz Franzói    <br>       <br>   FID   996    <br>   sequencia   997    <br>   cota   12,86    <br>   refer_1   Rua Luiz Franzói    <br>   refer_2   Rua Amaro Müller    <br>   bairro   Margem Esquerda    <br>   coord_x   702565,403749    <br>   coord_y   7020003,58486    <br>   latitude   -26,927117    <br>   longitu   -48,959893]]></description>
        <styleUrl>#icon-1899-DB4436</styleUrl>
        <Point>
          <coordinates>
            -48.959893,-26.927117,0
          </coordinates>
        </Point>
      </Placemark>
      <Placemark>
        <name>13,425</name>
        <description><![CDATA[Rua Luiz Franzói    <br>       <br>   FID   997    <br>   sequencia   998    <br>   cota   13,43    <br>   refer_1   Rua Luiz Franzói    <br>   refer_2   Rua João Olídio da Trindade    <br>   bairro   Margem Esquerda    <br>   coord_x   702232,004567    <br>   coord_y   7020289,35587    <br>   latitude   -26,924587    <br>   longitu   -48,963295]]></description>
        <styleUrl>#icon-1899-DB4436</styleUrl>
        <Point>
          <coordinates>
            -48.963295,-26.924587,0
          </coordinates>
        </Point>
      </Placemark>
      <Placemark>
        <name>13,579</name>
        <description><![CDATA[Rua Luiz Franzói    <br>       <br>   FID   998    <br>   sequencia   999    <br>   cota   13,58    <br>   refer_1   Rua Luiz Franzói    <br>   refer_2   447    <br>   bairro   Margem Esquerda    <br>   coord_x   702292,364641    <br>   coord_y   7020224,7553    <br>   latitude   -26,925161    <br>   longitu   -48,962677]]></description>
        <styleUrl>#icon-1899-DB4436</styleUrl>
        <Point>
          <coordinates>
            -48.962677,-26.925161,0
          </coordinates>
        </Point>
      </Placemark>
      <Placemark>
        <name>13,651</name>
        <description><![CDATA[Rua Luiz Franzói    <br>       <br>   FID   999    <br>   sequencia   1000    <br>   cota   13,65    <br>   refer_1   Rua Luiz Franzói    <br>   refer_2   Rua Hilda Lenfers    <br>   bairro   Margem Esquerda    <br>   coord_x   702279,225617    <br>   coord_y   7020243,92846    <br>   latitude   -26,92499    <br>   longitu   -48,962812]]></description>
        <styleUrl>#icon-1899-DB4436</styleUrl>
        <Point>
          <coordinates>
            -48.962812,-26.92499,0
          </coordinates>
        </Point>
      </Placemark>
      <Placemark>
        <name>13,754</name>
        <description><![CDATA[Rua Luiz Franzói    <br>       <br>   FID   1000    <br>   sequencia   1001    <br>   cota   13,75    <br>   refer_1   Rua Luiz Franzói    <br>   refer_2   Rua Wandelino Francisco Isensee    <br>   bairro   Margem Esquerda    <br>   coord_x   702099,005389    <br>   coord_y   7020415,50037    <br>   latitude   -26,923468    <br>   longitu   -48,964654]]></description>
        <styleUrl>#icon-1899-DB4436</styleUrl>
        <Point>
          <coordinates>
            -48.964654,-26.923468,0
          </coordinates>
        </Point>
      </Placemark>
      <Placemark>
        <name>8,773</name>
        <description><![CDATA[Rua Manoel Ignácio Bernardo    <br>       <br>   FID   1001    <br>   sequencia   1002    <br>   cota   8,77    <br>   refer_1   Rua Manoel Ignácio Bernardo    <br>   refer_2   183    <br>   bairro   Margem Esquerda    <br>   coord_x   701449,538188    <br>   coord_y   7021764,31879    <br>   latitude   -26,911392    <br>   longitu   -48,971409]]></description>
        <styleUrl>#icon-1899-DB4436</styleUrl>
        <Point>
          <coordinates>
            -48.971409,-26.911392,0
          </coordinates>
        </Point>
      </Placemark>
      <Placemark>
        <name>9,001</name>
        <description><![CDATA[Rua Manoel Ignácio Bernardo    <br>       <br>   FID   1002    <br>   sequencia   1003    <br>   cota   9,00    <br>   refer_1   Rua Manoel Ignácio Bernardo    <br>   refer_2   à 120 metros do início da rua    <br>   bairro   Margem Esquerda    <br>   coord_x   701473,419957    <br>   coord_y   7021720,80863    <br>   latitude   -26,911781    <br>   longitu   -48,971162]]></description>
        <styleUrl>#icon-1899-DB4436</styleUrl>
        <Point>
          <coordinates>
            -48.971162,-26.911781,0
          </coordinates>
        </Point>
      </Placemark>
      <Placemark>
        <name>9,591</name>
        <description><![CDATA[Rua Manoel Ignácio Bernardo    <br>       <br>   FID   1003    <br>   sequencia   1004    <br>   cota   9,59    <br>   refer_1   Rua Manoel Ignácio Bernardo    <br>   refer_2   Acima do número 183    <br>   bairro   Margem Esquerda    <br>   coord_x   701455,488928    <br>   coord_y   7021841,64654    <br>   latitude   -26,910693    <br>   longitu   -48,971362]]></description>
        <styleUrl>#icon-1899-DB4436</styleUrl>
        <Point>
          <coordinates>
            -48.971362,-26.910693,0
          </coordinates>
        </Point>
      </Placemark>
      <Placemark>
        <name>11,365</name>
        <description><![CDATA[Rua Mondai    <br>       <br>   FID   1004    <br>   sequencia   1005    <br>   cota   11,37    <br>   refer_1   Rua Mondai    <br>   refer_2   Rua Antônio Augusto Isensee    <br>   bairro   Margem Esquerda    <br>   coord_x   702401,91231    <br>   coord_y   7020831,23321    <br>   latitude   -26,919673    <br>   longitu   -48,961673]]></description>
        <styleUrl>#icon-1899-DB4436</styleUrl>
        <Point>
          <coordinates>
            -48.961673,-26.919673,0
          </coordinates>
        </Point>
      </Placemark>
      <Placemark>
        <name>11,696</name>
        <description><![CDATA[Rua Mondai    <br>       <br>   FID   1005    <br>   sequencia   1006    <br>   cota   11,70    <br>   refer_1   Rua Mondai    <br>   refer_2   50    <br>   bairro   Margem Esquerda    <br>   coord_x   702472,13136    <br>   coord_y   7020825,33417    <br>   latitude   -26,919716    <br>   longitu   -48,960965]]></description>
        <styleUrl>#icon-1899-DB4436</styleUrl>
        <Point>
          <coordinates>
            -48.960965,-26.919716,0
          </coordinates>
        </Point>
      </Placemark>
      <Placemark>
        <name>11,776</name>
        <description><![CDATA[Rua Mondai    <br>       <br>   FID   1006    <br>   sequencia   1007    <br>   cota   11,78    <br>   refer_1   Rua Mondai    <br>   refer_2   Rua Salvador    <br>   bairro   Margem Esquerda    <br>   coord_x   702433,332686    <br>   coord_y   7020824,05144    <br>   latitude   -26,919733    <br>   longitu   -48,961355]]></description>
        <styleUrl>#icon-1899-DB4436</styleUrl>
        <Point>
          <coordinates>
            -48.961355,-26.919733,0
          </coordinates>
        </Point>
      </Placemark>
      <Placemark>
        <name>8,44</name>
        <description><![CDATA[Rua Nicolau Threiss    <br>       <br>   FID   1007    <br>   sequencia   1008    <br>   cota   8,44    <br>   refer_1   Rua Nicolau Threiss    <br>   refer_2   Final de rua    <br>   bairro   Margem Esquerda    <br>   coord_x   703515,957511    <br>   coord_y   7021439,49658    <br>   latitude   -26,914022    <br>   longitu   -48,950558]]></description>
        <styleUrl>#icon-1899-DB4436</styleUrl>
        <Point>
          <coordinates>
            -48.950558,-26.914022,0
          </coordinates>
        </Point>
      </Placemark>
      <Placemark>
        <name>8,442</name>
        <description><![CDATA[Rua Nicolau Threiss    <br>       <br>   FID   1008    <br>   sequencia   1009    <br>   cota   8,44    <br>   refer_1   Rua Nicolau Threiss    <br>   refer_2   300    <br>   bairro   Margem Esquerda    <br>   coord_x   703510,456765    <br>   coord_y   7021326,60043    <br>   latitude   -26,915042    <br>   longitu   -48,950595]]></description>
        <styleUrl>#icon-1899-DB4436</styleUrl>
        <Point>
          <coordinates>
            -48.950595,-26.915042,0
          </coordinates>
        </Point>
      </Placemark>
      <Placemark>
        <name>8,838</name>
        <description><![CDATA[Rua Nicolau Threiss    <br>       <br>   FID   1009    <br>   sequencia   1010    <br>   cota   8,84    <br>   refer_1   Rua Nicolau Threiss    <br>   refer_2   185    <br>   bairro   Margem Esquerda    <br>   coord_x   703487,796338    <br>   coord_y   7021126,12817    <br>   latitude   -26,916854    <br>   longitu   -48,950791]]></description>
        <styleUrl>#icon-1899-DB4436</styleUrl>
        <Point>
          <coordinates>
            -48.950791,-26.916854,0
          </coordinates>
        </Point>
      </Placemark>
      <Placemark>
        <name>9,514</name>
        <description><![CDATA[Rua Nicolau Threiss    <br>       <br>   FID   1010    <br>   sequencia   1011    <br>   cota   9,51    <br>   refer_1   Rua Nicolau Threiss    <br>   refer_2   40    <br>   bairro   Margem Esquerda    <br>   coord_x   703484,296593    <br>   coord_y   7021039,88548    <br>   latitude   -26,917632    <br>   longitu   -48,950812]]></description>
        <styleUrl>#icon-1899-DB4436</styleUrl>
        <Point>
          <coordinates>
            -48.950812,-26.917632,0
          </coordinates>
        </Point>
      </Placemark>
      <Placemark>
        <name>13,474</name>
        <description><![CDATA[Rua Niterói    <br>       <br>   FID   1011    <br>   sequencia   1012    <br>   cota   13,47    <br>   refer_1   Rua Niterói    <br>   refer_2   53    <br>   bairro   Margem Esquerda    <br>   coord_x   702442,087836    <br>   coord_y   7020920,77328    <br>   latitude   -26,918859    <br>   longitu   -48,961283]]></description>
        <styleUrl>#icon-1899-DB4436</styleUrl>
        <Point>
          <coordinates>
            -48.961283,-26.918859,0
          </coordinates>
        </Point>
      </Placemark>
      <Placemark>
        <name>8,855</name>
        <description><![CDATA[Rua Norma Monica Sabel    <br>       <br>   FID   1012    <br>   sequencia   1013    <br>   cota   8,86    <br>   refer_1   Rua Norma Monica Sabel    <br>   refer_2   128    <br>   bairro   Margem Esquerda    <br>   coord_x   702522,525326    <br>   coord_y   7020564,93647    <br>   latitude   -26,922058    <br>   longitu   -48,960415]]></description>
        <styleUrl>#icon-1899-DB4436</styleUrl>
        <Point>
          <coordinates>
            -48.960415,-26.922058,0
          </coordinates>
        </Point>
      </Placemark>
      <Placemark>
        <name>10,483</name>
        <description><![CDATA[Rua Norma Monica Sabel    <br>       <br>   FID   1013    <br>   sequencia   1014    <br>   cota   10,48    <br>   refer_1   Rua Norma Monica Sabel    <br>   refer_2   740    <br>   bairro   Margem Esquerda    <br>   coord_x   702535,54736    <br>   coord_y   7020701,86927    <br>   latitude   -26,920821    <br>   longitu   -48,960306]]></description>
        <styleUrl>#icon-1899-DB4436</styleUrl>
        <Point>
          <coordinates>
            -48.960306,-26.920821,0
          </coordinates>
        </Point>
      </Placemark>
      <Placemark>
        <name>8,298</name>
        <description><![CDATA[Rua Paulo Zendron    <br>       <br>   FID   1014    <br>   sequencia   1015    <br>   cota   8,30    <br>   refer_1   Rua Paulo Zendron    <br>   refer_2   476    <br>   bairro   Margem Esquerda    <br>   coord_x   703615,384506    <br>   coord_y   7021574,11908    <br>   latitude   -26,912793    <br>   longitu   -48,949579]]></description>
        <styleUrl>#icon-1899-DB4436</styleUrl>
        <Point>
          <coordinates>
            -48.949579,-26.912793,0
          </coordinates>
        </Point>
      </Placemark>
      <Placemark>
        <name>8,456</name>
        <description><![CDATA[Rua Paulo Zendron    <br>       <br>   FID   1015    <br>   sequencia   1016    <br>   cota   8,46    <br>   refer_1   Rua Paulo Zendron    <br>   refer_2   601    <br>   bairro   Margem Esquerda    <br>   coord_x   703629,265626    <br>   coord_y   7021713,12577    <br>   latitude   -26,911537    <br>   longitu   -48,949462]]></description>
        <styleUrl>#icon-1899-DB4436</styleUrl>
        <Point>
          <coordinates>
            -48.949462,-26.911537,0
          </coordinates>
        </Point>
      </Placemark>
      <Placemark>
        <name>8,774</name>
        <description><![CDATA[Rua Pedro Bonifácio Sabel    <br>       <br>   FID   1016    <br>   sequencia   1017    <br>   cota   8,77    <br>   refer_1   Rua Pedro Bonifácio Sabel    <br>   refer_2   473    <br>   bairro   Margem Esquerda    <br>   coord_x   702571,63329    <br>   coord_y   7020521,63006    <br>   latitude   -26,922442    <br>   longitu   -48,959914]]></description>
        <styleUrl>#icon-1899-DB4436</styleUrl>
        <Point>
          <coordinates>
            -48.959914,-26.922442,0
          </coordinates>
        </Point>
      </Placemark>
      <Placemark>
        <name>9,014</name>
        <description><![CDATA[Rua Pedro Bonifácio Sabel    <br>       <br>   FID   1017    <br>   sequencia   1018    <br>   cota   9,01    <br>   refer_1   Rua Pedro Bonifácio Sabel    <br>   refer_2   Rua Chapecó    <br>   bairro   Margem Esquerda    <br>   coord_x   702558,203801    <br>   coord_y   7020416,9445    <br>   latitude   -26,923388    <br>   longitu   -48,960032]]></description>
        <styleUrl>#icon-1899-DB4436</styleUrl>
        <Point>
          <coordinates>
            -48.960032,-26.923388,0
          </coordinates>
        </Point>
      </Placemark>
      <Placemark>
        <name>9,071</name>
        <description><![CDATA[Rua Pedro Bonifácio Sabel    <br>       <br>   FID   1018    <br>   sequencia   1019    <br>   cota   9,07    <br>   refer_1   Rua Pedro Bonifácio Sabel    <br>   refer_2   225    <br>   bairro   Margem Esquerda    <br>   coord_x   702549,921453    <br>   coord_y   7020333,26266    <br>   latitude   -26,924144    <br>   longitu   -48,960102]]></description>
        <styleUrl>#icon-1899-DB4436</styleUrl>
        <Point>
          <coordinates>
            -48.960102,-26.924144,0
          </coordinates>
        </Point>
      </Placemark>
      <Placemark>
        <name>9,978</name>
        <description><![CDATA[Rua Pedro Bonifácio Sabel    <br>       <br>   FID   1019    <br>   sequencia   1020    <br>   cota   9,98    <br>   refer_1   Rua Pedro Bonifácio Sabel    <br>   refer_2   701    <br>   bairro   Margem Esquerda    <br>   coord_x   702592,038234    <br>   coord_y   7020749,81293    <br>   latitude   -26,92038    <br>   longitu   -48,959746]]></description>
        <styleUrl>#icon-1899-DB4436</styleUrl>
        <Point>
          <coordinates>
            -48.959746,-26.92038,0
          </coordinates>
        </Point>
      </Placemark>
      <Placemark>
        <name>10,492</name>
        <description><![CDATA[Rua Pedro Bonifácio Sabel    <br>       <br>   FID   1020    <br>   sequencia   1021    <br>   cota   10,49    <br>   refer_1   Rua Pedro Bonifácio Sabel    <br>   refer_2   595    <br>   bairro   Margem Esquerda    <br>   coord_x   702580,990254    <br>   coord_y   7020636,76193    <br>   latitude   -26,921402    <br>   longitu   -48,959838]]></description>
        <styleUrl>#icon-1899-DB4436</styleUrl>
        <Point>
          <coordinates>
            -48.959838,-26.921402,0
          </coordinates>
        </Point>
      </Placemark>
      <Placemark>
        <name>10,512</name>
        <description><![CDATA[Rua Pedro Bonifácio Sabel    <br>       <br>   FID   1021    <br>   sequencia   1022    <br>   cota   10,51    <br>   refer_1   Rua Pedro Bonifácio Sabel    <br>   refer_2   167    <br>   bairro   Margem Esquerda    <br>   coord_x   702536,322366    <br>   coord_y   7020207,83424    <br>   latitude   -26,925278    <br>   longitu   -48,960218]]></description>
        <styleUrl>#icon-1899-DB4436</styleUrl>
        <Point>
          <coordinates>
            -48.960218,-26.925278,0
          </coordinates>
        </Point>
      </Placemark>
      <Placemark>
        <name>11,873</name>
        <description><![CDATA[Rua Pedro Bonifácio Sabel    <br>       <br>   FID   1022    <br>   sequencia   1023    <br>   cota   11,87    <br>   refer_1   Rua Pedro Bonifácio Sabel    <br>   refer_2   Rua Inês Sabel    <br>   bairro   Margem Esquerda    <br>   coord_x   702528,361275    <br>   coord_y   7020134,40667    <br>   latitude   -26,925942    <br>   longitu   -48,960287]]></description>
        <styleUrl>#icon-1899-DB4436</styleUrl>
        <Point>
          <coordinates>
            -48.960287,-26.925942,0
          </coordinates>
        </Point>
      </Placemark>
      <Placemark>
        <name>9,574</name>
        <description><![CDATA[Rua Pedro Simon    <br>       <br>   FID   1023    <br>   sequencia   1024    <br>   cota   9,57    <br>   refer_1   Rua Pedro Simon    <br>   refer_2   Rua Lagoa Vermelha    <br>   bairro   Margem Esquerda    <br>   coord_x   703970,691577    <br>   coord_y   7021500,72012    <br>   latitude   -26,913403    <br>   longitu   -48,945991]]></description>
        <styleUrl>#icon-1899-DB4436</styleUrl>
        <Point>
          <coordinates>
            -48.945991,-26.913403,0
          </coordinates>
        </Point>
      </Placemark>
      <Placemark>
        <name>9,735</name>
        <description><![CDATA[Rua Pedro Simon    <br>       <br>   FID   1024    <br>   sequencia   1025    <br>   cota   9,73    <br>   refer_1   Rua Pedro Simon    <br>   refer_2   1.395    <br>   bairro   Margem Esquerda    <br>   coord_x   703929,754053    <br>   coord_y   7021460,02282    <br>   latitude   -26,913776    <br>   longitu   -48,946397]]></description>
        <styleUrl>#icon-1899-DB4436</styleUrl>
        <Point>
          <coordinates>
            -48.946397,-26.913776,0
          </coordinates>
        </Point>
      </Placemark>
      <Placemark>
        <name>9,947</name>
        <description><![CDATA[Rua Pedro Simon    <br>       <br>   FID   1025    <br>   sequencia   1026    <br>   cota   9,95    <br>   refer_1   Rua Pedro Simon    <br>   refer_2   Rua Ricardo Stanke    <br>   bairro   Margem Esquerda    <br>   coord_x   704043,049771    <br>   coord_y   7021576,73258    <br>   latitude   -26,912707    <br>   longitu   -48,945276]]></description>
        <styleUrl>#icon-1899-DB4436</styleUrl>
        <Point>
          <coordinates>
            -48.945276,-26.912707,0
          </coordinates>
        </Point>
      </Placemark>
      <Placemark>
        <name>10,399</name>
        <description><![CDATA[Rua Pedro Simon    <br>       <br>   FID   1026    <br>   sequencia   1027    <br>   cota   10,40    <br>   refer_1   Rua Pedro Simon    <br>   refer_2   1.305    <br>   bairro   Margem Esquerda    <br>   coord_x   703857,920069    <br>   coord_y   7021383,9183    <br>   latitude   -26,914474    <br>   longitu   -48,947107]]></description>
        <styleUrl>#icon-1899-DB4436</styleUrl>
        <Point>
          <coordinates>
            -48.947107,-26.914474,0
          </coordinates>
        </Point>
      </Placemark>
      <Placemark>
        <name>10,523</name>
        <description><![CDATA[Rua Pedro Simon    <br>       <br>   FID   1027    <br>   sequencia   1028    <br>   cota   10,52    <br>   refer_1   Rua Pedro Simon    <br>   refer_2   à 80 metros após número 1203    <br>   bairro   Margem Esquerda    <br>   coord_x   703797,427702    <br>   coord_y   7021318,65447    <br>   latitude   -26,915071    <br>   longitu   -48,947706]]></description>
        <styleUrl>#icon-1899-DB4436</styleUrl>
        <Point>
          <coordinates>
            -48.947706,-26.915071,0
          </coordinates>
        </Point>
      </Placemark>
      <Placemark>
        <name>10,616</name>
        <description><![CDATA[Rua Pedro Simon    <br>       <br>   FID   1028    <br>   sequencia   1029    <br>   cota   10,62    <br>   refer_1   Rua Pedro Simon    <br>   refer_2   Rua Nicolau Threiss    <br>   bairro   Margem Esquerda    <br>   coord_x   703478,81172    <br>   coord_y   7020955,70767    <br>   latitude   -26,918393    <br>   longitu   -48,950853]]></description>
        <styleUrl>#icon-1899-DB4436</styleUrl>
        <Point>
          <coordinates>
            -48.950853,-26.918393,0
          </coordinates>
        </Point>
      </Placemark>
      <Placemark>
        <name>10,635</name>
        <description><![CDATA[Rua Pedro Simon    <br>       <br>   FID   1029    <br>   sequencia   1030    <br>   cota   10,64    <br>   refer_1   Rua Pedro Simon    <br>   refer_2   1.504    <br>   bairro   Margem Esquerda    <br>   coord_x   704125,538653    <br>   coord_y   7021639,25804    <br>   latitude   -26,91213    <br>   longitu   -48,944456]]></description>
        <styleUrl>#icon-1899-DB4436</styleUrl>
        <Point>
          <coordinates>
            -48.944456,-26.91213,0
          </coordinates>
        </Point>
      </Placemark>
      <Placemark>
        <name>10,642</name>
        <description><![CDATA[Rua Pedro Simon    <br>       <br>   FID   1030    <br>   sequencia   1031    <br>   cota   10,64    <br>   refer_1   Rua Pedro Simon    <br>   refer_2   2.260    <br>   bairro   Margem Esquerda    <br>   coord_x   704948,152715    <br>   coord_y   7022228,34501    <br>   latitude   -26,906694    <br>   longitu   -48,936273]]></description>
        <styleUrl>#icon-1899-DB4436</styleUrl>
        <Point>
          <coordinates>
            -48.936273,-26.906694,0
          </coordinates>
        </Point>
      </Placemark>
      <Placemark>
        <name>10,769</name>
        <description><![CDATA[Rua Pedro Simon    <br>       <br>   FID   1031    <br>   sequencia   1032    <br>   cota   10,77    <br>   refer_1   Rua Pedro Simon    <br>   refer_2   1.075    <br>   bairro   Margem Esquerda    <br>   coord_x   703643,371436    <br>   coord_y   7021152,74598    <br>   latitude   -26,916591    <br>   longitu   -48,949229]]></description>
        <styleUrl>#icon-1899-DB4436</styleUrl>
        <Point>
          <coordinates>
            -48.949229,-26.916591,0
          </coordinates>
        </Point>
      </Placemark>
      <Placemark>
        <name>10,85</name>
        <description><![CDATA[Rua Pedro Simon    <br>       <br>   FID   1032    <br>   sequencia   1033    <br>   cota   10,85    <br>   refer_1   Rua Pedro Simon    <br>   refer_2   Rua Albertina Maba    <br>   bairro   Margem Esquerda    <br>   coord_x   704620,167269    <br>   coord_y   7022016,62461    <br>   latitude   -26,908653    <br>   longitu   -48,939539]]></description>
        <styleUrl>#icon-1899-DB4436</styleUrl>
        <Point>
          <coordinates>
            -48.939539,-26.908653,0
          </coordinates>
        </Point>
      </Placemark>
      <Placemark>
        <name>10,858</name>
        <description><![CDATA[Rua Pedro Simon    <br>       <br>   FID   1033    <br>   sequencia   1034    <br>   cota   10,86    <br>   refer_1   Rua Pedro Simon    <br>   refer_2   Rua Antônio Zendron    <br>   bairro   Margem Esquerda    <br>   coord_x   703565,540106    <br>   coord_y   7021067,42474    <br>   latitude   -26,917372    <br>   longitu   -48,949999]]></description>
        <styleUrl>#icon-1899-DB4436</styleUrl>
        <Point>
          <coordinates>
            -48.949999,-26.917372,0
          </coordinates>
        </Point>
      </Placemark>
      <Placemark>
        <name>11,129</name>
        <description><![CDATA[Rua Pedro Simon    <br>       <br>   FID   1034    <br>   sequencia   1035    <br>   cota   11,13    <br>   refer_1   Rua Pedro Simon    <br>   refer_2   687    <br>   bairro   Margem Esquerda    <br>   coord_x   703356,698917    <br>   coord_y   7020714,46281    <br>   latitude   -26,920587    <br>   longitu   -48,952043]]></description>
        <styleUrl>#icon-1899-DB4436</styleUrl>
        <Point>
          <coordinates>
            -48.952043,-26.920587,0
          </coordinates>
        </Point>
      </Placemark>
      <Placemark>
        <name>11,208</name>
        <description><![CDATA[Rua Pedro Simon    <br>       <br>   FID   1035    <br>   sequencia   1036    <br>   cota   11,21    <br>   refer_1   Rua Pedro Simon    <br>   refer_2   Rua Adriana Muller    <br>   bairro   Margem Esquerda    <br>   coord_x   703683,701244    <br>   coord_y   7021200,78035    <br>   latitude   -26,916152    <br>   longitu   -48,948831]]></description>
        <styleUrl>#icon-1899-DB4436</styleUrl>
        <Point>
          <coordinates>
            -48.948831,-26.916152,0
          </coordinates>
        </Point>
      </Placemark>
      <Placemark>
        <name>11,259</name>
        <description><![CDATA[Rua Pedro Simon    <br>       <br>   FID   1036    <br>   sequencia   1037    <br>   cota   11,26    <br>   refer_1   Rua Pedro Simon    <br>   refer_2   2.120    <br>   bairro   Margem Esquerda    <br>   coord_x   704776,72392    <br>   coord_y   7022111,35477    <br>   latitude   -26,907775    <br>   longitu   -48,937979]]></description>
        <styleUrl>#icon-1899-DB4436</styleUrl>
        <Point>
          <coordinates>
            -48.937979,-26.907775,0
          </coordinates>
        </Point>
      </Placemark>
      <Placemark>
        <name>11,33</name>
        <description><![CDATA[Rua Pedro Simon    <br>       <br>   FID   1037    <br>   sequencia   1038    <br>   cota   11,33    <br>   refer_1   Rua Pedro Simon    <br>   refer_2   799    <br>   bairro   Margem Esquerda    <br>   coord_x   703423,678301    <br>   coord_y   7020843,44595    <br>   latitude   -26,919414    <br>   longitu   -48,95139]]></description>
        <styleUrl>#icon-1899-DB4436</styleUrl>
        <Point>
          <coordinates>
            -48.95139,-26.919414,0
          </coordinates>
        </Point>
      </Placemark>
      <Placemark>
        <name>11,354</name>
        <description><![CDATA[Rua Pedro Simon    <br>       <br>   FID   1038    <br>   sequencia   1039    <br>   cota   11,35    <br>   refer_1   Rua Pedro Simon    <br>   refer_2   495    <br>   bairro   Margem Esquerda    <br>   coord_x   703223,785703    <br>   coord_y   7020460,29668    <br>   latitude   -26,9229    <br>   longitu   -48,95334]]></description>
        <styleUrl>#icon-1899-DB4436</styleUrl>
        <Point>
          <coordinates>
            -48.95334,-26.9229,0
          </coordinates>
        </Point>
      </Placemark>
      <Placemark>
        <name>11,429</name>
        <description><![CDATA[Rua Pedro Simon    <br>       <br>   FID   1039    <br>   sequencia   1040    <br>   cota   11,43    <br>   refer_1   Rua Pedro Simon    <br>   refer_2   1.175    <br>   bairro   Margem Esquerda    <br>   coord_x   703712,529408    <br>   coord_y   7021228,52308    <br>   latitude   -26,915897    <br>   longitu   -48,948545]]></description>
        <styleUrl>#icon-1899-DB4436</styleUrl>
        <Point>
          <coordinates>
            -48.948545,-26.915897,0
          </coordinates>
        </Point>
      </Placemark>
      <Placemark>
        <name>11,789</name>
        <description><![CDATA[Rua Pedro Simon    <br>       <br>   FID   1040    <br>   sequencia   1041    <br>   cota   11,79    <br>   refer_1   Rua Pedro Simon    <br>   refer_2   1.725    <br>   bairro   Margem Esquerda    <br>   coord_x   704354,29075    <br>   coord_y   7021783,79441    <br>   latitude   -26,910793    <br>   longitu   -48,942177]]></description>
        <styleUrl>#icon-1899-DB4436</styleUrl>
        <Point>
          <coordinates>
            -48.942177,-26.910793,0
          </coordinates>
        </Point>
      </Placemark>
      <Placemark>
        <name>11,844</name>
        <description><![CDATA[Rua Pedro Simon    <br>       <br>   FID   1041    <br>   sequencia   1042    <br>   cota   11,84    <br>   refer_1   Rua Pedro Simon    <br>   refer_2   1.900    <br>   bairro   Margem Esquerda    <br>   coord_x   704506,789595    <br>   coord_y   7021912,72088    <br>   latitude   -26,909607    <br>   longitu   -48,940663]]></description>
        <styleUrl>#icon-1899-DB4436</styleUrl>
        <Point>
          <coordinates>
            -48.940663,-26.909607,0
          </coordinates>
        </Point>
      </Placemark>
      <Placemark>
        <name>11,909</name>
        <description><![CDATA[Rua Pedro Simon    <br>       <br>   FID   1042    <br>   sequencia   1043    <br>   cota   11,91    <br>   refer_1   Rua Pedro Simon    <br>   refer_2   Rua Geraldo Emidio de Souza    <br>   bairro   Margem Esquerda    <br>   coord_x   704678,244886    <br>   coord_y   7022056,75076    <br>   latitude   -26,908282    <br>   longitu   -48,938961]]></description>
        <styleUrl>#icon-1899-DB4436</styleUrl>
        <Point>
          <coordinates>
            -48.938961,-26.908282,0
          </coordinates>
        </Point>
      </Placemark>
      <Placemark>
        <name>11,915</name>
        <description><![CDATA[Rua Pedro Simon    <br>       <br>   FID   1043    <br>   sequencia   1044    <br>   cota   11,91    <br>   refer_1   Rua Pedro Simon    <br>   refer_2   Defronte terreno baldio    <br>   bairro   Margem Esquerda    <br>   coord_x   703295,697404    <br>   coord_y   7020589,32659    <br>   latitude   -26,921725    <br>   longitu   -48,952637]]></description>
        <styleUrl>#icon-1899-DB4436</styleUrl>
        <Point>
          <coordinates>
            -48.952637,-26.921725,0
          </coordinates>
        </Point>
      </Placemark>
      <Placemark>
        <name>12,041</name>
        <description><![CDATA[Rua Pedro Simon    <br>       <br>   FID   1044    <br>   sequencia   1045    <br>   cota   12,04    <br>   refer_1   Rua Pedro Simon    <br>   refer_2   409    <br>   bairro   Margem Esquerda    <br>   coord_x   703145,953017    <br>   coord_y   7020355,5353    <br>   latitude   -26,923857    <br>   longitu   -48,954106]]></description>
        <styleUrl>#icon-1899-DB4436</styleUrl>
        <Point>
          <coordinates>
            -48.954106,-26.923857,0
          </coordinates>
        </Point>
      </Placemark>
      <Placemark>
        <name>12,098</name>
        <description><![CDATA[Rua Pedro Simon    <br>       <br>   FID   1045    <br>   sequencia   1046    <br>   cota   12,10    <br>   refer_1   Rua Pedro Simon    <br>   refer_2   1.643    <br>   bairro   Margem Esquerda    <br>   coord_x   704267,632429    <br>   coord_y   7021709,68038    <br>   latitude   -26,911474    <br>   longitu   -48,943037]]></description>
        <styleUrl>#icon-1899-DB4436</styleUrl>
        <Point>
          <coordinates>
            -48.943037,-26.911474,0
          </coordinates>
        </Point>
      </Placemark>
      <Placemark>
        <name>12,583</name>
        <description><![CDATA[Rua Pedro Simon    <br>       <br>   FID   1046    <br>   sequencia   1047    <br>   cota   12,58    <br>   refer_1   Rua Pedro Simon    <br>   refer_2   351    <br>   bairro   Margem Esquerda    <br>   coord_x   703077,573525    <br>   coord_y   7020253,72178    <br>   latitude   -26,924785    <br>   longitu   -48,954778]]></description>
        <styleUrl>#icon-1899-DB4436</styleUrl>
        <Point>
          <coordinates>
            -48.954778,-26.924785,0
          </coordinates>
        </Point>
      </Placemark>
      <Placemark>
        <name>12,739</name>
        <description><![CDATA[Rua Pedro Simon    <br>       <br>   FID   1047    <br>   sequencia   1048    <br>   cota   12,74    <br>   refer_1   Rua Pedro Simon    <br>   refer_2   2.375    <br>   bairro   Margem Esquerda    <br>   coord_x   705063,81706    <br>   coord_y   7022311,50123    <br>   latitude   -26,905927    <br>   longitu   -48,935122]]></description>
        <styleUrl>#icon-1899-DB4436</styleUrl>
        <Point>
          <coordinates>
            -48.935122,-26.905927,0
          </coordinates>
        </Point>
      </Placemark>
      <Placemark>
        <name>12,867</name>
        <description><![CDATA[Rua Pedro Simon    <br>       <br>   FID   1048    <br>   sequencia   1049    <br>   cota   12,87    <br>   refer_1   Rua Pedro Simon    <br>   refer_2   301    <br>   bairro   Margem Esquerda    <br>   coord_x   703007,663609    <br>   coord_y   7020172,08627    <br>   latitude   -26,925532    <br>   longitu   -48,955468]]></description>
        <styleUrl>#icon-1899-DB4436</styleUrl>
        <Point>
          <coordinates>
            -48.955468,-26.925532,0
          </coordinates>
        </Point>
      </Placemark>
      <Placemark>
        <name>13,003</name>
        <description><![CDATA[Rua Pedro Simon    <br>       <br>   FID   1049    <br>   sequencia   1050    <br>   cota   13,00    <br>   refer_1   Rua Pedro Simon    <br>   refer_2   Rua Flamboyants    <br>   bairro   Margem Esquerda    <br>   coord_x   702952,817551    <br>   coord_y   7020119,2882    <br>   latitude   -26,926016    <br>   longitu   -48,956012]]></description>
        <styleUrl>#icon-1899-DB4436</styleUrl>
        <Point>
          <coordinates>
            -48.956012,-26.926016,0
          </coordinates>
        </Point>
      </Placemark>
      <Placemark>
        <name>13,153</name>
        <description><![CDATA[Rua Pedro Simon    <br>       <br>   FID   1050    <br>   sequencia   1051    <br>   cota   13,15    <br>   refer_1   Rua Pedro Simon    <br>   refer_2   200    <br>   bairro   Margem Esquerda    <br>   coord_x   702909,222243    <br>   coord_y   7020091,24854    <br>   latitude   -26,926276    <br>   longitu   -48,956446]]></description>
        <styleUrl>#icon-1899-DB4436</styleUrl>
        <Point>
          <coordinates>
            -48.956446,-26.926276,0
          </coordinates>
        </Point>
      </Placemark>
      <Placemark>
        <name>14,222</name>
        <description><![CDATA[Rua Pedro Simon    <br>       <br>   FID   1051    <br>   sequencia   1052    <br>   cota   14,22    <br>   refer_1   Rua Pedro Simon    <br>   refer_2   2.414    <br>   bairro   Margem Esquerda    <br>   coord_x   705077,117365    <br>   coord_y   7022284,61699    <br>   latitude   -26,906168    <br>   longitu   -48,934984]]></description>
        <styleUrl>#icon-1899-DB4436</styleUrl>
        <Point>
          <coordinates>
            -48.934984,-26.906168,0
          </coordinates>
        </Point>
      </Placemark>
      <Placemark>
        <name>10,983</name>
        <description><![CDATA[Rua Penha    <br>       <br>   FID   1052    <br>   sequencia   1053    <br>   cota   10,98    <br>   refer_1   Rua Penha    <br>   refer_2   Final de rua    <br>   bairro   Margem Esquerda    <br>   coord_x   704146,990805    <br>   coord_y   7021949,93379    <br>   latitude   -26,909324    <br>   longitu   -48,94429]]></description>
        <styleUrl>#icon-1899-DB4436</styleUrl>
        <Point>
          <coordinates>
            -48.94429,-26.909324,0
          </coordinates>
        </Point>
      </Placemark>
      <Placemark>
        <name>8,669</name>
        <description><![CDATA[Rua Primavera    <br>       <br>   FID   1053    <br>   sequencia   1054    <br>   cota   8,67    <br>   refer_1   Rua Primavera    <br>   refer_2   38    <br>   bairro   Margem Esquerda    <br>   coord_x   701337,661075    <br>   coord_y   7021666,46315    <br>   latitude   -26,912291    <br>   longitu   -48,97252]]></description>
        <styleUrl>#icon-1899-DB4436</styleUrl>
        <Point>
          <coordinates>
            -48.97252,-26.912291,0
          </coordinates>
        </Point>
      </Placemark>
      <Placemark>
        <name>13,395</name>
        <description><![CDATA[Rua Primavera    <br>       <br>   FID   1054    <br>   sequencia   1055    <br>   cota   13,40    <br>   refer_1   Rua Primavera    <br>   refer_2   46    <br>   bairro   Margem Esquerda    <br>   coord_x   701322,461912    <br>   coord_y   7021679,04475    <br>   latitude   -26,91218    <br>   longitu   -48,972675]]></description>
        <styleUrl>#icon-1899-DB4436</styleUrl>
        <Point>
          <coordinates>
            -48.972675,-26.91218,0
          </coordinates>
        </Point>
      </Placemark>
      <Placemark>
        <name>9,305</name>
        <description><![CDATA[Rua Ricardo Stanke    <br>       <br>   FID   1055    <br>   sequencia   1056    <br>   cota   9,30    <br>   refer_1   Rua Ricardo Stanke    <br>   refer_2   123    <br>   bairro   Margem Esquerda    <br>   coord_x   704042,602178    <br>   coord_y   7021673,1674    <br>   latitude   -26,911837    <br>   longitu   -48,945296]]></description>
        <styleUrl>#icon-1899-DB4436</styleUrl>
        <Point>
          <coordinates>
            -48.945296,-26.911837,0
          </coordinates>
        </Point>
      </Placemark>
      <Placemark>
        <name>9,657</name>
        <description><![CDATA[Rua Ricardo Stanke    <br>       <br>   FID   1056    <br>   sequencia   1057    <br>   cota   9,66    <br>   refer_1   Rua Ricardo Stanke    <br>   refer_2   Rua Urussanga    <br>   bairro   Margem Esquerda    <br>   coord_x   704054,161891    <br>   coord_y   7021780,66649    <br>   latitude   -26,910865    <br>   longitu   -48,945197]]></description>
        <styleUrl>#icon-1899-DB4436</styleUrl>
        <Point>
          <coordinates>
            -48.945197,-26.910865,0
          </coordinates>
        </Point>
      </Placemark>
      <Placemark>
        <name>9,694</name>
        <description><![CDATA[Rua Ricardo Stanke    <br>       <br>   FID   1057    <br>   sequencia   1058    <br>   cota   9,69    <br>   refer_1   Rua Ricardo Stanke    <br>   refer_2   Rua Laurentino    <br>   bairro   Margem Esquerda    <br>   coord_x   704050,426    <br>   coord_y   7021718,34726    <br>   latitude   -26,911428    <br>   longitu   -48,945224]]></description>
        <styleUrl>#icon-1899-DB4436</styleUrl>
        <Point>
          <coordinates>
            -48.945224,-26.911428,0
          </coordinates>
        </Point>
      </Placemark>
      <Placemark>
        <name>9,786</name>
        <description><![CDATA[Rua Ricardo Stanke    <br>       <br>   FID   1058    <br>   sequencia   1059    <br>   cota   9,79    <br>   refer_1   Rua Ricardo Stanke    <br>   refer_2   Rua São Miguel    <br>   bairro   Margem Esquerda    <br>   coord_x   704056,838974    <br>   coord_y   7021834,63002    <br>   latitude   -26,910378    <br>   longitu   -48,945179]]></description>
        <styleUrl>#icon-1899-DB4436</styleUrl>
        <Point>
          <coordinates>
            -48.945179,-26.910378,0
          </coordinates>
        </Point>
      </Placemark>
      <Placemark>
        <name>10,08</name>
        <description><![CDATA[Rua Ricardo Stanke    <br>       <br>   FID   1059    <br>   sequencia   1060    <br>   cota   10,08    <br>   refer_1   Rua Ricardo Stanke    <br>   refer_2   Rua São Francisco    <br>   bairro   Margem Esquerda    <br>   coord_x   704061,232915    <br>   coord_y   7021901,554    <br>   latitude   -26,909773    <br>   longitu   -48,945146]]></description>
        <styleUrl>#icon-1899-DB4436</styleUrl>
        <Point>
          <coordinates>
            -48.945146,-26.909773,0
          </coordinates>
        </Point>
      </Placemark>
      <Placemark>
        <name>10,589</name>
        <description><![CDATA[Rua Ricardo Stanke    <br>       <br>   FID   1060    <br>   sequencia   1061    <br>   cota   10,59    <br>   refer_1   Rua Ricardo Stanke    <br>   refer_2   Rua Penha    <br>   bairro   Margem Esquerda    <br>   coord_x   704065,982398    <br>   coord_y   7021954,78935    <br>   latitude   -26,909292    <br>   longitu   -48,945107]]></description>
        <styleUrl>#icon-1899-DB4436</styleUrl>
        <Point>
          <coordinates>
            -48.945107,-26.909292,0
          </coordinates>
        </Point>
      </Placemark>
      <Placemark>
        <name>9,38</name>
        <description><![CDATA[Rua Rio de Janeiro    <br>       <br>   FID   1061    <br>   sequencia   1062    <br>   cota   9,38    <br>   refer_1   Rua Rio de Janeiro    <br>   refer_2   287    <br>   bairro   Margem Esquerda    <br>   coord_x   702394,931067    <br>   coord_y   7020481,56609    <br>   latitude   -26,922829    <br>   longitu   -48,961686]]></description>
        <styleUrl>#icon-1899-DB4436</styleUrl>
        <Point>
          <coordinates>
            -48.961686,-26.922829,0
          </coordinates>
        </Point>
      </Placemark>
      <Placemark>
        <name>9,495</name>
        <description><![CDATA[Rua Rio de Janeiro    <br>       <br>   FID   1062    <br>   sequencia   1063    <br>   cota   9,49    <br>   refer_1   Rua Rio de Janeiro    <br>   refer_2   173    <br>   bairro   Margem Esquerda    <br>   coord_x   702385,279937    <br>   coord_y   7020359,04765    <br>   latitude   -26,923936    <br>   longitu   -48,961763]]></description>
        <styleUrl>#icon-1899-DB4436</styleUrl>
        <Point>
          <coordinates>
            -48.961763,-26.923936,0
          </coordinates>
        </Point>
      </Placemark>
      <Placemark>
        <name>11,783</name>
        <description><![CDATA[Rua Rio de Janeiro    <br>       <br>   FID   1063    <br>   sequencia   1064    <br>   cota   11,78    <br>   refer_1   Rua Rio de Janeiro    <br>   refer_2   76    <br>   bairro   Margem Esquerda    <br>   coord_x   702377,699339    <br>   coord_y   7020275,3285    <br>   latitude   -26,924692    <br>   longitu   -48,961826]]></description>
        <styleUrl>#icon-1899-DB4436</styleUrl>
        <Point>
          <coordinates>
            -48.961826,-26.924692,0
          </coordinates>
        </Point>
      </Placemark>
      <Placemark>
        <name>12,661</name>
        <description><![CDATA[Rua Rio de Janeiro    <br>       <br>   FID   1064    <br>   sequencia   1065    <br>   cota   12,66    <br>   refer_1   Rua Rio de Janeiro    <br>   refer_2   345    <br>   bairro   Margem Esquerda    <br>   coord_x   702398,703319    <br>   coord_y   7020513,90551    <br>   latitude   -26,922537    <br>   longitu   -48,961653]]></description>
        <styleUrl>#icon-1899-DB4436</styleUrl>
        <Point>
          <coordinates>
            -48.961653,-26.922537,0
          </coordinates>
        </Point>
      </Placemark>
      <Placemark>
        <name>12,814</name>
        <description><![CDATA[Rua Rio de Janeiro    <br>       <br>   FID   1065    <br>   sequencia   1066    <br>   cota   12,81    <br>   refer_1   Rua Rio de Janeiro    <br>   refer_2   Rua Rodolfo Gunther    <br>   bairro   Margem Esquerda    <br>   coord_x   702419,700616    <br>   coord_y   7020638,58304    <br>   latitude   -26,921409    <br>   longitu   -48,961462]]></description>
        <styleUrl>#icon-1899-DB4436</styleUrl>
        <Point>
          <coordinates>
            -48.961462,-26.921409,0
          </coordinates>
        </Point>
      </Placemark>
      <Placemark>
        <name>12,896</name>
        <description><![CDATA[Rua Rio de Janeiro    <br>       <br>   FID   1066    <br>   sequencia   1067    <br>   cota   12,90    <br>   refer_1   Rua Rio de Janeiro    <br>   refer_2   Rua Luiz Franzói    <br>   bairro   Margem Esquerda    <br>   coord_x   702368,402205    <br>   coord_y   7020166,67443    <br>   latitude   -26,925674    <br>   longitu   -48,961902]]></description>
        <styleUrl>#icon-1899-DB4436</styleUrl>
        <Point>
          <coordinates>
            -48.961902,-26.925674,0
          </coordinates>
        </Point>
      </Placemark>
      <Placemark>
        <name>8,661</name>
        <description><![CDATA[Rua Rodolfo Gunther    <br>       <br>   FID   1067    <br>   sequencia   1068    <br>   cota   8,66    <br>   refer_1   Rua Rodolfo Gunther    <br>   refer_2   49    <br>   bairro   Margem Esquerda    <br>   coord_x   702471,613066    <br>   coord_y   7020510,12719    <br>   latitude   -26,92256    <br>   longitu   -48,960919]]></description>
        <styleUrl>#icon-1899-DB4436</styleUrl>
        <Point>
          <coordinates>
            -48.960919,-26.92256,0
          </coordinates>
        </Point>
      </Placemark>
      <Placemark>
        <name>10,969</name>
        <description><![CDATA[Rua Rodolfo Gunther    <br>       <br>   FID   1068    <br>   sequencia   1069    <br>   cota   10,97    <br>   refer_1   Rua Rodolfo Gunther    <br>   refer_2   184    <br>   bairro   Margem Esquerda    <br>   coord_x   702480,118818    <br>   coord_y   7020633,12028    <br>   latitude   -26,921449    <br>   longitu   -48,960853]]></description>
        <styleUrl>#icon-1899-DB4436</styleUrl>
        <Point>
          <coordinates>
            -48.960853,-26.921449,0
          </coordinates>
        </Point>
      </Placemark>
      <Placemark>
        <name>10,854</name>
        <description><![CDATA[Rua Salvador    <br>       <br>   FID   1069    <br>   sequencia   1070    <br>   cota   10,85    <br>   refer_1   Rua Salvador    <br>   refer_2   69    <br>   bairro   Margem Esquerda    <br>   coord_x   702424,982002    <br>   coord_y   7020709,28384    <br>   latitude   -26,92077    <br>   longitu   -48,961421]]></description>
        <styleUrl>#icon-1899-DB4436</styleUrl>
        <Point>
          <coordinates>
            -48.961421,-26.92077,0
          </coordinates>
        </Point>
      </Placemark>
      <Placemark>
        <name>10,401</name>
        <description><![CDATA[Rua São Francisco    <br>       <br>   FID   1070    <br>   sequencia   1071    <br>   cota   10,40    <br>   refer_1   Rua São Francisco    <br>   refer_2   34    <br>   bairro   Margem Esquerda    <br>   coord_x   704113,742288    <br>   coord_y   7021892,40365    <br>   latitude   -26,909848    <br>   longitu   -48,944616]]></description>
        <styleUrl>#icon-1899-DB4436</styleUrl>
        <Point>
          <coordinates>
            -48.944616,-26.909848,0
          </coordinates>
        </Point>
      </Placemark>
      <Placemark>
        <name>10,772</name>
        <description><![CDATA[Rua São Miguel    <br>       <br>   FID   1071    <br>   sequencia   1072    <br>   cota   10,77    <br>   refer_1   Rua São Miguel    <br>   refer_2   65    <br>   bairro   Margem Esquerda    <br>   coord_x   704116,854637    <br>   coord_y   7021834,90226    <br>   latitude   -26,910366    <br>   longitu   -48,944575]]></description>
        <styleUrl>#icon-1899-DB4436</styleUrl>
        <Point>
          <coordinates>
            -48.944575,-26.910366,0
          </coordinates>
        </Point>
      </Placemark>
      <Placemark>
        <name>6,344</name>
        <description><![CDATA[Rua Sertão Verde    <br>       <br>   FID   1072    <br>   sequencia   1073    <br>   cota   6,34    <br>   refer_1   Rua Sertão Verde    <br>   refer_2   253    <br>   bairro   Margem Esquerda    <br>   coord_x   701448,552527    <br>   coord_y   7021612,85152    <br>   latitude   -26,912759    <br>   longitu   -48,971395]]></description>
        <styleUrl>#icon-1899-DB4436</styleUrl>
        <Point>
          <coordinates>
            -48.971395,-26.912759,0
          </coordinates>
        </Point>
      </Placemark>
      <Placemark>
        <name>6,349</name>
        <description><![CDATA[Rua Sertão Verde    <br>       <br>   FID   1073    <br>   sequencia   1074    <br>   cota   6,35    <br>   refer_1   Rua Sertão Verde    <br>   refer_2   Rua Manoel Ignácio Bernardo    <br>   bairro   Margem Esquerda    <br>   coord_x   701420,176773    <br>   coord_y   7021623,40459    <br>   latitude   -26,912667    <br>   longitu   -48,971682]]></description>
        <styleUrl>#icon-1899-DB4436</styleUrl>
        <Point>
          <coordinates>
            -48.971682,-26.912667,0
          </coordinates>
        </Point>
      </Placemark>
      <Placemark>
        <name>6,356</name>
        <description><![CDATA[Rua Sertão Verde    <br>       <br>   FID   1074    <br>   sequencia   1075    <br>   cota   6,36    <br>   refer_1   Rua Sertão Verde    <br>   refer_2   97    <br>   bairro   Margem Esquerda    <br>   coord_x   701313,294228    <br>   coord_y   7021507,13525    <br>   latitude   -26,913732    <br>   longitu   -48,972739]]></description>
        <styleUrl>#icon-1899-DB4436</styleUrl>
        <Point>
          <coordinates>
            -48.972739,-26.913732,0
          </coordinates>
        </Point>
      </Placemark>
      <Placemark>
        <name>6,391</name>
        <description><![CDATA[Rua Sertão Verde    <br>       <br>   FID   1075    <br>   sequencia   1076    <br>   cota   6,39    <br>   refer_1   Rua Sertão Verde    <br>   refer_2   135    <br>   bairro   Margem Esquerda    <br>   coord_x   701353,876828    <br>   coord_y   7021558,17137    <br>   latitude   -26,913266    <br>   longitu   -48,972339]]></description>
        <styleUrl>#icon-1899-DB4436</styleUrl>
        <Point>
          <coordinates>
            -48.972339,-26.913266,0
          </coordinates>
        </Point>
      </Placemark>
      <Placemark>
        <name>6,448</name>
        <description><![CDATA[Rua Sertão Verde    <br>       <br>   FID   1076    <br>   sequencia   1077    <br>   cota   6,45    <br>   refer_1   Rua Sertão Verde    <br>   refer_2   Rua Primavera    <br>   bairro   Margem Esquerda    <br>   coord_x   701391,906993    <br>   coord_y   7021607,27451    <br>   latitude   -26,912817    <br>   longitu   -48,971964]]></description>
        <styleUrl>#icon-1899-DB4436</styleUrl>
        <Point>
          <coordinates>
            -48.971964,-26.912817,0
          </coordinates>
        </Point>
      </Placemark>
      <Placemark>
        <name>6,707</name>
        <description><![CDATA[Rua Sertão Verde    <br>       <br>   FID   1077    <br>   sequencia   1078    <br>   cota   6,71    <br>   refer_1   Rua Sertão Verde    <br>   refer_2   63    <br>   bairro   Margem Esquerda    <br>   coord_x   701266,971943    <br>   coord_y   7021478,94841    <br>   latitude   -26,913993    <br>   longitu   -48,973201]]></description>
        <styleUrl>#icon-1899-DB4436</styleUrl>
        <Point>
          <coordinates>
            -48.973201,-26.913993,0
          </coordinates>
        </Point>
      </Placemark>
      <Placemark>
        <name>7,01</name>
        <description><![CDATA[Rua Sertão Verde    <br>       <br>   FID   1078    <br>   sequencia   1079    <br>   cota   7,01    <br>   refer_1   Rua Sertão Verde    <br>   refer_2   25    <br>   bairro   Margem Esquerda    <br>   coord_x   701239,605499    <br>   coord_y   7021448,23813    <br>   latitude   -26,914274    <br>   longitu   -48,973471]]></description>
        <styleUrl>#icon-1899-DB4436</styleUrl>
        <Point>
          <coordinates>
            -48.973471,-26.914274,0
          </coordinates>
        </Point>
      </Placemark>
      <Placemark>
        <name>7,137</name>
        <description><![CDATA[Rua Sertão Verde    <br>       <br>   FID   1079    <br>   sequencia   1080    <br>   cota   7,14    <br>   refer_1   Rua Sertão Verde    <br>   refer_2   350    <br>   bairro   Margem Esquerda    <br>   coord_x   701486,229584    <br>   coord_y   7021667,67867    <br>   latitude   -26,912258    <br>   longitu   -48,971024]]></description>
        <styleUrl>#icon-1899-DB4436</styleUrl>
        <Point>
          <coordinates>
            -48.971024,-26.912258,0
          </coordinates>
        </Point>
      </Placemark>
      <Placemark>
        <name>7,748</name>
        <description><![CDATA[Rua Sertão Verde    <br>       <br>   FID   1080    <br>   sequencia   1081    <br>   cota   7,75    <br>   refer_1   Rua Sertão Verde    <br>   refer_2   480    <br>   bairro   Margem Esquerda    <br>   coord_x   701604,89109    <br>   coord_y   7021779,40063    <br>   latitude   -26,911233    <br>   longitu   -48,969848]]></description>
        <styleUrl>#icon-1899-DB4436</styleUrl>
        <Point>
          <coordinates>
            -48.969848,-26.911233,0
          </coordinates>
        </Point>
      </Placemark>
      <Placemark>
        <name>9,964</name>
        <description><![CDATA[Rua Urussanga    <br>       <br>   FID   1081    <br>   sequencia   1082    <br>   cota   9,96    <br>   refer_1   Rua Urussanga    <br>   refer_2   Final de rua    <br>   bairro   Margem Esquerda    <br>   coord_x   704097,133427    <br>   coord_y   7021776,6241    <br>   latitude   -26,910895    <br>   longitu   -48,944764]]></description>
        <styleUrl>#icon-1899-DB4436</styleUrl>
        <Point>
          <coordinates>
            -48.944764,-26.910895,0
          </coordinates>
        </Point>
      </Placemark>
      <Placemark>
        <name>13,504</name>
        <description><![CDATA[Rua Wandelino Francisco Isensee    <br>       <br>   FID   1082    <br>   sequencia   1083    <br>   cota   13,50    <br>   refer_1   Rua Wandelino Francisco Isensee    <br>   refer_2   10 metros antes da última rua à esquerda    <br>   bairro   Margem Esquerda    <br>   coord_x   702114,88102    <br>   coord_y   7020596,70862    <br>   latitude   -26,921831    <br>   longitu   -48,964524]]></description>
        <styleUrl>#icon-1899-DB4436</styleUrl>
        <Point>
          <coordinates>
            -48.964524,-26.921831,0
          </coordinates>
        </Point>
      </Placemark>
      <Placemark>
        <name>8,411</name>
        <description><![CDATA[Travessa Guilherme Simon    <br>       <br>   FID   1083    <br>   sequencia   1084    <br>   cota   8,41    <br>   refer_1   Travessa Guilherme Simon    <br>   refer_2   Rua Nicolau Threiss    <br>   bairro   Margem Esquerda    <br>   coord_x   703505,272793    <br>   coord_y   7021248,87533    <br>   latitude   -26,915744    <br>   longitu   -48,950635]]></description>
        <styleUrl>#icon-1899-DB4436</styleUrl>
        <Point>
          <coordinates>
            -48.950635,-26.915744,0
          </coordinates>
        </Point>
      </Placemark>
      <Placemark>
        <name>8,418</name>
        <description><![CDATA[Rodovia Jorge Lacerda    <br>       <br>   FID   1084    <br>   sequencia   1085    <br>   cota   8,42    <br>   refer_1   Rodovia Jorge Lacerda    <br>   refer_2   9.437    <br>   bairro   Poço Grande    <br>   coord_x   712143,046007    <br>   coord_y   7021636,10939    <br>   latitude   -26,910961    <br>   longitu   -48,863763]]></description>
        <styleUrl>#icon-1899-DB4436</styleUrl>
        <Point>
          <coordinates>
            -48.863763,-26.910961,0
          </coordinates>
        </Point>
      </Placemark>
      <Placemark>
        <name>9,258</name>
        <description><![CDATA[Rodovia Jorge Lacerda    <br>       <br>   FID   1085    <br>   sequencia   1086    <br>   cota   9,26    <br>   refer_1   Rodovia Jorge Lacerda    <br>   refer_2   10.308    <br>   bairro   Poço Grande    <br>   coord_x   713699,233789    <br>   coord_y   7021862,57595    <br>   latitude   -26,908679    <br>   longitu   -48,84814]]></description>
        <styleUrl>#icon-1899-DB4436</styleUrl>
        <Point>
          <coordinates>
            -48.84814,-26.908679,0
          </coordinates>
        </Point>
      </Placemark>
      <Placemark>
        <name>9,347</name>
        <description><![CDATA[Rodovia Jorge Lacerda    <br>       <br>   FID   1086    <br>   sequencia   1087    <br>   cota   9,35    <br>   refer_1   Rodovia Jorge Lacerda    <br>   refer_2   Sem referência    <br>   bairro   Poço Grande    <br>   coord_x   710755,331626    <br>   coord_y   7020759,54821    <br>   latitude   -26,91908    <br>   longitu   -48,877581]]></description>
        <styleUrl>#icon-1899-DB4436</styleUrl>
        <Point>
          <coordinates>
            -48.877581,-26.91908,0
          </coordinates>
        </Point>
      </Placemark>
      <Placemark>
        <name>9,397</name>
        <description><![CDATA[Rodovia Jorge Lacerda    <br>       <br>   FID   1087    <br>   sequencia   1088    <br>   cota   9,40    <br>   refer_1   Rodovia Jorge Lacerda    <br>   refer_2   km 20    <br>   bairro   Poço Grande    <br>   coord_x   709681,694819    <br>   coord_y   7019899,76611    <br>   latitude   -26,927    <br>   longitu   -48,888243]]></description>
        <styleUrl>#icon-1899-DB4436</styleUrl>
        <Point>
          <coordinates>
            -48.888243,-26.927,0
          </coordinates>
        </Point>
      </Placemark>
      <Placemark>
        <name>9,439</name>
        <description><![CDATA[Rodovia Jorge Lacerda    <br>       <br>   FID   1088    <br>   sequencia   1089    <br>   cota   9,44    <br>   refer_1   Rodovia Jorge Lacerda    <br>   refer_2   Sem referência    <br>   bairro   Poço Grande    <br>   coord_x   710515,649791    <br>   coord_y   7020568,05067    <br>   latitude   -26,920844    <br>   longitu   -48,879961]]></description>
        <styleUrl>#icon-1899-DB4436</styleUrl>
        <Point>
          <coordinates>
            -48.879961,-26.920844,0
          </coordinates>
        </Point>
      </Placemark>
      <Placemark>
        <name>9,546</name>
        <description><![CDATA[Rodovia Jorge Lacerda    <br>       <br>   FID   1089    <br>   sequencia   1090    <br>   cota   9,55    <br>   refer_1   Rodovia Jorge Lacerda    <br>   refer_2   10.200    <br>   bairro   Poço Grande    <br>   coord_x   713587,186883    <br>   coord_y   7021840,48946    <br>   latitude   -26,908896    <br>   longitu   -48,849264]]></description>
        <styleUrl>#icon-1899-DB4436</styleUrl>
        <Point>
          <coordinates>
            -48.849264,-26.908896,0
          </coordinates>
        </Point>
      </Placemark>
      <Placemark>
        <name>9,548</name>
        <description><![CDATA[Rodovia Jorge Lacerda    <br>       <br>   FID   1090    <br>   sequencia   1091    <br>   cota   9,55    <br>   refer_1   Rodovia Jorge Lacerda    <br>   refer_2   Divisa com Ilhota    <br>   bairro   Poço Grande    <br>   coord_x   713847,47455    <br>   coord_y   7021881,52722    <br>   latitude   -26,908486    <br>   longitu   -48,846652]]></description>
        <styleUrl>#icon-1899-DB4436</styleUrl>
        <Point>
          <coordinates>
            -48.846652,-26.908486,0
          </coordinates>
        </Point>
      </Placemark>
      <Placemark>
        <name>9,581</name>
        <description><![CDATA[Rodovia Jorge Lacerda    <br>       <br>   FID   1091    <br>   sequencia   1092    <br>   cota   9,58    <br>   refer_1   Rodovia Jorge Lacerda    <br>   refer_2   9.537    <br>   bairro   Poço Grande    <br>   coord_x   712413,320398    <br>   coord_y   7021606,55381    <br>   latitude   -26,911186    <br>   longitu   -48,861038]]></description>
        <styleUrl>#icon-1899-DB4436</styleUrl>
        <Point>
          <coordinates>
            -48.861038,-26.911186,0
          </coordinates>
        </Point>
      </Placemark>
      <Placemark>
        <name>9,711</name>
        <description><![CDATA[Rodovia Jorge Lacerda    <br>       <br>   FID   1092    <br>   sequencia   1093    <br>   cota   9,71    <br>   refer_1   Rodovia Jorge Lacerda    <br>   refer_2   Engenho do vale    <br>   bairro   Poço Grande    <br>   coord_x   712901,145817    <br>   coord_y   7021692,93076    <br>   latitude   -26,910332    <br>   longitu   -48,856143]]></description>
        <styleUrl>#icon-1899-DB4436</styleUrl>
        <Point>
          <coordinates>
            -48.856143,-26.910332,0
          </coordinates>
        </Point>
      </Placemark>
      <Placemark>
        <name>9,727</name>
        <description><![CDATA[Rodovia Jorge Lacerda    <br>       <br>   FID   1093    <br>   sequencia   1094    <br>   cota   9,73    <br>   refer_1   Rodovia Jorge Lacerda    <br>   refer_2   Rua Leonardo Pedro Schmitt    <br>   bairro   Poço Grande    <br>   coord_x   709619,724332    <br>   coord_y   7019870,2674    <br>   latitude   -26,927275    <br>   longitu   -48,888862]]></description>
        <styleUrl>#icon-1899-DB4436</styleUrl>
        <Point>
          <coordinates>
            -48.888862,-26.927275,0
          </coordinates>
        </Point>
      </Placemark>
      <Placemark>
        <name>9,768</name>
        <description><![CDATA[Rodovia Jorge Lacerda    <br>       <br>   FID   1094    <br>   sequencia   1095    <br>   cota   9,77    <br>   refer_1   Rodovia Jorge Lacerda    <br>   refer_2   Sem referência    <br>   bairro   Poço Grande    <br>   coord_x   710128,73212    <br>   coord_y   7020261,43117    <br>   latitude   -26,923669    <br>   longitu   -48,883804]]></description>
        <styleUrl>#icon-1899-DB4436</styleUrl>
        <Point>
          <coordinates>
            -48.883804,-26.923669,0
          </coordinates>
        </Point>
      </Placemark>
      <Placemark>
        <name>9,769</name>
        <description><![CDATA[Rodovia Jorge Lacerda    <br>       <br>   FID   1095    <br>   sequencia   1096    <br>   cota   9,77    <br>   refer_1   Rodovia Jorge Lacerda    <br>   refer_2   Sem referência    <br>   bairro   Poço Grande    <br>   coord_x   710388,992506    <br>   coord_y   7020466,84601    <br>   latitude   -26,921776    <br>   longitu   -48,881219]]></description>
        <styleUrl>#icon-1899-DB4436</styleUrl>
        <Point>
          <coordinates>
            -48.881219,-26.921776,0
          </coordinates>
        </Point>
      </Placemark>
      <Placemark>
        <name>9,804</name>
        <description><![CDATA[Rodovia Jorge Lacerda    <br>       <br>   FID   1096    <br>   sequencia   1097    <br>   cota   9,80    <br>   refer_1   Rodovia Jorge Lacerda    <br>   refer_2   Sem referência    <br>   bairro   Poço Grande    <br>   coord_x   710263,786973    <br>   coord_y   7020368,11452    <br>   latitude   -26,922686    <br>   longitu   -48,882463]]></description>
        <styleUrl>#icon-1899-DB4436</styleUrl>
        <Point>
          <coordinates>
            -48.882463,-26.922686,0
          </coordinates>
        </Point>
      </Placemark>
      <Placemark>
        <name>9,819</name>
        <description><![CDATA[Rodovia Jorge Lacerda    <br>       <br>   FID   1097    <br>   sequencia   1098    <br>   cota   9,82    <br>   refer_1   Rodovia Jorge Lacerda    <br>   refer_2   Ponte sobre córrego Poço Grande    <br>   bairro   Poço Grande    <br>   coord_x   710646,244186    <br>   coord_y   7020672,66748    <br>   latitude   -26,919881    <br>   longitu   -48,878665]]></description>
        <styleUrl>#icon-1899-DB4436</styleUrl>
        <Point>
          <coordinates>
            -48.878665,-26.919881,0
          </coordinates>
        </Point>
      </Placemark>
      <Placemark>
        <name>9,825</name>
        <description><![CDATA[Rodovia Jorge Lacerda    <br>       <br>   FID   1098    <br>   sequencia   1099    <br>   cota   9,82    <br>   refer_1   Rodovia Jorge Lacerda    <br>   refer_2   6.277    <br>   bairro   Poço Grande    <br>   coord_x   708988,438035    <br>   coord_y   7020164,15325    <br>   latitude   -26,924718    <br>   longitu   -48,895265]]></description>
        <styleUrl>#icon-1899-DB4436</styleUrl>
        <Point>
          <coordinates>
            -48.895265,-26.924718,0
          </coordinates>
        </Point>
      </Placemark>
      <Placemark>
        <name>9,916</name>
        <description><![CDATA[Rodovia Jorge Lacerda    <br>       <br>   FID   1099    <br>   sequencia   1100    <br>   cota   9,92    <br>   refer_1   Rodovia Jorge Lacerda    <br>   refer_2   Rua Pedro Schmitt Junior    <br>   bairro   Poço Grande    <br>   coord_x   709120,529374    <br>   coord_y   7019969,57424    <br>   latitude   -26,926454    <br>   longitu   -48,893903]]></description>
        <styleUrl>#icon-1899-DB4436</styleUrl>
        <Point>
          <coordinates>
            -48.893903,-26.926454,0
          </coordinates>
        </Point>
      </Placemark>
      <Placemark>
        <name>9,941</name>
        <description><![CDATA[Rodovia Jorge Lacerda    <br>       <br>   FID   1100    <br>   sequencia   1101    <br>   cota   9,94    <br>   refer_1   Rodovia Jorge Lacerda    <br>   refer_2   Sobre ponte ribeirão Poço Grande    <br>   bairro   Poço Grande    <br>   coord_x   709075,013164    <br>   coord_y   7020035,27352    <br>   latitude   -26,925868    <br>   longitu   -48,894372]]></description>
        <styleUrl>#icon-1899-DB4436</styleUrl>
        <Point>
          <coordinates>
            -48.894372,-26.925868,0
          </coordinates>
        </Point>
      </Placemark>
      <Placemark>
        <name>10,023</name>
        <description><![CDATA[Rodovia Jorge Lacerda    <br>       <br>   FID   1101    <br>   sequencia   1102    <br>   cota   10,02    <br>   refer_1   Rodovia Jorge Lacerda    <br>   refer_2   Sem referência    <br>   bairro   Poço Grande    <br>   coord_x   712743,096388    <br>   coord_y   7021675,6479    <br>   latitude   -26,910512    <br>   longitu   -48,857731]]></description>
        <styleUrl>#icon-1899-DB4436</styleUrl>
        <Point>
          <coordinates>
            -48.857731,-26.910512,0
          </coordinates>
        </Point>
      </Placemark>
      <Placemark>
        <name>10,04</name>
        <description><![CDATA[Rodovia Jorge Lacerda    <br>       <br>   FID   1102    <br>   sequencia   1103    <br>   cota   10,04    <br>   refer_1   Rodovia Jorge Lacerda    <br>   refer_2   Rua João Maria Scheidt    <br>   bairro   Poço Grande    <br>   coord_x   708242,975658    <br>   coord_y   7020815,7675    <br>   latitude   -26,918951    <br>   longitu   -48,902878]]></description>
        <styleUrl>#icon-1899-DB4436</styleUrl>
        <Point>
          <coordinates>
            -48.902878,-26.918951,0
          </coordinates>
        </Point>
      </Placemark>
      <Placemark>
        <name>10,046</name>
        <description><![CDATA[Rodovia Jorge Lacerda    <br>       <br>   FID   1103    <br>   sequencia   1104    <br>   cota   10,05    <br>   refer_1   Rodovia Jorge Lacerda    <br>   refer_2   8.355    <br>   bairro   Poço Grande    <br>   coord_x   711127,485205    <br>   coord_y   7021048,4596    <br>   latitude   -26,916417    <br>   longitu   -48,873884]]></description>
        <styleUrl>#icon-1899-DB4436</styleUrl>
        <Point>
          <coordinates>
            -48.873884,-26.916417,0
          </coordinates>
        </Point>
      </Placemark>
      <Placemark>
        <name>10,118</name>
        <description><![CDATA[Rodovia Jorge Lacerda    <br>       <br>   FID   1104    <br>   sequencia   1105    <br>   cota   10,12    <br>   refer_1   Rodovia Jorge Lacerda    <br>   refer_2   Sem referência    <br>   bairro   Poço Grande    <br>   coord_x   710011,698834    <br>   coord_y   7020170,33689    <br>   latitude   -26,924509    <br>   longitu   -48,884967]]></description>
        <styleUrl>#icon-1899-DB4436</styleUrl>
        <Point>
          <coordinates>
            -48.884967,-26.924509,0
          </coordinates>
        </Point>
      </Placemark>
      <Placemark>
        <name>10,143</name>
        <description><![CDATA[Rodovia Jorge Lacerda    <br>       <br>   FID   1105    <br>   sequencia   1106    <br>   cota   10,14    <br>   refer_1   Rodovia Jorge Lacerda    <br>   refer_2   6.177    <br>   bairro   Poço Grande    <br>   coord_x   708907,756544    <br>   coord_y   7020252,88083    <br>   latitude   -26,92393    <br>   longitu   -48,896092]]></description>
        <styleUrl>#icon-1899-DB4436</styleUrl>
        <Point>
          <coordinates>
            -48.896092,-26.92393,0
          </coordinates>
        </Point>
      </Placemark>
      <Placemark>
        <name>10,22</name>
        <description><![CDATA[Rodovia Jorge Lacerda    <br>       <br>   FID   1106    <br>   sequencia   1107    <br>   cota   10,22    <br>   refer_1   Rodovia Jorge Lacerda    <br>   refer_2   5.136    <br>   bairro   Poço Grande    <br>   coord_x   708164,844638    <br>   coord_y   7020882,48832    <br>   latitude   -26,918361    <br>   longitu   -48,903675]]></description>
        <styleUrl>#icon-1899-DB4436</styleUrl>
        <Point>
          <coordinates>
            -48.903675,-26.918361,0
          </coordinates>
        </Point>
      </Placemark>
      <Placemark>
        <name>10,221</name>
        <description><![CDATA[Rodovia Jorge Lacerda    <br>       <br>   FID   1107    <br>   sequencia   1108    <br>   cota   10,22    <br>   refer_1   Rodovia Jorge Lacerda    <br>   refer_2   à 100 metros do número 5086    <br>   bairro   Poço Grande    <br>   coord_x   708084,73508    <br>   coord_y   7020949,39482    <br>   latitude   -26,917769    <br>   longitu   -48,904493]]></description>
        <styleUrl>#icon-1899-DB4436</styleUrl>
        <Point>
          <coordinates>
            -48.904493,-26.917769,0
          </coordinates>
        </Point>
      </Placemark>
      <Placemark>
        <name>10,222</name>
        <description><![CDATA[Rodovia Jorge Lacerda    <br>       <br>   FID   1108    <br>   sequencia   1109    <br>   cota   10,22    <br>   refer_1   Rodovia Jorge Lacerda    <br>   refer_2   9.877    <br>   bairro   Poço Grande    <br>   coord_x   713095,80929    <br>   coord_y   7021721,98079    <br>   latitude   -26,91004    <br>   longitu   -48,854189]]></description>
        <styleUrl>#icon-1899-DB4436</styleUrl>
        <Point>
          <coordinates>
            -48.854189,-26.91004,0
          </coordinates>
        </Point>
      </Placemark>
      <Placemark>
        <name>10,225</name>
        <description><![CDATA[Rodovia Jorge Lacerda    <br>       <br>   FID   1109    <br>   sequencia   1110    <br>   cota   10,23    <br>   refer_1   Rodovia Jorge Lacerda    <br>   refer_2   9.887    <br>   bairro   Poço Grande    <br>   coord_x   713232,673638    <br>   coord_y   7021743,65263    <br>   latitude   -26,909824    <br>   longitu   -48,852815]]></description>
        <styleUrl>#icon-1899-DB4436</styleUrl>
        <Point>
          <coordinates>
            -48.852815,-26.909824,0
          </coordinates>
        </Point>
      </Placemark>
      <Placemark>
        <name>10,255</name>
        <description><![CDATA[Rodovia Jorge Lacerda    <br>       <br>   FID   1110    <br>   sequencia   1111    <br>   cota   10,26    <br>   refer_1   Rodovia Jorge Lacerda    <br>   refer_2   5.720    <br>   bairro   Poço Grande    <br>   coord_x   708693,018473    <br>   coord_y   7020438,94021    <br>   latitude   -26,922284    <br>   longitu   -48,898285]]></description>
        <styleUrl>#icon-1899-DB4436</styleUrl>
        <Point>
          <coordinates>
            -48.898285,-26.922284,0
          </coordinates>
        </Point>
      </Placemark>
      <Placemark>
        <name>10,259</name>
        <description><![CDATA[Rodovia Jorge Lacerda    <br>       <br>   FID   1111    <br>   sequencia   1112    <br>   cota   10,26    <br>   refer_1   Rodovia Jorge Lacerda    <br>   refer_2   5.580    <br>   bairro   Poço Grande    <br>   coord_x   708568,603767    <br>   coord_y   7020541,55698    <br>   latitude   -26,921376    <br>   longitu   -48,899554]]></description>
        <styleUrl>#icon-1899-DB4436</styleUrl>
        <Point>
          <coordinates>
            -48.899554,-26.921376,0
          </coordinates>
        </Point>
      </Placemark>
      <Placemark>
        <name>10,266</name>
        <description><![CDATA[Rodovia Jorge Lacerda    <br>       <br>   FID   1112    <br>   sequencia   1113    <br>   cota   10,27    <br>   refer_1   Rodovia Jorge Lacerda    <br>   refer_2   5.086    <br>   bairro   Poço Grande    <br>   coord_x   708002,88159    <br>   coord_y   7021017,12059    <br>   latitude   -26,91717    <br>   longitu   -48,905328]]></description>
        <styleUrl>#icon-1899-DB4436</styleUrl>
        <Point>
          <coordinates>
            -48.905328,-26.91717,0
          </coordinates>
        </Point>
      </Placemark>
      <Placemark>
        <name>10,268</name>
        <description><![CDATA[Rodovia Jorge Lacerda    <br>       <br>   FID   1113    <br>   sequencia   1114    <br>   cota   10,27    <br>   refer_1   Rodovia Jorge Lacerda    <br>   refer_2   5.891    <br>   bairro   Poço Grande    <br>   coord_x   708804,500451    <br>   coord_y   7020343,38503    <br>   latitude   -26,923129    <br>   longitu   -48,897147]]></description>
        <styleUrl>#icon-1899-DB4436</styleUrl>
        <Point>
          <coordinates>
            -48.897147,-26.923129,0
          </coordinates>
        </Point>
      </Placemark>
      <Placemark>
        <name>10,32</name>
        <description><![CDATA[Rodovia Jorge Lacerda    <br>       <br>   FID   1114    <br>   sequencia   1115    <br>   cota   10,32    <br>   refer_1   Rodovia Jorge Lacerda    <br>   refer_2   5.496    <br>   bairro   Poço Grande    <br>   coord_x   708470,459922    <br>   coord_y   7020624,80385    <br>   latitude   -26,92064    <br>   longitu   -48,900556]]></description>
        <styleUrl>#icon-1899-DB4436</styleUrl>
        <Point>
          <coordinates>
            -48.900556,-26.92064,0
          </coordinates>
        </Point>
      </Placemark>
      <Placemark>
        <name>10,332</name>
        <description><![CDATA[Rodovia Jorge Lacerda    <br>       <br>   FID   1115    <br>   sequencia   1116    <br>   cota   10,33    <br>   refer_1   Rodovia Jorge Lacerda    <br>   refer_2   9.589    <br>   bairro   Poço Grande    <br>   coord_x   712567,430824    <br>   coord_y   7021640,0918    <br>   latitude   -26,91086    <br>   longitu   -48,859493]]></description>
        <styleUrl>#icon-1899-DB4436</styleUrl>
        <Point>
          <coordinates>
            -48.859493,-26.91086,0
          </coordinates>
        </Point>
      </Placemark>
      <Placemark>
        <name>10,348</name>
        <description><![CDATA[Rodovia Jorge Lacerda    <br>       <br>   FID   1116    <br>   sequencia   1117    <br>   cota   10,35    <br>   refer_1   Rodovia Jorge Lacerda    <br>   refer_2   4.900    <br>   bairro   Poço Grande    <br>   coord_x   707900,621411    <br>   coord_y   7021103,62943    <br>   latitude   -26,916405    <br>   longitu   -48,906371]]></description>
        <styleUrl>#icon-1899-DB4436</styleUrl>
        <Point>
          <coordinates>
            -48.906371,-26.916405,0
          </coordinates>
        </Point>
      </Placemark>
      <Placemark>
        <name>10,37</name>
        <description><![CDATA[Rodovia Jorge Lacerda    <br>       <br>   FID   1117    <br>   sequencia   1118    <br>   cota   10,37    <br>   refer_1   Rodovia Jorge Lacerda    <br>   refer_2   10.010    <br>   bairro   Poço Grande    <br>   coord_x   713467,28986    <br>   coord_y   7021811,24523    <br>   latitude   -26,909178    <br>   longitu   -48,850466]]></description>
        <styleUrl>#icon-1899-DB4436</styleUrl>
        <Point>
          <coordinates>
            -48.850466,-26.909178,0
          </coordinates>
        </Point>
      </Placemark>
      <Placemark>
        <name>10,518</name>
        <description><![CDATA[Rodovia Jorge Lacerda    <br>       <br>   FID   1118    <br>   sequencia   1119    <br>   cota   10,52    <br>   refer_1   Rodovia Jorge Lacerda    <br>   refer_2   Rua da Conceição    <br>   bairro   Poço Grande    <br>   coord_x   712980,097054    <br>   coord_y   7021687,88977    <br>   latitude   -26,910366    <br>   longitu   -48,855348]]></description>
        <styleUrl>#icon-1899-DB4436</styleUrl>
        <Point>
          <coordinates>
            -48.855348,-26.910366,0
          </coordinates>
        </Point>
      </Placemark>
      <Placemark>
        <name>10,615</name>
        <description><![CDATA[Rodovia Jorge Lacerda    <br>       <br>   FID   1119    <br>   sequencia   1120    <br>   cota   10,62    <br>   refer_1   Rodovia Jorge Lacerda    <br>   refer_2   4.700    <br>   bairro   Poço Grande    <br>   coord_x   707784,289608    <br>   coord_y   7021200,65073    <br>   latitude   -26,915547    <br>   longitu   -48,907559]]></description>
        <styleUrl>#icon-1899-DB4436</styleUrl>
        <Point>
          <coordinates>
            -48.907559,-26.915547,0
          </coordinates>
        </Point>
      </Placemark>
      <Placemark>
        <name>10,641</name>
        <description><![CDATA[Rodovia Jorge Lacerda    <br>       <br>   FID   1120    <br>   sequencia   1121    <br>   cota   10,64    <br>   refer_1   Rodovia Jorge Lacerda    <br>   refer_2   9.990 - Posto Delta    <br>   bairro   Poço Grande    <br>   coord_x   713373,477605    <br>   coord_y   7021779,96652    <br>   latitude   -26,909475    <br>   longitu   -48,851404]]></description>
        <styleUrl>#icon-1899-DB4436</styleUrl>
        <Point>
          <coordinates>
            -48.851404,-26.909475,0
          </coordinates>
        </Point>
      </Placemark>
      <Placemark>
        <name>10,688</name>
        <description><![CDATA[Rodovia Jorge Lacerda    <br>       <br>   FID   1121    <br>   sequencia   1122    <br>   cota   10,69    <br>   refer_1   Rodovia Jorge Lacerda    <br>   refer_2   Rua Maria Evelina Spengler    <br>   bairro   Poço Grande    <br>   coord_x   707691,89134    <br>   coord_y   7021268,70021    <br>   latitude   -26,914947    <br>   longitu   -48,9085]]></description>
        <styleUrl>#icon-1899-DB4436</styleUrl>
        <Point>
          <coordinates>
            -48.9085,-26.914947,0
          </coordinates>
        </Point>
      </Placemark>
      <Placemark>
        <name>10,794</name>
        <description><![CDATA[Rodovia Jorge Lacerda    <br>       <br>   FID   1122    <br>   sequencia   1123    <br>   cota   10,79    <br>   refer_1   Rodovia Jorge Lacerda    <br>   refer_2   4.733    <br>   bairro   Poço Grande    <br>   coord_x   707824,032907    <br>   coord_y   7021167,66196    <br>   latitude   -26,915839    <br>   longitu   -48,907153]]></description>
        <styleUrl>#icon-1899-DB4436</styleUrl>
        <Point>
          <coordinates>
            -48.907153,-26.915839,0
          </coordinates>
        </Point>
      </Placemark>
      <Placemark>
        <name>10,962</name>
        <description><![CDATA[Rodovia Jorge Lacerda    <br>       <br>   FID   1123    <br>   sequencia   1124    <br>   cota   10,96    <br>   refer_1   Rodovia Jorge Lacerda    <br>   refer_2   à 185 metros após rua João Spengler    <br>   bairro   Poço Grande    <br>   coord_x   711501,53879    <br>   coord_y   7021324,40312    <br>   latitude   -26,913871    <br>   longitu   -48,870166]]></description>
        <styleUrl>#icon-1899-DB4436</styleUrl>
        <Point>
          <coordinates>
            -48.870166,-26.913871,0
          </coordinates>
        </Point>
      </Placemark>
      <Placemark>
        <name>10,981</name>
        <description><![CDATA[Rodovia Jorge Lacerda    <br>       <br>   FID   1124    <br>   sequencia   1125    <br>   cota   10,98    <br>   refer_1   Rodovia Jorge Lacerda    <br>   refer_2   4.598    <br>   bairro   Poço Grande    <br>   coord_x   707648,748867    <br>   coord_y   7021304,21528    <br>   latitude   -26,914633    <br>   longitu   -48,90894]]></description>
        <styleUrl>#icon-1899-DB4436</styleUrl>
        <Point>
          <coordinates>
            -48.90894,-26.914633,0
          </coordinates>
        </Point>
      </Placemark>
      <Placemark>
        <name>11,024</name>
        <description><![CDATA[Rodovia Jorge Lacerda    <br>       <br>   FID   1125    <br>   sequencia   1126    <br>   cota   11,02    <br>   refer_1   Rodovia Jorge Lacerda    <br>   refer_2   8.400    <br>   bairro   Poço Grande    <br>   coord_x   711246,343917    <br>   coord_y   7021109,4719    <br>   latitude   -26,915849    <br>   longitu   -48,872699]]></description>
        <styleUrl>#icon-1899-DB4436</styleUrl>
        <Point>
          <coordinates>
            -48.872699,-26.915849,0
          </coordinates>
        </Point>
      </Placemark>
      <Placemark>
        <name>11,125</name>
        <description><![CDATA[Rodovia Jorge Lacerda    <br>       <br>   FID   1126    <br>   sequencia   1127    <br>   cota   11,13    <br>   refer_1   Rodovia Jorge Lacerda    <br>   refer_2   Rua Henrique Thon    <br>   bairro   Poço Grande    <br>   coord_x   707536,036742    <br>   coord_y   7021351,35107    <br>   latitude   -26,914224    <br>   longitu   -48,910082]]></description>
        <styleUrl>#icon-1899-DB4436</styleUrl>
        <Point>
          <coordinates>
            -48.910082,-26.914224,0
          </coordinates>
        </Point>
      </Placemark>
      <Placemark>
        <name>11,171</name>
        <description><![CDATA[Rodovia Jorge Lacerda    <br>       <br>   FID   1127    <br>   sequencia   1128    <br>   cota   11,17    <br>   refer_1   Rodovia Jorge Lacerda    <br>   refer_2   4.500    <br>   bairro   Poço Grande    <br>   coord_x   707569,34449    <br>   coord_y   7021329,31126    <br>   latitude   -26,914418    <br>   longitu   -48,909743]]></description>
        <styleUrl>#icon-1899-DB4436</styleUrl>
        <Point>
          <coordinates>
            -48.909743,-26.914418,0
          </coordinates>
        </Point>
      </Placemark>
      <Placemark>
        <name>11,211</name>
        <description><![CDATA[Rodovia Jorge Lacerda    <br>       <br>   FID   1128    <br>   sequencia   1129    <br>   cota   11,21    <br>   refer_1   Rodovia Jorge Lacerda    <br>   refer_2   Rua Silvio Garzewski    <br>   bairro   Poço Grande    <br>   coord_x   707487,028314    <br>   coord_y   7021365,30965    <br>   latitude   -26,914105    <br>   longitu   -48,910578]]></description>
        <styleUrl>#icon-1899-DB4436</styleUrl>
        <Point>
          <coordinates>
            -48.910578,-26.914105,0
          </coordinates>
        </Point>
      </Placemark>
      <Placemark>
        <name>11,258</name>
        <description><![CDATA[Rodovia Jorge Lacerda    <br>       <br>   FID   1129    <br>   sequencia   1130    <br>   cota   11,26    <br>   refer_1   Rodovia Jorge Lacerda    <br>   refer_2   4.300    <br>   bairro   Poço Grande    <br>   coord_x   707341,330649    <br>   coord_y   7021438,17368    <br>   latitude   -26,91347    <br>   longitu   -48,912056]]></description>
        <styleUrl>#icon-1899-DB4436</styleUrl>
        <Point>
          <coordinates>
            -48.912056,-26.91347,0
          </coordinates>
        </Point>
      </Placemark>
      <Placemark>
        <name>11,393</name>
        <description><![CDATA[Rodovia Jorge Lacerda    <br>       <br>   FID   1130    <br>   sequencia   1131    <br>   cota   11,39    <br>   refer_1   Rodovia Jorge Lacerda    <br>   refer_2   Rua Renato Manoel Peixoto    <br>   bairro   Poço Grande    <br>   coord_x   707358,442065    <br>   coord_y   7021419,89698    <br>   latitude   -26,913632    <br>   longitu   -48,911881]]></description>
        <styleUrl>#icon-1899-DB4436</styleUrl>
        <Point>
          <coordinates>
            -48.911881,-26.913632,0
          </coordinates>
        </Point>
      </Placemark>
      <Placemark>
        <name>11,412</name>
        <description><![CDATA[Rodovia Jorge Lacerda    <br>       <br>   FID   1131    <br>   sequencia   1132    <br>   cota   11,41    <br>   refer_1   Rodovia Jorge Lacerda    <br>   refer_2   à 60 metros da entrada da academia Bunge    <br>   bairro   Poço Grande    <br>   coord_x   707203,288817    <br>   coord_y   7021501,82311    <br>   latitude   -26,912916    <br>   longitu   -48,913456]]></description>
        <styleUrl>#icon-1899-DB4436</styleUrl>
        <Point>
          <coordinates>
            -48.913456,-26.912916,0
          </coordinates>
        </Point>
      </Placemark>
      <Placemark>
        <name>11,493</name>
        <description><![CDATA[Rodovia Jorge Lacerda    <br>       <br>   FID   1132    <br>   sequencia   1133    <br>   cota   11,49    <br>   refer_1   Rodovia Jorge Lacerda    <br>   refer_2   4.100    <br>   bairro   Poço Grande    <br>   coord_x   707075,173717    <br>   coord_y   7021560,097    <br>   latitude   -26,912409    <br>   longitu   -48,914755]]></description>
        <styleUrl>#icon-1899-DB4436</styleUrl>
        <Point>
          <coordinates>
            -48.914755,-26.912409,0
          </coordinates>
        </Point>
      </Placemark>
      <Placemark>
        <name>11,564</name>
        <description><![CDATA[Rodovia Jorge Lacerda    <br>       <br>   FID   1133    <br>   sequencia   1134    <br>   cota   11,56    <br>   refer_1   Rodovia Jorge Lacerda    <br>   refer_2   Próximo entrada rua João Spengler    <br>   bairro   Poço Grande    <br>   coord_x   711378,087833    <br>   coord_y   7021223,79217    <br>   latitude   -26,914797    <br>   longitu   -48,871392]]></description>
        <styleUrl>#icon-1899-DB4436</styleUrl>
        <Point>
          <coordinates>
            -48.871392,-26.914797,0
          </coordinates>
        </Point>
      </Placemark>
      <Placemark>
        <name>11,569</name>
        <description><![CDATA[Rodovia Jorge Lacerda    <br>       <br>   FID   1134    <br>   sequencia   1135    <br>   cota   11,57    <br>   refer_1   Rodovia Jorge Lacerda    <br>   refer_2   4.050    <br>   bairro   Poço Grande    <br>   coord_x   706926,347083    <br>   coord_y   7021616,22212    <br>   latitude   -26,911925    <br>   longitu   -48,916262]]></description>
        <styleUrl>#icon-1899-DB4436</styleUrl>
        <Point>
          <coordinates>
            -48.916262,-26.911925,0
          </coordinates>
        </Point>
      </Placemark>
      <Placemark>
        <name>11,573</name>
        <description><![CDATA[Rodovia Jorge Lacerda    <br>       <br>   FID   1135    <br>   sequencia   1136    <br>   cota   11,57    <br>   refer_1   Rodovia Jorge Lacerda    <br>   refer_2   à 150 metros após número 6666    <br>   bairro   Poço Grande    <br>   coord_x   709468,283595    <br>   coord_y   7019813,85428    <br>   latitude   -26,927807    <br>   longitu   -48,890377]]></description>
        <styleUrl>#icon-1899-DB4436</styleUrl>
        <Point>
          <coordinates>
            -48.890377,-26.927807,0
          </coordinates>
        </Point>
      </Placemark>
      <Placemark>
        <name>11,633</name>
        <description><![CDATA[Rodovia Jorge Lacerda    <br>       <br>   FID   1136    <br>   sequencia   1137    <br>   cota   11,63    <br>   refer_1   Rodovia Jorge Lacerda    <br>   refer_2   6.404    <br>   bairro   Poço Grande    <br>   coord_x   709208,073195    <br>   coord_y   7019873,09688    <br>   latitude   -26,927312    <br>   longitu   -48,893006]]></description>
        <styleUrl>#icon-1899-DB4436</styleUrl>
        <Point>
          <coordinates>
            -48.893006,-26.927312,0
          </coordinates>
        </Point>
      </Placemark>
      <Placemark>
        <name>11,665</name>
        <description><![CDATA[Rodovia Jorge Lacerda    <br>       <br>   FID   1137    <br>   sequencia   1138    <br>   cota   11,66    <br>   refer_1   Rodovia Jorge Lacerda    <br>   refer_2   3.227    <br>   bairro   Poço Grande    <br>   coord_x   706223,908024    <br>   coord_y   7021705,60059    <br>   latitude   -26,911223    <br>   longitu   -48,923347]]></description>
        <styleUrl>#icon-1899-DB4436</styleUrl>
        <Point>
          <coordinates>
            -48.923347,-26.911223,0
          </coordinates>
        </Point>
      </Placemark>
      <Placemark>
        <name>11,842</name>
        <description><![CDATA[Rodovia Jorge Lacerda    <br>       <br>   FID   1138    <br>   sequencia   1139    <br>   cota   11,84    <br>   refer_1   Rodovia Jorge Lacerda    <br>   refer_2   Rua Vitor Goedert    <br>   bairro   Poço Grande    <br>   coord_x   706520,363784    <br>   coord_y   7021679,41417    <br>   latitude   -26,911415    <br>   longitu   -48,920359]]></description>
        <styleUrl>#icon-1899-DB4436</styleUrl>
        <Point>
          <coordinates>
            -48.920359,-26.911415,0
          </coordinates>
        </Point>
      </Placemark>
      <Placemark>
        <name>11,863</name>
        <description><![CDATA[Rodovia Jorge Lacerda    <br>       <br>   FID   1139    <br>   sequencia   1140    <br>   cota   11,86    <br>   refer_1   Rodovia Jorge Lacerda    <br>   refer_2   3.380    <br>   bairro   Poço Grande    <br>   coord_x   706367,289755    <br>   coord_y   7021693,39618    <br>   latitude   -26,911312    <br>   longitu   -48,921902]]></description>
        <styleUrl>#icon-1899-DB4436</styleUrl>
        <Point>
          <coordinates>
            -48.921902,-26.911312,0
          </coordinates>
        </Point>
      </Placemark>
      <Placemark>
        <name>11,9</name>
        <description><![CDATA[Rodovia Jorge Lacerda    <br>       <br>   FID   1140    <br>   sequencia   1141    <br>   cota   11,90    <br>   refer_1   Rodovia Jorge Lacerda    <br>   refer_2   2.847    <br>   bairro   Poço Grande    <br>   coord_x   705761,868097    <br>   coord_y   7021792,06125    <br>   latitude   -26,910511    <br>   longitu   -48,928012]]></description>
        <styleUrl>#icon-1899-DB4436</styleUrl>
        <Point>
          <coordinates>
            -48.928012,-26.910511,0
          </coordinates>
        </Point>
      </Placemark>
      <Placemark>
        <name>11,911</name>
        <description><![CDATA[Rodovia Jorge Lacerda    <br>       <br>   FID   1141    <br>   sequencia   1142    <br>   cota   11,91    <br>   refer_1   Rodovia Jorge Lacerda    <br>   refer_2   2.955    <br>   bairro   Poço Grande    <br>   coord_x   706056,966295    <br>   coord_y   7021723,07365    <br>   latitude   -26,91109    <br>   longitu   -48,92503]]></description>
        <styleUrl>#icon-1899-DB4436</styleUrl>
        <Point>
          <coordinates>
            -48.92503,-26.91109,0
          </coordinates>
        </Point>
      </Placemark>
      <Placemark>
        <name>12,011</name>
        <description><![CDATA[Rodovia Jorge Lacerda    <br>       <br>   FID   1142    <br>   sequencia   1143    <br>   cota   12,01    <br>   refer_1   Rodovia Jorge Lacerda    <br>   refer_2   3.700    <br>   bairro   Poço Grande    <br>   coord_x   706651,046383    <br>   coord_y   7021667,88856    <br>   latitude   -26,9115    <br>   longitu   -48,919042]]></description>
        <styleUrl>#icon-1899-DB4436</styleUrl>
        <Point>
          <coordinates>
            -48.919042,-26.9115,0
          </coordinates>
        </Point>
      </Placemark>
      <Placemark>
        <name>12,057</name>
        <description><![CDATA[Rodovia Jorge Lacerda    <br>       <br>   FID   1143    <br>   sequencia   1144    <br>   cota   12,06    <br>   refer_1   Rodovia Jorge Lacerda    <br>   refer_2   2.901    <br>   bairro   Poço Grande    <br>   coord_x   705903,267139    <br>   coord_y   7021745,77972    <br>   latitude   -26,910908    <br>   longitu   -48,926581]]></description>
        <styleUrl>#icon-1899-DB4436</styleUrl>
        <Point>
          <coordinates>
            -48.926581,-26.910908,0
          </coordinates>
        </Point>
      </Placemark>
      <Placemark>
        <name>12,126</name>
        <description><![CDATA[Rodovia Jorge Lacerda    <br>       <br>   FID   1144    <br>   sequencia   1145    <br>   cota   12,13    <br>   refer_1   Rodovia Jorge Lacerda    <br>   refer_2   4.000    <br>   bairro   Poço Grande    <br>   coord_x   706789,948669    <br>   coord_y   7021650,43159    <br>   latitude   -26,911637    <br>   longitu   -48,917641]]></description>
        <styleUrl>#icon-1899-DB4436</styleUrl>
        <Point>
          <coordinates>
            -48.917641,-26.911637,0
          </coordinates>
        </Point>
      </Placemark>
      <Placemark>
        <name>12,377</name>
        <description><![CDATA[Rodovia Jorge Lacerda    <br>       <br>   FID   1145    <br>   sequencia   1146    <br>   cota   12,38    <br>   refer_1   Rodovia Jorge Lacerda    <br>   refer_2   2.710    <br>   bairro   Poço Grande    <br>   coord_x   705620,505709    <br>   coord_y   7021836,72734    <br>   latitude   -26,910129    <br>   longitu   -48,929442]]></description>
        <styleUrl>#icon-1899-DB4436</styleUrl>
        <Point>
          <coordinates>
            -48.929442,-26.910129,0
          </coordinates>
        </Point>
      </Placemark>
      <Placemark>
        <name>12,509</name>
        <description><![CDATA[Rodovia Jorge Lacerda    <br>       <br>   FID   1146    <br>   sequencia   1147    <br>   cota   12,51    <br>   refer_1   Rodovia Jorge Lacerda    <br>   refer_2   2.455    <br>   bairro   Poço Grande    <br>   coord_x   705274,586341    <br>   coord_y   7021891,89608    <br>   latitude   -26,909682    <br>   longitu   -48,932932]]></description>
        <styleUrl>#icon-1899-DB4436</styleUrl>
        <Point>
          <coordinates>
            -48.932932,-26.909682,0
          </coordinates>
        </Point>
      </Placemark>
      <Placemark>
        <name>12,554</name>
        <description><![CDATA[Rodovia Jorge Lacerda    <br>       <br>   FID   1147    <br>   sequencia   1148    <br>   cota   12,55    <br>   refer_1   Rodovia Jorge Lacerda    <br>   refer_2   2.529    <br>   bairro   Poço Grande    <br>   coord_x   705430,664868    <br>   coord_y   7021893,33615    <br>   latitude   -26,909646    <br>   longitu   -48,931362]]></description>
        <styleUrl>#icon-1899-DB4436</styleUrl>
        <Point>
          <coordinates>
            -48.931362,-26.909646,0
          </coordinates>
        </Point>
      </Placemark>
      <Placemark>
        <name>12,566</name>
        <description><![CDATA[Rodovia Jorge Lacerda    <br>       <br>   FID   1148    <br>   sequencia   1149    <br>   cota   12,57    <br>   refer_1   Rodovia Jorge Lacerda    <br>   refer_2   2.620    <br>   bairro   Poço Grande    <br>   coord_x   705494,589787    <br>   coord_y   7021877,71597    <br>   latitude   -26,909778    <br>   longitu   -48,930716]]></description>
        <styleUrl>#icon-1899-DB4436</styleUrl>
        <Point>
          <coordinates>
            -48.930716,-26.909778,0
          </coordinates>
        </Point>
      </Placemark>
      <Placemark>
        <name>12,611</name>
        <description><![CDATA[Rodovia Jorge Lacerda    <br>       <br>   FID   1149    <br>   sequencia   1150    <br>   cota   12,61    <br>   refer_1   Rodovia Jorge Lacerda    <br>   refer_2   2.299    <br>   bairro   Poço Grande    <br>   coord_x   705199,903865    <br>   coord_y   7021875,27437    <br>   latitude   -26,909843    <br>   longitu   -48,933681]]></description>
        <styleUrl>#icon-1899-DB4436</styleUrl>
        <Point>
          <coordinates>
            -48.933681,-26.909843,0
          </coordinates>
        </Point>
      </Placemark>
      <Placemark>
        <name>12,827</name>
        <description><![CDATA[Rodovia Jorge Lacerda    <br>       <br>   FID   1150    <br>   sequencia   1151    <br>   cota   12,83    <br>   refer_1   Rodovia Jorge Lacerda    <br>   refer_2   6.666    <br>   bairro   Poço Grande    <br>   coord_x   709318,477805    <br>   coord_y   7019820,52123    <br>   latitude   -26,927769    <br>   longitu   -48,891886]]></description>
        <styleUrl>#icon-1899-DB4436</styleUrl>
        <Point>
          <coordinates>
            -48.891886,-26.927769,0
          </coordinates>
        </Point>
      </Placemark>
      <Placemark>
        <name>8,85</name>
        <description><![CDATA[Rua Ambrósio Spengler    <br>       <br>   FID   1151    <br>   sequencia   1152    <br>   cota   8,85    <br>   refer_1   Rua Ambrósio Spengler    <br>   refer_2   1.570    <br>   bairro   Poço Grande    <br>   coord_x   707221,590733    <br>   coord_y   7019959,43568    <br>   latitude   -26,92683    <br>   longitu   -48,913016]]></description>
        <styleUrl>#icon-1899-DB4436</styleUrl>
        <Point>
          <coordinates>
            -48.913016,-26.92683,0
          </coordinates>
        </Point>
      </Placemark>
      <Placemark>
        <name>9,52</name>
        <description><![CDATA[Rua Ambrósio Spengler    <br>       <br>   FID   1152    <br>   sequencia   1153    <br>   cota   9,52    <br>   refer_1   Rua Ambrósio Spengler    <br>   refer_2   1.580    <br>   bairro   Poço Grande    <br>   coord_x   707197,008265    <br>   coord_y   7019955,33556    <br>   latitude   -26,92687    <br>   longitu   -48,913263]]></description>
        <styleUrl>#icon-1899-DB4436</styleUrl>
        <Point>
          <coordinates>
            -48.913263,-26.92687,0
          </coordinates>
        </Point>
      </Placemark>
      <Placemark>
        <name>9,993</name>
        <description><![CDATA[Rua Ambrósio Spengler    <br>       <br>   FID   1153    <br>   sequencia   1154    <br>   cota   9,99    <br>   refer_1   Rua Ambrósio Spengler    <br>   refer_2   368    <br>   bairro   Poço Grande    <br>   coord_x   707745,589599    <br>   coord_y   7020832,15177    <br>   latitude   -26,918877    <br>   longitu   -48,907887]]></description>
        <styleUrl>#icon-1899-DB4436</styleUrl>
        <Point>
          <coordinates>
            -48.907887,-26.918877,0
          </coordinates>
        </Point>
      </Placemark>
      <Placemark>
        <name>10,073</name>
        <description><![CDATA[Rua Ambrósio Spengler    <br>       <br>   FID   1154    <br>   sequencia   1155    <br>   cota   10,07    <br>   refer_1   Rua Ambrósio Spengler    <br>   refer_2   560    <br>   bairro   Poço Grande    <br>   coord_x   707728,828547    <br>   coord_y   7020653,8446    <br>   latitude   -26,920489    <br>   longitu   -48,908026]]></description>
        <styleUrl>#icon-1899-DB4436</styleUrl>
        <Point>
          <coordinates>
            -48.908026,-26.920489,0
          </coordinates>
        </Point>
      </Placemark>
      <Placemark>
        <name>10,208</name>
        <description><![CDATA[Rua Ambrósio Spengler    <br>       <br>   FID   1155    <br>   sequencia   1156    <br>   cota   10,21    <br>   refer_1   Rua Ambrósio Spengler    <br>   refer_2   180    <br>   bairro   Poço Grande    <br>   coord_x   707764,620877    <br>   coord_y   7021013,79175    <br>   latitude   -26,917236    <br>   longitu   -48,907725]]></description>
        <styleUrl>#icon-1899-DB4436</styleUrl>
        <Point>
          <coordinates>
            -48.907725,-26.917236,0
          </coordinates>
        </Point>
      </Placemark>
      <Placemark>
        <name>10,415</name>
        <description><![CDATA[Rua Ambrósio Spengler    <br>       <br>   FID   1156    <br>   sequencia   1157    <br>   cota   10,41    <br>   refer_1   Rua Ambrósio Spengler    <br>   refer_2   610    <br>   bairro   Poço Grande    <br>   coord_x   707713,491194    <br>   coord_y   7020504,27409    <br>   latitude   -26,921841    <br>   longitu   -48,908155]]></description>
        <styleUrl>#icon-1899-DB4436</styleUrl>
        <Point>
          <coordinates>
            -48.908155,-26.921841,0
          </coordinates>
        </Point>
      </Placemark>
      <Placemark>
        <name>10,47</name>
        <description><![CDATA[Rua Arnoldo Lenoir    <br>       <br>   FID   1157    <br>   sequencia   1158    <br>   cota   10,47    <br>   refer_1   Rua Arnoldo Lenoir    <br>   refer_2   Final de rua    <br>   bairro   Poço Grande    <br>   coord_x   708896,175023    <br>   coord_y   7019525,15202    <br>   latitude   -26,930498    <br>   longitu   -48,896087]]></description>
        <styleUrl>#icon-1899-DB4436</styleUrl>
        <Point>
          <coordinates>
            -48.896087,-26.930498,0
          </coordinates>
        </Point>
      </Placemark>
      <Placemark>
        <name>10,39</name>
        <description><![CDATA[Rua Bernardo Leônidas Spengler    <br>       <br>   FID   1158    <br>   sequencia   1159    <br>   cota   10,39    <br>   refer_1   Rua Bernardo Leônidas Spengler    <br>   refer_2   70    <br>   bairro   Poço Grande    <br>   coord_x   707638,179412    <br>   coord_y   7021207,33589    <br>   latitude   -26,915508    <br>   longitu   -48,90903]]></description>
        <styleUrl>#icon-1899-DB4436</styleUrl>
        <Point>
          <coordinates>
            -48.90903,-26.915508,0
          </coordinates>
        </Point>
      </Placemark>
      <Placemark>
        <name>8,883</name>
        <description><![CDATA[Rua da Conceição    <br>       <br>   FID   1159    <br>   sequencia   1160    <br>   cota   8,88    <br>   refer_1   Rua da Conceição    <br>   refer_2   65    <br>   bairro   Poço Grande    <br>   coord_x   712976,420359    <br>   coord_y   7021596,76029    <br>   latitude   -26,911188    <br>   longitu   -48,855369]]></description>
        <styleUrl>#icon-1899-DB4436</styleUrl>
        <Point>
          <coordinates>
            -48.855369,-26.911188,0
          </coordinates>
        </Point>
      </Placemark>
      <Placemark>
        <name>10,518</name>
        <description><![CDATA[Rua da Conceição    <br>       <br>   FID   1160    <br>   sequencia   1161    <br>   cota   10,52    <br>   refer_1   Rua da Conceição    <br>   refer_2   98    <br>   bairro   Poço Grande    <br>   coord_x   712939,621858    <br>   coord_y   7021438,33009    <br>   latitude   -26,912624    <br>   longitu   -48,855712]]></description>
        <styleUrl>#icon-1899-DB4436</styleUrl>
        <Point>
          <coordinates>
            -48.855712,-26.912624,0
          </coordinates>
        </Point>
      </Placemark>
      <Placemark>
        <name>8,905</name>
        <description><![CDATA[Rua Francisco Spengler    <br>       <br>   FID   1161    <br>   sequencia   1162    <br>   cota   8,90    <br>   refer_1   Rua Francisco Spengler    <br>   refer_2   Final de rua    <br>   bairro   Poço Grande    <br>   coord_x   707387,38402    <br>   coord_y   7020848,45798    <br>   latitude   -26,918784    <br>   longitu   -48,911495]]></description>
        <styleUrl>#icon-1899-DB4436</styleUrl>
        <Point>
          <coordinates>
            -48.911495,-26.918784,0
          </coordinates>
        </Point>
      </Placemark>
      <Placemark>
        <name>9,249</name>
        <description><![CDATA[Rua Francisco Spengler    <br>       <br>   FID   1162    <br>   sequencia   1163    <br>   cota   9,25    <br>   refer_1   Rua Francisco Spengler    <br>   refer_2   435    <br>   bairro   Poço Grande    <br>   coord_x   707397,064238    <br>   coord_y   7020918,27533    <br>   latitude   -26,918152    <br>   longitu   -48,911409]]></description>
        <styleUrl>#icon-1899-DB4436</styleUrl>
        <Point>
          <coordinates>
            -48.911409,-26.918152,0
          </coordinates>
        </Point>
      </Placemark>
      <Placemark>
        <name>9,654</name>
        <description><![CDATA[Rua Francisco Spengler    <br>       <br>   FID   1163    <br>   sequencia   1164    <br>   cota   9,65    <br>   refer_1   Rua Francisco Spengler    <br>   refer_2   357    <br>   bairro   Poço Grande    <br>   coord_x   707407,304557    <br>   coord_y   7021022,01247    <br>   latitude   -26,917215    <br>   longitu   -48,911323]]></description>
        <styleUrl>#icon-1899-DB4436</styleUrl>
        <Point>
          <coordinates>
            -48.911323,-26.917215,0
          </coordinates>
        </Point>
      </Placemark>
      <Placemark>
        <name>10,073</name>
        <description><![CDATA[Rua Francisco Spengler    <br>       <br>   FID   1164    <br>   sequencia   1165    <br>   cota   10,07    <br>   refer_1   Rua Francisco Spengler    <br>   refer_2   245    <br>   bairro   Poço Grande    <br>   coord_x   707410,53061    <br>   coord_y   7021120,56487    <br>   latitude   -26,916325    <br>   longitu   -48,911307]]></description>
        <styleUrl>#icon-1899-DB4436</styleUrl>
        <Point>
          <coordinates>
            -48.911307,-26.916325,0
          </coordinates>
        </Point>
      </Placemark>
      <Placemark>
        <name>10,263</name>
        <description><![CDATA[Rua Francisco Spengler    <br>       <br>   FID   1165    <br>   sequencia   1166    <br>   cota   10,26    <br>   refer_1   Rua Francisco Spengler    <br>   refer_2   140    <br>   bairro   Poço Grande    <br>   coord_x   707422,981184    <br>   coord_y   7021229,03848    <br>   latitude   -26,915345    <br>   longitu   -48,9112]]></description>
        <styleUrl>#icon-1899-DB4436</styleUrl>
        <Point>
          <coordinates>
            -48.9112,-26.915345,0
          </coordinates>
        </Point>
      </Placemark>
      <Placemark>
        <name>10,732</name>
        <description><![CDATA[Rua Francisco Spengler    <br>       <br>   FID   1166    <br>   sequencia   1167    <br>   cota   10,73    <br>   refer_1   Rua Francisco Spengler    <br>   refer_2   50    <br>   bairro   Poço Grande    <br>   coord_x   707435,183793    <br>   coord_y   7021324,28392    <br>   latitude   -26,914483    <br>   longitu   -48,911093]]></description>
        <styleUrl>#icon-1899-DB4436</styleUrl>
        <Point>
          <coordinates>
            -48.911093,-26.914483,0
          </coordinates>
        </Point>
      </Placemark>
      <Placemark>
        <name>9,315</name>
        <description><![CDATA[Rua Henrique Thon    <br>       <br>   FID   1167    <br>   sequencia   1168    <br>   cota   9,31    <br>   refer_1   Rua Henrique Thon    <br>   refer_2   Final de rua    <br>   bairro   Poço Grande    <br>   coord_x   707485,919089    <br>   coord_y   7020836,22198    <br>   latitude   -26,918879    <br>   longitu   -48,910501]]></description>
        <styleUrl>#icon-1899-DB4436</styleUrl>
        <Point>
          <coordinates>
            -48.910501,-26.918879,0
          </coordinates>
        </Point>
      </Placemark>
      <Placemark>
        <name>9,634</name>
        <description><![CDATA[Rua Henrique Thon    <br>       <br>   FID   1168    <br>   sequencia   1169    <br>   cota   9,63    <br>   refer_1   Rua Henrique Thon    <br>   refer_2   370    <br>   bairro   Poço Grande    <br>   coord_x   707492,401519    <br>   coord_y   7020949,64957    <br>   latitude   -26,917855    <br>   longitu   -48,910455]]></description>
        <styleUrl>#icon-1899-DB4436</styleUrl>
        <Point>
          <coordinates>
            -48.910455,-26.917855,0
          </coordinates>
        </Point>
      </Placemark>
      <Placemark>
        <name>9,882</name>
        <description><![CDATA[Rua Henrique Thon    <br>       <br>   FID   1169    <br>   sequencia   1170    <br>   cota   9,88    <br>   refer_1   Rua Henrique Thon    <br>   refer_2   220    <br>   bairro   Poço Grande    <br>   coord_x   707507,716454    <br>   coord_y   7021079,17495    <br>   latitude   -26,916684    <br>   longitu   -48,910322]]></description>
        <styleUrl>#icon-1899-DB4436</styleUrl>
        <Point>
          <coordinates>
            -48.910322,-26.916684,0
          </coordinates>
        </Point>
      </Placemark>
      <Placemark>
        <name>10,303</name>
        <description><![CDATA[Rua Henrique Thon    <br>       <br>   FID   1170    <br>   sequencia   1171    <br>   cota   10,30    <br>   refer_1   Rua Henrique Thon    <br>   refer_2   111    <br>   bairro   Poço Grande    <br>   coord_x   707526,312078    <br>   coord_y   7021214,18799    <br>   latitude   -26,915463    <br>   longitu   -48,910157]]></description>
        <styleUrl>#icon-1899-DB4436</styleUrl>
        <Point>
          <coordinates>
            -48.910157,-26.915463,0
          </coordinates>
        </Point>
      </Placemark>
      <Placemark>
        <name>8,45</name>
        <description><![CDATA[Rua João Maria Scheidt    <br>       <br>   FID   1171    <br>   sequencia   1172    <br>   cota   8,45    <br>   refer_1   Rua João Maria Scheidt    <br>   refer_2   à 75 metros após o número 265    <br>   bairro   Poço Grande    <br>   coord_x   708193,97732    <br>   coord_y   7020364,41601    <br>   latitude   -26,923031    <br>   longitu   -48,903296]]></description>
        <styleUrl>#icon-1899-DB4436</styleUrl>
        <Point>
          <coordinates>
            -48.903296,-26.923031,0
          </coordinates>
        </Point>
      </Placemark>
      <Placemark>
        <name>8,56</name>
        <description><![CDATA[Rua João Maria Scheidt    <br>       <br>   FID   1172    <br>   sequencia   1173    <br>   cota   8,56    <br>   refer_1   Rua João Maria Scheidt    <br>   refer_2   Final de rua    <br>   bairro   Poço Grande    <br>   coord_x   708192,377641    <br>   coord_y   7020320,66285    <br>   latitude   -26,923426    <br>   longitu   -48,903304]]></description>
        <styleUrl>#icon-1899-DB4436</styleUrl>
        <Point>
          <coordinates>
            -48.903304,-26.923426,0
          </coordinates>
        </Point>
      </Placemark>
      <Placemark>
        <name>8,65</name>
        <description><![CDATA[Rua João Maria Scheidt    <br>       <br>   FID   1173    <br>   sequencia   1174    <br>   cota   8,65    <br>   refer_1   Rua João Maria Scheidt    <br>   refer_2   265    <br>   bairro   Poço Grande    <br>   coord_x   708203,595925    <br>   coord_y   7020442,65246    <br>   latitude   -26,922323    <br>   longitu   -48,903212]]></description>
        <styleUrl>#icon-1899-DB4436</styleUrl>
        <Point>
          <coordinates>
            -48.903212,-26.922323,0
          </coordinates>
        </Point>
      </Placemark>
      <Placemark>
        <name>8,901</name>
        <description><![CDATA[Rua João Maria Scheidt    <br>       <br>   FID   1174    <br>   sequencia   1175    <br>   cota   8,90    <br>   refer_1   Rua João Maria Scheidt    <br>   refer_2   233    <br>   bairro   Poço Grande    <br>   coord_x   708210,105766    <br>   coord_y   7020520,3653    <br>   latitude   -26,921621    <br>   longitu   -48,903159]]></description>
        <styleUrl>#icon-1899-DB4436</styleUrl>
        <Point>
          <coordinates>
            -48.903159,-26.921621,0
          </coordinates>
        </Point>
      </Placemark>
      <Placemark>
        <name>9,462</name>
        <description><![CDATA[Rua João Maria Scheidt    <br>       <br>   FID   1175    <br>   sequencia   1176    <br>   cota   9,46    <br>   refer_1   Rua João Maria Scheidt    <br>   refer_2   73    <br>   bairro   Poço Grande    <br>   coord_x   708237,724632    <br>   coord_y   7020730,94933    <br>   latitude   -26,919717    <br>   longitu   -48,902916]]></description>
        <styleUrl>#icon-1899-DB4436</styleUrl>
        <Point>
          <coordinates>
            -48.902916,-26.919717,0
          </coordinates>
        </Point>
      </Placemark>
      <Placemark>
        <name>9,526</name>
        <description><![CDATA[Rua João Maria Scheidt    <br>       <br>   FID   1176    <br>   sequencia   1177    <br>   cota   9,53    <br>   refer_1   Rua João Maria Scheidt    <br>   refer_2   221    <br>   bairro   Poço Grande    <br>   coord_x   708221,76347    <br>   coord_y   7020596,40411    <br>   latitude   -26,920933    <br>   longitu   -48,903055]]></description>
        <styleUrl>#icon-1899-DB4436</styleUrl>
        <Point>
          <coordinates>
            -48.903055,-26.920933,0
          </coordinates>
        </Point>
      </Placemark>
      <Placemark>
        <name>8,038</name>
        <description><![CDATA[Rua Leonardo Pedro Schmitt    <br>       <br>   FID   1177    <br>   sequencia   1178    <br>   cota   8,04    <br>   refer_1   Rua Leonardo Pedro Schmitt    <br>   refer_2   à 425 metros da entrada da rua    <br>   bairro   Poço Grande    <br>   coord_x   709564,68556    <br>   coord_y   7019440,66886    <br>   latitude   -26,931159    <br>   longitu   -48,889344]]></description>
        <styleUrl>#icon-1899-DB4436</styleUrl>
        <Point>
          <coordinates>
            -48.889344,-26.931159,0
          </coordinates>
        </Point>
      </Placemark>
      <Placemark>
        <name>8,27</name>
        <description><![CDATA[Rua Leonardo Pedro Schmitt    <br>       <br>   FID   1178    <br>   sequencia   1179    <br>   cota   8,27    <br>   refer_1   Rua Leonardo Pedro Schmitt    <br>   refer_2   à 260 metros da entrada da rua    <br>   bairro   Poço Grande    <br>   coord_x   709584,052079    <br>   coord_y   7019604,77716    <br>   latitude   -26,929676    <br>   longitu   -48,889176]]></description>
        <styleUrl>#icon-1899-DB4436</styleUrl>
        <Point>
          <coordinates>
            -48.889176,-26.929676,0
          </coordinates>
        </Point>
      </Placemark>
      <Placemark>
        <name>9,56</name>
        <description><![CDATA[Rua Leonardo Pedro Schmitt    <br>       <br>   FID   1179    <br>   sequencia   1180    <br>   cota   9,56    <br>   refer_1   Rua Leonardo Pedro Schmitt    <br>   refer_2   à 140 metros da entrada da rua    <br>   bairro   Poço Grande    <br>   coord_x   709596,351812    <br>   coord_y   7019722,25148    <br>   latitude   -26,928614    <br>   longitu   -48,889072]]></description>
        <styleUrl>#icon-1899-DB4436</styleUrl>
        <Point>
          <coordinates>
            -48.889072,-26.928614,0
          </coordinates>
        </Point>
      </Placemark>
      <Placemark>
        <name>9,63</name>
        <description><![CDATA[Rua Leonardo Pedro Schmitt    <br>       <br>   FID   1180    <br>   sequencia   1181    <br>   cota   9,63    <br>   refer_1   Rua Leonardo Pedro Schmitt    <br>   refer_2   à 80 metros antes do número 701    <br>   bairro   Poço Grande    <br>   coord_x   709540,588855    <br>   coord_y   7019242,18706    <br>   latitude   -26,932954    <br>   longitu   -48,889553]]></description>
        <styleUrl>#icon-1899-DB4436</styleUrl>
        <Point>
          <coordinates>
            -48.889553,-26.932954,0
          </coordinates>
        </Point>
      </Placemark>
      <Placemark>
        <name>12</name>
        <description><![CDATA[Rua Leonardo Pedro Schmitt    <br>       <br>   FID   1181    <br>   sequencia   1182    <br>   cota   12,00    <br>   refer_1   Rua Leonardo Pedro Schmitt    <br>   refer_2   701    <br>   bairro   Poço Grande    <br>   coord_x   709588,663332    <br>   coord_y   7019185,09107    <br>   latitude   -26,933462    <br>   longitu   -48,889059]]></description>
        <styleUrl>#icon-1899-DB4436</styleUrl>
        <Point>
          <coordinates>
            -48.889059,-26.933462,0
          </coordinates>
        </Point>
      </Placemark>
      <Placemark>
        <name>9,686</name>
        <description><![CDATA[Rua Maria Evelina Spengler    <br>       <br>   FID   1182    <br>   sequencia   1183    <br>   cota   9,69    <br>   refer_1   Rua Maria Evelina Spengler    <br>   refer_2   248    <br>   bairro   Poço Grande    <br>   coord_x   707669,058806    <br>   coord_y   7020991,82078    <br>   latitude   -26,917448    <br>   longitu   -48,908684]]></description>
        <styleUrl>#icon-1899-DB4436</styleUrl>
        <Point>
          <coordinates>
            -48.908684,-26.917448,0
          </coordinates>
        </Point>
      </Placemark>
      <Placemark>
        <name>9,72</name>
        <description><![CDATA[Rua Maria Evelina Spengler    <br>       <br>   FID   1183    <br>   sequencia   1184    <br>   cota   9,72    <br>   refer_1   Rua Maria Evelina Spengler    <br>   refer_2   680    <br>   bairro   Poço Grande    <br>   coord_x   707623,446217    <br>   coord_y   7020580,48636    <br>   latitude   -26,921166    <br>   longitu   -48,909074]]></description>
        <styleUrl>#icon-1899-DB4436</styleUrl>
        <Point>
          <coordinates>
            -48.909074,-26.921166,0
          </coordinates>
        </Point>
      </Placemark>
      <Placemark>
        <name>9,724</name>
        <description><![CDATA[Rua Maria Evelina Spengler    <br>       <br>   FID   1184    <br>   sequencia   1185    <br>   cota   9,72    <br>   refer_1   Rua Maria Evelina Spengler    <br>   refer_2   402    <br>   bairro   Poço Grande    <br>   coord_x   707648,655563    <br>   coord_y   7020839,93343    <br>   latitude   -26,918822    <br>   longitu   -48,908864]]></description>
        <styleUrl>#icon-1899-DB4436</styleUrl>
        <Point>
          <coordinates>
            -48.908864,-26.918822,0
          </coordinates>
        </Point>
      </Placemark>
      <Placemark>
        <name>9,73</name>
        <description><![CDATA[Rua Maria Evelina Spengler    <br>       <br>   FID   1185    <br>   sequencia   1186    <br>   cota   9,73    <br>   refer_1   Rua Maria Evelina Spengler    <br>   refer_2   560    <br>   bairro   Poço Grande    <br>   coord_x   707634,835901    <br>   coord_y   7020689,57573    <br>   latitude   -26,92018    <br>   longitu   -48,908978]]></description>
        <styleUrl>#icon-1899-DB4436</styleUrl>
        <Point>
          <coordinates>
            -48.908978,-26.92018,0
          </coordinates>
        </Point>
      </Placemark>
      <Placemark>
        <name>10,149</name>
        <description><![CDATA[Rua Maria Evelina Spengler    <br>       <br>   FID   1186    <br>   sequencia   1187    <br>   cota   10,15    <br>   refer_1   Rua Maria Evelina Spengler    <br>   refer_2   130    <br>   bairro   Poço Grande    <br>   coord_x   707678,298621    <br>   coord_y   7021100,82413    <br>   latitude   -26,916463    <br>   longitu   -48,908609]]></description>
        <styleUrl>#icon-1899-DB4436</styleUrl>
        <Point>
          <coordinates>
            -48.908609,-26.916463,0
          </coordinates>
        </Point>
      </Placemark>
      <Placemark>
        <name>10,55</name>
        <description><![CDATA[Rua Olga Francisca Reinert    <br>       <br>   FID   1187    <br>   sequencia   1188    <br>   cota   10,55    <br>   refer_1   Rua Olga Francisca Reinert    <br>   refer_2   Final de rua    <br>   bairro   Poço Grande    <br>   coord_x   708893,276759    <br>   coord_y   7019441,68034    <br>   latitude   -26,931251    <br>   longitu   -48,896102]]></description>
        <styleUrl>#icon-1899-DB4436</styleUrl>
        <Point>
          <coordinates>
            -48.896102,-26.931251,0
          </coordinates>
        </Point>
      </Placemark>
      <Placemark>
        <name>9,729</name>
        <description><![CDATA[Rua Oswaldo Matias Schmitt    <br>       <br>   FID   1188    <br>   sequencia   1189    <br>   cota   9,73    <br>   refer_1   Rua Oswaldo Matias Schmitt    <br>   refer_2   326    <br>   bairro   Poço Grande    <br>   coord_x   707537,940398    <br>   coord_y   7021000,10876    <br>   latitude   -26,917393    <br>   longitu   -48,910005]]></description>
        <styleUrl>#icon-1899-DB4436</styleUrl>
        <Point>
          <coordinates>
            -48.910005,-26.917393,0
          </coordinates>
        </Point>
      </Placemark>
      <Placemark>
        <name>9,954</name>
        <description><![CDATA[Rua Oswaldo Matias Schmitt    <br>       <br>   FID   1189    <br>   sequencia   1190    <br>   cota   9,95    <br>   refer_1   Rua Oswaldo Matias Schmitt    <br>   refer_2   210    <br>   bairro   Poço Grande    <br>   coord_x   707551,729946    <br>   coord_y   7021120,23334    <br>   latitude   -26,916307    <br>   longitu   -48,909886]]></description>
        <styleUrl>#icon-1899-DB4436</styleUrl>
        <Point>
          <coordinates>
            -48.909886,-26.916307,0
          </coordinates>
        </Point>
      </Placemark>
      <Placemark>
        <name>10,329</name>
        <description><![CDATA[Rua Oswaldo Matias Schmitt    <br>       <br>   FID   1190    <br>   sequencia   1191    <br>   cota   10,33    <br>   refer_1   Rua Oswaldo Matias Schmitt    <br>   refer_2   122    <br>   bairro   Poço Grande    <br>   coord_x   707566,346035    <br>   coord_y   7021213,30127    <br>   latitude   -26,915465    <br>   longitu   -48,909754]]></description>
        <styleUrl>#icon-1899-DB4436</styleUrl>
        <Point>
          <coordinates>
            -48.909754,-26.915465,0
          </coordinates>
        </Point>
      </Placemark>
      <Placemark>
        <name>10,5</name>
        <description><![CDATA[Rua Pedro Paulo Reinert    <br>       <br>   FID   1191    <br>   sequencia   1192    <br>   cota   10,50    <br>   refer_1   Rua Pedro Paulo Reinert    <br>   refer_2   Final de rua    <br>   bairro   Poço Grande    <br>   coord_x   708893,059531    <br>   coord_y   7019485,2895    <br>   latitude   -26,930858    <br>   longitu   -48,896112]]></description>
        <styleUrl>#icon-1899-DB4436</styleUrl>
        <Point>
          <coordinates>
            -48.896112,-26.930858,0
          </coordinates>
        </Point>
      </Placemark>
      <Placemark>
        <name>9,557</name>
        <description><![CDATA[Rua Pedro Schmitt Junior    <br>       <br>   FID   1192    <br>   sequencia   1193    <br>   cota   9,56    <br>   refer_1   Rua Pedro Schmitt Junior    <br>   refer_2   à 125 metros da esquina com a Rodovia    <br>   bairro   Poço Grande    <br>   coord_x   709017,39311    <br>   coord_y   7019913,38915    <br>   latitude   -26,926977    <br>   longitu   -48,894932]]></description>
        <styleUrl>#icon-1899-DB4436</styleUrl>
        <Point>
          <coordinates>
            -48.894932,-26.926977,0
          </coordinates>
        </Point>
      </Placemark>
      <Placemark>
        <name>10,58</name>
        <description><![CDATA[Rua Pedro Schmitt Junior    <br>       <br>   FID   1193    <br>   sequencia   1194    <br>   cota   10,58    <br>   refer_1   Rua Pedro Schmitt Junior    <br>   refer_2   680    <br>   bairro   Poço Grande    <br>   coord_x   708986,200737    <br>   coord_y   7019366,1737    <br>   latitude   -26,931919    <br>   longitu   -48,895154]]></description>
        <styleUrl>#icon-1899-DB4436</styleUrl>
        <Point>
          <coordinates>
            -48.895154,-26.931919,0
          </coordinates>
        </Point>
      </Placemark>
      <Placemark>
        <name>10,77</name>
        <description><![CDATA[Rua Pedro Schmitt Junior    <br>       <br>   FID   1194    <br>   sequencia   1195    <br>   cota   10,77    <br>   refer_1   Rua Pedro Schmitt Junior    <br>   refer_2   Rua Olga Francisca Reinert    <br>   bairro   Poço Grande    <br>   coord_x   708974,453409    <br>   coord_y   7019444,70923    <br>   latitude   -26,931212    <br>   longitu   -48,895286]]></description>
        <styleUrl>#icon-1899-DB4436</styleUrl>
        <Point>
          <coordinates>
            -48.895286,-26.931212,0
          </coordinates>
        </Point>
      </Placemark>
      <Placemark>
        <name>10,85</name>
        <description><![CDATA[Rua Pedro Schmitt Junior    <br>       <br>   FID   1195    <br>   sequencia   1196    <br>   cota   10,85    <br>   refer_1   Rua Pedro Schmitt Junior    <br>   refer_2   Rua Pedro Paulo Reinert    <br>   bairro   Poço Grande    <br>   coord_x   708967,185155    <br>   coord_y   7019488,29657    <br>   latitude   -26,93082    <br>   longitu   -48,895366]]></description>
        <styleUrl>#icon-1899-DB4436</styleUrl>
        <Point>
          <coordinates>
            -48.895366,-26.93082,0
          </coordinates>
        </Point>
      </Placemark>
      <Placemark>
        <name>10,9</name>
        <description><![CDATA[Rua Pedro Schmitt Junior    <br>       <br>   FID   1196    <br>   sequencia   1197    <br>   cota   10,90    <br>   refer_1   Rua Pedro Schmitt Junior    <br>   refer_2   Rua Arnoldo Lenoir    <br>   bairro   Poço Grande    <br>   coord_x   708962,48113    <br>   coord_y   7019532,21184    <br>   latitude   -26,930424    <br>   longitu   -48,895421]]></description>
        <styleUrl>#icon-1899-DB4436</styleUrl>
        <Point>
          <coordinates>
            -48.895421,-26.930424,0
          </coordinates>
        </Point>
      </Placemark>
      <Placemark>
        <name>11</name>
        <description><![CDATA[Rua Pedro Schmitt Junior    <br>       <br>   FID   1197    <br>   sequencia   1198    <br>   cota   11,00    <br>   refer_1   Rua Pedro Schmitt Junior    <br>   refer_2   200    <br>   bairro   Poço Grande    <br>   coord_x   708983,827765    <br>   coord_y   7019825,36533    <br>   latitude   -26,927776    <br>   longitu   -48,895255]]></description>
        <styleUrl>#icon-1899-DB4436</styleUrl>
        <Point>
          <coordinates>
            -48.895255,-26.927776,0
          </coordinates>
        </Point>
      </Placemark>
      <Placemark>
        <name>11,3</name>
        <description><![CDATA[Rua Pedro Schmitt Junior    <br>       <br>   FID   1198    <br>   sequencia   1199    <br>   cota   11,30    <br>   refer_1   Rua Pedro Schmitt Junior    <br>   refer_2   à 40 metros antes do número 380    <br>   bairro   Poço Grande    <br>   coord_x   708968,299486    <br>   coord_y   7019670,46664    <br>   latitude   -26,929176    <br>   longitu   -48,895385]]></description>
        <styleUrl>#icon-1899-DB4436</styleUrl>
        <Point>
          <coordinates>
            -48.895385,-26.929176,0
          </coordinates>
        </Point>
      </Placemark>
      <Placemark>
        <name>12,38</name>
        <description><![CDATA[Rua Pedro Schmitt Junior    <br>       <br>   FID   1199    <br>   sequencia   1200    <br>   cota   12,38    <br>   refer_1   Rua Pedro Schmitt Junior    <br>   refer_2   1.110    <br>   bairro   Poço Grande    <br>   coord_x   708873,574867    <br>   coord_y   7019064,70553    <br>   latitude   -26,934656    <br>   longitu   -48,896237]]></description>
        <styleUrl>#icon-1899-DB4436</styleUrl>
        <Point>
          <coordinates>
            -48.896237,-26.934656,0
          </coordinates>
        </Point>
      </Placemark>
      <Placemark>
        <name>12,4</name>
        <description><![CDATA[Rua Pedro Schmitt Junior    <br>       <br>   FID   1200    <br>   sequencia   1201    <br>   cota   12,40    <br>   refer_1   Rua Pedro Schmitt Junior    <br>   refer_2   815    <br>   bairro   Poço Grande    <br>   coord_x   708929,081484    <br>   coord_y   7019197,88786    <br>   latitude   -26,933446    <br>   longitu   -48,895701]]></description>
        <styleUrl>#icon-1899-DB4436</styleUrl>
        <Point>
          <coordinates>
            -48.895701,-26.933446,0
          </coordinates>
        </Point>
      </Placemark>
      <Placemark>
        <name>12,99</name>
        <description><![CDATA[Rua Pedro Schmitt Junior    <br>       <br>   FID   1201    <br>   sequencia   1202    <br>   cota   12,99    <br>   refer_1   Rua Pedro Schmitt Junior    <br>   refer_2   defronte a Premocon    <br>   bairro   Poço Grande    <br>   coord_x   708700,689519    <br>   coord_y   7018987,01228    <br>   latitude   -26,935383    <br>   longitu   -48,897965]]></description>
        <styleUrl>#icon-1899-DB4436</styleUrl>
        <Point>
          <coordinates>
            -48.897965,-26.935383,0
          </coordinates>
        </Point>
      </Placemark>
      <Placemark>
        <name>14</name>
        <description><![CDATA[Rua Pedro Schmitt Junior    <br>       <br>   FID   1202    <br>   sequencia   1203    <br>   cota   14,00    <br>   refer_1   Rua Pedro Schmitt Junior    <br>   refer_2   1.255    <br>   bairro   Poço Grande    <br>   coord_x   708574,795393    <br>   coord_y   7018915,00324    <br>   latitude   -26,936051    <br>   longitu   -48,89922]]></description>
        <styleUrl>#icon-1899-DB4436</styleUrl>
        <Point>
          <coordinates>
            -48.89922,-26.936051,0
          </coordinates>
        </Point>
      </Placemark>
      <Placemark>
        <name>9,039</name>
        <description><![CDATA[Rua Renato Manoel Peixoto    <br>       <br>   FID   1203    <br>   sequencia   1204    <br>   cota   9,04    <br>   refer_1   Rua Renato Manoel Peixoto    <br>   refer_2   Final de rua    <br>   bairro   Poço Grande    <br>   coord_x   707309,367184    <br>   coord_y   7020965,31429    <br>   latitude   -26,917741    <br>   longitu   -48,912299]]></description>
        <styleUrl>#icon-1899-DB4436</styleUrl>
        <Point>
          <coordinates>
            -48.912299,-26.917741,0
          </coordinates>
        </Point>
      </Placemark>
      <Placemark>
        <name>9,168</name>
        <description><![CDATA[Rua Renato Manoel Peixoto    <br>       <br>   FID   1204    <br>   sequencia   1205    <br>   cota   9,17    <br>   refer_1   Rua Renato Manoel Peixoto    <br>   refer_2   400    <br>   bairro   Poço Grande    <br>   coord_x   707316,29608    <br>   coord_y   7021062,21468    <br>   latitude   -26,916866    <br>   longitu   -48,912246]]></description>
        <styleUrl>#icon-1899-DB4436</styleUrl>
        <Point>
          <coordinates>
            -48.912246,-26.916866,0
          </coordinates>
        </Point>
      </Placemark>
      <Placemark>
        <name>9,829</name>
        <description><![CDATA[Rua Renato Manoel Peixoto    <br>       <br>   FID   1205    <br>   sequencia   1206    <br>   cota   9,83    <br>   refer_1   Rua Renato Manoel Peixoto    <br>   refer_2   Rua Desmembramento Luciano Bernardi    <br>   bairro   Poço Grande    <br>   coord_x   707331,898388    <br>   coord_y   7021135,64648    <br>   latitude   -26,916201    <br>   longitu   -48,912101]]></description>
        <styleUrl>#icon-1899-DB4436</styleUrl>
        <Point>
          <coordinates>
            -48.912101,-26.916201,0
          </coordinates>
        </Point>
      </Placemark>
      <Placemark>
        <name>10,466</name>
        <description><![CDATA[Rua Renato Manoel Peixoto    <br>       <br>   FID   1206    <br>   sequencia   1207    <br>   cota   10,47    <br>   refer_1   Rua Renato Manoel Peixoto    <br>   refer_2   159    <br>   bairro   Poço Grande    <br>   coord_x   707340,592158    <br>   coord_y   7021242,5918    <br>   latitude   -26,915235    <br>   longitu   -48,912031]]></description>
        <styleUrl>#icon-1899-DB4436</styleUrl>
        <Point>
          <coordinates>
            -48.912031,-26.915235,0
          </coordinates>
        </Point>
      </Placemark>
      <Placemark>
        <name>11,09</name>
        <description><![CDATA[Rua Renato Manoel Peixoto    <br>       <br>   FID   1207    <br>   sequencia   1208    <br>   cota   11,09    <br>   refer_1   Rua Renato Manoel Peixoto    <br>   refer_2   60    <br>   bairro   Poço Grande    <br>   coord_x   707342,245309    <br>   coord_y   7021342,76229    <br>   latitude   -26,91433    <br>   longitu   -48,912031]]></description>
        <styleUrl>#icon-1899-DB4436</styleUrl>
        <Point>
          <coordinates>
            -48.912031,-26.91433,0
          </coordinates>
        </Point>
      </Placemark>
      <Placemark>
        <name>9,742</name>
        <description><![CDATA[Rua Silvio Garzewski    <br>       <br>   FID   1208    <br>   sequencia   1209    <br>   cota   9,74    <br>   refer_1   Rua Silvio Garzewski    <br>   refer_2   390    <br>   bairro   Poço Grande    <br>   coord_x   707444,730838    <br>   coord_y   7020986,43663    <br>   latitude   -26,91753    <br>   longitu   -48,910941]]></description>
        <styleUrl>#icon-1899-DB4436</styleUrl>
        <Point>
          <coordinates>
            -48.910941,-26.91753,0
          </coordinates>
        </Point>
      </Placemark>
      <Placemark>
        <name>9,753</name>
        <description><![CDATA[Rua Silvio Garzewski    <br>       <br>   FID   1209    <br>   sequencia   1210    <br>   cota   9,75    <br>   refer_1   Rua Silvio Garzewski    <br>   refer_2   413    <br>   bairro   Poço Grande    <br>   coord_x   707435,513276    <br>   coord_y   7020904,95379    <br>   latitude   -26,918267    <br>   longitu   -48,91102]]></description>
        <styleUrl>#icon-1899-DB4436</styleUrl>
        <Point>
          <coordinates>
            -48.91102,-26.918267,0
          </coordinates>
        </Point>
      </Placemark>
      <Placemark>
        <name>10,105</name>
        <description><![CDATA[Rua Silvio Garzewski    <br>       <br>   FID   1210    <br>   sequencia   1211    <br>   cota   10,11    <br>   refer_1   Rua Silvio Garzewski    <br>   refer_2   248    <br>   bairro   Poço Grande    <br>   coord_x   707458,359141    <br>   coord_y   7021081,62561    <br>   latitude   -26,916669    <br>   longitu   -48,910819]]></description>
        <styleUrl>#icon-1899-DB4436</styleUrl>
        <Point>
          <coordinates>
            -48.910819,-26.916669,0
          </coordinates>
        </Point>
      </Placemark>
      <Placemark>
        <name>10,215</name>
        <description><![CDATA[Rua Silvio Garzewski    <br>       <br>   FID   1211    <br>   sequencia   1212    <br>   cota   10,22    <br>   refer_1   Rua Silvio Garzewski    <br>   refer_2   170    <br>   bairro   Poço Grande    <br>   coord_x   707466,267334    <br>   coord_y   7021173,20932    <br>   latitude   -26,915842    <br>   longitu   -48,910755]]></description>
        <styleUrl>#icon-1899-DB4436</styleUrl>
        <Point>
          <coordinates>
            -48.910755,-26.915842,0
          </coordinates>
        </Point>
      </Placemark>
      <Placemark>
        <name>10,667</name>
        <description><![CDATA[Rua Silvio Garzewski    <br>       <br>   FID   1212    <br>   sequencia   1213    <br>   cota   10,67    <br>   refer_1   Rua Silvio Garzewski    <br>   refer_2   80    <br>   bairro   Poço Grande    <br>   coord_x   707474,769699    <br>   coord_y   7021268,49491    <br>   latitude   -26,914981    <br>   longitu   -48,910685]]></description>
        <styleUrl>#icon-1899-DB4436</styleUrl>
        <Point>
          <coordinates>
            -48.910685,-26.914981,0
          </coordinates>
        </Point>
      </Placemark>
      <Placemark>
        <name>9,372</name>
        <description><![CDATA[Avenida Construtor Augusto Vitório Deschamps    <br>       <br>   FID   1213    <br>   sequencia   1214    <br>   cota   9,37    <br>   refer_1   Avenida Construtor Augusto Vitório Deschamps    <br>   refer_2   265    <br>   bairro   Santa Terezinha    <br>   coord_x   704881,520015    <br>   coord_y   7018327,19382    <br>   latitude   -26,941904    <br>   longitu   -48,936303]]></description>
        <styleUrl>#icon-1899-DB4436</styleUrl>
        <Point>
          <coordinates>
            -48.936303,-26.941904,0
          </coordinates>
        </Point>
      </Placemark>
      <Placemark>
        <name>9,392</name>
        <description><![CDATA[Avenida Construtor Augusto Vitório Deschamps    <br>       <br>   FID   1214    <br>   sequencia   1215    <br>   cota   9,39    <br>   refer_1   Avenida Construtor Augusto Vitório Deschamps    <br>   refer_2   Rua Anna Schmitt Deschamps    <br>   bairro   Santa Terezinha    <br>   coord_x   704881,986243    <br>   coord_y   7018438,27054    <br>   latitude   -26,940901    <br>   longitu   -48,936316]]></description>
        <styleUrl>#icon-1899-DB4436</styleUrl>
        <Point>
          <coordinates>
            -48.936316,-26.940901,0
          </coordinates>
        </Point>
      </Placemark>
      <Placemark>
        <name>9,624</name>
        <description><![CDATA[Avenida Construtor Augusto Vitório Deschamps    <br>       <br>   FID   1215    <br>   sequencia   1216    <br>   cota   9,62    <br>   refer_1   Avenida Construtor Augusto Vitório Deschamps    <br>   refer_2   Rua Aloysio Victório Deschamps    <br>   bairro   Santa Terezinha    <br>   coord_x   704881,141536    <br>   coord_y   7018507,93986    <br>   latitude   -26,940273    <br>   longitu   -48,936336]]></description>
        <styleUrl>#icon-1899-DB4436</styleUrl>
        <Point>
          <coordinates>
            -48.936336,-26.940273,0
          </coordinates>
        </Point>
      </Placemark>
      <Placemark>
        <name>9,882</name>
        <description><![CDATA[Avenida Construtor Augusto Vitório Deschamps    <br>       <br>   FID   1216    <br>   sequencia   1217    <br>   cota   9,88    <br>   refer_1   Avenida Construtor Augusto Vitório Deschamps    <br>   refer_2   Rua Barão do Rio Branco    <br>   bairro   Santa Terezinha    <br>   coord_x   704890,919587    <br>   coord_y   7018583,26733    <br>   latitude   -26,939592    <br>   longitu   -48,93625]]></description>
        <styleUrl>#icon-1899-DB4436</styleUrl>
        <Point>
          <coordinates>
            -48.93625,-26.939592,0
          </coordinates>
        </Point>
      </Placemark>
      <Placemark>
        <name>10,75</name>
        <description><![CDATA[Avenida das Comunidades    <br>       <br>   FID   1217    <br>   sequencia   1218    <br>   cota   10,75    <br>   refer_1   Avenida das Comunidades    <br>   refer_2   49    <br>   bairro   Santa Terezinha    <br>   coord_x   703419,164583    <br>   coord_y   7019612,04987    <br>   latitude   -26,930525    <br>   longitu   -48,951235]]></description>
        <styleUrl>#icon-1899-DB4436</styleUrl>
        <Point>
          <coordinates>
            -48.951235,-26.930525,0
          </coordinates>
        </Point>
      </Placemark>
      <Placemark>
        <name>9,848</name>
        <description><![CDATA[Avenida Frei Godofredo    <br>       <br>   FID   1218    <br>   sequencia   1219    <br>   cota   9,85    <br>   refer_1   Avenida Frei Godofredo    <br>   refer_2   Rua Barão do Rio Branco    <br>   bairro   Santa Terezinha    <br>   coord_x   703844,155455    <br>   coord_y   7019506,87153    <br>   latitude   -26,931412    <br>   longitu   -48,946939]]></description>
        <styleUrl>#icon-1899-DB4436</styleUrl>
        <Point>
          <coordinates>
            -48.946939,-26.931412,0
          </coordinates>
        </Point>
      </Placemark>
      <Placemark>
        <name>10,776</name>
        <description><![CDATA[Avenida Frei Godofredo    <br>       <br>   FID   1219    <br>   sequencia   1220    <br>   cota   10,78    <br>   refer_1   Avenida Frei Godofredo    <br>   refer_2   Rua Camboriú    <br>   bairro   Santa Terezinha    <br>   coord_x   705280,797235    <br>   coord_y   7018649,09717    <br>   latitude   -26,93894    <br>   longitu   -48,932336]]></description>
        <styleUrl>#icon-1899-DB4436</styleUrl>
        <Point>
          <coordinates>
            -48.932336,-26.93894,0
          </coordinates>
        </Point>
      </Placemark>
      <Placemark>
        <name>11,114</name>
        <description><![CDATA[Avenida Frei Godofredo    <br>       <br>   FID   1220    <br>   sequencia   1221    <br>   cota   11,11    <br>   refer_1   Avenida Frei Godofredo    <br>   refer_2   Rua Alberto Francisco Junkes    <br>   bairro   Santa Terezinha    <br>   coord_x   704938,560781    <br>   coord_y   7018855,06927    <br>   latitude   -26,937132    <br>   longitu   -48,935815]]></description>
        <styleUrl>#icon-1899-DB4436</styleUrl>
        <Point>
          <coordinates>
            -48.935815,-26.937132,0
          </coordinates>
        </Point>
      </Placemark>
      <Placemark>
        <name>11,192</name>
        <description><![CDATA[Avenida Frei Godofredo    <br>       <br>   FID   1221    <br>   sequencia   1222    <br>   cota   11,19    <br>   refer_1   Avenida Frei Godofredo    <br>   refer_2   Rua Itapema    <br>   bairro   Santa Terezinha    <br>   coord_x   704991,539536    <br>   coord_y   7018824,30766    <br>   latitude   -26,937402    <br>   longitu   -48,935277]]></description>
        <styleUrl>#icon-1899-DB4436</styleUrl>
        <Point>
          <coordinates>
            -48.935277,-26.937402,0
          </coordinates>
        </Point>
      </Placemark>
      <Placemark>
        <name>11,435</name>
        <description><![CDATA[Avenida Frei Godofredo    <br>       <br>   FID   1222    <br>   sequencia   1223    <br>   cota   11,44    <br>   refer_1   Avenida Frei Godofredo    <br>   refer_2   1.100    <br>   bairro   Santa Terezinha    <br>   coord_x   704662,3702    <br>   coord_y   7019033,59146    <br>   latitude   -26,935562    <br>   longitu   -48,938625]]></description>
        <styleUrl>#icon-1899-DB4436</styleUrl>
        <Point>
          <coordinates>
            -48.938625,-26.935562,0
          </coordinates>
        </Point>
      </Placemark>
      <Placemark>
        <name>11,563</name>
        <description><![CDATA[Avenida Frei Godofredo    <br>       <br>   FID   1223    <br>   sequencia   1224    <br>   cota   11,56    <br>   refer_1   Avenida Frei Godofredo    <br>   refer_2   Rua Mathias Spengler    <br>   bairro   Santa Terezinha    <br>   coord_x   705108,015132    <br>   coord_y   7018752,58776    <br>   latitude   -26,938032    <br>   longitu   -48,934093]]></description>
        <styleUrl>#icon-1899-DB4436</styleUrl>
        <Point>
          <coordinates>
            -48.934093,-26.938032,0
          </coordinates>
        </Point>
      </Placemark>
      <Placemark>
        <name>11,62</name>
        <description><![CDATA[Avenida Frei Godofredo    <br>       <br>   FID   1224    <br>   sequencia   1225    <br>   cota   11,62    <br>   refer_1   Avenida Frei Godofredo    <br>   refer_2   Rua Belarmino João da Silva    <br>   bairro   Santa Terezinha    <br>   coord_x   705053,533943    <br>   coord_y   7018792,6945    <br>   latitude   -26,937678    <br>   longitu   -48,934648]]></description>
        <styleUrl>#icon-1899-DB4436</styleUrl>
        <Point>
          <coordinates>
            -48.934648,-26.937678,0
          </coordinates>
        </Point>
      </Placemark>
      <Placemark>
        <name>11,62</name>
        <description><![CDATA[Avenida Frei Godofredo    <br>       <br>   FID   1225    <br>   sequencia   1226    <br>   cota   11,62    <br>   refer_1   Avenida Frei Godofredo    <br>   refer_2   Rua Lauro Schneider    <br>   bairro   Santa Terezinha    <br>   coord_x   705167,844415    <br>   coord_y   7018718,1725    <br>   latitude   -26,938334    <br>   longitu   -48,933485]]></description>
        <styleUrl>#icon-1899-DB4436</styleUrl>
        <Point>
          <coordinates>
            -48.933485,-26.938334,0
          </coordinates>
        </Point>
      </Placemark>
      <Placemark>
        <name>11,876</name>
        <description><![CDATA[Avenida Frei Godofredo    <br>       <br>   FID   1226    <br>   sequencia   1227    <br>   cota   11,88    <br>   refer_1   Avenida Frei Godofredo    <br>   refer_2   Rua Crescêncio Pedro Schneider    <br>   bairro   Santa Terezinha    <br>   coord_x   705218,635324    <br>   coord_y   7018683,00771    <br>   latitude   -26,938643    <br>   longitu   -48,932967]]></description>
        <styleUrl>#icon-1899-DB4436</styleUrl>
        <Point>
          <coordinates>
            -48.932967,-26.938643,0
          </coordinates>
        </Point>
      </Placemark>
      <Placemark>
        <name>9,174</name>
        <description><![CDATA[Avenida Roma    <br>       <br>   FID   1227    <br>   sequencia   1228    <br>   cota   9,17    <br>   refer_1   Avenida Roma    <br>   refer_2   Rua Guabiruba    <br>   bairro   Santa Terezinha    <br>   coord_x   704946,140517    <br>   coord_y   7018140,23262    <br>   latitude   -26,943581    <br>   longitu   -48,935621]]></description>
        <styleUrl>#icon-1899-DB4436</styleUrl>
        <Point>
          <coordinates>
            -48.935621,-26.943581,0
          </coordinates>
        </Point>
      </Placemark>
      <Placemark>
        <name>9,711</name>
        <description><![CDATA[Avenida Roma    <br>       <br>   FID   1228    <br>   sequencia   1229    <br>   cota   9,71    <br>   refer_1   Avenida Roma    <br>   refer_2   Rua Dona Madalena    <br>   bairro   Santa Terezinha    <br>   coord_x   704943,704141    <br>   coord_y   7018077,63857    <br>   latitude   -26,944146    <br>   longitu   -48,935636]]></description>
        <styleUrl>#icon-1899-DB4436</styleUrl>
        <Point>
          <coordinates>
            -48.935636,-26.944146,0
          </coordinates>
        </Point>
      </Placemark>
      <Placemark>
        <name>9,904</name>
        <description><![CDATA[Avenida Roma    <br>       <br>   FID   1229    <br>   sequencia   1230    <br>   cota   9,90    <br>   refer_1   Avenida Roma    <br>   refer_2   Rua Florença    <br>   bairro   Santa Terezinha    <br>   coord_x   704941,065418    <br>   coord_y   7018007,55491    <br>   latitude   -26,944779    <br>   longitu   -48,935651]]></description>
        <styleUrl>#icon-1899-DB4436</styleUrl>
        <Point>
          <coordinates>
            -48.935651,-26.944779,0
          </coordinates>
        </Point>
      </Placemark>
      <Placemark>
        <name>10,092</name>
        <description><![CDATA[Avenida Roma    <br>       <br>   FID   1230    <br>   sequencia   1231    <br>   cota   10,09    <br>   refer_1   Avenida Roma    <br>   refer_2   Rua Lucca    <br>   bairro   Santa Terezinha    <br>   coord_x   704940,591201    <br>   coord_y   7017945,92346    <br>   latitude   -26,945335    <br>   longitu   -48,935645]]></description>
        <styleUrl>#icon-1899-DB4436</styleUrl>
        <Point>
          <coordinates>
            -48.935645,-26.945335,0
          </coordinates>
        </Point>
      </Placemark>
      <Placemark>
        <name>10,353</name>
        <description><![CDATA[Avenida Roma    <br>       <br>   FID   1231    <br>   sequencia   1232    <br>   cota   10,35    <br>   refer_1   Avenida Roma    <br>   refer_2   Final de rua    <br>   bairro   Santa Terezinha    <br>   coord_x   704941,910179    <br>   coord_y   7017887,96812    <br>   latitude   -26,945858    <br>   longitu   -48,935623]]></description>
        <styleUrl>#icon-1899-DB4436</styleUrl>
        <Point>
          <coordinates>
            -48.935623,-26.945858,0
          </coordinates>
        </Point>
      </Placemark>
      <Placemark>
        <name>10,323</name>
        <description><![CDATA[Beco Henrique Plucenio    <br>       <br>   FID   1232    <br>   sequencia   1233    <br>   cota   10,32    <br>   refer_1   Beco Henrique Plucenio    <br>   refer_2   60    <br>   bairro   Santa Terezinha    <br>   coord_x   704937,620707    <br>   coord_y   7018536,94865    <br>   latitude   -26,940003    <br>   longitu   -48,935772]]></description>
        <styleUrl>#icon-1899-DB4436</styleUrl>
        <Point>
          <coordinates>
            -48.935772,-26.940003,0
          </coordinates>
        </Point>
      </Placemark>
      <Placemark>
        <name>9,327</name>
        <description><![CDATA[Rua 2 de Novembro    <br>       <br>   FID   1233    <br>   sequencia   1234    <br>   cota   9,33    <br>   refer_1   Rua 2 de Novembro    <br>   refer_2   Rua Herta Zimmermann    <br>   bairro   Santa Terezinha    <br>   coord_x   704055,011455    <br>   coord_y   7018714,79763    <br>   latitude   -26,938528    <br>   longitu   -48,944687]]></description>
        <styleUrl>#icon-1899-DB4436</styleUrl>
        <Point>
          <coordinates>
            -48.944687,-26.938528,0
          </coordinates>
        </Point>
      </Placemark>
      <Placemark>
        <name>9,494</name>
        <description><![CDATA[Rua 2 de Novembro    <br>       <br>   FID   1234    <br>   sequencia   1235    <br>   cota   9,49    <br>   refer_1   Rua 2 de Novembro    <br>   refer_2   Rua Maria Zimmermann    <br>   bairro   Santa Terezinha    <br>   coord_x   704086,606634    <br>   coord_y   7018726,46797    <br>   latitude   -26,938418    <br>   longitu   -48,944371]]></description>
        <styleUrl>#icon-1899-DB4436</styleUrl>
        <Point>
          <coordinates>
            -48.944371,-26.938418,0
          </coordinates>
        </Point>
      </Placemark>
      <Placemark>
        <name>11,04</name>
        <description><![CDATA[Rua 2 de Novembro    <br>       <br>   FID   1235    <br>   sequencia   1236    <br>   cota   11,04    <br>   refer_1   Rua 2 de Novembro    <br>   refer_2   44    <br>   bairro   Santa Terezinha    <br>   coord_x   704107,746478    <br>   coord_y   7018758,38275    <br>   latitude   -26,938127    <br>   longitu   -48,944163]]></description>
        <styleUrl>#icon-1899-DB4436</styleUrl>
        <Point>
          <coordinates>
            -48.944163,-26.938127,0
          </coordinates>
        </Point>
      </Placemark>
      <Placemark>
        <name>13,65</name>
        <description><![CDATA[Rua 2 de Novembro    <br>       <br>   FID   1236    <br>   sequencia   1237    <br>   cota   13,65    <br>   refer_1   Rua 2 de Novembro    <br>   refer_2   277    <br>   bairro   Santa Terezinha    <br>   coord_x   704122,387179    <br>   coord_y   7018904,56168    <br>   latitude   -26,936806    <br>   longitu   -48,94404]]></description>
        <styleUrl>#icon-1899-DB4436</styleUrl>
        <Point>
          <coordinates>
            -48.94404,-26.936806,0
          </coordinates>
        </Point>
      </Placemark>
      <Placemark>
        <name>13,033</name>
        <description><![CDATA[Rua 7 de Setembro    <br>       <br>   FID   1237    <br>   sequencia   1238    <br>   cota   13,03    <br>   refer_1   Rua 7 de Setembro    <br>   refer_2   Rua Barão do Rio Branco    <br>   bairro   Santa Terezinha    <br>   coord_x   703669,093234    <br>   coord_y   7019653,00718    <br>   latitude   -26,930119    <br>   longitu   -48,948725]]></description>
        <styleUrl>#icon-1899-DB4436</styleUrl>
        <Point>
          <coordinates>
            -48.948725,-26.930119,0
          </coordinates>
        </Point>
      </Placemark>
      <Placemark>
        <name>10,249</name>
        <description><![CDATA[Rua Ademir Paulo Krauss    <br>       <br>   FID   1238    <br>   sequencia   1239    <br>   cota   10,25    <br>   refer_1   Rua Ademir Paulo Krauss    <br>   refer_2   20 metros antes da porteira no final da rua    <br>   bairro   Santa Terezinha    <br>   coord_x   704080,605178    <br>   coord_y   7018373,63593    <br>   latitude   -26,941602    <br>   longitu   -48,944374]]></description>
        <styleUrl>#icon-1899-DB4436</styleUrl>
        <Point>
          <coordinates>
            -48.944374,-26.941602,0
          </coordinates>
        </Point>
      </Placemark>
      <Placemark>
        <name>9,115</name>
        <description><![CDATA[Rua Alagoas    <br>       <br>   FID   1239    <br>   sequencia   1240    <br>   cota   9,12    <br>   refer_1   Rua Alagoas    <br>   refer_2   Rua São Luiz    <br>   bairro   Santa Terezinha    <br>   coord_x   705168,748116    <br>   coord_y   7018386,6117    <br>   latitude   -26,941325    <br>   longitu   -48,933421]]></description>
        <styleUrl>#icon-1899-DB4436</styleUrl>
        <Point>
          <coordinates>
            -48.933421,-26.941325,0
          </coordinates>
        </Point>
      </Placemark>
      <Placemark>
        <name>9,146</name>
        <description><![CDATA[Rua Alagoas    <br>       <br>   FID   1240    <br>   sequencia   1241    <br>   cota   9,15    <br>   refer_1   Rua Alagoas    <br>   refer_2   54    <br>   bairro   Santa Terezinha    <br>   coord_x   705172,471013    <br>   coord_y   7018438,04568    <br>   latitude   -26,940861    <br>   longitu   -48,933392]]></description>
        <styleUrl>#icon-1899-DB4436</styleUrl>
        <Point>
          <coordinates>
            -48.933392,-26.940861,0
          </coordinates>
        </Point>
      </Placemark>
      <Placemark>
        <name>10,178</name>
        <description><![CDATA[Rua Alberto Francisco Junkes    <br>       <br>   FID   1241    <br>   sequencia   1242    <br>   cota   10,18    <br>   refer_1   Rua Alberto Francisco Junkes    <br>   refer_2   Rua Itapema    <br>   bairro   Santa Terezinha    <br>   coord_x   704921,815469    <br>   coord_y   7018754,21935    <br>   latitude   -26,938045    <br>   longitu   -48,935967]]></description>
        <styleUrl>#icon-1899-DB4436</styleUrl>
        <Point>
          <coordinates>
            -48.935967,-26.938045,0
          </coordinates>
        </Point>
      </Placemark>
      <Placemark>
        <name>12,345</name>
        <description><![CDATA[Rua Alessandro Amorim da Silva    <br>       <br>   FID   1242    <br>   sequencia   1243    <br>   cota   12,35    <br>   refer_1   Rua Alessandro Amorim da Silva    <br>   refer_2   570    <br>   bairro   Santa Terezinha    <br>   coord_x   703718,335591    <br>   coord_y   7018667,82309    <br>   latitude   -26,939001    <br>   longitu   -48,948069]]></description>
        <styleUrl>#icon-1899-DB4436</styleUrl>
        <Point>
          <coordinates>
            -48.948069,-26.939001,0
          </coordinates>
        </Point>
      </Placemark>
      <Placemark>
        <name>13,65</name>
        <description><![CDATA[Rua Alessandro Amorim da Silva    <br>       <br>   FID   1243    <br>   sequencia   1244    <br>   cota   13,65    <br>   refer_1   Rua Alessandro Amorim da Silva    <br>   refer_2   Rua Evandro Schneider    <br>   bairro   Santa Terezinha    <br>   coord_x   703656,76347    <br>   coord_y   7018676,7062    <br>   latitude   -26,93893    <br>   longitu   -48,94869]]></description>
        <styleUrl>#icon-1899-DB4436</styleUrl>
        <Point>
          <coordinates>
            -48.94869,-26.93893,0
          </coordinates>
        </Point>
      </Placemark>
      <Placemark>
        <name>9,117</name>
        <description><![CDATA[Rua Aloysio Victório Deschamps    <br>       <br>   FID   1244    <br>   sequencia   1245    <br>   cota   9,12    <br>   refer_1   Rua Aloysio Victório Deschamps    <br>   refer_2   Final de rua    <br>   bairro   Santa Terezinha    <br>   coord_x   704800,376129    <br>   coord_y   7018511,57932    <br>   latitude   -26,940252    <br>   longitu   -48,93715]]></description>
        <styleUrl>#icon-1899-DB4436</styleUrl>
        <Point>
          <coordinates>
            -48.93715,-26.940252,0
          </coordinates>
        </Point>
      </Placemark>
      <Placemark>
        <name>9,063</name>
        <description><![CDATA[Rua Amélia Schmitt    <br>       <br>   FID   1245    <br>   sequencia   1246    <br>   cota   9,06    <br>   refer_1   Rua Amélia Schmitt    <br>   refer_2   Rua 13 de Novembro    <br>   bairro   Santa Terezinha    <br>   coord_x   704213,182066    <br>   coord_y   7018544,27655    <br>   latitude   -26,940043    <br>   longitu   -48,943067]]></description>
        <styleUrl>#icon-1899-DB4436</styleUrl>
        <Point>
          <coordinates>
            -48.943067,-26.940043,0
          </coordinates>
        </Point>
      </Placemark>
      <Placemark>
        <name>9,533</name>
        <description><![CDATA[Rua Amélia Schmitt    <br>       <br>   FID   1246    <br>   sequencia   1247    <br>   cota   9,53    <br>   refer_1   Rua Amélia Schmitt    <br>   refer_2   Rua Arco-íris    <br>   bairro   Santa Terezinha    <br>   coord_x   704214,104304    <br>   coord_y   7018588,25662    <br>   latitude   -26,939646    <br>   longitu   -48,943065]]></description>
        <styleUrl>#icon-1899-DB4436</styleUrl>
        <Point>
          <coordinates>
            -48.943065,-26.939646,0
          </coordinates>
        </Point>
      </Placemark>
      <Placemark>
        <name>9,906</name>
        <description><![CDATA[Rua Amélia Schmitt    <br>       <br>   FID   1247    <br>   sequencia   1248    <br>   cota   9,91    <br>   refer_1   Rua Amélia Schmitt    <br>   refer_2   Rua Oeste    <br>   bairro   Santa Terezinha    <br>   coord_x   704214,214399    <br>   coord_y   7018633,15461    <br>   latitude   -26,939241    <br>   longitu   -48,943071]]></description>
        <styleUrl>#icon-1899-DB4436</styleUrl>
        <Point>
          <coordinates>
            -48.943071,-26.939241,0
          </coordinates>
        </Point>
      </Placemark>
      <Placemark>
        <name>10,037</name>
        <description><![CDATA[Rua Amélia Schmitt    <br>       <br>   FID   1248    <br>   sequencia   1249    <br>   cota   10,04    <br>   refer_1   Rua Amélia Schmitt    <br>   refer_2   Rua 9 de Abril    <br>   bairro   Santa Terezinha    <br>   coord_x   704215,405252    <br>   coord_y   7018665,69436    <br>   latitude   -26,938947    <br>   longitu   -48,943064]]></description>
        <styleUrl>#icon-1899-DB4436</styleUrl>
        <Point>
          <coordinates>
            -48.943064,-26.938947,0
          </coordinates>
        </Point>
      </Placemark>
      <Placemark>
        <name>10,584</name>
        <description><![CDATA[Rua Amélia Schmitt    <br>       <br>   FID   1249    <br>   sequencia   1250    <br>   cota   10,58    <br>   refer_1   Rua Amélia Schmitt    <br>   refer_2   Rua da Amizade    <br>   bairro   Santa Terezinha    <br>   coord_x   704216,088027    <br>   coord_y   7018707,44874    <br>   latitude   -26,93857    <br>   longitu   -48,943064]]></description>
        <styleUrl>#icon-1899-DB4436</styleUrl>
        <Point>
          <coordinates>
            -48.943064,-26.93857,0
          </coordinates>
        </Point>
      </Placemark>
      <Placemark>
        <name>12,016</name>
        <description><![CDATA[Rua Amélia Schmitt    <br>       <br>   FID   1250    <br>   sequencia   1251    <br>   cota   12,02    <br>   refer_1   Rua Amélia Schmitt    <br>   refer_2   Rua dos Imigrantes    <br>   bairro   Santa Terezinha    <br>   coord_x   704217,14619    <br>   coord_y   7018743,20408    <br>   latitude   -26,938248    <br>   longitu   -48,943059]]></description>
        <styleUrl>#icon-1899-DB4436</styleUrl>
        <Point>
          <coordinates>
            -48.943059,-26.938248,0
          </coordinates>
        </Point>
      </Placemark>
      <Placemark>
        <name>13,65</name>
        <description><![CDATA[Rua Amélia Schmitt    <br>       <br>   FID   1251    <br>   sequencia   1252    <br>   cota   13,65    <br>   refer_1   Rua Amélia Schmitt    <br>   refer_2   Próximo ao cemitério    <br>   bairro   Santa Terezinha    <br>   coord_x   704264,753429    <br>   coord_y   7019093,60749    <br>   latitude   -26,935079    <br>   longitu   -48,942638]]></description>
        <styleUrl>#icon-1899-DB4436</styleUrl>
        <Point>
          <coordinates>
            -48.942638,-26.935079,0
          </coordinates>
        </Point>
      </Placemark>
      <Placemark>
        <name>13,793</name>
        <description><![CDATA[Rua Amélia Schmitt    <br>       <br>   FID   1252    <br>   sequencia   1253    <br>   cota   13,79    <br>   refer_1   Rua Amélia Schmitt    <br>   refer_2   21    <br>   bairro   Santa Terezinha    <br>   coord_x   704212,062515    <br>   coord_y   7018758,98983    <br>   latitude   -26,938106    <br>   longitu   -48,943113]]></description>
        <styleUrl>#icon-1899-DB4436</styleUrl>
        <Point>
          <coordinates>
            -48.943113,-26.938106,0
          </coordinates>
        </Point>
      </Placemark>
      <Placemark>
        <name>10,043</name>
        <description><![CDATA[Rua Ângelo Moser    <br>       <br>   FID   1253    <br>   sequencia   1254    <br>   cota   10,04    <br>   refer_1   Rua Ângelo Moser    <br>   refer_2   Rua Sorocaba    <br>   bairro   Santa Terezinha    <br>   coord_x   704526,617391    <br>   coord_y   7018690,83936    <br>   latitude   -26,938675    <br>   longitu   -48,939935]]></description>
        <styleUrl>#icon-1899-DB4436</styleUrl>
        <Point>
          <coordinates>
            -48.939935,-26.938675,0
          </coordinates>
        </Point>
      </Placemark>
      <Placemark>
        <name>9,421</name>
        <description><![CDATA[Rua Anna Schmitt Deschamps    <br>       <br>   FID   1254    <br>   sequencia   1255    <br>   cota   9,42    <br>   refer_1   Rua Anna Schmitt Deschamps    <br>   refer_2   Final de rua    <br>   bairro   Santa Terezinha    <br>   coord_x   704815,624525    <br>   coord_y   7018439,45636    <br>   latitude   -26,9409    <br>   longitu   -48,936985]]></description>
        <styleUrl>#icon-1899-DB4436</styleUrl>
        <Point>
          <coordinates>
            -48.936985,-26.9409,0
          </coordinates>
        </Point>
      </Placemark>
      <Placemark>
        <name>9,643</name>
        <description><![CDATA[Rua Arco-íris    <br>       <br>   FID   1255    <br>   sequencia   1256    <br>   cota   9,64    <br>   refer_1   Rua Arco-íris    <br>   refer_2   22    <br>   bairro   Santa Terezinha    <br>   coord_x   704232,170468    <br>   coord_y   7018583,20506    <br>   latitude   -26,939689    <br>   longitu   -48,942882]]></description>
        <styleUrl>#icon-1899-DB4436</styleUrl>
        <Point>
          <coordinates>
            -48.942882,-26.939689,0
          </coordinates>
        </Point>
      </Placemark>
      <Placemark>
        <name>9,925</name>
        <description><![CDATA[Rua Arezzo    <br>       <br>   FID   1256    <br>   sequencia   1257    <br>   cota   9,93    <br>   refer_1   Rua Arezzo    <br>   refer_2   Final de rua    <br>   bairro   Santa Terezinha    <br>   coord_x   704707,214891    <br>   coord_y   7017899,47232    <br>   latitude   -26,945789    <br>   longitu   -48,937987]]></description>
        <styleUrl>#icon-1899-DB4436</styleUrl>
        <Point>
          <coordinates>
            -48.937987,-26.945789,0
          </coordinates>
        </Point>
      </Placemark>
      <Placemark>
        <name>9,136</name>
        <description><![CDATA[Rua Augusto Krauss    <br>       <br>   FID   1257    <br>   sequencia   1258    <br>   cota   9,14    <br>   refer_1   Rua Augusto Krauss    <br>   refer_2   Rua 2 de Novembro    <br>   bairro   Santa Terezinha    <br>   coord_x   704049,428921    <br>   coord_y   7018708,41676    <br>   latitude   -26,938586    <br>   longitu   -48,944742]]></description>
        <styleUrl>#icon-1899-DB4436</styleUrl>
        <Point>
          <coordinates>
            -48.944742,-26.938586,0
          </coordinates>
        </Point>
      </Placemark>
      <Placemark>
        <name>9,214</name>
        <description><![CDATA[Rua Augusto Krauss    <br>       <br>   FID   1258    <br>   sequencia   1259    <br>   cota   9,21    <br>   refer_1   Rua Augusto Krauss    <br>   refer_2   106    <br>   bairro   Santa Terezinha    <br>   coord_x   703996,216172    <br>   coord_y   7018726,10772    <br>   latitude   -26,938434    <br>   longitu   -48,945281]]></description>
        <styleUrl>#icon-1899-DB4436</styleUrl>
        <Point>
          <coordinates>
            -48.945281,-26.938434,0
          </coordinates>
        </Point>
      </Placemark>
      <Placemark>
        <name>12,438</name>
        <description><![CDATA[Rua Augusto Krauss    <br>       <br>   FID   1259    <br>   sequencia   1260    <br>   cota   12,44    <br>   refer_1   Rua Augusto Krauss    <br>   refer_2   Rua Paulo Testoni    <br>   bairro   Santa Terezinha    <br>   coord_x   704033,777444    <br>   coord_y   7018502,07682    <br>   latitude   -26,94045    <br>   longitu   -48,944866]]></description>
        <styleUrl>#icon-1899-DB4436</styleUrl>
        <Point>
          <coordinates>
            -48.944866,-26.94045,0
          </coordinates>
        </Point>
      </Placemark>
      <Placemark>
        <name>12,463</name>
        <description><![CDATA[Rua Augusto Krauss    <br>       <br>   FID   1260    <br>   sequencia   1261    <br>   cota   12,46    <br>   refer_1   Rua Augusto Krauss    <br>   refer_2   Rua Zeno Zimmermann    <br>   bairro   Santa Terezinha    <br>   coord_x   704044,167322    <br>   coord_y   7018610,79475    <br>   latitude   -26,939468    <br>   longitu   -48,944779]]></description>
        <styleUrl>#icon-1899-DB4436</styleUrl>
        <Point>
          <coordinates>
            -48.944779,-26.939468,0
          </coordinates>
        </Point>
      </Placemark>
      <Placemark>
        <name>12,511</name>
        <description><![CDATA[Rua Augusto Krauss    <br>       <br>   FID   1261    <br>   sequencia   1262    <br>   cota   12,51    <br>   refer_1   Rua Augusto Krauss    <br>   refer_2   Rua Gisele Brick Maraschi    <br>   bairro   Santa Terezinha    <br>   coord_x   704032,889632    <br>   coord_y   7018482,27514    <br>   latitude   -26,940629    <br>   longitu   -48,944872]]></description>
        <styleUrl>#icon-1899-DB4436</styleUrl>
        <Point>
          <coordinates>
            -48.944872,-26.940629,0
          </coordinates>
        </Point>
      </Placemark>
      <Placemark>
        <name>8,968</name>
        <description><![CDATA[Rua Barão do Rio Branco    <br>       <br>   FID   1262    <br>   sequencia   1263    <br>   cota   8,97    <br>   refer_1   Rua Barão do Rio Branco    <br>   refer_2   Rua Cantidio Machado    <br>   bairro   Santa Terezinha    <br>   coord_x   705263,862468    <br>   coord_y   7018522,43529    <br>   latitude   -26,940086    <br>   longitu   -48,932486]]></description>
        <styleUrl>#icon-1899-DB4436</styleUrl>
        <Point>
          <coordinates>
            -48.932486,-26.940086,0
          </coordinates>
        </Point>
      </Placemark>
      <Placemark>
        <name>9,121</name>
        <description><![CDATA[Rua Barão do Rio Branco    <br>       <br>   FID   1263    <br>   sequencia   1264    <br>   cota   9,12    <br>   refer_1   Rua Barão do Rio Branco    <br>   refer_2   Rua Alagoas    <br>   bairro   Santa Terezinha    <br>   coord_x   705193,3553    <br>   coord_y   7018514,07202    <br>   latitude   -26,940171    <br>   longitu   -48,933194]]></description>
        <styleUrl>#icon-1899-DB4436</styleUrl>
        <Point>
          <coordinates>
            -48.933194,-26.940171,0
          </coordinates>
        </Point>
      </Placemark>
      <Placemark>
        <name>9,128</name>
        <description><![CDATA[Rua Barão do Rio Branco    <br>       <br>   FID   1264    <br>   sequencia   1265    <br>   cota   9,13    <br>   refer_1   Rua Barão do Rio Branco    <br>   refer_2   Rua Camboriú    <br>   bairro   Santa Terezinha    <br>   coord_x   705252,374856    <br>   coord_y   7018529,53647    <br>   latitude   -26,940023    <br>   longitu   -48,932603]]></description>
        <styleUrl>#icon-1899-DB4436</styleUrl>
        <Point>
          <coordinates>
            -48.932603,-26.940023,0
          </coordinates>
        </Point>
      </Placemark>
      <Placemark>
        <name>9,519</name>
        <description><![CDATA[Rua Barão do Rio Branco    <br>       <br>   FID   1265    <br>   sequencia   1266    <br>   cota   9,52    <br>   refer_1   Rua Barão do Rio Branco    <br>   refer_2   3.105    <br>   bairro   Santa Terezinha    <br>   coord_x   705312,395694    <br>   coord_y   7018534,73857    <br>   latitude   -26,939967    <br>   longitu   -48,931999]]></description>
        <styleUrl>#icon-1899-DB4436</styleUrl>
        <Point>
          <coordinates>
            -48.931999,-26.939967,0
          </coordinates>
        </Point>
      </Placemark>
      <Placemark>
        <name>9,534</name>
        <description><![CDATA[Rua Barão do Rio Branco    <br>       <br>   FID   1266    <br>   sequencia   1267    <br>   cota   9,53    <br>   refer_1   Rua Barão do Rio Branco    <br>   refer_2   Rua Maravilha    <br>   bairro   Santa Terezinha    <br>   coord_x   703950,201595    <br>   coord_y   7019348,89331    <br>   latitude   -26,932822    <br>   longitu   -48,945846]]></description>
        <styleUrl>#icon-1899-DB4436</styleUrl>
        <Point>
          <coordinates>
            -48.945846,-26.932822,0
          </coordinates>
        </Point>
      </Placemark>
      <Placemark>
        <name>9,611</name>
        <description><![CDATA[Rua Barão do Rio Branco    <br>       <br>   FID   1267    <br>   sequencia   1268    <br>   cota   9,61    <br>   refer_1   Rua Barão do Rio Branco    <br>   refer_2   Rua Lauro Schneider    <br>   bairro   Santa Terezinha    <br>   coord_x   705129,332469    <br>   coord_y   7018530,81128    <br>   latitude   -26,94003    <br>   longitu   -48,933841]]></description>
        <styleUrl>#icon-1899-DB4436</styleUrl>
        <Point>
          <coordinates>
            -48.933841,-26.94003,0
          </coordinates>
        </Point>
      </Placemark>
      <Placemark>
        <name>9,641</name>
        <description><![CDATA[Rua Barão do Rio Branco    <br>       <br>   FID   1268    <br>   sequencia   1269    <br>   cota   9,64    <br>   refer_1   Rua Barão do Rio Branco    <br>   refer_2   Rua Santa Catarina    <br>   bairro   Santa Terezinha    <br>   coord_x   704394,812842    <br>   coord_y   7019071,71906    <br>   latitude   -26,935257    <br>   longitu   -48,941325]]></description>
        <styleUrl>#icon-1899-DB4436</styleUrl>
        <Point>
          <coordinates>
            -48.941325,-26.935257,0
          </coordinates>
        </Point>
      </Placemark>
      <Placemark>
        <name>9,647</name>
        <description><![CDATA[Rua Barão do Rio Branco    <br>       <br>   FID   1269    <br>   sequencia   1270    <br>   cota   9,65    <br>   refer_1   Rua Barão do Rio Branco    <br>   refer_2   2.238    <br>   bairro   Santa Terezinha    <br>   coord_x   704861,053355    <br>   coord_y   7018600,58695    <br>   latitude   -26,93944    <br>   longitu   -48,936554]]></description>
        <styleUrl>#icon-1899-DB4436</styleUrl>
        <Point>
          <coordinates>
            -48.936554,-26.93944,0
          </coordinates>
        </Point>
      </Placemark>
      <Placemark>
        <name>9,738</name>
        <description><![CDATA[Rua Barão do Rio Branco    <br>       <br>   FID   1270    <br>   sequencia   1271    <br>   cota   9,74    <br>   refer_1   Rua Barão do Rio Branco    <br>   refer_2   Rua Porto Belo    <br>   bairro   Santa Terezinha    <br>   coord_x   704943,96562    <br>   coord_y   7018580,95345    <br>   latitude   -26,939605    <br>   longitu   -48,935716]]></description>
        <styleUrl>#icon-1899-DB4436</styleUrl>
        <Point>
          <coordinates>
            -48.935716,-26.939605,0
          </coordinates>
        </Point>
      </Placemark>
      <Placemark>
        <name>9,861</name>
        <description><![CDATA[Rua Barão do Rio Branco    <br>       <br>   FID   1271    <br>   sequencia   1272    <br>   cota   9,86    <br>   refer_1   Rua Barão do Rio Branco    <br>   refer_2   Rua Cândido João dos Santos    <br>   bairro   Santa Terezinha    <br>   coord_x   704452,85289    <br>   coord_y   7019037,56562    <br>   latitude   -26,935557    <br>   longitu   -48,940735]]></description>
        <styleUrl>#icon-1899-DB4436</styleUrl>
        <Point>
          <coordinates>
            -48.940735,-26.935557,0
          </coordinates>
        </Point>
      </Placemark>
      <Placemark>
        <name>9,903</name>
        <description><![CDATA[Rua Barão do Rio Branco    <br>       <br>   FID   1272    <br>   sequencia   1273    <br>   cota   9,90    <br>   refer_1   Rua Barão do Rio Branco    <br>   refer_2   Rua Manoel Ignácio da Silva    <br>   bairro   Santa Terezinha    <br>   coord_x   704472,608758    <br>   coord_y   7019034,88156    <br>   latitude   -26,935578    <br>   longitu   -48,940536]]></description>
        <styleUrl>#icon-1899-DB4436</styleUrl>
        <Point>
          <coordinates>
            -48.940536,-26.935578,0
          </coordinates>
        </Point>
      </Placemark>
      <Placemark>
        <name>9,909</name>
        <description><![CDATA[Rua Barão do Rio Branco    <br>       <br>   FID   1273    <br>   sequencia   1274    <br>   cota   9,91    <br>   refer_1   Rua Barão do Rio Branco    <br>   refer_2   Beco Henrique Plucenio    <br>   bairro   Santa Terezinha    <br>   coord_x   704938,667611    <br>   coord_y   7018574,47008    <br>   latitude   -26,939664    <br>   longitu   -48,935768]]></description>
        <styleUrl>#icon-1899-DB4436</styleUrl>
        <Point>
          <coordinates>
            -48.935768,-26.939664,0
          </coordinates>
        </Point>
      </Placemark>
      <Placemark>
        <name>9,926</name>
        <description><![CDATA[Rua Barão do Rio Branco    <br>       <br>   FID   1274    <br>   sequencia   1275    <br>   cota   9,93    <br>   refer_1   Rua Barão do Rio Branco    <br>   refer_2   Rua Manoel José Alves de Andrade    <br>   bairro   Santa Terezinha    <br>   coord_x   704799,78285    <br>   coord_y   7018649,2095    <br>   latitude   -26,93901    <br>   longitu   -48,937179]]></description>
        <styleUrl>#icon-1899-DB4436</styleUrl>
        <Point>
          <coordinates>
            -48.937179,-26.93901,0
          </coordinates>
        </Point>
      </Placemark>
      <Placemark>
        <name>9,936</name>
        <description><![CDATA[Rua Barão do Rio Branco    <br>       <br>   FID   1275    <br>   sequencia   1276    <br>   cota   9,94    <br>   refer_1   Rua Barão do Rio Branco    <br>   refer_2   Rua Mafra    <br>   bairro   Santa Terezinha    <br>   coord_x   704728,488358    <br>   coord_y   7018713,34578    <br>   latitude   -26,938442    <br>   longitu   -48,937907]]></description>
        <styleUrl>#icon-1899-DB4436</styleUrl>
        <Point>
          <coordinates>
            -48.937907,-26.938442,0
          </coordinates>
        </Point>
      </Placemark>
      <Placemark>
        <name>10,022</name>
        <description><![CDATA[Rua Barão do Rio Branco    <br>       <br>   FID   1276    <br>   sequencia   1277    <br>   cota   10,02    <br>   refer_1   Rua Barão do Rio Branco    <br>   refer_2   Rua Eleotéria Jesuína de Souza    <br>   bairro   Santa Terezinha    <br>   coord_x   704423,233612    <br>   coord_y   7019063,8752    <br>   latitude   -26,935324    <br>   longitu   -48,941037]]></description>
        <styleUrl>#icon-1899-DB4436</styleUrl>
        <Point>
          <coordinates>
            -48.941037,-26.935324,0
          </coordinates>
        </Point>
      </Placemark>
      <Placemark>
        <name>10,066</name>
        <description><![CDATA[Rua Barão do Rio Branco    <br>       <br>   FID   1277    <br>   sequencia   1278    <br>   cota   10,07    <br>   refer_1   Rua Barão do Rio Branco    <br>   refer_2   Rua Belém    <br>   bairro   Santa Terezinha    <br>   coord_x   705067,969998    <br>   coord_y   7018537,66652    <br>   latitude   -26,939977    <br>   longitu   -48,93446]]></description>
        <styleUrl>#icon-1899-DB4436</styleUrl>
        <Point>
          <coordinates>
            -48.93446,-26.939977,0
          </coordinates>
        </Point>
      </Placemark>
      <Placemark>
        <name>10,082</name>
        <description><![CDATA[Rua Barão do Rio Branco    <br>       <br>   FID   1278    <br>   sequencia   1279    <br>   cota   10,08    <br>   refer_1   Rua Barão do Rio Branco    <br>   refer_2   Rua Joaquim Silvino da Cunha    <br>   bairro   Santa Terezinha    <br>   coord_x   703894,465224    <br>   coord_y   7019439,859    <br>   latitude   -26,932009    <br>   longitu   -48,946422]]></description>
        <styleUrl>#icon-1899-DB4436</styleUrl>
        <Point>
          <coordinates>
            -48.946422,-26.932009,0
          </coordinates>
        </Point>
      </Placemark>
      <Placemark>
        <name>10,089</name>
        <description><![CDATA[Rua Barão do Rio Branco    <br>       <br>   FID   1279    <br>   sequencia   1280    <br>   cota   10,09    <br>   refer_1   Rua Barão do Rio Branco    <br>   refer_2   Rua Mathias Spengler    <br>   bairro   Santa Terezinha    <br>   coord_x   705069,729523    <br>   coord_y   7018545,94564    <br>   latitude   -26,939902    <br>   longitu   -48,934444]]></description>
        <styleUrl>#icon-1899-DB4436</styleUrl>
        <Point>
          <coordinates>
            -48.934444,-26.939902,0
          </coordinates>
        </Point>
      </Placemark>
      <Placemark>
        <name>10,143</name>
        <description><![CDATA[Rua Barão do Rio Branco    <br>       <br>   FID   1280    <br>   sequencia   1281    <br>   cota   10,14    <br>   refer_1   Rua Barão do Rio Branco    <br>   refer_2   Rua Laguna    <br>   bairro   Santa Terezinha    <br>   coord_x   704786,533625    <br>   coord_y   7018659,23623    <br>   latitude   -26,938922    <br>   longitu   -48,937314]]></description>
        <styleUrl>#icon-1899-DB4436</styleUrl>
        <Point>
          <coordinates>
            -48.937314,-26.938922,0
          </coordinates>
        </Point>
      </Placemark>
      <Placemark>
        <name>10,211</name>
        <description><![CDATA[Rua Barão do Rio Branco    <br>       <br>   FID   1281    <br>   sequencia   1282    <br>   cota   10,21    <br>   refer_1   Rua Barão do Rio Branco    <br>   refer_2   Rua Belarmino João da Silva    <br>   bairro   Santa Terezinha    <br>   coord_x   705013,987303    <br>   coord_y   7018564,41918    <br>   latitude   -26,939744    <br>   longitu   -48,935008]]></description>
        <styleUrl>#icon-1899-DB4436</styleUrl>
        <Point>
          <coordinates>
            -48.935008,-26.939744,0
          </coordinates>
        </Point>
      </Placemark>
      <Placemark>
        <name>10,244</name>
        <description><![CDATA[Rua Barão do Rio Branco    <br>       <br>   FID   1282    <br>   sequencia   1283    <br>   cota   10,24    <br>   refer_1   Rua Barão do Rio Branco    <br>   refer_2   Rua José Zuchi    <br>   bairro   Santa Terezinha    <br>   coord_x   705005,403542    <br>   coord_y   7018555,2689    <br>   latitude   -26,939827    <br>   longitu   -48,935093]]></description>
        <styleUrl>#icon-1899-DB4436</styleUrl>
        <Point>
          <coordinates>
            -48.935093,-26.939827,0
          </coordinates>
        </Point>
      </Placemark>
      <Placemark>
        <name>10,292</name>
        <description><![CDATA[Rua Barão do Rio Branco    <br>       <br>   FID   1283    <br>   sequencia   1284    <br>   cota   10,29    <br>   refer_1   Rua Barão do Rio Branco    <br>   refer_2   Rua Paulo Bernardo Schmitt    <br>   bairro   Santa Terezinha    <br>   coord_x   704360,482714    <br>   coord_y   7019088,73818    <br>   latitude   -26,935109    <br>   longitu   -48,941673]]></description>
        <styleUrl>#icon-1899-DB4436</styleUrl>
        <Point>
          <coordinates>
            -48.941673,-26.935109,0
          </coordinates>
        </Point>
      </Placemark>
      <Placemark>
        <name>10,294</name>
        <description><![CDATA[Rua Barão do Rio Branco    <br>       <br>   FID   1284    <br>   sequencia   1285    <br>   cota   10,29    <br>   refer_1   Rua Barão do Rio Branco    <br>   refer_2   Rua Pedro João de Deus Correia    <br>   bairro   Santa Terezinha    <br>   coord_x   703861,976557    <br>   coord_y   7019473,38059    <br>   latitude   -26,931712    <br>   longitu   -48,946754]]></description>
        <styleUrl>#icon-1899-DB4436</styleUrl>
        <Point>
          <coordinates>
            -48.946754,-26.931712,0
          </coordinates>
        </Point>
      </Placemark>
      <Placemark>
        <name>10,355</name>
        <description><![CDATA[Rua Barão do Rio Branco    <br>       <br>   FID   1285    <br>   sequencia   1286    <br>   cota   10,36    <br>   refer_1   Rua Barão do Rio Branco    <br>   refer_2   1.650    <br>   bairro   Santa Terezinha    <br>   coord_x   704509,172152    <br>   coord_y   7018899,13609    <br>   latitude   -26,936798    <br>   longitu   -48,940145]]></description>
        <styleUrl>#icon-1899-DB4436</styleUrl>
        <Point>
          <coordinates>
            -48.940145,-26.936798,0
          </coordinates>
        </Point>
      </Placemark>
      <Placemark>
        <name>10,672</name>
        <description><![CDATA[Rua Barão do Rio Branco    <br>       <br>   FID   1286    <br>   sequencia   1287    <br>   cota   10,67    <br>   refer_1   Rua Barão do Rio Branco    <br>   refer_2   Rua Ângelo Moser    <br>   bairro   Santa Terezinha    <br>   coord_x   704529,058628    <br>   coord_y   7018811,27342    <br>   latitude   -26,937588    <br>   longitu   -48,939931]]></description>
        <styleUrl>#icon-1899-DB4436</styleUrl>
        <Point>
          <coordinates>
            -48.939931,-26.937588,0
          </coordinates>
        </Point>
      </Placemark>
      <Placemark>
        <name>10,805</name>
        <description><![CDATA[Rua Barão do Rio Branco    <br>       <br>   FID   1287    <br>   sequencia   1288    <br>   cota   10,81    <br>   refer_1   Rua Barão do Rio Branco    <br>   refer_2   Rua Jacob Junkes    <br>   bairro   Santa Terezinha    <br>   coord_x   704597,980908    <br>   coord_y   7018762,04482    <br>   latitude   -26,938022    <br>   longitu   -48,939229]]></description>
        <styleUrl>#icon-1899-DB4436</styleUrl>
        <Point>
          <coordinates>
            -48.939229,-26.938022,0
          </coordinates>
        </Point>
      </Placemark>
      <Placemark>
        <name>10,835</name>
        <description><![CDATA[Rua Barão do Rio Branco    <br>       <br>   FID   1288    <br>   sequencia   1289    <br>   cota   10,84    <br>   refer_1   Rua Barão do Rio Branco    <br>   refer_2   Rua Brasil    <br>   bairro   Santa Terezinha    <br>   coord_x   704005,143624    <br>   coord_y   7019284,63723    <br>   latitude   -26,933394    <br>   longitu   -48,945282]]></description>
        <styleUrl>#icon-1899-DB4436</styleUrl>
        <Point>
          <coordinates>
            -48.945282,-26.933394,0
          </coordinates>
        </Point>
      </Placemark>
      <Placemark>
        <name>10,876</name>
        <description><![CDATA[Rua Barão do Rio Branco    <br>       <br>   FID   1289    <br>   sequencia   1290    <br>   cota   10,88    <br>   refer_1   Rua Barão do Rio Branco    <br>   refer_2   3.200    <br>   bairro   Santa Terezinha    <br>   coord_x   705364,897072    <br>   coord_y   7018549,83886    <br>   latitude   -26,939823    <br>   longitu   -48,931473]]></description>
        <styleUrl>#icon-1899-DB4436</styleUrl>
        <Point>
          <coordinates>
            -48.931473,-26.939823,0
          </coordinates>
        </Point>
      </Placemark>
      <Placemark>
        <name>11,046</name>
        <description><![CDATA[Rua Barão do Rio Branco    <br>       <br>   FID   1290    <br>   sequencia   1291    <br>   cota   11,05    <br>   refer_1   Rua Barão do Rio Branco    <br>   refer_2   Rua Amélia Schmitt    <br>   bairro   Santa Terezinha    <br>   coord_x   704267,052165    <br>   coord_y   7019133,01497    <br>   latitude   -26,934723    <br>   longitu   -48,942621]]></description>
        <styleUrl>#icon-1899-DB4436</styleUrl>
        <Point>
          <coordinates>
            -48.942621,-26.934723,0
          </coordinates>
        </Point>
      </Placemark>
      <Placemark>
        <name>11,398</name>
        <description><![CDATA[Rua Barão do Rio Branco    <br>       <br>   FID   1291    <br>   sequencia   1292    <br>   cota   11,40    <br>   refer_1   Rua Barão do Rio Branco    <br>   refer_2   Rua Rodolfo Vieira Pamplona    <br>   bairro   Santa Terezinha    <br>   coord_x   704098,362815    <br>   coord_y   7019205,64191    <br>   latitude   -26,934093    <br>   longitu   -48,944331]]></description>
        <styleUrl>#icon-1899-DB4436</styleUrl>
        <Point>
          <coordinates>
            -48.944331,-26.934093,0
          </coordinates>
        </Point>
      </Placemark>
      <Placemark>
        <name>11,826</name>
        <description><![CDATA[Rua Barão do Rio Branco    <br>       <br>   FID   1292    <br>   sequencia   1293    <br>   cota   11,83    <br>   refer_1   Rua Barão do Rio Branco    <br>   refer_2   1.077    <br>   bairro   Santa Terezinha    <br>   coord_x   704051,836281    <br>   coord_y   7019255,65585    <br>   latitude   -26,933648    <br>   longitu   -48,944807]]></description>
        <styleUrl>#icon-1899-DB4436</styleUrl>
        <Point>
          <coordinates>
            -48.944807,-26.933648,0
          </coordinates>
        </Point>
      </Placemark>
      <Placemark>
        <name>12,753</name>
        <description><![CDATA[Rua Barão do Rio Branco    <br>       <br>   FID   1293    <br>   sequencia   1294    <br>   cota   12,75    <br>   refer_1   Rua Barão do Rio Branco    <br>   refer_2   Defronte Portão Dietrich    <br>   bairro   Santa Terezinha    <br>   coord_x   704162,964479    <br>   coord_y   7019179,80548    <br>   latitude   -26,934316    <br>   longitu   -48,943676]]></description>
        <styleUrl>#icon-1899-DB4436</styleUrl>
        <Point>
          <coordinates>
            -48.943676,-26.934316,0
          </coordinates>
        </Point>
      </Placemark>
      <Placemark>
        <name>13,116</name>
        <description><![CDATA[Rua Barão do Rio Branco    <br>       <br>   FID   1294    <br>   sequencia   1295    <br>   cota   13,12    <br>   refer_1   Rua Barão do Rio Branco    <br>   refer_2   Rua Cecília Joana Schneider Krauss    <br>   bairro   Santa Terezinha    <br>   coord_x   703614,916839    <br>   coord_y   7019696,64577    <br>   latitude   -26,929733    <br>   longitu   -48,949278]]></description>
        <styleUrl>#icon-1899-DB4436</styleUrl>
        <Point>
          <coordinates>
            -48.949278,-26.929733,0
          </coordinates>
        </Point>
      </Placemark>
      <Placemark>
        <name>10,714</name>
        <description><![CDATA[Rua Belarmino João da Silva    <br>       <br>   FID   1295    <br>   sequencia   1296    <br>   cota   10,71    <br>   refer_1   Rua Belarmino João da Silva    <br>   refer_2   54    <br>   bairro   Santa Terezinha    <br>   coord_x   705026,307497    <br>   coord_y   7018647,96714    <br>   latitude   -26,938988    <br>   longitu   -48,934898]]></description>
        <styleUrl>#icon-1899-DB4436</styleUrl>
        <Point>
          <coordinates>
            -48.934898,-26.938988,0
          </coordinates>
        </Point>
      </Placemark>
      <Placemark>
        <name>9,656</name>
        <description><![CDATA[Rua Belém    <br>       <br>   FID   1296    <br>   sequencia   1297    <br>   cota   9,66    <br>   refer_1   Rua Belém    <br>   refer_2   35    <br>   bairro   Santa Terezinha    <br>   coord_x   705054,59426    <br>   coord_y   7018451,38102    <br>   latitude   -26,940758    <br>   longitu   -48,934581]]></description>
        <styleUrl>#icon-1899-DB4436</styleUrl>
        <Point>
          <coordinates>
            -48.934581,-26.940758,0
          </coordinates>
        </Point>
      </Placemark>
      <Placemark>
        <name>8,904</name>
        <description><![CDATA[Rua Botuverá    <br>       <br>   FID   1297    <br>   sequencia   1298    <br>   cota   8,90    <br>   refer_1   Rua Botuverá    <br>   refer_2   657    <br>   bairro   Santa Terezinha    <br>   coord_x   704797,295141    <br>   coord_y   7018254,96835    <br>   latitude   -26,942568    <br>   longitu   -48,937139]]></description>
        <styleUrl>#icon-1899-DB4436</styleUrl>
        <Point>
          <coordinates>
            -48.937139,-26.942568,0
          </coordinates>
        </Point>
      </Placemark>
      <Placemark>
        <name>9,26</name>
        <description><![CDATA[Rua Botuverá    <br>       <br>   FID   1298    <br>   sequencia   1299    <br>   cota   9,26    <br>   refer_1   Rua Botuverá    <br>   refer_2   Avenida Construtor Augusto Vitório Deschamps    <br>   bairro   Santa Terezinha    <br>   coord_x   704881,507161    <br>   coord_y   7018258,83737    <br>   latitude   -26,94252    <br>   longitu   -48,936292]]></description>
        <styleUrl>#icon-1899-DB4436</styleUrl>
        <Point>
          <coordinates>
            -48.936292,-26.94252,0
          </coordinates>
        </Point>
      </Placemark>
      <Placemark>
        <name>9,497</name>
        <description><![CDATA[Rua Botuverá    <br>       <br>   FID   1299    <br>   sequencia   1300    <br>   cota   9,50    <br>   refer_1   Rua Botuverá    <br>   refer_2   Rua José Zuchi    <br>   bairro   Santa Terezinha    <br>   coord_x   704961,367434    <br>   coord_y   7018247,38739    <br>   latitude   -26,942612    <br>   longitu   -48,935486]]></description>
        <styleUrl>#icon-1899-DB4436</styleUrl>
        <Point>
          <coordinates>
            -48.935486,-26.942612,0
          </coordinates>
        </Point>
      </Placemark>
      <Placemark>
        <name>10,162</name>
        <description><![CDATA[Rua Botuverá    <br>       <br>   FID   1300    <br>   sequencia   1301    <br>   cota   10,16    <br>   refer_1   Rua Botuverá    <br>   refer_2   357    <br>   bairro   Santa Terezinha    <br>   coord_x   705102,637731    <br>   coord_y   7018243,77837    <br>   latitude   -26,942624    <br>   longitu   -48,934063]]></description>
        <styleUrl>#icon-1899-DB4436</styleUrl>
        <Point>
          <coordinates>
            -48.934063,-26.942624,0
          </coordinates>
        </Point>
      </Placemark>
      <Placemark>
        <name>13,65</name>
        <description><![CDATA[Rua Botuverá    <br>       <br>   FID   1301    <br>   sequencia   1302    <br>   cota   13,65    <br>   refer_1   Rua Botuverá    <br>   refer_2   255    <br>   bairro   Santa Terezinha    <br>   coord_x   705214,271469    <br>   coord_y   7018242,97475    <br>   latitude   -26,942614    <br>   longitu   -48,932939]]></description>
        <styleUrl>#icon-1899-DB4436</styleUrl>
        <Point>
          <coordinates>
            -48.932939,-26.942614,0
          </coordinates>
        </Point>
      </Placemark>
      <Placemark>
        <name>13,616</name>
        <description><![CDATA[Rua Brasil    <br>       <br>   FID   1302    <br>   sequencia   1303    <br>   cota   13,62    <br>   refer_1   Rua Brasil    <br>   refer_2   84    <br>   bairro   Santa Terezinha    <br>   coord_x   703910,578982    <br>   coord_y   7019251,82764    <br>   latitude   -26,933703    <br>   longitu   -48,946229]]></description>
        <styleUrl>#icon-1899-DB4436</styleUrl>
        <Point>
          <coordinates>
            -48.946229,-26.933703,0
          </coordinates>
        </Point>
      </Placemark>
      <Placemark>
        <name>13,65</name>
        <description><![CDATA[Rua Brasil    <br>       <br>   FID   1303    <br>   sequencia   1304    <br>   cota   13,65    <br>   refer_1   Rua Brasil    <br>   refer_2   100    <br>   bairro   Santa Terezinha    <br>   coord_x   703900,452127    <br>   coord_y   7019184,01779    <br>   latitude   -26,934317    <br>   longitu   -48,94632]]></description>
        <styleUrl>#icon-1899-DB4436</styleUrl>
        <Point>
          <coordinates>
            -48.94632,-26.934317,0
          </coordinates>
        </Point>
      </Placemark>
      <Placemark>
        <name>10,483</name>
        <description><![CDATA[Rua Campos Novos    <br>       <br>   FID   1304    <br>   sequencia   1305    <br>   cota   10,48    <br>   refer_1   Rua Campos Novos    <br>   refer_2   Final de rua    <br>   bairro   Santa Terezinha    <br>   coord_x   704720,071185    <br>   coord_y   7018582,57311    <br>   latitude   -26,939623    <br>   longitu   -48,93797]]></description>
        <styleUrl>#icon-1899-DB4436</styleUrl>
        <Point>
          <coordinates>
            -48.93797,-26.939623,0
          </coordinates>
        </Point>
      </Placemark>
      <Placemark>
        <name>9,857</name>
        <description><![CDATA[Rua Cândido João dos Santos    <br>       <br>   FID   1305    <br>   sequencia   1306    <br>   cota   9,86    <br>   refer_1   Rua Cândido João dos Santos    <br>   refer_2   344    <br>   bairro   Santa Terezinha    <br>   coord_x   704447,037797    <br>   coord_y   7018687,46769    <br>   latitude   -26,938717    <br>   longitu   -48,940736]]></description>
        <styleUrl>#icon-1899-DB4436</styleUrl>
        <Point>
          <coordinates>
            -48.940736,-26.938717,0
          </coordinates>
        </Point>
      </Placemark>
      <Placemark>
        <name>10,212</name>
        <description><![CDATA[Rua Cândido João dos Santos    <br>       <br>   FID   1306    <br>   sequencia   1307    <br>   cota   10,21    <br>   refer_1   Rua Cândido João dos Santos    <br>   refer_2   216    <br>   bairro   Santa Terezinha    <br>   coord_x   704447,10071    <br>   coord_y   7018775,75634    <br>   latitude   -26,93792    <br>   longitu   -48,94075]]></description>
        <styleUrl>#icon-1899-DB4436</styleUrl>
        <Point>
          <coordinates>
            -48.94075,-26.93792,0
          </coordinates>
        </Point>
      </Placemark>
      <Placemark>
        <name>10,364</name>
        <description><![CDATA[Rua Cândido João dos Santos    <br>       <br>   FID   1307    <br>   sequencia   1308    <br>   cota   10,36    <br>   refer_1   Rua Cândido João dos Santos    <br>   refer_2   59    <br>   bairro   Santa Terezinha    <br>   coord_x   704460,350489    <br>   coord_y   7018931,64897    <br>   latitude   -26,936512    <br>   longitu   -48,940642]]></description>
        <styleUrl>#icon-1899-DB4436</styleUrl>
        <Point>
          <coordinates>
            -48.940642,-26.936512,0
          </coordinates>
        </Point>
      </Placemark>
      <Placemark>
        <name>10,588</name>
        <description><![CDATA[Rua Cândido João dos Santos    <br>       <br>   FID   1308    <br>   sequencia   1309    <br>   cota   10,59    <br>   refer_1   Rua Cândido João dos Santos    <br>   refer_2   499    <br>   bairro   Santa Terezinha    <br>   coord_x   704446,033624    <br>   coord_y   7018523,33345    <br>   latitude   -26,940198    <br>   longitu   -48,940719]]></description>
        <styleUrl>#icon-1899-DB4436</styleUrl>
        <Point>
          <coordinates>
            -48.940719,-26.940198,0
          </coordinates>
        </Point>
      </Placemark>
      <Placemark>
        <name>9,887</name>
        <description><![CDATA[Rua Cantidio Machado    <br>       <br>   FID   1309    <br>   sequencia   1310    <br>   cota   9,89    <br>   refer_1   Rua Cantidio Machado    <br>   refer_2   Rua Sylvio Scottini    <br>   bairro   Santa Terezinha    <br>   coord_x   705256,063086    <br>   coord_y   7018494,85327    <br>   latitude   -26,940336    <br>   longitu   -48,93256]]></description>
        <styleUrl>#icon-1899-DB4436</styleUrl>
        <Point>
          <coordinates>
            -48.93256,-26.940336,0
          </coordinates>
        </Point>
      </Placemark>
      <Placemark>
        <name>10,046</name>
        <description><![CDATA[Rua Cantidio Machado    <br>       <br>   FID   1310    <br>   sequencia   1311    <br>   cota   10,05    <br>   refer_1   Rua Cantidio Machado    <br>   refer_2   Rua Olinda    <br>   bairro   Santa Terezinha    <br>   coord_x   705200,607173    <br>   coord_y   7018312,8854    <br>   latitude   -26,941986    <br>   longitu   -48,933088]]></description>
        <styleUrl>#icon-1899-DB4436</styleUrl>
        <Point>
          <coordinates>
            -48.933088,-26.941986,0
          </coordinates>
        </Point>
      </Placemark>
      <Placemark>
        <name>10,823</name>
        <description><![CDATA[Rua Cantidio Machado    <br>       <br>   FID   1311    <br>   sequencia   1312    <br>   cota   10,82    <br>   refer_1   Rua Cantidio Machado    <br>   refer_2   78    <br>   bairro   Santa Terezinha    <br>   coord_x   705234,003377    <br>   coord_y   7018425,7176    <br>   latitude   -26,940963    <br>   longitu   -48,93277]]></description>
        <styleUrl>#icon-1899-DB4436</styleUrl>
        <Point>
          <coordinates>
            -48.93277,-26.940963,0
          </coordinates>
        </Point>
      </Placemark>
      <Placemark>
        <name>12,134</name>
        <description><![CDATA[Rua Cantidio Machado    <br>       <br>   FID   1312    <br>   sequencia   1313    <br>   cota   12,13    <br>   refer_1   Rua Cantidio Machado    <br>   refer_2   Rua Botuverá    <br>   bairro   Santa Terezinha    <br>   coord_x   705184,840138    <br>   coord_y   7018242,55475    <br>   latitude   -26,942623    <br>   longitu   -48,933235]]></description>
        <styleUrl>#icon-1899-DB4436</styleUrl>
        <Point>
          <coordinates>
            -48.933235,-26.942623,0
          </coordinates>
        </Point>
      </Placemark>
      <Placemark>
        <name>13,65</name>
        <description><![CDATA[Rua Cantidio Machado    <br>       <br>   FID   1313    <br>   sequencia   1314    <br>   cota   13,65    <br>   refer_1   Rua Cantidio Machado    <br>   refer_2   138    <br>   bairro   Santa Terezinha    <br>   coord_x   705177,828882    <br>   coord_y   7018216,86477    <br>   latitude   -26,942855    <br>   longitu   -48,933302]]></description>
        <styleUrl>#icon-1899-DB4436</styleUrl>
        <Point>
          <coordinates>
            -48.933302,-26.942855,0
          </coordinates>
        </Point>
      </Placemark>
      <Placemark>
        <name>10,201</name>
        <description><![CDATA[Rua Castello    <br>       <br>   FID   1314    <br>   sequencia   1315    <br>   cota   10,20    <br>   refer_1   Rua Castello    <br>   refer_2   Final de rua    <br>   bairro   Santa Terezinha    <br>   coord_x   705043,082937    <br>   coord_y   7017936,3313    <br>   latitude   -26,945406    <br>   longitu   -48,934612]]></description>
        <styleUrl>#icon-1899-DB4436</styleUrl>
        <Point>
          <coordinates>
            -48.934612,-26.945406,0
          </coordinates>
        </Point>
      </Placemark>
      <Placemark>
        <name>8,543</name>
        <description><![CDATA[Rua Claudino Casas    <br>       <br>   FID   1315    <br>   sequencia   1316    <br>   cota   8,54    <br>   refer_1   Rua Claudino Casas    <br>   refer_2   150    <br>   bairro   Santa Terezinha    <br>   coord_x   704568,616133    <br>   coord_y   7018312,70265    <br>   latitude   -26,94208    <br>   longitu   -48,939451]]></description>
        <styleUrl>#icon-1899-DB4436</styleUrl>
        <Point>
          <coordinates>
            -48.939451,-26.94208,0
          </coordinates>
        </Point>
      </Placemark>
      <Placemark>
        <name>9,012</name>
        <description><![CDATA[Rua Claudino Casas    <br>       <br>   FID   1316    <br>   sequencia   1317    <br>   cota   9,01    <br>   refer_1   Rua Claudino Casas    <br>   refer_2   50    <br>   bairro   Santa Terezinha    <br>   coord_x   704575,460092    <br>   coord_y   7018413,30679    <br>   latitude   -26,941172    <br>   longitu   -48,939398]]></description>
        <styleUrl>#icon-1899-DB4436</styleUrl>
        <Point>
          <coordinates>
            -48.939398,-26.941172,0
          </coordinates>
        </Point>
      </Placemark>
      <Placemark>
        <name>8,987</name>
        <description><![CDATA[Rua Crescêncio Pedro Schneider    <br>       <br>   FID   1317    <br>   sequencia   1318    <br>   cota   8,99    <br>   refer_1   Rua Crescêncio Pedro Schneider    <br>   refer_2   Rua Barão do Rio Branco    <br>   bairro   Santa Terezinha    <br>   coord_x   705189,384571    <br>   coord_y   7018523,72623    <br>   latitude   -26,940085    <br>   longitu   -48,933236]]></description>
        <styleUrl>#icon-1899-DB4436</styleUrl>
        <Point>
          <coordinates>
            -48.933236,-26.940085,0
          </coordinates>
        </Point>
      </Placemark>
      <Placemark>
        <name>9,288</name>
        <description><![CDATA[Rua Crescêncio Pedro Schneider    <br>       <br>   FID   1318    <br>   sequencia   1319    <br>   cota   9,29    <br>   refer_1   Rua Crescêncio Pedro Schneider    <br>   refer_2   85    <br>   bairro   Santa Terezinha    <br>   coord_x   705203,562992    <br>   coord_y   7018573,73194    <br>   latitude   -26,939632    <br>   longitu   -48,933101]]></description>
        <styleUrl>#icon-1899-DB4436</styleUrl>
        <Point>
          <coordinates>
            -48.933101,-26.939632,0
          </coordinates>
        </Point>
      </Placemark>
      <Placemark>
        <name>10,661</name>
        <description><![CDATA[Rua da Amizade    <br>       <br>   FID   1319    <br>   sequencia   1320    <br>   cota   10,66    <br>   refer_1   Rua da Amizade    <br>   refer_2   19    <br>   bairro   Santa Terezinha    <br>   coord_x   704240,256545    <br>   coord_y   7018706,06348    <br>   latitude   -26,938579    <br>   longitu   -48,942821]]></description>
        <styleUrl>#icon-1899-DB4436</styleUrl>
        <Point>
          <coordinates>
            -48.942821,-26.938579,0
          </coordinates>
        </Point>
      </Placemark>
      <Placemark>
        <name>9,887</name>
        <description><![CDATA[Rua Dário Érico Beduschi    <br>       <br>   FID   1320    <br>   sequencia   1321    <br>   cota   9,89    <br>   refer_1   Rua Dário Érico Beduschi    <br>   refer_2   Final de rua    <br>   bairro   Santa Terezinha    <br>   coord_x   704923,108845    <br>   coord_y   7018476,34881    <br>   latitude   -26,940552    <br>   longitu   -48,935909]]></description>
        <styleUrl>#icon-1899-DB4436</styleUrl>
        <Point>
          <coordinates>
            -48.935909,-26.940552,0
          </coordinates>
        </Point>
      </Placemark>
      <Placemark>
        <name>9,639</name>
        <description><![CDATA[Rua Dona Madalena    <br>       <br>   FID   1321    <br>   sequencia   1322    <br>   cota   9,64    <br>   refer_1   Rua Dona Madalena    <br>   refer_2   Final de rua    <br>   bairro   Santa Terezinha    <br>   coord_x   704805,964004    <br>   coord_y   7018076,70149    <br>   latitude   -26,944175    <br>   longitu   -48,937022]]></description>
        <styleUrl>#icon-1899-DB4436</styleUrl>
        <Point>
          <coordinates>
            -48.937022,-26.944175,0
          </coordinates>
        </Point>
      </Placemark>
      <Placemark>
        <name>11,414</name>
        <description><![CDATA[Rua dos Imigrantes    <br>       <br>   FID   1322    <br>   sequencia   1323    <br>   cota   11,41    <br>   refer_1   Rua dos Imigrantes    <br>   refer_2   95    <br>   bairro   Santa Terezinha    <br>   coord_x   704243,345713    <br>   coord_y   7018742,83577    <br>   latitude   -26,938247    <br>   longitu   -48,942796]]></description>
        <styleUrl>#icon-1899-DB4436</styleUrl>
        <Point>
          <coordinates>
            -48.942796,-26.938247,0
          </coordinates>
        </Point>
      </Placemark>
      <Placemark>
        <name>8,602</name>
        <description><![CDATA[Rua Edésio Maya    <br>       <br>   FID   1323    <br>   sequencia   1324    <br>   cota   8,60    <br>   refer_1   Rua Edésio Maya    <br>   refer_2   10    <br>   bairro   Santa Terezinha    <br>   coord_x   703808,158502    <br>   coord_y   7018737,63664    <br>   latitude   -26,938358    <br>   longitu   -48,947176]]></description>
        <styleUrl>#icon-1899-DB4436</styleUrl>
        <Point>
          <coordinates>
            -48.947176,-26.938358,0
          </coordinates>
        </Point>
      </Placemark>
      <Placemark>
        <name>9,52</name>
        <description><![CDATA[Rua Edésio Maya    <br>       <br>   FID   1324    <br>   sequencia   1325    <br>   cota   9,52    <br>   refer_1   Rua Edésio Maya    <br>   refer_2   à 26 metros do início da rua    <br>   bairro   Santa Terezinha    <br>   coord_x   703816,411397    <br>   coord_y   7018710,13227    <br>   latitude   -26,938605    <br>   longitu   -48,947088]]></description>
        <styleUrl>#icon-1899-DB4436</styleUrl>
        <Point>
          <coordinates>
            -48.947088,-26.938605,0
          </coordinates>
        </Point>
      </Placemark>
      <Placemark>
        <name>11,761</name>
        <description><![CDATA[Rua Eleotéria Jesuína de Souza    <br>       <br>   FID   1325    <br>   sequencia   1326    <br>   cota   11,76    <br>   refer_1   Rua Eleotéria Jesuína de Souza    <br>   refer_2   74    <br>   bairro   Santa Terezinha    <br>   coord_x   704429,129868    <br>   coord_y   7019164,16725    <br>   latitude   -26,934418    <br>   longitu   -48,940994]]></description>
        <styleUrl>#icon-1899-DB4436</styleUrl>
        <Point>
          <coordinates>
            -48.940994,-26.934418,0
          </coordinates>
        </Point>
      </Placemark>
      <Placemark>
        <name>9,858</name>
        <description><![CDATA[Rua Florença    <br>       <br>   FID   1326    <br>   sequencia   1327    <br>   cota   9,86    <br>   refer_1   Rua Florença    <br>   refer_2   Final de rua    <br>   bairro   Santa Terezinha    <br>   coord_x   704826,621768    <br>   coord_y   7018017,06988    <br>   latitude   -26,94471    <br>   longitu   -48,936805]]></description>
        <styleUrl>#icon-1899-DB4436</styleUrl>
        <Point>
          <coordinates>
            -48.936805,-26.94471,0
          </coordinates>
        </Point>
      </Placemark>
      <Placemark>
        <name>9,621</name>
        <description><![CDATA[Rua Fortaleza    <br>       <br>   FID   1327    <br>   sequencia   1328    <br>   cota   9,62    <br>   refer_1   Rua Fortaleza    <br>   refer_2   Rua Barão do Rio Branco    <br>   bairro   Santa Terezinha    <br>   coord_x   705132,60565    <br>   coord_y   7018521,61117    <br>   latitude   -26,940112    <br>   longitu   -48,933807]]></description>
        <styleUrl>#icon-1899-DB4436</styleUrl>
        <Point>
          <coordinates>
            -48.933807,-26.940112,0
          </coordinates>
        </Point>
      </Placemark>
      <Placemark>
        <name>10,125</name>
        <description><![CDATA[Rua Fortaleza    <br>       <br>   FID   1328    <br>   sequencia   1329    <br>   cota   10,13    <br>   refer_1   Rua Fortaleza    <br>   refer_2   Final de rua    <br>   bairro   Santa Terezinha    <br>   coord_x   705115,718756    <br>   coord_y   7018433,02104    <br>   latitude   -26,940914    <br>   longitu   -48,933962]]></description>
        <styleUrl>#icon-1899-DB4436</styleUrl>
        <Point>
          <coordinates>
            -48.933962,-26.940914,0
          </coordinates>
        </Point>
      </Placemark>
      <Placemark>
        <name>13,65</name>
        <description><![CDATA[Rua Francisco da Silva    <br>       <br>   FID   1329    <br>   sequencia   1330    <br>   cota   13,65    <br>   refer_1   Rua Francisco da Silva    <br>   refer_2   Final de rua    <br>   bairro   Santa Terezinha    <br>   coord_x   703668,23363    <br>   coord_y   7018630,25432    <br>   latitude   -26,939347    <br>   longitu   -48,948567]]></description>
        <styleUrl>#icon-1899-DB4436</styleUrl>
        <Point>
          <coordinates>
            -48.948567,-26.939347,0
          </coordinates>
        </Point>
      </Placemark>
      <Placemark>
        <name>9,199</name>
        <description><![CDATA[Rua Guabiruba    <br>       <br>   FID   1330    <br>   sequencia   1331    <br>   cota   9,20    <br>   refer_1   Rua Guabiruba    <br>   refer_2   Final de rua    <br>   bairro   Santa Terezinha    <br>   coord_x   704795,747008    <br>   coord_y   7018141,38843    <br>   latitude   -26,943593    <br>   longitu   -48,937136]]></description>
        <styleUrl>#icon-1899-DB4436</styleUrl>
        <Point>
          <coordinates>
            -48.937136,-26.943593,0
          </coordinates>
        </Point>
      </Placemark>
      <Placemark>
        <name>10,922</name>
        <description><![CDATA[Rua Guabiruba    <br>       <br>   FID   1331    <br>   sequencia   1332    <br>   cota   10,92    <br>   refer_1   Rua Guabiruba    <br>   refer_2   174    <br>   bairro   Santa Terezinha    <br>   coord_x   705114,783599    <br>   coord_y   7018130,47312    <br>   latitude   -26,943644    <br>   longitu   -48,933922]]></description>
        <styleUrl>#icon-1899-DB4436</styleUrl>
        <Point>
          <coordinates>
            -48.933922,-26.943644,0
          </coordinates>
        </Point>
      </Placemark>
      <Placemark>
        <name>13,65</name>
        <description><![CDATA[Rua Guabiruba    <br>       <br>   FID   1332    <br>   sequencia   1333    <br>   cota   13,65    <br>   refer_1   Rua Guabiruba    <br>   refer_2   160    <br>   bairro   Santa Terezinha    <br>   coord_x   705148,593286    <br>   coord_y   7018127,47709    <br>   latitude   -26,943666    <br>   longitu   -48,933581]]></description>
        <styleUrl>#icon-1899-DB4436</styleUrl>
        <Point>
          <coordinates>
            -48.933581,-26.943666,0
          </coordinates>
        </Point>
      </Placemark>
      <Placemark>
        <name>8,948</name>
        <description><![CDATA[Rua Guaramirim    <br>       <br>   FID   1333    <br>   sequencia   1334    <br>   cota   8,95    <br>   refer_1   Rua Guaramirim    <br>   refer_2   77    <br>   bairro   Santa Terezinha    <br>   coord_x   704373,17363    <br>   coord_y   7018395,49066    <br>   latitude   -26,941362    <br>   longitu   -48,941432]]></description>
        <styleUrl>#icon-1899-DB4436</styleUrl>
        <Point>
          <coordinates>
            -48.941432,-26.941362,0
          </coordinates>
        </Point>
      </Placemark>
      <Placemark>
        <name>13,65</name>
        <description><![CDATA[Rua Herta Zimmermann    <br>       <br>   FID   1334    <br>   sequencia   1335    <br>   cota   13,65    <br>   refer_1   Rua Herta Zimmermann    <br>   refer_2   Final de rua    <br>   bairro   Santa Terezinha    <br>   coord_x   704059,090335    <br>   coord_y   7018842,05473    <br>   latitude   -26,937379    <br>   longitu   -48,944667]]></description>
        <styleUrl>#icon-1899-DB4436</styleUrl>
        <Point>
          <coordinates>
            -48.944667,-26.937379,0
          </coordinates>
        </Point>
      </Placemark>
      <Placemark>
        <name>13,241</name>
        <description><![CDATA[Rua Industrial José Beduschi    <br>       <br>   FID   1335    <br>   sequencia   1336    <br>   cota   13,24    <br>   refer_1   Rua Industrial José Beduschi    <br>   refer_2   550    <br>   bairro   Santa Terezinha    <br>   coord_x   703582,416264    <br>   coord_y   7019719,70016    <br>   latitude   -26,92953    <br>   longitu   -48,949609]]></description>
        <styleUrl>#icon-1899-DB4436</styleUrl>
        <Point>
          <coordinates>
            -48.949609,-26.92953,0
          </coordinates>
        </Point>
      </Placemark>
      <Placemark>
        <name>10,024</name>
        <description><![CDATA[Rua Itapema    <br>       <br>   FID   1336    <br>   sequencia   1337    <br>   cota   10,02    <br>   refer_1   Rua Itapema    <br>   refer_2   Final de rua    <br>   bairro   Santa Terezinha    <br>   coord_x   704793,615232    <br>   coord_y   7018749,47525    <br>   latitude   -26,938106    <br>   longitu   -48,937257]]></description>
        <styleUrl>#icon-1899-DB4436</styleUrl>
        <Point>
          <coordinates>
            -48.937257,-26.938106,0
          </coordinates>
        </Point>
      </Placemark>
      <Placemark>
        <name>10,494</name>
        <description><![CDATA[Rua Itapema    <br>       <br>   FID   1337    <br>   sequencia   1338    <br>   cota   10,49    <br>   refer_1   Rua Itapema    <br>   refer_2   Rua Porto Belo    <br>   bairro   Santa Terezinha    <br>   coord_x   704953,510694    <br>   coord_y   7018743,48295    <br>   latitude   -26,938137    <br>   longitu   -48,935646]]></description>
        <styleUrl>#icon-1899-DB4436</styleUrl>
        <Point>
          <coordinates>
            -48.935646,-26.938137,0
          </coordinates>
        </Point>
      </Placemark>
      <Placemark>
        <name>10,573</name>
        <description><![CDATA[Rua Itapema    <br>       <br>   FID   1338    <br>   sequencia   1339    <br>   cota   10,57    <br>   refer_1   Rua Itapema    <br>   refer_2   71    <br>   bairro   Santa Terezinha    <br>   coord_x   704978,697275    <br>   coord_y   7018754,49335    <br>   latitude   -26,938034    <br>   longitu   -48,935395]]></description>
        <styleUrl>#icon-1899-DB4436</styleUrl>
        <Point>
          <coordinates>
            -48.935395,-26.938034,0
          </coordinates>
        </Point>
      </Placemark>
      <Placemark>
        <name>10,066</name>
        <description><![CDATA[Rua Ivo Testoni    <br>       <br>   FID   1339    <br>   sequencia   1340    <br>   cota   10,07    <br>   refer_1   Rua Ivo Testoni    <br>   refer_2   20    <br>   bairro   Santa Terezinha    <br>   coord_x   703963,941754    <br>   coord_y   7018766,05559    <br>   latitude   -26,938079    <br>   longitu   -48,945612]]></description>
        <styleUrl>#icon-1899-DB4436</styleUrl>
        <Point>
          <coordinates>
            -48.945612,-26.938079,0
          </coordinates>
        </Point>
      </Placemark>
      <Placemark>
        <name>8,536</name>
        <description><![CDATA[Rua Jacob Junkes    <br>       <br>   FID   1340    <br>   sequencia   1341    <br>   cota   8,54    <br>   refer_1   Rua Jacob Junkes    <br>   refer_2   Rua Pedro da Rocha    <br>   bairro   Santa Terezinha    <br>   coord_x   704273,267079    <br>   coord_y   7018472,92382    <br>   latitude   -26,940678    <br>   longitu   -48,94245]]></description>
        <styleUrl>#icon-1899-DB4436</styleUrl>
        <Point>
          <coordinates>
            -48.94245,-26.940678,0
          </coordinates>
        </Point>
      </Placemark>
      <Placemark>
        <name>9,141</name>
        <description><![CDATA[Rua Jacob Junkes    <br>       <br>   FID   1341    <br>   sequencia   1342    <br>   cota   9,14    <br>   refer_1   Rua Jacob Junkes    <br>   refer_2   Rua Amélia Schmitt    <br>   bairro   Santa Terezinha    <br>   coord_x   704202,971125    <br>   coord_y   7018476,30068    <br>   latitude   -26,940658    <br>   longitu   -48,943158]]></description>
        <styleUrl>#icon-1899-DB4436</styleUrl>
        <Point>
          <coordinates>
            -48.943158,-26.940658,0
          </coordinates>
        </Point>
      </Placemark>
      <Placemark>
        <name>9,411</name>
        <description><![CDATA[Rua Jacob Junkes    <br>       <br>   FID   1342    <br>   sequencia   1343    <br>   cota   9,41    <br>   refer_1   Rua Jacob Junkes    <br>   refer_2   Rua Ademir Paulo Krauss    <br>   bairro   Santa Terezinha    <br>   coord_x   704111,262955    <br>   coord_y   7018475,90414    <br>   latitude   -26,940675    <br>   longitu   -48,944082]]></description>
        <styleUrl>#icon-1899-DB4436</styleUrl>
        <Point>
          <coordinates>
            -48.944082,-26.940675,0
          </coordinates>
        </Point>
      </Placemark>
      <Placemark>
        <name>9,504</name>
        <description><![CDATA[Rua Jacob Junkes    <br>       <br>   FID   1343    <br>   sequencia   1344    <br>   cota   9,50    <br>   refer_1   Rua Jacob Junkes    <br>   refer_2   119    <br>   bairro   Santa Terezinha    <br>   coord_x   704585,870896    <br>   coord_y   7018625,31142    <br>   latitude   -26,939257    <br>   longitu   -48,939328]]></description>
        <styleUrl>#icon-1899-DB4436</styleUrl>
        <Point>
          <coordinates>
            -48.939328,-26.939257,0
          </coordinates>
        </Point>
      </Placemark>
      <Placemark>
        <name>9,765</name>
        <description><![CDATA[Rua Jacob Junkes    <br>       <br>   FID   1344    <br>   sequencia   1345    <br>   cota   9,77    <br>   refer_1   Rua Jacob Junkes    <br>   refer_2   266    <br>   bairro   Santa Terezinha    <br>   coord_x   704527,321531    <br>   coord_y   7018457,85742    <br>   latitude   -26,940777    <br>   longitu   -48,93989]]></description>
        <styleUrl>#icon-1899-DB4436</styleUrl>
        <Point>
          <coordinates>
            -48.93989,-26.940777,0
          </coordinates>
        </Point>
      </Placemark>
      <Placemark>
        <name>9,793</name>
        <description><![CDATA[Rua Jacob Junkes    <br>       <br>   FID   1345    <br>   sequencia   1346    <br>   cota   9,79    <br>   refer_1   Rua Jacob Junkes    <br>   refer_2   Rua Leopoldo Cani    <br>   bairro   Santa Terezinha    <br>   coord_x   704496,730324    <br>   coord_y   7018456,90086    <br>   latitude   -26,94079    <br>   longitu   -48,940198]]></description>
        <styleUrl>#icon-1899-DB4436</styleUrl>
        <Point>
          <coordinates>
            -48.940198,-26.94079,0
          </coordinates>
        </Point>
      </Placemark>
      <Placemark>
        <name>10,079</name>
        <description><![CDATA[Rua Jacob Junkes    <br>       <br>   FID   1346    <br>   sequencia   1347    <br>   cota   10,08    <br>   refer_1   Rua Jacob Junkes    <br>   refer_2   Rua Paulo Bernardo Schmitt    <br>   bairro   Santa Terezinha    <br>   coord_x   704324,898316    <br>   coord_y   7018470,38953    <br>   latitude   -26,940693    <br>   longitu   -48,94193]]></description>
        <styleUrl>#icon-1899-DB4436</styleUrl>
        <Point>
          <coordinates>
            -48.94193,-26.940693,0
          </coordinates>
        </Point>
      </Placemark>
      <Placemark>
        <name>10,095</name>
        <description><![CDATA[Rua Jacob Junkes    <br>       <br>   FID   1347    <br>   sequencia   1348    <br>   cota   10,10    <br>   refer_1   Rua Jacob Junkes    <br>   refer_2   Rua Luiz Alves    <br>   bairro   Santa Terezinha    <br>   coord_x   704419,781506    <br>   coord_y   7018460,70889    <br>   latitude   -26,940767    <br>   longitu   -48,940973]]></description>
        <styleUrl>#icon-1899-DB4436</styleUrl>
        <Point>
          <coordinates>
            -48.940973,-26.940767,0
          </coordinates>
        </Point>
      </Placemark>
      <Placemark>
        <name>10,134</name>
        <description><![CDATA[Rua Jacob Junkes    <br>       <br>   FID   1348    <br>   sequencia   1349    <br>   cota   10,13    <br>   refer_1   Rua Jacob Junkes    <br>   refer_2   Rua Claudino Casas    <br>   bairro   Santa Terezinha    <br>   coord_x   704578,452587    <br>   coord_y   7018486,24513    <br>   latitude   -26,940513    <br>   longitu   -48,93938]]></description>
        <styleUrl>#icon-1899-DB4436</styleUrl>
        <Point>
          <coordinates>
            -48.93938,-26.940513,0
          </coordinates>
        </Point>
      </Placemark>
      <Placemark>
        <name>10,243</name>
        <description><![CDATA[Rua Jacob Junkes    <br>       <br>   FID   1349    <br>   sequencia   1350    <br>   cota   10,24    <br>   refer_1   Rua Jacob Junkes    <br>   refer_2   Rua Cândido João dos Santos    <br>   bairro   Santa Terezinha    <br>   coord_x   704444,630898    <br>   coord_y   7018465,99377    <br>   latitude   -26,940716    <br>   longitu   -48,940724]]></description>
        <styleUrl>#icon-1899-DB4436</styleUrl>
        <Point>
          <coordinates>
            -48.940724,-26.940716,0
          </coordinates>
        </Point>
      </Placemark>
      <Placemark>
        <name>10,273</name>
        <description><![CDATA[Rua Jacob Junkes    <br>       <br>   FID   1350    <br>   sequencia   1351    <br>   cota   10,27    <br>   refer_1   Rua Jacob Junkes    <br>   refer_2   Rua Guaramirim    <br>   bairro   Santa Terezinha    <br>   coord_x   704374,312311    <br>   coord_y   7018461,75365    <br>   latitude   -26,940764    <br>   longitu   -48,941431]]></description>
        <styleUrl>#icon-1899-DB4436</styleUrl>
        <Point>
          <coordinates>
            -48.941431,-26.940764,0
          </coordinates>
        </Point>
      </Placemark>
      <Placemark>
        <name>10,488</name>
        <description><![CDATA[Rua Jacob Junkes    <br>       <br>   FID   1351    <br>   sequencia   1352    <br>   cota   10,49    <br>   refer_1   Rua Jacob Junkes    <br>   refer_2   Rua Santa Catarina    <br>   bairro   Santa Terezinha    <br>   coord_x   704373,726046    <br>   coord_y   7018470,5815    <br>   latitude   -26,940685    <br>   longitu   -48,941438]]></description>
        <styleUrl>#icon-1899-DB4436</styleUrl>
        <Point>
          <coordinates>
            -48.941438,-26.940685,0
          </coordinates>
        </Point>
      </Placemark>
      <Placemark>
        <name>10,557</name>
        <description><![CDATA[Rua Jacob Junkes    <br>       <br>   FID   1352    <br>   sequencia   1353    <br>   cota   10,56    <br>   refer_1   Rua Jacob Junkes    <br>   refer_2   Rua Sorocaba    <br>   bairro   Santa Terezinha    <br>   coord_x   704588,183368    <br>   coord_y   7018691,64586    <br>   latitude   -26,938658    <br>   longitu   -48,939316]]></description>
        <styleUrl>#icon-1899-DB4436</styleUrl>
        <Point>
          <coordinates>
            -48.939316,-26.938658,0
          </coordinates>
        </Point>
      </Placemark>
      <Placemark>
        <name>10,746</name>
        <description><![CDATA[Rua Jacob Junkes    <br>       <br>   FID   1353    <br>   sequencia   1354    <br>   cota   10,75    <br>   refer_1   Rua Jacob Junkes    <br>   refer_2   162    <br>   bairro   Santa Terezinha    <br>   coord_x   704583,462508    <br>   coord_y   7018562,39643    <br>   latitude   -26,939825    <br>   longitu   -48,939342]]></description>
        <styleUrl>#icon-1899-DB4436</styleUrl>
        <Point>
          <coordinates>
            -48.939342,-26.939825,0
          </coordinates>
        </Point>
      </Placemark>
      <Placemark>
        <name>11,001</name>
        <description><![CDATA[Rua Jacob Junkes    <br>       <br>   FID   1354    <br>   sequencia   1355    <br>   cota   11,00    <br>   refer_1   Rua Jacob Junkes    <br>   refer_2   311    <br>   bairro   Santa Terezinha    <br>   coord_x   704044,473987    <br>   coord_y   7018479,42214    <br>   latitude   -26,940653    <br>   longitu   -48,944755]]></description>
        <styleUrl>#icon-1899-DB4436</styleUrl>
        <Point>
          <coordinates>
            -48.944755,-26.940653,0
          </coordinates>
        </Point>
      </Placemark>
      <Placemark>
        <name>9,077</name>
        <description><![CDATA[Rua Jaraguá do Sul    <br>       <br>   FID   1355    <br>   sequencia   1356    <br>   cota   9,08    <br>   refer_1   Rua Jaraguá do Sul    <br>   refer_2   Rua Joaçaba    <br>   bairro   Santa Terezinha    <br>   coord_x   704858,944973    <br>   coord_y   7018824,9802    <br>   latitude   -26,937416    <br>   longitu   -48,936612]]></description>
        <styleUrl>#icon-1899-DB4436</styleUrl>
        <Point>
          <coordinates>
            -48.936612,-26.937416,0
          </coordinates>
        </Point>
      </Placemark>
      <Placemark>
        <name>9,467</name>
        <description><![CDATA[Rua Jaraguá do Sul    <br>       <br>   FID   1356    <br>   sequencia   1357    <br>   cota   9,47    <br>   refer_1   Rua Jaraguá do Sul    <br>   refer_2   Rua Mafra    <br>   bairro   Santa Terezinha    <br>   coord_x   704850,495396    <br>   coord_y   7018782,4925    <br>   latitude   -26,9378    <br>   longitu   -48,93669]]></description>
        <styleUrl>#icon-1899-DB4436</styleUrl>
        <Point>
          <coordinates>
            -48.93669,-26.9378,0
          </coordinates>
        </Point>
      </Placemark>
      <Placemark>
        <name>10,046</name>
        <description><![CDATA[Rua Jaraguá do Sul    <br>       <br>   FID   1357    <br>   sequencia   1358    <br>   cota   10,05    <br>   refer_1   Rua Jaraguá do Sul    <br>   refer_2   Rua Itapema    <br>   bairro   Santa Terezinha    <br>   coord_x   704846,425891    <br>   coord_y   7018750,69203    <br>   latitude   -26,938088    <br>   longitu   -48,936726]]></description>
        <styleUrl>#icon-1899-DB4436</styleUrl>
        <Point>
          <coordinates>
            -48.936726,-26.938088,0
          </coordinates>
        </Point>
      </Placemark>
      <Placemark>
        <name>10,178</name>
        <description><![CDATA[Rua Joaçaba    <br>       <br>   FID   1358    <br>   sequencia   1359    <br>   cota   10,18    <br>   refer_1   Rua Joaçaba    <br>   refer_2   Final de rua    <br>   bairro   Santa Terezinha    <br>   coord_x   704720,053431    <br>   coord_y   7018837,40492    <br>   latitude   -26,937324    <br>   longitu   -48,938012]]></description>
        <styleUrl>#icon-1899-DB4436</styleUrl>
        <Point>
          <coordinates>
            -48.938012,-26.937324,0
          </coordinates>
        </Point>
      </Placemark>
      <Placemark>
        <name>10,96</name>
        <description><![CDATA[Rua Joaquim Silvino da Cunha    <br>       <br>   FID   1359    <br>   sequencia   1360    <br>   cota   10,96    <br>   refer_1   Rua Joaquim Silvino da Cunha    <br>   refer_2   146    <br>   bairro   Santa Terezinha    <br>   coord_x   703861,277248    <br>   coord_y   7019280,94004    <br>   latitude   -26,933448    <br>   longitu   -48,94673]]></description>
        <styleUrl>#icon-1899-DB4436</styleUrl>
        <Point>
          <coordinates>
            -48.94673,-26.933448,0
          </coordinates>
        </Point>
      </Placemark>
      <Placemark>
        <name>11,426</name>
        <description><![CDATA[Rua Joaquim Silvino da Cunha    <br>       <br>   FID   1360    <br>   sequencia   1361    <br>   cota   11,43    <br>   refer_1   Rua Joaquim Silvino da Cunha    <br>   refer_2   50    <br>   bairro   Santa Terezinha    <br>   coord_x   703885,07746    <br>   coord_y   7019394,32452    <br>   latitude   -26,932421    <br>   longitu   -48,946509]]></description>
        <styleUrl>#icon-1899-DB4436</styleUrl>
        <Point>
          <coordinates>
            -48.946509,-26.932421,0
          </coordinates>
        </Point>
      </Placemark>
      <Placemark>
        <name>13,65</name>
        <description><![CDATA[Rua Joaquim Silvino da Cunha    <br>       <br>   FID   1361    <br>   sequencia   1362    <br>   cota   13,65    <br>   refer_1   Rua Joaquim Silvino da Cunha    <br>   refer_2   263    <br>   bairro   Santa Terezinha    <br>   coord_x   703861,709653    <br>   coord_y   7019209,34914    <br>   latitude   -26,934094    <br>   longitu   -48,946714]]></description>
        <styleUrl>#icon-1899-DB4436</styleUrl>
        <Point>
          <coordinates>
            -48.946714,-26.934094,0
          </coordinates>
        </Point>
      </Placemark>
      <Placemark>
        <name>8,974</name>
        <description><![CDATA[Rua José Pedro Marques    <br>       <br>   FID   1362    <br>   sequencia   1363    <br>   cota   8,97    <br>   refer_1   Rua José Pedro Marques    <br>   refer_2   145    <br>   bairro   Santa Terezinha    <br>   coord_x   704518,427299    <br>   coord_y   7018310,81582    <br>   latitude   -26,942105    <br>   longitu   -48,939955]]></description>
        <styleUrl>#icon-1899-DB4436</styleUrl>
        <Point>
          <coordinates>
            -48.939955,-26.942105,0
          </coordinates>
        </Point>
      </Placemark>
      <Placemark>
        <name>9,44</name>
        <description><![CDATA[Rua José Pedro Marques    <br>       <br>   FID   1363    <br>   sequencia   1364    <br>   cota   9,44    <br>   refer_1   Rua José Pedro Marques    <br>   refer_2   45    <br>   bairro   Santa Terezinha    <br>   coord_x   704519,606428    <br>   coord_y   7018364,48008    <br>   latitude   -26,94162    <br>   longitu   -48,939952]]></description>
        <styleUrl>#icon-1899-DB4436</styleUrl>
        <Point>
          <coordinates>
            -48.939952,-26.94162,0
          </coordinates>
        </Point>
      </Placemark>
      <Placemark>
        <name>13,65</name>
        <description><![CDATA[Rua José Rafael Schmitt    <br>       <br>   FID   1364    <br>   sequencia   1365    <br>   cota   13,65    <br>   refer_1   Rua José Rafael Schmitt    <br>   refer_2   Avenida das Comunidades    <br>   bairro   Santa Terezinha    <br>   coord_x   703541,124655    <br>   coord_y   7019596,86216    <br>   latitude   -26,930644    <br>   longitu   -48,950004]]></description>
        <styleUrl>#icon-1899-DB4436</styleUrl>
        <Point>
          <coordinates>
            -48.950004,-26.930644,0
          </coordinates>
        </Point>
      </Placemark>
      <Placemark>
        <name>9,511</name>
        <description><![CDATA[Rua José Zuchi    <br>       <br>   FID   1365    <br>   sequencia   1366    <br>   cota   9,51    <br>   refer_1   Rua José Zuchi    <br>   refer_2   Rua Olinda    <br>   bairro   Santa Terezinha    <br>   coord_x   704969,761258    <br>   coord_y   7018327,49042    <br>   latitude   -26,941888    <br>   longitu   -48,935414]]></description>
        <styleUrl>#icon-1899-DB4436</styleUrl>
        <Point>
          <coordinates>
            -48.935414,-26.941888,0
          </coordinates>
        </Point>
      </Placemark>
      <Placemark>
        <name>9,573</name>
        <description><![CDATA[Rua José Zuchi    <br>       <br>   FID   1366    <br>   sequencia   1367    <br>   cota   9,57    <br>   refer_1   Rua José Zuchi    <br>   refer_2   Rua São Luiz    <br>   bairro   Santa Terezinha    <br>   coord_x   704987,388395    <br>   coord_y   7018395,73632    <br>   latitude   -26,94127    <br>   longitu   -48,935248]]></description>
        <styleUrl>#icon-1899-DB4436</styleUrl>
        <Point>
          <coordinates>
            -48.935248,-26.94127,0
          </coordinates>
        </Point>
      </Placemark>
      <Placemark>
        <name>9,772</name>
        <description><![CDATA[Rua José Zuchi    <br>       <br>   FID   1367    <br>   sequencia   1368    <br>   cota   9,77    <br>   refer_1   Rua José Zuchi    <br>   refer_2   Rua Dário Érico Beduschi    <br>   bairro   Santa Terezinha    <br>   coord_x   704991,025203    <br>   coord_y   7018469,42066    <br>   latitude   -26,940604    <br>   longitu   -48,935224]]></description>
        <styleUrl>#icon-1899-DB4436</styleUrl>
        <Point>
          <coordinates>
            -48.935224,-26.940604,0
          </coordinates>
        </Point>
      </Placemark>
      <Placemark>
        <name>9,842</name>
        <description><![CDATA[Rua Laguna    <br>       <br>   FID   1368    <br>   sequencia   1369    <br>   cota   9,84    <br>   refer_1   Rua Laguna    <br>   refer_2   108    <br>   bairro   Santa Terezinha    <br>   coord_x   704689,479036    <br>   coord_y   7018653,14914    <br>   latitude   -26,938991    <br>   longitu   -48,93829]]></description>
        <styleUrl>#icon-1899-DB4436</styleUrl>
        <Point>
          <coordinates>
            -48.93829,-26.938991,0
          </coordinates>
        </Point>
      </Placemark>
      <Placemark>
        <name>10,425</name>
        <description><![CDATA[Rua Laguna    <br>       <br>   FID   1369    <br>   sequencia   1370    <br>   cota   10,43    <br>   refer_1   Rua Laguna    <br>   refer_2   Rua Campos Novos    <br>   bairro   Santa Terezinha    <br>   coord_x   704725,671278    <br>   coord_y   7018656,43853    <br>   latitude   -26,938956    <br>   longitu   -48,937926]]></description>
        <styleUrl>#icon-1899-DB4436</styleUrl>
        <Point>
          <coordinates>
            -48.937926,-26.938956,0
          </coordinates>
        </Point>
      </Placemark>
      <Placemark>
        <name>11,184</name>
        <description><![CDATA[Rua Laguna    <br>       <br>   FID   1370    <br>   sequencia   1371    <br>   cota   11,18    <br>   refer_1   Rua Laguna    <br>   refer_2   22    <br>   bairro   Santa Terezinha    <br>   coord_x   704756,938853    <br>   coord_y   7018657,00876    <br>   latitude   -26,938946    <br>   longitu   -48,937611]]></description>
        <styleUrl>#icon-1899-DB4436</styleUrl>
        <Point>
          <coordinates>
            -48.937611,-26.938946,0
          </coordinates>
        </Point>
      </Placemark>
      <Placemark>
        <name>11,215</name>
        <description><![CDATA[Rua Laguna    <br>       <br>   FID   1371    <br>   sequencia   1372    <br>   cota   11,22    <br>   refer_1   Rua Laguna    <br>   refer_2   Final de rua    <br>   bairro   Santa Terezinha    <br>   coord_x   704679,824027    <br>   coord_y   7018536,94823    <br>   latitude   -26,940041    <br>   longitu   -48,938368]]></description>
        <styleUrl>#icon-1899-DB4436</styleUrl>
        <Point>
          <coordinates>
            -48.938368,-26.940041,0
          </coordinates>
        </Point>
      </Placemark>
      <Placemark>
        <name>8,75</name>
        <description><![CDATA[Rua Lauro Muller    <br>       <br>   FID   1372    <br>   sequencia   1373    <br>   cota   8,75    <br>   refer_1   Rua Lauro Muller    <br>   refer_2   115    <br>   bairro   Santa Terezinha    <br>   coord_x   704467,783119    <br>   coord_y   7018312,7199    <br>   latitude   -26,942095    <br>   longitu   -48,940466]]></description>
        <styleUrl>#icon-1899-DB4436</styleUrl>
        <Point>
          <coordinates>
            -48.940466,-26.942095,0
          </coordinates>
        </Point>
      </Placemark>
      <Placemark>
        <name>9,062</name>
        <description><![CDATA[Rua Lauro Muller    <br>       <br>   FID   1373    <br>   sequencia   1374    <br>   cota   9,06    <br>   refer_1   Rua Lauro Muller    <br>   refer_2   92    <br>   bairro   Santa Terezinha    <br>   coord_x   704463,747833    <br>   coord_y   7018363,57616    <br>   latitude   -26,941637    <br>   longitu   -48,940515]]></description>
        <styleUrl>#icon-1899-DB4436</styleUrl>
        <Point>
          <coordinates>
            -48.940515,-26.941637,0
          </coordinates>
        </Point>
      </Placemark>
      <Placemark>
        <name>9,08</name>
        <description><![CDATA[Rua Lauro Muller    <br>       <br>   FID   1374    <br>   sequencia   1375    <br>   cota   9,08    <br>   refer_1   Rua Lauro Muller    <br>   refer_2   55    <br>   bairro   Santa Terezinha    <br>   coord_x   704466,514996    <br>   coord_y   7018387,35344    <br>   latitude   -26,941422    <br>   longitu   -48,940491]]></description>
        <styleUrl>#icon-1899-DB4436</styleUrl>
        <Point>
          <coordinates>
            -48.940491,-26.941422,0
          </coordinates>
        </Point>
      </Placemark>
      <Placemark>
        <name>9,996</name>
        <description><![CDATA[Rua Lauro Muller    <br>       <br>   FID   1375    <br>   sequencia   1376    <br>   cota   10,00    <br>   refer_1   Rua Lauro Muller    <br>   refer_2   Rua Jacob Junkes    <br>   bairro   Santa Terezinha    <br>   coord_x   704464,908311    <br>   coord_y   7018459,65253    <br>   latitude   -26,94077    <br>   longitu   -48,940519]]></description>
        <styleUrl>#icon-1899-DB4436</styleUrl>
        <Point>
          <coordinates>
            -48.940519,-26.94077,0
          </coordinates>
        </Point>
      </Placemark>
      <Placemark>
        <name>10,188</name>
        <description><![CDATA[Rua Lauro Schneider    <br>       <br>   FID   1376    <br>   sequencia   1377    <br>   cota   10,19    <br>   refer_1   Rua Lauro Schneider    <br>   refer_2   64    <br>   bairro   Santa Terezinha    <br>   coord_x   705143,838528    <br>   coord_y   7018598,08718    <br>   latitude   -26,939421    <br>   longitu   -48,933707]]></description>
        <styleUrl>#icon-1899-DB4436</styleUrl>
        <Point>
          <coordinates>
            -48.933707,-26.939421,0
          </coordinates>
        </Point>
      </Placemark>
      <Placemark>
        <name>10,197</name>
        <description><![CDATA[Rua Leopoldo Cani    <br>       <br>   FID   1377    <br>   sequencia   1378    <br>   cota   10,20    <br>   refer_1   Rua Leopoldo Cani    <br>   refer_2   60    <br>   bairro   Santa Terezinha    <br>   coord_x   704499,217554    <br>   coord_y   7018404,03244    <br>   latitude   -26,941267    <br>   longitu   -48,940164]]></description>
        <styleUrl>#icon-1899-DB4436</styleUrl>
        <Point>
          <coordinates>
            -48.940164,-26.941267,0
          </coordinates>
        </Point>
      </Placemark>
      <Placemark>
        <name>9,287</name>
        <description><![CDATA[Rua Lucca    <br>       <br>   FID   1378    <br>   sequencia   1379    <br>   cota   9,29    <br>   refer_1   Rua Lucca    <br>   refer_2   Final de rua    <br>   bairro   Santa Terezinha    <br>   coord_x   704491,324406    <br>   coord_y   7017961,02976    <br>   latitude   -26,945265    <br>   longitu   -48,940171]]></description>
        <styleUrl>#icon-1899-DB4436</styleUrl>
        <Point>
          <coordinates>
            -48.940171,-26.945265,0
          </coordinates>
        </Point>
      </Placemark>
      <Placemark>
        <name>9,707</name>
        <description><![CDATA[Rua Lucca    <br>       <br>   FID   1379    <br>   sequencia   1380    <br>   cota   9,71    <br>   refer_1   Rua Lucca    <br>   refer_2   289    <br>   bairro   Santa Terezinha    <br>   coord_x   704635,525831    <br>   coord_y   7017957,70418    <br>   latitude   -26,945274    <br>   longitu   -48,938719]]></description>
        <styleUrl>#icon-1899-DB4436</styleUrl>
        <Point>
          <coordinates>
            -48.938719,-26.945274,0
          </coordinates>
        </Point>
      </Placemark>
      <Placemark>
        <name>9,838</name>
        <description><![CDATA[Rua Lucca    <br>       <br>   FID   1380    <br>   sequencia   1381    <br>   cota   9,84    <br>   refer_1   Rua Lucca    <br>   refer_2   Rua Arezzo    <br>   bairro   Santa Terezinha    <br>   coord_x   704710,953131    <br>   coord_y   7017945,78518    <br>   latitude   -26,94537    <br>   longitu   -48,937957]]></description>
        <styleUrl>#icon-1899-DB4436</styleUrl>
        <Point>
          <coordinates>
            -48.937957,-26.94537,0
          </coordinates>
        </Point>
      </Placemark>
      <Placemark>
        <name>10,05</name>
        <description><![CDATA[Rua Lucca    <br>       <br>   FID   1381    <br>   sequencia   1382    <br>   cota   10,05    <br>   refer_1   Rua Lucca    <br>   refer_2   150 metros após cruzamento com a avenida Roma    <br>   bairro   Santa Terezinha    <br>   coord_x   704793,942888    <br>   coord_y   7017947,6304    <br>   latitude   -26,945341    <br>   longitu   -48,937122]]></description>
        <styleUrl>#icon-1899-DB4436</styleUrl>
        <Point>
          <coordinates>
            -48.937122,-26.945341,0
          </coordinates>
        </Point>
      </Placemark>
      <Placemark>
        <name>8,968</name>
        <description><![CDATA[Rua Luiz Alves    <br>       <br>   FID   1382    <br>   sequencia   1383    <br>   cota   8,97    <br>   refer_1   Rua Luiz Alves    <br>   refer_2   70    <br>   bairro   Santa Terezinha    <br>   coord_x   704420,109255    <br>   coord_y   7018393,62695    <br>   latitude   -26,941372    <br>   longitu   -48,940959]]></description>
        <styleUrl>#icon-1899-DB4436</styleUrl>
        <Point>
          <coordinates>
            -48.940959,-26.941372,0
          </coordinates>
        </Point>
      </Placemark>
      <Placemark>
        <name>9,646</name>
        <description><![CDATA[Rua Mafra    <br>       <br>   FID   1383    <br>   sequencia   1384    <br>   cota   9,65    <br>   refer_1   Rua Mafra    <br>   refer_2   90    <br>   bairro   Santa Terezinha    <br>   coord_x   704757,044681    <br>   coord_y   7018779,25392    <br>   latitude   -26,937843    <br>   longitu   -48,93763]]></description>
        <styleUrl>#icon-1899-DB4436</styleUrl>
        <Point>
          <coordinates>
            -48.93763,-26.937843,0
          </coordinates>
        </Point>
      </Placemark>
      <Placemark>
        <name>10,047</name>
        <description><![CDATA[Rua Manoel Ignácio da Silva    <br>       <br>   FID   1384    <br>   sequencia   1385    <br>   cota   10,05    <br>   refer_1   Rua Manoel Ignácio da Silva    <br>   refer_2   41    <br>   bairro   Santa Terezinha    <br>   coord_x   704474,973794    <br>   coord_y   7019099,01037    <br>   latitude   -26,934999    <br>   longitu   -48,940522]]></description>
        <styleUrl>#icon-1899-DB4436</styleUrl>
        <Point>
          <coordinates>
            -48.940522,-26.934999,0
          </coordinates>
        </Point>
      </Placemark>
      <Placemark>
        <name>8,845</name>
        <description><![CDATA[Rua Manoel José Alves de Andrade    <br>       <br>   FID   1385    <br>   sequencia   1386    <br>   cota   8,85    <br>   refer_1   Rua Manoel José Alves de Andrade    <br>   refer_2   Final de rua    <br>   bairro   Santa Terezinha    <br>   coord_x   704768,979747    <br>   coord_y   7018419,01706    <br>   latitude   -26,941092    <br>   longitu   -48,937451]]></description>
        <styleUrl>#icon-1899-DB4436</styleUrl>
        <Point>
          <coordinates>
            -48.937451,-26.941092,0
          </coordinates>
        </Point>
      </Placemark>
      <Placemark>
        <name>9,172</name>
        <description><![CDATA[Rua Manoel José Alves de Andrade    <br>       <br>   FID   1386    <br>   sequencia   1387    <br>   cota   9,17    <br>   refer_1   Rua Manoel José Alves de Andrade    <br>   refer_2   Rua Valfrido Casas    <br>   bairro   Santa Terezinha    <br>   coord_x   704750,39227    <br>   coord_y   7018495,82888    <br>   latitude   -26,940401    <br>   longitu   -48,937651]]></description>
        <styleUrl>#icon-1899-DB4436</styleUrl>
        <Point>
          <coordinates>
            -48.937651,-26.940401,0
          </coordinates>
        </Point>
      </Placemark>
      <Placemark>
        <name>9,46</name>
        <description><![CDATA[Rua Manoel José Alves de Andrade    <br>       <br>   FID   1387    <br>   sequencia   1388    <br>   cota   9,46    <br>   refer_1   Rua Manoel José Alves de Andrade    <br>   refer_2   51    <br>   bairro   Santa Terezinha    <br>   coord_x   704761,862323    <br>   coord_y   7018606,6391    <br>   latitude   -26,9394    <br>   longitu   -48,937553]]></description>
        <styleUrl>#icon-1899-DB4436</styleUrl>
        <Point>
          <coordinates>
            -48.937553,-26.9394,0
          </coordinates>
        </Point>
      </Placemark>
      <Placemark>
        <name>10,643</name>
        <description><![CDATA[Rua Manoel José Alves de Andrade    <br>       <br>   FID   1388    <br>   sequencia   1389    <br>   cota   10,64    <br>   refer_1   Rua Manoel José Alves de Andrade    <br>   refer_2   120    <br>   bairro   Santa Terezinha    <br>   coord_x   704753,324686    <br>   coord_y   7018562,05737    <br>   latitude   -26,939803    <br>   longitu   -48,937632]]></description>
        <styleUrl>#icon-1899-DB4436</styleUrl>
        <Point>
          <coordinates>
            -48.937632,-26.939803,0
          </coordinates>
        </Point>
      </Placemark>
      <Placemark>
        <name>10,777</name>
        <description><![CDATA[Rua Maravilha    <br>       <br>   FID   1389    <br>   sequencia   1390    <br>   cota   10,78    <br>   refer_1   Rua Maravilha    <br>   refer_2   30    <br>   bairro   Santa Terezinha    <br>   coord_x   703913,741687    <br>   coord_y   7019337,76589    <br>   latitude   -26,932928    <br>   longitu   -48,946211]]></description>
        <styleUrl>#icon-1899-DB4436</styleUrl>
        <Point>
          <coordinates>
            -48.946211,-26.932928,0
          </coordinates>
        </Point>
      </Placemark>
      <Placemark>
        <name>8,477</name>
        <description><![CDATA[Rua Maria Zimmermann    <br>       <br>   FID   1390    <br>   sequencia   1391    <br>   cota   8,48    <br>   refer_1   Rua Maria Zimmermann    <br>   refer_2   100    <br>   bairro   Santa Terezinha    <br>   coord_x   704176,329407    <br>   coord_y   7018698,84967    <br>   latitude   -26,938654    <br>   longitu   -48,943463]]></description>
        <styleUrl>#icon-1899-DB4436</styleUrl>
        <Point>
          <coordinates>
            -48.943463,-26.938654,0
          </coordinates>
        </Point>
      </Placemark>
      <Placemark>
        <name>10,391</name>
        <description><![CDATA[Rua Mathias Spengler    <br>       <br>   FID   1391    <br>   sequencia   1392    <br>   cota   10,39    <br>   refer_1   Rua Mathias Spengler    <br>   refer_2   80    <br>   bairro   Santa Terezinha    <br>   coord_x   705086,888179    <br>   coord_y   7018617,1177    <br>   latitude   -26,939257    <br>   longitu   -48,934283]]></description>
        <styleUrl>#icon-1899-DB4436</styleUrl>
        <Point>
          <coordinates>
            -48.934283,-26.939257,0
          </coordinates>
        </Point>
      </Placemark>
      <Placemark>
        <name>9,488</name>
        <description><![CDATA[Rua Olinda    <br>       <br>   FID   1392    <br>   sequencia   1393    <br>   cota   9,49    <br>   refer_1   Rua Olinda    <br>   refer_2   Rua Alagoas    <br>   bairro   Santa Terezinha    <br>   coord_x   705137,806791    <br>   coord_y   7018323,64309    <br>   latitude   -26,941898    <br>   longitu   -48,933722]]></description>
        <styleUrl>#icon-1899-DB4436</styleUrl>
        <Point>
          <coordinates>
            -48.933722,-26.941898,0
          </coordinates>
        </Point>
      </Placemark>
      <Placemark>
        <name>9,511</name>
        <description><![CDATA[Rua Olinda    <br>       <br>   FID   1393    <br>   sequencia   1394    <br>   cota   9,51    <br>   refer_1   Rua Olinda    <br>   refer_2   389    <br>   bairro   Santa Terezinha    <br>   coord_x   705048,020099    <br>   coord_y   7018326,48811    <br>   latitude   -26,941885    <br>   longitu   -48,934626]]></description>
        <styleUrl>#icon-1899-DB4436</styleUrl>
        <Point>
          <coordinates>
            -48.934626,-26.941885,0
          </coordinates>
        </Point>
      </Placemark>
      <Placemark>
        <name>9,717</name>
        <description><![CDATA[Rua Paulo Bernardo Schmitt    <br>       <br>   FID   1394    <br>   sequencia   1395    <br>   cota   9,72    <br>   refer_1   Rua Paulo Bernardo Schmitt    <br>   refer_2   480    <br>   bairro   Santa Terezinha    <br>   coord_x   704334,4556    <br>   coord_y   7018619,27476    <br>   latitude   -26,939349    <br>   longitu   -48,941858]]></description>
        <styleUrl>#icon-1899-DB4436</styleUrl>
        <Point>
          <coordinates>
            -48.941858,-26.939349,0
          </coordinates>
        </Point>
      </Placemark>
      <Placemark>
        <name>11,36</name>
        <description><![CDATA[Rua Paulo Bernardo Schmitt    <br>       <br>   FID   1395    <br>   sequencia   1396    <br>   cota   11,36    <br>   refer_1   Rua Paulo Bernardo Schmitt    <br>   refer_2   100    <br>   bairro   Santa Terezinha    <br>   coord_x   704346,010536    <br>   coord_y   7019052,27189    <br>   latitude   -26,93544    <br>   longitu   -48,941813]]></description>
        <styleUrl>#icon-1899-DB4436</styleUrl>
        <Point>
          <coordinates>
            -48.941813,-26.93544,0
          </coordinates>
        </Point>
      </Placemark>
      <Placemark>
        <name>11,816</name>
        <description><![CDATA[Rua Paulo Bernardo Schmitt    <br>       <br>   FID   1396    <br>   sequencia   1397    <br>   cota   11,82    <br>   refer_1   Rua Paulo Bernardo Schmitt    <br>   refer_2   283    <br>   bairro   Santa Terezinha    <br>   coord_x   704336,836529    <br>   coord_y   7018811,16448    <br>   latitude   -26,937617    <br>   longitu   -48,941866]]></description>
        <styleUrl>#icon-1899-DB4436</styleUrl>
        <Point>
          <coordinates>
            -48.941866,-26.937617,0
          </coordinates>
        </Point>
      </Placemark>
      <Placemark>
        <name>14,73</name>
        <description><![CDATA[Rua Paulo Bernardo Schmitt    <br>       <br>   FID   1397    <br>   sequencia   1398    <br>   cota   14,73    <br>   refer_1   Rua Paulo Bernardo Schmitt    <br>   refer_2   180    <br>   bairro   Santa Terezinha    <br>   coord_x   704343,195244    <br>   coord_y   7018916,24009    <br>   latitude   -26,936668    <br>   longitu   -48,941819]]></description>
        <styleUrl>#icon-1899-DB4436</styleUrl>
        <Point>
          <coordinates>
            -48.941819,-26.936668,0
          </coordinates>
        </Point>
      </Placemark>
      <Placemark>
        <name>13,83</name>
        <description><![CDATA[Rua Paulo Testoni    <br>       <br>   FID   1398    <br>   sequencia   1399    <br>   cota   13,83    <br>   refer_1   Rua Paulo Testoni    <br>   refer_2   300    <br>   bairro   Santa Terezinha    <br>   coord_x   704007,264762    <br>   coord_y   7018502,24669    <br>   latitude   -26,940453    <br>   longitu   -48,945133]]></description>
        <styleUrl>#icon-1899-DB4436</styleUrl>
        <Point>
          <coordinates>
            -48.945133,-26.940453,0
          </coordinates>
        </Point>
      </Placemark>
      <Placemark>
        <name>9,262</name>
        <description><![CDATA[Rua Pedro da Rocha    <br>       <br>   FID   1399    <br>   sequencia   1400    <br>   cota   9,26    <br>   refer_1   Rua Pedro da Rocha    <br>   refer_2   Rua Arco-íris    <br>   bairro   Santa Terezinha    <br>   coord_x   704274,89862    <br>   coord_y   7018582,29719    <br>   latitude   -26,939691    <br>   longitu   -48,942452]]></description>
        <styleUrl>#icon-1899-DB4436</styleUrl>
        <Point>
          <coordinates>
            -48.942452,-26.939691,0
          </coordinates>
        </Point>
      </Placemark>
      <Placemark>
        <name>10,693</name>
        <description><![CDATA[Rua Pedro da Rocha    <br>       <br>   FID   1400    <br>   sequencia   1401    <br>   cota   10,69    <br>   refer_1   Rua Pedro da Rocha    <br>   refer_2   Rua dos Imigrantes    <br>   bairro   Santa Terezinha    <br>   coord_x   704284,990293    <br>   coord_y   7018741,27722    <br>   latitude   -26,938255    <br>   longitu   -48,942376]]></description>
        <styleUrl>#icon-1899-DB4436</styleUrl>
        <Point>
          <coordinates>
            -48.942376,-26.938255,0
          </coordinates>
        </Point>
      </Placemark>
      <Placemark>
        <name>15,583</name>
        <description><![CDATA[Rua Pedro da Rocha    <br>       <br>   FID   1401    <br>   sequencia   1402    <br>   cota   15,58    <br>   refer_1   Rua Pedro da Rocha    <br>   refer_2   330    <br>   bairro   Santa Terezinha    <br>   coord_x   704288,040164    <br>   coord_y   7018818,79042    <br>   latitude   -26,937555    <br>   longitu   -48,942358]]></description>
        <styleUrl>#icon-1899-DB4436</styleUrl>
        <Point>
          <coordinates>
            -48.942358,-26.937555,0
          </coordinates>
        </Point>
      </Placemark>
      <Placemark>
        <name>19,191</name>
        <description><![CDATA[Rua Pedro da Rocha    <br>       <br>   FID   1402    <br>   sequencia   1403    <br>   cota   19,19    <br>   refer_1   Rua Pedro da Rocha    <br>   refer_2   367    <br>   bairro   Santa Terezinha    <br>   coord_x   704291,265065    <br>   coord_y   7018898,74491    <br>   latitude   -26,936833    <br>   longitu   -48,942339]]></description>
        <styleUrl>#icon-1899-DB4436</styleUrl>
        <Point>
          <coordinates>
            -48.942339,-26.936833,0
          </coordinates>
        </Point>
      </Placemark>
      <Placemark>
        <name>12,059</name>
        <description><![CDATA[Rua Pedro João de Deus Correia    <br>       <br>   FID   1403    <br>   sequencia   1404    <br>   cota   12,06    <br>   refer_1   Rua Pedro João de Deus Correia    <br>   refer_2   Rua Roland Wehmuth    <br>   bairro   Santa Terezinha    <br>   coord_x   703798,840761    <br>   coord_y   7019478,30029    <br>   latitude   -26,931676    <br>   longitu   -48,947391]]></description>
        <styleUrl>#icon-1899-DB4436</styleUrl>
        <Point>
          <coordinates>
            -48.947391,-26.931676,0
          </coordinates>
        </Point>
      </Placemark>
      <Placemark>
        <name>10,019</name>
        <description><![CDATA[Rua Pienza    <br>       <br>   FID   1404    <br>   sequencia   1405    <br>   cota   10,02    <br>   refer_1   Rua Pienza    <br>   refer_2   Final de rua    <br>   bairro   Santa Terezinha    <br>   coord_x   704709,237076    <br>   coord_y   7017979,25908    <br>   latitude   -26,945068    <br>   longitu   -48,93798]]></description>
        <styleUrl>#icon-1899-DB4436</styleUrl>
        <Point>
          <coordinates>
            -48.93798,-26.945068,0
          </coordinates>
        </Point>
      </Placemark>
      <Placemark>
        <name>10,395</name>
        <description><![CDATA[Rua Porto Belo    <br>       <br>   FID   1405    <br>   sequencia   1406    <br>   cota   10,40    <br>   refer_1   Rua Porto Belo    <br>   refer_2   64    <br>   bairro   Santa Terezinha    <br>   coord_x   704945,489725    <br>   coord_y   7018644,1837    <br>   latitude   -26,939034    <br>   longitu   -48,935711]]></description>
        <styleUrl>#icon-1899-DB4436</styleUrl>
        <Point>
          <coordinates>
            -48.935711,-26.939034,0
          </coordinates>
        </Point>
      </Placemark>
      <Placemark>
        <name>7,851</name>
        <description><![CDATA[Rua Progresso    <br>       <br>   FID   1406    <br>   sequencia   1407    <br>   cota   7,85    <br>   refer_1   Rua Progresso    <br>   refer_2   85    <br>   bairro   Santa Terezinha    <br>   coord_x   704184,579005    <br>   coord_y   7018672,51386    <br>   latitude   -26,93889    <br>   longitu   -48,943376]]></description>
        <styleUrl>#icon-1899-DB4436</styleUrl>
        <Point>
          <coordinates>
            -48.943376,-26.93889,0
          </coordinates>
        </Point>
      </Placemark>
      <Placemark>
        <name>10,541</name>
        <description><![CDATA[Rua Progresso    <br>       <br>   FID   1407    <br>   sequencia   1408    <br>   cota   10,54    <br>   refer_1   Rua Progresso    <br>   refer_2   91    <br>   bairro   Santa Terezinha    <br>   coord_x   704178,629862    <br>   coord_y   7018749,47387    <br>   latitude   -26,938197    <br>   longitu   -48,943448]]></description>
        <styleUrl>#icon-1899-DB4436</styleUrl>
        <Point>
          <coordinates>
            -48.943448,-26.938197,0
          </coordinates>
        </Point>
      </Placemark>
      <Placemark>
        <name>13,65</name>
        <description><![CDATA[Rua Progresso    <br>       <br>   FID   1408    <br>   sequencia   1409    <br>   cota   13,65    <br>   refer_1   Rua Progresso    <br>   refer_2   145    <br>   bairro   Santa Terezinha    <br>   coord_x   704167,948324    <br>   coord_y   7018818,93216    <br>   latitude   -26,937572    <br>   longitu   -48,943567]]></description>
        <styleUrl>#icon-1899-DB4436</styleUrl>
        <Point>
          <coordinates>
            -48.943567,-26.937572,0
          </coordinates>
        </Point>
      </Placemark>
      <Placemark>
        <name>9,355</name>
        <description><![CDATA[Rua Rodolfo Vieira Pamplona    <br>       <br>   FID   1409    <br>   sequencia   1410    <br>   cota   9,36    <br>   refer_1   Rua Rodolfo Vieira Pamplona    <br>   refer_2   450    <br>   bairro   Santa Terezinha    <br>   coord_x   703885,569043    <br>   coord_y   7018752,41184    <br>   latitude   -26,938213    <br>   longitu   -48,946399]]></description>
        <styleUrl>#icon-1899-DB4436</styleUrl>
        <Point>
          <coordinates>
            -48.946399,-26.938213,0
          </coordinates>
        </Point>
      </Placemark>
      <Placemark>
        <name>9,942</name>
        <description><![CDATA[Rua Rodolfo Vieira Pamplona    <br>       <br>   FID   1410    <br>   sequencia   1411    <br>   cota   9,94    <br>   refer_1   Rua Rodolfo Vieira Pamplona    <br>   refer_2   Próximo a rótula    <br>   bairro   Santa Terezinha    <br>   coord_x   703982,14236    <br>   coord_y   7018833,94045    <br>   latitude   -26,937464    <br>   longitu   -48,94544]]></description>
        <styleUrl>#icon-1899-DB4436</styleUrl>
        <Point>
          <coordinates>
            -48.94544,-26.937464,0
          </coordinates>
        </Point>
      </Placemark>
      <Placemark>
        <name>10,039</name>
        <description><![CDATA[Rua Rodolfo Vieira Pamplona    <br>       <br>   FID   1411    <br>   sequencia   1412    <br>   cota   10,04    <br>   refer_1   Rua Rodolfo Vieira Pamplona    <br>   refer_2   Rua Francisco da Silva    <br>   bairro   Santa Terezinha    <br>   coord_x   703789,093882    <br>   coord_y   7018624,98968    <br>   latitude   -26,939377    <br>   longitu   -48,947349]]></description>
        <styleUrl>#icon-1899-DB4436</styleUrl>
        <Point>
          <coordinates>
            -48.947349,-26.939377,0
          </coordinates>
        </Point>
      </Placemark>
      <Placemark>
        <name>10,211</name>
        <description><![CDATA[Rua Rodolfo Vieira Pamplona    <br>       <br>   FID   1412    <br>   sequencia   1413    <br>   cota   10,21    <br>   refer_1   Rua Rodolfo Vieira Pamplona    <br>   refer_2   739    <br>   bairro   Santa Terezinha    <br>   coord_x   703785,635685    <br>   coord_y   7018367,9469    <br>   latitude   -26,941697    <br>   longitu   -48,947342]]></description>
        <styleUrl>#icon-1899-DB4436</styleUrl>
        <Point>
          <coordinates>
            -48.947342,-26.941697,0
          </coordinates>
        </Point>
      </Placemark>
      <Placemark>
        <name>10,465</name>
        <description><![CDATA[Rua Rodolfo Vieira Pamplona    <br>       <br>   FID   1413    <br>   sequencia   1414    <br>   cota   10,47    <br>   refer_1   Rua Rodolfo Vieira Pamplona    <br>   refer_2   660    <br>   bairro   Santa Terezinha    <br>   coord_x   703774,996444    <br>   coord_y   7018551,59118    <br>   latitude   -26,940041    <br>   longitu   -48,947479]]></description>
        <styleUrl>#icon-1899-DB4436</styleUrl>
        <Point>
          <coordinates>
            -48.947479,-26.940041,0
          </coordinates>
        </Point>
      </Placemark>
      <Placemark>
        <name>10,548</name>
        <description><![CDATA[Rua Rodolfo Vieira Pamplona    <br>       <br>   FID   1414    <br>   sequencia   1415    <br>   cota   10,55    <br>   refer_1   Rua Rodolfo Vieira Pamplona    <br>   refer_2   Rua Alessandro Amorim da Silva    <br>   bairro   Santa Terezinha    <br>   coord_x   703808,849285    <br>   coord_y   7018659,32745    <br>   latitude   -26,939064    <br>   longitu   -48,947156]]></description>
        <styleUrl>#icon-1899-DB4436</styleUrl>
        <Point>
          <coordinates>
            -48.947156,-26.939064,0
          </coordinates>
        </Point>
      </Placemark>
      <Placemark>
        <name>11,033</name>
        <description><![CDATA[Rua Rodolfo Vieira Pamplona    <br>       <br>   FID   1415    <br>   sequencia   1416    <br>   cota   11,03    <br>   refer_1   Rua Rodolfo Vieira Pamplona    <br>   refer_2   Rua Colina    <br>   bairro   Santa Terezinha    <br>   coord_x   703774,822709    <br>   coord_y   7018482,08258    <br>   latitude   -26,940669    <br>   longitu   -48,94747]]></description>
        <styleUrl>#icon-1899-DB4436</styleUrl>
        <Point>
          <coordinates>
            -48.94747,-26.940669,0
          </coordinates>
        </Point>
      </Placemark>
      <Placemark>
        <name>11,051</name>
        <description><![CDATA[Rua Rodolfo Vieira Pamplona    <br>       <br>   FID   1416    <br>   sequencia   1417    <br>   cota   11,05    <br>   refer_1   Rua Rodolfo Vieira Pamplona    <br>   refer_2   Rua Edésio Maya    <br>   bairro   Santa Terezinha    <br>   coord_x   703827,133345    <br>   coord_y   7018682,71587    <br>   latitude   -26,938851    <br>   longitu   -48,946976]]></description>
        <styleUrl>#icon-1899-DB4436</styleUrl>
        <Point>
          <coordinates>
            -48.946976,-26.938851,0
          </coordinates>
        </Point>
      </Placemark>
      <Placemark>
        <name>12,656</name>
        <description><![CDATA[Rua Rodolfo Vieira Pamplona    <br>       <br>   FID   1417    <br>   sequencia   1418    <br>   cota   12,66    <br>   refer_1   Rua Rodolfo Vieira Pamplona    <br>   refer_2   210    <br>   bairro   Santa Terezinha    <br>   coord_x   703999,564684    <br>   coord_y   7018985,78723    <br>   latitude   -26,936091    <br>   longitu   -48,94529]]></description>
        <styleUrl>#icon-1899-DB4436</styleUrl>
        <Point>
          <coordinates>
            -48.94529,-26.936091,0
          </coordinates>
        </Point>
      </Placemark>
      <Placemark>
        <name>13,155</name>
        <description><![CDATA[Rua Rodolfo Vieira Pamplona    <br>       <br>   FID   1418    <br>   sequencia   1419    <br>   cota   13,15    <br>   refer_1   Rua Rodolfo Vieira Pamplona    <br>   refer_2   59    <br>   bairro   Santa Terezinha    <br>   coord_x   704067,086392    <br>   coord_y   7019158,86321    <br>   latitude   -26,934519    <br>   longitu   -48,944638]]></description>
        <styleUrl>#icon-1899-DB4436</styleUrl>
        <Point>
          <coordinates>
            -48.944638,-26.934519,0
          </coordinates>
        </Point>
      </Placemark>
      <Placemark>
        <name>10,11</name>
        <description><![CDATA[Rua Roland Wehmuth    <br>       <br>   FID   1419    <br>   sequencia   1420    <br>   cota   10,11    <br>   refer_1   Rua Roland Wehmuth    <br>   refer_2   Avenida Deputado Francisco Mastella    <br>   bairro   Santa Terezinha    <br>   coord_x   703800,423947    <br>   coord_y   7019543,14826    <br>   latitude   -26,931091    <br>   longitu   -48,947385]]></description>
        <styleUrl>#icon-1899-DB4436</styleUrl>
        <Point>
          <coordinates>
            -48.947385,-26.931091,0
          </coordinates>
        </Point>
      </Placemark>
      <Placemark>
        <name>9,937</name>
        <description><![CDATA[Rua Santa Catarina    <br>       <br>   FID   1420    <br>   sequencia   1421    <br>   cota   9,94    <br>   refer_1   Rua Santa Catarina    <br>   refer_2   125    <br>   bairro   Santa Terezinha    <br>   coord_x   704380,588661    <br>   coord_y   7018606,92408    <br>   latitude   -26,939453    <br>   longitu   -48,941392]]></description>
        <styleUrl>#icon-1899-DB4436</styleUrl>
        <Point>
          <coordinates>
            -48.941392,-26.939453,0
          </coordinates>
        </Point>
      </Placemark>
      <Placemark>
        <name>10,232</name>
        <description><![CDATA[Rua Santa Catarina    <br>       <br>   FID   1421    <br>   sequencia   1422    <br>   cota   10,23    <br>   refer_1   Rua Santa Catarina    <br>   refer_2   380    <br>   bairro   Santa Terezinha    <br>   coord_x   704386,650358    <br>   coord_y   7018835,25723    <br>   latitude   -26,937392    <br>   longitu   -48,941368]]></description>
        <styleUrl>#icon-1899-DB4436</styleUrl>
        <Point>
          <coordinates>
            -48.941368,-26.937392,0
          </coordinates>
        </Point>
      </Placemark>
      <Placemark>
        <name>10,792</name>
        <description><![CDATA[Rua Santa Catarina    <br>       <br>   FID   1422    <br>   sequencia   1423    <br>   cota   10,79    <br>   refer_1   Rua Santa Catarina    <br>   refer_2   505    <br>   bairro   Santa Terezinha    <br>   coord_x   704391,847619    <br>   coord_y   7019017,62482    <br>   latitude   -26,935746    <br>   longitu   -48,941346]]></description>
        <styleUrl>#icon-1899-DB4436</styleUrl>
        <Point>
          <coordinates>
            -48.941346,-26.935746,0
          </coordinates>
        </Point>
      </Placemark>
      <Placemark>
        <name>9,07</name>
        <description><![CDATA[Rua Santa Cecília    <br>       <br>   FID   1423    <br>   sequencia   1424    <br>   cota   9,07    <br>   refer_1   Rua Santa Cecília    <br>   refer_2   Final de rua    <br>   bairro   Santa Terezinha    <br>   coord_x   704796,382776    <br>   coord_y   7018194,14649    <br>   latitude   -26,943117    <br>   longitu   -48,937138]]></description>
        <styleUrl>#icon-1899-DB4436</styleUrl>
        <Point>
          <coordinates>
            -48.937138,-26.943117,0
          </coordinates>
        </Point>
      </Placemark>
      <Placemark>
        <name>9,355</name>
        <description><![CDATA[Rua Santa Cecília    <br>       <br>   FID   1424    <br>   sequencia   1425    <br>   cota   9,36    <br>   refer_1   Rua Santa Cecília    <br>   refer_2   Rua José Zuchi    <br>   bairro   Santa Terezinha    <br>   coord_x   704951,353229    <br>   coord_y   7018191,0279    <br>   latitude   -26,943122    <br>   longitu   -48,935577]]></description>
        <styleUrl>#icon-1899-DB4436</styleUrl>
        <Point>
          <coordinates>
            -48.935577,-26.943122,0
          </coordinates>
        </Point>
      </Placemark>
      <Placemark>
        <name>11,006</name>
        <description><![CDATA[Rua Santa Cecília    <br>       <br>   FID   1425    <br>   sequencia   1426    <br>   cota   11,01    <br>   refer_1   Rua Santa Cecília    <br>   refer_2   163    <br>   bairro   Santa Terezinha    <br>   coord_x   705062,126815    <br>   coord_y   7018185,44073    <br>   latitude   -26,943156    <br>   longitu   -48,934461]]></description>
        <styleUrl>#icon-1899-DB4436</styleUrl>
        <Point>
          <coordinates>
            -48.934461,-26.943156,0
          </coordinates>
        </Point>
      </Placemark>
      <Placemark>
        <name>13,65</name>
        <description><![CDATA[Rua Santa Cecília    <br>       <br>   FID   1426    <br>   sequencia   1427    <br>   cota   13,65    <br>   refer_1   Rua Santa Cecília    <br>   refer_2   123    <br>   bairro   Santa Terezinha    <br>   coord_x   705104,407523    <br>   coord_y   7018182,22742    <br>   latitude   -26,943179    <br>   longitu   -48,934035]]></description>
        <styleUrl>#icon-1899-DB4436</styleUrl>
        <Point>
          <coordinates>
            -48.934035,-26.943179,0
          </coordinates>
        </Point>
      </Placemark>
      <Placemark>
        <name>9,321</name>
        <description><![CDATA[Rua São Luiz    <br>       <br>   FID   1427    <br>   sequencia   1428    <br>   cota   9,32    <br>   refer_1   Rua São Luiz    <br>   refer_2   Rua Alagoas    <br>   bairro   Santa Terezinha    <br>   coord_x   705151,512361    <br>   coord_y   7018386,9059    <br>   latitude   -26,941325    <br>   longitu   -48,933595]]></description>
        <styleUrl>#icon-1899-DB4436</styleUrl>
        <Point>
          <coordinates>
            -48.933595,-26.941325,0
          </coordinates>
        </Point>
      </Placemark>
      <Placemark>
        <name>9,571</name>
        <description><![CDATA[Rua São Luiz    <br>       <br>   FID   1428    <br>   sequencia   1429    <br>   cota   9,57    <br>   refer_1   Rua São Luiz    <br>   refer_2   Rua Belém    <br>   bairro   Santa Terezinha    <br>   coord_x   705047,535831    <br>   coord_y   7018399,17816    <br>   latitude   -26,94123    <br>   longitu   -48,934643]]></description>
        <styleUrl>#icon-1899-DB4436</styleUrl>
        <Point>
          <coordinates>
            -48.934643,-26.94123,0
          </coordinates>
        </Point>
      </Placemark>
      <Placemark>
        <name>10,916</name>
        <description><![CDATA[Rua Sorocaba    <br>       <br>   FID   1429    <br>   sequencia   1430    <br>   cota   10,92    <br>   refer_1   Rua Sorocaba    <br>   refer_2   72    <br>   bairro   Santa Terezinha    <br>   coord_x   704559,319471    <br>   coord_y   7018689,23991    <br>   latitude   -26,938684    <br>   longitu   -48,939606]]></description>
        <styleUrl>#icon-1899-DB4436</styleUrl>
        <Point>
          <coordinates>
            -48.939606,-26.938684,0
          </coordinates>
        </Point>
      </Placemark>
      <Placemark>
        <name>11,355</name>
        <description><![CDATA[Rua Sylvio Scottini    <br>       <br>   FID   1430    <br>   sequencia   1431    <br>   cota   11,36    <br>   refer_1   Rua Sylvio Scottini    <br>   refer_2   23    <br>   bairro   Santa Terezinha    <br>   coord_x   705284,516843    <br>   coord_y   7018499,11696    <br>   latitude   -26,940293    <br>   longitu   -48,932274]]></description>
        <styleUrl>#icon-1899-DB4436</styleUrl>
        <Point>
          <coordinates>
            -48.932274,-26.940293,0
          </coordinates>
        </Point>
      </Placemark>
      <Placemark>
        <name>13,65</name>
        <description><![CDATA[Rua Sylvio Scottini    <br>       <br>   FID   1431    <br>   sequencia   1432    <br>   cota   13,65    <br>   refer_1   Rua Sylvio Scottini    <br>   refer_2   Final de rua    <br>   bairro   Santa Terezinha    <br>   coord_x   705318,587184    <br>   coord_y   7018505,7527    <br>   latitude   -26,940228    <br>   longitu   -48,931932]]></description>
        <styleUrl>#icon-1899-DB4436</styleUrl>
        <Point>
          <coordinates>
            -48.931932,-26.940228,0
          </coordinates>
        </Point>
      </Placemark>
      <Placemark>
        <name>10,422</name>
        <description><![CDATA[Rua Valfrido Casas    <br>       <br>   FID   1432    <br>   sequencia   1433    <br>   cota   10,42    <br>   refer_1   Rua Valfrido Casas    <br>   refer_2   Rua Jacob Junkes    <br>   bairro   Santa Terezinha    <br>   coord_x   704582,324285    <br>   coord_y   7018506,59282    <br>   latitude   -26,940329    <br>   longitu   -48,939344]]></description>
        <styleUrl>#icon-1899-DB4436</styleUrl>
        <Point>
          <coordinates>
            -48.939344,-26.940329,0
          </coordinates>
        </Point>
      </Placemark>
      <Placemark>
        <name>10,182</name>
        <description><![CDATA[Rua Veneza    <br>       <br>   FID   1433    <br>   sequencia   1434    <br>   cota   10,18    <br>   refer_1   Rua Veneza    <br>   refer_2   Final de rua    <br>   bairro   Santa Terezinha    <br>   coord_x   705073,730145    <br>   coord_y   7018070,53611    <br>   latitude   -26,944191    <br>   longitu   -48,934326]]></description>
        <styleUrl>#icon-1899-DB4436</styleUrl>
        <Point>
          <coordinates>
            -48.934326,-26.944191,0
          </coordinates>
        </Point>
      </Placemark>
      <Placemark>
        <name>10,085</name>
        <description><![CDATA[Rua Verona    <br>       <br>   FID   1434    <br>   sequencia   1435    <br>   cota   10,09    <br>   refer_1   Rua Verona    <br>   refer_2   Final de rua    <br>   bairro   Santa Terezinha    <br>   coord_x   705065,604814    <br>   coord_y   7018004,62969    <br>   latitude   -26,944787    <br>   longitu   -48,934396]]></description>
        <styleUrl>#icon-1899-DB4436</styleUrl>
        <Point>
          <coordinates>
            -48.934396,-26.944787,0
          </coordinates>
        </Point>
      </Placemark>
      <Placemark>
        <name>9,878</name>
        <description><![CDATA[Rua Zeno Zimmermann    <br>       <br>   FID   1435    <br>   sequencia   1436    <br>   cota   9,88    <br>   refer_1   Rua Zeno Zimmermann    <br>   refer_2   130    <br>   bairro   Santa Terezinha    <br>   coord_x   704152,878825    <br>   coord_y   7018601,64817    <br>   latitude   -26,939534    <br>   longitu   -48,943683]]></description>
        <styleUrl>#icon-1899-DB4436</styleUrl>
        <Point>
          <coordinates>
            -48.943683,-26.939534,0
          </coordinates>
        </Point>
      </Placemark>
      <Placemark>
        <name>12,535</name>
        <description><![CDATA[Avenida Olga Wehmuth    <br>       <br>   FID   1436    <br>   sequencia   1437    <br>   cota   12,54    <br>   refer_1   Avenida Olga Wehmuth    <br>   refer_2   Rua João Silvino da Cunha    <br>   bairro   Sete de Setembro    <br>   coord_x   704453,098136    <br>   coord_y   7019693,10664    <br>   latitude   -26,929642    <br>   longitu   -48,94084]]></description>
        <styleUrl>#icon-1899-DB4436</styleUrl>
        <Point>
          <coordinates>
            -48.94084,-26.929642,0
          </coordinates>
        </Point>
      </Placemark>
      <Placemark>
        <name>13,65</name>
        <description><![CDATA[Avenida Olga Wehmuth    <br>       <br>   FID   1437    <br>   sequencia   1438    <br>   cota   13,65    <br>   refer_1   Avenida Olga Wehmuth    <br>   refer_2   Defronte Policlínica    <br>   bairro   Sete de Setembro    <br>   coord_x   704456,547404    <br>   coord_y   7019637,07823    <br>   latitude   -26,930147    <br>   longitu   -48,940796]]></description>
        <styleUrl>#icon-1899-DB4436</styleUrl>
        <Point>
          <coordinates>
            -48.940796,-26.930147,0
          </coordinates>
        </Point>
      </Placemark>
      <Placemark>
        <name>11,825</name>
        <description><![CDATA[Beco Pamplona    <br>       <br>   FID   1438    <br>   sequencia   1439    <br>   cota   11,82    <br>   refer_1   Beco Pamplona    <br>   refer_2   45    <br>   bairro   Sete de Setembro    <br>   coord_x   703842,68618    <br>   coord_y   7019857,65916    <br>   latitude   -26,928247    <br>   longitu   -48,947011]]></description>
        <styleUrl>#icon-1899-DB4436</styleUrl>
        <Point>
          <coordinates>
            -48.947011,-26.928247,0
          </coordinates>
        </Point>
      </Placemark>
      <Placemark>
        <name>14,034</name>
        <description><![CDATA[Beco Pamplona    <br>       <br>   FID   1439    <br>   sequencia   1440    <br>   cota   14,03    <br>   refer_1   Beco Pamplona    <br>   refer_2   125    <br>   bairro   Sete de Setembro    <br>   coord_x   703854,56088    <br>   coord_y   7019969,41167    <br>   latitude   -26,927237    <br>   longitu   -48,94691]]></description>
        <styleUrl>#icon-1899-DB4436</styleUrl>
        <Point>
          <coordinates>
            -48.94691,-26.927237,0
          </coordinates>
        </Point>
      </Placemark>
      <Placemark>
        <name>10,396</name>
        <description><![CDATA[Rua 1° de Janeiro    <br>       <br>   FID   1440    <br>   sequencia   1441    <br>   cota   10,40    <br>   refer_1   Rua 1° de Janeiro    <br>   refer_2   Rua Antônio Sansão    <br>   bairro   Sete de Setembro    <br>   coord_x   704531,155212    <br>   coord_y   7020148,79242    <br>   latitude   -26,925519    <br>   longitu   -48,940129]]></description>
        <styleUrl>#icon-1899-DB4436</styleUrl>
        <Point>
          <coordinates>
            -48.940129,-26.925519,0
          </coordinates>
        </Point>
      </Placemark>
      <Placemark>
        <name>10,969</name>
        <description><![CDATA[Rua 1° de Janeiro    <br>       <br>   FID   1441    <br>   sequencia   1442    <br>   cota   10,97    <br>   refer_1   Rua 1° de Janeiro    <br>   refer_2   193    <br>   bairro   Sete de Setembro    <br>   coord_x   704435,557293    <br>   coord_y   7020157,27224    <br>   latitude   -26,925457    <br>   longitu   -48,941092]]></description>
        <styleUrl>#icon-1899-DB4436</styleUrl>
        <Point>
          <coordinates>
            -48.941092,-26.925457,0
          </coordinates>
        </Point>
      </Placemark>
      <Placemark>
        <name>13,229</name>
        <description><![CDATA[Rua 1° de Janeiro    <br>       <br>   FID   1442    <br>   sequencia   1443    <br>   cota   13,23    <br>   refer_1   Rua 1° de Janeiro    <br>   refer_2   73    <br>   bairro   Sete de Setembro    <br>   coord_x   704298,871386    <br>   coord_y   7020172,62939    <br>   latitude   -26,925338    <br>   longitu   -48,942471]]></description>
        <styleUrl>#icon-1899-DB4436</styleUrl>
        <Point>
          <coordinates>
            -48.942471,-26.925338,0
          </coordinates>
        </Point>
      </Placemark>
      <Placemark>
        <name>13,825</name>
        <description><![CDATA[Rua 1° de Maio    <br>       <br>   FID   1443    <br>   sequencia   1444    <br>   cota   13,82    <br>   refer_1   Rua 1° de Maio    <br>   refer_2   284    <br>   bairro   Sete de Setembro    <br>   coord_x   704426,100101    <br>   coord_y   7019762,35528    <br>   latitude   -26,929021    <br>   longitu   -48,941123]]></description>
        <styleUrl>#icon-1899-DB4436</styleUrl>
        <Point>
          <coordinates>
            -48.941123,-26.929021,0
          </coordinates>
        </Point>
      </Placemark>
      <Placemark>
        <name>12,113</name>
        <description><![CDATA[Rua 13 de Maio    <br>       <br>   FID   1444    <br>   sequencia   1445    <br>   cota   12,11    <br>   refer_1   Rua 13 de Maio    <br>   refer_2   180    <br>   bairro   Sete de Setembro    <br>   coord_x   704447,577715    <br>   coord_y   7020270,53515    <br>   latitude   -26,924433    <br>   longitu   -48,94099]]></description>
        <styleUrl>#icon-1899-DB4436</styleUrl>
        <Point>
          <coordinates>
            -48.94099,-26.924433,0
          </coordinates>
        </Point>
      </Placemark>
      <Placemark>
        <name>13,116</name>
        <description><![CDATA[Rua 13 de Maio    <br>       <br>   FID   1445    <br>   sequencia   1446    <br>   cota   13,12    <br>   refer_1   Rua 13 de Maio    <br>   refer_2   50    <br>   bairro   Sete de Setembro    <br>   coord_x   704350,65106    <br>   coord_y   7020274,32238    <br>   latitude   -26,924413    <br>   longitu   -48,941966]]></description>
        <styleUrl>#icon-1899-DB4436</styleUrl>
        <Point>
          <coordinates>
            -48.941966,-26.924413,0
          </coordinates>
        </Point>
      </Placemark>
      <Placemark>
        <name>10,228</name>
        <description><![CDATA[Rua 18 de Março    <br>       <br>   FID   1446    <br>   sequencia   1447    <br>   cota   10,23    <br>   refer_1   Rua 18 de Março    <br>   refer_2   Rua 25 de Dezembro    <br>   bairro   Sete de Setembro    <br>   coord_x   704528,801267    <br>   coord_y   7020211,03823    <br>   latitude   -26,924958    <br>   longitu   -48,940163]]></description>
        <styleUrl>#icon-1899-DB4436</styleUrl>
        <Point>
          <coordinates>
            -48.940163,-26.924958,0
          </coordinates>
        </Point>
      </Placemark>
      <Placemark>
        <name>11,049</name>
        <description><![CDATA[Rua 18 de Março    <br>       <br>   FID   1447    <br>   sequencia   1448    <br>   cota   11,05    <br>   refer_1   Rua 18 de Março    <br>   refer_2   Rua 13 de Maio    <br>   bairro   Sete de Setembro    <br>   coord_x   704531,815411    <br>   coord_y   7020266,12849    <br>   latitude   -26,92446    <br>   longitu   -48,940141]]></description>
        <styleUrl>#icon-1899-DB4436</styleUrl>
        <Point>
          <coordinates>
            -48.940141,-26.92446,0
          </coordinates>
        </Point>
      </Placemark>
      <Placemark>
        <name>11,76</name>
        <description><![CDATA[Rua 18 de Março    <br>       <br>   FID   1448    <br>   sequencia   1449    <br>   cota   11,76    <br>   refer_1   Rua 18 de Março    <br>   refer_2   144    <br>   bairro   Sete de Setembro    <br>   coord_x   704532,977278    <br>   coord_y   7020321,75807    <br>   latitude   -26,923958    <br>   longitu   -48,940139]]></description>
        <styleUrl>#icon-1899-DB4436</styleUrl>
        <Point>
          <coordinates>
            -48.940139,-26.923958,0
          </coordinates>
        </Point>
      </Placemark>
      <Placemark>
        <name>13,65</name>
        <description><![CDATA[Rua 18 de Março    <br>       <br>   FID   1449    <br>   sequencia   1450    <br>   cota   13,65    <br>   refer_1   Rua 18 de Março    <br>   refer_2   123    <br>   bairro   Sete de Setembro    <br>   coord_x   704499,227535    <br>   coord_y   7020325,02839    <br>   latitude   -26,923934    <br>   longitu   -48,940479]]></description>
        <styleUrl>#icon-1899-DB4436</styleUrl>
        <Point>
          <coordinates>
            -48.940479,-26.923934,0
          </coordinates>
        </Point>
      </Placemark>
      <Placemark>
        <name>10,881</name>
        <description><![CDATA[Rua 25 de Dezembro    <br>       <br>   FID   1450    <br>   sequencia   1451    <br>   cota   10,88    <br>   refer_1   Rua 25 de Dezembro    <br>   refer_2   211    <br>   bairro   Sete de Setembro    <br>   coord_x   704456,669545    <br>   coord_y   7020217,01118    <br>   latitude   -26,924915    <br>   longitu   -48,94089]]></description>
        <styleUrl>#icon-1899-DB4436</styleUrl>
        <Point>
          <coordinates>
            -48.94089,-26.924915,0
          </coordinates>
        </Point>
      </Placemark>
      <Placemark>
        <name>13,101</name>
        <description><![CDATA[Rua 25 de Dezembro    <br>       <br>   FID   1451    <br>   sequencia   1452    <br>   cota   13,10    <br>   refer_1   Rua 25 de Dezembro    <br>   refer_2   70    <br>   bairro   Sete de Setembro    <br>   coord_x   704332,252037    <br>   coord_y   7020220,61847    <br>   latitude   -26,9249    <br>   longitu   -48,942143]]></description>
        <styleUrl>#icon-1899-DB4436</styleUrl>
        <Point>
          <coordinates>
            -48.942143,-26.9249,0
          </coordinates>
        </Point>
      </Placemark>
      <Placemark>
        <name>11,6</name>
        <description><![CDATA[Rua 7 de Setembro    <br>       <br>   FID   1452    <br>   sequencia   1453    <br>   cota   11,60    <br>   refer_1   Rua 7 de Setembro    <br>   refer_2   Beco Pamplona    <br>   bairro   Sete de Setembro    <br>   coord_x   703851,171002    <br>   coord_y   7019834,11108    <br>   latitude   -26,928458    <br>   longitu   -48,946922]]></description>
        <styleUrl>#icon-1899-DB4436</styleUrl>
        <Point>
          <coordinates>
            -48.946922,-26.928458,0
          </coordinates>
        </Point>
      </Placemark>
      <Placemark>
        <name>11,631</name>
        <description><![CDATA[Rua 7 de Setembro    <br>       <br>   FID   1453    <br>   sequencia   1454    <br>   cota   11,63    <br>   refer_1   Rua 7 de Setembro    <br>   refer_2   Rua Angelina Müller    <br>   bairro   Sete de Setembro    <br>   coord_x   703932,184105    <br>   coord_y   7019904,72129    <br>   latitude   -26,927809    <br>   longitu   -48,946118]]></description>
        <styleUrl>#icon-1899-DB4436</styleUrl>
        <Point>
          <coordinates>
            -48.946118,-26.927809,0
          </coordinates>
        </Point>
      </Placemark>
      <Placemark>
        <name>11,639</name>
        <description><![CDATA[Rua 7 de Setembro    <br>       <br>   FID   1454    <br>   sequencia   1455    <br>   cota   11,64    <br>   refer_1   Rua 7 de Setembro    <br>   refer_2   Rua João Silvino da Cunha    <br>   bairro   Sete de Setembro    <br>   coord_x   703802,682163    <br>   coord_y   7019784,96961    <br>   latitude   -26,928909    <br>   longitu   -48,947402]]></description>
        <styleUrl>#icon-1899-DB4436</styleUrl>
        <Point>
          <coordinates>
            -48.947402,-26.928909,0
          </coordinates>
        </Point>
      </Placemark>
      <Placemark>
        <name>11,687</name>
        <description><![CDATA[Rua 7 de Setembro    <br>       <br>   FID   1455    <br>   sequencia   1456    <br>   cota   11,69    <br>   refer_1   Rua 7 de Setembro    <br>   refer_2   844    <br>   bairro   Sete de Setembro    <br>   coord_x   703895,419053    <br>   coord_y   7019862,22603    <br>   latitude   -26,928198    <br>   longitu   -48,946481]]></description>
        <styleUrl>#icon-1899-DB4436</styleUrl>
        <Point>
          <coordinates>
            -48.946481,-26.928198,0
          </coordinates>
        </Point>
      </Placemark>
      <Placemark>
        <name>12,129</name>
        <description><![CDATA[Rua 7 de Setembro    <br>       <br>   FID   1456    <br>   sequencia   1457    <br>   cota   12,13    <br>   refer_1   Rua 7 de Setembro    <br>   refer_2   Rua João Dierschnabel    <br>   bairro   Sete de Setembro    <br>   coord_x   703978,68317    <br>   coord_y   7019940,52258    <br>   latitude   -26,927479    <br>   longitu   -48,945656]]></description>
        <styleUrl>#icon-1899-DB4436</styleUrl>
        <Point>
          <coordinates>
            -48.945656,-26.927479,0
          </coordinates>
        </Point>
      </Placemark>
      <Placemark>
        <name>12,482</name>
        <description><![CDATA[Rua 7 de Setembro    <br>       <br>   FID   1457    <br>   sequencia   1458    <br>   cota   12,48    <br>   refer_1   Rua 7 de Setembro    <br>   refer_2   Rua José Krauss    <br>   bairro   Sete de Setembro    <br>   coord_x   703747,082068    <br>   coord_y   7019741,1173    <br>   latitude   -26,929313    <br>   longitu   -48,947955]]></description>
        <styleUrl>#icon-1899-DB4436</styleUrl>
        <Point>
          <coordinates>
            -48.947955,-26.929313,0
          </coordinates>
        </Point>
      </Placemark>
      <Placemark>
        <name>12,68</name>
        <description><![CDATA[Rua 7 de Setembro    <br>       <br>   FID   1458    <br>   sequencia   1459    <br>   cota   12,68    <br>   refer_1   Rua 7 de Setembro    <br>   refer_2   Rua José Marcos Pereira    <br>   bairro   Sete de Setembro    <br>   coord_x   704023,807632    <br>   coord_y   7019982,58828    <br>   latitude   -26,927093    <br>   longitu   -48,945209]]></description>
        <styleUrl>#icon-1899-DB4436</styleUrl>
        <Point>
          <coordinates>
            -48.945209,-26.927093,0
          </coordinates>
        </Point>
      </Placemark>
      <Placemark>
        <name>12,786</name>
        <description><![CDATA[Rua 7 de Setembro    <br>       <br>   FID   1459    <br>   sequencia   1460    <br>   cota   12,79    <br>   refer_1   Rua 7 de Setembro    <br>   refer_2   Rua Eduardo Heinig    <br>   bairro   Sete de Setembro    <br>   coord_x   704051,676643    <br>   coord_y   7019996,27299    <br>   latitude   -26,926966    <br>   longitu   -48,94493]]></description>
        <styleUrl>#icon-1899-DB4436</styleUrl>
        <Point>
          <coordinates>
            -48.94493,-26.926966,0
          </coordinates>
        </Point>
      </Placemark>
      <Placemark>
        <name>13,65</name>
        <description><![CDATA[Rua 7 de Setembro    <br>       <br>   FID   1460    <br>   sequencia   1461    <br>   cota   13,65    <br>   refer_1   Rua 7 de Setembro    <br>   refer_2   Rua 1° de Janeiro    <br>   bairro   Sete de Setembro    <br>   coord_x   704234,056965    <br>   coord_y   7020203,71432    <br>   latitude   -26,925067    <br>   longitu   -48,943128]]></description>
        <styleUrl>#icon-1899-DB4436</styleUrl>
        <Point>
          <coordinates>
            -48.943128,-26.925067,0
          </coordinates>
        </Point>
      </Placemark>
      <Placemark>
        <name>13,65</name>
        <description><![CDATA[Rua 7 de Setembro    <br>       <br>   FID   1461    <br>   sequencia   1462    <br>   cota   13,65    <br>   refer_1   Rua 7 de Setembro    <br>   refer_2   Rua 13 de Maio    <br>   bairro   Sete de Setembro    <br>   coord_x   704279,237757    <br>   coord_y   7020280,1047    <br>   latitude   -26,924371    <br>   longitu   -48,942686]]></description>
        <styleUrl>#icon-1899-DB4436</styleUrl>
        <Point>
          <coordinates>
            -48.942686,-26.924371,0
          </coordinates>
        </Point>
      </Placemark>
      <Placemark>
        <name>13,65</name>
        <description><![CDATA[Rua 7 de Setembro    <br>       <br>   FID   1462    <br>   sequencia   1463    <br>   cota   13,65    <br>   refer_1   Rua 7 de Setembro    <br>   refer_2   Rua 25 de Dezembro    <br>   bairro   Sete de Setembro    <br>   coord_x   704248,514352    <br>   coord_y   7020226,22699    <br>   latitude   -26,924862    <br>   longitu   -48,942987]]></description>
        <styleUrl>#icon-1899-DB4436</styleUrl>
        <Point>
          <coordinates>
            -48.942987,-26.924862,0
          </coordinates>
        </Point>
      </Placemark>
      <Placemark>
        <name>13,65</name>
        <description><![CDATA[Rua 7 de Setembro    <br>       <br>   FID   1463    <br>   sequencia   1464    <br>   cota   13,65    <br>   refer_1   Rua 7 de Setembro    <br>   refer_2   Rua Benedito Bernz    <br>   bairro   Sete de Setembro    <br>   coord_x   704200,748916    <br>   coord_y   7020159,56639    <br>   latitude   -26,925471    <br>   longitu   -48,943456]]></description>
        <styleUrl>#icon-1899-DB4436</styleUrl>
        <Point>
          <coordinates>
            -48.943456,-26.925471,0
          </coordinates>
        </Point>
      </Placemark>
      <Placemark>
        <name>8,975</name>
        <description><![CDATA[Rua Adolfo Wehmuth    <br>       <br>   FID   1464    <br>   sequencia   1465    <br>   cota   8,97    <br>   refer_1   Rua Adolfo Wehmuth    <br>   refer_2   Rua Itajaí    <br>   bairro   Sete de Setembro    <br>   coord_x   703727,725127    <br>   coord_y   7020793,36126    <br>   latitude   -26,919821    <br>   longitu   -48,948321]]></description>
        <styleUrl>#icon-1899-DB4436</styleUrl>
        <Point>
          <coordinates>
            -48.948321,-26.919821,0
          </coordinates>
        </Point>
      </Placemark>
      <Placemark>
        <name>9,007</name>
        <description><![CDATA[Rua Adolfo Wehmuth    <br>       <br>   FID   1465    <br>   sequencia   1466    <br>   cota   9,01    <br>   refer_1   Rua Adolfo Wehmuth    <br>   refer_2   Na encruzilhada    <br>   bairro   Sete de Setembro    <br>   coord_x   703776,645572    <br>   coord_y   7020756,42607    <br>   latitude   -26,920147    <br>   longitu   -48,947823]]></description>
        <styleUrl>#icon-1899-DB4436</styleUrl>
        <Point>
          <coordinates>
            -48.947823,-26.920147,0
          </coordinates>
        </Point>
      </Placemark>
      <Placemark>
        <name>10,935</name>
        <description><![CDATA[Rua Alberto Pedro Reinert    <br>       <br>   FID   1466    <br>   sequencia   1467    <br>   cota   10,94    <br>   refer_1   Rua Alberto Pedro Reinert    <br>   refer_2   Após primeira casa da rua    <br>   bairro   Sete de Setembro    <br>   coord_x   705040,2556    <br>   coord_y   7020133,11296    <br>   latitude   -26,925586    <br>   longitu   -48,935002]]></description>
        <styleUrl>#icon-1899-DB4436</styleUrl>
        <Point>
          <coordinates>
            -48.935002,-26.925586,0
          </coordinates>
        </Point>
      </Placemark>
      <Placemark>
        <name>13,477</name>
        <description><![CDATA[Rua Alberto Pedro Reinert    <br>       <br>   FID   1467    <br>   sequencia   1468    <br>   cota   13,48    <br>   refer_1   Rua Alberto Pedro Reinert    <br>   refer_2   75    <br>   bairro   Sete de Setembro    <br>   coord_x   705070,191185    <br>   coord_y   7020161,09922    <br>   latitude   -26,925329    <br>   longitu   -48,934705]]></description>
        <styleUrl>#icon-1899-DB4436</styleUrl>
        <Point>
          <coordinates>
            -48.934705,-26.925329,0
          </coordinates>
        </Point>
      </Placemark>
      <Placemark>
        <name>13,65</name>
        <description><![CDATA[Rua Alberto Pedro Reinert    <br>       <br>   FID   1468    <br>   sequencia   1469    <br>   cota   13,65    <br>   refer_1   Rua Alberto Pedro Reinert    <br>   refer_2   Final de rua    <br>   bairro   Sete de Setembro    <br>   coord_x   705116,69296    <br>   coord_y   7020146,25502    <br>   latitude   -26,925456    <br>   longitu   -48,934234]]></description>
        <styleUrl>#icon-1899-DB4436</styleUrl>
        <Point>
          <coordinates>
            -48.934234,-26.925456,0
          </coordinates>
        </Point>
      </Placemark>
      <Placemark>
        <name>8,61</name>
        <description><![CDATA[Rua Angelina Motter    <br>       <br>   FID   1469    <br>   sequencia   1470    <br>   cota   8,61    <br>   refer_1   Rua Angelina Motter    <br>   refer_2   364    <br>   bairro   Sete de Setembro    <br>   coord_x   704816,291115    <br>   coord_y   7020413,60183    <br>   latitude   -26,923088    <br>   longitu   -48,937302]]></description>
        <styleUrl>#icon-1899-DB4436</styleUrl>
        <Point>
          <coordinates>
            -48.937302,-26.923088,0
          </coordinates>
        </Point>
      </Placemark>
      <Placemark>
        <name>8,66</name>
        <description><![CDATA[Rua Angelina Motter    <br>       <br>   FID   1470    <br>   sequencia   1471    <br>   cota   8,66    <br>   refer_1   Rua Angelina Motter    <br>   refer_2   340    <br>   bairro   Sete de Setembro    <br>   coord_x   704815,395911    <br>   coord_y   7020389,10272    <br>   latitude   -26,923309    <br>   longitu   -48,937307]]></description>
        <styleUrl>#icon-1899-DB4436</styleUrl>
        <Point>
          <coordinates>
            -48.937307,-26.923309,0
          </coordinates>
        </Point>
      </Placemark>
      <Placemark>
        <name>8,681</name>
        <description><![CDATA[Rua Angelina Motter    <br>       <br>   FID   1471    <br>   sequencia   1472    <br>   cota   8,68    <br>   refer_1   Rua Angelina Motter    <br>   refer_2   300    <br>   bairro   Sete de Setembro    <br>   coord_x   704811,137706    <br>   coord_y   7020346,21013    <br>   latitude   -26,923697    <br>   longitu   -48,937343]]></description>
        <styleUrl>#icon-1899-DB4436</styleUrl>
        <Point>
          <coordinates>
            -48.937343,-26.923697,0
          </coordinates>
        </Point>
      </Placemark>
      <Placemark>
        <name>8,809</name>
        <description><![CDATA[Rua Angelina Motter    <br>       <br>   FID   1472    <br>   sequencia   1473    <br>   cota   8,81    <br>   refer_1   Rua Angelina Motter    <br>   refer_2   155    <br>   bairro   Sete de Setembro    <br>   coord_x   704805,281558    <br>   coord_y   7020208,17687    <br>   latitude   -26,924943    <br>   longitu   -48,937379]]></description>
        <styleUrl>#icon-1899-DB4436</styleUrl>
        <Point>
          <coordinates>
            -48.937379,-26.924943,0
          </coordinates>
        </Point>
      </Placemark>
      <Placemark>
        <name>8,847</name>
        <description><![CDATA[Rua Angelina Motter    <br>       <br>   FID   1473    <br>   sequencia   1474    <br>   cota   8,85    <br>   refer_1   Rua Angelina Motter    <br>   refer_2   213    <br>   bairro   Sete de Setembro    <br>   coord_x   704806,359408    <br>   coord_y   7020271,38337    <br>   latitude   -26,924373    <br>   longitu   -48,937379]]></description>
        <styleUrl>#icon-1899-DB4436</styleUrl>
        <Point>
          <coordinates>
            -48.937379,-26.924373,0
          </coordinates>
        </Point>
      </Placemark>
      <Placemark>
        <name>9,096</name>
        <description><![CDATA[Rua Angelina Motter    <br>       <br>   FID   1474    <br>   sequencia   1475    <br>   cota   9,10    <br>   refer_1   Rua Angelina Motter    <br>   refer_2   445    <br>   bairro   Sete de Setembro    <br>   coord_x   704815,294135    <br>   coord_y   7020492,11562    <br>   latitude   -26,92238    <br>   longitu   -48,937325]]></description>
        <styleUrl>#icon-1899-DB4436</styleUrl>
        <Point>
          <coordinates>
            -48.937325,-26.92238,0
          </coordinates>
        </Point>
      </Placemark>
      <Placemark>
        <name>9,334</name>
        <description><![CDATA[Rua Angelina Motter    <br>       <br>   FID   1475    <br>   sequencia   1476    <br>   cota   9,33    <br>   refer_1   Rua Angelina Motter    <br>   refer_2   84    <br>   bairro   Sete de Setembro    <br>   coord_x   704798,320929    <br>   coord_y   7020135,74656    <br>   latitude   -26,925598    <br>   longitu   -48,937437]]></description>
        <styleUrl>#icon-1899-DB4436</styleUrl>
        <Point>
          <coordinates>
            -48.937437,-26.925598,0
          </coordinates>
        </Point>
      </Placemark>
      <Placemark>
        <name>9,37</name>
        <description><![CDATA[Rua Angelina Motter    <br>       <br>   FID   1476    <br>   sequencia   1477    <br>   cota   9,37    <br>   refer_1   Rua Angelina Motter    <br>   refer_2   612    <br>   bairro   Sete de Setembro    <br>   coord_x   704827,638092    <br>   coord_y   7020669,9585    <br>   latitude   -26,920773    <br>   longitu   -48,93723]]></description>
        <styleUrl>#icon-1899-DB4436</styleUrl>
        <Point>
          <coordinates>
            -48.93723,-26.920773,0
          </coordinates>
        </Point>
      </Placemark>
      <Placemark>
        <name>9,683</name>
        <description><![CDATA[Rua Angelina Motter    <br>       <br>   FID   1477    <br>   sequencia   1478    <br>   cota   9,68    <br>   refer_1   Rua Angelina Motter    <br>   refer_2   Rua Nelson Becher    <br>   bairro   Sete de Setembro    <br>   coord_x   704827,096578    <br>   coord_y   7020589,55895    <br>   latitude   -26,921499    <br>   longitu   -48,937222]]></description>
        <styleUrl>#icon-1899-DB4436</styleUrl>
        <Point>
          <coordinates>
            -48.937222,-26.921499,0
          </coordinates>
        </Point>
      </Placemark>
      <Placemark>
        <name>9,75</name>
        <description><![CDATA[Rua Angelina Motter    <br>       <br>   FID   1478    <br>   sequencia   1479    <br>   cota   9,75    <br>   refer_1   Rua Angelina Motter    <br>   refer_2   689    <br>   bairro   Sete de Setembro    <br>   coord_x   704830,746468    <br>   coord_y   7020743,84375    <br>   latitude   -26,920106    <br>   longitu   -48,937211]]></description>
        <styleUrl>#icon-1899-DB4436</styleUrl>
        <Point>
          <coordinates>
            -48.937211,-26.920106,0
          </coordinates>
        </Point>
      </Placemark>
      <Placemark>
        <name>9,752</name>
        <description><![CDATA[Rua Angelina Motter    <br>       <br>   FID   1479    <br>   sequencia   1480    <br>   cota   9,75    <br>   refer_1   Rua Angelina Motter    <br>   refer_2   37    <br>   bairro   Sete de Setembro    <br>   coord_x   704796,406109    <br>   coord_y   7020068,90522    <br>   latitude   -26,926201    <br>   longitu   -48,937446]]></description>
        <styleUrl>#icon-1899-DB4436</styleUrl>
        <Point>
          <coordinates>
            -48.937446,-26.926201,0
          </coordinates>
        </Point>
      </Placemark>
      <Placemark>
        <name>12,98</name>
        <description><![CDATA[Rua Angelina Müller    <br>       <br>   FID   1480    <br>   sequencia   1481    <br>   cota   12,98    <br>   refer_1   Rua Angelina Müller    <br>   refer_2   70    <br>   bairro   Sete de Setembro    <br>   coord_x   703914,245942    <br>   coord_y   7019933,80966    <br>   latitude   -26,927549    <br>   longitu   -48,946303]]></description>
        <styleUrl>#icon-1899-DB4436</styleUrl>
        <Point>
          <coordinates>
            -48.946303,-26.927549,0
          </coordinates>
        </Point>
      </Placemark>
      <Placemark>
        <name>13,65</name>
        <description><![CDATA[Rua Angelina Müller    <br>       <br>   FID   1481    <br>   sequencia   1482    <br>   cota   13,65    <br>   refer_1   Rua Angelina Müller    <br>   refer_2   90    <br>   bairro   Sete de Setembro    <br>   coord_x   703918,139092    <br>   coord_y   7019962,33012    <br>   latitude   -26,927292    <br>   longitu   -48,946269]]></description>
        <styleUrl>#icon-1899-DB4436</styleUrl>
        <Point>
          <coordinates>
            -48.946269,-26.927292,0
          </coordinates>
        </Point>
      </Placemark>
      <Placemark>
        <name>10,913</name>
        <description><![CDATA[Rua Antônio Sansão    <br>       <br>   FID   1482    <br>   sequencia   1483    <br>   cota   10,91    <br>   refer_1   Rua Antônio Sansão    <br>   refer_2   Final de rua    <br>   bairro   Sete de Setembro    <br>   coord_x   704519,108526    <br>   coord_y   7020040,50901    <br>   latitude   -26,926498    <br>   longitu   -48,940232]]></description>
        <styleUrl>#icon-1899-DB4436</styleUrl>
        <Point>
          <coordinates>
            -48.940232,-26.926498,0
          </coordinates>
        </Point>
      </Placemark>
      <Placemark>
        <name>12,548</name>
        <description><![CDATA[Rua Arnoldo Bernadino de Souza    <br>       <br>   FID   1483    <br>   sequencia   1484    <br>   cota   12,55    <br>   refer_1   Rua Arnoldo Bernadino de Souza    <br>   refer_2   75    <br>   bairro   Sete de Setembro    <br>   coord_x   704793,517466    <br>   coord_y   7019983,55127    <br>   latitude   -26,926972    <br>   longitu   -48,937461]]></description>
        <styleUrl>#icon-1899-DB4436</styleUrl>
        <Point>
          <coordinates>
            -48.937461,-26.926972,0
          </coordinates>
        </Point>
      </Placemark>
      <Placemark>
        <name>13,65</name>
        <description><![CDATA[Rua Arnoldo Bernadino de Souza    <br>       <br>   FID   1484    <br>   sequencia   1485    <br>   cota   13,65    <br>   refer_1   Rua Arnoldo Bernadino de Souza    <br>   refer_2   101    <br>   bairro   Sete de Setembro    <br>   coord_x   704791,327235    <br>   coord_y   7019935,49517    <br>   latitude   -26,927405    <br>   longitu   -48,937475]]></description>
        <styleUrl>#icon-1899-DB4436</styleUrl>
        <Point>
          <coordinates>
            -48.937475,-26.927405,0
          </coordinates>
        </Point>
      </Placemark>
      <Placemark>
        <name>11,873</name>
        <description><![CDATA[Rua Artur Antônio Schmitt    <br>       <br>   FID   1485    <br>   sequencia   1486    <br>   cota   11,87    <br>   refer_1   Rua Artur Antônio Schmitt    <br>   refer_2   Final de rua    <br>   bairro   Sete de Setembro    <br>   coord_x   704560,596646    <br>   coord_y   7021386,62551    <br>   latitude   -26,914346    <br>   longitu   -48,940035]]></description>
        <styleUrl>#icon-1899-DB4436</styleUrl>
        <Point>
          <coordinates>
            -48.940035,-26.914346,0
          </coordinates>
        </Point>
      </Placemark>
      <Placemark>
        <name>10,784</name>
        <description><![CDATA[Rua Benedito Bernz    <br>       <br>   FID   1486    <br>   sequencia   1487    <br>   cota   10,78    <br>   refer_1   Rua Benedito Bernz    <br>   refer_2   Rua Antônio Sansão    <br>   bairro   Sete de Setembro    <br>   coord_x   704518,158359    <br>   coord_y   7020099,05218    <br>   latitude   -26,92597    <br>   longitu   -48,940251]]></description>
        <styleUrl>#icon-1899-DB4436</styleUrl>
        <Point>
          <coordinates>
            -48.940251,-26.92597,0
          </coordinates>
        </Point>
      </Placemark>
      <Placemark>
        <name>11,547</name>
        <description><![CDATA[Rua Benedito Bernz    <br>       <br>   FID   1487    <br>   sequencia   1488    <br>   cota   11,55    <br>   refer_1   Rua Benedito Bernz    <br>   refer_2   174    <br>   bairro   Sete de Setembro    <br>   coord_x   704416,316407    <br>   coord_y   7020102,80516    <br>   latitude   -26,925951    <br>   longitu   -48,941277]]></description>
        <styleUrl>#icon-1899-DB4436</styleUrl>
        <Point>
          <coordinates>
            -48.941277,-26.925951,0
          </coordinates>
        </Point>
      </Placemark>
      <Placemark>
        <name>12,997</name>
        <description><![CDATA[Rua Benedito Bernz    <br>       <br>   FID   1488    <br>   sequencia   1489    <br>   cota   13,00    <br>   refer_1   Rua Benedito Bernz    <br>   refer_2   64    <br>   bairro   Sete de Setembro    <br>   coord_x   704286,908881    <br>   coord_y   7020110,29278    <br>   latitude   -26,925902    <br>   longitu   -48,942581]]></description>
        <styleUrl>#icon-1899-DB4436</styleUrl>
        <Point>
          <coordinates>
            -48.942581,-26.925902,0
          </coordinates>
        </Point>
      </Placemark>
      <Placemark>
        <name>9,594</name>
        <description><![CDATA[Rua Bertholdo Bornhausen    <br>       <br>   FID   1489    <br>   sequencia   1490    <br>   cota   9,59    <br>   refer_1   Rua Bertholdo Bornhausen    <br>   refer_2   Final de rua    <br>   bairro   Sete de Setembro    <br>   coord_x   703462,122178    <br>   coord_y   7019892,04606    <br>   latitude   -26,927992    <br>   longitu   -48,950848]]></description>
        <styleUrl>#icon-1899-DB4436</styleUrl>
        <Point>
          <coordinates>
            -48.950848,-26.927992,0
          </coordinates>
        </Point>
      </Placemark>
      <Placemark>
        <name>10,844</name>
        <description><![CDATA[Rua Bertholdo Bornhausen    <br>       <br>   FID   1490    <br>   sequencia   1491    <br>   cota   10,84    <br>   refer_1   Rua Bertholdo Bornhausen    <br>   refer_2   Rua Lages    <br>   bairro   Sete de Setembro    <br>   coord_x   703472,789698    <br>   coord_y   7019933,57189    <br>   latitude   -26,927616    <br>   longitu   -48,950747]]></description>
        <styleUrl>#icon-1899-DB4436</styleUrl>
        <Point>
          <coordinates>
            -48.950747,-26.927616,0
          </coordinates>
        </Point>
      </Placemark>
      <Placemark>
        <name>10,972</name>
        <description><![CDATA[Rua Blumenau    <br>       <br>   FID   1491    <br>   sequencia   1492    <br>   cota   10,97    <br>   refer_1   Rua Blumenau    <br>   refer_2   Acesso a Rua Francisco Silvério Scheidt    <br>   bairro   Sete de Setembro    <br>   coord_x   704041,350622    <br>   coord_y   7021104,99867    <br>   latitude   -26,916963    <br>   longitu   -48,945216]]></description>
        <styleUrl>#icon-1899-DB4436</styleUrl>
        <Point>
          <coordinates>
            -48.945216,-26.916963,0
          </coordinates>
        </Point>
      </Placemark>
      <Placemark>
        <name>14,01</name>
        <description><![CDATA[Rua Blumenau    <br>       <br>   FID   1492    <br>   sequencia   1493    <br>   cota   14,01    <br>   refer_1   Rua Blumenau    <br>   refer_2   Rua Ives Bittelbrum    <br>   bairro   Sete de Setembro    <br>   coord_x   704022,165634    <br>   coord_y   7020954,46905    <br>   latitude   -26,918324    <br>   longitu   -48,945384]]></description>
        <styleUrl>#icon-1899-DB4436</styleUrl>
        <Point>
          <coordinates>
            -48.945384,-26.918324,0
          </coordinates>
        </Point>
      </Placemark>
      <Placemark>
        <name>13,65</name>
        <description><![CDATA[Rua Cecília Joana Schneider Krauss    <br>       <br>   FID   1493    <br>   sequencia   1494    <br>   cota   13,65    <br>   refer_1   Rua Cecília Joana Schneider Krauss    <br>   refer_2   44    <br>   bairro   Sete de Setembro    <br>   coord_x   703641,137344    <br>   coord_y   7019722,10628    <br>   latitude   -26,9295    <br>   longitu   -48,949018]]></description>
        <styleUrl>#icon-1899-DB4436</styleUrl>
        <Point>
          <coordinates>
            -48.949018,-26.9295,0
          </coordinates>
        </Point>
      </Placemark>
      <Placemark>
        <name>10,604</name>
        <description><![CDATA[Rua Clara Bittencourt    <br>       <br>   FID   1494    <br>   sequencia   1495    <br>   cota   10,60    <br>   refer_1   Rua Clara Bittencourt    <br>   refer_2   Rua Manoel Bittencourt    <br>   bairro   Sete de Setembro    <br>   coord_x   705040,425544    <br>   coord_y   7020093,52792    <br>   latitude   -26,925943    <br>   longitu   -48,934993]]></description>
        <styleUrl>#icon-1899-DB4436</styleUrl>
        <Point>
          <coordinates>
            -48.934993,-26.925943,0
          </coordinates>
        </Point>
      </Placemark>
      <Placemark>
        <name>11,475</name>
        <description><![CDATA[Rua Eduardo Heinig    <br>       <br>   FID   1495    <br>   sequencia   1496    <br>   cota   11,48    <br>   refer_1   Rua Eduardo Heinig    <br>   refer_2   Rua Navegantes    <br>   bairro   Sete de Setembro    <br>   coord_x   704098,359287    <br>   coord_y   7019975,25458    <br>   latitude   -26,927149    <br>   longitu   -48,944457]]></description>
        <styleUrl>#icon-1899-DB4436</styleUrl>
        <Point>
          <coordinates>
            -48.944457,-26.927149,0
          </coordinates>
        </Point>
      </Placemark>
      <Placemark>
        <name>12,793</name>
        <description><![CDATA[Rua Eduardo Heinig    <br>       <br>   FID   1496    <br>   sequencia   1497    <br>   cota   12,79    <br>   refer_1   Rua Eduardo Heinig    <br>   refer_2   Final de rua    <br>   bairro   Sete de Setembro    <br>   coord_x   704243,100468    <br>   coord_y   7019942,67689    <br>   latitude   -26,927421    <br>   longitu   -48,942995]]></description>
        <styleUrl>#icon-1899-DB4436</styleUrl>
        <Point>
          <coordinates>
            -48.942995,-26.927421,0
          </coordinates>
        </Point>
      </Placemark>
      <Placemark>
        <name>11,02</name>
        <description><![CDATA[Rua Engelberto Schramm    <br>       <br>   FID   1497    <br>   sequencia   1498    <br>   cota   11,02    <br>   refer_1   Rua Engelberto Schramm    <br>   refer_2   Meio da rua    <br>   bairro   Sete de Setembro    <br>   coord_x   704954,003858    <br>   coord_y   7019589,32445    <br>   latitude   -26,930505    <br>   longitu   -48,935781]]></description>
        <styleUrl>#icon-1899-DB4436</styleUrl>
        <Point>
          <coordinates>
            -48.935781,-26.930505,0
          </coordinates>
        </Point>
      </Placemark>
      <Placemark>
        <name>9,736</name>
        <description><![CDATA[Rua Fernando Rodolfo Pamplona    <br>       <br>   FID   1498    <br>   sequencia   1499    <br>   cota   9,74    <br>   refer_1   Rua Fernando Rodolfo Pamplona    <br>   refer_2   Rua Itajaí    <br>   bairro   Sete de Setembro    <br>   coord_x   703451,535533    <br>   coord_y   7020384,98812    <br>   latitude   -26,923546    <br>   longitu   -48,951035]]></description>
        <styleUrl>#icon-1899-DB4436</styleUrl>
        <Point>
          <coordinates>
            -48.951035,-26.923546,0
          </coordinates>
        </Point>
      </Placemark>
      <Placemark>
        <name>11,103</name>
        <description><![CDATA[Rua Frederico Nicolau da Silva    <br>       <br>   FID   1499    <br>   sequencia   1500    <br>   cota   11,10    <br>   refer_1   Rua Frederico Nicolau da Silva    <br>   refer_2   Acesso a Rua Blumenau    <br>   bairro   Sete de Setembro    <br>   coord_x   704099,168346    <br>   coord_y   7021098,44532    <br>   latitude   -26,917014    <br>   longitu   -48,944632]]></description>
        <styleUrl>#icon-1899-DB4436</styleUrl>
        <Point>
          <coordinates>
            -48.944632,-26.917014,0
          </coordinates>
        </Point>
      </Placemark>
      <Placemark>
        <name>12,928</name>
        <description><![CDATA[Rua Frederico Nicolau da Silva    <br>       <br>   FID   1500    <br>   sequencia   1501    <br>   cota   12,93    <br>   refer_1   Rua Frederico Nicolau da Silva    <br>   refer_2   Rua Ives Bittelbrum    <br>   bairro   Sete de Setembro    <br>   coord_x   704083,968888    <br>   coord_y   7020947,41704    <br>   latitude   -26,918379    <br>   longitu   -48,944761]]></description>
        <styleUrl>#icon-1899-DB4436</styleUrl>
        <Point>
          <coordinates>
            -48.944761,-26.918379,0
          </coordinates>
        </Point>
      </Placemark>
      <Placemark>
        <name>13,65</name>
        <description><![CDATA[Rua Frederico Nicolau da Silva    <br>       <br>   FID   1501    <br>   sequencia   1502    <br>   cota   13,65    <br>   refer_1   Rua Frederico Nicolau da Silva    <br>   refer_2   Final de rua    <br>   bairro   Sete de Setembro    <br>   coord_x   704081,770416    <br>   coord_y   7020880,97122    <br>   latitude   -26,918979    <br>   longitu   -48,944772]]></description>
        <styleUrl>#icon-1899-DB4436</styleUrl>
        <Point>
          <coordinates>
            -48.944772,-26.918979,0
          </coordinates>
        </Point>
      </Placemark>
      <Placemark>
        <name>11,844</name>
        <description><![CDATA[Rua Helena Debortoli    <br>       <br>   FID   1502    <br>   sequencia   1503    <br>   cota   11,84    <br>   refer_1   Rua Helena Debortoli    <br>   refer_2   Meio da rua    <br>   bairro   Sete de Setembro    <br>   coord_x   704875,535693    <br>   coord_y   7019588,81669    <br>   latitude   -26,930521    <br>   longitu   -48,93657]]></description>
        <styleUrl>#icon-1899-DB4436</styleUrl>
        <Point>
          <coordinates>
            -48.93657,-26.930521,0
          </coordinates>
        </Point>
      </Placemark>
      <Placemark>
        <name>10,882</name>
        <description><![CDATA[Rua Helmuth Becker    <br>       <br>   FID   1503    <br>   sequencia   1504    <br>   cota   10,88    <br>   refer_1   Rua Helmuth Becker    <br>   refer_2   Meio da rua    <br>   bairro   Sete de Setembro    <br>   coord_x   705016,693039    <br>   coord_y   7019593,42019    <br>   latitude   -26,930459    <br>   longitu   -48,93515]]></description>
        <styleUrl>#icon-1899-DB4436</styleUrl>
        <Point>
          <coordinates>
            -48.93515,-26.930459,0
          </coordinates>
        </Point>
      </Placemark>
      <Placemark>
        <name>10,535</name>
        <description><![CDATA[Rua Hilário da Silva    <br>       <br>   FID   1504    <br>   sequencia   1505    <br>   cota   10,54    <br>   refer_1   Rua Hilário da Silva    <br>   refer_2   123    <br>   bairro   Sete de Setembro    <br>   coord_x   704581,998138    <br>   coord_y   7019771,54368    <br>   latitude   -26,928916    <br>   longitu   -48,939555]]></description>
        <styleUrl>#icon-1899-DB4436</styleUrl>
        <Point>
          <coordinates>
            -48.939555,-26.928916,0
          </coordinates>
        </Point>
      </Placemark>
      <Placemark>
        <name>10,638</name>
        <description><![CDATA[Rua Hilário da Silva    <br>       <br>   FID   1505    <br>   sequencia   1506    <br>   cota   10,64    <br>   refer_1   Rua Hilário da Silva    <br>   refer_2   86    <br>   bairro   Sete de Setembro    <br>   coord_x   704580,780261    <br>   coord_y   7019844,53717    <br>   latitude   -26,928257    <br>   longitu   -48,939579]]></description>
        <styleUrl>#icon-1899-DB4436</styleUrl>
        <Point>
          <coordinates>
            -48.939579,-26.928257,0
          </coordinates>
        </Point>
      </Placemark>
      <Placemark>
        <name>10,947</name>
        <description><![CDATA[Rua Hilário da Silva    <br>       <br>   FID   1506    <br>   sequencia   1507    <br>   cota   10,95    <br>   refer_1   Rua Hilário da Silva    <br>   refer_2   65    <br>   bairro   Sete de Setembro    <br>   coord_x   704587,114622    <br>   coord_y   7019917,77848    <br>   latitude   -26,927595    <br>   longitu   -48,939528]]></description>
        <styleUrl>#icon-1899-DB4436</styleUrl>
        <Point>
          <coordinates>
            -48.939528,-26.927595,0
          </coordinates>
        </Point>
      </Placemark>
      <Placemark>
        <name>9,715</name>
        <description><![CDATA[Rua Ignês Hilária Schneider    <br>       <br>   FID   1507    <br>   sequencia   1508    <br>   cota   9,71    <br>   refer_1   Rua Ignês Hilária Schneider    <br>   refer_2   Final de rua    <br>   bairro   Sete de Setembro    <br>   coord_x   704601,224695    <br>   coord_y   7020398,82524    <br>   latitude   -26,923253    <br>   longitu   -48,939464]]></description>
        <styleUrl>#icon-1899-DB4436</styleUrl>
        <Point>
          <coordinates>
            -48.939464,-26.923253,0
          </coordinates>
        </Point>
      </Placemark>
      <Placemark>
        <name>10,117</name>
        <description><![CDATA[Rua Ignês Hilária Schneider    <br>       <br>   FID   1508    <br>   sequencia   1509    <br>   cota   10,12    <br>   refer_1   Rua Ignês Hilária Schneider    <br>   refer_2   Rua 1° de Janeiro    <br>   bairro   Sete de Setembro    <br>   coord_x   704590,274879    <br>   coord_y   7020158,15542    <br>   latitude   -26,925426    <br>   longitu   -48,939535]]></description>
        <styleUrl>#icon-1899-DB4436</styleUrl>
        <Point>
          <coordinates>
            -48.939535,-26.925426,0
          </coordinates>
        </Point>
      </Placemark>
      <Placemark>
        <name>10,173</name>
        <description><![CDATA[Rua Ignês Hilária Schneider    <br>       <br>   FID   1509    <br>   sequencia   1510    <br>   cota   10,17    <br>   refer_1   Rua Ignês Hilária Schneider    <br>   refer_2   218    <br>   bairro   Sete de Setembro    <br>   coord_x   704592,910009    <br>   coord_y   7020197,35471    <br>   latitude   -26,925072    <br>   longitu   -48,939515]]></description>
        <styleUrl>#icon-1899-DB4436</styleUrl>
        <Point>
          <coordinates>
            -48.939515,-26.925072,0
          </coordinates>
        </Point>
      </Placemark>
      <Placemark>
        <name>10,178</name>
        <description><![CDATA[Rua Ignês Hilária Schneider    <br>       <br>   FID   1510    <br>   sequencia   1511    <br>   cota   10,18    <br>   refer_1   Rua Ignês Hilária Schneider    <br>   refer_2   379    <br>   bairro   Sete de Setembro    <br>   coord_x   704600,425699    <br>   coord_y   7020350,35401    <br>   latitude   -26,92369    <br>   longitu   -48,939465]]></description>
        <styleUrl>#icon-1899-DB4436</styleUrl>
        <Point>
          <coordinates>
            -48.939465,-26.92369,0
          </coordinates>
        </Point>
      </Placemark>
      <Placemark>
        <name>10,316</name>
        <description><![CDATA[Rua Ignês Hilária Schneider    <br>       <br>   FID   1511    <br>   sequencia   1512    <br>   cota   10,32    <br>   refer_1   Rua Ignês Hilária Schneider    <br>   refer_2   253    <br>   bairro   Sete de Setembro    <br>   coord_x   704595,846412    <br>   coord_y   7020271,45933    <br>   latitude   -26,924403    <br>   longitu   -48,939498]]></description>
        <styleUrl>#icon-1899-DB4436</styleUrl>
        <Point>
          <coordinates>
            -48.939498,-26.924403,0
          </coordinates>
        </Point>
      </Placemark>
      <Placemark>
        <name>10,334</name>
        <description><![CDATA[Rua Ignês Hilária Schneider    <br>       <br>   FID   1512    <br>   sequencia   1513    <br>   cota   10,33    <br>   refer_1   Rua Ignês Hilária Schneider    <br>   refer_2   187    <br>   bairro   Sete de Setembro    <br>   coord_x   704588,818687    <br>   coord_y   7020114,11189    <br>   latitude   -26,925824    <br>   longitu   -48,939543]]></description>
        <styleUrl>#icon-1899-DB4436</styleUrl>
        <Point>
          <coordinates>
            -48.939543,-26.925824,0
          </coordinates>
        </Point>
      </Placemark>
      <Placemark>
        <name>10,566</name>
        <description><![CDATA[Rua Ignês Hilária Schneider    <br>       <br>   FID   1513    <br>   sequencia   1514    <br>   cota   10,57    <br>   refer_1   Rua Ignês Hilária Schneider    <br>   refer_2   80    <br>   bairro   Sete de Setembro    <br>   coord_x   704586,349306    <br>   coord_y   7020036,48326    <br>   latitude   -26,926524    <br>   longitu   -48,939555]]></description>
        <styleUrl>#icon-1899-DB4436</styleUrl>
        <Point>
          <coordinates>
            -48.939555,-26.926524,0
          </coordinates>
        </Point>
      </Placemark>
      <Placemark>
        <name>10,515</name>
        <description><![CDATA[Rua Industrial Leopoldo Schmalz    <br>       <br>   FID   1514    <br>   sequencia   1515    <br>   cota   10,52    <br>   refer_1   Rua Industrial Leopoldo Schmalz    <br>   refer_2   Rua Helmuth Becker    <br>   bairro   Sete de Setembro    <br>   coord_x   705013,615894    <br>   coord_y   7019653,20465    <br>   latitude   -26,92992    <br>   longitu   -48,935191]]></description>
        <styleUrl>#icon-1899-DB4436</styleUrl>
        <Point>
          <coordinates>
            -48.935191,-26.92992,0
          </coordinates>
        </Point>
      </Placemark>
      <Placemark>
        <name>10,564</name>
        <description><![CDATA[Rua Industrial Leopoldo Schmalz    <br>       <br>   FID   1515    <br>   sequencia   1516    <br>   cota   10,56    <br>   refer_1   Rua Industrial Leopoldo Schmalz    <br>   refer_2   Rua Engelberto Schramm    <br>   bairro   Sete de Setembro    <br>   coord_x   704952,056032    <br>   coord_y   7019656,68563    <br>   latitude   -26,929897    <br>   longitu   -48,935811]]></description>
        <styleUrl>#icon-1899-DB4436</styleUrl>
        <Point>
          <coordinates>
            -48.935811,-26.929897,0
          </coordinates>
        </Point>
      </Placemark>
      <Placemark>
        <name>10,933</name>
        <description><![CDATA[Rua Industrial Leopoldo Schmalz    <br>       <br>   FID   1516    <br>   sequencia   1517    <br>   cota   10,93    <br>   refer_1   Rua Industrial Leopoldo Schmalz    <br>   refer_2   Rua Helena Debortoli    <br>   bairro   Sete de Setembro    <br>   coord_x   704877,449835    <br>   coord_y   7019662,47911    <br>   latitude   -26,929856    <br>   longitu   -48,936563]]></description>
        <styleUrl>#icon-1899-DB4436</styleUrl>
        <Point>
          <coordinates>
            -48.936563,-26.929856,0
          </coordinates>
        </Point>
      </Placemark>
      <Placemark>
        <name>11,66</name>
        <description><![CDATA[Rua Industrial Leopoldo Schmalz    <br>       <br>   FID   1517    <br>   sequencia   1518    <br>   cota   11,66    <br>   refer_1   Rua Industrial Leopoldo Schmalz    <br>   refer_2   Rua Hilário da Silva    <br>   bairro   Sete de Setembro    <br>   coord_x   704570,744445    <br>   coord_y   7019676,20547    <br>   latitude   -26,929777    <br>   longitu   -48,939653]]></description>
        <styleUrl>#icon-1899-DB4436</styleUrl>
        <Point>
          <coordinates>
            -48.939653,-26.929777,0
          </coordinates>
        </Point>
      </Placemark>
      <Placemark>
        <name>11,704</name>
        <description><![CDATA[Rua Industrial Leopoldo Schmalz    <br>       <br>   FID   1518    <br>   sequencia   1519    <br>   cota   11,70    <br>   refer_1   Rua Industrial Leopoldo Schmalz    <br>   refer_2   Rua Vereador Gilberto Francisco Sabel    <br>   bairro   Sete de Setembro    <br>   coord_x   704799,12652    <br>   coord_y   7019666,83795    <br>   latitude   -26,929828    <br>   longitu   -48,937352]]></description>
        <styleUrl>#icon-1899-DB4436</styleUrl>
        <Point>
          <coordinates>
            -48.937352,-26.929828,0
          </coordinates>
        </Point>
      </Placemark>
      <Placemark>
        <name>11,972</name>
        <description><![CDATA[Rua Industrial Leopoldo Schmalz    <br>       <br>   FID   1519    <br>   sequencia   1520    <br>   cota   11,97    <br>   refer_1   Rua Industrial Leopoldo Schmalz    <br>   refer_2   199    <br>   bairro   Sete de Setembro    <br>   coord_x   704648,906054    <br>   coord_y   7019677,52424    <br>   latitude   -26,929754    <br>   longitu   -48,938866]]></description>
        <styleUrl>#icon-1899-DB4436</styleUrl>
        <Point>
          <coordinates>
            -48.938866,-26.929754,0
          </coordinates>
        </Point>
      </Placemark>
      <Placemark>
        <name>12,019</name>
        <description><![CDATA[Rua Industrial Leopoldo Schmalz    <br>       <br>   FID   1520    <br>   sequencia   1521    <br>   cota   12,02    <br>   refer_1   Rua Industrial Leopoldo Schmalz    <br>   refer_2   Rua Vereador Reinoldo Bornhausen    <br>   bairro   Sete de Setembro    <br>   coord_x   704570,894317    <br>   coord_y   7019671,4183    <br>   latitude   -26,929821    <br>   longitu   -48,939651]]></description>
        <styleUrl>#icon-1899-DB4436</styleUrl>
        <Point>
          <coordinates>
            -48.939651,-26.929821,0
          </coordinates>
        </Point>
      </Placemark>
      <Placemark>
        <name>12,146</name>
        <description><![CDATA[Rua Industrial Leopoldo Schmalz    <br>       <br>   FID   1521    <br>   sequencia   1522    <br>   cota   12,15    <br>   refer_1   Rua Industrial Leopoldo Schmalz    <br>   refer_2   Rua Vereador Edmundo dos Santos    <br>   bairro   Sete de Setembro    <br>   coord_x   704651,820721    <br>   coord_y   7019670,57523    <br>   latitude   -26,929816    <br>   longitu   -48,938836]]></description>
        <styleUrl>#icon-1899-DB4436</styleUrl>
        <Point>
          <coordinates>
            -48.938836,-26.929816,0
          </coordinates>
        </Point>
      </Placemark>
      <Placemark>
        <name>12,173</name>
        <description><![CDATA[Rua Industrial Leopoldo Schmalz    <br>       <br>   FID   1522    <br>   sequencia   1523    <br>   cota   12,17    <br>   refer_1   Rua Industrial Leopoldo Schmalz    <br>   refer_2   225    <br>   bairro   Sete de Setembro    <br>   coord_x   704706,806709    <br>   coord_y   7019670,003    <br>   latitude   -26,929813    <br>   longitu   -48,938282]]></description>
        <styleUrl>#icon-1899-DB4436</styleUrl>
        <Point>
          <coordinates>
            -48.938282,-26.929813,0
          </coordinates>
        </Point>
      </Placemark>
      <Placemark>
        <name>12,183</name>
        <description><![CDATA[Rua Industrial Leopoldo Schmalz    <br>       <br>   FID   1523    <br>   sequencia   1524    <br>   cota   12,18    <br>   refer_1   Rua Industrial Leopoldo Schmalz    <br>   refer_2   Rua Vereador Fernando da Costa Marques    <br>   bairro   Sete de Setembro    <br>   coord_x   704731,457486    <br>   coord_y   7019669,38163    <br>   latitude   -26,929815    <br>   longitu   -48,938034]]></description>
        <styleUrl>#icon-1899-DB4436</styleUrl>
        <Point>
          <coordinates>
            -48.938034,-26.929815,0
          </coordinates>
        </Point>
      </Placemark>
      <Placemark>
        <name>12,225</name>
        <description><![CDATA[Rua Industrial Leopoldo Schmalz    <br>       <br>   FID   1524    <br>   sequencia   1525    <br>   cota   12,23    <br>   refer_1   Rua Industrial Leopoldo Schmalz    <br>   refer_2   Defronte Mercado Carol    <br>   bairro   Sete de Setembro    <br>   coord_x   704519,336489    <br>   coord_y   7019676,98551    <br>   latitude   -26,929778    <br>   longitu   -48,94017]]></description>
        <styleUrl>#icon-1899-DB4436</styleUrl>
        <Point>
          <coordinates>
            -48.94017,-26.929778,0
          </coordinates>
        </Point>
      </Placemark>
      <Placemark>
        <name>13,08</name>
        <description><![CDATA[Rua Industrial Leopoldo Schmalz    <br>       <br>   FID   1525    <br>   sequencia   1526    <br>   cota   13,08    <br>   refer_1   Rua Industrial Leopoldo Schmalz    <br>   refer_2   Avenida Olga Wehmuth    <br>   bairro   Sete de Setembro    <br>   coord_x   704458,945864    <br>   coord_y   7019678,09756    <br>   latitude   -26,929777    <br>   longitu   -48,940779]]></description>
        <styleUrl>#icon-1899-DB4436</styleUrl>
        <Point>
          <coordinates>
            -48.940779,-26.929777,0
          </coordinates>
        </Point>
      </Placemark>
      <Placemark>
        <name>9,022</name>
        <description><![CDATA[Rua Itajaí    <br>       <br>   FID   1526    <br>   sequencia   1527    <br>   cota   9,02    <br>   refer_1   Rua Itajaí    <br>   refer_2   820    <br>   bairro   Sete de Setembro    <br>   coord_x   703803,421192    <br>   coord_y   7020923,84491    <br>   latitude   -26,918633    <br>   longitu   -48,947581]]></description>
        <styleUrl>#icon-1899-DB4436</styleUrl>
        <Point>
          <coordinates>
            -48.947581,-26.918633,0
          </coordinates>
        </Point>
      </Placemark>
      <Placemark>
        <name>9,127</name>
        <description><![CDATA[Rua Itajaí    <br>       <br>   FID   1527    <br>   sequencia   1528    <br>   cota   9,13    <br>   refer_1   Rua Itajaí    <br>   refer_2   607    <br>   bairro   Sete de Setembro    <br>   coord_x   703625,299146    <br>   coord_y   7020665,87957    <br>   latitude   -26,920986    <br>   longitu   -48,949332]]></description>
        <styleUrl>#icon-1899-DB4436</styleUrl>
        <Point>
          <coordinates>
            -48.949332,-26.920986,0
          </coordinates>
        </Point>
      </Placemark>
      <Placemark>
        <name>10,999</name>
        <description><![CDATA[Rua Itajaí    <br>       <br>   FID   1528    <br>   sequencia   1529    <br>   cota   11,00    <br>   refer_1   Rua Itajaí    <br>   refer_2   Rua Pedro Wan-Dall    <br>   bairro   Sete de Setembro    <br>   coord_x   704282,711814    <br>   coord_y   7021382,55943    <br>   latitude   -26,914424    <br>   longitu   -48,942832]]></description>
        <styleUrl>#icon-1899-DB4436</styleUrl>
        <Point>
          <coordinates>
            -48.942832,-26.914424,0
          </coordinates>
        </Point>
      </Placemark>
      <Placemark>
        <name>11,195</name>
        <description><![CDATA[Rua Itajaí    <br>       <br>   FID   1529    <br>   sequencia   1530    <br>   cota   11,20    <br>   refer_1   Rua Itajaí    <br>   refer_2   Rua Blumenau    <br>   bairro   Sete de Setembro    <br>   coord_x   704051,458889    <br>   coord_y   7021193,33155    <br>   latitude   -26,916165    <br>   longitu   -48,945128]]></description>
        <styleUrl>#icon-1899-DB4436</styleUrl>
        <Point>
          <coordinates>
            -48.945128,-26.916165,0
          </coordinates>
        </Point>
      </Placemark>
      <Placemark>
        <name>11,236</name>
        <description><![CDATA[Rua Itajaí    <br>       <br>   FID   1530    <br>   sequencia   1531    <br>   cota   11,24    <br>   refer_1   Rua Itajaí    <br>   refer_2   1.215    <br>   bairro   Sete de Setembro    <br>   coord_x   704117,920859    <br>   coord_y   7021259,85025    <br>   latitude   -26,915555    <br>   longitu   -48,94447]]></description>
        <styleUrl>#icon-1899-DB4436</styleUrl>
        <Point>
          <coordinates>
            -48.94447,-26.915555,0
          </coordinates>
        </Point>
      </Placemark>
      <Placemark>
        <name>11,282</name>
        <description><![CDATA[Rua Itajaí    <br>       <br>   FID   1531    <br>   sequencia   1532    <br>   cota   11,28    <br>   refer_1   Rua Itajaí    <br>   refer_2   150    <br>   bairro   Sete de Setembro    <br>   coord_x   703345,783272    <br>   coord_y   7020240,70727    <br>   latitude   -26,924864    <br>   longitu   -48,952076]]></description>
        <styleUrl>#icon-1899-DB4436</styleUrl>
        <Point>
          <coordinates>
            -48.952076,-26.924864,0
          </coordinates>
        </Point>
      </Placemark>
      <Placemark>
        <name>11,362</name>
        <description><![CDATA[Rua Itajaí    <br>       <br>   FID   1532    <br>   sequencia   1533    <br>   cota   11,36    <br>   refer_1   Rua Itajaí    <br>   refer_2   999    <br>   bairro   Sete de Setembro    <br>   coord_x   703942,703655    <br>   coord_y   7021094,18878    <br>   latitude   -26,917075    <br>   longitu   -48,946207]]></description>
        <styleUrl>#icon-1899-DB4436</styleUrl>
        <Point>
          <coordinates>
            -48.946207,-26.917075,0
          </coordinates>
        </Point>
      </Placemark>
      <Placemark>
        <name>11,602</name>
        <description><![CDATA[Rua Itajaí    <br>       <br>   FID   1533    <br>   sequencia   1534    <br>   cota   11,60    <br>   refer_1   Rua Itajaí    <br>   refer_2   Rua Anna Wan-dall    <br>   bairro   Sete de Setembro    <br>   coord_x   704312,229016    <br>   coord_y   7021402,22313    <br>   latitude   -26,914242    <br>   longitu   -48,942538]]></description>
        <styleUrl>#icon-1899-DB4436</styleUrl>
        <Point>
          <coordinates>
            -48.942538,-26.914242,0
          </coordinates>
        </Point>
      </Placemark>
      <Placemark>
        <name>12,391</name>
        <description><![CDATA[Rua Itajaí    <br>       <br>   FID   1534    <br>   sequencia   1535    <br>   cota   12,39    <br>   refer_1   Rua Itajaí    <br>   refer_2   1.523    <br>   bairro   Sete de Setembro    <br>   coord_x   704459,051691    <br>   coord_y   7021513,59994    <br>   latitude   -26,913215    <br>   longitu   -48,941078]]></description>
        <styleUrl>#icon-1899-DB4436</styleUrl>
        <Point>
          <coordinates>
            -48.941078,-26.913215,0
          </coordinates>
        </Point>
      </Placemark>
      <Placemark>
        <name>12,548</name>
        <description><![CDATA[Rua Itajaí    <br>       <br>   FID   1535    <br>   sequencia   1536    <br>   cota   12,55    <br>   refer_1   Rua Itajaí    <br>   refer_2   Rua Madre Paulina    <br>   bairro   Sete de Setembro    <br>   coord_x   704755,449893    <br>   coord_y   7021700,37001    <br>   latitude   -26,911487    <br>   longitu   -48,938126]]></description>
        <styleUrl>#icon-1899-DB4436</styleUrl>
        <Point>
          <coordinates>
            -48.938126,-26.911487,0
          </coordinates>
        </Point>
      </Placemark>
      <Placemark>
        <name>12,694</name>
        <description><![CDATA[Rua Itajaí    <br>       <br>   FID   1536    <br>   sequencia   1537    <br>   cota   12,69    <br>   refer_1   Rua Itajaí    <br>   refer_2   1.715    <br>   bairro   Sete de Setembro    <br>   coord_x   704639,818759    <br>   coord_y   7021631,00033    <br>   latitude   -26,91213    <br>   longitu   -48,939278]]></description>
        <styleUrl>#icon-1899-DB4436</styleUrl>
        <Point>
          <coordinates>
            -48.939278,-26.91213,0
          </coordinates>
        </Point>
      </Placemark>
      <Placemark>
        <name>12,759</name>
        <description><![CDATA[Rua Itajaí    <br>       <br>   FID   1537    <br>   sequencia   1538    <br>   cota   12,76    <br>   refer_1   Rua Itajaí    <br>   refer_2   1.911    <br>   bairro   Sete de Setembro    <br>   coord_x   704828,173421    <br>   coord_y   7021735,88473    <br>   latitude   -26,911155    <br>   longitu   -48,9374]]></description>
        <styleUrl>#icon-1899-DB4436</styleUrl>
        <Point>
          <coordinates>
            -48.9374,-26.911155,0
          </coordinates>
        </Point>
      </Placemark>
      <Placemark>
        <name>12,788</name>
        <description><![CDATA[Rua Itajaí    <br>       <br>   FID   1538    <br>   sequencia   1539    <br>   cota   12,79    <br>   refer_1   Rua Itajaí    <br>   refer_2   Rua Artur Antônio Schmitt    <br>   bairro   Sete de Setembro    <br>   coord_x   704584,163743    <br>   coord_y   7021589,35091    <br>   latitude   -26,912513    <br>   longitu   -48,939831]]></description>
        <styleUrl>#icon-1899-DB4436</styleUrl>
        <Point>
          <coordinates>
            -48.939831,-26.912513,0
          </coordinates>
        </Point>
      </Placemark>
      <Placemark>
        <name>12,789</name>
        <description><![CDATA[Rua Itajaí    <br>       <br>   FID   1539    <br>   sequencia   1540    <br>   cota   12,79    <br>   refer_1   Rua Itajaí    <br>   refer_2   2.191    <br>   bairro   Sete de Setembro    <br>   coord_x   705040,210063    <br>   coord_y   7021814,73132    <br>   latitude   -26,910413    <br>   longitu   -48,935278]]></description>
        <styleUrl>#icon-1899-DB4436</styleUrl>
        <Point>
          <coordinates>
            -48.935278,-26.910413,0
          </coordinates>
        </Point>
      </Placemark>
      <Placemark>
        <name>12,808</name>
        <description><![CDATA[Rua Itajaí    <br>       <br>   FID   1540    <br>   sequencia   1541    <br>   cota   12,81    <br>   refer_1   Rua Itajaí    <br>   refer_2   2.177    <br>   bairro   Sete de Setembro    <br>   coord_x   705023,431469    <br>   coord_y   7021811,97602    <br>   latitude   -26,91044    <br>   longitu   -48,935447]]></description>
        <styleUrl>#icon-1899-DB4436</styleUrl>
        <Point>
          <coordinates>
            -48.935447,-26.91044,0
          </coordinates>
        </Point>
      </Placemark>
      <Placemark>
        <name>14,047</name>
        <description><![CDATA[Rua João Dierschnabel    <br>       <br>   FID   1541    <br>   sequencia   1542    <br>   cota   14,05    <br>   refer_1   Rua João Dierschnabel    <br>   refer_2   111    <br>   bairro   Sete de Setembro    <br>   coord_x   703981,758984    <br>   coord_y   7019989,00137    <br>   latitude   -26,927042    <br>   longitu   -48,945633]]></description>
        <styleUrl>#icon-1899-DB4436</styleUrl>
        <Point>
          <coordinates>
            -48.945633,-26.927042,0
          </coordinates>
        </Point>
      </Placemark>
      <Placemark>
        <name>11,193</name>
        <description><![CDATA[Rua João Silvino da Cunha    <br>       <br>   FID   1542    <br>   sequencia   1543    <br>   cota   11,19    <br>   refer_1   Rua João Silvino da Cunha    <br>   refer_2   Rua Minas Gerais    <br>   bairro   Sete de Setembro    <br>   coord_x   703920,21178    <br>   coord_y   7019782,02413    <br>   latitude   -26,928918    <br>   longitu   -48,946219]]></description>
        <styleUrl>#icon-1899-DB4436</styleUrl>
        <Point>
          <coordinates>
            -48.946219,-26.928918,0
          </coordinates>
        </Point>
      </Placemark>
      <Placemark>
        <name>12,83</name>
        <description><![CDATA[Rua João Silvino da Cunha    <br>       <br>   FID   1543    <br>   sequencia   1544    <br>   cota   12,83    <br>   refer_1   Rua João Silvino da Cunha    <br>   refer_2   Rua 1° de Maio    <br>   bairro   Sete de Setembro    <br>   coord_x   704470,489079    <br>   coord_y   7019768,2499    <br>   latitude   -26,928962    <br>   longitu   -48,940677]]></description>
        <styleUrl>#icon-1899-DB4436</styleUrl>
        <Point>
          <coordinates>
            -48.940677,-26.928962,0
          </coordinates>
        </Point>
      </Placemark>
      <Placemark>
        <name>13,267</name>
        <description><![CDATA[Rua João Silvino da Cunha    <br>       <br>   FID   1544    <br>   sequencia   1545    <br>   cota   13,27    <br>   refer_1   Rua João Silvino da Cunha    <br>   refer_2   800    <br>   bairro   Sete de Setembro    <br>   coord_x   704502,277938    <br>   coord_y   7019894,21407    <br>   latitude   -26,92782    <br>   longitu   -48,940378]]></description>
        <styleUrl>#icon-1899-DB4436</styleUrl>
        <Point>
          <coordinates>
            -48.940378,-26.92782,0
          </coordinates>
        </Point>
      </Placemark>
      <Placemark>
        <name>13,65</name>
        <description><![CDATA[Rua João Silvino da Cunha    <br>       <br>   FID   1545    <br>   sequencia   1546    <br>   cota   13,65    <br>   refer_1   Rua João Silvino da Cunha    <br>   refer_2   173    <br>   bairro   Sete de Setembro    <br>   coord_x   703974,671029    <br>   coord_y   7019761,99888    <br>   latitude   -26,929091    <br>   longitu   -48,945667]]></description>
        <styleUrl>#icon-1899-DB4436</styleUrl>
        <Point>
          <coordinates>
            -48.945667,-26.929091,0
          </coordinates>
        </Point>
      </Placemark>
      <Placemark>
        <name>14,577</name>
        <description><![CDATA[Rua João Silvino da Cunha    <br>       <br>   FID   1546    <br>   sequencia   1547    <br>   cota   14,58    <br>   refer_1   Rua João Silvino da Cunha    <br>   refer_2   Rua 25 de Julho    <br>   bairro   Sete de Setembro    <br>   coord_x   704481,231459    <br>   coord_y   7019821,97111    <br>   latitude   -26,928475    <br>   longitu   -48,940578]]></description>
        <styleUrl>#icon-1899-DB4436</styleUrl>
        <Point>
          <coordinates>
            -48.940578,-26.928475,0
          </coordinates>
        </Point>
      </Placemark>
      <Placemark>
        <name>14,709</name>
        <description><![CDATA[Rua João Silvino da Cunha    <br>       <br>   FID   1547    <br>   sequencia   1548    <br>   cota   14,71    <br>   refer_1   Rua João Silvino da Cunha    <br>   refer_2   565    <br>   bairro   Sete de Setembro    <br>   coord_x   704419,628098    <br>   coord_y   7019691,80706    <br>   latitude   -26,929659    <br>   longitu   -48,941177]]></description>
        <styleUrl>#icon-1899-DB4436</styleUrl>
        <Point>
          <coordinates>
            -48.941177,-26.929659,0
          </coordinates>
        </Point>
      </Placemark>
      <Placemark>
        <name>14,043</name>
        <description><![CDATA[Rua José Krauss    <br>       <br>   FID   1548    <br>   sequencia   1549    <br>   cota   14,04    <br>   refer_1   Rua José Krauss    <br>   refer_2   55    <br>   bairro   Sete de Setembro    <br>   coord_x   703740,410645    <br>   coord_y   7019776,8368    <br>   latitude   -26,928991    <br>   longitu   -48,948028]]></description>
        <styleUrl>#icon-1899-DB4436</styleUrl>
        <Point>
          <coordinates>
            -48.948028,-26.928991,0
          </coordinates>
        </Point>
      </Placemark>
      <Placemark>
        <name>13,223</name>
        <description><![CDATA[Rua José Marcos Pereira    <br>       <br>   FID   1549    <br>   sequencia   1550    <br>   cota   13,22    <br>   refer_1   Rua José Marcos Pereira    <br>   refer_2   21    <br>   bairro   Sete de Setembro    <br>   coord_x   704013,158392    <br>   coord_y   7020000,31585    <br>   latitude   -26,926935    <br>   longitu   -48,945319]]></description>
        <styleUrl>#icon-1899-DB4436</styleUrl>
        <Point>
          <coordinates>
            -48.945319,-26.926935,0
          </coordinates>
        </Point>
      </Placemark>
      <Placemark>
        <name>10,224</name>
        <description><![CDATA[Rua José Schwartz    <br>       <br>   FID   1550    <br>   sequencia   1551    <br>   cota   10,22    <br>   refer_1   Rua José Schwartz    <br>   refer_2   Sem residências    <br>   bairro   Sete de Setembro    <br>   coord_x   703423,852589    <br>   coord_y   7020037,52703    <br>   latitude   -26,926685    <br>   longitu   -48,951257]]></description>
        <styleUrl>#icon-1899-DB4436</styleUrl>
        <Point>
          <coordinates>
            -48.951257,-26.926685,0
          </coordinates>
        </Point>
      </Placemark>
      <Placemark>
        <name>10,376</name>
        <description><![CDATA[Rua José Schwartz    <br>       <br>   FID   1551    <br>   sequencia   1552    <br>   cota   10,38    <br>   refer_1   Rua José Schwartz    <br>   refer_2   Rua Itajaí    <br>   bairro   Sete de Setembro    <br>   coord_x   703309,183202    <br>   coord_y   7020058,04845    <br>   latitude   -26,926517    <br>   longitu   -48,952414]]></description>
        <styleUrl>#icon-1899-DB4436</styleUrl>
        <Point>
          <coordinates>
            -48.952414,-26.926517,0
          </coordinates>
        </Point>
      </Placemark>
      <Placemark>
        <name>10,612</name>
        <description><![CDATA[Rua José Schwartz    <br>       <br>   FID   1552    <br>   sequencia   1553    <br>   cota   10,61    <br>   refer_1   Rua José Schwartz    <br>   refer_2   101    <br>   bairro   Sete de Setembro    <br>   coord_x   703555,688521    <br>   coord_y   7019961,00563    <br>   latitude   -26,927357    <br>   longitu   -48,949917]]></description>
        <styleUrl>#icon-1899-DB4436</styleUrl>
        <Point>
          <coordinates>
            -48.949917,-26.927357,0
          </coordinates>
        </Point>
      </Placemark>
      <Placemark>
        <name>11,11</name>
        <description><![CDATA[Rua José Schwartz    <br>       <br>   FID   1553    <br>   sequencia   1554    <br>   cota   11,11    <br>   refer_1   Rua José Schwartz    <br>   refer_2   Rua Bertholdo Bornhausen    <br>   bairro   Sete de Setembro    <br>   coord_x   703499,574251    <br>   coord_y   7019979,65898    <br>   latitude   -26,927197    <br>   longitu   -48,950485]]></description>
        <styleUrl>#icon-1899-DB4436</styleUrl>
        <Point>
          <coordinates>
            -48.950485,-26.927197,0
          </coordinates>
        </Point>
      </Placemark>
      <Placemark>
        <name>13,65</name>
        <description><![CDATA[Rua José Schwartz    <br>       <br>   FID   1554    <br>   sequencia   1555    <br>   cota   13,65    <br>   refer_1   Rua José Schwartz    <br>   refer_2   100 metros após cruzamento com rua Bertholdo Bornhausen    <br>   bairro   Sete de Setembro    <br>   coord_x   703592,475282    <br>   coord_y   7019951,89908    <br>   latitude   -26,927433    <br>   longitu   -48,949545]]></description>
        <styleUrl>#icon-1899-DB4436</styleUrl>
        <Point>
          <coordinates>
            -48.949545,-26.927433,0
          </coordinates>
        </Point>
      </Placemark>
      <Placemark>
        <name>9,843</name>
        <description><![CDATA[Rua Lages    <br>       <br>   FID   1555    <br>   sequencia   1556    <br>   cota   9,84    <br>   refer_1   Rua Lages    <br>   refer_2   Final de rua    <br>   bairro   Sete de Setembro    <br>   coord_x   703518,296848    <br>   coord_y   7019908,99866    <br>   latitude   -26,927831    <br>   longitu   -48,950285]]></description>
        <styleUrl>#icon-1899-DB4436</styleUrl>
        <Point>
          <coordinates>
            -48.950285,-26.927831,0
          </coordinates>
        </Point>
      </Placemark>
      <Placemark>
        <name>10,665</name>
        <description><![CDATA[Rua Lages    <br>       <br>   FID   1556    <br>   sequencia   1557    <br>   cota   10,66    <br>   refer_1   Rua Lages    <br>   refer_2   40    <br>   bairro   Sete de Setembro    <br>   coord_x   703438,98953    <br>   coord_y   7019943,83284    <br>   latitude   -26,927529    <br>   longitu   -48,951089]]></description>
        <styleUrl>#icon-1899-DB4436</styleUrl>
        <Point>
          <coordinates>
            -48.951089,-26.927529,0
          </coordinates>
        </Point>
      </Placemark>
      <Placemark>
        <name>10,606</name>
        <description><![CDATA[Rua Madre Paulina    <br>       <br>   FID   1557    <br>   sequencia   1558    <br>   cota   10,61    <br>   refer_1   Rua Madre Paulina    <br>   refer_2   260 metros após número 220    <br>   bairro   Sete de Setembro    <br>   coord_x   704704,619464    <br>   coord_y   7021231,64364    <br>   latitude   -26,915723    <br>   longitu   -48,93856]]></description>
        <styleUrl>#icon-1899-DB4436</styleUrl>
        <Point>
          <coordinates>
            -48.93856,-26.915723,0
          </coordinates>
        </Point>
      </Placemark>
      <Placemark>
        <name>11,218</name>
        <description><![CDATA[Rua Madre Paulina    <br>       <br>   FID   1558    <br>   sequencia   1559    <br>   cota   11,22    <br>   refer_1   Rua Madre Paulina    <br>   refer_2   Rua Angelina Motter    <br>   bairro   Sete de Setembro    <br>   coord_x   704831,463812    <br>   coord_y   7020808,13303    <br>   latitude   -26,919526    <br>   longitu   -48,937214]]></description>
        <styleUrl>#icon-1899-DB4436</styleUrl>
        <Point>
          <coordinates>
            -48.937214,-26.919526,0
          </coordinates>
        </Point>
      </Placemark>
      <Placemark>
        <name>11,808</name>
        <description><![CDATA[Rua Madre Paulina    <br>       <br>   FID   1559    <br>   sequencia   1560    <br>   cota   11,81    <br>   refer_1   Rua Madre Paulina    <br>   refer_2   à 60 metros após número 220    <br>   bairro   Sete de Setembro    <br>   coord_x   704729,648322    <br>   coord_y   7021435,36114    <br>   latitude   -26,913882    <br>   longitu   -48,938342]]></description>
        <styleUrl>#icon-1899-DB4436</styleUrl>
        <Point>
          <coordinates>
            -48.938342,-26.913882,0
          </coordinates>
        </Point>
      </Placemark>
      <Placemark>
        <name>12,158</name>
        <description><![CDATA[Rua Madre Paulina    <br>       <br>   FID   1560    <br>   sequencia   1561    <br>   cota   12,16    <br>   refer_1   Rua Madre Paulina    <br>   refer_2   100    <br>   bairro   Sete de Setembro    <br>   coord_x   704744,498115    <br>   coord_y   7021569,63993    <br>   latitude   -26,912668    <br>   longitu   -48,938214]]></description>
        <styleUrl>#icon-1899-DB4436</styleUrl>
        <Point>
          <coordinates>
            -48.938214,-26.912668,0
          </coordinates>
        </Point>
      </Placemark>
      <Placemark>
        <name>12,668</name>
        <description><![CDATA[Rua Madre Paulina    <br>       <br>   FID   1561    <br>   sequencia   1562    <br>   cota   12,67    <br>   refer_1   Rua Madre Paulina    <br>   refer_2   Meio do morro    <br>   bairro   Sete de Setembro    <br>   coord_x   704750,694648    <br>   coord_y   7020815,25872    <br>   latitude   -26,919474    <br>   longitu   -48,938028]]></description>
        <styleUrl>#icon-1899-DB4436</styleUrl>
        <Point>
          <coordinates>
            -48.938028,-26.919474,0
          </coordinates>
        </Point>
      </Placemark>
      <Placemark>
        <name>13,335</name>
        <description><![CDATA[Rua Madre Paulina    <br>       <br>   FID   1562    <br>   sequencia   1563    <br>   cota   13,34    <br>   refer_1   Rua Madre Paulina    <br>   refer_2   Perto meio do morro    <br>   bairro   Sete de Setembro    <br>   coord_x   704707,555555    <br>   coord_y   7020815,42636    <br>   latitude   -26,919478    <br>   longitu   -48,938463]]></description>
        <styleUrl>#icon-1899-DB4436</styleUrl>
        <Point>
          <coordinates>
            -48.938463,-26.919478,0
          </coordinates>
        </Point>
      </Placemark>
      <Placemark>
        <name>13,867</name>
        <description><![CDATA[Rua Madre Paulina    <br>       <br>   FID   1563    <br>   sequencia   1564    <br>   cota   13,87    <br>   refer_1   Rua Madre Paulina    <br>   refer_2   111    <br>   bairro   Sete de Setembro    <br>   coord_x   704671,576594    <br>   coord_y   7020824,52365    <br>   latitude   -26,919402    <br>   longitu   -48,938826]]></description>
        <styleUrl>#icon-1899-DB4436</styleUrl>
        <Point>
          <coordinates>
            -48.938826,-26.919402,0
          </coordinates>
        </Point>
      </Placemark>
      <Placemark>
        <name>8,873</name>
        <description><![CDATA[Rua Manoel Bittencourt    <br>       <br>   FID   1564    <br>   sequencia   1565    <br>   cota   8,87    <br>   refer_1   Rua Manoel Bittencourt    <br>   refer_2   Meio do trecho entre as ruas Oriente e Clara Bittencourt    <br>   bairro   Sete de Setembro    <br>   coord_x   704938,829646    <br>   coord_y   7020077,62042    <br>   latitude   -26,926101    <br>   longitu   -48,936013]]></description>
        <styleUrl>#icon-1899-DB4436</styleUrl>
        <Point>
          <coordinates>
            -48.936013,-26.926101,0
          </coordinates>
        </Point>
      </Placemark>
      <Placemark>
        <name>9,454</name>
        <description><![CDATA[Rua Manoel Bittencourt    <br>       <br>   FID   1565    <br>   sequencia   1566    <br>   cota   9,45    <br>   refer_1   Rua Manoel Bittencourt    <br>   refer_2   Rua Oriente    <br>   bairro   Sete de Setembro    <br>   coord_x   704858,091432    <br>   coord_y   7020057,29437    <br>   latitude   -26,926297    <br>   longitu   -48,936823]]></description>
        <styleUrl>#icon-1899-DB4436</styleUrl>
        <Point>
          <coordinates>
            -48.936823,-26.926297,0
          </coordinates>
        </Point>
      </Placemark>
      <Placemark>
        <name>9,603</name>
        <description><![CDATA[Rua Manoel Bittencourt    <br>       <br>   FID   1566    <br>   sequencia   1567    <br>   cota   9,60    <br>   refer_1   Rua Manoel Bittencourt    <br>   refer_2   625    <br>   bairro   Sete de Setembro    <br>   coord_x   704829,359815    <br>   coord_y   7020047,4006    <br>   latitude   -26,92639    <br>   longitu   -48,93711]]></description>
        <styleUrl>#icon-1899-DB4436</styleUrl>
        <Point>
          <coordinates>
            -48.93711,-26.92639,0
          </coordinates>
        </Point>
      </Placemark>
      <Placemark>
        <name>9,992</name>
        <description><![CDATA[Rua Manoel Bittencourt    <br>       <br>   FID   1567    <br>   sequencia   1568    <br>   cota   9,99    <br>   refer_1   Rua Manoel Bittencourt    <br>   refer_2   Rua Stanke    <br>   bairro   Sete de Setembro    <br>   coord_x   704660,081576    <br>   coord_y   7019997,02588    <br>   latitude   -26,92687    <br>   longitu   -48,938806]]></description>
        <styleUrl>#icon-1899-DB4436</styleUrl>
        <Point>
          <coordinates>
            -48.938806,-26.92687,0
          </coordinates>
        </Point>
      </Placemark>
      <Placemark>
        <name>10,101</name>
        <description><![CDATA[Rua Manoel Bittencourt    <br>       <br>   FID   1568    <br>   sequencia   1569    <br>   cota   10,10    <br>   refer_1   Rua Manoel Bittencourt    <br>   refer_2   556    <br>   bairro   Sete de Setembro    <br>   coord_x   704719,854865    <br>   coord_y   7020015,7362    <br>   latitude   -26,926692    <br>   longitu   -48,938208]]></description>
        <styleUrl>#icon-1899-DB4436</styleUrl>
        <Point>
          <coordinates>
            -48.938208,-26.926692,0
          </coordinates>
        </Point>
      </Placemark>
      <Placemark>
        <name>10,158</name>
        <description><![CDATA[Rua Manoel Bittencourt    <br>       <br>   FID   1569    <br>   sequencia   1570    <br>   cota   10,16    <br>   refer_1   Rua Manoel Bittencourt    <br>   refer_2   Rua Arnoldo Bernadino de Souza    <br>   bairro   Sete de Setembro    <br>   coord_x   704793,654414    <br>   coord_y   7020032,56574    <br>   latitude   -26,926529    <br>   longitu   -48,937467]]></description>
        <styleUrl>#icon-1899-DB4436</styleUrl>
        <Point>
          <coordinates>
            -48.937467,-26.926529,0
          </coordinates>
        </Point>
      </Placemark>
      <Placemark>
        <name>10,681</name>
        <description><![CDATA[Rua Manoel Bittencourt    <br>       <br>   FID   1570    <br>   sequencia   1571    <br>   cota   10,68    <br>   refer_1   Rua Manoel Bittencourt    <br>   refer_2   Rua Ignês Hilária Schneider    <br>   bairro   Sete de Setembro    <br>   coord_x   704581,527019    <br>   coord_y   7019994,86205    <br>   latitude   -26,926901    <br>   longitu   -48,939597]]></description>
        <styleUrl>#icon-1899-DB4436</styleUrl>
        <Point>
          <coordinates>
            -48.939597,-26.926901,0
          </coordinates>
        </Point>
      </Placemark>
      <Placemark>
        <name>10,732</name>
        <description><![CDATA[Rua Manoel Bittencourt    <br>       <br>   FID   1571    <br>   sequencia   1572    <br>   cota   10,73    <br>   refer_1   Rua Manoel Bittencourt    <br>   refer_2   Rua João Silvino da Cunha    <br>   bairro   Sete de Setembro    <br>   coord_x   704512,593444    <br>   coord_y   7019971,90303    <br>   latitude   -26,927118    <br>   longitu   -48,940287]]></description>
        <styleUrl>#icon-1899-DB4436</styleUrl>
        <Point>
          <coordinates>
            -48.940287,-26.927118,0
          </coordinates>
        </Point>
      </Placemark>
      <Placemark>
        <name>11,289</name>
        <description><![CDATA[Rua Manoel Bittencourt    <br>       <br>   FID   1572    <br>   sequencia   1573    <br>   cota   11,29    <br>   refer_1   Rua Manoel Bittencourt    <br>   refer_2   345    <br>   bairro   Sete de Setembro    <br>   coord_x   704470,41986    <br>   coord_y   7019977,0972    <br>   latitude   -26,927077    <br>   longitu   -48,940712]]></description>
        <styleUrl>#icon-1899-DB4436</styleUrl>
        <Point>
          <coordinates>
            -48.940712,-26.927077,0
          </coordinates>
        </Point>
      </Placemark>
      <Placemark>
        <name>11,311</name>
        <description><![CDATA[Rua Manoel Bittencourt    <br>       <br>   FID   1573    <br>   sequencia   1574    <br>   cota   11,31    <br>   refer_1   Rua Manoel Bittencourt    <br>   refer_2   241    <br>   bairro   Sete de Setembro    <br>   coord_x   704390,24098    <br>   coord_y   7019980,24483    <br>   latitude   -26,927061    <br>   longitu   -48,94152]]></description>
        <styleUrl>#icon-1899-DB4436</styleUrl>
        <Point>
          <coordinates>
            -48.94152,-26.927061,0
          </coordinates>
        </Point>
      </Placemark>
      <Placemark>
        <name>11,927</name>
        <description><![CDATA[Rua Manoel Bittencourt    <br>       <br>   FID   1574    <br>   sequencia   1575    <br>   cota   11,93    <br>   refer_1   Rua Manoel Bittencourt    <br>   refer_2   169    <br>   bairro   Sete de Setembro    <br>   coord_x   704287,672947    <br>   coord_y   7019997,96014    <br>   latitude   -26,926916    <br>   longitu   -48,942555]]></description>
        <styleUrl>#icon-1899-DB4436</styleUrl>
        <Point>
          <coordinates>
            -48.942555,-26.926916,0
          </coordinates>
        </Point>
      </Placemark>
      <Placemark>
        <name>12,419</name>
        <description><![CDATA[Rua Manoel Bittencourt    <br>       <br>   FID   1575    <br>   sequencia   1576    <br>   cota   12,42    <br>   refer_1   Rua Manoel Bittencourt    <br>   refer_2   95    <br>   bairro   Sete de Setembro    <br>   coord_x   704210,470527    <br>   coord_y   7020024,47334    <br>   latitude   -26,926688    <br>   longitu   -48,943336]]></description>
        <styleUrl>#icon-1899-DB4436</styleUrl>
        <Point>
          <coordinates>
            -48.943336,-26.926688,0
          </coordinates>
        </Point>
      </Placemark>
      <Placemark>
        <name>13,65</name>
        <description><![CDATA[Rua Manoel Bittencourt    <br>       <br>   FID   1576    <br>   sequencia   1577    <br>   cota   13,65    <br>   refer_1   Rua Manoel Bittencourt    <br>   refer_2   811    <br>   bairro   Sete de Setembro    <br>   coord_x   705085,605185    <br>   coord_y   7020080,29979    <br>   latitude   -26,926056    <br>   longitu   -48,934537]]></description>
        <styleUrl>#icon-1899-DB4436</styleUrl>
        <Point>
          <coordinates>
            -48.934537,-26.926056,0
          </coordinates>
        </Point>
      </Placemark>
      <Placemark>
        <name>13,922</name>
        <description><![CDATA[Rua Manoel Bittencourt    <br>       <br>   FID   1577    <br>   sequencia   1578    <br>   cota   13,92    <br>   refer_1   Rua Manoel Bittencourt    <br>   refer_2   Rua 7 de Setembro    <br>   bairro   Sete de Setembro    <br>   coord_x   704118,652218    <br>   coord_y   7020052,92352    <br>   latitude   -26,926445    <br>   longitu   -48,944265]]></description>
        <styleUrl>#icon-1899-DB4436</styleUrl>
        <Point>
          <coordinates>
            -48.944265,-26.926445,0
          </coordinates>
        </Point>
      </Placemark>
      <Placemark>
        <name>12,239</name>
        <description><![CDATA[Rua Minas Gerais    <br>       <br>   FID   1578    <br>   sequencia   1579    <br>   cota   12,24    <br>   refer_1   Rua Minas Gerais    <br>   refer_2   110    <br>   bairro   Sete de Setembro    <br>   coord_x   703978,18688    <br>   coord_y   7019859,6864    <br>   latitude   -26,928209    <br>   longitu   -48,945648]]></description>
        <styleUrl>#icon-1899-DB4436</styleUrl>
        <Point>
          <coordinates>
            -48.945648,-26.928209,0
          </coordinates>
        </Point>
      </Placemark>
      <Placemark>
        <name>14,522</name>
        <description><![CDATA[Rua Minas Gerais    <br>       <br>   FID   1579    <br>   sequencia   1580    <br>   cota   14,52    <br>   refer_1   Rua Minas Gerais    <br>   refer_2   20    <br>   bairro   Sete de Setembro    <br>   coord_x   704059,203017    <br>   coord_y   7019925,70663    <br>   latitude   -26,927601    <br>   longitu   -48,944843]]></description>
        <styleUrl>#icon-1899-DB4436</styleUrl>
        <Point>
          <coordinates>
            -48.944843,-26.927601,0
          </coordinates>
        </Point>
      </Placemark>
      <Placemark>
        <name>13,106</name>
        <description><![CDATA[Rua Navegantes    <br>       <br>   FID   1580    <br>   sequencia   1581    <br>   cota   13,11    <br>   refer_1   Rua Navegantes    <br>   refer_2   32    <br>   bairro   Sete de Setembro    <br>   coord_x   704089,318158    <br>   coord_y   7019937,93794    <br>   latitude   -26,927487    <br>   longitu   -48,944542]]></description>
        <styleUrl>#icon-1899-DB4436</styleUrl>
        <Point>
          <coordinates>
            -48.944542,-26.927487,0
          </coordinates>
        </Point>
      </Placemark>
      <Placemark>
        <name>9,572</name>
        <description><![CDATA[Rua Nelson Becher    <br>       <br>   FID   1581    <br>   sequencia   1582    <br>   cota   9,57    <br>   refer_1   Rua Nelson Becher    <br>   refer_2   515    <br>   bairro   Sete de Setembro    <br>   coord_x   704849,705369    <br>   coord_y   7020593,97629    <br>   latitude   -26,921456    <br>   longitu   -48,936995]]></description>
        <styleUrl>#icon-1899-DB4436</styleUrl>
        <Point>
          <coordinates>
            -48.936995,-26.921456,0
          </coordinates>
        </Point>
      </Placemark>
      <Placemark>
        <name>8,542</name>
        <description><![CDATA[Rua Oriente    <br>       <br>   FID   1582    <br>   sequencia   1583    <br>   cota   8,54    <br>   refer_1   Rua Oriente    <br>   refer_2   338    <br>   bairro   Sete de Setembro    <br>   coord_x   704876,693721    <br>   coord_y   7020388,99887    <br>   latitude   -26,923301    <br>   longitu   -48,93669]]></description>
        <styleUrl>#icon-1899-DB4436</styleUrl>
        <Point>
          <coordinates>
            -48.93669,-26.923301,0
          </coordinates>
        </Point>
      </Placemark>
      <Placemark>
        <name>8,562</name>
        <description><![CDATA[Rua Oriente    <br>       <br>   FID   1583    <br>   sequencia   1584    <br>   cota   8,56    <br>   refer_1   Rua Oriente    <br>   refer_2   390    <br>   bairro   Sete de Setembro    <br>   coord_x   704878,572312    <br>   coord_y   7020455,99978    <br>   latitude   -26,922696    <br>   longitu   -48,936682]]></description>
        <styleUrl>#icon-1899-DB4436</styleUrl>
        <Point>
          <coordinates>
            -48.936682,-26.922696,0
          </coordinates>
        </Point>
      </Placemark>
      <Placemark>
        <name>8,643</name>
        <description><![CDATA[Rua Oriente    <br>       <br>   FID   1584    <br>   sequencia   1585    <br>   cota   8,64    <br>   refer_1   Rua Oriente    <br>   refer_2   250    <br>   bairro   Sete de Setembro    <br>   coord_x   704873,863468    <br>   coord_y   7020316,36174    <br>   latitude   -26,923957    <br>   longitu   -48,936707]]></description>
        <styleUrl>#icon-1899-DB4436</styleUrl>
        <Point>
          <coordinates>
            -48.936707,-26.923957,0
          </coordinates>
        </Point>
      </Placemark>
      <Placemark>
        <name>8,885</name>
        <description><![CDATA[Rua Oriente    <br>       <br>   FID   1585    <br>   sequencia   1586    <br>   cota   8,88    <br>   refer_1   Rua Oriente    <br>   refer_2   476    <br>   bairro   Sete de Setembro    <br>   coord_x   704883,019469    <br>   coord_y   7020537,78717    <br>   latitude   -26,921958    <br>   longitu   -48,936651]]></description>
        <styleUrl>#icon-1899-DB4436</styleUrl>
        <Point>
          <coordinates>
            -48.936651,-26.921958,0
          </coordinates>
        </Point>
      </Placemark>
      <Placemark>
        <name>8,915</name>
        <description><![CDATA[Rua Oriente    <br>       <br>   FID   1586    <br>   sequencia   1587    <br>   cota   8,91    <br>   refer_1   Rua Oriente    <br>   refer_2   184    <br>   bairro   Sete de Setembro    <br>   coord_x   704870,757515    <br>   coord_y   7020242,3747    <br>   latitude   -26,924625    <br>   longitu   -48,936726]]></description>
        <styleUrl>#icon-1899-DB4436</styleUrl>
        <Point>
          <coordinates>
            -48.936726,-26.924625,0
          </coordinates>
        </Point>
      </Placemark>
      <Placemark>
        <name>8,925</name>
        <description><![CDATA[Rua Oriente    <br>       <br>   FID   1587    <br>   sequencia   1588    <br>   cota   8,93    <br>   refer_1   Rua Oriente    <br>   refer_2   101    <br>   bairro   Sete de Setembro    <br>   coord_x   704865,573969    <br>   coord_y   7020162,87191    <br>   latitude   -26,925343    <br>   longitu   -48,936765]]></description>
        <styleUrl>#icon-1899-DB4436</styleUrl>
        <Point>
          <coordinates>
            -48.936765,-26.925343,0
          </coordinates>
        </Point>
      </Placemark>
      <Placemark>
        <name>8,946</name>
        <description><![CDATA[Rua Oriente    <br>       <br>   FID   1588    <br>   sequencia   1589    <br>   cota   8,95    <br>   refer_1   Rua Oriente    <br>   refer_2   Rua Nelson Becher    <br>   bairro   Sete de Setembro    <br>   coord_x   704880,693153    <br>   coord_y   7020587,32217    <br>   latitude   -26,921511    <br>   longitu   -48,936682]]></description>
        <styleUrl>#icon-1899-DB4436</styleUrl>
        <Point>
          <coordinates>
            -48.936682,-26.921511,0
          </coordinates>
        </Point>
      </Placemark>
      <Placemark>
        <name>9,038</name>
        <description><![CDATA[Rua Oriente    <br>       <br>   FID   1589    <br>   sequencia   1590    <br>   cota   9,04    <br>   refer_1   Rua Oriente    <br>   refer_2   98    <br>   bairro   Sete de Setembro    <br>   coord_x   704862,328478    <br>   coord_y   7020146,17897    <br>   latitude   -26,925494    <br>   longitu   -48,936795]]></description>
        <styleUrl>#icon-1899-DB4436</styleUrl>
        <Point>
          <coordinates>
            -48.936795,-26.925494,0
          </coordinates>
        </Point>
      </Placemark>
      <Placemark>
        <name>9,167</name>
        <description><![CDATA[Rua Oriente    <br>       <br>   FID   1590    <br>   sequencia   1591    <br>   cota   9,17    <br>   refer_1   Rua Oriente    <br>   refer_2   20    <br>   bairro   Sete de Setembro    <br>   coord_x   704862,847202    <br>   coord_y   7020103,73709    <br>   latitude   -26,925877    <br>   longitu   -48,936783]]></description>
        <styleUrl>#icon-1899-DB4436</styleUrl>
        <Point>
          <coordinates>
            -48.936783,-26.925877,0
          </coordinates>
        </Point>
      </Placemark>
      <Placemark>
        <name>9,388</name>
        <description><![CDATA[Rua Oriente    <br>       <br>   FID   1591    <br>   sequencia   1592    <br>   cota   9,39    <br>   refer_1   Rua Oriente    <br>   refer_2   649    <br>   bairro   Sete de Setembro    <br>   coord_x   704884,123081    <br>   coord_y   7020680,46595    <br>   latitude   -26,92067    <br>   longitu   -48,936663]]></description>
        <styleUrl>#icon-1899-DB4436</styleUrl>
        <Point>
          <coordinates>
            -48.936663,-26.92067,0
          </coordinates>
        </Point>
      </Placemark>
      <Placemark>
        <name>9,491</name>
        <description><![CDATA[Rua Oriente    <br>       <br>   FID   1592    <br>   sequencia   1593    <br>   cota   9,49    <br>   refer_1   Rua Oriente    <br>   refer_2   565    <br>   bairro   Sete de Setembro    <br>   coord_x   704886,191863    <br>   coord_y   7020623,20406    <br>   latitude   -26,921186    <br>   longitu   -48,936633]]></description>
        <styleUrl>#icon-1899-DB4436</styleUrl>
        <Point>
          <coordinates>
            -48.936633,-26.921186,0
          </coordinates>
        </Point>
      </Placemark>
      <Placemark>
        <name>9,82</name>
        <description><![CDATA[Rua Oriente    <br>       <br>   FID   1593    <br>   sequencia   1594    <br>   cota   9,82    <br>   refer_1   Rua Oriente    <br>   refer_2   701    <br>   bairro   Sete de Setembro    <br>   coord_x   704894,381776    <br>   coord_y   7020769,27376    <br>   latitude   -26,919867    <br>   longitu   -48,936574]]></description>
        <styleUrl>#icon-1899-DB4436</styleUrl>
        <Point>
          <coordinates>
            -48.936574,-26.919867,0
          </coordinates>
        </Point>
      </Placemark>
      <Placemark>
        <name>10,79</name>
        <description><![CDATA[Rua Oriente    <br>       <br>   FID   1594    <br>   sequencia   1595    <br>   cota   10,79    <br>   refer_1   Rua Oriente    <br>   refer_2   715    <br>   bairro   Sete de Setembro    <br>   coord_x   704894,490602    <br>   coord_y   7020788,11023    <br>   latitude   -26,919697    <br>   longitu   -48,936576]]></description>
        <styleUrl>#icon-1899-DB4436</styleUrl>
        <Point>
          <coordinates>
            -48.936576,-26.919697,0
          </coordinates>
        </Point>
      </Placemark>
      <Placemark>
        <name>13,65</name>
        <description><![CDATA[Rua Oriente    <br>       <br>   FID   1595    <br>   sequencia   1596    <br>   cota   13,65    <br>   refer_1   Rua Oriente    <br>   refer_2   Final de rua    <br>   bairro   Sete de Setembro    <br>   coord_x   704894,739894    <br>   coord_y   7020802,02952    <br>   latitude   -26,919572    <br>   longitu   -48,936576]]></description>
        <styleUrl>#icon-1899-DB4436</styleUrl>
        <Point>
          <coordinates>
            -48.936576,-26.919572,0
          </coordinates>
        </Point>
      </Placemark>
      <Placemark>
        <name>12,499</name>
        <description><![CDATA[Rua Pedro Wan-Dall    <br>       <br>   FID   1596    <br>   sequencia   1597    <br>   cota   12,50    <br>   refer_1   Rua Pedro Wan-Dall    <br>   refer_2   165    <br>   bairro   Sete de Setembro    <br>   coord_x   704275,240364    <br>   coord_y   7021276,8359    <br>   latitude   -26,915379    <br>   longitu   -48,942889]]></description>
        <styleUrl>#icon-1899-DB4436</styleUrl>
        <Point>
          <coordinates>
            -48.942889,-26.915379,0
          </coordinates>
        </Point>
      </Placemark>
      <Placemark>
        <name>10,669</name>
        <description><![CDATA[Rua Prefeito Júlio Schramm    <br>       <br>   FID   1597    <br>   sequencia   1598    <br>   cota   10,67    <br>   refer_1   Rua Prefeito Júlio Schramm    <br>   refer_2   Rua Helmuth Becker    <br>   bairro   Sete de Setembro    <br>   coord_x   705017,863994    <br>   coord_y   7019529,83417    <br>   latitude   -26,931032    <br>   longitu   -48,935128]]></description>
        <styleUrl>#icon-1899-DB4436</styleUrl>
        <Point>
          <coordinates>
            -48.935128,-26.931032,0
          </coordinates>
        </Point>
      </Placemark>
      <Placemark>
        <name>11,039</name>
        <description><![CDATA[Rua Prefeito Júlio Schramm    <br>       <br>   FID   1598    <br>   sequencia   1599    <br>   cota   11,04    <br>   refer_1   Rua Prefeito Júlio Schramm    <br>   refer_2   à 20 metros antes da rua Helmuth Becker    <br>   bairro   Sete de Setembro    <br>   coord_x   704995,349133    <br>   coord_y   7019523,19003    <br>   latitude   -26,931096    <br>   longitu   -48,935353]]></description>
        <styleUrl>#icon-1899-DB4436</styleUrl>
        <Point>
          <coordinates>
            -48.935353,-26.931096,0
          </coordinates>
        </Point>
      </Placemark>
      <Placemark>
        <name>12,1</name>
        <description><![CDATA[Rua Prefeito Júlio Schramm    <br>       <br>   FID   1599    <br>   sequencia   1600    <br>   cota   12,10    <br>   refer_1   Rua Prefeito Júlio Schramm    <br>   refer_2   Rua Engelberto Schramm    <br>   bairro   Sete de Setembro    <br>   coord_x   704949,883558    <br>   coord_y   7019513,98459    <br>   latitude   -26,931185    <br>   longitu   -48,93581]]></description>
        <styleUrl>#icon-1899-DB4436</styleUrl>
        <Point>
          <coordinates>
            -48.93581,-26.931185,0
          </coordinates>
        </Point>
      </Placemark>
      <Placemark>
        <name>12,295</name>
        <description><![CDATA[Rua Prefeito Júlio Schramm    <br>       <br>   FID   1600    <br>   sequencia   1601    <br>   cota   12,30    <br>   refer_1   Rua Prefeito Júlio Schramm    <br>   refer_2   555    <br>   bairro   Sete de Setembro    <br>   coord_x   704911,698912    <br>   coord_y   7019507,98151    <br>   latitude   -26,931245    <br>   longitu   -48,936193]]></description>
        <styleUrl>#icon-1899-DB4436</styleUrl>
        <Point>
          <coordinates>
            -48.936193,-26.931245,0
          </coordinates>
        </Point>
      </Placemark>
      <Placemark>
        <name>12,358</name>
        <description><![CDATA[Rua Prefeito Júlio Schramm    <br>       <br>   FID   1601    <br>   sequencia   1602    <br>   cota   12,36    <br>   refer_1   Rua Prefeito Júlio Schramm    <br>   refer_2   Rua Helena Debortoli    <br>   bairro   Sete de Setembro    <br>   coord_x   704868,651702    <br>   coord_y   7019505,17442    <br>   latitude   -26,931277    <br>   longitu   -48,936626]]></description>
        <styleUrl>#icon-1899-DB4436</styleUrl>
        <Point>
          <coordinates>
            -48.936626,-26.931277,0
          </coordinates>
        </Point>
      </Placemark>
      <Placemark>
        <name>13,066</name>
        <description><![CDATA[Rua Prefeito Júlio Schramm    <br>       <br>   FID   1602    <br>   sequencia   1603    <br>   cota   13,07    <br>   refer_1   Rua Prefeito Júlio Schramm    <br>   refer_2   Rua Vereador Gilberto Francisco Sabel    <br>   bairro   Sete de Setembro    <br>   coord_x   704791,108648    <br>   coord_y   7019502,95092    <br>   latitude   -26,931308    <br>   longitu   -48,937406]]></description>
        <styleUrl>#icon-1899-DB4436</styleUrl>
        <Point>
          <coordinates>
            -48.937406,-26.931308,0
          </coordinates>
        </Point>
      </Placemark>
      <Placemark>
        <name>13,411</name>
        <description><![CDATA[Rua Prefeito Júlio Schramm    <br>       <br>   FID   1603    <br>   sequencia   1604    <br>   cota   13,41    <br>   refer_1   Rua Prefeito Júlio Schramm    <br>   refer_2   437    <br>   bairro   Sete de Setembro    <br>   coord_x   704757,913261    <br>   coord_y   7019502,29909    <br>   latitude   -26,931319    <br>   longitu   -48,93774]]></description>
        <styleUrl>#icon-1899-DB4436</styleUrl>
        <Point>
          <coordinates>
            -48.93774,-26.931319,0
          </coordinates>
        </Point>
      </Placemark>
      <Placemark>
        <name>14,285</name>
        <description><![CDATA[Rua Prefeito Júlio Schramm    <br>       <br>   FID   1604    <br>   sequencia   1605    <br>   cota   14,29    <br>   refer_1   Rua Prefeito Júlio Schramm    <br>   refer_2   Rua Vereador Fernando da Costa Marques    <br>   bairro   Sete de Setembro    <br>   coord_x   704717,473688    <br>   coord_y   7019500,88219    <br>   latitude   -26,931338    <br>   longitu   -48,938147]]></description>
        <styleUrl>#icon-1899-DB4436</styleUrl>
        <Point>
          <coordinates>
            -48.938147,-26.931338,0
          </coordinates>
        </Point>
      </Placemark>
      <Placemark>
        <name>10,51</name>
        <description><![CDATA[Rua Stanke    <br>       <br>   FID   1605    <br>   sequencia   1606    <br>   cota   10,51    <br>   refer_1   Rua Stanke    <br>   refer_2   à 70 metros do início da rua    <br>   bairro   Sete de Setembro    <br>   coord_x   704649,386163    <br>   coord_y   7019929,54571    <br>   latitude   -26,92748    <br>   longitu   -48,938903]]></description>
        <styleUrl>#icon-1899-DB4436</styleUrl>
        <Point>
          <coordinates>
            -48.938903,-26.92748,0
          </coordinates>
        </Point>
      </Placemark>
      <Placemark>
        <name>10,723</name>
        <description><![CDATA[Rua Stanke    <br>       <br>   FID   1606    <br>   sequencia   1607    <br>   cota   10,72    <br>   refer_1   Rua Stanke    <br>   refer_2   99    <br>   bairro   Sete de Setembro    <br>   coord_x   704649,815903    <br>   coord_y   7019878,68175    <br>   latitude   -26,927939    <br>   longitu   -48,93889]]></description>
        <styleUrl>#icon-1899-DB4436</styleUrl>
        <Point>
          <coordinates>
            -48.93889,-26.927939,0
          </coordinates>
        </Point>
      </Placemark>
      <Placemark>
        <name>11,979</name>
        <description><![CDATA[Rua Stanke    <br>       <br>   FID   1607    <br>   sequencia   1608    <br>   cota   11,98    <br>   refer_1   Rua Stanke    <br>   refer_2   179    <br>   bairro   Sete de Setembro    <br>   coord_x   704647,017002    <br>   coord_y   7019820,711    <br>   latitude   -26,928462    <br>   longitu   -48,938909]]></description>
        <styleUrl>#icon-1899-DB4436</styleUrl>
        <Point>
          <coordinates>
            -48.938909,-26.928462,0
          </coordinates>
        </Point>
      </Placemark>
      <Placemark>
        <name>13,885</name>
        <description><![CDATA[Rua Stanke    <br>       <br>   FID   1608    <br>   sequencia   1609    <br>   cota   13,89    <br>   refer_1   Rua Stanke    <br>   refer_2   225    <br>   bairro   Sete de Setembro    <br>   coord_x   704646,944442    <br>   coord_y   7019754,26128    <br>   latitude   -26,929062    <br>   longitu   -48,938899]]></description>
        <styleUrl>#icon-1899-DB4436</styleUrl>
        <Point>
          <coordinates>
            -48.938899,-26.929062,0
          </coordinates>
        </Point>
      </Placemark>
      <Placemark>
        <name>13,428</name>
        <description><![CDATA[Rua Vereador Edmundo dos Santos    <br>       <br>   FID   1609    <br>   sequencia   1610    <br>   cota   13,43    <br>   refer_1   Rua Vereador Edmundo dos Santos    <br>   refer_2   109    <br>   bairro   Sete de Setembro    <br>   coord_x   704645,863721    <br>   coord_y   7019600,49429    <br>   latitude   -26,93045    <br>   longitu   -48,938884]]></description>
        <styleUrl>#icon-1899-DB4436</styleUrl>
        <Point>
          <coordinates>
            -48.938884,-26.93045,0
          </coordinates>
        </Point>
      </Placemark>
      <Placemark>
        <name>13,254</name>
        <description><![CDATA[Rua Vereador Fernando da Costa Marques    <br>       <br>   FID   1610    <br>   sequencia   1611    <br>   cota   13,25    <br>   refer_1   Rua Vereador Fernando da Costa Marques    <br>   refer_2   52    <br>   bairro   Sete de Setembro    <br>   coord_x   704722,857183    <br>   coord_y   7019572,29516    <br>   latitude   -26,930693    <br>   longitu   -48,938105]]></description>
        <styleUrl>#icon-1899-DB4436</styleUrl>
        <Point>
          <coordinates>
            -48.938105,-26.930693,0
          </coordinates>
        </Point>
      </Placemark>
      <Placemark>
        <name>12,043</name>
        <description><![CDATA[Rua Vereador Gilberto Francisco Sabel    <br>       <br>   FID   1611    <br>   sequencia   1612    <br>   cota   12,04    <br>   refer_1   Rua Vereador Gilberto Francisco Sabel    <br>   refer_2   Próximo à Distribuidora de Conservas Ludgi    <br>   bairro   Sete de Setembro    <br>   coord_x   704799,136443    <br>   coord_y   7019570,0062    <br>   latitude   -26,930702    <br>   longitu   -48,937336]]></description>
        <styleUrl>#icon-1899-DB4436</styleUrl>
        <Point>
          <coordinates>
            -48.937336,-26.930702,0
          </coordinates>
        </Point>
      </Placemark>
      <Placemark>
        <name>13,633</name>
        <description><![CDATA[Rua Vereador Reinoldo Bornhausen    <br>       <br>   FID   1612    <br>   sequencia   1613    <br>   cota   13,63    <br>   refer_1   Rua Vereador Reinoldo Bornhausen    <br>   refer_2   95    <br>   bairro   Sete de Setembro    <br>   coord_x   704568,463239    <br>   coord_y   7019620,90068    <br>   latitude   -26,930277    <br>   longitu   -48,939667]]></description>
        <styleUrl>#icon-1899-DB4436</styleUrl>
        <Point>
          <coordinates>
            -48.939667,-26.930277,0
          </coordinates>
        </Point>
      </Placemark>
      <Placemark>
        <name>10,046</name>
        <description><![CDATA[Sem nome - Perto Rua 1° de Janeiro    <br>       <br>   FID   1613    <br>   sequencia   1614    <br>   cota   10,05    <br>   refer_1   Sem nome - Perto Rua 1° de Janeiro    <br>   refer_2   210    <br>   bairro   Sete de Setembro    <br>   coord_x   704618,862266    <br>   coord_y   7020154,86438    <br>   latitude   -26,925452    <br>   longitu   -48,939247]]></description>
        <styleUrl>#icon-1899-DB4436</styleUrl>
        <Point>
          <coordinates>
            -48.939247,-26.925452,0
          </coordinates>
        </Point>
      </Placemark>
      <Placemark>
        <name>9,297</name>
        <description><![CDATA[Sem nome - Transversal da Rua Oriente    <br>       <br>   FID   1614    <br>   sequencia   1615    <br>   cota   9,30    <br>   refer_1   Sem nome - Transversal da Rua Oriente    <br>   refer_2   61    <br>   bairro   Sete de Setembro    <br>   coord_x   704832,303044    <br>   coord_y   7020145,13451    <br>   latitude   -26,925508    <br>   longitu   -48,937097]]></description>
        <styleUrl>#icon-1899-DB4436</styleUrl>
        <Point>
          <coordinates>
            -48.937097,-26.925508,0
          </coordinates>
        </Point>
      </Placemark>
    </Folder>
  </Document>
</kml>
