{"type":"FeatureCollection","name":"carta_enchente_8m_2025_Simplificada","crs":{"type":"name","properties":{"name":"urn:ogc:def:crs:OGC:1.3:CRS84"}},"features":[{"type":"Feature","properties":{"Mancha":"Carta de enchente de 8 m de Blumenau 2025","Area_ha":607.79918,"Fonte":"Universidade Regional de Blumenau"},"geometry":{"type":"MultiPolygon","coordinates":[[[[-49.075565794731304,-26.942082973925924],[-49.07700465546984,-26.9437294355296],[-49.07644865343768,-26.94282162758621],[-49.07616730373147,-26.9426974346343],[-49.07617618233504,-26.942488216124087],[-49.07552758885094,-26.941787777965196],[-49.075565794731304,-26.942082973925924]]],[[[-49.05679246506714,-26.927827916578295],[-49.056976732482426,-26.92780511689684],[-49.05675424858372,-26.927747383051557],[-49.05679246506714,-26.927827916578295]]],[[[-49.04934817485106,-26.92702856548834],[-49.0488205051288,-26.927288746439277],[-49.048433638569506,-26.927003811890152],[-49.04877663103282,-26.927325204816057],[-49.050326382034854,-26.926897004088797],[-49.05001070829764,-26.926784664743053],[-49.04992464411286,-26.92694929234636],[-49.04955917355514,-26.927033709432976],[-49.04928146494099,-26.92673807450988],[-49.04934817485106,-26.92702856548834]]],[[[-49.04990653885047,-26.92668528689568],[-49.049982371976945,-26.926692917559745],[-49.049906180496876,-26.926641694564804],[-49.04990653885047,-26.92668528689568]]],[[[-49.05121782936493,-26.926011270526338],[-49.05099870050628,-26.92596323373753],[-49.05116301892429,-26.92622018920689],[-49.05091845276996,-26.92632507951207],[-49.050984347162306,-26.92651322481258],[-49.05051442691385,-26.926878740602397],[-49.05171315149129,-26.926027928210193],[-49.05208520004807,-26.92555460837258],[-49.05121782936493,-26.926011270526338]]],[[[-49.054671774191895,-26.92402590570479],[-49.054291071159994,-26.924333434589112],[-49.05401516201688,-26.92420476814972],[-49.05372224465438,-26.92437427032241],[-49.05262501847883,-26.92538629049228],[-49.05225309932536,-26.925505003304334],[-49.0526913633695,-26.925685037496574],[-49.05290537789321,-26.92561986650431],[-49.053117856611095,-26.925221273884254],[-49.053765828163435,-26.924654221949133],[-49.05404280706204,-26.924602771543878],[-49.054247145324375,-26.924741862861836],[-49.05429102710832,-26.92455695268763],[-49.05483644769106,-26.924311039242518],[-49.0549518761014,-26.924085627519588],[-49.05537379960042,-26.924098147543404],[-49.05565012320197,-26.92381245487971],[-49.05544270285225,-26.923731937766906],[-49.054671774191895,-26.92402590570479]]],[[[-49.069033475983076,-26.91774029366145],[-49.069146876294354,-26.917755858745355],[-49.06908083726552,-26.91769492051493],[-49.069033475983076,-26.91774029366145]]],[[[-49.06888079666058,-26.91761072840477],[-49.06899351006336,-26.917609641479597],[-49.06892081845383,-26.91756462429121],[-49.06888079666058,-26.91761072840477]]],[[[-49.06208545060813,-26.91599142660408],[-49.06215991612576,-26.915985813477704],[-49.06217423904471,-26.915942011702956],[-49.06208545060813,-26.91599142660408]]],[[[-49.06122042242057,-26.91621137700732],[-49.06184118194809,-26.916320273454104],[-49.06195952786117,-26.91626041720999],[-49.062022089899195,-26.91614025612603],[-49.06187674724151,-26.916266602005336],[-49.061471429383225,-26.916212821978405],[-49.061070033086196,-26.915951617682087],[-49.060601532815404,-26.915868463879082],[-49.06122042242057,-26.91621137700732]]],[[[-49.087459727434094,-26.910949085657315],[-49.086942013559415,-26.91087783321186],[-49.08630110046622,-26.911415997637775],[-49.08695569117731,-26.910934442282894],[-49.08760407212689,-26.910996782340483],[-49.08780835418312,-26.910942125136522],[-49.0879038222863,-26.910818368776894],[-49.087459727434094,-26.910949085657315]]],[[[-49.087941585297216,-26.910750961666015],[-49.08813131182535,-26.91052606761212],[-49.08833586973588,-26.910133655525982],[-49.088238045847,-26.910171265334608],[-49.087941585297216,-26.910750961666015]]],[[[-49.04635390147266,-26.905545436499764],[-49.04629117435454,-26.905647535324768],[-49.046448937547225,-26.9055830938068],[-49.04635390147266,-26.905545436499764]]],[[[-49.14680717306697,-26.904993640292034],[-49.146859579273155,-26.90495811003108],[-49.146782488572164,-26.90498235426157],[-49.14680717306697,-26.904993640292034]]],[[[-49.14659602150427,-26.90490402644234],[-49.14653277009846,-26.90480565096626],[-49.146434117836904,-26.904789030603695],[-49.146447746459245,-26.904833237595913],[-49.14659602150427,-26.90490402644234]]],[[[-49.1468034197394,-26.904209008395398],[-49.14672125146067,-26.90443184799737],[-49.14708063430286,-26.90408351866822],[-49.1468034197394,-26.904209008395398]]],[[[-49.01287532283875,-26.902239199153385],[-49.012939400032344,-26.902272753625013],[-49.01287131075841,-26.902213674412987],[-49.01287532283875,-26.902239199153385]]],[[[-49.01289771557199,-26.90175425653106],[-49.01325716894716,-26.901923187861257],[-49.01337263164083,-26.90183046825165],[-49.01289771557199,-26.90175425653106]]],[[[-49.01363867572355,-26.901712067482077],[-49.013749727330776,-26.901731244710263],[-49.01378129920746,-26.901689134723046],[-49.01363867572355,-26.901712067482077]]],[[[-49.14735646415884,-26.903118513745763],[-49.14712331743733,-26.90311564676201],[-49.14734225175509,-26.903404148927077],[-49.14714661661506,-26.904026337358648],[-49.1474709152591,-26.903472268427358],[-49.14752949041596,-26.90286246400177],[-49.14803056942625,-26.902469848270055],[-49.147468466482124,-26.902806005492806],[-49.14735646415884,-26.903118513745763]]],[[[-49.13486691750261,-26.899821173907583],[-49.13491445088455,-26.899856516850424],[-49.13490962435843,-26.89979289989002],[-49.13486691750261,-26.899821173907583]]],[[[-49.14621901079376,-26.89980159121064],[-49.14628519182862,-26.899785156593992],[-49.146222734010834,-26.89975712338262],[-49.14621901079376,-26.89980159121064]]],[[[-49.14624814931798,-26.89961986639427],[-49.14627371799602,-26.899658372958026],[-49.14631225697346,-26.899608453593537],[-49.14624814931798,-26.89961986639427]]],[[[-49.13504813760789,-26.899439535137212],[-49.1350671566017,-26.89952698836147],[-49.135064134897064,-26.899418223223808],[-49.13504813760789,-26.899439535137212]]],[[[-49.081131842358786,-26.89811144916634],[-49.08145697517844,-26.89825313730783],[-49.08186247359495,-26.8981388413333],[-49.081822374279184,-26.89811557207802],[-49.081131842358786,-26.89811144916634]]],[[[-49.135219234861744,-26.898558215550963],[-49.135279601213476,-26.898554925368654],[-49.13527619253953,-26.8984628615224],[-49.135219234861744,-26.898558215550963]]],[[[-49.13535791267607,-26.898276854167026],[-49.135375991512454,-26.898318124510254],[-49.13540741420015,-26.898217094890754],[-49.13535791267607,-26.898276854167026]]],[[[-49.07827029402053,-26.897379613314865],[-49.07845647168194,-26.897426828484647],[-49.07844455156272,-26.89733918464107],[-49.07827029402053,-26.897379613314865]]],[[[-49.08211661252048,-26.89801782606221],[-49.08240809138098,-26.89791392596058],[-49.08263283376526,-26.897563237240707],[-49.08321441981973,-26.897264228149037],[-49.082595188792425,-26.897493471352465],[-49.08211661252048,-26.89801782606221]]],[[[-49.021836847053095,-26.895450119757264],[-49.02105133297326,-26.895531756036377],[-49.02040251565972,-26.895744802983174],[-49.019731243858494,-26.895676071871222],[-49.01913703676896,-26.896105008257525],[-49.01972686836847,-26.895731090378934],[-49.02039399845253,-26.895794338193287],[-49.021836847053095,-26.895450119757264]]],[[[-49.01701078876085,-26.89508728631337],[-49.01711504308343,-26.89518351834167],[-49.017427295146646,-26.895141682413332],[-49.01808793096254,-26.895505574773317],[-49.01832138214347,-26.895381677309018],[-49.01855626192819,-26.895616298942166],[-49.01859099832993,-26.89600672452572],[-49.01892924600075,-26.89614475343489],[-49.01880335266855,-26.89545659584922],[-49.01858844328435,-26.895214779384776],[-49.01820097036176,-26.895110352121783],[-49.01798961537778,-26.895219921355846],[-49.01707864157958,-26.894888702094203],[-49.01701078876085,-26.89508728631337]],[[-49.017090101456894,-26.895108377545792],[-49.01709782106588,-26.895114387104364],[-49.01708781316068,-26.895116769057427],[-49.017090101456894,-26.895108377545792]],[[-49.01879581463952,-26.895909963934585],[-49.01865570450236,-26.895943905869018],[-49.01862481987454,-26.895889552449404],[-49.01879581463952,-26.895909963934585]],[[-49.01711830587547,-26.89515245055808],[-49.01710727014075,-26.895157657456526],[-49.017111572469005,-26.895127534775995],[-49.01711830587547,-26.89515245055808]]],[[[-49.1356392027511,-26.89661584250506],[-49.13568612101059,-26.8964163163774],[-49.13562582388152,-26.896316294109614],[-49.135577982187826,-26.89639232752946],[-49.1356392027511,-26.89661584250506]]],[[[-49.04332444152344,-26.894138005863528],[-49.043447809823505,-26.894533697884455],[-49.0436557452357,-26.894141898664724],[-49.04358464271728,-26.89358394896452],[-49.04332444152344,-26.894138005863528]]],[[[-49.13562909652821,-26.895754960056998],[-49.13582764037998,-26.89578055175074],[-49.13588659787676,-26.896085893642],[-49.136022221940785,-26.89579125427782],[-49.13576414729852,-26.89539562926914],[-49.136062566053255,-26.894930668439184],[-49.13598857848788,-26.894632739087353],[-49.13549811668681,-26.894450092657895],[-49.13538531348371,-26.89458020306729],[-49.13577338556715,-26.89493444568492],[-49.13543500476086,-26.895219455670798],[-49.13562909652821,-26.895754960056998]]],[[[-49.14988776891757,-26.895451562083533],[-49.14971053358545,-26.89509573621855],[-49.14965780978958,-26.8946356659497],[-49.149619361550684,-26.89526445720074],[-49.14988776891757,-26.895451562083533]]],[[[-49.12794643410154,-26.89341971126533],[-49.12784952472408,-26.89325500263209],[-49.127645451231714,-26.89308951037881],[-49.12767544849587,-26.893175908397062],[-49.12794643410154,-26.89341971126533]]],[[[-49.06246111768487,-26.891943457199805],[-49.06149203833396,-26.892079694515896],[-49.06097841090128,-26.892362533236383],[-49.05978011173424,-26.891734776651106],[-49.05981115204095,-26.891879429905085],[-49.06035505370407,-26.892176357287415],[-49.0600362041367,-26.89269492784214],[-49.06021397339649,-26.89336604286209],[-49.060352828855386,-26.893390414263564],[-49.06044125638006,-26.8932222785977],[-49.0604323022701,-26.89244606396003],[-49.06106040610432,-26.892647607035062],[-49.061547120544475,-26.89232692816268],[-49.06245135252976,-26.892172304941695],[-49.06282182255136,-26.891943512095125],[-49.06308413522744,-26.8914376714404],[-49.062895668245346,-26.891439629398587],[-49.06246111768487,-26.891943457199805]]],[[[-49.154642630291356,-26.889558232474446],[-49.1547288619537,-26.889632801503232],[-49.15493504485115,-26.889593583768658],[-49.154642630291356,-26.889558232474446]]],[[[-49.13792706563744,-26.889562573291354],[-49.1379971663112,-26.88935552820808],[-49.13792312134312,-26.889288246461618],[-49.13787848155323,-26.889450155042002],[-49.13792706563744,-26.889562573291354]]],[[[-49.124557264831836,-26.888582951188845],[-49.124655306961685,-26.88857928077431],[-49.124600864685526,-26.88847853213964],[-49.124557264831836,-26.888582951188845]]],[[[-49.11425265875315,-26.888293577159335],[-49.11439234106413,-26.888274453106867],[-49.11437536147136,-26.888211143040373],[-49.11425265875315,-26.888293577159335]]],[[[-49.13246201454598,-26.88837628917921],[-49.13255001445425,-26.88852750981425],[-49.13248892287985,-26.888276924862954],[-49.13246201454598,-26.88837628917921]]],[[[-49.11448591529632,-26.888124943199063],[-49.114788555775746,-26.888306673075284],[-49.1145300603958,-26.88889338416836],[-49.114597225153176,-26.889431491204224],[-49.115307806647856,-26.88981706527484],[-49.11565280746956,-26.889755829834435],[-49.11573420346505,-26.890082572391037],[-49.11600084319439,-26.89020603203683],[-49.11620183273796,-26.89160200876079],[-49.1161506388827,-26.8920220686857],[-49.11593518544759,-26.892167117604025],[-49.11613678529813,-26.892236945150373],[-49.11623601728947,-26.89263173391659],[-49.11627748056579,-26.892398103101094],[-49.116456384120234,-26.892488863428866],[-49.116232027472726,-26.892200865575646],[-49.11630563162384,-26.890899994681067],[-49.11613609109624,-26.89041743866956],[-49.11648277213138,-26.89010937398931],[-49.11627958251983,-26.889869034867598],[-49.116002535699536,-26.88992525059229],[-49.116005227133265,-26.889695209608206],[-49.11545462786282,-26.88954947973822],[-49.11569843053362,-26.88924517349483],[-49.11514653180313,-26.889434324874326],[-49.114700456339534,-26.889274128492783],[-49.11466220030572,-26.88877555421485],[-49.1150487370783,-26.88830766670327],[-49.11474479858546,-26.887938499567674],[-49.11448591529632,-26.888124943199063]]],[[[-49.118292581158855,-26.887453213858077],[-49.11834163054956,-26.887492423703534],[-49.118372854771984,-26.88746601718895],[-49.118292581158855,-26.887453213858077]]],[[[-49.117993787946624,-26.8873700150714],[-49.1180440065286,-26.887386930782935],[-49.11804421895655,-26.887334035900423],[-49.117993787946624,-26.8873700150714]]],[[[-49.134327597611986,-26.887277679955073],[-49.134511515397,-26.887307352391883],[-49.134336539762,-26.88723460533168],[-49.134327597611986,-26.887277679955073]]],[[[-49.11412252930468,-26.88764138955681],[-49.11447770171421,-26.887164723911912],[-49.11441810329401,-26.886880247858958],[-49.11406570001386,-26.887444847578603],[-49.11412252930468,-26.88764138955681]]],[[[-49.11267846781134,-26.88667060558385],[-49.11214518551297,-26.886891888387932],[-49.112455562309655,-26.886915825049034],[-49.11257982033138,-26.887034599871154],[-49.112087226559275,-26.887004574781123],[-49.111415353814834,-26.88716194900517],[-49.111050395265146,-26.887002857788612],[-49.111032472204606,-26.88731281400458],[-49.109941964143516,-26.88765044796874],[-49.10975510412927,-26.887842800515067],[-49.11093800991248,-26.88754456896935],[-49.111015802862745,-26.887412685681813],[-49.111144044551594,-26.887503865485428],[-49.111411285439466,-26.887302892257896],[-49.11153104925676,-26.88732483201843],[-49.11148785199357,-26.88751211846119],[-49.111649518012,-26.88734760013025],[-49.11173371013736,-26.88750465643032],[-49.112019212194866,-26.887498502709235],[-49.11193796451836,-26.887198844074423],[-49.11213312154427,-26.887081980364957],[-49.112470395453165,-26.887116784549566],[-49.11277901241246,-26.887433030972534],[-49.11314385094959,-26.88752370393604],[-49.11247931400199,-26.886801493155414],[-49.11267846781134,-26.88667060558385]],[[-49.111800306318116,-26.887183612183975],[-49.111717498563756,-26.887279244902857],[-49.11162707818212,-26.88723762753392],[-49.111800306318116,-26.887183612183975]]],[[[-49.14451567753641,-26.888280115371906],[-49.14409179900573,-26.8874870438195],[-49.143472390621135,-26.886910521655057],[-49.14348313962155,-26.88722685911745],[-49.14396071207351,-26.887535941788272],[-49.14451567753641,-26.888280115371906]]],[[[-49.14223087457808,-26.886827834756858],[-49.142321178550766,-26.88688702805589],[-49.14224130517185,-26.886793922050202],[-49.14223087457808,-26.886827834756858]]],[[[-49.06262221319987,-26.885659022972078],[-49.062703661568364,-26.885668061553833],[-49.062612693173676,-26.885644705193876],[-49.06262221319987,-26.885659022972078]]],[[[-49.14208100742545,-26.88671093730611],[-49.142185105430094,-26.886714155784794],[-49.14207847015995,-26.886687448016126],[-49.14208100742545,-26.88671093730611]]],[[[-49.14194004133893,-26.886597791489926],[-49.14200498225491,-26.886591541692876],[-49.141940489424776,-26.88657931261694],[-49.14194004133893,-26.886597791489926]]],[[[-49.09458960180658,-26.88589907912991],[-49.094622365538456,-26.885894351269673],[-49.09463598666211,-26.885822309374486],[-49.09458960180658,-26.88589907912991]]],[[[-49.06415874643663,-26.886196470160925],[-49.063296945121415,-26.885771816099783],[-49.063027386180295,-26.885338811475403],[-49.06330929810865,-26.88583091802323],[-49.06415874643663,-26.886196470160925]]],[[[-49.14407044037577,-26.88491682686127],[-49.14413046596749,-26.88496107524227],[-49.144145725808485,-26.88495366337204],[-49.14407044037577,-26.88491682686127]]],[[[-49.13883562499632,-26.88486790022619],[-49.1389164376629,-26.885120073643925],[-49.13946032414342,-26.885390017748392],[-49.13918795443674,-26.88514281795859],[-49.139419362778476,-26.884921476025276],[-49.13940981390361,-26.884820133276566],[-49.13917799144906,-26.88484188856994],[-49.139224685605306,-26.884558818834538],[-49.139013781650355,-26.884595201558643],[-49.13883562499632,-26.88486790022619]]],[[[-49.10106997792505,-26.883032482637024],[-49.1011485776418,-26.882642609275592],[-49.10130483894947,-26.88248818556358],[-49.101094224576194,-26.882625381335895],[-49.10106997792505,-26.883032482637024]]],[[[-49.06765426703712,-26.88170182160786],[-49.06799955944669,-26.882463492431114],[-49.068056574003904,-26.88315297975595],[-49.067442644898975,-26.88429251240249],[-49.06724114918608,-26.88536466454397],[-49.06621963123463,-26.88585566498723],[-49.06561800796731,-26.885915689617423],[-49.06482905832799,-26.88644499765185],[-49.064608231428195,-26.88619395266143],[-49.06429860418728,-26.886187221420258],[-49.06463165462661,-26.8863012041901],[-49.06471695247963,-26.886487819322127],[-49.06446379817495,-26.886719091814527],[-49.06443491927457,-26.886421423835603],[-49.06413299991493,-26.8867077867345],[-49.064166980048086,-26.88693280097722],[-49.06428284693579,-26.887016843935154],[-49.064201573668235,-26.88742569221075],[-49.063817036382424,-26.887897759557706],[-49.063853281328306,-26.888404293784777],[-49.063553053809486,-26.888392047914085],[-49.063990081456524,-26.88886213797442],[-49.06401786854295,-26.889836825370438],[-49.06378470879209,-26.890720302620494],[-49.06346635459844,-26.891110412121506],[-49.06392025620333,-26.89087652305328],[-49.064185625386095,-26.89014951611282],[-49.06397903357606,-26.888005319151517],[-49.06435925139853,-26.88759332105027],[-49.064473974371325,-26.886968794365387],[-49.06560537958053,-26.886017608287595],[-49.06632184652067,-26.885958386108026],[-49.06728785669236,-26.885440174690736],[-49.06756660319746,-26.88461481352358],[-49.06838434171477,-26.88465429841545],[-49.067555382867475,-26.884547071411763],[-49.06756263452413,-26.88427036122168],[-49.067903785885086,-26.883500106667732],[-49.06813962645989,-26.88333963385494],[-49.0689068831382,-26.883155116974873],[-49.06901609901241,-26.883065458006254],[-49.0681556901678,-26.883240245134505],[-49.068044840879615,-26.882411332688577],[-49.067927731544316,-26.88217690897113],[-49.06830716785346,-26.88190618684991],[-49.06792526286395,-26.882094054789704],[-49.06781858829086,-26.88200830600576],[-49.067683752014474,-26.881511254590144],[-49.06776747275276,-26.880984598483128],[-49.06766468149701,-26.880806495449196],[-49.06765426703712,-26.88170182160786]],[[-49.064430857699925,-26.88676432825278],[-49.06421263465328,-26.886833170250135],[-49.064411355075215,-26.88671561940228],[-49.064430857699925,-26.88676432825278]]],[[[-49.14485427183345,-26.880397060077673],[-49.14416170795517,-26.880151264172234],[-49.14486476201869,-26.88045914689706],[-49.145295980171554,-26.88026999447106],[-49.14514663335924,-26.880183298485793],[-49.14485427183345,-26.880397060077673]]],[[[-49.142064522849786,-26.879327030645893],[-49.14213203821213,-26.87934827345078],[-49.142130601221545,-26.879303183256763],[-49.142064522849786,-26.879327030645893]]],[[[-49.14164236150116,-26.879044496364017],[-49.141797817020276,-26.879104936018287],[-49.14179415373637,-26.879040372206216],[-49.14164236150116,-26.879044496364017]]],[[[-49.1420379849593,-26.879252397614323],[-49.14212365721652,-26.87919408585582],[-49.14211254535489,-26.87891323868222],[-49.141951658123304,-26.879047326163125],[-49.1420379849593,-26.879252397614323]]],[[[-49.10023304457253,-26.87834865020874],[-49.09992850796534,-26.878242419988574],[-49.09953473649418,-26.878229163734698],[-49.10022472830235,-26.878526327382374],[-49.100397538794994,-26.878211312470253],[-49.10023304457253,-26.87834865020874]]],[[[-49.115187089163044,-26.878255702418546],[-49.11525776218652,-26.87810958486116],[-49.115158143211346,-26.87804493653971],[-49.1151229389359,-26.87815900420711],[-49.115187089163044,-26.878255702418546]]],[[[-49.11523847759589,-26.877405162114158],[-49.11511824157079,-26.87740386628155],[-49.11510936229461,-26.877408144584535],[-49.11518469316399,-26.877454035066428],[-49.11523847759589,-26.877405162114158]]],[[[-49.114997846898575,-26.877295163256022],[-49.11520802572033,-26.877241225607985],[-49.1152364531284,-26.876966853844007],[-49.11503018614353,-26.877052248036506],[-49.114997846898575,-26.877295163256022]]],[[[-49.11228548039271,-26.87675508502511],[-49.11233452473493,-26.876723955515907],[-49.11222975351297,-26.876669863479552],[-49.11228548039271,-26.87675508502511]]],[[[-49.10050653487388,-26.874113261135424],[-49.09979017593348,-26.87428555062287],[-49.0999316527846,-26.874751466308872],[-49.09998931400003,-26.874437754717615],[-49.10050653487388,-26.874113261135424]]],[[[-49.10052039584861,-26.873955086970405],[-49.10056915111212,-26.874008163811087],[-49.1006015138434,-26.87392922712663],[-49.10052039584861,-26.873955086970405]]],[[[-49.100716920329695,-26.87386423423362],[-49.100838479856854,-26.873883030269823],[-49.10086011478858,-26.873847411721716],[-49.100716920329695,-26.87386423423362]]],[[[-49.08812304223734,-26.87212364719066],[-49.08760618277519,-26.872368649018902],[-49.08823830867029,-26.87223476577784],[-49.088237234392665,-26.87184892944545],[-49.08812304223734,-26.87212364719066]]],[[[-49.14389416977456,-26.872351138479754],[-49.1439473603496,-26.872399880029928],[-49.144076448698634,-26.87223182469274],[-49.14389416977456,-26.872351138479754]]],[[[-49.084211136268095,-26.871288347327383],[-49.084295497908116,-26.871346678673618],[-49.08428446455399,-26.871238360483947],[-49.084211136268095,-26.871288347327383]]],[[[-49.08407137875521,-26.87132901885285],[-49.084181908803785,-26.871209976261834],[-49.084165173202436,-26.871153200668722],[-49.08408364762839,-26.87118898060066],[-49.08407137875521,-26.87132901885285]]],[[[-49.10649725984783,-26.871206896060357],[-49.10554899776401,-26.871386620958596],[-49.10521555704601,-26.871620227971754],[-49.1046464311942,-26.872376285432207],[-49.10529235118574,-26.871646690544473],[-49.106526142776886,-26.87127470052444],[-49.106707003852506,-26.87089478817548],[-49.10649725984783,-26.871206896060357]]],[[[-49.10682472551945,-26.870710191155947],[-49.10698998676205,-26.870479099793457],[-49.10743644355653,-26.87032761898063],[-49.1077369315423,-26.870135475340028],[-49.10781878557036,-26.869888070034104],[-49.107564284345386,-26.870210370673597],[-49.106902334510394,-26.870478108607667],[-49.10682472551945,-26.870710191155947]]],[[[-49.08369831239163,-26.869968547007062],[-49.08355918913873,-26.8699221996766],[-49.08329141779572,-26.870131087094485],[-49.08349793761021,-26.870464084652085],[-49.08341061942688,-26.870790344951118],[-49.08356492068241,-26.87107002324672],[-49.08379304655727,-26.871219554838028],[-49.08423434686003,-26.871036396677667],[-49.08482488266312,-26.87153627778058],[-49.08438119535959,-26.87091455377139],[-49.08445930731205,-26.870475045339777],[-49.08473056245436,-26.870219466001295],[-49.08380449555637,-26.86944564683391],[-49.08369831239163,-26.869968547007062]]],[[[-49.1077941478348,-26.869818570316262],[-49.10778108636986,-26.869422971958066],[-49.107813652243,-26.86919852205544],[-49.107741541011386,-26.869376315036572],[-49.1077941478348,-26.869818570316262]]],[[[-49.10784302744674,-26.869157888178865],[-49.10793660946346,-26.869099643418725],[-49.10793171379498,-26.869060439469962],[-49.107910141503986,-26.86907102226222],[-49.10784302744674,-26.869157888178865]]],[[[-49.108452066751575,-26.868711230460672],[-49.108500707551364,-26.86871318751792],[-49.10848820769002,-26.868660312849393],[-49.108452066751575,-26.868711230460672]]],[[[-49.15074217021865,-26.869051292960794],[-49.1508935355021,-26.869254112890893],[-49.15124688591838,-26.86910573854678],[-49.15091088901949,-26.86916306387879],[-49.15074217021865,-26.869051292960794]]],[[[-49.15041868943521,-26.86918120741447],[-49.15052986046865,-26.86909937883622],[-49.150522425641086,-26.869045818985835],[-49.150423354965824,-26.86907697158637],[-49.15041868943521,-26.86918120741447]]],[[[-49.1086058938233,-26.867997990291293],[-49.10863484849155,-26.868040438717273],[-49.108649741829375,-26.8679408157161],[-49.1086058938233,-26.867997990291293]]],[[[-49.142764877390896,-26.867384162246907],[-49.14291621029241,-26.867298645296167],[-49.142917842274166,-26.86719547317653],[-49.14276722221295,-26.867248382613074],[-49.142764877390896,-26.867384162246907]]],[[[-49.08229228861267,-26.86609475150471],[-49.08175148492735,-26.866592995250066],[-49.081827965455055,-26.866721844966396],[-49.08155217886658,-26.86735072143598],[-49.08126706483183,-26.867663317978042],[-49.08229232210216,-26.86662750717766],[-49.08302048190661,-26.866370947228184],[-49.082490492213786,-26.86629795179975],[-49.08229228861267,-26.86609475150471]]],[[[-49.153264505203225,-26.86700758077114],[-49.153347106423894,-26.86702640047571],[-49.153292125846335,-26.86695013867092],[-49.153264505203225,-26.86700758077114]]],[[[-49.15341334615793,-26.867073974095604],[-49.153491214791316,-26.867000814107985],[-49.153492244802095,-26.866886691432487],[-49.15340992747202,-26.866916930161384],[-49.15341334615793,-26.867073974095604]]],[[[-49.14291459667859,-26.86648338198822],[-49.142944457010465,-26.86650745788939],[-49.142961362136106,-26.866424255077423],[-49.14291459667859,-26.86648338198822]]],[[[-49.08157921072127,-26.865051933159076],[-49.0820204163652,-26.865093046502036],[-49.08208992459837,-26.865039253158123],[-49.08157921072127,-26.865051933159076]]],[[[-49.08846742886344,-26.864828589244254],[-49.088529995340075,-26.864859705025374],[-49.08851228787771,-26.864808053586827],[-49.08846742886344,-26.864828589244254]]],[[[-49.08806046220343,-26.865010519453456],[-49.088241347794394,-26.864796139557697],[-49.08822817867354,-26.864660680683972],[-49.0880312840329,-26.864911970681675],[-49.08806046220343,-26.865010519453456]]],[[[-49.088522230928156,-26.8664859806914],[-49.08871631065535,-26.866546446974954],[-49.08863516049846,-26.866904235363595],[-49.088953255715495,-26.867041695461797],[-49.08904117021789,-26.866682511483436],[-49.088523324853455,-26.866129683379977],[-49.08890860268053,-26.86561202483737],[-49.08883754534116,-26.864590245221336],[-49.08837877091695,-26.865010575017834],[-49.0883897141072,-26.865382154068577],[-49.088813352931396,-26.865546046486912],[-49.088347558617095,-26.866029863246293],[-49.088522230928156,-26.8664859806914]]],[[[-49.143524123923974,-26.865281139762835],[-49.14336018598474,-26.865629568543067],[-49.14376668553392,-26.865484988089282],[-49.143524123923974,-26.865281139762835]]],[[[-49.1417953308038,-26.86527748004311],[-49.141869787651736,-26.865291954847144],[-49.14176508046337,-26.86522373865746],[-49.1417953308038,-26.86527748004311]]],[[[-49.08866664541328,-26.864566385592592],[-49.088606150468856,-26.864367645013704],[-49.08882291423968,-26.863494672406198],[-49.088547024542166,-26.864359244934683],[-49.08866664541328,-26.864566385592592]]],[[[-49.142955355723466,-26.864430349330398],[-49.14283609700367,-26.864932459108257],[-49.14295909262912,-26.86538924151399],[-49.14276525278945,-26.86521045293829],[-49.14275913033739,-26.865309519789797],[-49.143026659309555,-26.865826913198113],[-49.14264532655718,-26.865927674512285],[-49.1431507450992,-26.86652336750633],[-49.14333493884024,-26.866155933295904],[-49.142969821712484,-26.865046616560385],[-49.143317422381564,-26.863937044446033],[-49.142955355723466,-26.864430349330398]],[[-49.143106156898696,-26.866000686632283],[-49.14304595909271,-26.866063719534317],[-49.14303096804998,-26.866036534671085],[-49.143106156898696,-26.866000686632283]]],[[[-49.08044574715126,-26.86166673963594],[-49.07929394407216,-26.86191479364517],[-49.08036556931229,-26.86171266444889],[-49.08063863942322,-26.86191266771613],[-49.08133138390714,-26.8620152076054],[-49.08148592237521,-26.862203193663422],[-49.08119821703289,-26.86172756935578],[-49.080681964495724,-26.86187079739597],[-49.08044574715126,-26.86166673963594]]],[[[-49.156407097899844,-26.862685570468944],[-49.15745449903632,-26.863079291992413],[-49.157946204533054,-26.862895498746077],[-49.15740647720719,-26.86301333951249],[-49.15659665050754,-26.86264742341298],[-49.156407097899844,-26.862685570468944]]],[[[-49.08040587147338,-26.860196347161878],[-49.08069422004225,-26.86026838567066],[-49.080271702040875,-26.86007195199864],[-49.08040587147338,-26.860196347161878]]],[[[-49.08400457001861,-26.858494120678092],[-49.08407571248304,-26.858509387142707],[-49.08409951863398,-26.85846788618188],[-49.08400457001861,-26.858494120678092]]],[[[-49.08443290293869,-26.858551202389375],[-49.084255489962345,-26.858466081384996],[-49.08390122118953,-26.858640537254914],[-49.08368254972797,-26.859030535378086],[-49.08449983760124,-26.85890120657844],[-49.08467290111016,-26.858754109357903],[-49.084694561486714,-26.85838169498323],[-49.08443290293869,-26.858551202389375]]],[[[-49.08446826417297,-26.85804143895418],[-49.08456191488085,-26.858039155248033],[-49.08455918654674,-26.858017771806537],[-49.08446826417297,-26.85804143895418]]],[[[-49.08457176327693,-26.85790772369647],[-49.08463337005439,-26.857921922865447],[-49.08456594503946,-26.857834980816992],[-49.08457176327693,-26.85790772369647]]],[[[-49.08434531443343,-26.857564844912417],[-49.084451733400925,-26.857581419303646],[-49.08439647804466,-26.857523602659686],[-49.08434531443343,-26.857564844912417]]],[[[-49.0816563073462,-26.857085461486026],[-49.08174587947684,-26.857127442567727],[-49.081651437403096,-26.857042608317382],[-49.0816563073462,-26.857085461486026]]],[[[-49.08123163291339,-26.85719064005045],[-49.081518126002024,-26.85737325581079],[-49.08165779697361,-26.85730983177199],[-49.08155211554933,-26.857208681636255],[-49.08172399946923,-26.857235936410184],[-49.08139974949484,-26.856800826375494],[-49.08118557243689,-26.856962576135444],[-49.08123163291339,-26.85719064005045]]],[[[-49.08198826224385,-26.856470029155872],[-49.08204098655379,-26.856478945183582],[-49.08202286246447,-26.85643093105444],[-49.08198826224385,-26.856470029155872]]],[[[-49.081275980859814,-26.856434542268985],[-49.08135077607674,-26.856434252254164],[-49.08127374874192,-26.8564094443529],[-49.081275980859814,-26.856434542268985]]],[[[-49.090962687171654,-26.856509206855822],[-49.09056626792341,-26.856528265949034],[-49.09107616477846,-26.85652813960561],[-49.090962687171654,-26.856509206855822]]],[[[-49.08882524425256,-26.855912633982694],[-49.08908966171421,-26.857361354975584],[-49.0886356150504,-26.85761666952965],[-49.08881358032135,-26.857234461922786],[-49.087914674232984,-26.857383346336185],[-49.08758995945087,-26.85688733128168],[-49.08642567918527,-26.85687949036756],[-49.08614717018153,-26.857177974921242],[-49.086184675711536,-26.85837362968875],[-49.08696672125045,-26.85852432057893],[-49.08712664887995,-26.85836361559476],[-49.086787905831216,-26.85827392064847],[-49.08747297414685,-26.8581003876454],[-49.087574025142665,-26.858253960982992],[-49.088056868783426,-26.857945006690684],[-49.08864800680714,-26.858175401122633],[-49.08898505955411,-26.85754372075988],[-49.08956396281434,-26.857438901933808],[-49.0899797909647,-26.85754816978699],[-49.08974790735152,-26.85732520834306],[-49.08987597871569,-26.857142116770586],[-49.09003280788936,-26.857259607744737],[-49.08990362452775,-26.856709301777506],[-49.09004541583115,-26.856558736143274],[-49.090468231314745,-26.856538963492397],[-49.08913536155497,-26.856490573337076],[-49.08882524425256,-26.855912633982694]],[[-49.08978054399169,-26.857128995204693],[-49.08956997838331,-26.857338755108817],[-49.08927600259227,-26.85737603057856],[-49.08913048557,-26.85684572222583],[-49.089231892406765,-26.856623910296744],[-49.08968564922045,-26.856594257148878],[-49.08978054399169,-26.857128995204693]],[[-49.08867827397744,-26.85782764237651],[-49.08859846569085,-26.857834197246042],[-49.08865106955272,-26.857801118148494],[-49.08867827397744,-26.85782764237651]],[[-49.08857862436128,-26.85798406705843],[-49.08852326423577,-26.85797273662343],[-49.08858742136218,-26.85792531385875],[-49.08857862436128,-26.85798406705843]],[[-49.08667760693921,-26.858306036096582],[-49.08664458846399,-26.858361903029184],[-49.086621824275156,-26.858351668695764],[-49.08667760693921,-26.858306036096582]]],[[[-49.081667607651546,-26.85565775072316],[-49.08177169993025,-26.85588288156124],[-49.081843715055996,-26.855891435096932],[-49.081667607651546,-26.85565775072316]]],[[[-49.0820418300934,-26.855687730041222],[-49.082116623861616,-26.85568525139854],[-49.08208894886811,-26.85564640215351],[-49.0820418300934,-26.855687730041222]]],[[[-49.08184473819969,-26.855720304575115],[-49.081896159292015,-26.855752633365217],[-49.081926625596374,-26.855643533910705],[-49.08184473819969,-26.855720304575115]]],[[[-49.08219724121602,-26.85539733590711],[-49.08229758651178,-26.85541693421071],[-49.08224071254478,-26.855360176284364],[-49.08219724121602,-26.85539733590711]]],[[[-49.08151792792073,-26.855444837409884],[-49.08169680741397,-26.85554682008636],[-49.081786512325884,-26.855328736200423],[-49.08151792792073,-26.855444837409884]]],[[[-49.0819291279645,-26.85529193036782],[-49.081990214160065,-26.85521415119099],[-49.08213791903063,-26.855133334296667],[-49.08197437900069,-26.85519703683775],[-49.0819291279645,-26.85529193036782]]],[[[-49.08154668841674,-26.854871190302465],[-49.0815841453751,-26.854997192326394],[-49.08162420865569,-26.85496483677759],[-49.08154668841674,-26.854871190302465]]],[[[-49.081604234142006,-26.854734174940717],[-49.081666584748525,-26.854807490075267],[-49.08183275307878,-26.85481298164104],[-49.081813637521186,-26.85474805327597],[-49.081604234142006,-26.854734174940717]]],[[[-49.08124271412884,-26.85496316434268],[-49.081335408312924,-26.854770985598925],[-49.081235335607204,-26.854622190743072],[-49.08117605107028,-26.854722758047224],[-49.08124271412884,-26.85496316434268]]],[[[-49.08140434865469,-26.854137427836847],[-49.081465161260375,-26.854143668087673],[-49.08143970933906,-26.854097700851415],[-49.08140434865469,-26.854137427836847]]],[[[-49.08491077153545,-26.851425017629715],[-49.08498230905692,-26.851482203691223],[-49.08496068693995,-26.851398502522464],[-49.08491077153545,-26.851425017629715]]],[[[-49.08444548064937,-26.851104717789458],[-49.08449895090581,-26.851058832242757],[-49.08443587501873,-26.85107462426265],[-49.08444548064937,-26.851104717789458]]],[[[-49.085217782792704,-26.8511315483416],[-49.08532818053636,-26.851149010107033],[-49.0853344698715,-26.851065333882964],[-49.085217782792704,-26.8511315483416]]],[[[-49.08478075452354,-26.850811187708914],[-49.08484265355587,-26.85079254093926],[-49.084763612285506,-26.850802799420446],[-49.08478075452354,-26.850811187708914]]],[[[-49.08504329238658,-26.850800985602863],[-49.085180181435845,-26.850638160078994],[-49.0851374077366,-26.850565210360486],[-49.08504329238658,-26.850800985602863]]],[[[-49.085595310072385,-26.850827901920233],[-49.08571770974073,-26.850748709512256],[-49.08581023146993,-26.85053913273161],[-49.08573896477208,-26.85057137281424],[-49.085595310072385,-26.850827901920233]]],[[[-49.0852254411326,-26.85022101927813],[-49.08514529895191,-26.85096842001368],[-49.085207988935196,-26.851033754772676],[-49.085653303201596,-26.85060937435936],[-49.08555519523803,-26.8502062701253],[-49.0852254411326,-26.85022101927813]],[[-49.08556298650147,-26.850512519025834],[-49.08552823455984,-26.85046295999023],[-49.08557966563102,-26.85043863553535],[-49.08556298650147,-26.850512519025834]],[[-49.08533183928966,-26.850479448307226],[-49.085375130163015,-26.8507537810025],[-49.08530897180101,-26.850887297841894],[-49.08533183928966,-26.850479448307226]]],[[[-49.0810655460846,-26.850056392411748],[-49.08100354987519,-26.849736940832948],[-49.08070901571875,-26.849241523456353],[-49.08071087993732,-26.849358175699507],[-49.0810655460846,-26.850056392411748]]],[[[-49.08069844841601,-26.84899582696981],[-49.080773945918246,-26.8489896448391],[-49.08069637832337,-26.848965451213452],[-49.08069844841601,-26.84899582696981]]],[[[-49.08085011614426,-26.84893718149497],[-49.08089574735132,-26.848953728359962],[-49.080945235338994,-26.848919747751463],[-49.08085011614426,-26.84893718149497]]],[[[-49.08066887460718,-26.84885945310794],[-49.08071282631941,-26.848874397450416],[-49.08066633339244,-26.848763029682367],[-49.08066887460718,-26.84885945310794]]],[[[-49.089166015808956,-26.848822658610004],[-49.089255102682905,-26.848851262420617],[-49.08924302846788,-26.848755551268727],[-49.089166015808956,-26.848822658610004]]],[[[-49.08043356960672,-26.848565637222908],[-49.08052531083461,-26.84855881965234],[-49.08038899827244,-26.848487360282263],[-49.08043356960672,-26.848565637222908]]],[[[-49.0891890727559,-26.84870268402936],[-49.089261850708255,-26.848542470894824],[-49.08914189028239,-26.848468713686223],[-49.08912232031278,-26.84862901049491],[-49.0891890727559,-26.84870268402936]]],[[[-49.08007640190391,-26.848319191072942],[-49.080195035710155,-26.84832301357481],[-49.08006863550622,-26.848307879800664],[-49.08007640190391,-26.848319191072942]]],[[[-49.07976778460085,-26.848156182481397],[-49.07994065464859,-26.84823175397531],[-49.07970185662584,-26.848020871830066],[-49.07976778460085,-26.848156182481397]]],[[[-49.0885255189988,-26.848290701848015],[-49.08878210959607,-26.848188212351122],[-49.0889360219343,-26.84815932600494],[-49.0887743838155,-26.848133586639936],[-49.0885255189988,-26.848290701848015]]],[[[-49.079102981370134,-26.8478788481888],[-49.0792932513829,-26.8478847035852],[-49.079072814411774,-26.847864485398517],[-49.079102981370134,-26.8478788481888]]],[[[-49.085805321893375,-26.846393212842283],[-49.08604614972334,-26.84651851563433],[-49.08647690878182,-26.846477844243086],[-49.085805321893375,-26.846393212842283]]],[[[-49.08570078240044,-26.84628212618163],[-49.08577324061753,-26.84631447717812],[-49.08569727792377,-26.846223938059165],[-49.08570078240044,-26.84628212618163]]],[[[-49.09089109194683,-26.841977838480346],[-49.09094482220635,-26.841992851536165],[-49.0909425167064,-26.841965958128878],[-49.09089109194683,-26.841977838480346]]],[[[-49.08997057660019,-26.840479381578845],[-49.08992052845652,-26.840828530555683],[-49.09033612879018,-26.841319345698054],[-49.09066868297299,-26.842758855850338],[-49.08974450680398,-26.843614208996712],[-49.088850052117365,-26.844121336840395],[-49.088727048270535,-26.84468112609088],[-49.087591200888575,-26.846380609230415],[-49.087565951120375,-26.846255768489304],[-49.087385845706706,-26.84644358518457],[-49.08668962734524,-26.846456543193476],[-49.0876663799338,-26.846520945435184],[-49.08772337452443,-26.8479329530389],[-49.08701977353497,-26.84903172610552],[-49.086663722773665,-26.85020164266994],[-49.08683307326322,-26.850177296454895],[-49.08682414757665,-26.850366526253968],[-49.08638657379584,-26.850535161042178],[-49.08603277551742,-26.850388289580614],[-49.08609023446296,-26.850636545379405],[-49.08553236118396,-26.85107615336233],[-49.085051630683566,-26.851736536531774],[-49.08476434336783,-26.852744511194462],[-49.08430847381549,-26.853731609350547],[-49.08318354922424,-26.853839659930568],[-49.082865663692196,-26.85341791640651],[-49.08362254300678,-26.8532152451952],[-49.08401337245157,-26.8532614505866],[-49.08451007807527,-26.853058524141513],[-49.08457965117043,-26.852791539357998],[-49.08439436522275,-26.852620688910104],[-49.084576536062364,-26.852676463492294],[-49.084733981108,-26.85254009501523],[-49.0849592760467,-26.85171855740356],[-49.084673136957576,-26.851400408279023],[-49.08425971108665,-26.85125472711931],[-49.08438018651169,-26.850795973997837],[-49.08466626883418,-26.85076793260341],[-49.08438067567491,-26.850577589442928],[-49.08441566042374,-26.85000909155456],[-49.084217918928196,-26.850753836197864],[-49.083920709221665,-26.8508094656454],[-49.0841509068763,-26.851027942166226],[-49.084151954512365,-26.851290856862526],[-49.08378048210962,-26.85138928488573],[-49.08386206382426,-26.851747372858284],[-49.08331926608373,-26.852371709456207],[-49.08275861069025,-26.852161679908736],[-49.082893013266506,-26.851986422990034],[-49.083418020383085,-26.851868781295927],[-49.083280090327165,-26.851346600826428],[-49.08307290635602,-26.85128482308474],[-49.083385969899105,-26.851310688624345],[-49.08363225350974,-26.851063009483976],[-49.08360260651466,-26.85090904933781],[-49.08329946150146,-26.850792938988054],[-49.0825095903854,-26.851156765824907],[-49.08233705350463,-26.85090881241585],[-49.081863385094955,-26.850808550519712],[-49.08189639345178,-26.85016381589957],[-49.08169781150637,-26.85016779918488],[-49.08149311513596,-26.85046788961247],[-49.08111917879609,-26.850141490348697],[-49.08148544798616,-26.850583937333056],[-49.08183683797499,-26.850269527275525],[-49.08179024301443,-26.850857717255717],[-49.082729409919615,-26.8516190160225],[-49.08245167281957,-26.851896732425338],[-49.08258747979524,-26.852374123739683],[-49.08302502774139,-26.852467144833152],[-49.08322110637463,-26.852843224717144],[-49.08318640058349,-26.85299906842083],[-49.08247428160121,-26.853117332089894],[-49.08241792423252,-26.853423966345627],[-49.08312218966667,-26.854133665171116],[-49.08382095771008,-26.854096400525766],[-49.08386988356153,-26.854710102336192],[-49.084370178725706,-26.855133562483108],[-49.0840930670289,-26.855478688032584],[-49.083724624222526,-26.85479909309422],[-49.08319411519289,-26.854619443559677],[-49.08253638193688,-26.854845531843218],[-49.0824244598046,-26.85518212612257],[-49.08269123644415,-26.855445850377016],[-49.08202425983958,-26.85690238214607],[-49.08157410799669,-26.856320479905264],[-49.08143947124308,-26.85583117050784],[-49.081554734339136,-26.855663893255336],[-49.081247717068905,-26.855551767302114],[-49.081403183787025,-26.85500791522178],[-49.0811960012796,-26.85519167783465],[-49.081092391597586,-26.855036920931497],[-49.081016376436885,-26.855125474389077],[-49.08091908614613,-26.855653052738624],[-49.08102673555494,-26.855770637918695],[-49.0812278044969,-26.855779905714876],[-49.08113495946144,-26.856021841647],[-49.081302321153,-26.85585051242221],[-49.0814109015547,-26.85594534375815],[-49.081016412081865,-26.85612122394275],[-49.08142719250361,-26.856140099769355],[-49.081040881726715,-26.856262569175232],[-49.081134185124085,-26.856421805450548],[-49.08145852952479,-26.856258972696093],[-49.08166173150742,-26.856916005933567],[-49.08218227646095,-26.857359473480066],[-49.08210769342179,-26.85758646897168],[-49.08269956465899,-26.858699427606776],[-49.08250044754061,-26.85872132105362],[-49.082478040909066,-26.859082605263392],[-49.08347751320116,-26.85964647317862],[-49.08392699148993,-26.86027052671164],[-49.083229448881625,-26.860308388750322],[-49.08290464182998,-26.860797962485126],[-49.08303464940496,-26.86111813148991],[-49.08273276799155,-26.86117000389724],[-49.082612241840636,-26.861502720262987],[-49.0833748186619,-26.861765645861933],[-49.08341674437252,-26.86191111802245],[-49.083238824258345,-26.862299058937666],[-49.08253061431748,-26.862228864228154],[-49.08256420343928,-26.862755306053494],[-49.08276548649335,-26.862704993412237],[-49.08299890780988,-26.862367911858044],[-49.08313119633991,-26.862394839215433],[-49.08308966283153,-26.86274851206077],[-49.08366325511796,-26.863502523235276],[-49.083587242787175,-26.863678192463727],[-49.08321570658796,-26.863292779684084],[-49.082714597948396,-26.863262942831103],[-49.08310716565824,-26.864204858779196],[-49.08302066229015,-26.864421118976026],[-49.082653769306745,-26.86437739596775],[-49.081932865812064,-26.86306512529849],[-49.081682699041906,-26.863016060615607],[-49.08174235951274,-26.86336546536451],[-49.08200258391243,-26.863613779472235],[-49.08177094068452,-26.86349188047279],[-49.08188624598166,-26.864071367521536],[-49.08266302181512,-26.864563367566348],[-49.082266368505685,-26.86509636544735],[-49.08293335748377,-26.865291300171567],[-49.08291818183267,-26.86571049646495],[-49.08318899579948,-26.86617269740848],[-49.08377024675108,-26.866456231384586],[-49.08477924349549,-26.867889377347982],[-49.08523448254523,-26.86789815053003],[-49.08561436187236,-26.86817888117932],[-49.08558563807036,-26.868809110804747],[-49.08595603793291,-26.86901523374776],[-49.08620505675356,-26.869493725465105],[-49.08654456936347,-26.869664262628824],[-49.08640660346782,-26.870009866133902],[-49.086095068639665,-26.870216394637247],[-49.085795106803396,-26.870254129046632],[-49.085382077643075,-26.86997387942962],[-49.08555290230548,-26.870393580723213],[-49.08588936102313,-26.870540982672708],[-49.086532669143466,-26.869968226713592],[-49.086791890379885,-26.869680842442325],[-49.08670229590519,-26.86929906299515],[-49.08710858149626,-26.868459016810515],[-49.08740607758669,-26.868476543148102],[-49.087878764960074,-26.86814814033273],[-49.08793701283861,-26.868961264148144],[-49.08851403660618,-26.87102024505577],[-49.08893038050469,-26.871201527124214],[-49.08953884940338,-26.87109952574603],[-49.08980119231736,-26.871573593375224],[-49.0887399570945,-26.87157476252146],[-49.08848197316099,-26.87188104284822],[-49.08885658794683,-26.871806803222803],[-49.08959529983651,-26.87206750540307],[-49.08984690164709,-26.871864430239814],[-49.09030571784391,-26.872437814972002],[-49.090249413407335,-26.87268384031233],[-49.088740059583095,-26.87407495499164],[-49.08817842122167,-26.874835123034682],[-49.087836381022875,-26.875841983404406],[-49.088180474433706,-26.876359223236552],[-49.08807974435773,-26.877686832858938],[-49.087925200708575,-26.878022904538856],[-49.08816275212361,-26.878505726147946],[-49.087826244081626,-26.879187662728924],[-49.08776819708944,-26.879817285500025],[-49.08731699037912,-26.88062664899748],[-49.087056479077454,-26.88178767717877],[-49.08656059824651,-26.882783353155254],[-49.08565549776295,-26.883963090412212],[-49.08538140527177,-26.884717970028177],[-49.084402839225206,-26.885966439282633],[-49.08381889391568,-26.887795922735773],[-49.08326229948447,-26.888530696260702],[-49.0829576026318,-26.889230381004985],[-49.08113756873589,-26.890879437479366],[-49.079633796932754,-26.892759583966413],[-49.07838836126417,-26.894113728210232],[-49.077230330545035,-26.895083294865866],[-49.076104873932714,-26.896446371616598],[-49.074818605094954,-26.897470812369527],[-49.07367351682308,-26.8978981108121],[-49.07315037503764,-26.89797750723333],[-49.07166075441517,-26.897679286583845],[-49.06601574554701,-26.895112335132993],[-49.06162088144126,-26.893751569750403],[-49.06040432465604,-26.89382982133703],[-49.06016423488339,-26.894040328379546],[-49.05964668393469,-26.89416162741685],[-49.05891755534365,-26.89467241860489],[-49.05852954955331,-26.89516773076089],[-49.05851562994121,-26.89584061523967],[-49.05892676261176,-26.89665655949941],[-49.05896216030348,-26.897577663227587],[-49.05942563855146,-26.898730235842297],[-49.05983780867059,-26.89912627432271],[-49.061689185622626,-26.900019872429723],[-49.06333995077999,-26.901951425145345],[-49.06577331261187,-26.90402571566729],[-49.06748987868434,-26.905877171070458],[-49.06811385756519,-26.906766035694577],[-49.06844060705866,-26.907604375413513],[-49.0684320170506,-26.908762264849447],[-49.06817211381098,-26.90992022237248],[-49.06768391271188,-26.91093498856066],[-49.067713861681256,-26.91140574314832],[-49.066880468764246,-26.914748330498934],[-49.06575780526379,-26.916920040393933],[-49.06424611656154,-26.918517995821208],[-49.06153897811275,-26.920134011390825],[-49.06090705025893,-26.920270846036807],[-49.06041096276423,-26.920180372107197],[-49.05999445919111,-26.919860720716123],[-49.05990465071882,-26.91949812873567],[-49.06035412262627,-26.91701741407661],[-49.06012613804112,-26.915209415845634],[-49.059570683461835,-26.914024438486287],[-49.05919516563918,-26.913836674194545],[-49.05835030214778,-26.912986453151326],[-49.057521969848985,-26.91186585022205],[-49.05610528013868,-26.911395173658672],[-49.05414411238201,-26.911282041820066],[-49.0513749681645,-26.910467970800486],[-49.05027077911587,-26.910354500427534],[-49.04678981767121,-26.909234317596695],[-49.04563864660673,-26.908734647121832],[-49.04476312797939,-26.908167390895493],[-49.0443476969522,-26.907596039729324],[-49.04429546776064,-26.906724773687717],[-49.04566251644027,-26.90350321102598],[-49.04559489657698,-26.901414082953202],[-49.04582207432937,-26.90027559529573],[-49.04597034516584,-26.900167843185688],[-49.045808747393814,-26.899607017509712],[-49.04604359954004,-26.89947605228758],[-49.045695918139685,-26.898245870509875],[-49.04576612911085,-26.897963219588245],[-49.04554795806281,-26.897751136742674],[-49.04505245911258,-26.896359070560376],[-49.04423147311572,-26.895644623528657],[-49.04293236108697,-26.89492512082648],[-49.0420407838686,-26.89490383724364],[-49.041334248070214,-26.8953766184165],[-49.040127605441775,-26.895749133254967],[-49.039716758085376,-26.89552084623122],[-49.039250885009714,-26.89551875465313],[-49.03963294619105,-26.895832250454546],[-49.038402661273686,-26.897170503218202],[-49.03645576852706,-26.898516530981208],[-49.036063818943155,-26.897981252265712],[-49.035923156185575,-26.89838160832831],[-49.03617969907001,-26.89851603322498],[-49.03615627392977,-26.898762140069955],[-49.03574993808019,-26.89911315532762],[-49.035611283175854,-26.899536092822974],[-49.03491768626929,-26.900428548674327],[-49.03438571832527,-26.900866235812295],[-49.033842115603555,-26.901888684403207],[-49.03295565220388,-26.902846502270442],[-49.032623403514336,-26.90258846307396],[-49.03274518616837,-26.902914008923954],[-49.032650909287284,-26.903191271665463],[-49.02988366687584,-26.90627568948937],[-49.02924453312158,-26.90657008289633],[-49.02932562290539,-26.90670087534371],[-49.02849971187872,-26.90725014011741],[-49.0280548663807,-26.90723508412634],[-49.02780117056181,-26.907437207705204],[-49.02759017726754,-26.907399559281693],[-49.0274605392952,-26.907040172580718],[-49.02740915950704,-26.907419135339225],[-49.02706143642183,-26.907462892752214],[-49.022297547492705,-26.90650540745395],[-49.02076479274514,-26.906076874356636],[-49.01952944533842,-26.90519814223519],[-49.019690088350444,-26.904968421802206],[-49.01934866877199,-26.904920075613244],[-49.01959135781231,-26.90456767228075],[-49.01884591701546,-26.903599811608856],[-49.01842729178594,-26.902334591371126],[-49.01858943440133,-26.900766839322024],[-49.01846361497211,-26.900073844218202],[-49.01795454900543,-26.898738983173825],[-49.016974354082535,-26.897397793043805],[-49.01715026631001,-26.897235217752968],[-49.01732515124721,-26.897272522281725],[-49.017287800257556,-26.897152695491275],[-49.017683030347044,-26.896767821566996],[-49.01758615173831,-26.89620161394706],[-49.017463575947126,-26.896072695775615],[-49.01711326905147,-26.896077096253745],[-49.017412395794345,-26.896861373828333],[-49.017056024850575,-26.897215098293813],[-49.016862632075664,-26.89725670837375],[-49.01629277552362,-26.896626872187284],[-49.01618672670756,-26.898475069380222],[-49.01588187571257,-26.898876071130925],[-49.01559385741757,-26.898831712860897],[-49.015807043727634,-26.899932980303703],[-49.016311222694675,-26.89953415601245],[-49.01584832342918,-26.900326403383808],[-49.01432436584137,-26.9004009117312],[-49.01375832665515,-26.900699607336826],[-49.01403988612442,-26.90117410209631],[-49.01391444376583,-26.900718599568986],[-49.014223125054436,-26.90053676353454],[-49.0152898290835,-26.900546419658394],[-49.015921681992445,-26.900800273726485],[-49.01601635824703,-26.90114516913619],[-49.015603685993135,-26.90162422991751],[-49.01532844573362,-26.902348661240328],[-49.0154567332418,-26.90401964420403],[-49.01561443922115,-26.904283237146785],[-49.016026079814836,-26.904447981391204],[-49.01671285957925,-26.90546778328988],[-49.01705019750196,-26.905561811940675],[-49.01778916465121,-26.906292978970995],[-49.01834417225002,-26.90658394255984],[-49.018736605814155,-26.906600963589142],[-49.019580852812744,-26.907284138974596],[-49.0212551038142,-26.907923203553217],[-49.02245547780453,-26.908157070291495],[-49.02324270412878,-26.90861093779861],[-49.02434042970075,-26.90890040952385],[-49.02455847073909,-26.909106269191813],[-49.026479357640994,-26.909063197262437],[-49.02792596017711,-26.908767291493927],[-49.02812210975762,-26.908879539178354],[-49.02820660673966,-26.90875109160655],[-49.02912852078778,-26.908597992823747],[-49.030459247835445,-26.90789761362851],[-49.03176554912537,-26.90643848760657],[-49.03217728506359,-26.90643310494394],[-49.03214603812525,-26.906081584216075],[-49.033837852291946,-26.904012070857082],[-49.034043635311036,-26.903926876077612],[-49.03407512908821,-26.903693952322747],[-49.03594676579885,-26.901263150954442],[-49.03779345004536,-26.89934153637169],[-49.03934640200125,-26.89803942538471],[-49.03948284695746,-26.897746548687053],[-49.03975188790303,-26.897744635682248],[-49.03996964967279,-26.89736362108962],[-49.041164290208044,-26.896513063576716],[-49.04231559254042,-26.89621567035478],[-49.043106871270425,-26.896447530683563],[-49.04401141674517,-26.897518199366324],[-49.04421413231253,-26.89818589331884],[-49.04436593423123,-26.89938383537722],[-49.044359012655896,-26.901712382963954],[-49.043860167888724,-26.904455473881644],[-49.043165413780386,-26.9054276328592],[-49.043111762782175,-26.90587146251249],[-49.04232610406171,-26.90738941700074],[-49.04266114884929,-26.908406812744033],[-49.04402875209062,-26.909607978875627],[-49.04743164505044,-26.910946718913948],[-49.05002313724963,-26.91150631684535],[-49.04981365493752,-26.912078649701662],[-49.05013559264658,-26.912501830964246],[-49.049511712218376,-26.913273347246054],[-49.05010112099203,-26.91282514500953],[-49.050263690766194,-26.912384484269026],[-49.05003039698233,-26.912038945823667],[-49.050509073049376,-26.911712097304168],[-49.05277299066009,-26.91218225428592],[-49.05583325108713,-26.912488098743474],[-49.05701086413229,-26.913168218389938],[-49.05852790856903,-26.915138701943818],[-49.058786141401356,-26.91816163789959],[-49.058578809622816,-26.919167990786793],[-49.05853656747748,-26.920582639657113],[-49.05897557456306,-26.92137241564934],[-49.059511854928544,-26.92170901908513],[-49.0595140593355,-26.92235163473921],[-49.058877500108956,-26.922941946328617],[-49.05690381240571,-26.923026002730847],[-49.05612802750252,-26.92385954262947],[-49.05665165395001,-26.92449947884544],[-49.05763904625371,-26.92497202357941],[-49.058021425834816,-26.925005709243962],[-49.058537159857416,-26.92460719718551],[-49.05880467824187,-26.924738502067747],[-49.05882033644919,-26.924985664614567],[-49.05818650081623,-26.925803285621278],[-49.05779221679512,-26.92597892535606],[-49.057657834653455,-26.92628077699958],[-49.057221472024686,-26.926358585173915],[-49.05718501349401,-26.926485841245327],[-49.0583316188751,-26.926355362518528],[-49.058817100912684,-26.926874338896766],[-49.05938866291064,-26.927192303670612],[-49.06015106916516,-26.92927261074415],[-49.06110379736189,-26.92998443553568],[-49.06147772870633,-26.930606849817035],[-49.06230269204766,-26.931389945547885],[-49.06218836996205,-26.931727270941],[-49.0616204068255,-26.93207508773297],[-49.061856564575166,-26.93287416120377],[-49.06177963007345,-26.933172485716092],[-49.060495514075456,-26.933374230724205],[-49.06019616945839,-26.93328752023578],[-49.059994250343564,-26.933462817620388],[-49.060250779139785,-26.933660612800647],[-49.06105476819665,-26.933626941914852],[-49.061299848235166,-26.93398380107257],[-49.061696968595264,-26.93385383548368],[-49.061893917725214,-26.934722856525834],[-49.06231063016392,-26.934776700854883],[-49.06231940733512,-26.935050868324875],[-49.062985878882095,-26.935034425109826],[-49.06267981364603,-26.93486623743897],[-49.06332511793491,-26.93450594203727],[-49.063028111003106,-26.93431706078025],[-49.063212814159556,-26.93427244751675],[-49.063507680546884,-26.934446727447288],[-49.06344247266793,-26.934631417333442],[-49.06364623103567,-26.93477525346518],[-49.06346610315573,-26.934921278789943],[-49.06400759927652,-26.935305021573594],[-49.06534969613049,-26.935864777238347],[-49.0658924223416,-26.935825935572247],[-49.065270464568634,-26.93566846436735],[-49.0649943300241,-26.93551649285063],[-49.06502154442947,-26.9353963910936],[-49.065973001295866,-26.935730476478223],[-49.06622698528553,-26.93609714254465],[-49.0683185670791,-26.93769005199357],[-49.06919119606056,-26.939175474092192],[-49.06984704069623,-26.939723332552028],[-49.0714915206907,-26.939542552294277],[-49.07275063574429,-26.939570131452697],[-49.07474585760292,-26.940339970007937],[-49.07519392163232,-26.9408021895925],[-49.07546724685773,-26.94176782594944],[-49.07553933734149,-26.941218363547733],[-49.0751688352371,-26.94042184626876],[-49.07331853811386,-26.939494091857146],[-49.07225317337301,-26.93932081971537],[-49.069860860160986,-26.939433890537984],[-49.06944415012662,-26.93888918451816],[-49.06934160464422,-26.938239777295923],[-49.06788733756244,-26.936841167372947],[-49.068683888898036,-26.936762387648262],[-49.06877967697345,-26.93669792947839],[-49.068795773437316,-26.93656503594156],[-49.068666853324466,-26.936728858267735],[-49.068240122935556,-26.936596563931793],[-49.0678763791083,-26.936684980744232],[-49.067833008826376,-26.93644910641161],[-49.06761294542509,-26.9363432487252],[-49.067508832865784,-26.93645497689801],[-49.067691924786196,-26.936689863221147],[-49.06632622485485,-26.935578696083393],[-49.06458472212738,-26.934896318722163],[-49.06386360468389,-26.934358269744816],[-49.062566771492804,-26.932976590589586],[-49.063061199137636,-26.932120241920252],[-49.06294640263888,-26.931534827450374],[-49.062213697145076,-26.930705364707627],[-49.061866661480835,-26.930020181969393],[-49.06148506459719,-26.92987733430473],[-49.061154178447495,-26.929339594097126],[-49.060813612819274,-26.929219686239257],[-49.060526088827466,-26.92880666844345],[-49.06020958792122,-26.928002084328234],[-49.06038130043686,-26.927608339924785],[-49.06003999694569,-26.927417905959686],[-49.05982177553328,-26.926772115956854],[-49.06011152596136,-26.92568277106837],[-49.059507644173586,-26.925265922859154],[-49.05932414125873,-26.924555246897864],[-49.05872207240841,-26.92410250469176],[-49.05815152972256,-26.923779224248772],[-49.05766335841905,-26.923901795276795],[-49.057149439702535,-26.92384110973736],[-49.05705121628934,-26.923702408004125],[-49.05755794430392,-26.923440854378978],[-49.0588383128967,-26.92337928443249],[-49.059441710982256,-26.923153203943844],[-49.05978627973613,-26.92279876589077],[-49.059871594632064,-26.922059156573244],[-49.060035192457924,-26.921834510192273],[-49.06138034698146,-26.921589800824687],[-49.062895378382926,-26.92088370678428],[-49.06537257243985,-26.918924576271277],[-49.06651709680064,-26.917791452296537],[-49.06742507804918,-26.916552759199874],[-49.067980300942914,-26.91540998271509],[-49.068462592196965,-26.91366273590405],[-49.06873850278631,-26.913266959746064],[-49.06964140385009,-26.91288511330808],[-49.07047352852472,-26.91395988243775],[-49.07112910672806,-26.914342454528022],[-49.07172211874484,-26.913923758116564],[-49.07272961295614,-26.914524480180436],[-49.073172420995476,-26.914230137944084],[-49.073879829484916,-26.91413542219354],[-49.074509119128535,-26.913803278614147],[-49.075093103315396,-26.912278825863783],[-49.076431713868516,-26.912238930402978],[-49.077275088323844,-26.911929478817424],[-49.077320141136646,-26.911755379945184],[-49.07700552309449,-26.91140781119888],[-49.07623597217377,-26.91102098686791],[-49.07615647505036,-26.91081919388747],[-49.07811699473367,-26.90989419044796],[-49.0811031700444,-26.910377291996568],[-49.081634440403654,-26.910612492153266],[-49.08203948120076,-26.911719419125816],[-49.0831559582346,-26.91334895766569],[-49.0834346467594,-26.913369563078195],[-49.083669080230706,-26.913161206705936],[-49.08419090153575,-26.91221226951274],[-49.085196909760676,-26.911713588667602],[-49.08706144895837,-26.912492249915317],[-49.08915187415579,-26.91229368343999],[-49.089644484760285,-26.912459769922055],[-49.09008308776667,-26.913162238083277],[-49.090796998736685,-26.913754380661988],[-49.0922574528361,-26.913955950417694],[-49.09224016551666,-26.914725937405013],[-49.092663348254625,-26.915095891028823],[-49.092818217293576,-26.915486623030294],[-49.09296761067067,-26.915267421903327],[-49.092334084544824,-26.914625556253853],[-49.09236427672463,-26.91390294415074],[-49.0907707214639,-26.913608760387106],[-49.09019125250803,-26.913080559719038],[-49.08974567007957,-26.91237048592186],[-49.08928966099076,-26.91219232646104],[-49.086971225191924,-26.912332609697458],[-49.086328062541604,-26.912133813885184],[-49.08584361562378,-26.911695395551188],[-49.08522693770545,-26.91154056493674],[-49.08411508946077,-26.912088634959137],[-49.08355603841396,-26.91305926367441],[-49.08321137266306,-26.913140939977502],[-49.08210259049213,-26.911442298487785],[-49.081886685161514,-26.91053875442852],[-49.081175057326476,-26.91013470340453],[-49.080249946648905,-26.910076429931763],[-49.07857726623884,-26.90965403095457],[-49.07865075200082,-26.909443703023282],[-49.0793092101167,-26.909447995231844],[-49.07919756390451,-26.90897643191154],[-49.078844960245775,-26.908681600168194],[-49.078165478016516,-26.908771789133812],[-49.07756765892888,-26.909062267226098],[-49.0777002091477,-26.909389586103213],[-49.07796602882568,-26.909510678642853],[-49.07833653792783,-26.908982334375803],[-49.07815983224706,-26.909614186796386],[-49.07751123388419,-26.90981804503926],[-49.07690302180059,-26.910251398986386],[-49.07642216631099,-26.910250559777797],[-49.0755294956661,-26.910708446290837],[-49.075835921336015,-26.911142039474388],[-49.076373648778514,-26.91135798887122],[-49.0767061970342,-26.91174061966987],[-49.076431053765,-26.91189085786066],[-49.07509997222388,-26.91193872621235],[-49.0748516751491,-26.912063989303178],[-49.07424683440559,-26.9135618359875],[-49.073291034910184,-26.91373838482608],[-49.07278982499716,-26.913309706511974],[-49.072410287914884,-26.913396356716923],[-49.07204081301074,-26.913034448487867],[-49.07186507542364,-26.913258589810887],[-49.07212443183583,-26.913716827789848],[-49.07163761753719,-26.913608304396448],[-49.0709607037591,-26.913919348158064],[-49.06975251163591,-26.91259545624475],[-49.06949317481011,-26.912553187590717],[-49.06884388798949,-26.912847756866107],[-49.06900642029893,-26.910976098632446],[-49.069431277948226,-26.90993827435695],[-49.069672222921476,-26.90849265228011],[-49.0697386845395,-26.90735818420554],[-49.069370115844244,-26.906060082130345],[-49.06867659081838,-26.904991430580274],[-49.068458399440296,-26.904933573895207],[-49.06842514778667,-26.90467052668238],[-49.06579083490043,-26.90221844128806],[-49.06556473149765,-26.901732533942003],[-49.06524278473476,-26.901591063701133],[-49.06242966101136,-26.899127907344976],[-49.06146348820966,-26.89815875957854],[-49.06144232916003,-26.897883614848666],[-49.06111306796062,-26.89798783520666],[-49.060096508146636,-26.896945158211484],[-49.06019152087176,-26.89677876292691],[-49.0599505586109,-26.896168911372815],[-49.06031196678962,-26.895420510014336],[-49.06142503873151,-26.895247281832283],[-49.06268221747961,-26.895503907891566],[-49.06463493354315,-26.896131994352228],[-49.06653984622618,-26.896979937980603],[-49.06802612072657,-26.89736648219441],[-49.068780202623905,-26.89776229643915],[-49.06975931691533,-26.897975253599608],[-49.07154598579154,-26.89880056022703],[-49.07313044816679,-26.899093593908656],[-49.074425288243894,-26.899066266798485],[-49.07571978050024,-26.898522398177448],[-49.07669145401904,-26.897767614043314],[-49.07687639798928,-26.89791591680266],[-49.07736669798899,-26.89784330068254],[-49.077475940631466,-26.897688670268113],[-49.07728255742226,-26.897295766542054],[-49.077566146187635,-26.89710990218325],[-49.077727031003214,-26.896681296533878],[-49.0790171687205,-26.895521005950886],[-49.07976387658425,-26.894393611275543],[-49.08129272753143,-26.89292147622254],[-49.081906860009994,-26.89196448675668],[-49.08256374601365,-26.89147947794669],[-49.08308720695808,-26.890698441142312],[-49.08380636307588,-26.890218128965454],[-49.0845409056326,-26.888986733336697],[-49.08474630319381,-26.888988259767235],[-49.08473295617372,-26.888780043648158],[-49.0853034877997,-26.88791324037332],[-49.08577371501715,-26.887512732381303],[-49.08569058309406,-26.887265794875518],[-49.08596077482388,-26.886674133328203],[-49.088369087391214,-26.882638687074035],[-49.088542902793954,-26.8818425747332],[-49.08950891049056,-26.879923410594973],[-49.08967248533008,-26.87890927943224],[-49.09013142497539,-26.87853025608649],[-49.091200794336125,-26.878083512415643],[-49.09205317453929,-26.877802072054273],[-49.092435154204864,-26.877954608921154],[-49.09255505548713,-26.877634171326456],[-49.093138004120675,-26.877376682342287],[-49.093105137623176,-26.877114340615325],[-49.09401667067615,-26.876270624082245],[-49.09549009892603,-26.876873439164783],[-49.0960975338016,-26.87728040410399],[-49.096365942356975,-26.87773865292298],[-49.096479230915136,-26.878397420869856],[-49.0962731301907,-26.87934668741208],[-49.09647237668913,-26.879880939480575],[-49.096130548054724,-26.880205520618556],[-49.09598604099935,-26.88067552561873],[-49.095674904044465,-26.88086976898906],[-49.09602913018251,-26.881777428107693],[-49.09573325189662,-26.881853614577857],[-49.09529907146724,-26.881732712502153],[-49.095277603902474,-26.88236107717749],[-49.09455916156995,-26.88242106183068],[-49.09453994153596,-26.88284498077893],[-49.09423826974117,-26.882966227699953],[-49.09427238544689,-26.883091445783244],[-49.094603191871684,-26.88301507352599],[-49.09434281432167,-26.883346761081064],[-49.09466417910693,-26.883810464960902],[-49.094392601792336,-26.884359657288826],[-49.094853176807256,-26.884835094280803],[-49.094779716875436,-26.88512084621725],[-49.09480423984064,-26.885495082716478],[-49.09490173817444,-26.88479734302808],[-49.094515403689634,-26.884369841457367],[-49.094811646127624,-26.88382276839278],[-49.09455895332257,-26.883398692270436],[-49.094931989394404,-26.882975269016686],[-49.09477314964595,-26.88258528279723],[-49.09544712145779,-26.882601735951194],[-49.09560954477287,-26.88218404245515],[-49.09599663954046,-26.882059366413436],[-49.09625250192883,-26.882504904820387],[-49.0968162952769,-26.882694861770275],[-49.097212704546635,-26.882728361864686],[-49.09775196399424,-26.882457459175395],[-49.09972197744251,-26.882680491241487],[-49.10267897290445,-26.881624508141527],[-49.10362886914477,-26.88109667402003],[-49.10554013168044,-26.880486408076152],[-49.10683237642501,-26.879578816963967],[-49.108554369353044,-26.879270425993134],[-49.1097783276638,-26.878649234246346],[-49.110116266520905,-26.878735822201286],[-49.11034897390351,-26.87850729551704],[-49.11068626359232,-26.878455467325242],[-49.11094760465012,-26.878713602030736],[-49.110128665683106,-26.879428065138168],[-49.11014732238342,-26.88050941418732],[-49.11040110386037,-26.881184224813552],[-49.11056941893925,-26.880757980613797],[-49.11091673385524,-26.88114195056189],[-49.11109838767769,-26.882051788253953],[-49.110630406573364,-26.88194319306104],[-49.11065541925555,-26.882149125053292],[-49.109543495616066,-26.883057482815058],[-49.10900809530939,-26.88304946687392],[-49.10916205899372,-26.88351014850094],[-49.10981453643409,-26.883879802092597],[-49.109887729903605,-26.884139562486105],[-49.111659591105735,-26.884506592973935],[-49.11314981456355,-26.88499694143777],[-49.1144007688373,-26.885988786900636],[-49.11446699325141,-26.886676727273276],[-49.11466408831496,-26.886541632746887],[-49.11607567787385,-26.886530693558058],[-49.11816719220753,-26.88660646887369],[-49.11892783522588,-26.886782850318873],[-49.11927797892998,-26.887224641542513],[-49.1204224512708,-26.88798101442343],[-49.12148771520757,-26.88905237429019],[-49.122064299910264,-26.89012301046429],[-49.12237239524255,-26.89118245709241],[-49.122870079618025,-26.89158127220017],[-49.12312875255461,-26.892158580461906],[-49.12452114870347,-26.89269970007015],[-49.125327993578395,-26.892680222923182],[-49.125820113171024,-26.892893107187266],[-49.12646405432842,-26.892717688922637],[-49.12701650160499,-26.892786703715196],[-49.13113427945469,-26.89125674575483],[-49.13162267048848,-26.89132509219074],[-49.13144351042298,-26.891083989836375],[-49.13196778884394,-26.890998879256795],[-49.13216302919275,-26.89078084199588],[-49.13397425688125,-26.890634047280322],[-49.13461815972497,-26.89069629937675],[-49.13571100069205,-26.891690354949056],[-49.13588819229001,-26.89305281843309],[-49.1357056315442,-26.893080005359426],[-49.13544126116343,-26.89287252232806],[-49.13516730521133,-26.89306460096946],[-49.134966413272,-26.894045115776166],[-49.13526819438549,-26.89450734441968],[-49.13540802701539,-26.89440784950793],[-49.13539464752945,-26.894126085183206],[-49.13514217125675,-26.89381268952958],[-49.135352620058015,-26.893072882771456],[-49.13577374625564,-26.89325062195778],[-49.13782521277919,-26.89333951932243],[-49.13826716549927,-26.89351937905465],[-49.139123278936594,-26.893558416453352],[-49.14170603255072,-26.893172831002673],[-49.1419533553427,-26.89362464203713],[-49.14193067431121,-26.89426348908862],[-49.1416491086809,-26.895085503227595],[-49.14035332531946,-26.897083480374384],[-49.14031030965073,-26.897692665017292],[-49.14013891225053,-26.897833373606193],[-49.140323910147444,-26.897862325282958],[-49.140706019091226,-26.898314241545833],[-49.14024623921801,-26.898671241177382],[-49.140608300080096,-26.898691968685675],[-49.14098371486634,-26.898441527650842],[-49.14140065399216,-26.898839411951435],[-49.14215036781941,-26.899032123106313],[-49.143129062621625,-26.898935416522402],[-49.14408136807948,-26.898529325866075],[-49.144695878102596,-26.898655973427605],[-49.145076148736166,-26.898531559251825],[-49.145253047130865,-26.898755102108456],[-49.14533987643657,-26.89848429549748],[-49.14620658631976,-26.898142503019667],[-49.14628334033707,-26.89799605870098],[-49.14648658000799,-26.89832225365789],[-49.146456583779624,-26.899029824329656],[-49.14630750918322,-26.899287125335928],[-49.14598983393865,-26.899254847691093],[-49.14569463626744,-26.899432002450904],[-49.14585785059132,-26.900127543377145],[-49.1467273044674,-26.90123998691049],[-49.14661592928303,-26.901776004144768],[-49.14751148651024,-26.90213499388057],[-49.14815350855265,-26.901945986252535],[-49.148140650926884,-26.902392743216183],[-49.1485677872821,-26.903058496622528],[-49.148184778833446,-26.901860140296996],[-49.14751460625224,-26.90193459138423],[-49.14671275560188,-26.901692358583162],[-49.14691878058715,-26.901246301571796],[-49.14605548816816,-26.900057788898103],[-49.14598791439061,-26.899613434516823],[-49.146724966028714,-26.899472740390177],[-49.14684852228801,-26.898574093261104],[-49.14673026838306,-26.898129208818887],[-49.147174294436525,-26.898040603997817],[-49.147782021389766,-26.898213150726594],[-49.14897096663666,-26.898186276839873],[-49.15014736958077,-26.897933760948828],[-49.15137565536822,-26.89701785197401],[-49.152384855856766,-26.895824148834063],[-49.15364592269671,-26.89533140929484],[-49.154706634474955,-26.89562957550998],[-49.154848547615416,-26.896291160518352],[-49.154720138763444,-26.89664567397604],[-49.1549754861684,-26.89631139169115],[-49.154819516073296,-26.89603217996934],[-49.15492527959939,-26.89531302793562],[-49.1553268146976,-26.895132178890073],[-49.156209612018394,-26.895248421316804],[-49.15652454296521,-26.895167551039147],[-49.15524636173467,-26.89506829394878],[-49.15439788479488,-26.89546777016291],[-49.15370330973504,-26.89519902517404],[-49.152690151928205,-26.89559330993426],[-49.15248320982871,-26.895378979099117],[-49.152821337719466,-26.89500557621884],[-49.153513747708,-26.894614184843185],[-49.15368479289507,-26.894319655615003],[-49.15357206473681,-26.894212100352373],[-49.15271272838212,-26.894708098549962],[-49.15220752655785,-26.89539680024852],[-49.15207957160459,-26.89533342154644],[-49.152701865466305,-26.894427159256406],[-49.15581181706996,-26.89126024042149],[-49.15583206005791,-26.88939164002003],[-49.15455839979709,-26.89081648142383],[-49.153703143443494,-26.892120161406964],[-49.15200731210109,-26.893543755183998],[-49.151652224099045,-26.893654613270137],[-49.15133888417992,-26.894816605121903],[-49.15086482130362,-26.895388443591393],[-49.14951260232358,-26.89592399813041],[-49.147797865398914,-26.895953595905876],[-49.147023122758206,-26.89566331635978],[-49.14643229209542,-26.895156637429807],[-49.14524482893312,-26.893566108579225],[-49.14337532938814,-26.89165696009826],[-49.14231994812811,-26.891558577726876],[-49.14217100058434,-26.89118451215789],[-49.14233458983077,-26.89091229481489],[-49.14204857970295,-26.891177028821854],[-49.14203671923509,-26.8914325082295],[-49.14167921305466,-26.891606958851085],[-49.14035294949959,-26.891523470763207],[-49.13927264376158,-26.89115796018533],[-49.13931746055049,-26.889860742428368],[-49.13895529690804,-26.889522115040347],[-49.13883812044501,-26.88860610670577],[-49.13914785001892,-26.88838440749475],[-49.139523940354316,-26.888664156463644],[-49.139592919114506,-26.888435566493357],[-49.14006857629675,-26.888240135756405],[-49.14076834284643,-26.88764116160169],[-49.140853797102956,-26.887362683074564],[-49.140449672233224,-26.886062495971082],[-49.14088499798976,-26.88566293394588],[-49.14157741619965,-26.885925061177186],[-49.14195661195273,-26.88651615436932],[-49.14247736713049,-26.886504562268083],[-49.143258449796924,-26.886812601882006],[-49.14302893349531,-26.88630836402352],[-49.14341435361612,-26.886013627862166],[-49.14350040069501,-26.886090747317947],[-49.14363245325359,-26.88520573095744],[-49.143945735613435,-26.884823121071737],[-49.14436376820128,-26.884827707714418],[-49.144142881960896,-26.88462845218824],[-49.144450838435795,-26.884255989291088],[-49.14444387605043,-26.883968492403913],[-49.144873852334,-26.883797645972283],[-49.145049910469254,-26.883507326559787],[-49.14549311178671,-26.883484206859276],[-49.14563741105758,-26.88305131735514],[-49.14549111542012,-26.881859427940782],[-49.14477963088681,-26.88142778948658],[-49.144610802245346,-26.88050577983524],[-49.14419109553994,-26.88089153640352],[-49.14330022633776,-26.880825038570944],[-49.14366174594549,-26.881107789855907],[-49.143762425203036,-26.881453527454834],[-49.14398763444987,-26.88147101880132],[-49.14389218939982,-26.88167277456146],[-49.14417773939051,-26.88176794099929],[-49.14413055643047,-26.882075577557238],[-49.14440692341183,-26.882380432354775],[-49.14378719289908,-26.882137581868594],[-49.14379952114459,-26.881623588012545],[-49.142917935358646,-26.880786929109014],[-49.14364743264416,-26.88173987392987],[-49.143083969136946,-26.88138116634828],[-49.14331248966552,-26.88159563171439],[-49.14303137086962,-26.88151545600605],[-49.14308727293462,-26.881722811475726],[-49.14332421696234,-26.881716688676256],[-49.14361136298976,-26.881947646383658],[-49.142841096110075,-26.881709369041392],[-49.14244000746029,-26.881014918108594],[-49.142571056796854,-26.880483569646778],[-49.14320125939991,-26.880252417367796],[-49.14334647639256,-26.87991282576139],[-49.142931884120486,-26.87836088083514],[-49.142828709254495,-26.87817984233339],[-49.14289105906825,-26.878464407851048],[-49.142662969417884,-26.87832063539114],[-49.14272122928478,-26.877680315139756],[-49.14298556303954,-26.877366852351873],[-49.142947524723944,-26.87684803671859],[-49.14367938318623,-26.876824128833416],[-49.1443772047358,-26.877078245326036],[-49.14448732214305,-26.877046586870662],[-49.14260045297946,-26.87647604871709],[-49.14219243101429,-26.876198813893026],[-49.14211482306854,-26.875523772240406],[-49.14203057237475,-26.8761289337906],[-49.14127056022409,-26.8757390537868],[-49.14134954490306,-26.874741573727935],[-49.14158136353875,-26.874323355876463],[-49.14262595558419,-26.87346715301135],[-49.142884507754474,-26.872985077663177],[-49.143213971819904,-26.872760734788812],[-49.143288898743464,-26.872439077609258],[-49.14353471699305,-26.872682693051633],[-49.143653145083036,-26.872605196440034],[-49.14331221184556,-26.872285029475712],[-49.1428223477346,-26.872815416455417],[-49.14255494856202,-26.871479735761085],[-49.14310380191556,-26.869240759420236],[-49.14309593400176,-26.86809958621416],[-49.14333566205102,-26.867930724098258],[-49.14381962948942,-26.867914977549034],[-49.14521852007974,-26.869556241673628],[-49.14612089185679,-26.869512475362917],[-49.14723105344656,-26.868569514028593],[-49.147869018501716,-26.867605115365702],[-49.14774042472384,-26.867481898366535],[-49.14868923009224,-26.866405912168386],[-49.14934369981853,-26.866663342353615],[-49.14991886990017,-26.867290861512544],[-49.150646850602904,-26.869069062709414],[-49.15323508761817,-26.867880294970636],[-49.153499617672544,-26.867949057279073],[-49.15370079367446,-26.868218967017906],[-49.15415277994981,-26.868051226081185],[-49.1547178132538,-26.868079029627953],[-49.154969871427134,-26.867931894092525],[-49.1546904727542,-26.868028645510535],[-49.154221670614646,-26.867920654956173],[-49.15472123693944,-26.86607284198346],[-49.15431685624587,-26.86568573533867],[-49.15406612319329,-26.864986933016446],[-49.15370441513664,-26.864587140578802],[-49.15528207863161,-26.86363438606382],[-49.155964006462504,-26.86299620410567],[-49.15604106200445,-26.861777208318852],[-49.1555335252042,-26.860235390558238],[-49.15564997802076,-26.859604779181186],[-49.15680186790282,-26.858950481861548],[-49.1571047733379,-26.85828237822459],[-49.15785903713389,-26.857927783103648],[-49.158181916302695,-26.857429733746585],[-49.15851159251992,-26.85611933382607],[-49.15714599948539,-26.85374301156705],[-49.15637113945394,-26.853377924715723],[-49.15618409874645,-26.853481233638323],[-49.15714813588728,-26.85408999203689],[-49.15829630940813,-26.856218907968447],[-49.15806119049348,-26.856630403532158],[-49.15786329483691,-26.85759432003673],[-49.15677600002601,-26.858259422425448],[-49.15642164363944,-26.858969542913755],[-49.155436874835495,-26.85949828762344],[-49.15530428633961,-26.860147837618257],[-49.15584735029804,-26.862052396426087],[-49.15564562186411,-26.86302699626274],[-49.15346539647885,-26.8644794199349],[-49.154397654606576,-26.866224814231202],[-49.15411659730602,-26.86745946562881],[-49.153883196863546,-26.867830302190626],[-49.15368201376022,-26.867774282645385],[-49.153608844215455,-26.867535655061502],[-49.15338458300634,-26.867539196945728],[-49.15324173579943,-26.867232401982207],[-49.15312286557759,-26.867698380166726],[-49.1508004934698,-26.868723045409514],[-49.15019346602894,-26.867195087246937],[-49.14962702808278,-26.866533142336785],[-49.14879172629918,-26.866121701854066],[-49.14865882856046,-26.86563191423768],[-49.14837399613817,-26.865426766395707],[-49.14852131655185,-26.86572960721052],[-49.148361180808244,-26.86590843155222],[-49.148620549401116,-26.866128777641478],[-49.148369831559535,-26.86623156185807],[-49.147515388378764,-26.867332585006775],[-49.14711610402947,-26.868169621887183],[-49.14603287475261,-26.869260060215623],[-49.14539623090235,-26.869277772380634],[-49.144499943687215,-26.868037892863825],[-49.14405023168639,-26.867695517115187],[-49.14298001552151,-26.867577615984942],[-49.14275003826239,-26.867892466831332],[-49.14279119270523,-26.869517772765036],[-49.14258202538621,-26.86985998345498],[-49.14229868662057,-26.869780017825263],[-49.142564935263955,-26.87005541912736],[-49.14227395902,-26.871260436819245],[-49.142513585720394,-26.873192666595344],[-49.14178211814341,-26.873664359791757],[-49.14131308168407,-26.874171035696055],[-49.140573498885495,-26.874069348649254],[-49.14115000337873,-26.87434013588733],[-49.14093868347827,-26.875409609610074],[-49.14075866841655,-26.875587057569355],[-49.14039509879762,-26.87562175317455],[-49.13998798491342,-26.875379706787427],[-49.13963807318638,-26.875584972777713],[-49.138151566103126,-26.87546240687719],[-49.14083945747852,-26.875720153736342],[-49.141071233525444,-26.87600748586637],[-49.142164880213834,-26.87659863626199],[-49.14209407138186,-26.87670453456654],[-49.14225045262126,-26.876739428067726],[-49.142567607277115,-26.877353820630365],[-49.14244053381386,-26.877308822462382],[-49.14231914792058,-26.877492410723608],[-49.14221398676382,-26.878369444924736],[-49.14196636562781,-26.878524098664176],[-49.142365093460775,-26.878681361442],[-49.14250914677246,-26.879305300196442],[-49.14283146851462,-26.879811171014207],[-49.142754016333924,-26.879950060874886],[-49.14257631037619,-26.87996974601783],[-49.142675944602516,-26.87988425763387],[-49.14236211897746,-26.87974000647928],[-49.14211453667702,-26.880894880148578],[-49.14229328980467,-26.881556206009467],[-49.14361466786911,-26.882657488345206],[-49.145061082886144,-26.883043011889836],[-49.14441168411614,-26.883298072336345],[-49.14382809156668,-26.883734945546],[-49.14299785300442,-26.88348563412444],[-49.14269032235294,-26.883600246077325],[-49.14224830635305,-26.884048891598766],[-49.14226157183553,-26.884923879052604],[-49.14200186129527,-26.88547315825896],[-49.14159028797315,-26.885281019105555],[-49.14186262733568,-26.884723849050086],[-49.14186244359171,-26.88426531781655],[-49.141636956021514,-26.88489471862278],[-49.14174192528696,-26.884522478855164],[-49.141663524102555,-26.8844617670137],[-49.1415165857431,-26.8848299424964],[-49.14117697803805,-26.88507052929204],[-49.14051187627076,-26.885023051097015],[-49.140083545874845,-26.885613045029213],[-49.13998934639649,-26.886016087583208],[-49.140368162232136,-26.887369666538973],[-49.14020462405991,-26.887642219586073],[-49.139739838685,-26.887900937547208],[-49.1387702435739,-26.888025442185164],[-49.137976312596116,-26.887177164880832],[-49.13734992218311,-26.887063842199264],[-49.13664173466517,-26.887262413520677],[-49.135595656616594,-26.88690194996841],[-49.13508384218078,-26.887270075887976],[-49.13527539358829,-26.887394000729227],[-49.13517579735404,-26.88797185688802],[-49.13477988592944,-26.888479038552358],[-49.134301836353195,-26.888705978937526],[-49.13021668914228,-26.889071262903293],[-49.12829398499093,-26.889945297782308],[-49.12747542897971,-26.890533345226878],[-49.12648203698442,-26.890860495420938],[-49.12580598514699,-26.890925107280005],[-49.12558589323786,-26.890488316204053],[-49.125980832809304,-26.890048993925586],[-49.12576574374194,-26.8895960776907],[-49.12505444940383,-26.88923155428729],[-49.124922347746704,-26.889017203628676],[-49.125051960206626,-26.88880602683306],[-49.12486214348184,-26.888585617990834],[-49.12469495051597,-26.888830751965138],[-49.124255103705366,-26.888687169169895],[-49.12450859359301,-26.888617334642763],[-49.12451238153841,-26.88846783151148],[-49.12390943299291,-26.888106143414127],[-49.124060578560936,-26.887973093283296],[-49.12390710662545,-26.887655156645],[-49.123976031235664,-26.887924817898238],[-49.12382391742463,-26.88812129793645],[-49.12402318353268,-26.88829346900783],[-49.12387660775932,-26.888452357759363],[-49.12224624550086,-26.88684070212203],[-49.122519137078605,-26.886097360855647],[-49.12293308003301,-26.88562366783026],[-49.122620510324715,-26.885586068122425],[-49.12219169059419,-26.885863997822],[-49.12226448263128,-26.8860681891989],[-49.12207693302224,-26.886275940835795],[-49.122013534817,-26.886768142515745],[-49.12174809962716,-26.886762790187976],[-49.11989245394262,-26.885243587912914],[-49.119886606864775,-26.884819615508114],[-49.119057587259505,-26.883931510463842],[-49.119589827210575,-26.884132827150076],[-49.11965156099456,-26.88443115708249],[-49.11995349029912,-26.884639505228392],[-49.11980997283819,-26.88404533728105],[-49.11937801260125,-26.88343811296432],[-49.118983743848645,-26.883385615335857],[-49.11903931104007,-26.883275359223838],[-49.118919746484245,-26.883057073440057],[-49.11851644060114,-26.882582671855474],[-49.118226016597816,-26.882563378339793],[-49.11816992907095,-26.882044697922822],[-49.11787844048639,-26.88245219718616],[-49.11721243518359,-26.882070703974012],[-49.11655305050234,-26.88206895011301],[-49.11613906001633,-26.88178594320333],[-49.115520982156646,-26.881914635146373],[-49.11501901157279,-26.881709981584375],[-49.11377160560919,-26.881658516290695],[-49.11313242609973,-26.881319181288728],[-49.11328734231819,-26.881152900695977],[-49.11281252882195,-26.88120407144587],[-49.11222803713818,-26.880804993765583],[-49.11171141043167,-26.879839474739317],[-49.11188852240046,-26.879494106303145],[-49.11216132830312,-26.879446811856855],[-49.11203161457027,-26.879249293015725],[-49.1121601705266,-26.878715664083227],[-49.11263777825377,-26.87767067413057],[-49.113228763065464,-26.877379562201956],[-49.1137601389326,-26.87762199982232],[-49.113838873999185,-26.877930101708603],[-49.11403236058745,-26.87787977726276],[-49.114249441260405,-26.878091139260725],[-49.11433826861851,-26.877781028017395],[-49.11494750227203,-26.87778106051637],[-49.115246939449136,-26.87751722228908],[-49.11486698530859,-26.87741533098136],[-49.114020593472944,-26.877492012583097],[-49.11333323980262,-26.877246322938472],[-49.1130055518372,-26.8764023201548],[-49.11320728415238,-26.875141185680334],[-49.11311192025058,-26.87496807417431],[-49.11260293281336,-26.87501516835697],[-49.11210242516029,-26.87540403955872],[-49.11241970977582,-26.875657434444182],[-49.11215237457119,-26.876208045084738],[-49.111740725969476,-26.876181811360148],[-49.11147519124513,-26.876650909496966],[-49.110950788727486,-26.876753094224],[-49.11106605071724,-26.876876224272294],[-49.111417219760376,-26.87679880551516],[-49.1112750273114,-26.87712034483992],[-49.11185138076539,-26.876404873777645],[-49.11234794065408,-26.876488504066348],[-49.11246559130768,-26.87598354410583],[-49.112837276712604,-26.875522735725784],[-49.112689427185686,-26.877281032716958],[-49.11230862624961,-26.877592559128626],[-49.11145766746421,-26.877620741099655],[-49.1107608348052,-26.877937398305644],[-49.10946365093185,-26.8779775153316],[-49.10862079839244,-26.878249069749316],[-49.10773508662077,-26.878231687274255],[-49.1071567524873,-26.877771227312284],[-49.10695066713561,-26.878043071650946],[-49.106545854703874,-26.8781952364555],[-49.10603102777898,-26.87886408225672],[-49.10561914941123,-26.87893401091343],[-49.10537959272751,-26.879231105854423],[-49.10382337910447,-26.88004767302583],[-49.10255434439047,-26.880306984868678],[-49.102304443147865,-26.88048691560922],[-49.10123529205633,-26.88060720200345],[-49.10063123277231,-26.880921811253103],[-49.09964689158188,-26.880969760366376],[-49.09872593122138,-26.880796389088175],[-49.0981304820893,-26.88031321752558],[-49.09803508498459,-26.87920022099628],[-49.09831973266905,-26.878487082117665],[-49.09895526709509,-26.878145522546383],[-49.09853166168628,-26.878247187190894],[-49.09834709404058,-26.878137578556228],[-49.09845990513683,-26.877221227516415],[-49.098105695414645,-26.876466730237304],[-49.09699391507447,-26.875418730542556],[-49.09532216319648,-26.874607748750904],[-49.095542988721064,-26.874399877999014],[-49.0964978927446,-26.874776246416964],[-49.096748700146875,-26.874553874822347],[-49.096798953194494,-26.874371339833274],[-49.09608932252825,-26.873338141810084],[-49.09600162741751,-26.872943905628407],[-49.09650414415349,-26.872708959417274],[-49.09715792122316,-26.87299584970376],[-49.097844055580424,-26.872858594164015],[-49.09844679183452,-26.87291473362845],[-49.09767180420696,-26.87342298507148],[-49.09858000271619,-26.873949114644788],[-49.098547801765356,-26.874283138836407],[-49.09796726655925,-26.874732358035672],[-49.098262270297724,-26.875192000863663],[-49.09926945714774,-26.87564820036453],[-49.10048464890476,-26.875870461528216],[-49.100879267657966,-26.875814766729523],[-49.1011114554669,-26.87613367850625],[-49.101521672870184,-26.875862934678445],[-49.101530479235585,-26.876399300302392],[-49.1018623223122,-26.87642927472062],[-49.102605736616255,-26.87568729639475],[-49.102300396759986,-26.874542472392815],[-49.102523822426704,-26.874021494134052],[-49.10433015150995,-26.872796921526454],[-49.10449634633972,-26.872504029790626],[-49.102437900093086,-26.873921078897038],[-49.102184869575595,-26.874548252845567],[-49.10244922987223,-26.87563191767668],[-49.10183780176434,-26.87625385528409],[-49.1016713834864,-26.876180149057],[-49.10174728742521,-26.87575186113069],[-49.10162436760034,-26.87557776522466],[-49.10113334647498,-26.875871025701606],[-49.10092478005124,-26.87568420573861],[-49.099729836886496,-26.875626177790103],[-49.09847876058138,-26.875145270700227],[-49.098269562712986,-26.874782611863903],[-49.098708972819225,-26.874466148915516],[-49.09887921382046,-26.873953383275484],[-49.09913302544327,-26.874222716563562],[-49.09965829821848,-26.874189312674723],[-49.099212868683246,-26.87407579051672],[-49.099013106192274,-26.873790574391172],[-49.09808008776002,-26.873482201464597],[-49.09850930791833,-26.873300204131912],[-49.09871271733503,-26.87339656605021],[-49.09900812940998,-26.87314235076189],[-49.098517678507456,-26.872749846884595],[-49.09745760152156,-26.872580158687793],[-49.0970384603273,-26.87264615190113],[-49.09637830501713,-26.87241031876296],[-49.09590631299188,-26.872655827128288],[-49.09567068149379,-26.873000823297257],[-49.096425796238016,-26.874514589022116],[-49.0954800293235,-26.87405964830454],[-49.094254357696805,-26.87499438321092],[-49.09252836293155,-26.875057890878367],[-49.091451806812366,-26.87484239420494],[-49.0897856669053,-26.87386977573253],[-49.09007888537448,-26.873328468718487],[-49.09065272514623,-26.87287440777386],[-49.090705807850576,-26.872383986874432],[-49.090282802265,-26.871656511199628],[-49.09003431564898,-26.870814908831516],[-49.08905546176322,-26.870587992422056],[-49.089626270521634,-26.87018989184591],[-49.08930651727831,-26.870188801822316],[-49.08874647920152,-26.870482017515098],[-49.0883535755904,-26.868231390884393],[-49.08877009994911,-26.867511335167265],[-49.08846581664983,-26.867488020140136],[-49.0883066981163,-26.86768368936543],[-49.08814018678025,-26.86741983490075],[-49.087866916932,-26.867349231590737],[-49.08716038766522,-26.867615700831397],[-49.086891909520354,-26.867496054408797],[-49.08652721941592,-26.866891802924048],[-49.08556405525234,-26.86691886317683],[-49.08563150533364,-26.866819118596425],[-49.08529137488843,-26.866379772151298],[-49.084918664987974,-26.866203305552073],[-49.08446619444744,-26.865593525353002],[-49.08333105051496,-26.864928675888983],[-49.08337454083334,-26.864673049325],[-49.0837588607821,-26.86478647919303],[-49.083821760585906,-26.864230921258685],[-49.08442220378689,-26.86323929871078],[-49.084353722260346,-26.862720745431112],[-49.08374411074006,-26.86243738215563],[-49.08389720263386,-26.86132150005411],[-49.0840933931517,-26.861106729150286],[-49.08434305934828,-26.861218595179412],[-49.084774151676974,-26.861083426092886],[-49.08499658907798,-26.860768692485816],[-49.08491149385819,-26.860030457501107],[-49.085894747161575,-26.859553121453462],[-49.08568248030762,-26.858568340709525],[-49.08549714764676,-26.85884223133188],[-49.08561047441201,-26.859096563055505],[-49.084257896320736,-26.859739355357878],[-49.08388687544346,-26.859453483129414],[-49.08298812574651,-26.859120836959217],[-49.08303505467242,-26.858166645786206],[-49.082906514774905,-26.85800277265411],[-49.08367103474064,-26.858353192410416],[-49.08389949993461,-26.858177427545815],[-49.084619819617465,-26.858181518607417],[-49.084112104637114,-26.858148236152875],[-49.08356349071986,-26.856849764441716],[-49.08287995485435,-26.85634046617268],[-49.082999377420585,-26.85652834503785],[-49.08286889108047,-26.856593713880414],[-49.08273744083839,-26.856195065328247],[-49.08297361941566,-26.85572834242695],[-49.08317158872408,-26.855669816799296],[-49.083117464322996,-26.85532519853053],[-49.083268193470914,-26.855017413730398],[-49.08363572470938,-26.85508153483124],[-49.08354657050915,-26.85538715758073],[-49.08389770698965,-26.85582866314486],[-49.08449000758045,-26.855677847826517],[-49.08471369073395,-26.85507642594598],[-49.084514062868934,-26.854755862103367],[-49.08419728129504,-26.85460823086167],[-49.08420658203899,-26.854316746865695],[-49.08484901958956,-26.85338216544099],[-49.08563914884109,-26.851344115899895],[-49.08648043731157,-26.850716381774074],[-49.086942384424795,-26.85064103079032],[-49.087193674888276,-26.850254768435324],[-49.087161534026514,-26.849260659590243],[-49.0879084182568,-26.848079064972925],[-49.08782000651199,-26.847374888205227],[-49.08795767547659,-26.846236641172613],[-49.08929447358931,-26.844244189457985],[-49.090763270680036,-26.842897038631854],[-49.090884263461135,-26.842458248925315],[-49.09083664416868,-26.84212103913468],[-49.090634665559314,-26.8420549097608],[-49.09048260614096,-26.841755524493614],[-49.09027535518817,-26.840342913395965],[-49.09033640833844,-26.83960428111043],[-49.090202112980464,-26.839656857405814],[-49.09015029052621,-26.840273061275443],[-49.08997057660019,-26.840479381578845]],[[-49.09021037570499,-26.841030735384734],[-49.08999008201895,-26.840792217319052],[-49.09010320236897,-26.840493603506946],[-49.09024685869926,-26.840648868210195],[-49.09021037570499,-26.841030735384734]],[[-49.08279483589327,-26.855515512230358],[-49.08272650363703,-26.85552059348407],[-49.08273943666891,-26.855457606350665],[-49.08279483589327,-26.855515512230358]],[[-49.082744838066695,-26.85655636922001],[-49.08259781854414,-26.85657031268267],[-49.08262993867869,-26.856462297526953],[-49.082744838066695,-26.85655636922001]],[[-49.08251936456216,-26.856771617050466],[-49.08251975461303,-26.8566751227899],[-49.082580309941065,-26.85665232729658],[-49.08260034211785,-26.856696230984408],[-49.08251936456216,-26.856771617050466]],[[-49.083235005322855,-26.857260251037967],[-49.0827222312617,-26.857569053313362],[-49.08235042217975,-26.857129823996278],[-49.083030439531115,-26.856938884427535],[-49.083235005322855,-26.857260251037967]],[[-49.083432303234495,-26.85757405497822],[-49.08353197880217,-26.857671136167777],[-49.083526019114665,-26.857739455976088],[-49.08343393516062,-26.857676537049354],[-49.083432303234495,-26.85757405497822]],[[-49.083399390467456,-26.85742844550105],[-49.08330899779366,-26.857472317791274],[-49.083285810563815,-26.857425864862364],[-49.083399390467456,-26.85742844550105]],[[-49.08275214656227,-26.857850971991443],[-49.082622284466304,-26.857863206765032],[-49.08261248225289,-26.857769235464044],[-49.08275214656227,-26.857850971991443]],[[-49.08273260959145,-26.857953903270563],[-49.082827498905516,-26.857939822278535],[-49.08284554764043,-26.85798039853841],[-49.08273260959145,-26.857953903270563]],[[-49.08297099703252,-26.858108977995812],[-49.08287696694123,-26.85817750340706],[-49.08291913978297,-26.858086824841564],[-49.08297099703252,-26.858108977995812]],[[-49.083439359450395,-26.86041980737089],[-49.0833903697458,-26.860367600703647],[-49.083456695652856,-26.860377981541326],[-49.083439359450395,-26.86041980737089]],[[-49.089598184824304,-26.874701488264353],[-49.09028931433737,-26.875074653595373],[-49.090309485765175,-26.875305142086745],[-49.08947565404255,-26.87558584189194],[-49.08905109151551,-26.876173056753846],[-49.08870616078368,-26.876020273706093],[-49.08876812758772,-26.875577875663392],[-49.0891917114417,-26.87480106881673],[-49.089598184824304,-26.874701488264353]],[[-49.11120138216766,-26.88141642065091],[-49.111316672812244,-26.881992139407316],[-49.11115932036766,-26.881807236472998],[-49.11120138216766,-26.88141642065091]],[[-49.1110669537769,-26.8822015371996],[-49.11098780751031,-26.882158404745883],[-49.111027331917235,-26.882123736167557],[-49.1110669537769,-26.8822015371996]],[[-49.112877278078074,-26.88232475436636],[-49.11424430694695,-26.88284459137481],[-49.11424149115165,-26.88322948530664],[-49.1129956642583,-26.882809560470886],[-49.112877278078074,-26.88232475436636]],[[-49.1149284474687,-26.883219813029744],[-49.11504007603821,-26.883334715467527],[-49.115003119763294,-26.883501069659086],[-49.11483741039779,-26.883341631943356],[-49.1149284474687,-26.883219813029744]],[[-49.115354962360335,-26.883238021809188],[-49.11518057769772,-26.882975376624735],[-49.11532934197805,-26.882851745848324],[-49.11587593840912,-26.88322474676331],[-49.11669384870766,-26.883081873320727],[-49.116511251501194,-26.88293604908431],[-49.116892962616284,-26.882880390612726],[-49.117457740185635,-26.88322481425526],[-49.11756678247252,-26.883568569240005],[-49.11729517384098,-26.884069325571332],[-49.11556547761654,-26.884048525825314],[-49.115356351872485,-26.883917206847777],[-49.115354962360335,-26.883238021809188]],[[-49.11890405389136,-26.88327855686808],[-49.11899519455603,-26.883266973552548],[-49.11892862751459,-26.883303473045252],[-49.11890405389136,-26.88327855686808]],[[-49.115808287632554,-26.882982030717386],[-49.11572932894922,-26.882995167375054],[-49.115797998689416,-26.882956419586524],[-49.115808287632554,-26.882982030717386]],[[-49.125484203775564,-26.890150113868316],[-49.125255681600365,-26.889916379369833],[-49.125474226373825,-26.889736253912076],[-49.12567146993901,-26.889946313978005],[-49.125484203775564,-26.890150113868316]],[[-49.13764275163732,-26.890064164350953],[-49.137568080010595,-26.88988327744979],[-49.13774826114985,-26.8898110665096],[-49.13792040756357,-26.890022280444178],[-49.13764275163732,-26.890064164350953]],[[-49.137978279258796,-26.889922344917963],[-49.13776606900939,-26.889714293606986],[-49.13784349395227,-26.88953157428068],[-49.13736014052773,-26.889890874062573],[-49.135848136822744,-26.889222007726758],[-49.1369244690291,-26.888420841141834],[-49.13717221550894,-26.888087940649598],[-49.13745514693447,-26.88802820173246],[-49.13772989967293,-26.889241865181788],[-49.137758254846645,-26.888592072341513],[-49.13791787771253,-26.888409575547897],[-49.13800330761335,-26.888481955943835],[-49.13816232803497,-26.889464211298684],[-49.137978279258796,-26.889922344917963]],[[-49.137742912733856,-26.888778594414724],[-49.13770111167457,-26.888801988084712],[-49.13768012464794,-26.88873981825891],[-49.137742912733856,-26.888778594414724]],[[-49.13580362897141,-26.88798910232061],[-49.13575873483914,-26.888056647630638],[-49.13574951909068,-26.888046397915872],[-49.13580362897141,-26.88798910232061]],[[-49.13568097941549,-26.888138139051364],[-49.135632159376435,-26.888089708576747],[-49.13567527682648,-26.888082069278425],[-49.13568097941549,-26.888138139051364]],[[-49.13681697859681,-26.888406558648125],[-49.136760922242445,-26.888398807934497],[-49.13682341426193,-26.888371962555976],[-49.13681697859681,-26.888406558648125]],[[-49.14286807851195,-26.88473476207456],[-49.14291524722345,-26.884711605245403],[-49.142922510253385,-26.884747218438868],[-49.14286807851195,-26.88473476207456]],[[-49.142813744493886,-26.884601600133312],[-49.142852489410664,-26.88461794519269],[-49.14282999240983,-26.884646869003557],[-49.142813744493886,-26.884601600133312]],[[-49.14305305673379,-26.884511913224433],[-49.14313033264281,-26.88448420449341],[-49.143061834115095,-26.884530253183517],[-49.14305305673379,-26.884511913224433]],[[-49.144060815089944,-26.884474306485586],[-49.14414360027779,-26.884452076243825],[-49.144069189969066,-26.88449927992204],[-49.144060815089944,-26.884474306485586]],[[-49.14322892799117,-26.88436330605332],[-49.14317795104027,-26.884358667447522],[-49.14319784066014,-26.8843356808011],[-49.14322892799117,-26.88436330605332]],[[-49.144270227088406,-26.883862962644095],[-49.14436630790589,-26.883899971134753],[-49.14421073471401,-26.883921042759837],[-49.144270227088406,-26.883862962644095]],[[-49.14450195689281,-26.883807311464917],[-49.14458394730063,-26.883803980289326],[-49.144598696388904,-26.88384021501906],[-49.14450195689281,-26.883807311464917]],[[-49.142780969492875,-26.878699797112457],[-49.142872474735626,-26.878775525406937],[-49.142877718318,-26.879171241866537],[-49.142808462334415,-26.879029428321],[-49.142780969492875,-26.878699797112457]],[[-49.140029848261754,-26.875607048620562],[-49.140002625012535,-26.875541684204638],[-49.14011998169691,-26.875554717262734],[-49.140029848261754,-26.875607048620562]],[[-49.14450111274859,-26.868530758546772],[-49.14443067114557,-26.868501846853423],[-49.144443658786884,-26.868462985784404],[-49.14450111274859,-26.868530758546772]],[[-49.14431268085674,-26.882082127396412],[-49.144758848191344,-26.88181650985293],[-49.14496469181269,-26.881981688120206],[-49.14477293297796,-26.881952937762104],[-49.14459731814294,-26.882141998443245],[-49.14468254146706,-26.882360235917012],[-49.14431268085674,-26.882082127396412]],[[-49.144468000560835,-26.880931896346826],[-49.144551020997646,-26.88095498235941],[-49.14448051012263,-26.880983902037865],[-49.144468000560835,-26.880931896346826]],[[-49.13675722329049,-26.89193647529559],[-49.13758513298521,-26.892455629734105],[-49.1398815652073,-26.893099022770265],[-49.139043822596456,-26.893223598776412],[-49.136305145171164,-26.89281763261002],[-49.13614362264139,-26.89266017923692],[-49.13627157083351,-26.892209115947537],[-49.13613405536824,-26.89175476811181],[-49.13675722329049,-26.89193647529559]],[[-49.143677363574604,-26.894649580179514],[-49.14436770148084,-26.89637475278687],[-49.14491552143503,-26.896888348859136],[-49.14488354077438,-26.89713885563275],[-49.14291773103004,-26.89784507821379],[-49.14203317739569,-26.897766725596675],[-49.141461087083144,-26.897179960308286],[-49.14143140351059,-26.896912417366103],[-49.1423707184036,-26.8955447647325],[-49.14292635729765,-26.893718267589886],[-49.143677363574604,-26.894649580179514]],[[-49.14489355283753,-26.89727912536299],[-49.14504289970238,-26.897303174813608],[-49.145074371683265,-26.89731987474688],[-49.14485965693756,-26.89743587750313],[-49.14489355283753,-26.89727912536299]],[[-49.15069624365244,-26.89555139367857],[-49.15075017379419,-26.89555022341913],[-49.15062070708969,-26.89558636033147],[-49.15069624365244,-26.89555139367857]],[[-49.15336807116102,-26.89360271348417],[-49.153293079370464,-26.89369920716462],[-49.15314482480241,-26.893818124579717],[-49.1532579301146,-26.89366160618514],[-49.15336807116102,-26.89360271348417]],[[-49.06269450186291,-26.933718112689295],[-49.06251485403609,-26.933667687347196],[-49.062521424469566,-26.933588725224446],[-49.06269450186291,-26.933718112689295]],[[-49.01567569907511,-26.90404683331976],[-49.01572348217489,-26.904078332458656],[-49.015645184093096,-26.904119569035526],[-49.01567569907511,-26.90404683331976]],[[-49.017569883555204,-26.896332956665095],[-49.01757620512779,-26.89632607676864],[-49.0175793098063,-26.896331168706098],[-49.017569883555204,-26.896332956665095]],[[-49.086566620566835,-26.8688426054494],[-49.08636990843348,-26.86866733717668],[-49.08668945668225,-26.868498951058953],[-49.086689449890784,-26.868749349965803],[-49.086566620566835,-26.8688426054494]],[[-49.08200459230006,-26.863813339873378],[-49.08206322319747,-26.86378909296631],[-49.082069854058815,-26.86383784683818],[-49.08200459230006,-26.863813339873378]],[[-49.081177951015604,-26.855744974524868],[-49.0811301542065,-26.855704979656362],[-49.0811942244614,-26.855723841518053],[-49.081177951015604,-26.855744974524868]],[[-49.08110842149615,-26.85564970722815],[-49.08098349270432,-26.855659297282184],[-49.08106410420662,-26.85553632379539],[-49.08110842149615,-26.85564970722815]],[[-49.08351915177808,-26.85289272516164],[-49.08381934247667,-26.852498022300697],[-49.08391069417077,-26.852512111781007],[-49.083793754752115,-26.852886369854673],[-49.08351915177808,-26.85289272516164]],[[-49.08406117235969,-26.85266608223791],[-49.08410221914548,-26.852621257727193],[-49.08410498652135,-26.85266763218943],[-49.08406117235969,-26.85266608223791]],[[-49.084640008037546,-26.852547303105897],[-49.084614170944114,-26.85248008025257],[-49.08467450574351,-26.852542908818588],[-49.084640008037546,-26.852547303105897]],[[-49.08325322919785,-26.852517316396945],[-49.083329332713355,-26.852496392065415],[-49.08330707261515,-26.852565025293334],[-49.08325322919785,-26.852517316396945]],[[-49.08295967080078,-26.851403532701973],[-49.08255727209221,-26.851300751767674],[-49.08288394092509,-26.85102567317645],[-49.083005504488995,-26.851096243400054],[-49.08285546274933,-26.851326028073927],[-49.08295967080078,-26.851403532701973]],[[-49.08306063102922,-26.851114918408214],[-49.08347058268451,-26.850942923227585],[-49.083551349514444,-26.850986556294508],[-49.08306063102922,-26.851114918408214]],[[-49.083909758666806,-26.851896601171198],[-49.08400194127619,-26.852093975275192],[-49.08387565997432,-26.85219547020274],[-49.083797391720125,-26.852040178334555],[-49.083909758666806,-26.851896601171198]],[[-49.08447643453078,-26.852000134933864],[-49.084522054630106,-26.85203587998084],[-49.084469276690044,-26.852071701155765],[-49.08447643453078,-26.852000134933864]],[[-49.08388145883192,-26.85150247524297],[-49.08408097749639,-26.851506516186788],[-49.084056400886276,-26.851648541367958],[-49.08388145883192,-26.85150247524297]],[[-49.084427616744094,-26.85073994864042],[-49.084494338283484,-26.850736023335863],[-49.08449339244857,-26.850761019494612],[-49.084427616744094,-26.85073994864042]]]]}}]}
