{"type":"FeatureCollection","name":"cartaenchente_17m_2025_Simplificada","crs":{"type":"name","properties":{"name":"urn:ogc:def:crs:OGC:1.3:CRS84"}},"features":[{"type":"Feature","properties":{"Mancha":"Carta de enchente de 17 m de Blumenau 2025","Area_ha":2891.44194,"Fonte":"Universidade Regional de Blumenau"},"geometry":{"type":"MultiPolygon","coordinates":[[[[-49.07056603593223,-26.953758722291383],[-49.070470312079706,-26.95381175321834],[-49.07049660846667,-26.953825065071563],[-49.07056603593223,-26.953758722291383]]],[[[-49.073369062549126,-26.949191905540285],[-49.07335978708697,-26.94932813986424],[-49.073377923909526,-26.949348990069105],[-49.07338534819236,-26.94933860161775],[-49.073369062549126,-26.949191905540285]]],[[[-49.073366875291065,-26.948629355263165],[-49.07335218246396,-26.948867056509037],[-49.07336364729513,-26.948926294633672],[-49.073366875291065,-26.948629355263165]]],[[[-49.071763767888136,-26.94645144621315],[-49.0716320862348,-26.946456246459228],[-49.07177116894445,-26.946477493058318],[-49.071763767888136,-26.94645144621315]]],[[[-49.07133985932525,-26.945560353421467],[-49.07129300412489,-26.945619722373017],[-49.071315581329955,-26.94562725469216],[-49.07133985932525,-26.945560353421467]]],[[[-49.069857432808384,-26.94403538393868],[-49.069735820470896,-26.944093931565046],[-49.069863193924085,-26.944106568461503],[-49.069857432808384,-26.94403538393868]]],[[[-49.070994747793534,-26.943956004034106],[-49.070845668178826,-26.94399323266554],[-49.0710113071864,-26.944005593844018],[-49.070994747793534,-26.943956004034106]]],[[[-49.070489955898324,-26.943216850246106],[-49.070577158684245,-26.94325491838821],[-49.070524554143454,-26.943181251031795],[-49.070489955898324,-26.943216850246106]]],[[[-49.062227965571765,-26.938748200984122],[-49.06204559321989,-26.938890768363045],[-49.0620584147662,-26.938993952145466],[-49.06224077688437,-26.938842673833562],[-49.062204868391895,-26.938949324593352],[-49.062359435777346,-26.938969942618378],[-49.062227965571765,-26.938748200984122]]],[[[-49.061882564570226,-26.938480913664787],[-49.061788765491045,-26.938668837025563],[-49.06195586054068,-26.9387691085282],[-49.062041472962,-26.93866378412387],[-49.061882564570226,-26.938480913664787]]],[[[-49.04872478318796,-26.92929293438534],[-49.048613752679046,-26.92932599855371],[-49.04873322987751,-26.929338819041647],[-49.04872478318796,-26.92929293438534]]],[[[-49.04094629669201,-26.928036817327957],[-49.04095073100539,-26.92806543124663],[-49.040982043104265,-26.92805505964156],[-49.04094629669201,-26.928036817327957]]],[[[-49.0392540283904,-26.927712789041582],[-49.039264412871574,-26.927674194141524],[-49.039084264107075,-26.927699398288862],[-49.0392540283904,-26.927712789041582]]],[[[-49.07595170643296,-26.925165300513733],[-49.07589369394317,-26.925145066715704],[-49.07592092527305,-26.925211526734742],[-49.07595170643296,-26.925165300513733]]],[[[-49.07613627925296,-26.92492998666145],[-49.076023929125604,-26.925078804574984],[-49.07615599408479,-26.925148348387804],[-49.076186509329865,-26.925018761252232],[-49.07613627925296,-26.92492998666145]]],[[[-49.10402063212512,-26.924687670071364],[-49.10389851821712,-26.924270741746863],[-49.10388015992239,-26.924729650017596],[-49.104283646253435,-26.92491791024653],[-49.10491419542623,-26.9237029394956],[-49.10431674786146,-26.924733227331686],[-49.10402063212512,-26.924687670071364]]],[[[-49.10151487566792,-26.922549337332082],[-49.101413493003015,-26.922877404236083],[-49.10181007469296,-26.92337326650429],[-49.102271852991564,-26.923674065659345],[-49.10370971724338,-26.924075740172793],[-49.104025908643024,-26.924295216882875],[-49.10381416256973,-26.9239328575952],[-49.102261877445585,-26.923487111819664],[-49.101852052127335,-26.923158849502595],[-49.10151487566792,-26.922549337332082]]],[[[-49.069367132541934,-26.92112413313705],[-49.069599924809594,-26.92122401956398],[-49.069359459873176,-26.921039995610023],[-49.069367132541934,-26.92112413313705]]],[[[-49.099947803777944,-26.92139176225464],[-49.09985851027892,-26.921397914322274],[-49.09995586539081,-26.9214262898779],[-49.099947803777944,-26.92139176225464]]],[[[-49.069022936613564,-26.920787246708734],[-49.06899294690178,-26.92093976760592],[-49.069372050803345,-26.92127897035494],[-49.06915961991895,-26.920891521193397],[-49.069022936613564,-26.920787246708734]]],[[[-49.099815048734705,-26.921050412750017],[-49.099677038079946,-26.921081378288047],[-49.099811819865906,-26.921141617649784],[-49.099815048734705,-26.921050412750017]]],[[[-49.06850836339151,-26.9201725274099],[-49.06842281118382,-26.92015988215143],[-49.06844526914913,-26.92020524572055],[-49.06850836339151,-26.9201725274099]]],[[[-49.0698177398329,-26.919719408762834],[-49.06966964870066,-26.9196742184656],[-49.06985247680105,-26.91977149348097],[-49.0698177398329,-26.919719408762834]]],[[[-49.08607710830257,-26.919413631435063],[-49.085977105048066,-26.919545913818148],[-49.086081382099614,-26.919650115467242],[-49.086172143358716,-26.919514310332286],[-49.08607710830257,-26.919413631435063]]],[[[-49.092593147898086,-26.919425176447668],[-49.092428772349635,-26.919450910856945],[-49.09242618432612,-26.919538602211748],[-49.092593147898086,-26.919425176447668]]],[[[-49.06596039653962,-26.915455707398504],[-49.065861922131,-26.915485378080703],[-49.06593866907943,-26.915511964526708],[-49.06596039653962,-26.915455707398504]]],[[[-49.095702423073085,-26.914726104685055],[-49.095311765251274,-26.915009587291987],[-49.09474358014564,-26.915265611090547],[-49.095799013300066,-26.915253496381847],[-49.09588956432603,-26.91513738837126],[-49.095702423073085,-26.914726104685055]]],[[[-49.06316925132748,-26.913248608109594],[-49.06312640927647,-26.913384795115302],[-49.06340063141589,-26.913412482420565],[-49.06337471555075,-26.913297823042452],[-49.06316925132748,-26.913248608109594]]],[[[-49.100280455746606,-26.911864359052878],[-49.100647510160265,-26.91158686413797],[-49.10071040389249,-26.91165694073643],[-49.10118614488023,-26.911384015699774],[-49.10068081573045,-26.91151306861721],[-49.10049322698713,-26.91143994681052],[-49.100280455746606,-26.911864359052878]],[[-49.10055536579941,-26.91153183987053],[-49.1005810814475,-26.911613351305434],[-49.100527393869534,-26.911549998286993],[-49.10055536579941,-26.91153183987053]]],[[[-49.10052724543571,-26.911342554160967],[-49.10066270646841,-26.91143927111745],[-49.10076370747836,-26.91140055185626],[-49.10071064304898,-26.911339514691537],[-49.10052724543571,-26.911342554160967]]],[[[-49.10292070082928,-26.911072163713968],[-49.10226447214597,-26.91128438015263],[-49.10162945504935,-26.91140983220349],[-49.10198802702622,-26.911410860927138],[-49.10292070082928,-26.911072163713968]]],[[[-49.02416553793989,-26.90928474060426],[-49.024067732919384,-26.909568893893738],[-49.02494812090802,-26.911059135343663],[-49.024974550834635,-26.91008856726199],[-49.02526643954047,-26.909563386742224],[-49.02472019780015,-26.90958127318237],[-49.02416553793989,-26.90928474060426]]],[[[-49.08950069757358,-26.909717202930928],[-49.08940591113688,-26.909729491678252],[-49.08957880296758,-26.909784835853333],[-49.08950069757358,-26.909717202930928]]],[[[-49.08084515736602,-26.909331389245114],[-49.08082204378884,-26.90936538955866],[-49.08087944558095,-26.90937511549466],[-49.08084515736602,-26.909331389245114]]],[[[-49.04755315328072,-26.908630337640894],[-49.0473986872116,-26.908655056072647],[-49.04739761196433,-26.90872630176175],[-49.04755315328072,-26.908630337640894]]],[[[-49.045944763656266,-26.908457403393395],[-49.04584111934572,-26.90844539544969],[-49.04601546564596,-26.90854205939136],[-49.045944763656266,-26.908457403393395]]],[[[-49.07463096971186,-26.908770829596463],[-49.07455663378413,-26.908754826322866],[-49.07456969797712,-26.908788546086956],[-49.07463096971186,-26.908770829596463]]],[[[-49.074432154979846,-26.908566837097954],[-49.07435429102113,-26.908605735748335],[-49.07443157344411,-26.90864856529751],[-49.074432154979846,-26.908566837097954]]],[[[-49.04491330393825,-26.90761216416605],[-49.044833923082706,-26.90764527184822],[-49.04490739885287,-26.907669558542796],[-49.04491330393825,-26.90761216416605]]],[[[-49.04475288687265,-26.907576817092167],[-49.044760502725005,-26.90763484526054],[-49.044804545590154,-26.907634601574802],[-49.04475288687265,-26.907576817092167]]],[[[-49.01879063402174,-26.907217928806578],[-49.01869441537898,-26.90720913087352],[-49.01881667282022,-26.90724274491665],[-49.01879063402174,-26.907217928806578]]],[[[-49.01219736092719,-26.906135557904793],[-49.01214572726089,-26.90605711765194],[-49.01217735855233,-26.906158286043112],[-49.01219736092719,-26.906135557904793]]],[[[-49.07601513064171,-26.906914848194383],[-49.075897177699666,-26.90687853522722],[-49.07597219057602,-26.90695362929755],[-49.07601513064171,-26.906914848194383]]],[[[-49.145296521988456,-26.90746267068234],[-49.14518120205453,-26.907492694109855],[-49.14517401740776,-26.90754657532202],[-49.145296521988456,-26.90746267068234]]],[[[-49.145487423735794,-26.907480312092343],[-49.14541636022891,-26.90747025593009],[-49.14542607174962,-26.907492150664748],[-49.145487423735794,-26.907480312092343]]],[[[-49.07548313286755,-26.90640131666613],[-49.07539996965252,-26.906425957965464],[-49.07543563049111,-26.90646536668384],[-49.07548313286755,-26.90640131666613]]],[[[-49.04206038307036,-26.905733501292996],[-49.041944585654136,-26.90572555281854],[-49.04197850938268,-26.905811674487875],[-49.04206038307036,-26.905733501292996]]],[[[-49.01615568742281,-26.905113949122228],[-49.016115342351505,-26.905144125642625],[-49.01614478337989,-26.905155288565656],[-49.01615568742281,-26.905113949122228]]],[[[-49.04204757491968,-26.90562834189519],[-49.042234020116275,-26.90570740828104],[-49.04232250065981,-26.905417211993885],[-49.042127698362165,-26.905360348247715],[-49.04204757491968,-26.90562834189519]]],[[[-49.04249076043561,-26.90492582362744],[-49.04220583811811,-26.90508522337247],[-49.042201140246064,-26.90521767773124],[-49.04241142188188,-26.905215459011657],[-49.04249076043561,-26.90492582362744]]],[[[-49.088320410914164,-26.905427007015376],[-49.088272594530636,-26.905530427796133],[-49.088441085021124,-26.905516401487933],[-49.088320410914164,-26.905427007015376]]],[[[-49.14685727097717,-26.90542212844183],[-49.146768797122625,-26.90540329389775],[-49.14676931098692,-26.90548197364176],[-49.14685727097717,-26.90542212844183]]],[[[-49.04247804496883,-26.902731511411456],[-49.042433575650385,-26.902713023107466],[-49.04245020509938,-26.90279388951715],[-49.04247804496883,-26.902731511411456]]],[[[-49.04240313963303,-26.902620421227752],[-49.042310515678686,-26.902642841474975],[-49.0424297471834,-26.902645838030796],[-49.04240313963303,-26.902620421227752]]],[[[-49.091747871079384,-26.90296551029928],[-49.09169008999538,-26.90299256678811],[-49.09176951321653,-26.903008100193187],[-49.091747871079384,-26.90296551029928]]],[[[-49.13461848868362,-26.90305922366949],[-49.13453571775931,-26.903076971852098],[-49.134501488537175,-26.903118168273647],[-49.13461848868362,-26.90305922366949]]],[[[-49.15048115658418,-26.90305432638746],[-49.150409998488385,-26.903091665937914],[-49.15049816043794,-26.903106264951724],[-49.15048115658418,-26.90305432638746]]],[[[-49.13489747013224,-26.902807962616045],[-49.134832524245326,-26.90290970213428],[-49.13470962738652,-26.903005401992917],[-49.13486933946846,-26.90294653849615],[-49.13489747013224,-26.902807962616045]]],[[[-49.043913454130184,-26.901277193879405],[-49.0438546911504,-26.901405147106292],[-49.043965525442935,-26.901439728720007],[-49.044010387120835,-26.901342657253764],[-49.043913454130184,-26.901277193879405]]],[[[-49.14606980838744,-26.90251429593281],[-49.14531284353749,-26.902895896255863],[-49.144904453143916,-26.902856349971444],[-49.143802712980836,-26.903666989277223],[-49.14412382055626,-26.903672003761574],[-49.14596065762603,-26.902898464047986],[-49.14631492384093,-26.902960275053697],[-49.14633061742567,-26.902638760005978],[-49.14606980838744,-26.90251429593281]]],[[[-49.03352297282657,-26.90088183171042],[-49.033701616192225,-26.901080372954464],[-49.03399405820567,-26.900952436946334],[-49.03365194558803,-26.900943490454477],[-49.03352297282657,-26.90088183171042]]],[[[-49.07890738263935,-26.901517987159263],[-49.07867910452387,-26.90150462939105],[-49.07880418831999,-26.901646725879488],[-49.07891491089614,-26.901907534716283],[-49.07890738263935,-26.901517987159263]]],[[[-49.03345571677207,-26.900804605712423],[-49.0333534132658,-26.90080913969607],[-49.033406209238684,-26.900858168722895],[-49.03345571677207,-26.900804605712423]]],[[[-49.078542791230454,-26.901288568903215],[-49.07842525508668,-26.901357582386627],[-49.07848628729243,-26.901429400471663],[-49.078540386121134,-26.901426235051915],[-49.078542791230454,-26.901288568903215]]],[[[-49.077947245530815,-26.90111090567261],[-49.07786937785127,-26.9011744085825],[-49.07799860224616,-26.901416457204185],[-49.078034694056136,-26.90135861361172],[-49.077947245530815,-26.90111090567261]]],[[[-49.079307586117515,-26.901104728246754],[-49.079090302164545,-26.901381080245894],[-49.07933222316322,-26.901392420063534],[-49.079307586117515,-26.901104728246754]]],[[[-49.04050859372595,-26.90031211372076],[-49.04050029247738,-26.900399521927266],[-49.04052254742031,-26.900396472912615],[-49.04050859372595,-26.90031211372076]]],[[[-49.07745688764669,-26.900718165943246],[-49.07704235506683,-26.900974911431728],[-49.077237011713606,-26.90122314459969],[-49.07773030004174,-26.90094550588467],[-49.07745688764669,-26.900718165943246]]],[[[-49.14933842914779,-26.90153039113121],[-49.149248304253604,-26.901560253518344],[-49.14936535122887,-26.90154740708881],[-49.14933842914779,-26.90153039113121]]],[[[-49.139041158449864,-26.90127338830626],[-49.138783300032095,-26.901384347416013],[-49.13911621740615,-26.902151118341646],[-49.139170136405866,-26.90149759820488],[-49.139041158449864,-26.90127338830626]]],[[[-49.020177501131556,-26.89966946691206],[-49.020130336226636,-26.89966115854813],[-49.0201489115241,-26.899710998418996],[-49.020177501131556,-26.89966946691206]]],[[[-49.13498823601897,-26.90085854641778],[-49.135653498324665,-26.901397844852553],[-49.13538320431606,-26.901568139913326],[-49.13514192469823,-26.90197693370405],[-49.134950950834224,-26.90273540565065],[-49.135322195762136,-26.901761646413608],[-49.13573070135655,-26.901334649264086],[-49.13498823601897,-26.90085854641778]]],[[[-49.13451286898833,-26.900434279238297],[-49.134518459489044,-26.90059827364773],[-49.134882960234286,-26.900759270993884],[-49.13486443731942,-26.90066971213116],[-49.13451286898833,-26.900434279238297]]],[[[-49.087645905429554,-26.89949553169013],[-49.08768865428613,-26.89945834458352],[-49.08763330768781,-26.899396932350683],[-49.087645905429554,-26.89949553169013]]],[[[-49.13506572685077,-26.89934336177745],[-49.13453301966065,-26.900141124750373],[-49.13455961244965,-26.900233273402204],[-49.13490880473939,-26.90004205758038],[-49.13513978255909,-26.899554619490644],[-49.13506572685077,-26.89934336177745]]],[[[-49.14794453318754,-26.899492181761563],[-49.14790114239247,-26.899609553492855],[-49.147948258397136,-26.899807607201378],[-49.14803488927808,-26.899601774295434],[-49.14794453318754,-26.899492181761563]]],[[[-49.14386505142647,-26.89941423569842],[-49.14384257673996,-26.899691762552994],[-49.14409464892742,-26.899726186151707],[-49.14408850393659,-26.899455552030282],[-49.14386505142647,-26.89941423569842]]],[[[-49.140203113414685,-26.89935351929787],[-49.139979558374144,-26.899504106731065],[-49.13940518840093,-26.899361650680806],[-49.13969881413114,-26.89969943675113],[-49.13971787399524,-26.900274648044824],[-49.14057620195597,-26.900060767787327],[-49.14086633533929,-26.900349782281996],[-49.141098689951406,-26.899458218286423],[-49.14051752857822,-26.899403910244125],[-49.14038029464077,-26.899582896331204],[-49.140203113414685,-26.89935351929787]]],[[[-49.14334847364081,-26.89908125500156],[-49.14298699165385,-26.89916588257268],[-49.14303630071176,-26.899424719294327],[-49.14335132133697,-26.899441403583122],[-49.14334847364081,-26.89908125500156]]],[[[-49.14976755211901,-26.8992294592657],[-49.14954847711421,-26.899248983549384],[-49.14949703519825,-26.89945212710683],[-49.14976755211901,-26.8992294592657]]],[[[-49.05837300218077,-26.897119884430182],[-49.0582997186179,-26.897103397106036],[-49.058388472788415,-26.89716130706661],[-49.05837300218077,-26.897119884430182]]],[[[-49.13511145375164,-26.899069408967485],[-49.1355408069888,-26.899322947525977],[-49.135760102075956,-26.899272189124357],[-49.13571504460083,-26.898976490261116],[-49.135385986596745,-26.898723660646784],[-49.13551387028763,-26.898378879789792],[-49.13542746021012,-26.898069970946757],[-49.13509149029625,-26.898884801045174],[-49.13511145375164,-26.899069408967485]]],[[[-49.06489927547672,-26.896923593148184],[-49.06480720442904,-26.896953978754905],[-49.06487543394315,-26.896976576287788],[-49.06489927547672,-26.896923593148184]]],[[[-49.06239392631885,-26.896541834411256],[-49.062306203174195,-26.896544638807246],[-49.062394141499574,-26.89655504819105],[-49.06239392631885,-26.896541834411256]]],[[[-49.06115871886975,-26.896483014639866],[-49.06113604371242,-26.89652324846083],[-49.061160711379856,-26.896497740551677],[-49.06115871886975,-26.896483014639866]]],[[[-49.06107812467504,-26.896429087219246],[-49.060977021487936,-26.8965187662514],[-49.06098350847065,-26.89658481428906],[-49.06107812467504,-26.896429087219246]]],[[[-49.13454327520839,-26.89708848502833],[-49.134575573031185,-26.897226678076677],[-49.13472104170577,-26.897163756680364],[-49.13469459103501,-26.897090934038367],[-49.13454327520839,-26.89708848502833]]],[[[-49.062480920826204,-26.896136378181634],[-49.062412068795716,-26.896139401820697],[-49.06246405894597,-26.89616674840272],[-49.062480920826204,-26.896136378181634]]],[[[-49.13445359753734,-26.8970617636103],[-49.13434862263961,-26.897086259151052],[-49.1344616560416,-26.897075073234756],[-49.13445359753734,-26.8970617636103]]],[[[-49.05769176714497,-26.89534630630464],[-49.057389799100164,-26.895868846161697],[-49.0576956221399,-26.896140378759473],[-49.05794884714036,-26.896153088044358],[-49.058010944096125,-26.895663891255825],[-49.05769176714497,-26.89534630630464]]],[[[-49.131560038754806,-26.894626203154985],[-49.13193348891665,-26.89518510338388],[-49.13233924069575,-26.89550833463692],[-49.13261482486903,-26.895632645253336],[-49.131560038754806,-26.894626203154985]]],[[[-49.13025792898136,-26.894116348509566],[-49.13045483052766,-26.894375466397793],[-49.131422670149,-26.894556829735137],[-49.13130728133171,-26.89446107027555],[-49.13025792898136,-26.894116348509566]]],[[[-49.13877327017311,-26.89404876622773],[-49.13873273705868,-26.89405157903953],[-49.13877834992503,-26.894130295617728],[-49.13877327017311,-26.89404876622773]]],[[[-49.121664725974796,-26.893747655176092],[-49.121605319837194,-26.89375060875345],[-49.1216403209212,-26.893773424958653],[-49.121664725974796,-26.893747655176092]]],[[[-49.12101186417628,-26.89367328548007],[-49.12091923896923,-26.893715753913018],[-49.121051354623596,-26.893696605259976],[-49.12101186417628,-26.89367328548007]]],[[[-49.121261993861005,-26.893637025480558],[-49.12114141168338,-26.893613856870676],[-49.121152829434216,-26.89371260632919],[-49.121261993861005,-26.893637025480558]]],[[[-49.122668165860766,-26.893473335128537],[-49.1226052170809,-26.893557930013408],[-49.12260494303953,-26.8935971548515],[-49.122623844717054,-26.893581387572013],[-49.122668165860766,-26.893473335128537]]],[[[-49.12270771017897,-26.893009250831536],[-49.12267716974317,-26.89310019120204],[-49.12269482782898,-26.893163245041535],[-49.12270771017897,-26.893009250831536]]],[[[-49.12762897516776,-26.893045268565093],[-49.12800883259554,-26.89354071346939],[-49.129018535889074,-26.893747287171703],[-49.12945959479974,-26.894020784119615],[-49.130132540525935,-26.8940975274726],[-49.1299614374562,-26.893880838265144],[-49.12948773129381,-26.893699657345245],[-49.12948777485649,-26.89334160561478],[-49.1280543743816,-26.893278665192103],[-49.127975560308194,-26.89312003051598],[-49.12762897516776,-26.893045268565093]]],[[[-49.12232956315662,-26.893009647849784],[-49.12227070572259,-26.892993724475698],[-49.12231847041998,-26.893053626853295],[-49.12232956315662,-26.893009647849784]]],[[[-49.12859434496569,-26.892857859095876],[-49.12845558889941,-26.892870711757958],[-49.1284399234655,-26.89289615972607],[-49.12857147935003,-26.892961102297477],[-49.12859434496569,-26.892857859095876]]],[[[-49.15048705139636,-26.893032343000126],[-49.15034815001989,-26.893102877600324],[-49.15043411648096,-26.89328196039614],[-49.1505666450359,-26.89321776629538],[-49.15048705139636,-26.893032343000126]]],[[[-49.121664525664094,-26.892637884873775],[-49.12133132998553,-26.892933986828808],[-49.12171862197122,-26.89307139348008],[-49.12192072573337,-26.89290273302454],[-49.121664525664094,-26.892637884873775]]],[[[-49.15069923118207,-26.893000863935516],[-49.15093984228677,-26.893339912314804],[-49.15144307224621,-26.89348608747531],[-49.15125799797152,-26.893152205649162],[-49.15069923118207,-26.893000863935516]]],[[[-49.04524796275857,-26.891614241344413],[-49.04513832408984,-26.89166263544975],[-49.04514981706186,-26.891712722119664],[-49.04524796275857,-26.891614241344413]]],[[[-49.122945631461796,-26.89256025335221],[-49.12280077991511,-26.89268942800589],[-49.122746252283356,-26.892861025925182],[-49.122945631461796,-26.89256025335221]]],[[[-49.149801271730176,-26.89282228845326],[-49.14971547973075,-26.893169758864865],[-49.150222244890664,-26.893342348128247],[-49.14996565555207,-26.89294231248945],[-49.149801271730176,-26.89282228845326]]],[[[-49.085301463964484,-26.89086480130753],[-49.08518616091678,-26.890861765667115],[-49.08527435788034,-26.890926870836374],[-49.085301463964484,-26.89086480130753]]],[[[-49.15199118560205,-26.89169933880702],[-49.151526087588515,-26.892035590257787],[-49.15164300496965,-26.892162009187093],[-49.15141794858339,-26.892122018706576],[-49.15136548860716,-26.89303401149072],[-49.15146215188716,-26.89264199439872],[-49.15177294911749,-26.89274889260137],[-49.15187603864148,-26.89264429584852],[-49.15178913625422,-26.892096925898127],[-49.15199118560205,-26.89169933880702]]],[[[-49.1178342933825,-26.89113922192448],[-49.11777241909626,-26.891169975228976],[-49.1178345203158,-26.891174894788428],[-49.1178342933825,-26.89113922192448]]],[[[-49.07119556614118,-26.890501864523934],[-49.07113335073917,-26.89044054803725],[-49.07110638564179,-26.890492429784885],[-49.07119556614118,-26.890501864523934]]],[[[-49.11403885777773,-26.89046794229599],[-49.11391225548454,-26.890597853187167],[-49.11383154243531,-26.890774561789502],[-49.113953058286135,-26.890687638824588],[-49.11403885777773,-26.89046794229599]]],[[[-49.07026685132074,-26.888748802160507],[-49.06998914243655,-26.88879946114079],[-49.07000469143782,-26.888959246149813],[-49.070717494607344,-26.88893174028457],[-49.07026685132074,-26.888748802160507]]],[[[-49.06150532712811,-26.888543634071077],[-49.061399629394046,-26.88858636162459],[-49.06139184481753,-26.88861180710616],[-49.06150532712811,-26.888543634071077]]],[[[-49.11967349171882,-26.889066291254522],[-49.119250979979974,-26.889473222310965],[-49.119299180850305,-26.889894209704714],[-49.11967349171882,-26.889066291254522]]],[[[-49.153824064291655,-26.889360759467383],[-49.15466779929034,-26.88973037126473],[-49.155014244674305,-26.889598020145],[-49.15445180841623,-26.889365022093994],[-49.15440753839206,-26.8895664697575],[-49.15419604228352,-26.88938538361884],[-49.153824064291655,-26.889360759467383]]],[[[-49.09272852600837,-26.88811180047587],[-49.092655520583214,-26.888139101743445],[-49.092676290712525,-26.88815827967022],[-49.09272852600837,-26.88811180047587]]],[[[-49.14002568105843,-26.8885900925587],[-49.13989310598496,-26.8887972917239],[-49.139899028694565,-26.888987687210783],[-49.14027972087022,-26.88881383830509],[-49.14002568105843,-26.8885900925587]]],[[[-49.111931626379594,-26.887891399119965],[-49.11185342634963,-26.887924433516613],[-49.111883499401436,-26.88796420770226],[-49.111931626379594,-26.887891399119965]]],[[[-49.11830363491888,-26.8878418112325],[-49.11826539516651,-26.88785429617348],[-49.118242937212976,-26.887921507949788],[-49.11830363491888,-26.8878418112325]]],[[[-49.057540642762156,-26.88693278834009],[-49.05744778276259,-26.887089941606057],[-49.05768819438076,-26.887120694904482],[-49.0577172816404,-26.887032071447255],[-49.057540642762156,-26.88693278834009]]],[[[-49.11890552279493,-26.88733531120176],[-49.11876561699088,-26.887570775669257],[-49.11871561361323,-26.888168132218464],[-49.11918682721079,-26.88757345125331],[-49.11890552279493,-26.88733531120176]]],[[[-49.11833313813703,-26.88708704581787],[-49.11733831866903,-26.887306411465374],[-49.117358488200445,-26.887624086060192],[-49.11827338775129,-26.88767507245199],[-49.118458157810245,-26.887361105922665],[-49.11826719457872,-26.88729969578478],[-49.11833313813703,-26.88708704581787]]],[[[-49.11777672750076,-26.891107251044954],[-49.11786468244593,-26.890974446619957],[-49.11715800457047,-26.890676438176012],[-49.11619816464847,-26.889651678604533],[-49.116029824675344,-26.88912405633557],[-49.11511475969364,-26.889343243545653],[-49.1147948643132,-26.889246636308695],[-49.11474926071455,-26.888725558412077],[-49.11509466953365,-26.888300110971368],[-49.11489973272879,-26.887972871111128],[-49.114357837565365,-26.887572280797386],[-49.11442206615704,-26.887319918363666],[-49.114599312731315,-26.887546742647274],[-49.11470375472726,-26.88724217895663],[-49.11433687077908,-26.886852930206242],[-49.11415869094774,-26.8869405280539],[-49.11389230395553,-26.887629819095267],[-49.11349250507204,-26.887602130219033],[-49.113445307965605,-26.886092454603414],[-49.11331283005666,-26.886296843154344],[-49.11313421727766,-26.886219910690258],[-49.11288712659468,-26.886351751264435],[-49.11267339695119,-26.886235396842807],[-49.112442641894255,-26.886582952188387],[-49.11177885416382,-26.887019078537563],[-49.111433514101094,-26.886791663886164],[-49.11117373272064,-26.88696611492783],[-49.110986369039686,-26.886738021836404],[-49.11072261947964,-26.887366773112653],[-49.110068928354934,-26.887648441417372],[-49.10971957072431,-26.88745739145034],[-49.10946198028336,-26.88755735352456],[-49.10942254607915,-26.887946633086077],[-49.1091416010064,-26.88814197708167],[-49.10935814559934,-26.88816108176551],[-49.11010923203512,-26.887770385230436],[-49.11176468856357,-26.887594475390973],[-49.11202731813906,-26.88781466785462],[-49.11249469624615,-26.88759816077905],[-49.11312131898054,-26.8879562607395],[-49.11315625894722,-26.888454431189345],[-49.11357707150985,-26.888098475796266],[-49.11407001558814,-26.888384894903414],[-49.113409850606885,-26.889249453191695],[-49.1132294843291,-26.88913487066863],[-49.113169791781935,-26.888765840550093],[-49.11319811710504,-26.889307987338814],[-49.11414699781544,-26.89040875867169],[-49.11421385502941,-26.89023411261156],[-49.11462655220114,-26.890155238454735],[-49.11461817796458,-26.890349377034475],[-49.11513286038634,-26.89045181743596],[-49.11570656694547,-26.89014130463666],[-49.115938610545875,-26.890201148023003],[-49.115780125894965,-26.890469531295107],[-49.11594460172414,-26.8907632457636],[-49.11571207509875,-26.891299681205567],[-49.116072391902875,-26.891291178677903],[-49.11606772988794,-26.89198739226402],[-49.11547806673656,-26.892011942888946],[-49.11558834616932,-26.89212926168007],[-49.11542746938339,-26.89218764466564],[-49.115581325076825,-26.89237991221434],[-49.11613454057228,-26.89244766518702],[-49.11614640337441,-26.892844571182327],[-49.11594460105112,-26.89301124545926],[-49.11609299989995,-26.893116434318006],[-49.11635037851898,-26.893032167400914],[-49.116361220435586,-26.892565811098912],[-49.11698132640995,-26.892784520811475],[-49.11672922085836,-26.892681664975466],[-49.11668010458872,-26.892349106841614],[-49.11633897083318,-26.892165087641914],[-49.11643573827014,-26.891661944050608],[-49.116327646353525,-26.891267085595267],[-49.1164571207334,-26.89102669139003],[-49.11747027508458,-26.890956606351043],[-49.11777672750076,-26.891107251044954]],[[-49.11426930751938,-26.890023014513876],[-49.11431897945369,-26.890186953691515],[-49.11423771088622,-26.890180412472542],[-49.11426930751938,-26.890023014513876]],[[-49.11473254202534,-26.890056867883516],[-49.11465935226165,-26.88999325056921],[-49.114674209040125,-26.88990780864224],[-49.114835427921456,-26.889986312486062],[-49.11473254202534,-26.890056867883516]],[[-49.11492644096861,-26.889839157045657],[-49.11480706154413,-26.889770368340905],[-49.114810989602354,-26.889760985369254],[-49.11492644096861,-26.889839157045657]],[[-49.114535100936436,-26.8897327523373],[-49.11455578591899,-26.88962602160295],[-49.11457707966647,-26.889623845273476],[-49.114535100936436,-26.8897327523373]],[[-49.115800854833125,-26.889627022207243],[-49.11554795883137,-26.889443692120665],[-49.11598789982799,-26.889218065359284],[-49.116051473671234,-26.889499912570674],[-49.115800854833125,-26.889627022207243]],[[-49.11402661842717,-26.888255458424094],[-49.11364644088704,-26.887992005459147],[-49.113684007624734,-26.887895045959656],[-49.11411708015992,-26.888065816781147],[-49.11402661842717,-26.888255458424094]],[[-49.11327863382577,-26.887916766884572],[-49.11337579163388,-26.88803389096682],[-49.11335056196079,-26.888082824805625],[-49.11318776458495,-26.888000102981785],[-49.11327863382577,-26.887916766884572]],[[-49.1128828301894,-26.8869735581453],[-49.11279135286632,-26.886882438342603],[-49.11293817936892,-26.886979568487064],[-49.1128828301894,-26.8869735581453]]],[[[-49.12319462533311,-26.885530566110116],[-49.123067487497025,-26.885661419706697],[-49.12311724175478,-26.88585801038401],[-49.12340774259363,-26.885656568499638],[-49.12319462533311,-26.885530566110116]],[[-49.12322215055533,-26.88565179948667],[-49.123276707400294,-26.88569513535344],[-49.12320891940581,-26.885677417646058],[-49.12322215055533,-26.88565179948667]]],[[[-49.12297672436418,-26.885251623816032],[-49.122888765177976,-26.885201312557264],[-49.12295005284863,-26.88533363517634],[-49.12297672436418,-26.885251623816032]]],[[[-49.13841322348784,-26.885142855281757],[-49.138257036357956,-26.885110678969973],[-49.138187777555814,-26.885144909381886],[-49.13841322348784,-26.885142855281757]]],[[[-49.12291666857405,-26.884899619765015],[-49.12287120749237,-26.885060727464765],[-49.12289657196452,-26.88511950999058],[-49.12291666857405,-26.884899619765015]]],[[[-49.147355936541786,-26.884841123789244],[-49.147065031053934,-26.885197029056936],[-49.147199761199204,-26.886057009815993],[-49.14700830723607,-26.886633303400824],[-49.14718995806786,-26.886791480716532],[-49.14723062299195,-26.886546453704828],[-49.14773020904308,-26.886958579677128],[-49.14779073076181,-26.886517360862683],[-49.147630005288775,-26.88632439849755],[-49.1478445052608,-26.886199638044754],[-49.14794692610919,-26.885618555159574],[-49.147355936541786,-26.884841123789244]]],[[[-49.149591833961374,-26.884266658826274],[-49.14915797606929,-26.884382019517822],[-49.149721927641345,-26.884838007107714],[-49.149833873112556,-26.8855163559558],[-49.149791444407825,-26.88481753500141],[-49.14995159451117,-26.8847838206629],[-49.149591833961374,-26.884266658826274]],[[-49.14943402148804,-26.884369442868213],[-49.14943834701137,-26.884418235855215],[-49.1493766660655,-26.884396403326605],[-49.14943402148804,-26.884369442868213]]],[[[-49.08619639119044,-26.882505921183267],[-49.086163546912836,-26.8824825613426],[-49.08617456137988,-26.88257291327729],[-49.08619639119044,-26.882505921183267]]],[[[-49.086240387211504,-26.882390942914288],[-49.08629084545549,-26.88233765500872],[-49.08625057299472,-26.882304980965635],[-49.086240387211504,-26.882390942914288]]],[[[-49.08573092231268,-26.882130771700858],[-49.085661924454364,-26.88215421134721],[-49.08568315779792,-26.88218890802283],[-49.08573092231268,-26.882130771700858]]],[[[-49.10162932613435,-26.882201938870214],[-49.10037014028091,-26.88282369457326],[-49.100391775179574,-26.883234638707762],[-49.10098607750428,-26.88350182343421],[-49.10136838398459,-26.88345861854898],[-49.1013713845885,-26.882985119763454],[-49.101909130838656,-26.882504371787032],[-49.10162932613435,-26.882201938870214]]],[[[-49.08608854146774,-26.88201019046297],[-49.08605387930206,-26.881993268178455],[-49.086071713973155,-26.88205380776176],[-49.08608854146774,-26.88201019046297]]],[[[-49.14191814267949,-26.882444721501056],[-49.14192371910139,-26.882542708106175],[-49.141936663974256,-26.882550018845873],[-49.141969906911484,-26.88250017332473],[-49.14191814267949,-26.882444721501056]]],[[[-49.10437744306045,-26.881339061435686],[-49.10439134143637,-26.881448855306317],[-49.10456580606834,-26.881771950705126],[-49.10452099223926,-26.881407586297616],[-49.10437744306045,-26.881339061435686]]],[[[-49.13833293812104,-26.88131580482734],[-49.138175009751514,-26.88133581228519],[-49.13833118858256,-26.881391797870297],[-49.13833293812104,-26.88131580482734]]],[[[-49.0863001654237,-26.88010153397067],[-49.08626191803861,-26.880074169674042],[-49.086249855795906,-26.88015107833643],[-49.0863001654237,-26.88010153397067]]],[[[-49.136892343135415,-26.880441920003083],[-49.13674704642263,-26.880390480988837],[-49.13701361526949,-26.880612987172917],[-49.136892343135415,-26.880441920003083]]],[[[-49.11511557184488,-26.87901251523177],[-49.114996216450464,-26.879083278487894],[-49.115023896390596,-26.879124705558148],[-49.11511557184488,-26.87901251523177]]],[[[-49.09513222734183,-26.878783947312137],[-49.095006957994116,-26.878704553626758],[-49.09510660282803,-26.87883373265285],[-49.09513222734183,-26.878783947312137]]],[[[-49.08685725317969,-26.87852614329868],[-49.086767959355996,-26.878553573351347],[-49.086816637765985,-26.878575093177293],[-49.08685725317969,-26.87852614329868]]],[[[-49.11286730390024,-26.87839500504185],[-49.11282644158467,-26.87836229321876],[-49.11280404529755,-26.878392125124126],[-49.11286730390024,-26.87839500504185]]],[[[-49.09568263465209,-26.878117875322644],[-49.095645532396865,-26.878236030649365],[-49.09564867542982,-26.878303984781358],[-49.09568263465209,-26.878117875322644]]],[[[-49.113342574784305,-26.87785560187957],[-49.113278912269465,-26.87790185852821],[-49.113375086188256,-26.877905786295095],[-49.113342574784305,-26.87785560187957]]],[[[-49.11341489871289,-26.877705615984198],[-49.11330206153826,-26.87775840160694],[-49.11340126725583,-26.877780120111634],[-49.11341489871289,-26.877705615984198]]],[[[-49.08154184849487,-26.876729752252697],[-49.081439875060596,-26.876926942960424],[-49.08173418866483,-26.877222094320263],[-49.081766688491335,-26.87707534770837],[-49.08154184849487,-26.876729752252697]]],[[[-49.07906795681157,-26.875882734864966],[-49.07906312124358,-26.87599129815328],[-49.079210399031126,-26.87600503144593],[-49.07906795681157,-26.875882734864966]]],[[[-49.07837183174488,-26.875800959344524],[-49.078312248316784,-26.875859057994102],[-49.078456136268876,-26.875850188742987],[-49.07837183174488,-26.875800959344524]]],[[[-49.14599679212878,-26.87645864950683],[-49.14602944515373,-26.876611896255717],[-49.14616870974795,-26.876655836819598],[-49.14617173263807,-26.876630647456828],[-49.14599679212878,-26.87645864950683]]],[[[-49.14531988360555,-26.87630427155164],[-49.14512176483747,-26.876803571584787],[-49.14526252865857,-26.87706599240667],[-49.14534148632757,-26.87674697730541],[-49.14567178821409,-26.876665125053734],[-49.14531988360555,-26.87630427155164]]],[[[-49.182543797657374,-26.87812544039273],[-49.18312121184722,-26.879067866593747],[-49.183533900386514,-26.879440671351222],[-49.18419415095825,-26.879633335266533],[-49.18472509764536,-26.87949552295527],[-49.184328839915295,-26.87950249723125],[-49.18385863455716,-26.879236927737264],[-49.183888153928784,-26.8789623519361],[-49.182284085922596,-26.877202405223645],[-49.181181551137996,-26.87660778436028],[-49.17937903788599,-26.876941811615723],[-49.178910426948974,-26.87719079630846],[-49.1788314115889,-26.877373360375152],[-49.18160094442282,-26.877343759060803],[-49.182543797657374,-26.87812544039273]]],[[[-49.05856863415792,-26.873594415424094],[-49.058002995379915,-26.87366219285441],[-49.058972637859924,-26.87376032882153],[-49.05856863415792,-26.873594415424094]]],[[[-49.14447131308968,-26.87415726837643],[-49.14419212528187,-26.87423128817376],[-49.144824031090415,-26.874531120813664],[-49.144703267658755,-26.874350228416773],[-49.14447131308968,-26.87415726837643]]],[[[-49.11441787184445,-26.87364761254935],[-49.11422966489216,-26.873758138972274],[-49.11431343609271,-26.873905107124617],[-49.11484076481221,-26.874006370010367],[-49.11441787184445,-26.87364761254935]]],[[[-49.13773693754783,-26.873862382702704],[-49.137631652041804,-26.874050468803436],[-49.13788470532766,-26.874132429864044],[-49.13785887817328,-26.87400873844178],[-49.13773693754783,-26.873862382702704]]],[[[-49.135022027114545,-26.873820928741775],[-49.134986807516654,-26.87372835761241],[-49.13493774036986,-26.87368821945796],[-49.135022027114545,-26.873820928741775]]],[[[-49.11418399542279,-26.872994226268304],[-49.11410220185122,-26.872879087723817],[-49.11401045885309,-26.8728557245617],[-49.1140645665652,-26.87293983362049],[-49.11418399542279,-26.872994226268304]]],[[[-49.09377463984476,-26.87243030929108],[-49.0936984560781,-26.872499641583353],[-49.09370910671082,-26.872519368208973],[-49.09377463984476,-26.87243030929108]]],[[[-49.094011501296876,-26.871945787551905],[-49.09387133743641,-26.872034314181718],[-49.09404167048217,-26.87199664095535],[-49.094011501296876,-26.871945787551905]]],[[[-49.093266262531316,-26.871393878526085],[-49.09319929240877,-26.871454287318247],[-49.093275870316475,-26.871429186323713],[-49.093266262531316,-26.871393878526085]]],[[[-49.093306242359496,-26.871306189291147],[-49.0932139054848,-26.871225336956716],[-49.09316046684612,-26.87134881845366],[-49.093306242359496,-26.871306189291147]]],[[[-49.11459344035258,-26.871273092670428],[-49.11453758092317,-26.87128410475612],[-49.114576883798065,-26.871311646141923],[-49.11459344035258,-26.871273092670428]]],[[[-49.07308740640466,-26.87061836332155],[-49.07299477288117,-26.870630922483205],[-49.07304371608516,-26.870674869393845],[-49.07308740640466,-26.87061836332155]]],[[[-49.141483072976015,-26.868903761653726],[-49.14108273189443,-26.86890903981958],[-49.141584013473775,-26.869048897420168],[-49.141483072976015,-26.868903761653726]]],[[[-49.10180756519518,-26.867766080423042],[-49.10164435782674,-26.86782002170891],[-49.10187346462783,-26.867809250722807],[-49.10180756519518,-26.867766080423042]]],[[[-49.11083571964872,-26.867409142398987],[-49.11078006796313,-26.86746288602256],[-49.11083704175299,-26.867452766211883],[-49.11083571964872,-26.867409142398987]]],[[[-49.110397911979184,-26.867402337095346],[-49.11037670955945,-26.867572447964356],[-49.110491863684935,-26.867656909977896],[-49.11050308641466,-26.86744838424255],[-49.110397911979184,-26.867402337095346]]],[[[-49.0571571427464,-26.86571291174665],[-49.05685527220147,-26.866106039686322],[-49.05655610866508,-26.866157181728617],[-49.05667923700404,-26.86632152148425],[-49.05703583989815,-26.86623822998021],[-49.0571571427464,-26.86571291174665]]],[[[-49.11408260026601,-26.866175600625223],[-49.11401332034192,-26.86621365955883],[-49.11403675168659,-26.866253186352687],[-49.11408260026601,-26.866175600625223]]],[[[-49.11826936503449,-26.866063821582454],[-49.118140930707675,-26.866035893033807],[-49.118164932076695,-26.866093835798065],[-49.11826936503449,-26.866063821582454]]],[[[-49.0584653935344,-26.865060799722364],[-49.0584790778105,-26.86501987975545],[-49.058424413295626,-26.86502822274999],[-49.0584653935344,-26.865060799722364]]],[[[-49.05834431182733,-26.865105046613323],[-49.05820555201075,-26.86507270464419],[-49.05819487598174,-26.86513604286384],[-49.05834431182733,-26.865105046613323]]],[[[-49.058396400080944,-26.864959135514543],[-49.05831601760403,-26.86498048064142],[-49.05837386510882,-26.865021899574277],[-49.058396400080944,-26.864959135514543]]],[[[-49.058525175142876,-26.864939565736204],[-49.058474230323746,-26.864956991513335],[-49.058542395695085,-26.864983306828595],[-49.058525175142876,-26.864939565736204]]],[[[-49.059177515225706,-26.863748637079635],[-49.059155174228486,-26.863852102320045],[-49.05917903618186,-26.86395728983736],[-49.05920303903047,-26.863895693849088],[-49.059177515225706,-26.863748637079635]]],[[[-49.091859739206086,-26.864043530672916],[-49.092590492486714,-26.864214092154203],[-49.09285022919135,-26.8645689643964],[-49.093098861663535,-26.864526271617432],[-49.09336511736953,-26.865000554540376],[-49.093839833495544,-26.864519479897755],[-49.09374586079039,-26.864312732085814],[-49.09322197573798,-26.864132276657536],[-49.091859739206086,-26.864043530672916]]],[[[-49.05461462803174,-26.862997112983784],[-49.05409369649863,-26.863026654485008],[-49.05473237508536,-26.863163610485405],[-49.05595473102973,-26.864192213038766],[-49.05695467965722,-26.86451070350956],[-49.05751686942717,-26.865117336255956],[-49.057955439514544,-26.865324123464095],[-49.05758734022984,-26.865606309636735],[-49.05818994657562,-26.865497997334643],[-49.05801377026749,-26.865216263267907],[-49.056816327429146,-26.86430165871096],[-49.05588085525104,-26.86408591788933],[-49.055274549379945,-26.863377335388115],[-49.055056796535375,-26.86338497366612],[-49.05461462803174,-26.862997112983784]]],[[[-49.160172532586266,-26.86331166076246],[-49.16011428789482,-26.86334774900787],[-49.16017195461414,-26.863359725464374],[-49.160172532586266,-26.86331166076246]]],[[[-49.158572491806275,-26.86319179869658],[-49.15851973429305,-26.863314817206522],[-49.158636109089635,-26.863406250882097],[-49.158572491806275,-26.86319179869658]]],[[[-49.14861967572632,-26.86503230462347],[-49.14852975934295,-26.86432659297308],[-49.14882833159502,-26.864027103110736],[-49.148473936386615,-26.864197622973098],[-49.148481045629815,-26.863802714892334],[-49.148215157845065,-26.86377083215513],[-49.148136716403954,-26.863518603918337],[-49.14790338738468,-26.863792911161134],[-49.148087166931326,-26.863342964817807],[-49.14810959609868,-26.862566849024685],[-49.14797023756388,-26.862356002193636],[-49.14796446998541,-26.86335440309455],[-49.14739610983907,-26.864073668580613],[-49.14738034705274,-26.86441383330728],[-49.14762471129377,-26.86437053157932],[-49.147840926494325,-26.864724203993816],[-49.14785414603106,-26.86483126156437],[-49.1475713176756,-26.864813090795927],[-49.1476192900572,-26.865081453810387],[-49.148444277569205,-26.865170795050133],[-49.14861967572632,-26.86503230462347]]],[[[-49.13766657441544,-26.86212642419689],[-49.137227503198005,-26.86218013496392],[-49.13687581896084,-26.862374459029795],[-49.137230616378076,-26.86223963500487],[-49.137610862910186,-26.862414695237092],[-49.13766657441544,-26.86212642419689]]],[[[-49.117003610756726,-26.861729543906645],[-49.117008553670736,-26.861798697225414],[-49.11703725967787,-26.861780703064472],[-49.117003610756726,-26.861729543906645]]],[[[-49.15279034126139,-26.862482168698143],[-49.15350663229816,-26.862371329830605],[-49.15371415667645,-26.862552989350878],[-49.153714812837585,-26.862278783173576],[-49.153534435927085,-26.86224797931522],[-49.15366378465469,-26.862028093646245],[-49.153148109049724,-26.86204909993783],[-49.15309128063747,-26.862383304667848],[-49.15279034126139,-26.862482168698143]]],[[[-49.1524627918195,-26.861696566379983],[-49.15233374678189,-26.861838669447266],[-49.15254538205226,-26.862314873465767],[-49.15291811878123,-26.86226372229457],[-49.15260334866201,-26.86211685094447],[-49.1524627918195,-26.861696566379983]]],[[[-49.15976178956745,-26.862565020035255],[-49.15934838140831,-26.86249935527419],[-49.15898788350653,-26.862184750380226],[-49.15903802098929,-26.862512883479944],[-49.15826935390612,-26.862574310751928],[-49.15794077401133,-26.862753730963288],[-49.15669032872024,-26.86252667831283],[-49.156447337057514,-26.86254216001184],[-49.15632699004503,-26.862731179811234],[-49.15646161759825,-26.862902682235998],[-49.1570514901487,-26.863079131205108],[-49.15791185915622,-26.86313168118396],[-49.158196023959675,-26.863010720176625],[-49.15867591875896,-26.863069369802727],[-49.15888904781402,-26.862785951858662],[-49.159719737186826,-26.862869481768335],[-49.16128526654316,-26.86241698666032],[-49.161535971102936,-26.8624208884283],[-49.16165129048707,-26.862666605689803],[-49.16184580973428,-26.86234012076218],[-49.162896881456646,-26.861932621928847],[-49.16546337846944,-26.86150037036194],[-49.16601891742457,-26.861174538108514],[-49.165022887118,-26.861498260290983],[-49.162793010447224,-26.861797043579685],[-49.161399973847566,-26.862269310058853],[-49.16000849819006,-26.862528503082842],[-49.15985278755254,-26.862385674543823],[-49.15976178956745,-26.862565020035255]]],[[[-49.100579566479404,-26.86032786169829],[-49.100432939406296,-26.860353191112488],[-49.100443475372465,-26.86038492610155],[-49.100579566479404,-26.86032786169829]]],[[[-49.16639892689049,-26.861102812742246],[-49.166261549571544,-26.861118575877878],[-49.16609633621026,-26.861171444072873],[-49.16621399922313,-26.861174561316886],[-49.16639892689049,-26.861102812742246]]],[[[-49.10078307404999,-26.860095359338423],[-49.100704719388595,-26.86008602046952],[-49.100741549323985,-26.860121732322288],[-49.10078307404999,-26.860095359338423]]],[[[-49.12412467188846,-26.860298306291636],[-49.124089994618025,-26.860446710807523],[-49.12438888286841,-26.860854634223514],[-49.124239426548655,-26.86061374986376],[-49.12412467188846,-26.860298306291636]]],[[[-49.15515202252984,-26.860680250738103],[-49.15505486901499,-26.861176026917754],[-49.15518348584659,-26.861235844171674],[-49.15515202252984,-26.860680250738103]]],[[[-49.08008285576707,-26.85931664524503],[-49.08046913933918,-26.85936761018939],[-49.08055541032128,-26.8593169428302],[-49.0804088258897,-26.85924519823208],[-49.08008285576707,-26.85931664524503]]],[[[-49.124078794705724,-26.859861313190187],[-49.123961937791705,-26.859806629224476],[-49.12403162558407,-26.859959332993874],[-49.124078794705724,-26.859861313190187]]],[[[-49.098926259677434,-26.85881469229892],[-49.098758568925334,-26.858842463027806],[-49.098960179958155,-26.858831548118886],[-49.098926259677434,-26.85881469229892]]],[[[-49.156929887952934,-26.859567769203142],[-49.15668455919218,-26.85983249133709],[-49.1569820978281,-26.859919954395018],[-49.156929887952934,-26.859567769203142]],[[-49.156854536106984,-26.85973514602233],[-49.15686169508837,-26.85980858263493],[-49.15683630209115,-26.859736502240857],[-49.156854536106984,-26.85973514602233]]],[[[-49.125610690701244,-26.859168302003695],[-49.12569922829055,-26.859192978459348],[-49.12559655693274,-26.859133301593108],[-49.125610690701244,-26.859168302003695]]],[[[-49.116649477499415,-26.858894803793035],[-49.11657924943883,-26.85899680077083],[-49.116598409899424,-26.859086712511083],[-49.116637638013245,-26.85902993613784],[-49.116649477499415,-26.858894803793035]]],[[[-49.156605601335336,-26.85927469722899],[-49.15667878420392,-26.85932145092283],[-49.1566068098649,-26.859265816170907],[-49.156605601335336,-26.85927469722899]]],[[[-49.098145965118725,-26.85850027336491],[-49.09795820168732,-26.858500349406082],[-49.097893212983124,-26.8585455060501],[-49.09791519451585,-26.8594613607262],[-49.097926645620205,-26.858555236888662],[-49.098145965118725,-26.85850027336491]]],[[[-49.0987561022729,-26.85849659750619],[-49.09875576282705,-26.85868564784689],[-49.09880608345982,-26.85870985085632],[-49.098863558329796,-26.858541693520905],[-49.0987561022729,-26.85849659750619]]],[[[-49.12498261082728,-26.858693645847417],[-49.12498210881338,-26.858871232702462],[-49.12512564400803,-26.858866359192636],[-49.12515438480729,-26.858778569659624],[-49.12498261082728,-26.858693645847417]]],[[[-49.12444747606634,-26.85853662218946],[-49.124353427800145,-26.858565280950042],[-49.12432283794015,-26.858656260235854],[-49.12449975438683,-26.85870879746115],[-49.12444747606634,-26.85853662218946]],[[-49.12439852017403,-26.858568928030746],[-49.12442271041136,-26.858664781904476],[-49.12434930728782,-26.858619503548724],[-49.12439852017403,-26.858568928030746]]],[[[-49.09958069088191,-26.85808599820046],[-49.099382976013494,-26.858205040656934],[-49.099376673300604,-26.85853333843156],[-49.099637418952774,-26.858368280224735],[-49.09958069088191,-26.85808599820046]]],[[[-49.15974367545103,-26.858854893004377],[-49.15966127371843,-26.859036910815952],[-49.15969958934722,-26.859111292995],[-49.15974367545103,-26.858854893004377]]],[[[-49.14341800498789,-26.858584373765645],[-49.14332985911014,-26.85858919633851],[-49.14335681430371,-26.858659216817315],[-49.14341800498789,-26.858584373765645]]],[[[-49.158367430109244,-26.858674544427565],[-49.15845720309518,-26.858964742973406],[-49.15958144837778,-26.859452987406616],[-49.15959129102281,-26.8590825676436],[-49.159428150370104,-26.85918192654018],[-49.15891823134557,-26.859042556241658],[-49.158367430109244,-26.858674544427565]]],[[[-49.15564896264038,-26.857240914449974],[-49.15643426076858,-26.85677855264859],[-49.15697063562702,-26.856677165583196],[-49.156174391621896,-26.856683449207498],[-49.1556240447118,-26.85709296365332],[-49.15564896264038,-26.857240914449974]]],[[[-49.0966812830775,-26.85484706999193],[-49.096953688515235,-26.85490779576638],[-49.096911106388816,-26.854866574824175],[-49.0966812830775,-26.85484706999193]]],[[[-49.07781646315675,-26.85452195765677],[-49.07766505835505,-26.854528702619277],[-49.07770232849022,-26.85460685971538],[-49.07781646315675,-26.85452195765677]]],[[[-49.15561166271476,-26.855613899494465],[-49.15601477579075,-26.855899670932462],[-49.15655720281744,-26.85606865948623],[-49.15560633198663,-26.85544492656978],[-49.15561166271476,-26.855613899494465]]],[[[-49.1258084366126,-26.85457449474675],[-49.12575480198203,-26.85470172639808],[-49.12533530964843,-26.85474614930679],[-49.12470535181477,-26.855144364103033],[-49.12464058883912,-26.855507264487223],[-49.12475188332055,-26.855789181490472],[-49.12475478820853,-26.855199760824565],[-49.12533670637334,-26.85479370845733],[-49.12580647002614,-26.854745155935518],[-49.1258084366126,-26.85457449474675]]],[[[-49.159185567633436,-26.85477318663817],[-49.15881638639941,-26.8551630520169],[-49.158867792844795,-26.855242074275743],[-49.15943530483169,-26.85484191658096],[-49.159185567633436,-26.85477318663817]]],[[[-49.092922331630675,-26.852524319488307],[-49.093007651641535,-26.85262824521462],[-49.093255117721945,-26.852696429145173],[-49.09324475066133,-26.852608881246415],[-49.092922331630675,-26.852524319488307]]],[[[-49.10429325263779,-26.846756496711013],[-49.1042349253046,-26.846964561942947],[-49.104401054053525,-26.84690488401827],[-49.10429325263779,-26.846756496711013]]],[[[-49.10459609297655,-26.8466673399222],[-49.10454510456653,-26.84670728794277],[-49.104601896395074,-26.846679288366495],[-49.10459609297655,-26.8466673399222]]],[[[-49.09367467751397,-26.844741472691275],[-49.093626789888184,-26.844793921446367],[-49.0937195313989,-26.844749761536267],[-49.09367467751397,-26.844741472691275]]],[[[-49.10424205324219,-26.844818592711587],[-49.10418120390145,-26.84483918306628],[-49.104202226355966,-26.844863874048595],[-49.10424205324219,-26.844818592711587]]],[[[-49.09388404965846,-26.8446496145907],[-49.093854251785615,-26.84470204752988],[-49.09387104846522,-26.84472502622651],[-49.09388404965846,-26.8446496145907]]],[[[-49.10402771673398,-26.84438798283075],[-49.10395513874409,-26.844459131179303],[-49.10403428941666,-26.844724441887053],[-49.104101577832836,-26.844647520486316],[-49.10402771673398,-26.84438798283075]]],[[[-49.092395727421255,-26.843928857456927],[-49.092333066242404,-26.843969641087025],[-49.09240797897766,-26.84394056245454],[-49.092395727421255,-26.843928857456927]]],[[[-49.064046244993236,-26.84296240128828],[-49.06401501649242,-26.84298498398053],[-49.0640964078588,-26.842976324071756],[-49.064046244993236,-26.84296240128828]]],[[[-49.09932973702777,-26.841028930230955],[-49.0992898911276,-26.841132609797565],[-49.09929726146825,-26.841172203999673],[-49.0993368067081,-26.84115009750185],[-49.09932973702777,-26.841028930230955]]],[[[-49.06777410169654,-26.836508117504508],[-49.06779798895844,-26.83661669632007],[-49.0680796600618,-26.83650367336736],[-49.06806505627606,-26.83648954921051],[-49.06777410169654,-26.836508117504508]]],[[[-49.06753036679173,-26.83651315333054],[-49.06749436564523,-26.83654486031706],[-49.06768309156802,-26.8365421233853],[-49.06753036679173,-26.83651315333054]]],[[[-49.067616768703125,-26.83638788516878],[-49.06754731192184,-26.836432006533574],[-49.06757387743726,-26.836451076574722],[-49.067616768703125,-26.83638788516878]]],[[[-49.067439250055386,-26.83571618524383],[-49.06733734509177,-26.835790121130266],[-49.06736340015385,-26.835815868168698],[-49.067439250055386,-26.83571618524383]]],[[[-49.067297101238815,-26.83418611564227],[-49.0671787135841,-26.834226468046026],[-49.067298465500095,-26.834222205866094],[-49.067297101238815,-26.83418611564227]]],[[[-49.0656254626595,-26.83391858531582],[-49.06581123852472,-26.834224365223495],[-49.066214345603505,-26.83433388083517],[-49.06619725823015,-26.83430008043303],[-49.0656254626595,-26.83391858531582]]],[[[-49.062674800485084,-26.83383418341485],[-49.06251715984241,-26.833772549668584],[-49.06247889963251,-26.833769858966342],[-49.06257453143842,-26.833812766325703],[-49.062674800485084,-26.83383418341485]]],[[[-49.06237997495735,-26.833743015854825],[-49.06216425260968,-26.833791168289004],[-49.0624077518217,-26.83374607125361],[-49.06237997495735,-26.833743015854825]]],[[[-49.065248982611095,-26.83367576278023],[-49.06473022448864,-26.83373985633524],[-49.064692486946974,-26.8337778787532],[-49.065529378888755,-26.833867938576088],[-49.065248982611095,-26.83367576278023]]],[[[-49.063704159498464,-26.833650664984162],[-49.06389130998534,-26.833793279637337],[-49.06417461532141,-26.833798602857748],[-49.063704159498464,-26.833650664984162]]],[[[-49.08401285267289,-26.833937905490583],[-49.084122951276,-26.83396952752902],[-49.084000115186214,-26.833918184598378],[-49.08401285267289,-26.833937905490583]]],[[[-49.062674800485084,-26.83383418341485],[-49.06285937881961,-26.833930023875897],[-49.06296128064048,-26.8338999315822],[-49.062974481138426,-26.83353149874844],[-49.06291664450123,-26.833884446051226],[-49.062674800485084,-26.83383418341485]]],[[[-49.06338805977537,-26.833353360297984],[-49.063562192941525,-26.833648384106212],[-49.06339491310929,-26.833344100147887],[-49.06338805977537,-26.833353360297984]]],[[[-49.06324806692838,-26.83330552980598],[-49.06303792099244,-26.833399802636908],[-49.06331117015115,-26.833326687010736],[-49.06324806692838,-26.83330552980598]]],[[[-49.08476181461732,-26.829325596503946],[-49.08480666944097,-26.82962507738535],[-49.08515271704711,-26.82957644625149],[-49.08526651915486,-26.829738486129813],[-49.08543002130263,-26.829619698188363],[-49.085347977336305,-26.82927321140301],[-49.08476181461732,-26.829325596503946]]],[[[-49.07932703080065,-26.829006257773827],[-49.079321818529735,-26.828954146943953],[-49.07924112351775,-26.829068943244945],[-49.07932703080065,-26.829006257773827]]],[[[-49.09870688129554,-26.829120382171137],[-49.098583594573945,-26.82918953676362],[-49.098795077831426,-26.829334060451618],[-49.09870688129554,-26.829120382171137]]],[[[-49.08001279575602,-26.827689806101763],[-49.079981702249356,-26.828106807984298],[-49.07952460632384,-26.82877674138986],[-49.08010485215804,-26.82815445559213],[-49.08023314265984,-26.827842367663532],[-49.08018265029872,-26.827691572995647],[-49.08001279575602,-26.827689806101763]]],[[[-49.07946699237049,-26.826549417753036],[-49.07938038304048,-26.826594618044908],[-49.07950595574744,-26.826579525957758],[-49.07946699237049,-26.826549417753036]]],[[[-49.079772469911894,-26.826443915837785],[-49.079713996883136,-26.826373859079627],[-49.07954291640583,-26.826525969301002],[-49.079772469911894,-26.826443915837785]]],[[[-49.0907891324222,-26.825579847884143],[-49.090707712212065,-26.82560949479023],[-49.09082476468088,-26.825595545330923],[-49.0907891324222,-26.825579847884143]]],[[[-49.10063159450519,-26.825713518870884],[-49.100572539387606,-26.825673746189096],[-49.10055388782156,-26.82571912528921],[-49.10063159450519,-26.825713518870884]]],[[[-49.10049973182706,-26.82544043122695],[-49.100405699436585,-26.825590807905424],[-49.100509874649745,-26.825661926138295],[-49.10061083574953,-26.82557902985296],[-49.10049973182706,-26.82544043122695]]],[[[-49.100995966041225,-26.825255353965325],[-49.100917909117115,-26.82525813528906],[-49.100979811753234,-26.82530098355505],[-49.100995966041225,-26.825255353965325]]],[[[-49.09918989658461,-26.825230708420854],[-49.09902533364023,-26.82528191866594],[-49.09909579307324,-26.825323657063223],[-49.09918989658461,-26.825230708420854]]],[[[-49.099391269694706,-26.825130164728737],[-49.099202583542166,-26.825145588286382],[-49.09919543810897,-26.825160093887757],[-49.099335776853174,-26.825222909556828],[-49.099391269694706,-26.825130164728737]]],[[[-49.09961957475424,-26.825086575334314],[-49.09966032258334,-26.825177601095575],[-49.09973788093695,-26.825179054258932],[-49.09973601381871,-26.825120954333144],[-49.09961957475424,-26.825086575334314]]],[[[-49.09714249038597,-26.824931942800184],[-49.097060338083715,-26.824958800056578],[-49.09713893827961,-26.824954214644883],[-49.09714249038597,-26.824931942800184]]],[[[-49.09794071816008,-26.82484073511604],[-49.09787517829394,-26.824910251658206],[-49.09797761173159,-26.82486876537096],[-49.09794071816008,-26.82484073511604]]],[[[-49.097057035138754,-26.824816391580768],[-49.0970171474018,-26.824854685681654],[-49.0970629112495,-26.82486626547863],[-49.097057035138754,-26.824816391580768]]],[[[-49.09963399692501,-26.824798420274494],[-49.09899807299464,-26.824872501652028],[-49.09893934365715,-26.824950600101808],[-49.09933588654447,-26.8249746551644],[-49.09939494701427,-26.82509325708666],[-49.099491925033796,-26.824927194063747],[-49.09989211880509,-26.825077427338233],[-49.10003265595222,-26.824980934085293],[-49.09963399692501,-26.824798420274494]]],[[[-49.09920745808542,-26.82475656268685],[-49.09910911313837,-26.824779523345814],[-49.09920399576126,-26.824795036497083],[-49.09920745808542,-26.82475656268685]]],[[[-49.097771863338224,-26.824673128462354],[-49.097732243340744,-26.82479893433393],[-49.09783340489324,-26.82468509485536],[-49.097771863338224,-26.824673128462354]]],[[[-49.09897868521786,-26.825654269625844],[-49.09990857153786,-26.825770336482872],[-49.1001141241509,-26.826112261420967],[-49.100159649848486,-26.825860019721002],[-49.100403186808315,-26.82576622649777],[-49.10025158574767,-26.82554300420147],[-49.09969606949574,-26.825520435095356],[-49.0995736046526,-26.825166008410932],[-49.099456223621814,-26.825573651556788],[-49.09899218535716,-26.82546044778514],[-49.09843486691456,-26.824827752728932],[-49.09825468660204,-26.824900017862635],[-49.098236760523406,-26.824634493947087],[-49.0980727469178,-26.824694873873447],[-49.09802200279908,-26.824824422089883],[-49.0984832679563,-26.82528579915453],[-49.09879436000928,-26.82533463780903],[-49.09897868521786,-26.825654269625844]],[[-49.099838978568975,-26.825644743045007],[-49.09986901432091,-26.82570382637429],[-49.09980117043737,-26.82568245961243],[-49.099838978568975,-26.825644743045007]]],[[[-49.099720029648026,-26.82414206073409],[-49.099763573723166,-26.824065596411387],[-49.099672292543964,-26.824140153140927],[-49.099720029648026,-26.82414206073409]]],[[[-49.10049730276898,-26.823989667384037],[-49.10050554678161,-26.82408051112988],[-49.10053869488439,-26.823992552171198],[-49.10049730276898,-26.823989667384037]]],[[[-49.10203864982083,-26.823781938268656],[-49.10175055110674,-26.824072361536317],[-49.10168054878552,-26.82421761322596],[-49.101741369006696,-26.824216705997273],[-49.10203864982083,-26.823781938268656]]],[[[-49.09753663959051,-26.82356667022641],[-49.097519396364916,-26.823416022683226],[-49.09740780397628,-26.823436908011594],[-49.09740171528531,-26.823493569531706],[-49.09753663959051,-26.82356667022641]]],[[[-49.09722608604962,-26.823389399528885],[-49.09711967381258,-26.82340445036814],[-49.09724547198165,-26.82341463824058],[-49.09722608604962,-26.823389399528885]]],[[[-49.10307413950357,-26.82341298294611],[-49.10300001422356,-26.823525464537266],[-49.10306420015195,-26.82377109764133],[-49.10278308518604,-26.823830119821345],[-49.10260777162987,-26.823947546582772],[-49.10313135270202,-26.823814506409345],[-49.10307413950357,-26.82341298294611]]],[[[-49.09729944433025,-26.82330333582293],[-49.09719854624203,-26.823336892606964],[-49.09730257697783,-26.823367165889277],[-49.09729944433025,-26.82330333582293]]],[[[-49.09675224759682,-26.823169292255816],[-49.096669838324736,-26.82318481109103],[-49.09670420621707,-26.82320992043166],[-49.09675224759682,-26.823169292255816]]],[[[-49.10318066207119,-26.82321565664287],[-49.103112593095915,-26.82323437251707],[-49.10313306278396,-26.823383564688143],[-49.10318066207119,-26.82321565664287]]],[[[-49.103532675892836,-26.82305876402596],[-49.10344629639136,-26.823050791581842],[-49.1035714405855,-26.823126669309385],[-49.103532675892836,-26.82305876402596]]],[[[-49.09638890328702,-26.82212867660392],[-49.09632885531614,-26.82212445794491],[-49.09636985559131,-26.82215677486396],[-49.09638890328702,-26.82212867660392]]],[[[-49.090681171447834,-26.82155344604478],[-49.09059527030958,-26.821550934004957],[-49.09060499415131,-26.821586317289846],[-49.090681171447834,-26.82155344604478]]],[[[-49.08934966301154,-26.82066707106554],[-49.08930271322947,-26.82070219936634],[-49.089357004794344,-26.82068803970673],[-49.08934966301154,-26.82066707106554]]],[[[-49.08500910132129,-26.820014074582595],[-49.08493645089173,-26.820042616244915],[-49.08500684953352,-26.8200708304904],[-49.08500910132129,-26.820014074582595]]],[[[-49.08520804745897,-26.819734578272904],[-49.085022677795095,-26.82010465148473],[-49.084685038871655,-26.820236800969518],[-49.08469524257521,-26.820398354966155],[-49.085299919924836,-26.820012487583394],[-49.08520804745897,-26.819734578272904]]],[[[-49.09762171237248,-26.819895479336235],[-49.09742043286704,-26.8198284768545],[-49.09740286424592,-26.819863755596526],[-49.09762171237248,-26.819895479336235]]],[[[-49.09810464039809,-26.81961253811921],[-49.098260398730545,-26.819742638603273],[-49.09826420376163,-26.81967426784593],[-49.09810464039809,-26.81961253811921]]],[[[-49.086311585854396,-26.819422865347338],[-49.08625795799042,-26.81944849032034],[-49.086329681622296,-26.819457553654953],[-49.086311585854396,-26.819422865347338]]],[[[-49.09720735134805,-26.81964003024245],[-49.09702134552194,-26.819620797493393],[-49.09723702314883,-26.8196686608326],[-49.09720735134805,-26.81964003024245]]],[[[-49.09827311290479,-26.819520512662834],[-49.098219978014136,-26.819500094164887],[-49.09821433949891,-26.81955317118064],[-49.09827311290479,-26.819520512662834]]],[[[-49.09791229892752,-26.81941623229796],[-49.09784358851665,-26.81943089792806],[-49.09785596759083,-26.819451241549267],[-49.09791229892752,-26.81941623229796]]],[[[-49.098334296070306,-26.819335556524855],[-49.09825686323139,-26.819364264568073],[-49.09827178926355,-26.81938964519466],[-49.098334296070306,-26.819335556524855]]],[[[-49.09591092952822,-26.818876989388695],[-49.0959623183261,-26.818843174667965],[-49.09588706842993,-26.818828922412],[-49.09591092952822,-26.818876989388695]]],[[[-49.08515550590874,-26.818730364316767],[-49.085219610632464,-26.818654706111868],[-49.08516547009083,-26.818654302996073],[-49.08515550590874,-26.818730364316767]]],[[[-49.090696672956575,-26.81838477139992],[-49.09056697335361,-26.818414578752297],[-49.090679592286854,-26.818460001323864],[-49.090696672956575,-26.81838477139992]]],[[[-49.09588776750798,-26.81845818379242],[-49.095807278711874,-26.81846172916166],[-49.095829319130544,-26.81848763517012],[-49.09588776750798,-26.81845818379242]]],[[[-49.085215821093925,-26.81789980103619],[-49.08515378549033,-26.817895012268906],[-49.08519899157831,-26.817962543668536],[-49.085215821093925,-26.81789980103619]]],[[[-49.10121736102286,-26.81791942895991],[-49.10113462969668,-26.81790571805853],[-49.10111657496468,-26.817941078755226],[-49.10121736102286,-26.81791942895991]]],[[[-49.10177168396271,-26.817787522246256],[-49.101682400251725,-26.817742113477],[-49.101674862686934,-26.817792865688503],[-49.10177168396271,-26.817787522246256]]],[[[-49.10079313014107,-26.817715863523997],[-49.10073532814081,-26.817725028701226],[-49.100762217491855,-26.81774988765169],[-49.10079313014107,-26.817715863523997]]],[[[-49.10003997895994,-26.817635046053116],[-49.10001199450019,-26.817663445169057],[-49.100097219294476,-26.81765273433348],[-49.10003997895994,-26.817635046053116]]],[[[-49.09054088556728,-26.81748702347565],[-49.08969569869429,-26.817603140951928],[-49.08974125595026,-26.81767431798873],[-49.08952613030791,-26.81777755953128],[-49.08948484456188,-26.818001127046816],[-49.08986461755035,-26.818101502451803],[-49.090783411369124,-26.817975908430576],[-49.09069629837664,-26.81775320329712],[-49.09091023608191,-26.817659019386703],[-49.09054088556728,-26.81748702347565]],[[-49.090585332816914,-26.81775216666805],[-49.09065156246709,-26.817724680118175],[-49.0906531007819,-26.817744529204887],[-49.090585332816914,-26.81775216666805]],[[-49.08960507121216,-26.817772367443308],[-49.08968087949901,-26.81782244549678],[-49.08958510336464,-26.81781218626461],[-49.08960507121216,-26.817772367443308]]],[[[-49.10037780573801,-26.81763248081091],[-49.10040821571526,-26.817594049461047],[-49.100199476365056,-26.81764420182206],[-49.10037780573801,-26.81763248081091]]],[[[-49.100735359989265,-26.817544911331428],[-49.10061195538559,-26.817507406590316],[-49.100786171826634,-26.817640267586135],[-49.100735359989265,-26.817544911331428]]],[[[-49.08583797968587,-26.816551209668862],[-49.08563678793287,-26.81654541653117],[-49.0856343407231,-26.816548301758434],[-49.08583797968587,-26.816551209668862]]],[[[-49.08961209943576,-26.81584160492774],[-49.089680796114536,-26.81667954903923],[-49.089721224265915,-26.816713630736274],[-49.08977075352891,-26.816611098011773],[-49.08961209943576,-26.81584160492774]]],[[[-49.08713074621567,-26.814238970645487],[-49.08707136207618,-26.814251513068644],[-49.087104005014,-26.81429396633279],[-49.08713074621567,-26.814238970645487]]],[[[-49.086528887200984,-26.813748820030575],[-49.08642346097528,-26.813785516899852],[-49.08654295853216,-26.813781599307855],[-49.086528887200984,-26.813748820030575]]],[[[-49.086509868449454,-26.813336521668205],[-49.086538312063404,-26.81341012434853],[-49.08656897904712,-26.813426605458517],[-49.086509868449454,-26.813336521668205]]],[[[-49.08743375457642,-26.813651271138816],[-49.08757601893455,-26.813452450575053],[-49.08747022285171,-26.813386920582424],[-49.08728245216775,-26.813532905704303],[-49.08722499078436,-26.813329819521584],[-49.08712176133304,-26.813641832352697],[-49.08743375457642,-26.813651271138816]],[[-49.08739466135588,-26.81358393952796],[-49.08745801275517,-26.813566177744573],[-49.08740736014473,-26.813598961347946],[-49.08739466135588,-26.81358393952796]]],[[[-49.08743980554068,-26.81317808171218],[-49.08725027818147,-26.81325947905314],[-49.087456474245656,-26.813246951416517],[-49.08743980554068,-26.81317808171218]]],[[[-49.0853236342404,-26.81279656817289],[-49.08487320267651,-26.812749014831027],[-49.085500964536074,-26.813769053051104],[-49.08637203146501,-26.813748142343076],[-49.086350601903355,-26.81332347462829],[-49.08661937595485,-26.812955635301815],[-49.08646601662819,-26.812914925766382],[-49.08631861806318,-26.81317466758309],[-49.08608149252117,-26.812909648904423],[-49.08640658445153,-26.812713630265065],[-49.086367904005826,-26.81245189281117],[-49.086703564455085,-26.811865946185915],[-49.08625409420465,-26.81237627018027],[-49.08609179715176,-26.812325787914272],[-49.086061960084706,-26.812735571831148],[-49.085847165921386,-26.81285775372497],[-49.085614713281835,-26.81338284635704],[-49.08527730895998,-26.813222340623952],[-49.0853236342404,-26.81279656817289]],[[-49.085793850552996,-26.813434752927915],[-49.085768068758924,-26.813315626084503],[-49.085821336331975,-26.81330700239002],[-49.085793850552996,-26.813434752927915]],[[-49.085714985336175,-26.813580928977924],[-49.085804829622646,-26.813588540821655],[-49.0857300748439,-26.81365978823625],[-49.085714985336175,-26.813580928977924]]],[[[-49.08674902504908,-26.811704546693587],[-49.086722762999095,-26.81165485033787],[-49.08673664934669,-26.811733987102695],[-49.08674902504908,-26.811704546693587]]],[[[-49.08656639580476,-26.809985293379327],[-49.086675961568844,-26.810191195777954],[-49.08671757476067,-26.81021753761305],[-49.08663974875761,-26.81002726102477],[-49.08656639580476,-26.809985293379327]]],[[[-49.08618928957983,-26.80957116221236],[-49.08618994334208,-26.809629638283116],[-49.086219783758125,-26.809642353557386],[-49.08618928957983,-26.80957116221236]]],[[[-49.09026338771714,-26.806629965778168],[-49.09019687532875,-26.8066070670118],[-49.09019906220139,-26.80665749204061],[-49.09026338771714,-26.806629965778168]]],[[[-49.08862263154161,-26.806208204085078],[-49.088515093493974,-26.806502717969227],[-49.08876124751335,-26.80682348750143],[-49.08968296213665,-26.806873930188733],[-49.08883739079984,-26.8066873357436],[-49.08862263154161,-26.806208204085078]]],[[[-49.08864980102227,-26.806110680352578],[-49.08861080539525,-26.80617244237948],[-49.088635450999696,-26.806171212335926],[-49.08864980102227,-26.806110680352578]]],[[[-49.088655635442514,-26.80605576458646],[-49.088551375176024,-26.806038746101837],[-49.088658079061396,-26.80608803368252],[-49.088655635442514,-26.80605576458646]]],[[[-49.09020867311704,-26.806080655574675],[-49.090082385902605,-26.8060773438607],[-49.09014858529916,-26.80619390354953],[-49.09020867311704,-26.806080655574675]]],[[[-49.08873215226638,-26.805590016609482],[-49.08862285795683,-26.805684489264564],[-49.08872419550218,-26.805687667574336],[-49.08873215226638,-26.805590016609482]]],[[[-49.0886989965415,-26.8052695191014],[-49.088604035139525,-26.805376329275354],[-49.08860438818342,-26.805425631919807],[-49.08871823639151,-26.805345930857932],[-49.08866288290506,-26.805110212384466],[-49.088585261871295,-26.805228591027877],[-49.0886989965415,-26.8052695191014]]],[[[-49.067657215985825,-26.87386508875868],[-49.06744445684448,-26.874303824725946],[-49.06743140702429,-26.875195896144575],[-49.06913685928161,-26.87496790476935],[-49.06915199148999,-26.87469870955591],[-49.069915160852034,-26.874146735240597],[-49.07063229148546,-26.874073333938153],[-49.07116892216948,-26.873771149419134],[-49.07221228227811,-26.871674823978086],[-49.07305631594449,-26.871388562733717],[-49.07331855461756,-26.870653530061617],[-49.072964907551196,-26.8707657901886],[-49.07272001622012,-26.870294052446187],[-49.07279277814081,-26.871318112462497],[-49.07214701640774,-26.8715286106948],[-49.07192579886834,-26.871896992409724],[-49.07159809883483,-26.87169508080331],[-49.071557829357246,-26.871476989090446],[-49.071143301710514,-26.87153641797774],[-49.070119096479175,-26.872412445536362],[-49.069472126407035,-26.873272139427268],[-49.069015474278196,-26.873270754849088],[-49.06777697311738,-26.873754214642823],[-49.06808547223542,-26.87338456582124],[-49.06740601876261,-26.87315720541031],[-49.067162582243256,-26.873477144341763],[-49.06717750150194,-26.873747269268133],[-49.067382487226865,-26.873967882008653],[-49.067657215985825,-26.87386508875868]],[[-49.06765914563432,-26.873859243045732],[-49.06769433970734,-26.873788673121922],[-49.06773295169777,-26.873783501900455],[-49.06765914563432,-26.873859243045732]]],[[[-49.11452865671002,-26.865830013482444],[-49.11468550917413,-26.8658928634865],[-49.11458757576472,-26.865622291599674],[-49.114403295221344,-26.86555902905799],[-49.11392689936965,-26.865749785197092],[-49.11409577814935,-26.86572008510932],[-49.11438414734099,-26.865825519736187],[-49.114476331591725,-26.865834250495556],[-49.114512543988205,-26.865833165680293],[-49.11452865671002,-26.865830013482444]],[[-49.114580027758365,-26.86578541208446],[-49.11450969163321,-26.865795948025223],[-49.11453448692272,-26.865726982697495],[-49.114580027758365,-26.86578541208446]]],[[[-49.08524392902504,-26.818720877090556],[-49.08596687650608,-26.818895205500436],[-49.08517302821574,-26.81936372281493],[-49.085173367543476,-26.819601644317174],[-49.08612303041231,-26.819311592149436],[-49.08658256968109,-26.81933188864311],[-49.08676387499966,-26.819576284113534],[-49.08711283438797,-26.819625078848205],[-49.08651630158762,-26.82053071395598],[-49.08639613515809,-26.821692003706016],[-49.0861361092724,-26.82188162183562],[-49.08620206191008,-26.822587399213383],[-49.086495608764075,-26.8229811003385],[-49.08642767337057,-26.823596976373214],[-49.08624339137824,-26.823707691514315],[-49.08655209575782,-26.823847354272786],[-49.086551408373005,-26.824341940063096],[-49.086338540980286,-26.82446384392049],[-49.08585948435875,-26.824284797550224],[-49.08582994191051,-26.82469694901615],[-49.085516985393724,-26.825200385546605],[-49.08492595506082,-26.825494970807075],[-49.083008490015494,-26.82532163200303],[-49.08274771948759,-26.825102001665854],[-49.082174664480654,-26.82561044051747],[-49.08190605298968,-26.826351745949065],[-49.0813437418387,-26.82669816979133],[-49.080600079968846,-26.82682849231657],[-49.08037958249626,-26.826534551489534],[-49.07994793645165,-26.826361239166527],[-49.080464381928245,-26.826786682204567],[-49.080489935123055,-26.82702755912739],[-49.08026588817704,-26.827165538957527],[-49.080418601463066,-26.8272671457044],[-49.08016514193232,-26.827599941691357],[-49.08056372685862,-26.8273284202015],[-49.080830604124515,-26.82770896163902],[-49.081089412709225,-26.82744718627247],[-49.0821110825107,-26.827488321501377],[-49.082378865374814,-26.82730531205103],[-49.08362249315419,-26.827432288388522],[-49.08406097081779,-26.82699518022535],[-49.08502323893429,-26.82676601405964],[-49.085193599442555,-26.826170874174245],[-49.085573582680446,-26.82598601783427],[-49.085756171330836,-26.826435243683783],[-49.08651424344039,-26.826087416890157],[-49.08675514448639,-26.826355547548282],[-49.087159741834014,-26.826385318121567],[-49.08724197972623,-26.826954589383945],[-49.08751002786727,-26.827102302976158],[-49.08744585670091,-26.82748089952714],[-49.08764571086551,-26.82757463402946],[-49.08768737809174,-26.827816600155202],[-49.087220018627235,-26.828433490352214],[-49.08679175884039,-26.828637665199977],[-49.08668841005523,-26.828914079227086],[-49.08584749955919,-26.82901191584391],[-49.08557585362741,-26.829345315885803],[-49.08575198341432,-26.82981901050508],[-49.08670539120245,-26.83016833874176],[-49.08709895133902,-26.830826979712985],[-49.08695969822204,-26.831682756499777],[-49.08731429062763,-26.832138388620987],[-49.08644753513827,-26.83299460930788],[-49.08647040146959,-26.833242279418958],[-49.08582466740945,-26.833526233211437],[-49.08608981595622,-26.83388734216938],[-49.08467146430667,-26.834150621780303],[-49.08447234241746,-26.83404798738551],[-49.08469055205974,-26.83432990534896],[-49.084638272238216,-26.834680074714306],[-49.083477898493385,-26.834721760755553],[-49.08321638185499,-26.834963324955762],[-49.08363902448706,-26.834938845028866],[-49.08358035883038,-26.835277822381528],[-49.08374933016291,-26.835335365403022],[-49.083800552415155,-26.835656069691513],[-49.08393212540102,-26.835919858854773],[-49.084128391415796,-26.83580871067097],[-49.08442032540699,-26.835897584742266],[-49.084659635095484,-26.835592423631788],[-49.08493272232632,-26.835653618280837],[-49.085329074517404,-26.83519175316465],[-49.086742019393185,-26.834942527964152],[-49.08697488274471,-26.835519495544577],[-49.08711387119419,-26.835404852361616],[-49.08799222402474,-26.83628725289898],[-49.08836728063463,-26.836281230933828],[-49.08859258531417,-26.83643079492321],[-49.088590408082666,-26.836141458518817],[-49.088818092087514,-26.836062787669796],[-49.08898717431751,-26.836166659562885],[-49.088939510408736,-26.836561210530093],[-49.089147675362874,-26.83723866070883],[-49.08902541240863,-26.837223655627337],[-49.08894330472918,-26.83796637465512],[-49.088784223906465,-26.838132161248208],[-49.088893439557815,-26.838529620067284],[-49.08847545436001,-26.838966525166345],[-49.08843233940468,-26.839271175522022],[-49.08805324157767,-26.839464062664838],[-49.08804455538835,-26.83968795075449],[-49.08775338202506,-26.840016301231223],[-49.08752033259587,-26.839788041290888],[-49.08690348773489,-26.83969641541867],[-49.0875327786448,-26.840187491495954],[-49.08860943542523,-26.84005296920785],[-49.08868359656673,-26.839911607957827],[-49.089005113268314,-26.840035252196888],[-49.089420443521654,-26.842105708542608],[-49.089699289675664,-26.842355083486122],[-49.089420302959915,-26.84272872660707],[-49.08988563037109,-26.84255890854718],[-49.09012825116447,-26.84265237898696],[-49.08997878863193,-26.843255457294166],[-49.089563327550906,-26.843224505437636],[-49.08929019908957,-26.84278671137614],[-49.08899090924295,-26.842967763864976],[-49.08781396116317,-26.842877311558933],[-49.08737507636684,-26.843094926639157],[-49.08661524067393,-26.842507433991504],[-49.0868223216014,-26.843265907635292],[-49.08708437257806,-26.843611125191547],[-49.08686223583272,-26.844102599027096],[-49.08643688547539,-26.844411351507016],[-49.08560321169505,-26.844336058006547],[-49.08331033773019,-26.842869124372083],[-49.08284552968228,-26.84174383167469],[-49.082880317065865,-26.842326858673434],[-49.082735868584884,-26.842568312956452],[-49.082224064179364,-26.842664320707943],[-49.08214423693544,-26.842901725568534],[-49.0811236606718,-26.842978243315045],[-49.081664254685286,-26.84360927789063],[-49.08131012691383,-26.844356797119005],[-49.081491888593206,-26.844282247661575],[-49.08154517199314,-26.84447421148121],[-49.08182657719753,-26.844583613567586],[-49.08245921805233,-26.844410206355448],[-49.08314033482258,-26.844581768246403],[-49.08345869299568,-26.844949101155937],[-49.08342469453284,-26.845577634219968],[-49.08416222209411,-26.84586805247849],[-49.084124849596066,-26.846086429920597],[-49.083637299243065,-26.846261680718847],[-49.083735140559476,-26.846736786559813],[-49.08339780461318,-26.847475933919814],[-49.08335171271838,-26.848042037373546],[-49.08288979053978,-26.848220050613104],[-49.0827234050099,-26.848447413015545],[-49.08222723414971,-26.848425824557648],[-49.080509555120216,-26.8471552954235],[-49.0803728465481,-26.84697583340379],[-49.08048696902079,-26.84663038422459],[-49.08019438780101,-26.84676120164491],[-49.07924984878926,-26.846549795156445],[-49.079118592839144,-26.846347632446033],[-49.07839920850448,-26.84620885160101],[-49.07744268817678,-26.845636818874613],[-49.077032945771656,-26.84554547158829],[-49.07701299073622,-26.84506693452927],[-49.07637412001066,-26.844726087250137],[-49.075933300121584,-26.8442202339982],[-49.07586965543252,-26.843636186754622],[-49.075592226908064,-26.843129641050897],[-49.07564630408183,-26.8428629187689],[-49.075460541417144,-26.84268003956537],[-49.075624921277985,-26.84107505194879],[-49.07523946826515,-26.84070820342441],[-49.07499955015516,-26.839763082563874],[-49.07511757756348,-26.83963204129659],[-49.075515183859245,-26.839678780084462],[-49.075474935139745,-26.839575558897106],[-49.07585986479097,-26.839322815999537],[-49.075651361790285,-26.838503761955643],[-49.07576460088299,-26.838210525161774],[-49.075354190189884,-26.838289220082956],[-49.07496609321137,-26.838108695991256],[-49.07452522983955,-26.83774649702093],[-49.07433274221369,-26.837327245800672],[-49.07364085561387,-26.83683766385349],[-49.07351715836751,-26.836451046851526],[-49.073255030293275,-26.83670217662399],[-49.07248594305165,-26.83667857507663],[-49.0722257595977,-26.8363540310231],[-49.071525920183824,-26.83598816998295],[-49.07073315252583,-26.83586705927389],[-49.07070956337964,-26.835743132866874],[-49.070270781221694,-26.836207636973487],[-49.07035976434886,-26.836011886273138],[-49.07021863697108,-26.835967815794348],[-49.07006100320641,-26.83612773926292],[-49.070090102608994,-26.835826470188152],[-49.06982981462513,-26.83605124732005],[-49.06978269623994,-26.835712487461766],[-49.06993517029257,-26.83547876843742],[-49.06967681291118,-26.835640160421526],[-49.06964042615394,-26.83546268841106],[-49.069603352132454,-26.835705666783902],[-49.069183817754,-26.835870022163753],[-49.068301735478876,-26.835499279637983],[-49.067938453701366,-26.835671370349473],[-49.0681804550105,-26.835365864322867],[-49.06793192892921,-26.835276777983587],[-49.0678723973478,-26.83500486152698],[-49.067636264354526,-26.834972544779916],[-49.067452271841695,-26.834238540459346],[-49.067369525881496,-26.835012411146494],[-49.067679628020386,-26.835347944146204],[-49.067609277615645,-26.835505489011847],[-49.06718295474793,-26.835218700156986],[-49.066533807278766,-26.83440221373702],[-49.066274715191106,-26.8343896919103],[-49.067470773037094,-26.83556859323092],[-49.06749203604122,-26.83585694276822],[-49.06790201764985,-26.83575539737116],[-49.06783260743659,-26.835987508676748],[-49.06822601101834,-26.835974714647207],[-49.06826233173421,-26.836203171635333],[-49.06856584371082,-26.83626126879766],[-49.06845485881609,-26.836432368704475],[-49.069031727099926,-26.835990463551298],[-49.068862019649075,-26.83657131748418],[-49.06944355630111,-26.836905643919103],[-49.069983555736066,-26.837465974646175],[-49.06904792341996,-26.83692848750198],[-49.068954321114255,-26.837025885574],[-49.06915853200456,-26.837264251224674],[-49.068682171809414,-26.83720682981463],[-49.0690698976523,-26.83767735835866],[-49.06935384693638,-26.837657897138488],[-49.06938623949957,-26.837875019350648],[-49.069694238905264,-26.837728432051563],[-49.06994872463173,-26.83795213509785],[-49.0695890562271,-26.83803435705832],[-49.0695200774987,-26.83826045543141],[-49.06977431573856,-26.838549597750028],[-49.06958513675997,-26.838630234445596],[-49.07039381420545,-26.83877619439387],[-49.070427675618994,-26.839214605043384],[-49.07080096111578,-26.839199216570282],[-49.071304099227405,-26.838616254150708],[-49.07189862186353,-26.83843694455401],[-49.072738199066904,-26.838990571956337],[-49.07267760916515,-26.840580791751293],[-49.07320176376283,-26.841072626724973],[-49.07358462222659,-26.84113423089153],[-49.073854822716726,-26.84153839949826],[-49.07283501229371,-26.841990335804933],[-49.07263388827832,-26.841843770440217],[-49.07239681208052,-26.842005569845327],[-49.07316911112201,-26.84230109218892],[-49.07291252825754,-26.842471334450895],[-49.073247328027264,-26.842718406191842],[-49.073204466826596,-26.843058096852744],[-49.07343273603973,-26.843228815122472],[-49.07309488771335,-26.843730853647966],[-49.07316545089543,-26.844153783614352],[-49.07264319326204,-26.844749061481526],[-49.07219009838458,-26.84480751916813],[-49.071619834100844,-26.84538888679227],[-49.070711090916994,-26.845514929783285],[-49.069940180215774,-26.84579587258194],[-49.06939661219046,-26.845195751287214],[-49.069422240092884,-26.84537080544047],[-49.069048104578485,-26.845436409162772],[-49.0685158289486,-26.845247020309348],[-49.06819040337545,-26.845420221017097],[-49.067446862736695,-26.845270901433903],[-49.06679506449839,-26.844803452309513],[-49.06678283137479,-26.844919902550913],[-49.066218723699386,-26.844199483601727],[-49.06561483223427,-26.8441059966878],[-49.06507721869368,-26.843452012369895],[-49.06418077362316,-26.843025857956626],[-49.064787611724775,-26.843363377341383],[-49.06444597470772,-26.844009218794977],[-49.06511157755421,-26.8444144278508],[-49.06596449465817,-26.844499318118633],[-49.06667978792908,-26.845881020531674],[-49.06628394680033,-26.846777639158816],[-49.06584344682115,-26.847150055218123],[-49.06544427356433,-26.847147877393073],[-49.06508480515328,-26.847412008789558],[-49.064786345256586,-26.847837001625525],[-49.06446820859273,-26.84798297288304],[-49.064561395410244,-26.848132716628424],[-49.064301710346435,-26.848346103049813],[-49.06415168798923,-26.84867359752906],[-49.06469163742363,-26.84813629332274],[-49.065068488577296,-26.848276325856315],[-49.06556459616114,-26.847989477942512],[-49.065539367797314,-26.847700268215743],[-49.06626756871657,-26.847239214513525],[-49.0672136831466,-26.846300083143795],[-49.06745768963618,-26.8462726267957],[-49.06735075118883,-26.846403944936547],[-49.0675255591126,-26.84645025565922],[-49.0677587819041,-26.847368345261376],[-49.0673086458707,-26.847888191820367],[-49.06842570680435,-26.847218967893753],[-49.069137967943156,-26.847102907981853],[-49.069500012544594,-26.847373822060277],[-49.06958401590232,-26.847631494040748],[-49.070608160133446,-26.848212078878298],[-49.0708113753458,-26.84812339677573],[-49.070825242345904,-26.847919176284503],[-49.07122245425507,-26.847476747267205],[-49.071469292869104,-26.84743384507634],[-49.07209401155051,-26.84765656674274],[-49.07306214122544,-26.846987420206847],[-49.07351551307098,-26.84624209311895],[-49.074399038220754,-26.84612347931224],[-49.074861540097174,-26.846280255065686],[-49.074963199477345,-26.847461978831575],[-49.07471386391095,-26.84788191625466],[-49.074192698081596,-26.848296334280445],[-49.07433640452907,-26.8492503368096],[-49.07552213611984,-26.84933599462975],[-49.07569660942501,-26.849156674331336],[-49.075709983871455,-26.848786273321895],[-49.07595468099373,-26.848635130648965],[-49.07623856147972,-26.848102367229753],[-49.076979422934734,-26.848181933034677],[-49.07729134916728,-26.847973112061684],[-49.07901485209062,-26.848394157310267],[-49.07926818895762,-26.848775356943612],[-49.07964356050498,-26.848945127521375],[-49.07970736837015,-26.849275210602226],[-49.07944718413817,-26.84997562886909],[-49.07945870841187,-26.850538844583145],[-49.07911948836524,-26.850562705611516],[-49.07853966614472,-26.850264804836282],[-49.07756630085343,-26.85047667828376],[-49.07734384406065,-26.850696760962546],[-49.07874549472379,-26.851154199132687],[-49.079013455004414,-26.85147178750005],[-49.07903474512624,-26.852113090351178],[-49.07869651276049,-26.85280451007422],[-49.07817396199181,-26.853371565299533],[-49.07753578660681,-26.853372919940934],[-49.07822355236677,-26.85379089470496],[-49.07807503438679,-26.854142608406303],[-49.077739821441035,-26.854404368033453],[-49.078350567321685,-26.85451284184356],[-49.07885724596982,-26.854352873527997],[-49.07988508109604,-26.853295796940305],[-49.08028123205729,-26.85246298356314],[-49.080627865227825,-26.852416235239367],[-49.08095643927541,-26.85257654659656],[-49.08127204570064,-26.853012870899136],[-49.08120646238809,-26.853832440225627],[-49.08073553767811,-26.854712415584668],[-49.08062049845731,-26.855526770755954],[-49.080506205886735,-26.855569066350377],[-49.080286772828416,-26.855333617919467],[-49.07989118486266,-26.85544274050377],[-49.08024142420326,-26.855984137644224],[-49.07983327562356,-26.85664940364183],[-49.08025888107532,-26.856898626429807],[-49.080720355111296,-26.856939073658577],[-49.08130209463572,-26.85764143578276],[-49.08210000354215,-26.85787018375397],[-49.082389879979445,-26.858413667809668],[-49.082333719138255,-26.85910018945717],[-49.08268791328896,-26.85943069293067],[-49.082654977350494,-26.859560483334675],[-49.08204978871336,-26.859488047760216],[-49.08133714453702,-26.85986994477425],[-49.08103248471591,-26.859860423939697],[-49.08074759465499,-26.85948750047153],[-49.0808424506992,-26.859715615227643],[-49.08050619775042,-26.85951552825809],[-49.08062074657929,-26.85936397594886],[-49.080232478302214,-26.859525710626844],[-49.08008285576707,-26.85931664524503],[-49.07975799517516,-26.85924676726686],[-49.079302361801176,-26.858866626187528],[-49.07823801109701,-26.858649760593334],[-49.07696974125593,-26.858076223998157],[-49.076715759167016,-26.85818189643657],[-49.07678830046786,-26.858352036592485],[-49.07665790210434,-26.858387941093138],[-49.07654093385759,-26.858172528900358],[-49.07677837837313,-26.858101756489386],[-49.076675617186055,-26.857906809608256],[-49.076231678279704,-26.857795776176747],[-49.07587181393095,-26.85791310139875],[-49.0763375668755,-26.858131462576686],[-49.07669351499972,-26.859421001470462],[-49.07761884936488,-26.859432582735895],[-49.07923146535722,-26.86007524983281],[-49.08087877603477,-26.860955323127705],[-49.08063061545436,-26.861163366544183],[-49.07901506434429,-26.86024356891706],[-49.078741860560406,-26.861729938937962],[-49.0782511449552,-26.86235560111745],[-49.07830770796454,-26.862458472557236],[-49.07861437848112,-26.86234306954619],[-49.079308882010196,-26.862481787284416],[-49.07994545549207,-26.862053235533722],[-49.080471113014774,-26.862329294317906],[-49.08120399213928,-26.862428439734845],[-49.08152830348914,-26.86367612755833],[-49.080495799551024,-26.8646462454302],[-49.0806241798577,-26.86491674259931],[-49.08045379889013,-26.865130895149274],[-49.081009941129,-26.865249203023065],[-49.08143448892701,-26.865937273910514],[-49.081452392152805,-26.866814379536347],[-49.08092009097578,-26.867441264740354],[-49.08033964824199,-26.867386356416162],[-49.07970255507196,-26.86768059873221],[-49.07953468843003,-26.867458542979133],[-49.079137133074205,-26.867471216856558],[-49.079256540359324,-26.867710310108258],[-49.07914342514502,-26.868025399720242],[-49.07951352654713,-26.868562290194234],[-49.07880552992942,-26.869391832000023],[-49.078995214144,-26.869309769638654],[-49.07939908589055,-26.869466157855094],[-49.0801720488567,-26.869480470797203],[-49.080325724070484,-26.868748223215174],[-49.08067858371702,-26.868747268919822],[-49.08107015995733,-26.868016393244176],[-49.08170120815708,-26.86773193180807],[-49.08243427969159,-26.866902867360363],[-49.082830145238745,-26.866945094107372],[-49.083523938048224,-26.866690718920864],[-49.08413337227931,-26.867617964653775],[-49.08427172368488,-26.868104721741247],[-49.08427230395354,-26.868687174582977],[-49.08351309792696,-26.868774545131572],[-49.083104348804895,-26.869125760554546],[-49.081628020165574,-26.86912949972054],[-49.08132288334349,-26.86949390002119],[-49.08121412493598,-26.86994143238352],[-49.08124866021565,-26.8700530552142],[-49.082535320947045,-26.870128987944714],[-49.08282216033548,-26.87038008690841],[-49.08278669364233,-26.870815394652983],[-49.08300735726919,-26.871344561004424],[-49.08444715826266,-26.871746508790938],[-49.084394496080186,-26.872170454445335],[-49.083944330074026,-26.87254535672208],[-49.08387473042157,-26.873122446166548],[-49.08298391422415,-26.873493136540272],[-49.08190092287057,-26.87258188642913],[-49.08187089095974,-26.872897100668943],[-49.08166840381852,-26.872918271312187],[-49.082333140273704,-26.873699065279474],[-49.08227608881087,-26.87413740960619],[-49.08154694313661,-26.874650726362137],[-49.081111186737886,-26.87477178243913],[-49.07995647459641,-26.874507236079843],[-49.079998128075914,-26.87475363841015],[-49.0796146643839,-26.874742023956756],[-49.07972297719582,-26.875225329219848],[-49.07922934565316,-26.875715041807524],[-49.07926016754977,-26.87587447222464],[-49.079568358339685,-26.876237781850406],[-49.080070289586935,-26.876464560231383],[-49.08088446240213,-26.876345053826324],[-49.08144707439849,-26.876736404300598],[-49.08152008384807,-26.876223523960313],[-49.08251329204148,-26.875245961751514],[-49.08322611118668,-26.87503206815394],[-49.084501635464456,-26.876028269405627],[-49.084585427018375,-26.876650663820946],[-49.084860477877754,-26.877014034456508],[-49.08440314009082,-26.877781595479497],[-49.084189708485255,-26.877818703160646],[-49.08432808349125,-26.878052740375495],[-49.083836614965776,-26.878627249731075],[-49.08330643851891,-26.87840644979346],[-49.08332653290052,-26.878229308574046],[-49.08294863960937,-26.87794923011034],[-49.08310766799458,-26.878134975532543],[-49.08276228117746,-26.87849138654608],[-49.082958412397446,-26.878738015571543],[-49.08288971061145,-26.879286425902624],[-49.083166196570595,-26.880043077027533],[-49.08262785293659,-26.880302840336494],[-49.08265661353667,-26.88063604379002],[-49.08173845146106,-26.88021056622926],[-49.08139076151116,-26.879563398144324],[-49.08093296299365,-26.87958604591018],[-49.08048464554004,-26.879282328822466],[-49.080417100054014,-26.87880539909947],[-49.08014271898326,-26.878736281400833],[-49.080313988180905,-26.87868506669228],[-49.08013717823854,-26.87870327104443],[-49.07974915326913,-26.87904786808482],[-49.079345441509574,-26.879011028123195],[-49.07927041990537,-26.879238620254775],[-49.07884820494219,-26.879292440106727],[-49.07888286250506,-26.879426258014423],[-49.079354932527046,-26.87957055091806],[-49.079799089318406,-26.87936779236944],[-49.07996250657618,-26.87942891948394],[-49.0798591767966,-26.87968786425334],[-49.0803214313748,-26.88002970790643],[-49.08056302723899,-26.880788588479685],[-49.081051919907146,-26.88105592217169],[-49.08139048851706,-26.881759492080107],[-49.082768594839834,-26.882773937795314],[-49.08287372958578,-26.883249445904017],[-49.082649203745845,-26.88370542469911],[-49.08277801056223,-26.88406731936138],[-49.08246064339928,-26.884461714382354],[-49.0813945424754,-26.88375504648929],[-49.080614227383975,-26.882680444807953],[-49.08037012243638,-26.88273122769381],[-49.08025614780395,-26.883084698590068],[-49.079882920954425,-26.883419838541997],[-49.08018969803241,-26.88466546992025],[-49.079735426679754,-26.885167069139843],[-49.07978648883521,-26.885418984703286],[-49.079607052251355,-26.885697393451096],[-49.07890865003586,-26.886124454889508],[-49.07822278056645,-26.8860035345838],[-49.07797756119641,-26.88616601914268],[-49.07765257505047,-26.885861305280663],[-49.07745459051192,-26.886067935613653],[-49.07789710996155,-26.88730443349388],[-49.077544958796985,-26.887727350986754],[-49.076924644258916,-26.88785505940928],[-49.07747948626291,-26.888213767043258],[-49.07730319657811,-26.888821298484604],[-49.07746640139315,-26.88892723629794],[-49.077483681890506,-26.88932444873821],[-49.07666877818714,-26.88974023567394],[-49.07611239303043,-26.890736695927238],[-49.07683414546104,-26.890997740982886],[-49.07827445666424,-26.89086180261431],[-49.07833152066229,-26.891433695428205],[-49.07885726092541,-26.89166436714502],[-49.079033001832585,-26.891941971677728],[-49.078882236551344,-26.892135981489183],[-49.07926719374427,-26.89225416007753],[-49.07914207607792,-26.892517596034796],[-49.07935481806332,-26.8925654070749],[-49.079093844314826,-26.892971260211386],[-49.07780891348512,-26.89414370290629],[-49.077820555673384,-26.894334661727672],[-49.077402774694846,-26.894445769626472],[-49.07757909287354,-26.89459125269752],[-49.07711597809353,-26.894676614376223],[-49.077314157501604,-26.894422513137147],[-49.0771649306897,-26.894456417305463],[-49.07729931171336,-26.894043655645568],[-49.077195595475104,-26.89379308343945],[-49.07735177115756,-26.893614208064637],[-49.0775856135607,-26.893729886514052],[-49.07741598429392,-26.893544206175022],[-49.07718014823811,-26.89355703047458],[-49.07696747135206,-26.8925648351272],[-49.07622254439578,-26.89299927408784],[-49.07579319892751,-26.892788215541763],[-49.07528607498087,-26.893418930794255],[-49.07485511560204,-26.893707105704248],[-49.073866489398526,-26.894035167086614],[-49.07336066376483,-26.89463350298852],[-49.07366999061347,-26.895187688145406],[-49.07334137050802,-26.89527278879066],[-49.073195431397515,-26.895474663048958],[-49.072995724505006,-26.894865871817466],[-49.0726413971779,-26.89458951486845],[-49.071395640829834,-26.894306927114926],[-49.0707809205053,-26.89443652369813],[-49.070472351584264,-26.894092290244327],[-49.070031765769365,-26.894089507505637],[-49.06945863047795,-26.89385947540109],[-49.06952715978583,-26.893125061563218],[-49.07045833915011,-26.892836177249773],[-49.070481620200766,-26.892268061274457],[-49.07062135504301,-26.892100904490288],[-49.07042855768547,-26.891969785376823],[-49.07057570226372,-26.891606295765932],[-49.07043848965198,-26.89153600416135],[-49.070383015778376,-26.89111688035374],[-49.070462530663086,-26.89084030255793],[-49.07056417664245,-26.890958278923858],[-49.0709972425667,-26.890857182765266],[-49.07076709060872,-26.890151484880192],[-49.070941775550274,-26.889880266069227],[-49.070692540974676,-26.889800254524285],[-49.07072135398681,-26.88949168953835],[-49.070890453346905,-26.88934113353823],[-49.07116836481346,-26.889391711601863],[-49.07142380673094,-26.889700125205184],[-49.071618727964655,-26.890465601295247],[-49.07214120904482,-26.890152303697338],[-49.072161930820826,-26.889832763441984],[-49.071910079807495,-26.889611318619366],[-49.07190278006252,-26.88940868200365],[-49.07252868651447,-26.888751212298235],[-49.072279219978455,-26.888294240379313],[-49.071230414356066,-26.88865525863131],[-49.07112840084798,-26.888945385137234],[-49.07089551945797,-26.8889289657535],[-49.07065252158185,-26.889239075296747],[-49.07037711231157,-26.88931343598026],[-49.07031412653412,-26.889702308081336],[-49.07017482081033,-26.889720379617742],[-49.06962544682233,-26.889395581064097],[-49.06980153470182,-26.888844401664343],[-49.06894890191293,-26.8888247461546],[-49.06879549116901,-26.888654776505422],[-49.068697234628985,-26.888875016101604],[-49.06834420997686,-26.888877224307596],[-49.06808043178544,-26.888695100327567],[-49.06799036025734,-26.88831512664731],[-49.06836861105314,-26.887704927256816],[-49.06821370484095,-26.88727380622398],[-49.06890456988366,-26.887375727549276],[-49.06926058225587,-26.887138034128526],[-49.06920793474331,-26.887008661106528],[-49.06823640539631,-26.886889402322108],[-49.06842888084275,-26.88645912916717],[-49.06919037719319,-26.88619894287254],[-49.06920610515877,-26.88602115617595],[-49.068845225196846,-26.88579791032432],[-49.06901898680988,-26.88579392798409],[-49.06899309984179,-26.885605619929116],[-49.06938201245319,-26.88555538715471],[-49.06952823554606,-26.885995951814728],[-49.06960733280596,-26.884656424527638],[-49.06981104139315,-26.88571573273751],[-49.07056373551262,-26.885531685990564],[-49.070196841471,-26.88484417834864],[-49.06976777063344,-26.884644191571144],[-49.06969906269278,-26.884345259455927],[-49.06963675144864,-26.884638249514243],[-49.069494492773345,-26.884373339623213],[-49.0694240227236,-26.88249296980533],[-49.069673803433346,-26.882569888070353],[-49.069747067130265,-26.883050702181773],[-49.070658452434095,-26.88290440587142],[-49.07100124354623,-26.88300148106799],[-49.07250840482645,-26.883921595503697],[-49.07288346899359,-26.884010940430304],[-49.07324520909869,-26.884845808938188],[-49.07356583726888,-26.885181508143393],[-49.07375818271394,-26.885053936907426],[-49.07352796266747,-26.884394792101894],[-49.07364496836465,-26.883904823915554],[-49.07460841351423,-26.883092222102615],[-49.07503635604347,-26.88327371653824],[-49.07565775020141,-26.883053616466178],[-49.0757091511224,-26.88269544157164],[-49.07553853992901,-26.88255634193563],[-49.07534838569251,-26.882630221973656],[-49.07549500007149,-26.882929486441284],[-49.075090941831924,-26.882525194674397],[-49.07462427125039,-26.88266724527917],[-49.0743567345845,-26.882400805094353],[-49.07395824566382,-26.882714595802526],[-49.07324452454647,-26.882919894005173],[-49.07302130486678,-26.883155179003438],[-49.07266711655714,-26.882669623650376],[-49.072334955002766,-26.882558458526656],[-49.07110482005552,-26.881566786342084],[-49.071281826971905,-26.880416497847857],[-49.07246231477879,-26.880095523158246],[-49.07217571388013,-26.879549762966217],[-49.07172600647922,-26.879643026308873],[-49.07133485418845,-26.879222030749123],[-49.0713527953215,-26.87894099615],[-49.07054962662787,-26.878301752378388],[-49.07031707101239,-26.87844990524293],[-49.070355189307236,-26.87896031710019],[-49.069712988979255,-26.87892040276692],[-49.06945968991405,-26.879214838530135],[-49.06873705795195,-26.878036890123845],[-49.06826845245586,-26.877854637588765],[-49.06795644270701,-26.877101255500364],[-49.06740292782753,-26.876915379058925],[-49.06688853761187,-26.876515068222776],[-49.06644890622704,-26.87655089615122],[-49.06642731920319,-26.876356280857927],[-49.06662133099945,-26.876402251032154],[-49.066666137556254,-26.875777268979803],[-49.06716925835499,-26.87511463686638],[-49.06710769131013,-26.874604358461262],[-49.066574532858525,-26.874944050948443],[-49.06539733147197,-26.874860123827546],[-49.0652198258126,-26.874384165958066],[-49.06524676883144,-26.87386607982646],[-49.06438029957203,-26.872738667428255],[-49.06435250370111,-26.872140426211942],[-49.06395743823081,-26.871454146859005],[-49.06411624201682,-26.871293337304532],[-49.06423924384986,-26.8705833585096],[-49.06519378271016,-26.870560181440872],[-49.06505816501527,-26.870391753742155],[-49.06572473266857,-26.869651243176044],[-49.06618338227304,-26.869263881773982],[-49.06648569250812,-26.869331328535036],[-49.06625768940565,-26.868628272130948],[-49.066272738998855,-26.867415388518925],[-49.06616538073067,-26.867575693885506],[-49.06590724788578,-26.86765367032287],[-49.06617774907784,-26.867490025233163],[-49.065943581844955,-26.86746884791751],[-49.0657784808922,-26.86763863865508],[-49.0657371878828,-26.867988924866705],[-49.0660382661072,-26.868162217552893],[-49.06612619295144,-26.868420922291286],[-49.06579112068917,-26.86846245071674],[-49.065802133099915,-26.868916499331995],[-49.06561393461655,-26.869227636959756],[-49.064459503309976,-26.86976430454993],[-49.06399055979298,-26.87038480356538],[-49.06331615252608,-26.87055663480171],[-49.06270917342881,-26.870448825838405],[-49.061589252780095,-26.869972743204467],[-49.06126960933166,-26.869632011716615],[-49.06100835309091,-26.869702878225908],[-49.061005125640676,-26.868872917292254],[-49.06064062885113,-26.868735647047224],[-49.06084415399585,-26.86853075235965],[-49.06009868992862,-26.868555673003808],[-49.06019012442264,-26.868401213301983],[-49.06111542952715,-26.868055242103342],[-49.06094591384667,-26.86796641559497],[-49.061100812217276,-26.86785412527808],[-49.06090788950259,-26.86761253257937],[-49.06105558116893,-26.86752442255736],[-49.061011624300995,-26.867112669582614],[-49.06086142553064,-26.866906757408998],[-49.06082776904753,-26.86722047300736],[-49.06060353968375,-26.867238750623297],[-49.0607708533208,-26.866857779067587],[-49.060691820569666,-26.866336218003145],[-49.06018477646366,-26.865657083436094],[-49.0600178522556,-26.864895836265188],[-49.05977213219436,-26.864768874680752],[-49.05948056463062,-26.864865733966898],[-49.059423406431144,-26.864674960529765],[-49.05968646088766,-26.86456664589838],[-49.059343697004614,-26.864515809113264],[-49.05919900935422,-26.864098091186964],[-49.05907496226185,-26.86435663251603],[-49.05914956221625,-26.864781373083716],[-49.05896764410668,-26.86476064060621],[-49.05856427624136,-26.865063895687285],[-49.05832300078372,-26.86543265302161],[-49.05904350738849,-26.86522502929266],[-49.05994351843643,-26.86568569803498],[-49.059622222099904,-26.865788040306512],[-49.05964072745835,-26.865967921888725],[-49.05933180045784,-26.866322274703858],[-49.05932712317714,-26.866672282271598],[-49.05955851652353,-26.866284040680814],[-49.0600757958993,-26.866270269908043],[-49.06021338198811,-26.8663918318454],[-49.05999237445907,-26.867379602659707],[-49.059385437728814,-26.8674294784369],[-49.05936322380575,-26.867662627137136],[-49.05928191653313,-26.867447747787768],[-49.05931027559671,-26.867714585272655],[-49.05904678945959,-26.867827472232495],[-49.05889561220145,-26.868126301617558],[-49.059375520263586,-26.868288609491504],[-49.05962258251309,-26.86855564075725],[-49.05886706189426,-26.868632766445348],[-49.058763524512315,-26.868950610522514],[-49.058912054122985,-26.869354444015286],[-49.05848851587286,-26.869550678069785],[-49.05914327573511,-26.86987158381743],[-49.059911066247885,-26.869952004816845],[-49.06079805826548,-26.870943137810652],[-49.060584816987394,-26.871044125955457],[-49.0607417139229,-26.871711718385022],[-49.06071060364138,-26.872634616997317],[-49.06046201443368,-26.873203543043594],[-49.06010810407915,-26.87329501830335],[-49.06036280559183,-26.873408763383484],[-49.0603793472095,-26.87361519162769],[-49.05999836203219,-26.873843502816563],[-49.059106982348304,-26.873786050268905],[-49.05973777264054,-26.873923157044246],[-49.05982422630463,-26.874175886992457],[-49.059857053985674,-26.87395904242696],[-49.06054521825424,-26.87379602936028],[-49.06112703117684,-26.873034922642642],[-49.06142814863924,-26.87295440049558],[-49.06183640989547,-26.87305418854202],[-49.06202983975766,-26.87332811512589],[-49.062931361681756,-26.873238247764444],[-49.06355497218287,-26.873489142330815],[-49.06392537083357,-26.874120612228214],[-49.0638663421007,-26.874597538699614],[-49.06454278248442,-26.875034419231767],[-49.06445554740426,-26.875442104979424],[-49.06486583035844,-26.875455798474817],[-49.064943985660065,-26.87560106104802],[-49.06435192690686,-26.875999033177305],[-49.06400072181726,-26.876608781256586],[-49.06371620029764,-26.876608520732134],[-49.06380827674957,-26.87698834885179],[-49.06363710761885,-26.877001844925577],[-49.06362457900304,-26.877163767270744],[-49.06420367706663,-26.87726472083884],[-49.06475349209297,-26.87757905600957],[-49.065084858221546,-26.878087645495885],[-49.065058147014454,-26.87855696073519],[-49.06489758951881,-26.878596315213404],[-49.06452718973033,-26.879468805096067],[-49.062623309905746,-26.879919707252956],[-49.06257259615749,-26.880071791763434],[-49.06170779551282,-26.880176279639997],[-49.06139506083511,-26.880457475145093],[-49.06044559877846,-26.879723566402685],[-49.060931386087624,-26.880524944301197],[-49.0611131723379,-26.88058287709229],[-49.06089729026043,-26.880633106242904],[-49.06066986922751,-26.88108227898196],[-49.05983220420949,-26.881428662044872],[-49.05975227276071,-26.88158090989225],[-49.059159187427554,-26.881460732594118],[-49.05838471067523,-26.88172811437492],[-49.05820545505624,-26.88165513373826],[-49.0581730914155,-26.881200134304645],[-49.057877713961,-26.88168784329864],[-49.05744374772822,-26.881614908492576],[-49.05731779573229,-26.881419832493904],[-49.05711012322218,-26.88157786281795],[-49.05676067787528,-26.881356960647018],[-49.0566330633065,-26.881639527483866],[-49.05632034235454,-26.881153504557986],[-49.05601954162602,-26.881446389492766],[-49.05573966577526,-26.88135556607497],[-49.05570853556567,-26.88147922753761],[-49.05518292872241,-26.88151729426099],[-49.055102455179245,-26.881559687286813],[-49.05603707785641,-26.881587644236422],[-49.05633017417954,-26.881931840829584],[-49.05664902206593,-26.88190648758112],[-49.0570060745617,-26.882239032250283],[-49.05732826470897,-26.882237973354],[-49.05731659475041,-26.88253390768236],[-49.057419383446096,-26.88236649941624],[-49.05779990484523,-26.88228708934886],[-49.05788231305029,-26.882399175550272],[-49.05799181136712,-26.882312454577992],[-49.05856695057329,-26.882446769900604],[-49.05975246923488,-26.883207440531596],[-49.06008652998173,-26.883622570874316],[-49.05997835456928,-26.883730764145756],[-49.06024717298679,-26.883671562053287],[-49.06037930764554,-26.88394695901938],[-49.06076299021951,-26.883917837775712],[-49.06106552411578,-26.8840658583166],[-49.06154684103972,-26.885170963463842],[-49.06191463414377,-26.885432062398266],[-49.061908421653605,-26.88562469631407],[-49.05995775167124,-26.886793400557988],[-49.05875772213405,-26.886824223559973],[-49.058427474424334,-26.88707095123665],[-49.05807738572688,-26.88692220246258],[-49.05780589362623,-26.88699397568296],[-49.05780369896535,-26.88713962188741],[-49.058506998405704,-26.88741096353924],[-49.058903070376914,-26.88730021409988],[-49.05913129605138,-26.887659410334926],[-49.05987760553975,-26.887437120586444],[-49.05996305743716,-26.88782812573938],[-49.060177779742205,-26.887426277692377],[-49.060863103107096,-26.88734344812077],[-49.06154516347868,-26.88685107192069],[-49.06173243829448,-26.88699808354045],[-49.06151893161916,-26.88846159451949],[-49.0620045211531,-26.887943753770518],[-49.062934520412455,-26.887879532529077],[-49.063052942814856,-26.88895220171167],[-49.06275011450835,-26.889245582056155],[-49.062903773548626,-26.889914010300018],[-49.062502891081635,-26.890034032808654],[-49.06254638136401,-26.890274809264522],[-49.06231635061216,-26.890395672543796],[-49.062289041419554,-26.891789974251168],[-49.06100450134565,-26.892138243338568],[-49.06027898036194,-26.891806908182456],[-49.06014843497306,-26.891658413386875],[-49.06027130460963,-26.89157217053089],[-49.06000327207687,-26.891368931610685],[-49.05956347903314,-26.891469112494747],[-49.059252521296244,-26.8912663194944],[-49.05804496441959,-26.891762525261125],[-49.05837270601415,-26.89207242170846],[-49.05887117301933,-26.891919767657576],[-49.059430322448776,-26.89195924225851],[-49.05965055876846,-26.892348467109986],[-49.0592700929313,-26.893007790883146],[-49.05960381178279,-26.89376953631305],[-49.05919901739991,-26.89402414065031],[-49.059146420773985,-26.89426739337208],[-49.05867610401487,-26.89461305942925],[-49.05837253407039,-26.89513405837369],[-49.05832348384864,-26.89560627909675],[-49.05856848003671,-26.896467855542788],[-49.05838268491816,-26.896557161878306],[-49.0582244720388,-26.897006329754735],[-49.05837619409856,-26.897043138342944],[-49.05841521881946,-26.897182560116423],[-49.05818746910594,-26.897504894712743],[-49.05820947095137,-26.898132344036235],[-49.05833739973113,-26.898465408636817],[-49.05878827478011,-26.898812857782424],[-49.058610401836795,-26.89907483420098],[-49.05871047668167,-26.899231627312787],[-49.05925817201184,-26.899228809013728],[-49.06002877187482,-26.899551613566434],[-49.06028009148572,-26.8994454583489],[-49.06157002608531,-26.90005836877881],[-49.06209974626342,-26.900892027134724],[-49.06175625521124,-26.90059032396037],[-49.061776451747775,-26.900693199707273],[-49.061591027429714,-26.90066077681359],[-49.061539954050915,-26.901959384141676],[-49.06190451448022,-26.901940898317438],[-49.06203798474759,-26.901624870466623],[-49.0620790192207,-26.901872539739013],[-49.062338567129416,-26.9018545364033],[-49.06262731534493,-26.902235203259817],[-49.06256826799148,-26.901999867911677],[-49.06275869991574,-26.90206267780678],[-49.06273631373755,-26.901797084988463],[-49.06309327518937,-26.90216312091458],[-49.06299847636634,-26.90244578664703],[-49.06331891344874,-26.903120329927102],[-49.06326744770897,-26.903333277089473],[-49.065072619261045,-26.904903242210203],[-49.0658647217137,-26.906109709310154],[-49.06580662001363,-26.906571319263225],[-49.06480995382559,-26.907062941677538],[-49.06451680235659,-26.907458508700607],[-49.065026681911746,-26.90751665247339],[-49.06550848311922,-26.907275113402036],[-49.06541748458821,-26.907479500815803],[-49.06633687528293,-26.908075412611637],[-49.06635257584794,-26.908422433388495],[-49.06669570641143,-26.90908312125931],[-49.06634313939514,-26.91001337955885],[-49.06603835973547,-26.910208825783034],[-49.066283891986394,-26.910807004016444],[-49.06606235356948,-26.911307799615354],[-49.06628185826617,-26.912152705503186],[-49.06582786603229,-26.91260521057198],[-49.06566943211371,-26.912989225757606],[-49.066257748296074,-26.913666156492972],[-49.06624883239996,-26.914067970965824],[-49.065995182920524,-26.91445641449385],[-49.06561700660384,-26.91447562794251],[-49.06521889280373,-26.91492934870803],[-49.064669813116126,-26.91524299594405],[-49.06409980264803,-26.914968651252888],[-49.063847893233934,-26.915197454123792],[-49.06394708611633,-26.915740978359135],[-49.06327336596576,-26.916016362074576],[-49.06322996062658,-26.91551582843193],[-49.063411999167634,-26.915251390125604],[-49.06305204194408,-26.91446915167844],[-49.06348636185445,-26.914162076762434],[-49.063745564696674,-26.913660181236413],[-49.06142938082787,-26.9130307188429],[-49.06050091201298,-26.913044388878294],[-49.06047120272261,-26.912734240583784],[-49.06032756843903,-26.912660069011334],[-49.06012079803876,-26.91270930480765],[-49.05957334866958,-26.91332022323076],[-49.05905723725194,-26.91286634356038],[-49.058457772448506,-26.912772282603388],[-49.05798888564732,-26.911673108193007],[-49.05762554767241,-26.91176468048156],[-49.056191140249894,-26.911300513600114],[-49.054236259384446,-26.9111781272659],[-49.051606394643876,-26.910405583837345],[-49.05038648774241,-26.91021195755492],[-49.04643753867534,-26.9089264802003],[-49.044965441545955,-26.908123037777337],[-49.04520562307224,-26.907902320877387],[-49.044536359178295,-26.907535930120517],[-49.044793472151085,-26.907449493632082],[-49.04483766890115,-26.907246653008276],[-49.04574314347095,-26.908309542659804],[-49.04572908932539,-26.907989770643404],[-49.04547331795345,-26.90783602210283],[-49.045339830929024,-26.90738580295125],[-49.04533418535325,-26.906702541495516],[-49.04550931289515,-26.906418178232553],[-49.04780239141245,-26.907011779471386],[-49.04674152322439,-26.906234092841576],[-49.04661442352663,-26.905931897747177],[-49.04721910727081,-26.90583751664616],[-49.04789020579056,-26.90606156260729],[-49.04787116083261,-26.905274633257765],[-49.04824567101635,-26.90502047715701],[-49.04693600279212,-26.904807782532814],[-49.046484908451376,-26.904503339057314],[-49.04593387393979,-26.904364912424978],[-49.04623847271364,-26.90338043087618],[-49.04683500896423,-26.902983089524405],[-49.047476536580184,-26.903121618360114],[-49.04681858127751,-26.902621871415292],[-49.04626834984116,-26.902639009945897],[-49.04615043752422,-26.901397378336327],[-49.04668260605937,-26.900949337022862],[-49.046588358886154,-26.90078722399082],[-49.04612593694999,-26.900634042845983],[-49.04682188955517,-26.90018557127842],[-49.04777760135789,-26.900052232279396],[-49.04824915810587,-26.899739630842348],[-49.04967643349273,-26.89943254200785],[-49.05013356778931,-26.89919852045033],[-49.04984017072474,-26.898908112418887],[-49.050020897103614,-26.89848941249813],[-49.04905956135108,-26.898397387951228],[-49.048800099778994,-26.898184678904684],[-49.04633309135607,-26.898327038453672],[-49.046203457027424,-26.89823539818173],[-49.04647732684058,-26.89877778874249],[-49.04718046371603,-26.89884990708957],[-49.04757918676478,-26.899106718249485],[-49.04692510384623,-26.89946526046944],[-49.04642467016647,-26.899522859389734],[-49.04645503908546,-26.89917200663127],[-49.04609533751001,-26.898858921847932],[-49.04601111198073,-26.89810467736809],[-49.04526948600631,-26.896618800127257],[-49.045997586763704,-26.895912439841755],[-49.04620026855763,-26.895506231261802],[-49.045705623047056,-26.895664885189294],[-49.04467707761373,-26.89562227589589],[-49.04412629682258,-26.89532763686434],[-49.04386541929963,-26.894810255868283],[-49.043941850656225,-26.89373579955884],[-49.0442981658079,-26.893646017362006],[-49.044313337005356,-26.893102226349964],[-49.04457024341181,-26.892907247043514],[-49.0443928169251,-26.8926692239836],[-49.04440079351449,-26.892198141439795],[-49.044985985624585,-26.891895625113342],[-49.04506838756349,-26.891704605447956],[-49.04464899401011,-26.891754458338745],[-49.04402281819654,-26.892106193386738],[-49.04362718215801,-26.893131552491358],[-49.0430428645246,-26.893050461899737],[-49.043222912193606,-26.8933682233704],[-49.042936354365736,-26.893584561936112],[-49.043143389365895,-26.893728912803603],[-49.0431192915272,-26.894102897887453],[-49.04288729260291,-26.894334770649245],[-49.04300526988933,-26.89466873453274],[-49.04189311385686,-26.894812828934512],[-49.04130489130488,-26.895294764248508],[-49.040243772901476,-26.89553514196456],[-49.03975423607321,-26.895330922002245],[-49.03898884701935,-26.895281531803747],[-49.039334748158986,-26.895885538606713],[-49.03895722343582,-26.896506434479075],[-49.03829236723234,-26.89710168573299],[-49.03643282102886,-26.898267100184686],[-49.0363476157875,-26.89798024234286],[-49.03596607699001,-26.897802244239216],[-49.0358277029579,-26.89754617928217],[-49.035844577672954,-26.898115478980046],[-49.035557969612825,-26.898895691219582],[-49.035963709213824,-26.898540117949793],[-49.03605638675291,-26.898660937460296],[-49.035645025136134,-26.899035516990995],[-49.03547324118688,-26.899509306076403],[-49.03488445141007,-26.900268182439987],[-49.03428510471908,-26.900812497636156],[-49.033625988664795,-26.90194486470015],[-49.033028609404205,-26.902238535318084],[-49.03236795331026,-26.901637986407188],[-49.03238927055746,-26.902296828365568],[-49.03205861292726,-26.90283262843237],[-49.03256635846173,-26.902918756409633],[-49.03225460631199,-26.90332416842694],[-49.03183494384876,-26.903682898412484],[-49.03156196961282,-26.90365140599282],[-49.03110975285252,-26.903866996658348],[-49.03104448930157,-26.90412266395961],[-49.029928464827215,-26.905107472953325],[-49.028052181782215,-26.906214483238134],[-49.0275026693968,-26.906378649580933],[-49.02749850893599,-26.906265542218527],[-49.02665489892967,-26.906379524793294],[-49.02628203998445,-26.906077338234496],[-49.02617506293968,-26.905412722053043],[-49.02714653253951,-26.905171304516667],[-49.026987352648604,-26.904313105510685],[-49.02506369021766,-26.904648659819664],[-49.02453513240576,-26.904409458262762],[-49.02458568643729,-26.903865211730878],[-49.024946980945806,-26.90316798178437],[-49.02523468175837,-26.90299914799979],[-49.02504790116744,-26.902716355255926],[-49.0251520227693,-26.902382300007375],[-49.02487944231654,-26.90293143820255],[-49.023475131287704,-26.904154919567052],[-49.02256411434161,-26.903918857850787],[-49.02233827869977,-26.903529822194486],[-49.022528718841485,-26.903458299417895],[-49.02278370734638,-26.902927456245433],[-49.02313929504318,-26.90275007095631],[-49.02310632619587,-26.90257623801171],[-49.02249047257359,-26.901912259826574],[-49.021994867215106,-26.9017171421897],[-49.02209447509162,-26.901500261753235],[-49.02191864865097,-26.90138692089068],[-49.02206572047612,-26.901126313165324],[-49.02185234608082,-26.90061087945356],[-49.02197391913502,-26.900252934053874],[-49.02219771488398,-26.90011207273823],[-49.022813295036,-26.900016687822145],[-49.0238032079965,-26.90068333900232],[-49.02389721819297,-26.900225839484957],[-49.0244236677114,-26.899566778986507],[-49.02505443628408,-26.89933893663216],[-49.025785494197144,-26.899353511541385],[-49.02516405998759,-26.89911049048934],[-49.02519620584344,-26.898826559920064],[-49.024994817043165,-26.899024319768458],[-49.02472367948998,-26.89893208955521],[-49.02458395773506,-26.898263657882985],[-49.024362100616536,-26.898266870887383],[-49.02454395760754,-26.897964215761153],[-49.02344291747929,-26.898233270223148],[-49.023157369175706,-26.89794520741566],[-49.02312173955118,-26.89746384937218],[-49.0225187235315,-26.897242039721093],[-49.02305366814951,-26.897291866331457],[-49.0236510885042,-26.89692076090718],[-49.02436125925839,-26.895666723506878],[-49.02434503003343,-26.895239104420618],[-49.02465012655519,-26.89519625478141],[-49.02524969583071,-26.895421877292666],[-49.024168703316576,-26.89471837152813],[-49.02464019704481,-26.894458378212732],[-49.024674602288265,-26.893944323818367],[-49.02446660336505,-26.893698449654835],[-49.0254543414804,-26.893176401840414],[-49.02582981574404,-26.892706711199793],[-49.025842251747406,-26.89233423100285],[-49.02503100490043,-26.89281219465388],[-49.02384767244274,-26.89304893352704],[-49.022627230185364,-26.892124457105076],[-49.02272382370039,-26.892413552853387],[-49.023335272031844,-26.892957879179658],[-49.02333886396424,-26.893323987304335],[-49.02239362303194,-26.894562334812424],[-49.022049246756936,-26.8947205543771],[-49.021563593667075,-26.89525059836261],[-49.02129051097815,-26.895144063995588],[-49.02113803901332,-26.894796086886856],[-49.02097327530782,-26.89397224613793],[-49.02102595611322,-26.89272073925294],[-49.02048915024868,-26.893405661169215],[-49.01967297761917,-26.895251874691027],[-49.01886440864904,-26.89510922724602],[-49.017570611690715,-26.8945160143978],[-49.01726871287359,-26.894579430506912],[-49.01646979319038,-26.895738775907933],[-49.01624554953052,-26.896883276231897],[-49.01698693225215,-26.898670095940744],[-49.01710215120516,-26.89948956434773],[-49.01595060067436,-26.900393867951728],[-49.015104073436106,-26.899777858827296],[-49.01504036967627,-26.90000727832998],[-49.01494687626773,-26.900060617402502],[-49.014960813274946,-26.900078313998744],[-49.01481962456371,-26.900036920687825],[-49.014639902745586,-26.900023466518803],[-49.01460771836905,-26.899706246488293],[-49.01483879826612,-26.899607590736103],[-49.01376304281565,-26.899509185044344],[-49.01333930665161,-26.899682846032437],[-49.01270364344418,-26.90041519212277],[-49.012554466722996,-26.900818323528718],[-49.01266524736754,-26.9010593745353],[-49.01229352654653,-26.900912221484287],[-49.011711066812694,-26.90161499438854],[-49.01174539752701,-26.902701492648777],[-49.01120265586352,-26.903526590703095],[-49.01125768507066,-26.90363503452902],[-49.01144984401105,-26.903802018783974],[-49.011745434502224,-26.903904129803042],[-49.01166574856847,-26.904515168821035],[-49.01187580942393,-26.904908802608897],[-49.011659760854236,-26.905146185605112],[-49.01202922758453,-26.90534191592187],[-49.01192019439856,-26.905738384453258],[-49.01215480210814,-26.906014259057525],[-49.012677994764225,-26.904010743078064],[-49.01335829595668,-26.903982947067107],[-49.01345221014107,-26.903595589725043],[-49.013411742872265,-26.902967636568228],[-49.012332510002324,-26.902370191613027],[-49.013245823619236,-26.90272931477708],[-49.01324250875868,-26.902138102593906],[-49.01392855702368,-26.90181651038348],[-49.0136929349495,-26.90154160185408],[-49.013101130996176,-26.901636598680618],[-49.0130749820548,-26.901552806827976],[-49.012987485698,-26.901483649224286],[-49.01308438935376,-26.901318124992397],[-49.01298158067829,-26.90128978910182],[-49.01298730406567,-26.901116171476403],[-49.012807701962984,-26.900924049333323],[-49.01309632796024,-26.90085485005235],[-49.01395800230678,-26.90139138805787],[-49.01445708369907,-26.901056253868113],[-49.01437696380074,-26.900643148343548],[-49.01491494277013,-26.900899733198877],[-49.01516349925211,-26.900761393115673],[-49.01580291416257,-26.900867223838173],[-49.01591568381519,-26.90109338267029],[-49.01553837622682,-26.901460575445906],[-49.0151538541174,-26.90234064659668],[-49.015127980487705,-26.90345087402003],[-49.01545812740604,-26.904414933271394],[-49.015667049897644,-26.904757508894495],[-49.016129143963624,-26.904950798610333],[-49.01622943882208,-26.905256232304527],[-49.016068865056646,-26.9052161390088],[-49.01643607984836,-26.905661104772914],[-49.01770612607636,-26.906650434285723],[-49.018717799754576,-26.907153268846052],[-49.019015557253525,-26.907339499653432],[-49.02274793834232,-26.908421112991128],[-49.02445827416079,-26.909283667995332],[-49.025350759162784,-26.909427811061747],[-49.028091567723735,-26.90924961762075],[-49.02830315862972,-26.908950644890314],[-49.02942750715588,-26.908734882867673],[-49.02964808746097,-26.909022119755264],[-49.03041018931562,-26.90895728443529],[-49.03264799076067,-26.908115883869662],[-49.033020784811626,-26.90917556937039],[-49.034676316955306,-26.909695795281298],[-49.03509773620972,-26.908189078322682],[-49.03509933602208,-26.90758745578341],[-49.03496953885189,-26.907370086158483],[-49.03435826023822,-26.907591235966464],[-49.034270332936416,-26.90750294690421],[-49.0359476494779,-26.906766444078002],[-49.035908641822346,-26.9066607060858],[-49.03549313359656,-26.906768544286667],[-49.03549783090834,-26.90645424104294],[-49.036386972777684,-26.90645066997549],[-49.03653765178443,-26.90604558901519],[-49.036964050613875,-26.905873519004643],[-49.03728905581431,-26.905470436965235],[-49.03724391265993,-26.906024799425893],[-49.037821986815494,-26.905845176136438],[-49.0376199005515,-26.9057755996815],[-49.03758490198188,-26.905475134383405],[-49.038037521956774,-26.90546330387522],[-49.03746105537544,-26.90497929193301],[-49.037444574329,-26.90440703204746],[-49.038431883863154,-26.90498758657656],[-49.037673204312924,-26.904024517946752],[-49.03742279496086,-26.903939091588953],[-49.037444419815664,-26.903504670111385],[-49.03765728992945,-26.903423525644314],[-49.037980702059784,-26.9035945648972],[-49.03812060150454,-26.90406095772701],[-49.038253574307795,-26.90382239026672],[-49.03894157574034,-26.904563645119932],[-49.03940642784719,-26.904447903917006],[-49.0395101392503,-26.904141655888882],[-49.03996837160666,-26.903767526818097],[-49.039899874610505,-26.903276930990724],[-49.03933734053676,-26.90327256437038],[-49.039109945474856,-26.90288079980314],[-49.03960387721304,-26.902403379268637],[-49.039648998462795,-26.90204835554806],[-49.03933064333621,-26.90220332480993],[-49.038995566521095,-26.90216917527204],[-49.03877343012963,-26.902543230359804],[-49.03850714585626,-26.902677809935945],[-49.038273257691365,-26.902108295949372],[-49.038057647351856,-26.90205129015902],[-49.038263756638585,-26.901209540755357],[-49.03898026112811,-26.90073125744128],[-49.0395491816541,-26.90054533654072],[-49.0399853318634,-26.900884654564933],[-49.04017967495173,-26.90054507020587],[-49.040471604311385,-26.900509390997186],[-49.040451390300404,-26.90024948802518],[-49.04087713209062,-26.899715425794174],[-49.040650670788914,-26.899636410766565],[-49.04043761875652,-26.899274939625176],[-49.04060548290584,-26.89873080029622],[-49.04142623038151,-26.898566895057183],[-49.042352929964125,-26.89870919878452],[-49.04260697162828,-26.899002758831852],[-49.04221590934849,-26.899019334841796],[-49.04324270056375,-26.899703900714133],[-49.04363384679221,-26.90035100571834],[-49.04378433115361,-26.9010053971462],[-49.04388643851377,-26.90096556928306],[-49.04382123245992,-26.899577664864776],[-49.04344286802405,-26.899594042407358],[-49.043271338648346,-26.899312996864417],[-49.04341781846488,-26.899136211920705],[-49.0433795157783,-26.89851252503773],[-49.043158513457655,-26.898329403176543],[-49.043329236989635,-26.898089725124766],[-49.042900468407396,-26.897440090483034],[-49.04327960221573,-26.89740263438439],[-49.04281238307221,-26.89672695730372],[-49.042243880913794,-26.896634608827537],[-49.04210953875058,-26.8964509231878],[-49.04224547036291,-26.896342160369358],[-49.04261049980276,-26.896414065782412],[-49.04341918832099,-26.896894488937782],[-49.043848201869444,-26.89784173556399],[-49.04363356973876,-26.89800577412494],[-49.043877229739955,-26.898065151086513],[-49.04379978104691,-26.898403170263816],[-49.04401870557175,-26.898602348272227],[-49.044221350306,-26.901632273869517],[-49.04407879932735,-26.901810675297867],[-49.043809715291445,-26.901705455221247],[-49.04362210133849,-26.90242217620326],[-49.04347863225332,-26.902224197797064],[-49.0431420439136,-26.902376654370155],[-49.04280392561076,-26.903020494867338],[-49.04242242621869,-26.90306481407994],[-49.042326222582616,-26.902902765255735],[-49.042204984221094,-26.902944381576752],[-49.042255994318644,-26.903638546253394],[-49.042602227788656,-26.90388958240183],[-49.042418703083946,-26.904282527525837],[-49.04248776771337,-26.90480356633742],[-49.04291245965115,-26.904701435094157],[-49.04332106156745,-26.90386605305293],[-49.043445345659244,-26.904056708981102],[-49.04363718006165,-26.903547825743583],[-49.04386744515281,-26.903518670909534],[-49.04356506996408,-26.904519734867186],[-49.042830468866285,-26.905434456136696],[-49.04284537178851,-26.9058261062278],[-49.0424871392401,-26.90618171016518],[-49.04218181467058,-26.907069920995045],[-49.04194443162069,-26.907321005059863],[-49.04253634271003,-26.908746054033017],[-49.04334229474546,-26.909625168119796],[-49.04346840623767,-26.910004543345828],[-49.04484397422846,-26.91143104253109],[-49.0454831216563,-26.91164931388262],[-49.04568503701182,-26.91185974705877],[-49.046951763687844,-26.91184215232873],[-49.049285312513845,-26.912388671751312],[-49.04949423045633,-26.91269830716429],[-49.049268813870476,-26.913657504405155],[-49.049473282865634,-26.914345504564597],[-49.049277626125274,-26.914540058988084],[-49.04954621888877,-26.914392407800033],[-49.049505061921764,-26.91408863785336],[-49.049776109817984,-26.913470599591932],[-49.05011541347073,-26.913342106740703],[-49.05071941592921,-26.912782108872193],[-49.05109740906371,-26.912732660009343],[-49.051832599429275,-26.912840799754605],[-49.054104706307044,-26.913689251936553],[-49.05495929335903,-26.91417607267098],[-49.05653973061881,-26.915566957534164],[-49.05681068090229,-26.915979648532122],[-49.05730010050745,-26.91623478568938],[-49.057872975833966,-26.916262402055104],[-49.05778792475455,-26.9157127787121],[-49.05793359265944,-26.915488008590508],[-49.05782257766447,-26.91553962639414],[-49.05787298095984,-26.915329281974174],[-49.05767252285281,-26.915263085261213],[-49.05796873889156,-26.915226926618807],[-49.05839301998569,-26.91580339284396],[-49.05814169338793,-26.91662022156641],[-49.0583873424903,-26.916877165280027],[-49.05846439443653,-26.917542463602285],[-49.05834933420364,-26.917716932810436],[-49.058561645457345,-26.918405387897852],[-49.057762030080085,-26.91921176136239],[-49.05806984384555,-26.919221926048813],[-49.05802253145174,-26.919651371991446],[-49.05833564903746,-26.919775947139993],[-49.058286516033455,-26.920244119138154],[-49.058002198414165,-26.92072083872078],[-49.05715119194762,-26.920858391936804],[-49.05597221786257,-26.920669317823315],[-49.0566935527436,-26.9212067086963],[-49.05611449980813,-26.92155742724975],[-49.05508897295865,-26.920917529855416],[-49.05468188855052,-26.921125387276348],[-49.054515395779525,-26.921069126367676],[-49.0549830162915,-26.922158635589565],[-49.054892998926654,-26.922361289739793],[-49.054026374466375,-26.92214473222105],[-49.05379065225352,-26.922249887668308],[-49.05315422379064,-26.92216236968258],[-49.05226569091036,-26.922488043871915],[-49.05238562070155,-26.922839714260565],[-49.05317848076484,-26.923030884741937],[-49.05357614325766,-26.923936355936416],[-49.05254604091595,-26.924930830559834],[-49.05144387619727,-26.92528595728477],[-49.05064038938322,-26.925376206124543],[-49.05005851585603,-26.925719780399895],[-49.049580965268866,-26.92581367229059],[-49.04883244111448,-26.925586140218552],[-49.04885951427161,-26.925922932548858],[-49.048112892063145,-26.92614468023483],[-49.04766506653029,-26.926049667324964],[-49.04752950780686,-26.92615102206238],[-49.04758238383448,-26.926451250959396],[-49.045951914459934,-26.927017460998137],[-49.045110463712966,-26.927030574828176],[-49.04467968352608,-26.926590479942973],[-49.043320931359716,-26.92650165275879],[-49.04307072231753,-26.926708026380545],[-49.04257372223099,-26.926566739507965],[-49.04196384697126,-26.926631117026812],[-49.04136362338887,-26.926952033139827],[-49.04040610846538,-26.92691345608675],[-49.040186892809345,-26.92714109388999],[-49.03991498996399,-26.92698907244517],[-49.03985295837148,-26.927227422320364],[-49.03944941530125,-26.927542460863975],[-49.039932088627005,-26.92745989023486],[-49.040796977316454,-26.927970914003502],[-49.04174197963446,-26.927986640970957],[-49.04214803530957,-26.92827852238605],[-49.043171638164466,-26.927921689797746],[-49.044951461362295,-26.9280861059069],[-49.04532210465811,-26.928440131890774],[-49.04538117957595,-26.92827904417903],[-49.04570209740934,-26.928441664418486],[-49.04588746110406,-26.928202231645916],[-49.046182219420494,-26.928149754113694],[-49.047328646705175,-26.928175334181308],[-49.047685893867346,-26.92837589596316],[-49.048245176406034,-26.92837631753261],[-49.04863300979296,-26.929218314218012],[-49.04884496463195,-26.92817926138292],[-49.04918690165956,-26.92812812121803],[-49.049308781068696,-26.927902065355678],[-49.05051958949065,-26.92787401480742],[-49.05171824523418,-26.927146087305818],[-49.05259010060189,-26.9272974911389],[-49.05311048701805,-26.92686424402001],[-49.05304159519317,-26.926157688709125],[-49.0541681041767,-26.925523404715324],[-49.05497947808028,-26.924567019432097],[-49.05558969099888,-26.924215026626655],[-49.055888989110244,-26.924310546112206],[-49.05612669989143,-26.924815100996803],[-49.055919140161805,-26.92678320272191],[-49.05465566218955,-26.928768486930018],[-49.05338186274436,-26.92921405293226],[-49.05344365883678,-26.92985981619684],[-49.053617206287484,-26.930024891609573],[-49.05444407403032,-26.92984897614673],[-49.05461881256909,-26.930161235149214],[-49.054617331953224,-26.930859381570006],[-49.054081006208904,-26.931512025197023],[-49.054211403073744,-26.932032857723737],[-49.054042862916795,-26.932388076789632],[-49.0542413493765,-26.932420985811444],[-49.05434520135828,-26.932271196075735],[-49.054897945645195,-26.932878383881746],[-49.0551313941399,-26.933395124607433],[-49.05550843301661,-26.933645509248787],[-49.05560129818642,-26.934105435692654],[-49.05581647889883,-26.934237830988415],[-49.055669262831444,-26.93395051730895],[-49.05585353705315,-26.933673442020083],[-49.0551403575205,-26.933233138077423],[-49.05510821151904,-26.933008806385562],[-49.055372597232854,-26.932944653019895],[-49.05518727566207,-26.932249070948274],[-49.05540360250478,-26.93204738386706],[-49.05528530733653,-26.931725667426566],[-49.05544347670331,-26.931485086580015],[-49.055282317432045,-26.93115120827735],[-49.055524593607274,-26.93097125671603],[-49.05543391755384,-26.930785924736664],[-49.055592039327664,-26.930397755549535],[-49.056185849571705,-26.92958764765219],[-49.056570838745,-26.92941159527954],[-49.05700618298855,-26.929445147925247],[-49.057189807274966,-26.92926734682753],[-49.057601776256675,-26.929648819591517],[-49.05773504426156,-26.9300112009278],[-49.05815936399111,-26.930222439662206],[-49.058586434102594,-26.931014815309503],[-49.05829271092772,-26.932216102260874],[-49.05799414685129,-26.932696899966402],[-49.058089833563606,-26.932836591817843],[-49.059016394450396,-26.933110526221764],[-49.059253315626755,-26.933301743717614],[-49.059365412654124,-26.933768258411657],[-49.0596108902719,-26.933767337566703],[-49.0614858007892,-26.935009813344823],[-49.06160735871778,-26.935627038767013],[-49.062553608325885,-26.935629179194358],[-49.063598826020645,-26.936221411512967],[-49.06402240892112,-26.93667046219447],[-49.06384637602471,-26.93709047939055],[-49.06396110087991,-26.937241253058268],[-49.06478443408097,-26.937226404616034],[-49.06486163544475,-26.937443325771454],[-49.06509263820957,-26.937431687466578],[-49.065336986855975,-26.93763983634953],[-49.06540495096002,-26.93782417649742],[-49.06510131211957,-26.938087518939803],[-49.06416535467873,-26.938538027760973],[-49.063816758162645,-26.938903938016235],[-49.06342141926588,-26.939072938298068],[-49.06207228977224,-26.939114088511012],[-49.062334849058914,-26.939546107053975],[-49.06263392619787,-26.939390444472263],[-49.062625822616326,-26.93969079599817],[-49.06375839951937,-26.940253038035497],[-49.06413912395676,-26.940071339458072],[-49.06439929926473,-26.940236819881978],[-49.064724632772204,-26.939889305614606],[-49.06563656677546,-26.939767902852868],[-49.06585026511582,-26.940479317763145],[-49.06608061955044,-26.940514630273697],[-49.066755758797754,-26.940459120742155],[-49.06740067833347,-26.940064467699823],[-49.06768397577442,-26.94029598185586],[-49.067954610839095,-26.941360480109026],[-49.0679287025286,-26.941630191568468],[-49.06755465289181,-26.942001257761294],[-49.06774634487115,-26.942251319117048],[-49.06791310610224,-26.942207081516646],[-49.06804767201685,-26.942612301493323],[-49.06820686625188,-26.94290166109548],[-49.06860903815996,-26.9430058570439],[-49.068759950060866,-26.942868407444536],[-49.06890769356872,-26.94320254525708],[-49.0692601030611,-26.94341143042248],[-49.06983672929485,-26.943482627440826],[-49.0704219070342,-26.94311411252411],[-49.06976706039694,-26.942989717008206],[-49.0697225624523,-26.94279913954595],[-49.07017409654101,-26.942555859185042],[-49.07046787483838,-26.942762538892207],[-49.07075314810063,-26.94267490856728],[-49.07090322078936,-26.943099757626083],[-49.071110879305024,-26.943201292910842],[-49.07074635732198,-26.94348959177839],[-49.07048856053416,-26.943377945615467],[-49.0702629250064,-26.94377194520342],[-49.07054411270267,-26.94390551194121],[-49.07055946178016,-26.94373160035039],[-49.070807674044794,-26.943640473645395],[-49.07090573351761,-26.943891367258416],[-49.071145428267386,-26.943944065083702],[-49.0711219965485,-26.944131494932623],[-49.07065790587775,-26.944188343732815],[-49.07059314589616,-26.944334805297345],[-49.07089084887322,-26.94455941992096],[-49.070685461672305,-26.944824285402944],[-49.07105151800676,-26.944891871283083],[-49.071014710124416,-26.945094005957205],[-49.07087020476373,-26.944983351511844],[-49.070929690754895,-26.945214263928158],[-49.07131013752019,-26.94542544466216],[-49.07140295188998,-26.945621491975057],[-49.071698901740845,-26.94561137372672],[-49.07173530127731,-26.945350839109974],[-49.07215375231982,-26.94537312565849],[-49.072145888176806,-26.945879808978976],[-49.07170000215004,-26.945930064103017],[-49.07159270476009,-26.946171558201407],[-49.07219256228997,-26.946093791087335],[-49.07203785282528,-26.946530896849993],[-49.072205601135174,-26.94666502825341],[-49.072098894873754,-26.9474719417781],[-49.07182337716343,-26.948160209697328],[-49.071975161565014,-26.948270030223952],[-49.07185826643772,-26.94842068380057],[-49.072104525913616,-26.948935198981882],[-49.07228259379292,-26.948284911770756],[-49.07237400184134,-26.948820265386374],[-49.072500869291,-26.948347695781788],[-49.07357519547888,-26.94839376846887],[-49.074283448676645,-26.948236846943303],[-49.07414029723333,-26.94840537605726],[-49.07405844719776,-26.949453511293086],[-49.07364928292613,-26.949416581196658],[-49.07322743731666,-26.949694744053463],[-49.072376008973805,-26.94963151932098],[-49.07205767689104,-26.950537991590526],[-49.07200466443992,-26.95045389019358],[-49.0718474559957,-26.95064239947933],[-49.07172837552602,-26.95054760506734],[-49.07169627248424,-26.950826436033143],[-49.07194085513433,-26.95104802804271],[-49.0717033065717,-26.95142516369159],[-49.07143026033051,-26.951562183849482],[-49.07117781337864,-26.951443190768938],[-49.07107187499465,-26.951774636761808],[-49.070718435394035,-26.952007604913305],[-49.07058082779705,-26.95229752157173],[-49.07062981643834,-26.95239592951651],[-49.070817495619366,-26.95232700341118],[-49.070860884322386,-26.952553989021506],[-49.0712676058935,-26.95222869603707],[-49.0712766642912,-26.952676761323374],[-49.071799088471906,-26.952937173474197],[-49.07159460052237,-26.953131278432288],[-49.07084442376156,-26.952809112227058],[-49.07093355671328,-26.95297008161262],[-49.07070489938817,-26.953165392727037],[-49.071031346810436,-26.953341252214624],[-49.07089179058161,-26.953361600196995],[-49.07067760204959,-26.95406115614629],[-49.070360497498946,-26.954143479498573],[-49.070092710945765,-26.95452653016324],[-49.0701488838114,-26.954830901050602],[-49.069959573282375,-26.954926016679266],[-49.07015882076599,-26.955141715398323],[-49.070324596128394,-26.955798004265805],[-49.070541281643756,-26.955922093959504],[-49.07048040759743,-26.955707829057342],[-49.07064977204266,-26.955604656355415],[-49.07078578378458,-26.955892015949235],[-49.070548364836945,-26.956079462612806],[-49.070036282459746,-26.955848593144214],[-49.070062794027606,-26.956041542728272],[-49.069754221290665,-26.956062246735595],[-49.06964912475044,-26.95632643039288],[-49.06855240752485,-26.955936632241286],[-49.06818749856504,-26.95606858778601],[-49.06752765239014,-26.958200313543568],[-49.06774845011536,-26.95867991939042],[-49.06945227499892,-26.95956377676603],[-49.07091293141193,-26.960925662981623],[-49.071820083027646,-26.96119510324594],[-49.07236997864364,-26.961192254359794],[-49.07251113257037,-26.96107327625338],[-49.071226607930555,-26.960946665427297],[-49.070590617140326,-26.960485713280953],[-49.07031902180857,-26.960043462572024],[-49.06967986742769,-26.959499316880436],[-49.06786962039398,-26.958521033667523],[-49.06774476561438,-26.958252950861382],[-49.06837621767,-26.95630605377706],[-49.068854993268594,-26.956384231975058],[-49.068707740042655,-26.956655967948706],[-49.068522569380036,-26.956684037665813],[-49.068451661166016,-26.95729324422615],[-49.068681750308315,-26.956775899134882],[-49.06907221676005,-26.956871976374682],[-49.06910946661824,-26.957009392832454],[-49.069431125420344,-26.95694518396596],[-49.069552012394404,-26.95718886980451],[-49.069407648930095,-26.957402781192673],[-49.070018092113386,-26.957136252727476],[-49.071626841481894,-26.95541491560344],[-49.071910181806174,-26.95472389669979],[-49.072551585415674,-26.95421012390239],[-49.07367744400546,-26.953754199986356],[-49.07389158863071,-26.9538684678678],[-49.07395668193924,-26.953664926116275],[-49.07428346773477,-26.953925369290086],[-49.07416304944181,-26.953577452019235],[-49.07425819055018,-26.953404769145816],[-49.07405730880647,-26.953389311537983],[-49.074003796683066,-26.953251665713186],[-49.07462432888905,-26.95348752008012],[-49.0752448209661,-26.953186958675932],[-49.074604329808714,-26.95334395667927],[-49.07441230167998,-26.953222924016632],[-49.07448687878612,-26.953064087060728],[-49.07410616163024,-26.952983451194186],[-49.07526756777943,-26.951364027005436],[-49.0753185589217,-26.95150499881741],[-49.075463623859065,-26.95144095051365],[-49.07653041172721,-26.948474065384804],[-49.07654686570567,-26.948049593841954],[-49.076245728845876,-26.948306564747128],[-49.07609339329787,-26.948266097210542],[-49.07614270426555,-26.947846911159207],[-49.07701779016858,-26.94679796978194],[-49.077488030440826,-26.946708164000693],[-49.07752940908672,-26.946481122903744],[-49.07806762076175,-26.946618021835853],[-49.078657991940375,-26.946184194849867],[-49.078050497736356,-26.946486307887703],[-49.07775157466955,-26.94638165728185],[-49.077752261428934,-26.945891160119306],[-49.07797097487083,-26.9460031004088],[-49.078127882579764,-26.945823329589835],[-49.078105781096085,-26.94536037278366],[-49.07769758675813,-26.944996632292195],[-49.07758670899475,-26.94402718667416],[-49.0770377380337,-26.94352888194807],[-49.07625634799354,-26.94211040672587],[-49.076589610265295,-26.94191851007156],[-49.07692460110182,-26.942319987582508],[-49.077071977063675,-26.942305173868625],[-49.076976537155936,-26.94187926682169],[-49.07741370751445,-26.941677366554735],[-49.077475146774866,-26.941505743740542],[-49.0768540917167,-26.94168413880773],[-49.076431295749714,-26.94091146245862],[-49.075425192982145,-26.94019214569583],[-49.07331501789395,-26.939128370311877],[-49.07289782228426,-26.93898517505008],[-49.071973259680014,-26.93901535312869],[-49.07140358347884,-26.938683265407104],[-49.070964219714014,-26.93814115868588],[-49.070851791459184,-26.937728382192702],[-49.0709781242422,-26.9374577425159],[-49.07066922032951,-26.937446206698382],[-49.07035149283132,-26.937212383566134],[-49.06993392214356,-26.936592717239318],[-49.069935960501034,-26.936367299606264],[-49.069540184375214,-26.93616621804089],[-49.069813371723704,-26.93545778051011],[-49.070321935404024,-26.935492612566833],[-49.070074385956566,-26.93522013572101],[-49.07018956108363,-26.934901525855285],[-49.06969591396517,-26.93515964802874],[-49.06935012055982,-26.93497823073098],[-49.06911761830911,-26.935106676615785],[-49.068879489994714,-26.934833419446154],[-49.06852496945023,-26.934935442715975],[-49.068417409736824,-26.934698383278107],[-49.06767258371393,-26.935314179245935],[-49.06614993438464,-26.93508505350526],[-49.06601064178084,-26.935230813308188],[-49.06498336623884,-26.93481451641442],[-49.064112309628435,-26.93386952947194],[-49.06410369815361,-26.933399208218315],[-49.06373517104101,-26.93276018431402],[-49.063391313747594,-26.93276061817632],[-49.063181392484616,-26.932291875019946],[-49.063257983871104,-26.93172699868626],[-49.06307186147206,-26.93141623993784],[-49.06405939697842,-26.93133374114975],[-49.06450367527601,-26.931467612005548],[-49.06470313635746,-26.931682309596827],[-49.06514968293939,-26.93163180545287],[-49.06569253611288,-26.931849740712632],[-49.065767135948796,-26.9317256601923],[-49.06542604998358,-26.93145893369459],[-49.06549149038433,-26.931347906720323],[-49.06523744813661,-26.931262688942116],[-49.06517875390623,-26.93086223276337],[-49.06460066839632,-26.9301186132451],[-49.06453563856246,-26.929604424829478],[-49.064784405052485,-26.929183575708265],[-49.06513637542845,-26.92933376980441],[-49.06638617664133,-26.928974836798236],[-49.06653175145708,-26.929098614619846],[-49.06702831034678,-26.92908945010695],[-49.06742837837426,-26.929537479847745],[-49.06697690792336,-26.92843964600916],[-49.06568182709497,-26.92768249646713],[-49.06532052976368,-26.927276061193062],[-49.06516063696378,-26.926616672156136],[-49.065336994810636,-26.926009557850048],[-49.065635318923086,-26.92599094298852],[-49.06632129698529,-26.926260237164637],[-49.06693983956304,-26.92615092276803],[-49.06755906230241,-26.926788217372273],[-49.06924686536653,-26.927449088498403],[-49.06912630151325,-26.92629126164133],[-49.0696115205723,-26.926127352254014],[-49.069940190358444,-26.925681372161577],[-49.07065015470582,-26.925520986160254],[-49.07134846685445,-26.925567304552455],[-49.071643574647034,-26.925829526249625],[-49.071652156805676,-26.926245213730542],[-49.072293151304265,-26.925499632648066],[-49.073070318786044,-26.92566234046158],[-49.07313484172259,-26.92545113766896],[-49.072954792209565,-26.92535915149072],[-49.07332292555168,-26.925352129810584],[-49.0733010575635,-26.925669781640643],[-49.07368505073429,-26.925698012365984],[-49.074044191112215,-26.925434577646076],[-49.07438755816737,-26.925612224704206],[-49.07475976032946,-26.925059671655706],[-49.07504876770825,-26.925115622381064],[-49.075453510113206,-26.924972809566313],[-49.07582227258071,-26.92514122185026],[-49.075223263869695,-26.924759516123498],[-49.07574790617518,-26.924202263195568],[-49.074391857907905,-26.924627424817235],[-49.07310223821033,-26.924598412284602],[-49.07269889107927,-26.9248055817828],[-49.07243845614799,-26.92454013526717],[-49.07250203376231,-26.924067929596305],[-49.0714642469481,-26.925170072318604],[-49.070166979642345,-26.9245041659354],[-49.06990787810956,-26.924128502909006],[-49.06999967731598,-26.92387449782804],[-49.06976105259638,-26.923673613163302],[-49.06806829243509,-26.924968465893514],[-49.06740577550038,-26.924999297721122],[-49.066400775011424,-26.924434646021496],[-49.065828926986434,-26.924511562625817],[-49.06535388349748,-26.924114921760523],[-49.065352722919044,-26.92329325237259],[-49.065554135057155,-26.922950001104308],[-49.0655921669902,-26.922236761219953],[-49.06624871803884,-26.922225283032212],[-49.06677880484898,-26.92286699548494],[-49.06743942242798,-26.922946824645788],[-49.06711201118608,-26.922223926262042],[-49.06738988642135,-26.921722753072466],[-49.0671126877594,-26.921774712027467],[-49.06719698885956,-26.92161009119075],[-49.06707455287215,-26.921455038559635],[-49.06743911325976,-26.92129825307514],[-49.067240032833965,-26.92085031669684],[-49.065703354241485,-26.919804469289197],[-49.06565120649163,-26.91955610411439],[-49.06645401253956,-26.918924145395202],[-49.06683442994187,-26.919015164534628],[-49.06758017171577,-26.91885819363925],[-49.06760115184357,-26.918678867841948],[-49.06777062121796,-26.918669754701742],[-49.06753924474181,-26.918360018858547],[-49.06764464220127,-26.91814845562313],[-49.06826940206716,-26.918159945521023],[-49.068506448507236,-26.918337068655315],[-49.068605789266,-26.91869299088103],[-49.06802254057163,-26.919677807162724],[-49.06846236032076,-26.919857465227576],[-49.06856563795409,-26.920177658469388],[-49.06953566376424,-26.919411717238233],[-49.06939589889897,-26.91927070816613],[-49.06962620122197,-26.918914877092444],[-49.06951412729294,-26.918897515686698],[-49.069564147886425,-26.918507734752303],[-49.07002339092382,-26.918220019614445],[-49.07003576355851,-26.917959859968878],[-49.06947573246323,-26.91739953820474],[-49.06984454404185,-26.916656497270303],[-49.070204301343644,-26.916635274148167],[-49.07058871089224,-26.916825138751225],[-49.07064200392748,-26.91713272392262],[-49.070986638590696,-26.9174890505738],[-49.071308770531644,-26.917286287798994],[-49.071532723930915,-26.91739636079352],[-49.07183731083856,-26.91711439181815],[-49.072344227638304,-26.917052653986456],[-49.07305218596,-26.917162286217724],[-49.07343154954338,-26.91739803143552],[-49.07359171311202,-26.91721469307609],[-49.074208352401804,-26.917046142470628],[-49.07412640751562,-26.91676635733102],[-49.073625600515925,-26.9163577095002],[-49.07365192084362,-26.91585420736],[-49.073926280346676,-26.9153772005346],[-49.074257831791805,-26.91534295587717],[-49.074746798104925,-26.91567201285276],[-49.0749247931393,-26.915645422894087],[-49.075110396908016,-26.91533535197265],[-49.07513496610502,-26.91469772026393],[-49.07541716609459,-26.914549666087147],[-49.07656696001814,-26.914875290741023],[-49.076888067813506,-26.915613610278115],[-49.07720745684102,-26.9156001140084],[-49.07735109175076,-26.915782342381416],[-49.077685993788364,-26.915434727399504],[-49.078022937611635,-26.91534568515635],[-49.07723773528532,-26.91482212963191],[-49.077280988090095,-26.914488574900073],[-49.07751348686757,-26.914156835297966],[-49.07837081217468,-26.91394293435945],[-49.07877348377754,-26.914031893981655],[-49.080339133813204,-26.91510112492774],[-49.08055965001612,-26.915063458335982],[-49.080997597340186,-26.91560971949653],[-49.08111902189069,-26.91552506318241],[-49.082122266057176,-26.915768503913757],[-49.08231849081588,-26.915623492008542],[-49.0825512780669,-26.915823098546692],[-49.0832072936031,-26.917080580536595],[-49.08236252898745,-26.917979269808825],[-49.08229842558634,-26.918235872844154],[-49.0826381032463,-26.918020662091546],[-49.08331848827417,-26.918090076060164],[-49.084312286499696,-26.91749686604183],[-49.08449626606512,-26.917596700483006],[-49.084837681028354,-26.91743373697259],[-49.085540326856545,-26.91786272544724],[-49.08622072752868,-26.91892368127464],[-49.08606935992668,-26.919177518643547],[-49.08655038024495,-26.91920783213327],[-49.0870014099795,-26.91869280691534],[-49.08686059336448,-26.918635446422616],[-49.08685679928707,-26.918351889431403],[-49.087183493709944,-26.91794376060317],[-49.08755778736328,-26.917834074417264],[-49.08830831717262,-26.918088182444563],[-49.08843648500866,-26.91793921614389],[-49.08852751904448,-26.917646483143834],[-49.08838290429248,-26.91772889149561],[-49.08777409592108,-26.91726791883559],[-49.08738800799896,-26.91657332919015],[-49.08761813175603,-26.91607385119555],[-49.088164450775245,-26.916024861172463],[-49.08877444547696,-26.91640274682348],[-49.089177676690575,-26.917042688997835],[-49.09002508844777,-26.917485904057322],[-49.08974535346613,-26.918109861117898],[-49.08879323057523,-26.918069424666612],[-49.08869950928779,-26.91816809122615],[-49.088972877826706,-26.91832418875828],[-49.08917054918792,-26.918227249013952],[-49.08942087448503,-26.918411251338647],[-49.08971361049569,-26.919183156021177],[-49.09035858347682,-26.91903409430209],[-49.09062874327966,-26.919219911816306],[-49.091710042884614,-26.918719387842188],[-49.09222105205369,-26.918741785287406],[-49.09249113540736,-26.91919581721465],[-49.09272876357451,-26.91921699357597],[-49.093142006816265,-26.918877997226623],[-49.093534426937566,-26.918769258922655],[-49.094115644811865,-26.918862297191094],[-49.094271909525226,-26.919143547888346],[-49.09422598359651,-26.920248402691147],[-49.09452950339414,-26.92085192613836],[-49.094396199152065,-26.921266503843505],[-49.09464469866609,-26.921169010224816],[-49.094823114070124,-26.920727346840028],[-49.09513231440369,-26.92060153030767],[-49.09541829151878,-26.92069562141422],[-49.095790766541256,-26.920478676881693],[-49.095841831157735,-26.920700102206588],[-49.096522958754655,-26.92064219445759],[-49.09668370969622,-26.920753297294723],[-49.0965699228012,-26.92111752532079],[-49.09664829807924,-26.921387362835763],[-49.096663680253855,-26.921135731587462],[-49.09709513270882,-26.920674246873638],[-49.096888374686856,-26.920319909195452],[-49.09703226601932,-26.920012100280264],[-49.09761432163432,-26.91962383039193],[-49.09793475040587,-26.91964867954242],[-49.09767250399093,-26.919411177352323],[-49.0980515024041,-26.919346978592195],[-49.098095171399606,-26.919582444828684],[-49.098248563386925,-26.91942857627491],[-49.09887757552582,-26.919456404021822],[-49.098614956569264,-26.919270482815406],[-49.09867834149734,-26.919177620186215],[-49.098940222187615,-26.919294298015913],[-49.09894995655287,-26.919449884804486],[-49.09926980235734,-26.919504721671295],[-49.09933428360501,-26.919808623341662],[-49.09990134970613,-26.919797574705722],[-49.10006176816371,-26.91997113279613],[-49.099740484155845,-26.920688072802967],[-49.099853956619256,-26.920670800473626],[-49.10013647162616,-26.920280516447203],[-49.10047771873724,-26.9201912362475],[-49.10096079274528,-26.919335409680258],[-49.10029898476698,-26.919231912906955],[-49.09952268850261,-26.91802701949248],[-49.09955962939196,-26.91753883833146],[-49.100296662185535,-26.917036458580686],[-49.10106243512707,-26.9160644096063],[-49.10090405836624,-26.916019649934807],[-49.10031490619235,-26.916684979487098],[-49.10009433508649,-26.916681638507384],[-49.10009252042725,-26.91707542723071],[-49.099605502390226,-26.916992689666927],[-49.09960198540287,-26.916793096497983],[-49.0993976206131,-26.916691609323607],[-49.09849295321432,-26.91734710462225],[-49.0985257634667,-26.917610969940217],[-49.09816250256981,-26.917620005770974],[-49.0978388038195,-26.917814141721674],[-49.09767163154606,-26.91760851688785],[-49.097383600661885,-26.917674371324694],[-49.09746360693788,-26.91744450182001],[-49.096800396451535,-26.917392814172384],[-49.09674273059666,-26.91726313057537],[-49.096830815228515,-26.916868915157128],[-49.09705193947807,-26.916852616732953],[-49.09744858721372,-26.916133586577153],[-49.095837185962594,-26.91555422400747],[-49.094587875761356,-26.915618587784504],[-49.09373822223453,-26.915396414397037],[-49.09352398782908,-26.915239619187773],[-49.09324515069516,-26.914516997877197],[-49.09301392795402,-26.914456615177876],[-49.092651668465194,-26.914623299673192],[-49.09267134053082,-26.91398218320733],[-49.09204437396995,-26.913669321278714],[-49.09161169276966,-26.912866931733383],[-49.092162116846296,-26.91139875504918],[-49.093263454944044,-26.911023313197695],[-49.09406701784241,-26.911222590210556],[-49.095323258438725,-26.91128879656752],[-49.09549033146059,-26.911192510374587],[-49.096487544061844,-26.911683935903135],[-49.09704645890098,-26.911759078954596],[-49.09731128002342,-26.911631654498155],[-49.097545019677575,-26.911843698452284],[-49.098208414604336,-26.912035818680064],[-49.09831237941396,-26.91188776180802],[-49.098281721856324,-26.91222899126493],[-49.098904335865925,-26.912288776307143],[-49.098844840789106,-26.912528372097153],[-49.09923723713989,-26.91282835268523],[-49.099463932029835,-26.91263156974852],[-49.09927712955146,-26.912514091580043],[-49.09965807779553,-26.912585353799518],[-49.0995850840287,-26.912413624872155],[-49.09987685963474,-26.91224290782694],[-49.100520113010084,-26.910881008937878],[-49.10035298522589,-26.91096984524253],[-49.10021531458591,-26.910845021015202],[-49.10017953988993,-26.91121332265153],[-49.09985485571756,-26.911289896627917],[-49.100048877842035,-26.910929420089985],[-49.09993348777209,-26.91104272015827],[-49.09944372808541,-26.91089028991549],[-49.09913822087739,-26.91110492074675],[-49.09885961087008,-26.91094498946741],[-49.0982570599715,-26.91101399661032],[-49.09822073075888,-26.91083672315353],[-49.09773856687821,-26.910736610548565],[-49.09759415449861,-26.910328275948228],[-49.09725586620081,-26.910238675183507],[-49.09649839968495,-26.91046574242346],[-49.096050485957676,-26.909901603218408],[-49.09631997524366,-26.90937669584325],[-49.09639502379795,-26.90891178523169],[-49.09627989158858,-26.908743294062138],[-49.09588610447591,-26.909014613388774],[-49.095065447400586,-26.909059363243525],[-49.094578150315975,-26.909462198044768],[-49.094285402800686,-26.90951276547981],[-49.09401978628903,-26.90990473604421],[-49.09326189956655,-26.90994838955324],[-49.092691429854696,-26.909676274775936],[-49.09113462489372,-26.91027310869576],[-49.09047513569169,-26.910324929174646],[-49.08961416392842,-26.909899986700356],[-49.088846874448926,-26.909945568831844],[-49.08870876435417,-26.909750119762563],[-49.08885009114978,-26.90956498905024],[-49.088858853057495,-26.90985089621679],[-49.089069049077764,-26.909782329223027],[-49.08910644601506,-26.90939409651892],[-49.088958264305575,-26.909530452372277],[-49.088780501023074,-26.90936492576731],[-49.089213217057996,-26.908958313003186],[-49.08912616551909,-26.908513777379692],[-49.088833894711,-26.908454817001687],[-49.088281250753894,-26.908710889920606],[-49.08774017647556,-26.9095772729591],[-49.08742245499045,-26.909621068721925],[-49.086920879506714,-26.909320305339246],[-49.08664185868573,-26.909626708392302],[-49.086395197061336,-26.909670211925746],[-49.08598035652668,-26.910205669879776],[-49.085366418109075,-26.910581064210458],[-49.08531171534767,-26.911328669579692],[-49.08416243576409,-26.911797844484116],[-49.0837934496267,-26.911751607177944],[-49.08290022075154,-26.911093071688537],[-49.08271412203509,-26.910691718473036],[-49.08308755128908,-26.910093314775235],[-49.082994280525796,-26.909745503563748],[-49.084007713151635,-26.90856752363616],[-49.08396077223804,-26.90818077057805],[-49.08533932921861,-26.907574688257583],[-49.08590897886862,-26.907664120184204],[-49.086247167553935,-26.907361535421682],[-49.087488053029354,-26.907041517198174],[-49.088360829815684,-26.907148360402026],[-49.08835790034834,-26.906822864560972],[-49.08791032762572,-26.906396384382713],[-49.086969852127,-26.90682988530989],[-49.086548680223984,-26.90725148877854],[-49.08634410928638,-26.907122955087146],[-49.08645527884825,-26.90679893440415],[-49.085948798484935,-26.90712342503651],[-49.085506151803735,-26.906701880149612],[-49.08568856963043,-26.906427680479954],[-49.08513322390591,-26.905904117102065],[-49.08438293339827,-26.905793792379143],[-49.084311963598495,-26.9061803880653],[-49.08412363755392,-26.906043647439052],[-49.08334658001187,-26.906717491786726],[-49.082703803815726,-26.906600924888846],[-49.08267327088575,-26.906862532511468],[-49.08240204663266,-26.906813551670854],[-49.08193131040599,-26.907484653525774],[-49.08157139447507,-26.907726608703186],[-49.08128740780688,-26.907634828136732],[-49.08062587101685,-26.908099985280252],[-49.08006003314349,-26.907551955681893],[-49.07991829061068,-26.90675171371737],[-49.07953223619713,-26.90650997071987],[-49.07924679107404,-26.90693258157676],[-49.078935095653144,-26.906904333208],[-49.07872596577667,-26.906711223645523],[-49.078794476871785,-26.906410213858326],[-49.07845184980608,-26.90649362408504],[-49.07819297504665,-26.905832060085334],[-49.07858856095053,-26.905502922266425],[-49.07852537624326,-26.904791540940632],[-49.07875453021659,-26.904283258171212],[-49.079138517385786,-26.90389584946822],[-49.07896602009028,-26.903685905785512],[-49.079278405542155,-26.903479703125118],[-49.0801700272993,-26.903953522846685],[-49.080719308629426,-26.90490739229318],[-49.08153542414959,-26.905459899650502],[-49.08099703036253,-26.904423187394524],[-49.08077130242334,-26.903452489053358],[-49.08098888964636,-26.90328255031077],[-49.0800109779286,-26.9024246592199],[-49.079693061501246,-26.902607753251626],[-49.079140740100414,-26.90261772136259],[-49.07879214155228,-26.90223009729946],[-49.07879441953222,-26.90169221767997],[-49.078525221916124,-26.90154118209299],[-49.07850053463792,-26.90166267426659],[-49.07804025781468,-26.901584210151753],[-49.07755960868224,-26.901720052432097],[-49.077191397377206,-26.902063839570907],[-49.07748028385359,-26.90284265948663],[-49.077433941120255,-26.903632011334526],[-49.07647847417744,-26.90484329600624],[-49.0762928137911,-26.904905895918706],[-49.076266228133946,-26.905201324615213],[-49.075766944444204,-26.90582889027878],[-49.07532447936199,-26.90609346084856],[-49.07543042850006,-26.90630816363085],[-49.075895553971165,-26.906222615125568],[-49.07607680169636,-26.90647547166638],[-49.075686842967706,-26.906977021187345],[-49.076011095818146,-26.906659459162977],[-49.07630154420305,-26.90684066055853],[-49.07633931204701,-26.906493332715037],[-49.07703794249575,-26.90671570708367],[-49.07766652455914,-26.907706565595184],[-49.07753869970554,-26.908232354496118],[-49.07706021732225,-26.908754572438603],[-49.07664696509266,-26.90868647559355],[-49.0758460986015,-26.907935972302948],[-49.07577579245098,-26.907405604377114],[-49.07558539110691,-26.90716808108626],[-49.07534548887257,-26.907390199499357],[-49.075077065652955,-26.906995206742867],[-49.07479302389334,-26.907700745454562],[-49.07456721690844,-26.90779044077303],[-49.07421818726882,-26.907489100277196],[-49.07459504811837,-26.907018150425873],[-49.074487179364226,-26.906881784322596],[-49.073903283881194,-26.907002445483137],[-49.07363104713635,-26.906805414798807],[-49.073428531028505,-26.90685345344889],[-49.073280868711755,-26.907109679750235],[-49.07296604180604,-26.90725393272203],[-49.072748321290696,-26.90774607904336],[-49.072579335175384,-26.909075834808377],[-49.07220299792351,-26.909946358759562],[-49.07098473361236,-26.911083956669305],[-49.07077091394157,-26.911468663458372],[-49.0703723101315,-26.911562701512786],[-49.06969724126965,-26.91240190787041],[-49.069093869404576,-26.91265332903778],[-49.069147445450206,-26.91088937565662],[-49.06953449620763,-26.910137149694577],[-49.06992918005563,-26.908011880891227],[-49.069652811477134,-26.90592560164067],[-49.06900613488221,-26.905023914051228],[-49.06886208437198,-26.904246159504456],[-49.06824673609663,-26.90326734412361],[-49.068197995362276,-26.902170559656817],[-49.06766889638603,-26.901764466640127],[-49.06704599337944,-26.901821730047033],[-49.0669120407693,-26.90170436037426],[-49.067174401554766,-26.90120261257107],[-49.06721184370985,-26.90067101031464],[-49.066519318797475,-26.900389908108025],[-49.066370251390964,-26.899766978347103],[-49.065771779558304,-26.898872380084914],[-49.06562884922198,-26.897847621050516],[-49.06540296160347,-26.89775848930107],[-49.06538141121767,-26.898210092608103],[-49.0650703790948,-26.898363905897902],[-49.06415291805516,-26.897963256806975],[-49.063685599969055,-26.89823752741102],[-49.06339757799406,-26.898033789062648],[-49.06286926072968,-26.898053837228222],[-49.062791094587155,-26.897752728953122],[-49.06315198675094,-26.897650915348766],[-49.063040221821744,-26.897474113606222],[-49.0632649705481,-26.897305598354123],[-49.06320096979034,-26.897218155683973],[-49.06341709273631,-26.897275667386644],[-49.06365061554887,-26.897059212912154],[-49.064616260671094,-26.89708070735421],[-49.06450249509732,-26.89694562560893],[-49.0646497198544,-26.896668333429115],[-49.065186395147485,-26.89676547925883],[-49.065206559755445,-26.896961427641166],[-49.06537376983027,-26.89689175873613],[-49.06567382603076,-26.897077329487832],[-49.065558459477906,-26.89721564997725],[-49.0656254866209,-26.897087288301172],[-49.065359024872066,-26.897171105844755],[-49.065578493383015,-26.89745878219422],[-49.06621764997344,-26.897179957063354],[-49.06680175674328,-26.897545931917033],[-49.068283921852725,-26.8977783543984],[-49.06909999133299,-26.898212826701542],[-49.06988967726946,-26.898304973095993],[-49.07170967929259,-26.89907658594181],[-49.073066336589115,-26.899371070624955],[-49.07467764595934,-26.899512404869142],[-49.07477526776793,-26.899656716232684],[-49.0757554352286,-26.899988304935636],[-49.07619132552754,-26.900547060559127],[-49.076489748628276,-26.900496635448672],[-49.076550788805974,-26.900774059784776],[-49.07770067060436,-26.90058034071047],[-49.07771965117622,-26.900348538644636],[-49.07749959935441,-26.90017966239743],[-49.07774849318349,-26.89996240484368],[-49.078308442139274,-26.900252924014755],[-49.078839746589054,-26.899828326932123],[-49.07872778853006,-26.89966998145148],[-49.078858289611816,-26.89951659190627],[-49.07906940528895,-26.899483286845605],[-49.079319674842836,-26.899732237238695],[-49.0795623825115,-26.89968299215073],[-49.07975539044345,-26.89931306736296],[-49.08044833816558,-26.89889984060359],[-49.08065839093207,-26.89896898118888],[-49.080460088292654,-26.899038679249177],[-49.0806415273893,-26.89921829482514],[-49.080853209711954,-26.899028454476408],[-49.08104432347197,-26.899135493148606],[-49.081013043210426,-26.89955861071849],[-49.080466070167596,-26.8999503407955],[-49.080285472707715,-26.89991161261261],[-49.080123638495245,-26.900288876807053],[-49.08057748066442,-26.900145423601536],[-49.08083855446144,-26.900605976299357],[-49.081271032591104,-26.900636869252974],[-49.08166834611653,-26.899781039000747],[-49.08133701443882,-26.899872953823927],[-49.08100847332132,-26.899644463802286],[-49.0816645021153,-26.899625795976245],[-49.0822201638305,-26.899321103463514],[-49.08245751986664,-26.8994648416075],[-49.08312774177408,-26.89928248902438],[-49.08366520264214,-26.8986760216828],[-49.083518135251566,-26.898189557420906],[-49.08396973175857,-26.897664525612086],[-49.08315939428164,-26.89688773753354],[-49.082647612548655,-26.896756715155057],[-49.08232831258405,-26.897086391762066],[-49.0826118592469,-26.897205762621557],[-49.08256758298883,-26.897335095649847],[-49.08201922012461,-26.897354672474474],[-49.08161173741774,-26.897741701399998],[-49.08127150865251,-26.897550976976106],[-49.08176815293075,-26.897006726030956],[-49.081924042194544,-26.897001946946606],[-49.08189900995841,-26.896856891979223],[-49.08254933339282,-26.8963298956799],[-49.082670971442724,-26.896056214236395],[-49.08293885236523,-26.896039668267886],[-49.08287495502493,-26.895840443237827],[-49.083363227855784,-26.895331288667432],[-49.08415397554833,-26.894611588277176],[-49.084480107535384,-26.894520526499015],[-49.08512367724444,-26.89493394253777],[-49.084907205030184,-26.895277943047397],[-49.08507044884184,-26.895601048574612],[-49.08711619303469,-26.897339557949994],[-49.08727911781978,-26.89877295446802],[-49.087855851945875,-26.89949110023939],[-49.08799647569679,-26.900274966122748],[-49.08773151222733,-26.90070050810463],[-49.087851705077526,-26.900901062073956],[-49.08752255635829,-26.90133353842925],[-49.087416279527396,-26.901217361712014],[-49.08740811465031,-26.90177341150404],[-49.086920618253885,-26.9019466312486],[-49.08711714724847,-26.90219714837764],[-49.08702810303405,-26.90250080519709],[-49.0871606960541,-26.90273813986325],[-49.087454889695394,-26.902825362458746],[-49.087353116244365,-26.90300871688882],[-49.087855909373054,-26.903029264315375],[-49.08814738157392,-26.903352564849254],[-49.088088115756655,-26.90355096668439],[-49.08840715002299,-26.904472291906956],[-49.08834701526427,-26.90526463021424],[-49.088893013174605,-26.905028067391253],[-49.08931486963533,-26.904210741324896],[-49.089555307975694,-26.90431132589751],[-49.08973598540346,-26.903966995097814],[-49.091009375835434,-26.9041928306124],[-49.091181082612785,-26.904277993048147],[-49.09114755840553,-26.90445687636126],[-49.09126756696302,-26.90448838016693],[-49.09145564414733,-26.9042900361557],[-49.09125493610035,-26.904132080286082],[-49.091175659483376,-26.903728155143792],[-49.0913255290459,-26.90373519675795],[-49.09097126856177,-26.903438280526885],[-49.091065798468605,-26.902768408886942],[-49.09088193560177,-26.902857524440453],[-49.09080094225314,-26.90272914398525],[-49.090781777527894,-26.902194211454994],[-49.091075436495046,-26.90161885522587],[-49.09080955730785,-26.901645289602772],[-49.09096204070215,-26.900831842368746],[-49.090575241967365,-26.900485601943547],[-49.09053022365559,-26.900140578747962],[-49.090138337870336,-26.899852695565205],[-49.09028609379947,-26.89965148040796],[-49.09011260083753,-26.899559699335846],[-49.09006104587414,-26.899289354138176],[-49.08972707776979,-26.899128582406956],[-49.089532835852246,-26.898796737746387],[-49.089386945284154,-26.898111743123277],[-49.089656601435784,-26.89778807109147],[-49.08944432496077,-26.897652278178192],[-49.089145394187675,-26.897797198955463],[-49.088767730023015,-26.89713571509139],[-49.08879801426714,-26.896282184957887],[-49.08918020868135,-26.895862702660814],[-49.089026351372226,-26.89558954678284],[-49.08914324104273,-26.895504949314457],[-49.08865971102811,-26.895642383570447],[-49.08810714159472,-26.895447912652166],[-49.08764024078576,-26.895773224683055],[-49.087037897031486,-26.895491886498938],[-49.08674885323464,-26.895579819839323],[-49.0861268924972,-26.89540014836052],[-49.085831346992656,-26.895187576424917],[-49.08558850690937,-26.894670387215875],[-49.08483184056955,-26.894098995987903],[-49.08497210288336,-26.894010103380015],[-49.085454139242266,-26.89428832895373],[-49.085253556530766,-26.89402320441542],[-49.08542826112572,-26.893810146573554],[-49.08531662351002,-26.893383467185963],[-49.08639477737102,-26.892044393877356],[-49.0861303326167,-26.891861071624025],[-49.08654039816056,-26.891656439365743],[-49.08623126040701,-26.891275736762662],[-49.08713897255348,-26.89083368126522],[-49.08766285485997,-26.89026241846785],[-49.0879199263659,-26.890299500654653],[-49.08847270972526,-26.890064064924164],[-49.088867078325364,-26.8901285999941],[-49.089969506947384,-26.89096946231721],[-49.090692299793524,-26.890942125047378],[-49.09115901227422,-26.890524536864504],[-49.09132868132267,-26.890176974449933],[-49.091242668002906,-26.88979692274765],[-49.09116969486642,-26.889585500015258],[-49.090782442265635,-26.889327555964034],[-49.090623778257736,-26.889277785896244],[-49.090306951941855,-26.88945400470998],[-49.08993307815339,-26.88926136390302],[-49.089942237980836,-26.88905585148207],[-49.0892689371401,-26.889578726294822],[-49.08843712001174,-26.889541413467636],[-49.08779780940939,-26.88892351536942],[-49.08819975249264,-26.88831926234048],[-49.08851602838722,-26.88656747720912],[-49.08945520708341,-26.885359669794425],[-49.08975888427941,-26.88404058366119],[-49.090197839978345,-26.88388330597089],[-49.090165519085865,-26.883543283958602],[-49.09101725160828,-26.883093940007782],[-49.09127520466446,-26.883115225729632],[-49.091524450838605,-26.88351368604418],[-49.09181436777293,-26.883612598083783],[-49.092417319191604,-26.8825800903079],[-49.0923559113702,-26.88179469844867],[-49.09179589453063,-26.881662927593215],[-49.09121463146199,-26.882181531486108],[-49.090906479071975,-26.8820331139992],[-49.0906169082896,-26.88157847062159],[-49.090852617400365,-26.881236164776777],[-49.09086387329759,-26.880163314088524],[-49.0912613306393,-26.87932570862496],[-49.091193670925605,-26.879117783658444],[-49.09162601177441,-26.878573222378513],[-49.092124539078846,-26.87840506743028],[-49.09228074645308,-26.87863191676371],[-49.092153163373936,-26.878969930990028],[-49.09229190631796,-26.87936642929989],[-49.092111614207475,-26.879939359707453],[-49.092429786251905,-26.880244745208852],[-49.092415669384145,-26.880491535397738],[-49.092667577253756,-26.88040078025724],[-49.09292837813648,-26.880542559587912],[-49.09325053457662,-26.880112701764926],[-49.09311784820525,-26.880024858405733],[-49.09325812294485,-26.87975608449064],[-49.09381788478466,-26.87951634346903],[-49.09377427948567,-26.879253600639657],[-49.09397630141987,-26.87920937889232],[-49.09388565972314,-26.87905130490788],[-49.094071980463255,-26.878860583740305],[-49.09436240374195,-26.8786427894386],[-49.09474415271713,-26.878791160803026],[-49.09455367579993,-26.87851920303512],[-49.09480696548722,-26.878113366404527],[-49.09504168348751,-26.878198143405115],[-49.09464292556712,-26.877836291145403],[-49.094552314510096,-26.87753499035637],[-49.09515255450772,-26.877351509385086],[-49.09462791536771,-26.877264285331513],[-49.09493714662518,-26.87702102932482],[-49.09556396321818,-26.877278859434938],[-49.09528069834113,-26.877286543672334],[-49.095644380263025,-26.877493871048237],[-49.095524162930644,-26.87766256167021],[-49.09573472339337,-26.878002405824773],[-49.09566678999905,-26.878723621010646],[-49.09587727323126,-26.878644881743202],[-49.09597445011274,-26.87891283933749],[-49.09578263930905,-26.879194141949387],[-49.095810147236435,-26.88056257035979],[-49.095386906175065,-26.88056338617892],[-49.095246846207296,-26.8808040678291],[-49.0955439349646,-26.880993794208898],[-49.09571888624717,-26.88157298912673],[-49.09551755114499,-26.881493048634773],[-49.09518447946597,-26.881650812955396],[-49.09504079549319,-26.88212244954206],[-49.094399349997545,-26.882327300185256],[-49.093913775034515,-26.8828419759407],[-49.093923817192206,-26.883390036153756],[-49.09427910309729,-26.88375610735879],[-49.094303402937655,-26.884015286743427],[-49.09327410694862,-26.885464659802686],[-49.09307866970741,-26.885943561424124],[-49.09303651820775,-26.887080634490424],[-49.092417966859564,-26.88814306504456],[-49.09363390346119,-26.88771127539473],[-49.09381555130494,-26.88737706296001],[-49.09429071352002,-26.887685087710476],[-49.094629167358235,-26.887303965000893],[-49.09491219702349,-26.88730608740204],[-49.09494142472113,-26.887136527753086],[-49.09483133786053,-26.8872294394845],[-49.09459200304819,-26.887101215206272],[-49.09472911806058,-26.886872260068987],[-49.09456086419643,-26.886661306393083],[-49.09510164038123,-26.885164668740195],[-49.09501717430026,-26.8842975008782],[-49.095361917638286,-26.8834735639928],[-49.09577274323899,-26.883202502226],[-49.09614045737462,-26.883077436522154],[-49.09752003312902,-26.88349527448815],[-49.09791219371858,-26.884579533867168],[-49.09932258279259,-26.885918730649934],[-49.09965760277258,-26.885437700109108],[-49.099449992724495,-26.8852334164821],[-49.098999300146,-26.88390888588387],[-49.09837301416216,-26.88328015306687],[-49.09855778108439,-26.88276174633501],[-49.09895139905201,-26.882651710279692],[-49.09971532933205,-26.882933131808045],[-49.100277290899996,-26.88281925521501],[-49.10401124634347,-26.881096832621612],[-49.104329983425686,-26.880992646643598],[-49.10464337220793,-26.881161925111122],[-49.10481754625085,-26.88086564234272],[-49.10530939896156,-26.880846296505993],[-49.10683935217999,-26.879738402920086],[-49.10756602571888,-26.87950465060535],[-49.10813780917209,-26.879495307931396],[-49.108684370786946,-26.879973028778863],[-49.10880472614407,-26.88027957299278],[-49.108904772732934,-26.881391363082727],[-49.10877559824124,-26.88204136454283],[-49.10912567106686,-26.882989255729843],[-49.10892654382257,-26.883070069493215],[-49.10905997278447,-26.88360904676611],[-49.10848480910023,-26.883778451823392],[-49.10895808060392,-26.88389957383492],[-49.10903311621484,-26.884163280024165],[-49.109247462606085,-26.883936829407514],[-49.109705510977754,-26.884066002814667],[-49.10930245885498,-26.884153502190074],[-49.109393293830834,-26.88439197981677],[-49.11107637358209,-26.884625273490578],[-49.11084440322469,-26.88446884191044],[-49.111262276950576,-26.884521896708737],[-49.11135543556037,-26.88470855391896],[-49.111848395225564,-26.884845416847938],[-49.1116643913273,-26.88513692094099],[-49.1120456839846,-26.88493060147483],[-49.11232946796915,-26.884943470952326],[-49.11326280264301,-26.885662486325646],[-49.11303051936867,-26.885337368930696],[-49.11316038447885,-26.88530186533268],[-49.11293164174835,-26.88516777216964],[-49.1131919554135,-26.88506663928312],[-49.114337559156596,-26.885972449023605],[-49.11437361565136,-26.886644054494692],[-49.11488716934656,-26.886691342292316],[-49.11503375545688,-26.8868797902502],[-49.11553800166108,-26.886799016238196],[-49.11543236536756,-26.88663701465204],[-49.1157644549455,-26.886584462192836],[-49.11811048017819,-26.88662807174112],[-49.11885679026399,-26.886795583472384],[-49.11947510839533,-26.887504017273553],[-49.11977809097645,-26.887506102120298],[-49.120132384089594,-26.887915450860685],[-49.12042805737988,-26.888016213520515],[-49.1215140217487,-26.889197209411208],[-49.12230390343955,-26.8907780316062],[-49.12236335488801,-26.891268262635673],[-49.12285868178096,-26.89161044928149],[-49.123072865832896,-26.89219719564667],[-49.123567210905655,-26.892512540374263],[-49.12453991421273,-26.892760589475753],[-49.125256338440714,-26.89271983112733],[-49.12525576901561,-26.892917040194714],[-49.12549503982362,-26.89296601775166],[-49.12707410455779,-26.892857806824747],[-49.12732950321669,-26.89264624088323],[-49.128846414845405,-26.89214395700904],[-49.13055394744468,-26.89176328998859],[-49.13124360896025,-26.891362304897054],[-49.131638057480366,-26.891366782866857],[-49.131663662350064,-26.89119572092105],[-49.13242623828008,-26.890840413060996],[-49.13445007449745,-26.890702033256474],[-49.134772012421365,-26.890880777467125],[-49.134848888699075,-26.89120557085738],[-49.135265311919525,-26.891417676959463],[-49.13528158016303,-26.891626240917727],[-49.13493537770794,-26.891676939174303],[-49.1350094746275,-26.89184601630882],[-49.13514420021218,-26.891812145748382],[-49.13525204288639,-26.892219881194592],[-49.13485410850526,-26.89256846662122],[-49.1340447384843,-26.892591486468667],[-49.134063873327996,-26.89281328346207],[-49.13447822868589,-26.89291502582054],[-49.13447941485137,-26.893106016904785],[-49.13417052923267,-26.893696037430537],[-49.13392397511923,-26.893779575802856],[-49.1337165081964,-26.89413350418379],[-49.13410667174971,-26.893803017806615],[-49.1346029396102,-26.89381241058188],[-49.13480168626215,-26.894005571101157],[-49.13480280260435,-26.89430738812001],[-49.13452938748003,-26.894615227797324],[-49.135490659284045,-26.89503827856792],[-49.134448637849786,-26.895469016777433],[-49.1353955953998,-26.89544042283592],[-49.135580375446345,-26.89597945421651],[-49.13543561257753,-26.89624297062291],[-49.13567563246992,-26.89668697512818],[-49.136012218235656,-26.896175250576775],[-49.13638709106267,-26.895959231883456],[-49.13593571646447,-26.895370005211916],[-49.136352432833,-26.89481359630376],[-49.13624738102702,-26.89469390849275],[-49.13648534926927,-26.894240191041046],[-49.13608026409228,-26.893940341758604],[-49.13612770172069,-26.893482346770693],[-49.13742234188864,-26.893813065050967],[-49.13797396453991,-26.893697000930853],[-49.137408491042905,-26.89339741775993],[-49.137952047402756,-26.893441446068966],[-49.13806488454563,-26.893624886987634],[-49.138304408655685,-26.893654582268553],[-49.13994004445825,-26.893572547220018],[-49.14028488630027,-26.894255672835982],[-49.140262347562185,-26.893494468503977],[-49.14080083825739,-26.89340846500731],[-49.140806943675635,-26.894033366340633],[-49.141008663446044,-26.894373591319546],[-49.14114761738935,-26.893508128576844],[-49.14097413137456,-26.893316845581765],[-49.141493903977405,-26.893319501908074],[-49.14178439529152,-26.894226667341275],[-49.141531673560145,-26.89508018705044],[-49.140733847898865,-26.896137693242085],[-49.140568134843676,-26.896757729393265],[-49.14021257186381,-26.897136099071197],[-49.1402078846303,-26.897568226312412],[-49.139933268379124,-26.897828671005822],[-49.14036527699825,-26.898457124338268],[-49.14016428838353,-26.898689201167407],[-49.140544088156,-26.89875405248524],[-49.140961636194774,-26.898510130532188],[-49.14167468590927,-26.899006241203743],[-49.142933781813646,-26.899133381614078],[-49.14414864432342,-26.89866110364982],[-49.14525991385014,-26.898837810060854],[-49.14600031453873,-26.898591129248373],[-49.1463327027746,-26.89862366810206],[-49.14628413960741,-26.899092848817613],[-49.14568914455271,-26.89926687297657],[-49.145546790790924,-26.899673827175825],[-49.14588115449037,-26.900383928918423],[-49.14587202382399,-26.900734917714402],[-49.14631074988356,-26.900948172539955],[-49.146568473212724,-26.901278286444484],[-49.14641197311706,-26.901307464128454],[-49.14646174674418,-26.901830836185862],[-49.146901248211044,-26.90199051466762],[-49.14664056778137,-26.902938344731723],[-49.14712644655109,-26.903381807296682],[-49.146869810685295,-26.903527832452106],[-49.146959274898016,-26.90380978294606],[-49.146685345398915,-26.904153573191994],[-49.146493048839815,-26.904278227184186],[-49.14638738453002,-26.904183560140034],[-49.146379676034314,-26.90442413219475],[-49.14566730586058,-26.904944605210137],[-49.14477021915382,-26.904885215196657],[-49.14509216778111,-26.904959062585],[-49.14530281014232,-26.90530408238076],[-49.14599045582129,-26.90510857457149],[-49.14624438116845,-26.905489218193264],[-49.14623192075492,-26.905063888624703],[-49.14648842428966,-26.9050104766553],[-49.14708677350921,-26.905448528255825],[-49.14703842703328,-26.905723820891307],[-49.146482007289414,-26.906245669566847],[-49.14635805825326,-26.906845879777507],[-49.14608798843457,-26.907022362223167],[-49.14628330301402,-26.907665877400298],[-49.14594274675458,-26.908205095310976],[-49.14633310208925,-26.90847581007033],[-49.147406230626174,-26.908825431331646],[-49.1462008821581,-26.908183561467737],[-49.14673726876295,-26.90629325155549],[-49.14695344742328,-26.90618463409564],[-49.147386438425954,-26.905475695934854],[-49.14733390815769,-26.90515421066514],[-49.147006814782486,-26.904815149276068],[-49.147149287307066,-26.904230806387588],[-49.14771390313574,-26.903522848670708],[-49.14804032579277,-26.903577581015867],[-49.14826760856029,-26.903921347883003],[-49.14916461053259,-26.903929425693608],[-49.148963994970686,-26.90366445464831],[-49.149132493838216,-26.9030806662081],[-49.1502050837041,-26.903088109006546],[-49.14998399729329,-26.90300304153468],[-49.1498867337034,-26.902729562210872],[-49.1491475095424,-26.902753188986352],[-49.14892635391143,-26.902939270242893],[-49.14868782012687,-26.902863484718107],[-49.1485935396615,-26.902375678173247],[-49.14888497214507,-26.902190372414225],[-49.1491937114432,-26.90158771191489],[-49.148673299226104,-26.901975488019634],[-49.14795657601912,-26.901711302974956],[-49.14681957913611,-26.901658052171197],[-49.14717040065584,-26.901476873325628],[-49.146840933877,-26.90096666948714],[-49.14688940164065,-26.900776946918516],[-49.146591814032995,-26.900453626928886],[-49.14653960939556,-26.899833528220217],[-49.146837897968524,-26.89952865129196],[-49.14678614996401,-26.899108773446876],[-49.14706139947201,-26.898275397813435],[-49.14906422909835,-26.89839023425884],[-49.15008520544999,-26.898141850721775],[-49.15185232116433,-26.896752656274707],[-49.15243618930153,-26.89589603346559],[-49.152852987561445,-26.895811433428268],[-49.1526995479818,-26.89630737377252],[-49.153325917037584,-26.89601295501957],[-49.15357934738108,-26.896182585314577],[-49.15322927705713,-26.89636744010162],[-49.153293170482875,-26.89657459821601],[-49.15296431946337,-26.89699232305456],[-49.15342510595681,-26.896838795144337],[-49.153473300615204,-26.896437386810145],[-49.153642044113184,-26.896537115103907],[-49.153811493791984,-26.89693379838495],[-49.1545030431883,-26.897422378264967],[-49.15430101826643,-26.898818241185154],[-49.154629803533645,-26.89814683257996],[-49.155313172229306,-26.899200761239968],[-49.15525053713238,-26.898715058720402],[-49.155024156667224,-26.898591709790626],[-49.15474242984787,-26.897692921949822],[-49.15469697191673,-26.897151621848096],[-49.15506674468205,-26.896391761378208],[-49.15530911884589,-26.89625769285199],[-49.1549918303371,-26.895935655273743],[-49.15508005124098,-26.89544741942151],[-49.15547196243011,-26.895294694637347],[-49.15653519108983,-26.895343622411275],[-49.15685043142341,-26.894996836772854],[-49.15501825391855,-26.894820612259927],[-49.15409753921745,-26.895174278510776],[-49.15351860931668,-26.894571818403644],[-49.15291662419146,-26.894813028460288],[-49.15257902779709,-26.89518655300351],[-49.15248853336964,-26.894941936689317],[-49.15221423690272,-26.89540329026252],[-49.15207457559922,-26.895310446292687],[-49.15323621720323,-26.893686094762863],[-49.15363046616977,-26.89346724836769],[-49.15497053276093,-26.891420035167844],[-49.15702387441612,-26.889216011617606],[-49.158163017195854,-26.888268849632976],[-49.159748890191956,-26.886096084223457],[-49.161942864928896,-26.88519966994218],[-49.165279691248486,-26.88327130117604],[-49.16921211174381,-26.881816834578224],[-49.17184828048403,-26.880437168058826],[-49.17439949118215,-26.87938917518843],[-49.1757235737387,-26.878694643623415],[-49.174037592468466,-26.879328918659727],[-49.173017725863026,-26.879932164430407],[-49.17047915963668,-26.88068541122055],[-49.169031986810204,-26.881545326843874],[-49.16777215881985,-26.881824858873646],[-49.16607780235436,-26.882486385994664],[-49.162367225287355,-26.883420747921296],[-49.16216530924499,-26.883857159471088],[-49.1616109211213,-26.884362361728144],[-49.16131903336439,-26.884348868491788],[-49.160744591205855,-26.88461230954335],[-49.15986964628092,-26.884650500724995],[-49.15941678525877,-26.88523923073491],[-49.15926175702623,-26.885218377233063],[-49.15860053903636,-26.885704277240613],[-49.15681246174753,-26.888532786473313],[-49.15587325196594,-26.8893748136655],[-49.15558920038388,-26.88928373409113],[-49.15463300881993,-26.890479418643096],[-49.15434062711337,-26.89043082366303],[-49.15418408370223,-26.890569634861855],[-49.15427476398985,-26.890897650052338],[-49.153998447092754,-26.89138661367934],[-49.15415552851956,-26.891435477881096],[-49.15348651436527,-26.892212172001333],[-49.15212987213579,-26.893360334590547],[-49.15157764430163,-26.89361056410158],[-49.15130264110946,-26.894696259512084],[-49.15081017228338,-26.895343646333416],[-49.15010453760596,-26.89546028920161],[-49.14991161385135,-26.895216409060787],[-49.14996872734443,-26.894971106305487],[-49.14965833616882,-26.893959033975957],[-49.14993462882921,-26.89358991602527],[-49.14969465201134,-26.893593770328962],[-49.14926050717819,-26.893957996925348],[-49.149529519845046,-26.894562302793716],[-49.14952702545143,-26.895248328698774],[-49.14972848527403,-26.895561347867275],[-49.14938647506686,-26.895709087457664],[-49.14749517435195,-26.89569100900915],[-49.146750488765015,-26.895145804906836],[-49.14663812663573,-26.89520586879366],[-49.14604582140639,-26.894613035780523],[-49.14587279710741,-26.89433094550796],[-49.14607081778501,-26.894428786048884],[-49.14602193143149,-26.894334876708154],[-49.14540614005405,-26.89370201116877],[-49.14533952190134,-26.89347546750843],[-49.14549169342536,-26.893525643600242],[-49.14561196769606,-26.892795507953387],[-49.14546989165328,-26.89240574056203],[-49.14518905251019,-26.89226334189635],[-49.145455089899144,-26.891986950311377],[-49.14528113596108,-26.891572531490926],[-49.146089402654376,-26.891064052860134],[-49.14522031308111,-26.891071063280922],[-49.14502274537275,-26.89054922620044],[-49.145277498901066,-26.889839327618198],[-49.14509362865622,-26.888149765636207],[-49.146031612941506,-26.8876408884444],[-49.145822475230354,-26.88754399143382],[-49.14529972601357,-26.887938026406044],[-49.14466779859333,-26.887940880958297],[-49.143563919926414,-26.886848945318448],[-49.14351357512729,-26.88654894622223],[-49.14362466121296,-26.8855080094375],[-49.14400675178786,-26.885103145361988],[-49.144922770405074,-26.8845658581841],[-49.14501360616443,-26.88438791094907],[-49.144851562301774,-26.88400106828562],[-49.145227478163804,-26.88391842252575],[-49.14603583223682,-26.8840792624996],[-49.14502077940701,-26.883774667036434],[-49.14500716288823,-26.88359878497517],[-49.14534732605195,-26.88351433882185],[-49.146080623998344,-26.883790279085446],[-49.14650081308025,-26.883749132799213],[-49.14644091554655,-26.88338090895759],[-49.146041796327914,-26.883416590261184],[-49.14601538344843,-26.883682561002],[-49.14572278244851,-26.88354335694456],[-49.14581792150776,-26.882301825800678],[-49.145629611966335,-26.882300543145284],[-49.145606365213254,-26.88186657751282],[-49.14514254210629,-26.88145264668406],[-49.14508322062408,-26.88116946387132],[-49.14508858083325,-26.88088333460634],[-49.14538658459776,-26.880916786332783],[-49.14518177926026,-26.880636536955233],[-49.14600725496929,-26.88088122123648],[-49.146125630456446,-26.880483139844795],[-49.14494075727482,-26.87989338129855],[-49.14428397430723,-26.88011434586759],[-49.14351092688224,-26.87993200829675],[-49.14278642235891,-26.87778373480568],[-49.143078222744215,-26.87706077980254],[-49.14326183108856,-26.876867861033045],[-49.14438266450353,-26.87715623752259],[-49.144812508120346,-26.877193514292006],[-49.14487286140575,-26.877069081877114],[-49.14409928636678,-26.87684467046138],[-49.14366513899077,-26.876563112269462],[-49.143322314103315,-26.876027048716395],[-49.142755105272556,-26.875595329663327],[-49.143113175518295,-26.875413172586054],[-49.143191377891625,-26.874761939357352],[-49.14286382074252,-26.874488369509216],[-49.14325302860887,-26.874208292879604],[-49.143814226541075,-26.874053616285835],[-49.143506550603746,-26.873736419400537],[-49.14309546155677,-26.8736053645287],[-49.14268935730377,-26.87399631782983],[-49.14223750435864,-26.874016377945804],[-49.14229957164127,-26.87378763273316],[-49.14297734736558,-26.873190289144432],[-49.14338779754456,-26.873077306599914],[-49.14389789361301,-26.873303929825706],[-49.143749855895024,-26.873705628603563],[-49.144586498913306,-26.87388715244582],[-49.14470855463249,-26.873741289559074],[-49.14452579675842,-26.873759387523336],[-49.14482969779519,-26.873447038103247],[-49.14465419882322,-26.87309927077314],[-49.1447785906409,-26.873024465759105],[-49.14438437674104,-26.872612776365326],[-49.14444765107318,-26.87242024127916],[-49.14423324823968,-26.872408501495148],[-49.14413811818898,-26.872179060253764],[-49.144746627822435,-26.87214707650122],[-49.14507061438697,-26.871820151307528],[-49.14619808669102,-26.871233086793982],[-49.14506513771812,-26.87119420943153],[-49.1436095277188,-26.871726842158893],[-49.143678534757825,-26.870763886670147],[-49.143556820443436,-26.870546111125726],[-49.14379374722161,-26.870339766580912],[-49.14351621200829,-26.870356015981415],[-49.14357312694054,-26.870157760304025],[-49.143157151481134,-26.86986404970141],[-49.14337706632596,-26.870225252489217],[-49.14331105172786,-26.87037803507568],[-49.14284798750243,-26.8705853027753],[-49.14283338255476,-26.870423362767035],[-49.14330116794776,-26.86901002260836],[-49.14407322866394,-26.869304158812565],[-49.144904182244055,-26.869217431347547],[-49.14529127682551,-26.86962474861264],[-49.14620423374664,-26.869532788020408],[-49.147267199776955,-26.86873733685858],[-49.1478879029242,-26.86779000133711],[-49.1488197080146,-26.867239140735528],[-49.149015309401584,-26.86744477062546],[-49.14963553029772,-26.867657033816904],[-49.149711482979804,-26.86742418701141],[-49.14988409887168,-26.867408426879845],[-49.15039641671434,-26.868655491253826],[-49.15029125964456,-26.86929240968697],[-49.15039761762151,-26.869544118747932],[-49.150080254910584,-26.87002512573332],[-49.149465031889356,-26.870446195255155],[-49.148727459761155,-26.870512811348316],[-49.14901692857638,-26.870862489733305],[-49.148966602366315,-26.87103769336227],[-49.14948698680457,-26.871221452940997],[-49.14956512909883,-26.87107229975613],[-49.149856116318766,-26.87118885249825],[-49.150152856020675,-26.870712672097913],[-49.14995980005231,-26.87042555128905],[-49.15032003899965,-26.870342227482308],[-49.150921569251565,-26.869567755868093],[-49.15113266669241,-26.869603266074392],[-49.15123530266551,-26.8694151672911],[-49.15179115379696,-26.86986170291267],[-49.151851612713415,-26.87018993058994],[-49.15226547911646,-26.87037438384525],[-49.152526248370926,-26.870361343380704],[-49.15281992256399,-26.86994652344987],[-49.15388953538355,-26.87029280586725],[-49.15422409815929,-26.870270020272788],[-49.15424480946841,-26.86970419221775],[-49.15398759459128,-26.869354583330736],[-49.15424051715128,-26.86931575375632],[-49.15421453605811,-26.869137932404456],[-49.153113080204626,-26.869364042955237],[-49.15338028718402,-26.86914053347883],[-49.15353034125746,-26.8691838475255],[-49.15352461375033,-26.86903464546464],[-49.15378386527767,-26.869118250566164],[-49.15413219366824,-26.86900378293445],[-49.15466755999287,-26.86827350092685],[-49.1550601506754,-26.868054714343543],[-49.15556475608516,-26.86821699811438],[-49.155294029752824,-26.867847054499784],[-49.155863854682394,-26.86789558393464],[-49.156599642158014,-26.867708289984023],[-49.15558989300152,-26.867749826913244],[-49.155286544974665,-26.86749135029263],[-49.1551572087979,-26.86770589082798],[-49.154545873273754,-26.867730423540998],[-49.15474367468806,-26.86707233760367],[-49.15467890141735,-26.866579792372477],[-49.15492526261241,-26.865994988110018],[-49.154396202618415,-26.865491953869352],[-49.154123623347694,-26.864633123594885],[-49.15457133300885,-26.86451811981085],[-49.15491470921313,-26.863995478731393],[-49.155303452440336,-26.864089853183675],[-49.15534380951106,-26.863665619761186],[-49.156162307724024,-26.862856499721723],[-49.15603967268998,-26.861344471124696],[-49.156495238413704,-26.861161363371696],[-49.15672424954152,-26.860404683040777],[-49.15626186394759,-26.860192018401598],[-49.15625193646347,-26.860037975192764],[-49.1560338635293,-26.86011749936339],[-49.156144882413955,-26.85969299394146],[-49.15637571433349,-26.85936558976535],[-49.15664253375669,-26.859356343423727],[-49.156486638677855,-26.859265126102997],[-49.156919558572646,-26.859015770891045],[-49.15744527822627,-26.858186359464757],[-49.158038984725756,-26.858029457082818],[-49.158308725612144,-26.85695511416404],[-49.1587686292415,-26.856640216895265],[-49.15847596986788,-26.85646619570861],[-49.1584876064904,-26.855600085055293],[-49.15873345079597,-26.85544192500783],[-49.15834685172804,-26.85541686817916],[-49.15797017413498,-26.854487103124512],[-49.15704248752182,-26.85356044701158],[-49.155894168836426,-26.853064411313074],[-49.1550760998221,-26.852987261346982],[-49.15417991684254,-26.852563966099904],[-49.15411707383268,-26.85287129734719],[-49.15693849741888,-26.85398300295428],[-49.15823547353235,-26.85619898317297],[-49.157898825336765,-26.85666297230769],[-49.15788024720376,-26.856967817072448],[-49.15737713773373,-26.857601491629747],[-49.15661947268309,-26.858427404495202],[-49.156590074325486,-26.858073359747657],[-49.15632443565169,-26.85818896441516],[-49.15649125722929,-26.858428774803617],[-49.1564158581814,-26.85867345762993],[-49.155662730431246,-26.859061602522026],[-49.15522754193682,-26.859867593381857],[-49.155338141348246,-26.861253343923288],[-49.15548724676451,-26.86133705204631],[-49.15563509211095,-26.861902330200245],[-49.15553910880453,-26.86230919693108],[-49.15566566467898,-26.86272026398307],[-49.154729783624894,-26.863317845826934],[-49.154008095264146,-26.86331001738023],[-49.15379550988237,-26.86307338054826],[-49.15364437053729,-26.86323844100033],[-49.15384142477844,-26.86366818890201],[-49.15321786316028,-26.864334585905098],[-49.15359465254526,-26.864979934337565],[-49.153541412937514,-26.865537986858676],[-49.153014749379764,-26.865411874682145],[-49.15285847673224,-26.86554693146844],[-49.153155316150375,-26.86555451268351],[-49.1534943236229,-26.865849481277785],[-49.153492919554495,-26.866382875193448],[-49.15294695578008,-26.867171266347498],[-49.153125928093495,-26.86755448789692],[-49.15303513263693,-26.867677782957934],[-49.150911876390055,-26.86842255318933],[-49.15070167924161,-26.868051438151902],[-49.15081390545347,-26.86815247220805],[-49.151035901457796,-26.868071623416395],[-49.15088019112866,-26.86703290326485],[-49.15065617849351,-26.86691448712035],[-49.150345543790934,-26.867185000509796],[-49.14969121744256,-26.866450185251352],[-49.14880977763317,-26.866051835775064],[-49.14866054152515,-26.86543482359919],[-49.14818350006286,-26.865470324455945],[-49.14834657045517,-26.86599260141144],[-49.14817343447425,-26.86640682318511],[-49.14753731569612,-26.867135535294025],[-49.14721983541706,-26.867099207339262],[-49.147203518694226,-26.867330815753487],[-49.14700327334357,-26.86703456784715],[-49.14716161649254,-26.86677679524374],[-49.14716154281842,-26.86655474165988],[-49.147079892188216,-26.866687840985815],[-49.146886074890226,-26.866316837609666],[-49.14622112933189,-26.86625145136815],[-49.14602956981422,-26.86602047698552],[-49.14623072159305,-26.86588464323799],[-49.145830884797434,-26.86601722332973],[-49.146718357438786,-26.86532457745058],[-49.146514603834426,-26.865280748644878],[-49.14652153716483,-26.86511978273822],[-49.14573120771998,-26.86501620042799],[-49.14556593911683,-26.86547087366188],[-49.14523962268349,-26.86559822459066],[-49.14412835144862,-26.865363994147092],[-49.14385697209044,-26.86479620256388],[-49.143962640494024,-26.864506672238317],[-49.14377231467247,-26.864156862337293],[-49.14360560047803,-26.864152686426248],[-49.143463595816144,-26.863411833404363],[-49.14389143494688,-26.86332892354275],[-49.14437579004499,-26.86232116550978],[-49.14471522391781,-26.862240774909456],[-49.144205508635686,-26.861738251129662],[-49.14412379379162,-26.86120915950633],[-49.14399813541518,-26.861362323761202],[-49.1438145044952,-26.861284163495938],[-49.14343462269865,-26.860503649888056],[-49.143487542237544,-26.860355046217567],[-49.144043456187035,-26.860227683537797],[-49.14380169406883,-26.86014047330337],[-49.14383526948766,-26.859963151797725],[-49.143585336703936,-26.85976795275233],[-49.143632464381206,-26.85956705632127],[-49.143351598192794,-26.859648890033306],[-49.14357810206371,-26.85943544665701],[-49.14356817289776,-26.85906246576593],[-49.14334675693358,-26.858807627958097],[-49.14323606033462,-26.86035639047643],[-49.143664503113094,-26.861108943600186],[-49.143691939891525,-26.861459503291265],[-49.143556495131364,-26.86178395136543],[-49.14302568450951,-26.86228303225966],[-49.142452110526364,-26.862384700785018],[-49.14206889220164,-26.86226280307685],[-49.14290925598866,-26.862785177158262],[-49.143064270326505,-26.863105081014172],[-49.14269482090689,-26.86395551717607],[-49.14233580678931,-26.863982888543024],[-49.142347084788504,-26.864332874692696],[-49.141917930559245,-26.86438089304998],[-49.142099139344595,-26.864870050014577],[-49.141373372913385,-26.864961776717923],[-49.1413943167964,-26.864804090693312],[-49.140496997772225,-26.863721727749176],[-49.140168964845955,-26.863693160542862],[-49.140050654930896,-26.863888534947247],[-49.13974160081106,-26.86353336883609],[-49.13886221255741,-26.862982439434035],[-49.1383817775314,-26.862928112643583],[-49.13767817699613,-26.862565266784262],[-49.13764525093618,-26.862878289225897],[-49.138128746664286,-26.863012176878517],[-49.13802950364772,-26.863328284471404],[-49.13862971835005,-26.863470938390382],[-49.13931147830896,-26.864298667712767],[-49.1403664474584,-26.864849241975865],[-49.14051163297372,-26.865132537907364],[-49.14117676979839,-26.865263663255796],[-49.14164924185631,-26.86554667910909],[-49.14221225152036,-26.866324099244405],[-49.14276568577338,-26.86640610210379],[-49.14284172306489,-26.86700232736971],[-49.1423180519424,-26.867352572851075],[-49.142596442835824,-26.867577306941456],[-49.14291464471798,-26.86740796635411],[-49.14271294924657,-26.867734123788296],[-49.142497302817375,-26.868879592147255],[-49.14265533797424,-26.86922536024096],[-49.14221672463522,-26.869408208436504],[-49.14173232457736,-26.869343882393682],[-49.14163063085169,-26.869594070782433],[-49.142058635132,-26.86974498641183],[-49.1419286593447,-26.87056738467184],[-49.14202669301987,-26.871013362820946],[-49.141816359011216,-26.87192188741999],[-49.14200021000408,-26.8716234226894],[-49.14210995678334,-26.870963819050882],[-49.142309518545055,-26.87249669319983],[-49.14215591492563,-26.872576977287366],[-49.14207571343966,-26.872247146143984],[-49.14187276673833,-26.87215187955961],[-49.14155983430705,-26.87245080514597],[-49.14158543516153,-26.87228910092041],[-49.14085278424311,-26.873132536120966],[-49.13989424679611,-26.873405282489628],[-49.13968686395853,-26.87382241422379],[-49.1398192252862,-26.874106597361667],[-49.140294227905095,-26.874157145619805],[-49.14023868162359,-26.874494502174493],[-49.13993982591551,-26.874601925229815],[-49.14021340971768,-26.874677828708304],[-49.14029859002757,-26.875210448482388],[-49.1402001794885,-26.875362822661458],[-49.1398227782246,-26.875310743848235],[-49.139631795001414,-26.875481824444684],[-49.13828072504359,-26.875400110393283],[-49.137769672247025,-26.87483920728918],[-49.1375155358196,-26.87476408365772],[-49.137633026519964,-26.8745660196071],[-49.13751357381341,-26.874401795518427],[-49.137121597085645,-26.874610543553768],[-49.135579967320936,-26.874180817978313],[-49.13504198389133,-26.873849864103605],[-49.1358139640396,-26.874813954019086],[-49.13582779122795,-26.874588702649017],[-49.13625242745221,-26.87459083455641],[-49.136435292908025,-26.874441661444468],[-49.13708732950016,-26.874865509000994],[-49.13778177120953,-26.874962102401497],[-49.13807535683791,-26.87569551063215],[-49.13826025478638,-26.875602909838026],[-49.13953649239594,-26.87570926204812],[-49.13967273894625,-26.875961596016147],[-49.14001269042014,-26.875994179309384],[-49.14016640050526,-26.876253707895057],[-49.14013532367356,-26.876558649876742],[-49.140377307704426,-26.87676953462407],[-49.14011250822247,-26.876988645293498],[-49.140248496777566,-26.877477354930686],[-49.14007014253115,-26.87752943989877],[-49.14012090035913,-26.878009707068596],[-49.13994882846946,-26.878179804138515],[-49.14005598380904,-26.87842914080372],[-49.13981548243053,-26.878557712730142],[-49.14001236988711,-26.878664412440802],[-49.13962679506716,-26.87861662843901],[-49.13922420762084,-26.879226193094848],[-49.139569010850856,-26.87936243922338],[-49.13983135974831,-26.87921468165331],[-49.139858323241086,-26.87953811277521],[-49.13946203454343,-26.87972680372176],[-49.13948860911437,-26.88020941806701],[-49.13922267085702,-26.880456440883908],[-49.13922905299829,-26.88130727146883],[-49.138694845856726,-26.88138823810063],[-49.13873665263593,-26.881482034330908],[-49.139146574692816,-26.88156692118947],[-49.13927127641332,-26.881718441760817],[-49.1389624443901,-26.881664876134437],[-49.139644070717054,-26.882044585660186],[-49.141061320876325,-26.88230560272611],[-49.14065965016756,-26.882276942682633],[-49.14085555721784,-26.882413865652666],[-49.141569370415375,-26.882484987761124],[-49.14181382124537,-26.88214851600546],[-49.14214503222796,-26.882575851659393],[-49.14273954692702,-26.88291532320529],[-49.14401260015578,-26.883188277653005],[-49.144201863150485,-26.883365817381186],[-49.144061841973496,-26.883475857603262],[-49.14345359137714,-26.883370608009592],[-49.14388612469237,-26.883639176727634],[-49.14315213313336,-26.883450504702086],[-49.14263693979682,-26.88312120254107],[-49.141961429898686,-26.883084190085857],[-49.14161762123395,-26.88325698678494],[-49.14157608045086,-26.882965460904977],[-49.14151839600409,-26.88304803791917],[-49.1413212877476,-26.88276790218262],[-49.14087813349871,-26.88261398263666],[-49.14042737634962,-26.882634425702992],[-49.14055403625422,-26.882767908249743],[-49.140188553622544,-26.88329157487963],[-49.13959061240989,-26.88321936645418],[-49.13909824277278,-26.88401406102114],[-49.13710877647303,-26.883293416033975],[-49.13849221826096,-26.88403114698503],[-49.13878888262413,-26.884395410497735],[-49.138749773581196,-26.8848253030386],[-49.138477115374236,-26.885210082479002],[-49.1385703047106,-26.886067581334608],[-49.138418740163175,-26.88636143617375],[-49.13801320829259,-26.886584876324775],[-49.137969325976606,-26.88689735961831],[-49.13744059857023,-26.88685113434702],[-49.13664054246574,-26.887193279061876],[-49.13620895364178,-26.886952939086296],[-49.135963203167464,-26.886490708000608],[-49.135714365892255,-26.886423594779746],[-49.134795541106584,-26.887251089146474],[-49.13458534863583,-26.887271421720445],[-49.13441346976844,-26.88709520779239],[-49.13337980230906,-26.88676628348582],[-49.134112150322814,-26.88731985608497],[-49.134048153110676,-26.88767763333465],[-49.134306324180166,-26.888033873672224],[-49.13462368382904,-26.88777639905706],[-49.13511190671636,-26.887691657593294],[-49.135138223060835,-26.88788701590207],[-49.13470754905984,-26.888449076605134],[-49.13395957317682,-26.888683188920513],[-49.13390385696767,-26.88851514866149],[-49.13408244539147,-26.888261200754677],[-49.13397093491151,-26.888257393196053],[-49.13364299478643,-26.888318651296824],[-49.13342228807018,-26.88858334904111],[-49.13321891575066,-26.888600046443297],[-49.133162557750154,-26.888444401980845],[-49.13299907283326,-26.888655060399632],[-49.13268684770558,-26.888648718355412],[-49.13270775079497,-26.887656007424344],[-49.13229119743591,-26.88799569527083],[-49.13233093506708,-26.88866322170748],[-49.13022900453378,-26.888958809620373],[-49.129626092218764,-26.889227097943838],[-49.12939360025999,-26.88920556742902],[-49.12923134823461,-26.888740310394404],[-49.12930931482526,-26.889340619447246],[-49.12864318120078,-26.889792954451927],[-49.12828766982895,-26.889867158223865],[-49.127290827319975,-26.890554507035787],[-49.12620598331576,-26.890867190696678],[-49.125860732131905,-26.89084008569972],[-49.12563725052755,-26.89042384532669],[-49.12601797649641,-26.890116081436698],[-49.12599379025193,-26.889789324975307],[-49.125507135553825,-26.889181073159058],[-49.12516490414502,-26.888989631854987],[-49.12509749387942,-26.888629166554026],[-49.12413915292988,-26.88820682516135],[-49.12391357989472,-26.887417101767536],[-49.12418490577074,-26.887060134793334],[-49.12374158086282,-26.887235932576782],[-49.123928336008014,-26.88792131570648],[-49.12359001753414,-26.888113885274787],[-49.122291186821286,-26.886682372506854],[-49.12257580010499,-26.88610990227879],[-49.12295729985376,-26.8858683282319],[-49.12301440457155,-26.885524899672387],[-49.12258779387258,-26.885565300224926],[-49.122135449500256,-26.885851346970842],[-49.12219981935222,-26.886041328194494],[-49.12207732663058,-26.886203745753647],[-49.121989587933335,-26.886090182085614],[-49.12202296928436,-26.88650221126553],[-49.12186172046671,-26.886760819852913],[-49.1200500759469,-26.88535734565307],[-49.119888153735815,-26.885155092778763],[-49.12003853580167,-26.884631584293803],[-49.11983621428232,-26.884031734767223],[-49.11914576331429,-26.883186823170384],[-49.11911293660479,-26.882902323950113],[-49.11821965854821,-26.88207535518363],[-49.118406744142604,-26.881597564585494],[-49.11804893017649,-26.881482897133747],[-49.11799538180469,-26.88207822565999],[-49.117592374148046,-26.88230031163449],[-49.11727014629573,-26.882039149452197],[-49.1165508938668,-26.88204480105013],[-49.116114625101005,-26.88172570532579],[-49.115481481168295,-26.881875288303863],[-49.115034630307356,-26.88167288613071],[-49.1144752656602,-26.88175275053572],[-49.1137231077391,-26.88162359273918],[-49.113446194036875,-26.88145551134035],[-49.11339509747429,-26.881132970588222],[-49.112808451139735,-26.88116408053124],[-49.112277467821315,-26.880810426060478],[-49.11176090509911,-26.879849787017957],[-49.11193476046561,-26.879516606146332],[-49.112049918800174,-26.87965885124742],[-49.111921496656365,-26.880048883742752],[-49.11226193753847,-26.879905213900845],[-49.112141440148044,-26.879772632286734],[-49.11227894720806,-26.87969735607156],[-49.11225286668222,-26.879455739978212],[-49.11208785855488,-26.879229169556965],[-49.11229119585457,-26.87896544918135],[-49.11228572897049,-26.87838306547756],[-49.11247772635941,-26.87822454621563],[-49.11258612386976,-26.87860217803892],[-49.11276727923553,-26.87851569272929],[-49.11278115484805,-26.87836500534485],[-49.112955568342024,-26.878043264020302],[-49.11271581103435,-26.877839918954],[-49.11291962147719,-26.877604779427962],[-49.11320732359197,-26.877400563539936],[-49.11370991839934,-26.877664798327515],[-49.113725730080134,-26.877968752009163],[-49.1134209833771,-26.877820030078833],[-49.11336737385896,-26.87799611580879],[-49.11312512197883,-26.877960301315827],[-49.11305428033498,-26.878224905823814],[-49.113675944056276,-26.878188514590573],[-49.114079217826145,-26.878531019469385],[-49.11402828731696,-26.878135274844166],[-49.11424481408732,-26.878236335248822],[-49.11432269891827,-26.87790493009431],[-49.11486181886832,-26.877902060265576],[-49.1150420901484,-26.87862732311918],[-49.11522365976193,-26.878721494889565],[-49.1155742830683,-26.87842025228548],[-49.11560854584949,-26.878830471949936],[-49.11636252965373,-26.87719995647578],[-49.11606158028983,-26.876764612335958],[-49.11561859307111,-26.876871707563808],[-49.11528245653738,-26.876550747122018],[-49.114947000280374,-26.87678284075005],[-49.11506086977375,-26.876924685444223],[-49.11479127881036,-26.877358027440582],[-49.11439449634938,-26.877246788761852],[-49.11432306230729,-26.877429763501738],[-49.11392392694388,-26.87744900015815],[-49.11336053808975,-26.877241771877202],[-49.11303525064752,-26.876342375204683],[-49.1132270787595,-26.875239752418228],[-49.113709541107944,-26.875413073256986],[-49.11391000194091,-26.875323190241744],[-49.11341348518735,-26.875249860400725],[-49.113035938096665,-26.874937809475302],[-49.112389470327905,-26.87505347011026],[-49.11232326893283,-26.87529703672574],[-49.11197339721094,-26.875349060473344],[-49.1123399641574,-26.875689732775093],[-49.112228254322325,-26.875999444734727],[-49.11167190694139,-26.876158606355645],[-49.11117395161447,-26.87665839829929],[-49.11100910789829,-26.876445132897526],[-49.1108253023178,-26.8767535758522],[-49.1108378882075,-26.877106810845152],[-49.110867063057775,-26.876947598182557],[-49.11111804686403,-26.876993130307728],[-49.11134009040642,-26.87726216830144],[-49.11199914172083,-26.87649460168749],[-49.112057570776955,-26.876884329140644],[-49.11163816591353,-26.877259526982062],[-49.111662810261755,-26.877588617181935],[-49.11077739575934,-26.877832314309053],[-49.10990923324964,-26.87774522100156],[-49.11039444059042,-26.877485835002226],[-49.11043424470947,-26.877268303961884],[-49.110173356089085,-26.876755896402884],[-49.11000421594586,-26.87679701435452],[-49.1101878173523,-26.876940057962457],[-49.11020502975375,-26.877450631596904],[-49.109525037411814,-26.877586059098487],[-49.10880551989274,-26.87810732240809],[-49.107615633719384,-26.87786463603359],[-49.10699329121709,-26.877271901921137],[-49.10684205442575,-26.877734432541484],[-49.10642916478074,-26.877995074980632],[-49.10639866302397,-26.878363474210804],[-49.10614336879306,-26.878646781751417],[-49.1054479536669,-26.8788742304126],[-49.10493153613482,-26.879332284919503],[-49.10444896972947,-26.879354210749998],[-49.10401415784099,-26.87986789085895],[-49.1022472253589,-26.880354384913666],[-49.1009567408862,-26.88052563389347],[-49.10054766092373,-26.880766517783112],[-49.099258537647195,-26.88075813500019],[-49.09917302445495,-26.88068302199058],[-49.09933062671761,-26.880576665661486],[-49.1004050030062,-26.880362886258826],[-49.10063652080735,-26.87950068412674],[-49.10114431741448,-26.879212627192583],[-49.10132781427991,-26.878759915441215],[-49.10169946205439,-26.878513044390196],[-49.10180877055777,-26.877706809760678],[-49.101625234536094,-26.877446368002474],[-49.10188575449143,-26.87663275660675],[-49.10237963964025,-26.876478465275834],[-49.10283784597438,-26.87590388612483],[-49.10316582662809,-26.87493408013533],[-49.10347766289134,-26.87464419580716],[-49.103608958575194,-26.87422299641029],[-49.10380142798439,-26.874245261917967],[-49.10445192478343,-26.8737607914581],[-49.10532565794649,-26.87492246208818],[-49.10569946845649,-26.87447940274005],[-49.10571695971589,-26.874148229328128],[-49.10552862413296,-26.874054312145407],[-49.105535502167555,-26.87365918274602],[-49.104964705697505,-26.873474734636105],[-49.10494057476966,-26.873350263933563],[-49.10551405880333,-26.873425968186037],[-49.10579866153883,-26.872922624949453],[-49.106330775685045,-26.872877110778887],[-49.10645506035707,-26.8726842735353],[-49.10682398950798,-26.872791583889068],[-49.106999298409235,-26.873389789923678],[-49.10719691355556,-26.873096317951518],[-49.107420494956266,-26.8730767442186],[-49.10750402138837,-26.872096111945037],[-49.10692997114385,-26.872065780105615],[-49.106790345729316,-26.871042235949165],[-49.106954902072125,-26.87103938423944],[-49.1066297463343,-26.870711767878458],[-49.1073700764375,-26.870829191321956],[-49.10793014522114,-26.870310152523892],[-49.10815444882128,-26.86984852884666],[-49.10912776941788,-26.86927065236534],[-49.108937686011025,-26.8688405429369],[-49.10913180105363,-26.86853172368907],[-49.108833282041545,-26.868131970719997],[-49.10943336315157,-26.868168008700106],[-49.10959360491293,-26.868052600876798],[-49.10943758892571,-26.867762255456853],[-49.10974631539512,-26.867752674859485],[-49.1096994761498,-26.867505328423242],[-49.109900404154516,-26.867448103594214],[-49.10999829151597,-26.86727842447512],[-49.10985306417719,-26.86721279301067],[-49.11003159766103,-26.867108440387202],[-49.110206821423915,-26.86732445244968],[-49.11043951411313,-26.867056721459843],[-49.110751380701856,-26.867057292432246],[-49.11099770211727,-26.8675529563589],[-49.11245854661323,-26.867522288850047],[-49.11296277206573,-26.86778057380592],[-49.11313435624296,-26.867544606828186],[-49.11324309487336,-26.867609329959667],[-49.11326959928368,-26.86779524901382],[-49.11308369244079,-26.867918290071284],[-49.113309785527576,-26.868173243540593],[-49.11294599772697,-26.868335611449712],[-49.11294136905081,-26.86884041058588],[-49.112569189359185,-26.868843631365813],[-49.11229273743336,-26.86905709646348],[-49.11229021369515,-26.869370704998715],[-49.11266413677145,-26.86954985073362],[-49.11322338869516,-26.869040234623522],[-49.11388250026946,-26.869157397973567],[-49.11358667506244,-26.868771182117094],[-49.113671938995765,-26.86841213319244],[-49.11449492300011,-26.867611925188704],[-49.11460262252335,-26.86780447991424],[-49.11441564115547,-26.868325301056345],[-49.11467762369994,-26.86840272427244],[-49.114826085900944,-26.8680984673381],[-49.115451929144946,-26.86886458337897],[-49.11506646944105,-26.86908029720513],[-49.11513197596612,-26.869282040730678],[-49.115415038973545,-26.869264669215887],[-49.11547089772555,-26.869402762793957],[-49.11514228645938,-26.869750436089227],[-49.11486049623231,-26.871234573215986],[-49.1150113472846,-26.871212184663975],[-49.11571360117929,-26.870089302375437],[-49.11581527858968,-26.869574886353988],[-49.116187617839884,-26.870059554828075],[-49.11646054032221,-26.872257386945744],[-49.11625581279819,-26.872561411025323],[-49.11488230515765,-26.8735882664416],[-49.11502758559178,-26.873643950585528],[-49.115811560955315,-26.873276582334068],[-49.11610105418131,-26.87290818467621],[-49.11661656815459,-26.872757264944003],[-49.11678126292167,-26.872172451596786],[-49.11657282682499,-26.871134242721894],[-49.116611544750285,-26.870375182947093],[-49.1169592654173,-26.870384897724662],[-49.11700373023895,-26.870721005941256],[-49.1171376018961,-26.870475318026426],[-49.117560874906474,-26.87048190497927],[-49.11709934896753,-26.870103564183264],[-49.11655234223053,-26.870117655007007],[-49.11642162600531,-26.86981767477622],[-49.116555196900904,-26.869634390916598],[-49.11690920689189,-26.869772147903586],[-49.116971105654486,-26.86965390732074],[-49.11628695682823,-26.869466433826787],[-49.11631620021235,-26.86792896032692],[-49.116196211997206,-26.867782801040214],[-49.116596828137915,-26.86791535404741],[-49.116556072463325,-26.86819744401945],[-49.11680582249958,-26.868209488826142],[-49.116798045253745,-26.868557166695034],[-49.11700582070688,-26.868696753420938],[-49.116819744071115,-26.868855085038163],[-49.116789861355045,-26.869302302814567],[-49.11736352206166,-26.86852318536901],[-49.11842927557109,-26.869096762111848],[-49.11818876095369,-26.868830939016622],[-49.11833844321533,-26.868826901973247],[-49.11843627276916,-26.868550335852536],[-49.118240623725704,-26.868349222882877],[-49.11855441486865,-26.868351533097165],[-49.1180060674591,-26.868048852999763],[-49.11752788056037,-26.8680293740959],[-49.11720547224992,-26.867541320901555],[-49.116785730158554,-26.86724662190696],[-49.11707799080569,-26.866828170075735],[-49.11658098925801,-26.866560276475447],[-49.11645091209169,-26.865836194036262],[-49.11630296195832,-26.865827842990985],[-49.11622858051068,-26.865599887397746],[-49.11633521608115,-26.865317502704336],[-49.11670825412604,-26.865199910802385],[-49.1171386828932,-26.86469008916771],[-49.11741378867434,-26.86460627575628],[-49.118096025679804,-26.864699478953593],[-49.11801417396113,-26.865593930795033],[-49.11814678628736,-26.86584481950539],[-49.11880278362529,-26.865749027911153],[-49.11949833292076,-26.86494998116829],[-49.120480529800346,-26.86514046872007],[-49.118482647628745,-26.86451418064621],[-49.11814674199242,-26.863722023332333],[-49.118220039897245,-26.86298654972346],[-49.11931542124537,-26.862128843362495],[-49.11964483514269,-26.862157031918663],[-49.11975653814819,-26.86233997051493],[-49.120229729502775,-26.862289232524727],[-49.12013638948548,-26.861915997326644],[-49.12098361364444,-26.861462747456237],[-49.12134332563576,-26.861000909752768],[-49.12193057814146,-26.86108579271922],[-49.12237520108945,-26.860951874132528],[-49.12235553645362,-26.860448698473032],[-49.12279156843221,-26.860109504948305],[-49.122843973875035,-26.859654841998022],[-49.12337514355637,-26.859402877092133],[-49.123790113568305,-26.859002640261515],[-49.12410223866806,-26.859494010161075],[-49.124560659533245,-26.85946767387753],[-49.124296372245475,-26.859332291470782],[-49.124618803008794,-26.859284456175796],[-49.12469974781073,-26.859077551936906],[-49.12499428135788,-26.859291408122683],[-49.12554243709342,-26.859120046640363],[-49.125348848490006,-26.859011031896497],[-49.12534145289778,-26.858430337004975],[-49.12569151193177,-26.85800806397596],[-49.12525810707678,-26.857148260833586],[-49.12525165508003,-26.856746287813095],[-49.125906142825,-26.856281713704096],[-49.12526337170147,-26.85652116830782],[-49.12478370369752,-26.8562718126184],[-49.124661647486995,-26.85604427837348],[-49.12463619979485,-26.85635250763518],[-49.12510715704218,-26.856555505044803],[-49.125177857734315,-26.857162060965976],[-49.125514953726835,-26.857916291192655],[-49.12527509127544,-26.858236388000442],[-49.12526429170583,-26.858774434501534],[-49.125028072147195,-26.85906843214059],[-49.1246638933707,-26.858800884193844],[-49.12403579278997,-26.858658511593177],[-49.12295572911516,-26.85944540211965],[-49.12239488540584,-26.859373548431634],[-49.12221249776021,-26.8592504865771],[-49.12213949754416,-26.85888161971357],[-49.12169862144824,-26.858726715554592],[-49.1215643102814,-26.859267201841842],[-49.121168190746864,-26.85936840567601],[-49.12062480869411,-26.85918638282948],[-49.1208662118235,-26.859471010004338],[-49.12148725174529,-26.859641226020834],[-49.121525412524626,-26.860259085343678],[-49.12145511709633,-26.860627525867375],[-49.12106894786343,-26.86110187504341],[-49.12037604991822,-26.86156396705218],[-49.11987987450685,-26.861044625311134],[-49.11966730591889,-26.861410360850904],[-49.11928658713658,-26.86155311694551],[-49.1188834696943,-26.862023571963793],[-49.11834127879403,-26.862213201938193],[-49.11773060322383,-26.862064861369614],[-49.11704621641149,-26.86084362315909],[-49.116850730077964,-26.860141507062067],[-49.116976916013115,-26.859935962320048],[-49.11661564934208,-26.85939132934041],[-49.116533210629896,-26.86014471419885],[-49.11624724381022,-26.860275796044007],[-49.11616869478489,-26.860507587399212],[-49.11615574373765,-26.86091480723039],[-49.11646113702491,-26.861083499388975],[-49.11620733581228,-26.861220170493542],[-49.11651166193541,-26.86177521529954],[-49.11662979809572,-26.86180414753475],[-49.11678483766496,-26.861448330059993],[-49.11704821562009,-26.861691182721632],[-49.11704625254842,-26.86193055028187],[-49.11692062410137,-26.86217107871534],[-49.117620869905664,-26.863182531566387],[-49.11710916192576,-26.863746540133256],[-49.11635521842562,-26.86394002518044],[-49.11644974716588,-26.864624214578683],[-49.11605490879906,-26.865080604285666],[-49.11574353897462,-26.865158778475912],[-49.11542847313193,-26.864913104773123],[-49.11555020241492,-26.864388527307796],[-49.11496653384677,-26.864511577282332],[-49.11487724898223,-26.864658636043266],[-49.113529352082864,-26.864144873741992],[-49.11271279721243,-26.86443982017174],[-49.11240743446575,-26.864751145049066],[-49.11159571997888,-26.86468996268366],[-49.11096772590204,-26.865117667245084],[-49.11006433381004,-26.864961371952564],[-49.108930582441936,-26.86446128341547],[-49.108440423757834,-26.864177375995755],[-49.10839410272785,-26.863919649926693],[-49.10829950862142,-26.863820050093928],[-49.108272152108945,-26.864352331168387],[-49.107651016048486,-26.864424673023375],[-49.10755950310976,-26.864672502636083],[-49.10734422948146,-26.86464964705728],[-49.10715122230216,-26.86488614912538],[-49.10698433712446,-26.86482656764107],[-49.10686664565927,-26.865244224712715],[-49.1067721281312,-26.865915093963284],[-49.10701818487858,-26.86625916281471],[-49.10722838250327,-26.86624531512148],[-49.10730856869517,-26.865951407390046],[-49.1075840576372,-26.865788624331092],[-49.107857442113854,-26.866349267480945],[-49.107824738962904,-26.866647167871335],[-49.10739762803965,-26.866986497659884],[-49.10766787122818,-26.867032679544305],[-49.10753335545602,-26.867339626065558],[-49.10776490154916,-26.86876338562542],[-49.107393119315766,-26.869098300788544],[-49.10737923434252,-26.869773619888658],[-49.10672561868796,-26.87040981480195],[-49.10643693723553,-26.8702586247619],[-49.10677220772724,-26.869522881502252],[-49.106668948604664,-26.86876148734899],[-49.10724271787558,-26.868646020018318],[-49.10732689011688,-26.868425294445196],[-49.10733618356766,-26.867716075115883],[-49.10720110142201,-26.867428170365837],[-49.10693349808005,-26.867475771986737],[-49.10685146320661,-26.867059170848357],[-49.106964819176284,-26.86693101975983],[-49.10683370459008,-26.866845395284805],[-49.10640864456919,-26.867074751689028],[-49.10628046794343,-26.86692095125961],[-49.10612454048726,-26.867082582173673],[-49.106338443611705,-26.867515296661416],[-49.10594062580045,-26.868434279492895],[-49.10595848001864,-26.86793383166575],[-49.10554399782154,-26.868298163127022],[-49.10480865480824,-26.868601648279007],[-49.1041836947609,-26.86830388110802],[-49.10442449056577,-26.868617320755234],[-49.104215101770265,-26.86965553175412],[-49.103980841007086,-26.869928485278663],[-49.10400087426082,-26.870193891149356],[-49.10345572845267,-26.87057489896453],[-49.1032673407792,-26.87047614600805],[-49.10344671251498,-26.870080740160994],[-49.1033411289891,-26.86974417092573],[-49.10310743014037,-26.869538763778362],[-49.10264470067552,-26.869538278728193],[-49.10230117895107,-26.869110739597836],[-49.10243014132805,-26.86796761691182],[-49.10220799428359,-26.867749528887558],[-49.101617525378664,-26.868161809638092],[-49.10154027309817,-26.867936320511863],[-49.10149286173897,-26.868527580005924],[-49.10162386306968,-26.868617426187644],[-49.10167037404539,-26.8691617772954],[-49.101127777927054,-26.86934612784227],[-49.10100066032605,-26.869633437979402],[-49.10120986700264,-26.87016447653636],[-49.10116103665386,-26.870469681049254],[-49.10094647609673,-26.87065230575736],[-49.10123435272586,-26.87101231370764],[-49.10081634439865,-26.872521915206093],[-49.10087942505017,-26.87264937293018],[-49.10185524105446,-26.87282195219498],[-49.101827748589514,-26.873023142999838],[-49.10264948811598,-26.873234951724196],[-49.10226535136286,-26.87326071092455],[-49.10222211270374,-26.873525585169485],[-49.10193540051182,-26.87356938920174],[-49.10190533058513,-26.873392201042215],[-49.101679373504645,-26.873324465270798],[-49.101614796292786,-26.873000223897424],[-49.10148350850917,-26.87335970925762],[-49.100988741880094,-26.873455113868395],[-49.10091730664265,-26.87297128779526],[-49.1007671178192,-26.872884770676638],[-49.100089657924514,-26.872789493844717],[-49.09985712415868,-26.873086702573506],[-49.099636563508426,-26.872744647138617],[-49.09904571990906,-26.87286680733131],[-49.098727296187626,-26.872612095641575],[-49.09795034774422,-26.87256991671314],[-49.09683593469093,-26.87224305468977],[-49.09678959646518,-26.87203016181568],[-49.09697944418782,-26.8719544815715],[-49.0968725818011,-26.87178140293441],[-49.09784978821967,-26.87003907720194],[-49.09802866373412,-26.869766181222495],[-49.098456831950486,-26.86956105320602],[-49.09842535178398,-26.868958172723755],[-49.09818814471472,-26.868529129706385],[-49.097851295227215,-26.869573965245362],[-49.09709428163274,-26.869591270380468],[-49.09675091279746,-26.87014610406937],[-49.096964128055625,-26.8698856906492],[-49.09719449166956,-26.870002005270095],[-49.097120607010396,-26.870472330244212],[-49.097256556377985,-26.870663840506847],[-49.09692272078912,-26.871342354150418],[-49.09657759660587,-26.87123152773324],[-49.0966329566576,-26.870924251563494],[-49.09634627759789,-26.870915461895486],[-49.09639637699159,-26.87033130261547],[-49.09626419869654,-26.87031192714126],[-49.096200400202605,-26.871610891917477],[-49.09608319007412,-26.87164899279989],[-49.096218124271644,-26.871795882395695],[-49.095975297635746,-26.87189331298038],[-49.09544922291015,-26.871791143814537],[-49.09570867688654,-26.872247167825698],[-49.09513347052819,-26.873200554419896],[-49.09391843327569,-26.873259269965175],[-49.09366729463571,-26.87307051631065],[-49.09357695691297,-26.872751693681778],[-49.09298203566507,-26.8726936103112],[-49.092582959907666,-26.872415170177817],[-49.09245234925165,-26.872764206359367],[-49.092746042211516,-26.873181977405622],[-49.09277755280405,-26.873619430194942],[-49.09329683430685,-26.873883153532592],[-49.09313367846715,-26.874362795057923],[-49.09273683708405,-26.87449365883132],[-49.09161882647716,-26.874426449844776],[-49.090870071771896,-26.873927772774838],[-49.09065614857825,-26.873626498742134],[-49.09100681685074,-26.872601954302322],[-49.09072439335597,-26.871245364195776],[-49.090864024932664,-26.87025289749829],[-49.09072056647255,-26.869771262002995],[-49.09128632902523,-26.86912784448233],[-49.09051620340313,-26.86862969196119],[-49.09064386156907,-26.86848946473436],[-49.090353382028894,-26.86785610194377],[-49.09071012897664,-26.86758385986625],[-49.09010856718309,-26.866684550522827],[-49.090739605653724,-26.865756183185603],[-49.09042373928116,-26.86508158084289],[-49.09031669494582,-26.864362895181248],[-49.08939365017254,-26.864374047751284],[-49.088846331558294,-26.864157108812517],[-49.08909447118472,-26.863321846437618],[-49.090168716418056,-26.862995358061983],[-49.09165242155703,-26.862798838219103],[-49.091992368720355,-26.86291361550741],[-49.09456097205268,-26.86249584062046],[-49.09529291403518,-26.862495347316774],[-49.09609036207569,-26.862689143132766],[-49.095715951427486,-26.862364573748057],[-49.0975323505925,-26.863293928130112],[-49.09777428967719,-26.86329215346713],[-49.097937902051626,-26.863082625086314],[-49.09855841877567,-26.863334614362838],[-49.09860269931358,-26.861921569302776],[-49.09824973217616,-26.86152148641423],[-49.098382672887304,-26.861226433836645],[-49.09906883515155,-26.86091517330669],[-49.09954237031406,-26.861263582169222],[-49.09981021521502,-26.861190237996084],[-49.09974788139272,-26.861319811598662],[-49.09993711606613,-26.86136033248328],[-49.09990647158904,-26.861581445708854],[-49.10007137734433,-26.86163665604722],[-49.10049460874142,-26.86071654514261],[-49.10035219447076,-26.860263053710657],[-49.10061975295195,-26.85991198289382],[-49.10093239109978,-26.860030551360367],[-49.10094037318007,-26.85970788135027],[-49.10130102758058,-26.859523496019833],[-49.100834577460375,-26.859627432291585],[-49.10036170109541,-26.859961418467748],[-49.10011825578142,-26.85892698992636],[-49.09938906250581,-26.85859715331372],[-49.09918450354613,-26.85899462647201],[-49.0990399336175,-26.85891532003171],[-49.098957151152874,-26.859013334631037],[-49.09890245965191,-26.859984955184967],[-49.098032893339855,-26.859875758568013],[-49.09765287941517,-26.85932061967229],[-49.09659667568277,-26.859362971225142],[-49.09612282490162,-26.85915620286482],[-49.09572926973051,-26.85843042545332],[-49.09555345061048,-26.85921933068684],[-49.09513722252114,-26.859500791681544],[-49.09415936209592,-26.859683009974457],[-49.09341332419727,-26.860101322320595],[-49.09330047720182,-26.860409690416404],[-49.092778417318705,-26.86049021493857],[-49.09257923917532,-26.860367142024632],[-49.091387776288805,-26.860646423182153],[-49.09126137032149,-26.860468274092536],[-49.09100735229001,-26.86044032112719],[-49.09067551897007,-26.860102996545848],[-49.09076514814985,-26.85982063938832],[-49.09055276545775,-26.85937940393708],[-49.090720488382466,-26.858561809673127],[-49.09111166401528,-26.85851901742536],[-49.090954557086995,-26.858452535957344],[-49.09114284334097,-26.858335650935437],[-49.091259592820926,-26.85755677744947],[-49.09191079514088,-26.857044947768586],[-49.09227949391985,-26.85635901228458],[-49.0933007992996,-26.855901281390185],[-49.09346621936005,-26.85536685580747],[-49.09371019065977,-26.85533388682874],[-49.093885121879886,-26.855516520074737],[-49.09427987944641,-26.855420681284013],[-49.094794597719115,-26.855000602531277],[-49.09570057751237,-26.85480785086132],[-49.0964152442113,-26.854849305251236],[-49.095930569108326,-26.85444645942465],[-49.09557968497083,-26.854355646196538],[-49.0950724206013,-26.853689585675724],[-49.0959421185594,-26.85260627433828],[-49.09536095374635,-26.852944233563655],[-49.09433936008232,-26.8531333042504],[-49.094032520667376,-26.852943021278506],[-49.093653482887134,-26.853111330263552],[-49.09349009047368,-26.85302325484654],[-49.093351240772165,-26.85317617372756],[-49.093201632816594,-26.852943081736182],[-49.09298187773932,-26.85304351464885],[-49.09328944404356,-26.8532806395708],[-49.09331395420009,-26.85455288751184],[-49.09282838054501,-26.85551806065525],[-49.092465952753926,-26.855481160958657],[-49.09127972959788,-26.855800964001947],[-49.090648710299824,-26.855767154175176],[-49.090485103938015,-26.855902271651974],[-49.09044784530473,-26.855685679538887],[-49.08943143296664,-26.85469307493298],[-49.089172674760015,-26.85373450760753],[-49.089319508927,-26.853534925583077],[-49.089214500531,-26.853177213697716],[-49.08906888949077,-26.852972387252183],[-49.089330421009024,-26.85249614287829],[-49.08953415547677,-26.851546237572755],[-49.09003014823344,-26.851103517564404],[-49.089864186381234,-26.850902680091327],[-49.08985219917759,-26.850477533153708],[-49.09003790405023,-26.8503089299824],[-49.090549841295484,-26.85024550943369],[-49.091081979495534,-26.849720012852536],[-49.092351925207915,-26.849515461768608],[-49.0930289352266,-26.84958541768377],[-49.09353771591395,-26.84916863421474],[-49.09349036731486,-26.84896060590154],[-49.093204437035865,-26.848857084657478],[-49.09329856760651,-26.8486984591964],[-49.09384875011937,-26.84841158731674],[-49.09448066247729,-26.84854559980144],[-49.09437303993489,-26.848138968583815],[-49.09454220227475,-26.847923602082574],[-49.0939358499113,-26.847112091108713],[-49.0939449189461,-26.846665603073685],[-49.094274628524936,-26.846318016790697],[-49.094998948827914,-26.846079621414553],[-49.095334483503315,-26.846145197462555],[-49.09628792584794,-26.8459257083127],[-49.09718031974451,-26.846143657097198],[-49.09770413064185,-26.846861124084224],[-49.09770592543123,-26.84718152245019],[-49.09826987853421,-26.84749871637663],[-49.09881857913967,-26.848532234280846],[-49.09952576245438,-26.84883720753531],[-49.0997496783455,-26.848209284455468],[-49.098967903974874,-26.847831908204615],[-49.09906491191282,-26.847611102695982],[-49.098878385045374,-26.84746554136793],[-49.09887190919931,-26.8469779593494],[-49.0983331356668,-26.846687516621717],[-49.098205454146196,-26.846371369591633],[-49.098598498847316,-26.84617829352735],[-49.098072143382865,-26.846149492410756],[-49.09820016400094,-26.845956269303315],[-49.09851209628364,-26.845876828584316],[-49.098376750039534,-26.845642752427093],[-49.09935905213175,-26.8454693213191],[-49.0998999465287,-26.845515803409032],[-49.10028279988111,-26.845659530345582],[-49.10077663147762,-26.846209471422114],[-49.10081143553873,-26.84575480431102],[-49.10136542493156,-26.845603662150474],[-49.10272577379474,-26.84603916402176],[-49.10315904694773,-26.846351021247763],[-49.1034786278228,-26.846316897306348],[-49.10350455641867,-26.84649232350937],[-49.10384120963011,-26.846579683594673],[-49.103881366970036,-26.84678772189035],[-49.103930608752336,-26.846648392041285],[-49.10412043922143,-26.846771291036752],[-49.10403380201455,-26.846592867341233],[-49.10425597349813,-26.846697216988538],[-49.104584368020966,-26.84652947059189],[-49.10463497418085,-26.8462148807733],[-49.10444868084226,-26.846144253082954],[-49.10459322331007,-26.845993289347522],[-49.104430964629564,-26.845962391913307],[-49.104639769421404,-26.845906382949735],[-49.104490433842344,-26.845630854782787],[-49.104189969154966,-26.84553387816355],[-49.10457879472497,-26.84540392286869],[-49.104541562748715,-26.84501849518438],[-49.104366579998285,-26.845074124879186],[-49.104482860504405,-26.84520051579527],[-49.10430275083203,-26.84534633174755],[-49.104148130085846,-26.844888759876536],[-49.103945547808074,-26.845068624121264],[-49.10366256242856,-26.84501246630791],[-49.103663947297825,-26.84528315684437],[-49.103190358962614,-26.845320834840706],[-49.10240225680633,-26.844944172834715],[-49.10200169107552,-26.844970972378032],[-49.10148881705831,-26.84448201617586],[-49.1014253399658,-26.844220433250186],[-49.10128395111716,-26.84452277167097],[-49.10084923223523,-26.844724714106277],[-49.10031817793586,-26.844665978375815],[-49.09978662886751,-26.844407765744787],[-49.09963761982614,-26.844004106449294],[-49.09968977060697,-26.84356620686658],[-49.09935505641926,-26.843442996949644],[-49.099740967577894,-26.84316160344746],[-49.09980742402202,-26.842156591506864],[-49.100116996670465,-26.841562087397016],[-49.10006226226426,-26.841383069964095],[-49.10025891930786,-26.84129542845587],[-49.09969549287825,-26.841200616805057],[-49.09938781703021,-26.841301238634415],[-49.09945579580847,-26.841588553819847],[-49.099177007674456,-26.841814468036592],[-49.09929982443784,-26.841957106095776],[-49.09883676466201,-26.84250377447149],[-49.09879984300907,-26.84306456210872],[-49.098433097583765,-26.84379392474494],[-49.09839570950489,-26.84446947276358],[-49.09853829511849,-26.844594453681236],[-49.09776128359813,-26.845133980978833],[-49.095636248065084,-26.844783244476083],[-49.0952667662085,-26.84503683378662],[-49.094655902880945,-26.84502367704012],[-49.09460446172031,-26.84514211539674],[-49.09442735118656,-26.84493160576082],[-49.09438370934483,-26.84517085569288],[-49.09426557046757,-26.84507829908662],[-49.09433073610145,-26.844780062666313],[-49.09410102527773,-26.845283881317688],[-49.09395268423141,-26.844915168231708],[-49.093581216241795,-26.844925681103447],[-49.09357972570022,-26.844787274975424],[-49.09343888956079,-26.844785375993965],[-49.093847143593756,-26.844615183076552],[-49.093640424607784,-26.84448513585158],[-49.093783479751494,-26.844201420604247],[-49.09294388935466,-26.84424169980378],[-49.092675891483296,-26.8439373781086],[-49.092446575935995,-26.844176916118432],[-49.09227680260573,-26.84414793695037],[-49.09237589205843,-26.84400808665914],[-49.092284914953474,-26.84398886619619],[-49.09225183571865,-26.84388287379994],[-49.09252147439509,-26.84369492585717],[-49.092494195599066,-26.843561968028848],[-49.09334477301687,-26.843439994110494],[-49.0934463749147,-26.843090316241362],[-49.09396633565387,-26.84280226160983],[-49.09445023087441,-26.842759132763327],[-49.09543065449783,-26.843036137054142],[-49.095461469780155,-26.842699507979116],[-49.09506563526559,-26.842240026344225],[-49.09483230230522,-26.841642808364465],[-49.09451558497391,-26.841632447208845],[-49.094259808549516,-26.84058253524621],[-49.09447473126783,-26.84042789752267],[-49.09470116847131,-26.83965907512779],[-49.094120611422916,-26.838318812603546],[-49.094899663105515,-26.837778580804514],[-49.0953346053155,-26.837719093454314],[-49.096638364480846,-26.83853013412885],[-49.09682100778859,-26.837903190720386],[-49.09693009665301,-26.83790471235409],[-49.09674031706548,-26.83759845499765],[-49.096413641843206,-26.837511244503805],[-49.09641567433075,-26.837239636378925],[-49.09735188913756,-26.836486258740596],[-49.097038202264336,-26.83602812031506],[-49.096778011519746,-26.836020347236374],[-49.096647770956864,-26.83573129860882],[-49.09622362978693,-26.835642110337407],[-49.09582701810482,-26.835272871403188],[-49.095468059005185,-26.83466616286011],[-49.09539536604651,-26.834163887364035],[-49.09562323478683,-26.833235938914218],[-49.09550410128903,-26.832622212009625],[-49.09558876391581,-26.832214046673318],[-49.09582618660277,-26.832007633253045],[-49.095703816654066,-26.831246029415503],[-49.09637199909273,-26.830692556587366],[-49.09677348546625,-26.830721265209583],[-49.09713488806249,-26.830433658299015],[-49.0975344143054,-26.829935894666033],[-49.09722239996092,-26.829825442938954],[-49.09721041069165,-26.829596493694883],[-49.09745526436214,-26.82948313391112],[-49.0975328023453,-26.829668031824568],[-49.09767722886388,-26.829623696055744],[-49.09796633547095,-26.829493006432635],[-49.097845745923294,-26.829440805242605],[-49.09796167768656,-26.829317373730763],[-49.09831518084632,-26.82930463181404],[-49.09846298018101,-26.829098252262074],[-49.09837752808647,-26.828997893574474],[-49.09827405448254,-26.82923060414868],[-49.098252965059096,-26.829025230446515],[-49.098033441943294,-26.82887902736432],[-49.0960762934932,-26.828253910784152],[-49.09549591184613,-26.827149840859764],[-49.09589683215092,-26.826847894294932],[-49.09585815534419,-26.826262836735847],[-49.096297078649336,-26.82596467658035],[-49.096135640871026,-26.82584723126959],[-49.09644207849365,-26.825836481259174],[-49.09693864933038,-26.825468767103875],[-49.09713184419565,-26.825121031237874],[-49.096852996522735,-26.824897333898928],[-49.097038849454435,-26.824405811136813],[-49.097246319967326,-26.82440136549338],[-49.09707257954607,-26.824511632048953],[-49.09719915386192,-26.82464595442937],[-49.09730607345967,-26.824434818377014],[-49.09808259488638,-26.824373699162837],[-49.0982676041561,-26.824194574290043],[-49.0982172734519,-26.824571465352204],[-49.09863440592931,-26.824714225619225],[-49.09932152173637,-26.82451092928642],[-49.0992867985628,-26.824246097668215],[-49.099831726106224,-26.824402254928774],[-49.099919413910634,-26.824185917930496],[-49.100106376311615,-26.824163523980356],[-49.1012707173851,-26.82456733170753],[-49.10174767082608,-26.82434845561267],[-49.10126440458804,-26.82419234856296],[-49.1005844354996,-26.82425705084498],[-49.1003702667286,-26.82395045022108],[-49.09989725606472,-26.8239428704283],[-49.09981251425488,-26.82409298238986],[-49.09959964912212,-26.82424014857572],[-49.09894052021015,-26.824151554630514],[-49.09853429493623,-26.824535583265924],[-49.09862489874547,-26.82404294635356],[-49.09836647927421,-26.823672684989134],[-49.09807608873763,-26.82375038909465],[-49.0981137817708,-26.823956140166146],[-49.09777487777886,-26.8239038425261],[-49.097713543428426,-26.82412362490616],[-49.09755718483695,-26.823737623997435],[-49.09770943206478,-26.82365895817893],[-49.09758473826732,-26.82360548005521],[-49.09754402226532,-26.823579871357843],[-49.09753663959051,-26.82356667022641],[-49.09752835025773,-26.823563598853394],[-49.09737474252116,-26.823538271558785],[-49.09728500622533,-26.82347363394971],[-49.09711497423203,-26.823527325072014],[-49.096861215099814,-26.823358405386106],[-49.09675227956057,-26.82356838055502],[-49.09658025730956,-26.82309341932282],[-49.096407442026994,-26.82321814773831],[-49.095975378908925,-26.823094321610874],[-49.09580055176884,-26.823308641005596],[-49.09579882666029,-26.823050431244106],[-49.096066141866395,-26.822916816782428],[-49.09637679103145,-26.82289135410313],[-49.096196604102246,-26.82301724038479],[-49.09633885814122,-26.82303298973914],[-49.09696645061812,-26.82284719778195],[-49.09725981041708,-26.823120888483015],[-49.09748684744397,-26.822986612643053],[-49.09744123833885,-26.822325347541817],[-49.09708148895173,-26.822029630222012],[-49.09686069321562,-26.822100414143183],[-49.09683408314162,-26.821107406993452],[-49.09702839779359,-26.82057905580438],[-49.09760276446514,-26.82037064709874],[-49.0978293873558,-26.82008646349933],[-49.098203240822684,-26.819179716715922],[-49.098272894901946,-26.818774147250352],[-49.09884889062337,-26.818474801640416],[-49.098914679289194,-26.818338735945794],[-49.09889752202555,-26.818106570606865],[-49.09928074763042,-26.817693364706805],[-49.09987922044618,-26.817620360083538],[-49.099392657177674,-26.817614825060108],[-49.099400128369766,-26.817447221963512],[-49.099327966170506,-26.817194560898326],[-49.09936371649063,-26.817533231220935],[-49.09886890317225,-26.81805584168632],[-49.098828936853955,-26.818442212477578],[-49.09830290331222,-26.81868828968814],[-49.09820417645368,-26.818826132089544],[-49.097690607766836,-26.8201662040957],[-49.097117340523404,-26.820433523167207],[-49.0973956499184,-26.820190077639314],[-49.097200303297136,-26.820012820642997],[-49.09666535978774,-26.819917496374362],[-49.09706292653871,-26.82012949084064],[-49.09686286965063,-26.820800484282405],[-49.096617830556916,-26.820863886334436],[-49.09682883779873,-26.820892341511808],[-49.09669572270544,-26.821748995374023],[-49.09648085965392,-26.82168838550989],[-49.09630550285491,-26.821988637154355],[-49.09608344004643,-26.82187937673428],[-49.096152526935924,-26.822043081060595],[-49.09584259168689,-26.821914583805178],[-49.095939582160476,-26.8223374583025],[-49.095594256054476,-26.822564030451144],[-49.09555107563521,-26.823599153253575],[-49.095217996291,-26.824062953367115],[-49.095281681958106,-26.824242798416687],[-49.0949970203029,-26.824218647649644],[-49.09474648933738,-26.824547790490534],[-49.09475374986198,-26.825026091632218],[-49.09444489176285,-26.82529298018973],[-49.09437834399712,-26.825223079313513],[-49.094178241107294,-26.8257203245897],[-49.09324566440958,-26.82601962199316],[-49.09322377934214,-26.827066525405165],[-49.092927443074544,-26.827504630190777],[-49.093096995792656,-26.828429749006883],[-49.09256308615383,-26.82896442539375],[-49.092768934591014,-26.82947805233662],[-49.09257469335751,-26.829515269497843],[-49.092340098499704,-26.82933561222961],[-49.09242754541301,-26.82915611019492],[-49.091482985380566,-26.829053672559095],[-49.090883162833954,-26.829109166356787],[-49.09054083649035,-26.829580848089105],[-49.09019276766201,-26.829267900361224],[-49.09009645144968,-26.82953485500559],[-49.08966844684823,-26.829499378638253],[-49.090003994889386,-26.828682093109308],[-49.08988224298432,-26.82796551622418],[-49.090013256740605,-26.82821714829863],[-49.090071593442495,-26.828068664409592],[-49.089922636773224,-26.82776832214691],[-49.08981959445265,-26.826456038032696],[-49.09043074565628,-26.826241408251793],[-49.09069435849349,-26.82581494969645],[-49.09053034656689,-26.825523855718274],[-49.09093822123985,-26.825447633978758],[-49.09090997395948,-26.825119044965753],[-49.09058447680277,-26.825112089412933],[-49.09089650230836,-26.825043770851654],[-49.090781726778474,-26.824959948002586],[-49.090938715993985,-26.824364753978653],[-49.090890962733155,-26.823623972493177],[-49.09059552483256,-26.82335774996848],[-49.09083462729431,-26.82332458706523],[-49.09088814276295,-26.822919213964735],[-49.090490307024176,-26.822817757049577],[-49.09063179247867,-26.822723950280647],[-49.090719559029154,-26.822822736318265],[-49.09076121478381,-26.822611806287203],[-49.09103030865065,-26.822449978616635],[-49.0904540154731,-26.822430901088264],[-49.090370057807434,-26.82230118066462],[-49.09079886334041,-26.822320987753013],[-49.091026924519596,-26.822153297440686],[-49.09121192985764,-26.822266079745567],[-49.090996197609435,-26.82174383604243],[-49.09070635422249,-26.821483398744714],[-49.09069237566325,-26.821595861974952],[-49.09055682275043,-26.82172103283093],[-49.0903280105588,-26.82162945958478],[-49.09069311960069,-26.821355412106],[-49.09065068009359,-26.821144219558374],[-49.09133383097912,-26.820945268497134],[-49.091209144408374,-26.820448838270607],[-49.09075008835728,-26.82034964105364],[-49.09102997634682,-26.82028278252518],[-49.09115661554873,-26.82010088744124],[-49.091502825620246,-26.820006764541372],[-49.09107206719169,-26.820034612415252],[-49.09092711332692,-26.81972044064567],[-49.090511545668384,-26.819797273145856],[-49.0905900115145,-26.81963690491375],[-49.090259733218055,-26.819471827898017],[-49.090298003749325,-26.818339433364017],[-49.08935712160174,-26.81837477266231],[-49.08926237802919,-26.81884567616525],[-49.089708270387355,-26.819345410067793],[-49.08957605807917,-26.81953523953132],[-49.08986815972285,-26.81964140684913],[-49.0894431604701,-26.819770388207854],[-49.089732302925974,-26.8199681396841],[-49.089488128060204,-26.820157716766456],[-49.08967208770382,-26.820901449985822],[-49.090191120557904,-26.82114649560454],[-49.0900619892827,-26.8213499993888],[-49.08973248750719,-26.821463920702392],[-49.09004048374954,-26.821564745841346],[-49.089634744521526,-26.821618323862904],[-49.089355388290215,-26.822018024466455],[-49.08953128611051,-26.82108496916233],[-49.0886443348849,-26.82113828376566],[-49.088988332948645,-26.82093472548617],[-49.08897222747124,-26.82063256027161],[-49.089346606459635,-26.82054424964033],[-49.08916705886276,-26.820495350651925],[-49.089324194655056,-26.820136406171617],[-49.08889597027438,-26.819973477500284],[-49.08900869911143,-26.819562734406997],[-49.08878364686159,-26.8188730334145],[-49.08902623339669,-26.818401604619417],[-49.08884401277042,-26.818193605289192],[-49.089186330483855,-26.81802764087011],[-49.08946595572037,-26.81714588236622],[-49.089415269915705,-26.816737452318087],[-49.089161963441505,-26.816719854185703],[-49.08923334717069,-26.816049864907615],[-49.088697338625366,-26.815749794272286],[-49.08880883937722,-26.81560183088872],[-49.08869440351051,-26.81513344156674],[-49.08880333895778,-26.815118481003775],[-49.088503349757566,-26.814901357470625],[-49.088620901891666,-26.814547411945984],[-49.088470197462264,-26.814111750218032],[-49.08869369640554,-26.81370863695061],[-49.0885734932044,-26.813633358307875],[-49.08872795037694,-26.81360974541743],[-49.08881934210474,-26.81332748983324],[-49.0889868997144,-26.8117954425047],[-49.08884930181057,-26.81147593808031],[-49.088913230229586,-26.81106043301968],[-49.08927804837033,-26.810765865673623],[-49.08892564390859,-26.810871280962807],[-49.08882524540946,-26.81067311260363],[-49.08898676719687,-26.80922384108315],[-49.09034799663811,-26.80781493367977],[-49.09010271154259,-26.80689584406491],[-49.08990795331539,-26.80675716259999],[-49.08974391683777,-26.80686196208273],[-49.09001669745021,-26.80701675023681],[-49.09003043732432,-26.807410131998523],[-49.09021913625199,-26.80768645103953],[-49.0900772464627,-26.80801864000305],[-49.089132398238306,-26.808718518839804],[-49.088816241735984,-26.809143907248863],[-49.088827976891565,-26.810008496030715],[-49.08861873521987,-26.810664149056535],[-49.088767931171674,-26.81168906796055],[-49.08858926085915,-26.811870605169002],[-49.088726652548345,-26.811986237375102],[-49.08868568214254,-26.812500392004747],[-49.0882648100471,-26.8136165654416],[-49.08797617891285,-26.813758269257082],[-49.088189708469166,-26.813790941923095],[-49.08809779042596,-26.814094075830763],[-49.08799040880689,-26.81427201692364],[-49.08754943551816,-26.814275899344967],[-49.087439926888585,-26.814117486624905],[-49.08705852099555,-26.814344140460037],[-49.087041679358514,-26.814558632120573],[-49.08723311149878,-26.81465073980658],[-49.087008256213274,-26.814674342999318],[-49.086968136402234,-26.815180523837324],[-49.08670750483447,-26.814730728152036],[-49.08689887571927,-26.814607595948406],[-49.08693954043744,-26.814257944974766],[-49.08654594383174,-26.814306457074657],[-49.08670602881597,-26.814597515499553],[-49.085753171617306,-26.814793846969465],[-49.086023118482316,-26.815208739526394],[-49.08659146679561,-26.815079754382324],[-49.08627870191534,-26.815272658776664],[-49.08655348367536,-26.815327008126975],[-49.08638411286676,-26.815798313512573],[-49.08660410485168,-26.815869280612038],[-49.08645159734402,-26.81599480333593],[-49.086671492843344,-26.816091222509577],[-49.086731042536805,-26.81634021522447],[-49.08638041849542,-26.816542374146447],[-49.08681780751114,-26.81683529126533],[-49.086617599196614,-26.81691561928578],[-49.08643074168447,-26.816713922268857],[-49.086187940595245,-26.816757553679462],[-49.08592522440921,-26.816602284419947],[-49.08547643836175,-26.81660436365158],[-49.08555342960434,-26.816753473419507],[-49.085863179085166,-26.81678195659387],[-49.08575479096065,-26.8171116051334],[-49.08508924166936,-26.81717887435238],[-49.084869995247544,-26.817439332965414],[-49.08521511280245,-26.8174072482859],[-49.08528470138938,-26.81777592597893],[-49.085417549809684,-26.817811319051966],[-49.0852351231313,-26.81811163149546],[-49.0853902830652,-26.818601217147762],[-49.08524392902504,-26.818720877090556]],[[-49.08554772807886,-26.8178006852346],[-49.08551196759067,-26.81786164407441],[-49.08546379296205,-26.817802302912057],[-49.08554772807886,-26.8178006852346]],[[-49.08668911072399,-26.817811646322205],[-49.086562339331735,-26.817619871718243],[-49.08686207046863,-26.81757642893045],[-49.08687380769012,-26.81781341234957],[-49.08668911072399,-26.817811646322205]],[[-49.08731444204084,-26.817643282825323],[-49.08713972681433,-26.81751262491231],[-49.0875576901988,-26.817330732095204],[-49.08731663155538,-26.81763508447933],[-49.08739381690683,-26.817722701190988],[-49.08720101991388,-26.817799302222856],[-49.08731444204084,-26.817643282825323]],[[-49.08752962649144,-26.81773107656589],[-49.08776977027512,-26.8174740545921],[-49.08776985058183,-26.817750918197785],[-49.08752962649144,-26.81773107656589]],[[-49.088064994036934,-26.81762264686269],[-49.08807037655501,-26.817501396121624],[-49.088114286448295,-26.817628361654084],[-49.088064994036934,-26.81762264686269]],[[-49.08682353795956,-26.817045356110146],[-49.086792050305284,-26.817347074676427],[-49.08668796230261,-26.817042689235944],[-49.08682353795956,-26.817045356110146]],[[-49.08600678255738,-26.817540092359998],[-49.08612410398293,-26.81762323898408],[-49.08600308200818,-26.817607677585244],[-49.08600678255738,-26.817540092359998]],[[-49.08712853203311,-26.81699583771358],[-49.08699784393741,-26.81692469662154],[-49.087038504028655,-26.816784593559074],[-49.08712853203311,-26.81699583771358]],[[-49.08870117695469,-26.81691006340075],[-49.0886447250006,-26.816631852958075],[-49.08876316254207,-26.81659347524687],[-49.08870117695469,-26.81691006340075]],[[-49.0867731816221,-26.816621587588955],[-49.08677768183236,-26.81666491694226],[-49.086697387292794,-26.816636064562147],[-49.0867731816221,-26.816621587588955]],[[-49.08598531236074,-26.816702833847458],[-49.08593210306676,-26.816694636568936],[-49.0859878808519,-26.81665172938157],[-49.08598531236074,-26.816702833847458]],[[-49.08800552678748,-26.81630014642605],[-49.08780010454766,-26.816290588047895],[-49.0880471176334,-26.816269856846837],[-49.08800552678748,-26.81630014642605]],[[-49.08752270380405,-26.81573932817284],[-49.08745247899329,-26.815618385323205],[-49.08757370567691,-26.815693405758264],[-49.08752270380405,-26.81573932817284]],[[-49.08839157402994,-26.815701889883716],[-49.088418414258314,-26.81550352281894],[-49.088419539344486,-26.815725523385346],[-49.08839157402994,-26.815701889883716]],[[-49.086701899973605,-26.815389899492274],[-49.0866391782261,-26.815508488285364],[-49.08658886626691,-26.815448381047755],[-49.086701899973605,-26.815389899492274]],[[-49.08695891521253,-26.815248643248083],[-49.087057695447115,-26.815284776031266],[-49.086993709166165,-26.815383678228045],[-49.08695891521253,-26.815248643248083]],[[-49.087198900818656,-26.81532514299764],[-49.087166098566506,-26.815240271717265],[-49.08724351001083,-26.815274289744014],[-49.087198900818656,-26.81532514299764]],[[-49.086801189613745,-26.81517132164414],[-49.086676740338966,-26.815247638973343],[-49.086656632575604,-26.815200550187487],[-49.086801189613745,-26.81517132164414]],[[-49.08677534313729,-26.814967416745464],[-49.08661181805329,-26.814936386239403],[-49.08676916817912,-26.814880199929295],[-49.08677534313729,-26.814967416745464]],[[-49.086515474018256,-26.814832867268187],[-49.08646584988595,-26.81489772452611],[-49.086451638643254,-26.814878023066427],[-49.086515474018256,-26.814832867268187]],[[-49.0863623421305,-26.81483767664323],[-49.086236623134056,-26.814929074251342],[-49.08594575383505,-26.814892920624857],[-49.08598039115067,-26.814851005101875],[-49.0863623421305,-26.81483767664323]],[[-49.087243773222475,-26.814473453416152],[-49.087095400089304,-26.81452480874712],[-49.08708218651734,-26.814491377679463],[-49.087243773222475,-26.814473453416152]],[[-49.08800016133689,-26.81442794515632],[-49.08789834135816,-26.81448084112716],[-49.087922100013515,-26.81432917349437],[-49.08800016133689,-26.81442794515632]],[[-49.08860191736406,-26.813240001016926],[-49.08854827812957,-26.813222561871456],[-49.088573839766575,-26.813188379624744],[-49.08860191736406,-26.813240001016926]],[[-49.08874406506298,-26.813001194598016],[-49.0886808461354,-26.813002237487268],[-49.0887457435736,-26.812934327945108],[-49.08874406506298,-26.813001194598016]],[[-49.08644793827899,-26.81880184824857],[-49.08630428203525,-26.818859780789634],[-49.08627401238666,-26.818847585120366],[-49.08630839735701,-26.81879405039287],[-49.08644793827899,-26.81880184824857]],[[-49.08638800559428,-26.819012878013268],[-49.086398299602145,-26.819062280294716],[-49.08632135282179,-26.819043951083486],[-49.08638800559428,-26.819012878013268]],[[-49.086188048559606,-26.81909394469145],[-49.086207895281866,-26.819150061284905],[-49.08616706108299,-26.81914048663514],[-49.086188048559606,-26.81909394469145]],[[-49.087012490986844,-26.81988975871522],[-49.08714095770654,-26.81991646117291],[-49.08698435420694,-26.819938699229354],[-49.087012490986844,-26.81988975871522]],[[-49.0874649442959,-26.820099579836242],[-49.0876017958777,-26.819867595866143],[-49.087499225100025,-26.820155749120218],[-49.0874649442959,-26.820099579836242]],[[-49.08703293598972,-26.819997033714753],[-49.087093671906764,-26.820066354183858],[-49.08704401762982,-26.82007296102184],[-49.08703293598972,-26.819997033714753]],[[-49.087724618172,-26.82010247434313],[-49.08766736564378,-26.820114707178647],[-49.087715270806825,-26.820013740174637],[-49.087724618172,-26.82010247434313]],[[-49.088057630971434,-26.82042389825483],[-49.088180765037606,-26.820519034291117],[-49.08802344448213,-26.820460762094108],[-49.088057630971434,-26.82042389825483]],[[-49.088828566991516,-26.820739367923032],[-49.0889231562029,-26.82075795321189],[-49.08882736396433,-26.82076603693953],[-49.088828566991516,-26.820739367923032]],[[-49.08820119207063,-26.821508365999666],[-49.08841909053214,-26.821493724688555],[-49.08818140009202,-26.821656822227393],[-49.08820119207063,-26.821508365999666]],[[-49.088802710087386,-26.822150146590243],[-49.089183875778154,-26.822374801954066],[-49.08912920591388,-26.823582790064727],[-49.08897549391329,-26.82375466131272],[-49.08835123221932,-26.82330984368956],[-49.08898525755079,-26.82269621473542],[-49.08839319231157,-26.822617002568364],[-49.088559091902646,-26.822167741561618],[-49.088159055313795,-26.822046692398157],[-49.08815899142153,-26.821858164773793],[-49.089003024704944,-26.821563685311073],[-49.088986265938665,-26.822021596351476],[-49.088802710087386,-26.822150146590243]],[[-49.087187475446775,-26.82181693149737],[-49.087321423211975,-26.821864021476202],[-49.08716024716654,-26.821848193988586],[-49.087187475446775,-26.82181693149737]],[[-49.087596593137,-26.822618438217006],[-49.08763717790509,-26.82266070666111],[-49.087591878843675,-26.82267697051174],[-49.087596593137,-26.822618438217006]],[[-49.09047894839347,-26.823302572471274],[-49.09036329836184,-26.823265188302965],[-49.0904647563608,-26.823169211445865],[-49.09047894839347,-26.823302572471274]],[[-49.089865003590766,-26.82313086061102],[-49.089510413268904,-26.822949497292168],[-49.08950200102614,-26.822741179025623],[-49.090292506512085,-26.822703590901945],[-49.09032509154939,-26.823110829865087],[-49.089865003590766,-26.82313086061102]],[[-49.090370152079565,-26.823066112918255],[-49.090444050772476,-26.822876006698497],[-49.09040051788705,-26.82309015684247],[-49.090370152079565,-26.823066112918255]],[[-49.090603931214275,-26.82267475433024],[-49.09036811316879,-26.8226769818138],[-49.09033114540499,-26.82262760808418],[-49.09052948715561,-26.82258419062202],[-49.090603931214275,-26.82267475433024]],[[-49.08943883076677,-26.8223894202079],[-49.08939905426904,-26.822379465176827],[-49.08941893717988,-26.822347228226977],[-49.08943883076677,-26.8223894202079]],[[-49.08937932634775,-26.82160721289913],[-49.089353984207584,-26.82160067576475],[-49.08938521814792,-26.821543629867623],[-49.08937932634775,-26.82160721289913]],[[-49.09027075844053,-26.82094765891858],[-49.09025367713864,-26.820911055802608],[-49.09032925128825,-26.82094550533542],[-49.09027075844053,-26.82094765891858]],[[-49.09097471956862,-26.820906476055306],[-49.09087376771585,-26.820832815816466],[-49.09088238582299,-26.8208230229588],[-49.09097471956862,-26.820906476055306]],[[-49.09114391270519,-26.820766996787373],[-49.09109472940129,-26.820750335718365],[-49.09116327743825,-26.82072909733198],[-49.09114391270519,-26.820766996787373]],[[-49.090418717319146,-26.82065482664252],[-49.090438940361054,-26.82060709911493],[-49.09045653001306,-26.82064664690807],[-49.090418717319146,-26.82065482664252]],[[-49.0904825277432,-26.820435458740306],[-49.09054085781069,-26.820388009615584],[-49.09053203437321,-26.820435813878206],[-49.0904825277432,-26.820435458740306]],[[-49.09060362310454,-26.82033144508469],[-49.09058071942182,-26.82029167876893],[-49.09087844495409,-26.820298072468514],[-49.09060362310454,-26.82033144508469]],[[-49.090243452443325,-26.819607007260714],[-49.09013158181468,-26.81951773818103],[-49.09029069273759,-26.81955780653352],[-49.090243452443325,-26.819607007260714]],[[-49.09024424145434,-26.82417265500155],[-49.09031455692306,-26.824416775187384],[-49.09068382373522,-26.824271207726127],[-49.09077867211093,-26.82476118057241],[-49.089898372548504,-26.824931511743454],[-49.08979574734333,-26.824229267487684],[-49.09024424145434,-26.82417265500155]],[[-49.08741218010993,-26.824798621711533],[-49.087282346528205,-26.824594286884096],[-49.08742816002614,-26.824547100968747],[-49.087584978062395,-26.824766572894273],[-49.08741218010993,-26.824798621711533]],[[-49.08944832119338,-26.82718669382906],[-49.0894301856056,-26.827315976773157],[-49.0889578518774,-26.827248836236798],[-49.089304258810444,-26.827176901488794],[-49.08944832119338,-26.82718669382906]],[[-49.08945078195478,-26.82737912581504],[-49.08937829438485,-26.827472042973216],[-49.08891291367406,-26.827420789366275],[-49.08931393611501,-26.827372142355124],[-49.08945078195478,-26.82737912581504]],[[-49.08936360326211,-26.827481818497372],[-49.08942885611893,-26.82750936349624],[-49.089320666926476,-26.8274918440407],[-49.08936360326211,-26.827481818497372]],[[-49.089448547492175,-26.827783809131784],[-49.08949820104359,-26.827817184695856],[-49.0894847549011,-26.82782878361914],[-49.089448547492175,-26.827783809131784]],[[-49.089595398630024,-26.827830044646966],[-49.08954665171747,-26.827762442568723],[-49.08959962301697,-26.82774756068343],[-49.089595398630024,-26.827830044646966]],[[-49.08988661099541,-26.82789563646117],[-49.08988960130022,-26.827813645478937],[-49.089911631086736,-26.82789866646616],[-49.08988661099541,-26.82789563646117]],[[-49.097619059763154,-26.82946642943551],[-49.09770089911433,-26.82935968767524],[-49.097739491720304,-26.829329393922897],[-49.09779422655555,-26.829496315004953],[-49.097619059763154,-26.82946642943551]],[[-49.09339199027217,-26.827460062454264],[-49.093350499287425,-26.82742170290282],[-49.09341067025945,-26.827406321774227],[-49.09339199027217,-26.827460062454264]],[[-49.09630569144143,-26.82534317496624],[-49.096302890842715,-26.825293240353457],[-49.09633960461936,-26.825306597909858],[-49.09630569144143,-26.82534317496624]],[[-49.096478215110835,-26.825180891545813],[-49.096459969858365,-26.825078969633562],[-49.09652337445098,-26.825065227162867],[-49.096478215110835,-26.825180891545813]],[[-49.09493078733018,-26.82503561950132],[-49.09497370168732,-26.825095963403548],[-49.09489308312711,-26.82507481576199],[-49.09493078733018,-26.82503561950132]],[[-49.09474317408641,-26.82508654657982],[-49.094836615613005,-26.82512259752611],[-49.09469747837723,-26.825149202325264],[-49.09474317408641,-26.82508654657982]],[[-49.095992803719085,-26.824559766837698],[-49.09592132267849,-26.824562266062888],[-49.09597937576466,-26.824528211854055],[-49.095992803719085,-26.824559766837698]],[[-49.09669342178118,-26.82451809136181],[-49.09665273160572,-26.82446085192039],[-49.09670515167349,-26.824457964304695],[-49.09669342178118,-26.82451809136181]],[[-49.09622831571409,-26.82435727829332],[-49.09613557617598,-26.82442514901625],[-49.0961459357602,-26.824328379473],[-49.09622831571409,-26.82435727829332]],[[-49.096631236467125,-26.8243700886443],[-49.09660538418468,-26.824330328633387],[-49.09671973706218,-26.824322378466345],[-49.096631236467125,-26.8243700886443]],[[-49.096889184583944,-26.824244367627106],[-49.096780879414446,-26.824295348302257],[-49.09678116075613,-26.824260938760272],[-49.096889184583944,-26.824244367627106]],[[-49.09654698250284,-26.824166284585917],[-49.096486992582854,-26.824242812310594],[-49.09644507326562,-26.82420236694223],[-49.09654698250284,-26.824166284585917]],[[-49.0962810548271,-26.824132986695133],[-49.0963307681322,-26.824196692730084],[-49.09627505444471,-26.824194011421945],[-49.0962810548271,-26.824132986695133]],[[-49.095925395068136,-26.824491793402018],[-49.09604411047369,-26.824469062054487],[-49.096061068017995,-26.824497161272905],[-49.095925395068136,-26.824491793402018]],[[-49.09586391686979,-26.82290847350572],[-49.09588924261621,-26.822728186834038],[-49.09613512487895,-26.822802521802682],[-49.09586391686979,-26.82290847350572]],[[-49.097242547857,-26.822845968948176],[-49.09721260648548,-26.822781084993192],[-49.097252774581555,-26.822771860549576],[-49.097242547857,-26.822845968948176]],[[-49.09733053969228,-26.82269117990315],[-49.09722393695659,-26.822679734490585],[-49.09735928845814,-26.822585263148454],[-49.09733053969228,-26.82269117990315]],[[-49.09677558414248,-26.82260211834234],[-49.096848378719855,-26.822608911225487],[-49.09678193348445,-26.822637033097816],[-49.09677558414248,-26.82260211834234]],[[-49.09660912277967,-26.822603902392697],[-49.096652660677556,-26.822658762224293],[-49.09660458284446,-26.822670476950726],[-49.09660912277967,-26.822603902392697]],[[-49.09634810525246,-26.82244905339013],[-49.09625356550435,-26.82242719027859],[-49.0963815512929,-26.82240507629348],[-49.09634810525246,-26.82244905339013]],[[-49.09693162196217,-26.82233190489708],[-49.09685195021327,-26.822288786104938],[-49.09693935522425,-26.82226555709879],[-49.09693162196217,-26.82233190489708]],[[-49.09613990754368,-26.822194099153002],[-49.09612016491629,-26.82214127865911],[-49.096191890258176,-26.822128482863793],[-49.09613990754368,-26.822194099153002]],[[-49.09706047748554,-26.82218521845159],[-49.09701267740225,-26.822222159513515],[-49.096995114556265,-26.822204586499634],[-49.09706047748554,-26.82218521845159]],[[-49.098355495281524,-26.824129351260474],[-49.098305196399174,-26.824076374754853],[-49.09834351123581,-26.82406982911656],[-49.098355495281524,-26.824129351260474]],[[-49.09754952113167,-26.823956412757948],[-49.09712055702887,-26.823872844446228],[-49.09701334445834,-26.823577495894302],[-49.09754952113167,-26.823956412757948]],[[-49.09744086180568,-26.823640428826085],[-49.09729441506531,-26.823615924676375],[-49.09724198826445,-26.823559624888876],[-49.09744086180568,-26.823640428826085]],[[-49.09654767546005,-26.823545861021586],[-49.09647959823276,-26.82364235940401],[-49.096443478348476,-26.82363150691855],[-49.09654767546005,-26.823545861021586]],[[-49.09625502346144,-26.82349924093395],[-49.096293697564604,-26.823551591138923],[-49.09622291431934,-26.823528177231623],[-49.09625502346144,-26.82349924093395]],[[-49.09597859660722,-26.823343189576928],[-49.09593546924176,-26.823295405460833],[-49.095969652887064,-26.823262536587418],[-49.09597859660722,-26.823343189576928]],[[-49.09848364835514,-26.82429622334689],[-49.09854317899708,-26.82432315131234],[-49.098470193217025,-26.824335203513876],[-49.09848364835514,-26.82429622334689]],[[-49.098756531079346,-26.824545598222976],[-49.09870466181247,-26.824499208868673],[-49.098731718941515,-26.82448354401604],[-49.098756531079346,-26.824545598222976]],[[-49.09908555369357,-26.82432360339172],[-49.09910917967736,-26.824241661330703],[-49.09914657724444,-26.824310224834857],[-49.09908555369357,-26.82432360339172]],[[-49.090922222652004,-26.832048505845876],[-49.09098100186733,-26.83209746882043],[-49.09093602980312,-26.832107137582224],[-49.090922222652004,-26.832048505845876]],[[-49.08545181426616,-26.834116291889828],[-49.08545835499873,-26.834182646488262],[-49.08541523464261,-26.834164566330283],[-49.08545181426616,-26.834116291889828]],[[-49.086985190171944,-26.835249214649462],[-49.08702297726937,-26.835298669326672],[-49.08699058808059,-26.835332424098034],[-49.086985190171944,-26.835249214649462]],[[-49.088400620098845,-26.839555868422813],[-49.0882083305372,-26.839632522059105],[-49.088150141193495,-26.83955808606151],[-49.08831334172444,-26.839479831195497],[-49.088400620098845,-26.839555868422813]],[[-49.09247748178325,-26.844246235098947],[-49.092549740386445,-26.84428312538457],[-49.092464126068066,-26.84433894667805],[-49.09247748178325,-26.844246235098947]],[[-49.09357580392507,-26.845399512432344],[-49.09259235867884,-26.845308075198115],[-49.092562958366756,-26.84461273289023],[-49.09281958894993,-26.844603431199697],[-49.09284218281557,-26.845247304163728],[-49.09395929504215,-26.845265435878606],[-49.09357580392507,-26.845399512432344]],[[-49.09467737369728,-26.845419189137377],[-49.09687682264275,-26.845402791245636],[-49.09727957815231,-26.845255179172987],[-49.09736769166547,-26.845330821096194],[-49.09725406117436,-26.84551433183908],[-49.09451652192672,-26.84551770349427],[-49.09467737369728,-26.845419189137377]],[[-49.09292336752861,-26.844892899150658],[-49.09291330654909,-26.844800213486987],[-49.092979297503724,-26.844840918746545],[-49.09292336752861,-26.844892899150658]],[[-49.09291405819995,-26.8447658365763],[-49.09289013707881,-26.844685067993108],[-49.092929906606784,-26.84470851351688],[-49.09291405819995,-26.8447658365763]],[[-49.09908781656892,-26.84262523821798],[-49.09905110440894,-26.842498466777403],[-49.099163697530656,-26.84244942368742],[-49.099221024232314,-26.84259055728451],[-49.09908781656892,-26.84262523821798]],[[-49.1041064306097,-26.8461899068268],[-49.10432482186159,-26.846168209106587],[-49.104336393652915,-26.84623229561093],[-49.1041064306097,-26.8461899068268]],[[-49.103713505234964,-26.84622757692366],[-49.103763077099515,-26.846292062041787],[-49.103688513833426,-26.846288493630155],[-49.103713505234964,-26.84622757692366]],[[-49.10442986987644,-26.84639801852356],[-49.10440644566745,-26.84650452743459],[-49.10441409312996,-26.84635560952005],[-49.10442986987644,-26.84639801852356]],[[-49.10388911581853,-26.846494814542137],[-49.103961311551835,-26.846515492536565],[-49.10394753080436,-26.846587734913186],[-49.10388911581853,-26.846494814542137]],[[-49.09801239292322,-26.84572075296084],[-49.09807561650144,-26.845666337472753],[-49.09813807968254,-26.845741981324196],[-49.09801239292322,-26.84572075296084]],[[-49.089147157056054,-26.853236560629156],[-49.089181210806565,-26.85328960268255],[-49.08912606607051,-26.853293291227917],[-49.089147157056054,-26.853236560629156]],[[-49.09117187345397,-26.85770504299208],[-49.091207909260284,-26.85772637683392],[-49.09118424089338,-26.857754074715945],[-49.09117187345397,-26.85770504299208]],[[-49.083037041548636,-26.860041076809285],[-49.082370388331256,-26.86158739237476],[-49.08211841816325,-26.861539814084313],[-49.082021523989255,-26.861205416370144],[-49.08169167985042,-26.86127179848096],[-49.08112928441746,-26.861098738858924],[-49.08214563891335,-26.860820386096584],[-49.083037041548636,-26.860041076809285]],[[-49.08127300073201,-26.861340982339957],[-49.08104968809755,-26.86138686074763],[-49.08109462554474,-26.861180732667012],[-49.08120924208917,-26.861215300393138],[-49.08127300073201,-26.861340982339957]],[[-49.08564143137348,-26.861089931443686],[-49.08589945208455,-26.86106072555389],[-49.08515809222191,-26.86232069789445],[-49.08512388888775,-26.86223703316713],[-49.08564143137348,-26.861089931443686]],[[-49.08140264855169,-26.861620410758402],[-49.08175789463005,-26.861967304100794],[-49.08236293325922,-26.862033815428273],[-49.08237108977472,-26.86294477710964],[-49.08275649262833,-26.864155565261374],[-49.08140264855169,-26.861620410758402]],[[-49.08416943212614,-26.86434072616695],[-49.08449578351741,-26.86340530421336],[-49.08490703192265,-26.862791632789097],[-49.08416943212614,-26.86434072616695]],[[-49.089052052339134,-26.862409591591398],[-49.08890190202698,-26.862446495166605],[-49.08863157729321,-26.862438109539692],[-49.08886531914609,-26.862384486734953],[-49.089052052339134,-26.862409591591398]],[[-49.089168680493955,-26.86241077582428],[-49.08945432660498,-26.86228203632663],[-49.08931192744131,-26.86242383542039],[-49.089168680493955,-26.86241077582428]],[[-49.09683256243259,-26.862402234992867],[-49.09676332188772,-26.8620281877863],[-49.096774052630096,-26.862022603648796],[-49.09683256243259,-26.862402234992867]],[[-49.096950890348495,-26.86244672218833],[-49.097001979392964,-26.862430052500535],[-49.097001942286866,-26.862472881104427],[-49.096950890348495,-26.86244672218833]],[[-49.09707188448114,-26.86219518464529],[-49.097135021291336,-26.86221581132134],[-49.09699798880272,-26.862349837240124],[-49.09707188448114,-26.86219518464529]],[[-49.09358929391378,-26.86194102318255],[-49.093331341637175,-26.861879736798784],[-49.09357903642593,-26.861865538880515],[-49.09358929391378,-26.86194102318255]],[[-49.09688518482866,-26.8610755054291],[-49.09680510259818,-26.86098498633947],[-49.09682026733549,-26.860948586402813],[-49.09688518482866,-26.8610755054291]],[[-49.10027690082029,-26.860951167518504],[-49.10036117933873,-26.860954938908385],[-49.10024838862898,-26.861008569678933],[-49.10027690082029,-26.860951167518504]],[[-49.09983444264564,-26.860423284739717],[-49.099648719234956,-26.859847078135356],[-49.0998998585419,-26.859570118333917],[-49.100128555907695,-26.85972298439602],[-49.1001408014033,-26.860238530362242],[-49.10006014890936,-26.860539083765772],[-49.09983444264564,-26.860423284739717]],[[-49.086135001253666,-26.88282011106883],[-49.085469559771326,-26.882326044955906],[-49.085857779985105,-26.881401594783163],[-49.08585934119176,-26.88087749702078],[-49.08576655609882,-26.881038167454086],[-49.085432041685934,-26.88084459953913],[-49.08550384180082,-26.880753737368853],[-49.08563432148204,-26.880862995789744],[-49.08585411181659,-26.880409745307432],[-49.0858390925436,-26.879703102611582],[-49.085707460244016,-26.879578345189568],[-49.085276805607556,-26.87964969312319],[-49.08483883152639,-26.878863679502004],[-49.085130782089976,-26.87856449640305],[-49.08579706222226,-26.878289170325303],[-49.085649332551746,-26.87797193905279],[-49.08587433525992,-26.87769781247694],[-49.085574508276714,-26.87739800414121],[-49.085946954210485,-26.87737733330448],[-49.086006196705455,-26.877638111148872],[-49.08614366426579,-26.877631905276797],[-49.08624108854558,-26.877478559283944],[-49.08599092775299,-26.877349773052874],[-49.085962639175996,-26.87695971864923],[-49.08614039579164,-26.87690998773154],[-49.0857838438206,-26.876545144740877],[-49.08586436388029,-26.876435751335624],[-49.084129837452714,-26.874792175250573],[-49.0850454863943,-26.87396805450483],[-49.085854294793975,-26.87424703735668],[-49.08644187548775,-26.874723250775823],[-49.08691063278255,-26.874790484986807],[-49.08730123494216,-26.874590819669947],[-49.08766218776421,-26.87483706530275],[-49.08736221274068,-26.875676240696922],[-49.087355666184706,-26.87619452662913],[-49.08751850297801,-26.876004872688736],[-49.08758725720395,-26.876110448870865],[-49.087419051147045,-26.87715005170092],[-49.08703774023829,-26.877695749672736],[-49.08706893766106,-26.87924292203834],[-49.08728285437574,-26.87936321653091],[-49.0872436749783,-26.879593777972],[-49.08705435737857,-26.87994106082116],[-49.0862692269609,-26.87977111741459],[-49.08645001964229,-26.880079215302818],[-49.08604189354016,-26.880265540894396],[-49.08636555689456,-26.88048786527716],[-49.08624362386004,-26.88083826997429],[-49.086353707747264,-26.88104199778803],[-49.0865434742302,-26.88109896079327],[-49.0867332251414,-26.88088882438014],[-49.086892570745,-26.88093520059501],[-49.08674485462941,-26.88103731825558],[-49.086878705885056,-26.88139772657021],[-49.086135001253666,-26.88282011106883]],[[-49.08498671136627,-26.881019839260066],[-49.08497914559471,-26.88112620029904],[-49.084862854797045,-26.88116183090347],[-49.084848259319045,-26.881072837493623],[-49.08498671136627,-26.881019839260066]],[[-49.08531509549345,-26.881033249769832],[-49.08554900893889,-26.88120612031216],[-49.085527586028405,-26.881314865341512],[-49.08511978778173,-26.881205019162273],[-49.08531509549345,-26.881033249769832]],[[-49.08448835543332,-26.881248388220374],[-49.08467639294424,-26.881364281423064],[-49.08470917960256,-26.88152331542633],[-49.08439178348718,-26.8813876501893],[-49.08448835543332,-26.881248388220374]],[[-49.08524458565488,-26.88262325731435],[-49.08561430440099,-26.882889120919767],[-49.08553053057052,-26.883300283170666],[-49.08504443550303,-26.882979224025394],[-49.08524458565488,-26.88262325731435]],[[-49.085674088510075,-26.882799226332555],[-49.085539880755384,-26.88275702379032],[-49.08551746905035,-26.882634609727987],[-49.085674088510075,-26.882799226332555]],[[-49.08984831744938,-26.879303099658337],[-49.09005292168466,-26.878841968967485],[-49.09070839562368,-26.878471289829474],[-49.090609337658655,-26.87894837781645],[-49.08984831744938,-26.879303099658337]],[[-49.09101648905062,-26.87862013963229],[-49.09109090756494,-26.87831595440256],[-49.09120679248819,-26.87838396392801],[-49.09101648905062,-26.87862013963229]],[[-49.09400003749112,-26.87810623036211],[-49.09452022444715,-26.878215268043583],[-49.094212996151214,-26.878499103349835],[-49.09392910695121,-26.87823154442313],[-49.09400003749112,-26.87810623036211]],[[-49.09446344125395,-26.878170976735646],[-49.09440478495001,-26.878118010438968],[-49.09448055228189,-26.8781307156284],[-49.09446344125395,-26.878170976735646]],[[-49.087556187035474,-26.8778702062304],[-49.08740068565894,-26.877787889277073],[-49.08750058984341,-26.877522719413736],[-49.087556187035474,-26.8778702062304]],[[-49.087562829817465,-26.877391038751483],[-49.08745394682795,-26.87730905954224],[-49.08748863005621,-26.87716174817169],[-49.08761792564038,-26.877262484047726],[-49.087562829817465,-26.877391038751483]],[[-49.09428977955071,-26.877119292936694],[-49.09438040175257,-26.877291142016578],[-49.09419557643494,-26.877401823717083],[-49.09411086917354,-26.87721596692734],[-49.09428977955071,-26.877119292936694]],[[-49.094577279194695,-26.877232197495356],[-49.09442664250208,-26.87721200151355],[-49.09448876662137,-26.877114717585744],[-49.094577279194695,-26.877232197495356]],[[-49.094481848233926,-26.87704198122513],[-49.09437438164169,-26.877026055425986],[-49.09448521839332,-26.87700731472477],[-49.094481848233926,-26.87704198122513]],[[-49.10019907169214,-26.877184837696944],[-49.100030065673145,-26.876895897859363],[-49.100105262459884,-26.87678560362839],[-49.10019907169214,-26.877184837696944]],[[-49.09978208908925,-26.876805911568574],[-49.09990125814412,-26.87662396042359],[-49.10000066241784,-26.876624270318004],[-49.099969971722004,-26.87669837902122],[-49.09978208908925,-26.876805911568574]],[[-49.098531682252016,-26.876351196876353],[-49.09849087864617,-26.87620116144576],[-49.09860585138127,-26.876347150845785],[-49.098531682252016,-26.876351196876353]],[[-49.09867393156997,-26.876348612790558],[-49.09869679523631,-26.876222673977594],[-49.09871072554307,-26.87620912664373],[-49.098751808425504,-26.876307124943743],[-49.09867393156997,-26.876348612790558]],[[-49.10228757841561,-26.875826202521605],[-49.102165193126886,-26.875814497739515],[-49.10229119713478,-26.875783260262583],[-49.10228757841561,-26.875826202521605]],[[-49.09783633047738,-26.875240256599195],[-49.097678557707,-26.875207805544658],[-49.0977463832101,-26.875158867899394],[-49.09783633047738,-26.875240256599195]],[[-49.09403220994421,-26.874877187002877],[-49.09402618116486,-26.874699860987807],[-49.09416041682734,-26.874620409220668],[-49.09419460045844,-26.874699886475955],[-49.09403220994421,-26.874877187002877]],[[-49.102867323415204,-26.87462630890334],[-49.102651562910154,-26.87460300897954],[-49.10265031335237,-26.874561128614282],[-49.102867323415204,-26.87462630890334]],[[-49.099443625076056,-26.873832224458674],[-49.09934845285074,-26.873655744406715],[-49.099628852835195,-26.873658897020572],[-49.099443625076056,-26.873832224458674]],[[-49.09910977996201,-26.873546621797487],[-49.09917160116721,-26.87339070137508],[-49.09929905400617,-26.873394099982484],[-49.09927677455473,-26.87353161725147],[-49.09910977996201,-26.873546621797487]],[[-49.104095007972425,-26.871722265739827],[-49.10441596894944,-26.87162998580442],[-49.10436830337582,-26.871991626347377],[-49.10398082273209,-26.87217720287978],[-49.10391308203072,-26.87250022008911],[-49.10373384588828,-26.87254771628059],[-49.103514359402155,-26.872414368843746],[-49.103504209168214,-26.872096904224954],[-49.10403832376331,-26.87191305759071],[-49.104095007972425,-26.871722265739827]],[[-49.104513553482036,-26.871792809880876],[-49.10454768664313,-26.87135816375925],[-49.105072229573544,-26.870960456069913],[-49.10524129375847,-26.871120269037988],[-49.10520854605209,-26.871324524685228],[-49.104513553482036,-26.871792809880876]],[[-49.10296575914009,-26.8718359075188],[-49.10319583539718,-26.871897486127608],[-49.10320900434394,-26.87226116599781],[-49.10289355993747,-26.872252808870822],[-49.10296575914009,-26.8718359075188]],[[-49.10120716842758,-26.870790237140127],[-49.10117720280858,-26.870733829173698],[-49.10119547109047,-26.87072811761739],[-49.10120716842758,-26.870790237140127]],[[-49.10907526190719,-26.867857595574122],[-49.108930750114226,-26.86776655682722],[-49.109109585544935,-26.867785040336084],[-49.10907526190719,-26.867857595574122]],[[-49.10899425261981,-26.867398746922316],[-49.10889787225735,-26.867272991078504],[-49.10907189651857,-26.86703985297354],[-49.1095401372576,-26.86710546849786],[-49.10951554177055,-26.867338477825562],[-49.10899425261981,-26.867398746922316]],[[-49.11084455616551,-26.866413870302182],[-49.111046825490426,-26.86628001215408],[-49.111656153613914,-26.86663935626742],[-49.112222146062614,-26.866414188451596],[-49.112785431593565,-26.866628023580116],[-49.11377368868128,-26.866426890736037],[-49.113870415225556,-26.865819169228356],[-49.113415565901136,-26.865692744033357],[-49.11288142897977,-26.86518115200191],[-49.112624876476715,-26.8651831390284],[-49.11197772746454,-26.865873614273575],[-49.11090725378018,-26.865724125333536],[-49.11077504110149,-26.865811945424607],[-49.11100348586032,-26.865385373434915],[-49.111286897051606,-26.865461382408192],[-49.112015380416125,-26.865251257149026],[-49.11213867413817,-26.865109752383727],[-49.11276662151953,-26.864987218891745],[-49.11293253022845,-26.864711351288015],[-49.11353761878058,-26.86471130787993],[-49.1142733473301,-26.865107710168314],[-49.11494563812562,-26.865200210611807],[-49.114888723194646,-26.86558332151035],[-49.11578874095521,-26.86590765700357],[-49.11594991534143,-26.86621649141661],[-49.11579645696904,-26.86670812367852],[-49.11599356651543,-26.866932114027488],[-49.115857840250484,-26.868589690731596],[-49.11554685694643,-26.868392226085543],[-49.115655257831165,-26.86793780131329],[-49.11518844164462,-26.867820796208907],[-49.11484445878224,-26.867475281387264],[-49.11501288739131,-26.86695964660044],[-49.11463413429166,-26.866427155270905],[-49.114504152595885,-26.86653623158344],[-49.11464708964978,-26.86725836512767],[-49.11423846527225,-26.867278069561785],[-49.11392208810169,-26.867506369130858],[-49.11364609568796,-26.867214492696583],[-49.11258222565876,-26.867057204235078],[-49.1124091761938,-26.866913384192458],[-49.11146167227508,-26.867084640404133],[-49.11119460282258,-26.8666017028858],[-49.11102940806019,-26.866815434379458],[-49.11035410932974,-26.86659056126244],[-49.11005263855478,-26.866630880092426],[-49.10994328262235,-26.866502493631],[-49.10998115187456,-26.86636242234439],[-49.11023378957295,-26.866517959518436],[-49.1103171071186,-26.8663181149226],[-49.11053977132732,-26.866284805611265],[-49.11084455616551,-26.866413870302182]],[[-49.116393594875866,-26.867433322753225],[-49.11628561435809,-26.867135700737254],[-49.11646516949525,-26.8667933545699],[-49.11654821372575,-26.867354293583237],[-49.116393594875866,-26.867433322753225]],[[-49.11503234231733,-26.865475396492872],[-49.11500940571971,-26.865385617988007],[-49.115056544573925,-26.86548271520182],[-49.11503234231733,-26.865475396492872]],[[-49.11266301869695,-26.864874301870614],[-49.11275046724341,-26.864906405692523],[-49.11267578051127,-26.86492002238588],[-49.11266301869695,-26.864874301870614]],[[-49.10988016319593,-26.865345693261514],[-49.11060748905854,-26.865546186107416],[-49.110665743179,-26.86573476726068],[-49.10991646675839,-26.865776339438085],[-49.10964963916891,-26.865925379923368],[-49.10896729618526,-26.86564108696476],[-49.10915488877718,-26.865383387876758],[-49.10988016319593,-26.865345693261514]],[[-49.112648832865716,-26.865844196849654],[-49.11289016921907,-26.86580083757583],[-49.11303495297308,-26.86599548659306],[-49.11331653092661,-26.865837338991817],[-49.11370058357752,-26.86615626881784],[-49.11291109627077,-26.86636717076672],[-49.11261060558553,-26.866131517813532],[-49.112648832865716,-26.865844196849654]],[[-49.112654850024036,-26.86562805376631],[-49.11255260402512,-26.865401122200986],[-49.1128721263312,-26.86535492595874],[-49.112889403678984,-26.865545153386464],[-49.112654850024036,-26.86562805376631]],[[-49.11772216605042,-26.864195968131337],[-49.117561893757056,-26.86418766321327],[-49.11762220472141,-26.86412013969913],[-49.11772216605042,-26.864195968131337]],[[-49.117603400492044,-26.864046700843563],[-49.11751330349576,-26.864032711181334],[-49.11754256476543,-26.863972411085452],[-49.117603400492044,-26.864046700843563]],[[-49.116434935658596,-26.861354963004697],[-49.11630233499173,-26.861288768358506],[-49.11644584150899,-26.86127965659335],[-49.116434935658596,-26.861354963004697]],[[-49.12182319300741,-26.85964956440979],[-49.121731675581636,-26.859678631901012],[-49.12180183388792,-26.85962087107232],[-49.12182319300741,-26.85964956440979]],[[-49.12448285734234,-26.859009745810962],[-49.124154537645566,-26.85929413174985],[-49.12404844573452,-26.859279703035615],[-49.124060498470214,-26.85896409999211],[-49.12448285734234,-26.859009745810962]],[[-49.11877871868271,-26.86544257523732],[-49.11878481355223,-26.86558750046601],[-49.11867956801994,-26.865617540661823],[-49.11865516704239,-26.86550382855608],[-49.11877871868271,-26.86544257523732]],[[-49.11319754416048,-26.867957983754767],[-49.113269167304665,-26.867970445802644],[-49.11321141098136,-26.868014482155743],[-49.11319754416048,-26.867957983754767]],[[-49.09906797923759,-26.877375455719374],[-49.099412364658924,-26.877600569567534],[-49.099528638324934,-26.87787396326383],[-49.09936118896611,-26.877695628227738],[-49.09909946304833,-26.877784332828966],[-49.0988568074486,-26.877634398064153],[-49.09882804253229,-26.877412137552955],[-49.09906797923759,-26.877375455719374]],[[-49.09579678975802,-26.877957021357343],[-49.09585126413214,-26.87788201789625],[-49.09581710032346,-26.877961252044134],[-49.09579678975802,-26.877957021357343]],[[-49.095778343556034,-26.878037247020654],[-49.095810455717555,-26.878117921915713],[-49.09577536972272,-26.878140443048764],[-49.095778343556034,-26.878037247020654]],[[-49.09578735958131,-26.87828382216825],[-49.09583439215772,-26.87836281064721],[-49.09581210516289,-26.878367872194627],[-49.09578735958131,-26.87828382216825]],[[-49.09859914983522,-26.880588452756257],[-49.09870082489761,-26.88046931276584],[-49.09876352009418,-26.880647902982595],[-49.09859914983522,-26.880588452756257]],[[-49.11228502633015,-26.877479928570086],[-49.1120993695594,-26.877391232864976],[-49.11216526698357,-26.877173623694095],[-49.11257260175619,-26.877138020635975],[-49.11262492732371,-26.87730966948627],[-49.11228502633015,-26.877479928570086]],[[-49.112546017583426,-26.876971016205502],[-49.11237320993028,-26.87689291218743],[-49.11259633231884,-26.8766036675155],[-49.112717991822095,-26.876868014811958],[-49.112546017583426,-26.876971016205502]],[[-49.11262167634622,-26.87625229757427],[-49.112491880879794,-26.875991421992147],[-49.11268087077856,-26.875947316801067],[-49.1125681922046,-26.876023830405277],[-49.11262167634622,-26.87625229757427]],[[-49.11569267521593,-26.877063793399014],[-49.11594605182868,-26.87721088711624],[-49.115652546441154,-26.87730327589513],[-49.11554483053673,-26.87753345425011],[-49.11543710568056,-26.87741910022758],[-49.11569267521593,-26.877063793399014]],[[-49.115419405221296,-26.876807246810383],[-49.11534829161219,-26.87678975369715],[-49.11545748466288,-26.876786516692093],[-49.115419405221296,-26.876807246810383]],[[-49.11355677133984,-26.87800611559216],[-49.113590809095136,-26.87808532272066],[-49.11357127184593,-26.87810345162877],[-49.11355677133984,-26.87800611559216]],[[-49.11336341588309,-26.87806293734157],[-49.11346331388331,-26.87810923265716],[-49.11335548677607,-26.87807927543231],[-49.11336341588309,-26.87806293734157]],[[-49.11394197157055,-26.878312250638484],[-49.11389325435966,-26.878347250493338],[-49.113887542401,-26.878308843461664],[-49.11394197157055,-26.878312250638484]],[[-49.11061317669412,-26.880864190710945],[-49.11063142276027,-26.881007188276424],[-49.11054884004237,-26.880995807012024],[-49.11061317669412,-26.880864190710945]],[[-49.11065070905634,-26.881086125489436],[-49.11094066711763,-26.881610655275193],[-49.11095597764645,-26.881994184627754],[-49.110304091142474,-26.88170412739257],[-49.11036859431375,-26.88130409757496],[-49.11065070905634,-26.881086125489436]],[[-49.11816306712637,-26.881746093548095],[-49.11811847671635,-26.88169127036624],[-49.11816001804478,-26.881691594578033],[-49.11816306712637,-26.881746093548095]],[[-49.113015684715215,-26.88235000832921],[-49.113796695766354,-26.882608434803956],[-49.1142522146299,-26.883076705833858],[-49.11397214828702,-26.88318771841445],[-49.11305756873443,-26.88279048587093],[-49.1128604077691,-26.882536214440258],[-49.113015684715215,-26.88235000832921]],[[-49.11544024692716,-26.88319859777708],[-49.115244593871566,-26.882970583005964],[-49.11536202437839,-26.882885727907162],[-49.115849617403356,-26.88343567566633],[-49.11640838800513,-26.883596860681774],[-49.11635571070504,-26.883385677229157],[-49.116038874758274,-26.88322028306679],[-49.116538987222086,-26.883118153861567],[-49.11684362712868,-26.883339893886124],[-49.11723003251507,-26.88311836270041],[-49.11752744970559,-26.883536820377998],[-49.117312599162766,-26.8840324870739],[-49.115603924307386,-26.8840144616652],[-49.11544024692716,-26.88319859777708]],[[-49.1239412301517,-26.88829999398918],[-49.12386790558864,-26.888393561310817],[-49.12379090463124,-26.888361972066964],[-49.12381029945968,-26.88823873962163],[-49.1239412301517,-26.88829999398918]],[[-49.143867889978836,-26.891165490075274],[-49.14443448258088,-26.89170215270057],[-49.14420441212979,-26.89203714863604],[-49.144438634081595,-26.892461525959053],[-49.14348574788066,-26.891461465859354],[-49.14348278676228,-26.891317793782367],[-49.14361519535308,-26.891405565722327],[-49.14370531695624,-26.89128484826902],[-49.143258935711266,-26.89114496150667],[-49.1429462622423,-26.891239267490803],[-49.142968671266914,-26.89146228276132],[-49.14233872008464,-26.891483924504833],[-49.14230359599066,-26.891077007465263],[-49.14288764972142,-26.890836121902208],[-49.14332817500901,-26.89037375262607],[-49.142842190332274,-26.89065159033268],[-49.142221601832304,-26.890718324037763],[-49.14198777608537,-26.890638042128945],[-49.1419149853015,-26.890433930770982],[-49.14171170922383,-26.89089257209072],[-49.14190976571005,-26.89074610928403],[-49.142163125681,-26.890888718698072],[-49.14196991837981,-26.891176602242982],[-49.14201402516417,-26.89137542896101],[-49.141661001318255,-26.89155271952611],[-49.1403785121885,-26.891462853802768],[-49.1393642225772,-26.891075026329414],[-49.13939888521728,-26.889837586928053],[-49.13895505683472,-26.8893358264152],[-49.138977374480255,-26.888633922819295],[-49.13910145426791,-26.888430265343473],[-49.139590071488236,-26.888724320304814],[-49.14079050649624,-26.88764440066894],[-49.14074898174963,-26.886554046779576],[-49.1408744308736,-26.886373426701503],[-49.140645199025016,-26.886058833439012],[-49.140879036302,-26.88574056368372],[-49.14161234522341,-26.886002865856753],[-49.141616833687024,-26.886463535543196],[-49.142192987474445,-26.887100388529436],[-49.143180128230995,-26.886933581046158],[-49.14337206298035,-26.887217726611144],[-49.14324062690943,-26.88737872147733],[-49.14429496591028,-26.888156912424297],[-49.14477433304347,-26.88917798401672],[-49.144782423775936,-26.889582476108465],[-49.14445389949531,-26.890592602603448],[-49.14419853656064,-26.89037944397713],[-49.143867889978836,-26.891165490075274]],[[-49.14335622107386,-26.891361498529044],[-49.14330874725374,-26.891299736892776],[-49.14338137841587,-26.891279190678546],[-49.14335622107386,-26.891361498529044]],[[-49.13550165754884,-26.891685607905288],[-49.13578231323555,-26.892236771653707],[-49.135764526915,-26.892990724372563],[-49.13524176512698,-26.89252585281947],[-49.13558763687726,-26.891964890113105],[-49.13550165754884,-26.891685607905288]],[[-49.14424203192953,-26.891298058643958],[-49.14417626938014,-26.891181676464782],[-49.14423343968116,-26.8911997611816],[-49.14424203192953,-26.891298058643958]],[[-49.14451409013747,-26.891282557877513],[-49.14442560651243,-26.891204497330126],[-49.14454289988108,-26.89123244586934],[-49.14451409013747,-26.891282557877513]],[[-49.13969532536687,-26.887493377279185],[-49.13982079166964,-26.887805880689438],[-49.13922932153249,-26.887968338742454],[-49.1391604411596,-26.887748607312794],[-49.13930917174411,-26.887522078037502],[-49.13969532536687,-26.887493377279185]],[[-49.13422766767347,-26.887622547233647],[-49.13430858331687,-26.887650213651572],[-49.13420311949173,-26.887649551694167],[-49.13422766767347,-26.887622547233647]],[[-49.134158436287834,-26.887714677190925],[-49.13422137004665,-26.887753419865493],[-49.134174320804036,-26.887786343119433],[-49.134158436287834,-26.887714677190925]],[[-49.141932880039754,-26.885410687076394],[-49.14166133327274,-26.88522922700359],[-49.14205423566207,-26.88447922887634],[-49.14209464612841,-26.883868882182355],[-49.14225516094886,-26.88464529858998],[-49.141932880039754,-26.885410687076394]],[[-49.14169579801946,-26.883629090431175],[-49.14160828122695,-26.883506131594334],[-49.1416292935848,-26.883461966980004],[-49.14169579801946,-26.883629090431175]],[[-49.14050083130192,-26.883299344580546],[-49.140374934223395,-26.883255013435985],[-49.1405089557063,-26.883244211716423],[-49.14050083130192,-26.883299344580546]],[[-49.14132472318354,-26.883071872903237],[-49.141256534217426,-26.882971733977104],[-49.14138880673964,-26.88295993149703],[-49.14132472318354,-26.883071872903237]],[[-49.14195465432196,-26.88183238580198],[-49.14187976181283,-26.881352396004505],[-49.14205609549967,-26.881343143757313],[-49.14214679082665,-26.88156040753251],[-49.14195465432196,-26.88183238580198]],[[-49.13953913880277,-26.880386725339484],[-49.13952675554987,-26.87984342599141],[-49.139594291611644,-26.87976645298002],[-49.13982327425784,-26.880170325925114],[-49.13953913880277,-26.880386725339484]],[[-49.142069367887444,-26.88021546433593],[-49.142035701709666,-26.880105157910236],[-49.14209871071624,-26.880040963824783],[-49.142116331346614,-26.88005570150312],[-49.142069367887444,-26.88021546433593]],[[-49.1402067788517,-26.87845929884562],[-49.14026139553153,-26.878149362019574],[-49.140540967082806,-26.878335786994473],[-49.14050452949494,-26.87843591594641],[-49.1402067788517,-26.87845929884562]],[[-49.14230051393359,-26.876979968549925],[-49.14120323767206,-26.877101726605467],[-49.14115155492137,-26.876879490652758],[-49.14211535869315,-26.87685116374827],[-49.14230051393359,-26.876979968549925]],[[-49.140545470254686,-26.876643951843732],[-49.14053975277986,-26.876538204277573],[-49.14073226866444,-26.876557293752366],[-49.14072025118975,-26.87660783320329],[-49.140545470254686,-26.876643951843732]],[[-49.14134737524493,-26.876478750475904],[-49.14129672549355,-26.87645706050691],[-49.14136931351345,-26.87643231671304],[-49.14134737524493,-26.876478750475904]],[[-49.14051700426018,-26.876329257681945],[-49.14038158842285,-26.876136170845566],[-49.14039117689747,-26.876102656869858],[-49.14054552863606,-26.876132035012827],[-49.14051700426018,-26.876329257681945]],[[-49.14115517366389,-26.876313694586532],[-49.140881041180876,-26.876154312242193],[-49.14071689583402,-26.875752205425826],[-49.14125320359958,-26.87618715633575],[-49.14115517366389,-26.876313694586532]],[[-49.140553840331066,-26.875240444595217],[-49.14045948437405,-26.874404664288637],[-49.14099274035483,-26.874387663492573],[-49.14095885438569,-26.87480566453467],[-49.140553840331066,-26.875240444595217]],[[-49.14164827101189,-26.87501257459659],[-49.14151292377732,-26.875014980890214],[-49.14168039090861,-26.874941978222147],[-49.14164827101189,-26.87501257459659]],[[-49.141811786687086,-26.874395358227574],[-49.14174336653806,-26.874490162222408],[-49.141727654614236,-26.874361389571263],[-49.141811786687086,-26.874395358227574]],[[-49.141746689429425,-26.87427172598759],[-49.14204758142768,-26.87403652411041],[-49.1421022144026,-26.874056167085797],[-49.14210919850487,-26.87422867986577],[-49.141746689429425,-26.87427172598759]],[[-49.14147269308422,-26.873764747318326],[-49.141213631365645,-26.873768534878007],[-49.141324054113376,-26.87367107384274],[-49.14147269308422,-26.873764747318326]],[[-49.14111200158159,-26.87358023341402],[-49.14109348353721,-26.873750460189964],[-49.14099591176427,-26.873656944555467],[-49.14111200158159,-26.87358023341402]],[[-49.14161430495591,-26.87356588067773],[-49.141550508555454,-26.873506788137856],[-49.141668463106924,-26.8734886784119],[-49.14161430495591,-26.87356588067773]],[[-49.14057714858271,-26.87344390118925],[-49.140545916301704,-26.873349461175998],[-49.14066315840684,-26.873255167058808],[-49.14070543106166,-26.873361562933464],[-49.14057714858271,-26.87344390118925]],[[-49.14049572492268,-26.873265214212193],[-49.140519310326226,-26.873330150915262],[-49.14049203815236,-26.873346454391744],[-49.14049572492268,-26.873265214212193]],[[-49.1423248999845,-26.87292429889201],[-49.1421323850388,-26.872856028396022],[-49.14231245712056,-26.872827284289716],[-49.1423248999845,-26.87292429889201]],[[-49.14307363921475,-26.8711704004538],[-49.14306046920438,-26.87101795005583],[-49.143082224836,-26.870950661635327],[-49.14311983667719,-26.87098652589727],[-49.14307363921475,-26.8711704004538]],[[-49.14201928343623,-26.87123367175008],[-49.142043255202,-26.871168551845763],[-49.14203118928807,-26.87128824509712],[-49.14201928343623,-26.87123367175008]],[[-49.14305476619556,-26.870682256597476],[-49.14290926392746,-26.8706256654884],[-49.14327507188756,-26.87071910944223],[-49.14329387269557,-26.870833033681357],[-49.143048668515036,-26.870885900432427],[-49.14305476619556,-26.870682256597476]],[[-49.14278117927535,-26.870696792185036],[-49.14284776101364,-26.870720108254247],[-49.14282138578807,-26.870752720473263],[-49.14278117927535,-26.870696792185036]],[[-49.142538016005304,-26.869669387687043],[-49.142402973116724,-26.86972174404302],[-49.14237097053199,-26.869657655285984],[-49.142538016005304,-26.869669387687043]],[[-49.14613173061062,-26.868702354902876],[-49.14595175432464,-26.868670696104033],[-49.145985122042894,-26.868618906290564],[-49.14613173061062,-26.868702354902876]],[[-49.14623499301518,-26.86861227224594],[-49.14618405818576,-26.86858417446768],[-49.14622162826972,-26.868544254133322],[-49.14623499301518,-26.86861227224594]],[[-49.14332749501542,-26.86816787397309],[-49.1431661368866,-26.86817959585612],[-49.143215705480955,-26.868087009556227],[-49.14332749501542,-26.86816787397309]],[[-49.146964774805355,-26.866638531222552],[-49.14690504164431,-26.866617824497794],[-49.146931327909265,-26.866552047186754],[-49.146964774805355,-26.866638531222552]],[[-49.14693241509102,-26.866508788077276],[-49.14689446089168,-26.866500091956247],[-49.14693425627075,-26.86642573238289],[-49.14693241509102,-26.866508788077276]],[[-49.14220142504744,-26.865296778543776],[-49.14244154272528,-26.865355298473403],[-49.14229530232793,-26.865427967297517],[-49.14220142504744,-26.865296778543776]],[[-49.14106059565036,-26.864960351370232],[-49.14107742303036,-26.864890061786177],[-49.14108884648944,-26.86489190162534],[-49.14106059565036,-26.864960351370232]],[[-49.14104165432533,-26.86483862512666],[-49.140980149055075,-26.86474222033176],[-49.1410389690251,-26.864755398680003],[-49.14104165432533,-26.86483862512666]],[[-49.13937481122392,-26.86421992745751],[-49.13929404121788,-26.864192741754938],[-49.139331316542346,-26.864164952323755],[-49.13937481122392,-26.86421992745751]],[[-49.13960113990478,-26.86391964597639],[-49.13954060006599,-26.86383804611128],[-49.13954297454884,-26.863830701852798],[-49.13960113990478,-26.86391964597639]],[[-49.1434938340904,-26.86322919747888],[-49.14339002619705,-26.863162040255276],[-49.143516267060825,-26.86321397780705],[-49.1434938340904,-26.86322919747888]],[[-49.149678459811035,-26.86724449429996],[-49.14870093446204,-26.866679408008576],[-49.14868468143601,-26.866507032385503],[-49.149277529194755,-26.8667636911337],[-49.149678459811035,-26.86724449429996]],[[-49.15247193198134,-26.868450101454474],[-49.15302526309355,-26.868105820115353],[-49.15350108213228,-26.86801758986257],[-49.153298805090344,-26.8688772618871],[-49.15306477649851,-26.869053644109016],[-49.152888312319135,-26.869061182462925],[-49.15276503495634,-26.868709580693874],[-49.15245406780705,-26.868643428378157],[-49.15247193198134,-26.868450101454474]],[[-49.15507742917634,-26.864013171084956],[-49.15509344524348,-26.863872552968495],[-49.155147464790865,-26.863997056673263],[-49.15507742917634,-26.864013171084956]],[[-49.15595808805943,-26.86109162455599],[-49.15589406572619,-26.86104972125437],[-49.15591445203975,-26.861033628454464],[-49.15595808805943,-26.86109162455599]],[[-49.15589410851478,-26.8607025282536],[-49.15593726596494,-26.860652972857437],[-49.15594634925492,-26.86069955464953],[-49.15589410851478,-26.8607025282536]],[[-49.155952006230606,-26.86052965754671],[-49.15593613388705,-26.860458161514778],[-49.155959008977185,-26.86052795563649],[-49.155952006230606,-26.86052965754671]],[[-49.152811213854484,-26.8695452021837],[-49.1529012883905,-26.869715732717083],[-49.15281226862621,-26.869851214492183],[-49.152629407657614,-26.869624096094142],[-49.152811213854484,-26.8695452021837]],[[-49.143903864219695,-26.87368872456448],[-49.14407761224346,-26.873653840980985],[-49.14410611492119,-26.873693521467942],[-49.143903864219695,-26.87368872456448]],[[-49.13537260057049,-26.893126499402477],[-49.135922807102105,-26.89343587772058],[-49.135695182077804,-26.893804304217245],[-49.13538450563703,-26.893883962245],[-49.13524071376908,-26.893772769043654],[-49.13537260057049,-26.893126499402477]],[[-49.1417833619952,-26.896723368527866],[-49.14223702797201,-26.89645007972492],[-49.14299715817738,-26.893887037914038],[-49.143661879511946,-26.89478532480193],[-49.14384012611166,-26.895509874376383],[-49.14425438408421,-26.896054064592782],[-49.144231194772416,-26.89644199800038],[-49.144850146765414,-26.897015214348773],[-49.14392254453078,-26.89736172512891],[-49.14373488863878,-26.897313828691534],[-49.14311261743292,-26.89768587405602],[-49.14226760949931,-26.89768760943753],[-49.14176563325908,-26.897441602600253],[-49.14155673761963,-26.89712289416156],[-49.1417833619952,-26.896723368527866]],[[-49.15367377614297,-26.895957066564915],[-49.15386809673891,-26.89566742573172],[-49.154564875825464,-26.89574469312945],[-49.15451773083151,-26.896029597928617],[-49.15423499057367,-26.896189387368164],[-49.15367377614297,-26.895957066564915]],[[-49.15274282276088,-26.895515884842016],[-49.152792721086215,-26.89534069464533],[-49.152863079358106,-26.895284074252796],[-49.15285165781734,-26.89543665520793],[-49.15274282276088,-26.895515884842016]],[[-49.15321699621909,-26.895291010699005],[-49.15291273459095,-26.895218944889013],[-49.15339889125624,-26.894837664789428],[-49.15356174811669,-26.8951109781777],[-49.15321699621909,-26.895291010699005]],[[-49.154756419078865,-26.89057216584601],[-49.154707601089605,-26.890565266270034],[-49.15475834960607,-26.890537660349978],[-49.154756419078865,-26.89057216584601]],[[-49.15559803888254,-26.889595837884436],[-49.15557215616078,-26.889578153221976],[-49.15562603979948,-26.889529331884674],[-49.15559803888254,-26.889595837884436]],[[-49.154445297615645,-26.896610418237685],[-49.154487379070304,-26.896334263431466],[-49.15462127115484,-26.896369159092078],[-49.15459640270895,-26.896736452004937],[-49.15424176681578,-26.896672179922987],[-49.154328976592126,-26.89699112036972],[-49.15397753512299,-26.89689593530239],[-49.153990371968256,-26.89633190417386],[-49.15418912595902,-26.89634355765977],[-49.154445297615645,-26.896610418237685]],[[-49.14723946017575,-26.902491186395018],[-49.14760982938608,-26.902483136534624],[-49.14735139052632,-26.902793871250278],[-49.14723946017575,-26.902491186395018]],[[-49.14806260861684,-26.902936183447306],[-49.14812091946853,-26.90310603010858],[-49.14839087267277,-26.903132850714236],[-49.148283237740316,-26.903308455949055],[-49.14774449698625,-26.903160327832875],[-49.14806260861684,-26.902936183447306]],[[-49.14899658444493,-26.90319549415694],[-49.14894214493049,-26.903148458209678],[-49.14900423651069,-26.903146628637074],[-49.14899658444493,-26.90319549415694]],[[-49.148901784222566,-26.90381576573252],[-49.14892527255889,-26.903835242809258],[-49.14878380188939,-26.90385488198194],[-49.148901784222566,-26.90381576573252]],[[-49.112795307951465,-26.885094266814647],[-49.112883723874624,-26.885124790459017],[-49.11288547450516,-26.88514775792038],[-49.112795307951465,-26.885094266814647]],[[-49.09168226957098,-26.883494013887464],[-49.091802628755,-26.883520226376262],[-49.09178647772402,-26.883568491745333],[-49.09168226957098,-26.883494013887464]],[[-49.07905063724745,-26.88706618675342],[-49.079423877272696,-26.887147332862053],[-49.07955320833279,-26.887776437123872],[-49.079362152802986,-26.88817558041626],[-49.07903381530831,-26.887953434089734],[-49.07905063724745,-26.88706618675342]],[[-49.08666792285941,-26.889443096643816],[-49.086876027195615,-26.88960677921709],[-49.08658971644004,-26.890125107359054],[-49.086193212054205,-26.889952284810516],[-49.08628735808174,-26.889695158956073],[-49.08666792285941,-26.889443096643816]],[[-49.08613448757222,-26.890088423089324],[-49.08602437376183,-26.89073822161259],[-49.08510424715741,-26.8914730242381],[-49.08502681867625,-26.891368212428716],[-49.08455304580655,-26.891595332129445],[-49.08441631238754,-26.89183284366927],[-49.08444249319276,-26.891660139343713],[-49.08428665025659,-26.89174647723573],[-49.08408170340077,-26.89160716338326],[-49.08263072692455,-26.892196275699924],[-49.08243433676484,-26.892131695182872],[-49.08332712563527,-26.891463333020265],[-49.08361627225226,-26.891066209848837],[-49.08466929932509,-26.890663152200844],[-49.085728400768886,-26.890022440292608],[-49.08613448757222,-26.890088423089324]],[[-49.084979711360724,-26.891697936500304],[-49.085017331895756,-26.891598127342846],[-49.08509499991026,-26.891547283794484],[-49.085091033841344,-26.891620817028226],[-49.084979711360724,-26.891697936500304]],[[-49.084931579411965,-26.891512804563884],[-49.08485107011428,-26.89162678199654],[-49.084832360765844,-26.891634057776407],[-49.084931579411965,-26.891512804563884]],[[-49.085090881666446,-26.894504463081134],[-49.08505068046273,-26.894516285144366],[-49.08501733625653,-26.89446144884609],[-49.085090881666446,-26.894504463081134]],[[-49.08514551520683,-26.894560172961818],[-49.08525440380687,-26.894614424766914],[-49.085308181482525,-26.894707265229368],[-49.08527778813577,-26.894694207737892],[-49.08514551520683,-26.894560172961818]],[[-49.087982722944155,-26.89932294777533],[-49.0880661509214,-26.899450057568096],[-49.0880587181193,-26.899477517359426],[-49.087982722944155,-26.89932294777533]],[[-49.089469907767594,-26.902045152850917],[-49.08957037823538,-26.90203516220866],[-49.08945013987754,-26.902067854657776],[-49.089469907767594,-26.902045152850917]],[[-49.08953676576646,-26.90210994436696],[-49.089596817814346,-26.902118021824794],[-49.08951874098318,-26.902133194603486],[-49.08953676576646,-26.90210994436696]],[[-49.09081691788895,-26.902898221708046],[-49.09076912629854,-26.903010686927285],[-49.090690915404004,-26.903006297261474],[-49.09081691788895,-26.902898221708046]],[[-49.09089235790418,-26.90322675513702],[-49.09093454310344,-26.903388576874026],[-49.09091360133739,-26.903435882327674],[-49.09085073889567,-26.903380974390533],[-49.09089235790418,-26.90322675513702]],[[-49.09086599750106,-26.9040870811937],[-49.090665223988985,-26.903910312622763],[-49.090866745556916,-26.903700673961087],[-49.09102407475356,-26.903834621263908],[-49.09086599750106,-26.9040870811937]],[[-49.09033403060673,-26.90381629178436],[-49.0904441843057,-26.903793056194875],[-49.090448609493436,-26.903848347656652],[-49.09033403060673,-26.90381629178436]],[[-49.09117182736006,-26.90443309448649],[-49.09126837003408,-26.90443760000003],[-49.0912349400917,-26.904470392197876],[-49.09117182736006,-26.90443309448649]],[[-49.077074306629164,-26.894711082626475],[-49.07710561570497,-26.89496259234565],[-49.07699182280677,-26.895038274139864],[-49.0768770410622,-26.89492318888741],[-49.077074306629164,-26.894711082626475]],[[-49.073740331253894,-26.89523514259357],[-49.074823466584945,-26.896060089164106],[-49.07474637723246,-26.896479560552226],[-49.074441980331066,-26.896498164059054],[-49.073799121477386,-26.89577558234706],[-49.07339469629965,-26.895611992511103],[-49.073740331253894,-26.89523514259357]],[[-49.069612048989775,-26.89566922468855],[-49.0696006143216,-26.895929495387747],[-49.06873903184687,-26.895370854730118],[-49.06923234481583,-26.8953503428639],[-49.069612048989775,-26.89566922468855]],[[-49.06845989253759,-26.89531290714408],[-49.06830828371743,-26.89544999196938],[-49.068102674485665,-26.895085263190186],[-49.06819254650416,-26.895118480199216],[-49.06845989253759,-26.89531290714408]],[[-49.06852140380599,-26.895172557602823],[-49.068528478262806,-26.895148040087687],[-49.068665130905075,-26.895234688923868],[-49.06852140380599,-26.895172557602823]],[[-49.06868571371522,-26.895389157346465],[-49.068644232118324,-26.895323648566272],[-49.06869709889995,-26.89534214380046],[-49.06868571371522,-26.895389157346465]],[[-49.0639278683361,-26.896726994440915],[-49.06358925086828,-26.896729952372397],[-49.06356105867821,-26.896466812423654],[-49.06330683602994,-26.896768898189436],[-49.06261564546529,-26.89665261527199],[-49.062652255089105,-26.896763257514205],[-49.06229625606081,-26.896761192286892],[-49.06214536428334,-26.896934703485314],[-49.061917283302506,-26.896873540495804],[-49.0619839439857,-26.896510803910584],[-49.06174502485483,-26.896411175044616],[-49.061595568505204,-26.896603516579393],[-49.06154500714494,-26.8963285585563],[-49.06124921135895,-26.896830674796597],[-49.06105956526901,-26.896781176737065],[-49.06110532160657,-26.896592326185],[-49.060865091575884,-26.896775666540968],[-49.06070421796875,-26.896343773045903],[-49.060563684915024,-26.896395420125334],[-49.06067735262086,-26.896230314581555],[-49.0603768066789,-26.895977974329703],[-49.060214831732594,-26.89602208470686],[-49.06035769403142,-26.895755392740565],[-49.06065536723485,-26.895652675643912],[-49.06160828253534,-26.89585679730589],[-49.06213487009889,-26.89582015674557],[-49.0622833489356,-26.895988392116248],[-49.06290839204285,-26.896037497924763],[-49.06302509080351,-26.896250170144842],[-49.0632710433284,-26.89615746635633],[-49.06395159447814,-26.89643731612014],[-49.06411396261232,-26.896545852587366],[-49.0639278683361,-26.896726994440915]],[[-49.06043971449913,-26.8967477683351],[-49.060528800002444,-26.896915634778058],[-49.060473876942396,-26.896901761876737],[-49.06043971449913,-26.8967477683351]],[[-49.064510097174555,-26.89667161210682],[-49.064365156090176,-26.896747143280905],[-49.06432474167255,-26.89658896061903],[-49.064510097174555,-26.89667161210682]],[[-49.0741320547309,-26.89678637644066],[-49.07405628560059,-26.896585111306276],[-49.07413309374065,-26.896530719990533],[-49.07426019647062,-26.89671609649231],[-49.0741320547309,-26.89678637644066]],[[-49.07472586680053,-26.896789163205124],[-49.074617943855486,-26.8967993061414],[-49.07464415451573,-26.896759407649622],[-49.07472586680053,-26.896789163205124]],[[-49.07478137514652,-26.89664913712317],[-49.07507865976304,-26.89639043906833],[-49.07531759341145,-26.89638038356698],[-49.07498994672127,-26.896710207013218],[-49.07478137514652,-26.89664913712317]],[[-49.06421819487323,-26.896561426983556],[-49.06424857361695,-26.896608662786807],[-49.06420501147273,-26.896607454706],[-49.06421819487323,-26.896561426983556]],[[-49.07041484284769,-26.896014923364923],[-49.07045717367365,-26.895985821633285],[-49.07044481513904,-26.89603507132519],[-49.07041484284769,-26.896014923364923]],[[-49.075523312550025,-26.896239034564882],[-49.075394125855006,-26.896195450753016],[-49.07545955415555,-26.89615066993989],[-49.075523312550025,-26.896239034564882]],[[-49.075098972792375,-26.89603381108902],[-49.07510754077665,-26.895900768922342],[-49.0751655016541,-26.895998477840777],[-49.075098972792375,-26.89603381108902]],[[-49.07567625802293,-26.895930995067456],[-49.07576678038483,-26.895860891537822],[-49.07585171714978,-26.89593253566083],[-49.07581152473356,-26.89595004167073],[-49.07567625802293,-26.895930995067456]],[[-49.07637314640644,-26.89574629576551],[-49.076346858974205,-26.89569366233936],[-49.07643602793781,-26.89565827260788],[-49.07637314640644,-26.89574629576551]],[[-49.07603275289267,-26.89565776076353],[-49.07607351927604,-26.89572116827003],[-49.076050807695715,-26.895746057185857],[-49.07603275289267,-26.89565776076353]],[[-49.07629557026145,-26.895573683708715],[-49.07625584969383,-26.895461041230043],[-49.07632031528901,-26.895433557914416],[-49.07629557026145,-26.895573683708715]],[[-49.07577347162228,-26.89544002502185],[-49.0758236604576,-26.89546607248252],[-49.07577660881666,-26.89549280219807],[-49.07577347162228,-26.89544002502185]],[[-49.074338616911966,-26.89695893532947],[-49.074108382900555,-26.89728674875577],[-49.07400602843221,-26.89730048367205],[-49.073962140358304,-26.897192258236068],[-49.074338616911966,-26.89695893532947]],[[-49.073940273312594,-26.897080711429776],[-49.07382200469841,-26.897173307107558],[-49.07368489156155,-26.89721054141795],[-49.073710819599185,-26.897189772602598],[-49.073940273312594,-26.897080711429776]],[[-49.07347173170666,-26.89754558141014],[-49.073359992202256,-26.897594721194277],[-49.073099588784295,-26.897593335495035],[-49.07319100657235,-26.897566050104132],[-49.07347173170666,-26.89754558141014]],[[-49.07275751101572,-26.897576285578843],[-49.07297728330747,-26.897582995630707],[-49.07273654112532,-26.897589287199498],[-49.07275751101572,-26.897576285578843]],[[-49.076719154065486,-26.89836647634641],[-49.07746965661596,-26.898683521829007],[-49.077072173241866,-26.898802489757994],[-49.07699421791725,-26.899114706854057],[-49.07657580202904,-26.8985383699503],[-49.076719154065486,-26.89836647634641]],[[-49.08006213459429,-26.898763950634056],[-49.080196733700134,-26.898797882563013],[-49.08012195737373,-26.89899507586683],[-49.08006213459429,-26.898763950634056]],[[-49.08104425090036,-26.898932894412198],[-49.0810623243091,-26.898826683434667],[-49.08112584584157,-26.89884084336794],[-49.08104425090036,-26.898932894412198]],[[-49.08184665395644,-26.89931618696737],[-49.081868998474576,-26.8993657528462],[-49.08181022121503,-26.899339660543575],[-49.08184665395644,-26.89931618696737]],[[-49.075583628638746,-26.899409856913138],[-49.0756606405792,-26.89956072002126],[-49.07553524997099,-26.899573862043678],[-49.075583628638746,-26.899409856913138]],[[-49.07848173540579,-26.899818862596728],[-49.07839316870423,-26.900018113837987],[-49.07821305724908,-26.900027376068884],[-49.078298325334565,-26.899887878885128],[-49.07848173540579,-26.899818862596728]],[[-49.076805713514204,-26.900608629156505],[-49.07688405086637,-26.90066015475713],[-49.076795965377244,-26.900644547596997],[-49.076805713514204,-26.900608629156505]],[[-49.06598578329991,-26.901635260555175],[-49.06618526839184,-26.901651992257555],[-49.06597695617573,-26.901739471354453],[-49.06598578329991,-26.901635260555175]],[[-49.06261715168513,-26.901641477188914],[-49.06266942872038,-26.901652487568015],[-49.06266747501507,-26.901724671661352],[-49.06261715168513,-26.901641477188914]],[[-49.08847349361674,-26.913258469398034],[-49.08875789898284,-26.912655824583638],[-49.089242530771095,-26.912805640128166],[-49.089345230130604,-26.912711733496256],[-49.08979370229698,-26.913005022744937],[-49.089796487502326,-26.913311016551546],[-49.089555456727425,-26.91366780584691],[-49.08939958022422,-26.913679684832278],[-49.08847349361674,-26.913258469398034]],[[-49.08162073512508,-26.91003026218467],[-49.080777678606026,-26.909949098613357],[-49.08041135332475,-26.909562391699488],[-49.08026958253618,-26.909619638040642],[-49.08022560527746,-26.909436553686284],[-49.07995076578661,-26.909384513738587],[-49.079801308168335,-26.90903972099725],[-49.08016568952901,-26.90900096243346],[-49.08073445149483,-26.909215305179217],[-49.08134333162236,-26.909553752095096],[-49.08166670249775,-26.90989948844588],[-49.08162073512508,-26.91003026218467]],[[-49.07417679874225,-26.908928242727807],[-49.07420343135699,-26.90844980055305],[-49.07448342913888,-26.90846772379563],[-49.07445379200331,-26.90824498567706],[-49.07468935207563,-26.9079816015283],[-49.07491492615261,-26.907907963414388],[-49.07512046293304,-26.908101335819236],[-49.074806590268565,-26.90859329692415],[-49.07495414170204,-26.908649792887953],[-49.0748010546905,-26.909084091986955],[-49.074479840656345,-26.909122702384362],[-49.07417679874225,-26.908928242727807]],[[-49.074919794611986,-26.909559407669306],[-49.074969764404955,-26.909735498892548],[-49.07481585936568,-26.909819042590264],[-49.07466147733025,-26.909608571136957],[-49.074919794611986,-26.909559407669306]],[[-49.076105096207186,-26.90660744196762],[-49.07619069608176,-26.906591682056053],[-49.076245482821854,-26.906647228370776],[-49.076105096207186,-26.90660744196762]],[[-49.07730543231677,-26.905409553870637],[-49.07719136522139,-26.905277898389205],[-49.07739951808209,-26.905195078788026],[-49.07730543231677,-26.905409553870637]],[[-49.07726931138284,-26.905105400457185],[-49.07716999226977,-26.90517835389199],[-49.077245757475694,-26.905079710790307],[-49.07726931138284,-26.905105400457185]],[[-49.07788326845556,-26.901956883196064],[-49.07789897303755,-26.902105558060295],[-49.07784113030081,-26.90214448369269],[-49.077816117450126,-26.90203709090276],[-49.07788326845556,-26.901956883196064]],[[-49.084857555179056,-26.90621018289399],[-49.08482886445979,-26.906048408943132],[-49.08491708880602,-26.905975935480726],[-49.08502285605898,-26.906111313917698],[-49.084857555179056,-26.90621018289399]],[[-49.08441869820565,-26.90589668160959],[-49.08438426961697,-26.905907262496445],[-49.08438186696791,-26.905892260629525],[-49.08441869820565,-26.90589668160959]],[[-49.088290912711194,-26.906874145377433],[-49.08828268454126,-26.906834649787164],[-49.0883221568466,-26.906852169509527],[-49.088290912711194,-26.906874145377433]],[[-49.096229844550685,-26.90947283457635],[-49.096173859752355,-26.909488334411524],[-49.09617533910646,-26.909404090256672],[-49.096229844550685,-26.90947283457635]],[[-49.096284344671886,-26.909365004073116],[-49.0962109451395,-26.909354631596553],[-49.09620971471917,-26.909344497285122],[-49.096284344671886,-26.909365004073116]],[[-49.09520077559554,-26.91113983669467],[-49.09532357495009,-26.91118231230377],[-49.09516478832613,-26.911152309950502],[-49.09520077559554,-26.91113983669467]],[[-49.099257711719574,-26.91181985751122],[-49.09895447436588,-26.911934671046073],[-49.09881501124832,-26.91180314306722],[-49.09891555541437,-26.91139199286741],[-49.09940838651061,-26.911336741121882],[-49.099257711719574,-26.91181985751122]],[[-49.098678580121145,-26.911350887480463],[-49.09876550356028,-26.911355912590526],[-49.09869521595479,-26.911393212698737],[-49.098678580121145,-26.911350887480463]],[[-49.097841925806186,-26.911706641426896],[-49.097943889747974,-26.91169345208658],[-49.09793135742696,-26.911754375201816],[-49.097841925806186,-26.911706641426896]],[[-49.09839498366978,-26.911843810983516],[-49.09841255282906,-26.911893677256213],[-49.09836834425045,-26.911850513782714],[-49.09839498366978,-26.911843810983516]],[[-49.0987719532653,-26.911987665994218],[-49.09882390950414,-26.91188969432343],[-49.09890228666957,-26.91201837973192],[-49.0987719532653,-26.911987665994218]],[[-49.09951762708062,-26.912303464441507],[-49.09955031078785,-26.912404552217193],[-49.09952164986394,-26.912453381996816],[-49.09945458515708,-26.912405274038672],[-49.09951762708062,-26.912303464441507]],[[-49.08040688837092,-26.91499111604023],[-49.08046151893902,-26.914974059705212],[-49.08046206496206,-26.915026452135674],[-49.08040688837092,-26.91499111604023]],[[-49.08069814135585,-26.915136253122885],[-49.080798182215645,-26.915140795744723],[-49.0808192512852,-26.915172493878313],[-49.08069814135585,-26.915136253122885]],[[-49.08660749097565,-26.915653012897536],[-49.087450843786996,-26.916018873311373],[-49.08723513056318,-26.91642326549849],[-49.08676063384161,-26.916409137771687],[-49.0863994534557,-26.916144299688444],[-49.08636612962503,-26.91590528599364],[-49.08660749097565,-26.915653012897536]],[[-49.09160014318567,-26.91658391317606],[-49.09174406466479,-26.91662881338393],[-49.091680433650886,-26.91686768197036],[-49.091450409595105,-26.91680578242576],[-49.09160014318567,-26.91658391317606]],[[-49.096430852682445,-26.916997602435828],[-49.0964574056498,-26.917122560711704],[-49.09632018516993,-26.917259012793004],[-49.09626286060065,-26.917138002879415],[-49.096430852682445,-26.916997602435828]],[[-49.09739165267004,-26.9177156465447],[-49.097467436812316,-26.917749381387164],[-49.09739074265384,-26.91774915161382],[-49.09739165267004,-26.9177156465447]],[[-49.099354911100576,-26.91766270786511],[-49.09915564093924,-26.917586591162884],[-49.09911858125144,-26.917546554306828],[-49.099362041829814,-26.91755713521298],[-49.099354911100576,-26.91766270786511]],[[-49.09967128002887,-26.917281950771386],[-49.09953371487682,-26.917215824916866],[-49.09967178121935,-26.917164749794104],[-49.09967128002887,-26.917281950771386]],[[-49.09664759127269,-26.917929626676035],[-49.09710721175462,-26.91792738241681],[-49.096849584722975,-26.91839382387788],[-49.09664759127269,-26.917929626676035]],[[-49.09961747695194,-26.918557659945034],[-49.099893507642804,-26.919011434677262],[-49.100003332786216,-26.91928024737794],[-49.09978597479547,-26.91914926583525],[-49.09961747695194,-26.918557659945034]],[[-49.09130609189411,-26.918680475729364],[-49.09135726496791,-26.91868887160838],[-49.09121756769873,-26.91873883973133],[-49.09130609189411,-26.918680475729364]],[[-49.09131400881237,-26.918778435478767],[-49.0913893519436,-26.91870676114511],[-49.09141445709532,-26.918714015090444],[-49.09131400881237,-26.918778435478767]],[[-49.09534014883297,-26.918940996862315],[-49.09523712409657,-26.919028579362944],[-49.09514668369116,-26.91900521210088],[-49.09523445346683,-26.918900166836064],[-49.09534014883297,-26.918940996862315]],[[-49.100092404870395,-26.919599777458824],[-49.100227320960705,-26.91962415131267],[-49.10018966607415,-26.919681585703305],[-49.100092404870395,-26.919599777458824]],[[-49.10034963787329,-26.919923824281796],[-49.10042825200292,-26.91992452064982],[-49.100410615045625,-26.91995817479825],[-49.10034963787329,-26.919923824281796]],[[-49.096978561174815,-26.91936236938054],[-49.097062465074785,-26.91941527889094],[-49.09695342672345,-26.91937253930822],[-49.096978561174815,-26.91936236938054]],[[-49.08790868785146,-26.917840818755575],[-49.08801172295083,-26.91786991561575],[-49.08795710015628,-26.91793616372775],[-49.08790868785146,-26.917840818755575]],[[-49.086388163076265,-26.918677505703336],[-49.086400359590925,-26.918738687812652],[-49.08633563582345,-26.918670966086253],[-49.086388163076265,-26.918677505703336]],[[-49.06560672067548,-26.914728493018206],[-49.065621489027585,-26.914782074600257],[-49.065592060109914,-26.914773193752808],[-49.06560672067548,-26.914728493018206]],[[-49.063345894323426,-26.91785443721082],[-49.06369846437096,-26.917843796252203],[-49.064031014582085,-26.917479572192683],[-49.06458731685929,-26.917572827725376],[-49.06444569559281,-26.91740273350028],[-49.06464159366672,-26.91710793118633],[-49.0644662399927,-26.917159339221428],[-49.064594128990095,-26.91665984872136],[-49.06495840015793,-26.916521056450176],[-49.065476183863396,-26.915466271071868],[-49.0657182532012,-26.915498977555536],[-49.0655601957845,-26.915240076617653],[-49.06569174924971,-26.91507344870213],[-49.065947927376264,-26.915123956601036],[-49.06627693666836,-26.91487821916996],[-49.06637710091662,-26.915117651577397],[-49.06618171337007,-26.91533338674907],[-49.06597595557322,-26.916210916574016],[-49.06476786994459,-26.917907340894036],[-49.0645715685457,-26.917914414576828],[-49.06398279087574,-26.91840863973737],[-49.063649822604745,-26.918291927792716],[-49.0636428735449,-26.918673132062867],[-49.062125036439454,-26.919640786464228],[-49.06114833045129,-26.919773603024662],[-49.06050339052153,-26.919447841526974],[-49.06078482080244,-26.91928810674936],[-49.0607138549135,-26.919048879003437],[-49.060929410657494,-26.919273180446147],[-49.061513787569304,-26.919214192161924],[-49.06220667213367,-26.918996551206995],[-49.06260799766386,-26.918617913152474],[-49.06289345614286,-26.91875531951312],[-49.063264359707524,-26.918397454250357],[-49.063345894323426,-26.91785443721082]],[[-49.06049750438106,-26.919245739871158],[-49.06038850570911,-26.91937081868968],[-49.06042655093172,-26.919186670129488],[-49.06049750438106,-26.919245739871158]],[[-49.05826470715154,-26.919299515314798],[-49.058218442573654,-26.919393320760804],[-49.058171040576305,-26.919415733254905],[-49.05812171702147,-26.91931865389316],[-49.05826470715154,-26.919299515314798]],[[-49.05805477617861,-26.919603285358182],[-49.05817738446232,-26.919572774003928],[-49.05818381002782,-26.919588617088138],[-49.05805477617861,-26.919603285358182]],[[-49.074022795111276,-26.915155998987526],[-49.073854938825356,-26.915128831429385],[-49.07394524183881,-26.915079378422828],[-49.074022795111276,-26.915155998987526]],[[-49.06186483399545,-26.916481044024714],[-49.062055702237345,-26.916502534109718],[-49.06199212082556,-26.916562933661005],[-49.06186483399545,-26.916481044024714]],[[-49.064104180160186,-26.91680976238582],[-49.06429550560911,-26.916889233782456],[-49.0642406163972,-26.916937129764335],[-49.064104180160186,-26.91680976238582]],[[-49.06948685281451,-26.91879157869816],[-49.06932081932759,-26.918715834749612],[-49.069369452027246,-26.918664453406635],[-49.06948685281451,-26.91879157869816]],[[-49.06895779742448,-26.919180978454882],[-49.06897397642856,-26.919238300581323],[-49.06889181199585,-26.919239676112557],[-49.06895779742448,-26.919180978454882]],[[-49.053590648950724,-26.923763186586683],[-49.053662429474436,-26.923796410932745],[-49.053603672898575,-26.923865511048017],[-49.053590648950724,-26.923763186586683]],[[-49.06369750011753,-26.93112092773103],[-49.06365002306855,-26.931209744469363],[-49.06360110380487,-26.931162184828285],[-49.06369750011753,-26.93112092773103]],[[-49.06869676148709,-26.94198734422839],[-49.06917350201341,-26.942090339885638],[-49.069404927982234,-26.941998859846905],[-49.069583781430175,-26.94210832077343],[-49.06937563355754,-26.942345579300728],[-49.06902033408884,-26.94236163367205],[-49.06869438573028,-26.9421442065224],[-49.06869676148709,-26.94198734422839]],[[-49.068126748408055,-26.94240973034674],[-49.068127656373534,-26.942514872412527],[-49.06806542533074,-26.942497425434325],[-49.068126748408055,-26.94240973034674]],[[-49.070715775421405,-26.94427517279879],[-49.07067533440452,-26.944335122301947],[-49.070643934046785,-26.94429933440305],[-49.070715775421405,-26.94427517279879]],[[-49.07192007437292,-26.94495870398858],[-49.07164008973261,-26.944851792477674],[-49.07197273430239,-26.94481612459592],[-49.07192007437292,-26.94495870398858]],[[-49.07201977191573,-26.94509594583793],[-49.0719565263466,-26.94522848987418],[-49.07187156253942,-26.94518627576571],[-49.071872487370264,-26.945041936908247],[-49.07201977191573,-26.94509594583793]],[[-49.0723072362729,-26.945291495223778],[-49.07305866066512,-26.94527208320036],[-49.07299493622454,-26.94504718512431],[-49.07332670330114,-26.944994296059708],[-49.073222324075324,-26.945326681176816],[-49.07303346829458,-26.945413227145757],[-49.07314414206545,-26.94553686493445],[-49.07270045571741,-26.945543595640867],[-49.072415451686325,-26.945737848294733],[-49.0723072362729,-26.945291495223778]],[[-49.07232300122534,-26.945134165508],[-49.07241481853162,-26.945074675838303],[-49.07245020301328,-26.94513661343022],[-49.07232300122534,-26.945134165508]],[[-49.07477228615409,-26.946848702566765],[-49.07490583870908,-26.946914436980013],[-49.074724928783034,-26.946878232413972],[-49.07477228615409,-26.946848702566765]],[[-49.074475922115155,-26.94687982745013],[-49.07449983709874,-26.94702687924152],[-49.07433371928131,-26.946900747043152],[-49.074475922115155,-26.94687982745013]],[[-49.0745667288199,-26.94709157851398],[-49.07470794765959,-26.947033220928848],[-49.074680896721645,-26.947187117246116],[-49.0745667288199,-26.94709157851398]],[[-49.07449430868783,-26.94733133375133],[-49.07454459870582,-26.947572935052722],[-49.074336885771714,-26.94706854859685],[-49.074544264954824,-26.94712043357218],[-49.07461163092695,-26.947295243770068],[-49.07449430868783,-26.94733133375133]],[[-49.072656492279634,-26.947379176595028],[-49.07275034748685,-26.947393591858866],[-49.07274603376986,-26.947504732467344],[-49.072656492279634,-26.947379176595028]],[[-49.07491487186974,-26.9471745409738],[-49.074856349634146,-26.947075121431737],[-49.07493619002323,-26.947064098677142],[-49.07491487186974,-26.9471745409738]],[[-49.07265803485028,-26.947710797786545],[-49.072753316199815,-26.947775194150797],[-49.0727324171239,-26.947798546435003],[-49.07265803485028,-26.947710797786545]],[[-49.0736747100404,-26.947818353892494],[-49.07380425134962,-26.947856598629155],[-49.07380839557562,-26.948031809019326],[-49.073669849161526,-26.948006948151768],[-49.0736747100404,-26.947818353892494]],[[-49.07347205758977,-26.947834126411514],[-49.073355337825575,-26.947982486117223],[-49.07332964420121,-26.948164769828598],[-49.07329021825674,-26.947858700389883],[-49.07347205758977,-26.947834126411514]],[[-49.07309013042204,-26.948012290742383],[-49.07294336535131,-26.94818270096192],[-49.07289642475588,-26.94787558823277],[-49.0726302147721,-26.947875745863143],[-49.07296791025914,-26.947828531608398],[-49.07309013042204,-26.948012290742383]],[[-49.07264497749899,-26.948119485086707],[-49.07272844584401,-26.948188621974257],[-49.0726216713801,-26.948143852796115],[-49.07264497749899,-26.948119485086707]],[[-49.07186051985393,-26.94813190968641],[-49.071929613375346,-26.948188464011128],[-49.071869314689906,-26.948177871227955],[-49.07186051985393,-26.94813190968641]],[[-49.07316696459475,-26.948244842692354],[-49.073207155871145,-26.9481841101385],[-49.073209777494,-26.94823995708705],[-49.07316696459475,-26.948244842692354]],[[-49.072921802258456,-26.948220197096216],[-49.073015196341736,-26.948265909364483],[-49.072914135318356,-26.948236540399776],[-49.072921802258456,-26.948220197096216]],[[-49.07338608120441,-26.94826250504187],[-49.07330559121026,-26.9482136225618],[-49.07340806066211,-26.94824385945011],[-49.07338608120441,-26.94826250504187]],[[-49.07395200522365,-26.94805861066777],[-49.073969837053866,-26.94816846927024],[-49.07391293429772,-26.94824730389444],[-49.07387585522935,-26.94817818834676],[-49.07395200522365,-26.94805861066777]],[[-49.0741079142208,-26.94783180095972],[-49.07431666920464,-26.947828761191882],[-49.074157473125474,-26.948122371311683],[-49.0741079142208,-26.94783180095972]],[[-49.07390163958457,-26.947936419776543],[-49.07392927695418,-26.947948442581907],[-49.07391907344405,-26.948036795022166],[-49.07390163958457,-26.947936419776543]],[[-49.07356780270868,-26.948015818681508],[-49.07351074055615,-26.948056911629042],[-49.073526168781626,-26.948006184509858],[-49.07356780270868,-26.948015818681508]],[[-49.07366880615335,-26.94817559296286],[-49.07374495549624,-26.948187897680416],[-49.073742435242316,-26.948193453483604],[-49.07366880615335,-26.94817559296286]],[[-49.07378018377727,-26.948224720155313],[-49.07368311682606,-26.9482552161995],[-49.07367123873524,-26.948235808021295],[-49.07378018377727,-26.948224720155313]],[[-49.07320539085911,-26.94800887725983],[-49.07314489809006,-26.947921062581525],[-49.073173159440785,-26.94788391445539],[-49.07320539085911,-26.94800887725983]],[[-49.07324792814651,-26.947842858098117],[-49.07314569485315,-26.947860296213157],[-49.07313134780142,-26.947849812884954],[-49.07324792814651,-26.947842858098117]],[[-49.074509465092945,-26.94803328513302],[-49.074603245569925,-26.948069286225312],[-49.07448774146461,-26.948112327372822],[-49.074509465092945,-26.94803328513302]],[[-49.076106155601,-26.94848294074241],[-49.07591070791229,-26.948756064292727],[-49.07575796377602,-26.94872775155634],[-49.07593382078617,-26.948375873142105],[-49.076106155601,-26.94848294074241]],[[-49.075799483220784,-26.94885742284348],[-49.07604377080209,-26.948979752856545],[-49.07598013458137,-26.949073555663805],[-49.07574111565708,-26.949071367035522],[-49.075799483220784,-26.94885742284348]],[[-49.072600898680996,-26.94972949260142],[-49.072641894974424,-26.949786477751925],[-49.07259869116002,-26.949790718752187],[-49.072600898680996,-26.94972949260142]],[[-49.07184192611057,-26.950853818916176],[-49.07201986959102,-26.950859486002923],[-49.07195984930828,-26.950922072202104],[-49.07184192611057,-26.950853818916176]],[[-49.07318307867837,-26.951217069689108],[-49.07328447641097,-26.95132774403195],[-49.073146201543324,-26.951287104149873],[-49.07318307867837,-26.951217069689108]],[[-49.072223664321776,-26.95250931084099],[-49.072338651666136,-26.952639387837383],[-49.07210808305128,-26.952778345803566],[-49.07207602362131,-26.9526680599047],[-49.072223664321776,-26.95250931084099]],[[-49.07356831881537,-26.95304808378455],[-49.07361739727924,-26.953120593893342],[-49.07355744387055,-26.953123313844873],[-49.07356831881537,-26.95304808378455]],[[-49.07142120783333,-26.95487529332341],[-49.071480659047396,-26.95497093775187],[-49.071351789294,-26.954933152741585],[-49.07142120783333,-26.95487529332341]],[[-49.070333952094124,-26.955126192934394],[-49.070438517060836,-26.95517251155565],[-49.07039062991691,-26.95522021147275],[-49.070333952094124,-26.955126192934394]],[[-49.07018005302822,-26.955094978757593],[-49.0702461515781,-26.955157559868823],[-49.070229432894,-26.95517299680352],[-49.07018005302822,-26.955094978757593]],[[-49.07118534115319,-26.95532285148216],[-49.07100373596175,-26.9551061350701],[-49.07127009516989,-26.95525595195607],[-49.07118534115319,-26.95532285148216]],[[-49.07095806459532,-26.955361952226085],[-49.07099423854894,-26.95541029440958],[-49.07094598492386,-26.955414382389286],[-49.07095806459532,-26.955361952226085]],[[-49.06958084411832,-26.95665377994007],[-49.06961274912275,-26.956808489706667],[-49.069562181776064,-26.956849612266236],[-49.06948651618682,-26.956771289344132],[-49.06958084411832,-26.95665377994007]],[[-49.06967233838061,-26.95708003617148],[-49.069696046303626,-26.957110287080887],[-49.069596672880756,-26.957123666758072],[-49.06967233838061,-26.95708003617148]],[[-49.07216145425163,-26.948446798074624],[-49.072231985212255,-26.948469583610073],[-49.07218078712442,-26.948503173240493],[-49.07216145425163,-26.948446798074624]],[[-49.068127184680996,-26.942661224987543],[-49.068124841055024,-26.942695085238373],[-49.0680925098372,-26.942683418833578],[-49.068127184680996,-26.942661224987543]],[[-49.06921335183451,-26.943293895109218],[-49.06928097567672,-26.943326617507292],[-49.06926141721762,-26.94335716611729],[-49.06921335183451,-26.943293895109218]],[[-49.054183726548985,-26.932397143148147],[-49.05424575076809,-26.932382340858585],[-49.054250990858286,-26.932396428371327],[-49.054183726548985,-26.932397143148147]],[[-49.06281250119002,-26.91551845033622],[-49.06248007905681,-26.915490951587074],[-49.06252008529125,-26.915281688115666],[-49.06291571526111,-26.91519668417104],[-49.06281250119002,-26.91551845033622]],[[-49.058030437303636,-26.91505031453909],[-49.058153058342974,-26.915220246504127],[-49.0581400427782,-26.915256992454523],[-49.058030437303636,-26.91505031453909]],[[-49.06304264202239,-26.91489207786751],[-49.06303105261457,-26.914814286484166],[-49.063097123133666,-26.914860472301026],[-49.06304264202239,-26.91489207786751]],[[-49.0576116130203,-26.914526534093532],[-49.0572835240576,-26.914263762492435],[-49.0569089668088,-26.91375817773741],[-49.05725531799816,-26.913763937956734],[-49.057501230789434,-26.914019553390904],[-49.05781168653148,-26.91448725773356],[-49.0576116130203,-26.914526534093532]],[[-49.06035322983844,-26.914058819310736],[-49.060524311493694,-26.91392103804396],[-49.0606256229182,-26.914015155627613],[-49.06045439444492,-26.914077585225684],[-49.06035322983844,-26.914058819310736]],[[-49.04370786644966,-26.903361676396308],[-49.043739243898656,-26.90329682763107],[-49.04377948724948,-26.9033305612209],[-49.04370786644966,-26.903361676396308]],[[-49.04345030012119,-26.903273513594154],[-49.04339985732075,-26.903217349500924],[-49.04348447444988,-26.903228737730146],[-49.04345030012119,-26.903273513594154]],[[-49.04396125466296,-26.90263158151889],[-49.04388808526387,-26.90321313678264],[-49.04375812614303,-26.903268400787987],[-49.04376349665097,-26.902544170154183],[-49.04396125466296,-26.90263158151889]],[[-49.043536436455874,-26.902653631392695],[-49.04356290026461,-26.902726280558063],[-49.04355407467098,-26.902736084228305],[-49.043536436455874,-26.902653631392695]],[[-49.04362548698356,-26.9028750941368],[-49.04366334902185,-26.902885125157898],[-49.04362852537696,-26.902908702016468],[-49.04362548698356,-26.9028750941368]],[[-49.04348862253296,-26.902932068926685],[-49.04353882883016,-26.90293104473656],[-49.04351728107618,-26.903009953183894],[-49.04348862253296,-26.902932068926685]],[[-49.044078599681924,-26.90216834747366],[-49.04404166571798,-26.902067213455783],[-49.04415607166758,-26.902143992129442],[-49.044078599681924,-26.90216834747366]],[[-49.043928666706236,-26.90187812677402],[-49.04409620744564,-26.901970221028204],[-49.0438985383648,-26.901990358084838],[-49.043928666706236,-26.90187812677402]],[[-49.04608710399721,-26.898987770730074],[-49.04610396175661,-26.89891151536151],[-49.04610656905371,-26.89900028447075],[-49.04608710399721,-26.898987770730074]],[[-49.041639114656014,-26.896598276567374],[-49.041730982935405,-26.89658431634179],[-49.041746572149506,-26.89660005777605],[-49.041639114656014,-26.896598276567374]],[[-49.037934809602426,-26.899448817076337],[-49.03802251142732,-26.899530994255485],[-49.03794591687062,-26.899566388292257],[-49.037934809602426,-26.899448817076337]],[[-49.03798155955084,-26.89962692078087],[-49.038021337566654,-26.90026189904774],[-49.03763296342499,-26.90056160364417],[-49.037600082091195,-26.90085173313898],[-49.03748946176838,-26.900612902129883],[-49.03743630059599,-26.901047036352733],[-49.03715778207836,-26.9010197129052],[-49.03705968705816,-26.90116349075098],[-49.03674248677792,-26.900690097140185],[-49.03736653557166,-26.900145949655222],[-49.03739944196741,-26.900299404230033],[-49.03760775199104,-26.90027387136129],[-49.03763619478582,-26.900025461191678],[-49.03798155955084,-26.89962692078087]],[[-49.03775540314314,-26.899705468412716],[-49.03771496569004,-26.899850430318544],[-49.037589663103375,-26.899880219221206],[-49.03760599033309,-26.899778195385682],[-49.03775540314314,-26.899705468412716]],[[-49.03678978737554,-26.90102919932211],[-49.0368304253041,-26.901090351784028],[-49.036740311761186,-26.901067914908584],[-49.03678978737554,-26.90102919932211]],[[-49.038033104999194,-26.90148400474452],[-49.03793922044943,-26.901553421220793],[-49.03790275978087,-26.901482064530594],[-49.03792438910986,-26.901468635263477],[-49.038033104999194,-26.90148400474452]],[[-49.03724529843356,-26.904468900785165],[-49.037275846619174,-26.904966920080124],[-49.03726478598144,-26.905052159298297],[-49.03722630873028,-26.904576462455637],[-49.03724529843356,-26.904468900785165]],[[-49.03728163016866,-26.90585315562394],[-49.03729535436351,-26.905982071221974],[-49.03726895157263,-26.905835186361422],[-49.03728163016866,-26.90585315562394]],[[-49.03609746324934,-26.905822193844255],[-49.036187125358076,-26.906007974410404],[-49.03614896083484,-26.90605147663117],[-49.036093888007294,-26.906004520011404],[-49.03609746324934,-26.905822193844255]],[[-49.03618070972682,-26.90609067146897],[-49.03632927872358,-26.90606917106562],[-49.03622490976854,-26.906160087515183],[-49.03618070972682,-26.90609067146897]],[[-49.026962591535835,-26.90730464282148],[-49.02724722791877,-26.90702793374126],[-49.02729379895021,-26.906838728046534],[-49.02734404561179,-26.907312430677234],[-49.026962591535835,-26.90730464282148]],[[-49.019730232482615,-26.90746591985788],[-49.01980946126765,-26.907461566474332],[-49.01982279844305,-26.90751826028347],[-49.019730232482615,-26.90746591985788]],[[-49.03426645888295,-26.907825534724527],[-49.03454289602529,-26.907678109523996],[-49.034655665407485,-26.907780888262142],[-49.03426645888295,-26.907825534724527]],[[-49.02120512870054,-26.906089668768665],[-49.02027642085769,-26.90573735465016],[-49.02011887485975,-26.90555267033147],[-49.02026018974179,-26.905503369914605],[-49.02120512870054,-26.906089668768665]],[[-49.01280992811324,-26.90084358392953],[-49.01281822592377,-26.900851260810587],[-49.01280979577139,-26.900851142156995],[-49.01280992811324,-26.90084358392953]],[[-49.012839804737105,-26.90086205542435],[-49.012848102551025,-26.900869732303814],[-49.012839672397135,-26.900869613651928],[-49.012839804737105,-26.90086205542435]],[[-49.01489719256022,-26.900270050480966],[-49.014787728698394,-26.900235637315415],[-49.01480527092008,-26.900198789935942],[-49.01489719256022,-26.900270050480966]],[[-49.01492278733908,-26.900240056036537],[-49.01491448941957,-26.900232379273266],[-49.01492291953677,-26.90023249779873],[-49.01492278733908,-26.900240056036537]],[[-49.01504515669479,-26.90014938196116],[-49.014939517598094,-26.900131456503793],[-49.01502460227381,-26.90011671108723],[-49.01504515669479,-26.90014938196116]],[[-49.0151735653399,-26.900108742474004],[-49.015110990168104,-26.90000204562028],[-49.015242893434,-26.900046662019868],[-49.0151735653399,-26.900108742474004]],[[-49.015007438480005,-26.90005807715083],[-49.015016990144375,-26.900074020365903],[-49.01501146612038,-26.900079245707975],[-49.015007438480005,-26.90005807715083]],[[-49.014886993345215,-26.900111148812588],[-49.01491378999069,-26.900116234457535],[-49.014912433686305,-26.9001222391918],[-49.014886993345215,-26.900111148812588]],[[-49.01489667038317,-26.900188089138272],[-49.01492280592268,-26.90020122777012],[-49.01490649549385,-26.900202648851053],[-49.01489667038317,-26.900188089138272]],[[-49.01489527786035,-26.90008623574544],[-49.014886979953346,-26.900078558981114],[-49.014895410059,-26.900078677507594],[-49.01489527786035,-26.90008623574544]],[[-49.01488552936036,-26.90006804768082],[-49.014877231455316,-26.900060370915998],[-49.01488566155956,-26.900060489442982],[-49.01488552936036,-26.90006804768082]],[[-49.015163527542704,-26.899963385581575],[-49.01514351594099,-26.899948200928996],[-49.01516752442379,-26.899958778169374],[-49.015163527542704,-26.899963385581575]],[[-49.020267681118,-26.8997382021968],[-49.01967967839054,-26.899740251679397],[-49.0196283795288,-26.899270533213134],[-49.01915443013961,-26.899010517540866],[-49.02032156522902,-26.898798457873326],[-49.02044194941852,-26.898481158752006],[-49.0203747563807,-26.89892891677208],[-49.019823939723004,-26.8993814113886],[-49.020289413516146,-26.899319105082697],[-49.02031237283247,-26.900381284642876],[-49.02005240461135,-26.900248729178408],[-49.02016182983219,-26.900047549055852],[-49.02000712432439,-26.900106425471098],[-49.020267681118,-26.8997382021968]],[[-49.019830192191726,-26.90019096859249],[-49.019895919561066,-26.90014606582049],[-49.01987720817389,-26.90021582380549],[-49.019830192191726,-26.90019096859249]],[[-49.01993444013631,-26.90026549017159],[-49.02000469364627,-26.900205090592177],[-49.01996284722026,-26.9003103178303],[-49.01993444013631,-26.90026549017159]],[[-49.02052941107995,-26.899993349493286],[-49.02038847212556,-26.899952619353122],[-49.02044587419205,-26.8998972504806],[-49.02052941107995,-26.899993349493286]],[[-49.02044485517706,-26.898366758812543],[-49.02039724459787,-26.898317102071392],[-49.020416746773876,-26.898295145262818],[-49.02044485517706,-26.898366758812543]],[[-49.021215801570065,-26.89808790992197],[-49.021188119560414,-26.89802794004722],[-49.0212282581454,-26.898022600605906],[-49.021215801570065,-26.89808790992197]],[[-49.020719768978594,-26.89787324810638],[-49.020601927187315,-26.89802002192116],[-49.020435553635885,-26.89783502779651],[-49.020719768978594,-26.89787324810638]],[[-49.021119770555984,-26.89798005269027],[-49.02131874300797,-26.897840373934503],[-49.02133908273552,-26.8979301780035],[-49.021119770555984,-26.89798005269027]],[[-49.02173833523679,-26.897944814900615],[-49.02156069004351,-26.897828975487204],[-49.021849828700525,-26.89790854063305],[-49.02173833523679,-26.897944814900615]],[[-49.02086169095864,-26.897973435788934],[-49.02090723167692,-26.897899192738244],[-49.020961554545195,-26.897951268807493],[-49.02086169095864,-26.897973435788934]],[[-49.02085852512314,-26.897734662483224],[-49.02088251468967,-26.897646999931393],[-49.020867682697514,-26.897743250634054],[-49.02085852512314,-26.897734662483224]],[[-49.02196862428953,-26.89772083603274],[-49.02193180803005,-26.89758164399205],[-49.02195093668641,-26.89756347819343],[-49.02196862428953,-26.89772083603274]],[[-49.02144433720809,-26.897565757063813],[-49.02153080536143,-26.897280464773335],[-49.021571190236884,-26.897464996306805],[-49.02196681904695,-26.8974631082893],[-49.021617496785154,-26.897499926470843],[-49.02159018663738,-26.897679135789204],[-49.02144433720809,-26.897565757063813]],[[-49.021958833894175,-26.897213359883953],[-49.02190494882232,-26.897129848093936],[-49.02193825176778,-26.897049353034568],[-49.021958833894175,-26.897213359883953]],[[-49.0218078397663,-26.897051634759247],[-49.021867137009295,-26.89713415449157],[-49.02186068667421,-26.89714274143934],[-49.0218078397663,-26.897051634759247]],[[-49.021492329524285,-26.897031897005583],[-49.021354536119645,-26.897289337093945],[-49.02103090714678,-26.89734219720556],[-49.02124231847962,-26.89702501307273],[-49.021492329524285,-26.897031897005583]],[[-49.02099642506652,-26.897020031262173],[-49.02106735015257,-26.897065084296205],[-49.020997571178356,-26.8971707953278],[-49.02099642506652,-26.897020031262173]],[[-49.02090004929568,-26.897034199203077],[-49.02086082996857,-26.897275828440186],[-49.02049147910902,-26.897146535813008],[-49.02090004929568,-26.897034199203077]],[[-49.02092758297959,-26.897536796358757],[-49.02053597937813,-26.897545149142694],[-49.02050437262713,-26.897441707823372],[-49.020813808624624,-26.897443079992907],[-49.02090835748825,-26.89730058633029],[-49.02092758297959,-26.897536796358757]],[[-49.02124063364136,-26.897575683666354],[-49.02118193124723,-26.8975033040483],[-49.02120698117361,-26.897477880431712],[-49.02124063364136,-26.897575683666354]],[[-49.021931391576906,-26.896989301124766],[-49.021869663903274,-26.8969313865289],[-49.02194316613223,-26.89694273691075],[-49.021931391576906,-26.896989301124766]],[[-49.01755919035764,-26.89453687262641],[-49.01755089263998,-26.89452919602543],[-49.017559322347296,-26.894529314370406],[-49.01755919035764,-26.89453687262641]],[[-49.06176625595805,-26.90181498850105],[-49.06166677103209,-26.901918570131556],[-49.061612593408114,-26.901881286530475],[-49.061645131280805,-26.90182735595778],[-49.06176625595805,-26.90181498850105]],[[-49.06604401365485,-26.893744863720023],[-49.066194305923624,-26.893563392935487],[-49.06628685751898,-26.893663630338057],[-49.06627577192609,-26.893262967308768],[-49.06652426022682,-26.89402927229878],[-49.0668754438594,-26.89433389117801],[-49.0661646490335,-26.894170766491158],[-49.06595027459958,-26.89430245574696],[-49.06588257768881,-26.894906031174827],[-49.06534028347567,-26.894678027915877],[-49.065303955703754,-26.894033975800877],[-49.06552976538056,-26.893768475543194],[-49.06604401365485,-26.893744863720023]],[[-49.06837496053145,-26.894897849856108],[-49.06829215404652,-26.894839857365373],[-49.068263919549196,-26.894805341583115],[-49.06833298243481,-26.894787914939766],[-49.06837496053145,-26.894897849856108]],[[-49.06798690264945,-26.894508475641835],[-49.067584531002396,-26.89442126757598],[-49.06755632675826,-26.894377118059488],[-49.06798690264945,-26.894508475641835]],[[-49.06717606087951,-26.89419918798104],[-49.066951037449776,-26.894104455798725],[-49.066931164156884,-26.89400903547742],[-49.067186380365214,-26.89404926128078],[-49.06717606087951,-26.89419918798104]],[[-49.06657344033362,-26.894033303157872],[-49.066735592299736,-26.894068657213207],[-49.066745259192835,-26.894077048672706],[-49.06657344033362,-26.894033303157872]],[[-49.06506340113306,-26.89319576796808],[-49.06505334379927,-26.893320957982354],[-49.065036615099906,-26.893066164913527],[-49.06506340113306,-26.89319576796808]],[[-49.06212474352136,-26.892890862336916],[-49.06232860116229,-26.892921646657808],[-49.06253046503354,-26.89288052742008],[-49.06257059777422,-26.89300963410873],[-49.06212474352136,-26.892890862336916]],[[-49.06231674914057,-26.892829399755588],[-49.06230258262723,-26.892907115641172],[-49.06224050737863,-26.89285152082974],[-49.06231674914057,-26.892829399755588]],[[-49.065047658672086,-26.893452806903543],[-49.06536957018817,-26.893595168623953],[-49.065496389035054,-26.89345713271295],[-49.06559046520073,-26.89366220929886],[-49.06508010429042,-26.893611725623458],[-49.065047658672086,-26.893452806903543]],[[-49.0623300562688,-26.892766435100953],[-49.06223386423885,-26.892705441549925],[-49.062370999740445,-26.892731315867316],[-49.0623300562688,-26.892766435100953]],[[-49.06639440811811,-26.892529356261242],[-49.066286104486394,-26.892415650550387],[-49.06627527256189,-26.892372468681142],[-49.06634441417193,-26.89237661004092],[-49.06639440811811,-26.892529356261242]],[[-49.068678397116095,-26.89177261086721],[-49.06863123672826,-26.89164466691948],[-49.06873182265468,-26.89166732801636],[-49.068678397116095,-26.89177261086721]],[[-49.06874667708885,-26.891573039769256],[-49.068715048846045,-26.891520421222765],[-49.06876068925306,-26.891518793633278],[-49.06874667708885,-26.891573039769256]],[[-49.06499812213668,-26.891227458686025],[-49.06463031830701,-26.890925392485926],[-49.064425957562435,-26.88875241659478],[-49.06483185739285,-26.888178345157115],[-49.06485795914494,-26.887697550913717],[-49.06509548574785,-26.887957742041987],[-49.06544371330102,-26.88798564281992],[-49.065948266882074,-26.88835339471227],[-49.06617708529168,-26.888813575927138],[-49.06616444524037,-26.889787062598334],[-49.06589266945866,-26.889998049933215],[-49.06579039669915,-26.890419007806493],[-49.065085415802116,-26.89073239113991],[-49.06499812213668,-26.891227458686025]],[[-49.07002569628598,-26.890244979829582],[-49.07002539388182,-26.89013114684694],[-49.070104441279526,-26.890080077002025],[-49.07010974665586,-26.890138310761678],[-49.07002569628598,-26.890244979829582]],[[-49.066231005677864,-26.889060442122403],[-49.06623349491969,-26.8890098834726],[-49.06631637478407,-26.8890407432656],[-49.066231005677864,-26.889060442122403]],[[-49.06629740463044,-26.879951005626197],[-49.067181254160054,-26.88073044944907],[-49.067158173078056,-26.881613205475542],[-49.06684980378257,-26.882193679059036],[-49.06610736169994,-26.882626664075755],[-49.06512919441764,-26.882445105737073],[-49.065029806801434,-26.882965640194953],[-49.06448191688329,-26.883476464720538],[-49.06445045134384,-26.883835444149142],[-49.063634450491776,-26.884048720129606],[-49.063065102303234,-26.88383505118322],[-49.06264805962743,-26.88385194013774],[-49.06240472139525,-26.88342359274438],[-49.06198252520398,-26.88340190205004],[-49.06137631755654,-26.882825585989472],[-49.06123385012201,-26.881901332527725],[-49.06175610968566,-26.88066867048182],[-49.062123498355895,-26.880638142017013],[-49.06239705148269,-26.880495974919445],[-49.062390399685945,-26.88035352627795],[-49.062891488115106,-26.880147845125485],[-49.06406448289204,-26.880076440513047],[-49.0655792799345,-26.87964711505042],[-49.06585904752114,-26.879649471546255],[-49.06593780129014,-26.879841081185138],[-49.06629740463044,-26.879951005626197]],[[-49.069428274543405,-26.88199355716374],[-49.0694569157785,-26.880794377542877],[-49.069656740825664,-26.88209900633983],[-49.069428274543405,-26.88199355716374]],[[-49.06082767598868,-26.87111061920471],[-49.060761334261095,-26.87104617862132],[-49.060811513914935,-26.8710444416752],[-49.06082767598868,-26.87111061920471]],[[-49.06094003751878,-26.8698922039403],[-49.06081609612885,-26.869763998073996],[-49.06097854048452,-26.869783590283262],[-49.06094003751878,-26.8698922039403]],[[-49.06082619927167,-26.869695276476747],[-49.06073912011776,-26.869476334268025],[-49.06091553777738,-26.869454861680325],[-49.06095450647884,-26.869675358652003],[-49.06082619927167,-26.869695276476747]],[[-49.06030254607542,-26.869244402389935],[-49.060320154506556,-26.86911588055632],[-49.06037578316101,-26.869099449828497],[-49.06039116177447,-26.86919103043648],[-49.06030254607542,-26.869244402389935]],[[-49.060592819546045,-26.868573114496197],[-49.060571297040134,-26.8687910503502],[-49.06052507134887,-26.868794039291657],[-49.06049544741468,-26.86866021939566],[-49.060592819546045,-26.868573114496197]],[[-49.05906114011701,-26.86508713586268],[-49.059095803441885,-26.864920957128504],[-49.05914440266605,-26.864852072535946],[-49.059186673600784,-26.865095249701728],[-49.05906114011701,-26.86508713586268]],[[-49.07391746176781,-26.882815003424952],[-49.073915371687995,-26.882760062228392],[-49.073960697637425,-26.88281310349624],[-49.07391746176781,-26.882815003424952]],[[-49.07704096737529,-26.894408294703478],[-49.0771093744747,-26.894325095022495],[-49.07715220382982,-26.894308958689273],[-49.07714155169019,-26.894336584723742],[-49.07704096737529,-26.894408294703478]],[[-49.079838292084204,-26.859289290166437],[-49.079805350418205,-26.8593287014199],[-49.07978442196447,-26.85931047004128],[-49.079838292084204,-26.859289290166437]],[[-49.064880655725176,-26.843676904866264],[-49.06482049742472,-26.843649722578984],[-49.06487044358701,-26.843633936540083],[-49.064880655725176,-26.843676904866264]],[[-49.07089800064082,-26.837185188213038],[-49.07064900571802,-26.837057408501302],[-49.07039034199936,-26.83668153612735],[-49.07089609806273,-26.836905064995058],[-49.07089800064082,-26.837185188213038]],[[-49.07030802975976,-26.836558413242123],[-49.070242289322046,-26.836525439978182],[-49.070253477702494,-26.836514064211485],[-49.07030802975976,-26.836558413242123]],[[-49.07048990286291,-26.836341879101525],[-49.07041140688913,-26.83639146870289],[-49.070385467923316,-26.836350842435166],[-49.07048990286291,-26.836341879101525]],[[-49.06924022678345,-26.836122245121533],[-49.06908153517158,-26.836336962531647],[-49.06920756515129,-26.83608199978121],[-49.06924022678345,-26.836122245121533]],[[-49.07015719852639,-26.836178847791462],[-49.069612319047465,-26.83608198053277],[-49.069468763373315,-26.835951473800918],[-49.07015719852639,-26.836178847791462]],[[-49.06951842416788,-26.83621723717001],[-49.06939947121795,-26.836202183142625],[-49.06935165456636,-26.83613607152617],[-49.069432623125714,-26.836149549001618],[-49.06951842416788,-26.83621723717001]],[[-49.0684723535198,-26.836205923704888],[-49.06867038790927,-26.836179213826732],[-49.06869183552686,-26.83619979764623],[-49.0684723535198,-26.836205923704888]],[[-49.067822929775,-26.835124405542278],[-49.06775587240003,-26.835056723746494],[-49.06783547818005,-26.835090072340883],[-49.067822929775,-26.835124405542278]],[[-49.08180098775397,-26.844131564565863],[-49.08184107511562,-26.843862002127317],[-49.08211241628019,-26.843810462314643],[-49.08198257021834,-26.844084037637042],[-49.08180098775397,-26.844131564565863]],[[-49.08394107418036,-26.835387278402656],[-49.084021480919944,-26.835452795084635],[-49.0839258234114,-26.835417798565864],[-49.08394107418036,-26.835387278402656]],[[-49.08221685656989,-26.82597689114753],[-49.082289451625705,-26.826004441075238],[-49.08223900832729,-26.826035281438834],[-49.08221685656989,-26.82597689114753]],[[-49.080813034212575,-26.826794509714926],[-49.080806501699136,-26.826882367475914],[-49.080754400014115,-26.82684853369785],[-49.080813034212575,-26.826794509714926]],[[-49.08238397551475,-26.82704232893451],[-49.08239913347476,-26.82722625195275],[-49.081995889816525,-26.827145281168164],[-49.08203369781496,-26.827085762335315],[-49.08238397551475,-26.82704232893451]],[[-49.081656939942,-26.827134272253353],[-49.08169998593964,-26.82717407688803],[-49.08167566442463,-26.827183475567228],[-49.081656939942,-26.827134272253353]],[[-49.080582174481755,-26.8271500863554],[-49.080559383895555,-26.827186850690918],[-49.08051081970286,-26.82716818888766],[-49.080582174481755,-26.8271500863554]],[[-49.0826119614951,-26.827132450595215],[-49.0825376793213,-26.82708302395513],[-49.08262567297433,-26.827053756154136],[-49.0826119614951,-26.827132450595215]],[[-49.082740604310466,-26.827057520530253],[-49.08269284167843,-26.827103376800967],[-49.08267057312543,-26.827058053493662],[-49.082740604310466,-26.827057520530253]],[[-49.083970387929675,-26.835761110640405],[-49.083889101621445,-26.835773525915545],[-49.08399091126412,-26.835536004484393],[-49.083970387929675,-26.835761110640405]],[[-49.06178182021614,-26.900695920535785],[-49.061861676156674,-26.900797218349158],[-49.06199345087178,-26.901097293854033],[-49.061848594719756,-26.90101575337696],[-49.06178182021614,-26.900695920535785]],[[-49.023335272031844,-26.892957879179658],[-49.02334471651197,-26.89294967127096],[-49.02334470447553,-26.89295724743094],[-49.023335272031844,-26.892957879179658]],[[-49.01495694041383,-26.900060758899038],[-49.01496609442366,-26.900069227674066],[-49.014957644372245,-26.9000692163509],[-49.01495694041383,-26.900060758899038]],[[-49.01133963225178,-26.903701279552863],[-49.01134907849259,-26.903693072555367],[-49.011349065605,-26.903700648659502],[-49.01133963225178,-26.903701279552863]],[[-49.011716597235065,-26.905168717787078],[-49.0117260435798,-26.905160510771154],[-49.01172603071053,-26.905168086875225],[-49.011716597235065,-26.905168717787078]],[[-49.012285062179586,-26.905474564086912],[-49.012275907973084,-26.905466095131107],[-49.01228435841536,-26.905466106636922],[-49.012285062179586,-26.905474564086912]],[[-49.013087715981754,-26.901604902267326],[-49.01307856200434,-26.90159643337309],[-49.01308701216169,-26.901596444815024],[-49.013087715981754,-26.901604902267326]],[[-49.01284701085011,-26.90097875555861],[-49.012837430279305,-26.900995137724394],[-49.012840329514866,-26.900978908831352],[-49.01284701085011,-26.90097875555861]],[[-49.012807701962984,-26.900924049333323],[-49.01279854805923,-26.900915580424307],[-49.01280699816465,-26.900915591880217],[-49.012807701962984,-26.900924049333323]],[[-49.01288884759504,-26.90088908945931],[-49.012878941377146,-26.90087992454165],[-49.01288861742987,-26.90088040343916],[-49.01288884759504,-26.90088908945931]],[[-49.012878941377146,-26.90087992454165],[-49.01286066934063,-26.900871334897495],[-49.01287877042042,-26.900873934259064],[-49.012878941377146,-26.90087992454165]],[[-49.0437094712658,-26.903475405988306],[-49.043622730640124,-26.903520583877487],[-49.043674563195516,-26.903423472319062],[-49.0437094712658,-26.903475405988306]],[[-49.06224228919423,-26.939167495704112],[-49.06233790511659,-26.939233189902723],[-49.06237978820056,-26.939272247863286],[-49.06229061770837,-26.939246768859668],[-49.06224228919423,-26.939167495704112]],[[-49.07228449153787,-26.948219501053398],[-49.07220178921124,-26.948270771716366],[-49.0721915788701,-26.948163013429603],[-49.07228449153787,-26.948219501053398]],[[-49.07432983225958,-26.948178120268583],[-49.0742480646591,-26.947976836756773],[-49.074395511690476,-26.947872578529395],[-49.07432983225958,-26.948178120268583]],[[-49.067595099668225,-26.918681174232713],[-49.06748194826434,-26.918639817276286],[-49.067379855671206,-26.91850876388714],[-49.06744724638839,-26.918532241947386],[-49.067595099668225,-26.918681174232713]],[[-49.098626189999756,-26.91918834824975],[-49.09853843676491,-26.919197797376363],[-49.098632693963445,-26.919146497573966],[-49.098626189999756,-26.91918834824975]],[[-49.0632994719442,-26.897151045768698],[-49.06324202247983,-26.89717177795598],[-49.06315614909017,-26.897127145800717],[-49.0632994719442,-26.897151045768698]],[[-49.08921935823736,-26.904339008906472],[-49.089143262072284,-26.904386349060097],[-49.08920744586703,-26.90431928423351],[-49.08921935823736,-26.904339008906472]],[[-49.09055121349211,-26.889351523044215],[-49.09066043236778,-26.88935979987251],[-49.09067100375897,-26.88938590529268],[-49.090624262907184,-26.889425769007037],[-49.09055121349211,-26.889351523044215]],[[-49.13621327269283,-26.8948605737843],[-49.13614714278135,-26.894807362442585],[-49.13622466706491,-26.89481450273073],[-49.13621327269283,-26.8948605737843]],[[-49.14708326601971,-26.867278402617856],[-49.147080552539215,-26.86736128191688],[-49.14704690635079,-26.86736638810605],[-49.14708326601971,-26.867278402617856]],[[-49.147079402085474,-26.86672033849448],[-49.14715378520208,-26.866730721434084],[-49.147074900427505,-26.866784426462935],[-49.147079402085474,-26.86672033849448]],[[-49.09339514055637,-26.844748234614272],[-49.09335843130813,-26.844838065018823],[-49.09331706385055,-26.844816262829806],[-49.09339514055637,-26.844748234614272]],[[-49.09580125005606,-26.823311453410195],[-49.095834322348885,-26.8235330093869],[-49.095483271931734,-26.82423403196721],[-49.095396269530504,-26.82407834496489],[-49.09580125005606,-26.823311453410195]],[[-49.09558535185009,-26.824268590366714],[-49.09556897252318,-26.824163876510895],[-49.095614253672956,-26.824176575085215],[-49.09558535185009,-26.824268590366714]],[[-49.096310678354044,-26.821991266549485],[-49.09660920612047,-26.822141650325957],[-49.09665252574388,-26.82232457503981],[-49.09624599957261,-26.822178277618725],[-49.096310678354044,-26.821991266549485]],[[-49.08859608243427,-26.81510888777265],[-49.08866428927025,-26.815209598572338],[-49.08863626358577,-26.815219572243297],[-49.08859608243427,-26.81510888777265]],[[-49.08846847860822,-26.814116293636374],[-49.08838029777016,-26.814053919362728],[-49.08844415027079,-26.813925693541535],[-49.0884557976486,-26.813944148909552],[-49.08846847860822,-26.814116293636374]]]]}}]}
