{"type":"FeatureCollection","name":"carta_enchente_11m_2025_Simplificada","crs":{"type":"name","properties":{"name":"urn:ogc:def:crs:OGC:1.3:CRS84"}},"features":[{"type":"Feature","properties":{"Mancha":"Carta de enchente de 11 m de Blumenau 2025","Area_ha":1010.29693,"Fonte":"Universidade Regional de Blumenau"},"geometry":{"type":"MultiPolygon","coordinates":[[[[-49.07546190948319,-26.94668965624341],[-49.07551551226852,-26.946721092526825],[-49.07554393645322,-26.946690766293706],[-49.07546190948319,-26.94668965624341]]],[[[-49.075191838924084,-26.943712108786233],[-49.0753385911129,-26.943713232090424],[-49.07548956299989,-26.94369672642016],[-49.07537356119045,-26.943679766849854],[-49.075191838924084,-26.943712108786233]]],[[[-49.075641458394195,-26.94385205921887],[-49.075408095663185,-26.943958708224688],[-49.075716977610014,-26.944160989800643],[-49.07600982358834,-26.944104304101298],[-49.07599243193818,-26.943880386574865],[-49.07557637093502,-26.943681431339254],[-49.075641458394195,-26.94385205921887]]],[[[-49.07474058843741,-26.94298573747338],[-49.07476523813435,-26.943038273980275],[-49.07480931849477,-26.942980307961985],[-49.07474058843741,-26.94298573747338]]],[[[-49.074517806756084,-26.942354480701564],[-49.07455044876828,-26.942550300173714],[-49.074671478528046,-26.9425154468164],[-49.074517806756084,-26.942354480701564]]],[[[-49.074644711349606,-26.942060601908246],[-49.07456254892636,-26.942051163573293],[-49.07455052220333,-26.942073067484074],[-49.074644711349606,-26.942060601908246]]],[[[-49.07597290496207,-26.94167132414185],[-49.07605205692252,-26.94167232771296],[-49.07594086592537,-26.941642445638102],[-49.07597290496207,-26.94167132414185]]],[[[-49.07381844724543,-26.941528920980335],[-49.074002872367124,-26.941542463065307],[-49.07383885980356,-26.941621483529765],[-49.07386420973098,-26.942007058063936],[-49.07439898793837,-26.94196156913871],[-49.07440368206406,-26.94141886637518],[-49.07381844724543,-26.941528920980335]]],[[[-49.06543769198675,-26.93849914534999],[-49.06538256355811,-26.938628801011415],[-49.065369973685314,-26.938835363573652],[-49.06543769198675,-26.93849914534999]]],[[[-49.06448248834984,-26.938540812288217],[-49.06456546319106,-26.93856198287239],[-49.06485067626966,-26.9383654073887],[-49.06448248834984,-26.938540812288217]]],[[[-49.065449805228084,-26.938287994662378],[-49.06502197769429,-26.93830650698071],[-49.06557347330537,-26.938411629702752],[-49.065449805228084,-26.938287994662378]]],[[[-49.066198063668416,-26.936796508002764],[-49.065922116486256,-26.937103394709162],[-49.0659532562553,-26.937159491698957],[-49.06632482107003,-26.936999904647035],[-49.066198063668416,-26.936796508002764]]],[[[-49.06880048024157,-26.93491897489097],[-49.068655976524006,-26.935113331408758],[-49.06882119675315,-26.93524387305398],[-49.068997445120836,-26.9350589725103],[-49.06880048024157,-26.93491897489097]]],[[[-49.05929444263425,-26.931354928097406],[-49.05935102236868,-26.931396481886516],[-49.05937337134552,-26.931360757359936],[-49.05929444263425,-26.931354928097406]]],[[[-49.059085845071486,-26.931055764961858],[-49.0592307046403,-26.931097959326834],[-49.05926515708364,-26.93104233108585],[-49.059085845071486,-26.931055764961858]]],[[[-49.06016011858885,-26.930604028982213],[-49.05997488675386,-26.930677138679332],[-49.06023747171505,-26.930887721610553],[-49.06044846805634,-26.93090544601244],[-49.0603745946309,-26.930730714425483],[-49.06063299743407,-26.93066948611232],[-49.06039202817647,-26.930602037561066],[-49.06016998811899,-26.93024211032775],[-49.06016011858885,-26.930604028982213]]],[[[-49.05910724183954,-26.92985686333621],[-49.05920480300866,-26.929908189368795],[-49.059236196670554,-26.92988697122971],[-49.05910724183954,-26.92985686333621]]],[[[-49.06182313147154,-26.929295273434366],[-49.06186873468236,-26.929318131344996],[-49.06182357375753,-26.929264411731424],[-49.06182313147154,-26.929295273434366]]],[[[-49.06436023287551,-26.9291796495226],[-49.064420679670434,-26.92921154413715],[-49.064441703476675,-26.929180307769293],[-49.06436023287551,-26.9291796495226]]],[[[-49.05675743742705,-26.92867670061399],[-49.056894504328426,-26.92867944256868],[-49.05684777966278,-26.928607714029727],[-49.05675743742705,-26.92867670061399]]],[[[-49.06264799270459,-26.928081192846754],[-49.062750351481164,-26.928126761233127],[-49.06274097335605,-26.928062791621468],[-49.06264799270459,-26.928081192846754]]],[[[-49.058813347147215,-26.9279150928249],[-49.058844005483074,-26.927923750870498],[-49.058822021320076,-26.927835796950838],[-49.058813347147215,-26.9279150928249]]],[[[-49.04456110905766,-26.927535578450385],[-49.04472482223466,-26.927535206943656],[-49.0447766898664,-26.92750797002727],[-49.044701363421744,-26.927501414743467],[-49.04456110905766,-26.927535578450385]]],[[[-49.04434629710042,-26.9274886547683],[-49.04445694713854,-26.927511764025876],[-49.04429429950434,-26.927440843289006],[-49.04434629710042,-26.9274886547683]]],[[[-49.04654722677241,-26.92741167790471],[-49.04664027213867,-26.9274583213157],[-49.046600014292885,-26.92737859440818],[-49.04654722677241,-26.92741167790471]]],[[[-49.059189107248955,-26.92732659255778],[-49.05926351531429,-26.927344046121384],[-49.05923450798163,-26.92729652485484],[-49.059189107248955,-26.92732659255778]]],[[[-49.04682949402737,-26.926962787651206],[-49.04678038485382,-26.927064010608305],[-49.046215966283526,-26.92712624610485],[-49.04539939717521,-26.9274630002759],[-49.04492335292547,-26.92749672273521],[-49.04533327569819,-26.92750622295945],[-49.04609601335366,-26.927216766160285],[-49.046726402406804,-26.92717348348745],[-49.04698454658948,-26.927303445172452],[-49.0468039592593,-26.927578053384536],[-49.04700208962221,-26.927635130916585],[-49.04706522997587,-26.92783571766989],[-49.04717784111974,-26.927757092173376],[-49.04707090062507,-26.927344076203447],[-49.047202827889315,-26.927247963470727],[-49.04707852321805,-26.92705340705581],[-49.04722330348253,-26.927006698289496],[-49.04704541359547,-26.926915481922762],[-49.04749420059861,-26.926735686772055],[-49.04682949402737,-26.926962787651206]]],[[[-49.064022991269724,-26.92563518196054],[-49.06408303019305,-26.925657834492153],[-49.06404854206508,-26.92562019985335],[-49.064022991269724,-26.92563518196054]]],[[[-49.065788928792614,-26.92534927287062],[-49.0657202126529,-26.925417256381635],[-49.06588262264497,-26.925413699641368],[-49.065788928792614,-26.92534927287062]]],[[[-49.06794900091405,-26.925321625769474],[-49.068220102449466,-26.925069859366978],[-49.06835253407609,-26.92498517405069],[-49.06812680466935,-26.925077102638802],[-49.06794900091405,-26.925321625769474]]],[[[-49.060911848411614,-26.924917489805722],[-49.061002185251006,-26.92496441697071],[-49.0610005226869,-26.924831448645637],[-49.060911848411614,-26.924917489805722]]],[[[-49.06865620127996,-26.924851598795776],[-49.068556729374464,-26.925059872947088],[-49.068946571269045,-26.92490952974622],[-49.068884432875144,-26.9248510775451],[-49.06865620127996,-26.924851598795776]]],[[[-49.065850396502604,-26.925222926803887],[-49.065513034163835,-26.925251958792384],[-49.06583715582425,-26.925289657842935],[-49.066008235471195,-26.92511140390225],[-49.06594926460688,-26.924925698944428],[-49.06629070675706,-26.9248859218322],[-49.06666134328474,-26.925114692697473],[-49.066544963055726,-26.92531409670328],[-49.06680275583232,-26.92540271487671],[-49.06680336890556,-26.925200798503216],[-49.06699507757478,-26.925257481637043],[-49.06685830944684,-26.92547455135344],[-49.06695053540237,-26.925734232959204],[-49.06708466813353,-26.925371007146136],[-49.067646492167334,-26.925566564601166],[-49.067905439077876,-26.92540575026927],[-49.06749894633295,-26.925355129794866],[-49.0660359493817,-26.924718724429045],[-49.06563719150729,-26.924745709363744],[-49.0658532806036,-26.92489886184449],[-49.065850396502604,-26.925222926803887]]],[[[-49.06076400826936,-26.924347721181213],[-49.06042994992943,-26.92446732693423],[-49.06047035836459,-26.92460294001055],[-49.06081422574101,-26.924449597005598],[-49.06076400826936,-26.924347721181213]],[[-49.0607474680961,-26.92445353223083],[-49.060616817905725,-26.924417772619336],[-49.060743274780705,-26.924396075261427],[-49.0607474680961,-26.92445353223083]]],[[[-49.065465770871526,-26.925203304480956],[-49.06529789561214,-26.92483003963777],[-49.06554723476726,-26.924675251337103],[-49.06516977250644,-26.92438005048792],[-49.06498411509315,-26.924551933826596],[-49.06503497121409,-26.924737173002637],[-49.065465770871526,-26.925203304480956]]],[[[-49.06024197156308,-26.92210418038025],[-49.06029085109111,-26.922065830797813],[-49.06024961685827,-26.922068492369423],[-49.06024197156308,-26.92210418038025]]],[[[-49.06299586764565,-26.922003855283222],[-49.06305139015665,-26.9222475917514],[-49.063180263160916,-26.92216606597738],[-49.06299586764565,-26.922003855283222]]],[[[-49.06652157339999,-26.921944507316805],[-49.06665987020301,-26.921933654498368],[-49.06668392755943,-26.921858744357205],[-49.06656605026968,-26.921857349293425],[-49.06652157339999,-26.921944507316805]]],[[[-49.06348938026675,-26.92177456377071],[-49.06360559670471,-26.921771229774127],[-49.063599250766224,-26.921728698058388],[-49.06348938026675,-26.92177456377071]]],[[[-49.06127146672108,-26.921781168676038],[-49.061466247872076,-26.921772877666754],[-49.06178075404809,-26.921619897340005],[-49.061691020169754,-26.92162707781911],[-49.06127146672108,-26.921781168676038]]],[[[-49.062080939939044,-26.921545173487697],[-49.062261605046935,-26.921615167524212],[-49.0622320979984,-26.921482688680417],[-49.062080939939044,-26.921545173487697]]],[[[-49.06370002518862,-26.92145596808277],[-49.06379018719112,-26.92176126208987],[-49.06359970410358,-26.922004590338506],[-49.06327448917476,-26.921781893260427],[-49.06350906717297,-26.922385174329435],[-49.06294179126782,-26.922776053913076],[-49.06307043617119,-26.922897376986946],[-49.06342160989248,-26.92281006134647],[-49.06342881858721,-26.92256825211744],[-49.06367084833538,-26.922697516421525],[-49.06337760994388,-26.922887408909613],[-49.06343752679384,-26.922995087863022],[-49.06370508202821,-26.922954473431567],[-49.06396290515674,-26.923130088588305],[-49.06327095661068,-26.923419134218733],[-49.063064308349524,-26.92333191611839],[-49.06300017318436,-26.92408051887473],[-49.063133799635224,-26.9242482898291],[-49.06294842911178,-26.92441058279679],[-49.06244734955809,-26.92452968757495],[-49.0621637593361,-26.92417255837761],[-49.06207307908744,-26.924607157646314],[-49.06177628927404,-26.924290639372444],[-49.06157756198368,-26.92439740255792],[-49.061570968005086,-26.92468068886906],[-49.06118920994102,-26.924852196718543],[-49.06136382912053,-26.925034271019715],[-49.0611981747125,-26.92510872697882],[-49.06125867864608,-26.92546015637541],[-49.06111944911848,-26.925195445585743],[-49.0610465111632,-26.92529080863131],[-49.06126055220448,-26.9260662918958],[-49.061045201234144,-26.926175793217848],[-49.06130715022127,-26.926309799695716],[-49.06106463403096,-26.92656396079704],[-49.061001386343044,-26.9267280506498],[-49.0611919143022,-26.926731068513934],[-49.06100138579238,-26.926971519524084],[-49.06117239680995,-26.927174556085756],[-49.06146207517064,-26.927152672382014],[-49.06150340282382,-26.926916153822845],[-49.06219172464305,-26.92670035373347],[-49.06259545666689,-26.92700875577811],[-49.06223885566158,-26.92722538823134],[-49.06326049863201,-26.927082340001046],[-49.06327419333995,-26.927393074651757],[-49.063673862960904,-26.928045040659867],[-49.06344402934297,-26.92823246976629],[-49.06376646166227,-26.928204945406716],[-49.06397297211971,-26.928501560263676],[-49.06409026593804,-26.92828131297995],[-49.06443454704419,-26.92848978823616],[-49.065005238409206,-26.928433615228613],[-49.06512003654119,-26.928307159953707],[-49.06530922348671,-26.928356763141352],[-49.06533466832787,-26.928211630739547],[-49.06494170597493,-26.927921510400584],[-49.0643599829359,-26.92819931723621],[-49.064000287676954,-26.928186244643943],[-49.063488301289766,-26.927068175501297],[-49.06371701069154,-26.926890716827344],[-49.06342442132904,-26.926880481946338],[-49.06328485813905,-26.926556526063134],[-49.06376926470454,-26.926390340601447],[-49.06422173898393,-26.926459811167433],[-49.064110785202416,-26.926003417092573],[-49.063619345696665,-26.926074683986307],[-49.063514995735716,-26.925928128371496],[-49.06349916586792,-26.925759558945263],[-49.06408154482766,-26.925541463493936],[-49.0637173392102,-26.925579627114693],[-49.06355986003944,-26.925041895936133],[-49.064028050224785,-26.924905481057717],[-49.0644006375014,-26.92512486220959],[-49.06440934374589,-26.92483844163525],[-49.06461967510783,-26.92475415114504],[-49.064444557417104,-26.924747004273293],[-49.064598216237485,-26.924679672700766],[-49.06378789742719,-26.92485193362029],[-49.06386559807225,-26.9246835583182],[-49.06352785046805,-26.924334207906732],[-49.06388656619158,-26.924174376794486],[-49.06418421858062,-26.924335302544822],[-49.06450771584219,-26.924218829301275],[-49.06485609490571,-26.924567878879603],[-49.0646400401918,-26.924092065411216],[-49.06494352559814,-26.924135140105527],[-49.06447908242099,-26.923758253951213],[-49.06409008785069,-26.922896657058764],[-49.064366483713975,-26.9226938719154],[-49.0648328371951,-26.923030034944283],[-49.065387360038635,-26.922983437043815],[-49.06531456957371,-26.922190938409173],[-49.06496633515242,-26.92222562755046],[-49.06528204333472,-26.92205652789439],[-49.06511134341652,-26.922074847381225],[-49.065116603841446,-26.92188096462477],[-49.0649524170522,-26.92177310371296],[-49.06494617250538,-26.92159876886799],[-49.0650140097485,-26.921747459842727],[-49.06546564605604,-26.92153828901376],[-49.06534544939756,-26.921387493111613],[-49.06488929894619,-26.921546654323254],[-49.06490995244167,-26.921899237141368],[-49.06478582663176,-26.92198953738244],[-49.0644955913488,-26.92156709120134],[-49.06419290321456,-26.921626682394134],[-49.06391328977167,-26.921363696316146],[-49.06370002518862,-26.92145596808277]],[[-49.06495158485777,-26.92203540090842],[-49.06496194865903,-26.922135675766974],[-49.064873629766744,-26.922168680947614],[-49.06495158485777,-26.92203540090842]],[[-49.06455715376329,-26.922103169967528],[-49.06447710531013,-26.922095900708737],[-49.06457360106038,-26.92207412780772],[-49.06455715376329,-26.922103169967528]],[[-49.06420158049589,-26.922075426591533],[-49.064133861429646,-26.922121331939316],[-49.06409690082506,-26.922110245918226],[-49.06420158049589,-26.922075426591533]],[[-49.0638855815593,-26.922117588687666],[-49.06399971685666,-26.922280816896432],[-49.06376735667978,-26.922446342589097],[-49.063655562183044,-26.922172058783108],[-49.0638855815593,-26.922117588687666]],[[-49.06425534894195,-26.922379732577095],[-49.06434820732564,-26.92211230836764],[-49.064609625749604,-26.92223048625261],[-49.06419464559344,-26.922479796505808],[-49.06410836308545,-26.92236996355761],[-49.06425534894195,-26.922379732577095]],[[-49.064550253734105,-26.92244894509969],[-49.064606517379836,-26.922375509013648],[-49.06462712193367,-26.922381903325036],[-49.064550253734105,-26.92244894509969]],[[-49.06437420663942,-26.922545416931587],[-49.06429191792476,-26.922528233966254],[-49.064368082576664,-26.922521917414645],[-49.06437420663942,-26.922545416931587]],[[-49.06317216025506,-26.92385954075054],[-49.06334026163492,-26.92404196857307],[-49.06321094538712,-26.92427031681543],[-49.06306413051915,-26.923945444870505],[-49.06317216025506,-26.92385954075054]],[[-49.06342841772261,-26.924342792289913],[-49.063340178723124,-26.924421350204707],[-49.0633146439325,-26.924392328501895],[-49.06342841772261,-26.924342792289913]],[[-49.06321911753547,-26.92448854820347],[-49.06331070789337,-26.92469151381694],[-49.06306366668109,-26.92479584670912],[-49.06302714575072,-26.92455040788653],[-49.06321911753547,-26.92448854820347]],[[-49.06218504133979,-26.924572519256856],[-49.06211346029976,-26.924594683111156],[-49.062175322923935,-26.924543345756803],[-49.06218504133979,-26.924572519256856]],[[-49.06268470046432,-26.924788872000907],[-49.062855535513926,-26.92488501876243],[-49.06286631079227,-26.924925107290733],[-49.06264406927198,-26.924932762130833],[-49.062645923787535,-26.9246896690711],[-49.062728946082785,-26.92465620628559],[-49.06268470046432,-26.924788872000907]],[[-49.06167076014994,-26.924884814475664],[-49.061605180528495,-26.92487756245197],[-49.061661553238245,-26.92483981375716],[-49.06167076014994,-26.924884814475664]],[[-49.061452432935596,-26.92494067739714],[-49.0615193607952,-26.924990931582943],[-49.06144422385463,-26.925004691634097],[-49.061452432935596,-26.92494067739714]],[[-49.06210529128939,-26.925082923986803],[-49.062028252877006,-26.92498506059371],[-49.06215021329958,-26.925079573020103],[-49.06210529128939,-26.925082923986803]],[[-49.06178672023043,-26.925067586158463],[-49.06172219956378,-26.925157194173998],[-49.06161789698074,-26.925126048710094],[-49.061664050522054,-26.925065867986156],[-49.06178672023043,-26.925067586158463]],[[-49.06135721144773,-26.925177436863358],[-49.061509427360335,-26.925236713986997],[-49.061372160662934,-26.925256421822823],[-49.06135721144773,-26.925177436863358]],[[-49.062015316060624,-26.925288556917454],[-49.06208867782198,-26.925234673044258],[-49.0620992775733,-26.925253494752965],[-49.062015316060624,-26.925288556917454]],[[-49.06249599704545,-26.92546209388294],[-49.0623230932323,-26.925210838572422],[-49.06243052282086,-26.925217803751515],[-49.06249599704545,-26.92546209388294]],[[-49.06200259353655,-26.92532716557953],[-49.061933273194796,-26.925349541966643],[-49.061929478498634,-26.925328688063555],[-49.06200259353655,-26.92532716557953]],[[-49.06144085476829,-26.925360553550934],[-49.06174256714162,-26.925442959770653],[-49.061297116850184,-26.925528775340798],[-49.06144085476829,-26.925360553550934]],[[-49.062750527888575,-26.9252088942815],[-49.06313380180482,-26.92507699864482],[-49.063287652376495,-26.925207787516165],[-49.06329814210169,-26.925038904619313],[-49.06335852868705,-26.925133654257607],[-49.06330909376769,-26.925360873676212],[-49.0628600210965,-26.925437999160426],[-49.062750527888575,-26.9252088942815]],[[-49.062985595293696,-26.924918680369174],[-49.06305506000468,-26.92488131208059],[-49.063067563883315,-26.9249120813507],[-49.062985595293696,-26.924918680369174]],[[-49.0643105866928,-26.924960764521288],[-49.064333654424345,-26.92483707004967],[-49.06432353120122,-26.924966011483424],[-49.0643105866928,-26.924960764521288]],[[-49.0634572200928,-26.924810116574],[-49.063338664267796,-26.92456712098059],[-49.063457141287465,-26.924505139834487],[-49.06363086100483,-26.924785782446342],[-49.0634572200928,-26.924810116574]],[[-49.061547459819856,-26.925731222918532],[-49.0618406198307,-26.925818892928564],[-49.061688508159804,-26.92597493102959],[-49.061547459819856,-26.925731222918532]],[[-49.06141055040033,-26.925809074471463],[-49.06134328021902,-26.92583955044426],[-49.06136131317295,-26.92575882900861],[-49.06141055040033,-26.925809074471463]],[[-49.06223300745456,-26.92604091417121],[-49.06214750172181,-26.926075024175727],[-49.06212701384978,-26.926069600463816],[-49.06223300745456,-26.92604091417121]],[[-49.06408831732787,-26.926232901182107],[-49.06392307358622,-26.926268891955022],[-49.063895820951934,-26.92624738161115],[-49.06408831732787,-26.926232901182107]],[[-49.06338884908375,-26.92644370627843],[-49.06327230403932,-26.926426755416855],[-49.06342255919913,-26.926415055414363],[-49.06338884908375,-26.92644370627843]],[[-49.062128644329945,-26.9264289207996],[-49.06215631562701,-26.92655873498949],[-49.061963797385964,-26.926572175305434],[-49.06193307146262,-26.926480038330958],[-49.062128644329945,-26.9264289207996]],[[-49.06116976851141,-26.9265620184592],[-49.06123410578846,-26.92660754569657],[-49.0612106380854,-26.92662100899683],[-49.06116976851141,-26.9265620184592]],[[-49.06242873576237,-26.926448629043225],[-49.062498896511336,-26.92646611566923],[-49.062428286868546,-26.926474251263887],[-49.06242873576237,-26.926448629043225]],[[-49.06279041923343,-26.926994739280502],[-49.06276303714116,-26.926977154792358],[-49.062854847503836,-26.926975576755297],[-49.06279041923343,-26.926994739280502]],[[-49.065090598839895,-26.928237487255394],[-49.0651695714827,-26.92822696034443],[-49.065093298751904,-26.928256633272984],[-49.065090598839895,-26.928237487255394]],[[-49.06483687532713,-26.92803518651213],[-49.06478562942762,-26.92807460341827],[-49.06477821658927,-26.928049807008684],[-49.06483687532713,-26.92803518651213]]],[[[-49.05700357907049,-26.92129083933907],[-49.05703142656819,-26.921241870369737],[-49.05697092275531,-26.921183169541504],[-49.05700357907049,-26.92129083933907]]],[[[-49.06558630817941,-26.921187285641693],[-49.06571407097598,-26.92126210240889],[-49.06575310557992,-26.92115368801355],[-49.06558630817941,-26.921187285641693]]],[[[-49.06623039436271,-26.921252846344736],[-49.066273179820335,-26.921132267489373],[-49.06619326686592,-26.92108474630529],[-49.06623039436271,-26.921252846344736]]],[[[-49.060964843181395,-26.919829470649603],[-49.06090819803185,-26.91987325765263],[-49.0609983260787,-26.9198745820562],[-49.060964843181395,-26.919829470649603]]],[[[-49.06088588800744,-26.91981532156398],[-49.06075824814047,-26.919751502303434],[-49.06072467602157,-26.919758855244165],[-49.06074713424458,-26.919781804782748],[-49.06088588800744,-26.91981532156398]]],[[[-49.095666632666195,-26.91914302451959],[-49.096124695020194,-26.919055080638316],[-49.0965443181367,-26.918485608851167],[-49.09598015618443,-26.918958386106052],[-49.09562400276145,-26.919051981380637],[-49.095666632666195,-26.91914302451959]]],[[[-49.0689453688107,-26.918163371157686],[-49.06926533905861,-26.918157130991833],[-49.06943563452118,-26.917984041249547],[-49.06893909597526,-26.917544179095714],[-49.06875857263503,-26.91774134789777],[-49.0689453688107,-26.918163371157686]]],[[[-49.09525536604523,-26.916975131783968],[-49.09537989072561,-26.91674347617391],[-49.0952634137478,-26.916632298461906],[-49.09514712091419,-26.916781721829377],[-49.09525536604523,-26.916975131783968]]],[[[-49.060559457347765,-26.915928988670235],[-49.061163884910435,-26.916360308489775],[-49.061961489514154,-26.91635577151989],[-49.062235544032205,-26.91597466477382],[-49.06203388335005,-26.915970143256562],[-49.061818956554724,-26.916224198861144],[-49.060606914623264,-26.915800051342345],[-49.060559457347765,-26.915928988670235]]],[[[-49.083219728896026,-26.915980579947725],[-49.083297839377195,-26.91598366387476],[-49.08323728623037,-26.915946655432275],[-49.083219728896026,-26.915980579947725]]],[[[-49.08331222874607,-26.91591464944684],[-49.0833611936133,-26.915963239892253],[-49.083370137422875,-26.915954293188744],[-49.08331222874607,-26.91591464944684]]],[[[-49.08391737668343,-26.915694304502495],[-49.08395564706119,-26.915676721813025],[-49.083853337588074,-26.91562464293389],[-49.08391737668343,-26.915694304502495]]],[[[-49.08690266181269,-26.915184453054763],[-49.086997186843405,-26.915204871627296],[-49.086954544574866,-26.915132379527176],[-49.08690266181269,-26.915184453054763]]],[[[-49.08242078378367,-26.915326886755096],[-49.082515710131084,-26.915251098803964],[-49.08253082180565,-26.915063751939815],[-49.0823422313007,-26.91512267426291],[-49.08242078378367,-26.915326886755096]]],[[[-49.07456338677375,-26.915085794040497],[-49.07486313447399,-26.91513962818635],[-49.074754852535854,-26.914927446790877],[-49.07456338677375,-26.915085794040497]]],[[[-49.071517944961165,-26.914949126951633],[-49.071716266392265,-26.914826729670548],[-49.07175717623512,-26.914723545972787],[-49.071570284068436,-26.914796539539093],[-49.071517944961165,-26.914949126951633]]],[[[-49.08304705667814,-26.915036624889236],[-49.08314133697734,-26.914927218343028],[-49.083154467458264,-26.91485850593097],[-49.08311408973673,-26.9148826275541],[-49.08304705667814,-26.915036624889236]]],[[[-49.08854115841596,-26.91496598350126],[-49.08865063007275,-26.914847879934158],[-49.088483518900034,-26.91477728474456],[-49.08841125802672,-26.914881287322178],[-49.08854115841596,-26.91496598350126]]],[[[-49.08484338263942,-26.91466126836401],[-49.08496686893863,-26.914685880816506],[-49.084832322677094,-26.914640105622123],[-49.08484338263942,-26.91466126836401]]],[[[-49.06212784671558,-26.913934199289645],[-49.061871605434554,-26.914015782135895],[-49.062401384083124,-26.914158015115305],[-49.06212784671558,-26.913934199289645]]],[[[-49.076198908713735,-26.914383698680275],[-49.07622312772149,-26.914151192434005],[-49.07611439183509,-26.914092894997182],[-49.076071849686365,-26.914202577855914],[-49.076198908713735,-26.914383698680275]]],[[[-49.07632130341229,-26.91412653532172],[-49.0764972110439,-26.91417136857977],[-49.07646920617693,-26.914083182799352],[-49.07632130341229,-26.91412653532172]]],[[[-49.06250626009701,-26.914158262190618],[-49.06285797735176,-26.914024040100053],[-49.06282090465383,-26.91388395051608],[-49.062661999953804,-26.91388451703801],[-49.06250626009701,-26.914158262190618]]],[[[-49.062203095379154,-26.913592573133656],[-49.06225653812685,-26.913611455353944],[-49.06224129774001,-26.91358126146747],[-49.062203095379154,-26.913592573133656]]],[[[-49.08339770394713,-26.913880787538535],[-49.083459754680675,-26.913868030690374],[-49.08339629022866,-26.91386923431687],[-49.08339770394713,-26.913880787538535]]],[[[-49.08899160927336,-26.914036739202608],[-49.089110457256936,-26.9138667377189],[-49.08903577936738,-26.91378896639094],[-49.08901512121369,-26.913807191932392],[-49.08899160927336,-26.914036739202608]]],[[[-49.082034182000946,-26.9135890107267],[-49.082100719714866,-26.913596231334413],[-49.08208264537292,-26.913513992161857],[-49.082034182000946,-26.9135890107267]]],[[[-49.07853611413163,-26.91344967015609],[-49.078464197473764,-26.913570822269843],[-49.07867925177323,-26.91354989781579],[-49.07853611413163,-26.91344967015609]]],[[[-49.077986806239515,-26.913468547960793],[-49.07807601433177,-26.91347359870845],[-49.07811962497486,-26.91342714929859],[-49.077986806239515,-26.913468547960793]]],[[[-49.0846372168373,-26.913563793549066],[-49.084765735533004,-26.91353543354279],[-49.084715938255606,-26.91348028127737],[-49.0846372168373,-26.913563793549066]]],[[[-49.078159477903384,-26.91340669903464],[-49.07827950418116,-26.913432555316135],[-49.078298387982485,-26.91335016105131],[-49.078159477903384,-26.91340669903464]]],[[[-49.07659106924351,-26.913202526775887],[-49.07676127214902,-26.913139155941042],[-49.076757279866904,-26.91301919570957],[-49.07654975853329,-26.913093252745075],[-49.07659106924351,-26.913202526775887]]],[[[-49.084302314425834,-26.9131005415179],[-49.08437559515162,-26.913068281068576],[-49.084318776192234,-26.913048638248043],[-49.084302314425834,-26.9131005415179]]],[[[-49.07672969558603,-26.91293088685843],[-49.07695146793063,-26.913001345584195],[-49.07674852013988,-26.912781143590628],[-49.07672969558603,-26.91293088685843]]],[[[-49.07626081692223,-26.91267884518184],[-49.07556626251013,-26.91332404829385],[-49.07593741166079,-26.91383414793048],[-49.07609708399995,-26.91364726327663],[-49.075962394430526,-26.91312118889696],[-49.07618294268106,-26.913253061420924],[-49.07646766311519,-26.913082773796184],[-49.07626081692223,-26.91267884518184]]],[[[-49.08105407743578,-26.912886389713012],[-49.080869177708635,-26.912875247461674],[-49.081525710754775,-26.913294394597646],[-49.08093199276283,-26.914171293912936],[-49.08095919434136,-26.914561238006424],[-49.08117580907152,-26.914367424651733],[-49.0814100982704,-26.91444391980128],[-49.08127749758965,-26.91470464242201],[-49.08202935246986,-26.914796008523957],[-49.08213206233947,-26.91457117290279],[-49.08203009517761,-26.91428910856022],[-49.08234275454844,-26.913627488274958],[-49.08266384807726,-26.913581873649264],[-49.08338194020796,-26.913837546416318],[-49.08279133300657,-26.913529323602926],[-49.082617398874135,-26.913259436491362],[-49.08230152676365,-26.913259649427847],[-49.0809395837315,-26.912746162598598],[-49.08105407743578,-26.912886389713012]],[[-49.081668011508604,-26.9133211716605],[-49.08218683941311,-26.913549804489946],[-49.08217859998278,-26.913627275764664],[-49.08177602162066,-26.913812000522732],[-49.0819434791808,-26.913721265830034],[-49.08163700079108,-26.913560393400974],[-49.081668011508604,-26.9133211716605]],[[-49.08163601063768,-26.913646617091572],[-49.08151001011556,-26.91369367101117],[-49.08151796522551,-26.913612381816893],[-49.08163601063768,-26.913646617091572]],[[-49.082477910546345,-26.913491281907667],[-49.082558572120845,-26.91351128493428],[-49.082562633333694,-26.913538568175525],[-49.082477910546345,-26.913491281907667]],[[-49.081790879361236,-26.914202296268723],[-49.08162340729342,-26.914268677681033],[-49.0817446727322,-26.91415494227078],[-49.081790879361236,-26.914202296268723]]],[[[-49.09040744612524,-26.9127922961912],[-49.09047466107703,-26.912813645190827],[-49.09044727256146,-26.912773040803838],[-49.09040744612524,-26.9127922961912]]],[[[-49.07670527721545,-26.912466297850777],[-49.07678195624727,-26.912472857107986],[-49.07679011455438,-26.912404612360532],[-49.07670527721545,-26.912466297850777]]],[[[-49.080590079251515,-26.91235883932197],[-49.080485329612955,-26.91245925750128],[-49.08061576180971,-26.91239499428029],[-49.080590079251515,-26.91235883932197]]],[[[-49.08052753353542,-26.91222130504152],[-49.08059364329111,-26.912222709485075],[-49.08060824286172,-26.91218706748633],[-49.08052753353542,-26.91222130504152]]],[[[-49.08039831093754,-26.912296127699772],[-49.080485155847015,-26.912318416705396],[-49.08052624193172,-26.912168177369196],[-49.08039831093754,-26.912296127699772]]],[[[-49.07052362301937,-26.91191483423709],[-49.07034178426203,-26.91224938108453],[-49.070917543257075,-26.912700110780595],[-49.07106803745217,-26.91245507839877],[-49.071256609549756,-26.912425980787482],[-49.071186994751294,-26.912247172160647],[-49.07138212924278,-26.91225243053459],[-49.071542828462405,-26.911878842215575],[-49.071389331558265,-26.91194138954103],[-49.07139720809807,-26.912163577829883],[-49.07103314399091,-26.911914901832578],[-49.07052362301937,-26.91191483423709]]],[[[-49.07150446769914,-26.912203270892604],[-49.07161950650238,-26.91203947795369],[-49.071663245233296,-26.91186111998811],[-49.07159459535849,-26.911951217452177],[-49.07150446769914,-26.912203270892604]]],[[[-49.07804509096619,-26.9121840081391],[-49.07776628701245,-26.91185814735878],[-49.07743666520575,-26.91270259663713],[-49.07743828194689,-26.913160456805947],[-49.077262882037864,-26.913280873380184],[-49.07743046414103,-26.913405078237115],[-49.07793064236733,-26.913063990096425],[-49.07801246602558,-26.91245626396924],[-49.07868333834161,-26.91236871814351],[-49.07841758294285,-26.912252872900723],[-49.07835535968062,-26.911851260042997],[-49.07804509096619,-26.9121840081391]]],[[[-49.07780905775845,-26.911758566501867],[-49.07791833592743,-26.911747935404367],[-49.07781459039988,-26.91173575238443],[-49.07780905775845,-26.911758566501867]]],[[[-49.08004297088786,-26.91169750550606],[-49.07984143350011,-26.912266778541447],[-49.079333164099246,-26.912391326035696],[-49.0792800593802,-26.912715489246473],[-49.079153580246704,-26.912733731366064],[-49.07906775931037,-26.91234071441092],[-49.07898995392491,-26.912820351895853],[-49.07812356960101,-26.913236493678674],[-49.07913518215798,-26.912932113786965],[-49.07850578610151,-26.913292386541922],[-49.07871077975948,-26.913314220589573],[-49.07875658049013,-26.913573714835664],[-49.07909163529949,-26.913601160850163],[-49.07925578454711,-26.913798565094623],[-49.07967467907937,-26.91378712538842],[-49.07958309952676,-26.913641685419996],[-49.07974327614539,-26.91344244821845],[-49.079763009092325,-26.91276001982451],[-49.080007896605984,-26.912658172213266],[-49.080544975845655,-26.912726273595798],[-49.08008315224018,-26.91252051569088],[-49.079526184776526,-26.91269849416478],[-49.08019628635807,-26.91196839704588],[-49.08004297088786,-26.91169750550606]],[[-49.07910186373953,-26.913301447248006],[-49.079057460939254,-26.91317273165152],[-49.07915142027576,-26.913091673522082],[-49.07918984729248,-26.91315576900997],[-49.07910186373953,-26.913301447248006]],[[-49.0789157493401,-26.913182194592665],[-49.07876595607817,-26.913203212538903],[-49.07890998485312,-26.913157245155723],[-49.0789157493401,-26.913182194592665]]],[[[-49.07587214498955,-26.911724212611308],[-49.075975429517726,-26.911701988438217],[-49.07587807964516,-26.911622486479953],[-49.07587214498955,-26.911724212611308]]],[[[-49.07743772978175,-26.911686264151815],[-49.077542767725404,-26.91171089840743],[-49.07746907740146,-26.911631723649762],[-49.07743772978175,-26.911686264151815]]],[[[-49.07907847640274,-26.91173132194035],[-49.079156589141505,-26.91172657729523],[-49.07910325997667,-26.911558037771556],[-49.07907847640274,-26.91173132194035]]],[[[-49.07733079587633,-26.911365999928073],[-49.07751503233896,-26.91144902664623],[-49.07746548733852,-26.91134299742632],[-49.07733079587633,-26.911365999928073]]],[[[-49.09112970964193,-26.911046850837533],[-49.091241564031236,-26.911082000166914],[-49.09121590325567,-26.91092393181891],[-49.09112970964193,-26.911046850837533]]],[[[-49.09094682656723,-26.91083362204876],[-49.09100688563876,-26.910854409500494],[-49.09098465008693,-26.91081547241104],[-49.09094682656723,-26.91083362204876]]],[[[-49.09116880423791,-26.910491340592618],[-49.0912891507253,-26.910518469094686],[-49.09125325433721,-26.91045386270734],[-49.09116880423791,-26.910491340592618]]],[[[-49.073867208389714,-26.910290219562526],[-49.07404193787492,-26.910296460397227],[-49.073942943807374,-26.910196508327257],[-49.073867208389714,-26.910290219562526]]],[[[-49.08144500939914,-26.908515793952695],[-49.08161201404758,-26.90854107146972],[-49.0816092215014,-26.908491514250038],[-49.08144500939914,-26.908515793952695]]],[[[-49.07304841278533,-26.908445131249604],[-49.07247111573916,-26.90977164257853],[-49.072524235877324,-26.91034591068706],[-49.07227905628633,-26.910745956792383],[-49.071777026448935,-26.91077748993216],[-49.071978654446994,-26.910990475665304],[-49.07168963844027,-26.911578048543753],[-49.07180000727674,-26.91165041351922],[-49.07247902585242,-26.911450992061898],[-49.07240004141122,-26.91122757370947],[-49.07253223213801,-26.911049665792344],[-49.07320554775864,-26.91119207208156],[-49.07279276171427,-26.910740214941292],[-49.07316525771645,-26.910573022063883],[-49.07310358429217,-26.91026607174877],[-49.07375457251085,-26.910334432990222],[-49.073229519082886,-26.909630864905115],[-49.07338825022746,-26.90877234139226],[-49.07365296048798,-26.90841500509852],[-49.073521270253465,-26.9084818399128],[-49.07341513082677,-26.908344961502255],[-49.073199844977744,-26.90846860281819],[-49.07329786508284,-26.90831309142538],[-49.07304841278533,-26.908445131249604]]],[[[-49.07537431737142,-26.908342089730187],[-49.075438244302404,-26.90851516268193],[-49.07561647161925,-26.908572363813438],[-49.075602151299755,-26.90839949647536],[-49.075400678075425,-26.908339979243998],[-49.07559270912376,-26.908120664739986],[-49.07537431737142,-26.908342089730187]]],[[[-49.07764212456865,-26.907081274020452],[-49.07785679941112,-26.907089823878746],[-49.07766648237526,-26.907017950915918],[-49.07764212456865,-26.907081274020452]]],[[[-49.046284326887665,-26.906496470240615],[-49.04713848615613,-26.90666795945277],[-49.04655688882921,-26.90619277950376],[-49.04598737878345,-26.906165830622555],[-49.046284326887665,-26.906496470240615]]],[[[-49.02969037140315,-26.905864161861388],[-49.029674755614906,-26.905908701934468],[-49.02975821417853,-26.905963189880772],[-49.02969037140315,-26.905864161861388]]],[[[-49.035793441769435,-26.905236233084167],[-49.035843689773706,-26.905071178788802],[-49.03577619972563,-26.904973159125834],[-49.03575344415838,-26.905148681113054],[-49.035793441769435,-26.905236233084167]]],[[[-49.04776603540564,-26.905096645214037],[-49.046613124853415,-26.905056220750794],[-49.046458970667885,-26.905427048996188],[-49.04619268144745,-26.905570383962292],[-49.04616738935893,-26.90603109831682],[-49.046472661416544,-26.906063801581073],[-49.04645093294255,-26.905692251779293],[-49.046823632642,-26.905607239359792],[-49.047681601247554,-26.9059063220043],[-49.04773758670558,-26.90544221730304],[-49.047573876665915,-26.90528229056424],[-49.04776603540564,-26.905096645214037]]],[[[-49.03545823098389,-26.9043909597681],[-49.03530079097769,-26.90420805206488],[-49.03515032951063,-26.90474897172019],[-49.03530599139933,-26.90512731227685],[-49.03516317525374,-26.905238265693914],[-49.035182142164636,-26.90564144161634],[-49.03538197756541,-26.905820846746195],[-49.03559581555274,-26.90523716209866],[-49.03545823098389,-26.9043909597681]]],[[[-49.01252653914785,-26.903718049125],[-49.0126279013505,-26.903588920471915],[-49.01263627238003,-26.903547083560284],[-49.01256979947984,-26.903610177936816],[-49.01252653914785,-26.903718049125]]],[[[-49.01282957873951,-26.903646317865334],[-49.012985613621765,-26.90358882450309],[-49.01298077971076,-26.903455624349267],[-49.01286192008777,-26.90346744675739],[-49.01282957873951,-26.903646317865334]]],[[[-49.14589523504452,-26.904868158424087],[-49.145851160848004,-26.904948654789195],[-49.1459547659095,-26.904857448442325],[-49.14589523504452,-26.904868158424087]]],[[[-49.01305878941304,-26.903283734222825],[-49.01266365300438,-26.903504589645713],[-49.01313268688336,-26.903282613629084],[-49.013208586949226,-26.9029036039641],[-49.01305878941304,-26.903283734222825]]],[[[-49.03545823098389,-26.9043909597681],[-49.035815946744435,-26.904524399739792],[-49.03583861508609,-26.903601794224507],[-49.0360075292689,-26.904074788899514],[-49.036185917086605,-26.903784280094847],[-49.03609407409202,-26.903671806228267],[-49.03627393551493,-26.903741298774925],[-49.03645356089825,-26.903623634064516],[-49.03660310761874,-26.90381023628846],[-49.03673302031544,-26.903361816942407],[-49.03687321143847,-26.903420370219756],[-49.03694166306189,-26.904059524855597],[-49.037204812111284,-26.904093663906195],[-49.037039849900886,-26.903846870025337],[-49.037286081229844,-26.903295840070623],[-49.03664857612749,-26.903204788898243],[-49.03649813085344,-26.902731228352746],[-49.03628374560703,-26.90302213540024],[-49.0364619814717,-26.903150206321847],[-49.036388375509866,-26.903331043698014],[-49.03609816369725,-26.903393847264162],[-49.03595643202439,-26.90328065469749],[-49.035678416945736,-26.9034764014024],[-49.035455299131115,-26.903883626594467],[-49.03545823098389,-26.9043909597681]]],[[[-49.04700464249859,-26.902836788254998],[-49.046993657329025,-26.90287585036782],[-49.047106839440545,-26.902911260910184],[-49.04700464249859,-26.902836788254998]]],[[[-49.02163285118946,-26.902508853750703],[-49.02176204920644,-26.902492996590006],[-49.02165462094981,-26.902466857945612],[-49.02163285118946,-26.902508853750703]]],[[[-49.021696606528856,-26.90235664975668],[-49.021718527428156,-26.902416347972554],[-49.021757265109215,-26.902338826162836],[-49.021696606528856,-26.90235664975668]]],[[[-49.02133630545424,-26.902151493301012],[-49.02138029996346,-26.90218808806019],[-49.0214450050279,-26.90216858504835],[-49.02133630545424,-26.902151493301012]]],[[[-49.021070286041734,-26.9020013433953],[-49.02121128857244,-26.90203422462561],[-49.02108490009978,-26.901954228445035],[-49.021070286041734,-26.9020013433953]]],[[[-49.02090020089909,-26.901961133165752],[-49.02097771339066,-26.901957703203422],[-49.020900865212184,-26.901946452039663],[-49.02090020089909,-26.901961133165752]]],[[[-49.0210734419217,-26.901883120576542],[-49.02102855548341,-26.90190371597126],[-49.02107041826462,-26.901929386562628],[-49.0210734419217,-26.901883120576542]]],[[[-49.01382755357279,-26.901731940893296],[-49.01287435171188,-26.90168520302707],[-49.01279339884981,-26.901789170313805],[-49.01291511192448,-26.901905100396284],[-49.01318273812169,-26.90199606231298],[-49.01382755357279,-26.901731940893296]],[[-49.01292147480684,-26.901863538126864],[-49.01290259563516,-26.901872376253085],[-49.01292148758081,-26.901855962014963],[-49.01292147480684,-26.901863538126864]]],[[[-49.02098845710646,-26.901844265337274],[-49.021086235382555,-26.901767383825387],[-49.02100926474852,-26.901662008716517],[-49.02098845710646,-26.901844265337274]]],[[[-49.015600745260755,-26.90015474700574],[-49.015645011915915,-26.90016235341303],[-49.01562070464261,-26.90012306677536],[-49.015600745260755,-26.90015474700574]]],[[[-49.046726456719206,-26.90007989675193],[-49.04692172965019,-26.90002968576986],[-49.046901954858804,-26.899905403719618],[-49.046720153951,-26.89995585115791],[-49.046726456719206,-26.90007989675193]]],[[[-49.047621924338685,-26.89965400679557],[-49.047587950694776,-26.89952957830786],[-49.047187194800756,-26.89981305222437],[-49.04754367060901,-26.899941831534186],[-49.04788458060173,-26.89978609973552],[-49.047751292962396,-26.89951400848509],[-49.047621924338685,-26.89965400679557]]],[[[-49.048167024757596,-26.899504030586954],[-49.04827111080337,-26.899517220016318],[-49.04831388792532,-26.899476095743076],[-49.048167024757596,-26.899504030586954]]],[[[-49.13455000098719,-26.900579946337352],[-49.134858692457506,-26.900700226929686],[-49.134522866522204,-26.90045574076051],[-49.13455000098719,-26.900579946337352]]],[[[-49.047156554388536,-26.8987121879225],[-49.04723371950006,-26.898748441736785],[-49.04729129453684,-26.89873638467031],[-49.047156554388536,-26.8987121879225]]],[[[-49.08879453963423,-26.900592315636036],[-49.08880119605367,-26.900011326426938],[-49.08853550033903,-26.89918119833827],[-49.088758887799564,-26.900066212984267],[-49.08879453963423,-26.900592315636036]]],[[[-49.139794633146415,-26.899773842608766],[-49.139897893303946,-26.899780244915053],[-49.13982000714314,-26.89972586975328],[-49.139794633146415,-26.899773842608766]]],[[[-49.13478814847526,-26.900028665458446],[-49.13508681967574,-26.899560290255913],[-49.13507882736552,-26.899368704084836],[-49.13485258188479,-26.899779119682783],[-49.13478814847526,-26.900028665458446]]],[[[-49.08796493499691,-26.89871203587715],[-49.0881409937966,-26.898597909465906],[-49.08807586184583,-26.898475566313945],[-49.087838309234414,-26.89857719858446],[-49.08796493499691,-26.89871203587715]]],[[[-49.078614379291665,-26.8985670470523],[-49.078603665968785,-26.898821436274755],[-49.07908260045768,-26.898585642659842],[-49.07930233622353,-26.89884078381597],[-49.07986414816318,-26.89908788343946],[-49.079814286414724,-26.898837241356027],[-49.079205693177315,-26.8985778475438],[-49.078970079985545,-26.898292658800692],[-49.078614379291665,-26.8985670470523]]],[[[-49.087774411742174,-26.89798966906738],[-49.08787344217588,-26.898100642357363],[-49.08802838981591,-26.89820183493732],[-49.087774411742174,-26.89798966906738]]],[[[-49.079358251316414,-26.89762427217726],[-49.07921681079215,-26.897764392221617],[-49.079517045607744,-26.897890775401184],[-49.079573569426934,-26.897679534178632],[-49.079358251316414,-26.89762427217726]]],[[[-49.13513081211098,-26.899071308673495],[-49.13543993630811,-26.898203955361517],[-49.13541489709597,-26.898131658704546],[-49.135211215923796,-26.898503890134446],[-49.13513081211098,-26.899071308673495]]],[[[-49.07881144084986,-26.897249027632398],[-49.07828603766377,-26.897279065409013],[-49.078206825403434,-26.89740017169317],[-49.07843082946481,-26.89749181352519],[-49.07881144084986,-26.897249027632398]]],[[[-49.08198931401048,-26.897966646975647],[-49.081107307012324,-26.89806003269255],[-49.08115359512092,-26.898455789773738],[-49.081981782816975,-26.898135170581313],[-49.08257917653415,-26.89830293886096],[-49.083752011811335,-26.897596364944267],[-49.08312140602368,-26.89719171329503],[-49.08255068397967,-26.89744011863124],[-49.08198931401048,-26.897966646975647]],[[-49.082408508895654,-26.898233884255912],[-49.08231796094913,-26.898110954931553],[-49.08243947466609,-26.898023301417442],[-49.08249179930318,-26.898097936830116],[-49.082408508895654,-26.898233884255912]]],[[[-49.080936666060616,-26.897164135557443],[-49.08099963961899,-26.89716766885032],[-49.08096722497653,-26.897131148247098],[-49.080936666060616,-26.897164135557443]]],[[[-49.08130957553085,-26.896739574046496],[-49.081372739264445,-26.896749006086566],[-49.08139541609733,-26.89670750403433],[-49.08130957553085,-26.896739574046496]]],[[[-49.08045728366648,-26.896797526358448],[-49.08038857665452,-26.897240007664703],[-49.08020369444914,-26.897315084342303],[-49.08031674701817,-26.89745633010381],[-49.080823857573506,-26.897152491790596],[-49.080743214282556,-26.896710814532597],[-49.08045728366648,-26.896797526358448]]],[[[-49.154773720330056,-26.898155375903958],[-49.154652469133936,-26.89774369627649],[-49.15466852532854,-26.897332396691397],[-49.15452407471297,-26.897797573895453],[-49.154773720330056,-26.898155375903958]]],[[[-49.04521471073581,-26.895926200818444],[-49.045514151809115,-26.895936522322252],[-49.04558627156036,-26.895848045485433],[-49.045458949444395,-26.89580117853197],[-49.04521471073581,-26.895926200818444]]],[[[-49.08123979672889,-26.896163420969483],[-49.08132358909232,-26.89615614035186],[-49.08127013592445,-26.89608635758511],[-49.08123979672889,-26.896163420969483]]],[[[-49.08115466765951,-26.896057979814874],[-49.08114852064656,-26.895981818111764],[-49.08110560388516,-26.895981720281274],[-49.08115466765951,-26.896057979814874]]],[[[-49.085670759825646,-26.89560722000726],[-49.08554155154733,-26.895685315031535],[-49.0856005211628,-26.8958747025353],[-49.08722909595382,-26.897246749581452],[-49.08741621459923,-26.89720688843111],[-49.08737008934958,-26.896622323449535],[-49.08803949542449,-26.897088604337405],[-49.0874818423926,-26.896580158203776],[-49.087433519395915,-26.896373311022703],[-49.08704965215863,-26.896287903996257],[-49.08709553531472,-26.896170477246564],[-49.08723440721268,-26.896242612413133],[-49.08703075021947,-26.896002526455202],[-49.08610974772161,-26.895696903799166],[-49.08634318802819,-26.89595262820408],[-49.086247230292905,-26.896002122579983],[-49.085670759825646,-26.89560722000726]],[[-49.085914785632646,-26.89597529265642],[-49.085963308174534,-26.89607682038605],[-49.085828694102524,-26.896005467929548],[-49.085914785632646,-26.89597529265642]],[[-49.08691027195895,-26.896160447663497],[-49.08702047944098,-26.896171548636463],[-49.08698296516147,-26.89620069313517],[-49.08691027195895,-26.896160447663497]],[[-49.086354397957415,-26.896306378251516],[-49.086317243766736,-26.896401288783114],[-49.08626366881528,-26.896361377691075],[-49.086354397957415,-26.896306378251516]],[[-49.08689136824727,-26.89648456201053],[-49.08700823216155,-26.896495504308792],[-49.087096414025986,-26.896727781222026],[-49.0869236663655,-26.896609976817324],[-49.08689136824727,-26.89648456201053]],[[-49.08697059822192,-26.896855423167974],[-49.08685617840555,-26.896839404701506],[-49.0868132235257,-26.896781887796525],[-49.086931896476656,-26.89675301750366],[-49.08697059822192,-26.896855423167974]],[[-49.0871418488392,-26.89694264165883],[-49.087089360596295,-26.896970645927695],[-49.08711598067993,-26.896910724039973],[-49.0871418488392,-26.89694264165883]]],[[[-49.082611575664345,-26.895059316166144],[-49.08279353210411,-26.894955351010882],[-49.08277305427161,-26.89483775510063],[-49.082640817354104,-26.894931485429126],[-49.082611575664345,-26.895059316166144]]],[[[-49.073518434788696,-26.89470189102386],[-49.07366829346686,-26.89473791679689],[-49.07368025862973,-26.894699592528156],[-49.073518434788696,-26.89470189102386]]],[[[-49.07507674475016,-26.894681539508554],[-49.07483730515519,-26.894718586744023],[-49.07513676186612,-26.89488383484579],[-49.07507674475016,-26.894681539508554]]],[[[-49.07497856936703,-26.894589023219954],[-49.074922715968604,-26.894683201222737],[-49.075029061189916,-26.894610381204437],[-49.07497856936703,-26.894589023219954]]],[[[-49.070290238655765,-26.894568181393534],[-49.0702107244403,-26.894478036450465],[-49.07022648288931,-26.8945988722381],[-49.070290238655765,-26.894568181393534]]],[[[-49.07183764389634,-26.894471869205105],[-49.071147650477165,-26.894540847329495],[-49.07292377865326,-26.89493366520778],[-49.07183764389634,-26.894471869205105]]],[[[-49.074833489867686,-26.894549274129915],[-49.0749932781345,-26.894545112312795],[-49.07481617245342,-26.894482193159543],[-49.074833489867686,-26.894549274129915]]],[[[-49.07469848866133,-26.894279243471203],[-49.07405216557849,-26.894382341805752],[-49.07400662831157,-26.89462135972937],[-49.07453248017375,-26.894392631306882],[-49.074758477716074,-26.894585727034617],[-49.07469848866133,-26.894279243471203]]],[[[-49.08177783259129,-26.89426170580801],[-49.08143110844292,-26.89424195680813],[-49.08137324469511,-26.89440825066199],[-49.081545903088916,-26.894334982026198],[-49.08202282039773,-26.894536877617636],[-49.08177783259129,-26.89426170580801]]],[[[-49.06802877171559,-26.893834678979317],[-49.06884292548165,-26.89443174407623],[-49.069111793862895,-26.894269559513244],[-49.06963505527588,-26.894542759046356],[-49.0699729958758,-26.894393149005875],[-49.06926820332707,-26.89420816089516],[-49.06904445941575,-26.893874600715684],[-49.06875970850107,-26.89404468714165],[-49.06802604047796,-26.89359971191384],[-49.06802877171559,-26.893834678979317]]],[[[-49.06787484404091,-26.893601265094365],[-49.06792449893787,-26.89364806550542],[-49.06798078925863,-26.89360066910913],[-49.06787484404091,-26.893601265094365]]],[[[-49.130482161847056,-26.894315008311604],[-49.13125803197483,-26.894465274241835],[-49.13081890287106,-26.894349238550777],[-49.130482161847056,-26.894315008311604]]],[[[-49.13494862610558,-26.894772891032073],[-49.13511857784765,-26.89436650604687],[-49.13497292352491,-26.89423244231674],[-49.134596389911444,-26.89457421428987],[-49.13494862610558,-26.894772891032073]]],[[[-49.06762866958402,-26.89315014493179],[-49.06765495496566,-26.893561177825084],[-49.06794019034086,-26.893533173863563],[-49.067734170361845,-26.893427830635293],[-49.06783216493627,-26.89314819037845],[-49.06762866958402,-26.89315014493179]]],[[[-49.129919685847156,-26.893993822835345],[-49.1300246753025,-26.894018067925906],[-49.12988867052232,-26.893918285222835],[-49.129919685847156,-26.893993822835345]]],[[[-49.04410843505918,-26.892715993739884],[-49.04385098858231,-26.89284087805327],[-49.043868910384965,-26.89326521637252],[-49.043434445375794,-26.893220359510856],[-49.04330524323687,-26.893576380284347],[-49.04320649325888,-26.894255571067003],[-49.04337759270611,-26.89458712466258],[-49.04370515477893,-26.894278630788897],[-49.043831343275684,-26.893679916971234],[-49.044113855714606,-26.89335985000297],[-49.04400788632137,-26.892957734594763],[-49.04410843505918,-26.892715993739884]]],[[[-49.12970638033957,-26.893876622230554],[-49.12985655058398,-26.893885500945675],[-49.129691619720056,-26.893847910227596],[-49.12970638033957,-26.893876622230554]]],[[[-49.12928140806218,-26.893821703975732],[-49.129419633019744,-26.893812687510966],[-49.129317695864124,-26.893758553119604],[-49.12928140806218,-26.893821703975732]]],[[[-49.067636335496296,-26.89308501247474],[-49.067807455709826,-26.892970387582874],[-49.0678192902913,-26.89291680191573],[-49.067635533162075,-26.892952272989533],[-49.067636335496296,-26.89308501247474]]],[[[-49.14979518751861,-26.895516142433827],[-49.149969110505545,-26.895380969637344],[-49.14975892263238,-26.895088621655518],[-49.14986923614268,-26.894919726001913],[-49.149517995805276,-26.893815839646773],[-49.149424280269784,-26.894020842879698],[-49.14956641061707,-26.89523349524494],[-49.14979518751861,-26.895516142433827]]],[[[-49.13434561571269,-26.8937489281934],[-49.13467517188086,-26.893768518615587],[-49.13470544328473,-26.893672511322503],[-49.13448418089539,-26.89354622348526],[-49.13434561571269,-26.8937489281934]]],[[[-49.14012368170083,-26.893569531062468],[-49.140113097503765,-26.893853774143665],[-49.140154652127045,-26.89390193029732],[-49.140205680342085,-26.89370957104848],[-49.14012368170083,-26.893569531062468]]],[[[-49.12854617780388,-26.893437642336902],[-49.128663833915915,-26.89361565265514],[-49.12901287854283,-26.89364122491846],[-49.1288937525208,-26.89343501338357],[-49.12854617780388,-26.893437642336902]]],[[[-49.08280489308779,-26.892655791767602],[-49.082882607599984,-26.892699370850142],[-49.082831958444395,-26.892631280818996],[-49.08280489308779,-26.892655791767602]]],[[[-49.127635615016274,-26.893067177208238],[-49.12814061394148,-26.89356044692529],[-49.12845856861388,-26.893529761802068],[-49.127635615016274,-26.893067177208238]]],[[[-49.06515726121538,-26.89225190743208],[-49.064384438902145,-26.892326447597995],[-49.06423458017843,-26.8926099871073],[-49.06471348552409,-26.89259365273195],[-49.06515726121538,-26.89225190743208]]],[[[-49.070070911991415,-26.892434619452494],[-49.07013835094145,-26.89233866354161],[-49.07006336221166,-26.892242665982344],[-49.07004997077264,-26.892334142821493],[-49.070070911991415,-26.892434619452494]]],[[[-49.06936628148263,-26.892513181134426],[-49.069699652129664,-26.892381150372028],[-49.07001606213013,-26.892199028669797],[-49.06933204131571,-26.892415242198666],[-49.06936628148263,-26.892513181134426]]],[[[-49.07020075682713,-26.892111779313108],[-49.07032381949375,-26.892140229122866],[-49.07036830510589,-26.892106806057857],[-49.07020075682713,-26.892111779313108]]],[[[-49.058250768169756,-26.89182559295827],[-49.058303000051446,-26.89179849637491],[-49.0581822484252,-26.891789580738788],[-49.058250768169756,-26.89182559295827]]],[[[-49.122811659059884,-26.892719256666034],[-49.122883515740426,-26.89263706192119],[-49.12294491212392,-26.892502014942835],[-49.122908778100054,-26.892528621561464],[-49.122811659059884,-26.892719256666034]]],[[[-49.05836442748627,-26.891828264053622],[-49.05842383344703,-26.891975826684728],[-49.05892369088716,-26.89178516093461],[-49.059396471193104,-26.891839060489907],[-49.05954869837668,-26.89158856417962],[-49.05903181416063,-26.891463960119587],[-49.05893963868781,-26.891650478383063],[-49.05836442748627,-26.891828264053622]]],[[[-49.06256259187206,-26.891785693098498],[-49.06154066137447,-26.891993665064653],[-49.06088142185837,-26.89223913077748],[-49.0597682714202,-26.891668419821567],[-49.05974019895537,-26.89192879173086],[-49.06014119682503,-26.892234180015944],[-49.05982074622784,-26.892727216044158],[-49.06006329081362,-26.89324347591971],[-49.06036547995051,-26.893413992770142],[-49.0607702038973,-26.89262118964324],[-49.06107789862239,-26.8927064709776],[-49.06155684416247,-26.892432076794503],[-49.062601217298315,-26.89219462425344],[-49.06290222823131,-26.891947121394537],[-49.063119027461205,-26.89143530111878],[-49.06290493947211,-26.89137351693901],[-49.06256259187206,-26.891785693098498]],[[-49.06051610486051,-26.89245985211924],[-49.060511662353875,-26.89255416525722],[-49.06044026280268,-26.89251424549024],[-49.06051610486051,-26.89245985211924]],[[-49.06061953278261,-26.892544426169806],[-49.06068204563437,-26.892548527556933],[-49.06060647156936,-26.892578300934915],[-49.06061953278261,-26.892544426169806]]],[[[-49.135407393160705,-26.89187581656379],[-49.13547083458262,-26.891938059014382],[-49.135475056065836,-26.89188776814914],[-49.135407393160705,-26.89187581656379]]],[[[-49.07837492406031,-26.891088080599022],[-49.078433521728364,-26.891128929900685],[-49.0784227903577,-26.891088212381415],[-49.07837492406031,-26.891088080599022]]],[[[-49.11747552943315,-26.89090012307622],[-49.117673885524475,-26.890885204747796],[-49.1174653797558,-26.890885348498063],[-49.11747552943315,-26.89090012307622]]],[[[-49.11714887611275,-26.890867018406286],[-49.117216484513,-26.8908775675289],[-49.11722131109007,-26.89082927678203],[-49.11714887611275,-26.890867018406286]]],[[[-49.08507484000771,-26.88967616970621],[-49.08512455499053,-26.88977646993538],[-49.085098939520265,-26.889662970694303],[-49.08507484000771,-26.88967616970621]]],[[[-49.06815501370414,-26.889326344253394],[-49.06840552276092,-26.88973667553359],[-49.068085910848126,-26.88985005594788],[-49.06809467370576,-26.889997969324476],[-49.06840793478376,-26.890121561225424],[-49.067829820417735,-26.890300923320318],[-49.067617544431,-26.890644137067987],[-49.06740374029324,-26.890672910948318],[-49.06779572906478,-26.89097468553056],[-49.06754619309407,-26.891248155743675],[-49.06781130058854,-26.891372795773965],[-49.06781311166044,-26.89167109564912],[-49.06756534589388,-26.891777247851206],[-49.06726116960203,-26.891646233313764],[-49.06634919374734,-26.891937665892232],[-49.06736890018416,-26.891749192120333],[-49.067589950282006,-26.892587861841747],[-49.067878356292304,-26.892445822004255],[-49.06795730029428,-26.892583720035088],[-49.068429247028504,-26.89263360904669],[-49.06816255802763,-26.892779474142962],[-49.06850697807436,-26.892920505036848],[-49.068612397629416,-26.893182111789745],[-49.068600889265234,-26.89295558308557],[-49.06876216591832,-26.893072744258024],[-49.068955518234105,-26.892941095810333],[-49.06890310402166,-26.89213951346581],[-49.06849300034199,-26.892210315493568],[-49.068372939982304,-26.892491993275137],[-49.06808921932698,-26.892474672993167],[-49.06800485152521,-26.892219362339777],[-49.06758188831424,-26.892275219400517],[-49.067629922321494,-26.891918308657957],[-49.06797973984183,-26.891801136328237],[-49.06802861611648,-26.891020048320495],[-49.068279623701834,-26.890765715426728],[-49.06868504450571,-26.890805352592505],[-49.06883410326495,-26.890572867900353],[-49.06870069377175,-26.890447193193847],[-49.069205031464804,-26.890279363866657],[-49.06945913995718,-26.88994004601089],[-49.06969695371653,-26.890035785246205],[-49.06972948887371,-26.89041542898792],[-49.069964496294254,-26.890369418412448],[-49.06974273338339,-26.88991614197938],[-49.06919354300228,-26.889693361605712],[-49.068982294522876,-26.889376493466628],[-49.06815501370414,-26.889326344253394]],[[-49.06879742553034,-26.889905945354123],[-49.06878428097664,-26.890119312836212],[-49.068658862503526,-26.89019723200556],[-49.06856119537445,-26.88989376253048],[-49.06879742553034,-26.889905945354123]],[[-49.06822896312409,-26.88991939028797],[-49.06814870632917,-26.88993105886315],[-49.068163866681125,-26.88989284559522],[-49.06822896312409,-26.88991939028797]]],[[[-49.08591129481733,-26.88915782189816],[-49.086018354502826,-26.88919858103988],[-49.08599968264617,-26.889141482059035],[-49.08591129481733,-26.88915782189816]]],[[[-49.145039746327384,-26.889836162453435],[-49.14454443058357,-26.890469190918054],[-49.14478240337238,-26.890445386102087],[-49.144716914167155,-26.89080073878126],[-49.14491033678551,-26.89105095565399],[-49.14474026136566,-26.891336253249655],[-49.14450534888104,-26.89138719880204],[-49.14453094340552,-26.891583254317432],[-49.14497280039229,-26.891068705469106],[-49.14474836246233,-26.890701830143442],[-49.14507215691808,-26.890162234272353],[-49.145039746327384,-26.889836162453435]]],[[[-49.07809097750809,-26.888718303344394],[-49.0778315482557,-26.888777204205056],[-49.077963740049896,-26.88918001759341],[-49.07777328555564,-26.889201862319048],[-49.077689094596714,-26.889590830476674],[-49.077113497784865,-26.889659906916414],[-49.076712544241964,-26.890130634196996],[-49.077091277009835,-26.89058550758229],[-49.07775001554693,-26.890662706394842],[-49.078213647682574,-26.89022358622865],[-49.07844108103263,-26.890217223976297],[-49.07873562665355,-26.890517619557112],[-49.0784780832583,-26.890945028599813],[-49.078490925921585,-26.89104718885224],[-49.07865889977376,-26.89085191554345],[-49.07857627508508,-26.891341579950133],[-49.07918268443618,-26.89074804083439],[-49.07944823945721,-26.89078161756165],[-49.07943466301694,-26.890539941401457],[-49.07918105221616,-26.890377447592414],[-49.07929315186186,-26.890247990516606],[-49.07887759596651,-26.889971168559345],[-49.07890204340603,-26.889685021088685],[-49.07841972702848,-26.889337564836843],[-49.07836620193354,-26.88913341103676],[-49.07857008545651,-26.888884083834146],[-49.07809097750809,-26.888718303344394]]],[[[-49.0786723171669,-26.88877090774508],[-49.078691634874104,-26.888797699148057],[-49.078758036542915,-26.8886975540197],[-49.0786723171669,-26.88877090774508]]],[[[-49.15468742760123,-26.889693267485338],[-49.15495711620453,-26.889567765064257],[-49.154450021652714,-26.889447559573828],[-49.15448122374369,-26.889549410604555],[-49.15468742760123,-26.889693267485338]]],[[[-49.15419614766262,-26.88947896403003],[-49.15430644747591,-26.88950268657845],[-49.15418866912094,-26.889425793981918],[-49.15419614766262,-26.88947896403003]]],[[[-49.12928449560465,-26.889179527726295],[-49.12935689681358,-26.889080953143555],[-49.12931227378053,-26.889004029340224],[-49.12928449560465,-26.889179527726295]]],[[[-49.137155988955946,-26.88900185042428],[-49.13723018015561,-26.889000419778533],[-49.1372059473215,-26.88897192787182],[-49.137155988955946,-26.88900185042428]]],[[[-49.13712176574856,-26.888920015179735],[-49.13719959919792,-26.88893482311519],[-49.13720295599948,-26.888881728635617],[-49.13712176574856,-26.888920015179735]]],[[[-49.0621581394391,-26.887647609348033],[-49.06188277132305,-26.88756944043009],[-49.06180853254734,-26.887919754705056],[-49.062812916766354,-26.8876185528867],[-49.06289589131866,-26.887421747673038],[-49.0621581394391,-26.887647609348033]]],[[[-49.081664518842565,-26.88758632026658],[-49.081580138318344,-26.88784060755457],[-49.08127540788427,-26.88781058995705],[-49.081105481949095,-26.88799826781486],[-49.08062950214216,-26.887952501049],[-49.08091025712804,-26.88805962045862],[-49.08110748390176,-26.888474264459415],[-49.08141596278283,-26.888477928322974],[-49.08131292089799,-26.88870111956056],[-49.081557844181276,-26.888802904670115],[-49.08162500823653,-26.88866969542125],[-49.08187194918723,-26.888707040804068],[-49.081360314063204,-26.888052896299047],[-49.081715708847504,-26.887923974748258],[-49.08169008413024,-26.888057602582254],[-49.08213849496269,-26.888219171267185],[-49.08226167856071,-26.887960803517217],[-49.08188337024561,-26.887621451987094],[-49.081647684087294,-26.887751740785017],[-49.081664518842565,-26.88758632026658]]],[[[-49.114388433588424,-26.88803348165513],[-49.11428875047604,-26.88876737117632],[-49.114469068721874,-26.88854746372393],[-49.114589894354474,-26.88862146339574],[-49.11450714579389,-26.88926961274723],[-49.11462272624141,-26.889494557861234],[-49.115511392047814,-26.889901944058053],[-49.11565802934791,-26.889775394769096],[-49.115712219774444,-26.890086155122454],[-49.11598846609685,-26.890203116597803],[-49.116061938664004,-26.890792656924603],[-49.115909204486556,-26.891089802318543],[-49.11610424728985,-26.891201216207442],[-49.11617264374735,-26.891668466031934],[-49.116096394621515,-26.892050395484812],[-49.11571058581439,-26.892178420258645],[-49.115733950785184,-26.8922897757202],[-49.11611891132214,-26.89223736658603],[-49.11622618110522,-26.892715707264177],[-49.11628425571762,-26.89240702815934],[-49.11652889119325,-26.892524936894674],[-49.11624844885046,-26.892200325158925],[-49.11635878762337,-26.89092164875353],[-49.116581281742384,-26.89061212637029],[-49.11670775166737,-26.8907639693487],[-49.11681333731435,-26.890680765509803],[-49.11655536480033,-26.890367867124287],[-49.11642238772209,-26.890683779536552],[-49.11626640507914,-26.890495519485263],[-49.116563307618456,-26.89002370902804],[-49.11629414937096,-26.889806815257142],[-49.11608757485406,-26.8898368723035],[-49.11606335077704,-26.889647545881942],[-49.11548207983947,-26.88953990863005],[-49.11575549205905,-26.88922390523557],[-49.11509725347045,-26.88940146298427],[-49.1147113008051,-26.88924798751489],[-49.114674919428325,-26.888768919134524],[-49.11506514536623,-26.888309811225422],[-49.11485421907904,-26.887958025522014],[-49.114388433588424,-26.88803348165513]]],[[[-49.06480374738004,-26.887229612380505],[-49.06482772895514,-26.887252629242703],[-49.06491365378258,-26.887222635279187],[-49.06480374738004,-26.887229612380505]]],[[[-49.110471978411546,-26.88768959301095],[-49.11054452378942,-26.887708404795635],[-49.11055078517284,-26.88764336621974],[-49.110471978411546,-26.88768959301095]]],[[[-49.1324966000505,-26.888633209702018],[-49.132598797172044,-26.888583189198652],[-49.132614427103206,-26.887778511702866],[-49.132341580907486,-26.888020561429137],[-49.1324966000505,-26.888633209702018]]],[[[-49.094175318643245,-26.88727455096417],[-49.09426463623386,-26.88729249883696],[-49.09428768973624,-26.887266047236388],[-49.094175318643245,-26.88727455096417]]],[[[-49.11894817767405,-26.887544794711097],[-49.11899148640208,-26.887514037767204],[-49.11893399450414,-26.887464250772872],[-49.11894817767405,-26.887544794711097]]],[[[-49.06095534445374,-26.88684760979955],[-49.061054150158654,-26.88670744607051],[-49.0610544703,-26.886676466965998],[-49.06099382964917,-26.88672903656407],[-49.06095534445374,-26.88684760979955]]],[[[-49.0939008877801,-26.88718338342761],[-49.09416552916342,-26.887227857130927],[-49.0939819054939,-26.88690984461395],[-49.0939008877801,-26.88718338342761]]],[[[-49.07858458101374,-26.886779145648017],[-49.07805276485625,-26.886747561347477],[-49.07840584949768,-26.887089221054534],[-49.0781480726807,-26.887368018550134],[-49.07880118589634,-26.887909157719015],[-49.078901791034,-26.887247650675537],[-49.07858458101374,-26.886779145648017]]],[[[-49.1178561618814,-26.887489106813792],[-49.11823051463263,-26.88757234639627],[-49.11839444327334,-26.887457049199874],[-49.11816312371031,-26.887366891019003],[-49.118126941618875,-26.887108506468387],[-49.1178561618814,-26.887489106813792]]],[[[-49.08757880036333,-26.886723953583726],[-49.087641415513495,-26.886728684162474],[-49.08763001260401,-26.886664170165485],[-49.08757880036333,-26.886723953583726]]],[[[-49.139356646941124,-26.887290887167538],[-49.13939576793377,-26.88734903854344],[-49.139413384729124,-26.887302050103862],[-49.139356646941124,-26.887290887167538]]],[[[-49.114129592132024,-26.88766158753535],[-49.11449744379105,-26.887171856929232],[-49.114412868747245,-26.886870786709977],[-49.11402676755625,-26.887510353719314],[-49.114129592132024,-26.88766158753535]]],[[[-49.1342133322713,-26.887100714002795],[-49.133976346273606,-26.887123780190908],[-49.13439129415294,-26.887482932066362],[-49.13456805854007,-26.887411659412574],[-49.1342133322713,-26.887100714002795]]],[[[-49.13388010957045,-26.886998513419762],[-49.13388174501357,-26.8870739808623],[-49.13411324323618,-26.887055988751488],[-49.13388010957045,-26.886998513419762]]],[[[-49.1434126453791,-26.887246602757568],[-49.1446346530293,-26.888582778522178],[-49.145114661845106,-26.889670329997347],[-49.14501979397042,-26.888844194845632],[-49.14463682683536,-26.888196200592432],[-49.14513037359074,-26.88806271511668],[-49.14451120121766,-26.88798608700078],[-49.14344346934598,-26.88684780699438],[-49.1434126453791,-26.887246602757568]]],[[[-49.11267031956232,-26.886604547321134],[-49.11214243439567,-26.886839189297948],[-49.112143216637094,-26.8869862928152],[-49.111739365947656,-26.88707811286507],[-49.111469798046336,-26.886895918152117],[-49.1113233170654,-26.887077281583405],[-49.110994672400935,-26.886890372682615],[-49.11090837767739,-26.88723578126623],[-49.11053978948932,-26.887531653404785],[-49.11000672589879,-26.887690499028967],[-49.10972215861446,-26.887491033998103],[-49.10951205692574,-26.887586375329906],[-49.109560428515884,-26.887866110225282],[-49.10931572719354,-26.888091389535163],[-49.10957552314577,-26.88797513718095],[-49.109590801914514,-26.88776977768863],[-49.10977116023323,-26.887858129866974],[-49.11071991262227,-26.887530465427457],[-49.11073248878536,-26.887655542222184],[-49.11183381000412,-26.887534130188378],[-49.112086474720726,-26.88764408397972],[-49.112199480890524,-26.887522072192183],[-49.111942173569226,-26.887240042626004],[-49.112135223825895,-26.887094304280744],[-49.112461668521256,-26.88712550735067],[-49.11276162905222,-26.88744969404332],[-49.11316990718127,-26.887549272517074],[-49.11277307697667,-26.88695604277502],[-49.11249019505117,-26.886799242952833],[-49.112705412978954,-26.886723025559508],[-49.1129833759411,-26.886908123555504],[-49.113171073958156,-26.88661642158232],[-49.11283655995416,-26.8867459281649],[-49.11265403627413,-26.886356255607133],[-49.11267031956232,-26.886604547321134]],[[-49.11258453348798,-26.887019267733333],[-49.11248369277909,-26.88697540944967],[-49.1121905201281,-26.886935444857983],[-49.11244998189197,-26.886921265245853],[-49.11258453348798,-26.887019267733333]],[[-49.111784431268674,-26.88719315942548],[-49.11178198651345,-26.887231619156832],[-49.11165379433524,-26.887237110925316],[-49.111784431268674,-26.88719315942548]],[[-49.11096758599112,-26.887235525431073],[-49.11104212132407,-26.88729484699703],[-49.110938960347724,-26.887318744661897],[-49.11096758599112,-26.887235525431073]],[[-49.111055954745886,-26.887399026653934],[-49.11105304527698,-26.887500250891406],[-49.11099682458898,-26.887466304799002],[-49.111055954745886,-26.887399026653934]],[[-49.11123176892688,-26.887490336739912],[-49.11138480528771,-26.88748555718217],[-49.1112129864565,-26.887554397704452],[-49.11123176892688,-26.887490336739912]]],[[[-49.13901588882041,-26.886453424919004],[-49.13908819083181,-26.88647949888763],[-49.139067913915326,-26.886447690515098],[-49.13901588882041,-26.886453424919004]]],[[[-49.06830757792034,-26.885168811053962],[-49.06837080919182,-26.88516442692198],[-49.06832861805331,-26.885140412595256],[-49.06830757792034,-26.885168811053962]]],[[[-49.06878941766338,-26.884928327521624],[-49.06885645199195,-26.884949635887452],[-49.06886172463293,-26.884924318417053],[-49.06878941766338,-26.884928327521624]]],[[[-49.06879255595908,-26.884298267621336],[-49.06885694576542,-26.88432155578712],[-49.06881678859393,-26.884270448179006],[-49.06879255595908,-26.884298267621336]]],[[[-49.09778370467609,-26.883674025930343],[-49.098014473876944,-26.88434405147365],[-49.09832421306579,-26.884496483372764],[-49.098670504721134,-26.8850325650223],[-49.09898485054593,-26.885094677018383],[-49.09879113476291,-26.884742389475797],[-49.098966118487134,-26.884560167852193],[-49.09914848197176,-26.884835643060807],[-49.09918625167382,-26.884564585675324],[-49.09884612774561,-26.883874563522557],[-49.098478696828224,-26.883896288066882],[-49.098182446927055,-26.883555011727925],[-49.09778370467609,-26.883674025930343]]],[[[-49.08040912734513,-26.883398957604363],[-49.08062104337705,-26.88333103246868],[-49.08065540187235,-26.883287888899165],[-49.08049918169245,-26.883320341540475],[-49.08040912734513,-26.883398957604363]]],[[[-49.0718135765503,-26.883048390933446],[-49.07199049500097,-26.883100672575754],[-49.071798448938175,-26.882984702317017],[-49.0718135765503,-26.883048390933446]]],[[[-49.138216745755436,-26.88385106796682],[-49.13834435024412,-26.883822560085946],[-49.13823306416606,-26.883808742855805],[-49.138216745755436,-26.88385106796682]]],[[[-49.090443651777456,-26.882997352741363],[-49.09055433374932,-26.883061554841152],[-49.0905549736707,-26.88300513461441],[-49.090443651777456,-26.882997352741363]]],[[[-49.059575869780765,-26.88248193568419],[-49.059910043855474,-26.882619026915165],[-49.06037182683258,-26.88263659990026],[-49.059575869780765,-26.88248193568419]]],[[[-49.08994530674673,-26.882927383799547],[-49.08992412390146,-26.882798031630735],[-49.0896724875957,-26.883192239249944],[-49.08922979476232,-26.883272062966142],[-49.089207254273944,-26.883170670412433],[-49.08901458604,-26.88345514054353],[-49.089067088456325,-26.88364883079641],[-49.088847106109036,-26.883840299280422],[-49.08935515638458,-26.88434923309592],[-49.089191968350654,-26.884504278434267],[-49.08878146938615,-26.88423799880216],[-49.08891061858884,-26.884878735834786],[-49.08859055199597,-26.88478571391008],[-49.088526535105494,-26.885466922491073],[-49.08866705412241,-26.885323782029044],[-49.08892497791748,-26.88547092420407],[-49.089313986256776,-26.885016728221515],[-49.0900636960566,-26.882684542181106],[-49.08994530674673,-26.882927383799547]]],[[[-49.14613143917022,-26.883431383047633],[-49.146243286622,-26.88348079354746],[-49.14630536771167,-26.883450007975245],[-49.146290774737274,-26.88344011834682],[-49.14613143917022,-26.883431383047633]]],[[[-49.139926874133245,-26.883290443578215],[-49.13990689308922,-26.883364513328196],[-49.140023874619395,-26.883325208837185],[-49.139926874133245,-26.883290443578215]]],[[[-49.1411603238811,-26.883269137637686],[-49.14120749886952,-26.88335113864169],[-49.14119588252071,-26.883260946574577],[-49.1411603238811,-26.883269137637686]]],[[[-49.10108769744604,-26.882524283862548],[-49.10101051915195,-26.88297952830766],[-49.101123519694525,-26.883309504189654],[-49.1012061789189,-26.8826156295709],[-49.10163078915456,-26.882494320126053],[-49.10127829146406,-26.88242154875447],[-49.10108769744604,-26.882524283862548]]],[[[-49.06096697952521,-26.882803846194975],[-49.06053891133851,-26.88268349249422],[-49.06141144527293,-26.883576782065024],[-49.061131236640435,-26.883836862502584],[-49.061811887838076,-26.884359705271475],[-49.061807242073165,-26.884591256314238],[-49.06225597269114,-26.885053004301998],[-49.0623015386802,-26.885376235227426],[-49.0621447049547,-26.88570101273749],[-49.061764905141345,-26.885754645646518],[-49.06117087495743,-26.886186179014462],[-49.061084721771536,-26.886542322202512],[-49.06140338923627,-26.88620726542001],[-49.06195445897672,-26.88595956563532],[-49.06225483540204,-26.885910244612585],[-49.062317152543656,-26.886084664013467],[-49.062740029777345,-26.885679910114945],[-49.062286709279334,-26.884877649335515],[-49.06261925539399,-26.88480001378397],[-49.062537865884956,-26.884552001510613],[-49.061556797949336,-26.88351710990102],[-49.061532582560226,-26.883404345731417],[-49.061810082457626,-26.883325259278674],[-49.06148859522524,-26.88313733942124],[-49.06117588527459,-26.8826767824127],[-49.061192025509435,-26.88160693785075],[-49.06096697952521,-26.882803846194975]]],[[[-49.08285391251093,-26.882162267782686],[-49.08251533938952,-26.88204471924431],[-49.08251316677762,-26.882260029782838],[-49.08312363898288,-26.8830729370028],[-49.08299464765185,-26.883453429841897],[-49.08313168376876,-26.88363158593697],[-49.08285734855542,-26.883836035277625],[-49.082980137791125,-26.883912058777128],[-49.0828625464272,-26.884430199943626],[-49.082992904472746,-26.884646545508907],[-49.08290266380904,-26.88477046813242],[-49.08246385890277,-26.884791609609678],[-49.08201393436993,-26.88533681945269],[-49.08179968299147,-26.885350859365698],[-49.08136852063701,-26.885070981139133],[-49.08144079421386,-26.88474045785834],[-49.0809709349576,-26.884454358607876],[-49.08090044291825,-26.884204014755614],[-49.08043168362841,-26.884425588145614],[-49.080470688551394,-26.884177470612418],[-49.0801817410812,-26.883735740978434],[-49.08035373384592,-26.88413207803289],[-49.0802509892269,-26.88441900495624],[-49.08065062087503,-26.88503019155931],[-49.08018493888341,-26.885544494934432],[-49.080257480554494,-26.88571513442894],[-49.079726094261716,-26.88640998891927],[-49.080042946418004,-26.886389654280112],[-49.08011410089425,-26.886706803547312],[-49.08049807676299,-26.886886719453525],[-49.08027765359515,-26.887258652372743],[-49.08077815443158,-26.88768321774928],[-49.081349216578246,-26.88745476222625],[-49.08131426695101,-26.8872252919931],[-49.081620053544654,-26.886884139504218],[-49.08140768307698,-26.886599688004434],[-49.08155387789172,-26.886536610114703],[-49.08154244822079,-26.886259472824175],[-49.08165963388368,-26.88626830830414],[-49.08164429684397,-26.886567832745826],[-49.08207954108658,-26.886412394478466],[-49.0824230628956,-26.886582075644462],[-49.082507134431346,-26.886279005842713],[-49.08263077535202,-26.886391627114556],[-49.082787707020685,-26.886299205709655],[-49.08228340938515,-26.885563652023873],[-49.082462517671914,-26.885155173798694],[-49.0828509099934,-26.885351550757786],[-49.08325925757295,-26.88487409908681],[-49.08365760384708,-26.885000434189262],[-49.083995242234884,-26.884733305891334],[-49.08375163270601,-26.883764801792175],[-49.08414085281377,-26.883717580677022],[-49.08385535236404,-26.883058927213295],[-49.084106570074646,-26.88282204350539],[-49.08409022650253,-26.88255321763997],[-49.08393287980002,-26.882490115159634],[-49.084145177302965,-26.882429800527916],[-49.08393317377525,-26.882118712312842],[-49.08313043429388,-26.88159738890498],[-49.08307137187212,-26.882030113468513],[-49.08285391251093,-26.882162267782686]],[[-49.08349220717277,-26.88419370677337],[-49.08337350335998,-26.884233053513316],[-49.083424129532006,-26.88414913624839],[-49.08349220717277,-26.88419370677337]],[[-49.08356613933029,-26.884297348998622],[-49.083325043098206,-26.88460726960821],[-49.08331510278087,-26.88445189990907],[-49.083087185252516,-26.884469205590417],[-49.08356613933029,-26.884297348998622]],[[-49.08256372220961,-26.88495556123922],[-49.082516281919084,-26.88499505958691],[-49.08253830217597,-26.884937378470365],[-49.08256372220961,-26.88495556123922]],[[-49.080924904507945,-26.8849232680638],[-49.08105083003988,-26.884988777942432],[-49.080845169891475,-26.885085787213253],[-49.080924904507945,-26.8849232680638]]],[[[-49.08269865481913,-26.88149876123934],[-49.082828337901134,-26.881450552422013],[-49.08284011503547,-26.881311154588012],[-49.082688971726654,-26.881335345334072],[-49.08269865481913,-26.88149876123934]]],[[[-49.08320622343513,-26.881193617274334],[-49.0842036553295,-26.88210459143835],[-49.08432454506739,-26.882125943295502],[-49.08320622343513,-26.881193617274334]]],[[[-49.13820554209076,-26.88130325846299],[-49.138288538956154,-26.881316066902635],[-49.13825342832432,-26.881270863727345],[-49.13820554209076,-26.88130325846299]]],[[[-49.0895454549655,-26.880882165257162],[-49.08971373708773,-26.88046130383666],[-49.08961888210921,-26.88036827953749],[-49.08948759595391,-26.880778236177928],[-49.0895454549655,-26.880882165257162]]],[[[-49.14097835856762,-26.881175560921143],[-49.14113538904658,-26.881147935220685],[-49.14113426476636,-26.881049685165795],[-49.141008539905,-26.88103397995498],[-49.14097835856762,-26.881175560921143]]],[[[-49.06953026280096,-26.879749352195127],[-49.069598181351296,-26.87980622250739],[-49.06960093422861,-26.879747073406374],[-49.06953026280096,-26.879749352195127]]],[[[-49.06913547180934,-26.87976512181111],[-49.06928631781336,-26.87980277700403],[-49.06926163186923,-26.87974603680159],[-49.06913547180934,-26.87976512181111]]],[[[-49.06977486250429,-26.881166394867616],[-49.0697802906031,-26.880139464624396],[-49.069690884494136,-26.87946646818291],[-49.069687406460154,-26.880965931279892],[-49.06977486250429,-26.881166394867616]]],[[[-49.092741272443845,-26.879585849426565],[-49.09282024605696,-26.87960670509954],[-49.092802726628875,-26.87955978674064],[-49.092741272443845,-26.879585849426565]]],[[[-49.083888752753424,-26.879197816570898],[-49.08386591772975,-26.87929221181815],[-49.08394886470543,-26.879170824095674],[-49.083888752753424,-26.879197816570898]]],[[[-49.099654035733465,-26.87931004638447],[-49.09961733745459,-26.879522334055686],[-49.09995698913488,-26.879344281489672],[-49.099878316307255,-26.879306667056074],[-49.099654035733465,-26.87931004638447]],[[-49.09966719513868,-26.87939243132664],[-49.09972580963344,-26.879423391387554],[-49.099708247224214,-26.87946116229073],[-49.09966719513868,-26.87939243132664]]],[[[-49.141013611389866,-26.87982156612715],[-49.141099011475234,-26.879848136827768],[-49.14113267675909,-26.87983188280763],[-49.141013611389866,-26.87982156612715]]],[[[-49.14048210754251,-26.879548422146243],[-49.14030974254613,-26.879735960026125],[-49.14048055785774,-26.88003607197998],[-49.140534652787224,-26.879628105647267],[-49.1407616559738,-26.879611941976155],[-49.14048210754251,-26.879548422146243]]],[[[-49.092691490542364,-26.87953060549581],[-49.09264713103956,-26.878912209389274],[-49.0924459949501,-26.87876238221334],[-49.092346262491105,-26.879252773380806],[-49.092691490542364,-26.87953060549581]]],[[[-49.14074638097073,-26.87953155395794],[-49.14087953210504,-26.87932707065689],[-49.14079060635325,-26.879190782798215],[-49.14074507461606,-26.879261740642477],[-49.14074638097073,-26.87953155395794]]],[[[-49.11559964779559,-26.878746735632312],[-49.115765322158964,-26.878469916707026],[-49.11577525552965,-26.878357758623796],[-49.11563236299899,-26.878602004589588],[-49.11559964779559,-26.878746735632312]]],[[[-49.09353067474023,-26.877881282016567],[-49.0935727991807,-26.877837039898854],[-49.09354763935845,-26.87781877830087],[-49.09353067474023,-26.877881282016567]]],[[[-49.140539857005535,-26.87852493523726],[-49.14030956397329,-26.878711204639682],[-49.14070617558394,-26.87872419410653],[-49.140824149034174,-26.878928899421332],[-49.14097062539748,-26.878726058792275],[-49.140752253472996,-26.878586326370264],[-49.14112651909703,-26.878476553755934],[-49.140539857005535,-26.87852493523726]]],[[[-49.1157917343889,-26.878311952562594],[-49.115864731409815,-26.878234646766085],[-49.11592082244773,-26.878014355159568],[-49.11578680461267,-26.878211617062505],[-49.1157917343889,-26.878311952562594]]],[[[-49.115101300645854,-26.878344568485048],[-49.11538204180408,-26.8784433110505],[-49.1154962528426,-26.878235722967226],[-49.11507031725079,-26.877967658902303],[-49.114956143810936,-26.878100262249518],[-49.115101300645854,-26.878344568485048]]],[[[-49.100829837100456,-26.877483766640673],[-49.10018425755194,-26.87772252270449],[-49.10038155382848,-26.877988365873165],[-49.100038000605146,-26.877914354968492],[-49.100163951096036,-26.878244926271567],[-49.09944458496584,-26.878202556642165],[-49.099952278438884,-26.87855826347605],[-49.09981242209177,-26.87882360645442],[-49.100183674798515,-26.878865311058508],[-49.10030535080785,-26.87874557669638],[-49.100362609754654,-26.878870748745786],[-49.10039339882523,-26.878404656172172],[-49.10082533099253,-26.8783428206951],[-49.100845424800454,-26.87811070864389],[-49.10116917578202,-26.8782202604433],[-49.101232802002485,-26.877869472731103],[-49.100829837100456,-26.877483766640673]],[[-49.10075989041695,-26.877616051995428],[-49.10068103295781,-26.877653965870632],[-49.10068978273277,-26.877576198990244],[-49.10075989041695,-26.877616051995428]],[[-49.10108877284174,-26.877819100726313],[-49.10099967271778,-26.877828441317718],[-49.101003153294826,-26.87778760482175],[-49.10108877284174,-26.877819100726313]],[[-49.10076007333431,-26.877805729557064],[-49.1006904859253,-26.877859642460233],[-49.10070632223643,-26.87777980601506],[-49.10076007333431,-26.877805729557064]]],[[[-49.140566008857505,-26.878040186834536],[-49.14072737651003,-26.878280189369182],[-49.14103169942549,-26.87817713393842],[-49.140917410425914,-26.87790215730571],[-49.140566008857505,-26.878040186834536]],[[-49.14082585884396,-26.87811283324311],[-49.140750259026035,-26.878087855683383],[-49.140825945211084,-26.878044966588238],[-49.14082585884396,-26.87811283324311]]],[[[-49.085148668007044,-26.876730694054412],[-49.08497065133853,-26.876853595628752],[-49.08531917344499,-26.876791453902687],[-49.085148668007044,-26.876730694054412]]],[[[-49.08495878326391,-26.876414054118815],[-49.08483724808395,-26.87654159738554],[-49.084842216294774,-26.87669647631178],[-49.08501313333196,-26.876528463878426],[-49.08495878326391,-26.876414054118815]]],[[[-49.0814375001418,-26.875926531836196],[-49.08172659680027,-26.875843753610717],[-49.08183711257137,-26.87571280339752],[-49.08153262700975,-26.875693258991507],[-49.0814375001418,-26.875926531836196]]],[[[-49.06619425378225,-26.875434922977952],[-49.066661614255054,-26.875522807940573],[-49.06676830684018,-26.875441528885403],[-49.06629501361567,-26.875394910944514],[-49.06619425378225,-26.875434922977952]]],[[[-49.06691674766144,-26.87533466616503],[-49.0669032418035,-26.875372779879775],[-49.067016724525566,-26.875288351417684],[-49.06691674766144,-26.87533466616503]]],[[[-49.08091298516001,-26.875784216827093],[-49.08092426573655,-26.875494397601855],[-49.08090012203725,-26.875446874044954],[-49.080829155181135,-26.875653979061898],[-49.08091298516001,-26.875784216827093]]],[[[-49.18077725266753,-26.87660775521828],[-49.18033820231813,-26.876839180151357],[-49.18004339459668,-26.876750579565122],[-49.17930366263375,-26.876972305930266],[-49.17889648275849,-26.877203580883084],[-49.17883266464032,-26.877424998687353],[-49.18042910985434,-26.877279667927],[-49.181660224019076,-26.877359346839192],[-49.182410649547265,-26.877905395259077],[-49.18347822612198,-26.879404230160816],[-49.18419415095822,-26.87963333526651],[-49.18472509764539,-26.879495522955242],[-49.18432883991532,-26.87950249723125],[-49.18384353366422,-26.87922302328176],[-49.183894092922635,-26.8789719841893],[-49.18324460772506,-26.878180690492247],[-49.181952335714946,-26.876930631287586],[-49.181160959811244,-26.87660106339532],[-49.18077725266753,-26.87660775521828]]],[[[-49.14033690882077,-26.875833751047498],[-49.139951327358,-26.875889164643144],[-49.14037784297653,-26.875848768617193],[-49.14033690882077,-26.875833751047498]]],[[[-49.10043991322955,-26.874801549538454],[-49.10052903843624,-26.874733441759226],[-49.100468973814976,-26.874663218046418],[-49.100405010220385,-26.874693532038048],[-49.10043991322955,-26.874801549538454]]],[[[-49.13776806962879,-26.874878869751036],[-49.13770452279403,-26.87489562726284],[-49.13779596558407,-26.874924234512722],[-49.13776806962879,-26.874878869751036]]],[[[-49.065388964149854,-26.87560387444698],[-49.06512918536962,-26.876626593922616],[-49.065225005267294,-26.877398549355338],[-49.06580365731839,-26.87804875175829],[-49.06597139105034,-26.87906681058861],[-49.066331561773374,-26.879501301259346],[-49.066501061810946,-26.87949562441771],[-49.066828332632284,-26.880068100841513],[-49.06734983609602,-26.880381648800892],[-49.067589045564446,-26.881283774674408],[-49.06675051657,-26.88247865926896],[-49.06617917290957,-26.882778514477348],[-49.06522163395215,-26.882677829676116],[-49.06531005927496,-26.883145951378907],[-49.064974618144525,-26.88342503096552],[-49.06519068051642,-26.883835536880767],[-49.064448517752446,-26.884175580442268],[-49.06454829806313,-26.884600203322094],[-49.0644337018406,-26.884755014566412],[-49.06480122131078,-26.88509146184413],[-49.06456940001095,-26.885328187347366],[-49.064238555685684,-26.885401814307176],[-49.06410821472187,-26.885577923246384],[-49.063610483990615,-26.88546932483509],[-49.063290467196275,-26.88558717423924],[-49.06312891104275,-26.885206795582338],[-49.06295980391761,-26.885279033143885],[-49.06296385084069,-26.885612085065375],[-49.06319181497398,-26.885975250065147],[-49.06428644840255,-26.8863638753284],[-49.063966284192816,-26.886744918180174],[-49.06393831592973,-26.88736142371014],[-49.06409403248048,-26.887446779612155],[-49.06343486992478,-26.888391302908275],[-49.06393675659084,-26.8888775419992],[-49.063973506108724,-26.88987865915646],[-49.06370584644794,-26.890747675002206],[-49.063388073383756,-26.89098675359208],[-49.063473880820396,-26.891170370098102],[-49.06406633159264,-26.890824388072478],[-49.06433106061309,-26.88975867167894],[-49.06410820754683,-26.888072784784892],[-49.064495905804264,-26.88789325813835],[-49.06468521354056,-26.887358912781377],[-49.064512050391635,-26.88719919906752],[-49.06475726369364,-26.887061437740723],[-49.064753388011006,-26.886804837091507],[-49.0658208892946,-26.88613967062101],[-49.06691285845667,-26.88581866328031],[-49.06781505515919,-26.885266151280685],[-49.06817554712542,-26.885237504905522],[-49.06789112797803,-26.885146682402],[-49.06796303540479,-26.884961372255074],[-49.06841339876118,-26.884891850122806],[-49.06832761222952,-26.88480064584292],[-49.06855685819277,-26.884698424831978],[-49.06911718798241,-26.884975887626695],[-49.06928228919449,-26.88470389659584],[-49.06904592749176,-26.88427572768975],[-49.06914619198966,-26.88343256063097],[-49.069300802385925,-26.883702446247828],[-49.069184718319015,-26.88281984326598],[-49.06903383533901,-26.88272971497648],[-49.06903913281822,-26.88299030604546],[-49.06827862495339,-26.883159425462647],[-49.06810264462613,-26.882246601642915],[-49.06867508922267,-26.881638224089215],[-49.06925268461126,-26.88189660685437],[-49.06911061923031,-26.88131670396603],[-49.068713827887095,-26.881199449792888],[-49.06875167366188,-26.881006736569386],[-49.0682874756143,-26.880382008669564],[-49.06863425987147,-26.880100704647283],[-49.06864512897835,-26.879877716981298],[-49.068956239788676,-26.880073511167062],[-49.06912476982524,-26.879987752743386],[-49.0689092926782,-26.879739867132777],[-49.068208659145746,-26.879730541922022],[-49.06786334371212,-26.879427050750245],[-49.06814044443884,-26.879177234701626],[-49.06808489397126,-26.878979416374985],[-49.06797832363413,-26.879036297229884],[-49.06761464910988,-26.87878286733725],[-49.067739674973836,-26.878595418743547],[-49.0674240246809,-26.878524684503336],[-49.06693864234605,-26.877951078091616],[-49.06710573124682,-26.878451196157428],[-49.06619547926379,-26.878606098237345],[-49.06614252206738,-26.878242468194593],[-49.06636991925271,-26.87824235251988],[-49.06649027122677,-26.878410746841876],[-49.06681864867494,-26.878193531980422],[-49.0660196357701,-26.878119673255796],[-49.065335845787686,-26.87731390044791],[-49.06524632742699,-26.876619424672796],[-49.06542294002866,-26.87576321728067],[-49.06583356772122,-26.875682167899296],[-49.06602521108562,-26.875558833690107],[-49.065498810113496,-26.875641428159803],[-49.06508385977892,-26.87479035696574],[-49.06518587531627,-26.874132693443784],[-49.06474317324878,-26.87370162990488],[-49.064786664581746,-26.873917436621586],[-49.065114972204434,-26.874176598494746],[-49.06501561185186,-26.87493491525895],[-49.065388964149854,-26.87560387444698]],[[-49.06680100359765,-26.87864195072181],[-49.06719927706959,-26.87865244418667],[-49.06730712121864,-26.878935169606574],[-49.067108707428226,-26.878933809096093],[-49.06713619423097,-26.87872969855966],[-49.066820560402306,-26.878825271316067],[-49.06680100359765,-26.87864195072181]],[[-49.066564950317634,-26.87881134902215],[-49.066407112708916,-26.87879126233394],[-49.06639714986385,-26.878682861943304],[-49.06659203385775,-26.878660486747634],[-49.066564950317634,-26.87881134902215]],[[-49.06703323305494,-26.879059529062804],[-49.06709451888735,-26.879130589466783],[-49.06704796293047,-26.879130554574644],[-49.06703323305494,-26.879059529062804]],[[-49.066712303693905,-26.879107681577107],[-49.066742387098735,-26.879261690745153],[-49.066545119589684,-26.879231099296543],[-49.06652988226903,-26.879127956302447],[-49.066712303693905,-26.879107681577107]],[[-49.06706623590556,-26.87937980963038],[-49.067239982854936,-26.879074994280586],[-49.06749189847398,-26.879309257188996],[-49.06706623590556,-26.87937980963038]],[[-49.066741798360425,-26.87948679991466],[-49.066690635484434,-26.879514440984007],[-49.06667960277764,-26.879443144928956],[-49.066741798360425,-26.87948679991466]],[[-49.067235571787656,-26.879722473136983],[-49.06687656100537,-26.879782016060876],[-49.06679118880795,-26.879662982487908],[-49.06716689097474,-26.879571976345915],[-49.067235571787656,-26.879722473136983]],[[-49.06832927246734,-26.880097525955335],[-49.06825938030246,-26.880083679645065],[-49.06831540564381,-26.880053432791613],[-49.06832927246734,-26.880097525955335]],[[-49.06805063068373,-26.880524056198485],[-49.06796329196026,-26.8805072316907],[-49.06805411664949,-26.880505301706442],[-49.06805063068373,-26.880524056198485]],[[-49.06780556325393,-26.880756955134743],[-49.06828505327223,-26.88097245539012],[-49.0681156123206,-26.881235457370444],[-49.06795167388737,-26.880939525325147],[-49.06784561917838,-26.881089237994434],[-49.06780556325393,-26.880756955134743]],[[-49.068224251369024,-26.880852131697875],[-49.06818358636133,-26.880782650607422],[-49.06824711261581,-26.880859130455022],[-49.068224251369024,-26.880852131697875]],[[-49.068100693501506,-26.881623976162537],[-49.06816203772281,-26.881868337641006],[-49.06793980558076,-26.88199807985489],[-49.067849192660816,-26.88184337395513],[-49.068100693501506,-26.881623976162537]],[[-49.06661263009393,-26.88279319982352],[-49.066505775265846,-26.882775951369435],[-49.0665422638504,-26.88274162880461],[-49.06661263009393,-26.88279319982352]],[[-49.06756523741804,-26.883143390464397],[-49.067657453921,-26.883485000145676],[-49.06730739245247,-26.884726773915702],[-49.06689679018156,-26.885290451209578],[-49.06619982069801,-26.88527155171906],[-49.066311193663864,-26.884918522333933],[-49.065984154480105,-26.884865261979918],[-49.06587252782547,-26.884678315733197],[-49.06628376337492,-26.88379268527173],[-49.06698250346493,-26.883163320985943],[-49.06756523741804,-26.883143390464397]],[[-49.0683514914984,-26.884574483237007],[-49.06811502078087,-26.884313458542824],[-49.06819599583703,-26.883940763358606],[-49.068946722150145,-26.884285777691257],[-49.0687056772623,-26.88451426423738],[-49.0683514914984,-26.884574483237007]],[[-49.06789338582571,-26.884438119938377],[-49.06769608156005,-26.884386270045503],[-49.067714693492626,-26.884187835486266],[-49.06784232983004,-26.884210527757986],[-49.06789338582571,-26.884438119938377]],[[-49.06909610345489,-26.88324150744454],[-49.06909220084135,-26.883121991788055],[-49.069132455889516,-26.883292371848526],[-49.06909610345489,-26.88324150744454]],[[-49.063990101320805,-26.88583954760563],[-49.064125154517725,-26.885871326382432],[-49.064148274227485,-26.885927506132212],[-49.064001648847984,-26.88595657476165],[-49.063990101320805,-26.88583954760563]]],[[[-49.10282604339858,-26.87428319514433],[-49.10302266702321,-26.874254496205925],[-49.10281245930285,-26.874227433123394],[-49.10282604339858,-26.87428319514433]]],[[[-49.08300772640642,-26.873807425971087],[-49.08309846656962,-26.874200001973843],[-49.08241621979286,-26.874282917349326],[-49.08275467086967,-26.874529963893394],[-49.0824154943061,-26.87481495180097],[-49.08201073964145,-26.874702961481823],[-49.08206021646371,-26.875063304059182],[-49.08184691472886,-26.87521973678401],[-49.08112676177356,-26.875098650420483],[-49.0812002496166,-26.87548545530899],[-49.081413578713814,-26.875679069092463],[-49.0816713882339,-26.87548024780399],[-49.08210854686114,-26.875426647744952],[-49.08297225239525,-26.87482664349482],[-49.08368428629202,-26.874986367524762],[-49.08344351741584,-26.87446763577276],[-49.08396717023602,-26.87475282504358],[-49.08353193940833,-26.874267353299196],[-49.083647715197266,-26.87394103114404],[-49.08300772640642,-26.873807425971087]],[[-49.08154490043395,-26.875313002020153],[-49.081475712168306,-26.875292099354862],[-49.08154982105086,-26.875302712053575],[-49.08154490043395,-26.875313002020153]]],[[[-49.14245762264165,-26.874369013711917],[-49.14193029110341,-26.87473626594008],[-49.1421191117682,-26.87527300152069],[-49.142217364159606,-26.875093503800755],[-49.1424818653893,-26.87510022773534],[-49.14246018570069,-26.87469457119743],[-49.14263571913374,-26.874392664142636],[-49.14245762264165,-26.874369013711917]]],[[[-49.06476044945611,-26.873642635146084],[-49.06472285997517,-26.87347817854646],[-49.06433493239527,-26.873230852252075],[-49.06468219424127,-26.873505424569245],[-49.06476044945611,-26.873642635146084]]],[[[-49.14319979349354,-26.874055354185884],[-49.14324323310559,-26.874124124422657],[-49.14323315050445,-26.874030040476004],[-49.14319979349354,-26.874055354185884]]],[[[-49.08223120154399,-26.87316876567539],[-49.082539596080245,-26.873326525201804],[-49.082864154221156,-26.873619102089826],[-49.082479050559456,-26.87322438099548],[-49.08223120154399,-26.87316876567539]]],[[[-49.14359041000312,-26.87393055780421],[-49.14355993222357,-26.87398067208847],[-49.143633968764696,-26.87394457785397],[-49.14359041000312,-26.87393055780421]]],[[[-49.06425889367197,-26.873156958424406],[-49.06420080052827,-26.872848983142482],[-49.064068302265866,-26.872719755526745],[-49.06414079961712,-26.87283343857462],[-49.06425889367197,-26.873156958424406]]],[[[-49.140266946661605,-26.87373349339692],[-49.13982734732497,-26.873694993968268],[-49.13994971113793,-26.874035014317954],[-49.14030897525703,-26.874047684491238],[-49.140266946661605,-26.87373349339692]],[[-49.1402431691315,-26.87376242271283],[-49.14017949695457,-26.873768365270966],[-49.140174475096785,-26.873740450411574],[-49.1402431691315,-26.87376242271283]]],[[[-49.08527393242631,-26.872866189448995],[-49.0845241432385,-26.87334049024763],[-49.08477344419368,-26.873673924981937],[-49.085278396925325,-26.873743587764782],[-49.08642454099453,-26.874566388675255],[-49.08684738782694,-26.874674769651755],[-49.08712955232406,-26.874455335314224],[-49.08713575181623,-26.874288860272742],[-49.08625659529227,-26.873581231113103],[-49.08638988832673,-26.87329413704262],[-49.086040449949486,-26.873261717963594],[-49.08527393242631,-26.872866189448995]]],[[[-49.06376756288528,-26.872614369783356],[-49.06395299325411,-26.87264216473173],[-49.06372126250934,-26.872557909188757],[-49.06376756288528,-26.872614369783356]]],[[[-49.08637076433947,-26.872719460807943],[-49.085938010519115,-26.872945855291892],[-49.08649809762323,-26.872964472725428],[-49.08637076433947,-26.872719460807943]]],[[[-49.06365685495939,-26.87251530385963],[-49.063331916090604,-26.872282403412814],[-49.06288141175406,-26.872155733256047],[-49.0632952770295,-26.872308840970426],[-49.06365685495939,-26.87251530385963]]],[[[-49.08694930504939,-26.872439461952425],[-49.08702100562308,-26.87242210616262],[-49.08696294352979,-26.872395499011734],[-49.08694930504939,-26.872439461952425]]],[[[-49.08721634787903,-26.872385084995276],[-49.0872978999413,-26.8723767524198],[-49.08719621994471,-26.872355950633704],[-49.08721634787903,-26.872385084995276]]],[[[-49.105183421297795,-26.872897338529583],[-49.10521360932652,-26.87261161624013],[-49.10509667615695,-26.872554476275404],[-49.105032801091404,-26.872637773446726],[-49.105183421297795,-26.872897338529583]]],[[[-49.062822338810285,-26.871870821758403],[-49.06287270636847,-26.8719143566702],[-49.062826156931294,-26.871819398597264],[-49.062822338810285,-26.871870821758403]]],[[[-49.0627388751529,-26.871740349331155],[-49.06258520216476,-26.87161935745824],[-49.06245438854611,-26.871583358186967],[-49.062465049797055,-26.871593748605118],[-49.0627388751529,-26.871740349331155]]],[[[-49.08751093889586,-26.872507650019386],[-49.08831545517292,-26.872267117298478],[-49.08826169432995,-26.87177150640969],[-49.08806151690418,-26.8718132318136],[-49.088069580966376,-26.872064022869278],[-49.08738162213427,-26.872388562396555],[-49.08751093889586,-26.872507650019386]]],[[[-49.10275310729019,-26.871432225563847],[-49.10270618282596,-26.871323287475413],[-49.10280650796712,-26.871695301078926],[-49.10311412303201,-26.871373644769452],[-49.10281179465607,-26.871255584166214],[-49.10275310729019,-26.871432225563847]]],[[[-49.10331491058354,-26.871243462974167],[-49.1033455308027,-26.871765053371174],[-49.10388032064199,-26.871447766195196],[-49.10359944776054,-26.87121917213775],[-49.10331491058354,-26.871243462974167]]],[[[-49.09639346198376,-26.87101106036113],[-49.096562877050445,-26.871053115651744],[-49.09655651494039,-26.870958333832657],[-49.09639346198376,-26.87101106036113]]],[[[-49.14529914981711,-26.87154056972456],[-49.14532924224195,-26.871438176544032],[-49.14523344438352,-26.87140576209875],[-49.14529914981711,-26.87154056972456]]],[[[-49.10644232014985,-26.871088184472438],[-49.10555180855412,-26.87131882833356],[-49.10517437239706,-26.871584630555713],[-49.1046541566886,-26.872173464720774],[-49.10463507114784,-26.872473116448013],[-49.10544823052017,-26.871644867738798],[-49.106535378192,-26.871330545411606],[-49.10681787739723,-26.870938007452114],[-49.10641028448538,-26.870721423127822],[-49.106566399787575,-26.870874699716783],[-49.10644232014985,-26.871088184472438]]],[[[-49.149299279945346,-26.8706973859548],[-49.1494834095163,-26.870708413388],[-49.14949131410792,-26.871082740028903],[-49.149680654935125,-26.870790814600305],[-49.15004284407794,-26.870747074976457],[-49.14979419378368,-26.870571160358125],[-49.149299279945346,-26.8706973859548]]],[[[-49.116425497364695,-26.870919966098615],[-49.116495644681564,-26.870679159710836],[-49.11647849150191,-26.870266453079175],[-49.11637789352638,-26.8699402704657],[-49.116425497364695,-26.870919966098615]]],[[[-49.151871344161975,-26.870135430207434],[-49.15202366573823,-26.870171347881293],[-49.15186951916388,-26.87007864780561],[-49.151871344161975,-26.870135430207434]]],[[[-49.102062982773745,-26.86940419461608],[-49.102137818690615,-26.869462454010623],[-49.10222154641916,-26.869418875667286],[-49.102062982773745,-26.86940419461608]]],[[[-49.152144479855764,-26.869970071358676],[-49.15238964045861,-26.87006975798573],[-49.152439309017154,-26.87006613167034],[-49.152144479855764,-26.869970071358676]]],[[[-49.079817949782914,-26.86885136200413],[-49.07993855582624,-26.86876401434859],[-49.079807660579746,-26.868826291073333],[-49.079817949782914,-26.86885136200413]]],[[[-49.15034761638902,-26.86962296787111],[-49.1497635214926,-26.870407860849735],[-49.149917231219796,-26.87054600319332],[-49.14999134540073,-26.870281635819193],[-49.1503801341046,-26.87016476327319],[-49.1506204456932,-26.86971516154569],[-49.15034761638902,-26.86962296787111]]],[[[-49.0898374344929,-26.868293282137454],[-49.089871712073354,-26.86934949452886],[-49.09039497065018,-26.87021178019407],[-49.090323550245174,-26.869276206405768],[-49.090112193371944,-26.869075410768914],[-49.090304514919644,-26.868962368121288],[-49.09047166230522,-26.869380504708452],[-49.0906079460346,-26.869024987143817],[-49.090061071991194,-26.86890032235448],[-49.0898374344929,-26.868293282137454]]],[[[-49.11538433881725,-26.868456586201088],[-49.11567694179979,-26.868960447261237],[-49.115792783167905,-26.86898559399544],[-49.11564932360382,-26.86863506816406],[-49.11538433881725,-26.868456586201088]]],[[[-49.116118017629944,-26.869009222918915],[-49.11616498922498,-26.868919091171744],[-49.11615090342686,-26.86834988020243],[-49.11602660591799,-26.868652067082316],[-49.116118017629944,-26.869009222918915]]],[[[-49.11611651630005,-26.868094433718394],[-49.11621148803123,-26.868058235236845],[-49.11608113609924,-26.868015462865117],[-49.11611651630005,-26.868094433718394]]],[[[-49.11538433881725,-26.868456586201088],[-49.115367365828,-26.86833802361933],[-49.11482052012193,-26.86779572503265],[-49.11501200590202,-26.868149833446317],[-49.11524366604102,-26.868382783603245],[-49.115308110430064,-26.868425465702714],[-49.11536675998504,-26.868452806736396],[-49.115379579429465,-26.868457091527116],[-49.11538433881725,-26.868456586201088]]],[[[-49.11600254597454,-26.867905437077678],[-49.116044776874595,-26.86774834230805],[-49.116025956442826,-26.867644582461498],[-49.115947251967775,-26.86774881914887],[-49.11600254597454,-26.867905437077678]]],[[[-49.0894251560917,-26.866870187077478],[-49.08961236811998,-26.86700958654153],[-49.08960129388164,-26.86677094467016],[-49.0894251560917,-26.866870187077478]]],[[[-49.15453952134013,-26.867417224789982],[-49.154583558875984,-26.867467780935385],[-49.154551780697794,-26.867407976373816],[-49.15453952134013,-26.867417224789982]]],[[[-49.145564221690876,-26.86734735924113],[-49.14568547617234,-26.867356673693827],[-49.14557223132446,-26.867285043446163],[-49.145564221690876,-26.86734735924113]]],[[[-49.14279152577886,-26.86715759058835],[-49.14236407913563,-26.867369309884797],[-49.142665576918496,-26.867499314915705],[-49.142953716133896,-26.86721535250406],[-49.14279152577886,-26.86715759058835]]],[[[-49.11090100561462,-26.866874567340325],[-49.10864279203792,-26.866722856051894],[-49.10838880555467,-26.866839887503442],[-49.10851376197874,-26.867814378319732],[-49.108363007631326,-26.868685823847876],[-49.108121439817786,-26.868800012553578],[-49.108020611757354,-26.868304266850814],[-49.10807116638939,-26.86885922384376],[-49.10775091153976,-26.869153380104002],[-49.1076410108603,-26.86996908661752],[-49.106895613345564,-26.87041737630167],[-49.10680948987132,-26.870737634782724],[-49.107780725731544,-26.870190384315706],[-49.10803004744702,-26.869194015091697],[-49.10894349430197,-26.869237169387905],[-49.10888516426686,-26.86908256455947],[-49.10856824968227,-26.869140639929135],[-49.10839555598921,-26.86902228216697],[-49.10857526418336,-26.868712935486684],[-49.10875028605916,-26.867580639002043],[-49.1092125950699,-26.86756211050273],[-49.108673121310844,-26.867486578022135],[-49.10850819818021,-26.867114424209852],[-49.10862206474287,-26.86694004902212],[-49.11007616700776,-26.866837157066055],[-49.11078823878116,-26.866970019487525],[-49.111121263179136,-26.86739280368307],[-49.11316291978315,-26.867377966363858],[-49.11369084750339,-26.867982740774103],[-49.113402899113616,-26.868432287899292],[-49.11340209950394,-26.86860838595523],[-49.11432862237303,-26.86746086868662],[-49.11471546105143,-26.867510963414446],[-49.11436539267276,-26.86733357489728],[-49.11368105539394,-26.867743865285238],[-49.113233283461874,-26.86727363363147],[-49.11125835846663,-26.867224612829474],[-49.11090100561462,-26.866874567340325]]],[[[-49.08951615986393,-26.866188379585328],[-49.08986006581346,-26.865778354390482],[-49.0896632057182,-26.865502165206617],[-49.08946721862237,-26.86601248574605],[-49.08951615986393,-26.866188379585328]]],[[[-49.145648204268234,-26.866241401938183],[-49.145704442075356,-26.866280625879046],[-49.14566074086492,-26.866222253172122],[-49.145648204268234,-26.866241401938183]]],[[[-49.116072643082006,-26.867587189632083],[-49.11626062753042,-26.866926317422195],[-49.11603747199951,-26.865636137516145],[-49.11621163686776,-26.866883140887857],[-49.116072643082006,-26.867587189632083]]],[[[-49.1083402140911,-26.865823749762097],[-49.10808166237008,-26.865595367733185],[-49.10817201447697,-26.86578561500916],[-49.108029389274876,-26.865919975221697],[-49.10840593732154,-26.865932326036887],[-49.108657875343155,-26.86645271144035],[-49.10853160367122,-26.86538448436553],[-49.1083402140911,-26.865823749762097]]],[[[-49.145484516862915,-26.86589181602891],[-49.145571134192224,-26.865861395120938],[-49.14558475206061,-26.865811653855],[-49.145484516862915,-26.86589181602891]]],[[[-49.089584361296374,-26.865091004228955],[-49.08976163013169,-26.8652173624822],[-49.08961021240428,-26.864997229480906],[-49.089584361296374,-26.865091004228955]]],[[[-49.11604700570919,-26.86557614666902],[-49.116164559374106,-26.865220847324487],[-49.1161417024309,-26.86517187739647],[-49.11603340382421,-26.865327095215708],[-49.11604700570919,-26.86557614666902]]],[[[-49.142364221017615,-26.866230402414324],[-49.14254809871668,-26.866171718567035],[-49.14249963499288,-26.865873552430756],[-49.14187726460698,-26.86549251693012],[-49.14173851211032,-26.865653897272708],[-49.141907827338024,-26.865943456046725],[-49.142364221017615,-26.866230402414324]]],[[[-49.142232498212664,-26.86557179360515],[-49.14217755603114,-26.865483592844104],[-49.14211524529909,-26.865483655623862],[-49.14213395109274,-26.865512288876104],[-49.142232498212664,-26.86557179360515]]],[[[-49.08972339927056,-26.864789980385183],[-49.08982329857631,-26.864807618637432],[-49.08985305763272,-26.86478836564469],[-49.08972339927056,-26.864789980385183]]],[[[-49.116190361132716,-26.86510397300497],[-49.11647217449095,-26.86507848763158],[-49.116542542995205,-26.864927584301537],[-49.116190361132716,-26.86510397300497]]],[[[-49.11656490391017,-26.864806077652283],[-49.116876310008934,-26.86425484954201],[-49.117151527936514,-26.86405548255799],[-49.11684897454133,-26.864186169445677],[-49.11656490391017,-26.864806077652283]]],[[[-49.08853785802136,-26.86449668192824],[-49.088719215253604,-26.864582494421487],[-49.0886120080571,-26.864747238134168],[-49.08837492699851,-26.864776812994812],[-49.088195842477916,-26.864609669056343],[-49.08798845052192,-26.864845682155767],[-49.08723262080772,-26.864594994673133],[-49.087896209042775,-26.865054674282373],[-49.08801667338129,-26.865326654286722],[-49.088220946443286,-26.8653267875487],[-49.088337804268996,-26.865549745031718],[-49.08864751148573,-26.865661546839736],[-49.08829448324693,-26.86594568162964],[-49.08827277872074,-26.866231191680654],[-49.08843649251817,-26.8665222173018],[-49.088645316292855,-26.866546223933756],[-49.08858178983119,-26.866928136282965],[-49.0889859343539,-26.86714911428965],[-49.0891280253306,-26.86667360974264],[-49.0886180271549,-26.866060177031585],[-49.0889571010357,-26.8657554300097],[-49.08891568496942,-26.864981533880414],[-49.08927430978612,-26.864488083382653],[-49.089096716798686,-26.86437212603629],[-49.088682959344915,-26.86446300247338],[-49.088846363026185,-26.86341634372361],[-49.08853785802136,-26.86449668192824]]],[[[-49.142453556823185,-26.86425316827968],[-49.14253535898815,-26.864165233959028],[-49.14240699853383,-26.864063110704222],[-49.1423934461071,-26.864129718302546],[-49.142453556823185,-26.86425316827968]]],[[[-49.1172921683639,-26.863868983429644],[-49.117424827160356,-26.863802519376318],[-49.11749295095253,-26.863515641610604],[-49.117379394671694,-26.863751569566485],[-49.1172921683639,-26.863868983429644]]],[[[-49.11750337675632,-26.863428998648033],[-49.11788639892633,-26.863984771849704],[-49.117932375626644,-26.864000317102782],[-49.11796307334874,-26.863758692754967],[-49.11750337675632,-26.863428998648033]]],[[[-49.117994831263445,-26.863525742377497],[-49.118017114152984,-26.863482131043558],[-49.11799452274031,-26.863412012444186],[-49.117994831263445,-26.863525742377497]]],[[[-49.11798265188045,-26.863338745916536],[-49.118037308568205,-26.863248829470088],[-49.118047124646836,-26.86314066129474],[-49.118023622106826,-26.86315131547043],[-49.11798265188045,-26.863338745916536]]],[[[-49.14753628537089,-26.86420084553934],[-49.14808181689319,-26.864818956093085],[-49.14820099757989,-26.864783329524617],[-49.14838779254624,-26.865139768081367],[-49.14856085877026,-26.864901055284683],[-49.14842786824796,-26.864490280381695],[-49.148200935779066,-26.864404678051645],[-49.14815774541377,-26.864095000443264],[-49.14794423488004,-26.86436173217387],[-49.14772244446415,-26.864119631262145],[-49.14799653903403,-26.86343963033406],[-49.14762953368995,-26.863914930312593],[-49.14753628537089,-26.86420084553934]]],[[[-49.138461243832424,-26.863137853972436],[-49.1387334714391,-26.863178995312275],[-49.139375244161776,-26.864039607575556],[-49.140183136942696,-26.864533311158464],[-49.13950233985737,-26.864008882040203],[-49.138742061909234,-26.863115905999788],[-49.137921434136445,-26.862738573696152],[-49.138461243832424,-26.863137853972436]]],[[[-49.137748924626,-26.86261559026001],[-49.13786188070203,-26.862656014121065],[-49.13771873362343,-26.862565292221937],[-49.137748924626,-26.86261559026001]]],[[[-49.142232498212664,-26.86557179360515],[-49.142998870198596,-26.866345115691697],[-49.142885933488074,-26.86656041557342],[-49.14303946261927,-26.86649090401341],[-49.143001582682544,-26.866889253205894],[-49.14314095017638,-26.86692929740797],[-49.14339738207636,-26.866435477946286],[-49.14360419358898,-26.866579623122362],[-49.14364367996939,-26.866450433303502],[-49.143914312141646,-26.866481833065563],[-49.14355505202837,-26.865780617327328],[-49.143819315369335,-26.865809833750934],[-49.14392186356845,-26.865444527651835],[-49.14374391789772,-26.86519322751926],[-49.14314775207162,-26.865236858634038],[-49.1431661700831,-26.864870383646732],[-49.143381930025285,-26.86461527210057],[-49.143316749819896,-26.864391386364304],[-49.14356121186889,-26.86418189375512],[-49.14353744682318,-26.86357648197479],[-49.143276483325096,-26.86367175193781],[-49.143213955547715,-26.863536425118706],[-49.1432516419498,-26.863170001189136],[-49.143554287240846,-26.862915219694052],[-49.14337322896307,-26.86254048649333],[-49.14307204397469,-26.86262562126744],[-49.14314484827943,-26.863679800925965],[-49.143025389315895,-26.863577154415527],[-49.142911635541594,-26.863678627580533],[-49.14262619584637,-26.864120596398063],[-49.14277413679326,-26.864445389475243],[-49.14246619546199,-26.86463944009499],[-49.14229653642518,-26.864583843692085],[-49.14221938447435,-26.86497383445021],[-49.14106935013878,-26.865043171710727],[-49.140290205014566,-26.864651049281857],[-49.14057841470586,-26.86504388170564],[-49.141473615857436,-26.865414695467802],[-49.14163648319615,-26.865293172049125],[-49.14204342513752,-26.865405613534858],[-49.14186684465681,-26.865120071792298],[-49.142605508754045,-26.865145160961966],[-49.14256847044172,-26.865445140884287],[-49.142232498212664,-26.86557179360515]],[[-49.14313498369688,-26.865065012421212],[-49.1430283182592,-26.865026707401274],[-49.14306773154534,-26.86496037768426],[-49.14313498369688,-26.865065012421212]],[[-49.143192542390715,-26.864738922357134],[-49.14329013325815,-26.864624996654115],[-49.14325196271133,-26.864754654409413],[-49.143192542390715,-26.864738922357134]],[[-49.14361272836178,-26.866253106574668],[-49.1434681817135,-26.86624980788991],[-49.14347365380975,-26.866188600343985],[-49.14361272836178,-26.866253106574668]],[[-49.143172964836054,-26.86673140021338],[-49.14305278467561,-26.866725510622896],[-49.14319435724967,-26.86668130540725],[-49.143172964836054,-26.86673140021338]]],[[[-49.15636718800374,-26.8626961984449],[-49.15745445427745,-26.863107236890453],[-49.15784712680593,-26.863060731631233],[-49.157966020541885,-26.862898299580948],[-49.1574710230081,-26.862952149777783],[-49.15679999758917,-26.862646728047093],[-49.15636718800374,-26.8626961984449]]],[[[-49.15915528959531,-26.86253285849712],[-49.1581816084091,-26.86264104731194],[-49.15801637365627,-26.862796867536456],[-49.15906683714297,-26.8626666494396],[-49.15915528959531,-26.86253285849712]]],[[[-49.143342897154156,-26.86221106729952],[-49.14283124671513,-26.86254701482869],[-49.143193028711266,-26.862398642577258],[-49.143424823154454,-26.862488993283378],[-49.14368394305508,-26.863305321957885],[-49.14380586491072,-26.863300294097996],[-49.14395247796716,-26.863029285199204],[-49.143708650545854,-26.862918599177785],[-49.143342897154156,-26.86221106729952]]],[[[-49.162093431616185,-26.86217595398157],[-49.16050754562716,-26.862411440513288],[-49.15928231390461,-26.862838989742148],[-49.160526952536564,-26.862456790940822],[-49.162093431616185,-26.86217595398157]]],[[[-49.162093431616185,-26.86217595398157],[-49.16220549575312,-26.862111124205057],[-49.1622263355807,-26.862087079190854],[-49.162154659637224,-26.862101447217718],[-49.162093431616185,-26.86217595398157]]],[[[-49.162344793272325,-26.861992102596588],[-49.162386121517024,-26.862016206205553],[-49.162462025383576,-26.861970220641687],[-49.162344793272325,-26.861992102596588]]],[[[-49.16315294988288,-26.861761643101058],[-49.16316895126504,-26.86178548223983],[-49.16319505533602,-26.86176882147838],[-49.16315294988288,-26.861761643101058]]],[[[-49.09668327350186,-26.860788912787683],[-49.096752674270334,-26.86082965486804],[-49.09678597230672,-26.860806429173035],[-49.09668327350186,-26.860788912787683]]],[[[-49.0960465145503,-26.860467657469556],[-49.09577803356286,-26.860572980823328],[-49.095581932240165,-26.861074715910874],[-49.095595448037685,-26.860722937714083],[-49.0955417245852,-26.861124313929928],[-49.095342885164946,-26.861317936497436],[-49.09516374293948,-26.861295868113555],[-49.095052868682444,-26.860948750691662],[-49.095131128192406,-26.86055085067289],[-49.09444044117674,-26.86080527894834],[-49.09430071934975,-26.860439770907607],[-49.09428189193046,-26.861081997448647],[-49.094163425580035,-26.860930658188725],[-49.09405440156838,-26.861198133776515],[-49.09151678475405,-26.86126012267191],[-49.09135187175445,-26.861531264484732],[-49.09139570941386,-26.862193277637196],[-49.09153212834555,-26.862160313456677],[-49.091603768680706,-26.861380984427985],[-49.09536948170399,-26.8614227666672],[-49.09561340332905,-26.861199933752783],[-49.09601461424794,-26.861144213136242],[-49.09608150529623,-26.860992479803013],[-49.09574489538953,-26.860998267790603],[-49.0960465145503,-26.860467657469556]],[[-49.09497238582936,-26.861260125255722],[-49.094887353493256,-26.861280218989148],[-49.094951113613455,-26.86122475535587],[-49.09497238582936,-26.861260125255722]],[[-49.09479757401954,-26.861198093746168],[-49.09473592864588,-26.861237249204343],[-49.09472748031451,-26.861219715671307],[-49.09479757401954,-26.861198093746168]]],[[[-49.08701281499186,-26.8603284023887],[-49.0864827659227,-26.860503424044992],[-49.08670716637422,-26.86085121178845],[-49.08651438183306,-26.86152687774398],[-49.087047878435115,-26.861506413823527],[-49.087227462742504,-26.861026729159974],[-49.08820106519691,-26.860965560866934],[-49.088699559811076,-26.860526989021384],[-49.0886223855152,-26.860403027967983],[-49.08784824565957,-26.860613415530754],[-49.08772459761243,-26.860506215633542],[-49.08790336876434,-26.860281312623822],[-49.08701281499186,-26.8603284023887]]],[[[-49.07847670138036,-26.859000693117594],[-49.07856409961743,-26.85900199169794],[-49.078482658361736,-26.858986420042],[-49.07847670138036,-26.859000693117594]]],[[[-49.07934609258628,-26.85904994846425],[-49.07862004426176,-26.858957114872993],[-49.07846943899854,-26.859432183466822],[-49.07885152961811,-26.85948122240708],[-49.07892361163286,-26.8597218224539],[-49.079188292827325,-26.85982586952592],[-49.079117143699285,-26.85973007609191],[-49.07953822819837,-26.85924337362994],[-49.07934609258628,-26.85904994846425]]],[[[-49.07802895727931,-26.85872936934342],[-49.077370956195004,-26.858790664131693],[-49.07805766767863,-26.859049064794597],[-49.078335484233904,-26.858879739748737],[-49.07802895727931,-26.85872936934342]]],[[[-49.158526781080546,-26.858839953418173],[-49.15844808669389,-26.85874500313538],[-49.15834837356412,-26.8587259988438],[-49.15836367549639,-26.8587598011601],[-49.158526781080546,-26.858839953418173]]],[[[-49.09185090548592,-26.85656865864461],[-49.091307614144284,-26.856982765008684],[-49.09151181939156,-26.857077595851152],[-49.0918769860095,-26.856785819566923],[-49.09185090548592,-26.85656865864461]]],[[[-49.087234276282054,-26.85635907072749],[-49.08745186732184,-26.856321868203196],[-49.08741867068884,-26.856117038733778],[-49.08713358771236,-26.856163922633613],[-49.087234276282054,-26.85635907072749]]],[[[-49.08735789969047,-26.855582844478644],[-49.08728847456691,-26.855801387871146],[-49.08733450603446,-26.855818070930358],[-49.08830384007802,-26.855749662596416],[-49.08834567954484,-26.85558385700576],[-49.08735789969047,-26.855582844478644]],[[-49.08732465880499,-26.855762973023637],[-49.087338792637205,-26.85580916333655],[-49.087299536325794,-26.85579253960154],[-49.08732465880499,-26.855762973023637]]],[[[-49.09317141142348,-26.855390788340912],[-49.09300262867403,-26.85541291858613],[-49.093119072237,-26.855626023843737],[-49.092807884725865,-26.855780761016984],[-49.09327421552292,-26.855729361464142],[-49.09331200927213,-26.85500506299837],[-49.09317141142348,-26.855390788340912]]],[[[-49.08772489733054,-26.85366435835788],[-49.08768156494792,-26.85429897870656],[-49.087497309170566,-26.854499174024035],[-49.08719231172794,-26.85447851221953],[-49.08734380184101,-26.854721896782834],[-49.0878563184915,-26.854927703291562],[-49.08855671513464,-26.854956731142625],[-49.088929911294535,-26.85702178579344],[-49.08792362985854,-26.85732029904122],[-49.08753716267493,-26.85648842980564],[-49.0863515411787,-26.856670541146737],[-49.08612576197016,-26.85683845936321],[-49.086074517226244,-26.857198248174058],[-49.08613585086078,-26.858745254189742],[-49.086771130215816,-26.85894675132891],[-49.086946769104415,-26.85951813429533],[-49.08708989906783,-26.859563677453927],[-49.08828277261925,-26.859244034524682],[-49.08824283779361,-26.85858369570513],[-49.088732086087795,-26.85850956749314],[-49.089053820442906,-26.859178962363185],[-49.08916543135146,-26.860046218568016],[-49.088947901538425,-26.860307547921124],[-49.08967090868627,-26.86036280765503],[-49.09070518965168,-26.860725240418663],[-49.09081410314304,-26.860614031738717],[-49.09047245600766,-26.86043146518963],[-49.09040359666272,-26.8601917054072],[-49.09025365786897,-26.86031587957998],[-49.08933321166975,-26.860145847450795],[-49.08954705113135,-26.860005758143885],[-49.089195610780834,-26.859531483936706],[-49.089297803401585,-26.85909837175529],[-49.089393651106384,-26.85912961728816],[-49.08929651589329,-26.857701207462817],[-49.08948852578951,-26.857608355262432],[-49.08984992326384,-26.858022789524977],[-49.09025487865717,-26.857899749921444],[-49.09061968524421,-26.85725978975807],[-49.09050882497822,-26.856994389115243],[-49.09087005906727,-26.856920127253627],[-49.09106617726138,-26.857048072225535],[-49.091513567725585,-26.85657992196392],[-49.0919136153756,-26.856453361877982],[-49.09206697430923,-26.856195068831802],[-49.09258217434647,-26.856070044547025],[-49.09263593728672,-26.855886957950506],[-49.09228776921139,-26.855743654856703],[-49.09111161482655,-26.85597730821776],[-49.090974753768045,-26.85644659543891],[-49.089529304778054,-26.85642238702304],[-49.08936127311426,-26.856265310613683],[-49.08949090231174,-26.856198086363825],[-49.089300911709756,-26.85618603814022],[-49.0891255454275,-26.85593734522274],[-49.08912622126175,-26.855440289930744],[-49.08874663608618,-26.85521060623632],[-49.088323850668544,-26.854394353482043],[-49.08796281940026,-26.85422018415687],[-49.08824172511805,-26.85378472547835],[-49.08772489733054,-26.85366435835788]],[[-49.0895859843164,-26.856778012398497],[-49.089561896218044,-26.857267006659463],[-49.08940415264925,-26.857308256796763],[-49.0894178569887,-26.856893013055142],[-49.0895859843164,-26.856778012398497]],[[-49.089520503017084,-26.857538289039546],[-49.08943474100065,-26.857514985397742],[-49.089528692294884,-26.857511944945973],[-49.089520503017084,-26.857538289039546]]],[[[-49.08724164827484,-26.8540817210683],[-49.08743303030607,-26.853688472049157],[-49.08732583482253,-26.853611764699657],[-49.08717715160117,-26.85400582852865],[-49.08724164827484,-26.8540817210683]]],[[[-49.08848410477672,-26.8531977788429],[-49.08852348054673,-26.853079797401],[-49.088429404002866,-26.853064744979676],[-49.08842212672462,-26.853108681780284],[-49.08848410477672,-26.8531977788429]]],[[[-49.079732867062226,-26.853059713651522],[-49.07987105958196,-26.852859672831546],[-49.0799716530379,-26.85247046810026],[-49.07975701772191,-26.85275136164891],[-49.079732867062226,-26.853059713651522]]],[[[-49.08863386964369,-26.85246356568327],[-49.08873102691164,-26.852515686910177],[-49.088733259529256,-26.852378077776592],[-49.08863386964369,-26.85246356568327]]],[[[-49.088465565577074,-26.85169447567977],[-49.08784289735484,-26.8515276251725],[-49.08759259287089,-26.851807719205265],[-49.08762752524468,-26.852528206722774],[-49.08746959806024,-26.85262803218535],[-49.08770418894047,-26.85269795166526],[-49.08794522975947,-26.853026658655978],[-49.08815308419987,-26.852735743644146],[-49.08854470870312,-26.85264350779733],[-49.08852893812391,-26.852489533874532],[-49.08834315014003,-26.852492195027537],[-49.088740331281706,-26.852241417807985],[-49.088840239834354,-26.851550496064924],[-49.088657117290566,-26.85144660568623],[-49.088465565577074,-26.85169447567977]],[[-49.08812434925268,-26.8524610755228],[-49.08808843782127,-26.85249717262557],[-49.088043488401226,-26.852463551502314],[-49.08812434925268,-26.8524610755228]]],[[[-49.092389305412354,-26.848792198360822],[-49.0923996084902,-26.848695074599522],[-49.09228784217847,-26.848770616593338],[-49.092389305412354,-26.848792198360822]]],[[[-49.09192218581316,-26.848311354615397],[-49.09198836696004,-26.84829852898328],[-49.091908309461346,-26.848263379259098],[-49.09192218581316,-26.848311354615397]]],[[[-49.091290491531936,-26.84799716337956],[-49.09134829890765,-26.848035352468216],[-49.091350484752056,-26.847999491145544],[-49.091290491531936,-26.84799716337956]]],[[[-49.09036302525879,-26.847822658281196],[-49.09019383255306,-26.84759269485166],[-49.08971903170402,-26.847445635096246],[-49.08956754899572,-26.847064196306096],[-49.089264591823444,-26.84710607899487],[-49.089391371542504,-26.847410144081664],[-49.089058984233056,-26.847502286252343],[-49.08939441534928,-26.847833595634306],[-49.0892214788593,-26.848097280494386],[-49.08894185511378,-26.848059612572005],[-49.0887308477867,-26.847806409989346],[-49.08846557518068,-26.848153700121276],[-49.08854952281286,-26.848467418531563],[-49.08838250611004,-26.84886986327606],[-49.08865320218568,-26.84912051220024],[-49.08838944633487,-26.84930017222585],[-49.08914230154265,-26.849482399840632],[-49.08929330765438,-26.84934855653237],[-49.090116825093055,-26.84931906852889],[-49.090273805820324,-26.849531631313717],[-49.0904578674644,-26.849577788303712],[-49.09014124262886,-26.849077123112767],[-49.09022027542112,-26.848949209452382],[-49.09076689885641,-26.84890670326812],[-49.09072114960313,-26.848407415143363],[-49.090090698294446,-26.84842898607043],[-49.09003536021964,-26.848129530820195],[-49.090065520505675,-26.847992500787026],[-49.090713235856704,-26.847996216022743],[-49.09043141100433,-26.84789950374803],[-49.0905934046246,-26.847816763208304],[-49.090667530896944,-26.84748974599332],[-49.090376559074535,-26.847041080164324],[-49.09036302525879,-26.847822658281196]],[[-49.089846088815136,-26.847874286837385],[-49.089653171698316,-26.847895149403218],[-49.08966581525592,-26.847837946600556],[-49.089846088815136,-26.847874286837385]],[[-49.08974884464668,-26.848365588234504],[-49.08953108560058,-26.848221932328347],[-49.08987922099276,-26.848113859821343],[-49.08990980728387,-26.84823043475962],[-49.08974884464668,-26.848365588234504]],[[-49.08947933939282,-26.84838268749424],[-49.089534740285615,-26.848477527688363],[-49.089448409815,-26.848397715321166],[-49.08947933939282,-26.84838268749424]],[[-49.09045164090733,-26.848771825156728],[-49.09028809939841,-26.8487684611828],[-49.090355612963045,-26.848538074526907],[-49.09045846164376,-26.848586676800572],[-49.09045164090733,-26.848771825156728]],[[-49.089958635814064,-26.84860632518223],[-49.08986747586946,-26.848618529131745],[-49.08990018693803,-26.848563531165123],[-49.089958635814064,-26.84860632518223]],[[-49.088927867208454,-26.84859226556056],[-49.08883716178537,-26.848600432514623],[-49.08884837935432,-26.848568614951205],[-49.088927867208454,-26.84859226556056]],[[-49.09061466219572,-26.848850838027605],[-49.09066436492556,-26.8488136177509],[-49.09063258376873,-26.848876363419073],[-49.09061466219572,-26.848850838027605]],[[-49.08938569502079,-26.849124286771715],[-49.08889799799839,-26.84911030198002],[-49.089532020161904,-26.84887162194441],[-49.08938569502079,-26.849124286771715]],[[-49.088759717271614,-26.849084867496384],[-49.08879875411817,-26.849141259049993],[-49.08874469810104,-26.849147730972543],[-49.088759717271614,-26.849084867496384]]],[[[-49.072464088551776,-26.846582042016983],[-49.07247739241771,-26.846630386412194],[-49.07249443722829,-26.84659633834043],[-49.072464088551776,-26.846582042016983]]],[[[-49.07552473453387,-26.846598155841388],[-49.07503627309978,-26.84681736530952],[-49.07507786482085,-26.8471355864577],[-49.07526797885596,-26.847044362821133],[-49.07526163899557,-26.847240397409106],[-49.07558134950661,-26.847373518120953],[-49.07599604120905,-26.846849193254236],[-49.07552473453387,-26.846598155841388]]],[[[-49.07849995165262,-26.846586806595358],[-49.078569482258914,-26.84662124231999],[-49.078560459209584,-26.84657546345469],[-49.07849995165262,-26.846586806595358]]],[[[-49.08829776911294,-26.846575550116373],[-49.08837423512175,-26.8465720561308],[-49.088347861243165,-26.84653900077107],[-49.08829776911294,-26.846575550116373]]],[[[-49.0936396380977,-26.846605437026525],[-49.093558586097934,-26.84659544268092],[-49.09354229183153,-26.84660707079358],[-49.0936396380977,-26.846605437026525]]],[[[-49.08962699289927,-26.846396405491888],[-49.089721930800444,-26.846394844793114],[-49.08963440750844,-26.846373345867963],[-49.08962699289927,-26.846396405491888]]],[[[-49.09745034205466,-26.84620655810431],[-49.09751514881971,-26.846235021811363],[-49.097454423563754,-26.846189194614638],[-49.09745034205466,-26.84620655810431]]],[[[-49.0772845296681,-26.84583337564177],[-49.07737864142402,-26.84590985240661],[-49.07728919860157,-26.845821731676637],[-49.0772845296681,-26.84583337564177]]],[[[-49.07347488073776,-26.84591777187879],[-49.07265450849084,-26.846546077753633],[-49.07315357274969,-26.846392511711713],[-49.07361998835557,-26.845753683003462],[-49.07339361041562,-26.84571311648474],[-49.07347488073776,-26.84591777187879]]],[[[-49.09314193858343,-26.845960756973938],[-49.0932225069806,-26.845969437533522],[-49.093155890969015,-26.84594076126448],[-49.09314193858343,-26.845960756973938]]],[[[-49.09379784811121,-26.845984649875863],[-49.09384069536787,-26.845948582835756],[-49.093741014455254,-26.845909626955006],[-49.09379784811121,-26.845984649875863]]],[[[-49.08651648418786,-26.84581296807226],[-49.0862544644671,-26.84594156892151],[-49.08642781707828,-26.845942890998014],[-49.08651648418786,-26.84581296807226]]],[[[-49.07555600471931,-26.845646509280332],[-49.0747110084577,-26.845830301311725],[-49.0741011097035,-26.84576765196442],[-49.074641400410535,-26.84592735950853],[-49.07564938177752,-26.845864905593746],[-49.07590703966826,-26.84628214298785],[-49.07603277710542,-26.84612844550584],[-49.07595091961593,-26.845894614975503],[-49.07555600471931,-26.845646509280332]]],[[[-49.07208659840676,-26.84554340230317],[-49.07220334169922,-26.845543422104498],[-49.072177395572595,-26.84544850637848],[-49.07208659840676,-26.84554340230317]]],[[[-49.0864251030482,-26.845672946715442],[-49.08651580102749,-26.845656128799458],[-49.086441169602416,-26.8456179226102],[-49.0864251030482,-26.845672946715442]]],[[[-49.07667838870872,-26.845535994120244],[-49.07674724077511,-26.845553914726686],[-49.076734051200376,-26.845470457012894],[-49.07667838870872,-26.845535994120244]]],[[[-49.093486192705456,-26.84659222630619],[-49.09451360101885,-26.84590898838709],[-49.09528792398013,-26.8459782852669],[-49.09629970720101,-26.84579343291872],[-49.09722333703723,-26.845935498432173],[-49.097476583601924,-26.84574904529723],[-49.09589761629654,-26.845697512328012],[-49.09529613565223,-26.845870159818915],[-49.09472421966571,-26.845756593820145],[-49.09384624450237,-26.846033589170037],[-49.09308002943523,-26.84605004919094],[-49.09268667696116,-26.84586864197708],[-49.092451572924176,-26.84607118441028],[-49.0923263820201,-26.84585663571841],[-49.09185317259726,-26.845959899018272],[-49.0917363611311,-26.846572180094153],[-49.09086586338298,-26.846660098908192],[-49.09029873243643,-26.846531476744218],[-49.08999855154676,-26.84623855461411],[-49.08958517506336,-26.84672558063142],[-49.08975756094186,-26.846854971434656],[-49.09077813103318,-26.846970247701304],[-49.09100464020089,-26.846815091524093],[-49.091248122767986,-26.84683092811973],[-49.0911843542146,-26.847022521645545],[-49.09084156024386,-26.846932363304546],[-49.09087816021303,-26.84735229359027],[-49.09176551832766,-26.847431446274705],[-49.09231352964997,-26.847268735663388],[-49.0927286157072,-26.846841336928193],[-49.093493936487235,-26.84677506756253],[-49.093486192705456,-26.84659222630619]],[[-49.091210391099004,-26.846673401592184],[-49.09126111800247,-26.846710803279876],[-49.09125272781212,-26.846765327007834],[-49.091210391099004,-26.846673401592184]],[[-49.09007709681091,-26.846747320764045],[-49.08998914740718,-26.846836785382063],[-49.08990842779236,-26.8467968065543],[-49.09007709681091,-26.846747320764045]],[[-49.092091466084625,-26.846127801155923],[-49.09221841803086,-26.84601136142445],[-49.09226188328934,-26.84606616818312],[-49.092091466084625,-26.846127801155923]]],[[[-49.075899354440004,-26.845447212999193],[-49.075940109429126,-26.845424454457774],[-49.07583230652264,-26.845410544557204],[-49.075899354440004,-26.845447212999193]]],[[[-49.07330403546268,-26.84529330707867],[-49.07232137821303,-26.845451433430487],[-49.072206415226006,-26.84578475472041],[-49.07242856427334,-26.845877432658625],[-49.07333801521255,-26.845513034690327],[-49.07330403546268,-26.84529330707867]],[[-49.073101938645216,-26.84545663092463],[-49.07305427674659,-26.8454745366692],[-49.073086531748444,-26.84541576868829],[-49.073101938645216,-26.84545663092463]]],[[[-49.076692317715285,-26.845337193276652],[-49.07685111305046,-26.845344388212006],[-49.07674500302245,-26.84527391951231],[-49.076692317715285,-26.845337193276652]]],[[[-49.07326754761911,-26.845245811145908],[-49.07355031915044,-26.845054977696577],[-49.073533491281,-26.84488114937353],[-49.073172366358115,-26.845109464727013],[-49.07326754761911,-26.845245811145908]]],[[[-49.091835015381385,-26.845019687596288],[-49.091182923299975,-26.84510028106253],[-49.0917450800979,-26.8451249125232],[-49.09213974189531,-26.84532580164793],[-49.091835015381385,-26.845019687596288]]],[[[-49.0915634013531,-26.8449885830527],[-49.09134706706059,-26.844929152872446],[-49.090974552720766,-26.84491168060242],[-49.0915634013531,-26.8449885830527]]],[[[-49.0904003050335,-26.84515501189857],[-49.090621790505324,-26.84514686572428],[-49.090638943697364,-26.84484786549396],[-49.09032816163715,-26.84501835230298],[-49.0904003050335,-26.84515501189857]]],[[[-49.08485281000618,-26.844729887180623],[-49.084992193961,-26.844751817301056],[-49.08506427796733,-26.844742769921197],[-49.08485281000618,-26.844729887180623]]],[[[-49.09155828073322,-26.84483495877678],[-49.09164179344222,-26.844793822326917],[-49.091603022483916,-26.844762593397405],[-49.09155828073322,-26.84483495877678]]],[[[-49.07539684796064,-26.844414503887474],[-49.07554690738029,-26.844401813142305],[-49.075451442334426,-26.84432785013026],[-49.07539684796064,-26.844414503887474]]],[[[-49.09166604346053,-26.84444067027544],[-49.091698769055775,-26.84433821319717],[-49.091674914089936,-26.844317312812482],[-49.091630323488886,-26.84435065897349],[-49.09166604346053,-26.84444067027544]]],[[[-49.08753202623289,-26.844193870308484],[-49.08745707099763,-26.844218709742098],[-49.087459463111124,-26.844251121227227],[-49.08753202623289,-26.844193870308484]]],[[[-49.099331506433856,-26.844889458674068],[-49.099347137163015,-26.844597846634823],[-49.09924091815086,-26.844392171360223],[-49.09929243252829,-26.844282126114976],[-49.099202007286166,-26.844227555330782],[-49.099331506433856,-26.844889458674068]]],[[[-49.09910935727847,-26.84410892601484],[-49.09917911231496,-26.844149362275253],[-49.09910640853914,-26.84400099081085],[-49.09910935727847,-26.84410892601484]]],[[[-49.09909715586966,-26.843936087927993],[-49.09919528553659,-26.843946215335517],[-49.09910483109102,-26.843888554800195],[-49.09909715586966,-26.843936087927993]]],[[[-49.09906356824716,-26.84376652726531],[-49.099084847382514,-26.843765671943427],[-49.099029909995686,-26.843698007537405],[-49.09906356824716,-26.84376652726531]]],[[[-49.08828093334157,-26.843545728502257],[-49.087802207632556,-26.843819935932615],[-49.087573281230476,-26.84413774596987],[-49.08806585156177,-26.84373342233521],[-49.08824995740182,-26.843769184874464],[-49.08828093334157,-26.843545728502257]]],[[[-49.083109203550336,-26.843590922837993],[-49.08319385692731,-26.843639834726385],[-49.08305911743363,-26.843451496641055],[-49.083109203550336,-26.843590922837993]]],[[[-49.09899568554739,-26.84361648196344],[-49.099038402546306,-26.843615643724505],[-49.099030443537934,-26.843544849591485],[-49.09899568554739,-26.84361648196344]]],[[[-49.08784567173414,-26.84368986141655],[-49.08818789770496,-26.843496116626365],[-49.088208226292394,-26.843413264096057],[-49.088031543940225,-26.843346391689785],[-49.087796839119015,-26.843490438155346],[-49.08784567173414,-26.84368986141655]]],[[[-49.09102350657906,-26.84175951048776],[-49.09101594737432,-26.84180816815097],[-49.0910806589722,-26.84177804706631],[-49.09102350657906,-26.84175951048776]]],[[[-49.09181076277055,-26.84119979861057],[-49.09185478768762,-26.841221990558587],[-49.091844876840305,-26.841193107929406],[-49.09181076277055,-26.84119979861057]]],[[[-49.075122403111145,-26.842026217489956],[-49.075278953910846,-26.84139429975627],[-49.07505432262868,-26.84082779870287],[-49.07519702764603,-26.841303378459568],[-49.075122403111145,-26.842026217489956]]],[[[-49.0750370216537,-26.840738389293925],[-49.075018972767914,-26.840456055785445],[-49.074978594565735,-26.84034991054515],[-49.07499855579795,-26.840602055709013],[-49.0750370216537,-26.840738389293925]]],[[[-49.094186501303064,-26.841670220213707],[-49.09175194211144,-26.841656590655973],[-49.09135078588342,-26.841892671048804],[-49.09431231421402,-26.84175309066],[-49.09439664458777,-26.84147425315838],[-49.09409938464819,-26.840424302261077],[-49.094186501303064,-26.841670220213707]]],[[[-49.07483925691476,-26.839993439821775],[-49.074881532994226,-26.84004059389038],[-49.07484676676117,-26.839976113417578],[-49.07483925691476,-26.839993439821775]]],[[[-49.09406694359868,-26.84016673246528],[-49.09413844177639,-26.84015210214308],[-49.09409933996727,-26.840100612796807],[-49.09406694359868,-26.84016673246528]]],[[[-49.08848734173582,-26.83973132740785],[-49.08852411774379,-26.8397655964311],[-49.08854131473607,-26.839724089616475],[-49.08848734173582,-26.83973132740785]]],[[[-49.08878034829307,-26.839775552507675],[-49.08888438477598,-26.839731060791024],[-49.08916070510851,-26.839687396477014],[-49.088810321353584,-26.839666075797805],[-49.08878034829307,-26.839775552507675]]],[[[-49.094099591733496,-26.840025025588897],[-49.09415690438791,-26.839880613165274],[-49.094090650513955,-26.83956313226902],[-49.09407829665797,-26.839633465929086],[-49.094099591733496,-26.840025025588897]]],[[[-49.092101732692676,-26.83915849845505],[-49.0923512984479,-26.839032091291315],[-49.09233502700085,-26.838756563069104],[-49.09196100048847,-26.838894591121992],[-49.092101732692676,-26.83915849845505]]],[[[-49.094089297759254,-26.839076083898696],[-49.09403136301701,-26.83888215420346],[-49.09379441798332,-26.83852926536182],[-49.09379703221963,-26.838567759283865],[-49.094089297759254,-26.839076083898696]]],[[[-49.095324836284156,-26.8372526885324],[-49.09538897126446,-26.837272798264113],[-49.09551738558267,-26.837228926756918],[-49.095324836284156,-26.8372526885324]]],[[[-49.09160621547588,-26.836871532640274],[-49.09167079715812,-26.83687264117223],[-49.09168942305083,-26.836744444050012],[-49.09160621547588,-26.836871532640274]]],[[[-49.091858984698526,-26.83833631497696],[-49.092370676744295,-26.8383065946857],[-49.09248031707227,-26.838261190594583],[-49.09322180487149,-26.83528921027744],[-49.09246700532411,-26.8382240916898],[-49.091858984698526,-26.83833631497696]]],[[[-49.08729068068965,-26.835421076355235],[-49.08764982878989,-26.835491484418945],[-49.08731673228199,-26.83538092189376],[-49.0870777826894,-26.834781459628708],[-49.087141750857796,-26.83516804353966],[-49.08729068068965,-26.835421076355235]]],[[[-49.088148853453895,-26.833637237166947],[-49.087992367241036,-26.83336445841277],[-49.087829476460236,-26.833265106125577],[-49.08793011899945,-26.833448933663583],[-49.088148853453895,-26.833637237166947]]],[[[-49.08835871372541,-26.831868831120744],[-49.08841985747651,-26.831934838081015],[-49.088477816707744,-26.83186740108074],[-49.08835871372541,-26.831868831120744]]],[[[-49.08908264741135,-26.831833223795208],[-49.089125809807065,-26.83184934483357],[-49.089138420861126,-26.831790836513953],[-49.08908264741135,-26.831833223795208]]],[[[-49.08856275274244,-26.83159989737609],[-49.08872317489198,-26.831616272244297],[-49.088634653576506,-26.831481297530196],[-49.08856275274244,-26.83159989737609]]],[[[-49.09243442610634,-26.829943030113544],[-49.09292591665565,-26.82985762745021],[-49.09314224780218,-26.829684685512795],[-49.09290061345038,-26.829408953109375],[-49.09306816278754,-26.82972642419668],[-49.09243442610634,-26.829943030113544]]],[[[-49.09230568166713,-26.829984933253318],[-49.09249258511203,-26.82954784759912],[-49.09201783263847,-26.8292670381021],[-49.09169216999512,-26.82923439531924],[-49.09237422684468,-26.829547764755763],[-49.09230568166713,-26.829984933253318]]],[[[-49.08837142602628,-26.827503806778644],[-49.08849363724726,-26.827580688126538],[-49.088497717365314,-26.8274055771667],[-49.08837142602628,-26.827503806778644]]],[[[-49.088452755436016,-26.82721186005126],[-49.08855757006638,-26.826821238737033],[-49.08850920620936,-26.82650422135101],[-49.08835873402922,-26.827082643102532],[-49.088452755436016,-26.82721186005126]]],[[[-49.08843122016042,-26.82636426318531],[-49.0885471190622,-26.82638938318237],[-49.08850508457768,-26.82628464369843],[-49.08843122016042,-26.82636426318531]]],[[[-49.08846820708884,-26.826176988519403],[-49.088473244444295,-26.826054730464],[-49.08838375682781,-26.826010443893125],[-49.08838366160516,-26.82610944126441],[-49.08846820708884,-26.826176988519403]]],[[[-49.08836890682499,-26.82584925748386],[-49.08841757531431,-26.825910209821217],[-49.08845693456514,-26.82586274615245],[-49.08836890682499,-26.82584925748386]]],[[[-49.08803828368952,-26.82566629449634],[-49.08801450594581,-26.825612340533045],[-49.08795523716515,-26.825583907901898],[-49.08803828368952,-26.82566629449634]]],[[[-49.08790328803755,-26.825537871527747],[-49.087818444808725,-26.825475191825493],[-49.0876333662478,-26.825445890976347],[-49.08779909468649,-26.8254894002974],[-49.08790328803755,-26.825537871527747]]],[[[-49.012903632489895,-26.902157508351173],[-49.01275301090717,-26.902192173364043],[-49.01316213189673,-26.90259195124712],[-49.013120759258754,-26.902404519857196],[-49.012903632489895,-26.902157508351173]],[[-49.012845809878826,-26.902197180138465],[-49.012855558201785,-26.90221536833098],[-49.01284583195174,-26.90221441023504],[-49.012845809878826,-26.902197180138465]],[[-49.012855558201785,-26.90221536833098],[-49.01286471220831,-26.9022238372408],[-49.01285626200519,-26.90222382578299],[-49.012855558201785,-26.90221536833098]]],[[[-49.02136684730092,-26.903670685725032],[-49.02216509594168,-26.904309669492157],[-49.022087174750126,-26.904537733713134],[-49.022274380723786,-26.90439709221258],[-49.02367127604054,-26.90527319299276],[-49.02405328160327,-26.905216027060785],[-49.02404443264155,-26.904994278704528],[-49.023811014404174,-26.904921576724387],[-49.02407664666069,-26.904920724991072],[-49.02393584355669,-26.90485280002254],[-49.024013262218304,-26.904510441236603],[-49.023811972389055,-26.904545017747356],[-49.02371939251753,-26.904290948134495],[-49.022813296772725,-26.904216768905034],[-49.022044499194784,-26.903498466820604],[-49.021779640690426,-26.903443244069603],[-49.021759692755815,-26.903226770148205],[-49.02143567212925,-26.903005870106195],[-49.02144031723746,-26.902758157013913],[-49.02163051908475,-26.90274573980354],[-49.02193086576207,-26.9028941290327],[-49.02192131264235,-26.903207123280332],[-49.02207943123511,-26.90328561157824],[-49.0225023669767,-26.902789335438662],[-49.022828977303774,-26.902653728245536],[-49.02244266343852,-26.902070393601946],[-49.02217673381619,-26.901905817283755],[-49.02154430915052,-26.902182159022875],[-49.02162402848753,-26.902274333596225],[-49.021931081514104,-26.90224644828297],[-49.02181001655787,-26.9025860953084],[-49.021909898797055,-26.902735720978416],[-49.02210612068028,-26.902623575792926],[-49.022077612160516,-26.902835738953957],[-49.021768133324045,-26.90268909626433],[-49.0215187348208,-26.90243508446985],[-49.021112181509224,-26.90242638052761],[-49.0210182284617,-26.902615550946894],[-49.02088410332091,-26.90250193173203],[-49.02095650619316,-26.90214707992154],[-49.02076370838521,-26.90195567193017],[-49.0210066723575,-26.901629251861163],[-49.0206891408463,-26.90117615046822],[-49.020352162374365,-26.901087268966265],[-49.018987223112674,-26.901170941190628],[-49.01914161165439,-26.901265145717137],[-49.020501717940164,-26.901205795223564],[-49.02074211307109,-26.901656161009292],[-49.02050191373793,-26.901848910483174],[-49.020533709938874,-26.902022842678004],[-49.020156557578694,-26.902084462417605],[-49.02014723567748,-26.90220278927265],[-49.020627838369116,-26.90231882653081],[-49.02072836541054,-26.90291353849346],[-49.02097046058998,-26.90328955367145],[-49.02110939977571,-26.903287779836177],[-49.02107114011879,-26.90343662000429],[-49.021148178251366,-26.9034384947201],[-49.021270640630455,-26.903544833613747],[-49.02136684730092,-26.903670685725032]],[[-49.02182964164457,-26.90347410752305],[-49.02192841724409,-26.903561474709434],[-49.02187879189317,-26.903643641607022],[-49.021811123737336,-26.903627502140626],[-49.02182964164457,-26.90347410752305]],[[-49.02164940134879,-26.903369946915983],[-49.02171202158858,-26.903339573597158],[-49.021716200879666,-26.90334492986708],[-49.02164940134879,-26.903369946915983]],[[-49.02144081454816,-26.903170210564884],[-49.021524390023835,-26.90317827450167],[-49.02149381121527,-26.90326521917787],[-49.02144081454816,-26.903170210564884]],[[-49.02133189795575,-26.903032985435384],[-49.021399669704934,-26.90303888552949],[-49.0213528637777,-26.90308620053197],[-49.02133189795575,-26.903032985435384]],[[-49.021122435769854,-26.902648843972443],[-49.02129677787882,-26.902854100151814],[-49.021289391851546,-26.902923395808116],[-49.02107358094657,-26.90277696436097],[-49.021122435769854,-26.902648843972443]],[[-49.020478884599186,-26.90221443577243],[-49.02054683724855,-26.90209496242462],[-49.020532278960125,-26.902239525370604],[-49.020478884599186,-26.90221443577243]],[[-49.022175437455324,-26.902771360415553],[-49.02242548927477,-26.902800107611686],[-49.02243608483043,-26.9028144395525],[-49.02216534594209,-26.90292483889884],[-49.022175437455324,-26.902771360415553]],[[-49.02253909793085,-26.902698105841925],[-49.02253543553388,-26.90264550616491],[-49.022583809460166,-26.902670471039492],[-49.02253909793085,-26.902698105841925]],[[-49.0224330939856,-26.902687267417512],[-49.022189779504664,-26.902680936380314],[-49.02225005017632,-26.902525815941168],[-49.022384674445775,-26.90252014810858],[-49.0224330939856,-26.902687267417512]],[[-49.02256425585948,-26.9025838850519],[-49.02264639687529,-26.90254553672071],[-49.02267226569328,-26.90258972862464],[-49.02256425585948,-26.9025838850519]],[[-49.022040122311495,-26.902312517914357],[-49.022118022355386,-26.90232634862614],[-49.022037040890154,-26.90234405484462],[-49.022040122311495,-26.902312517914357]],[[-49.02177633413315,-26.90219766574386],[-49.02169625509733,-26.90219178493114],[-49.021781352405384,-26.902173074264024],[-49.02177633413315,-26.90219766574386]],[[-49.02218873007638,-26.903895436626584],[-49.022118734510606,-26.903964108868056],[-49.02214776642543,-26.90387306509036],[-49.02218873007638,-26.903895436626584]],[[-49.022465043869026,-26.904136064302595],[-49.02238038335025,-26.90416828257144],[-49.02244747279837,-26.904111263514363],[-49.022465043869026,-26.904136064302595]],[[-49.022739293332165,-26.904403119742025],[-49.02280268547791,-26.904410988030794],[-49.02278952545436,-26.904433573797057],[-49.022739293332165,-26.904403119742025]],[[-49.022841348174396,-26.904490919465687],[-49.02295479311593,-26.90445794979103],[-49.02292074186603,-26.904523182612053],[-49.022841348174396,-26.904490919465687]],[[-49.02349874903682,-26.90463147204833],[-49.02365596894412,-26.904525105735623],[-49.02367916552128,-26.904601636561214],[-49.02349874903682,-26.90463147204833]],[[-49.023166895560585,-26.90456525227652],[-49.02322086624957,-26.904571892579977],[-49.02321200822333,-26.90460441341551],[-49.023166895560585,-26.90456525227652]],[[-49.023279044977,-26.904600353570974],[-49.02333219475157,-26.90457213115907],[-49.02332576674142,-26.904625111693356],[-49.023279044977,-26.904600353570974]],[[-49.02321683618697,-26.904479493159506],[-49.02332965254801,-26.90442745980445],[-49.02335084186214,-26.904488815110877],[-49.02321683618697,-26.904479493159506]],[[-49.023487327172084,-26.904724428036246],[-49.023417030271986,-26.904742418256827],[-49.023389423381225,-26.904683295042844],[-49.023487327172084,-26.904724428036246]],[[-49.02316130057742,-26.904682065838585],[-49.02312551369654,-26.90472218716876],[-49.023113015018914,-26.90469778857037],[-49.02316130057742,-26.904682065838585]],[[-49.02341058728838,-26.90478244700742],[-49.02344289924291,-26.904961493169125],[-49.02341914136445,-26.904989439506753],[-49.023284248059475,-26.90482139652896],[-49.02341058728838,-26.90478244700742]],[[-49.0218448711357,-26.902594868444595],[-49.02200012190627,-26.902459232046414],[-49.02203869803178,-26.902465817096807],[-49.0218448711357,-26.902594868444595]],[[-49.02084853198169,-26.901573206222828],[-49.020833601867466,-26.901635996853496],[-49.020806864689874,-26.901599447868517],[-49.02084853198169,-26.901573206222828]],[[-49.02136684730092,-26.903670685725032],[-49.02142483825409,-26.903629748238533],[-49.02146126099494,-26.90368149150642],[-49.02136684730092,-26.903670685725032]]],[[[-49.09216075348117,-26.848252707211532],[-49.09195318111157,-26.84837114781995],[-49.09215243142527,-26.848679186646358],[-49.09224774116813,-26.848558722296858],[-49.092483996333975,-26.848720253685272],[-49.092498883909364,-26.848450492124293],[-49.09297606317515,-26.84843516075882],[-49.09269703214316,-26.8480054737541],[-49.092630497963405,-26.848251364197754],[-49.09239168374204,-26.848150072815955],[-49.09216075348117,-26.848252707211532]],[[-49.09217086121372,-26.848250903924466],[-49.09222090009781,-26.848420631877964],[-49.09216044980856,-26.848457345052335],[-49.09210558513525,-26.8483533502847],[-49.09217086121372,-26.848250903924466]]],[[[-49.078725100810715,-26.84804612258606],[-49.079313530711914,-26.84808371284098],[-49.079466887062274,-26.848504445391217],[-49.08002201945417,-26.848940287745545],[-49.080390645205505,-26.848674335849452],[-49.08058222403662,-26.848944001459582],[-49.08009839952587,-26.849037166261134],[-49.07992298313469,-26.84944733288774],[-49.080128053858566,-26.849692531151884],[-49.07993288491246,-26.84972767277561],[-49.08019268975084,-26.849831662768416],[-49.0803082860088,-26.85014124279407],[-49.079770318262845,-26.85030428360492],[-49.07961322214867,-26.850836053393806],[-49.079254532542556,-26.85093161781564],[-49.078723576658064,-26.85064884832771],[-49.07923149162262,-26.85121321189298],[-49.079114862024326,-26.851594498609177],[-49.07941376340264,-26.851766272226868],[-49.07935099278307,-26.85194899209072],[-49.080001271922576,-26.852149401374604],[-49.07998506300272,-26.852278657303525],[-49.080415026340596,-26.8521668423303],[-49.08037980414235,-26.851941584478087],[-49.08075946273483,-26.851859147174316],[-49.080620113461094,-26.851734496049783],[-49.08070656914614,-26.851493267010067],[-49.08110530684468,-26.851451128483927],[-49.08121852151959,-26.85173447905201],[-49.08087806936335,-26.851701186869374],[-49.0805520212283,-26.852215300867],[-49.081660010315616,-26.851760156835727],[-49.0819484830265,-26.85221412470575],[-49.08187771990572,-26.85257394699826],[-49.081604312189455,-26.852672402986148],[-49.08164010429838,-26.853095906874216],[-49.08138785707027,-26.853022355144397],[-49.08127942754328,-26.854082910871178],[-49.08090699230598,-26.854781726344452],[-49.08073720860945,-26.8556791626704],[-49.08052074087586,-26.855801422884262],[-49.08032655194329,-26.85564977116269],[-49.0804620343589,-26.856202727041556],[-49.079991197865425,-26.856547702840913],[-49.08058370154895,-26.856613948868123],[-49.08127025536992,-26.857438761101573],[-49.08210090929689,-26.8577384345779],[-49.082491177332486,-26.85841827415548],[-49.082419178573986,-26.859132840955645],[-49.082920772053086,-26.85948904668734],[-49.08269816356725,-26.859625012365356],[-49.08193588347039,-26.85960335157094],[-49.08115597482103,-26.86019947041938],[-49.08032278528424,-26.85997043399239],[-49.079839922617495,-26.860105014333232],[-49.079131633143064,-26.85994082664474],[-49.08078881639895,-26.860756599742995],[-49.08090968919481,-26.861064312253355],[-49.0806940558813,-26.861257021185025],[-49.07987582789036,-26.86112713343464],[-49.07966357178572,-26.861368374593003],[-49.07977627328363,-26.861690735154898],[-49.079261470323665,-26.86169839425193],[-49.0783903470788,-26.862283481778654],[-49.07909527980675,-26.862264315750853],[-49.080296564615914,-26.861764772187165],[-49.08055316856956,-26.862071302095334],[-49.08133776509177,-26.8620580459724],[-49.08128517430705,-26.862564836773743],[-49.08160783458597,-26.863858929117164],[-49.08075493335131,-26.864619913583596],[-49.08130739975528,-26.864720177385433],[-49.08105917601697,-26.865115497558357],[-49.081576381478456,-26.865289176355983],[-49.081811162831244,-26.86567504085836],[-49.082147547807715,-26.865443216726817],[-49.08224733398578,-26.865611025800852],[-49.08214130020651,-26.865772706702465],[-49.08162159656232,-26.865847849673937],[-49.08185424377597,-26.866316817031688],[-49.081625403691966,-26.866919408305048],[-49.08140923595291,-26.867073075666127],[-49.081331757393144,-26.867509542794107],[-49.07948710660119,-26.867777144059552],[-49.0794508539932,-26.86800328322738],[-49.08000047958284,-26.86813265075752],[-49.08004572307639,-26.868369745697283],[-49.079892078282754,-26.8685248772143],[-49.080090965835026,-26.86857444408141],[-49.08076163651368,-26.868247003621388],[-49.080744227230845,-26.86796142874374],[-49.08134106653552,-26.8678022951701],[-49.081759570312315,-26.867472355525727],[-49.08233234958101,-26.866686908653193],[-49.08322062008586,-26.86630815292057],[-49.08358164475539,-26.866354620037317],[-49.084439914187534,-26.867614511548354],[-49.08450148089405,-26.868234343865442],[-49.08483899489051,-26.86840196100141],[-49.08460335424775,-26.868757900051964],[-49.08462074139316,-26.86931496718874],[-49.08418654950115,-26.86930799194853],[-49.083870846766686,-26.869043705728963],[-49.08213740945815,-26.869401485766215],[-49.082257757811306,-26.86972058175092],[-49.08311501231369,-26.870033331281306],[-49.082931114439376,-26.870649388208953],[-49.08317162623099,-26.871237035402633],[-49.083731795842894,-26.871538133944185],[-49.08449516632835,-26.871586819588853],[-49.084821699106804,-26.8718817083041],[-49.08483083969009,-26.87215814760339],[-49.08527075928009,-26.87191444266117],[-49.085787222872526,-26.872324759361586],[-49.08611600814449,-26.87217091370747],[-49.08556346326422,-26.87163915734163],[-49.085719333020975,-26.87145787725328],[-49.08666795863028,-26.87189942955638],[-49.086797862471975,-26.871681717742344],[-49.087316272601,-26.87160644194113],[-49.08767552776187,-26.87132320352141],[-49.087762378340464,-26.870713193705626],[-49.08611190194079,-26.87097550833014],[-49.0859735573645,-26.8706576815543],[-49.08684972808232,-26.869704192304532],[-49.08675432050938,-26.869348181917143],[-49.086943813555585,-26.868961527607784],[-49.087809409327434,-26.868209462790475],[-49.08788244345716,-26.868662004182386],[-49.087760839618824,-26.868924867605937],[-49.08804028419777,-26.86947384505513],[-49.08820162084556,-26.870440315635477],[-49.0884697808336,-26.871090323156235],[-49.08887042922671,-26.871268011579883],[-49.088440141109544,-26.8719058493707],[-49.08907356483596,-26.871989170238],[-49.08926280604237,-26.872438006592787],[-49.0895391527998,-26.872172933620885],[-49.08990329717995,-26.872117166378917],[-49.090249988013525,-26.87242924313375],[-49.08943124608648,-26.873172656962016],[-49.08910702062198,-26.873712197892942],[-49.08883862644107,-26.87382487374555],[-49.08801984591391,-26.87486397036401],[-49.08773083881101,-26.875841671148716],[-49.08775659389024,-26.87609331662909],[-49.088116228371106,-26.87641327443703],[-49.0880199406998,-26.877687072661914],[-49.08782822857464,-26.877940420826445],[-49.08808522981299,-26.878561849897196],[-49.087895867925305,-26.878743000829708],[-49.08772360140461,-26.879776992391452],[-49.087421594024974,-26.880208588346598],[-49.08684341766232,-26.881722196390797],[-49.08689608085422,-26.88198936988217],[-49.08642654271141,-26.882849398129906],[-49.085833273424015,-26.883474089568043],[-49.085488591156654,-26.88436172485338],[-49.085010833869305,-26.8850497607306],[-49.08440449739173,-26.885556122947595],[-49.08447124901876,-26.885727501947763],[-49.08395550364343,-26.886686885767404],[-49.08398388245365,-26.887190701646823],[-49.08380655552625,-26.887695210348486],[-49.08299551183411,-26.88868625833437],[-49.082973525445674,-26.889116465930236],[-49.08110863465068,-26.89082757438822],[-49.08077189105839,-26.891342111797858],[-49.079932183240096,-26.892096688781926],[-49.07965246931861,-26.892690318613834],[-49.07718043660024,-26.895061179068193],[-49.076519103267806,-26.895962342020333],[-49.074819372737934,-26.897379027101845],[-49.07348657957518,-26.897895941312143],[-49.07210722835407,-26.897754496070245],[-49.06603657952286,-26.895015845405005],[-49.06186401028145,-26.89382543778522],[-49.06168840323179,-26.893657444414988],[-49.0604622391722,-26.893776935145564],[-49.059855808245295,-26.894007034462476],[-49.05898381871817,-26.89451831385175],[-49.0585492827084,-26.894969100090552],[-49.05845796914244,-26.895831198281474],[-49.05889444863289,-26.89665548630696],[-49.05884788500399,-26.897371821401737],[-49.059301879167094,-26.89871239546423],[-49.05987807034617,-26.899214820975168],[-49.061661639227026,-26.900026657851118],[-49.06329362278179,-26.90202294892833],[-49.06472313178645,-26.90334713085233],[-49.0651292494979,-26.90354696501345],[-49.06556442123307,-26.904008734143435],[-49.06564543725047,-26.904354471789134],[-49.06578584311202,-26.90433065757635],[-49.066197978125636,-26.90469341499313],[-49.066474583766585,-26.905249194261906],[-49.066768550225305,-26.905285878654627],[-49.06679630180829,-26.905491997504647],[-49.06660359118277,-26.905467645588423],[-49.0677132254596,-26.90663709928572],[-49.0676934119831,-26.906880879764753],[-49.067953459960826,-26.906936363787633],[-49.06784346371364,-26.90711388586881],[-49.06810341194396,-26.907230951675054],[-49.06801232491958,-26.907443383065583],[-49.0683142242424,-26.90799209638072],[-49.06808278227823,-26.909997020723882],[-49.06761111216463,-26.910767664266093],[-49.067656035340974,-26.911323518376975],[-49.06646126290676,-26.91554590578211],[-49.06540903933194,-26.917228983915525],[-49.0647958113963,-26.917975699378193],[-49.06390402938185,-26.918718619666407],[-49.06187495322339,-26.919915196358154],[-49.06084678125024,-26.920166138517505],[-49.06040564531641,-26.919991486025147],[-49.06000995378712,-26.919192644368106],[-49.0603853265597,-26.91717608752648],[-49.060118264606324,-26.914671175780022],[-49.05968733571201,-26.913985017396353],[-49.05940261989073,-26.913917006082563],[-49.05837702228232,-26.912956028059607],[-49.0575171875236,-26.911801444148175],[-49.0562214467338,-26.911385337502143],[-49.054182351855935,-26.911245965588467],[-49.05137028404116,-26.91042759231775],[-49.05027573259993,-26.910300454130002],[-49.046815318685766,-26.909184669760023],[-49.04485201555315,-26.908152927278806],[-49.04496950452097,-26.90799597245115],[-49.044599649686674,-26.907813142951834],[-49.04433402942304,-26.907421822397183],[-49.04434630993299,-26.906753368463516],[-49.04569455994403,-26.90359223401997],[-49.04565161239178,-26.901384703470438],[-49.04612170595664,-26.89946986988046],[-49.0457228720727,-26.898251760220322],[-49.04581344808797,-26.897913945962124],[-49.04558061934986,-26.897745083312614],[-49.045003677395066,-26.896182580383247],[-49.04313159553648,-26.89493021816942],[-49.042663618331545,-26.894782842363313],[-49.04201671633095,-26.894871297634527],[-49.04130254656443,-26.895365935171544],[-49.04012077253975,-26.89567580778962],[-49.03975504171216,-26.895482109742016],[-49.039151905865495,-26.895449187126705],[-49.03929495076975,-26.89569666875022],[-49.03959002822101,-26.895815838433382],[-49.03837674980799,-26.897143054179768],[-49.03673062616912,-26.89814183133146],[-49.03644036229196,-26.89846125577659],[-49.036188462914524,-26.897978308348115],[-49.03592816675432,-26.897922508896134],[-49.03597915461386,-26.89817458943839],[-49.03575405663552,-26.898499964369137],[-49.036043174409535,-26.89843426603061],[-49.03613499214668,-26.898697879677158],[-49.03575851061256,-26.899039716277077],[-49.03557005051619,-26.899538783958654],[-49.03494911386756,-26.900317139183798],[-49.034356465232285,-26.90084167160587],[-49.033818658922286,-26.9018570648121],[-49.032899163821284,-26.902728672687246],[-49.03264865736444,-26.902512565450497],[-49.032482047870786,-26.901929783303952],[-49.0326780103156,-26.902982854321603],[-49.030840989510295,-26.905094429474186],[-49.029733950394814,-26.90578195082367],[-49.02985023346817,-26.905990628087526],[-49.03002068360829,-26.905958122204073],[-49.02992717262178,-26.9060723902243],[-49.02923464272154,-26.906504093383564],[-49.02933414628329,-26.90612573626056],[-49.02969794031088,-26.90575607488163],[-49.029565589103605,-26.905789166805047],[-49.029033015389594,-26.906186433542718],[-49.028984346046556,-26.90640358227526],[-49.02848671456605,-26.90652462079025],[-49.0276154147355,-26.907151731810536],[-49.027399301697784,-26.9066675246114],[-49.02742685051379,-26.907316005457986],[-49.02729566544674,-26.907430002077167],[-49.02392761384114,-26.906892362772542],[-49.02048351820714,-26.905895653786317],[-49.01955427506245,-26.905184660769383],[-49.02002634739635,-26.904829843193458],[-49.019456424604066,-26.90489545172009],[-49.01967223844338,-26.904559552681288],[-49.019054343826745,-26.903788717027094],[-49.01861969960963,-26.902799415776734],[-49.01851210515881,-26.90156044352361],[-49.018706663101284,-26.901244503396708],[-49.01857659828244,-26.90117852763704],[-49.018419606670335,-26.899486451326272],[-49.018055844124774,-26.898693803078313],[-49.01724320826979,-26.89758675078975],[-49.017727445670566,-26.897484619982716],[-49.017917395601934,-26.896835356460745],[-49.01790053211913,-26.896131892323098],[-49.01775229965802,-26.895970054159555],[-49.01725443715097,-26.895905444094613],[-49.017094319416856,-26.89532171570205],[-49.017488067378245,-26.895319509116074],[-49.01821513499806,-26.89568338991891],[-49.01841861153032,-26.89605753702858],[-49.01874712504751,-26.89633249323406],[-49.0190682997711,-26.896515809150667],[-49.019719891445185,-26.895812086566263],[-49.020407931892954,-26.895866175006756],[-49.0216993148471,-26.895570424965236],[-49.02172831737286,-26.895900970159314],[-49.0219952796024,-26.896026734638838],[-49.021708631391355,-26.896282989809862],[-49.02210321818141,-26.89638537112897],[-49.0224302797893,-26.89669558074537],[-49.022525482935855,-26.89706127960554],[-49.0226802235834,-26.8970660843634],[-49.0227245586783,-26.896901386652537],[-49.02286708401296,-26.897152917199804],[-49.02281628203914,-26.896603660420887],[-49.023093544792395,-26.89651411437417],[-49.023281963249296,-26.896610654459113],[-49.0236029871917,-26.8963300894566],[-49.023463999699935,-26.89611312107177],[-49.02321746061915,-26.896055371348563],[-49.02335058116085,-26.895664241935666],[-49.02313629126024,-26.89558764345023],[-49.02319828568603,-26.89592203258191],[-49.022839263496536,-26.896300470328317],[-49.02255934123947,-26.896174149341196],[-49.02252752823837,-26.89584672623502],[-49.02212311821848,-26.895735290920488],[-49.02195866219045,-26.895465090960574],[-49.02230518194947,-26.89513905087044],[-49.02265825193261,-26.89510428593996],[-49.02276292545414,-26.894660445262584],[-49.022898328600206,-26.894675381603324],[-49.022916345288046,-26.89503111405186],[-49.023125797986744,-26.89456796548573],[-49.02333188831249,-26.89462734854586],[-49.02314184464629,-26.89469227419113],[-49.02320475038871,-26.89494917772627],[-49.02322153691716,-26.894732434872385],[-49.02348677342682,-26.89471080637301],[-49.02334202276026,-26.89447104357809],[-49.023891599876876,-26.89408925459162],[-49.02309363116971,-26.894271483834235],[-49.023392324429324,-26.89362495769181],[-49.02244976765089,-26.894697043816137],[-49.02212183653116,-26.894796602534676],[-49.02151517154011,-26.89536464729242],[-49.021089084640735,-26.895167321096064],[-49.020774703631176,-26.89388417711304],[-49.020476416942884,-26.893938938328027],[-49.02023772147419,-26.894245896396004],[-49.020037792118075,-26.895143997260657],[-49.02043951380128,-26.89539192367463],[-49.02101379837696,-26.895420968583025],[-49.02034927386826,-26.895703932761236],[-49.019732154727194,-26.895638651156418],[-49.01912423266562,-26.895905710647884],[-49.01859158858156,-26.89514286116096],[-49.01737782479918,-26.89498044409299],[-49.017130791427576,-26.894769004874604],[-49.01644980334077,-26.895800682847295],[-49.01647120198884,-26.895998665402207],[-49.0167763589317,-26.896188672852436],[-49.01673559700861,-26.896883084421688],[-49.01632744472284,-26.896487916292887],[-49.016245410648025,-26.896896693181596],[-49.016986932252145,-26.89867009594073],[-49.01710215120095,-26.89948956434538],[-49.01597896674269,-26.900387961740126],[-49.01568804291517,-26.900256439803943],[-49.015026329287835,-26.9004108329557],[-49.01442655689518,-26.90034559004408],[-49.01373950683511,-26.900582959592096],[-49.01370195882005,-26.900745132478868],[-49.014007140362445,-26.90123437605265],[-49.014151418911226,-26.901119690549276],[-49.01411831918697,-26.900660700009787],[-49.0142755169273,-26.900557522658687],[-49.01526683930449,-26.90058524313385],[-49.015573522313986,-26.90079579645159],[-49.01589344188391,-26.900809694424265],[-49.01597592417525,-26.90113059645018],[-49.01558024580234,-26.901581834198314],[-49.01528154236565,-26.902296831259687],[-49.01540103678736,-26.904046803996497],[-49.01552036323372,-26.904325314699253],[-49.015965477971584,-26.90446935352495],[-49.016677398573734,-26.90551506736904],[-49.017750138837854,-26.906355484569236],[-49.01863093848876,-26.90681231842964],[-49.018846980761424,-26.906771902366295],[-49.01918242629851,-26.90715945920026],[-49.01956991115802,-26.907337931780365],[-49.02135841075892,-26.907996896876593],[-49.02245268686903,-26.908201320405166],[-49.02312014019182,-26.908641159616536],[-49.02453037096702,-26.909151194609006],[-49.02663662262677,-26.909113928001442],[-49.02797733608567,-26.908867025647748],[-49.02813951170295,-26.90897888951688],[-49.02827786939262,-26.908823717004438],[-49.029176981273274,-26.908750066739568],[-49.030453426318566,-26.908023808659216],[-49.03185069546206,-26.906471729207375],[-49.03224858500918,-26.90657786211102],[-49.03217795176913,-26.906135137763975],[-49.034063265852,-26.903980191068136],[-49.03652902244953,-26.900714830707173],[-49.038315296924885,-26.898938083548927],[-49.03948699717191,-26.89789479651056],[-49.0397788515617,-26.897788833597808],[-49.039973919218106,-26.897455850239652],[-49.04116775309396,-26.89654268649437],[-49.0423130897364,-26.896253730415904],[-49.04319827975488,-26.896561024670792],[-49.04383735517524,-26.897312041850643],[-49.044178484087965,-26.898360532230285],[-49.04431545105565,-26.901721253009317],[-49.04382912469824,-26.90425631100323],[-49.043090109173335,-26.90538990715456],[-49.043050934551495,-26.90584688087403],[-49.04222255413313,-26.90734581288793],[-49.042341297665104,-26.90809062286822],[-49.042645830266665,-26.908687122644473],[-49.04368733771887,-26.90930822361679],[-49.04396964391945,-26.90984061909938],[-49.04417949861981,-26.909709157338693],[-49.04464992063079,-26.909902985856636],[-49.0447777101871,-26.910150548483127],[-49.044976995511114,-26.910030057380055],[-49.045431951927974,-26.91015601092845],[-49.04700977113439,-26.910811776704463],[-49.04739365206365,-26.911147943589395],[-49.047935874611795,-26.91108368947455],[-49.049291448064096,-26.91154961797248],[-49.04980912080882,-26.911578200595173],[-49.04976267402537,-26.91215272161151],[-49.050105925011444,-26.912473755651597],[-49.04949294088358,-26.913194527791976],[-49.049411185332026,-26.914149912743788],[-49.04958790875286,-26.91326190765377],[-49.05019240334366,-26.912828943247735],[-49.05029572835629,-26.91237270634869],[-49.0500839976781,-26.912080621908853],[-49.05048727541162,-26.911760715043304],[-49.05177123660156,-26.912084673403097],[-49.05579304370259,-26.912523791337815],[-49.05680225274824,-26.913053928112937],[-49.05799262899132,-26.914405679489196],[-49.05850881566742,-26.915285992722744],[-49.058725870220606,-26.91816464121838],[-49.058445639344406,-26.920515556101236],[-49.05857592000813,-26.921250984368573],[-49.059296050944205,-26.921714163278956],[-49.059294850101644,-26.922034075935848],[-49.059514664030594,-26.922162388588408],[-49.05942804815239,-26.922436340877667],[-49.058791271053,-26.922910233937852],[-49.05849136851999,-26.9228283101132],[-49.056766100147854,-26.923033733131962],[-49.05686201190746,-26.922800171537325],[-49.056509238761905,-26.922891669615517],[-49.05674280693003,-26.92268031442363],[-49.056263135935986,-26.922720325359688],[-49.0561900317537,-26.92222199191409],[-49.056902876572515,-26.922177416203837],[-49.0567721800474,-26.921706342725425],[-49.05649795938371,-26.921656795839187],[-49.056353173535214,-26.92181719381611],[-49.05590082981569,-26.92160611252072],[-49.05586354865901,-26.92205863415599],[-49.0552581380638,-26.92197922987708],[-49.05522224757671,-26.922159721806903],[-49.05537843653615,-26.92221948813919],[-49.05526695630364,-26.922495504270962],[-49.054932731779175,-26.92263607274405],[-49.054470647318134,-26.922570064101823],[-49.05468984448999,-26.922908376974878],[-49.05417884359657,-26.922951355128752],[-49.05419661134385,-26.923487841996533],[-49.053745961029506,-26.923988968760916],[-49.05394870306279,-26.92408779553672],[-49.05369237606872,-26.92412075481834],[-49.053438689054715,-26.92465541912119],[-49.053172721288696,-26.92467709582195],[-49.052909460255435,-26.9250280095712],[-49.05162843730618,-26.925530037067293],[-49.05116726103172,-26.925906036873055],[-49.05044265258596,-26.92597143269811],[-49.05050804004936,-26.926228770660522],[-49.05092082756817,-26.926416194580188],[-49.05084626000554,-26.926566287913843],[-49.05060976377913,-26.92664137052719],[-49.05031222865585,-26.926223975238607],[-49.04989754781999,-26.92606683673154],[-49.04955377794391,-26.92615834829606],[-49.04942504471928,-26.92639696836589],[-49.049220415135075,-26.926134937129877],[-49.04855557036101,-26.926297690824786],[-49.04827291792329,-26.926681296337463],[-49.0476128759349,-26.926660481381326],[-49.04753355392815,-26.927291138153112],[-49.04730568809691,-26.927377375917246],[-49.04754384732258,-26.927478931897223],[-49.04760911752927,-26.928015178838518],[-49.04812985918852,-26.92805493108469],[-49.04819530104794,-26.92796269166927],[-49.047736543173954,-26.927991671548853],[-49.0477281576812,-26.927785761432332],[-49.04809669764744,-26.927697345697375],[-49.04818497804363,-26.927883966974036],[-49.048370586120875,-26.927707403247478],[-49.048819029018695,-26.9277083206748],[-49.04897831966287,-26.927636856769347],[-49.04897494352076,-26.927330604476296],[-49.04926970382339,-26.92722892523429],[-49.04953055996751,-26.9274377374248],[-49.04941371972656,-26.927680852740963],[-49.049826156022355,-26.927700414247543],[-49.04984201626578,-26.927285010700324],[-49.05003815621704,-26.92769883720848],[-49.05036243439105,-26.927505703772805],[-49.05039488069293,-26.927294803955643],[-49.05061230993762,-26.927478026023415],[-49.051356665449724,-26.927024107471244],[-49.05182857809724,-26.92691590092973],[-49.05203651998214,-26.92706439996967],[-49.051888404463725,-26.92666925017242],[-49.052653418836336,-26.92660501920117],[-49.05287761575035,-26.926043303555737],[-49.053867143811644,-26.925390652747453],[-49.05427863801849,-26.925040904363303],[-49.054256216281274,-26.92487755696231],[-49.05502314284633,-26.92429299988668],[-49.055188105471316,-26.92437432445216],[-49.05571814402406,-26.924102963056644],[-49.055893478102426,-26.923428529879505],[-49.056040612366075,-26.923518797700087],[-49.0564079649764,-26.923166874784954],[-49.05607890425737,-26.923885910566387],[-49.056616179550616,-26.924549417212706],[-49.05788200239786,-26.925078682767403],[-49.05852043439235,-26.92465700831901],[-49.05874080160893,-26.924747220347182],[-49.05876391510666,-26.924990954333644],[-49.05813878161641,-26.925781890461497],[-49.05776580649435,-26.92595081208016],[-49.05757728589596,-26.926280685449672],[-49.05717890873523,-26.926292021155827],[-49.05690607698769,-26.92666764550838],[-49.0569483051085,-26.92696646789861],[-49.05675996913598,-26.927038181420894],[-49.05637835422661,-26.926904472657295],[-49.05642526294141,-26.927847680216157],[-49.05672623327313,-26.92821830441082],[-49.05665908735831,-26.928353936055586],[-49.0562654597011,-26.92875414066332],[-49.05597857785632,-26.928794989852136],[-49.05586236288789,-26.92824579524569],[-49.05557988396409,-26.92826489876532],[-49.05437821810428,-26.92912892243281],[-49.054217924970004,-26.92930484437248],[-49.05431555918012,-26.92954845977131],[-49.05450405516623,-26.929614515868234],[-49.05479022662895,-26.928991303209063],[-49.05500207811866,-26.929171396848655],[-49.05566550581664,-26.92918821181337],[-49.05589186450583,-26.92914319683816],[-49.05537029284212,-26.929075628449368],[-49.0560955291834,-26.928938207571644],[-49.05602382230461,-26.929310928288142],[-49.056834562187014,-26.928556686107633],[-49.057110009300146,-26.92896482596582],[-49.058185268751615,-26.929534355763728],[-49.058285142850806,-26.92971988204089],[-49.05810287042025,-26.929823691394507],[-49.05834870417799,-26.930089892336238],[-49.058753225378005,-26.929952280422143],[-49.059134016467816,-26.930479638809054],[-49.059137150820995,-26.930352180131738],[-49.059260126653015,-26.930467885765207],[-49.05917073414151,-26.930180229593677],[-49.05998050024474,-26.93024633730291],[-49.0602398814765,-26.930041259914642],[-49.05905423686277,-26.930014485615597],[-49.05908780253389,-26.92977177947497],[-49.05954470890847,-26.929651666184476],[-49.05967851768897,-26.92944376594575],[-49.05881774198435,-26.929480156005656],[-49.05894911047486,-26.929173337503535],[-49.058605359879756,-26.92920935613582],[-49.05898872733146,-26.929025732560085],[-49.0589292672393,-26.928545431679503],[-49.059103036716806,-26.928422458634028],[-49.058543269494145,-26.928170945958364],[-49.05830798904295,-26.928366307914636],[-49.05788542178222,-26.928000109832645],[-49.058005450511615,-26.927849092802678],[-49.05822316273976,-26.928082362289775],[-49.05850318564818,-26.927808067893782],[-49.0586478046483,-26.927856227735642],[-49.058671708654416,-26.928085437220606],[-49.058787533772545,-26.92770412533259],[-49.05808005447102,-26.92764635626825],[-49.05805068774389,-26.92752311625498],[-49.058390641258626,-26.927336080514177],[-49.05892069068295,-26.927288853110106],[-49.058995831638555,-26.927157532388193],[-49.05926308989045,-26.927170242785788],[-49.05899777974838,-26.92730713541173],[-49.059104816461854,-26.927463944303163],[-49.059154529634846,-26.927254912751756],[-49.0593183530477,-26.927273960624007],[-49.059574402587835,-26.928197364914084],[-49.05986332508573,-26.928432371345576],[-49.06018348028991,-26.9295713698189],[-49.0601058240836,-26.929817985079577],[-49.060797733013864,-26.93000672214171],[-49.06084126269973,-26.930237241875023],[-49.0612932569576,-26.930454183000215],[-49.06217093237474,-26.931570888383252],[-49.06215713232292,-26.93170662461635],[-49.061885391781416,-26.931748297096533],[-49.06157543495113,-26.932055374818713],[-49.06173759462711,-26.933141444944027],[-49.059942986807975,-26.933237273005023],[-49.06001029792222,-26.93363030681172],[-49.061084347052194,-26.933696808203052],[-49.061109373935984,-26.934182175455977],[-49.06141323957414,-26.9342817277396],[-49.06165356952666,-26.934778636114824],[-49.06212979494409,-26.935108363168933],[-49.06274153046478,-26.935104291189823],[-49.06277406040984,-26.935359487172246],[-49.06320719458839,-26.93543204084314],[-49.06314041279293,-26.93556009188511],[-49.06339595184708,-26.935419358855462],[-49.06339486528424,-26.93519797657124],[-49.06356013456904,-26.935522662115144],[-49.063945748114044,-26.93531786640797],[-49.065018001149674,-26.935832307121487],[-49.06462750311944,-26.93616226659784],[-49.064847703769495,-26.936145264848587],[-49.06476359879261,-26.93627721827096],[-49.06488669032063,-26.936379834297956],[-49.065421529106054,-26.936247403282035],[-49.06550902673869,-26.936544449811183],[-49.06611165350377,-26.93622333790939],[-49.066572330466386,-26.93633131060674],[-49.066328541899345,-26.936857930699762],[-49.066603419418854,-26.937019877573164],[-49.06678189985773,-26.93688761774342],[-49.0669083123952,-26.93712694735516],[-49.066788943254735,-26.937181919062084],[-49.066678545443956,-26.937034810214552],[-49.066259200639855,-26.93763430489979],[-49.066336585870744,-26.937746704842006],[-49.066075942002314,-26.937829728532005],[-49.066401315112564,-26.937817411935008],[-49.06667990607481,-26.93729822764333],[-49.06715328379867,-26.937591109728597],[-49.06766358362876,-26.93762116913022],[-49.06760535875094,-26.937872214563257],[-49.06773824925282,-26.93797987072758],[-49.06841512731584,-26.937974636725173],[-49.069085225002205,-26.9390983229846],[-49.069869130795574,-26.939804277391247],[-49.07146121633314,-26.939678776561795],[-49.07161450874005,-26.939964444361323],[-49.07250780207091,-26.939892321830143],[-49.07258526694897,-26.939682147849474],[-49.07281565457761,-26.939670202693396],[-49.07474888185967,-26.940394214191564],[-49.07509445320518,-26.94090633912052],[-49.0754098350439,-26.941832314240685],[-49.07535183895215,-26.941980785863162],[-49.07498553484643,-26.94201937066022],[-49.07494803720838,-26.942179032943738],[-49.07552147384888,-26.942758825200183],[-49.075412787805554,-26.943138866767796],[-49.07586291472565,-26.9432088790533],[-49.07491327282271,-26.943415753085212],[-49.075405104653996,-26.943395547861886],[-49.075725988439515,-26.94358841471975],[-49.07577400598759,-26.94337493521082],[-49.076199282908135,-26.94307315911147],[-49.0758732537759,-26.942862069981107],[-49.07581642198548,-26.942694685160923],[-49.075955854179554,-26.942644763368424],[-49.076982459938236,-26.94398615560258],[-49.07705374699331,-26.9456517790238],[-49.07664586658196,-26.94671613109351],[-49.07545601446974,-26.948024345832128],[-49.07493235378473,-26.949156659306734],[-49.072908412188674,-26.950182950731588],[-49.072136763169844,-26.951075256145888],[-49.07330414256774,-26.950111097722875],[-49.07520931310986,-26.949219882099072],[-49.07564599257708,-26.948175427412075],[-49.07707332599651,-26.94644520350568],[-49.0773316880427,-26.945484619000297],[-49.07727519402551,-26.943948988939653],[-49.07569919353291,-26.941836317308514],[-49.07633444562186,-26.941742981527405],[-49.075936086359405,-26.941704294001383],[-49.07580316492294,-26.94145527843271],[-49.07613256820209,-26.94129209110577],[-49.07629291862052,-26.941421711948344],[-49.07631725302003,-26.941308818666236],[-49.07619893723006,-26.941174238210223],[-49.076002912312354,-26.941217910184356],[-49.0759647348656,-26.940950721733575],[-49.07507801882232,-26.940307500587657],[-49.073209181759864,-26.939419070914962],[-49.07093248950061,-26.939246698165732],[-49.07063448120285,-26.939087000811828],[-49.07019791421975,-26.93928245377167],[-49.06975527318688,-26.939167020590443],[-49.069256043407016,-26.938097961140517],[-49.069389358841285,-26.93797617820293],[-49.0690157682316,-26.937905772851728],[-49.06809332758142,-26.936884025046766],[-49.068792789642856,-26.936747433439177],[-49.06941128161568,-26.935652751775716],[-49.0691007188429,-26.935829718577526],[-49.06901855498698,-26.93621294420051],[-49.06872532381496,-26.93653283647641],[-49.06764712986758,-26.936260087215],[-49.06741939920241,-26.936365663303253],[-49.06606754840018,-26.935356642375872],[-49.06504756738439,-26.935053562265853],[-49.06391464190968,-26.93434789269912],[-49.063404199381495,-26.93361819137533],[-49.062674808285436,-26.933025443642784],[-49.06313437999962,-26.932060604140986],[-49.06311727961612,-26.931765043282322],[-49.062309236286914,-26.930680421930003],[-49.06208531792784,-26.92984272259659],[-49.06183168922654,-26.929843328258723],[-49.061562019826034,-26.92959704164324],[-49.06186399269443,-26.92940668864597],[-49.06146177054442,-26.92946776089703],[-49.061708465815904,-26.92914248831554],[-49.06196176696125,-26.929249978604687],[-49.0623198827253,-26.929072440946708],[-49.06181808810307,-26.92809835887451],[-49.06124926914534,-26.92761584777554],[-49.06043534558895,-26.927866072867662],[-49.05990646452125,-26.926794187331364],[-49.06024023651992,-26.925660674217056],[-49.05978059991958,-26.925275796851192],[-49.05953050207099,-26.92524276087265],[-49.0593721078057,-26.924952883990954],[-49.05939863486874,-26.924551400816455],[-49.0587707938338,-26.92406300579421],[-49.05818393298196,-26.923745065506164],[-49.057721259019,-26.92380992278701],[-49.05758415976625,-26.9236990715266],[-49.059457984325185,-26.923202183120292],[-49.059853725750386,-26.92282951231434],[-49.059898953459076,-26.922110138367767],[-49.06005855963925,-26.92188279711372],[-49.0612970674236,-26.921721520562947],[-49.06189860435125,-26.921474815028315],[-49.06305720466646,-26.92085985147439],[-49.065625723794284,-26.918770088917555],[-49.06660486494746,-26.91775942969273],[-49.067573577351546,-26.916400010665807],[-49.068033279154996,-26.915404222963655],[-49.06858965253595,-26.913517069959287],[-49.0694734996708,-26.912911706429146],[-49.06963381963177,-26.912932025838824],[-49.07047876454652,-26.914035110753105],[-49.07098225672476,-26.914251786087195],[-49.07105654648866,-26.91441409553686],[-49.07145865983268,-26.914319955342346],[-49.07184314967867,-26.91401398502947],[-49.07252887427789,-26.914507974059426],[-49.0722777405437,-26.914861462125888],[-49.07207319167975,-26.914878926237854],[-49.07219708855272,-26.915144380328865],[-49.07188858771487,-26.914993671838385],[-49.071726022461824,-26.915137661964206],[-49.071916106353,-26.915404371844826],[-49.07182918044969,-26.91562318728488],[-49.071560175314865,-26.91563943198481],[-49.071906846437614,-26.916091637470334],[-49.07163747232935,-26.916163573031422],[-49.07166632267175,-26.916399299073557],[-49.07185493390878,-26.91653861031229],[-49.07212118263137,-26.916508266851363],[-49.07231511979569,-26.91672235142346],[-49.07265887105552,-26.916759496883202],[-49.07278865161533,-26.9166355698483],[-49.07287095132477,-26.916807056378463],[-49.073234911571554,-26.91677323810571],[-49.0733206900636,-26.91640365150449],[-49.07307740885676,-26.916156489390993],[-49.0731959963533,-26.9160373169773],[-49.07345313514779,-26.916123461251054],[-49.073427714643515,-26.915659601451406],[-49.073599633494744,-26.915665042068586],[-49.07339700586936,-26.91541619704466],[-49.07359673322178,-26.91549623685519],[-49.07369538895291,-26.915152127017723],[-49.073911446920036,-26.91501763083444],[-49.074207629853674,-26.915068779543066],[-49.07450453180491,-26.914587943004243],[-49.074360116570176,-26.91458094358286],[-49.074420405199,-26.914441659487238],[-49.07400977662162,-26.9145396188854],[-49.07386124074455,-26.914222789355982],[-49.07443316079889,-26.914012669369537],[-49.07465417932554,-26.91373504168147],[-49.0751572600862,-26.91364552309949],[-49.07510891332769,-26.91334822066483],[-49.07489313130329,-26.913173597775394],[-49.0750072462357,-26.91279795765787],[-49.07544653013633,-26.91277779081447],[-49.075544168816776,-26.912295870511212],[-49.075912718915326,-26.91231274949766],[-49.07608566973537,-26.91264983062133],[-49.07626081692223,-26.91267884518184],[-49.07624162283168,-26.912322200875455],[-49.07704169409755,-26.912121851917004],[-49.0774471393375,-26.911842343390664],[-49.077219383322166,-26.91148998996731],[-49.076385337125096,-26.910984022959504],[-49.07637023208763,-26.910682336683628],[-49.076865155216716,-26.910573835154672],[-49.07698691726774,-26.910860360650734],[-49.07698484712183,-26.91062688900633],[-49.07746995550094,-26.910361747675854],[-49.077601224659254,-26.910742711801472],[-49.0779789595924,-26.910957507183536],[-49.07799834447092,-26.91166895859993],[-49.07811879746434,-26.911717639381223],[-49.07838308472717,-26.91165965117111],[-49.07836058324768,-26.910636118789427],[-49.07840672454986,-26.911488037537573],[-49.078583480146435,-26.911684919486834],[-49.07861588567352,-26.910413140342595],[-49.078027640489566,-26.91017299811965],[-49.07791492903382,-26.910024747997088],[-49.07815648460819,-26.909935624646046],[-49.081610835433096,-26.910658342706903],[-49.08198615445893,-26.91177293516677],[-49.08299615951738,-26.913284999028697],[-49.08348380826584,-26.91347503358825],[-49.08384628231929,-26.913050763628068],[-49.08399811647136,-26.91333483262138],[-49.084263018771196,-26.913383202623685],[-49.08419816682157,-26.913573676507127],[-49.08390025107572,-26.91357831075347],[-49.08388715289568,-26.913953392382908],[-49.08341329837147,-26.913974822624343],[-49.08371601570879,-26.9144015344685],[-49.08340435487447,-26.914299098922648],[-49.08312484792965,-26.91443780956789],[-49.08343443018714,-26.91488705005293],[-49.08279164747284,-26.915141227334995],[-49.082875159180055,-26.91530752734097],[-49.08268487216509,-26.915387332054813],[-49.08305245104884,-26.915693348369246],[-49.08340172661183,-26.915537681139277],[-49.08396012459765,-26.914318782849016],[-49.084502171958476,-26.914613162626896],[-49.084866353494895,-26.914178912548103],[-49.08484039106424,-26.914457994275224],[-49.085218163727745,-26.91460420694645],[-49.08499760381984,-26.914399408015473],[-49.08525286514685,-26.913227149779576],[-49.08496276039261,-26.913640724925237],[-49.08481748025155,-26.91362421726129],[-49.08457025281271,-26.91421635931132],[-49.08455757120766,-26.914101656849887],[-49.08442507059905,-26.914186389008403],[-49.08417041692133,-26.91405843348075],[-49.084376366157926,-26.913651730994783],[-49.08460178935559,-26.913588045320253],[-49.084527040879834,-26.913343887196746],[-49.08482332449641,-26.91332656554559],[-49.08460837450072,-26.913167427660504],[-49.08484194433395,-26.912692908486655],[-49.08440278070179,-26.913233431585624],[-49.084113378383314,-26.91315184345512],[-49.08422046193944,-26.912812822087112],[-49.08404512095695,-26.91256410875214],[-49.0843376198473,-26.91216962449912],[-49.085284761798036,-26.911770915270107],[-49.08573707189699,-26.912124460485618],[-49.08557617821641,-26.91257750902067],[-49.085749033944076,-26.91272926049942],[-49.08627309776554,-26.91230088363225],[-49.08736558603568,-26.912561427030194],[-49.0886173391074,-26.9123795508806],[-49.08958005639919,-26.912555230550026],[-49.089968922809696,-26.913142218257544],[-49.09066970105342,-26.91375490431504],[-49.091264009357445,-26.913981742821882],[-49.09167524540667,-26.913882287832518],[-49.092223152405026,-26.91398724811033],[-49.09207649807763,-26.91416766893779],[-49.09217655175721,-26.914781456398455],[-49.09271165925459,-26.91534940249176],[-49.09274175917063,-26.915700287594582],[-49.094241954061175,-26.9168773637874],[-49.094631580837344,-26.917569338804913],[-49.09436195030203,-26.91853943732717],[-49.09455866396406,-26.919312989254088],[-49.09502272844416,-26.919410731420072],[-49.09560264823612,-26.919134683730164],[-49.09469632166445,-26.919246886096104],[-49.094536526599185,-26.918582685369262],[-49.094808790556215,-26.917644000588904],[-49.094615545439254,-26.916965023028283],[-49.09418059482945,-26.916344914995985],[-49.09447799528933,-26.916094356552296],[-49.094470187762525,-26.915877343004745],[-49.094007326099124,-26.916124760915363],[-49.09343310937925,-26.91560560767452],[-49.093136514133086,-26.915552468472722],[-49.093056691281355,-26.91512644590242],[-49.09239334871678,-26.914641017684417],[-49.09249341178978,-26.91403804440517],[-49.09236924745235,-26.91385517409794],[-49.090763874613394,-26.913535519145125],[-49.09035220566521,-26.913181534025806],[-49.090324594522706,-26.912855721751345],[-49.08986672156149,-26.91221057904419],[-49.08897289872953,-26.912121068906938],[-49.08706337570792,-26.912255599346768],[-49.08706931447644,-26.91188539965303],[-49.08783200693151,-26.911532215050922],[-49.08726991437591,-26.91151026793716],[-49.08734213809227,-26.91111521518733],[-49.08769690285196,-26.911125716659654],[-49.088032272518845,-26.91095385344202],[-49.088315737044404,-26.910237541986593],[-49.08910734822347,-26.91042827001368],[-49.089769050815214,-26.91022528070426],[-49.08872590095366,-26.910078568399484],[-49.08843523053063,-26.909786346795723],[-49.08821844644661,-26.90990032560562],[-49.08831479277703,-26.909426386695017],[-49.08859301945498,-26.909477194536088],[-49.08870931238929,-26.909053634364273],[-49.08833790117929,-26.90912279632356],[-49.08791938191638,-26.909739581341647],[-49.08775224404418,-26.909677879378396],[-49.08780174585167,-26.909955992069104],[-49.087654926759484,-26.909848366151596],[-49.08737783731685,-26.91005491792176],[-49.087229515328666,-26.909715268576207],[-49.08705838336627,-26.90972236424605],[-49.08670203938824,-26.910100289341724],[-49.086780311908086,-26.910473107285224],[-49.08640296247645,-26.910462977967125],[-49.08647375853917,-26.910114660062213],[-49.08586652845294,-26.910899057525427],[-49.08558570266365,-26.91153853996183],[-49.08494786683145,-26.911591144410103],[-49.083929359836546,-26.912137435909788],[-49.08353219677122,-26.913021214878484],[-49.08331833761835,-26.913095774020668],[-49.083246376597025,-26.912886463569382],[-49.083770233991565,-26.912118346800174],[-49.08322523157372,-26.91209306910492],[-49.08300967609149,-26.911769790684502],[-49.08255834468883,-26.91156665976208],[-49.08229694965482,-26.911101580619018],[-49.08208439392065,-26.91103843373445],[-49.081979075263746,-26.910586415107694],[-49.08150109571263,-26.91018396744692],[-49.07993441140515,-26.909723761622367],[-49.079665030862785,-26.90917559959589],[-49.079219737360674,-26.908806273295923],[-49.07924945435623,-26.908626439036468],[-49.07905426380476,-26.908659491492],[-49.0788923995073,-26.908506654216346],[-49.07908235214808,-26.90837220438418],[-49.07945129832655,-26.90871297126721],[-49.08000401868751,-26.90841084931085],[-49.07947940984757,-26.908471653446895],[-49.07952453583167,-26.908127061348043],[-49.07903472513154,-26.90782465379681],[-49.078743776958916,-26.90790268094618],[-49.078371154147916,-26.90758665569143],[-49.078673797127664,-26.907474513951467],[-49.078963392343475,-26.907751969908063],[-49.079084135053904,-26.907595019149582],[-49.07887365099422,-26.90760977575952],[-49.078919985036876,-26.907310338989504],[-49.07925049013334,-26.907719346357762],[-49.079468513237806,-26.907726610006335],[-49.080606053951875,-26.908668531461622],[-49.08060813809705,-26.908887017433475],[-49.08120084683003,-26.909102879934572],[-49.081723067881796,-26.90967914844509],[-49.082043200831336,-26.909784834751864],[-49.08203944530796,-26.910087438923394],[-49.0821842946968,-26.910137115032168],[-49.08244124323625,-26.909900748470612],[-49.08228811805269,-26.909708878612864],[-49.082628709208684,-26.909763472561142],[-49.082349811996245,-26.909295869196562],[-49.082078911822,-26.90925597146216],[-49.08282562783161,-26.90902607795995],[-49.08268232631723,-26.90877241170811],[-49.08285623772902,-26.908625908086773],[-49.08227537333048,-26.908394759154397],[-49.08139534457777,-26.908881048256333],[-49.081026394995575,-26.908469008310913],[-49.08084795847125,-26.90846622455402],[-49.07894816411502,-26.90704978496001],[-49.07916088716187,-26.907349285272247],[-49.078730615176596,-26.90709203540888],[-49.07824326792447,-26.90755782408593],[-49.07875144013307,-26.908131482419275],[-49.078379516194744,-26.908119124441875],[-49.07823874728078,-26.908582020986014],[-49.07745168159272,-26.909031426709866],[-49.07749905400354,-26.909310303035195],[-49.07791095263719,-26.909686454157402],[-49.077444487151425,-26.909610277615283],[-49.07656900384047,-26.909846231109327],[-49.07638929413805,-26.909774918231847],[-49.07638298017542,-26.909592889163203],[-49.07573655070495,-26.90997057870408],[-49.07529679630281,-26.909114617103942],[-49.075103463165235,-26.90932751759951],[-49.07522182577877,-26.909700574077036],[-49.074922520218685,-26.909937278155482],[-49.07537699792819,-26.90990747229735],[-49.0752864811557,-26.910280227768602],[-49.07503027173512,-26.910242789472207],[-49.07493795720559,-26.910003631695822],[-49.07451059004517,-26.909969777140002],[-49.07522390136289,-26.9105484459088],[-49.07589812228609,-26.91017134194644],[-49.07617319457828,-26.910245480077425],[-49.07603177058591,-26.91046870688336],[-49.07563644177093,-26.910645724364787],[-49.07537645962781,-26.910535861288505],[-49.07525505761004,-26.91074726970745],[-49.075524053417595,-26.91099592496474],[-49.07554476745697,-26.91126222486044],[-49.07579079267364,-26.911155276248554],[-49.0759438842542,-26.911461136024116],[-49.076112369130186,-26.91135116048769],[-49.07646249580059,-26.911574115280157],[-49.07575273723694,-26.911871194856527],[-49.07524589045155,-26.91175768450555],[-49.07536608171956,-26.911451073975282],[-49.07480534538237,-26.91150539470592],[-49.07471046097531,-26.911628143269084],[-49.074969001253024,-26.911920304669465],[-49.07454106423145,-26.912647899982428],[-49.074327131477006,-26.9127469263354],[-49.07376526856787,-26.912503417383242],[-49.07411457027906,-26.91310260042826],[-49.07351177663755,-26.913547991069795],[-49.07322049495235,-26.91356380524269],[-49.07291698426974,-26.913363407363242],[-49.07313420790371,-26.913134693605862],[-49.073200203406515,-26.91274784921795],[-49.072504272755985,-26.912584879963983],[-49.07250424467671,-26.912466580507015],[-49.072743640381745,-26.912480984548743],[-49.07247866161311,-26.912243314077134],[-49.07200322771787,-26.912397793555915],[-49.07192572919386,-26.912560908075484],[-49.072114715757436,-26.91278310883945],[-49.071791598022266,-26.913173655768016],[-49.07186231015383,-26.91341704907704],[-49.07155303274583,-26.91345144030802],[-49.07120822888388,-26.913844119846186],[-49.07080143712449,-26.9137729637585],[-49.0698893135795,-26.91254742332557],[-49.069496379643255,-26.912522757882815],[-49.06892409963482,-26.9128301821337],[-49.06905904687077,-26.910951508383093],[-49.069466254855406,-26.910064777136245],[-49.06977835379997,-26.90800512461038],[-49.06971619758286,-26.90688346813661],[-49.06939158794865,-26.905766934861806],[-49.06908145128383,-26.905552149218412],[-49.06883992780896,-26.9048954829029],[-49.06852556034764,-26.904872824868384],[-49.06863095141086,-26.904389504677816],[-49.06837094197146,-26.904473428325595],[-49.06814091941502,-26.90433323509903],[-49.0679136135416,-26.903952959636257],[-49.06592447331253,-26.902180060020854],[-49.06567996265631,-26.901762258757213],[-49.06590876690339,-26.901343964098057],[-49.06577400433597,-26.9013368158113],[-49.06559842398109,-26.901631682229237],[-49.065327678810114,-26.90158873234566],[-49.06248792587406,-26.899064448656073],[-49.06169150923436,-26.8981890083796],[-49.06151919127638,-26.89773706719524],[-49.06132739573087,-26.897733066814357],[-49.060421646217286,-26.897079162450762],[-49.060080267031445,-26.896223426934547],[-49.060357763495674,-26.89545845334491],[-49.06154495644405,-26.89530728445525],[-49.06307364308145,-26.895686029105686],[-49.06870705230409,-26.897786734664166],[-49.06976727394375,-26.898020225581103],[-49.071560768449174,-26.898846961371657],[-49.07316306788582,-26.89915364378378],[-49.07484511375762,-26.899152299930996],[-49.07600876303497,-26.898533297605518],[-49.07645528988672,-26.897982393743945],[-49.07712151052849,-26.898024936286358],[-49.077349552787204,-26.897912610246877],[-49.077531729731085,-26.89770130748052],[-49.07742230421578,-26.897314798512088],[-49.07776460101479,-26.897290896050244],[-49.0777139977719,-26.89699508628147],[-49.0780435054605,-26.896472586465677],[-49.07837079655055,-26.896354630305936],[-49.07910163346945,-26.895564015387695],[-49.08230898983616,-26.891754518972597],[-49.08312255169447,-26.891393681023683],[-49.08323122612941,-26.890893175781976],[-49.08349935790558,-26.890756371764844],[-49.08346465410735,-26.890504408101545],[-49.08423409376621,-26.889933151929203],[-49.08475793264867,-26.889167241372224],[-49.08493986576327,-26.889205270533385],[-49.085136790986006,-26.88959278980575],[-49.08532885984551,-26.889536014909496],[-49.08544547641026,-26.889708111551837],[-49.08562417183525,-26.889431535143963],[-49.085360206149716,-26.88930354437441],[-49.08535229143232,-26.889081523143098],[-49.085658776194684,-26.888950217710505],[-49.08581819018539,-26.888657808744167],[-49.08613164258991,-26.8888688171426],[-49.08608729877924,-26.888774831910276],[-49.08672782016037,-26.888298442127525],[-49.08663090920412,-26.88808956100578],[-49.087202986931274,-26.887011993075983],[-49.08759022820131,-26.88693684981966],[-49.08740628990641,-26.886709437233048],[-49.08765000257866,-26.886290894435856],[-49.08763254965851,-26.886086643871163],[-49.08747238379539,-26.88613210424341],[-49.08751511730978,-26.88595881049337],[-49.08632964966516,-26.888480677892357],[-49.0859939499839,-26.88863887188014],[-49.085246570049335,-26.888252946012695],[-49.08534118824649,-26.88794835076633],[-49.08588544616441,-26.887461236629864],[-49.08585177779768,-26.88703839769889],[-49.08630283195699,-26.88646966209081],[-49.08656879392762,-26.885712236784453],[-49.08688902606899,-26.885586544023994],[-49.08704229142558,-26.885014232793207],[-49.08787925040732,-26.883742915580214],[-49.08798013836036,-26.883357237385958],[-49.0886943728586,-26.882633498450815],[-49.088675735200404,-26.882340927726183],[-49.088860253003844,-26.882155784082595],[-49.08865165348095,-26.881916583814053],[-49.089185600839954,-26.880656955940786],[-49.08948198698261,-26.880361006282037],[-49.0896084277122,-26.879407938176435],[-49.089869739748714,-26.87885617467998],[-49.09064355823602,-26.87833420949551],[-49.091285707790135,-26.87811274837585],[-49.0921504344006,-26.877905899323387],[-49.09252539243534,-26.878008841114127],[-49.09255919264985,-26.877776233347426],[-49.09292695243405,-26.877459079334432],[-49.09353419313124,-26.877400749305572],[-49.093386230449475,-26.877057249707107],[-49.09371757699438,-26.876777843322433],[-49.09485701208511,-26.876709587678835],[-49.0954700730468,-26.876916506452666],[-49.09616111157966,-26.877531554048232],[-49.096264018116656,-26.87890969978662],[-49.09605184942552,-26.879428110530686],[-49.09622229271627,-26.879684240612573],[-49.09589164150369,-26.880673630653472],[-49.09542159241038,-26.88069442175539],[-49.09597169916256,-26.881762663675705],[-49.09524625591649,-26.88169857342644],[-49.095164993588504,-26.88232967983021],[-49.0945275116842,-26.88237317887355],[-49.094389280010134,-26.882770176611558],[-49.09401531247025,-26.882911142533448],[-49.09409202313968,-26.88334187820264],[-49.09424303150469,-26.883357486857125],[-49.09456644223998,-26.883922976574212],[-49.09397950754388,-26.88499461973075],[-49.094154248826015,-26.88512883722026],[-49.09425851788788,-26.885592352563304],[-49.09394376855183,-26.885879773450636],[-49.09435346674986,-26.88613162801797],[-49.09401642300437,-26.886677364474096],[-49.094873569391865,-26.885532961978452],[-49.09497535845746,-26.884847755949686],[-49.09474608828365,-26.884404148032534],[-49.095178086040406,-26.883375864981943],[-49.095489474696706,-26.88307242401394],[-49.09529087596905,-26.88271645724635],[-49.09590034106942,-26.88210782934164],[-49.09629153875131,-26.8825931424267],[-49.097105968273276,-26.882682603655606],[-49.09720517754251,-26.882880131062517],[-49.097743840604515,-26.882491794690615],[-49.09897337190538,-26.882572268051014],[-49.09927363686361,-26.88276411083422],[-49.09967809590409,-26.882786708405327],[-49.10270439660891,-26.881680799842254],[-49.10359855756871,-26.881161094764416],[-49.1053427391969,-26.88064208877728],[-49.10685187436246,-26.87965838210494],[-49.108110977000145,-26.87934699944879],[-49.10980935368315,-26.87928214689561],[-49.10986812125916,-26.879206158856537],[-49.109814627151074,-26.878812898623924],[-49.11059417856911,-26.87885317743168],[-49.11010307291368,-26.879435443858394],[-49.11015221780399,-26.880561403460334],[-49.11041979058111,-26.88123086858502],[-49.110595546002635,-26.88079525840697],[-49.11087174576592,-26.881145596118433],[-49.111034754751486,-26.881970033358833],[-49.11062147079598,-26.8819236331383],[-49.110661880117554,-26.882150595812327],[-49.10943425928293,-26.883107312163762],[-49.10896738287129,-26.88304267016482],[-49.10920534583525,-26.883683572794496],[-49.10978281797436,-26.883974415519624],[-49.10986402644759,-26.884167955565168],[-49.11185390665016,-26.88457071016266],[-49.113161103790915,-26.885012467331812],[-49.11439771384416,-26.88600017616719],[-49.11446743434188,-26.886686566496426],[-49.11606783115995,-26.886545974298695],[-49.11813730994887,-26.88661202361508],[-49.1189003317418,-26.8867849333786],[-49.11926657753749,-26.887249128404207],[-49.120426044285885,-26.887991584088976],[-49.1214803003136,-26.889057145682475],[-49.12231800956443,-26.890766309495106],[-49.122388026023486,-26.89124674998558],[-49.122870448319624,-26.891591879242405],[-49.12311625920583,-26.89219017103815],[-49.124526571268106,-26.89272458374429],[-49.125301820614176,-26.892697317607524],[-49.125435152627645,-26.892895331563068],[-49.12702615966887,-26.892807760366832],[-49.12909766757221,-26.892024712284705],[-49.130047867302544,-26.891853521358975],[-49.130360702061665,-26.89160770522004],[-49.130564872900486,-26.891677606613914],[-49.13125759454358,-26.891290709094903],[-49.13163796025489,-26.89134043355103],[-49.131556564438284,-26.89112910639619],[-49.13246441032541,-26.890764992348874],[-49.134575714521965,-26.890699097463653],[-49.13532891548254,-26.89135833095784],[-49.1353495560499,-26.89182615686323],[-49.135510132551175,-26.891567695843587],[-49.135656914217165,-26.891664081243164],[-49.13580408230649,-26.892217914496012],[-49.13582780333218,-26.89308647675939],[-49.13509594418365,-26.892605284171534],[-49.135337018424536,-26.892350529020337],[-49.13539323896318,-26.892005414226826],[-49.13525334095042,-26.892351466916626],[-49.13487932262899,-26.89262178732355],[-49.13408044513028,-26.892628107674565],[-49.134217589875306,-26.892798032091825],[-49.13459532520335,-26.89283323297632],[-49.13448765490437,-26.893358358136375],[-49.134806950420554,-26.893554276730775],[-49.13479327718175,-26.89391785247788],[-49.13510459511427,-26.893178118261616],[-49.134914090266335,-26.894125712340788],[-49.135139170377705,-26.894309725210693],[-49.13514764106048,-26.894764568813795],[-49.135717721936224,-26.89499831421434],[-49.135000402696065,-26.895369915585224],[-49.13550590252048,-26.895445045408795],[-49.13568204243344,-26.896005958775657],[-49.135523670018785,-26.896376091035428],[-49.13566710649296,-26.89665058919612],[-49.13600406556683,-26.89605811373519],[-49.136269255232534,-26.89600234425313],[-49.135901693152206,-26.89547478393767],[-49.136228189404946,-26.894615466438736],[-49.13598252290283,-26.894043786539022],[-49.13555880170935,-26.893951700256263],[-49.1354468607257,-26.894109150033547],[-49.13519487940969,-26.893840575817098],[-49.135321551556906,-26.893102751111645],[-49.13630739383899,-26.893368425168905],[-49.13683821205579,-26.893275966138617],[-49.13795205503958,-26.893395689102842],[-49.13830752906939,-26.89359698076754],[-49.138380478234936,-26.893503980065326],[-49.14012368170083,-26.893569531062468],[-49.14023203881092,-26.893404525975512],[-49.14171129996257,-26.893223148547534],[-49.141909195131426,-26.89400395019203],[-49.141655043031435,-26.894986032477245],[-49.1406750860866,-26.896338368651595],[-49.140608089069524,-26.896773800252717],[-49.14027443899193,-26.89712342414138],[-49.14025012263409,-26.897606544685093],[-49.13996920381555,-26.89784598454661],[-49.14062884700819,-26.898282245398992],[-49.14020413804662,-26.898677303949626],[-49.14063919668883,-26.898699733055125],[-49.14096317587195,-26.89846299570496],[-49.14135825112232,-26.898845877687705],[-49.141772922585886,-26.89900622409872],[-49.14284982082493,-26.899060986074094],[-49.14413962844323,-26.898588435789804],[-49.14525707506189,-26.898803922896672],[-49.14567661299815,-26.898730365860118],[-49.14639914877622,-26.898176922575804],[-49.14634701304548,-26.89911390169814],[-49.145743076125214,-26.899307484937133],[-49.1456077401873,-26.899565407202655],[-49.14595454073981,-26.900659748613066],[-49.14668373880259,-26.901260766381004],[-49.14651517962395,-26.901642824919897],[-49.14662254122565,-26.9018229713601],[-49.14744865094768,-26.902173434192118],[-49.148002486383255,-26.902198905570117],[-49.14728172398717,-26.90299692092946],[-49.147126528801174,-26.90258576730859],[-49.146955601475554,-26.902632194003875],[-49.14698429337171,-26.90304722301347],[-49.147228121566805,-26.9033661599407],[-49.147086793212814,-26.90387305648704],[-49.14600896143252,-26.904882745502448],[-49.14644848612229,-26.904917834015052],[-49.14718765577296,-26.905290650929228],[-49.14717530935954,-26.90565808560225],[-49.146673735294065,-26.90622058006613],[-49.14724788398123,-26.905697891581344],[-49.14733071835295,-26.905281719326766],[-49.14713511152054,-26.905006768345743],[-49.14652403695464,-26.904661669247705],[-49.14663920585054,-26.904505891808572],[-49.14693142964938,-26.904534156866788],[-49.1468648114169,-26.90436379864753],[-49.14731382644767,-26.90387207321749],[-49.147667193708756,-26.90298256541134],[-49.148099499226845,-26.902631433745885],[-49.14827659998282,-26.90267741100021],[-49.14854166984914,-26.903126380338172],[-49.14930880462529,-26.902916125826582],[-49.1486637244418,-26.902971185156503],[-49.14833312041183,-26.902443598336212],[-49.14835130435691,-26.902210650378166],[-49.148740386863224,-26.902120918729253],[-49.1489745758022,-26.90171399685653],[-49.148576995691634,-26.902056102394155],[-49.14806135659254,-26.90178143589869],[-49.147521320541,-26.90186421826994],[-49.14673636906381,-26.901645167871536],[-49.14699184458147,-26.901265731321125],[-49.14649879993424,-26.900489858810644],[-49.14642528093673,-26.899829115472368],[-49.14648506650573,-26.89956884287334],[-49.14676987601485,-26.899503438488374],[-49.14692309830762,-26.89816394387557],[-49.14882336089967,-26.898319972397804],[-49.14983644444616,-26.89818266900009],[-49.15145031976885,-26.89706553011371],[-49.15243059371877,-26.895845880635672],[-49.15310926712218,-26.895765255027698],[-49.15369215280052,-26.895354358330493],[-49.15455254109804,-26.895675251521535],[-49.15477354809643,-26.896368780118888],[-49.154636940128384,-26.896688460019504],[-49.154833289537834,-26.896747247965667],[-49.15504003270418,-26.896333275506432],[-49.15490085393773,-26.895981349969077],[-49.15497832459836,-26.895404859722756],[-49.15542897481409,-26.895167296291714],[-49.15645219148278,-26.8952768078942],[-49.15683318828419,-26.89501173004706],[-49.155885552419704,-26.895105474341168],[-49.15556715525365,-26.894993789354285],[-49.154238005780186,-26.895357601928072],[-49.153534852833154,-26.89519018093218],[-49.15276047285742,-26.89556154602091],[-49.15252243127352,-26.895427735604777],[-49.15352172989801,-26.894571857956326],[-49.152916624423845,-26.894813028447405],[-49.15257902779626,-26.895186552977666],[-49.152488533368576,-26.89494193668892],[-49.152214236902715,-26.89540329026253],[-49.15207873307286,-26.895299739118965],[-49.153236217203215,-26.89368609476285],[-49.15363046616976,-26.893467248367696],[-49.15497053276091,-26.891420035167844],[-49.15702387441611,-26.88921601161759],[-49.15816301719586,-26.888268849632958],[-49.159758685024244,-26.886086808035888],[-49.161942864928896,-26.88519966994218],[-49.16527969124847,-26.883271301176052],[-49.16921211174383,-26.881816834578196],[-49.171848280484035,-26.880437168058798],[-49.17441726726932,-26.879381192724274],[-49.175723573738686,-26.878694643623422],[-49.17403759246848,-26.879328918659727],[-49.173017725863026,-26.879932164430407],[-49.17048858179479,-26.880688474428442],[-49.16903198681022,-26.881545326843874],[-49.16777173483878,-26.88182493755595],[-49.16607780235435,-26.882486385994635],[-49.16236722528736,-26.883420747921296],[-49.162165309244976,-26.883857159471084],[-49.16161092112127,-26.884362361728158],[-49.16131903336439,-26.8843488684918],[-49.16075790462355,-26.88461003765583],[-49.15986964628089,-26.884650500724987],[-49.15941337170318,-26.885242598263634],[-49.15926175702622,-26.885218377233063],[-49.158604727842665,-26.885699075476357],[-49.15685218640775,-26.888487025150116],[-49.15575004520822,-26.889394260397655],[-49.15453925284456,-26.890776009621618],[-49.15366861224006,-26.892115334911665],[-49.15215995154895,-26.893379002436458],[-49.151600142293,-26.89364966850498],[-49.151330790302914,-26.89475973639218],[-49.15088585813193,-26.895326049877017],[-49.14976770523867,-26.89579412364513],[-49.14772616749583,-26.895917175553294],[-49.146951130684535,-26.895586273138065],[-49.143638830062905,-26.891771458255096],[-49.1428264917003,-26.891502656204768],[-49.14232271154563,-26.891533876443702],[-49.14227077548382,-26.891046506454515],[-49.142987891868515,-26.890644277640504],[-49.142248010965574,-26.890763644595626],[-49.14203977251914,-26.891398322504116],[-49.14167393098098,-26.891585386888213],[-49.140364617629594,-26.891500983644722],[-49.139346276033216,-26.891123650485792],[-49.13935208283492,-26.88983574352322],[-49.13894317677727,-26.889415589610422],[-49.13893340802341,-26.88859566793952],[-49.13914253887081,-26.888407592033605],[-49.13956045218561,-26.888693788872988],[-49.13959280349255,-26.888463756583576],[-49.14006530498381,-26.888257531298947],[-49.1407900315687,-26.887625578858053],[-49.14075537248481,-26.886710935986155],[-49.140494977817845,-26.886402564421605],[-49.14051602699001,-26.88601794466914],[-49.14090431333833,-26.885692089235878],[-49.14142352299244,-26.885835868701644],[-49.14167141636259,-26.88604038567059],[-49.14167975829729,-26.886415690874095],[-49.14218306194896,-26.88704853746627],[-49.1425750763359,-26.887012739328718],[-49.14282424549385,-26.88667673556015],[-49.14315218217242,-26.88685723321786],[-49.14343458075911,-26.886812361650097],[-49.143605245095856,-26.885480842453134],[-49.14399347491793,-26.885060659296116],[-49.144370743760376,-26.88495058160405],[-49.14472787099354,-26.88463079970617],[-49.144942732208804,-26.883637733986767],[-49.14552272920395,-26.883499094983367],[-49.14565846229992,-26.88305738022446],[-49.145553092206384,-26.881881374458523],[-49.14537688901467,-26.881638682848347],[-49.14485778078315,-26.8814475147059],[-49.14498987082988,-26.88126106432174],[-49.144744144162175,-26.880592809587565],[-49.1449518712599,-26.880502821794877],[-49.145794686360816,-26.880790391840783],[-49.14594954632529,-26.88044024010887],[-49.14494169424782,-26.879923154311154],[-49.144300320141355,-26.88013743967034],[-49.143514813889965,-26.879977879883054],[-49.14274689926743,-26.87778454041608],[-49.14301165414451,-26.877376017341174],[-49.14300506763057,-26.876829154569354],[-49.14454256502022,-26.877040782430953],[-49.14345870391371,-26.876456869411047],[-49.14317022929792,-26.87659860080514],[-49.14225169366275,-26.876149420366595],[-49.142133485166056,-26.87548705070082],[-49.141984766701356,-26.876010097511923],[-49.14141547810163,-26.875783495465157],[-49.14128926694513,-26.87556687708797],[-49.14156760962082,-26.87439287914623],[-49.14226174239967,-26.87393740348791],[-49.14226317555204,-26.87376591079615],[-49.14266319214388,-26.873462583194538],[-49.14295719235072,-26.872978561931102],[-49.14326584897841,-26.87283091144873],[-49.14332656560067,-26.87247575746736],[-49.14355170894165,-26.872728690294622],[-49.143752937577666,-26.872483948972555],[-49.14390068153618,-26.872517754713193],[-49.14403011138034,-26.87301593460716],[-49.144430961924456,-26.87315702297594],[-49.14422046695253,-26.872947662878378],[-49.144317562009334,-26.87277498871356],[-49.144038284651195,-26.872139577628637],[-49.144506651038704,-26.872050810179445],[-49.144754725886415,-26.87175864605187],[-49.14463885376931,-26.871694483896125],[-49.14515466346557,-26.871439027640232],[-49.145019253669425,-26.87129224057885],[-49.14445900414794,-26.87146567261692],[-49.14391040455836,-26.871820968108985],[-49.14389367287679,-26.87227336551136],[-49.14354136986876,-26.87235935462272],[-49.14338025229786,-26.87206071018091],[-49.14316069068098,-26.87236302641754],[-49.142954825647614,-26.8723642009415],[-49.14295451828146,-26.87272835159549],[-49.142816771374946,-26.872680984964664],[-49.14257368077324,-26.871290009636088],[-49.14311526723828,-26.86931196127489],[-49.14311101402521,-26.868157365154662],[-49.14333711065211,-26.867966320028074],[-49.14381397104912,-26.867961785934305],[-49.14520050449015,-26.869569998994717],[-49.14618286484611,-26.869513074216268],[-49.14723193165642,-26.86868665328116],[-49.14871565787307,-26.86642926571652],[-49.14927453134916,-26.866679464996622],[-49.14988756424607,-26.867293038445037],[-49.15057727702059,-26.868973616871305],[-49.1503715212559,-26.86911083807936],[-49.15034760143181,-26.869378233553615],[-49.1506670295537,-26.86968654018762],[-49.150772775482224,-26.86960570140631],[-49.150647090268905,-26.869434067665836],[-49.15082567243104,-26.869292318413052],[-49.15122750839041,-26.869152459111504],[-49.15174462807336,-26.869230542721727],[-49.15157242122341,-26.869072102183157],[-49.15087604417216,-26.869050832259077],[-49.15143672588291,-26.8688902734074],[-49.153280205098326,-26.867902935207457],[-49.15354339987846,-26.868022381389245],[-49.15334253158214,-26.868663792725787],[-49.15346743992861,-26.86892550296941],[-49.153855334377674,-26.869059594525563],[-49.154330951469646,-26.86874751406146],[-49.15511883241918,-26.86777786418407],[-49.154467508459945,-26.86772444546895],[-49.15451461696915,-26.866818578184937],[-49.15478778607513,-26.86601629833182],[-49.15430117601161,-26.8654046983789],[-49.1543220382431,-26.865632575262577],[-49.15385116475072,-26.864586072388644],[-49.15528274168577,-26.86367280491092],[-49.156098506827,-26.862842145805157],[-49.1560441755841,-26.861592247625975],[-49.15574242716841,-26.86091869001709],[-49.155652987950546,-26.860030996852625],[-49.15555855407184,-26.860204956485],[-49.15569497730698,-26.85956618445916],[-49.156869661757824,-26.85895554075533],[-49.157138647487734,-26.858297752010554],[-49.15791905339794,-26.857904945900867],[-49.15820360486343,-26.857444084734137],[-49.15826983633629,-26.85692283778903],[-49.15867165126967,-26.856664459570666],[-49.15841743811465,-26.8565514227915],[-49.15854835887845,-26.856202672896217],[-49.15832116772653,-26.85574877303327],[-49.158381061944134,-26.855584332280024],[-49.158230010689984,-26.85559914117353],[-49.15828405037639,-26.855394997837905],[-49.15819999242241,-26.85508755210456],[-49.157975100104316,-26.85482088355323],[-49.1581979993622,-26.855522043808275],[-49.157203982254316,-26.853766821764825],[-49.15593635460998,-26.85315621128128],[-49.15571143109439,-26.853322187052587],[-49.15577771885435,-26.853477557306725],[-49.15702663199066,-26.85402797750215],[-49.1582669427015,-26.8562187052824],[-49.158016938499955,-26.85660584787887],[-49.15787161435132,-26.85754461505906],[-49.15674131868254,-26.858232718771696],[-49.156426501153355,-26.85894630342182],[-49.15591857168212,-26.859056606676273],[-49.155405563532696,-26.85950493376157],[-49.155301946485295,-26.860406115364626],[-49.155826726342546,-26.862011441098762],[-49.15556364408515,-26.86305307972531],[-49.15432662259824,-26.863932014389437],[-49.154005818435444,-26.86396735432061],[-49.15372399511739,-26.86419287385034],[-49.1542009158178,-26.863392105469543],[-49.15393518463826,-26.86335759506355],[-49.15398857856428,-26.863617144107923],[-49.15354380510284,-26.86408232198848],[-49.153427281336064,-26.864627191427715],[-49.15437379447591,-26.866222478247387],[-49.15392716032551,-26.8676634668423],[-49.15378683415432,-26.867769986467337],[-49.153697391356324,-26.867627959289784],[-49.154011243349316,-26.86655870051926],[-49.15394893426981,-26.86611955549094],[-49.15372347607219,-26.86587233870216],[-49.15343066363557,-26.866615527482256],[-49.152985172314736,-26.86717149507634],[-49.15311797930206,-26.867661993279167],[-49.15123035351232,-26.868482916192086],[-49.150864826447645,-26.868524611179915],[-49.150620502052355,-26.868243175222876],[-49.150261532525086,-26.86716335111961],[-49.1495827001107,-26.866428836177207],[-49.14881718610875,-26.86609890854203],[-49.14865103919891,-26.865559154372086],[-49.14837853755413,-26.865406677547107],[-49.148311478370395,-26.86587283971536],[-49.14845783044941,-26.866043733920517],[-49.148212607214994,-26.866440972611507],[-49.147462588823714,-26.867351634625134],[-49.14707331082798,-26.86813739470247],[-49.1466438455295,-26.868333829910235],[-49.14666436067996,-26.868551872718573],[-49.14636719624072,-26.868959989525372],[-49.14582899344211,-26.869269550070296],[-49.14538191892528,-26.86920716077687],[-49.144749673050136,-26.868293843525517],[-49.145077799137816,-26.868096347239177],[-49.14488737106479,-26.867628299899682],[-49.14510291525734,-26.867486562809727],[-49.145349646760515,-26.86785748362114],[-49.14563031431292,-26.867639004319802],[-49.14548153492544,-26.867393757309674],[-49.14556838223102,-26.86720860788854],[-49.145746190547946,-26.867208365905263],[-49.14560896231737,-26.866963059358614],[-49.145016152612214,-26.867451329680826],[-49.14458023660486,-26.867308047106174],[-49.144455137705485,-26.867449338116298],[-49.144295532392825,-26.867255326460562],[-49.14412140497125,-26.867339183403633],[-49.144658129020456,-26.867847498079392],[-49.14460108330373,-26.86802342195201],[-49.14409947054721,-26.867554969249575],[-49.1429705936893,-26.8675521210566],[-49.14272496882767,-26.867893036026157],[-49.142662330302166,-26.869526569005522],[-49.142525791997805,-26.86978795394342],[-49.14225474090631,-26.869786991451807],[-49.142512636318585,-26.870179932872652],[-49.14222870115251,-26.871035302593498],[-49.142459741115225,-26.87317984403949],[-49.141945912912576,-26.873594118376204],[-49.14170561010436,-26.873526861797057],[-49.141590521425016,-26.873660918545742],[-49.14168914145952,-26.873814872347907],[-49.141329354082266,-26.874076766807285],[-49.14054677452954,-26.874057266494365],[-49.14110405576411,-26.874316660642247],[-49.14087331821247,-26.875367808210424],[-49.14062538673635,-26.875593629330186],[-49.139883462422624,-26.87533551690514],[-49.13961395889553,-26.875545070910515],[-49.138337830387066,-26.87547296128658],[-49.13783903084464,-26.874984231619777],[-49.13809382317467,-26.875632809226808],[-49.140647165009156,-26.87567862621964],[-49.14149754315593,-26.876360305767893],[-49.141670170246186,-26.87679837521468],[-49.14233803039294,-26.876922228546942],[-49.14232433117831,-26.877078111531453],[-49.142109819273244,-26.877123310566944],[-49.14233132149348,-26.877255685137214],[-49.14223221482366,-26.877641097668718],[-49.14167440034585,-26.87767762899427],[-49.14151781844144,-26.87753124315128],[-49.14143389898547,-26.877697296014613],[-49.14171330923001,-26.87786716140556],[-49.14169668956358,-26.878110778208672],[-49.14194921494037,-26.878173153134842],[-49.14195117745159,-26.87855882425734],[-49.142223460916185,-26.87862628473519],[-49.141946258244914,-26.87875910252928],[-49.1419139774112,-26.878940543614142],[-49.141532714571,-26.8790727628229],[-49.14155891333143,-26.87953436284453],[-49.14227713754188,-26.879527822307992],[-49.14238936360713,-26.879855637502327],[-49.14208812082193,-26.880879504404867],[-49.14219100651249,-26.88168340959974],[-49.14228314436705,-26.881744089337783],[-49.142259998178666,-26.881608384045915],[-49.14295844771686,-26.882228217830626],[-49.14294158870211,-26.882576959759856],[-49.143311335007354,-26.882546588695053],[-49.14381687206061,-26.882872688240937],[-49.14503851899809,-26.883048398023206],[-49.1443525718472,-26.883235021424507],[-49.143869803485835,-26.883685027705514],[-49.142897923361225,-26.883424938885387],[-49.14229388116912,-26.88376756969201],[-49.14223508002421,-26.884938828424726],[-49.14197055114631,-26.88544723931118],[-49.14161987085231,-26.885274718849065],[-49.14192966552009,-26.884496759572514],[-49.14172417514706,-26.883827007909353],[-49.14162449716715,-26.88391258985154],[-49.141283539608146,-26.883766153652264],[-49.141443072256216,-26.8839434073779],[-49.14109901826754,-26.884436448842507],[-49.14142012421124,-26.88472633933553],[-49.141327019690785,-26.884915600606877],[-49.14109645886323,-26.885023626237004],[-49.14055663294211,-26.884945742727098],[-49.13994110834829,-26.88554343891138],[-49.13965363109936,-26.88503137703489],[-49.140023888570546,-26.884438470818694],[-49.139828312575844,-26.884310222910436],[-49.13990927760951,-26.884178665782432],[-49.140147620540446,-26.884394573316953],[-49.14064912624318,-26.884306165017502],[-49.14090172019191,-26.884000298828088],[-49.1406146651792,-26.88377558260684],[-49.1407685543263,-26.883595215473004],[-49.140443214656145,-26.883453406808812],[-49.14025358172789,-26.883662565969125],[-49.13964391657819,-26.883516362332927],[-49.1394481954406,-26.88360197826179],[-49.139252134939454,-26.884034368084453],[-49.138791667654544,-26.8840665451251],[-49.13839149069936,-26.88385259441072],[-49.138882465830044,-26.884508325791398],[-49.13873507601189,-26.88517191605836],[-49.13955423704213,-26.885643925793957],[-49.13950260928997,-26.88590852809706],[-49.13992048955358,-26.885950473701477],[-49.140084211063595,-26.886333967197142],[-49.140276861194295,-26.887279374979045],[-49.140226515272,-26.887381505856197],[-49.14019691148257,-26.887178053432915],[-49.13980578079118,-26.887221159554162],[-49.13978588740344,-26.887852043192215],[-49.138735468466784,-26.887998667612894],[-49.138087087059105,-26.88694829616065],[-49.13746165965829,-26.88689633578165],[-49.13665365794838,-26.887233856489342],[-49.135597915061666,-26.886862411483392],[-49.13505050630518,-26.88727270880216],[-49.135234994159006,-26.887393932836595],[-49.135163150379555,-26.887952366265782],[-49.134761892452275,-26.88846270849073],[-49.134220905489556,-26.8887053829207],[-49.13022368232395,-26.889029004361277],[-49.12829106416285,-26.889908690605413],[-49.127476269866676,-26.890510505851143],[-49.126490748906015,-26.89083366950569],[-49.12579197023721,-26.89089707339708],[-49.125609840679935,-26.890439763577415],[-49.125996407846344,-26.890098034635844],[-49.12596765745284,-26.889808144504737],[-49.12515045424362,-26.8890022777493],[-49.125059412796055,-26.888673794090312],[-49.12456697934873,-26.888346990220228],[-49.124152192547086,-26.888261485302543],[-49.12384374446466,-26.887506403225736],[-49.12396416329248,-26.887929535399135],[-49.123795564195895,-26.88812100074876],[-49.12400898301897,-26.888290377921432],[-49.123799337125185,-26.888411800354262],[-49.12236210407252,-26.886913916319262],[-49.12225672305048,-26.886614851119926],[-49.12300335359254,-26.8855407456038],[-49.12260493777011,-26.88557391206789],[-49.12216756008193,-26.885856494781592],[-49.12224407082891,-26.886053609554416],[-49.122050060783074,-26.88627273789283],[-49.12198493377021,-26.886762119001276],[-49.12175275779549,-26.886758295756888],[-49.119895072575595,-26.885233257659106],[-49.11991617376863,-26.884827991332937],[-49.119726644826066,-26.884615294626457],[-49.119936087459166,-26.88474461222828],[-49.11999856417975,-26.884610471377968],[-49.11983144744821,-26.884063388873617],[-49.119401480864106,-26.88343475013185],[-49.11915391661604,-26.883298616553986],[-49.11851876441236,-26.882455466483883],[-49.118312536326,-26.88224403739345],[-49.11818606762264,-26.88217051171519],[-49.1182363183052,-26.881786215248088],[-49.11776765326275,-26.882368690100325],[-49.11720455510008,-26.88205025846324],[-49.1165429127877,-26.882060361069],[-49.116112601533494,-26.88174972911045],[-49.11549724778852,-26.881900296526688],[-49.11502303103692,-26.88169580211231],[-49.114484483939364,-26.88176537736321],[-49.11372563342307,-26.881639690114305],[-49.1131624504582,-26.88132165148632],[-49.11330105787406,-26.881139580329606],[-49.11281041258337,-26.88119178338966],[-49.11224478620004,-26.880812192132172],[-49.11172282916141,-26.879838670356854],[-49.111903804438924,-26.87949154030948],[-49.11219869615072,-26.87945661502395],[-49.11204473003308,-26.87925804348563],[-49.11217113930746,-26.878708586166535],[-49.11259137448986,-26.87777516195306],[-49.113214743375146,-26.877383669074998],[-49.11375096025971,-26.877643026826895],[-49.11382008019138,-26.87797187729613],[-49.11402550715344,-26.877889204434826],[-49.11426028469133,-26.87813639605454],[-49.11433976825287,-26.877809199492443],[-49.115081396048346,-26.8778508102011],[-49.11544339726686,-26.877207649713093],[-49.11539640959964,-26.877018453564933],[-49.115160582693214,-26.876924658308003],[-49.114924300737776,-26.87739930422619],[-49.11397246969192,-26.877470868846874],[-49.113340022890625,-26.877244229358624],[-49.11301502072661,-26.87637228963937],[-49.113225094040985,-26.875129332797094],[-49.11310411060895,-26.8749576732442],[-49.112541774232376,-26.875009995180303],[-49.11232532958933,-26.87531540062853],[-49.11202530136838,-26.875358889446222],[-49.11239456487845,-26.875624164256905],[-49.11221483342405,-26.876097827416366],[-49.111690612247884,-26.876184559867507],[-49.11146622082407,-26.87663653218572],[-49.11112144687645,-26.876697380846824],[-49.111024580373396,-26.87654573496194],[-49.11088056770208,-26.87676120516202],[-49.11128588011269,-26.877167897896662],[-49.11178369842457,-26.876471915339206],[-49.11207381828118,-26.876423880438885],[-49.11223171663453,-26.876827615960774],[-49.112054953619655,-26.877120400179546],[-49.11236114422436,-26.876767468898013],[-49.11246981470055,-26.875984371158292],[-49.112795110875766,-26.875631019160625],[-49.112666441484755,-26.877297322533494],[-49.11233792447444,-26.877538218322048],[-49.11142253939908,-26.877613569022966],[-49.110739358195005,-26.87791107232803],[-49.109919298194114,-26.87788422775312],[-49.10968142642785,-26.87764726658667],[-49.10918704996948,-26.87805025250352],[-49.10864274135583,-26.878185163961724],[-49.10761321434463,-26.87795135808302],[-49.10712041543772,-26.87752677013419],[-49.10696697922893,-26.877831515838913],[-49.106475414919814,-26.878037524169073],[-49.10643072630432,-26.878408173076604],[-49.1061789119882,-26.87866106302736],[-49.10552281794205,-26.878925327802083],[-49.10535481827018,-26.87918242832103],[-49.104594655284664,-26.879497132828835],[-49.104042215051294,-26.87992130399922],[-49.10229298954637,-26.880422097429374],[-49.10093844693501,-26.88063693587664],[-49.1006147170087,-26.880858310840075],[-49.09879856195499,-26.88077636887401],[-49.09826486611445,-26.880466766935537],[-49.09809084507671,-26.879876934263255],[-49.09840172340015,-26.87857646887617],[-49.09905140745405,-26.87812436757694],[-49.098516324356524,-26.878171314101298],[-49.09837778287135,-26.876627927680275],[-49.09801053470745,-26.87610626599253],[-49.09708472345173,-26.875358902790143],[-49.095372791203864,-26.874605803465727],[-49.09553989795865,-26.874463192108394],[-49.09587957160175,-26.87468194433006],[-49.0965313761495,-26.874812133907643],[-49.09700155926293,-26.874406781274917],[-49.09693835881512,-26.873868354798148],[-49.09657042866694,-26.873759621230747],[-49.0966745032156,-26.873652902632788],[-49.096291272518805,-26.873619831662964],[-49.09636489733575,-26.87350285400693],[-49.09618606002201,-26.873436229209805],[-49.09611748784193,-26.873147015871197],[-49.09632770253785,-26.87302623952084],[-49.09658148331567,-26.87318042191061],[-49.09656376232627,-26.872827767671076],[-49.09712245251854,-26.873063669372467],[-49.09818455961945,-26.87291897568021],[-49.09820149402203,-26.873095835704095],[-49.09761616185,-26.873444907937195],[-49.09851307400081,-26.874148002533826],[-49.09789904339923,-26.87474347591965],[-49.098186558325445,-26.875235106376536],[-49.09928667017496,-26.87570883297294],[-49.10036715437031,-26.875951842033455],[-49.10086979618652,-26.875875270612646],[-49.101069867993466,-26.876171336125847],[-49.10146345209308,-26.87604521892204],[-49.10150212312093,-26.876481199511275],[-49.10181940408149,-26.876513090640334],[-49.10235066721294,-26.87626196107796],[-49.10270798564833,-26.875726316781208],[-49.10243518694272,-26.874587992773623],[-49.102638299976725,-26.874005915030047],[-49.1038602962114,-26.873268795479536],[-49.104438529877385,-26.87276415943146],[-49.10451325411691,-26.87245791011977],[-49.1023555687835,-26.87394624266069],[-49.1021024127186,-26.87450523858769],[-49.102394031987416,-26.87560482693385],[-49.10182819089894,-26.87618121908938],[-49.1018916898222,-26.875621156928243],[-49.10154568817064,-26.87551708347882],[-49.101169408497796,-26.875783748158067],[-49.10095266901691,-26.875649877500614],[-49.09976682136056,-26.875618807376043],[-49.098554751369015,-26.875145734879943],[-49.09835372048906,-26.874888937488446],[-49.09875676821063,-26.874543388232564],[-49.09888476385972,-26.874080087522277],[-49.09927209532623,-26.874425313214378],[-49.099624130098036,-26.87432968341033],[-49.09974315673679,-26.874817059248286],[-49.1000703872764,-26.87497183796793],[-49.100104117546124,-26.87465218872409],[-49.10039504609745,-26.874587122515166],[-49.10057093381988,-26.87428569756864],[-49.100982352673256,-26.874094634630328],[-49.100942883458394,-26.87352399073087],[-49.10081049453901,-26.87376099968129],[-49.099867042737095,-26.874176007839974],[-49.09821205258851,-26.873486659156608],[-49.09851064946666,-26.873347119152964],[-49.098727205254164,-26.8734651307532],[-49.099091002711546,-26.873176591947928],[-49.09859327094144,-26.872716919450635],[-49.09745901217606,-26.872516520244737],[-49.09704565313902,-26.872597871618492],[-49.096049705682894,-26.872239456602326],[-49.09580656452409,-26.87229064756744],[-49.09528842679895,-26.87314464573433],[-49.09549701834489,-26.873063297121565],[-49.095630222825584,-26.873181223630574],[-49.0962745904354,-26.874428642533623],[-49.09546260154379,-26.87398766357928],[-49.094256743259976,-26.874925857249742],[-49.093271680552526,-26.87505542505645],[-49.09145035264112,-26.874792903463444],[-49.08988315164591,-26.87385890865653],[-49.09011481420544,-26.873368832045745],[-49.09070289142404,-26.872922685328735],[-49.090772346017964,-26.872519285699692],[-49.09081655378411,-26.872725421964425],[-49.09085579311985,-26.87248192907715],[-49.09090040618548,-26.872578694066608],[-49.09089297222283,-26.872208143032058],[-49.090674472477104,-26.872251059831573],[-49.09066470837405,-26.871927581950885],[-49.090318945329706,-26.87146944707338],[-49.090088180012366,-26.870776768377993],[-49.08929787527617,-26.870505492895383],[-49.08970405050139,-26.870164603005012],[-49.08935805495797,-26.87011750337366],[-49.088826520027645,-26.87032033960504],[-49.08872725171208,-26.869807644569402],[-49.08887984746969,-26.869413865060007],[-49.08876413404744,-26.869066155040386],[-49.08848830473717,-26.868862214783437],[-49.08844931047958,-26.868152046692774],[-49.08856879191367,-26.867765518746687],[-49.08892796111286,-26.86748163497255],[-49.0884223986077,-26.867395486459014],[-49.08832887972297,-26.867579245824636],[-49.087808666137555,-26.867295576772698],[-49.08736315581089,-26.86753992308987],[-49.087018327632826,-26.867526412882082],[-49.08661452420077,-26.86689203407966],[-49.086192754096054,-26.866821656985653],[-49.086717064374845,-26.866741931796447],[-49.08607124591144,-26.866189746700794],[-49.08617456415935,-26.86616941687869],[-49.084756682714506,-26.865364039351878],[-49.084981118328315,-26.865710193081828],[-49.08336782604279,-26.864886101839666],[-49.08342319674968,-26.864710184378385],[-49.08383739193458,-26.864860170596973],[-49.08395740844253,-26.864193769726427],[-49.084474195942626,-26.863173331211897],[-49.08440627608033,-26.862675507475238],[-49.08378029617197,-26.862401446323386],[-49.08380423684068,-26.862160552357114],[-49.08399448226872,-26.862103748791],[-49.08393006349625,-26.861334298887368],[-49.08492564224517,-26.861007665010497],[-49.08511665885117,-26.86059722941957],[-49.084963002167406,-26.860267635004845],[-49.08512388692661,-26.8599440196311],[-49.085604146313116,-26.859983899499284],[-49.085825109143734,-26.86040961193376],[-49.08579915608926,-26.859926920157317],[-49.0859616185294,-26.85962347330853],[-49.08589554063715,-26.858682247759283],[-49.08570509477319,-26.858514714371186],[-49.08487464942807,-26.859422480700633],[-49.084560357548675,-26.859428228640287],[-49.08452061662934,-26.859202115644536],[-49.08520326353144,-26.8586858914271],[-49.08467804876264,-26.858861038881006],[-49.08491151810912,-26.85857136355169],[-49.0847650418662,-26.8582945619819],[-49.08476807261974,-26.8564120203593],[-49.08456634359211,-26.855877459039522],[-49.08472604240809,-26.855370521855967],[-49.085029435397125,-26.855079019417396],[-49.08426496007493,-26.854410853669187],[-49.08478968339915,-26.853568340723562],[-49.08501457073762,-26.85347045061619],[-49.085298510138166,-26.852761242223526],[-49.085739441752864,-26.85283503656627],[-49.08607642542288,-26.85259768028167],[-49.0863305260323,-26.8525996318291],[-49.086703190083945,-26.852009731042173],[-49.086678596633696,-26.851376773852554],[-49.08699968718361,-26.85147217017188],[-49.08733391554625,-26.851308555724327],[-49.087159752318776,-26.85086116155746],[-49.0875500121392,-26.85065897532594],[-49.087289486277385,-26.84947166656882],[-49.0875121672161,-26.848910234269614],[-49.088186685920995,-26.84822385148942],[-49.08825954154781,-26.84791868855305],[-49.088118375824486,-26.847885518292582],[-49.08810628470627,-26.847656789949124],[-49.08838662467993,-26.847301534115797],[-49.0880401265423,-26.847093129072828],[-49.08822612221442,-26.84641511647142],[-49.08853058296299,-26.846332938686228],[-49.088649153000944,-26.846563158257638],[-49.08911693021244,-26.846446220091302],[-49.088841137445584,-26.84630203952878],[-49.08881588545093,-26.84583212935404],[-49.08854205994315,-26.84571374775245],[-49.088549818866234,-26.845565791725452],[-49.08930927721977,-26.84431258372504],[-49.09079194107484,-26.84296617461763],[-49.090948123550696,-26.842621914411694],[-49.090863750165326,-26.842230904612435],[-49.09099289982699,-26.841950928138544],[-49.09070880965023,-26.841937157946127],[-49.09096356275509,-26.841791511858958],[-49.090634032350316,-26.84173861910907],[-49.09068337578589,-26.84152237848407],[-49.09044359975728,-26.84102514579322],[-49.09045577926429,-26.84092071034499],[-49.09064541870982,-26.841003537485733],[-49.09049681399243,-26.840663116215346],[-49.090588671723246,-26.840516508919944],[-49.09038039944863,-26.840272885916693],[-49.09040465767036,-26.838897378242052],[-49.09104508515489,-26.838487002652915],[-49.091488216685974,-26.83859942323955],[-49.09149449544201,-26.837987815136803],[-49.09101786971212,-26.83755319832008],[-49.09112217825987,-26.837329201053517],[-49.0909382995914,-26.837131189285884],[-49.09089478015992,-26.83732168729525],[-49.09093218003571,-26.836945129529166],[-49.090723938197975,-26.836565653982674],[-49.090404990739835,-26.836426004492058],[-49.089481257929506,-26.835053979966382],[-49.089528813663144,-26.83446566334325],[-49.089326561715076,-26.83442611541626],[-49.089421256848624,-26.834378529025912],[-49.08918908540978,-26.833876899043045],[-49.08935125804458,-26.83342264765568],[-49.08899152800627,-26.83242331893711],[-49.08951533702692,-26.83194632667566],[-49.089283487750215,-26.83108482386911],[-49.08963787642361,-26.83086074256273],[-49.08967220284267,-26.83062941894496],[-49.090012703219024,-26.830576429644577],[-49.090784854722514,-26.829923941498635],[-49.09095956383586,-26.829325282358003],[-49.09155153867214,-26.82919277119575],[-49.09091943255292,-26.829244089817667],[-49.0907255016298,-26.829857329439754],[-49.08992536719166,-26.830485109940206],[-49.08939653085974,-26.830557022726605],[-49.08942396225756,-26.83080807871674],[-49.088893379526766,-26.831042698055626],[-49.08920252621856,-26.830819535230894],[-49.089332101618034,-26.830346789294865],[-49.08878826616152,-26.8294679486581],[-49.088505356219144,-26.827902662552166],[-49.088392476476095,-26.827906296245732],[-49.088360438300064,-26.828851911369696],[-49.0885584229189,-26.828982194590655],[-49.08853989295153,-26.829416880625494],[-49.08877026413683,-26.830034814962207],[-49.089094806086685,-26.830344064121206],[-49.08870963538266,-26.83030420603636],[-49.08859140366812,-26.830933282595677],[-49.08835654492367,-26.830841218556863],[-49.08852019020131,-26.8310041467502],[-49.088449322530536,-26.831152079957057],[-49.08836469221872,-26.831008027160458],[-49.0879282651234,-26.831178195967134],[-49.0885660373033,-26.83136792980031],[-49.0889724437488,-26.831663928605817],[-49.088619921574725,-26.83178943674643],[-49.08850454579674,-26.83208859576782],[-49.0882475785101,-26.832235253626173],[-49.08813048000206,-26.832078233165774],[-49.08800843745694,-26.832858780871398],[-49.08815178931145,-26.83298056979373],[-49.08807481006537,-26.832597341565496],[-49.08850636188358,-26.8323521187164],[-49.08855616333009,-26.832819870525867],[-49.08826160771529,-26.83310830044364],[-49.08854450345343,-26.83316667284196],[-49.08864141880688,-26.832964370757395],[-49.08896809676418,-26.833213438999564],[-49.08870027324381,-26.83315763985222],[-49.08894307629808,-26.833876114702505],[-49.088725032317235,-26.834149448673266],[-49.08900130507446,-26.834351129547926],[-49.0890128697296,-26.834578494471327],[-49.088879559388175,-26.8345575509109],[-49.08915796712964,-26.835083076600075],[-49.08901858942613,-26.835465161755256],[-49.089129811488405,-26.83564350517898],[-49.088916307998545,-26.835726146252608],[-49.08927137861888,-26.83586123920257],[-49.089069158376866,-26.83646683969342],[-49.089203710023355,-26.836589782507005],[-49.08918417036381,-26.836966397052663],[-49.08973041654571,-26.837131493556488],[-49.0893157180592,-26.837519444430665],[-49.08948440247441,-26.838074699387427],[-49.08926886951764,-26.838410784589044],[-49.09014220071034,-26.839362109211617],[-49.09007739239741,-26.839505060687916],[-49.08947041034727,-26.83969330066212],[-49.08997710722824,-26.83977061450564],[-49.089761762876435,-26.840749436572846],[-49.090318219079094,-26.84133743984664],[-49.090380938012565,-26.842299238046706],[-49.09014830702594,-26.842508353250167],[-49.09049180346999,-26.842586094502128],[-49.09050763909589,-26.842778581827176],[-49.08987223451067,-26.843440107619767],[-49.08885997357157,-26.844009224544855],[-49.08852333012774,-26.843898052847486],[-49.08838563326381,-26.844115908152418],[-49.08828603713082,-26.843994119652493],[-49.08775438149823,-26.84407040226013],[-49.087733355243984,-26.844218520227283],[-49.088384351836524,-26.84450095823729],[-49.08864813463484,-26.844343838177686],[-49.08865890057292,-26.84452862187528],[-49.08814345975662,-26.845188175541885],[-49.0880683282693,-26.845107238919585],[-49.08787794174597,-26.84550903476796],[-49.08732799978882,-26.845262662422947],[-49.087103609971834,-26.84564924675885],[-49.08636544397798,-26.845318328454056],[-49.0873405375519,-26.84424367907523],[-49.08700079588258,-26.84438082434352],[-49.08669955513195,-26.84479508231452],[-49.085548731326675,-26.844473284150077],[-49.08588560481236,-26.84468970715506],[-49.08513331262018,-26.84473303013515],[-49.0853314963814,-26.844777098665876],[-49.085309521169,-26.84503985399788],[-49.08484221155109,-26.84504938241689],[-49.08468397645986,-26.844714060521657],[-49.08442114597863,-26.84469471214357],[-49.08378075517508,-26.844182190782256],[-49.083851937481846,-26.843917069436817],[-49.08361267440169,-26.844021340044854],[-49.08329423377647,-26.84374536852953],[-49.08346081690293,-26.844015846760932],[-49.08330573125848,-26.844124489991977],[-49.083691120574656,-26.844175885225066],[-49.08375338882626,-26.844524570570627],[-49.084105003238385,-26.844753072991985],[-49.08430881160305,-26.844728733684192],[-49.08431353896933,-26.844956162990965],[-49.08473226745494,-26.845499891660605],[-49.08510843321843,-26.84565721054678],[-49.08449362349048,-26.845783329433324],[-49.0850827685651,-26.84600843420736],[-49.08510834910537,-26.846217209106513],[-49.08467651453982,-26.846234644045772],[-49.084622065299406,-26.846493805232843],[-49.08406309910411,-26.847057451512594],[-49.08436917076627,-26.846935845956175],[-49.08482376962301,-26.847108747547413],[-49.08498906877983,-26.847477582151875],[-49.084567667288674,-26.84768154401889],[-49.083970867583766,-26.847738802925107],[-49.08406302960005,-26.848232747692066],[-49.08366411996179,-26.848434792371634],[-49.08363819999448,-26.84826158711957],[-49.08291600697735,-26.8491849983379],[-49.08157819992339,-26.848786622433472],[-49.08114414659764,-26.848176327113507],[-49.08102496733626,-26.847729031970907],[-49.07987851427501,-26.84685259517577],[-49.07871205170277,-26.846750376833604],[-49.0785675415959,-26.846863329783837],[-49.07843372783339,-26.84667236364234],[-49.07854298849564,-26.846391558706358],[-49.07829595252213,-26.846613812216795],[-49.07819894440885,-26.846248514439587],[-49.07811111160666,-26.846459988589313],[-49.078087042108095,-26.84624489427177],[-49.07781848431315,-26.846209131862437],[-49.07780114937654,-26.846083348275705],[-49.07793318692645,-26.84610694251203],[-49.07768603865413,-26.845992040175055],[-49.07735312365972,-26.8459974958344],[-49.07772134998598,-26.846154870221014],[-49.07754168948447,-26.846330673142933],[-49.07715765865918,-26.846104682444658],[-49.07683390427392,-26.84614066368943],[-49.076920375260165,-26.845895585710775],[-49.076775406249546,-26.845668150656742],[-49.07633472392967,-26.84559932490107],[-49.07612553652821,-26.844693391504496],[-49.075747840819766,-26.8442298854114],[-49.07576404207777,-26.843972383806538],[-49.075129846324785,-26.842273763310732],[-49.07501332391338,-26.842632492270294],[-49.075426551566736,-26.84396990766336],[-49.076056638479805,-26.84529301027256],[-49.07626042689183,-26.84591881409201],[-49.07614603853451,-26.84617638920635],[-49.07635235904655,-26.846230684032367],[-49.07632928808843,-26.846510321165518],[-49.07667399147399,-26.846297919094425],[-49.07711288578791,-26.84697927954923],[-49.07786311688491,-26.847671701166593],[-49.078725100810715,-26.84804612258606]],[[-49.07797721332647,-26.84721496209074],[-49.07812859493091,-26.847200226542395],[-49.07806657960379,-26.847319762802492],[-49.07797721332647,-26.84721496209074]],[[-49.078083371026345,-26.84710621423256],[-49.07799452644552,-26.847016430782745],[-49.07809471507712,-26.84707213091015],[-49.078132595418246,-26.84692266933227],[-49.07816082202021,-26.84709484112826],[-49.078083371026345,-26.84710621423256]],[[-49.07913979400835,-26.84704785246346],[-49.07921628435676,-26.8471189448564],[-49.07912630443487,-26.847063582548827],[-49.07913979400835,-26.84704785246346]],[[-49.07828816273535,-26.846817583000643],[-49.07822932170656,-26.8466817201451],[-49.078433443254305,-26.84677992751552],[-49.07828816273535,-26.846817583000643]],[[-49.07744521414805,-26.846592776296287],[-49.077195372604635,-26.846670152921337],[-49.07708939867986,-26.846521832854805],[-49.07744521414805,-26.846592776296287]],[[-49.07772195592741,-26.846661074017142],[-49.077761123496146,-26.84658367295116],[-49.077794498427764,-26.846585812328204],[-49.07772195592741,-26.846661074017142]],[[-49.077665671962855,-26.846529947453327],[-49.07747226187946,-26.846512462882796],[-49.0775728595852,-26.84641194303502],[-49.077665671962855,-26.846529947453327]],[[-49.077302633035494,-26.846423541396078],[-49.07717210161316,-26.846391049516534],[-49.077311861748626,-26.846416533038354],[-49.077302633035494,-26.846423541396078]],[[-49.07544955584644,-26.843361641536223],[-49.07553067142131,-26.84339132351134],[-49.075498366791905,-26.843424024465694],[-49.07544955584644,-26.843361641536223]],[[-49.08116961634779,-26.84906984052063],[-49.08126600342661,-26.849221132431744],[-49.081175213994605,-26.849295604479636],[-49.081020654636234,-26.849139445229103],[-49.08116961634779,-26.84906984052063]],[[-49.080278613856336,-26.84920554919782],[-49.08017751314869,-26.84915095188876],[-49.080292101820085,-26.849180546921325],[-49.080278613856336,-26.84920554919782]],[[-49.08354586102969,-26.849288412447173],[-49.08343602636644,-26.849083657834154],[-49.08368377687209,-26.8490256978586],[-49.08402842309443,-26.84942620161914],[-49.08354586102969,-26.849288412447173]],[[-49.08331071105442,-26.84919285686083],[-49.08325554827685,-26.849246640326776],[-49.083257575812475,-26.849182302061806],[-49.08331071105442,-26.84919285686083]],[[-49.08186638801134,-26.84908354661598],[-49.08184584735186,-26.849261320621213],[-49.0816976045256,-26.84923312503555],[-49.08186638801134,-26.84908354661598]],[[-49.085489167945866,-26.848243875303044],[-49.08548660034138,-26.84805480299468],[-49.08552211971318,-26.84796017843763],[-49.08567395465598,-26.848176164505237],[-49.085489167945866,-26.848243875303044]],[[-49.085430114684705,-26.84823466823608],[-49.085426675659114,-26.848011194635447],[-49.085447848158424,-26.847958094089027],[-49.08545390692433,-26.848049347883265],[-49.085430114684705,-26.84823466823608]],[[-49.084809374454096,-26.846603451593165],[-49.08601617207835,-26.845693183987546],[-49.08627646821107,-26.84577567801606],[-49.08615081550653,-26.845644284967236],[-49.08645443347178,-26.845519741943377],[-49.08690656423664,-26.845703074145668],[-49.08677241208937,-26.846283203682667],[-49.08597978134885,-26.846312930248708],[-49.08609042455581,-26.84606735258195],[-49.08589848651838,-26.846207616665772],[-49.085575039188576,-26.846072424757864],[-49.08554192240565,-26.846312069600636],[-49.084809374454096,-26.846603451593165]],[[-49.08719005188783,-26.845887668427732],[-49.08719118842735,-26.845815587655487],[-49.08723854846926,-26.845845475466845],[-49.08719005188783,-26.845887668427732]],[[-49.0870256672604,-26.845792063941236],[-49.08694717117025,-26.84580304554037],[-49.08694314315432,-26.845752245725127],[-49.0870256672604,-26.845792063941236]],[[-49.086154983617135,-26.845524635306774],[-49.086332320463946,-26.84534683847378],[-49.08635949500211,-26.84542987366349],[-49.086154983617135,-26.845524635306774]],[[-49.08590109953615,-26.845516132833247],[-49.085478304668314,-26.84567033758345],[-49.08531184502452,-26.84556532886024],[-49.08574316297214,-26.845111124206277],[-49.086001822975945,-26.845288629945493],[-49.08590109953615,-26.845516132833247]],[[-49.0852751983155,-26.84544504142874],[-49.08511137757437,-26.845236315892727],[-49.08512306536711,-26.84514897635715],[-49.08542295176385,-26.84526602096556],[-49.0852751983155,-26.84544504142874]],[[-49.08824917040973,-26.84422274117156],[-49.08833137757475,-26.844245258290613],[-49.0882589067719,-26.844272356632427],[-49.08824917040973,-26.84422274117156]],[[-49.09009557912255,-26.840588730547672],[-49.09018800859466,-26.840652452266927],[-49.09021659243524,-26.84097766105893],[-49.090057878822016,-26.840803703592215],[-49.09009557912255,-26.840588730547672]],[[-49.09040299868455,-26.838474124621072],[-49.090441885527184,-26.83843090813646],[-49.09046638469984,-26.838483602520455],[-49.09040299868455,-26.838474124621072]],[[-49.091270424823605,-26.83823422323262],[-49.091321769474796,-26.838198357576058],[-49.09135109213035,-26.838225184174473],[-49.091270424823605,-26.83823422323262]],[[-49.09059736676549,-26.837956844669144],[-49.09065253624819,-26.837918912684643],[-49.09069433805515,-26.837939818841875],[-49.09059736676549,-26.837956844669144]],[[-49.09097525345557,-26.83782339545199],[-49.091005948963556,-26.837761410157256],[-49.091045222323736,-26.83781579017608],[-49.09097525345557,-26.83782339545199]],[[-49.090005459630746,-26.837598385916557],[-49.09005719673184,-26.837513046453516],[-49.090068220863934,-26.837638568176665],[-49.090005459630746,-26.837598385916557]],[[-49.09053092597579,-26.83760589424098],[-49.09064042995118,-26.837567888849396],[-49.09062343881928,-26.83762946083104],[-49.09053092597579,-26.83760589424098]],[[-49.09070375123086,-26.83757376875786],[-49.090677232043454,-26.837495506740176],[-49.09075869833772,-26.837482817696486],[-49.09070375123086,-26.83757376875786]],[[-49.089998242145874,-26.83727366608419],[-49.09007912931722,-26.837268070728964],[-49.09003143149261,-26.837308475112664],[-49.089998242145874,-26.83727366608419]],[[-49.090539859058694,-26.837242022844844],[-49.09036048927173,-26.83725748907222],[-49.090365779188474,-26.837177571121277],[-49.090539859058694,-26.837242022844844]],[[-49.09002555297657,-26.836981305556733],[-49.090077130047476,-26.83693936423955],[-49.090085824874855,-26.836956749784918],[-49.09002555297657,-26.836981305556733]],[[-49.09060686837172,-26.836984847199304],[-49.09060062362025,-26.836916236034632],[-49.09065106389796,-26.83694291673807],[-49.09060686837172,-26.836984847199304]],[[-49.0904690451756,-26.836824829663904],[-49.090512361403135,-26.836749245553204],[-49.090499280928974,-26.836860054411613],[-49.0904690451756,-26.836824829663904]],[[-49.089644565359976,-26.836722066588194],[-49.08957404487403,-26.836757303295286],[-49.089569248342855,-26.836725183381667],[-49.089644565359976,-26.836722066588194]],[[-49.090080045817814,-26.836620451480297],[-49.08983313007881,-26.836108826786344],[-49.090053114143316,-26.836342712917606],[-49.090080045817814,-26.836620451480297]],[[-49.09051331375113,-26.836588348285424],[-49.09056865851386,-26.83653838515488],[-49.09055402794308,-26.83659137332543],[-49.09051331375113,-26.836588348285424]],[[-49.089776175735565,-26.836223907225715],[-49.0896226633209,-26.835915071488305],[-49.08933136970505,-26.835783306982943],[-49.08962369263476,-26.835709378921013],[-49.089776175735565,-26.836223907225715]],[[-49.0893534318765,-26.835563368455574],[-49.08948238182693,-26.83551823088306],[-49.089514215362925,-26.835551716724943],[-49.0893534318765,-26.835563368455574]],[[-49.08885823840422,-26.833539853926318],[-49.08892585980773,-26.833487075683266],[-49.08889620059106,-26.83357360588284],[-49.08885823840422,-26.833539853926318]],[[-49.08887698550473,-26.832509911858125],[-49.08893389042283,-26.83250998583356],[-49.088898090713826,-26.8325542240429],[-49.08887698550473,-26.832509911858125]],[[-49.08901352035065,-26.831775360840478],[-49.08907987613684,-26.83162749242285],[-49.08925403371288,-26.831899520818713],[-49.0891510064986,-26.832024119001215],[-49.08901352035065,-26.831775360840478]],[[-49.08035273182981,-26.849478886947594],[-49.080269132565945,-26.849455275936354],[-49.0803086566064,-26.849418326380636],[-49.08035273182981,-26.849478886947594]],[[-49.082362488427826,-26.849592536954056],[-49.08226881830822,-26.849582919202163],[-49.08233779523534,-26.84954881381947],[-49.082362488427826,-26.849592536954056]],[[-49.082383502560056,-26.849905934115863],[-49.08217519554839,-26.84984434880092],[-49.08221184643968,-26.84972773182939],[-49.08239140955456,-26.84970998738864],[-49.082383502560056,-26.849905934115863]],[[-49.08097164715287,-26.851759821022565],[-49.08103913024103,-26.85176324397816],[-49.08102560807273,-26.85180348326583],[-49.08097164715287,-26.851759821022565]],[[-49.08285722279609,-26.85265946703814],[-49.082807700442395,-26.852681457005474],[-49.08283048390405,-26.8526072953539],[-49.08285722279609,-26.85265946703814]],[[-49.08347896173449,-26.855495419748213],[-49.08329538592479,-26.855481501982204],[-49.08347462542886,-26.855441268033246],[-49.08347896173449,-26.855495419748213]],[[-49.08349381820052,-26.855736124543817],[-49.083477723857484,-26.855896448775127],[-49.08338184254866,-26.855827011131606],[-49.08327220772111,-26.85562698715323],[-49.08349381820052,-26.855736124543817]],[[-49.08323804884072,-26.855884755203654],[-49.083188097114295,-26.855771041028394],[-49.08325776428386,-26.855726797309888],[-49.08330661542512,-26.85577579495232],[-49.08323804884072,-26.855884755203654]],[[-49.08355816552752,-26.85595513344998],[-49.08358037153508,-26.855873850732095],[-49.08363586629456,-26.856011113721106],[-49.08355816552752,-26.85595513344998]],[[-49.08308547793743,-26.85606856283816],[-49.083045268981884,-26.856033212210708],[-49.083168388056365,-26.856043877458077],[-49.08308547793743,-26.85606856283816]],[[-49.082976806114935,-26.85621836906761],[-49.083257424995686,-26.856250873841187],[-49.08326196060563,-26.856268425113605],[-49.08302276236576,-26.85629351590219],[-49.082976806114935,-26.85621836906761]],[[-49.084632514897464,-26.85893948093026],[-49.084524657602245,-26.85895206048797],[-49.084622914419114,-26.858890187494417],[-49.084632514897464,-26.85893948093026]],[[-49.08412840332616,-26.859426967245458],[-49.083949418711555,-26.859380003609374],[-49.08418548199826,-26.85924723471852],[-49.08412840332616,-26.859426967245458]],[[-49.08348930228215,-26.859889945493933],[-49.08290706181713,-26.860571182855953],[-49.082504130334485,-26.86167459847084],[-49.083324895577114,-26.862011658488875],[-49.08322372603435,-26.862258683528538],[-49.08259958706524,-26.862150011174815],[-49.08243966663618,-26.86223986677475],[-49.082661518861144,-26.863542648344485],[-49.083055633673375,-26.864283465247972],[-49.08291722646409,-26.864421554338733],[-49.08244524849755,-26.86390274217778],[-49.081528725591426,-26.86201510961252],[-49.08095444851562,-26.861262224234203],[-49.081230004321576,-26.86093955354475],[-49.08203972006655,-26.8607799128295],[-49.08331222851647,-26.859716884183722],[-49.08348930228215,-26.859889945493933]],[[-49.08561350324094,-26.866591964190818],[-49.086120116400835,-26.866799198230392],[-49.08587518637484,-26.866806784055154],[-49.08561350324094,-26.866591964190818]],[[-49.08870444974442,-26.869584885255602],[-49.088665940936195,-26.869611399108084],[-49.08868827471577,-26.86957260173145],[-49.08870444974442,-26.869584885255602]],[[-49.089698694797946,-26.87153387469161],[-49.0894570452276,-26.871554705287373],[-49.08949018784922,-26.871408124627575],[-49.089698694797946,-26.87153387469161]],[[-49.08933163376424,-26.874799847694472],[-49.09029346928785,-26.875252719651495],[-49.089429285891086,-26.875535657720167],[-49.08930440858002,-26.87589561370117],[-49.08902425355662,-26.876132622340737],[-49.088805089761,-26.875953755556168],[-49.08886151304242,-26.875668623771045],[-49.08925332479707,-26.875320936255182],[-49.08933163376424,-26.874799847694472]],[[-49.09980284032221,-26.874521412863917],[-49.09982286977536,-26.874667389049282],[-49.099803651889985,-26.874688689207375],[-49.09980284032221,-26.874521412863917]],[[-49.08805833644819,-26.876257199100294],[-49.088103128817984,-26.87629786643552],[-49.08805213972611,-26.87632290920881],[-49.08805833644819,-26.876257199100294]],[[-49.1097573106517,-26.879105153011114],[-49.10983556822023,-26.879184686534426],[-49.109770428995375,-26.879219834400246],[-49.1097573106517,-26.879105153011114]],[[-49.109733625068145,-26.877920526879674],[-49.10981189784879,-26.87787204338323],[-49.10983323414561,-26.877903426895244],[-49.109733625068145,-26.877920526879674]],[[-49.11138204292545,-26.876877831652386],[-49.11123601944885,-26.87685542257961],[-49.11137397066013,-26.87681177308808],[-49.11138204292545,-26.876877831652386]],[[-49.11513998292137,-26.877337461792276],[-49.115188969569914,-26.87736441438031],[-49.11513758036814,-26.877352166640833],[-49.11513998292137,-26.877337461792276]],[[-49.1112182575909,-26.88162115041708],[-49.11131440902081,-26.881821051803083],[-49.11128693063659,-26.881911234718395],[-49.11119045971962,-26.88175848895524],[-49.1112182575909,-26.88162115041708]],[[-49.11300862999584,-26.882305551189507],[-49.114232450978754,-26.8828430579124],[-49.11427945311826,-26.883092380803472],[-49.11397394357172,-26.88321064561715],[-49.11302109004565,-26.882804460359726],[-49.112838659956324,-26.882513758317724],[-49.11300862999584,-26.882305551189507]],[[-49.115368845294725,-26.882857851370787],[-49.115905098888575,-26.883241733813144],[-49.116903207118646,-26.883102510078007],[-49.11709461890913,-26.882949651533284],[-49.117554902980295,-26.883439927311564],[-49.117370187301944,-26.88401580947368],[-49.11616674101361,-26.88411770712423],[-49.115492785476356,-26.884005283383758],[-49.115474319229314,-26.883386702089453],[-49.11519909975677,-26.88297507457467],[-49.115368845294725,-26.882857851370787]],[[-49.11499607976012,-26.88345662743669],[-49.114901274942845,-26.883418854319686],[-49.114887515186695,-26.883266331466775],[-49.11499791018401,-26.883297591894877],[-49.11499607976012,-26.88345662743669]],[[-49.119291742332365,-26.884114352899815],[-49.11912339551896,-26.88409909141903],[-49.11908566881308,-26.883898723975342],[-49.1195335059241,-26.88424853829871],[-49.11956121398492,-26.884472812030296],[-49.119291742332365,-26.884114352899815]],[[-49.11685735980853,-26.882939095984085],[-49.11667988509705,-26.88294632063297],[-49.1166978197485,-26.882883003419835],[-49.11685735980853,-26.882939095984085]],[[-49.11823595229331,-26.882308108295465],[-49.11832606228903,-26.882284105961123],[-49.11834587640521,-26.882304060750872],[-49.11823595229331,-26.882308108295465]],[[-49.1239305740357,-26.8881256960032],[-49.123975086383304,-26.88808100498177],[-49.12400283552417,-26.88811291284902],[-49.1239305740357,-26.8881256960032]],[[-49.136951818888186,-26.889730959009697],[-49.13650082509634,-26.888946135402094],[-49.13635607427311,-26.88902996848757],[-49.13638237763741,-26.88931744107863],[-49.13592020926965,-26.889193113473798],[-49.136764035395075,-26.888605569090803],[-49.137078667948444,-26.88889970946113],[-49.137175807779656,-26.888774981028487],[-49.13697421323837,-26.888585915129784],[-49.137432138819754,-26.88841564883425],[-49.1377617093696,-26.889429624847978],[-49.13767525593123,-26.889677729053798],[-49.137400118007065,-26.889867386321537],[-49.136951818888186,-26.889730959009697]],[[-49.13922552518838,-26.885133296860797],[-49.1394583267324,-26.88503854192096],[-49.13964423873384,-26.88519134271178],[-49.13937693995856,-26.885250295804703],[-49.13922552518838,-26.885133296860797]],[[-49.140104049504195,-26.884214649656304],[-49.14003831043139,-26.884004749148826],[-49.14017932558495,-26.88405957778701],[-49.140104049504195,-26.884214649656304]],[[-49.14445161013136,-26.884528941380374],[-49.14454441166534,-26.884525639315203],[-49.144549329186354,-26.88458708600924],[-49.14445161013136,-26.884528941380374]],[[-49.14304809604405,-26.880432678029326],[-49.14345348781975,-26.88036865402802],[-49.14359475194354,-26.880555321839953],[-49.143156253762854,-26.88060362154806],[-49.14304809604405,-26.880432678029326]],[[-49.14387608312724,-26.880423576902782],[-49.14388072959222,-26.88033348761359],[-49.14391623584092,-26.88038720776024],[-49.14387608312724,-26.880423576902782]],[[-49.143451795662344,-26.880288058025304],[-49.143514009364246,-26.88035289431532],[-49.14337842530508,-26.880332474699856],[-49.143451795662344,-26.880288058025304]],[[-49.14289997969137,-26.88035917914411],[-49.14300635270445,-26.88040133745404],[-49.14289704962772,-26.880421801807103],[-49.14289997969137,-26.88035917914411]],[[-49.1415778424875,-26.877742224760944],[-49.14159385695893,-26.877684345540924],[-49.14164133887439,-26.877743222600696],[-49.1415778424875,-26.877742224760944]],[[-49.14341651204802,-26.876632335096378],[-49.14338631945328,-26.876549053475124],[-49.143399463802716,-26.876542890368203],[-49.14341651204802,-26.876632335096378]],[[-49.13698264588071,-26.89239492975492],[-49.13641762878827,-26.892259976923476],[-49.1361663714825,-26.891796731515903],[-49.13696129219677,-26.892284458514165],[-49.13698264588071,-26.89239492975492]],[[-49.13635042423873,-26.8923859865785],[-49.136852766130325,-26.892583899415268],[-49.13705839318684,-26.892548339843795],[-49.13705690522235,-26.892403635536848],[-49.137808027198595,-26.892510756195975],[-49.139818573798166,-26.893107045409756],[-49.13939104693204,-26.893207067738096],[-49.13672173924594,-26.89287166721202],[-49.13621055616987,-26.89267058739431],[-49.13635042423873,-26.8923859865785]],[[-49.14368396268946,-26.89472161788447],[-49.14438043525585,-26.896516842615828],[-49.14487154608294,-26.89686514520878],[-49.14485814779774,-26.897096770998445],[-49.142946467436836,-26.897793635481733],[-49.14206623265486,-26.897718225168557],[-49.14158632249317,-26.897295694001304],[-49.141488630030345,-26.89692918041124],[-49.14224270779173,-26.895817563396836],[-49.142023834659106,-26.8963339182593],[-49.14218567799298,-26.89641226321732],[-49.142947065157976,-26.893799762646417],[-49.14368396268946,-26.89472161788447]],[[-49.134917351755554,-26.893368427154446],[-49.13489245419234,-26.893354975146696],[-49.134954309222294,-26.89334588148955],[-49.134917351755554,-26.893368427154446]],[[-49.09524008330269,-26.882994981621916],[-49.09514252623589,-26.883171820653327],[-49.094878273434205,-26.88315884772583],[-49.09499211567944,-26.882791118670053],[-49.09524008330269,-26.882994981621916]],[[-49.09457177420029,-26.88462851221078],[-49.09443296228557,-26.884627829649464],[-49.094387400676816,-26.884522590914152],[-49.09457177420029,-26.88462851221078]],[[-49.08532823583772,-26.888522828023415],[-49.08515787968422,-26.888580597338603],[-49.08495751817543,-26.88880606855764],[-49.0851669983648,-26.888436546612585],[-49.08532823583772,-26.888522828023415]],[[-49.086305725665525,-26.88855812596538],[-49.086397864763576,-26.888515421507858],[-49.08629772157621,-26.888584587500365],[-49.086305725665525,-26.88855812596538]],[[-49.08522825777568,-26.88943643369016],[-49.08515452530115,-26.88951350672873],[-49.08514003016838,-26.889502428490694],[-49.08522825777568,-26.88943643369016]],[[-49.082009343677065,-26.892008050292908],[-49.081919840753834,-26.89202886937322],[-49.081995202690536,-26.891962011179565],[-49.082009343677065,-26.892008050292908]],[[-49.066923117949294,-26.905463727064774],[-49.0668683379855,-26.905488983385858],[-49.06686629613734,-26.905431517957513],[-49.066923117949294,-26.905463727064774]],[[-49.07781415641391,-26.91038514524367],[-49.07788753976661,-26.910340009957935],[-49.07789402261706,-26.91038415127308],[-49.07781415641391,-26.91038514524367]],[[-49.07830536137505,-26.91039863660349],[-49.07837712093574,-26.910413312401666],[-49.07836489317407,-26.910557067037704],[-49.07830536137505,-26.91039863660349]],[[-49.07607712800779,-26.91008491244568],[-49.07619256171434,-26.909935453780008],[-49.07613630279793,-26.910146833216647],[-49.07607712800779,-26.91008491244568]],[[-49.0787427133204,-26.90723663376569],[-49.07882142910044,-26.907192415935864],[-49.078836581053295,-26.907237451416588],[-49.0787427133204,-26.90723663376569]],[[-49.08224737175392,-26.908681419457373],[-49.082406509575584,-26.908632368237463],[-49.082422122262265,-26.908682124712023],[-49.08224737175392,-26.908681419457373]],[[-49.08207713649987,-26.90916242375393],[-49.08195187468997,-26.90912198443273],[-49.081932312516685,-26.909103132079764],[-49.08201667266129,-26.909071681147314],[-49.08207713649987,-26.90916242375393]],[[-49.08397885781828,-26.912884137571332],[-49.08413474837243,-26.912812339647086],[-49.08411197613634,-26.912961975105787],[-49.08397885781828,-26.912884137571332]],[[-49.08667644539719,-26.91156721318741],[-49.08658889269903,-26.91135667534345],[-49.08685555467319,-26.91124564850123],[-49.087096235419935,-26.911330455100455],[-49.08693128999115,-26.911376714225653],[-49.0869928480376,-26.911550238399556],[-49.08667644539719,-26.91156721318741]],[[-49.086598669937274,-26.91090233225444],[-49.086401054267334,-26.91078695206561],[-49.08664371745181,-26.910778538043314],[-49.086598669937274,-26.91090233225444]],[[-49.08764049759907,-26.910777028163057],[-49.087812474084586,-26.91035803429373],[-49.08799307317662,-26.91041581106861],[-49.08780584516361,-26.91056387425766],[-49.087790435968714,-26.910815325526713],[-49.08764049759907,-26.910777028163057]],[[-49.08715609124483,-26.91065620610594],[-49.086987187721036,-26.91064418408492],[-49.08710671680925,-26.9105742280678],[-49.08715609124483,-26.91065620610594]],[[-49.088159107289805,-26.9101150982185],[-49.088019310436685,-26.90997236478686],[-49.088214459322536,-26.910021827249047],[-49.088159107289805,-26.9101150982185]],[[-49.08673112151265,-26.912176460510548],[-49.086405168007325,-26.912107162695925],[-49.086236299112045,-26.911952066551912],[-49.08680818994963,-26.911846850775653],[-49.08673112151265,-26.912176460510548]],[[-49.084247939654446,-26.913328550826918],[-49.084329124028095,-26.913311424526828],[-49.08430444388322,-26.913352554295287],[-49.084247939654446,-26.913328550826918]],[[-49.084576351137194,-26.91439558769425],[-49.08452711043279,-26.914420782283138],[-49.0845141224313,-26.91438524191745],[-49.084576351137194,-26.91439558769425]],[[-49.083421094448845,-26.914542554877077],[-49.083357224453465,-26.914591566255627],[-49.083376210449345,-26.914520396772502],[-49.083421094448845,-26.914542554877077]],[[-49.08314567634624,-26.915449180988183],[-49.08302297070851,-26.915469722694166],[-49.0831421157628,-26.915436387418588],[-49.08314567634624,-26.915449180988183]],[[-49.07363619375707,-26.91442062582849],[-49.07358797258618,-26.91442593881248],[-49.07355800480239,-26.914344848678535],[-49.07363619375707,-26.91442062582849]],[[-49.07362143849102,-26.914529822344306],[-49.07383485855744,-26.914656042337917],[-49.073514285534685,-26.914629861700607],[-49.07362143849102,-26.914529822344306]],[[-49.072960866938715,-26.914622558398246],[-49.073159612152914,-26.914853183635138],[-49.072876622947966,-26.915077917858092],[-49.07278797338875,-26.91481338873121],[-49.072960866938715,-26.914622558398246]],[[-49.072900543209435,-26.915209492045182],[-49.072723137795776,-26.91534379759024],[-49.07273214618159,-26.915198480101413],[-49.072900543209435,-26.915209492045182]],[[-49.07311759621033,-26.916776651356916],[-49.07297573007413,-26.9167428382037],[-49.07312887204967,-26.916476084966916],[-49.07325668115089,-26.916606549191684],[-49.07311759621033,-26.916776651356916]],[[-49.06168091624887,-26.92154504319053],[-49.06147421147723,-26.921600434260007],[-49.061751169738294,-26.921504537974837],[-49.06168091624887,-26.92154504319053]],[[-49.0613015692527,-26.92167880470226],[-49.061107228262465,-26.921722005561737],[-49.061340402103895,-26.92165780147787],[-49.0613015692527,-26.92167880470226]],[[-49.05753807622623,-26.923662500433913],[-49.0574790865192,-26.923680790949238],[-49.0575200665731,-26.9236531303295],[-49.05753807622623,-26.923662500433913]],[[-49.0578171761398,-26.92658694841881],[-49.05785657202936,-26.927239673805794],[-49.05750437343301,-26.927283033057694],[-49.05733116729227,-26.92703925112303],[-49.05766459356487,-26.926572917393027],[-49.0578171761398,-26.92658694841881]],[[-49.057182702648504,-26.926725401063322],[-49.0572078184657,-26.926846881825693],[-49.05713386310898,-26.92668541976945],[-49.057182702648504,-26.926725401063322]],[[-49.05871267782408,-26.927222128790696],[-49.05820961164187,-26.92721981943119],[-49.05886559737074,-26.927052303051045],[-49.05871267782408,-26.927222128790696]],[[-49.067699898439024,-26.937266375302165],[-49.06762004531313,-26.93727270974505],[-49.06767073724173,-26.937241556847564],[-49.067699898439024,-26.937266375302165]],[[-49.0677102142263,-26.937587052401877],[-49.0676756311994,-26.937378122076208],[-49.06778259957625,-26.93732281312487],[-49.067889643889885,-26.937447067138574],[-49.0677102142263,-26.937587052401877]],[[-49.07556646577799,-26.940884665607264],[-49.07545571512574,-26.940796520473704],[-49.07541657990388,-26.94064466465342],[-49.07552249384137,-26.940675306643293],[-49.07556646577799,-26.940884665607264]],[[-49.05798575932213,-26.927488699720257],[-49.05772470513425,-26.927492364428723],[-49.0579956186565,-26.927435914972826],[-49.05798575932213,-26.927488699720257]],[[-49.057016987002285,-26.927506953127484],[-49.057052799103545,-26.927725574719926],[-49.0570178339998,-26.927604982575566],[-49.05691063603834,-26.92765723461496],[-49.057016987002285,-26.927506953127484]],[[-49.05747665239271,-26.928311378647727],[-49.05733731685332,-26.928124648798654],[-49.057368223173505,-26.928035911468978],[-49.057522441225835,-26.928223972048123],[-49.05747665239271,-26.928311378647727]],[[-49.05751808434552,-26.928436831622697],[-49.05793686274291,-26.928930826094188],[-49.05802395661073,-26.92919813067675],[-49.05751808434552,-26.928436831622697]],[[-49.057264286412455,-26.92879989379746],[-49.057043427426755,-26.928648568985672],[-49.05693641810493,-26.92838606112472],[-49.057149498431656,-26.928490246043797],[-49.057264286412455,-26.92879989379746]],[[-49.0575616725189,-26.929000289086524],[-49.05768373161345,-26.929018753367476],[-49.05762912176574,-26.929098687699984],[-49.0575616725189,-26.929000289086524]],[[-49.058538524267824,-26.928947738697868],[-49.058638154978716,-26.92894780574345],[-49.05854835631753,-26.92897665215084],[-49.058538524267824,-26.928947738697868]],[[-49.05868798291729,-26.928902988627513],[-49.05864443252502,-26.928821091974925],[-49.058688651891366,-26.928745195835997],[-49.05868798291729,-26.928902988627513]],[[-49.05864154189173,-26.92859160916443],[-49.05871850119676,-26.928600730285964],[-49.05865707671937,-26.928637581610758],[-49.05864154189173,-26.92859160916443]],[[-49.05926846764195,-26.929586564279003],[-49.059137959937644,-26.92966042947095],[-49.05909306180004,-26.929614332246665],[-49.05926846764195,-26.929586564279003]],[[-49.05449949666419,-26.92348222718601],[-49.05503919248997,-26.923754126044372],[-49.05440583349946,-26.92415299853704],[-49.05399575421368,-26.923941878728368],[-49.05449949666419,-26.92348222718601]],[[-49.053704676218565,-26.924945563137218],[-49.0534761644116,-26.925191510078243],[-49.05337479514672,-26.925152393491132],[-49.053577512820894,-26.924902361109257],[-49.053704676218565,-26.924945563137218]],[[-49.054069545125444,-26.924981529304183],[-49.054170426570046,-26.92499825091217],[-49.05404479209809,-26.925077655433277],[-49.054069545125444,-26.924981529304183]],[[-49.05362052809242,-26.925319996222658],[-49.05354377530153,-26.925310894445694],[-49.05355459704426,-26.925227368079852],[-49.05362052809242,-26.925319996222658]],[[-49.05181932339979,-26.926292999320506],[-49.05157071781149,-26.926232235287994],[-49.05163442052756,-26.926118690840664],[-49.05181932339979,-26.926292999320506]],[[-49.05158590320367,-26.92635193849834],[-49.05158157700128,-26.926680778211878],[-49.051183512560954,-26.926919347889744],[-49.05108640350902,-26.92671721515276],[-49.051453934210095,-26.926272734320563],[-49.05158590320367,-26.92635193849834]],[[-49.04827993171755,-26.926769371681736],[-49.0483085335329,-26.926838193878652],[-49.048239255002215,-26.926815311266473],[-49.04827993171755,-26.926769371681736]],[[-49.049872334073065,-26.926889120070502],[-49.049931223150956,-26.926850894409117],[-49.0499056418581,-26.926899343867625],[-49.049872334073065,-26.926889120070502]],[[-49.05065863528986,-26.926911827044577],[-49.05085961133332,-26.927115206539288],[-49.05080938867793,-26.927198022509064],[-49.0505859028724,-26.926992657940314],[-49.05065863528986,-26.926911827044577]],[[-49.04970494280931,-26.92695001157209],[-49.049558731884595,-26.92693023828723],[-49.049745639324215,-26.926928419719516],[-49.04970494280931,-26.92695001157209]],[[-49.047614521432386,-26.926931943786613],[-49.04831179438013,-26.927003332941172],[-49.04831774140098,-26.927267732320267],[-49.048126792132535,-26.927269609268027],[-49.04810375411236,-26.92703668201147],[-49.04773236598098,-26.927309513466923],[-49.047614521432386,-26.926931943786613]],[[-49.04781981595124,-26.927622141657157],[-49.047693018998395,-26.927558807811174],[-49.04771729295083,-26.927422780900972],[-49.04785604581827,-26.927449228670174],[-49.04781981595124,-26.927622141657157]],[[-49.04594008616587,-26.899634420369825],[-49.04602347577599,-26.89958553198189],[-49.04596811534038,-26.899688604332713],[-49.04594008616587,-26.899634420369825]],[[-49.02782464857299,-26.907232956867272],[-49.02767506451516,-26.90722834033279],[-49.027836273127996,-26.90722012050728],[-49.02782464857299,-26.907232956867272]],[[-49.02757878940427,-26.907208445979222],[-49.02772421477908,-26.907292275652527],[-49.027615435749105,-26.907366657185918],[-49.02757878940427,-26.907208445979222]],[[-49.016713226700745,-26.89692590044167],[-49.01674144011955,-26.896914693467934],[-49.016718165705655,-26.896934881860727],[-49.016713226700745,-26.89692590044167]],[[-49.01678231474841,-26.896915717260775],[-49.01676377092794,-26.896898389485692],[-49.01676987474709,-26.896892154698165],[-49.01678231474841,-26.896915717260775]],[[-49.02113623765726,-26.89543068698495],[-49.02115401661534,-26.895378245289617],[-49.02119038204779,-26.895398706734362],[-49.02113623765726,-26.89543068698495]],[[-49.02020646349204,-26.8952148251026],[-49.020215025080574,-26.89520738502445],[-49.0202148932638,-26.895214943291887],[-49.02020646349204,-26.8952148251026]],[[-49.020879008677625,-26.89474590003964],[-49.020887570187384,-26.894738459915864],[-49.020887438418036,-26.894746018186908],[-49.020879008677625,-26.89474590003964]],[[-49.02204834475697,-26.895258425355724],[-49.02205651216265,-26.89524311408162],[-49.02205340504195,-26.895259406169323],[-49.02204834475697,-26.895258425355724]],[[-49.02204935972884,-26.895230957126888],[-49.02205680312172,-26.895216764754],[-49.02205660504621,-26.89523016783659],[-49.02204935972884,-26.895230957126888]],[[-49.02241338237399,-26.895021387340183],[-49.022506782037155,-26.894970874608703],[-49.02248835774273,-26.895052018781804],[-49.02241338237399,-26.895021387340183]],[[-49.02258449275068,-26.896396699298297],[-49.022439772880425,-26.896529527280794],[-49.02237817388111,-26.896487070003037],[-49.02258449275068,-26.896396699298297]],[[-49.018786258111334,-26.89632456117694],[-49.01877769634569,-26.896332001157596],[-49.01877782826449,-26.896324442897903],[-49.018786258111334,-26.89632456117694]],[[-49.085611745004776,-26.869544873649843],[-49.08552914249271,-26.869446039494864],[-49.08562736208089,-26.868968748804935],[-49.08593683511634,-26.869132989845763],[-49.085611745004776,-26.869544873649843]],[[-49.084771725429746,-26.870512549160228],[-49.08471217182057,-26.870523640641625],[-49.08471666554569,-26.870471462662284],[-49.084771725429746,-26.870512549160228]],[[-49.08011301365929,-26.851695458974515],[-49.07994986101337,-26.851698664295803],[-49.08002691866373,-26.851615760182856],[-49.08011301365929,-26.851695458974515]],[[-49.07936499541186,-26.85165523319939],[-49.07930943060545,-26.851689132260407],[-49.07931825663477,-26.85164608853183],[-49.07936499541186,-26.85165523319939]],[[-49.08021417135784,-26.84873495485598],[-49.08016208785538,-26.848805995911516],[-49.08017315356957,-26.848726953002302],[-49.08021417135784,-26.84873495485598]],[[-49.0216993148471,-26.895570424965236],[-49.0217149858027,-26.895561610981556],[-49.021719341829844,-26.895568176987634],[-49.0216993148471,-26.895570424965236]],[[-49.020894369252886,-26.895550119827305],[-49.02090381412702,-26.895541912106232],[-49.02090380191555,-26.89554948825447],[-49.020894369252886,-26.895550119827305]],[[-49.06347523967543,-26.93529407370117],[-49.063550128627476,-26.935078479048926],[-49.06368024809188,-26.935266269799016],[-49.06347523967543,-26.93529407370117]],[[-49.07877557871713,-26.848043747458547],[-49.07879032581053,-26.847978008738824],[-49.078833902810864,-26.847976434169365],[-49.07877557871713,-26.848043747458547]]]]}}]}
