{"type":"FeatureCollection","name":"carta_enchente_10m_2025_Simplificada","crs":{"type":"name","properties":{"name":"urn:ogc:def:crs:OGC:1.3:CRS84"}},"features":[{"type":"Feature","properties":{"Mancha":"Carta de enchente de 10 m de Blumenau 2025","Area_ha":807.57118,"Fonte":"Universidade Regional de Blumenau"},"geometry":{"type":"MultiPolygon","coordinates":[[[[-49.07534805939966,-26.9423807801935],[-49.075351112972676,-26.942473920058347],[-49.075389682509,-26.942482818297705],[-49.07534805939966,-26.9423807801935]]],[[[-49.075460855808785,-26.942406530181135],[-49.075517690335,-26.942376000737042],[-49.07544002954412,-26.94230615180429],[-49.075460855808785,-26.942406530181135]]],[[[-49.075191866050965,-26.942410539448435],[-49.07524406766505,-26.94228907720503],[-49.075128675308356,-26.94236012116741],[-49.075191866050965,-26.942410539448435]]],[[[-49.07498566295758,-26.942101524461712],[-49.0750756890015,-26.942152704282634],[-49.07503615747344,-26.94205454129711],[-49.07498566295758,-26.942101524461712]]],[[[-49.07394693112785,-26.94146595404879],[-49.07411556373133,-26.941569802293895],[-49.07441761052296,-26.941504180573837],[-49.07431958862116,-26.941418309877097],[-49.07394693112785,-26.94146595404879]]],[[[-49.072460370704306,-26.939842894529342],[-49.07253261409541,-26.939839153165543],[-49.07251664653377,-26.939753577238143],[-49.072460370704306,-26.939842894529342]]],[[[-49.07243013239705,-26.9396756949906],[-49.07247662642919,-26.939692592756966],[-49.072464755072296,-26.93965117489339],[-49.07243013239705,-26.9396756949906]]],[[[-49.06523163721974,-26.938301655474593],[-49.0650556435928,-26.938298383327744],[-49.06503732688413,-26.93830250194739],[-49.06518301914603,-26.93833342087379],[-49.06523163721974,-26.938301655474593]]],[[[-49.066412280771566,-26.937536702264147],[-49.066488767283445,-26.937507984842636],[-49.066455550398665,-26.937469239126973],[-49.066412280771566,-26.937536702264147]]],[[[-49.06706319140918,-26.937017185761935],[-49.06702223559591,-26.937072561620383],[-49.06705253945128,-26.937088874668078],[-49.06706319140918,-26.937017185761935]]],[[[-49.06907134051505,-26.936080215067502],[-49.069104265379885,-26.936084850310667],[-49.06912696442051,-26.936016907670485],[-49.06907134051505,-26.936080215067502]]],[[[-49.06867338313191,-26.935124071886033],[-49.06894868866342,-26.935149886068956],[-49.06875255392562,-26.935081907482825],[-49.068846167084125,-26.934911639529037],[-49.06867338313191,-26.935124071886033]]],[[[-49.05892744363608,-26.929640193866756],[-49.05905264755011,-26.92967637652318],[-49.05899404154157,-26.92958652823017],[-49.05892744363608,-26.929640193866756]]],[[[-49.055335182015185,-26.92898447040264],[-49.055405255720146,-26.929030208051874],[-49.055402574589756,-26.92898697500985],[-49.055335182015185,-26.92898447040264]]],[[[-49.055043381172226,-26.928871929813745],[-49.05503135152098,-26.928973386367854],[-49.05513879222838,-26.928899024670358],[-49.055043381172226,-26.928871929813745]]],[[[-49.05568336237748,-26.928664567314836],[-49.055559465810084,-26.928668906115504],[-49.055552881064656,-26.92867964484617],[-49.05568336237748,-26.928664567314836]]],[[[-49.055854687783196,-26.928265155980206],[-49.05546179910657,-26.92840887968766],[-49.055563228327365,-26.92862501203472],[-49.055854687783196,-26.928265155980206]]],[[[-49.06265085023795,-26.928089955273222],[-49.0627350289755,-26.928096724381493],[-49.06274362227012,-26.928080608737453],[-49.06265085023795,-26.928089955273222]]],[[[-49.05712432844439,-26.92780543359297],[-49.057169610877374,-26.927848427192288],[-49.057219177774925,-26.927766623521087],[-49.05712432844439,-26.92780543359297]]],[[[-49.056932247604024,-26.927923046995698],[-49.05700336851264,-26.92780262175435],[-49.056730940201334,-26.92772388507182],[-49.05673650441549,-26.927837751903382],[-49.056932247604024,-26.927923046995698]]],[[[-49.06349540403789,-26.92749080688744],[-49.06374495004646,-26.92779004777482],[-49.063513766211926,-26.927369596329726],[-49.06349540403789,-26.92749080688744]]],[[[-49.063018752920804,-26.927074998161682],[-49.06321064312178,-26.927050847939228],[-49.06323513646252,-26.926994396654063],[-49.063208410373335,-26.92697710489071],[-49.063018752920804,-26.927074998161682]]],[[[-49.04600247814771,-26.92723175178149],[-49.04682711420609,-26.927117743541228],[-49.04701528042469,-26.92687125964911],[-49.04747965231334,-26.926739096507337],[-49.04699670872248,-26.92683103165402],[-49.04680128231191,-26.92709121319648],[-49.04600247814771,-26.92723175178149]]],[[[-49.061275436193,-26.927141043662935],[-49.06149543739927,-26.92709678908296],[-49.061322439530684,-26.92676869439378],[-49.06110016821184,-26.926952253461646],[-49.061275436193,-26.927141043662935]]],[[[-49.061595055598346,-26.92618424057076],[-49.06173061681909,-26.92646236141521],[-49.062136266742286,-26.926254591250103],[-49.061763994333646,-26.926090761912914],[-49.061595055598346,-26.92618424057076]]],[[[-49.06198781967377,-26.92594277921959],[-49.062034157435114,-26.925970826729134],[-49.06204971431419,-26.925958213456397],[-49.06198781967377,-26.92594277921959]]],[[[-49.06259932264181,-26.925849942338033],[-49.062188669056916,-26.92591321947541],[-49.06202398229396,-26.92600930260547],[-49.06259932264181,-26.925849942338033]]],[[[-49.06303428718497,-26.926447668577143],[-49.06290799564131,-26.926509965834523],[-49.06307714158623,-26.926521888654417],[-49.06336834468047,-26.926954361518728],[-49.06294498570378,-26.92579521105116],[-49.06303428718497,-26.926447668577143]]],[[[-49.0629430507729,-26.92567117505781],[-49.06300912609731,-26.92564231926214],[-49.0629462684694,-26.92564244039057],[-49.0629430507729,-26.92567117505781]]],[[[-49.06189496923177,-26.925633575256732],[-49.06195746243649,-26.92568852034412],[-49.06192990888821,-26.925616127797284],[-49.06189496923177,-26.925633575256732]]],[[[-49.06273782436054,-26.925638358013693],[-49.062791335396696,-26.925680061112445],[-49.0627417144619,-26.925619561036573],[-49.06273782436054,-26.925638358013693]]],[[[-49.068247713870434,-26.925033828191776],[-49.06812078411653,-26.925090966784733],[-49.0679425490427,-26.92529889462998],[-49.067988454345276,-26.92528399816503],[-49.068247713870434,-26.925033828191776]]],[[[-49.068282155196336,-26.92498901809592],[-49.06833757051334,-26.925016063842307],[-49.06835135994733,-26.925002159570795],[-49.068282155196336,-26.92498901809592]]],[[[-49.06581541715872,-26.924757406573857],[-49.066334798037026,-26.92488312123911],[-49.06753161453818,-26.92549593358422],[-49.06789334242712,-26.925414910558768],[-49.06749618516201,-26.92537992039895],[-49.06616850530506,-26.92475579443037],[-49.06581541715872,-26.924757406573857]]],[[[-49.06529757244892,-26.924513490566127],[-49.06509142019497,-26.924655040475532],[-49.06550786879297,-26.92470707694335],[-49.06529757244892,-26.924513490566127]]],[[[-49.05526901165956,-26.92370843115982],[-49.05438664048148,-26.92417693898616],[-49.05396828122717,-26.923971951904058],[-49.053447053060644,-26.924663512284383],[-49.053177251999614,-26.92469925722088],[-49.05306729342239,-26.92493505390347],[-49.05220888597534,-26.925450199774804],[-49.05161552161779,-26.925564917757107],[-49.051154616795365,-26.925947770149286],[-49.05045639781353,-26.92597591679543],[-49.05051264845846,-26.926216234730138],[-49.05079259908307,-26.926262033152167],[-49.050960183323284,-26.92646058720012],[-49.05049669326846,-26.926775183310568],[-49.05033940781319,-26.926297694532025],[-49.04992402089559,-26.926103553514746],[-49.04960347071225,-26.926191031980114],[-49.04943502810669,-26.92643805969746],[-49.049235764146864,-26.926260356944102],[-49.04878591946498,-26.926523057687803],[-49.04902855332645,-26.92699096145313],[-49.048783619036676,-26.927194175564736],[-49.0486417554788,-26.926697879028097],[-49.04845706264834,-26.92667419916583],[-49.048472094140664,-26.926949607623424],[-49.047618925769825,-26.92681041117209],[-49.04788143564533,-26.926972369797625],[-49.04831016242939,-26.926945239287967],[-49.04859623749021,-26.92726088207655],[-49.048161767273186,-26.927521248090287],[-49.04820354466449,-26.92763021816631],[-49.04889402337492,-26.92759379638007],[-49.04895306165027,-26.92732920722884],[-49.049272251549034,-26.92719421029193],[-49.04954312325522,-26.927415814198067],[-49.049536381237104,-26.92767244149725],[-49.049721163711155,-26.927589158554916],[-49.04966898831119,-26.927405137341736],[-49.049817159641485,-26.927630279684983],[-49.04981625005647,-26.927178662592425],[-49.05007608234693,-26.92766963942793],[-49.050352829674765,-26.927205838671565],[-49.05023175831457,-26.926998336575124],[-49.05070550240539,-26.927249151514875],[-49.05055739433395,-26.926952047110248],[-49.050933314272115,-26.926800099659847],[-49.051627314851544,-26.92610579571625],[-49.0518839859822,-26.926335875761904],[-49.051798611059944,-26.92655915996015],[-49.051059485995836,-26.92709384854369],[-49.05228959169352,-26.926550066616393],[-49.053165950341274,-26.925805053130563],[-49.05304139883354,-26.9258435903239],[-49.053153867742715,-26.92572534246188],[-49.05301063415478,-26.92577799726733],[-49.05296231206292,-26.925653613414926],[-49.053417517073306,-26.925275148591176],[-49.053343222483385,-26.925098352529222],[-49.05356143758014,-26.924885808459692],[-49.05395053142107,-26.92510506384291],[-49.053776346874436,-26.92468550460192],[-49.054168497654366,-26.924909953199784],[-49.055133636822404,-26.92423295016911],[-49.05500015752943,-26.924092089460704],[-49.05548183657357,-26.92406974885802],[-49.05566116862654,-26.92373112399049],[-49.05526901165956,-26.92370843115982]],[[-49.05287986198027,-26.925699740385475],[-49.05292499259493,-26.925819771319308],[-49.05279386593394,-26.925723609380896],[-49.05287986198027,-26.925699740385475]],[[-49.05193906435395,-26.925900215039402],[-49.05237781153538,-26.926055425026938],[-49.052419999239355,-26.926144713292576],[-49.05205418470825,-26.926082980306987],[-49.05193906435395,-26.925900215039402]],[[-49.052351073833066,-26.925945152426003],[-49.05243163466602,-26.925921199347705],[-49.05246788189031,-26.925988762791594],[-49.052351073833066,-26.925945152426003]],[[-49.049832175600045,-26.92676369423835],[-49.049944015388895,-26.926875472055958],[-49.04986163514272,-26.926925107518347],[-49.049832175600045,-26.92676369423835]],[[-49.04971508236636,-26.92674046487447],[-49.04966620286109,-26.92675959779806],[-49.049647334043975,-26.92669892792266],[-49.04971508236636,-26.92674046487447]],[[-49.04958384026354,-26.9269705701326],[-49.04972466635403,-26.926896957687923],[-49.049770560314556,-26.926934559403584],[-49.04958384026354,-26.9269705701326]],[[-49.0492595738991,-26.926484917180936],[-49.04930304017487,-26.92644055813332],[-49.04928862861894,-26.926507741440062],[-49.0492595738991,-26.926484917180936]]],[[[-49.06308467633084,-26.92275642477627],[-49.063279595074356,-26.922766784935202],[-49.06326983741781,-26.922696848053217],[-49.06308467633084,-26.92275642477627]]],[[[-49.06521372241051,-26.92233415075411],[-49.06472457791947,-26.922639441924648],[-49.06494840142118,-26.92293857845336],[-49.06519633994645,-26.92285183582259],[-49.06521372241051,-26.92233415075411]]],[[[-49.05520274012905,-26.92208099072729],[-49.05530113235157,-26.92210975731195],[-49.0552383368706,-26.92204249321134],[-49.05520274012905,-26.92208099072729]]],[[[-49.05585063192736,-26.922135433955443],[-49.055463034656086,-26.922149712760827],[-49.055228490531945,-26.922551220943888],[-49.054767122651015,-26.9226330535073],[-49.05473840910906,-26.922863228225857],[-49.05424085672651,-26.923318394925165],[-49.054054872068136,-26.923723591375865],[-49.054896520545775,-26.923187101524697],[-49.05520605695621,-26.922779634667076],[-49.05551358593518,-26.922808039153455],[-49.055774771522834,-26.923044863209448],[-49.05584100807027,-26.92235135086461],[-49.05632198757414,-26.921996568587957],[-49.05619481490038,-26.92193869030878],[-49.05585063192736,-26.922135433955443]]],[[[-49.06213273803177,-26.92156291782604],[-49.062180577900904,-26.921551826952914],[-49.06213630979661,-26.92154739144566],[-49.06213273803177,-26.92156291782604]]],[[[-49.09594258555992,-26.919039821028413],[-49.09567521945439,-26.9190930107716],[-49.09595549900635,-26.91906095015635],[-49.09594258555992,-26.919039821028413]]],[[[-49.09597894623506,-26.91902326826699],[-49.096067681061726,-26.919060735672147],[-49.095981236371074,-26.91899302039667],[-49.09597894623506,-26.91902326826699]]],[[[-49.09615271314693,-26.918872638024798],[-49.09625718995393,-26.918902603478326],[-49.09624777869549,-26.918865200362443],[-49.09615271314693,-26.918872638024798]]],[[[-49.060587255140426,-26.915947532221338],[-49.061170080436895,-26.916343203689912],[-49.061967645476905,-26.916341765947234],[-49.062200278039946,-26.915955117441772],[-49.06181932014035,-26.916234801220607],[-49.060600241643684,-26.91582185553301],[-49.060587255140426,-26.915947532221338]]],[[[-49.07189600670387,-26.91568828888047],[-49.07197928116739,-26.915664685358614],[-49.07189639529948,-26.915659497688747],[-49.07189600670387,-26.91568828888047]]],[[[-49.07232656603572,-26.91532271455161],[-49.07191448745975,-26.915570309371173],[-49.07211648537122,-26.91567521960934],[-49.07224505227714,-26.91558601583174],[-49.07229052984846,-26.915768710575602],[-49.07201968316496,-26.915970226936288],[-49.0720032569504,-26.91621217683216],[-49.07219177610126,-26.916066346531352],[-49.072228479980396,-26.91620646202013],[-49.072754383988574,-26.915738454515264],[-49.07296546642013,-26.915925171605963],[-49.07294085259986,-26.91611936429512],[-49.07317438356689,-26.915990622912407],[-49.07340801478596,-26.9160975340457],[-49.073353359898505,-26.915733319087757],[-49.07299283994084,-26.915687394720205],[-49.072948286062584,-26.91581428033057],[-49.07285255763857,-26.915618838883763],[-49.072692293631164,-26.915667369556164],[-49.07285489577729,-26.91547825002794],[-49.07258777434818,-26.91561275059259],[-49.07232656603572,-26.91532271455161]]],[[[-49.07190188341005,-26.91520211967983],[-49.07200532968375,-26.915118190042282],[-49.07195587505485,-26.915040276300967],[-49.071877964845754,-26.9150993866128],[-49.07190188341005,-26.91520211967983]]],[[[-49.07156687589349,-26.914915152005197],[-49.07171851662885,-26.914811017949614],[-49.07173174028566,-26.9147501412707],[-49.07159567369443,-26.9148119692162],[-49.07156687589349,-26.914915152005197]]],[[[-49.0735417964662,-26.914746901174315],[-49.07373735649357,-26.91476398350884],[-49.07372529289538,-26.9146899299059],[-49.0735417964662,-26.914746901174315]]],[[[-49.08168578540457,-26.914494024346926],[-49.08174669103683,-26.91448811452327],[-49.081755100173375,-26.914447501990118],[-49.08168578540457,-26.914494024346926]]],[[[-49.083545723650005,-26.914802870131513],[-49.08368256045533,-26.914764968331273],[-49.08379691356325,-26.91441559974594],[-49.08371954213935,-26.914480513231098],[-49.083545723650005,-26.914802870131513]]],[[[-49.079584929280976,-26.913708619981143],[-49.07969045667131,-26.913740173105484],[-49.079590336081225,-26.91368245631131],[-49.079584929280976,-26.913708619981143]]],[[[-49.08140687987907,-26.913621245101513],[-49.08108053718836,-26.914244030708723],[-49.08130912097726,-26.914158505415887],[-49.08150889383865,-26.91428104205689],[-49.08133905871715,-26.91406426432122],[-49.08166533400822,-26.914064190172393],[-49.081472084968034,-26.91397070922929],[-49.08140687987907,-26.913621245101513]]],[[[-49.07578342152769,-26.913148884141343],[-49.07563634021219,-26.913317862829427],[-49.07591770765742,-26.913731940407136],[-49.07593862342893,-26.91319773801505],[-49.07578342152769,-26.913148884141343]]],[[[-49.07952718251808,-26.91318754627835],[-49.079141542354556,-26.913368448594237],[-49.07936071481908,-26.913686183143486],[-49.079649627925996,-26.913364003354577],[-49.07966529125555,-26.91294813689147],[-49.07952718251808,-26.91318754627835]]],[[[-49.076359189796015,-26.913121669284923],[-49.07640765744439,-26.91287021860665],[-49.07617582013963,-26.912797609306033],[-49.076144084380154,-26.912968139677876],[-49.076359189796015,-26.913121669284923]]],[[[-49.07272271547195,-26.91272904938921],[-49.07280216829664,-26.912745162142535],[-49.07273726152241,-26.912699338613],[-49.07272271547195,-26.91272904938921]]],[[[-49.072373230923,-26.91266850488475],[-49.07233895689146,-26.91270218174848],[-49.07237889029288,-26.91270909970177],[-49.072373230923,-26.91266850488475]]],[[[-49.07749906940413,-26.91287578914498],[-49.077596977962855,-26.912797530901937],[-49.07756602233114,-26.91272547777071],[-49.077481185311385,-26.912759804628816],[-49.07749906940413,-26.91287578914498]]],[[[-49.072235348655724,-26.91232359745712],[-49.07222631644946,-26.912402051901783],[-49.072419192071436,-26.91242802711723],[-49.0725331507234,-26.912325891426583],[-49.072235348655724,-26.91232359745712]],[[-49.07228741858985,-26.912332486048875],[-49.072266265075314,-26.912387083917828],[-49.072252677405594,-26.91236579459767],[-49.07228741858985,-26.912332486048875]]],[[[-49.07080186959686,-26.912443980649563],[-49.07091336876584,-26.91224243198089],[-49.07059137565227,-26.912138573195715],[-49.070550958931875,-26.91225898630126],[-49.07080186959686,-26.912443980649563]]],[[[-49.07836865126412,-26.91216513200242],[-49.07783137033235,-26.912349503143552],[-49.0784515997779,-26.91234271655428],[-49.07836865126412,-26.91216513200242]]],[[[-49.086797435721095,-26.91213913958977],[-49.08705236536385,-26.912196424514743],[-49.08695125660086,-26.911880505363953],[-49.086797435721095,-26.91213913958977]]],[[[-49.07495303720606,-26.911549854188628],[-49.07503198429117,-26.91151647165655],[-49.07495038611425,-26.911487673485283],[-49.07495303720606,-26.911549854188628]]],[[[-49.087159934802166,-26.911611005359337],[-49.08626513045148,-26.911601187263532],[-49.0865756973202,-26.911729430003586],[-49.08625538542292,-26.91183251265911],[-49.08699776421242,-26.911744724103276],[-49.087159934802166,-26.911611005359337]]],[[[-49.07213975877678,-26.911056142831672],[-49.072232927667265,-26.910971892380893],[-49.072246471720874,-26.91089707672358],[-49.07220739990571,-26.910930178904877],[-49.07213975877678,-26.911056142831672]]],[[[-49.07794236500245,-26.91083048998973],[-49.07777810078988,-26.910847020165527],[-49.078005291211205,-26.910860841936707],[-49.0779374219348,-26.910552402779803],[-49.07794236500245,-26.91083048998973]]],[[[-49.07391106271833,-26.910269838758328],[-49.07400705614441,-26.910300036008014],[-49.07398145044545,-26.910251639509163],[-49.07391106271833,-26.910269838758328]]],[[[-49.0747339749848,-26.910171361128533],[-49.07480966236652,-26.910198592421718],[-49.074690870333406,-26.91011291547585],[-49.0747339749848,-26.910171361128533]]],[[[-49.07470939515138,-26.910073464116838],[-49.07481556935818,-26.91011464726319],[-49.07470472066516,-26.910049925464214],[-49.07470939515138,-26.910073464116838]]],[[[-49.07594335275958,-26.910051556341696],[-49.07579654078829,-26.910095976208616],[-49.075760941428165,-26.91016304037469],[-49.07594335275958,-26.910051556341696]]],[[[-49.088384153005926,-26.909987981273108],[-49.08787853208618,-26.910192213671653],[-49.088072620190246,-26.910302376512096],[-49.087792044063335,-26.91084515212691],[-49.08744671975068,-26.910727830633665],[-49.087403032636665,-26.910916604344386],[-49.086876917879955,-26.910768530064015],[-49.08628236448963,-26.91143944717443],[-49.086988786283925,-26.910982965044465],[-49.087827483799025,-26.910983906499652],[-49.08833527341922,-26.910207999596885],[-49.08910370007191,-26.910376343294118],[-49.08968571076729,-26.910195702899983],[-49.08911990948362,-26.910206150384614],[-49.088384153005926,-26.909987981273108]]],[[[-49.08702926768654,-26.909980885763844],[-49.08678337718001,-26.910182555662214],[-49.08689703415895,-26.910448996511363],[-49.08720452458938,-26.910478043614322],[-49.08734920365692,-26.910254417851615],[-49.08702926768654,-26.909980885763844]]],[[[-49.07515043463326,-26.90935113962878],[-49.07528291838661,-26.90930618362743],[-49.0753166348375,-26.90917157178045],[-49.07520459606215,-26.90922753991742],[-49.07515043463326,-26.90935113962878]]],[[[-49.072794632897526,-26.909140817881745],[-49.072517370561776,-26.909837154183137],[-49.0725413184537,-26.910338439096087],[-49.07228248338625,-26.910827920269657],[-49.07255359761621,-26.91053030031564],[-49.07255132803026,-26.91067644120838],[-49.07226513570107,-26.91106481471274],[-49.072515807574575,-26.910766478815038],[-49.07269049711353,-26.91077165903886],[-49.072612688978104,-26.91062484111135],[-49.07286131810753,-26.91033217739416],[-49.0727937596535,-26.910099011111306],[-49.07294426312556,-26.909861277679607],[-49.0733949235363,-26.910059206054584],[-49.072940932984636,-26.90952749339782],[-49.07306217313951,-26.909165826755764],[-49.07286210980932,-26.909277273158715],[-49.072794632897526,-26.909140817881745]]],[[[-49.081609964553564,-26.909115292491133],[-49.08156016814989,-26.909065254144576],[-49.081555632084864,-26.909096744883012],[-49.081609964553564,-26.909115292491133]]],[[[-49.081681172548414,-26.909121373861154],[-49.081737636496904,-26.909142797045668],[-49.08179983309299,-26.909027248391435],[-49.081681172548414,-26.909121373861154]]],[[[-49.08263827672451,-26.909065476667546],[-49.082668785385,-26.908941404055483],[-49.08246442750098,-26.908699899520585],[-49.082407501573186,-26.908840240383032],[-49.08263827672451,-26.909065476667546]]],[[[-49.07893712270091,-26.90812601567197],[-49.07936040411252,-26.908435221634345],[-49.079553302634146,-26.908223366184117],[-49.07942837101368,-26.90813374104869],[-49.07921325508451,-26.90832123928081],[-49.07893712270091,-26.90812601567197]]],[[[-49.04612910165275,-26.906384032438954],[-49.04662116350044,-26.906553088331446],[-49.04668485395742,-26.906520119078667],[-49.0466650727727,-26.906337104703418],[-49.046385445750325,-26.906176567128348],[-49.0460835987074,-26.90618743950897],[-49.04612910165275,-26.906384032438954]]],[[[-49.04685895536485,-26.90520358887409],[-49.046737399109205,-26.905085967921824],[-49.04670950512197,-26.9054144356999],[-49.04621434551427,-26.905562866657746],[-49.04618846306401,-26.90602588910314],[-49.04644982581707,-26.906049872891543],[-49.04642804708675,-26.90568978335223],[-49.04682858425686,-26.90549973155749],[-49.047500830009895,-26.905783327048844],[-49.04768263305747,-26.90541578271802],[-49.04743473229173,-26.905158140130407],[-49.04716231668911,-26.90503840027364],[-49.04685895536485,-26.90520358887409]]],[[[-49.035316812275525,-26.904785923925427],[-49.03535815927329,-26.904812702439415],[-49.03532293662114,-26.904642467445285],[-49.035316812275525,-26.904785923925427]]],[[[-49.035517764797135,-26.903901109351334],[-49.03578460974464,-26.904330848725877],[-49.03574280484631,-26.903740663481607],[-49.035517764797135,-26.903901109351334]]],[[[-49.012928826871565,-26.903337201022428],[-49.01299921429654,-26.903361434883017],[-49.01302253667984,-26.903346154548206],[-49.012928826871565,-26.903337201022428]]],[[[-49.013055383073024,-26.903316883553572],[-49.01312899844823,-26.90325211286592],[-49.01319561656879,-26.902913900327714],[-49.01314122006596,-26.902970720529158],[-49.013055383073024,-26.903316883553572]]],[[[-49.01952238804647,-26.90114619514639],[-49.01899066113816,-26.901199919096616],[-49.01968685763628,-26.901146133098297],[-49.01952238804647,-26.90114619514639]]],[[[-49.02043743532126,-26.90111305132817],[-49.01977169768163,-26.90114877844467],[-49.02046388298999,-26.901158346564113],[-49.020716082809344,-26.901319877167253],[-49.02043743532126,-26.90111305132817]]],[[[-49.0467968333013,-26.899930227115924],[-49.046727704941745,-26.900051257545055],[-49.04691830704491,-26.899968390664174],[-49.0467968333013,-26.899930227115924]]],[[[-49.134556522067946,-26.90056478463867],[-49.134844713915335,-26.90071680880802],[-49.13452475204481,-26.90046816268976],[-49.134556522067946,-26.90056478463867]]],[[[-49.13482101143481,-26.899995387939924],[-49.13508173370478,-26.89954603142761],[-49.13507745689774,-26.899371183154212],[-49.134859279745086,-26.899802535627245],[-49.13482101143481,-26.899995387939924]]],[[[-49.08161279879201,-26.898041412837784],[-49.08115437127894,-26.89805750631352],[-49.0810818219493,-26.89815009070839],[-49.081524373566964,-26.89830802509193],[-49.081887250849704,-26.89819897054275],[-49.08161279879201,-26.898041412837784]]],[[[-49.07954568611382,-26.89769496853796],[-49.079273602498624,-26.897675077225472],[-49.079408140960545,-26.89777998890028],[-49.07954568611382,-26.89769496853796]]],[[[-49.13513065264507,-26.89906133295388],[-49.13540848405599,-26.8982739425869],[-49.13540930778121,-26.898187362757238],[-49.135217254448676,-26.898517015789835],[-49.13513065264507,-26.89906133295388]]],[[[-49.022686099980326,-26.896610815753096],[-49.0227523618215,-26.896626624374168],[-49.02275345668696,-26.89658358210783],[-49.022686099980326,-26.896610815753096]]],[[[-49.07835558360885,-26.897478815237353],[-49.07849302773327,-26.897380553654678],[-49.078315635000074,-26.89729176980187],[-49.07822360689239,-26.897390081967114],[-49.07835558360885,-26.897478815237353]]],[[[-49.08319073201197,-26.897214797027484],[-49.08255741433149,-26.8974566688983],[-49.08205093267061,-26.89803826726574],[-49.082612282725314,-26.897837728522955],[-49.08272638315498,-26.897993495504274],[-49.08327777678123,-26.897687742084504],[-49.08335432125061,-26.897505356297124],[-49.083455060236545,-26.8976473741945],[-49.083629980023254,-26.897567775747284],[-49.08319073201197,-26.897214797027484]],[[-49.083088542663454,-26.897454885104448],[-49.083159974866504,-26.897550739734307],[-49.083010988892475,-26.89757854124622],[-49.083088542663454,-26.897454885104448]]],[[[-49.08026645671922,-26.897387431511287],[-49.08057848864427,-26.897341923436798],[-49.08053490562084,-26.896824503217022],[-49.08041188675331,-26.89723234753961],[-49.08026645671922,-26.897387431511287]]],[[[-49.15454639160953,-26.897760533525496],[-49.15461274574063,-26.897743884273638],[-49.15460776114479,-26.89773037716562],[-49.15454639160953,-26.897760533525496]]],[[[-49.15458377250128,-26.89767019907594],[-49.15467579514797,-26.89758500578489],[-49.15467519558251,-26.897349137462186],[-49.154630502116405,-26.897395664005657],[-49.15458377250128,-26.89767019907594]]],[[[-49.0871861370816,-26.897150927071692],[-49.086620340840526,-26.896599781292352],[-49.08631458647525,-26.896440617213003],[-49.08636634059285,-26.896569705949837],[-49.0871861370816,-26.897150927071692]]],[[[-49.086308725048035,-26.896215291693743],[-49.086417187275934,-26.896251669356563],[-49.08631421971671,-26.896188082210635],[-49.086308725048035,-26.896215291693743]]],[[[-49.02277916223646,-26.89433073168973],[-49.02245463364343,-26.894719630078793],[-49.02203590153487,-26.894900747047224],[-49.021802427731686,-26.89533252054914],[-49.021977371160865,-26.895318958993457],[-49.02215144985061,-26.895027798669545],[-49.02264067741359,-26.894891684081824],[-49.02271503792299,-26.894634461191057],[-49.023262822615294,-26.89451109900301],[-49.022983602920256,-26.894275306300298],[-49.02277916223646,-26.89433073168973]],[[-49.02296292633377,-26.894382327251893],[-49.02288178607281,-26.894410110407865],[-49.02290181098538,-26.894340853364454],[-49.02296292633377,-26.894382327251893]]],[[[-49.07283105902531,-26.894875489344727],[-49.07287027239366,-26.894868514008515],[-49.072825415804935,-26.894843066939064],[-49.07283105902531,-26.894875489344727]]],[[[-49.07263140359692,-26.894830213311234],[-49.072581688114674,-26.894849755296438],[-49.072640512355626,-26.89484283158994],[-49.07263140359692,-26.894830213311234]]],[[[-49.02300774896387,-26.89416075957533],[-49.02309638480198,-26.89411016076694],[-49.02312478354525,-26.894029988911768],[-49.02300774896387,-26.89416075957533]]],[[[-49.0213090290743,-26.89543859913288],[-49.021045422802665,-26.89520238841123],[-49.020787474568124,-26.89418425048548],[-49.02052243034181,-26.893995137867783],[-49.02016969631569,-26.894570870093826],[-49.02012923711342,-26.895083334967065],[-49.0204122921293,-26.895256267728236],[-49.0213090290743,-26.89543859913288]],[[-49.02030830632218,-26.895144096037722],[-49.020318750118946,-26.895127454784344],[-49.02032719607697,-26.89512768067336],[-49.02030830632218,-26.895144096037722]],[[-49.02036952909331,-26.895099779454966],[-49.020378090662646,-26.895092339365753],[-49.020377958857374,-26.89509989763406],[-49.02036952909331,-26.895099779454966]],[[-49.020758653716705,-26.89477051130057],[-49.02077563519158,-26.89476491837192],[-49.020774528930765,-26.894771386798755],[-49.020758653716705,-26.89477051130057]],[[-49.02049674504476,-26.894731516359336],[-49.02050530657687,-26.89472407626006],[-49.02050517478217,-26.894731634529347],[-49.02049674504476,-26.894731516359336]],[[-49.0204426194095,-26.8943040660016],[-49.02056923909166,-26.89419474667279],[-49.020494571233016,-26.89433971770577],[-49.0204426194095,-26.8943040660016]]],[[[-49.07215251450461,-26.89470454530938],[-49.072216665573436,-26.894687795145586],[-49.07214261527972,-26.89468271376171],[-49.07215251450461,-26.89470454530938]]],[[[-49.071158629685144,-26.89452834718003],[-49.071710294698114,-26.8945744178752],[-49.071133086022925,-26.89451454785033],[-49.071158629685144,-26.89452834718003]]],[[[-49.069520183270136,-26.894467139980573],[-49.06984503389447,-26.89444626741636],[-49.06940623134205,-26.894307735612045],[-49.069520183270136,-26.894467139980573]]],[[[-49.068812938237635,-26.894237672339628],[-49.06923462772219,-26.894237643929458],[-49.06816091179416,-26.89378999861756],[-49.06825764296227,-26.89390762381657],[-49.068812938237635,-26.894237672339628]]],[[[-49.043886371975226,-26.89342413370762],[-49.04351205776445,-26.89330535861812],[-49.04363032097156,-26.893372659613096],[-49.04336972052655,-26.89354630178962],[-49.043223615492565,-26.894219762208788],[-49.043387694095735,-26.894569577950207],[-49.04357651069306,-26.89446308407665],[-49.044018336015135,-26.893387729789172],[-49.044040534219995,-26.893094821966834],[-49.0439102963593,-26.892851676346382],[-49.043886371975226,-26.89342413370762]]],[[[-49.149814049821806,-26.895496521456224],[-49.14996166957329,-26.895385036787076],[-49.1497392433783,-26.895088833894757],[-49.14954217305747,-26.89385368725822],[-49.14958034422228,-26.89524199329351],[-49.149814049821806,-26.895496521456224]]],[[[-49.128302871053855,-26.893495463554977],[-49.128368629901416,-26.893517372968656],[-49.128320911701564,-26.893457454362217],[-49.128302871053855,-26.893495463554977]]],[[[-49.128623789556244,-26.893474553643447],[-49.12880060088673,-26.8936451716127],[-49.12896838865314,-26.89365404128224],[-49.12886399127468,-26.893463744965196],[-49.128623789556244,-26.893474553643447]]],[[[-49.06873444039549,-26.8925562551048],[-49.068079556950096,-26.892514595282535],[-49.06805206939564,-26.892532716385904],[-49.06873444039549,-26.8925562551048]]],[[[-49.12762942044332,-26.89307231051016],[-49.12810935356072,-26.893540399765218],[-49.128265436619444,-26.89347147297508],[-49.12762942044332,-26.89307231051016]]],[[[-49.06428120181342,-26.892611878386987],[-49.06467496520003,-26.892511288962453],[-49.06512639043735,-26.892232718883122],[-49.06436199545717,-26.892426185724965],[-49.06428120181342,-26.892611878386987]]],[[[-49.05865312216644,-26.891779102256546],[-49.05880946685706,-26.891796097580052],[-49.0588026673769,-26.89174121386802],[-49.05865312216644,-26.891779102256546]]],[[[-49.12291160912782,-26.89253101098845],[-49.12288330068643,-26.89262873447428],[-49.122946296519146,-26.892503696909653],[-49.12291160912782,-26.89253101098845]]],[[[-49.067367753717676,-26.891663478940096],[-49.066469681574794,-26.89185597170518],[-49.06639255992284,-26.89191439496401],[-49.0673539996775,-26.891712169619787],[-49.06752194844208,-26.892217847871315],[-49.06756775884385,-26.89185790934277],[-49.06788443168521,-26.89171281225105],[-49.06756281822962,-26.891792606660427],[-49.067367753717676,-26.891663478940096]]],[[[-49.059002707001866,-26.891513722137933],[-49.05906803139491,-26.891750128904153],[-49.05938984232371,-26.89179801085679],[-49.059527246115,-26.89163872425582],[-49.05944050566662,-26.891515933477965],[-49.059002707001866,-26.891513722137933]]],[[[-49.0623598927112,-26.891920934282798],[-49.061563913075986,-26.892005408399847],[-49.06085529257232,-26.89226629182349],[-49.060017128411125,-26.891718112091382],[-49.05976119708212,-26.8916953769753],[-49.0597522180949,-26.891898887932463],[-49.06017439908424,-26.892222264689536],[-49.059868224681416,-26.892720166243606],[-49.06021394923818,-26.89338736858721],[-49.060400196768086,-26.893363332339856],[-49.060571996790515,-26.89288564492684],[-49.06046336703779,-26.8924693830831],[-49.061059986189676,-26.89269250148617],[-49.061550359214166,-26.89240356660788],[-49.062556769435446,-26.89219326646981],[-49.06286786306256,-26.891964431022025],[-49.063116111752244,-26.89145255877073],[-49.062932407376664,-26.891380601220593],[-49.0623598927112,-26.891920934282798]]],[[[-49.13482129986661,-26.892656521192908],[-49.13409609638262,-26.892616465963254],[-49.134184816193375,-26.89275808415668],[-49.134640242870866,-26.892760614032692],[-49.134498255446246,-26.89330468450201],[-49.13469922447006,-26.893513427391962],[-49.135332434854995,-26.892806825705485],[-49.13523098787007,-26.892624413700652],[-49.13503969811806,-26.892695800943343],[-49.13530900266368,-26.892324177437548],[-49.13482129986661,-26.892656521192908]]],[[[-49.11748697474502,-26.89089975235029],[-49.11767544927916,-26.890885686873194],[-49.11747745919985,-26.89088706252953],[-49.11748697474502,-26.89089975235029]]],[[[-49.06930585310823,-26.88989680693361],[-49.06889332911783,-26.890037996969763],[-49.06796373521661,-26.890938763798857],[-49.06828798769009,-26.89068781077966],[-49.06849162192592,-26.89072870731618],[-49.06839430970653,-26.890590768247783],[-49.06853588054347,-26.890663931675327],[-49.068558934703056,-26.89043795988407],[-49.06879486658696,-26.890262781926815],[-49.06915734067324,-26.890226739867384],[-49.06938408022664,-26.889934166130548],[-49.06965532674826,-26.889909458413328],[-49.06930585310823,-26.88989680693361]]],[[[-49.11648870333188,-26.890436410278184],[-49.116618183668145,-26.890465514451005],[-49.116538801680996,-26.890380972403992],[-49.11648870333188,-26.890436410278184]]],[[[-49.06886216471129,-26.889937675531588],[-49.06910233272134,-26.889837907327493],[-49.06887811643019,-26.88965262143666],[-49.068815990631215,-26.889774805521117],[-49.06886216471129,-26.889937675531588]]],[[[-49.06903097201669,-26.889559783244948],[-49.068983784734364,-26.88942851242626],[-49.068871570516734,-26.889398718024196],[-49.06889892153526,-26.889475160902368],[-49.06903097201669,-26.889559783244948]]],[[[-49.144901657117494,-26.890070625504617],[-49.1448900643914,-26.890155782985868],[-49.14497219908857,-26.890160001416053],[-49.144901657117494,-26.890070625504617]]],[[[-49.1544953181387,-26.889463182065043],[-49.15470363396279,-26.88967793231748],[-49.15496201092178,-26.889596435587112],[-49.1544953181387,-26.889463182065043]]],[[[-49.129298149186454,-26.889169764332895],[-49.12934821995791,-26.889088745697276],[-49.12933624285989,-26.889053455221156],[-49.129298149186454,-26.889169764332895]]],[[[-49.11437173957413,-26.888502420444073],[-49.11441393303247,-26.888541493088916],[-49.114439340689444,-26.888487908528617],[-49.11437173957413,-26.888502420444073]]],[[[-49.06286840823707,-26.887447069988458],[-49.062398692062054,-26.887532899031164],[-49.062365663351585,-26.887670022964123],[-49.062821640110364,-26.88759095269749],[-49.06286840823707,-26.887447069988458]],[[-49.0624590765724,-26.887606811140074],[-49.062385694458456,-26.88761377269769],[-49.062442068137585,-26.88757037849811],[-49.0624590765724,-26.887606811140074]]],[[[-49.10934191756199,-26.888050609603575],[-49.10937119155768,-26.88807181657042],[-49.10943548720249,-26.88799259080488],[-49.10934191756199,-26.888050609603575]]],[[[-49.1095609280428,-26.88796512788072],[-49.10949423006956,-26.88791847875954],[-49.10949164919404,-26.887940737996235],[-49.1095609280428,-26.88796512788072]]],[[[-49.07880190314114,-26.88745149652527],[-49.07851916007978,-26.8876021963937],[-49.07867753241443,-26.887670923550775],[-49.07880190314114,-26.88745149652527]]],[[[-49.11422838347217,-26.888327099474267],[-49.11462006029437,-26.888563272411464],[-49.11451106673471,-26.889252591019577],[-49.11461931697205,-26.88948031487256],[-49.11551813013393,-26.889886265747226],[-49.115656267198354,-26.889767778493727],[-49.115714928822364,-26.890085365483202],[-49.11598878737653,-26.890191976984166],[-49.11609616661636,-26.890831660439847],[-49.115926268582534,-26.891057089604722],[-49.116123518168635,-26.891202637271792],[-49.11618288821044,-26.891650160495058],[-49.11611398328715,-26.892050639796945],[-49.11576543400648,-26.89218921496196],[-49.11612498311443,-26.892237292817157],[-49.11622628219295,-26.8927065525004],[-49.116278315199125,-26.892404366273972],[-49.116495817886616,-26.89251417268127],[-49.11623861489432,-26.892192432780135],[-49.11634770542028,-26.890887415384533],[-49.11615821051736,-26.890427104255547],[-49.116543320507695,-26.89004258588861],[-49.11628458671338,-26.889834296254076],[-49.116037100320476,-26.889883704069014],[-49.1160500452056,-26.889660551972153],[-49.115475149354985,-26.889542878444576],[-49.115707094308824,-26.889234173093296],[-49.115113568625816,-26.889409457438106],[-49.11469840161949,-26.889250435354096],[-49.114667558551446,-26.88877438451766],[-49.11506401076573,-26.888309439693497],[-49.11486818555669,-26.88797236860739],[-49.11442250627103,-26.888037693777488],[-49.11422838347217,-26.888327099474267]]],[[[-49.07853685015523,-26.88743724227238],[-49.0785572927015,-26.887472217207904],[-49.078560423657365,-26.887401815350735],[-49.07853685015523,-26.88743724227238]]],[[[-49.11048229945259,-26.887691026985195],[-49.11053106366772,-26.8877209698881],[-49.11054209302309,-26.88766135556236],[-49.11048229945259,-26.887691026985195]]],[[[-49.109672964843355,-26.887798744955653],[-49.109621141875984,-26.887666437908063],[-49.10955884975668,-26.887639854103046],[-49.10957972802317,-26.887705641283834],[-49.109672964843355,-26.887798744955653]]],[[[-49.13235711311207,-26.888022250519946],[-49.132583087734226,-26.888546311119264],[-49.13251848203025,-26.887892602327717],[-49.13235711311207,-26.888022250519946]]],[[[-49.144855676387664,-26.888034287660066],[-49.14496404502416,-26.888085999274914],[-49.144989495289806,-26.888074756615154],[-49.144855676387664,-26.888034287660066]]],[[[-49.078484008639656,-26.88721895825721],[-49.078567852088206,-26.887346313157813],[-49.0786455640488,-26.88712379971023],[-49.078484008639656,-26.88721895825721]]],[[[-49.111307494012095,-26.887600849180057],[-49.111394996918484,-26.88755798477792],[-49.11135805368685,-26.887528088089944],[-49.111307494012095,-26.887600849180057]]],[[[-49.093955372918344,-26.88718121794426],[-49.09405476470587,-26.887225419525567],[-49.0940888751084,-26.887066532147003],[-49.093955372918344,-26.88718121794426]]],[[[-49.09395891497569,-26.886947221498556],[-49.094088983657215,-26.886957634256476],[-49.0939587054872,-26.88692124297891],[-49.09395891497569,-26.886947221498556]]],[[[-49.11791245269057,-26.88740457456321],[-49.118214794942084,-26.887560871338017],[-49.11837567187137,-26.887469157185855],[-49.118111096591136,-26.887387439347403],[-49.11812126869679,-26.88712198618356],[-49.11791245269057,-26.88740457456321]]],[[[-49.13980652101192,-26.88737662389959],[-49.13984588664233,-26.887347495773312],[-49.139825645720045,-26.887341106874466],[-49.13980652101192,-26.88737662389959]]],[[[-49.11413962333948,-26.88765769465329],[-49.11449559124496,-26.887166965796506],[-49.114428039911715,-26.88687710044498],[-49.11404986767367,-26.887465479178882],[-49.11413962333948,-26.88765769465329]]],[[[-49.1344136726139,-26.887467868080922],[-49.13459264895237,-26.887334884217328],[-49.13408220367375,-26.8871258387503],[-49.13409215669075,-26.887174495470326],[-49.1344136726139,-26.887467868080922]]],[[[-49.11291967387104,-26.886872090736784],[-49.11310816074014,-26.88673508468918],[-49.11310894323664,-26.886666643768113],[-49.11282320892424,-26.886782116312126],[-49.11291967387104,-26.886872090736784]]],[[[-49.11239344894745,-26.88669216713621],[-49.11208834928648,-26.886937671773232],[-49.112444398383104,-26.886915350167918],[-49.1125822799071,-26.8870285470686],[-49.111609659651535,-26.887113755914893],[-49.11146195441748,-26.886942435151703],[-49.111473315661556,-26.887080601238424],[-49.111321920569964,-26.88710246210634],[-49.11101294475412,-26.886943711661864],[-49.11105205689018,-26.887289954545363],[-49.11054470245161,-26.887532608671115],[-49.11000047506578,-26.887693590780195],[-49.10972286714871,-26.887501361787336],[-49.10954237544944,-26.887594272480676],[-49.10983265947476,-26.887751189368775],[-49.109753363755964,-26.887859042913803],[-49.11072111054873,-26.887522640575956],[-49.11074767992743,-26.887648572484302],[-49.11083442758829,-26.88747750096788],[-49.11093815633306,-26.88758691308654],[-49.111050540670995,-26.887404672676144],[-49.11125392421538,-26.88764766801855],[-49.11117103020613,-26.887482619347328],[-49.111328621641945,-26.887362722597782],[-49.111477098377485,-26.887569261996937],[-49.11185978071793,-26.88750131750489],[-49.11199067915635,-26.887620358579007],[-49.111986513615385,-26.887517183980766],[-49.11218377122476,-26.887539348169707],[-49.111963631291765,-26.887410641808405],[-49.11194585256426,-26.88720401787125],[-49.11222111738397,-26.88708216678994],[-49.11316510246029,-26.887538749464944],[-49.1127019683013,-26.887075566792696],[-49.11276306958956,-26.88695217057634],[-49.11248158765451,-26.886803433287657],[-49.11271622739604,-26.886664421447602],[-49.11239344894745,-26.88669216713621]],[[-49.111784045733174,-26.88718796632999],[-49.11177675060252,-26.887238245885488],[-49.1116395668791,-26.88723653711956],[-49.111784045733174,-26.88718796632999]],[[-49.11168893739344,-26.887348697981952],[-49.11163135364053,-26.887397261848207],[-49.1116210226864,-26.887348136836412],[-49.11168893739344,-26.887348697981952]]],[[[-49.1451051685487,-26.889414669144383],[-49.14460784939121,-26.888093565887857],[-49.14346329970017,-26.886878259237832],[-49.14343622909537,-26.887247443463828],[-49.14415538026111,-26.88782629357104],[-49.1451051685487,-26.889414669144383]]],[[[-49.11265682876771,-26.88639324189542],[-49.11272417225767,-26.88640345379684],[-49.11265577341782,-26.88637262548996],[-49.11265682876771,-26.88639324189542]]],[[[-49.0660020166936,-26.88574401906566],[-49.06611832513577,-26.88570951482166],[-49.06611722467861,-26.885617467682945],[-49.06595539932613,-26.885591801167323],[-49.0660020166936,-26.88574401906566]]],[[[-49.080844894680865,-26.885892427244496],[-49.080432403552805,-26.885761138358298],[-49.081035852671455,-26.88611044577131],[-49.080844894680865,-26.885892427244496]]],[[[-49.08187399669953,-26.88580880270786],[-49.08191066219993,-26.885766416206575],[-49.081851986548514,-26.885762779014712],[-49.08187399669953,-26.88580880270786]]],[[[-49.06554994575368,-26.885610193284066],[-49.06557115072204,-26.885564947228556],[-49.06553982271487,-26.88551088931758],[-49.06554994575368,-26.885610193284066]]],[[[-49.08073207496581,-26.885825041553638],[-49.08090943718203,-26.88573126196623],[-49.080888801446754,-26.88566473956124],[-49.080731383936055,-26.88572922332097],[-49.08073207496581,-26.885825041553638]]],[[[-49.06512467206508,-26.885495213494238],[-49.065153006920696,-26.885519514843622],[-49.065097724116974,-26.885335401067053],[-49.06512467206508,-26.885495213494238]]],[[[-49.06229084361104,-26.885649510248843],[-49.06182726762977,-26.885761495863992],[-49.06129667248326,-26.886112396022266],[-49.0611333615935,-26.886425220902396],[-49.061368170244094,-26.886154570417883],[-49.062703268151154,-26.88570837360693],[-49.06242874275694,-26.885252502461398],[-49.06229084361104,-26.885649510248843]]],[[[-49.067153486080585,-26.885269233847048],[-49.06705802904412,-26.885289734235677],[-49.06706583221754,-26.885304866784505],[-49.067153486080585,-26.885269233847048]]],[[[-49.0819198473342,-26.88582312488207],[-49.081707600821716,-26.88581808820869],[-49.08143668049088,-26.88544323969488],[-49.08114167822806,-26.8855082687454],[-49.08138667694484,-26.885764502052226],[-49.081328731586055,-26.885939507071022],[-49.08162093747251,-26.885951191092257],[-49.08182793711411,-26.88630025513623],[-49.08210951493968,-26.886189778372085],[-49.0821162913471,-26.88558726811943],[-49.0819198473342,-26.88582312488207]],[[-49.08150708365042,-26.8858737823411],[-49.08136786459376,-26.885866187044567],[-49.08144875223595,-26.885813390931443],[-49.08150708365042,-26.8858737823411]],[[-49.08196933388919,-26.886145943637977],[-49.081905308171244,-26.886182586463818],[-49.081931946048186,-26.88613281369408],[-49.08196933388919,-26.886145943637977]]],[[[-49.06761290326893,-26.885201604581756],[-49.06771799164125,-26.88525481752328],[-49.06769254605823,-26.885133473664617],[-49.06761290326893,-26.885201604581756]]],[[[-49.094225295070736,-26.885211941719742],[-49.09428417385058,-26.885249612454345],[-49.09426845729732,-26.88516004186416],[-49.094225295070736,-26.885211941719742]]],[[[-49.082916173524694,-26.885067674292863],[-49.08305725284394,-26.88495775510148],[-49.08298756329646,-26.88480563013948],[-49.082846104080204,-26.884882464122303],[-49.082916173524694,-26.885067674292863]]],[[[-49.06906007030792,-26.884436366094363],[-49.06909982216806,-26.88451005423557],[-49.069078776336035,-26.8844121065824],[-49.06906007030792,-26.884436366094363]]],[[[-49.08068930873664,-26.884719051569167],[-49.08079730967603,-26.884787096570076],[-49.080641631850995,-26.884550002292567],[-49.08068930873664,-26.884719051569167]]],[[[-49.080720098787026,-26.884448817822758],[-49.0807238873917,-26.88448713736609],[-49.0807601841315,-26.88443898899823],[-49.080720098787026,-26.884448817822758]]],[[[-49.06776008846322,-26.884118324269185],[-49.06788465944458,-26.88416117897942],[-49.06787532186804,-26.88407770782592],[-49.06776008846322,-26.884118324269185]]],[[[-49.06169768041691,-26.88395423502586],[-49.06174934602548,-26.883995245326485],[-49.061773351749004,-26.883951702072864],[-49.06169768041691,-26.88395423502586]]],[[[-49.08039090811695,-26.884141317522364],[-49.08038719168247,-26.884083033381906],[-49.08035652778566,-26.884060839728193],[-49.08039090811695,-26.884141317522364]]],[[[-49.08370016898268,-26.88433220684469],[-49.08348647133162,-26.884023508167132],[-49.083298490803145,-26.883967297163718],[-49.08332800805364,-26.88404582433258],[-49.08370016898268,-26.88433220684469]]],[[[-49.08311070615532,-26.883847660777278],[-49.08322272191278,-26.883858943815238],[-49.0831426495777,-26.883814061187387],[-49.08311070615532,-26.883847660777278]]],[[[-49.09860651469996,-26.88402331471351],[-49.09829515409681,-26.88438338437546],[-49.09843721015828,-26.884718648968768],[-49.09870271406539,-26.884896582226876],[-49.09855455120897,-26.884250058985863],[-49.09887769430139,-26.88400753056797],[-49.09860651469996,-26.88402331471351]]],[[[-49.09811402803594,-26.884196693889855],[-49.098037661024506,-26.883713210710766],[-49.09793264987236,-26.883679152923214],[-49.09792448855285,-26.88410672875238],[-49.09811402803594,-26.884196693889855]]],[[[-49.09811722613464,-26.883582674899728],[-49.09819699790424,-26.883600674185313],[-49.09818770006703,-26.883566348996805],[-49.09811722613464,-26.883582674899728]]],[[[-49.13880716298251,-26.884122826669866],[-49.138915634298755,-26.88455442009424],[-49.13876543629489,-26.88509911632748],[-49.1394390126148,-26.88553675889782],[-49.139758124858396,-26.885465778973714],[-49.13973453914767,-26.88526660352457],[-49.13942627089593,-26.885288221375575],[-49.13921073005731,-26.8851021091227],[-49.13932126312163,-26.884973669404573],[-49.1396039670891,-26.885089505706084],[-49.13980657847665,-26.884827525411485],[-49.13972556805816,-26.884630325259923],[-49.139589835334355,-26.884707132283843],[-49.13945788744176,-26.88459248230438],[-49.13960800997881,-26.884354612535482],[-49.139884880588966,-26.884426130577644],[-49.13950225596276,-26.884127682704342],[-49.13880716298251,-26.884122826669866]],[[-49.13944686669285,-26.88469938613034],[-49.139323589794785,-26.884861943836622],[-49.139193696690484,-26.884839032034982],[-49.13931365008035,-26.88463447165952],[-49.13944686669285,-26.88469938613034]]],[[[-49.13859456284169,-26.88403094736094],[-49.13869807658858,-26.884022399052697],[-49.13849790483831,-26.883919659509456],[-49.13859456284169,-26.88403094736094]]],[[[-49.061033657046686,-26.882884402812884],[-49.06058762881994,-26.8827116168638],[-49.06195427982698,-26.883977755559947],[-49.061992958427254,-26.884228673286483],[-49.062582415138955,-26.884814135387565],[-49.06208851783765,-26.883974372959937],[-49.06141497108687,-26.88343480655809],[-49.061033657046686,-26.882884402812884]]],[[[-49.061033657046686,-26.882884402812884],[-49.06120287085477,-26.882840011056164],[-49.061096085587536,-26.88262314176923],[-49.06108762740893,-26.882636186460772],[-49.061033657046686,-26.882884402812884]]],[[[-49.101063942635584,-26.883189680299214],[-49.1011154851746,-26.883188958136213],[-49.10108248687809,-26.883143756677956],[-49.101063942635584,-26.883189680299214]]],[[[-49.08359957043701,-26.88334898576704],[-49.083692915436714,-26.883265628940922],[-49.08356819449695,-26.883017881882203],[-49.08326598411028,-26.882875829526693],[-49.08326151054737,-26.883077227955727],[-49.08359957043701,-26.88334898576704]]],[[[-49.140393501150506,-26.883621263991298],[-49.13976379851605,-26.88352896232623],[-49.13961702592659,-26.883785869543747],[-49.139859701392886,-26.884121228987727],[-49.13989081109438,-26.883812518845442],[-49.140259365350595,-26.88385581528699],[-49.14021693830123,-26.884191481988292],[-49.14048532661512,-26.88425668602165],[-49.140758453275474,-26.88398705753008],[-49.14050737055092,-26.88370703039141],[-49.140734458053366,-26.883600156166068],[-49.14042003316995,-26.88347390669466],[-49.140393501150506,-26.883621263991298]],[[-49.14045452037784,-26.884020297374192],[-49.14035890924601,-26.884034709836808],[-49.14042028590198,-26.883969678507327],[-49.14045452037784,-26.884020297374192]]],[[[-49.101076545510544,-26.88310650647676],[-49.101198208853106,-26.88259931168563],[-49.10157055288735,-26.882491001645406],[-49.101109427439454,-26.882526081386498],[-49.101076545510544,-26.88310650647676]]],[[[-49.06830833101157,-26.881659222695532],[-49.06842383114137,-26.881592580207446],[-49.06829403064754,-26.881280150363324],[-49.06825607203986,-26.88130580136073],[-49.06830833101157,-26.881659222695532]]],[[[-49.13821532120344,-26.8813000936118],[-49.13827559175937,-26.881321247945902],[-49.13825121237455,-26.881273142938532],[-49.13821532120344,-26.8813000936118]]],[[[-49.06973087390421,-26.881009152187783],[-49.069761420053375,-26.88014734971539],[-49.06970770556743,-26.879885623360508],[-49.06968595895862,-26.880281767559488],[-49.06973087390421,-26.881009152187783]]],[[[-49.068413247049634,-26.879921047718334],[-49.06847549086666,-26.88008219130294],[-49.068585600021734,-26.880083300691723],[-49.06852496413422,-26.879867526904267],[-49.068413247049634,-26.879921047718334]],[[-49.06854320683047,-26.87994676224347],[-49.0684532117898,-26.879989427190157],[-49.068435615006074,-26.879925872229872],[-49.06854320683047,-26.87994676224347]]],[[[-49.14359090283942,-26.880347095492816],[-49.1436620202122,-26.880274753201945],[-49.143576402415945,-26.880284847754325],[-49.14359090283942,-26.880347095492816]]],[[[-49.14042273812405,-26.879848212124244],[-49.14052209023994,-26.87991403802423],[-49.14046262660278,-26.87978194732343],[-49.14042273812405,-26.879848212124244]]],[[[-49.0925941547952,-26.87945665359094],[-49.09256633411241,-26.878973607533123],[-49.09248129776112,-26.878922465013012],[-49.09240677534392,-26.87932367739509],[-49.0925941547952,-26.87945665359094]]],[[[-49.1156015185972,-26.87872391725222],[-49.11575242531036,-26.878481165719545],[-49.11577119739599,-26.878370210432028],[-49.11571844645212,-26.878435858943647],[-49.1156015185972,-26.87872391725222]]],[[[-49.10026902490958,-26.878064393523267],[-49.100211494207066,-26.87829012387844],[-49.09946359973775,-26.87823726632487],[-49.10020642104293,-26.8787357401119],[-49.10058110457087,-26.87818981029819],[-49.10026902490958,-26.878064393523267]]],[[[-49.14077087400957,-26.878451757066674],[-49.141025236512,-26.878512058736597],[-49.14104593742977,-26.878453778850027],[-49.14077087400957,-26.878451757066674]]],[[[-49.114957759889826,-26.878098582177262],[-49.11516260266084,-26.87835855832918],[-49.115441415815475,-26.878202371934652],[-49.115067105877,-26.87799192295719],[-49.114957759889826,-26.878098582177262]]],[[[-49.06520167559272,-26.87514336239231],[-49.065416700576094,-26.87554489055563],[-49.06514672116481,-26.876598039884435],[-49.06524156798328,-26.87738179079673],[-49.06582237252777,-26.878026197059178],[-49.06683386599595,-26.88003104994833],[-49.06741676725695,-26.880394920439308],[-49.06764145294131,-26.880928100304338],[-49.06768484259879,-26.882062441883175],[-49.06736108151485,-26.88186355693704],[-49.06718078159077,-26.881950189203867],[-49.06688106664289,-26.88244479221463],[-49.067073272728976,-26.882421787158112],[-49.06693039292193,-26.88277279424086],[-49.0670642995354,-26.88300555712157],[-49.06666971097714,-26.883065865709927],[-49.066492296494495,-26.882784067685385],[-49.06662758646464,-26.88259213881128],[-49.066057310842325,-26.882845180122438],[-49.065306938355086,-26.882783283655254],[-49.06544397792854,-26.88325499868891],[-49.06516800146229,-26.883416963621936],[-49.065451251098544,-26.88368972431615],[-49.06499228963569,-26.884081934129117],[-49.06454168640731,-26.884115669457834],[-49.06467218720507,-26.884688104535204],[-49.06457046406502,-26.884804595889552],[-49.065068069247886,-26.885264940950293],[-49.0657727086772,-26.885072046780234],[-49.06592429142084,-26.884934980739377],[-49.065747109420805,-26.884637792464666],[-49.06612137052943,-26.884282643873227],[-49.06620125678181,-26.883650632931875],[-49.066605922638225,-26.883524793143582],[-49.06699634864188,-26.88307788182749],[-49.06789939424018,-26.883006873124327],[-49.067987303932824,-26.88309859415417],[-49.06785475116377,-26.88306616514388],[-49.067338301312645,-26.884717323302336],[-49.06710063508597,-26.884982718580645],[-49.0671818526955,-26.885282206751196],[-49.06712340388872,-26.88532109878947],[-49.066548827041174,-26.885386363267827],[-49.066334906806865,-26.885362619408166],[-49.066145204858586,-26.885505089256732],[-49.06603056649439,-26.885446759404097],[-49.06618279482269,-26.8856319157363],[-49.066132233905456,-26.88580914050868],[-49.06575422836145,-26.88575607642871],[-49.0657926890152,-26.885415473863308],[-49.06562951060596,-26.885433949068627],[-49.06553386763539,-26.885875111078835],[-49.06530216442694,-26.8857346699558],[-49.06515175204236,-26.886055642527886],[-49.06476048736534,-26.88604524816748],[-49.0647373412633,-26.885181440421654],[-49.064621656468326,-26.886026328461206],[-49.06448163084851,-26.885845640051613],[-49.064557799218406,-26.885627199935833],[-49.06327502131753,-26.885625929710688],[-49.06310415332625,-26.88523696151893],[-49.062993682444805,-26.88528458636372],[-49.06300022380796,-26.88559629517037],[-49.06329498563222,-26.88591001695995],[-49.06433794232797,-26.88633981555645],[-49.064025313468385,-26.886754573057697],[-49.064148833662806,-26.887415949041955],[-49.06347340631635,-26.888399159371968],[-49.06395139018345,-26.888865010912944],[-49.06398566820773,-26.889793709802287],[-49.06372576710619,-26.890757000617775],[-49.063399952676484,-26.891017231034656],[-49.063490883271946,-26.891143960192064],[-49.06402875630895,-26.89081363479473],[-49.06421988825805,-26.89016789941452],[-49.06428949577328,-26.88883642127863],[-49.06405187493947,-26.887992044614656],[-49.06461449702229,-26.887550351500476],[-49.06446757170729,-26.887326440654704],[-49.064585037542564,-26.886936424334028],[-49.065600342174655,-26.886086761081756],[-49.06633759205225,-26.886021087730427],[-49.06740946731539,-26.88545159513076],[-49.067526053025034,-26.88495731947893],[-49.06768584666476,-26.885062361600866],[-49.06844836468984,-26.884706293109367],[-49.068208667313456,-26.88448437402754],[-49.06763120978748,-26.884411909411973],[-49.06789301416346,-26.883804264614888],[-49.068038259463634,-26.88407708506331],[-49.06826642054094,-26.883703922463354],[-49.06884352328066,-26.883841237351806],[-49.06909309301453,-26.883608789053252],[-49.06903060526804,-26.883033498119847],[-49.06820072071665,-26.883185850608097],[-49.06802212020899,-26.88216292092933],[-49.068341479929096,-26.881884536593194],[-49.067854864317624,-26.88199059610879],[-49.067797201481284,-26.880984633855277],[-49.06752102788644,-26.880315265577373],[-49.06686397163318,-26.879819729918218],[-49.065907934350776,-26.87799980644144],[-49.06532918182206,-26.87736139450253],[-49.065217869351024,-26.876607924798527],[-49.06546670892832,-26.875655662371848],[-49.065414380548674,-26.875413407301433],[-49.06520167559272,-26.87514336239231]],[[-49.067675069012765,-26.882162566000964],[-49.06761479651376,-26.882189619378405],[-49.06760559196996,-26.882141499883776],[-49.067675069012765,-26.882162566000964]],[[-49.067902583187895,-26.88289464305348],[-49.0677416542796,-26.882540262432318],[-49.067822065851765,-26.882447714939623],[-49.06790698724466,-26.882561782459277],[-49.067902583187895,-26.88289464305348]],[[-49.06885621035008,-26.88326687238608],[-49.06892433805597,-26.883227912606017],[-49.06885817061073,-26.883276627736283],[-49.06885621035008,-26.88326687238608]],[[-49.06676337378973,-26.885558653964864],[-49.066685640755715,-26.885542647858028],[-49.066769373502275,-26.885529676446797],[-49.06676337378973,-26.885558653964864]],[[-49.06578897292746,-26.885806730137215],[-49.065696491427836,-26.885815095661837],[-49.06568072382263,-26.885789340667113],[-49.06578897292746,-26.885806730137215]],[[-49.06464435673319,-26.886136205268418],[-49.064573627463474,-26.88615728806861],[-49.064558617887926,-26.886133415375447],[-49.06464435673319,-26.886136205268418]],[[-49.063753122340835,-26.885867630513946],[-49.06410023705069,-26.885728730899874],[-49.064394415302615,-26.885824001509736],[-49.064176980354304,-26.88605985552317],[-49.063753122340835,-26.885867630513946]],[[-49.06626687404921,-26.88317220671212],[-49.0660790757362,-26.883176283533317],[-49.06627664413788,-26.883136539434492],[-49.06626687404921,-26.88317220671212]],[[-49.06554684712083,-26.883307764353408],[-49.06550321682171,-26.88331392688823],[-49.06549209546665,-26.8832323280444],[-49.06554684712083,-26.883307764353408]],[[-49.065031576722355,-26.885113446476456],[-49.06497761868511,-26.885131429682446],[-49.064979843868606,-26.885097595637085],[-49.065031576722355,-26.885113446476456]]],[[[-49.180777252667504,-26.87660775521828],[-49.180338202318154,-26.876839180151357],[-49.18004339459667,-26.87675057956515],[-49.179310301288034,-26.87696925769806],[-49.17889648275849,-26.877203580883084],[-49.17883266464032,-26.877424998687378],[-49.18042910985434,-26.877279667927],[-49.1816602240191,-26.87735934683922],[-49.182410649547286,-26.877905395259077],[-49.18347822612198,-26.87940423016084],[-49.18419415095825,-26.879633335266533],[-49.18472509764537,-26.879495522955263],[-49.184328839915295,-26.87950249723125],[-49.18384353366422,-26.87922302328176],[-49.183894092922635,-26.878971984189324],[-49.18324460772506,-26.878180690492265],[-49.181952335714946,-26.876930631287586],[-49.181160959811244,-26.87660106339532],[-49.180777252667504,-26.87660775521828]]],[[[-49.06520167559272,-26.87514336239231],[-49.06502976578532,-26.874721918860168],[-49.06507248297221,-26.87445564063464],[-49.06500833279949,-26.874789579850336],[-49.06520167559272,-26.87514336239231]]],[[[-49.081443446828345,-26.875537059849677],[-49.081997463507186,-26.875392023318142],[-49.08275078940206,-26.874935788543166],[-49.08295375909354,-26.874502308376478],[-49.081443446828345,-26.875537059849677]]],[[[-49.06507248297221,-26.87445564063464],[-49.06517052256644,-26.874284671651402],[-49.06517283248466,-26.874206484718716],[-49.06513308903363,-26.874250748123462],[-49.06507248297221,-26.87445564063464]]],[[[-49.06496731778442,-26.874036770856897],[-49.06502896982039,-26.87404422425782],[-49.064955425913446,-26.87402590306185],[-49.06496731778442,-26.874036770856897]]],[[[-49.10283361837022,-26.874279690988253],[-49.103010669494765,-26.874256184851202],[-49.10282709438797,-26.874228188415525],[-49.10283361837022,-26.874279690988253]]],[[[-49.08296874467253,-26.873840998278233],[-49.08334605966871,-26.874082344763767],[-49.08318776496106,-26.87408200219587],[-49.083029390646786,-26.874406347776393],[-49.08354946123086,-26.874394485730384],[-49.083465096728695,-26.87425536795422],[-49.0836116227829,-26.87397330221482],[-49.08296874467253,-26.873840998278233]]],[[[-49.142523524310356,-26.874537302159467],[-49.14200428093428,-26.87476107921573],[-49.14210874299633,-26.87526461349377],[-49.14220690023149,-26.875083100089356],[-49.14247042309076,-26.875092776320074],[-49.142523524310356,-26.874537302159467]],[[-49.1422232953771,-26.874837769731396],[-49.14213680412209,-26.874872784748558],[-49.142207885036626,-26.87481182524695],[-49.1422232953771,-26.874837769731396]]],[[[-49.08256611640978,-26.873311843157413],[-49.08265874837213,-26.87335520476159],[-49.08256084505162,-26.873300760980882],[-49.08256611640978,-26.873311843157413]]],[[[-49.140053304140764,-26.874007393785558],[-49.14028022229572,-26.874045213942754],[-49.14031818538411,-26.87401863584605],[-49.140053304140764,-26.874007393785558]]],[[[-49.08604440268809,-26.872972500699742],[-49.086252058597864,-26.87290795202301],[-49.08635077628176,-26.87283297756805],[-49.085999549426404,-26.87282545416051],[-49.08604440268809,-26.872972500699742]]],[[[-49.088090793598745,-26.872085446617017],[-49.08747935631055,-26.872423578001907],[-49.08827920603331,-26.87225471675768],[-49.08826869058891,-26.871805436671004],[-49.08809546071528,-26.871815471984814],[-49.088090793598745,-26.872085446617017]]],[[[-49.102870128499056,-26.87149240792553],[-49.10305831085556,-26.87144875742423],[-49.10305028906812,-26.87132366143975],[-49.102832862532736,-26.871318355036877],[-49.102870128499056,-26.87149240792553]]],[[[-49.09641778959043,-26.871042689445762],[-49.09655551002321,-26.870995421923116],[-49.096464559580866,-26.870963967430402],[-49.09641778959043,-26.871042689445762]]],[[[-49.14464050869642,-26.871506778885934],[-49.14419521716377,-26.871688325868682],[-49.14403162403455,-26.872074242406505],[-49.14445653384735,-26.871986608877855],[-49.14430179411711,-26.87182668146835],[-49.14466170017786,-26.871630292347376],[-49.14464050869642,-26.871506778885934]]],[[[-49.14496644067224,-26.871471895767097],[-49.14509200175164,-26.871391375783308],[-49.14509476962386,-26.8713535195353],[-49.14494007911678,-26.87136921752226],[-49.14496644067224,-26.871471895767097]]],[[[-49.10646916323958,-26.87112212404114],[-49.105565697445655,-26.87133494440963],[-49.10520245782906,-26.8715830936893],[-49.10467258302897,-26.872192104534324],[-49.10464101786499,-26.87245169899467],[-49.105434418692646,-26.871632491410487],[-49.10653196689042,-26.871318265581422],[-49.10679356806183,-26.870927188646125],[-49.10645173818084,-26.870747122736436],[-49.106592675199494,-26.870889499901093],[-49.10646916323958,-26.87112212404114]]],[[[-49.14959768581898,-26.87067047132352],[-49.14931817624727,-26.870700693102616],[-49.14950142455029,-26.870702622023565],[-49.14951763122626,-26.87089176520112],[-49.14959768581898,-26.87067047132352]]],[[[-49.151914506124015,-26.870153320177568],[-49.15199031250025,-26.8701768102281],[-49.15187570741578,-26.87008841894609],[-49.151914506124015,-26.870153320177568]]],[[[-49.15214229951822,-26.869994521603015],[-49.1522728569947,-26.87001262713836],[-49.1521313067428,-26.86998087205522],[-49.15214229951822,-26.869994521603015]]],[[[-49.15036287679273,-26.869629482076448],[-49.149799668891774,-26.870461801157912],[-49.15006519825688,-26.870180339192224],[-49.15036933844526,-26.87015427552603],[-49.1505900322797,-26.869706418199954],[-49.15036287679273,-26.869629482076448]]],[[[-49.11611675087984,-26.868968570448843],[-49.11614353556805,-26.868856023183483],[-49.116063130730154,-26.86870719625366],[-49.11605282364158,-26.8687279376679],[-49.11611675087984,-26.868968570448843]]],[[[-49.15158060639927,-26.869207582844957],[-49.151665291175675,-26.869222617658732],[-49.15162624070014,-26.869167833567435],[-49.15158060639927,-26.869207582844957]]],[[[-49.15066850349385,-26.869673851145304],[-49.15074946042088,-26.869587978460466],[-49.15051951574172,-26.869413438652863],[-49.150467752781914,-26.869031775866965],[-49.15037523558402,-26.869407614881666],[-49.15066850349385,-26.869673851145304]]],[[[-49.11572969901753,-26.868957045508427],[-49.11562748931362,-26.86862671459057],[-49.11544001332932,-26.868471146014972],[-49.11544078988903,-26.868528205844797],[-49.11572969901753,-26.868957045508427]]],[[[-49.11605868805588,-26.86853962903046],[-49.11610212827226,-26.868572065049964],[-49.1160945465963,-26.868466682243017],[-49.11605868805588,-26.86853962903046]]],[[[-49.08027108499585,-26.867756732687898],[-49.0799796502425,-26.867802902581115],[-49.08016378822547,-26.86789923669703],[-49.07991925065169,-26.86796708742984],[-49.079988633317946,-26.868070115128056],[-49.08024789746634,-26.868104483155605],[-49.08030212347919,-26.867958182058544],[-49.08040289427808,-26.868210198611447],[-49.080642642895626,-26.868164344933724],[-49.08027108499585,-26.867756732687898]]],[[[-49.15090590821008,-26.868631370933684],[-49.151038805729854,-26.86862284772128],[-49.15088037704794,-26.86861354749035],[-49.15090590821008,-26.868631370933684]]],[[[-49.116215235588925,-26.868078225583158],[-49.11614723580142,-26.868097186842654],[-49.1162148204214,-26.868111615587765],[-49.116215235588925,-26.868078225583158]]],[[[-49.11494614194613,-26.868046301783217],[-49.11534667703709,-26.86835615037818],[-49.114873949872745,-26.867859998056264],[-49.11494614194613,-26.868046301783217]]],[[[-49.116137791550706,-26.867483799082024],[-49.11617161055484,-26.867479980866566],[-49.116158402081524,-26.8673728039767],[-49.116137791550706,-26.867483799082024]]],[[[-49.142517887455206,-26.867339674051607],[-49.142369262001004,-26.86736051929698],[-49.142563007073925,-26.867366522651075],[-49.142517887455206,-26.867339674051607]]],[[[-49.14431661014921,-26.867460116232557],[-49.14460544771954,-26.86762167888159],[-49.144555617691914,-26.86775072741593],[-49.14474605658299,-26.867740236010974],[-49.14472985597975,-26.867871871097034],[-49.14490641768399,-26.8678459676371],[-49.144936214419786,-26.867460735047494],[-49.144362255706255,-26.8673592517035],[-49.14431661014921,-26.867460116232557]]],[[[-49.08634022934076,-26.86642922701851],[-49.08642165313225,-26.86648061814428],[-49.08642631071294,-26.866477361185588],[-49.08634022934076,-26.86642922701851]]],[[[-49.142714925693575,-26.86743335146552],[-49.14292077038732,-26.86730343104595],[-49.142912563731315,-26.867180174394026],[-49.14274822635259,-26.867248143282392],[-49.142714925693575,-26.86743335146552]]],[[[-49.10972205879252,-26.86673919604637],[-49.1083960904463,-26.86685578635769],[-49.10856045132036,-26.867812396604897],[-49.10838431695498,-26.868763401123278],[-49.10778318379492,-26.869127510010067],[-49.10765650005575,-26.869992479535032],[-49.106898746882415,-26.870438601362622],[-49.1068091835014,-26.870729143970852],[-49.107770700286856,-26.870171933168145],[-49.10800448842796,-26.86916065031881],[-49.108900723046766,-26.869218496236343],[-49.108873712527064,-26.869111316083544],[-49.10858740905955,-26.86916882352431],[-49.10835079203713,-26.869027078529978],[-49.1086887654634,-26.86794239655004],[-49.10849772327631,-26.866931336348898],[-49.110057040666874,-26.866810337920523],[-49.1107621262584,-26.866926205826687],[-49.111242242286316,-26.8673706359256],[-49.11312004020844,-26.86734076103624],[-49.11345697155975,-26.867795514934155],[-49.11377699586588,-26.867926865509396],[-49.11434628370487,-26.867422416562455],[-49.11468179346423,-26.867503340405044],[-49.11436341162479,-26.867346302740636],[-49.113953339913394,-26.867719831382697],[-49.11359040098613,-26.86775934962418],[-49.113206723504476,-26.86728391265495],[-49.11126810474432,-26.86726319286562],[-49.11088265409592,-26.86688570801334],[-49.10972205879252,-26.86673919604637]]],[[[-49.086031973495686,-26.86630289465395],[-49.086159022453195,-26.866341894073123],[-49.086031333981175,-26.866279717830732],[-49.086031973495686,-26.86630289465395]]],[[[-49.0855837649862,-26.866200409103264],[-49.085855959606945,-26.866220214623883],[-49.085540482589245,-26.86607310319101],[-49.0855837649862,-26.866200409103264]]],[[[-49.08541766850509,-26.86600026775814],[-49.08550191858675,-26.866019421424152],[-49.0853970481029,-26.865975069293604],[-49.08541766850509,-26.86600026775814]]],[[[-49.089613833428125,-26.86566997407155],[-49.08968684334876,-26.865720810096764],[-49.0896638255631,-26.865634938663955],[-49.089613833428125,-26.86566997407155]]],[[[-49.143818823038956,-26.86634934583141],[-49.14387385838917,-26.866452895571513],[-49.14388358314668,-26.866443978990937],[-49.143818823038956,-26.86634934583141]]],[[[-49.10829314620857,-26.865853783207523],[-49.10859411432059,-26.866359193032654],[-49.108653830658945,-26.86643366578556],[-49.10859306612572,-26.86593088575443],[-49.10841285815635,-26.865768093080867],[-49.10829314620857,-26.865853783207523]]],[[[-49.14383150086066,-26.86570713447252],[-49.143698435171224,-26.86575714762575],[-49.14380106399737,-26.86580406230819],[-49.14383150086066,-26.86570713447252]]],[[[-49.142394018697075,-26.866204973902814],[-49.1425373242401,-26.866083089834902],[-49.142480800545165,-26.865854362479944],[-49.1420078829759,-26.865491696884348],[-49.141843475607345,-26.86552327924787],[-49.14175913080345,-26.86566568426555],[-49.141935486564506,-26.86594523012309],[-49.142394018697075,-26.866204973902814]]],[[[-49.08807119305603,-26.86504791701261],[-49.08826948611739,-26.864796608636386],[-49.0882407144582,-26.864622388596946],[-49.08799191974264,-26.864942721845008],[-49.08807119305603,-26.86504791701261]]],[[[-49.14055467070701,-26.864915660514864],[-49.14144755919096,-26.86539087525246],[-49.1416351749346,-26.865271227350323],[-49.142030179550375,-26.865384086749096],[-49.14181729761902,-26.86502489525047],[-49.14105940489874,-26.86505163164048],[-49.140325503669324,-26.864625443101144],[-49.14055467070701,-26.864915660514864]]],[[[-49.14819026575288,-26.86462164344169],[-49.148291953517344,-26.865074552324632],[-49.148348498633375,-26.86512874465364],[-49.14850320511682,-26.864737341564815],[-49.14819026575288,-26.86462164344169]]],[[[-49.14793101816463,-26.864601241781685],[-49.14802256437298,-26.86461723294319],[-49.14804045547215,-26.86459941223804],[-49.14793101816463,-26.864601241781685]]],[[[-49.14819249220324,-26.864541573710774],[-49.148269421698856,-26.86452074407739],[-49.14821192873511,-26.86448422102977],[-49.14819249220324,-26.864541573710774]]],[[[-49.0885794488369,-26.86452340864317],[-49.08876956551096,-26.864583714922386],[-49.08819068614951,-26.865021998114628],[-49.088386324849004,-26.865513487708796],[-49.08874111474374,-26.865585282754374],[-49.08838112519999,-26.86587003950928],[-49.08829188023251,-26.866143829316677],[-49.088457595699474,-26.86649585423105],[-49.08866940426811,-26.86654549204404],[-49.08859991520388,-26.866923245597924],[-49.08896284593388,-26.867128541787803],[-49.08910127064965,-26.866676554549407],[-49.08858402656924,-26.86605576453625],[-49.088934724383975,-26.86574620456957],[-49.088884652577484,-26.864975453372296],[-49.08925464203794,-26.864496284452493],[-49.08909947690025,-26.86439911428242],[-49.08867163447982,-26.8644729219484],[-49.088834438151274,-26.863438325376332],[-49.088533842821086,-26.864262168064034],[-49.0885794488369,-26.86452340864317]]],[[[-49.14765425204104,-26.864099721849048],[-49.1478932274221,-26.864501127148536],[-49.14806732745571,-26.864544365291273],[-49.14765425204104,-26.864099721849048]]],[[[-49.14316941999412,-26.8636639371817],[-49.14321757512063,-26.863655515182973],[-49.143191981638466,-26.863622394553644],[-49.14316941999412,-26.8636639371817]]],[[[-49.14301774295822,-26.863610019047293],[-49.143080976098844,-26.86363199145693],[-49.143023828542944,-26.86358827772481],[-49.14301774295822,-26.863610019047293]]],[[[-49.143622535251055,-26.865615459860052],[-49.14390407922521,-26.865495482494737],[-49.143687885157334,-26.865370904867056],[-49.14371012113924,-26.86522178494038],[-49.143245133146515,-26.865377151157958],[-49.14301931745191,-26.86504507394645],[-49.14313871301103,-26.864611367243274],[-49.143340142419966,-26.864594424642267],[-49.14351609247783,-26.863577502039963],[-49.14328978461108,-26.863767765128078],[-49.142901989145905,-26.86380696336602],[-49.14270797005586,-26.864115087874694],[-49.1429464987775,-26.864275441188877],[-49.142503102686796,-26.864653459723215],[-49.14270088299691,-26.864614728672716],[-49.142690927096346,-26.864869002568305],[-49.142366204696955,-26.864727064985296],[-49.14233990682322,-26.865053271622763],[-49.14254694608646,-26.865029593524277],[-49.14277218566116,-26.865480478350687],[-49.14234567261338,-26.865594930853693],[-49.14300744281078,-26.866341935432875],[-49.14291517171635,-26.866532830472433],[-49.143042607649214,-26.86644638792093],[-49.14324230474095,-26.866671475965777],[-49.14329193215471,-26.866243371079836],[-49.143508588358046,-26.86640581836656],[-49.143508525939545,-26.865938344930804],[-49.1438052715533,-26.866309890795645],[-49.143539404036716,-26.86580370921074],[-49.143622535251055,-26.865615459860052]],[[-49.14281276735516,-26.865728822329384],[-49.142663562791235,-26.865750915943295],[-49.14276256066639,-26.86567754806889],[-49.14281276735516,-26.865728822329384]],[[-49.14318871882823,-26.865552510358903],[-49.143185446979096,-26.865477048270836],[-49.14322207851482,-26.86548680033271],[-49.14318871882823,-26.865552510358903]],[[-49.142887335173086,-26.86531698318967],[-49.14291804523668,-26.86527708503916],[-49.14291818603773,-26.86532105914038],[-49.142887335173086,-26.86531698318967]],[[-49.143025388679014,-26.864307384944517],[-49.14307717718806,-26.864357029155112],[-49.14299613269595,-26.864333555639384],[-49.143025388679014,-26.864307384944517]],[[-49.14309982223273,-26.86422197361992],[-49.143016963549115,-26.86402277150731],[-49.1431254518634,-26.863973428038673],[-49.14309982223273,-26.86422197361992]],[[-49.143022098136214,-26.86385216428878],[-49.14309456731032,-26.863851527901453],[-49.14304283626818,-26.86389003776124],[-49.143022098136214,-26.86385216428878]]],[[[-49.14314885244438,-26.863470714075998],[-49.143061498958176,-26.86345227591227],[-49.143061060701775,-26.86349818127715],[-49.14314885244438,-26.863470714075998]]],[[[-49.14013026076377,-26.864519268337528],[-49.139473146287116,-26.863998730423425],[-49.138931495131196,-26.863349825182002],[-49.13942834424734,-26.86405976197018],[-49.14013026076377,-26.864519268337528]]],[[[-49.1431121245856,-26.863400436411972],[-49.143214754958606,-26.863409846701483],[-49.14317441665328,-26.863339409140153],[-49.1431121245856,-26.863400436411972]]],[[[-49.15394436500299,-26.863450771321613],[-49.15400355818443,-26.863449723265205],[-49.15398347758296,-26.86340372289635],[-49.15394436500299,-26.863450771321613]]],[[[-49.14370260302197,-26.86329444477933],[-49.14375780352997,-26.86320029114604],[-49.14368293499455,-26.863041220802675],[-49.14372956148505,-26.863192760035723],[-49.14370260302197,-26.86329444477933]]],[[[-49.14351106994099,-26.86265123029513],[-49.14358660644026,-26.862644422542107],[-49.14351764963875,-26.862620361473933],[-49.14351106994099,-26.86265123029513]]],[[[-49.143453820590985,-26.862531589048427],[-49.14353789493669,-26.862574803239205],[-49.14344479349877,-26.862472404386335],[-49.143453820590985,-26.862531589048427]]],[[[-49.156384985254874,-26.862682373751753],[-49.15750079450469,-26.86309612471902],[-49.157963306299585,-26.86289485512865],[-49.15742794150755,-26.862992749232887],[-49.15674153499473,-26.862643971312888],[-49.156384985254874,-26.862682373751753]]],[[[-49.15906309506901,-26.862614051600936],[-49.15892201528172,-26.862613084893017],[-49.15891486880754,-26.86261765669216],[-49.15898684184715,-26.86264652340407],[-49.15906309506901,-26.862614051600936]]],[[[-49.158870376454054,-26.862594733748274],[-49.15825491515901,-26.86266249737367],[-49.15804176542464,-26.862799144075538],[-49.158870376454054,-26.862594733748274]]],[[[-49.16037638813142,-26.86252701738543],[-49.16015136820108,-26.862527028525363],[-49.15934288473924,-26.86283156697194],[-49.16037638813142,-26.86252701738543]]],[[[-49.16062005029006,-26.86242756645187],[-49.160506061042724,-26.862416007716014],[-49.160427602289126,-26.862474810429898],[-49.16050771717753,-26.862446928605202],[-49.16062005029006,-26.86242756645187]]],[[[-49.160863309160824,-26.862377469586782],[-49.160704140815575,-26.862450824228468],[-49.16092957940922,-26.86238130553186],[-49.160863309160824,-26.862377469586782]]],[[[-49.09589402232346,-26.860722664926694],[-49.09589083458771,-26.860780526260843],[-49.095941727883,-26.860680124124297],[-49.09589402232346,-26.860722664926694]]],[[[-49.09401239985817,-26.861280699445917],[-49.091512616290515,-26.86128134321686],[-49.091378859917505,-26.86155288591027],[-49.09142565847489,-26.86220269713818],[-49.09162137767179,-26.86135362604971],[-49.09531643395961,-26.86137753306952],[-49.09545274096587,-26.86134536051689],[-49.09559209967189,-26.86117179158794],[-49.09581802169365,-26.861089980288696],[-49.095651936931176,-26.861055014563767],[-49.095367690579586,-26.861341072692046],[-49.09448858999288,-26.86128231705239],[-49.09430914435421,-26.86054794923833],[-49.09433245261029,-26.86112594525209],[-49.09401239985817,-26.861280699445917]]],[[[-49.08697573416884,-26.86041410849268],[-49.08665533722833,-26.86060395160656],[-49.086801264619375,-26.86080236756345],[-49.08654521692133,-26.861334784306116],[-49.08668341516043,-26.861530891664245],[-49.087028433386216,-26.861470211000505],[-49.08700741263177,-26.8611675148111],[-49.08718978278896,-26.860927447491335],[-49.08801747134119,-26.860812615435517],[-49.08750347143906,-26.860539428056022],[-49.087564543321555,-26.860424539035296],[-49.08697573416884,-26.86041410849268]]],[[[-49.07917574502814,-26.85960553033289],[-49.07940936237393,-26.859412345307362],[-49.0794218933289,-26.859370403667103],[-49.079352024512644,-26.859381437989764],[-49.07917574502814,-26.85960553033289]]],[[[-49.078680991081214,-26.85897880200735],[-49.07881108132846,-26.859006960600382],[-49.07870194917504,-26.858960518310464],[-49.078680991081214,-26.85897880200735]]],[[[-49.077669602091746,-26.85881744097106],[-49.07811270401375,-26.858885982403162],[-49.07807259632538,-26.85901364955176],[-49.07831998806901,-26.858874466146425],[-49.077669602091746,-26.85881744097106]]],[[[-49.08708115891488,-26.85947981262378],[-49.08743439949986,-26.859178936099134],[-49.087188401251524,-26.858967812262794],[-49.08688447625413,-26.85894118207676],[-49.08708115891488,-26.85947981262378]]],[[[-49.09076504782454,-26.856839817533647],[-49.090843200282585,-26.85687085859708],[-49.09079273285243,-26.856815509891653],[-49.09076504782454,-26.856839817533647]]],[[[-49.087415590661095,-26.8562208282279],[-49.08723054029004,-26.856328905817314],[-49.08743439136413,-26.856299154384804],[-49.087415590661095,-26.8562208282279]]],[[[-49.09249647501022,-26.85601294135634],[-49.09230567251139,-26.85612575307493],[-49.09250547247942,-26.856034063838926],[-49.09249647501022,-26.85601294135634]]],[[[-49.092848574421026,-26.855768837992045],[-49.09324010820656,-26.855683375381815],[-49.093308277840904,-26.85502316479963],[-49.09323039875301,-26.855573779249355],[-49.092848574421026,-26.855768837992045]]],[[[-49.15823709187424,-26.855355385095727],[-49.158216996068866,-26.85517546785144],[-49.1581495136539,-26.85507061928931],[-49.15819570104917,-26.85524401386744],[-49.15823709187424,-26.855355385095727]]],[[[-49.085443778941986,-26.852694690339913],[-49.085574371974076,-26.852737767421907],[-49.08552432523305,-26.852656216815898],[-49.085443778941986,-26.852694690339913]]],[[[-49.088088619053465,-26.851784628934038],[-49.088154894496064,-26.85183229618897],[-49.088171643738576,-26.851771599310023],[-49.088088619053465,-26.851784628934038]]],[[[-49.08692806836338,-26.85140917688575],[-49.08711081953235,-26.851390777762973],[-49.08729627396307,-26.85127886886646],[-49.087034736393655,-26.851165195996067],[-49.08692806836338,-26.85140917688575]]],[[[-49.07916386800437,-26.851105019790324],[-49.079351380411275,-26.851133150831497],[-49.07941816028918,-26.851068247687746],[-49.07933148521608,-26.85102588526212],[-49.07916386800437,-26.851105019790324]]],[[[-49.081905336716744,-26.849815392120153],[-49.08198161026533,-26.84983531765062],[-49.08188219392303,-26.849781742278886],[-49.081905336716744,-26.849815392120153]]],[[[-49.09025658031445,-26.84887621918817],[-49.090125755286856,-26.8489944811712],[-49.090433980798,-26.84889748636941],[-49.09025658031445,-26.84887621918817]]],[[[-49.089803867113375,-26.848927558490217],[-49.08999389665037,-26.849035152945653],[-49.09002788387388,-26.848890114690423],[-49.08994908118453,-26.848864929426625],[-49.089803867113375,-26.848927558490217]]],[[[-49.08981367072371,-26.84883012180535],[-49.08990096882001,-26.848852839675118],[-49.08981906069593,-26.848812670826426],[-49.08981367072371,-26.84883012180535]]],[[[-49.08977732600868,-26.848681858372426],[-49.08988361188096,-26.848701149567937],[-49.08980258414855,-26.848660235003663],[-49.08977732600868,-26.848681858372426]]],[[[-49.08743630478535,-26.847943553165383],[-49.08746821762975,-26.84792168367298],[-49.08741571762667,-26.84788802880423],[-49.08743630478535,-26.847943553165383]]],[[[-49.089224309821354,-26.84814310685765],[-49.088794544593945,-26.84806230653407],[-49.088450669500666,-26.8482542076268],[-49.08903790665417,-26.848277097102642],[-49.0889677345773,-26.848830691166373],[-49.089162492963304,-26.848938622890678],[-49.08954080868236,-26.848665508599133],[-49.08937615136359,-26.848358293105576],[-49.089557901591206,-26.84773056172506],[-49.089224309821354,-26.84814310685765]]],[[[-49.08030522849902,-26.847283187639412],[-49.08039067892441,-26.847308043096653],[-49.08028683849709,-26.847257230631605],[-49.08030522849902,-26.847283187639412]]],[[[-49.089587441227884,-26.84753717177982],[-49.08967910900296,-26.847429167592143],[-49.08952007265709,-26.847131157873708],[-49.08945712460588,-26.847284976844826],[-49.089587441227884,-26.84753717177982]]],[[[-49.09245721371713,-26.846575634241212],[-49.092503450378516,-26.846630746768785],[-49.092499054911386,-26.84659006562395],[-49.09245721371713,-26.846575634241212]]],[[[-49.08990415409561,-26.846624925230714],[-49.08973931350148,-26.846564570396637],[-49.0896917517244,-26.846765185751657],[-49.09004691419373,-26.846656863202945],[-49.09106939388036,-26.846738708717844],[-49.090276972869695,-26.846549878254994],[-49.09016729257675,-26.846330837317527],[-49.08990415409561,-26.846624925230714]]],[[[-49.07335153090565,-26.846127484846008],[-49.073454444138086,-26.846022686095935],[-49.07355821549759,-26.845860875672827],[-49.07350554541957,-26.84590830535949],[-49.07335153090565,-26.846127484846008]]],[[[-49.07435372864013,-26.84585267094485],[-49.07448585514808,-26.84584914484912],[-49.074277277465924,-26.845809880892148],[-49.07435372864013,-26.84585267094485]]],[[[-49.07471045991947,-26.845860377596747],[-49.074892322514074,-26.845851895034436],[-49.074941084386694,-26.845807801064772],[-49.07471045991947,-26.845860377596747]]],[[[-49.073560427157524,-26.845759822091313],[-49.073586839955084,-26.845804369024744],[-49.07363546858172,-26.845796218081617],[-49.073560427157524,-26.845759822091313]]],[[[-49.07339996914287,-26.84574733276933],[-49.073456301087354,-26.845728137018057],[-49.073394770390045,-26.84570875799775],[-49.07339996914287,-26.84574733276933]]],[[[-49.075115109656245,-26.84572212145432],[-49.075234564906204,-26.84574125266229],[-49.07524982448255,-26.845701471620437],[-49.075115109656245,-26.84572212145432]]],[[[-49.07589657483392,-26.846196095393722],[-49.07590438301408,-26.845851641235907],[-49.07562192736453,-26.845693229483853],[-49.07584269891356,-26.845891453694094],[-49.07589657483392,-26.846196095393722]]],[[[-49.0764553505138,-26.84573430385642],[-49.07660129701623,-26.845743554174785],[-49.07670248232941,-26.845807188200897],[-49.076631785662514,-26.845701405519325],[-49.0764553505138,-26.84573430385642]]],[[[-49.093896136339076,-26.846060447426126],[-49.092864146283404,-26.845989087604114],[-49.09220501618772,-26.8461491006133],[-49.091699314505846,-26.846819234566528],[-49.092295798292064,-26.846672751150315],[-49.092451572455424,-26.846341336784626],[-49.092621299766364,-26.846515956358694],[-49.092549465618916,-26.84663825613755],[-49.092434488031145,-26.846672752864563],[-49.09256800201123,-26.846961354389947],[-49.09267895207253,-26.846683927822884],[-49.09283942774889,-26.846799075816257],[-49.09300418566837,-26.846616020149053],[-49.092853132499265,-26.84648305420377],[-49.09279475836938,-26.846571285936292],[-49.09281467715179,-26.846453496828005],[-49.09312527991563,-26.846478391088596],[-49.09297031988148,-26.846312564913056],[-49.093015733730766,-26.84619198496533],[-49.093455995741834,-26.846762509540337],[-49.09345248012836,-26.84613589196388],[-49.09412129746912,-26.846066039669484],[-49.094491757325756,-26.845861589939556],[-49.093896136339076,-26.846060447426126]],[[-49.092818394125196,-26.84628192653659],[-49.0927410221997,-26.846242279910413],[-49.0928285129527,-26.846270401587013],[-49.092818394125196,-26.84628192653659]],[[-49.092744220137995,-26.846376905124128],[-49.09268069395595,-26.846386958953627],[-49.092674320826305,-26.846360671304318],[-49.092744220137995,-26.846376905124128]]],[[[-49.09487206520154,-26.845832856296497],[-49.09512423431854,-26.845862600141167],[-49.09478809850783,-26.845804366450253],[-49.09487206520154,-26.845832856296497]]],[[[-49.09605225646066,-26.84574581560559],[-49.09581572932425,-26.845780325668446],[-49.09609713552592,-26.845783349271766],[-49.09605225646066,-26.84574581560559]]],[[[-49.08469061136329,-26.84528173934849],[-49.084763944693556,-26.845299922884784],[-49.08470216693253,-26.8452653949569],[-49.08469061136329,-26.84528173934849]]],[[[-49.08387065364775,-26.844339379231837],[-49.08455538812224,-26.845030656108488],[-49.08543489422917,-26.845923928440225],[-49.08456769803143,-26.844764627211436],[-49.08387065364775,-26.844339379231837]]],[[[-49.083771608586304,-26.844223420723566],[-49.08370015544698,-26.844102588486145],[-49.083576880168614,-26.84403322548549],[-49.08368067323388,-26.844119544307585],[-49.083771608586304,-26.844223420723566]]],[[[-49.07625831023459,-26.845993290182285],[-49.07620027379558,-26.846192437847105],[-49.07637970887084,-26.846103907416637],[-49.076646820819036,-26.846230507966805],[-49.07803218375246,-26.847746426938503],[-49.078579713646185,-26.847965306504705],[-49.079262641765645,-26.84795421778954],[-49.079610778943824,-26.848499768675197],[-49.08010468642384,-26.84848649035433],[-49.080439583948845,-26.848661577553887],[-49.08068783307516,-26.849036096713693],[-49.08135276934157,-26.848766645657054],[-49.08136550875167,-26.848657727863287],[-49.08102263551213,-26.84874805471097],[-49.081304328712925,-26.84842266600945],[-49.08088004283191,-26.848096760874206],[-49.08103234114413,-26.84794058100708],[-49.080463580765624,-26.847358300906254],[-49.0805133277395,-26.847518868385546],[-49.08033683947705,-26.847703569440213],[-49.08083460230962,-26.847970691384848],[-49.08037857192315,-26.84814191570036],[-49.079964902954465,-26.84786472362736],[-49.08031899209436,-26.847782850216305],[-49.08032328896239,-26.847487153672546],[-49.07991527408195,-26.847505438727286],[-49.07949927777747,-26.847142789821433],[-49.07942109125389,-26.847355909815814],[-49.07961546237082,-26.84753710308432],[-49.079425850731006,-26.847639693040747],[-49.078794887156846,-26.847516095718813],[-49.07858904316994,-26.847820720185315],[-49.07776009730144,-26.847285003195417],[-49.077655495375495,-26.847079327924533],[-49.077862328830484,-26.846952627275492],[-49.07780882863856,-26.84676868464168],[-49.07718033316379,-26.84669297749861],[-49.07708428337443,-26.846350261531075],[-49.076235675869704,-26.84558459866082],[-49.075083762432136,-26.84246723144126],[-49.07625831023459,-26.845993290182285]],[[-49.07763649950326,-26.846925155718505],[-49.07738896359628,-26.846873071955745],[-49.07756640869833,-26.846761705930376],[-49.07763649950326,-26.846925155718505]],[[-49.079779669310525,-26.847848400082317],[-49.07973989808092,-26.847792604648834],[-49.079799248510575,-26.847827743281012],[-49.079779669310525,-26.847848400082317]],[[-49.07914098746458,-26.847620054339984],[-49.078802388462215,-26.84776844429503],[-49.079021405137425,-26.84758790859896],[-49.07914098746458,-26.847620054339984]],[[-49.079555403600054,-26.847719403030354],[-49.079697996316135,-26.847715608309905],[-49.07972226487492,-26.84775470325925],[-49.079555403600054,-26.847719403030354]],[[-49.0805125338245,-26.847632905954754],[-49.08068064890023,-26.847603827830454],[-49.08068825223509,-26.847687480969345],[-49.0805125338245,-26.847632905954754]],[[-49.079750732433745,-26.84840386227333],[-49.07970183957959,-26.84846380049144],[-49.07972717026512,-26.84833591035216],[-49.079750732433745,-26.84840386227333]]],[[[-49.09432121152657,-26.84167968289445],[-49.091806175563164,-26.841719820219286],[-49.09136455234215,-26.8419012485324],[-49.09187843399636,-26.841786095983835],[-49.094146096481815,-26.841758687828623],[-49.09428400431247,-26.84173293116885],[-49.09432121152657,-26.84167968289445]]],[[[-49.09431775789522,-26.841568271170008],[-49.09436202865314,-26.841564855802403],[-49.094339328590145,-26.84151214707321],[-49.09431775789522,-26.841568271170008]]],[[[-49.091288301974764,-26.83831347602211],[-49.091166729808656,-26.838186370181884],[-49.09101346571734,-26.838356144171488],[-49.09119161439658,-26.838551397889013],[-49.09147227654559,-26.838590339630343],[-49.09145618316602,-26.838100447307664],[-49.091288301974764,-26.83831347602211]]],[[[-49.091106600900694,-26.838018456395577],[-49.09107914180776,-26.83804896380566],[-49.09113557051723,-26.838079363716005],[-49.091106600900694,-26.838018456395577]]],[[[-49.09057327019066,-26.838317449964904],[-49.090602363537386,-26.838501200509643],[-49.090854136545374,-26.83838683599258],[-49.09092389406188,-26.838074580358718],[-49.090691837606556,-26.83802414501205],[-49.0907642823261,-26.838201813789478],[-49.09057327019066,-26.838317449964904]]],[[[-49.090733882683196,-26.83785093733359],[-49.090794962756135,-26.837829555620516],[-49.0907884590592,-26.837693159800196],[-49.090733882683196,-26.83785093733359]]],[[[-49.090878885425006,-26.83751141187614],[-49.09093841279755,-26.837516189419826],[-49.090930569688894,-26.837491933460587],[-49.090878885425006,-26.83751141187614]]],[[[-49.08921972240518,-26.835427926397905],[-49.08918111708491,-26.835300988911595],[-49.08916692483525,-26.835289769844515],[-49.08913364687514,-26.83536594149401],[-49.08921972240518,-26.835427926397905]]],[[[-49.088017176551716,-26.831250791372675],[-49.088086522691945,-26.83129469978589],[-49.08808630106953,-26.831252116577826],[-49.088017176551716,-26.831250791372675]]],[[[-49.09225395210953,-26.82995364834628],[-49.092318783716486,-26.82995668585648],[-49.09229751010275,-26.829918474231544],[-49.09225395210953,-26.82995364834628]]],[[[-49.09242749515462,-26.829635943077115],[-49.092419467763364,-26.829720339979065],[-49.09245705421188,-26.829611569365966],[-49.09242749515462,-26.829635943077115]]],[[[-49.09183890894063,-26.829281009863745],[-49.09197912829291,-26.82929699012888],[-49.09182040043471,-26.82926889668606],[-49.09183890894063,-26.829281009863745]]],[[[-49.088499484270905,-26.82660150356806],[-49.08854786165695,-26.826551982570894],[-49.088516982386,-26.82652736492839],[-49.088499484270905,-26.82660150356806]]],[[[-49.06877251507996,-26.91772502522671],[-49.0690204517271,-26.917987946423747],[-49.069256338882425,-26.917864795950237],[-49.06894319149562,-26.917553819611356],[-49.06877251507996,-26.91772502522671]],[[-49.068940749960966,-26.917795327033776],[-49.068899902237206,-26.917714224061235],[-49.06895216054794,-26.917705141224356],[-49.068940749960966,-26.917795327033776]]],[[[-49.01295776188396,-26.902359413176626],[-49.012801019124886,-26.902207630660858],[-49.01308864176446,-26.902531774951168],[-49.01315916567222,-26.90254584959231],[-49.01286956782982,-26.902170367109882],[-49.01295776188396,-26.902359413176626]],[[-49.012963737905935,-26.90236129880256],[-49.0129736442523,-26.902370463719958],[-49.01296396807214,-26.902369984821366],[-49.012963737905935,-26.90236129880256]],[[-49.0129736442523,-26.902370463719958],[-49.0129827982799,-26.902378932623158],[-49.01297434806472,-26.902378921171778],[-49.0129736442523,-26.902370463719958]]],[[[-49.01291176924878,-26.90186624679511],[-49.01322675474896,-26.90197349505959],[-49.01380458829611,-26.901704401093404],[-49.012878356716286,-26.90170851848919],[-49.01291176924878,-26.90186624679511]],[[-49.012912041608686,-26.901864169134406],[-49.01292226389441,-26.901855287515936],[-49.01292172974385,-26.901863962777792],[-49.012912041608686,-26.901864169134406]],[[-49.01292226389441,-26.901855287515936],[-49.01293170986506,-26.90184708039574],[-49.0129316970918,-26.901854656507677],[-49.01292226389441,-26.901855287515936]]],[[[-49.02185596161457,-26.8953907367197],[-49.020353818521656,-26.89571930892191],[-49.019670308570895,-26.895668907058052],[-49.019074620308956,-26.896125855942653],[-49.01926523074521,-26.896220069360886],[-49.019452382422,-26.896099265093593],[-49.01971526971535,-26.895774107492137],[-49.0204077813124,-26.895846530848914],[-49.02171241761101,-26.895519256513975],[-49.02175459971002,-26.89587720985284],[-49.022287106852396,-26.896071212630584],[-49.02244856874491,-26.89632508738992],[-49.02263308315192,-26.896303908120014],[-49.02271388136636,-26.896527653978602],[-49.02324276092338,-26.896511493731175],[-49.023446022204496,-26.89629971267409],[-49.02306378876571,-26.89616648906803],[-49.02288377440587,-26.896342135459353],[-49.022639718413124,-26.896278488756344],[-49.02239857492302,-26.89581482218906],[-49.02208015829568,-26.895764926633223],[-49.02185596161457,-26.8953907367197]],[[-49.01997443039907,-26.8957274918827],[-49.01996586875415,-26.89573493194274],[-49.01996600059046,-26.895727373676984],[-49.01997443039907,-26.8957274918827]],[[-49.0194662456722,-26.89605357658932],[-49.019457091610086,-26.896045108101028],[-49.01946554138064,-26.896045119138382],[-49.0194662456722,-26.89605357658932]]],[[[-49.116860076529285,-26.88306143293327],[-49.116915796004186,-26.883077768542208],[-49.11698451464593,-26.88299945599493],[-49.11689685697671,-26.882948564502684],[-49.11682016747504,-26.88296842894517],[-49.116801414771196,-26.88300005825683],[-49.116860076529285,-26.88306143293327]],[[-49.11691505717613,-26.883032180245923],[-49.11688799202007,-26.882968910594222],[-49.1169314431517,-26.882998231464676],[-49.11691505717613,-26.883032180245923]]],[[[-49.08842774450171,-26.858277926230105],[-49.08877521158707,-26.85848223765763],[-49.08892867953553,-26.85838535736056],[-49.08887168097677,-26.858247311956163],[-49.08919759411581,-26.857950789465544],[-49.08908768542878,-26.857883450973752],[-49.08946967578469,-26.857479186493855],[-49.08966215311138,-26.857511588327274],[-49.08986891434008,-26.857918086771395],[-49.090264781433056,-26.857731990214326],[-49.090416917341926,-26.857356955185207],[-49.09031135540722,-26.85704787464217],[-49.090819000969724,-26.85663376853722],[-49.09064032342582,-26.856599364125444],[-49.090914142441676,-26.856585916128502],[-49.09108140994439,-26.856884851279613],[-49.09109898346705,-26.85662226933854],[-49.091330626546096,-26.85668535908888],[-49.09172498446435,-26.856217460728107],[-49.09193858806174,-26.85629478640096],[-49.09214362923409,-26.855930379354028],[-49.09261135920659,-26.855890936276893],[-49.09192952600419,-26.855842756017715],[-49.09119466865062,-26.85601610245222],[-49.09102414779751,-26.856121158066777],[-49.091005367935956,-26.85646513612239],[-49.089552480890504,-26.856462503141817],[-49.08920468727224,-26.856314213041525],[-49.08904208246063,-26.855801201881707],[-49.08870271790083,-26.855382752570627],[-49.08865489474476,-26.854924531335296],[-49.08801115588049,-26.854710743742412],[-49.08813872307345,-26.85442467259208],[-49.08788844609096,-26.85423991256262],[-49.08760519517184,-26.854542632267776],[-49.087372961986546,-26.85451740240246],[-49.08786513417804,-26.85491352416865],[-49.08857747293943,-26.854947103891437],[-49.0889479236509,-26.857022862128304],[-49.08792007457256,-26.85733281916444],[-49.08762261039972,-26.856716258549337],[-49.08714767356447,-26.856733549598605],[-49.08758459411709,-26.85665543417687],[-49.08747725573106,-26.856522264814867],[-49.086352624170615,-26.856690654173445],[-49.08612156710593,-26.856933650647463],[-49.086148331604115,-26.858707974634225],[-49.086550010403805,-26.85878424578811],[-49.08756167488802,-26.858574919989604],[-49.08773572075269,-26.85906452071409],[-49.08786627860548,-26.859090809334596],[-49.08817181590026,-26.858944835084085],[-49.088193650592345,-26.858324472698552],[-49.08834305027652,-26.858314462047943],[-49.08831588120847,-26.85849334902966],[-49.08842774450171,-26.858277926230105]],[[-49.08785121697811,-26.859015801418],[-49.08778354518387,-26.859019750342238],[-49.08784992687471,-26.859004404784333],[-49.08785121697811,-26.859015801418]],[[-49.08871902719894,-26.858042414418467],[-49.08880948393743,-26.85805235195484],[-49.088767343851416,-26.858131362319362],[-49.08871902719894,-26.858042414418467]],[[-49.08940747282627,-26.8566621633909],[-49.08962394934628,-26.856731106637902],[-49.08974382232917,-26.85705735105955],[-49.089427795692934,-26.857334588171856],[-49.08930962938158,-26.857141511843018],[-49.08940747282627,-26.8566621633909]],[[-49.091317138671435,-26.856206242925563],[-49.09137267342809,-26.85607835153179],[-49.09147984563461,-26.85606854807337],[-49.091317138671435,-26.856206242925563]],[[-49.08865449823056,-26.858363472094254],[-49.08871889761005,-26.85826764346896],[-49.08879574170159,-26.85832097602928],[-49.08877297392961,-26.85835702569536],[-49.08865449823056,-26.858363472094254]]],[[[-49.017231857580924,-26.895906877608752],[-49.017047939284495,-26.895203325660972],[-49.01733107091152,-26.89532603600481],[-49.01737106078648,-26.895192800161684],[-49.01833107918868,-26.89561802982116],[-49.0184479898572,-26.89605867594056],[-49.018751210786554,-26.896260150197115],[-49.019008369906835,-26.896326616233917],[-49.019039986978036,-26.89621393947344],[-49.018797965323984,-26.895363675048596],[-49.0185215383676,-26.895123676249494],[-49.01735851014301,-26.894988017599353],[-49.01711528222085,-26.89480582312373],[-49.01673213057072,-26.895341268347824],[-49.01669760461147,-26.89545144985727],[-49.01690451936185,-26.895691841007963],[-49.01672267420052,-26.89593687642023],[-49.01693651605493,-26.89618565941876],[-49.01690278326001,-26.89717383697465],[-49.016322283303175,-26.89651782843032],[-49.01624617142363,-26.896910008309],[-49.01698919848379,-26.89867701306929],[-49.01710215120095,-26.899489564345398],[-49.01597323883744,-26.90039024540838],[-49.01568115710546,-26.900256129390797],[-49.015025442392684,-26.900425343598265],[-49.01443470016735,-26.900359674226156],[-49.01372722040104,-26.90063894101991],[-49.01401641616797,-26.901216225455673],[-49.014136915178035,-26.90110742741456],[-49.01409503317317,-26.900666936250758],[-49.01428864842803,-26.900545750577386],[-49.015283244439225,-26.900573900638964],[-49.015925937141084,-26.90084443181229],[-49.01599305933665,-26.90113171278633],[-49.01558714010814,-26.901592796848732],[-49.01529196647489,-26.902349992196427],[-49.015253892408566,-26.903073591839306],[-49.01549209063695,-26.904252117811158],[-49.0159774738635,-26.904452053946756],[-49.01666115472061,-26.905476089948245],[-49.01775526175659,-26.906339816248867],[-49.018368693296516,-26.906660878066866],[-49.01853306969173,-26.906574407037805],[-49.01863753578543,-26.906786452209484],[-49.01881694604158,-26.90671976816343],[-49.019219657110156,-26.90716266028391],[-49.02127904311047,-26.907959560598766],[-49.02245501190539,-26.908190413462773],[-49.02313708293621,-26.908634080452106],[-49.0245909925707,-26.909148816555774],[-49.026609439052336,-26.909099516586362],[-49.02796890387435,-26.908845976746044],[-49.028144225203,-26.90896479549648],[-49.02826172987088,-26.908812290239155],[-49.02917173559235,-26.90873328122605],[-49.0304431196723,-26.90800189088297],[-49.031832875592066,-26.90645496479131],[-49.03222778258812,-26.906538123601937],[-49.03215665889434,-26.906134081852194],[-49.034062510076204,-26.903962978424186],[-49.03407535185907,-26.90378009505073],[-49.036508939867915,-26.900687302400485],[-49.03946982720242,-26.89784793460406],[-49.039766677995566,-26.89777719600838],[-49.03997082147419,-26.89742554497491],[-49.041144432587814,-26.896539472481184],[-49.04234822634794,-26.89623966203577],[-49.043251735508576,-26.896585652875835],[-49.04384896772291,-26.897302029938288],[-49.04416893535673,-26.898161552826764],[-49.044338426210814,-26.89957343929253],[-49.04433326050713,-26.901717482105205],[-49.04384768657609,-26.90426434928869],[-49.04311333907844,-26.905402034709745],[-49.04307736961616,-26.9058535111441],[-49.042257507589305,-26.90733288527365],[-49.04237395394838,-26.908098964918107],[-49.04266735571031,-26.90862829303758],[-49.04369695258676,-26.909290978707165],[-49.043992364714065,-26.909756495767855],[-49.044198504019775,-26.90968363439193],[-49.044921858735194,-26.909926576521162],[-49.04715882182908,-26.91085733722505],[-49.04739930518898,-26.911081794910178],[-49.0479426224213,-26.91106719334122],[-49.04927718110471,-26.911497839050746],[-49.04998985506862,-26.911540643774025],[-49.04977260434256,-26.912127481261724],[-49.05011412495389,-26.912487774237107],[-49.04950481660404,-26.913194868341595],[-49.04945448143438,-26.913920957587585],[-49.04957389353911,-26.9132484319401],[-49.05011963118684,-26.912869263764783],[-49.05026160478576,-26.91254984657768],[-49.05005746404287,-26.912071779414624],[-49.05049772420734,-26.911740242547143],[-49.05212704296059,-26.9121100151456],[-49.05589110024559,-26.91253490008001],[-49.05698413518478,-26.913180259341207],[-49.058008006667364,-26.9143938860536],[-49.05851228717624,-26.915265241538656],[-49.058676890340045,-26.91636381707725],[-49.058744765742084,-26.918172072448524],[-49.05847778190012,-26.920543408261487],[-49.05875947427485,-26.921324108511048],[-49.05937426981003,-26.921778076551917],[-49.05950171674568,-26.92231282053012],[-49.058834837707025,-26.922932495917625],[-49.057117805679574,-26.92295124217525],[-49.05673891468173,-26.92307258167061],[-49.056095864528935,-26.923860264945137],[-49.05662081434371,-26.92452743773206],[-49.05765385382002,-26.925007825116122],[-49.05802300402251,-26.92504250399249],[-49.05855378528626,-26.92463396022749],[-49.058774647628155,-26.924753763394925],[-49.05879241065022,-26.924982155712684],[-49.058159231196825,-26.925784125626677],[-49.05776389744209,-26.925967405612045],[-49.057609407822135,-26.92628315239322],[-49.057194337325015,-26.92631129263395],[-49.05716389782397,-26.926543789237012],[-49.05785888063362,-26.926472678215728],[-49.05823080361342,-26.926799622008044],[-49.05837945429062,-26.92716121885008],[-49.0588687254761,-26.92698223978098],[-49.05934669613536,-26.927197838484254],[-49.060104937249974,-26.929309970669514],[-49.060847354055724,-26.929942592877396],[-49.06095306657079,-26.930261761010907],[-49.061236051471596,-26.930308533987677],[-49.061477348142034,-26.930767995145935],[-49.06224133011106,-26.931452079864492],[-49.06216706572582,-26.931714956600825],[-49.0618857142196,-26.93176623671015],[-49.06159218011042,-26.932053463150975],[-49.061756265221945,-26.933149565364527],[-49.060051997147575,-26.933256761887172],[-49.05994738448299,-26.933457674351704],[-49.06015328550451,-26.933695561210573],[-49.06112106790543,-26.93369160793045],[-49.06119813190028,-26.934018204748465],[-49.06145765232268,-26.93408013603401],[-49.06173037022091,-26.934757523135172],[-49.06204290454748,-26.935068539060126],[-49.062665725378054,-26.93505189232717],[-49.063169103084846,-26.935209260643067],[-49.06357519291951,-26.935037033967646],[-49.064596092281846,-26.935648999262785],[-49.06660920657424,-26.936325980540026],[-49.066585520071335,-26.936628844285405],[-49.06689761020005,-26.936614630231894],[-49.06723076892745,-26.936878411424676],[-49.066940705824685,-26.937371801485103],[-49.06709241753785,-26.937271529774737],[-49.06736205806264,-26.937488285563287],[-49.06736782114598,-26.937052842298687],[-49.06764926686944,-26.937164145557027],[-49.0679152928173,-26.93741518459605],[-49.067798678727364,-26.937626665535607],[-49.06789124320525,-26.937839812935312],[-49.068136791287614,-26.937940052684645],[-49.06812518291578,-26.937649036825746],[-49.068329423510484,-26.937817028287157],[-49.06911268259844,-26.939109941039405],[-49.069844910165045,-26.939772212997607],[-49.0714708794478,-26.93964840458568],[-49.0716121244549,-26.939685159140318],[-49.07161282185735,-26.939936626413147],[-49.07205718320875,-26.93987019098215],[-49.07210299473104,-26.939641306837117],[-49.07284073955397,-26.939657328575322],[-49.07481804714761,-26.9404252232486],[-49.075140047859776,-26.9409031444658],[-49.07543110682261,-26.941829039075547],[-49.07507890530443,-26.94227238311537],[-49.07552044956638,-26.9421698121176],[-49.07661820038195,-26.94337787792714],[-49.07700136555234,-26.94399561443103],[-49.07712326263498,-26.945149686070653],[-49.07677459672518,-26.94656024080074],[-49.07548381831168,-26.948034758762812],[-49.07512685003336,-26.94899715997826],[-49.074173089016654,-26.94957295350735],[-49.07420261500423,-26.949708856561525],[-49.07530754057144,-26.94900789653248],[-49.075634436724194,-26.948128159765172],[-49.07705480266737,-26.946452638875584],[-49.07730950639803,-26.945513955115505],[-49.07716095927354,-26.943826450510908],[-49.07570160518416,-26.94191509291121],[-49.075630522157795,-26.941227093124404],[-49.07534364859995,-26.940538007207106],[-49.07426938265933,-26.939890181575038],[-49.07305087062163,-26.9393847598812],[-49.07062621877608,-26.939265974909926],[-49.070236793501536,-26.939461923890633],[-49.069760106498485,-26.93927057295745],[-49.069229286871376,-26.938090512622452],[-49.06933579106964,-26.937984762735336],[-49.06899899003792,-26.93791144937866],[-49.068063308364955,-26.93689118868788],[-49.06830862500889,-26.93674111565932],[-49.06875047359366,-26.936762937531384],[-49.06883768016188,-26.936466930554296],[-49.06826083918957,-26.936529426283375],[-49.06764031840945,-26.936277541415134],[-49.06739568514938,-26.936381037091216],[-49.06605228225256,-26.935369913045566],[-49.06502295915901,-26.93506327366091],[-49.06390202562842,-26.934358859614264],[-49.06339022996896,-26.933639223980627],[-49.06263366101529,-26.933012514139616],[-49.0631166237765,-26.932055380787936],[-49.0629818818652,-26.931505777086716],[-49.06227414184886,-26.9306984439767],[-49.061968912248766,-26.930065560045737],[-49.06126717891185,-26.929473111638348],[-49.061249726380154,-26.929169539894534],[-49.061812387468,-26.928919032234067],[-49.06210253010024,-26.92903313588627],[-49.06172878746336,-26.92806652660385],[-49.0612584276912,-26.92769523609902],[-49.06043033492868,-26.927875744237383],[-49.06033742324015,-26.927483150183456],[-49.06006556843707,-26.92738658375529],[-49.05987063745063,-26.926746983956907],[-49.0602038163411,-26.92567671110031],[-49.059780896027924,-26.925293318967206],[-49.0595087819515,-26.925235581994254],[-49.05932048413307,-26.924500983917298],[-49.05828565595511,-26.92379669872909],[-49.057628029588976,-26.92385824492775],[-49.05733763708722,-26.923735314572816],[-49.059462541144185,-26.923179776276875],[-49.05982863129498,-26.922817094370842],[-49.059887154583166,-26.922099656219658],[-49.060057005643664,-26.92186296203756],[-49.061396904921345,-26.921616773765184],[-49.06302007482995,-26.920862196712303],[-49.06562036109372,-26.918746800770798],[-49.066594017219366,-26.91774940357891],[-49.06755583999901,-26.916401948624816],[-49.06873005562509,-26.91331687881298],[-49.069608935862334,-26.912895692595196],[-49.07047584041189,-26.914010983242456],[-49.07107527428816,-26.914389519456787],[-49.071797520415934,-26.91396305363888],[-49.07268149805739,-26.91461104426111],[-49.073041812625895,-26.914601223403224],[-49.07308592759417,-26.91439650079744],[-49.07335325126705,-26.91461296902075],[-49.073441874782354,-26.914312063481088],[-49.07442863730793,-26.913970764169434],[-49.07462316805091,-26.9136479680636],[-49.07501015136083,-26.913448928101108],[-49.07484147868096,-26.91319392647038],[-49.07500913214474,-26.91276766001696],[-49.07542778799298,-26.912746973358363],[-49.07531541270251,-26.912287089167528],[-49.075950855336934,-26.91229818803651],[-49.076125617036624,-26.912542263383205],[-49.07620655351753,-26.912308139484782],[-49.077305693087204,-26.911947795029935],[-49.077361034980974,-26.91175610239902],[-49.07718906314699,-26.911507149482812],[-49.07635772918608,-26.91100712199925],[-49.076260814073265,-26.910775025601808],[-49.078153980210416,-26.909920310788493],[-49.08163215707596,-26.910648509725135],[-49.08199898108053,-26.911743348827393],[-49.082982997410795,-26.913252185239436],[-49.08330413311846,-26.913416524396983],[-49.08349369787609,-26.913401324943166],[-49.08383668990116,-26.913015400409794],[-49.08427429216833,-26.912193244633652],[-49.08521810022616,-26.911744341271234],[-49.08696751125072,-26.91250061434267],[-49.08770594060801,-26.912532719083096],[-49.08860819168363,-26.912352174331527],[-49.089595299210345,-26.912481794905602],[-49.0900455029612,-26.91318193184386],[-49.0907803837165,-26.913787601481836],[-49.09124953965055,-26.91394597396238],[-49.091716032627204,-26.913864691492165],[-49.09224352945691,-26.913979848323716],[-49.09219472227579,-26.914755137274792],[-49.09252029578883,-26.915011638767695],[-49.09277726512897,-26.91567982274109],[-49.094064756291374,-26.91662042281221],[-49.0946557098336,-26.917575211731354],[-49.09437525538383,-26.918553536225016],[-49.09456143293752,-26.919300777692822],[-49.09486478166784,-26.919413206248066],[-49.09536082735983,-26.91925236055163],[-49.09465691726985,-26.919214346274696],[-49.094528240626595,-26.91858221160307],[-49.09480092195794,-26.917653269396606],[-49.09414431534187,-26.916354968094975],[-49.09445195533344,-26.915875336456665],[-49.09398784443832,-26.91617481850445],[-49.093408636499014,-26.915625727165295],[-49.0931192240691,-26.915559371546063],[-49.09301214605931,-26.91515771295629],[-49.09237261828802,-26.914636235884316],[-49.09246574906823,-26.91403045317795],[-49.092347312961195,-26.913856365350203],[-49.09078696180532,-26.9135773268464],[-49.08962795135576,-26.912252500744625],[-49.08895389960746,-26.912129902796188],[-49.086967060616736,-26.912292236445406],[-49.08639486407443,-26.912124946150513],[-49.085895964153465,-26.911839336849667],[-49.08586157167995,-26.911676739261267],[-49.08539463798879,-26.91150196963737],[-49.08415731167627,-26.912020999436656],[-49.08382537482998,-26.9123741667895],[-49.083535849482715,-26.91304222090127],[-49.0832911237841,-26.913107867525365],[-49.082203597298054,-26.911546384122826],[-49.081933592455805,-26.91055561141656],[-49.081202066932754,-26.91009726909706],[-49.079881733070756,-26.90980939545867],[-49.07965679074972,-26.909197540060465],[-49.07912560448286,-26.908765814023695],[-49.07922754992351,-26.908697411734373],[-49.07849677595959,-26.908404834870964],[-49.07872964331617,-26.908243635835856],[-49.078424091159576,-26.908262607941108],[-49.0782003169649,-26.908651336489967],[-49.077485399769266,-26.909034550056134],[-49.0775207753474,-26.909299626673555],[-49.077986278656674,-26.909674793161216],[-49.07741731395735,-26.909710255112792],[-49.077148285862656,-26.90996022389157],[-49.07697181970395,-26.909812178708236],[-49.076696973332716,-26.91003026929819],[-49.0763080249726,-26.90990238763052],[-49.07607849480954,-26.910457147566632],[-49.07535405325477,-26.910702631325282],[-49.07570569992354,-26.91093833536305],[-49.075588755304985,-26.911165495002184],[-49.07633838109943,-26.91137961940003],[-49.07650296829347,-26.91159487562107],[-49.07593554145925,-26.911896079883675],[-49.075019047695186,-26.91192016005728],[-49.0747650568074,-26.912127459862987],[-49.0745333123943,-26.912825552335942],[-49.0742726616901,-26.912892183362214],[-49.07438048845681,-26.913078982498792],[-49.074281013660205,-26.91321335435539],[-49.07353925570426,-26.913601040654473],[-49.07317193470664,-26.913587275425897],[-49.07290164247361,-26.91337638373989],[-49.072931647955606,-26.913212469039443],[-49.072567246671376,-26.913139459740094],[-49.07226932701374,-26.912802242149166],[-49.0718111682176,-26.91319408976311],[-49.07206591244532,-26.91361232131052],[-49.07161146302546,-26.91352732812965],[-49.07128167765289,-26.91383358055425],[-49.07092896911394,-26.913881901724316],[-49.0698212872901,-26.912592800206216],[-49.06950412382431,-26.91252985646931],[-49.06888868539813,-26.91283951586176],[-49.06904376610005,-26.91095047730711],[-49.069453992488135,-26.91005494050089],[-49.06973029838658,-26.90826685631839],[-49.06977911005486,-26.90736650414054],[-49.069475871026526,-26.906042346761055],[-49.06905322398752,-26.905558028591617],[-49.06880025168203,-26.90493441454014],[-49.06849814989328,-26.904901576398785],[-49.06851958128289,-26.90452687452531],[-49.06809783366208,-26.904335080300463],[-49.065687030089016,-26.901933825498425],[-49.06584738495614,-26.901356906291884],[-49.06559873515359,-26.901674732050125],[-49.06532618127664,-26.90160760668932],[-49.06246868496799,-26.899077834333863],[-49.06165893029244,-26.89820849721451],[-49.06149393022864,-26.8977768871864],[-49.060349401724075,-26.897044226696107],[-49.05999180477381,-26.89621532476491],[-49.06033985421736,-26.895451386136035],[-49.06148894171058,-26.895284360478456],[-49.062652117557654,-26.895540523371153],[-49.063956144793806,-26.895926461445928],[-49.06655501750254,-26.897008469204913],[-49.068017553733505,-26.897417243857262],[-49.06865554530867,-26.897751784010815],[-49.06976848573097,-26.898005931948],[-49.071559729141065,-26.898835796029662],[-49.073168064631105,-26.8991339955407],[-49.0749865010952,-26.899083465155304],[-49.07535407009983,-26.89875261328747],[-49.075944448632775,-26.898524896693534],[-49.07647005263904,-26.897950898078104],[-49.07672219884263,-26.897860044382135],[-49.07680647864323,-26.898023959941238],[-49.07735053323439,-26.897894350697086],[-49.077514960241444,-26.897704214778436],[-49.07736390631546,-26.89729860053922],[-49.07764880475144,-26.89718873078383],[-49.078051300357934,-26.896416029776677],[-49.0790941592819,-26.895547146891648],[-49.07977291392648,-26.894598073644964],[-49.08157141794892,-26.892676930130587],[-49.08192966374127,-26.891981512212098],[-49.08256299160359,-26.891576872441895],[-49.082693903467664,-26.89122759273293],[-49.08340268510542,-26.890718785773863],[-49.083452885241044,-26.89048379328101],[-49.083934569568726,-26.89016858821749],[-49.08473346785851,-26.889111035987835],[-49.08512876503615,-26.889200272408004],[-49.08476986720345,-26.8888244355058],[-49.085331716822246,-26.88793158474905],[-49.08584569623132,-26.887478652632897],[-49.08573153507045,-26.887265196357607],[-49.08627807829698,-26.886464988073634],[-49.086363920497575,-26.8859988110883],[-49.086585082488995,-26.885634311555332],[-49.086834938378004,-26.885582335076375],[-49.08796921665973,-26.88334051215971],[-49.0886422323946,-26.882587653909304],[-49.08850749765043,-26.882384360449485],[-49.08855829529204,-26.882035518377347],[-49.089465972052714,-26.880257377908666],[-49.08974303804616,-26.878955931020975],[-49.09070621936585,-26.878291317767385],[-49.09211660918788,-26.87788307704615],[-49.092496043443624,-26.877993740457015],[-49.092541685951886,-26.877752320326362],[-49.09290048391008,-26.87744997702837],[-49.093487802452735,-26.877297786660378],[-49.093298567454916,-26.877011436074188],[-49.09364288378327,-26.87673723424943],[-49.09410477532217,-26.876618315200716],[-49.094868389518886,-26.87669087364665],[-49.09601936801699,-26.877263585149823],[-49.096263045354505,-26.877656224337148],[-49.096369233370815,-26.87815855888461],[-49.09615891779797,-26.879407974252864],[-49.09626165682447,-26.879667826021002],[-49.09594523710647,-26.88064962676664],[-49.09549932921834,-26.88076092694978],[-49.09599360831886,-26.881773519551864],[-49.0952649608781,-26.881705992758757],[-49.095213074931664,-26.88233912089234],[-49.09454023553957,-26.882385140822414],[-49.094431939974704,-26.882796376466978],[-49.094059968916014,-26.882926247564516],[-49.09415285230999,-26.88329398517575],[-49.09431162094699,-26.883270449956647],[-49.09431868353171,-26.88349948183833],[-49.094596101137434,-26.883820788418447],[-49.09435483172448,-26.884399927762537],[-49.09466300936959,-26.88466058999217],[-49.09462104099125,-26.884955852399397],[-49.094757713284345,-26.885020969307778],[-49.09459397009495,-26.885112159558766],[-49.09445370141673,-26.884736941993108],[-49.0942982744715,-26.884789586637105],[-49.094418470115,-26.8850043888786],[-49.094302468499016,-26.885612716889813],[-49.09443710943927,-26.885865118851623],[-49.09402944061632,-26.886664765255254],[-49.09448249936466,-26.886188883658853],[-49.09488759949102,-26.885410086301146],[-49.09495016869827,-26.8848080366331],[-49.094580487847644,-26.884416090853506],[-49.0947975326056,-26.88424752989243],[-49.09492662847644,-26.883690879711747],[-49.09531264098007,-26.88318041525047],[-49.09480098660137,-26.883289228790684],[-49.09497096463132,-26.882909992452166],[-49.09484221926913,-26.882681270956745],[-49.09546898571963,-26.882637542924144],[-49.09563971251885,-26.8822120531241],[-49.09598203218345,-26.88208915690144],[-49.09629843031161,-26.882578104180556],[-49.09711667642312,-26.88265855205778],[-49.09720739165425,-26.882827584375153],[-49.097747450846164,-26.882482168652764],[-49.09874070831372,-26.88252080428407],[-49.099713900754146,-26.882758825557207],[-49.10269429306015,-26.881670214573003],[-49.10361057898479,-26.881138159779432],[-49.10529953580434,-26.880643410897644],[-49.1068580475788,-26.879630045035967],[-49.1081111025988,-26.879337933934718],[-49.10905571120616,-26.879330182866752],[-49.10947662459771,-26.87914715198569],[-49.109756944054546,-26.878784909743892],[-49.1106557187723,-26.87869436549267],[-49.110703418876064,-26.878829682744776],[-49.11010868126477,-26.879423046162078],[-49.110146955727984,-26.88052138623249],[-49.11041217965768,-26.881205427616553],[-49.11059599073929,-26.880783443882503],[-49.11088560889929,-26.88113520418577],[-49.11104622485967,-26.881968171043702],[-49.11062552330671,-26.881929122748957],[-49.11069487412831,-26.882139398337422],[-49.10945412861561,-26.883104561205272],[-49.108979186902474,-26.883041191832653],[-49.109147351913755,-26.88356124349326],[-49.10980933557649,-26.883970405369727],[-49.10986771133021,-26.88415605973466],[-49.11163156931551,-26.88451106235641],[-49.11315097446612,-26.88500331926235],[-49.11440489178027,-26.886002467428707],[-49.11446574207308,-26.88668376190248],[-49.116061469143624,-26.88653947327202],[-49.11814907308424,-26.88660795627529],[-49.118905528844635,-26.88678062340246],[-49.11927432212109,-26.887242147962265],[-49.12041238052357,-26.887976716425637],[-49.121482578575836,-26.889052369142895],[-49.122317834953094,-26.890757509196963],[-49.122350224258476,-26.891163639773264],[-49.12287673656326,-26.891595299213307],[-49.12311969026978,-26.892182377096688],[-49.12344345991784,-26.89220677015871],[-49.12452985580784,-26.89271808797253],[-49.125320000551234,-26.892696838083197],[-49.12548344431817,-26.892882584261574],[-49.12702713085022,-26.89279987837481],[-49.12909928239522,-26.892014081825288],[-49.130065657811635,-26.891827332027795],[-49.13021517741336,-26.891647624540738],[-49.13123351921697,-26.89127851667932],[-49.13163731252985,-26.891335586607465],[-49.131519306035926,-26.89109856110141],[-49.13252351378964,-26.890698262373736],[-49.134573504064214,-26.890689355219557],[-49.13536697536784,-26.891339017610722],[-49.135362982152735,-26.891679050458333],[-49.135603479661405,-26.891516111664878],[-49.1358090969614,-26.89221918230778],[-49.13586884553799,-26.893070022213966],[-49.13543726679553,-26.892856422489867],[-49.135181969380056,-26.893018899743577],[-49.13493109438683,-26.894075230237576],[-49.135149257974845,-26.894304563547934],[-49.13522694907458,-26.894780335193545],[-49.135731000046334,-26.894940653240756],[-49.13513828503948,-26.89536630753668],[-49.13553462954626,-26.895427619354216],[-49.13571774995274,-26.89600859364666],[-49.13554170876031,-26.896368396553147],[-49.13566542567609,-26.89664093436609],[-49.135723539336794,-26.8963145307703],[-49.1361870463,-26.895933241022753],[-49.13588976052951,-26.895461793456835],[-49.13616904217264,-26.894688315270198],[-49.13587724480645,-26.894521674650864],[-49.13595622510648,-26.894173628380187],[-49.13584345987095,-26.89406292239583],[-49.13546208201364,-26.894201546984334],[-49.1351723802265,-26.893827806153244],[-49.13532674177811,-26.893090510088555],[-49.13624173510541,-26.89334164574533],[-49.13685704940397,-26.89327075205379],[-49.1387750945241,-26.893572831901444],[-49.14007936623006,-26.89352209313718],[-49.14022556819212,-26.89339300351486],[-49.141719723401486,-26.893212289832675],[-49.141926747344705,-26.893712720956852],[-49.141723671576166,-26.894817509574533],[-49.14029473303362,-26.897115831254624],[-49.14027876728102,-26.897568676812895],[-49.14006737790778,-26.897871787210523],[-49.14032027847248,-26.89793145705605],[-49.140225489198976,-26.898089292843576],[-49.14066160633653,-26.898299651232257],[-49.14021232884054,-26.8986712371974],[-49.140609482924845,-26.898702881296057],[-49.14096425000589,-26.898454063319946],[-49.14136055411022,-26.89884386670945],[-49.14178835372526,-26.899001811053154],[-49.142769978100475,-26.899041951456653],[-49.1441365872808,-26.898570336617304],[-49.145261665724064,-26.898794833077915],[-49.14568830357239,-26.89871262158027],[-49.1461364715072,-26.898223596953887],[-49.14640647770259,-26.89813534751565],[-49.146362873528076,-26.899110224332087],[-49.145747677464314,-26.899320901976665],[-49.14561681448026,-26.89957738521101],[-49.14599725434317,-26.90063882569681],[-49.146696473413506,-26.90124520692301],[-49.146534160344295,-26.901649324077617],[-49.14667941730948,-26.90185385300514],[-49.14749709136013,-26.902162030458335],[-49.14811372269278,-26.902002153272292],[-49.14801726766986,-26.90234918355856],[-49.147293847371046,-26.903021731233522],[-49.14715758043806,-26.902944492229057],[-49.14716475164124,-26.90265720907677],[-49.146968705144396,-26.90267272876242],[-49.14701336734299,-26.903075336050588],[-49.14726135579242,-26.90336340794465],[-49.1471567596902,-26.90379081833234],[-49.14632543879173,-26.9046278888569],[-49.14632584345864,-26.90485167584479],[-49.147216440333985,-26.90528298876447],[-49.147199921126024,-26.905669366028697],[-49.14679852769059,-26.90606022742468],[-49.14724431463969,-26.90567925231915],[-49.14731777467372,-26.905262751896462],[-49.14650045038229,-26.9046601390088],[-49.14718337609259,-26.9040539263697],[-49.14764245318026,-26.90293602380085],[-49.14814896201088,-26.902603314081198],[-49.148523022561754,-26.90310310316803],[-49.149211253418734,-26.902971807113488],[-49.14863632515002,-26.902987289554034],[-49.14832893765973,-26.90246299622585],[-49.148326440362574,-26.90215828334154],[-49.14869618713465,-26.90213568801342],[-49.14887116282199,-26.901901288755173],[-49.14855798774184,-26.902065926189096],[-49.14806674100366,-26.901792209079115],[-49.14751964264738,-26.901888554638756],[-49.14672404076391,-26.901656058739114],[-49.14697811904252,-26.90126817688647],[-49.14640388180804,-26.900372389202417],[-49.14639708407563,-26.89979922675147],[-49.14647638012027,-26.899554802117716],[-49.14675666663921,-26.89950197787425],[-49.14691516391569,-26.898139261661346],[-49.14904602950358,-26.89827638869449],[-49.150206037999965,-26.89799864083831],[-49.151446680667625,-26.89704849172572],[-49.15241528224439,-26.895840338478234],[-49.15307485781441,-26.89571802307358],[-49.15369332330155,-26.89534229841068],[-49.15456922564729,-26.895660629187397],[-49.154822388059706,-26.896314807751065],[-49.15465585040782,-26.896684696991244],[-49.154815261863845,-26.89667516565717],[-49.155027225545744,-26.89632373105851],[-49.15486508617054,-26.896010790835632],[-49.15492240512198,-26.895349737561947],[-49.15539985404912,-26.8951529233158],[-49.15646035763073,-26.895260554476497],[-49.156814790990744,-26.895018221865367],[-49.15518124502136,-26.895059496512964],[-49.15432974127868,-26.895382887052694],[-49.15360009818336,-26.895192625346347],[-49.15275126263468,-26.895577305289656],[-49.1525029325509,-26.89543473586022],[-49.15352089312524,-26.894571895665738],[-49.152916624538086,-26.894813028431223],[-49.15257902779482,-26.89518655297682],[-49.152488533366835,-26.894941936682986],[-49.152214236902715,-26.89540329026253],[-49.15207873307286,-26.895299739118986],[-49.153236217203215,-26.89368609476285],[-49.15363046616977,-26.893467248367674],[-49.15497053276094,-26.891420035167844],[-49.15702387441613,-26.88921601161759],[-49.15816301719586,-26.888268849632976],[-49.159758685024244,-26.886086808035888],[-49.161942864928896,-26.88519966994218],[-49.165279691248436,-26.883271301176052],[-49.16921211174383,-26.881816834578217],[-49.171848280484014,-26.880437168058823],[-49.174417267269355,-26.879381192724274],[-49.175723573738686,-26.878694643623422],[-49.17403759246848,-26.879328918659727],[-49.173017725862074,-26.87993216442953],[-49.17053037265285,-26.88068004051005],[-49.16903198679833,-26.881545326832917],[-49.16777130778912,-26.881824956422726],[-49.16607780235433,-26.882486385994635],[-49.16236722528736,-26.883420747921296],[-49.162165309244976,-26.883857159471084],[-49.161610921121294,-26.884362361728158],[-49.16131903336438,-26.8843488684918],[-49.16074459120585,-26.88461230954335],[-49.15986964628092,-26.884650500724987],[-49.15941678525877,-26.885239230734904],[-49.15926175702622,-26.885218377233063],[-49.158604727842665,-26.885699075476392],[-49.15685218640775,-26.88848702515013],[-49.15575472879583,-26.88939858411906],[-49.15454900771891,-26.890785002808304],[-49.153671329491694,-26.892127002906104],[-49.15216296546723,-26.893390929393064],[-49.15161955618814,-26.89364916701014],[-49.151335719827124,-26.894771931086368],[-49.150889151631866,-26.895338068825986],[-49.14967871057597,-26.89584256340845],[-49.14774813692592,-26.895932552040637],[-49.14694916567763,-26.895596879887357],[-49.14589785110686,-26.89449277566694],[-49.14528694413211,-26.893557283108738],[-49.1434020858895,-26.89163776139912],[-49.142319819280196,-26.891544182958317],[-49.14220783525551,-26.891125189113772],[-49.14247660419011,-26.89092223328528],[-49.14241954135266,-26.89081722399919],[-49.14278985044109,-26.890727046869294],[-49.14232756321927,-26.8907757363745],[-49.14200703530803,-26.891198713902043],[-49.14203128232656,-26.891421488752876],[-49.141681581316654,-26.891593658630693],[-49.14036241509931,-26.89150988880814],[-49.13934454205547,-26.891143023640243],[-49.13934145559329,-26.889843713856436],[-49.138966550847506,-26.889506534256697],[-49.13891096703055,-26.888594678003095],[-49.13913699982248,-26.888396888755093],[-49.139551482012024,-26.88868422554653],[-49.139591196621254,-26.888453156671975],[-49.14008512224124,-26.888239188408363],[-49.14078421168862,-26.887629373889304],[-49.14074698216776,-26.8867077147751],[-49.14049146856002,-26.88640983568323],[-49.140499180046824,-26.886011744610805],[-49.14089696404508,-26.885682880937974],[-49.14141006600618,-26.88582080665746],[-49.14168897052739,-26.88605144728494],[-49.14170313482387,-26.886396861096014],[-49.14217957854554,-26.887043102927183],[-49.14252565525342,-26.886980984891213],[-49.14258746643748,-26.886751452030246],[-49.142487882147094,-26.886559890858692],[-49.14326809902867,-26.88683357432306],[-49.143319943099065,-26.8865454507991],[-49.14305516670827,-26.886488805014917],[-49.143068699543925,-26.8862691001869],[-49.143291830791846,-26.88624871302502],[-49.14315614578635,-26.886384475541096],[-49.14342953832032,-26.886615246431557],[-49.14359826881851,-26.885473771587687],[-49.14381843876961,-26.88516347108228],[-49.144394227629796,-26.884907645363594],[-49.14446031084024,-26.884409787867554],[-49.144628270383144,-26.88441403393634],[-49.14468448020242,-26.884572631510608],[-49.14493727884935,-26.883633161518215],[-49.145518144183455,-26.88349558550803],[-49.14564973795576,-26.883063399869858],[-49.145537269579656,-26.88188046051919],[-49.14534498619988,-26.881630922714358],[-49.1448250448567,-26.88145078400371],[-49.14492232003176,-26.88124253510732],[-49.14473268656282,-26.88102074494314],[-49.14470166545587,-26.88050664343267],[-49.14571836071639,-26.880764792242037],[-49.1457996198856,-26.880373863233963],[-49.14493382744569,-26.87993726111518],[-49.14430768249416,-26.88014499119582],[-49.14351982987212,-26.87999152638159],[-49.142797438661795,-26.87797595760992],[-49.14266726653359,-26.87802236987613],[-49.14300576553759,-26.877371846538328],[-49.14299262106019,-26.876826900194256],[-49.14452989415003,-26.877041272599243],[-49.14360567350493,-26.876608947855736],[-49.142957385346946,-26.876543127806098],[-49.142236527291374,-26.876167865846625],[-49.14212037440017,-26.87549763021161],[-49.142037880077325,-26.87608726255773],[-49.1412888571268,-26.87574549982239],[-49.141340777518785,-26.874894649146515],[-49.141552907358616,-26.874397601077305],[-49.14224044197565,-26.873918189507634],[-49.14293126189159,-26.87298550751744],[-49.14324237855843,-26.872817828618146],[-49.143309282270216,-26.872459533361855],[-49.1435525388289,-26.872719032437526],[-49.14375081385581,-26.87246482907933],[-49.14391066796161,-26.87250562170327],[-49.14403813527941,-26.872915846815104],[-49.14419818255036,-26.873001734157526],[-49.14407221204052,-26.872199633467552],[-49.14363181946309,-26.87241152512424],[-49.14343148368948,-26.87219799086437],[-49.14299455766933,-26.872353736433517],[-49.14296477231558,-26.872735619700478],[-49.142792233122854,-26.872674344412317],[-49.142567609340006,-26.871282111079157],[-49.14310886365847,-26.869300868268695],[-49.143093939504965,-26.868146787332705],[-49.14334100434064,-26.86795137203358],[-49.14381938073621,-26.867937370118597],[-49.145203093437786,-26.869567708091658],[-49.1461588194491,-26.86951374969518],[-49.147194780463465,-26.86870733702286],[-49.14802539156938,-26.86750345606321],[-49.14808298700185,-26.867171022564268],[-49.148707444760774,-26.866417543411053],[-49.14931515432744,-26.866674546167797],[-49.149894795393564,-26.86728679362227],[-49.150592252273476,-26.86897637924324],[-49.15060230283819,-26.869355840232302],[-49.15116310957231,-26.869148766663205],[-49.15152833499116,-26.8691768758265],[-49.150809738312915,-26.869047815060593],[-49.153264770822524,-26.867886676411032],[-49.153552251594334,-26.86802919917712],[-49.153364541794126,-26.8686679180172],[-49.15345945007387,-26.868896441262283],[-49.15385304634656,-26.86904447660386],[-49.15430049268114,-26.868765108207576],[-49.154602301437315,-26.868219565904635],[-49.15507154754131,-26.867793373125245],[-49.15440775072705,-26.867748924596437],[-49.154763226171156,-26.866023930362093],[-49.1544634805381,-26.8656451625256],[-49.15433038657524,-26.865677410685773],[-49.153810210106855,-26.864582299344015],[-49.15529046257178,-26.863652382451594],[-49.156005895985366,-26.86298457818734],[-49.15603328900866,-26.86159467429401],[-49.15554688220379,-26.86019422875233],[-49.15566976741563,-26.859597178819296],[-49.15683767295734,-26.85896263524743],[-49.1571255890142,-26.85828764724578],[-49.15789680377081,-26.85791668295062],[-49.15818904163517,-26.857462635973988],[-49.15826415550698,-26.85690859944722],[-49.158518521840975,-26.85668463063292],[-49.158398488419316,-26.856538870933232],[-49.15849186900485,-26.855990117562698],[-49.15720179938225,-26.853777554543182],[-49.155975343012045,-26.853178482754835],[-49.15582872879184,-26.853475992376744],[-49.15702832429938,-26.85401762926714],[-49.15828054892696,-26.856206686114838],[-49.158037041156746,-26.856598868731414],[-49.157874449109094,-26.85755668700376],[-49.156755213219846,-26.858236233493475],[-49.15653658821743,-26.858849191953553],[-49.155601686322186,-26.859306628972742],[-49.15529416051924,-26.85981892968911],[-49.15532080328346,-26.860417872503614],[-49.155832326182924,-26.861992154691336],[-49.155600753499776,-26.863033591718978],[-49.15344383061015,-26.864451326853555],[-49.1543835094037,-26.86622293835405],[-49.153953816218596,-26.867684697032974],[-49.15377622799585,-26.86779534365473],[-49.153656390292575,-26.86745256754193],[-49.15349127658144,-26.867396847414984],[-49.15391936815946,-26.86661316486793],[-49.15367315730863,-26.86634276842518],[-49.153012321518105,-26.86715704279261],[-49.153201532893014,-26.86749438690629],[-49.153120812199795,-26.86767463442756],[-49.15084533351268,-26.868717105318378],[-49.15025697378095,-26.867185188041326],[-49.14954961587159,-26.866424455718153],[-49.148817845784535,-26.866116226897276],[-49.14865100962237,-26.865577125455463],[-49.14837098992182,-26.86541022878652],[-49.14832127649863,-26.86587278461186],[-49.14847989077195,-26.866048844007828],[-49.148244199443525,-26.866414889363945],[-49.14747000700846,-26.86735830276417],[-49.147097439835214,-26.868151197511608],[-49.146690413339186,-26.86839501589805],[-49.146379933059215,-26.868969951098563],[-49.145850501783464,-26.869274016482827],[-49.145370592176235,-26.869217173352357],[-49.14417945681016,-26.86763476310079],[-49.14297581889344,-26.867558073153933],[-49.142733636745284,-26.867882615172913],[-49.14267336999396,-26.86953249116331],[-49.1425408298507,-26.869794661134065],[-49.14226512838438,-26.869786277586485],[-49.14253036746181,-26.87019074365679],[-49.14223830032918,-26.871028255969843],[-49.142477504236695,-26.873180546123553],[-49.14197555079277,-26.873597547471878],[-49.141701995329065,-26.87354052928923],[-49.141707132662745,-26.873815814446218],[-49.14131499304346,-26.874141724730254],[-49.14055150720855,-26.874058729564585],[-49.14113099709235,-26.874335184070443],[-49.140895168731596,-26.87538355862768],[-49.14067685920642,-26.875586356706332],[-49.14040036305566,-26.875609975393385],[-49.13991603714862,-26.87534996856138],[-49.13961041495849,-26.875554300791414],[-49.138349759250694,-26.875488495593533],[-49.13795630762181,-26.875142444566023],[-49.13811219417879,-26.875613030443887],[-49.14083341083504,-26.87574116693454],[-49.14168300458761,-26.87645956271725],[-49.14170680071397,-26.876783764301084],[-49.14234015334831,-26.876910113220532],[-49.14226986279932,-26.87772619525018],[-49.14159472272171,-26.87779336586951],[-49.14196396628074,-26.87816135814222],[-49.14195930734541,-26.878558573263568],[-49.14228264160771,-26.87863925604071],[-49.14155393524408,-26.879083012878024],[-49.141703952800086,-26.87937300041505],[-49.14190396224276,-26.879424471430653],[-49.141615093209644,-26.879533991925356],[-49.14235494590833,-26.879563005011633],[-49.1423983978058,-26.879903717766194],[-49.14209691701903,-26.880896579881743],[-49.142230997035625,-26.881496059718142],[-49.142983141338966,-26.882229521096498],[-49.14311644693133,-26.882587796505497],[-49.143355257284156,-26.882529658740673],[-49.14387706408584,-26.882882759074025],[-49.14506045591751,-26.88301746931218],[-49.144384078218486,-26.88324274136206],[-49.14386400645543,-26.883700479103258],[-49.14290758114197,-26.88344862978161],[-49.14232451926312,-26.883799327057076],[-49.14220451414528,-26.88399676470327],[-49.14224444309499,-26.88494015746149],[-49.14198403468431,-26.885454808824566],[-49.1416088299605,-26.88528044487613],[-49.14192068262472,-26.88442947955199],[-49.14181718899985,-26.884029032069318],[-49.141606932514996,-26.883938128570357],[-49.14121668648167,-26.88453334275106],[-49.14143317776668,-26.884724402854484],[-49.14133834253278,-26.88491655721981],[-49.14111654098652,-26.88504754540321],[-49.14055411404027,-26.88496152405781],[-49.140048591587636,-26.885613360131558],[-49.13995661984857,-26.886065019689354],[-49.14034105817397,-26.88732670713142],[-49.14018510835417,-26.887534916374307],[-49.14008817175926,-26.88739016846543],[-49.14003437674989,-26.887526094133232],[-49.139871858775436,-26.887488654866395],[-49.139858857803375,-26.88752405268892],[-49.13985295109297,-26.887617012165194],[-49.13986668997779,-26.88778109948249],[-49.13979900224897,-26.887854981287592],[-49.13934339561991,-26.888017245265726],[-49.13872329919692,-26.888001244870782],[-49.138023051378376,-26.886973466740734],[-49.13747313411888,-26.88692051686769],[-49.13748588546486,-26.887028544537625],[-49.13664833045034,-26.887244094519584],[-49.13559850602574,-26.886873042501268],[-49.135060301849876,-26.88726848250004],[-49.135252590040885,-26.887387577464967],[-49.13517189706874,-26.88795150670444],[-49.13477519247815,-26.88846573949842],[-49.13423016903967,-26.88871405510455],[-49.13023720485725,-26.889038476773774],[-49.12829640516531,-26.889915508756637],[-49.12747564308401,-26.89051906717988],[-49.126480961361196,-26.890844803685745],[-49.12578442424756,-26.890901569524722],[-49.12560481701364,-26.890429868778778],[-49.12599126083654,-26.890093246543177],[-49.12596617289275,-26.889832022085024],[-49.12514902531195,-26.889012516089856],[-49.125043604727914,-26.88868656239611],[-49.124564968936845,-26.8883574757753],[-49.124147315182114,-26.88826562939615],[-49.12387067319541,-26.887534412117805],[-49.12396733185534,-26.887930580166085],[-49.123803203046826,-26.88811715783553],[-49.124013464764495,-26.88828866184368],[-49.12380089040462,-26.888419430130742],[-49.122352626575605,-26.886912171737293],[-49.12224832368353,-26.88661767107945],[-49.123001054260165,-26.885539569489808],[-49.122607073617694,-26.885576767809724],[-49.122176693587804,-26.885860607186743],[-49.12225331237768,-26.886060406892206],[-49.122059466565446,-26.886273061490247],[-49.1219958155063,-26.886767098253664],[-49.12175604252455,-26.886764419100132],[-49.11989616733589,-26.88524121768749],[-49.11991019676123,-26.884839025953557],[-49.119707771304874,-26.884608442115606],[-49.1199882809127,-26.88464944653658],[-49.11982884580811,-26.884065529438285],[-49.118503099558524,-26.88245274859994],[-49.11821994442747,-26.882366847292236],[-49.1182242662525,-26.88193837783275],[-49.1177817262709,-26.882390917212746],[-49.11720185732104,-26.882056693965616],[-49.1165512815532,-26.882068625286863],[-49.11612364897947,-26.881763902836983],[-49.11551175982018,-26.88190396908236],[-49.11503475394156,-26.881701431908894],[-49.11377169287099,-26.881653292182406],[-49.11315200563208,-26.881325199527858],[-49.11329897230596,-26.881146696766073],[-49.112806821501884,-26.88119488332548],[-49.112229801067016,-26.880798555237696],[-49.111719048495765,-26.879846046137505],[-49.11189998146887,-26.87948791007884],[-49.112188091562395,-26.879455816695323],[-49.11203742930181,-26.879250088276805],[-49.11258650085624,-26.877752339867552],[-49.11321577516806,-26.87738183050992],[-49.113757714052554,-26.877637120145486],[-49.11382622424316,-26.877957501426323],[-49.11402987197504,-26.877879766823124],[-49.11425855482632,-26.878117449160346],[-49.11434507736345,-26.87779764243412],[-49.11509506612237,-26.877807626639353],[-49.115393248484665,-26.877268963686035],[-49.11538362757564,-26.87704442865722],[-49.11516986103849,-26.87693030197507],[-49.11497236711045,-26.87710965968375],[-49.1149752937328,-26.87741832499802],[-49.114006583124684,-26.877477824969283],[-49.113337670635374,-26.877245971965223],[-49.1130119107167,-26.876384995858245],[-49.113219202848036,-26.875118495079917],[-49.11305003730831,-26.874939918629714],[-49.11254278815923,-26.875010831170627],[-49.112322332465176,-26.87532161724503],[-49.112044430075706,-26.87536743653096],[-49.11240346821341,-26.87562261498764],[-49.11220148024333,-26.87612760974802],[-49.11169093904342,-26.876190287790756],[-49.11146572462598,-26.876645261851397],[-49.11112024313687,-26.876702597530745],[-49.111024854669914,-26.876563715091923],[-49.110889912681955,-26.8767679655599],[-49.11130316309421,-26.877148927043567],[-49.11175472626566,-26.87648671506138],[-49.112057018057506,-26.87640951331217],[-49.11232130237191,-26.87681742674953],[-49.11246726011067,-26.875984679651708],[-49.11280955876521,-26.8756030404026],[-49.11267580811345,-26.877296792435867],[-49.11231526697327,-26.87756485842651],[-49.111433747392425,-26.877614836779397],[-49.110739415955884,-26.87792032591004],[-49.109675966687206,-26.877962449590314],[-49.109672709848155,-26.877734165192827],[-49.109115241965696,-26.87810302686503],[-49.108640425931874,-26.878210377532994],[-49.10784198563792,-26.878101083629378],[-49.10712851500636,-26.877560289584824],[-49.1070135076336,-26.877858093363194],[-49.1064911436306,-26.87810295234131],[-49.10643791406883,-26.878409959219685],[-49.10613603793917,-26.878713083826636],[-49.10379200694918,-26.88002321610749],[-49.10094849740065,-26.880649984874196],[-49.10060924205318,-26.88087097038335],[-49.09967136437014,-26.880923448898333],[-49.09841366026676,-26.880612967548814],[-49.09817148328309,-26.880343522291195],[-49.098074666368454,-26.87990335062554],[-49.09821697789937,-26.87888956125147],[-49.09840227339025,-26.878507561333237],[-49.09903176080393,-26.878111579491225],[-49.09847097814574,-26.87816512583627],[-49.09850835216778,-26.877199284698897],[-49.09784662456766,-26.876029035794613],[-49.097075888080106,-26.875375198742372],[-49.095350350765,-26.874606820851064],[-49.09553248450641,-26.874437580334934],[-49.09651841094481,-26.87480299902569],[-49.09696901376103,-26.874402454143688],[-49.09680304101375,-26.873857107358038],[-49.09649731478258,-26.87390662625126],[-49.096033981776124,-26.873176416052313],[-49.09624636931618,-26.872757132680587],[-49.09661487849939,-26.87277102655346],[-49.09711079022127,-26.873032940132944],[-49.09839479837549,-26.872936440194948],[-49.09763715340452,-26.87340140578677],[-49.0979915434986,-26.87379613335143],[-49.098559545245905,-26.8739688247133],[-49.09849577196038,-26.874300901452564],[-49.09792512053316,-26.874726671842875],[-49.098078698583116,-26.87508884011812],[-49.098527350714924,-26.87543361699711],[-49.09923817881362,-26.87567682679673],[-49.10048256186133,-26.87590869231828],[-49.1008544081537,-26.875846540738717],[-49.101081732506636,-26.876162595031634],[-49.10148000786685,-26.87598091743998],[-49.101509526926186,-26.87645748932858],[-49.10182077709592,-26.876497229045224],[-49.10228446584852,-26.87625844356375],[-49.10268140882256,-26.875723890663437],[-49.10239022768059,-26.874558746900735],[-49.10260862084519,-26.874005979462787],[-49.10382762857835,-26.87324631479831],[-49.10441794913387,-26.87276351094145],[-49.104510299721305,-26.872470972414963],[-49.10237223109938,-26.873952476648615],[-49.102121481599646,-26.874504372982983],[-49.10241262373572,-26.87561500895777],[-49.101824822456265,-26.87621003262249],[-49.10186387468249,-26.87572070630623],[-49.10164496842248,-26.875549599932846],[-49.10115890072199,-26.87580139402122],[-49.100927774580626,-26.87566029123839],[-49.09975339594522,-26.875621015635065],[-49.09853711345431,-26.875152258876398],[-49.098314659767794,-26.874868303225263],[-49.09875495302007,-26.874480891529196],[-49.0989093431694,-26.874003139108915],[-49.099149309602836,-26.87426509011926],[-49.099594130982915,-26.8742695666264],[-49.099731277333085,-26.874503548234408],[-49.099877796699865,-26.874452983216024],[-49.099839014608385,-26.87482258906207],[-49.099986176980686,-26.874905828199108],[-49.10006876575589,-26.8745444879484],[-49.100959091104336,-26.873972751791765],[-49.100942128202185,-26.87368099195129],[-49.10009322355055,-26.874190288196395],[-49.09930976419196,-26.874061557934585],[-49.09903808639036,-26.873755421831284],[-49.098800862183424,-26.873786907333454],[-49.09818075687123,-26.87347856083122],[-49.098513001012705,-26.87332090307189],[-49.09872833378889,-26.873439666447965],[-49.09906549250905,-26.873173817906775],[-49.098592666212305,-26.872747618117845],[-49.09743705021972,-26.872530165572925],[-49.09703390036362,-26.872609376127016],[-49.096309247945676,-26.872312063599317],[-49.09619726075334,-26.872575559089913],[-49.09582053278906,-26.872617830498985],[-49.0956091893199,-26.872909126969024],[-49.09631647910324,-26.874460819890366],[-49.09548290830288,-26.874007229596074],[-49.094273006070985,-26.874947805063293],[-49.093285359976534,-26.87506766322252],[-49.091450939156225,-26.874808295186902],[-49.08982759381425,-26.873860823341204],[-49.09010082641404,-26.873353317082838],[-49.09067142381598,-26.872915763015833],[-49.09074571607078,-26.872382897955276],[-49.09007237299117,-26.870791349521884],[-49.08919409356932,-26.870521970376885],[-49.0896732239098,-26.870171431458377],[-49.08934119756217,-26.87013730066801],[-49.08877288399861,-26.87038086436104],[-49.088406781334044,-26.868184860335553],[-49.08856350371372,-26.867742374679157],[-49.088866663925494,-26.867507774279087],[-49.088408400556624,-26.867432038892858],[-49.088308660550865,-26.867633108718874],[-49.08814717822259,-26.867396752924453],[-49.087820381132175,-26.867317349699036],[-49.087381120444896,-26.867561835352262],[-49.086991632476774,-26.867530618594866],[-49.08654054688989,-26.866865753035334],[-49.08585644336377,-26.866838002732262],[-49.085525454840756,-26.86661042268138],[-49.08540607861557,-26.86615552737896],[-49.08503030531495,-26.866118606749417],[-49.08530667523092,-26.865926230715516],[-49.08333835064226,-26.864859080784743],[-49.08344095886066,-26.864692114361596],[-49.08379532806518,-26.86484169746442],[-49.083928356468924,-26.864169929192432],[-49.084459445780666,-26.86319124370309],[-49.08438549820778,-26.862684685890557],[-49.08377138396595,-26.862420002418165],[-49.083916177740406,-26.861336660765115],[-49.08478366971895,-26.861124042607504],[-49.085063175735364,-26.860619057963735],[-49.08492810544065,-26.86025082597813],[-49.08504395405383,-26.85997560805017],[-49.08557027124842,-26.85991584304828],[-49.08573014370179,-26.86006019742722],[-49.085944176079046,-26.859486356557436],[-49.085860965079206,-26.85867283140626],[-49.0856976369065,-26.858532388243002],[-49.08540669114286,-26.858879372633453],[-49.08545582192481,-26.859000046616877],[-49.08489556867381,-26.859459043795912],[-49.08457964683194,-26.859501366336993],[-49.08446576886458,-26.859314748763534],[-49.08394648209277,-26.85944814696657],[-49.084812242022025,-26.858665964362807],[-49.08472331947435,-26.856356177115302],[-49.08456834467569,-26.856237784344277],[-49.08305324839712,-26.856336907466588],[-49.082960586014174,-26.856117639196494],[-49.08329160241904,-26.855343339940344],[-49.08347696715028,-26.855332308647814],[-49.08392232533345,-26.855906632835225],[-49.084453224921056,-26.85589086527366],[-49.08469061573195,-26.8553687568749],[-49.084933849075725,-26.85519463008654],[-49.084250791396684,-26.85441957637547],[-49.084777907071995,-26.853557225531535],[-49.08499684409721,-26.853442141140917],[-49.08549360918405,-26.85244172699869],[-49.085803472334995,-26.852408413163566],[-49.08586532366712,-26.85264215484922],[-49.086327030913246,-26.852591256319887],[-49.086167590504395,-26.852497742370655],[-49.08621223433042,-26.85233188029524],[-49.086453461453104,-26.852356476705847],[-49.08664817452096,-26.85206990769969],[-49.08666994950732,-26.851666808394057],[-49.08632784066362,-26.851476392143088],[-49.086607176968705,-26.850887810148084],[-49.08641653539605,-26.850824478526008],[-49.08667283533507,-26.850665008046068],[-49.087011796793576,-26.85070231133563],[-49.08726013759093,-26.85043329807328],[-49.08726436573192,-26.849488435366144],[-49.08763845435146,-26.848523323845455],[-49.08783407230996,-26.84822956525335],[-49.088167074404694,-26.84821922064831],[-49.08793337552685,-26.84795777505377],[-49.08792451535487,-26.84750818086692],[-49.088144823208076,-26.846251286396804],[-49.088391535437566,-26.84626392440791],[-49.08818841600297,-26.846121342327674],[-49.08829118647591,-26.846014656393468],[-49.08875960207359,-26.84625202174677],[-49.088778632919585,-26.845815246912615],[-49.08849532265081,-26.84566107666418],[-49.088774482080225,-26.845027369241247],[-49.08893672076207,-26.844978347222984],[-49.089426313232984,-26.844145608205018],[-49.090785026868325,-26.842945787129814],[-49.09093895965091,-26.842550933121014],[-49.09085181039118,-26.8422291401222],[-49.090980398109096,-26.841960258823832],[-49.09068367957692,-26.841992203788234],[-49.09089691737377,-26.841802073389136],[-49.09056374814276,-26.84175666480328],[-49.09064620314221,-26.841531975296817],[-49.09042201846693,-26.84103302617663],[-49.09033036192017,-26.83856184766698],[-49.090354759593495,-26.83757315527304],[-49.09080170770443,-26.837389086996758],[-49.09088147657741,-26.836949394904735],[-49.090486777199146,-26.837003976608948],[-49.09045958599235,-26.836522966236288],[-49.089485713756304,-26.835180173354097],[-49.08936966754331,-26.83469424912307],[-49.089514525075316,-26.83447162675381],[-49.089297095554286,-26.834466641202365],[-49.08918249085121,-26.833968802424806],[-49.089294796997265,-26.833317641226408],[-49.08898830220452,-26.83264148815739],[-49.088886469607715,-26.832833384009597],[-49.08873476778397,-26.832680199235572],[-49.08948298730176,-26.831945066614473],[-49.08904030778587,-26.83114577922772],[-49.08961155181779,-26.830864020006494],[-49.0895717605559,-26.830632701751938],[-49.08999684198632,-26.830570367930292],[-49.090769277789114,-26.829928000218697],[-49.09098610322287,-26.829265156736483],[-49.09074059144761,-26.82987373971891],[-49.08993609179322,-26.830512389551565],[-49.08945117883075,-26.830580562450603],[-49.089456788097046,-26.830842289167688],[-49.08874224871727,-26.831178009091282],[-49.0891527614514,-26.830804065127353],[-49.08929141969887,-26.83033704344008],[-49.08877013253282,-26.829483105696664],[-49.08844951980777,-26.828002705885172],[-49.08841594713139,-26.82885097058654],[-49.088570911082236,-26.828943890817506],[-49.08862509431073,-26.829515201371937],[-49.08911444874598,-26.830340384287133],[-49.08848284555562,-26.83120891435075],[-49.088827352783944,-26.831435360456947],[-49.08900409918579,-26.831375858041188],[-49.08928184616576,-26.831897739873245],[-49.08885917707176,-26.832085402334712],[-49.0886790833317,-26.831892708408045],[-49.0887352715357,-26.83210411407615],[-49.08856755988838,-26.83218118993731],[-49.088961329715644,-26.832155898193527],[-49.08859050211061,-26.832404924670815],[-49.08858323036513,-26.832904703971924],[-49.089044730646066,-26.833277864024858],[-49.08892374343651,-26.833675413759426],[-49.089065187170476,-26.834755735983535],[-49.08927331238113,-26.83531903932065],[-49.08953990793657,-26.83557341747705],[-49.088944047903674,-26.835750750243758],[-49.08964242514944,-26.835693434683936],[-49.09021076045075,-26.836542658678262],[-49.09016163689337,-26.836790484540934],[-49.0894711162027,-26.836582848462566],[-49.08962342628703,-26.836494629341807],[-49.08922252273264,-26.836568474955925],[-49.09016415664819,-26.836871937401757],[-49.09006732416969,-26.83730781891364],[-49.08948111211038,-26.837507402944535],[-49.09005487174568,-26.837392137742697],[-49.09011539800054,-26.839060925711916],[-49.089805165387276,-26.838828046675015],[-49.089897537813016,-26.838195190728992],[-49.08944509409364,-26.837714813710342],[-49.08972758641345,-26.838248718233938],[-49.08958947792491,-26.838638244962574],[-49.090164415188255,-26.839259909754794],[-49.09011952630086,-26.839544324750268],[-49.089715879754365,-26.839659008524027],[-49.090125372278685,-26.839763042963554],[-49.08985672772402,-26.84077952897345],[-49.090334678516925,-26.8413628156346],[-49.090431745854694,-26.842293333340713],[-49.09022068096652,-26.842499386362082],[-49.09055090501931,-26.842546627180344],[-49.090579363893355,-26.842735773117273],[-49.089729111920576,-26.843571123284047],[-49.089070929555014,-26.843816941556256],[-49.088865227284614,-26.844032342538117],[-49.08849359243997,-26.84394029597577],[-49.08872880685214,-26.844153803415892],[-49.08872508960722,-26.844602539964797],[-49.08792396180034,-26.845535527975883],[-49.0873604126515,-26.845342863189284],[-49.08719714751608,-26.84563856474708],[-49.08757693732141,-26.845877663354326],[-49.087380625550786,-26.846352457766194],[-49.08601101153998,-26.84639959890394],[-49.085598945410815,-26.846104722966125],[-49.085677666595984,-26.84635314590798],[-49.085420848689644,-26.84664476092435],[-49.08491413815644,-26.846633772274025],[-49.085014717481016,-26.846972110072066],[-49.08480710373022,-26.846646967841668],[-49.08454526368546,-26.846800785883907],[-49.08450103904914,-26.84699985232212],[-49.08487299503039,-26.847094030816674],[-49.085069401736355,-26.847619180007992],[-49.084881485525734,-26.847931175960113],[-49.084152577369515,-26.848002133011267],[-49.08407571479177,-26.848420022500918],[-49.08389591794576,-26.848410107252498],[-49.083646014803435,-26.8487244281066],[-49.08402426837267,-26.849150795028624],[-49.08401438863284,-26.849541052698097],[-49.08316267576524,-26.849289301785653],[-49.08318846081086,-26.849694720351415],[-49.08306870227058,-26.84948076076802],[-49.08254630911931,-26.84946291687212],[-49.082428193968305,-26.849921016785466],[-49.082141842129886,-26.849761510312433],[-49.082021284384595,-26.850028379679273],[-49.0817736356342,-26.849781048252762],[-49.081879178088045,-26.849345581936646],[-49.08158242419125,-26.849339169699196],[-49.08162951556092,-26.849573560793072],[-49.081411768967676,-26.849824752013213],[-49.08132951356495,-26.849436905848695],[-49.0811144332986,-26.849530890254705],[-49.0811557015204,-26.849340244263114],[-49.080999069736826,-26.849224164185063],[-49.08063013820356,-26.849251902435103],[-49.08077479508634,-26.84977757132447],[-49.080525289670454,-26.849492176685725],[-49.080220113284255,-26.849561495284288],[-49.08042844245175,-26.850429986405576],[-49.08026272384667,-26.85021891774878],[-49.07981949234205,-26.85031234738569],[-49.07972954039209,-26.850952843623084],[-49.07941009782217,-26.850997105808222],[-49.079493240712914,-26.851129582559242],[-49.07918338727041,-26.851534121039126],[-49.079372507491605,-26.851508478208785],[-49.07958807054674,-26.851697353813677],[-49.079892018848504,-26.851601362748323],[-49.08007097222696,-26.85144631085583],[-49.08015657337936,-26.851642058533344],[-49.080325232820854,-26.85144759579418],[-49.08039670336776,-26.851600411501362],[-49.080427209697184,-26.85131779260225],[-49.08057518567642,-26.851272489059053],[-49.080315561755675,-26.851868464692934],[-49.080746285097085,-26.851416678707523],[-49.081190485194256,-26.851345990740683],[-49.081567701041585,-26.85151956951417],[-49.08123565545152,-26.851836396181522],[-49.08180477363436,-26.851668511340964],[-49.081906251756045,-26.852021663138828],[-49.08218881745425,-26.852261484007403],[-49.08209360113976,-26.85251237611869],[-49.08229636591482,-26.852575690283953],[-49.08175697842363,-26.852741620406704],[-49.081965676149444,-26.852907191822474],[-49.08193432296154,-26.853035702256644],[-49.0817428356788,-26.853024823562343],[-49.081806355799166,-26.85362668967295],[-49.081380380992215,-26.853722603161753],[-49.080741751942114,-26.855750499932114],[-49.080628746644805,-26.85588259533034],[-49.08043869630567,-26.85584295007877],[-49.080498713102166,-26.85624527312922],[-49.08006878199851,-26.85649980851052],[-49.08062287576597,-26.856565467462236],[-49.08125597696425,-26.857388947441706],[-49.08213224436834,-26.857720058574543],[-49.0825088315439,-26.85840895642379],[-49.082433515195476,-26.85912489521987],[-49.08295853768242,-26.859492307359577],[-49.082797330159266,-26.85962613511417],[-49.08194608685525,-26.85961889423016],[-49.08123135009232,-26.860204814511704],[-49.08030114730622,-26.85999544310228],[-49.07982496185286,-26.86024056899944],[-49.08084499065804,-26.860769892013266],[-49.08086716212072,-26.86118726995891],[-49.080448497656164,-26.86121241675273],[-49.080351134833364,-26.86156648849494],[-49.080099435759536,-26.861687385663984],[-49.07959722921248,-26.861809533665166],[-49.079337253129154,-26.861697644216505],[-49.07844917218955,-26.862226145175132],[-49.07915200453421,-26.86216271994364],[-49.08032596449489,-26.861745935129488],[-49.08069374646795,-26.862051906989667],[-49.081375668594205,-26.862092172258738],[-49.08131279365331,-26.862540707284197],[-49.08162847264914,-26.863901662399563],[-49.08086589401092,-26.864592268851336],[-49.08131966714266,-26.86461370527396],[-49.08120785411834,-26.865164901181004],[-49.082061376986886,-26.865151012948175],[-49.0820100382317,-26.865395987850132],[-49.082208796359026,-26.865454950185523],[-49.08229485060204,-26.865729432920403],[-49.08168731221305,-26.865855505569083],[-49.08170395749325,-26.865995009033185],[-49.081943119339456,-26.866037659126054],[-49.08194158558708,-26.866294611508916],[-49.08167748319923,-26.866601118573055],[-49.0814556058981,-26.867384678837823],[-49.08124791984684,-26.86758809756455],[-49.08067196605214,-26.867658222686696],[-49.08065648871325,-26.867795891550553],[-49.08104608145507,-26.867885049640787],[-49.08134652405126,-26.867761623446587],[-49.08204245520629,-26.86716766535341],[-49.08217399515057,-26.866776442266993],[-49.08308674868852,-26.866395108799573],[-49.082978744619474,-26.86608248510562],[-49.08373308641561,-26.866463052733863],[-49.08477579443435,-26.868002957630807],[-49.08536755188418,-26.868117536230756],[-49.0855469936763,-26.868832471853136],[-49.08593150331853,-26.86904105094704],[-49.08597525578911,-26.869396457406683],[-49.0864822681013,-26.869655340544288],[-49.08639075016087,-26.869955621439143],[-49.08623055006247,-26.869995085169695],[-49.085742565358565,-26.869624055230652],[-49.08541138263556,-26.86960711223488],[-49.085459347877325,-26.86925993231421],[-49.085236686753866,-26.869075442490978],[-49.08526922156962,-26.868724328797914],[-49.084984671133775,-26.868398226073317],[-49.08494774201371,-26.86907433651354],[-49.08469130185579,-26.8691331982665],[-49.0844989758474,-26.869436807158397],[-49.08387363719616,-26.869060978994522],[-49.08251289535148,-26.869362278953414],[-49.082477617457634,-26.869664955157653],[-49.08315434001249,-26.870015977919934],[-49.08299237498296,-26.870498231083968],[-49.08334145521286,-26.871295430061306],[-49.083780675720185,-26.87151882959851],[-49.08437461726333,-26.871442747804878],[-49.08499272188889,-26.871990814318572],[-49.085289575068565,-26.871869393846392],[-49.08551316147967,-26.87209161966018],[-49.08581045849334,-26.871968900471565],[-49.085527996219795,-26.871623992615916],[-49.08571014439541,-26.87143888459738],[-49.086723148227236,-26.8714876344856],[-49.086680577219354,-26.87132873843306],[-49.087074464785466,-26.87116208162632],[-49.087036630678945,-26.870951468176372],[-49.08728203365531,-26.871079353141948],[-49.087443220328446,-26.870741374897204],[-49.086081650561674,-26.8709950622361],[-49.085777227938436,-26.870748189448],[-49.086828535305195,-26.86970306133064],[-49.08673426958153,-26.86934663726987],[-49.0869325699639,-26.868952169205777],[-49.08783211094155,-26.86818455971359],[-49.08778963420307,-26.8689265171939],[-49.08798678859808,-26.86919050750732],[-49.088484215106995,-26.87106931232276],[-49.088950920201825,-26.87124136779971],[-49.08938191581251,-26.871152696290977],[-49.08974050205937,-26.871554132014516],[-49.08868047270879,-26.871530322043284],[-49.088454138777,-26.871895052323907],[-49.08904953631655,-26.871955422903678],[-49.089381067598715,-26.872250121429026],[-49.08983966284091,-26.871878101685528],[-49.09026773323744,-26.87252456440063],[-49.08845638561886,-26.874315274174577],[-49.0880602608638,-26.8748974583861],[-49.08776138418027,-26.875840199560564],[-49.08813894653131,-26.876391472604315],[-49.088047554163396,-26.877687591150984],[-49.08785190589981,-26.87795647331089],[-49.08811105510159,-26.87855272115239],[-49.087907410868745,-26.878753598608586],[-49.08773252494855,-26.87980446025098],[-49.087116724693125,-26.881028806784716],[-49.087067396839096,-26.88148053963288],[-49.08685793100081,-26.881752058967248],[-49.086900701223705,-26.882030149471746],[-49.08635714910588,-26.88301411171355],[-49.085603760821265,-26.883931355864835],[-49.085493471964696,-26.884384469751772],[-49.08441947766265,-26.885839250116526],[-49.08398169217888,-26.88669996824639],[-49.08380554063092,-26.887740060675576],[-49.0830503735754,-26.888688036994505],[-49.082951997564685,-26.88918728501341],[-49.08113122831801,-26.89083125895916],[-49.07982074297212,-26.89229593916883],[-49.07965623551052,-26.892703116443077],[-49.07754297739186,-26.894864907466232],[-49.07719540099615,-26.895066101739314],[-49.07651753646455,-26.89597922597779],[-49.07481991573335,-26.89741587557125],[-49.07348638625782,-26.8979145255817],[-49.07201249377639,-26.897748804073277],[-49.066037270713956,-26.895040521750044],[-49.06338031154961,-26.89418338288163],[-49.06184533972563,-26.893840493032087],[-49.0616572446715,-26.89368036788409],[-49.06043336152382,-26.89379595767044],[-49.059652384462915,-26.894109669296448],[-49.05854926513514,-26.895033338402953],[-49.05847596488532,-26.895839934086506],[-49.05890947637586,-26.89665525354203],[-49.058873814206784,-26.897425565083182],[-49.0593852139409,-26.89875439949957],[-49.05987844424448,-26.899196690447514],[-49.061680682217585,-26.90002953497632],[-49.06332303561462,-26.902006233612532],[-49.06514538090523,-26.90353298987171],[-49.06693507304194,-26.90535879287023],[-49.067151389218935,-26.905668395107206],[-49.0669715650883,-26.905688546691593],[-49.06717891423575,-26.90579560516724],[-49.06713868509115,-26.906007519726593],[-49.06728615095172,-26.905970472817152],[-49.06726349883982,-26.905817540552324],[-49.06738760620128,-26.906187322624135],[-49.067696187695304,-26.906339444923475],[-49.06780505421213,-26.90686177155742],[-49.06803270125493,-26.906715956100626],[-49.06826515709549,-26.907343420348408],[-49.068180722391446,-26.907663172789547],[-49.06837001836028,-26.908152009809132],[-49.068342730201756,-26.908855453226586],[-49.06810042149978,-26.90999896634956],[-49.06763770383256,-26.91079301736752],[-49.067673900082795,-26.911394913032947],[-49.06715116603713,-26.91289447818392],[-49.06690600560769,-26.914502502281888],[-49.0660360637524,-26.916408769320004],[-49.06494775504379,-26.917850173258252],[-49.06388757538225,-26.918740046077897],[-49.06182970917776,-26.91996395807671],[-49.06084147699083,-26.92017610926941],[-49.06041395669523,-26.92001074986129],[-49.06001985027663,-26.919779484077164],[-49.05997893665795,-26.919594974092366],[-49.06009893839841,-26.9195635297553],[-49.05997033204515,-26.919128842105376],[-49.06037157478019,-26.91702081347061],[-49.06005890650143,-26.914614187233806],[-49.05960675929729,-26.91398472906252],[-49.058372365537146,-26.912968974290493],[-49.0575544024744,-26.911840114292996],[-49.056098892836744,-26.9113715449757],[-49.05417854240746,-26.911262603495402],[-49.05137570091437,-26.910440635837855],[-49.05027612964642,-26.91031800241617],[-49.046838509014975,-26.90921484987772],[-49.04481344111133,-26.908150480693617],[-49.04489939059573,-26.907973796760622],[-49.044612605443646,-26.90784668351906],[-49.04432017895547,-26.907420334906963],[-49.044328031774064,-26.906738590610264],[-49.0456735524209,-26.903590894840708],[-49.04563245187626,-26.90138974398844],[-49.046004873447394,-26.9001715048065],[-49.04592554119681,-26.899566428729504],[-49.04606165699108,-26.89965088423701],[-49.04610509601448,-26.899496015377814],[-49.045713259459674,-26.89824513811035],[-49.04580310993214,-26.89795150378528],[-49.04556952625276,-26.89775115269408],[-49.045004715098244,-26.896208340546863],[-49.04315239105547,-26.894961034423225],[-49.04266829706724,-26.894799195443976],[-49.04205289015443,-26.89487724444547],[-49.04131475074112,-26.895368054088685],[-49.040106055106655,-26.895696037410133],[-49.03974370600886,-26.895492918189845],[-49.03919096594456,-26.8954765689568],[-49.039605566073654,-26.8958182514309],[-49.038387289532025,-26.897152801550284],[-49.036741932917806,-26.898152254967844],[-49.03644567917498,-26.898482392213275],[-49.03618090037639,-26.89800260647279],[-49.03595003960982,-26.897929087590576],[-49.036007318421056,-26.898142006874192],[-49.03577488679605,-26.898497716603032],[-49.036035636484655,-26.898418190799866],[-49.03617713986482,-26.89862266351641],[-49.035687659428746,-26.899157628606044],[-49.03558212794743,-26.899545620068707],[-49.0343648105106,-26.900849606097264],[-49.033829800115846,-26.901867294008653],[-49.03291860624705,-26.902776346497667],[-49.032631124849665,-26.902519099154457],[-49.032525723018225,-26.902056654094388],[-49.03266540223657,-26.903053698815384],[-49.030166584147175,-26.905923809634388],[-49.02918024352172,-26.906538554489472],[-49.02919765918609,-26.90672800383221],[-49.02896129670668,-26.906682137052755],[-49.0283329922742,-26.907118665421013],[-49.027924699728274,-26.907152218879467],[-49.02768610076093,-26.907399315395853],[-49.02740981958846,-26.906901689355323],[-49.02742913800695,-26.907349426698808],[-49.02724598469469,-26.907444579546627],[-49.023926759628836,-26.906901503338382],[-49.02081162816555,-26.90607267749498],[-49.019553743216335,-26.905199481076714],[-49.019935092593045,-26.90480967278266],[-49.01942310331747,-26.904936353209454],[-49.01964915615702,-26.904560748042776],[-49.019023842767474,-26.903798381458905],[-49.01860757491363,-26.902868679490997],[-49.018480493513096,-26.901560148415633],[-49.018685091913596,-26.901248357187868],[-49.0185506819465,-26.901182022555673],[-49.018619113292,-26.90069556045723],[-49.01835075681973,-26.899517352079364],[-49.018026660991104,-26.898700235505423],[-49.017073671266516,-26.897458955344447],[-49.01748849234442,-26.897549444860246],[-49.0176896088891,-26.897435595491185],[-49.017779572983024,-26.89616059196622],[-49.017231857580924,-26.895906877608752]],[[-49.01681686981719,-26.895511958395783],[-49.016808701703255,-26.89552726932632],[-49.01681180957918,-26.895510977396327],[-49.01681686981719,-26.895511958395783]],[[-49.01685686512261,-26.895557384798696],[-49.01684830329969,-26.89556482465927],[-49.016848435342524,-26.89555726640763],[-49.01685686512261,-26.895557384798696]],[[-49.08938900285969,-26.874752918284763],[-49.08989913625809,-26.874911003703986],[-49.090315479128286,-26.875244914379145],[-49.08944900150544,-26.875544513059165],[-49.08931682069094,-26.875898058739402],[-49.08901357461603,-26.87615000220237],[-49.088765257930945,-26.87596787792358],[-49.08879869297406,-26.87572149927822],[-49.0892005040383,-26.87527001468846],[-49.08920526216437,-26.87492327459219],[-49.08938900285969,-26.874752918284763]],[[-49.084813288171596,-26.870521514830873],[-49.08469914615832,-26.870539524715856],[-49.0847204655564,-26.8704571832949],[-49.084813288171596,-26.870521514830873]],[[-49.083296296270994,-26.870862463547045],[-49.08323595960734,-26.87085334422052],[-49.0832741496025,-26.87082820948111],[-49.083296296270994,-26.870862463547045]],[[-49.082521040350294,-26.869490230539515],[-49.0826806256466,-26.869497206579137],[-49.08251484133385,-26.869554338034213],[-49.082521040350294,-26.869490230539515]],[[-49.0836860571479,-26.869448986379115],[-49.08355118357665,-26.869384881483914],[-49.08354770890869,-26.869346711502793],[-49.0836860571479,-26.869448986379115]],[[-49.082899483719615,-26.869466916927596],[-49.08282325355788,-26.869466598258843],[-49.08289915165039,-26.869442335401196],[-49.082899483719615,-26.869466916927596]],[[-49.08285045001621,-26.865798928412577],[-49.08290208798452,-26.86591658715257],[-49.08283815764149,-26.865962999398636],[-49.08278300307568,-26.865917877002662],[-49.08285045001621,-26.865798928412577]],[[-49.084759895389574,-26.865829989142448],[-49.08465016495253,-26.86571202334088],[-49.08466168456065,-26.865680930883297],[-49.08479695167621,-26.865725240391058],[-49.084759895389574,-26.865829989142448]],[[-49.08269229949903,-26.865267775718255],[-49.08283264777696,-26.86540507461973],[-49.08280668422874,-26.865447990102396],[-49.082691865239184,-26.8654366048618],[-49.08269229949903,-26.865267775718255]],[[-49.08151981119201,-26.864712686557358],[-49.0815930019864,-26.86470192270952],[-49.081595485043394,-26.864732711661674],[-49.08151981119201,-26.864712686557358]],[[-49.08171481869311,-26.86473235434208],[-49.08173916247088,-26.864669366169874],[-49.081778098132816,-26.864705359278112],[-49.08171481869311,-26.86473235434208]],[[-49.08150728173912,-26.864611298624755],[-49.08143398326154,-26.864584573867067],[-49.08151337562717,-26.864568256637256],[-49.08150728173912,-26.864611298624755]],[[-49.08153721206573,-26.862061057717806],[-49.080936101163644,-26.86128282146908],[-49.08110515367224,-26.86100428064549],[-49.08206777444317,-26.860730095988135],[-49.08341713681929,-26.85969981038444],[-49.08351974912195,-26.859879118675654],[-49.08295373935652,-26.860531630970556],[-49.08253736079689,-26.861662711805984],[-49.083262142798844,-26.861885803742517],[-49.08332965164595,-26.862090896333214],[-49.083205790220816,-26.86227843838008],[-49.08262931959136,-26.862165875574647],[-49.08246030202364,-26.862253757567316],[-49.08266415007599,-26.86346320686271],[-49.083068794699564,-26.86426708642901],[-49.082985186372916,-26.8644197714935],[-49.082719051211896,-26.864305168792786],[-49.08226996130892,-26.863699616161654],[-49.08153721206573,-26.862061057717806]],[[-49.08556806997656,-26.859755457663628],[-49.08560616129022,-26.85978575300369],[-49.085564243283834,-26.85978349021797],[-49.08556806997656,-26.859755457663628]],[[-49.082159258623115,-26.85284282211652],[-49.082231028779404,-26.85284406461194],[-49.08220277419587,-26.85286882858779],[-49.082159258623115,-26.85284282211652]],[[-49.082661393755416,-26.852809214487834],[-49.082588871012405,-26.852734811445472],[-49.0826077652702,-26.852692603216983],[-49.082661393755416,-26.852809214487834]],[[-49.08300561777813,-26.852758661165556],[-49.083090850369025,-26.852786685351692],[-49.08297318861279,-26.852789834406504],[-49.08300561777813,-26.852758661165556]],[[-49.08273888304971,-26.85270795804695],[-49.08280041057618,-26.85260546517885],[-49.08290819151229,-26.852644652727285],[-49.082847987638665,-26.85270816528951],[-49.08273888304971,-26.85270795804695]],[[-49.082138181666686,-26.852062430200924],[-49.082126358559734,-26.851892416187543],[-49.082327090355214,-26.851832078961646],[-49.082374495529045,-26.852089252771844],[-49.082138181666686,-26.852062430200924]],[[-49.081987409103036,-26.851771962541484],[-49.081901685494785,-26.85174328099756],[-49.08192532024256,-26.851705443569216],[-49.081987409103036,-26.851771962541484]],[[-49.08246145612824,-26.85176491417854],[-49.08239368735417,-26.851589979515065],[-49.082531582915806,-26.85156311892866],[-49.08246145612824,-26.85176491417854]],[[-49.08151270176822,-26.851440994470735],[-49.081438182188386,-26.851414924275115],[-49.08151816361209,-26.851408684193107],[-49.08151270176822,-26.851440994470735]],[[-49.08216540176252,-26.85139399190368],[-49.08201096207753,-26.851257487613125],[-49.081739460053434,-26.851261632517883],[-49.08201864140009,-26.851105072601765],[-49.08216540176252,-26.85139399190368]],[[-49.081808988847634,-26.851141475696],[-49.08161107170668,-26.85106164121226],[-49.081657253279666,-26.850937254212287],[-49.08188557233948,-26.850997058298386],[-49.081808988847634,-26.851141475696]],[[-49.08004036450483,-26.85085121336607],[-49.07985620901402,-26.85089052695456],[-49.08008863495092,-26.85078099400453],[-49.08004036450483,-26.85085121336607]],[[-49.081422787009174,-26.851170612636615],[-49.081360765636234,-26.851187948307754],[-49.08135633306297,-26.85115165747023],[-49.081422787009174,-26.851170612636615]],[[-49.08098292490134,-26.851154448967808],[-49.08093910527403,-26.851205537459773],[-49.080959771966704,-26.851146541861564],[-49.08098292490134,-26.851154448967808]],[[-49.08115741320727,-26.85131274704012],[-49.08120477654926,-26.851281467028294],[-49.0812055661591,-26.85132324423169],[-49.08115741320727,-26.85131274704012]],[[-49.081410435650085,-26.851327226114826],[-49.08148518972966,-26.851322967328027],[-49.08144293800692,-26.85136060980431],[-49.081410435650085,-26.851327226114826]],[[-49.07987919090556,-26.851510494393857],[-49.07977843264395,-26.851543917549137],[-49.07978058090125,-26.85149356365644],[-49.07987919090556,-26.851510494393857]],[[-49.082076156387096,-26.85059175717213],[-49.08212662810519,-26.850316912579068],[-49.0822702390469,-26.849924796692346],[-49.082576340583906,-26.85039365504874],[-49.08224991769386,-26.850682732595896],[-49.082076156387096,-26.85059175717213]],[[-49.086535288938705,-26.85046217742676],[-49.08597733480434,-26.850265950251984],[-49.08518521512319,-26.849955617532093],[-49.08598837575948,-26.850089789800645],[-49.086535288938705,-26.85046217742676]],[[-49.08377566907643,-26.849889506826937],[-49.08370622453887,-26.84985143905412],[-49.08380768821961,-26.849801042825106],[-49.08377566907643,-26.849889506826937]],[[-49.08295349490757,-26.849795296573717],[-49.083648820299786,-26.84999247286948],[-49.083624590951274,-26.85026959504761],[-49.0832670374879,-26.850286817355457],[-49.0829633443418,-26.850082324020594],[-49.08295349490757,-26.849795296573717]],[[-49.0824407908938,-26.850017462068017],[-49.08239777067641,-26.85004346337843],[-49.08242669304438,-26.849967815906105],[-49.0824407908938,-26.850017462068017]],[[-49.081599308918,-26.850012762433558],[-49.08152665154253,-26.850053064891114],[-49.08154339874076,-26.850020777740802],[-49.081599308918,-26.850012762433558]],[[-49.08087086091705,-26.850167704754853],[-49.08101225911878,-26.85040737928917],[-49.080730767251424,-26.850457084020455],[-49.08056012136274,-26.850271244857815],[-49.08087086091705,-26.850167704754853]],[[-49.0820371154527,-26.85035803896206],[-49.08209135167163,-26.850344630573368],[-49.08208024594157,-26.850367913955534],[-49.0820371154527,-26.85035803896206]],[[-49.08147452187941,-26.84994528461546],[-49.08153646661372,-26.849913417536925],[-49.08154362524442,-26.84997203180957],[-49.08147452187941,-26.84994528461546]],[[-49.08656623563644,-26.849118832703166],[-49.08658534779514,-26.848929119845014],[-49.08683265649439,-26.84896700702826],[-49.087057468096184,-26.848799772070322],[-49.08729092252369,-26.847886810413403],[-49.087187645258055,-26.847789178023227],[-49.08764715437662,-26.84775592886687],[-49.08692419664776,-26.84924860047168],[-49.08656623563644,-26.849118832703166]],[[-49.085783460818305,-26.847925042989438],[-49.08566332016347,-26.84832751362438],[-49.08514126870163,-26.848236935283325],[-49.08514547532503,-26.847939181437077],[-49.085783460818305,-26.847925042989438]],[[-49.084773795086505,-26.84804620416694],[-49.08495075525704,-26.84823196101932],[-49.084349042797996,-26.848186704969333],[-49.084773795086505,-26.84804620416694]],[[-49.086352671689795,-26.848029750588015],[-49.08638051773176,-26.847991312831642],[-49.08638081132717,-26.848044268630133],[-49.086352671689795,-26.848029750588015]],[[-49.08691604659679,-26.848723357372798],[-49.08680905859161,-26.848664948340073],[-49.086901478939915,-26.848438654081683],[-49.08699451061957,-26.8485955119953],[-49.08691604659679,-26.848723357372798]],[[-49.085820091641565,-26.84865682641191],[-49.08600180275854,-26.84872735615433],[-49.08596189557945,-26.848892760696405],[-49.08563852828666,-26.84881374249568],[-49.085820091641565,-26.84865682641191]],[[-49.08405559841304,-26.84867639123951],[-49.08399985181929,-26.84869032444862],[-49.08402939264824,-26.84863378914999],[-49.08405559841304,-26.84867639123951]],[[-49.086082595501466,-26.848780587174645],[-49.08626260321251,-26.848728266127512],[-49.08618952292247,-26.848831553886317],[-49.086082595501466,-26.848780587174645]],[[-49.08599221584935,-26.847404577043534],[-49.08605460801988,-26.846965222421183],[-49.08678340433217,-26.846719926018537],[-49.08700757216332,-26.846907715595947],[-49.086717327257695,-26.84708275196433],[-49.08660815812065,-26.847385785810538],[-49.08599221584935,-26.847404577043534]],[[-49.08610500324272,-26.846577449382067],[-49.08606249306908,-26.846874403447256],[-49.08598165160425,-26.846711693894697],[-49.08610500324272,-26.846577449382067]],[[-49.08808277178171,-26.846066285497617],[-49.08817775641901,-26.84608499557705],[-49.08809016142028,-26.846126543823594],[-49.08808277178171,-26.846066285497617]],[[-49.09009739677008,-26.840532193237824],[-49.09020786768853,-26.840651670191836],[-49.09021665916551,-26.840997613885385],[-49.090036389852564,-26.840801107539715],[-49.09009739677008,-26.840532193237824]],[[-49.09027963872497,-26.837368731788775],[-49.0903698801189,-26.83712009404713],[-49.09070727324853,-26.837273893046024],[-49.090542829792305,-26.83743358857334],[-49.09027963872497,-26.837368731788775]],[[-49.111298406408835,-26.876957255519702],[-49.11118987444497,-26.87687446989768],[-49.11136374036044,-26.876796533102087],[-49.111402797486114,-26.876849718009243],[-49.111298406408835,-26.876957255519702]],[[-49.11507642209379,-26.87730007952349],[-49.11518139768799,-26.877393795455035],[-49.11504164870874,-26.877331962484448],[-49.11507642209379,-26.87730007952349]],[[-49.1112284118344,-26.88153646258968],[-49.11136321488863,-26.881848797575433],[-49.11130430351028,-26.881939339934767],[-49.1112284118344,-26.88153646258968]],[[-49.112926871772785,-26.882286106895226],[-49.114243587061004,-26.882842954419296],[-49.11423519848842,-26.883191910124584],[-49.11373522499674,-26.88314372999278],[-49.11299945800446,-26.882796584573548],[-49.11283635520899,-26.882477315788044],[-49.112926871772785,-26.882286106895226]],[[-49.11537799591628,-26.88322422692598],[-49.11518953835328,-26.882976853486376],[-49.115342393792396,-26.882857787787113],[-49.115912291888904,-26.88323357010088],[-49.11672788318326,-26.883089374088684],[-49.116660374773886,-26.882918217590902],[-49.116786052223084,-26.882884436458006],[-49.11734951817431,-26.883136823613142],[-49.11755879456697,-26.883554006560487],[-49.117311538183465,-26.884061178057728],[-49.11559195503217,-26.8840438602752],[-49.11539988599498,-26.883913314808368],[-49.11537799591628,-26.88322422692598]],[[-49.1149953287147,-26.883474090025857],[-49.11485956816422,-26.883343622391],[-49.11491869151747,-26.883241540296005],[-49.11502509516797,-26.88333277219165],[-49.1149953287147,-26.883474090025857]],[[-49.11912751521138,-26.88410483405568],[-49.119111026726706,-26.883880957409424],[-49.11958479422673,-26.884150956168988],[-49.11957358501902,-26.884477560143075],[-49.11912751521138,-26.88410483405568]],[[-49.118372134535946,-26.88245410585325],[-49.11824080372761,-26.88254729829438],[-49.118244464919606,-26.882463135000226],[-49.118372134535946,-26.88245410585325]],[[-49.123914599225856,-26.88810199874423],[-49.12401784200318,-26.888101225683734],[-49.123928117012014,-26.888123410484994],[-49.123914599225856,-26.88810199874423]],[[-49.12461642349286,-26.88879952200203],[-49.1246678847575,-26.888756934520202],[-49.124707217596885,-26.888834122484994],[-49.12461642349286,-26.88879952200203]],[[-49.12513849360701,-26.889183286104387],[-49.125112669200945,-26.889208829000747],[-49.12509186060005,-26.88919568729834],[-49.12513849360701,-26.889183286104387]],[[-49.12561736865706,-26.889983158498012],[-49.12544645406624,-26.890002126939756],[-49.12551416122712,-26.88993381849612],[-49.12561736865706,-26.889983158498012]],[[-49.125387787807696,-26.890047648297926],[-49.12545758879616,-26.89007028862668],[-49.12541299672874,-26.890095935452447],[-49.125387787807696,-26.890047648297926]],[[-49.13690438748781,-26.889718207901524],[-49.136572607668036,-26.88906059745091],[-49.13660505278668,-26.889417887402487],[-49.13587682846439,-26.889219369379383],[-49.13702682633942,-26.888397542717826],[-49.13744651295897,-26.888390587306045],[-49.13778557165047,-26.88941959148835],[-49.13770238259955,-26.889675301807916],[-49.13737392472896,-26.889875697421754],[-49.13690438748781,-26.889718207901524]],[[-49.13799025307276,-26.888781511188785],[-49.138025368586824,-26.888749329172864],[-49.13801056034453,-26.888807997006094],[-49.13799025307276,-26.888781511188785]],[[-49.13721043474621,-26.88818639433847],[-49.13745049183375,-26.888213806321215],[-49.13730201977981,-26.888334767768246],[-49.13721043474621,-26.88818639433847]],[[-49.139925380223254,-26.887668125861264],[-49.13998730262424,-26.887616811771522],[-49.1399815688259,-26.887681303229098],[-49.139925380223254,-26.887668125861264]],[[-49.14427310896523,-26.884611293817468],[-49.144351976404835,-26.884605322857897],[-49.14434568182464,-26.88465413429204],[-49.14427310896523,-26.884611293817468]],[[-49.14465222615757,-26.884162955773725],[-49.14472045461939,-26.884136351382324],[-49.14466870004694,-26.88417703976808],[-49.14465222615757,-26.884162955773725]],[[-49.143147399267754,-26.880918344279287],[-49.143174339083835,-26.880865338793026],[-49.14320051423564,-26.880937127521246],[-49.143147399267754,-26.880918344279287]],[[-49.1426332208187,-26.880796201306083],[-49.142487706977874,-26.880790983173206],[-49.14259351640424,-26.88065041526928],[-49.1426332208187,-26.880796201306083]],[[-49.143796409440746,-26.880790663584516],[-49.14364381281766,-26.880781306435896],[-49.1436380032911,-26.88069378507307],[-49.14374373598433,-26.880712962281393],[-49.143796409440746,-26.880790663584516]],[[-49.14425458197443,-26.880673127215477],[-49.14409844949914,-26.88063717069473],[-49.14414881589977,-26.88056038266253],[-49.14425458197443,-26.880673127215477]],[[-49.143641923447774,-26.8803296683148],[-49.14340362505271,-26.880745610261283],[-49.14284317001002,-26.880402550781604],[-49.14325154194233,-26.880430598374947],[-49.143597358709584,-26.880190935703666],[-49.143928415471,-26.880446401461878],[-49.14370857124228,-26.88045943850549],[-49.143641923447774,-26.8803296683148]],[[-49.142888886711035,-26.880638888379497],[-49.14270771331474,-26.880570686392943],[-49.14268096602106,-26.880534593035225],[-49.14283153425566,-26.88054961189954],[-49.142888886711035,-26.880638888379497]],[[-49.14238714144434,-26.87924799536896],[-49.14248049555983,-26.87917051370975],[-49.14248351122296,-26.879224641655757],[-49.14238714144434,-26.87924799536896]],[[-49.14233441472474,-26.879089029495596],[-49.14242479356648,-26.879063932655786],[-49.14243931905041,-26.87914004490209],[-49.14233441472474,-26.879089029495596]],[[-49.14233241683848,-26.87891112387838],[-49.14240444589179,-26.87890598824007],[-49.142383986466626,-26.878964970722226],[-49.14233241683848,-26.87891112387838]],[[-49.1420519925263,-26.87838927239693],[-49.142148990228634,-26.878347804106163],[-49.14216629101768,-26.878389503512803],[-49.1420519925263,-26.87838927239693]],[[-49.142075111254755,-26.877834089123365],[-49.14221853211515,-26.87804893114008],[-49.14215338081418,-26.87826543690452],[-49.142025720286966,-26.877981045042937],[-49.142075111254755,-26.877834089123365]],[[-49.14269114718213,-26.878094535259685],[-49.1427257270709,-26.878184196481385],[-49.14271027344044,-26.87820180282915],[-49.14268455200909,-26.87818942102656],[-49.14269114718213,-26.878094535259685]],[[-49.142780831617145,-26.86926844121738],[-49.14280811434105,-26.869363622893115],[-49.142789699603505,-26.869405038801123],[-49.14273066879034,-26.86936096806635],[-49.142780831617145,-26.86926844121738]],[[-49.15379867183206,-26.86858182927734],[-49.15375155506201,-26.868586193963218],[-49.15378365888722,-26.868551866368215],[-49.15379867183206,-26.86858182927734]],[[-49.14255164821868,-26.886731828470428],[-49.142439381163804,-26.886690984540532],[-49.142452184585466,-26.886678056347225],[-49.14255164821868,-26.886731828470428]],[[-49.13710791613979,-26.89236186211586],[-49.1397940816498,-26.8930388572468],[-49.13983729942993,-26.893111788562404],[-49.139030785354095,-26.893203969252543],[-49.13631268733726,-26.89277521319708],[-49.13617220553033,-26.89261631295758],[-49.13632868257839,-26.89214276934237],[-49.13614795697628,-26.891776479320363],[-49.13710791613979,-26.89236186211586]],[[-49.14368491334803,-26.89470299918193],[-49.14442093570748,-26.896517191647252],[-49.14489273176676,-26.89688232745794],[-49.144859167805926,-26.89711637894235],[-49.14296380944015,-26.897818294218066],[-49.14202157613829,-26.897734163775034],[-49.14155888196088,-26.897292298472728],[-49.141467064115204,-26.896926730711467],[-49.14226147135767,-26.895701158020106],[-49.142395291415546,-26.89570985497475],[-49.1429376734294,-26.89377323824437],[-49.14368491334803,-26.89470299918193]],[[-49.17192528625124,-26.880290308911118],[-49.17211740816992,-26.880230355294117],[-49.171912979598055,-26.8803090598023],[-49.17192528625124,-26.880290308911118]],[[-49.145544256487774,-26.898601399036313],[-49.145369722684244,-26.898623014483473],[-49.14563072458341,-26.898472459414698],[-49.145544256487774,-26.898601399036313]],[[-49.0945776591365,-26.885781503501356],[-49.09444103075145,-26.885578887292365],[-49.094658952389494,-26.885181793318186],[-49.09473248937536,-26.885441893409443],[-49.0945776591365,-26.885781503501356]],[[-49.060364363648624,-26.92809209168358],[-49.06031656100252,-26.92811679986869],[-49.060309231043675,-26.928023397654766],[-49.060364363648624,-26.92809209168358]],[[-49.06136729153442,-26.928879761395166],[-49.06129932050934,-26.928869938667724],[-49.06136449753044,-26.928865791736616],[-49.06136729153442,-26.928879761395166]],[[-49.06112592353385,-26.929138949007097],[-49.06101190187861,-26.929172726440946],[-49.06095281502194,-26.929082184443075],[-49.06112592353385,-26.929138949007097]],[[-49.06036181609966,-26.92942302695762],[-49.06029162385292,-26.929445680960598],[-49.06031784514667,-26.929408144269104],[-49.06036181609966,-26.92942302695762]],[[-49.075667221623256,-26.941773298998232],[-49.0755939350363,-26.941701064518437],[-49.07563231509979,-26.9415971128463],[-49.075651549043585,-26.941621605148868],[-49.075667221623256,-26.941773298998232]],[[-49.01773039430599,-26.895090313941505],[-49.017740052639304,-26.895065786274905],[-49.017749450464066,-26.89507995051525],[-49.01773039430599,-26.895090313941505]],[[-49.016973440305605,-26.8952694728607],[-49.01696386085002,-26.895285855378216],[-49.01696675929939,-26.89526962634767],[-49.016973440305605,-26.8952694728607]],[[-49.016916608965325,-26.896793986258945],[-49.016926054218814,-26.89678577882688],[-49.01692604173594,-26.896793354958938],[-49.016916608965325,-26.896793986258945]],[[-49.139870922896215,-26.887491768169614],[-49.139945652111216,-26.887547995940302],[-49.13992551763663,-26.887584995063584],[-49.139870922896215,-26.887491768169614]],[[-49.08501974737548,-26.86611358360619],[-49.08493772512776,-26.866060635897345],[-49.08491683577437,-26.866006518157548],[-49.08495182795974,-26.866010056064546],[-49.08501974737548,-26.86611358360619]],[[-49.017033192227224,-26.895306414022283],[-49.01702374711149,-26.895314621470302],[-49.01702375958093,-26.895307045336374],[-49.017033192227224,-26.895306414022283]]]]}}]}
