{"type":"FeatureCollection","name":"carta_enchente_8_5m_2025_Simplificada","crs":{"type":"name","properties":{"name":"urn:ogc:def:crs:OGC:1.3:CRS84"}},"features":[{"type":"Feature","properties":{"Mancha":"Carta de enchente de 8,5 m de Blumenau 2025","Area_ha":663.42346,"Fonte":"Universidade Regional de Blumenau"},"geometry":{"type":"MultiPolygon","coordinates":[[[[-49.07704662002008,-26.94642434562604],[-49.076945242568925,-26.946342526295805],[-49.07697560030051,-26.946431884450437],[-49.07704662002008,-26.94642434562604]]],[[[-49.07697059701236,-26.94628003279672],[-49.07704807980658,-26.946315406557037],[-49.07697327285102,-26.946224891942407],[-49.07697059701236,-26.94628003279672]]],[[[-49.07703434772919,-26.94598611471513],[-49.07711179517632,-26.94599306654969],[-49.077072851751836,-26.94590696032859],[-49.07703434772919,-26.94598611471513]]],[[[-49.07717834926748,-26.945959680234207],[-49.07719849900793,-26.94586703959323],[-49.07709432631428,-26.94578459626475],[-49.077076361589704,-26.94584398186051],[-49.07717834926748,-26.945959680234207]]],[[[-49.07712099869678,-26.945615957356857],[-49.07718213535993,-26.945658152159627],[-49.07721450824584,-26.945630989433717],[-49.07712099869678,-26.945615957356857]]],[[[-49.0772533566726,-26.94559343895314],[-49.07727272592285,-26.945488247859274],[-49.07718001690101,-26.94549780281327],[-49.07717331933293,-26.945504741912266],[-49.0772533566726,-26.94559343895314]]],[[[-49.07721503128147,-26.945304134408097],[-49.077298911930136,-26.945311782479806],[-49.07728067890813,-26.94524639619139],[-49.07721503128147,-26.945304134408097]]],[[[-49.07726360630636,-26.945198386756374],[-49.077283872330476,-26.945039943536745],[-49.07718735369539,-26.94496298435034],[-49.07716478129062,-26.94508287366916],[-49.07726360630636,-26.945198386756374]]],[[[-49.07718329049792,-26.9448684002627],[-49.07728508242062,-26.94468499459622],[-49.0771132591507,-26.943808338923766],[-49.07698416275271,-26.943883578381367],[-49.07718329049792,-26.9448684002627]]],[[[-49.06798653842667,-26.937756722326665],[-49.0680248792416,-26.937742414406763],[-49.06800176821686,-26.93771060367118],[-49.06798653842667,-26.937756722326665]]],[[[-49.067845063146265,-26.937663753656455],[-49.067968031896136,-26.937689780563026],[-49.06794447460481,-26.93761532305529],[-49.067845063146265,-26.937663753656455]]],[[[-49.05696733208604,-26.9279038181151],[-49.056974604363766,-26.927796241394727],[-49.0567474582645,-26.927739108550597],[-49.05677236751017,-26.927823353231066],[-49.05696733208604,-26.9279038181151]]],[[[-49.04769044028377,-26.926839304340948],[-49.04776536265812,-26.926832222761675],[-49.04767267612213,-26.926818135197614],[-49.04769044028377,-26.926839304340948]]],[[[-49.050000344218674,-26.92685386295203],[-49.049543401434306,-26.927024302775077],[-49.04923015533784,-26.92670699824953],[-49.0493327190552,-26.927015366723342],[-49.04882793015395,-26.927270440076565],[-49.04837185722842,-26.92692971026483],[-49.04821634136931,-26.926889437255404],[-49.048663628051145,-26.927362520150172],[-49.050325181731495,-26.926919112772016],[-49.05009200863115,-26.92685181272544],[-49.049810138784366,-26.926398178229565],[-49.050000344218674,-26.92685386295203]]],[[[-49.05212043259206,-26.92575153981831],[-49.05223002199929,-26.925833303966417],[-49.052232731701594,-26.925737553947314],[-49.05212043259206,-26.92575153981831]]],[[[-49.05149451865488,-26.92586012422917],[-49.051419024495154,-26.9257651745063],[-49.051239885983684,-26.925996325554834],[-49.050936586488035,-26.925941416855164],[-49.050994144014695,-26.926488752397663],[-49.05050300364946,-26.92690005169067],[-49.05176153613373,-26.926009941202455],[-49.052113899194424,-26.92555278917927],[-49.05149451865488,-26.92586012422917]],[[-49.051137618844386,-26.926110990834697],[-49.05109399621872,-26.92614895851744],[-49.051089149653805,-26.926069983246464],[-49.051137618844386,-26.926110990834697]]],[[[-49.06754031480375,-26.925454103453923],[-49.067678098317984,-26.925470438390175],[-49.067483952868336,-26.92542633336281],[-49.06754031480375,-26.925454103453923]]],[[[-49.0672425655799,-26.925248313157912],[-49.06734884628126,-26.92530131660128],[-49.067223407437226,-26.925224983124636],[-49.0672425655799,-26.925248313157912]]],[[[-49.06686119405398,-26.925101340297463],[-49.067044550795764,-26.92512837450777],[-49.06681989052457,-26.92507854377263],[-49.06686119405398,-26.925101340297463]]],[[[-49.05377358033104,-26.92488683820438],[-49.053828532000374,-26.9249602703311],[-49.05386568423801,-26.924887661336882],[-49.05377358033104,-26.92488683820438]]],[[[-49.06590685424972,-26.924807395492827],[-49.06621464197632,-26.924826039124643],[-49.06587169203822,-26.92478966489789],[-49.06590685424972,-26.924807395492827]]],[[[-49.0653881121707,-26.924664963498635],[-49.06546130123416,-26.924666278473353],[-49.06538019135892,-26.92463358138688],[-49.0653881121707,-26.924664963498635]]],[[[-49.06526490948094,-26.924638953406433],[-49.06535583764753,-26.924627050498735],[-49.065207523045686,-26.924625890086293],[-49.06526490948094,-26.924638953406433]]],[[[-49.05475047810713,-26.923942843575166],[-49.05428357412113,-26.924328692850235],[-49.05404667643248,-26.9241484491828],[-49.05369489631975,-26.924316132818397],[-49.05347040050659,-26.924675802807226],[-49.05318751617072,-26.924735112487394],[-49.052647696967526,-26.92521090342275],[-49.0526175991255,-26.925379974674367],[-49.05219210242272,-26.925503586740568],[-49.05267872024438,-26.9257009023624],[-49.052999772079325,-26.925587515922917],[-49.05338801876171,-26.925238160309927],[-49.05331480755777,-26.92505417213758],[-49.05377551156807,-26.924652093663713],[-49.05428753716243,-26.924762759260574],[-49.05429745732336,-26.924570155492358],[-49.0548693530526,-26.924308282848823],[-49.054947014402636,-26.92409494438417],[-49.05538211653239,-26.924106399603424],[-49.055663948711754,-26.923813907441605],[-49.0554582808032,-26.923716690768767],[-49.05475047810713,-26.923942843575166]]],[[[-49.069042305623825,-26.917866787190626],[-49.06915512139226,-26.917783341258623],[-49.069083402944486,-26.91769197501631],[-49.069027807189066,-26.917736059385373],[-49.069042305623825,-26.917866787190626]]],[[[-49.06887309902607,-26.91762027565991],[-49.069000289615786,-26.91761193966379],[-49.068920586077404,-26.917559888274994],[-49.06887309902607,-26.91762027565991]]],[[[-49.09443927511892,-26.91715180502375],[-49.0945302556856,-26.91715834359102],[-49.09444145869244,-26.917129374129473],[-49.09443927511892,-26.91715180502375]]],[[[-49.09437290920526,-26.91698379505702],[-49.094472569198714,-26.917009834951898],[-49.094445997741275,-26.91695069589023],[-49.09437290920526,-26.91698379505702]]],[[[-49.06115183099123,-26.916187678052946],[-49.06186216547593,-26.916330795412712],[-49.062174977232246,-26.915948613539584],[-49.06185119973747,-26.91626296012399],[-49.06058930011264,-26.915865129816147],[-49.06115183099123,-26.916187678052946]]],[[[-49.08687106520935,-26.912091746481554],[-49.08694789654665,-26.912082617505895],[-49.08688293579327,-26.91204628468173],[-49.08687106520935,-26.912091746481554]]],[[[-49.089291630610724,-26.9102500315559],[-49.08948766299128,-26.91026250127946],[-49.089557440454065,-26.910223704498893],[-49.089291630610724,-26.9102500315559]]],[[[-49.089124280634266,-26.910291236642543],[-49.08825061552566,-26.910134932670825],[-49.087803087772535,-26.91088169401426],[-49.08693310611767,-26.91086574818805],[-49.086297399186,-26.911425604132955],[-49.08697972850627,-26.910941327495323],[-49.08781299826459,-26.91095454788166],[-49.088317981539504,-26.91018220848249],[-49.089124280634266,-26.910291236642543]]],[[[-49.079495159877084,-26.909287950584865],[-49.07961849958743,-26.9093255615186],[-49.079550066943156,-26.90922353130426],[-49.079495159877084,-26.909287950584865]]],[[[-49.0793750024947,-26.909174006231634],[-49.07949004042243,-26.909189133747663],[-49.07942258716453,-26.909136863934425],[-49.0793750024947,-26.909174006231634]]],[[[-49.04630619455301,-26.906038581129163],[-49.046412511338666,-26.905989346362876],[-49.04635127574898,-26.90574532371402],[-49.04667649654565,-26.905483928403275],[-49.04623002494706,-26.90558375206119],[-49.04630619455301,-26.906038581129163]]],[[[-49.04703568872577,-26.905288006823202],[-49.04709472294642,-26.905324055765078],[-49.04711336080336,-26.90528752388575],[-49.04703568872577,-26.905288006823202]]],[[[-49.01290803078164,-26.90229141150792],[-49.01303778665149,-26.902369642977504],[-49.012874883948896,-26.902208084679728],[-49.01290803078164,-26.90229141150792]]],[[[-49.01377650210434,-26.90170238288033],[-49.013293316306594,-26.901816765443307],[-49.01285810885377,-26.901775914633905],[-49.013248695514605,-26.901938923689144],[-49.01377650210434,-26.90170238288033]]],[[[-49.020605304887674,-26.901233067240238],[-49.020668106069465,-26.90123080490113],[-49.02058455063678,-26.901200586457],[-49.020605304887674,-26.901233067240238]]],[[[-49.14732618875613,-26.903080458023712],[-49.14709212831592,-26.902863712564354],[-49.147048180148595,-26.903078587482746],[-49.14731900969702,-26.903343159046475],[-49.14722591552219,-26.90378280377833],[-49.14708418196895,-26.904044657243304],[-49.14680281374531,-26.904189206154587],[-49.14643882826662,-26.904604738432994],[-49.14639641953141,-26.904740855447603],[-49.146447487385245,-26.904854066739812],[-49.1471601311624,-26.905156928770346],[-49.14664623742531,-26.90490787201002],[-49.14646732866533,-26.904657340590077],[-49.14717232380288,-26.904025389638104],[-49.147487323699636,-26.90346030426952],[-49.147552396325864,-26.90284561516323],[-49.14795766768485,-26.902642102133377],[-49.14804052154922,-26.902448735134673],[-49.14745216178333,-26.902809178158535],[-49.14732618875613,-26.903080458023712]]],[[[-49.14845677193127,-26.90211136642682],[-49.14866781344836,-26.902110435921365],[-49.14874640532192,-26.902035637652563],[-49.14845677193127,-26.90211136642682]]],[[[-49.13486927799863,-26.89981677381393],[-49.13491492155132,-26.89986545727579],[-49.13491497899941,-26.89978140932851],[-49.13486927799863,-26.89981677381393]]],[[[-49.134952531155086,-26.89967043912296],[-49.13507072295157,-26.89953389542063],[-49.13507868648695,-26.899386253064584],[-49.13505379315814,-26.89941911477689],[-49.134952531155086,-26.89967043912296]]],[[[-49.0811180876342,-26.89810430120433],[-49.08149309222967,-26.898267209135792],[-49.081878580107,-26.898146534175954],[-49.08184423594475,-26.898108170452073],[-49.0811180876342,-26.89810430120433]]],[[[-49.13511405513268,-26.898922604374274],[-49.13515059012757,-26.89904137109649],[-49.135175843776146,-26.898742812188495],[-49.13511405513268,-26.898922604374274]]],[[[-49.13523621101723,-26.898492442031856],[-49.13527833895391,-26.89856008337755],[-49.135318062640465,-26.898420351031557],[-49.13523621101723,-26.898492442031856]]],[[[-49.13534365246397,-26.898274868827656],[-49.13538216930199,-26.898316410349235],[-49.135403284741194,-26.898212852183875],[-49.13534365246397,-26.898274868827656]]],[[[-49.078265336271514,-26.897365139402748],[-49.07845717476827,-26.897432290719035],[-49.078457785029556,-26.897343458215552],[-49.078265336271514,-26.897365139402748]]],[[[-49.082103761175105,-26.898030235333405],[-49.082391611645306,-26.897944440873196],[-49.08263942542902,-26.897577026334456],[-49.08324053365745,-26.897258512265225],[-49.08258936663012,-26.897475989749662],[-49.082103761175105,-26.898030235333405]]],[[[-49.02236010667758,-26.89611597651558],[-49.02240737837662,-26.89611040921967],[-49.02234866230117,-26.896052493313398],[-49.02236010667758,-26.89611597651558]]],[[[-49.021748756282754,-26.89572422413213],[-49.02211276359446,-26.895865183612997],[-49.02187573828309,-26.895585299031584],[-49.021748756282754,-26.89572422413213]]],[[[-49.021856538433106,-26.89549996885222],[-49.0203801152501,-26.895739386231583],[-49.019719728657,-26.895673074323696],[-49.01912439846552,-26.89611678026143],[-49.01970909742919,-26.89574397243281],[-49.02037677046739,-26.895808406039155],[-49.021856538433106,-26.89549996885222]]],[[[-49.02183693258849,-26.895310219708964],[-49.02196327020621,-26.895256655714707],[-49.02195710582558,-26.895081894655274],[-49.02191674004486,-26.89524432871905],[-49.02183693258849,-26.895310219708964]]],[[[-49.01697712376257,-26.895080113403736],[-49.017122017417826,-26.895203572282664],[-49.017397266516184,-26.895140199771014],[-49.018086105498284,-26.895529514411677],[-49.01831419282705,-26.895401596306357],[-49.018560685749314,-26.895630534706157],[-49.018545569634355,-26.89597284963439],[-49.01894764572384,-26.89618022265268],[-49.01880829322975,-26.895434751363013],[-49.01856717145848,-26.895172923944397],[-49.017722059278846,-26.89515418796283],[-49.01707931054735,-26.89486645361463],[-49.01697712376257,-26.895080113403736]]],[[[-49.13564293341537,-26.89662059902184],[-49.13569923518218,-26.896412180783326],[-49.135635885986,-26.89629897745363],[-49.13556819394145,-26.896389692589363],[-49.13564293341537,-26.89662059902184]]],[[[-49.04339287509945,-26.89453990673323],[-49.04370015185224,-26.89409611075707],[-49.04356302500559,-26.893531053936748],[-49.043296257911216,-26.894079857512015],[-49.04339287509945,-26.89453990673323]]],[[[-49.13538499632225,-26.894745700945492],[-49.135447158975595,-26.89476204723465],[-49.13544086799691,-26.894703326566916],[-49.13538499632225,-26.894745700945492]]],[[[-49.04364858675843,-26.8934803148518],[-49.04375924000877,-26.893466070226832],[-49.04380905181799,-26.8934386958962],[-49.04376528046239,-26.893426480441004],[-49.04364858675843,-26.8934803148518]]],[[[-49.14986924304259,-26.895468770559486],[-49.149948082260856,-26.89538751926335],[-49.14971554772923,-26.895093090344858],[-49.14965027720408,-26.894588757951002],[-49.14960885414981,-26.89526687081033],[-49.14986924304259,-26.895468770559486]]],[[[-49.064262395564405,-26.8925847921731],[-49.064550898700794,-26.892462460014155],[-49.064589491102076,-26.892414595836904],[-49.06436560039941,-26.89249254032289],[-49.064262395564405,-26.8925847921731]]],[[[-49.12803011015282,-26.893468877187885],[-49.12772903980632,-26.893112792661018],[-49.127635996397956,-26.893080642299136],[-49.1278484995641,-26.893370143961356],[-49.12803011015282,-26.893468877187885]]],[[[-49.13506452069898,-26.892859030001034],[-49.13510916726099,-26.89289638875576],[-49.135124508015885,-26.892882536072648],[-49.13506452069898,-26.892859030001034]]],[[[-49.134231603373195,-26.892719304888914],[-49.13430448243353,-26.892700379381264],[-49.134244236104315,-26.89269107267746],[-49.134231603373195,-26.892719304888914]]],[[[-49.13450653938974,-26.892678351362132],[-49.134536272075316,-26.892705529322],[-49.134538167043324,-26.892673757044523],[-49.13450653938974,-26.892678351362132]]],[[[-49.05948857975473,-26.891603777252367],[-49.059166007999465,-26.891549886125947],[-49.059112061027456,-26.891623030079227],[-49.05934591884605,-26.891740393692512],[-49.05948857975473,-26.891603777252367]]],[[[-49.06239738339056,-26.891937623281514],[-49.06149885324446,-26.89206814665444],[-49.06098816506792,-26.89235015019886],[-49.05977031435391,-26.89172452162933],[-49.059797006980375,-26.891888664830365],[-49.0602386417465,-26.892199584853827],[-49.0600129910384,-26.89270889977833],[-49.06021662892788,-26.893376299312084],[-49.06034921756536,-26.89340492844307],[-49.06044820905981,-26.893223955736904],[-49.060442263357665,-26.892451578005662],[-49.06105852281594,-26.892661969177837],[-49.06154514465332,-26.892355884589612],[-49.062462575918055,-26.89218072238363],[-49.06284975402384,-26.89194261118064],[-49.06309394908854,-26.8914422720019],[-49.06290495849099,-26.89142353420897],[-49.06239738339056,-26.891937623281514]]],[[[-49.11755781467208,-26.89088408475877],[-49.117633726463204,-26.890924902608038],[-49.1176139091819,-26.89088373139741],[-49.11755781467208,-26.89088408475877]]],[[[-49.15451791840024,-26.889496598488407],[-49.15471381670501,-26.889642553709475],[-49.15494751776799,-26.88959694242067],[-49.15451791840024,-26.889496598488407]]],[[[-49.125103818795516,-26.88905222535246],[-49.12517855868187,-26.889069597301532],[-49.12512229087139,-26.889010769376203],[-49.125103818795516,-26.88905222535246]]],[[[-49.06277675400276,-26.88745318844066],[-49.062841799886634,-26.887516005346594],[-49.062814090743075,-26.887425415202934],[-49.06277675400276,-26.88745318844066]]],[[[-49.11482875987376,-26.887952953445268],[-49.11424240389775,-26.88833832292137],[-49.11449860814725,-26.888246866162422],[-49.114621568860045,-26.88841248887987],[-49.11477223169358,-26.888336541121152],[-49.11452817282688,-26.888893381154027],[-49.11459088766726,-26.889431880839282],[-49.115303135131406,-26.88982221195176],[-49.11565637165418,-26.88975629882901],[-49.115721123950536,-26.890080744673043],[-49.11600051386819,-26.890207102115482],[-49.11611264639293,-26.890843511927837],[-49.116013786337426,-26.891040772687436],[-49.116199013481115,-26.891595860715597],[-49.11613604566292,-26.89204187812953],[-49.11587269049542,-26.892153492496007],[-49.11613408453059,-26.892231366394707],[-49.11623297024552,-26.892644681760547],[-49.11627376433994,-26.892392552034472],[-49.1164681322139,-26.892496724429414],[-49.11623023678917,-26.892194583389678],[-49.11632162952567,-26.890888999477774],[-49.11613962064005,-26.890424299012878],[-49.116507637333385,-26.890105467746068],[-49.11627424915841,-26.889853111602623],[-49.11600309624087,-26.88992068202827],[-49.116018293209635,-26.889685990130438],[-49.11546140127903,-26.889552411220617],[-49.11570466808027,-26.889243248412896],[-49.115156355424745,-26.889428746714394],[-49.11469179819962,-26.889265088334394],[-49.11466427028633,-26.888773299163194],[-49.115052932417036,-26.888306025267156],[-49.11482875987376,-26.887952953445268]]],[[[-49.13252197436193,-26.888592401512135],[-49.13255059447685,-26.88844316996744],[-49.13243380674772,-26.888165568084926],[-49.13245125888084,-26.88836553696717],[-49.13252197436193,-26.888592401512135]]],[[[-49.11818669190281,-26.887529641330648],[-49.11830796058038,-26.88751113364743],[-49.118365457479044,-26.88746029925642],[-49.11828013189135,-26.88744766141263],[-49.11818669190281,-26.887529641330648]]],[[[-49.117983162007995,-26.887375002076524],[-49.11805539378629,-26.887390716404433],[-49.11804170480711,-26.887310055094133],[-49.117983162007995,-26.887375002076524]]],[[[-49.13445900010577,-26.88740159719579],[-49.13449674556535,-26.887281824464736],[-49.13420640792071,-26.887156692353926],[-49.13425818723825,-26.88725970847281],[-49.13445900010577,-26.88740159719579]]],[[[-49.11412571451272,-26.887647369427313],[-49.11448147342458,-26.887170046953514],[-49.11443398815878,-26.88688063895782],[-49.1142045164076,-26.887089262050388],[-49.11404106091054,-26.887517583553446],[-49.11412571451272,-26.887647369427313]]],[[[-49.1126908414371,-26.886669884132903],[-49.11210899927134,-26.88690820659226],[-49.112453576206576,-26.88691317603755],[-49.11258025540813,-26.887042068308272],[-49.11220171203082,-26.886986061065237],[-49.11139639200685,-26.887155368747706],[-49.11104350901999,-26.88699288320308],[-49.11104722689499,-26.887305702724678],[-49.11033421566882,-26.887613171680474],[-49.109889259967716,-26.88764329822977],[-49.1097404587179,-26.887842253775048],[-49.110706347288655,-26.887521170252075],[-49.11079185490927,-26.887600736927183],[-49.11082562377528,-26.887478626067914],[-49.110933459999096,-26.887563258105764],[-49.11103629660023,-26.887402908650277],[-49.11115797129021,-26.887574651466622],[-49.111420288562,-26.887308548134634],[-49.11149073618062,-26.88755389255518],[-49.111659442952764,-26.887346777079756],[-49.111634308261316,-26.88748637453762],[-49.11181466429239,-26.88741410321506],[-49.112135975150956,-26.887565468597668],[-49.11193195772033,-26.887248686990894],[-49.112110213026014,-26.887086903532378],[-49.112474440747306,-26.88711831143006],[-49.112776026856054,-26.887438589475103],[-49.11314657656814,-26.88753249476774],[-49.11267571210968,-26.887096388625185],[-49.112759756033824,-26.886957775483378],[-49.112472213094904,-26.886806133048342],[-49.1126908414371,-26.886669884132903]],[[-49.11179872260318,-26.88718311240128],[-49.11171659351111,-26.88727566182504],[-49.11163045250173,-26.887232570043384],[-49.11179872260318,-26.88718311240128]]],[[[-49.09424625697705,-26.886383677810137],[-49.09429742903545,-26.886376619733344],[-49.094295685561136,-26.886342912307995],[-49.09424625697705,-26.886383677810137]]],[[[-49.0620452889004,-26.885848035655872],[-49.0620759828177,-26.885875791128296],[-49.062125739059674,-26.885825113258157],[-49.0620452889004,-26.885848035655872]]],[[[-49.144518714692225,-26.88829596843242],[-49.144551800064235,-26.888089663795395],[-49.14410850081828,-26.88749349942835],[-49.14345833088978,-26.886896900359424],[-49.143574301569494,-26.887081347820725],[-49.143469962023794,-26.887233851118687],[-49.14395930441098,-26.887552255449005],[-49.144518714692225,-26.88829596843242]]],[[[-49.06233781686588,-26.8857019184876],[-49.062437092417696,-26.885743325398085],[-49.06243794869594,-26.885694262862458],[-49.06233781686588,-26.8857019184876]]],[[[-49.09433535902805,-26.88633131509742],[-49.094467340152136,-26.88618998676037],[-49.09450098298656,-26.886096659444632],[-49.094398022642004,-26.88621455723281],[-49.09433535902805,-26.88633131509742]]],[[[-49.06260488734188,-26.88565399541646],[-49.06271306577797,-26.88566745535621],[-49.06263045846704,-26.885619704666826],[-49.06260488734188,-26.88565399541646]]],[[[-49.09454438723006,-26.886007360753965],[-49.09462126207723,-26.885917535206914],[-49.09464083377217,-26.88582014640831],[-49.094586185996654,-26.885872578746525],[-49.09454438723006,-26.886007360753965]]],[[[-49.067746720133066,-26.884954821313176],[-49.0676735141205,-26.884926079772345],[-49.06766040425119,-26.88494253929269],[-49.067746720133066,-26.884954821313176]]],[[[-49.06780164771382,-26.884808984024424],[-49.067817088924016,-26.884878041292108],[-49.068058974118884,-26.884810174669365],[-49.06780164771382,-26.884808984024424]]],[[[-49.06508009556715,-26.885011813413538],[-49.06514210580381,-26.884760784654556],[-49.064914052626676,-26.884670837444766],[-49.06508009556715,-26.885011813413538]]],[[[-49.062544941493044,-26.88480065231195],[-49.06249676092149,-26.88465951273085],[-49.06233709325001,-26.88448971282427],[-49.0624498016373,-26.88463898589813],[-49.062544941493044,-26.88480065231195]]],[[[-49.06215311180649,-26.88435480462705],[-49.06218230474425,-26.884349863830156],[-49.06210353963325,-26.8842689695809],[-49.06215311180649,-26.88435480462705]]],[[[-49.06496012689998,-26.88412905243522],[-49.06475653541208,-26.884133876708262],[-49.06466445800464,-26.88423007299763],[-49.06463834992371,-26.884502304936014],[-49.06479534831541,-26.884664455763083],[-49.0647344985706,-26.884211686077215],[-49.0650624031304,-26.884142954049857],[-49.065525414908706,-26.883703251335643],[-49.06496012689998,-26.88412905243522]]],[[[-49.13882498415937,-26.884869825425877],[-49.13887221308541,-26.885136731642245],[-49.139412201417734,-26.885448808019913],[-49.139610247966374,-26.885405241668224],[-49.139198910945055,-26.88515877628814],[-49.139262385061826,-26.88495129721296],[-49.139458419968626,-26.884991502362663],[-49.13945729230877,-26.884777159687793],[-49.13917653307474,-26.884840247167244],[-49.13924857789444,-26.88456069702925],[-49.139009728123646,-26.884503191940464],[-49.13882498415937,-26.884869825425877]]],[[[-49.09793325874626,-26.883778571874494],[-49.09801430814612,-26.883752174520414],[-49.09798433932895,-26.883700545488388],[-49.09793325874626,-26.883778571874494]]],[[[-49.067751223155746,-26.882927576951488],[-49.067770266706994,-26.882963396646577],[-49.06785923007359,-26.88295550077977],[-49.067751223155746,-26.882927576951488]]],[[[-49.06771893503596,-26.882746567856024],[-49.067777675640784,-26.882763232501265],[-49.06775402698874,-26.882709520874407],[-49.06771893503596,-26.882746567856024]]],[[[-49.10106910681653,-26.883058235845635],[-49.10115847304228,-26.882625890632347],[-49.10135477053624,-26.882484481316464],[-49.10108032285359,-26.88262955882293],[-49.10106910681653,-26.883058235845635]]],[[[-49.06694602427808,-26.87999937722387],[-49.06740783476886,-26.880319459185262],[-49.067680048084064,-26.880932697109984],[-49.06764455622054,-26.881770135161624],[-49.067937852525624,-26.882397464835485],[-49.06804469719372,-26.883100223017173],[-49.06745896897421,-26.88422354096013],[-49.067317996235126,-26.884935381712406],[-49.067151752991656,-26.885012090805997],[-49.06730016369141,-26.88510006050449],[-49.06721375667771,-26.88533231706396],[-49.06622218629991,-26.88582712250699],[-49.0656412504752,-26.88590141416529],[-49.06482435101013,-26.886430098513934],[-49.06461535744178,-26.886190599653375],[-49.06384352437066,-26.8860492193225],[-49.06332292156001,-26.885779348954387],[-49.06301447454018,-26.885333361399336],[-49.06331080448077,-26.885844218080265],[-49.0647046070571,-26.886467496808976],[-49.06455810359393,-26.886623937588954],[-49.0644227950891,-26.88639240675834],[-49.064103205123786,-26.886714677913936],[-49.06419129243088,-26.887417831157805],[-49.06380546233699,-26.887879441730995],[-49.063840109186735,-26.888393597993392],[-49.06375720483833,-26.888279061046497],[-49.06353233312377,-26.88839493382409],[-49.06398073620015,-26.88886252186121],[-49.06400947355094,-26.88985382301901],[-49.06377213120226,-26.890734073619168],[-49.06342960125129,-26.890997412301882],[-49.06347961280529,-26.89112120021221],[-49.063930947094946,-26.890881060607214],[-49.06419295400512,-26.890157845254574],[-49.064186658042054,-26.888884187298647],[-49.06400096884948,-26.887986950362457],[-49.06438416911586,-26.88759491314883],[-49.064549015655714,-26.886910962976522],[-49.06559528115181,-26.886033285019085],[-49.066318924337324,-26.885975740222026],[-49.06733343898399,-26.885427252159502],[-49.067459995685745,-26.884911708751453],[-49.067690046836404,-26.88483263852691],[-49.067570649724075,-26.884625571195286],[-49.06843652816307,-26.884666072113262],[-49.067579561671515,-26.884537058750446],[-49.067562177102786,-26.884334689417866],[-49.06794789445264,-26.88351745427564],[-49.06810111275478,-26.883637737819924],[-49.068155725293835,-26.88336867119308],[-49.069025324822015,-26.883073696288868],[-49.0681721644598,-26.883234230039353],[-49.06797732050009,-26.8821626283708],[-49.068316681348364,-26.881900320185284],[-49.06784634158959,-26.88202620479961],[-49.067695899499704,-26.88152783302356],[-49.067759546134106,-26.88091918638577],[-49.067474656629535,-26.88028553535418],[-49.06694602427808,-26.87999937722387]]],[[[-49.0668253025155,-26.879901847488732],[-49.06688374209744,-26.879898318696643],[-49.066872595876845,-26.879870520359347],[-49.0668253025155,-26.879901847488732]]],[[[-49.14367684917405,-26.880525279766086],[-49.14389576170819,-26.880616005188113],[-49.14401463539185,-26.880546163460558],[-49.14395213758055,-26.880504193087592],[-49.14367684917405,-26.880525279766086]]],[[[-49.14505402532698,-26.880104588589482],[-49.14486426453435,-26.88034395087614],[-49.144497128057395,-26.880125134101565],[-49.1441240575138,-26.880144069001876],[-49.14485917903901,-26.880467213772],[-49.145142632793416,-26.880410882031235],[-49.145606450012366,-26.880692120430112],[-49.145523596539135,-26.880374139214844],[-49.14505402532698,-26.880104588589482]],[[-49.14543446875246,-26.880364477251803],[-49.14536062036643,-26.88036267821373],[-49.14534838134763,-26.88032940052615],[-49.14543446875246,-26.880364477251803]]],[[[-49.14350763832025,-26.88010626010478],[-49.143605484810585,-26.880096556319522],[-49.14356535914237,-26.880033345003092],[-49.14350763832025,-26.88010626010478]]],[[[-49.14187310956995,-26.879063168809754],[-49.141590688979335,-26.879096537843402],[-49.14194292611451,-26.879135593673908],[-49.14203544619555,-26.87947685141341],[-49.14218399349938,-26.879416881092656],[-49.14217865927218,-26.878831865700153],[-49.14202521940662,-26.878809134800836],[-49.14187310956995,-26.879063168809754]]],[[[-49.10025545305098,-26.878337608100537],[-49.09993947602755,-26.878230592414152],[-49.09951048011636,-26.878223926335558],[-49.10021324308404,-26.87857548012583],[-49.100411708592,-26.8781833347884],[-49.10025545305098,-26.878337608100537]]],[[[-49.11571788589159,-26.87845434344118],[-49.11573905447404,-26.87848147620132],[-49.115767420492105,-26.8783761661022],[-49.11571788589159,-26.87845434344118]]],[[[-49.11504030817988,-26.87808703613801],[-49.11518270242355,-26.878265727168003],[-49.115380639164634,-26.8781607392702],[-49.115140433036586,-26.878021244726668],[-49.11504030817988,-26.87808703613801]]],[[[-49.11500118234025,-26.8773130077453],[-49.11529732230732,-26.87715181537512],[-49.11525071467922,-26.876962654345412],[-49.115019884967566,-26.877050098164588],[-49.11500118234025,-26.8773130077453]]],[[[-49.112223750827035,-26.876685478134583],[-49.11234183968555,-26.87671202620805],[-49.11223112453374,-26.876637258589714],[-49.112223750827035,-26.876685478134583]]],[[[-49.181054405694745,-26.876572800223506],[-49.18033818553234,-26.87683915821524],[-49.18004355286269,-26.876751470272115],[-49.17930366266695,-26.87697230592616],[-49.17890090869924,-26.8771989539173],[-49.178830574132334,-26.877421067681034],[-49.18042910985434,-26.877279667927],[-49.181660224019076,-26.877359346839192],[-49.182410649547286,-26.877905395259077],[-49.18342251719745,-26.879365375169307],[-49.18419415239744,-26.879633334012453],[-49.18472384414666,-26.879496615261754],[-49.18432884209438,-26.8795024954814],[-49.1838444764811,-26.879223575803252],[-49.18377624580629,-26.87887041645097],[-49.18324460863277,-26.878180689702237],[-49.181952378013,-26.876930531820157],[-49.181121684718725,-26.876887652205433],[-49.18119175843044,-26.876732805055536],[-49.18157224749354,-26.87680804192641],[-49.181054405694745,-26.876572800223506]]],[[[-49.08181084107087,-26.875322635226937],[-49.082069527765086,-26.875230398123936],[-49.08243259988172,-26.874970965434134],[-49.08181084107087,-26.875322635226937]]],[[[-49.08259988836268,-26.874831626427397],[-49.08265976310248,-26.874837425639917],[-49.082671149879275,-26.874787616651794],[-49.08259988836268,-26.874831626427397]]],[[[-49.08272352565156,-26.874712396963066],[-49.08273958190806,-26.87475842296707],[-49.082774571155625,-26.8746824683246],[-49.08272352565156,-26.874712396963066]]],[[[-49.14214014362718,-26.875067977391875],[-49.14213849405213,-26.87513948484349],[-49.14219297198199,-26.87503105845275],[-49.14214014362718,-26.875067977391875]]],[[[-49.08321041086279,-26.87427073268136],[-49.08342125314372,-26.874173887403188],[-49.083569715321524,-26.873999630110866],[-49.0834931493078,-26.87402188201907],[-49.08321041086279,-26.87427073268136]]],[[[-49.08304211116888,-26.8739032780751],[-49.083232970089476,-26.873949879222703],[-49.08313080456998,-26.873903424239984],[-49.08304211116888,-26.8739032780751]]],[[[-49.100070949181884,-26.874265291888616],[-49.099773471729485,-26.874271270733065],[-49.099932543617285,-26.874790938823555],[-49.10001420483117,-26.874461991525575],[-49.10026283407766,-26.874410395670882],[-49.100612680619676,-26.87393058951724],[-49.100070949181884,-26.874265291888616]]],[[[-49.10066848503371,-26.87386357894522],[-49.10083658098848,-26.873896397353466],[-49.10086656116773,-26.873842508771844],[-49.10066848503371,-26.87386357894522]]],[[[-49.08604541020538,-26.872848294569664],[-49.086254160156756,-26.872869482561537],[-49.086292040919595,-26.872847972647865],[-49.08604541020538,-26.872848294569664]]],[[[-49.088120922044695,-26.87211570149284],[-49.08758073950559,-26.87237466651697],[-49.08825813331845,-26.872234961709683],[-49.088254952722096,-26.871835731784937],[-49.0881223364133,-26.871856492707014],[-49.088120922044695,-26.87211570149284]]],[[[-49.14409625822103,-26.872233135707965],[-49.14372461715739,-26.872399865273906],[-49.144020625923595,-26.872555478456928],[-49.14409625822103,-26.872233135707965]]],[[[-49.14414744654953,-26.872072039137723],[-49.14418470609858,-26.872092854340707],[-49.14421484181159,-26.872000842819244],[-49.14414744654953,-26.872072039137723]]],[[[-49.10647364973052,-26.871199590210917],[-49.10555117177267,-26.871370260031796],[-49.10522658008331,-26.871596207948553],[-49.10464483009453,-26.872394854797896],[-49.105289428146676,-26.87165900275071],[-49.10652167147515,-26.871289821954182],[-49.1067247887,-26.87089278945961],[-49.10647364973052,-26.871199590210917]]],[[[-49.083017705166924,-26.86943602446922],[-49.083333397813284,-26.86934120807553],[-49.08341333662681,-26.869227837308685],[-49.08328783970172,-26.869249504158066],[-49.083017705166924,-26.86943602446922]]],[[[-49.08323286358417,-26.870285506826026],[-49.08346908674411,-26.870464815469706],[-49.08337361687047,-26.870761089842983],[-49.08354697202467,-26.87109782834517],[-49.08401783904994,-26.87146232943851],[-49.08438956269216,-26.871331449265394],[-49.08502036741322,-26.87161232248908],[-49.08500255047877,-26.871390090297897],[-49.085327224559705,-26.87143436106839],[-49.085581794123556,-26.87120751756854],[-49.08527150394209,-26.87068574249747],[-49.084944696351606,-26.87077537928468],[-49.08469540935441,-26.87066390967031],[-49.08470982588945,-26.870333356925013],[-49.08510018954751,-26.870608764656602],[-49.08353038149625,-26.869210234802708],[-49.08376625307186,-26.86948591591099],[-49.083433243535204,-26.869674897304776],[-49.08323286358417,-26.870285506826026]],[[-49.08457697943739,-26.870428954585655],[-49.084533180604765,-26.87047592598384],[-49.08450938746451,-26.870436556712654],[-49.08457697943739,-26.870428954585655]],[[-49.0847118031174,-26.870821273375363],[-49.084582969009816,-26.87081720212614],[-49.08466601394028,-26.870783266389484],[-49.0847118031174,-26.870821273375363]]],[[[-49.15041727596205,-26.86972475685653],[-49.150358125673904,-26.869772533195203],[-49.150478787650584,-26.869788499483235],[-49.15041727596205,-26.86972475685653]]],[[[-49.10683284827238,-26.870726219061186],[-49.1069855032608,-26.87049076653181],[-49.10744654597093,-26.870339763624802],[-49.10779300112637,-26.87009135390242],[-49.10780395535675,-26.869339826113325],[-49.107958423248924,-26.869053377975323],[-49.107734783861474,-26.869339110704917],[-49.10775157747157,-26.870024864492105],[-49.10691062623305,-26.870458696189548],[-49.10683284827238,-26.870726219061186]]],[[[-49.10805627862874,-26.869046661702534],[-49.10811494612918,-26.869051078249434],[-49.10815425653754,-26.869021354877578],[-49.10805627862874,-26.869046661702534]]],[[[-49.15044006982163,-26.86933681316149],[-49.15048815884141,-26.869251809338518],[-49.150455163841414,-26.86920990570019],[-49.150413867649014,-26.86924094005547],[-49.15044006982163,-26.86933681316149]]],[[[-49.15041240395639,-26.869181479739844],[-49.15052444682906,-26.86911458658569],[-49.15052376424394,-26.869043560116985],[-49.150415569211255,-26.86908036620286],[-49.15041240395639,-26.869181479739844]]],[[[-49.1535462974276,-26.868693441972887],[-49.15354562142483,-26.868913115214596],[-49.153864625202495,-26.86896119807277],[-49.1535462974276,-26.868693441972887]]],[[[-49.1082484933712,-26.869007393521738],[-49.10851094198997,-26.868706138153467],[-49.10866354610391,-26.867962879729713],[-49.10861853916753,-26.8674890923203],[-49.10850258014432,-26.868554691790614],[-49.1082484933712,-26.869007393521738]]],[[[-49.10844859999269,-26.86724626450969],[-49.10848992667814,-26.867247323374166],[-49.10845460078552,-26.867161328379947],[-49.10844859999269,-26.86724626450969]]],[[[-49.14468013497435,-26.867504498658242],[-49.14469252723376,-26.867667852582876],[-49.14472989647535,-26.867676436486818],[-49.14485991642503,-26.867512830608092],[-49.14468013497435,-26.867504498658242]]],[[[-49.10840943094375,-26.866896404385415],[-49.10843068544096,-26.86692322775383],[-49.1085517350947,-26.86684957810909],[-49.10840943094375,-26.866896404385415]]],[[[-49.1090744348596,-26.866837289716283],[-49.10916858096423,-26.866875204845346],[-49.10918494059299,-26.86684864106659],[-49.1090744348596,-26.866837289716283]]],[[[-49.108843445233575,-26.866855936249387],[-49.10898578999232,-26.866870323902692],[-49.109013415841574,-26.866855168079656],[-49.108952519576846,-26.86683296469615],[-49.108843445233575,-26.866855936249387]]],[[[-49.10933894897402,-26.866854380886313],[-49.10953851050558,-26.866799589223803],[-49.109578143771316,-26.86676237968188],[-49.109467020654904,-26.866780517153895],[-49.10933894897402,-26.866854380886313]]],[[[-49.11021915189531,-26.866770725940192],[-49.110338560630794,-26.866787253985816],[-49.11034948163268,-26.8667808775891],[-49.11021915189531,-26.866770725940192]]],[[[-49.14275635209275,-26.8673919793665],[-49.14291521063577,-26.86729917564429],[-49.14291329726642,-26.867190591367528],[-49.14276085843477,-26.86725195553244],[-49.14275635209275,-26.8673919793665]]],[[[-49.10998480271827,-26.86671394830307],[-49.109919488701145,-26.866775608426437],[-49.11006882650722,-26.866747042699494],[-49.10998480271827,-26.86671394830307]]],[[[-49.082175275408446,-26.8658444805802],[-49.081725736401864,-26.86659423441969],[-49.08181698816779,-26.866714605173758],[-49.081538753401745,-26.867080585523606],[-49.081537213998416,-26.86733626041561],[-49.08122191019853,-26.86768720918641],[-49.08162257980539,-26.867448352739604],[-49.08183308374132,-26.8670535796443],[-49.08200794715985,-26.86710454219738],[-49.081951748543865,-26.866915164133452],[-49.0823084605601,-26.86663113270636],[-49.083044154652114,-26.86637024472351],[-49.08250420098831,-26.866282000137225],[-49.082453657533875,-26.865946944945367],[-49.082175275408446,-26.8658444805802]]],[[[-49.14291500775341,-26.866468575079878],[-49.142963201496976,-26.86651489283535],[-49.14297065717289,-26.866413270240592],[-49.14291500775341,-26.866468575079878]]],[[[-49.142167150371925,-26.86579558701672],[-49.142254810236274,-26.866111077783742],[-49.14234064432079,-26.865876831351645],[-49.14236274698362,-26.86604564169281],[-49.142448822998,-26.866098537986378],[-49.142516950519806,-26.866065592460444],[-49.1424217152465,-26.865825044411196],[-49.142167150371925,-26.86579558701672]]],[[[-49.142089712232725,-26.865676324333702],[-49.14216393384394,-26.865694689599255],[-49.142137489020634,-26.865625111609877],[-49.142089712232725,-26.865676324333702]]],[[[-49.14205060234009,-26.865580031702898],[-49.142047317817344,-26.865620453369534],[-49.14209063449968,-26.86558247724657],[-49.14205060234009,-26.865580031702898]]],[[[-49.08806966423298,-26.865024930699875],[-49.08825450889527,-26.864788513472348],[-49.088229624686925,-26.864650102138377],[-49.08801220135924,-26.864935218805964],[-49.08806966423298,-26.865024930699875]]],[[[-49.14329159081049,-26.865493521373665],[-49.14341071900163,-26.865672131048427],[-49.14380118006714,-26.865490916047523],[-49.143543258762456,-26.865271030259578],[-49.14329159081049,-26.865493521373665]]],[[[-49.089026954899516,-26.864458832108802],[-49.08836352666569,-26.86496622226858],[-49.08837789305173,-26.86539978095504],[-49.08879548628784,-26.865567376755774],[-49.08831446262483,-26.866086809363182],[-49.08848933400353,-26.866484342098094],[-49.08870480105385,-26.866536961992377],[-49.08861907015305,-26.866907400915338],[-49.088933998407946,-26.86707034620795],[-49.08905874601823,-26.866682560851682],[-49.08853688268228,-26.866094006207298],[-49.08889245082996,-26.865726854410404],[-49.088858253889825,-26.864646648368588],[-49.08902256908277,-26.864709986817076],[-49.08921500633935,-26.864520039134558],[-49.089026954899516,-26.864458832108802]]],[[[-49.14088888437489,-26.865063797063133],[-49.14191838532134,-26.86533571611575],[-49.14174166925441,-26.865189342863243],[-49.14098399378689,-26.865072869695172],[-49.140330849936205,-26.86463315932783],[-49.140510228543754,-26.864845345736875],[-49.14088888437489,-26.865063797063133]]],[[[-49.088666896273516,-26.8645708141983],[-49.08861288909034,-26.864373871808066],[-49.08883030055397,-26.863473420908374],[-49.08853900902962,-26.864365576175274],[-49.088666896273516,-26.8645708141983]]],[[[-49.13946071514128,-26.86406069683568],[-49.139569435165185,-26.864103076223127],[-49.1394441866367,-26.864027590913956],[-49.13946071514128,-26.86406069683568]]],[[[-49.14298501712852,-26.864596183346155],[-49.14276216057909,-26.86452795617781],[-49.142939482527524,-26.864797208461862],[-49.142672747443754,-26.864923422161443],[-49.14288693287335,-26.86502247786748],[-49.1429520633235,-26.8653986507868],[-49.14282708075728,-26.86515499949345],[-49.14265109707227,-26.86512531018878],[-49.14300425349343,-26.865830292939997],[-49.1426274270261,-26.865909196396437],[-49.14317254298075,-26.866550468883243],[-49.14327734272784,-26.86619628847986],[-49.14339994730367,-26.86621177823845],[-49.1429796706171,-26.865041958408437],[-49.14325319935319,-26.86453648540245],[-49.14332807742897,-26.863914280300914],[-49.14294174286005,-26.86441335209913],[-49.14298501712852,-26.864596183346155]]],[[[-49.143389190908316,-26.863739371803927],[-49.143396225211845,-26.863818197671357],[-49.14344591757545,-26.863687792756895],[-49.143389190908316,-26.863739371803927]]],[[[-49.09144064358329,-26.862050918108537],[-49.09147846065219,-26.862085376593438],[-49.09146020934349,-26.862029561669093],[-49.09144064358329,-26.862050918108537]]],[[[-49.09145547829849,-26.8620008278865],[-49.09147078306588,-26.861882753925585],[-49.091446076648886,-26.86182852152076],[-49.09143107227108,-26.861863897461145],[-49.09145547829849,-26.8620008278865]]],[[[-49.08045659642505,-26.861655247809477],[-49.0792099961348,-26.86192650876613],[-49.07953492351574,-26.861994807207477],[-49.08038740562399,-26.861721745383804],[-49.08063486368934,-26.861922179791975],[-49.08135390192111,-26.8620346903787],[-49.08150241277585,-26.86247521687199],[-49.08151442329752,-26.86208403883683],[-49.08122303328257,-26.86171382725939],[-49.080700817988,-26.861868185061635],[-49.08045659642505,-26.861655247809477]]],[[[-49.15819213550072,-26.86272366385508],[-49.15817698955391,-26.862776046529977],[-49.1583547232722,-26.86266288208511],[-49.15819213550072,-26.86272366385508]]],[[[-49.15639236976001,-26.862692898162233],[-49.157460206428176,-26.863083212639744],[-49.157952351228204,-26.862888543583356],[-49.15739602606712,-26.863013068044264],[-49.15663730872349,-26.862641035742367],[-49.15639236976001,-26.862692898162233]]],[[[-49.08086369096819,-26.861662156452628],[-49.08092393379396,-26.861659302424645],[-49.0809287857507,-26.861584888507117],[-49.08086369096819,-26.861662156452628]]],[[[-49.15840091832491,-26.862628139025045],[-49.158456446923694,-26.862641792010344],[-49.15848551752322,-26.862611093753248],[-49.15840091832491,-26.862628139025045]]],[[[-49.09142922712453,-26.86168016409442],[-49.091460792890466,-26.8617025568568],[-49.09144276278072,-26.86165869891537],[-49.09142922712453,-26.86168016409442]]],[[[-49.091416066042314,-26.861589153275325],[-49.091458990992194,-26.861629090510466],[-49.09142943786056,-26.861544975649544],[-49.091416066042314,-26.861589153275325]]],[[[-49.09173841130231,-26.861311341970456],[-49.091504866283266,-26.861319786275438],[-49.091437514727026,-26.861461505824476],[-49.09173841130231,-26.861311341970456]]],[[[-49.08748803028324,-26.860736792169487],[-49.08752674007305,-26.860773062952347],[-49.0875499400393,-26.860732055895763],[-49.08748803028324,-26.860736792169487]]],[[[-49.08704244121293,-26.860751136917088],[-49.08729295287766,-26.86073015825502],[-49.087320584502535,-26.86068740311251],[-49.086995861307074,-26.860595694919635],[-49.08704244121293,-26.860751136917088]]],[[[-49.0802705574132,-26.86005993109971],[-49.08067421110115,-26.860346178767283],[-49.0809297260351,-26.860272489267587],[-49.0802705574132,-26.86005993109971]]],[[[-49.08384910833249,-26.8592800820753],[-49.08390525458182,-26.859304161019246],[-49.08388427861462,-26.859270056190372],[-49.08384910833249,-26.8592800820753]]],[[[-49.09107728326793,-26.856125579898876],[-49.09113897625178,-26.856179156956934],[-49.09114318036368,-26.85609019336024],[-49.09107728326793,-26.856125579898876]]],[[[-49.091284706351935,-26.8560606393566],[-49.09158802973467,-26.85599911910655],[-49.09171053428319,-26.85593568888404],[-49.091656817012066,-26.855937001425286],[-49.091284706351935,-26.8560606393566]]],[[[-49.082353584679105,-26.855633602180408],[-49.08240544831204,-26.855662262645197],[-49.08240506043441,-26.855625488781605],[-49.082353584679105,-26.855633602180408]]],[[[-49.08896465933542,-26.856475754112076],[-49.08896530664275,-26.85741336122327],[-49.08883910445238,-26.857143629811713],[-49.087867686038464,-26.857353066145187],[-49.08759680511573,-26.856851130248558],[-49.08652144097009,-26.856765796085288],[-49.0861807478638,-26.856883189338735],[-49.086267685556095,-26.858732211090896],[-49.087252722936086,-26.85847068768915],[-49.08746344937858,-26.858348880381914],[-49.08742446446996,-26.858129122587812],[-49.08757792951749,-26.858308701257922],[-49.08807121819284,-26.85812826044886],[-49.08866958150103,-26.858182767978295],[-49.08869238129437,-26.857956805718263],[-49.08916124838182,-26.857510342845888],[-49.08963130227234,-26.857455559476723],[-49.08987770519518,-26.857709574504625],[-49.090042823612066,-26.85751279432573],[-49.08985958001452,-26.857395118443204],[-49.09005832033721,-26.857225534187865],[-49.08993990433499,-26.856922340174194],[-49.09016652138135,-26.856860078372204],[-49.08992221345375,-26.856822259787318],[-49.090049059124965,-26.856579927681306],[-49.09102876241413,-26.856575612743537],[-49.09112745511251,-26.856409859807282],[-49.090734895404694,-26.85651401252124],[-49.08919922689449,-26.85646874405475],[-49.08866017109673,-26.855385878128807],[-49.08896465933542,-26.856475754112076]],[[-49.08962817001268,-26.856616092497465],[-49.08973722532663,-26.857179216336778],[-49.08930791120273,-26.85736745905126],[-49.08924288989854,-26.856665622419587],[-49.08962817001268,-26.856616092497465]],[[-49.089768742883045,-26.857309956213182],[-49.08986052549825,-26.857307539414755],[-49.089773317858565,-26.85732338974352],[-49.089768742883045,-26.857309956213182]],[[-49.087132818307545,-26.858224345235172],[-49.08702931302635,-26.858227545273696],[-49.08713619179575,-26.858202114642292],[-49.087132818307545,-26.858224345235172]],[[-49.086837619227,-26.85830291976052],[-49.08676865316535,-26.858307299805865],[-49.086766879094725,-26.858292446164743],[-49.086837619227,-26.85830291976052]],[[-49.08642923521737,-26.858399405130417],[-49.08626755863882,-26.858395367920373],[-49.08643963947058,-26.858365263415163],[-49.08642923521737,-26.858399405130417]],[[-49.08637012030411,-26.85850586574465],[-49.08635901940433,-26.858612905128187],[-49.086286602377626,-26.858525609705495],[-49.08637012030411,-26.85850586574465]]],[[[-49.08862294793787,-26.85496436437595],[-49.08865733398709,-26.855017991838203],[-49.08862611844426,-26.854949101582687],[-49.08862294793787,-26.85496436437595]]],[[[-49.082162569745876,-26.85449295725242],[-49.082057098916,-26.85446173223473],[-49.08211382525847,-26.854507907723708],[-49.082162569745876,-26.85449295725242]]],[[[-49.082142266549674,-26.854287143907133],[-49.08219048976657,-26.854370409565774],[-49.082152374931155,-26.85428161437406],[-49.082142266549674,-26.854287143907133]]],[[[-49.08225691364041,-26.854283735891393],[-49.082324240115156,-26.854283623571973],[-49.08230455489446,-26.854251613042887],[-49.08225691364041,-26.854283735891393]]],[[[-49.08263318491466,-26.854117810705656],[-49.082440309248845,-26.854178143853986],[-49.08254144231063,-26.854221325989347],[-49.08263318491466,-26.854117810705656]]],[[[-49.08256259176653,-26.854064460532303],[-49.08246609073023,-26.854110013749487],[-49.08251028908041,-26.85412354898769],[-49.08256259176653,-26.854064460532303]]],[[[-49.08198930042526,-26.853768590521117],[-49.08194171264543,-26.85402065393053],[-49.082282365092134,-26.85421662780908],[-49.082157921976645,-26.853759575257698],[-49.08198930042526,-26.853768590521117]]],[[[-49.082248422094885,-26.853637459497797],[-49.082349763620655,-26.853704478618724],[-49.08227308706208,-26.853592532319215],[-49.082248422094885,-26.853637459497797]]],[[[-49.08207155368983,-26.8508228064331],[-49.08194703762931,-26.850714819748948],[-49.08193877594512,-26.85078479548342],[-49.08207155368983,-26.8508228064331]]],[[[-49.08053535403737,-26.850959597376658],[-49.0806947450566,-26.85077893608783],[-49.08049086018879,-26.85039176525946],[-49.08058641010327,-26.85065819944937],[-49.08053535403737,-26.850959597376658]]],[[[-49.08500323761621,-26.850126827049504],[-49.085064338947824,-26.850118999724206],[-49.085009381577066,-26.850108280575117],[-49.08500323761621,-26.850126827049504]]],[[[-49.08267007026174,-26.850111390349017],[-49.082689968003045,-26.850165335870305],[-49.08269740179803,-26.850039870488995],[-49.08267007026174,-26.850111390349017]]],[[[-49.085012554679416,-26.850025791081165],[-49.08508093517781,-26.85006715912619],[-49.08511220668145,-26.850050071198517],[-49.085012554679416,-26.850025791081165]]],[[[-49.08119774394714,-26.8499045877712],[-49.08124482058221,-26.8498455732153],[-49.08121391708284,-26.849838164563923],[-49.08119774394714,-26.8499045877712]]],[[[-49.080613811923875,-26.84876063001579],[-49.08076407749156,-26.849012943169434],[-49.08112545626369,-26.848831864007735],[-49.08076727302778,-26.848951250077146],[-49.080746081995784,-26.848730701256144],[-49.08094175124382,-26.848639302681445],[-49.08080899907724,-26.848658570514853],[-49.080613811923875,-26.84876063001579]]],[[[-49.089105344344006,-26.84829537522542],[-49.08916442967899,-26.848910531989446],[-49.08946667123263,-26.848655653317497],[-49.08919711700989,-26.848351928920692],[-49.08932495412403,-26.848203499152763],[-49.089105344344006,-26.84829537522542]],[[-49.089346242378326,-26.848682216048932],[-49.08928635094167,-26.84862628853809],[-49.08940887512229,-26.84865381332228],[-49.089346242378326,-26.848682216048932]]],[[[-49.088073145957004,-26.84814766941608],[-49.088143526707206,-26.848145606765584],[-49.08807373078906,-26.848127205545733],[-49.088073145957004,-26.84814766941608]]],[[[-49.088842761279594,-26.8481142515167],[-49.088470406736356,-26.848272477547614],[-49.089015901784954,-26.848178779772127],[-49.088842761279594,-26.8481142515167]]],[[[-49.07898565959259,-26.8478951306903],[-49.0795151033134,-26.84793655548268],[-49.08049398677131,-26.848628580029455],[-49.080767393025376,-26.84860934114195],[-49.08067273470449,-26.848379470426813],[-49.08052807091436,-26.84851165113189],[-49.07964145542688,-26.847919829212838],[-49.07898565959259,-26.8478951306903]]],[[[-49.089499806853716,-26.84786469224837],[-49.08953738627019,-26.84785945977931],[-49.089532698508044,-26.847837748904194],[-49.089499806853716,-26.84786469224837]]],[[[-49.07814082367238,-26.847758836004115],[-49.07881642401931,-26.847881221116875],[-49.077862275189666,-26.84750281039027],[-49.07814082367238,-26.847758836004115]]],[[[-49.07769899800733,-26.847343170397846],[-49.077762537539506,-26.847460653923775],[-49.07782966157992,-26.847477694565832],[-49.077818223358996,-26.8474388987291],[-49.07769899800733,-26.847343170397846]]],[[[-49.08957464594481,-26.847427596985007],[-49.089651826260045,-26.847445270602748],[-49.08956858755871,-26.847411330140748],[-49.08957464594481,-26.847427596985007]]],[[[-49.07769899800733,-26.847343170397846],[-49.07755597315616,-26.847097372949584],[-49.07750870640782,-26.84706179678031],[-49.07755322806736,-26.84719008259837],[-49.07769899800733,-26.847343170397846]]],[[[-49.077414476119586,-26.84699767876705],[-49.077281189718576,-26.846814486322],[-49.077170351692956,-26.846745419858763],[-49.0772168308207,-26.8468249779624],[-49.077414476119586,-26.84699767876705]]],[[[-49.07707863186569,-26.84668563959721],[-49.07711515338815,-26.84668477435158],[-49.07704711154207,-26.84663643135097],[-49.07707863186569,-26.84668563959721]]],[[[-49.076935741876106,-26.84641640881226],[-49.07691914781551,-26.846418210731127],[-49.076930765194604,-26.846485893320022],[-49.076935741876106,-26.84641640881226]]],[[[-49.076816985570964,-26.84637574843041],[-49.07679704516389,-26.84630214732624],[-49.0767631896071,-26.846293068112185],[-49.076816985570964,-26.84637574843041]]],[[[-49.08558937121645,-26.84612713433173],[-49.08597330056246,-26.84653479786539],[-49.08651158179308,-26.846495774755077],[-49.085943119614,-26.84646117771659],[-49.08558937121645,-26.84612713433173]]],[[[-49.0764767526468,-26.845970082285216],[-49.076315765537004,-26.846023911794983],[-49.0767402824625,-26.846229930341178],[-49.0764767526468,-26.845970082285216]]],[[[-49.087591928624235,-26.846022296494624],[-49.08768082620548,-26.846027019809007],[-49.08764922794401,-26.84596818849105],[-49.087591928624235,-26.846022296494624]]],[[[-49.087497050657404,-26.845668102171064],[-49.08764960542167,-26.845899899160823],[-49.087704903753114,-26.845693273994403],[-49.08778880537398,-26.84580460809666],[-49.087928368510546,-26.84569991623121],[-49.08756504220818,-26.84548088986633],[-49.087497050657404,-26.845668102171064]]],[[[-49.0845146743458,-26.844833723141576],[-49.08455733473386,-26.844819918829852],[-49.08450128267269,-26.844797947928264],[-49.0845146743458,-26.844833723141576]]],[[[-49.08858152301521,-26.844048715023973],[-49.08863625845042,-26.844010445839487],[-49.08857373974802,-26.843946463372244],[-49.08858152301521,-26.844048715023973]]],[[[-49.09027851070878,-26.83902413380166],[-49.09013520446219,-26.839129436257988],[-49.09020076264573,-26.839187793247536],[-49.09027851070878,-26.83902413380166]]],[[[-49.09012719909733,-26.838868887612584],[-49.09019397958928,-26.838860217124026],[-49.090138838126805,-26.83882419023676],[-49.09012719909733,-26.838868887612584]]],[[[-49.09014757258319,-26.838605996263404],[-49.09028674600981,-26.838591625464083],[-49.0901834157216,-26.838493330564077],[-49.09014757258319,-26.838605996263404]]],[[[-49.090188137671696,-26.837923497418974],[-49.090330132569996,-26.83798611718518],[-49.09022862549566,-26.837855360333087],[-49.090188137671696,-26.837923497418974]]],[[[-49.09022583974981,-26.83775767080552],[-49.090220917493056,-26.837382547681454],[-49.090121538836264,-26.837333252407646],[-49.09009397103886,-26.837477153656277],[-49.09022583974981,-26.83775767080552]]],[[[-49.09017854275226,-26.83727885695792],[-49.09024879400123,-26.83726832398355],[-49.090196170241526,-26.837243698250514],[-49.09017854275226,-26.83727885695792]]],[[[-49.09020211514784,-26.83721918344996],[-49.090430676825854,-26.836607174664753],[-49.09009664060621,-26.836265042902568],[-49.09030966058209,-26.836602290649918],[-49.09020211514784,-26.83721918344996]]],[[[-49.089384285602584,-26.835657506190426],[-49.089349042679004,-26.83570283129162],[-49.08946479478569,-26.835649884350495],[-49.089384285602584,-26.835657506190426]]],[[[-49.08924929168485,-26.834987693784935],[-49.08942572837523,-26.83529229807119],[-49.0900451354528,-26.836230046074373],[-49.089853570995515,-26.835706733327093],[-49.08924929168485,-26.834987693784935]]],[[[-49.08917284453928,-26.834737142288112],[-49.089295535062426,-26.83478713619982],[-49.08930191553602,-26.834746097826223],[-49.08917284453928,-26.834737142288112]]],[[[-49.08923537653157,-26.834670888507013],[-49.089292161730825,-26.834652320390408],[-49.089191391340506,-26.834641182004987],[-49.08923537653157,-26.834670888507013]]],[[[-49.08912414835016,-26.834525208191423],[-49.08927484550692,-26.83459351051622],[-49.08913304647865,-26.834427143616765],[-49.08912414835016,-26.834525208191423]]],[[[-49.08906102884598,-26.8340586936152],[-49.08916689118217,-26.834060899096816],[-49.08914856329993,-26.833945160663106],[-49.08906102884598,-26.8340586936152]]],[[[-49.089003041708814,-26.833712141798248],[-49.089079312752084,-26.83376606575816],[-49.08909434672935,-26.833647168028772],[-49.089003041708814,-26.833712141798248]]],[[[-49.08914911268464,-26.8335777622958],[-49.08920691231214,-26.83359668741285],[-49.08918768917371,-26.833537446803728],[-49.08914911268464,-26.8335777622958]]],[[[-49.089016059973964,-26.833136533528048],[-49.089170019438676,-26.833359593126673],[-49.08923156574934,-26.833354329785692],[-49.08918054518875,-26.833189256054723],[-49.089016059973964,-26.833136533528048]]],[[[-49.088937895542394,-26.833090767285704],[-49.08902781668835,-26.83309697302475],[-49.08893649945811,-26.833057594148144],[-49.088937895542394,-26.833090767285704]]],[[[-49.088798538731005,-26.83288982516258],[-49.08878369303442,-26.83298739729543],[-49.08881713575226,-26.832894256504122],[-49.088798538731005,-26.83288982516258]]],[[[-49.088737902125864,-26.832925181273144],[-49.08874023659205,-26.83281778886876],[-49.08866524170264,-26.832723553167334],[-49.08863246167624,-26.8328110707052],[-49.088737902125864,-26.832925181273144]]],[[[-49.06114905623824,-26.897856498300317],[-49.06018403080663,-26.896947260917376],[-49.06023323180228,-26.896760701761306],[-49.05996167031427,-26.896237396698783],[-49.06029606604178,-26.895438421318197],[-49.060829426730926,-26.895266847241537],[-49.06178119676273,-26.89530487250587],[-49.06396660102647,-26.895899563100794],[-49.066537919263624,-26.8969886705164],[-49.06976062016379,-26.897981527274418],[-49.07155273159287,-26.898811962164288],[-49.07313487342994,-26.899104451662723],[-49.07416030608706,-26.89915549202699],[-49.07477494101747,-26.899015174912254],[-49.07493732710769,-26.89883032304838],[-49.07577527016533,-26.898523565260657],[-49.076703216170166,-26.897778049117274],[-49.07685349020609,-26.897946367158294],[-49.07736894050928,-26.897855405717305],[-49.07748888589921,-26.897691947396794],[-49.07729871442593,-26.897303183197664],[-49.0775744303956,-26.89713943931386],[-49.07773212615162,-26.896700949726572],[-49.079033024469524,-26.895536480603703],[-49.07981460645587,-26.894480805648794],[-49.08151035076824,-26.892693807386248],[-49.08191168121551,-26.891964778215304],[-49.08259276105975,-26.89147618248895],[-49.08311346461801,-26.890683627423154],[-49.083845664507216,-26.89019609247667],[-49.08425751557847,-26.88969938070815],[-49.08456172809268,-26.888998498560035],[-49.084773805648716,-26.889000532639642],[-49.08473732032646,-26.88879507623241],[-49.08530769415227,-26.88791866586377],[-49.08580408594099,-26.887485417250428],[-49.08569417566155,-26.887277220528865],[-49.08596659955344,-26.886685646583732],[-49.08839266523861,-26.88264050807744],[-49.08855778385419,-26.88185853302611],[-49.089523437501256,-26.87991978956502],[-49.08967540683714,-26.8789286822448],[-49.090148918680455,-26.87853241017704],[-49.09120326525289,-26.878090674396397],[-49.09206555400892,-26.877825228760265],[-49.09244346312659,-26.877971448127855],[-49.092659671508784,-26.877551542082188],[-49.093343983961425,-26.877293017395203],[-49.09305035714778,-26.87725747872653],[-49.09332015024101,-26.87686744734473],[-49.09414637704313,-26.876307675269842],[-49.0954890767815,-26.87687411682822],[-49.09608753020286,-26.877284062124584],[-49.09635674841207,-26.877746810037856],[-49.09645194392175,-26.878388495345742],[-49.09625657223039,-26.879339522025827],[-49.096412733689036,-26.879827974119667],[-49.09597322723827,-26.880675382066986],[-49.095643702273094,-26.880861257413038],[-49.096032179805285,-26.881773146552103],[-49.09573755991015,-26.881845025060766],[-49.09529210314442,-26.881722368897794],[-49.09526255811544,-26.882364555372085],[-49.09455564461867,-26.882408879392365],[-49.09451961947668,-26.88284146476161],[-49.09418985969702,-26.882951698907295],[-49.094229903898416,-26.88318994788998],[-49.094511796845275,-26.883120824105198],[-49.094340652749246,-26.883453448732382],[-49.09464506546029,-26.88379887547728],[-49.09437873487148,-26.88437144759017],[-49.09484055091197,-26.884832172016626],[-49.09471652420411,-26.885699135644646],[-49.094921519992525,-26.884813745989785],[-49.09452152944471,-26.88436656999234],[-49.09482633134331,-26.8839182747062],[-49.09458422618387,-26.883444436108224],[-49.094939985415856,-26.88297319319852],[-49.094773408054316,-26.882609299124],[-49.095449461020465,-26.882617055272828],[-49.09559649309406,-26.882194230014747],[-49.09598819423182,-26.882060302791057],[-49.096306150236735,-26.882553644780824],[-49.09683764135519,-26.882700837608585],[-49.09712758580317,-26.88263007801836],[-49.09719925464165,-26.882763815593876],[-49.09775416801351,-26.882461263469224],[-49.099759142727,-26.88268079111315],[-49.102679763098244,-26.881639251628503],[-49.103615150475065,-26.88110883968395],[-49.105522508084704,-26.88050996113255],[-49.106828187702014,-26.879591517877103],[-49.108591514095544,-26.87928659883107],[-49.109785840366335,-26.87865712741072],[-49.110123622175436,-26.87875734319801],[-49.110355179760624,-26.878510764874875],[-49.11068771139164,-26.878495910674715],[-49.11079999980357,-26.87877603545713],[-49.11010922287276,-26.87943148233597],[-49.11014672304413,-26.88050393805689],[-49.11040297719456,-26.88117917846538],[-49.11057941222659,-26.88075711355134],[-49.11092137315537,-26.881152845272567],[-49.11109193848515,-26.882052559592584],[-49.110635690705855,-26.88193851299441],[-49.110696636515804,-26.88214836670276],[-49.109483939314124,-26.883099641273144],[-49.108992124415614,-26.88303956555516],[-49.10914946636321,-26.883511690194698],[-49.10981363230922,-26.88388913987725],[-49.109871329813004,-26.884144836833787],[-49.111650285808075,-26.88450437975982],[-49.1131497037926,-26.884995686259558],[-49.11441375890213,-26.886003425421713],[-49.11446475850151,-26.886680382655552],[-49.114651143331244,-26.886542657086583],[-49.11504204820623,-26.886630043313648],[-49.116063530816874,-26.886529047396486],[-49.11814716727093,-26.886603404242607],[-49.11891022470608,-26.886775421312105],[-49.11926778920757,-26.887221134834057],[-49.12043060159212,-26.88798777420606],[-49.1214840227336,-26.889045438305345],[-49.12206797126135,-26.89013357172956],[-49.12235955790345,-26.89116429155037],[-49.12287652013309,-26.89158659466235],[-49.123118677743044,-26.892174152889837],[-49.12344189730769,-26.89218726434418],[-49.12452380272529,-26.89270550951017],[-49.125333080560566,-26.892685452365257],[-49.12581640013692,-26.89289931774135],[-49.126461135084135,-26.892721317778005],[-49.127007999455394,-26.892795203668225],[-49.13112201200045,-26.891268009222504],[-49.131634996178,-26.891327175893394],[-49.13145519678138,-26.89108793904726],[-49.13197782948555,-26.89100350800709],[-49.13208608537193,-26.890819614192413],[-49.13251267928841,-26.890685008152634],[-49.13459013997181,-26.890683884573367],[-49.13507676104191,-26.891176696128387],[-49.13541948730154,-26.89131535120247],[-49.135406272590956,-26.891586554605823],[-49.13559389896204,-26.891482745614073],[-49.13571881066162,-26.891724561644825],[-49.135884147068985,-26.893067801075084],[-49.13544681636506,-26.89286594652209],[-49.135192416415165,-26.893019147939512],[-49.13495394555193,-26.894059626505772],[-49.13521281007664,-26.89449327657511],[-49.1357597218486,-26.894903073959142],[-49.13572107391034,-26.89507226670002],[-49.13539041218703,-26.895238652594795],[-49.135818168788134,-26.896118454273203],[-49.13606560251929,-26.895831267734785],[-49.13580285954036,-26.89550575820366],[-49.13606173207711,-26.894993375737087],[-49.13604691318265,-26.894672117286387],[-49.135460698707604,-26.894390137100196],[-49.13514510080274,-26.893827267273476],[-49.13532703967938,-26.89308065018824],[-49.13623749486143,-26.89331908050456],[-49.137426994842194,-26.89330541773893],[-49.13826677391489,-26.8935315413712],[-49.139103165656614,-26.893563226719053],[-49.14169990206476,-26.893170919034688],[-49.14194683766501,-26.89362441690564],[-49.14192156045787,-26.89428075185976],[-49.14163442333762,-26.895101869673685],[-49.14034459847604,-26.89707846056975],[-49.140302315905416,-26.897686154668097],[-49.140120420344985,-26.89784438739219],[-49.14032117830066,-26.897870635720377],[-49.14033166365681,-26.898095972847887],[-49.14069608258987,-26.898313768692915],[-49.14050369247403,-26.89858311838628],[-49.14022951955558,-26.89867368326515],[-49.14060880212814,-26.898694904184648],[-49.140990747229814,-26.898444925114212],[-49.14140151945253,-26.89885068561005],[-49.14215164572469,-26.89903718074182],[-49.14312591565739,-26.898948743627543],[-49.14411091491205,-26.898543940606675],[-49.144698180085896,-26.898666989893286],[-49.14508090806097,-26.898538431770827],[-49.14526573240333,-26.89878000251997],[-49.14534385579221,-26.89849918260338],[-49.14633563511524,-26.898041645231793],[-49.14647952193947,-26.898341095705582],[-49.146429139901066,-26.89903501485463],[-49.14626282705227,-26.899290121356156],[-49.14575234390707,-26.899343548315546],[-49.145635080102814,-26.899610306306524],[-49.146087193493365,-26.9005996436147],[-49.14671980222825,-26.90124268765583],[-49.14657916124902,-26.90173496938971],[-49.14749898197511,-26.902142017691336],[-49.14814981536503,-26.901947574861307],[-49.148113109056354,-26.90240117122333],[-49.14850149064417,-26.903043957146796],[-49.148678059311074,-26.903090592425936],[-49.149080822118165,-26.90298466338993],[-49.148539691774275,-26.902992968613464],[-49.14828294603487,-26.902424564523308],[-49.148417791647894,-26.90209690509398],[-49.14818949531508,-26.9018556319993],[-49.147511709987214,-26.901924137305038],[-49.14672176769384,-26.901690949038574],[-49.14694468714778,-26.901258576014115],[-49.14614037558007,-26.900169989156254],[-49.14635239150892,-26.89962378571618],[-49.14673527858512,-26.89948788659087],[-49.1468752960788,-26.898134620172915],[-49.1490450645832,-26.89820715163914],[-49.15020355639227,-26.89796222071974],[-49.151490512528,-26.896937887614737],[-49.152397711040386,-26.89582372958269],[-49.15366062001298,-26.89533532911834],[-49.154703844297416,-26.895630343021327],[-49.154845032340226,-26.896302144145643],[-49.15471883503111,-26.89667177635128],[-49.155000035895846,-26.896317249327613],[-49.15483679374275,-26.89603853417549],[-49.154914102269835,-26.8953253666924],[-49.15534196172957,-26.895135326396765],[-49.15622338219789,-26.895256885986154],[-49.156575713915935,-26.895162898300626],[-49.15524917514797,-26.895064694178863],[-49.15440742735115,-26.895453782166527],[-49.15376470009678,-26.895188923482],[-49.15289092052069,-26.89557399622333],[-49.15248019143159,-26.89544361932181],[-49.152826884490494,-26.895022286414385],[-49.15351846280607,-26.894571976701574],[-49.15291662472301,-26.8948130284222],[-49.152576024739524,-26.895187200817972],[-49.152488533368334,-26.894941936687147],[-49.152218006652,-26.895400768980654],[-49.152072324683964,-26.895326113113846],[-49.153236217203215,-26.893686094762863],[-49.15363046616976,-26.893467248367674],[-49.15497053276091,-26.891420035167855],[-49.15702387441613,-26.88921601161759],[-49.15816301719584,-26.888268849632976],[-49.159758685024244,-26.886086808035888],[-49.161942864928896,-26.88519966994218],[-49.16527969124847,-26.883271301176052],[-49.16921211174383,-26.881816834578217],[-49.17184828056545,-26.88043716805125],[-49.174417267269334,-26.879381192724274],[-49.17572309119316,-26.878691555903387],[-49.174037592468466,-26.879328918659727],[-49.17302956254816,-26.87992782155548],[-49.170634359492375,-26.88064805158951],[-49.1690319865779,-26.881545326629425],[-49.167789849078574,-26.88182400915496],[-49.16607780235434,-26.88248638599461],[-49.162367523024564,-26.8834205824578],[-49.16216951726873,-26.883851884812422],[-49.161610921121294,-26.884362361728158],[-49.16131903336439,-26.8843488684918],[-49.1607411868851,-26.88461279768736],[-49.15986964628089,-26.884650500725005],[-49.15941337170318,-26.88524259826366],[-49.15926175702622,-26.885218377233063],[-49.158604727842665,-26.885699075476392],[-49.15685218640775,-26.88848702515016],[-49.15576651984147,-26.88940926175291],[-49.15455866994021,-26.890802868220547],[-49.153705948242795,-26.892113164582508],[-49.15202075419184,-26.893516450291752],[-49.15163426697624,-26.893662870956796],[-49.15134448000983,-26.894787726829595],[-49.15091086552545,-26.895339771281247],[-49.14957347376489,-26.895900420961645],[-49.14775077606577,-26.895948019076524],[-49.14699040059633,-26.895641036277656],[-49.14590399745658,-26.894532020898872],[-49.1452667940914,-26.893574691345652],[-49.14338557599811,-26.891650225464215],[-49.14231439678112,-26.891556380213995],[-49.14217142027554,-26.891172130625993],[-49.14235371002092,-26.89088206091475],[-49.142018217074096,-26.891197872611322],[-49.14203200794852,-26.89143646633765],[-49.1416708065329,-26.89160740065162],[-49.1403792257303,-26.89152812245952],[-49.13933676333038,-26.891176850999685],[-49.13932244016929,-26.889842971559215],[-49.13895224864902,-26.88950595951868],[-49.138857825045584,-26.888608920664307],[-49.139140640284715,-26.888386127859096],[-49.139544637963034,-26.888672793463385],[-49.13958685418443,-26.888439994238865],[-49.14006977621669,-26.88824333873728],[-49.140780364106206,-26.88762579605488],[-49.14085500107077,-26.887365463355078],[-49.140465618341764,-26.886013652795118],[-49.14089761355362,-26.88565868252712],[-49.14139432332365,-26.885799111963788],[-49.142180703140866,-26.886784293653232],[-49.14218239158502,-26.887010231800385],[-49.14233354659886,-26.886911272103273],[-49.142289805580056,-26.886492980147754],[-49.14326316449528,-26.886823580848887],[-49.143037875412,-26.886294967965796],[-49.14311706625397,-26.886156477291586],[-49.14350628049196,-26.886199515137353],[-49.14365197328595,-26.88520830233928],[-49.14440994426741,-26.88481754160619],[-49.14418362761791,-26.88460233797479],[-49.14454879324166,-26.88416944805074],[-49.14447431552908,-26.88399467447683],[-49.144883518133675,-26.883805000128962],[-49.14503860459434,-26.883515536917443],[-49.14549974001965,-26.88348618307919],[-49.145639964891,-26.883058662727773],[-49.14550606156441,-26.88186458312922],[-49.14530185610399,-26.881635070221712],[-49.14480431535466,-26.881455564977937],[-49.14463077538151,-26.880498847728887],[-49.14432612234696,-26.880389921749806],[-49.144161197508836,-26.880877096252267],[-49.143193141659424,-26.880696255627967],[-49.1435022561342,-26.881010312883866],[-49.14354157995241,-26.881373113353895],[-49.14278397890468,-26.88074324228037],[-49.14342236703997,-26.881536432460166],[-49.14272517351539,-26.881123087303543],[-49.14304557673018,-26.881431792473688],[-49.14280567508707,-26.881640957626583],[-49.14244410734019,-26.881020052540094],[-49.14257809290767,-26.88051602295305],[-49.143225737599884,-26.880247605017523],[-49.143366060278524,-26.87988087081869],[-49.14283129725794,-26.87814984963707],[-49.142746589949596,-26.878429709835093],[-49.14266819386846,-26.878308980086757],[-49.14273614871179,-26.87765029566913],[-49.14299547667962,-26.877360840927658],[-49.14294276701357,-26.876853457167535],[-49.14368454620976,-26.87683228768386],[-49.144379664983006,-26.877085899780955],[-49.1445074003691,-26.877044266577773],[-49.142598258515996,-26.87647054238731],[-49.1422068650595,-26.876188292342178],[-49.14212002089343,-26.87551189829895],[-49.142038086590084,-26.87612888252916],[-49.141267812740686,-26.875741829680667],[-49.14135593820182,-26.874730384120983],[-49.141580011971975,-26.874330990828405],[-49.14262653430368,-26.873474536713264],[-49.14288636911041,-26.872987110361578],[-49.14322075022869,-26.87277759160775],[-49.14329060863722,-26.872436045768715],[-49.143526004040176,-26.872692630963222],[-49.1436592194775,-26.872632197054006],[-49.143685259734205,-26.872450745561068],[-49.14331548155628,-26.872270971553395],[-49.14282026458233,-26.87281110751115],[-49.14256177113993,-26.871487393191956],[-49.143117296380574,-26.86917339782545],[-49.1430888838085,-26.868129300837836],[-49.14334308505448,-26.86793515659152],[-49.143819164801435,-26.867919156471377],[-49.14521338115912,-26.86956349650936],[-49.14615834407862,-26.86950414861411],[-49.14723269289456,-26.86858667809661],[-49.14796515805227,-26.86741174377833],[-49.147733981731044,-26.8674934637374],[-49.14868867092069,-26.866409180001373],[-49.14933706835328,-26.86666118815491],[-49.149899367572516,-26.86726962619242],[-49.150454365501375,-26.868775979142672],[-49.15079599007667,-26.869261674213114],[-49.15141745468593,-26.8691581648868],[-49.150896183282526,-26.869162387324923],[-49.15078352838164,-26.869017467363093],[-49.153238252519905,-26.86787845335166],[-49.153549107504475,-26.867992002681007],[-49.15357861556355,-26.868324616081907],[-49.15450211467355,-26.868016371977212],[-49.15472579937889,-26.868097013504222],[-49.15497644557924,-26.86793379753724],[-49.154678197222665,-26.868024818264615],[-49.154263674796496,-26.867833707838777],[-49.15473825920893,-26.866053696988317],[-49.15431467830127,-26.865679129386933],[-49.15408107098159,-26.864987614818805],[-49.15373869799755,-26.864588957318137],[-49.15528054085609,-26.86364321261529],[-49.15597853256815,-26.862986612750372],[-49.156043148515444,-26.861739737283386],[-49.15552929842851,-26.86017784463127],[-49.155658171814935,-26.85959558394212],[-49.15644509573316,-26.85924130267902],[-49.15703381233296,-26.858677642027835],[-49.15694706119396,-26.858476026507574],[-49.15712572470805,-26.858267158646417],[-49.1578983295998,-26.857900617815925],[-49.158168785649146,-26.85748057298043],[-49.15853334833007,-26.85624396699416],[-49.15718710161796,-26.853772603411723],[-49.15621489028658,-26.853321565527867],[-49.156037951021176,-26.85352776962918],[-49.15635594234378,-26.85358696335734],[-49.157127182983594,-26.854110310627707],[-49.15829502266945,-26.856210979259167],[-49.15805383174175,-26.856623649697642],[-49.15787120180315,-26.857581266761652],[-49.15676452199139,-26.858254199201895],[-49.15642486073076,-26.858966145458314],[-49.155432072489106,-26.859496599428383],[-49.155285589350854,-26.859914157213616],[-49.15533855635489,-26.860393935900372],[-49.1558425424129,-26.862034026387924],[-49.155642227780675,-26.863027057954074],[-49.15346129143078,-26.86446366262279],[-49.15439567183119,-26.866226759700155],[-49.1538694337223,-26.86783707114564],[-49.15361008015874,-26.8674997524623],[-49.153390463184905,-26.867522814733814],[-49.15336426044488,-26.86720032349414],[-49.15360172780666,-26.866884983310168],[-49.153386225215236,-26.866762435771072],[-49.15312511976015,-26.867303044355786],[-49.15324013238625,-26.867522228322283],[-49.15313234916607,-26.867685739382317],[-49.15080276714141,-26.8687207226373],[-49.150206846207155,-26.86719121339597],[-49.149637005369634,-26.866532767708534],[-49.14880955580467,-26.866132707538338],[-49.14865735690013,-26.86561643084531],[-49.14837863767263,-26.86542082788497],[-49.14851519754875,-26.86573644731955],[-49.14834256994741,-26.865891897114956],[-49.14861934935454,-26.866118672655737],[-49.14836606041617,-26.866225435668767],[-49.14750416430436,-26.86733488540852],[-49.14711085956733,-26.868172993674523],[-49.14603346229645,-26.86925330879418],[-49.14539251168772,-26.8692696009639],[-49.14451363703138,-26.868029920045817],[-49.144076754307655,-26.867686971509965],[-49.14297736285033,-26.86756967011683],[-49.14274359333614,-26.867900350699166],[-49.14277891444876,-26.869528156600317],[-49.142554187786075,-26.869826727859884],[-49.14228166716585,-26.869780750196355],[-49.14255878835771,-26.870041365771623],[-49.142271310833046,-26.87121209349106],[-49.142497235992145,-26.87319882564726],[-49.14177158055611,-26.873656436896034],[-49.14131697152596,-26.874167874645874],[-49.140558105728346,-26.87406673813065],[-49.14115088708105,-26.874342623860972],[-49.140925785404114,-26.87541217723321],[-49.14073129957118,-26.875590362555272],[-49.140398046725004,-26.875620301856983],[-49.13997317194415,-26.875370505774306],[-49.139635141098246,-26.875580470946776],[-49.138128752952525,-26.87542080196041],[-49.138192764974164,-26.875549891873533],[-49.14084997032646,-26.87572645368446],[-49.141030009002066,-26.875994837918544],[-49.14191317018033,-26.876453035243326],[-49.14235477098273,-26.876905224714427],[-49.14224498679586,-26.878211629146058],[-49.14195480603406,-26.878527858494294],[-49.1423589941246,-26.878680388960714],[-49.14261778642811,-26.879688603527164],[-49.1428199595079,-26.879786729350716],[-49.14271816423949,-26.879864713866002],[-49.14243095621512,-26.879625778742476],[-49.142341605942065,-26.879721584672236],[-49.14241577018649,-26.87990281576222],[-49.14210868431398,-26.880906298120887],[-49.14228608919998,-26.8815604162854],[-49.1436161003852,-26.882673922199334],[-49.14507267972926,-26.883009080193165],[-49.144403367464456,-26.883288620109084],[-49.14383164841115,-26.88372949853039],[-49.14299507149761,-26.883475589038383],[-49.14268717928365,-26.88358834119627],[-49.1422270105553,-26.884006477402952],[-49.142287803415165,-26.884750777473723],[-49.14199913525449,-26.885471268806626],[-49.141594339236256,-26.885277817637068],[-49.14188055997958,-26.88468222636824],[-49.14180414368663,-26.88408566801106],[-49.14140997631117,-26.884470829081106],[-49.141447637437416,-26.884781171398107],[-49.141171266641244,-26.885063539708817],[-49.14051019460953,-26.88501298956212],[-49.14007898126106,-26.885604500373134],[-49.13998010862721,-26.886014782235627],[-49.14036750873572,-26.887352641843115],[-49.140194315661184,-26.887643843293837],[-49.13974086172279,-26.88789338813338],[-49.13939384191313,-26.88803523270811],[-49.13872392719089,-26.888010639508614],[-49.13794679426042,-26.887085118124784],[-49.1373176430192,-26.88705597259382],[-49.13663695907185,-26.887260391317767],[-49.13558913401416,-26.88689395101317],[-49.13507027596361,-26.887273216318818],[-49.135274941202496,-26.88738570713591],[-49.135181317853124,-26.88796263769762],[-49.13478180609908,-26.888480176956516],[-49.1342418903129,-26.88872478929351],[-49.130207599642205,-26.88906611079819],[-49.12829406742356,-26.889932508561625],[-49.127490662665444,-26.890523777462956],[-49.126493118425245,-26.8908540507295],[-49.12577036641782,-26.89091489768278],[-49.125593209491356,-26.890454576179103],[-49.1259802554502,-26.890087242329763],[-49.12595507833403,-26.889841784788562],[-49.12558315421926,-26.889408129807038],[-49.12506523636187,-26.889226047219697],[-49.12492835817595,-26.889028122800834],[-49.12509992508735,-26.888974424228586],[-49.12501772506983,-26.888717631017315],[-49.124844855932814,-26.88856388535428],[-49.12468868854552,-26.88864926877769],[-49.1246274950167,-26.8884430998318],[-49.12391458875437,-26.88811384508395],[-49.12407068599496,-26.887981485974226],[-49.123902654259204,-26.887640860664266],[-49.12398308720868,-26.88792899335256],[-49.12381307353301,-26.888117814212332],[-49.12402293665395,-26.888298331113866],[-49.12378079352316,-26.8884187825323],[-49.12224763532639,-26.886844300240522],[-49.122381178906075,-26.886806154330763],[-49.1222314714115,-26.88663935789666],[-49.122523474158264,-26.88609114532781],[-49.12294996667021,-26.885612736312112],[-49.12261320335514,-26.885582856858687],[-49.122182780478525,-26.885863848279868],[-49.122264804292165,-26.886068821141777],[-49.12206920540873,-26.88627321450259],[-49.12201584839575,-26.886768773639584],[-49.12175097157777,-26.886768150677934],[-49.11988823764536,-26.88523922664293],[-49.11989271181561,-26.884818741968147],[-49.11905637677477,-26.883923680528905],[-49.11959717226882,-26.884144164074755],[-49.119683100178676,-26.88450556183942],[-49.11976444931965,-26.88440831360675],[-49.11995547874884,-26.884656945797],[-49.119815888205075,-26.884050351164188],[-49.11939159929423,-26.883437744736813],[-49.11905457779683,-26.883371681605684],[-49.11891948902527,-26.883040318934203],[-49.11852204614849,-26.88255893807517],[-49.11822644287059,-26.882558924160524],[-49.11818220776299,-26.882028504400765],[-49.11788195948678,-26.882451556244224],[-49.117230657667115,-26.882072156502492],[-49.116558638932275,-26.882072044151123],[-49.116124898912695,-26.881777890381937],[-49.11551207442289,-26.881912715316325],[-49.11502123312902,-26.881704908003172],[-49.11447885371298,-26.8817737365546],[-49.11375795782414,-26.881654534002028],[-49.11313181915692,-26.881323007891968],[-49.11329219495555,-26.88114969878292],[-49.112815915300985,-26.88120567491649],[-49.112231644691036,-26.880805843825318],[-49.11171028198336,-26.879848926174972],[-49.11188764439258,-26.87949058057191],[-49.11216812146105,-26.87944650273458],[-49.11203208878292,-26.879257904100218],[-49.11216101713605,-26.87870850742413],[-49.1125800777545,-26.877739094393096],[-49.11321507713825,-26.877374457235298],[-49.11377214824593,-26.877633362230764],[-49.113833107671,-26.877944695122725],[-49.11403663173414,-26.877877553458656],[-49.11425760743488,-26.878105261532664],[-49.11433415874829,-26.877782837896433],[-49.115108989987064,-26.87774422593177],[-49.115278059141104,-26.877473276811234],[-49.115247276626285,-26.877371088618677],[-49.11402300622985,-26.877490546133696],[-49.11332879726687,-26.87724488947554],[-49.11300677312931,-26.87640999499595],[-49.113214612118256,-26.875111445766876],[-49.113050415618815,-26.874940085415975],[-49.11260971482292,-26.874998964996152],[-49.11208864494055,-26.875397562423785],[-49.112419334099215,-26.875633135760154],[-49.112141877141966,-26.87621266918564],[-49.11170759201239,-26.876191881999425],[-49.111474937536094,-26.876654002928124],[-49.11111513625545,-26.876712160713716],[-49.111027799877775,-26.876612000496294],[-49.11091470125549,-26.876768723718865],[-49.11109360811344,-26.876904664574237],[-49.111413343370344,-26.87680121734586],[-49.111215387496294,-26.87698906512415],[-49.111275132268084,-26.87713408389233],[-49.11184804004034,-26.876411982614986],[-49.11235679891921,-26.876498762524545],[-49.11246533372432,-26.875983777164357],[-49.11282919354071,-26.875542727819283],[-49.11268975618454,-26.87728735746621],[-49.112307280975394,-26.87758820680058],[-49.111422847110504,-26.877623251185888],[-49.11075242164931,-26.877936698699163],[-49.10947479882497,-26.877952562566833],[-49.108614751073496,-26.878238433867352],[-49.10773933726515,-26.878214731403556],[-49.10713144646341,-26.87767167817853],[-49.1070998056689,-26.87788276712578],[-49.106537715064405,-26.878177012495335],[-49.10602580846794,-26.878853764392513],[-49.105594950735046,-26.87893683156918],[-49.10539269637535,-26.879217426347136],[-49.103801660717714,-26.880047367888118],[-49.10095251533658,-26.88067525496782],[-49.100632594051596,-26.880914489197135],[-49.10030589819301,-26.880840066606968],[-49.09967387047519,-26.880961610131916],[-49.09869784965188,-26.880774770255826],[-49.09814195806901,-26.88032458610337],[-49.09804531353544,-26.879196099892415],[-49.098344164687056,-26.87849027668968],[-49.09899054460523,-26.878139765397247],[-49.09840998130502,-26.878157309881562],[-49.09847535461129,-26.877224851113493],[-49.09813911447308,-26.876464030157575],[-49.0970089085886,-26.875389961091965],[-49.09532126351416,-26.874601671616134],[-49.09553584841531,-26.87440343502994],[-49.095843218193814,-26.874624453706744],[-49.09652483525561,-26.874782304435215],[-49.09689918117816,-26.87437854290732],[-49.096254365190944,-26.873626469816482],[-49.095999162837856,-26.87313847785875],[-49.096061677380504,-26.872923075446177],[-49.09624516582537,-26.872739303102417],[-49.09651313396015,-26.87272414365748],[-49.09712751187984,-26.87300456994976],[-49.097828099029776,-26.87286906781627],[-49.09843606790923,-26.87292062552501],[-49.0976616828254,-26.873404871265514],[-49.097741564705316,-26.873567386111127],[-49.09857545344592,-26.873954940269726],[-49.0985243792581,-26.874299690289355],[-49.097956816237094,-26.87471937312875],[-49.09809962602939,-26.87504389509647],[-49.098518064107274,-26.875391482395415],[-49.09924609605995,-26.875655370697952],[-49.100497062444724,-26.875882185206834],[-49.10086578052895,-26.875828905364116],[-49.10109823955952,-26.87614191731991],[-49.10151746959055,-26.87588597563475],[-49.10152922315823,-26.876423942435434],[-49.10184792951609,-26.876454560941],[-49.10264076763257,-26.875698328405075],[-49.10233729109448,-26.87452364071102],[-49.10254805604298,-26.87401415800131],[-49.104345504384554,-26.872797679284233],[-49.1045018768566,-26.872494106478968],[-49.102403858909085,-26.87395421612012],[-49.10216126844768,-26.874496533456657],[-49.102440606137186,-26.875622855232333],[-49.1018312547958,-26.876246229695305],[-49.10168139968274,-26.87617403451672],[-49.10177680108728,-26.87574840299996],[-49.10163409018122,-26.875570078076738],[-49.10113986466348,-26.875848501191232],[-49.100925373903024,-26.87567571726339],[-49.09971244447284,-26.87562059138356],[-49.09848496314711,-26.875144375433322],[-49.098276434410444,-26.87479372431304],[-49.09872122158077,-26.8744727627662],[-49.09887824868641,-26.873963621721728],[-49.09915222337311,-26.87424393052128],[-49.09966509099987,-26.87419448856626],[-49.09922686369939,-26.874072069246846],[-49.09901904751673,-26.87377419889584],[-49.098786459803414,-26.87380188200069],[-49.098081661916936,-26.87348077792874],[-49.09850548053905,-26.873302203559987],[-49.098709448446016,-26.87341464365831],[-49.09903184213674,-26.873133490772116],[-49.09851181947555,-26.872739411122254],[-49.097436985922144,-26.872564985485987],[-49.09706002909899,-26.872637886338733],[-49.096369687128565,-26.872395563282836],[-49.09565981603446,-26.872944591788297],[-49.096422160538914,-26.874507862479486],[-49.09547540401562,-26.87404135396571],[-49.0942472814313,-26.874986562507164],[-49.09295092600919,-26.8750764681854],[-49.0914520135884,-26.874836032737825],[-49.089791445501426,-26.873869092006874],[-49.0900768593188,-26.873341156436233],[-49.09037230970764,-26.87322733381975],[-49.09066186561044,-26.872876440943795],[-49.090721303469536,-26.872385009280052],[-49.0900436920799,-26.8708070672274],[-49.08909470450638,-26.870551375181087],[-49.08965175736206,-26.870184076290485],[-49.08930522488326,-26.87017753508392],[-49.088749431622134,-26.870476819187175],[-49.088362637389025,-26.868240448843213],[-49.088542797410604,-26.867732645203333],[-49.088800905656896,-26.86751186892087],[-49.08844578532952,-26.867471630823967],[-49.0883099553873,-26.86767651962721],[-49.08815438082662,-26.86741727378255],[-49.087882717246835,-26.86734265301751],[-49.08733211022579,-26.867612002895225],[-49.086950098983,-26.867531816377046],[-49.08653965157152,-26.866885944451617],[-49.085726663127176,-26.866836247367168],[-49.08524363430222,-26.866277775942176],[-49.08493825605111,-26.86618847397323],[-49.084474143422796,-26.86558269012563],[-49.083310141585464,-26.864860687350095],[-49.08340760029381,-26.86467064118795],[-49.08377044624415,-26.864801092276615],[-49.08383876799241,-26.86423536616135],[-49.08443352918375,-26.863224570998135],[-49.08436906109945,-26.862710357486797],[-49.08375197635085,-26.862435759135497],[-49.08390078310843,-26.861325093609732],[-49.08407166615857,-26.86118469016264],[-49.08477062107106,-26.86110272606262],[-49.08500097508739,-26.86078863670161],[-49.0849336824873,-26.860025526622433],[-49.08591033352761,-26.85954641713301],[-49.08582441890681,-26.858686235715624],[-49.08568686641878,-26.85855982504913],[-49.08546993426482,-26.858836946275876],[-49.08559752534656,-26.85908736031723],[-49.08527780294364,-26.859139275606374],[-49.084939224677505,-26.859496446481245],[-49.084507573646256,-26.859576050746742],[-49.08424626581882,-26.859460803742035],[-49.08403846535437,-26.859549346240346],[-49.08408239776871,-26.85965071599957],[-49.083629504899356,-26.85937336870885],[-49.08373177008207,-26.859140869405916],[-49.084039605556214,-26.85924078059274],[-49.0841147475117,-26.858999978484125],[-49.084746793609504,-26.858705040059522],[-49.084624712059544,-26.856367080419215],[-49.08422018960003,-26.8563028794716],[-49.08415911817652,-26.85642517621236],[-49.08410112725383,-26.85630374471027],[-49.0837260552679,-26.85631899500126],[-49.08348807627385,-26.856521426567813],[-49.08367041106343,-26.856568652045038],[-49.08349452970551,-26.856757485561044],[-49.082899087340046,-26.856316458242148],[-49.08291858051887,-26.855852636850525],[-49.083163341733695,-26.85571438140769],[-49.083387587019345,-26.85513234005005],[-49.083870987399195,-26.8558257308102],[-49.0844973536753,-26.855731062717336],[-49.08473211127023,-26.855074969586298],[-49.08421594435311,-26.854545895179267],[-49.08425311804207,-26.854302798224538],[-49.085239644100874,-26.852660063489534],[-49.08530556700472,-26.85202833402682],[-49.08564072168526,-26.85137126641849],[-49.08647509940493,-26.850724779514703],[-49.08695331463205,-26.850655954336947],[-49.087201517671495,-26.850280563479327],[-49.0871685972253,-26.849262589119203],[-49.08793883785507,-26.848092304813928],[-49.08783041097223,-26.84737155393862],[-49.08797143746967,-26.84622582553194],[-49.08939592784005,-26.844136101276465],[-49.09078206179569,-26.84289703062637],[-49.090956117586295,-26.841972521761374],[-49.09071690070776,-26.8420880272748],[-49.090496124646826,-26.841750885813457],[-49.090576816214316,-26.841584628751388],[-49.0902917699148,-26.840375417621583],[-49.090413250348334,-26.83966664091813],[-49.09026386697773,-26.839349302546086],[-49.089903724123715,-26.84080840196008],[-49.09033640973524,-26.8413274324154],[-49.09043212648524,-26.84240455648838],[-49.09066137313868,-26.842506252627697],[-49.0906350405978,-26.842778844686514],[-49.08975203337455,-26.843594743502656],[-49.08882897167452,-26.84410685358734],[-49.088736904856965,-26.844653757147505],[-49.087757186678886,-26.846178622572648],[-49.087395219108814,-26.84640968286427],[-49.086630774149775,-26.8464649826337],[-49.08679023395945,-26.846658745855365],[-49.08698926529782,-26.846514380954524],[-49.087654415575415,-26.846522871562676],[-49.0877568356134,-26.846884201349255],[-49.08762472011677,-26.847373320901106],[-49.0873882707892,-26.84737393659029],[-49.08751138945061,-26.847041640124505],[-49.087430533550666,-26.846957203875853],[-49.087302790557565,-26.847277347619208],[-49.086129013725696,-26.84747553272751],[-49.08608897244571,-26.84766331409313],[-49.08587226854684,-26.847595348235007],[-49.085924843604346,-26.84781282168537],[-49.08735420020217,-26.847697781342678],[-49.087505333333276,-26.847418788853208],[-49.087690797462756,-26.847546669583455],[-49.087717677318956,-26.84793531027191],[-49.087012302276,-26.849025417346002],[-49.086676950031354,-26.85043764892099],[-49.08625687125812,-26.850516069606314],[-49.086028022874096,-26.850369079975632],[-49.08607606216708,-26.85064104610369],[-49.085450634066994,-26.851130882700044],[-49.08597429727797,-26.85045592625935],[-49.08526020887196,-26.850074887841334],[-49.085044035281385,-26.850272611829496],[-49.08492797175341,-26.850028529275566],[-49.08437668279988,-26.849897152301516],[-49.08419552565572,-26.850739086021196],[-49.08393437395706,-26.850719933248385],[-49.083863190453684,-26.850855529719084],[-49.08411761457587,-26.851050141391823],[-49.08411743084199,-26.85129632695899],[-49.08376359707106,-26.851375122091664],[-49.08383574254072,-26.851745580650398],[-49.08329571621299,-26.852320437108368],[-49.08283733765193,-26.852134665314292],[-49.08344373971798,-26.85188408365273],[-49.08335260830215,-26.851539216455112],[-49.08362374731129,-26.85090194143463],[-49.08309253805511,-26.850772465706388],[-49.083036670597075,-26.850597268314687],[-49.082882150925265,-26.85087916014663],[-49.08266022725747,-26.85100290274653],[-49.08255028374567,-26.85092779758178],[-49.08291154726825,-26.85072742974397],[-49.08234962696016,-26.85072979531193],[-49.08214211370072,-26.850902400050675],[-49.081890837697024,-26.85081212157008],[-49.08196139877558,-26.850186148183937],[-49.08172049777964,-26.850123924680332],[-49.081467149751205,-26.85043776685688],[-49.08066827653318,-26.849267672495582],[-49.08139396232533,-26.850567096051478],[-49.08155734722905,-26.850598196712873],[-49.081828142265046,-26.850284684523213],[-49.081767148856656,-26.85086145516492],[-49.08216116702249,-26.85105310617202],[-49.08232213297334,-26.851393411578147],[-49.08264455531629,-26.85159476869602],[-49.08242546009499,-26.851896848276038],[-49.08256042460959,-26.852368441308535],[-49.082948308777944,-26.85249003924178],[-49.08319971251026,-26.852837290005436],[-49.0831522020324,-26.85297868613847],[-49.08246698242718,-26.853089450252885],[-49.08229179742242,-26.853477688444077],[-49.08262583666876,-26.853609442615824],[-49.08313359212859,-26.854161102828428],[-49.08379958721252,-26.85411009509417],[-49.083827754384004,-26.854654698271872],[-49.084217258836695,-26.855222157374623],[-49.084047566637786,-26.855394907648346],[-49.08408879452527,-26.85512234888639],[-49.083618489735834,-26.854603069548457],[-49.08358524238661,-26.854205688453778],[-49.083410515765365,-26.85426823873966],[-49.0835284791969,-26.854711971571298],[-49.0830603755538,-26.85462975588093],[-49.08305251468905,-26.85445042952439],[-49.08266184805422,-26.854265224480727],[-49.082296758069184,-26.854350328069728],[-49.082346192029114,-26.854545045085157],[-49.08221942920259,-26.854472763107225],[-49.0818999202381,-26.854658723573692],[-49.081717948491374,-26.85451590710966],[-49.081737274167324,-26.854168187434706],[-49.081894981932884,-26.85402749041511],[-49.081411589587205,-26.85394749386357],[-49.08137844668637,-26.854309929276813],[-49.08102022434629,-26.854808919744684],[-49.080810050368214,-26.855701453487733],[-49.080955341964895,-26.85599901509247],[-49.08068293941394,-26.856272479736873],[-49.08112827051863,-26.856670586091965],[-49.08108026855772,-26.856963736530428],[-49.08135219762919,-26.857359192859693],[-49.08182561434296,-26.85743617931379],[-49.08206036661078,-26.857210621895575],[-49.08203628059572,-26.857560810360148],[-49.082546083908674,-26.85841635010733],[-49.08245083805973,-26.85908043271675],[-49.08319314142557,-26.859588093661735],[-49.08293892829205,-26.859717404278367],[-49.082396135599225,-26.859695465770216],[-49.082286318285114,-26.86010676376303],[-49.08204388387718,-26.860229765972182],[-49.08189882869132,-26.860214631671518],[-49.08183233928702,-26.860110591805164],[-49.08213805820691,-26.86013384679642],[-49.081908399179945,-26.860027037421972],[-49.08223311229222,-26.85988561801872],[-49.08223526914268,-26.85973870047122],[-49.08192113387849,-26.859713551337933],[-49.08140093853059,-26.8601595520104],[-49.08076506807646,-26.860446189226728],[-49.081128187166016,-26.86079693149217],[-49.081657626961984,-26.860840091643585],[-49.08232632805652,-26.8605017098155],[-49.083260453609746,-26.859590241121705],[-49.083502112824874,-26.85968405744832],[-49.083634783324825,-26.859960763123414],[-49.08344026081317,-26.86022228687002],[-49.08339191826817,-26.8601284747574],[-49.08321164577965,-26.860261176197355],[-49.08258691339426,-26.86155042759388],[-49.08327689691042,-26.86180266643259],[-49.08335598244897,-26.86214881094958],[-49.08320917548977,-26.86229773916011],[-49.08249297899503,-26.862260620579885],[-49.08256922805069,-26.862834427423277],[-49.083136445502,-26.8624269664688],[-49.08305131453841,-26.862733157345943],[-49.08339704546562,-26.86305367026888],[-49.08361655442466,-26.863643386399577],[-49.0832164362925,-26.863251753122935],[-49.08273297770266,-26.863151544164133],[-49.08273310397049,-26.862928826875763],[-49.082606108263285,-26.862886549841345],[-49.08269270350315,-26.863432943712922],[-49.08310043857669,-26.864265966978483],[-49.08286916185656,-26.864450505365394],[-49.08244842933541,-26.86409554820733],[-49.08192230587972,-26.86302273788072],[-49.081691493939616,-26.862965832014844],[-49.081847470255546,-26.864372204251254],[-49.081544469834135,-26.864176853661696],[-49.08125073106925,-26.864554400722522],[-49.081885691212776,-26.86452780777752],[-49.08200715629883,-26.86492080411171],[-49.08155758622826,-26.86511333454741],[-49.082058440781054,-26.865111743447116],[-49.08233285636097,-26.865383726639973],[-49.08224670032718,-26.865117183990048],[-49.08290490401373,-26.865272679053838],[-49.08288409288611,-26.86570703713803],[-49.083176817385926,-26.866182598520414],[-49.08376079149065,-26.86645674759693],[-49.0840797899579,-26.86708616866966],[-49.084385673019646,-26.867273676569752],[-49.08478139944851,-26.86791645081509],[-49.0852533915581,-26.867915553152653],[-49.085549692983335,-26.86825339831924],[-49.0855741480872,-26.86881800738172],[-49.0859494615382,-26.869015976583704],[-49.086182180298444,-26.86948905699569],[-49.08654485815959,-26.869743761503376],[-49.08608412004302,-26.870206763231085],[-49.085372490280605,-26.869958533489896],[-49.0855486456552,-26.870443074704877],[-49.08589737113687,-26.87056887552788],[-49.0865601397776,-26.86995981108961],[-49.086809150484065,-26.86967961994024],[-49.08671629143068,-26.869297980904655],[-49.08714242235228,-26.86847548539386],[-49.087421972647334,-26.868485483063093],[-49.087889579460466,-26.868161925424918],[-49.08790592839963,-26.868949661413634],[-49.088505918955136,-26.871041536141654],[-49.088949310054154,-26.871215403629197],[-49.08950878931801,-26.871102257499604],[-49.08979359088272,-26.871581414270576],[-49.08872603677651,-26.871560559334274],[-49.088470006186924,-26.871883112955402],[-49.088815380355555,-26.87182705914527],[-49.08959427658541,-26.872082337171413],[-49.08985071073492,-26.871861229418617],[-49.09029886250538,-26.872431778365545],[-49.09023717240835,-26.872679513386633],[-49.08871416935215,-26.87408595016849],[-49.08815774635544,-26.874845191359505],[-49.08781717431755,-26.875820007689253],[-49.08817174194307,-26.876364308856562],[-49.08807280978994,-26.877683219676836],[-49.087900194334274,-26.87802981814319],[-49.08814907947335,-26.878538793097274],[-49.08793397203501,-26.878772333823395],[-49.08775481466321,-26.879824406582955],[-49.08730140594488,-26.880624865855925],[-49.08704757171165,-26.881740481441884],[-49.08656269822231,-26.88275528508255],[-49.08564047404806,-26.883952996386626],[-49.08537009772624,-26.884701057718445],[-49.084398115177265,-26.88593535884261],[-49.08381244416661,-26.887792299866607],[-49.08322841494567,-26.88855488409121],[-49.08295358880965,-26.88922547464896],[-49.081141545368894,-26.89085868558022],[-49.07964162289363,-26.89274459913835],[-49.07721756016045,-26.895077368143916],[-49.07609795137131,-26.89644357083313],[-49.074819325445574,-26.897461551078422],[-49.07367644267848,-26.897890399032782],[-49.07315896732052,-26.897969638054533],[-49.07162016210183,-26.89765333312412],[-49.06691699960329,-26.89546643491333],[-49.066086409825225,-26.89522729071089],[-49.06603188181364,-26.895083597250284],[-49.06163679174304,-26.8937268682842],[-49.0604246174443,-26.893815796728916],[-49.05965065454152,-26.894144643533508],[-49.05886389798031,-26.89470076271707],[-49.05851992886604,-26.895167269631393],[-49.05850163652961,-26.895844303348156],[-49.05892536539459,-26.896655455956253],[-49.058929952071935,-26.8975251379155],[-49.05942159184319,-26.898749583412922],[-49.059828863611,-26.89914199332167],[-49.06169577013164,-26.9000255234881],[-49.06333710799608,-26.901967190646452],[-49.06576546272681,-26.904033953728696],[-49.06748103337838,-26.90587671185247],[-49.0681106158576,-26.906770827665163],[-49.06842506301928,-26.907603257077415],[-49.06842217958897,-26.90871869957854],[-49.068171826036384,-26.90990413353626],[-49.06768686193982,-26.910856988056853],[-49.0677064350058,-26.911413352129845],[-49.06669568491106,-26.915219980358575],[-49.06573115347284,-26.91694355117474],[-49.06423406948511,-26.91851973969717],[-49.06151767477365,-26.92013393962783],[-49.06041229354638,-26.920172356174902],[-49.05998410052829,-26.91981716874524],[-49.05992544500828,-26.91949897272528],[-49.060360640252505,-26.917012386230358],[-49.060070648456865,-26.914985686463687],[-49.059571392650135,-26.914000515852937],[-49.05919418786892,-26.9138190951285],[-49.058356300443606,-26.912982932437053],[-49.057545020968675,-26.911865478512116],[-49.05609971101879,-26.911388835208935],[-49.05416578483599,-26.911283624223696],[-49.05136976060766,-26.910455701900844],[-49.05026690665711,-26.910343843956746],[-49.04682891172334,-26.90924157701721],[-49.04477252709939,-26.908166804093288],[-49.04485409569755,-26.907970187964043],[-49.0446094491453,-26.90792117395642],[-49.044304022799466,-26.90743356597359],[-49.04429892748694,-26.906742357632563],[-49.04567765471528,-26.90347745842138],[-49.045603248100896,-26.90140012025636],[-49.04583043827195,-26.9002761850278],[-49.04598403279961,-26.90017413870263],[-49.04583632767967,-26.899614582888987],[-49.04606577286055,-26.89948247356254],[-49.045696966475695,-26.898236003269695],[-49.04577874644902,-26.89796331227953],[-49.045553551519994,-26.897765270378056],[-49.04504713479382,-26.89633146430834],[-49.044261006490935,-26.895654950314054],[-49.042921338602284,-26.894908456383018],[-49.04204823761963,-26.894894330267743],[-49.041313086682344,-26.89538485035373],[-49.0401326606708,-26.895743828453742],[-49.03972099721535,-26.895509396021602],[-49.039222442417326,-26.895502126398114],[-49.03963416667304,-26.895822573504518],[-49.038412426527046,-26.897157713547983],[-49.036765731152684,-26.89817425899441],[-49.036447160750804,-26.898512867677166],[-49.03599357238644,-26.897946948393894],[-49.03585519677076,-26.89845806220492],[-49.03609851617646,-26.89842908627269],[-49.03616352083736,-26.898725046448657],[-49.035755557019826,-26.89909189056353],[-49.03560722274428,-26.89954109414096],[-49.034910814176776,-26.900428473900885],[-49.034382988748575,-26.90085745887141],[-49.03383502353827,-26.901890386026142],[-49.03294607874991,-26.902834699009038],[-49.032599951734156,-26.902546901175604],[-49.03273476188441,-26.902910361582347],[-49.03262588771188,-26.903196246772136],[-49.02987496507333,-26.906268372320927],[-49.02921838311917,-26.90656514813256],[-49.02932465536376,-26.906693872259336],[-49.02898164647789,-26.906798933992945],[-49.0284877359899,-26.907249852921876],[-49.02800034848732,-26.907190152215602],[-49.02803166748847,-26.907350630952017],[-49.02774023195789,-26.907434925896492],[-49.027582673324765,-26.907385464803095],[-49.02744764647582,-26.906995868592574],[-49.02742128318519,-26.907400787067782],[-49.02706501274975,-26.907457665927883],[-49.022310260539484,-26.906508042887264],[-49.02076781114817,-26.906075182315448],[-49.01952646847869,-26.90518691517736],[-49.01982491656963,-26.904876697594986],[-49.019364489360775,-26.904945574889197],[-49.01961246223375,-26.90456852579822],[-49.01901293418929,-26.903867681359493],[-49.018526054089214,-26.902747998458995],[-49.018436730474384,-26.901570476665423],[-49.01859783057682,-26.900716099110074],[-49.01830079813136,-26.899523888464817],[-49.01796901437542,-26.898726432931888],[-49.01697247756866,-26.897391671092596],[-49.017150200801396,-26.897252128868516],[-49.01737980519387,-26.89742705023645],[-49.01757850740536,-26.89735301763358],[-49.01746123345999,-26.896993544526147],[-49.01773006505744,-26.896789973826007],[-49.01760832897131,-26.89613962350683],[-49.017140149659,-26.89584254259311],[-49.01708401559846,-26.896195141105892],[-49.01729970231401,-26.896880725197335],[-49.017081501008086,-26.897180640078197],[-49.01686868905108,-26.8972521279735],[-49.01631106007814,-26.89657273114098],[-49.016245508860436,-26.896882863923064],[-49.01698919848378,-26.898677013069264],[-49.01709860510343,-26.89949502268231],[-49.015973585274,-26.900390094031348],[-49.01568887170939,-26.900256716606567],[-49.01502629251551,-26.900443208179226],[-49.01441240783925,-26.900379830517565],[-49.01374968517216,-26.90068401383348],[-49.01404237094857,-26.901187690820617],[-49.01392973051904,-26.90072784802499],[-49.01422780134792,-26.900540365795823],[-49.01529112950683,-26.90055218816542],[-49.01591349925426,-26.90079243853221],[-49.01601271226976,-26.9011399810444],[-49.015608795805065,-26.901599077169198],[-49.015322051551,-26.902334099431968],[-49.01545136971041,-26.904047220420182],[-49.015604672837576,-26.90429648968207],[-49.01603197900585,-26.904457196970853],[-49.01669716047587,-26.90547158607422],[-49.01701168599454,-26.905561973587524],[-49.01778302416158,-26.90630809728005],[-49.018339364467494,-26.906608041966194],[-49.01873762690773,-26.906607936680224],[-49.0190950793218,-26.90702212437754],[-49.01958848442686,-26.907299925517588],[-49.02128053154641,-26.90794069659305],[-49.022461710761824,-26.90816649233135],[-49.023210687879654,-26.9086183861076],[-49.02434524437312,-26.90891159575786],[-49.0245442665817,-26.909116690785243],[-49.026480052201265,-26.90907840582608],[-49.0279174901135,-26.90878942129206],[-49.028129161727996,-26.908904128157864],[-49.02821265243657,-26.908764646187095],[-49.02910462186795,-26.908650392189223],[-49.030470685732794,-26.907916633389576],[-49.03176956817516,-26.906442557556772],[-49.03220010499245,-26.906479081065097],[-49.03213873014041,-26.90610558360087],[-49.03370703924304,-26.904174031111364],[-49.03405322616732,-26.90393803927338],[-49.03405261999612,-26.903733865212704],[-49.03593638666293,-26.901290728855145],[-49.0377903184583,-26.89935108067673],[-49.03935969715793,-26.89804959426292],[-49.039474970787666,-26.897773372259746],[-49.03974975293333,-26.89776069162305],[-49.03996372793949,-26.897382291430777],[-49.041136432841064,-26.896527631946228],[-49.042312035778785,-26.896221697843735],[-49.043116327718536,-26.89646339040224],[-49.04386198777167,-26.897290617663952],[-49.04420765991025,-26.898182611388613],[-49.04435465015121,-26.901730572031838],[-49.04388077085571,-26.904271435006876],[-49.04316395131,-26.905393651094894],[-49.043102973591466,-26.905872427978753],[-49.04230673642297,-26.907364260075912],[-49.04278875881635,-26.90859603451971],[-49.04403390648971,-26.909626767371513],[-49.04741067115569,-26.910979180330457],[-49.05002043368184,-26.91151109806806],[-49.049800992249,-26.91209433743715],[-49.05013274937848,-26.912486280139795],[-49.04953091600198,-26.913188068307498],[-49.049484422851904,-26.913420764316452],[-49.050240009768366,-26.912566777339535],[-49.05004850871275,-26.912016992370287],[-49.050510014680476,-26.911715656268196],[-49.05276677109652,-26.91218885872408],[-49.055815609310635,-26.912491629774365],[-49.05700153610819,-26.913165131743057],[-49.05851611202588,-26.91513068337048],[-49.05877753894438,-26.918165537199748],[-49.05856810562651,-26.919161895507425],[-49.05851954247512,-26.92058126777962],[-49.05892515887558,-26.921343946065754],[-49.05951384561118,-26.921726552222687],[-49.05951434711943,-26.922335758902715],[-49.058862105973596,-26.92294051706681],[-49.0568694248432,-26.9230323215657],[-49.05612012126142,-26.923862092210392],[-49.05664500784186,-26.9245064073975],[-49.05766596466625,-26.924988132799637],[-49.05801654779538,-26.92501852013606],[-49.05851525121093,-26.92461979093284],[-49.05878970852754,-26.92473164264566],[-49.05881502054113,-26.924984907003967],[-49.058186390989164,-26.925790289053655],[-49.057782297831785,-26.925974992793744],[-49.05764116172559,-26.9262849545836],[-49.05720487495141,-26.92634922957087],[-49.057179826972174,-26.92650045772137],[-49.0582360386051,-26.926393192280823],[-49.05938521751616,-26.927200142626283],[-49.06013665844,-26.92928360789458],[-49.060435797345335,-26.929421154227363],[-49.060746951612,-26.929848164014118],[-49.06108986831554,-26.9299759017493],[-49.06148403949605,-26.930638136843605],[-49.06228993653076,-26.93142061956168],[-49.062182215147324,-26.93172883826051],[-49.06190007244252,-26.93178322244481],[-49.06161495881502,-26.932062970737057],[-49.061846199852134,-26.932885039462622],[-49.06177622200642,-26.933168429284745],[-49.06051253491517,-26.933352572861367],[-49.060153200094874,-26.933275545061917],[-49.05997746422387,-26.93346631666932],[-49.06023920385437,-26.93367557933938],[-49.06106114166564,-26.933636188682705],[-49.061278936385555,-26.93399844733083],[-49.061649371022035,-26.933862394060572],[-49.061862756189214,-26.93474447928145],[-49.06214654187155,-26.93475754278278],[-49.06211883466196,-26.935084234323735],[-49.062662926195,-26.935020201606722],[-49.06304035398767,-26.93513253761978],[-49.06307223402799,-26.93495986403389],[-49.06357751153544,-26.934979683818344],[-49.0650910570103,-26.935812921964192],[-49.065752672792684,-26.93593190027486],[-49.06597777296394,-26.9357518185071],[-49.06621255757027,-26.936129012999967],[-49.06664787862778,-26.936309756899686],[-49.06670996450743,-26.936531140859664],[-49.06695703659466,-26.936558998626353],[-49.068310683127365,-26.937703352723915],[-49.06917936842483,-26.939167749078713],[-49.06984395110292,-26.939737387971586],[-49.07155145317186,-26.939550452824502],[-49.072720111504026,-26.939584717828076],[-49.07474663146876,-26.940346529678546],[-49.075220590444566,-26.940893181112685],[-49.075524959248575,-26.942078760364662],[-49.07702202437179,-26.94381111133007],[-49.07705722032158,-26.943656166572886],[-49.076666549804536,-26.943087379613765],[-49.07554819143824,-26.941853915207442],[-49.075488747940284,-26.940963891854942],[-49.07511335472883,-26.940366112437285],[-49.07300255196016,-26.939391187153348],[-49.071164275874885,-26.93931655479329],[-49.06987694015272,-26.939432925748047],[-49.069611713434604,-26.9392030261008],[-49.069237314618476,-26.938024041596027],[-49.06888493282766,-26.937841366088936],[-49.06801915967638,-26.936894723701823],[-49.06830927134363,-26.93672261158196],[-49.06873709715372,-26.936750452656383],[-49.06879811038688,-26.936530979839727],[-49.06867852388658,-26.936712403514253],[-49.06856065806977,-26.93652015857413],[-49.06808011152347,-26.936671449391223],[-49.06787109990911,-26.93663746648491],[-49.06783024927404,-26.936554363311462],[-49.06802441222993,-26.936630304273443],[-49.06794678183855,-26.9364738370107],[-49.06764654807968,-26.936319118905963],[-49.06738404711762,-26.936400611199062],[-49.06600795460193,-26.935381777552198],[-49.06457224299468,-26.934876751620685],[-49.06386658708993,-26.93435410715369],[-49.063380319175046,-26.933674507494654],[-49.062579198553784,-26.93297632395102],[-49.063073027175314,-26.93211675451351],[-49.062956114106726,-26.931519131977865],[-49.06223186188899,-26.930716592172008],[-49.06186999750996,-26.93000915649437],[-49.06148882455861,-26.92986060283838],[-49.061164530515626,-26.92929827826963],[-49.06080957575293,-26.92920723739803],[-49.06053509784523,-26.92880513894321],[-49.06021446877307,-26.927987190197488],[-49.06039190143925,-26.927832383219314],[-49.06038446301984,-26.927602273609384],[-49.06004463085904,-26.92741433132124],[-49.05982914165912,-26.926753343215363],[-49.06013173668079,-26.925687765565403],[-49.0597876873337,-26.925332367557065],[-49.0595161387323,-26.925272728240056],[-49.05933591753068,-26.924550157256448],[-49.05869409650872,-26.92406745384319],[-49.058140210651,-26.923769272781417],[-49.057665188368404,-26.92389467481505],[-49.05707788250259,-26.923734859349093],[-49.05763891754491,-26.923438142804667],[-49.05886445158438,-26.923385940096672],[-49.05945399129624,-26.92315737052389],[-49.0598005356078,-26.922800284462564],[-49.059875014563175,-26.922071037355924],[-49.06004211299324,-26.921840193597465],[-49.061403611528206,-26.92159550992803],[-49.0629466735053,-26.920867680523877],[-49.06548105993085,-26.918838028419618],[-49.066559407193985,-26.917754077811498],[-49.06749305008902,-26.91646306814729],[-49.068005656832575,-26.915369525003474],[-49.06846557566711,-26.913677357384547],[-49.0687368766032,-26.91327735541211],[-49.06963934060453,-26.912887329037094],[-49.070485317503696,-26.913984961997038],[-49.07111019188469,-26.91435703549859],[-49.071713698576346,-26.913933749119668],[-49.07272770229056,-26.91454551388909],[-49.07323787804021,-26.914251499651066],[-49.07388359074676,-26.914147560063423],[-49.074527261225086,-26.91381778101559],[-49.07509792799079,-26.912310000192665],[-49.07643547610379,-26.91224467506862],[-49.077282253487674,-26.91193496128212],[-49.077330350535874,-26.91174535749839],[-49.07701618987411,-26.911399609721666],[-49.07616716417336,-26.91084025297954],[-49.07632178131478,-26.91065042051215],[-49.077055736267376,-26.910471514629535],[-49.077603084399726,-26.910065552958603],[-49.07813851643129,-26.909895164921963],[-49.08113180491642,-26.910391807600295],[-49.081634604791354,-26.91061972099387],[-49.082029536146386,-26.911729596329785],[-49.083166783915324,-26.913360646026316],[-49.0834534651222,-26.913377194625365],[-49.08369032835358,-26.91314739050103],[-49.08422536753518,-26.912193861782296],[-49.085204038072824,-26.91171771872211],[-49.086997610402825,-26.912487932689757],[-49.08772166605368,-26.912507226923704],[-49.08891172594486,-26.91229689099461],[-49.089588798905346,-26.912430340235467],[-49.09007208676768,-26.91316770047576],[-49.090789857037706,-26.913761526165207],[-49.09225410719401,-26.913956120895193],[-49.09222159057392,-26.9147373375062],[-49.09267134901508,-26.915121888641128],[-49.09289095255517,-26.915721770870515],[-49.09330773970219,-26.91602556886337],[-49.09351946344198,-26.915999145900297],[-49.09371247704537,-26.916330622986496],[-49.09417350609514,-26.916644023479176],[-49.094098548898636,-26.91635176617802],[-49.09423430771442,-26.916191471566453],[-49.09394430994033,-26.91623684995971],[-49.09299376629505,-26.915699464092704],[-49.093154447861956,-26.91563661368455],[-49.09296007595499,-26.91520007058795],[-49.092336144774045,-26.914612055186264],[-49.09237102508208,-26.913898728289585],[-49.09077672083142,-26.913604036989557],[-49.090232235993305,-26.913117179415],[-49.08975977485529,-26.912372372624564],[-49.08943206055075,-26.91221875881325],[-49.08895833023964,-26.912140574706168],[-49.087800191346,-26.912338190987814],[-49.0869556412027,-26.91232192419641],[-49.08631354691145,-26.912115627084322],[-49.085868474089345,-26.911840916487083],[-49.08584876982781,-26.911683277555017],[-49.08527780679463,-26.91152901147062],[-49.084150913768894,-26.91205174534226],[-49.083542691609864,-26.913066681483883],[-49.083201303601555,-26.913116895618927],[-49.08210825796861,-26.911424771687333],[-49.08189036596428,-26.91053087406513],[-49.08118097765042,-26.910124672346132],[-49.08026082631749,-26.910050551002513],[-49.07880123831847,-26.909647414578213],[-49.07865303852845,-26.90947439545416],[-49.07918681083079,-26.909536304384165],[-49.07920700500783,-26.909693720056673],[-49.07935523090754,-26.90944520043382],[-49.07930432343531,-26.909137714388628],[-49.07891005119468,-26.908666414016817],[-49.078342880517084,-26.90877085127693],[-49.07841605248234,-26.908480710495194],[-49.077534540311156,-26.90905461774342],[-49.077847013574015,-26.909505623155724],[-49.07801777692019,-26.909561640075808],[-49.07810706887272,-26.909348162611757],[-49.07825594023169,-26.909347183844858],[-49.078163598767176,-26.909597575149977],[-49.077512517608675,-26.909803025424118],[-49.07694918678802,-26.910225240048774],[-49.07642030800267,-26.910210621885533],[-49.07601007226959,-26.91053165009043],[-49.0754819832684,-26.910704997550326],[-49.075759045243935,-26.911098158869304],[-49.076372171802504,-26.911364029015083],[-49.07668820988348,-26.91171969861244],[-49.07644715323716,-26.911873711150303],[-49.07490525780966,-26.912021586477817],[-49.07418971277226,-26.913524614797918],[-49.07393021768036,-26.913431617546316],[-49.07328941063645,-26.913714917940037],[-49.07281803108611,-26.913308583627344],[-49.072448347900036,-26.91336508902037],[-49.0720532501298,-26.91300747694389],[-49.07185076530819,-26.91325214548421],[-49.07208495919697,-26.91363513008933],[-49.071621579331634,-26.913596217835522],[-49.07095822187947,-26.91391330229489],[-49.06974422631916,-26.91258368354071],[-49.0694934228543,-26.912546224882465],[-49.06885090249582,-26.912850826522735],[-49.069014371773555,-26.910978246521584],[-49.06944951170982,-26.90993450209536],[-49.06968169459733,-26.908502253706175],[-49.06975247181283,-26.907367143544512],[-49.06942344670115,-26.90604860675062],[-49.06870102025517,-26.904973525184186],[-49.0684628177398,-26.904925885500592],[-49.068449158292474,-26.904641781565307],[-49.06578352777538,-26.902153465518737],[-49.06560030793478,-26.901722708376088],[-49.06529771896156,-26.901622936698992],[-49.06449233075758,-26.900820710334095],[-49.06380171437441,-26.900381148242165],[-49.06147328097151,-26.898138133002373],[-49.061453631382996,-26.89786377827366],[-49.06114905623824,-26.897856498300317]],[[-49.06347499108241,-26.934436642858874],[-49.063423113698995,-26.934460924108212],[-49.063439437084,-26.934430216000933],[-49.06347499108241,-26.934436642858874]],[[-49.06333063188609,-26.93470041936861],[-49.06323474200575,-26.934609507628537],[-49.063395691117464,-26.934585461186547],[-49.063397524545344,-26.93460987699904],[-49.06333063188609,-26.93470041936861]],[[-49.063580185897635,-26.934818281701464],[-49.06360173495357,-26.9347488917701],[-49.06361483246553,-26.93484384373683],[-49.063580185897635,-26.934818281701464]],[[-49.06296543906829,-26.934812852850232],[-49.06306810440477,-26.93486538360826],[-49.063051158652385,-26.934915714611442],[-49.06296543906829,-26.934812852850232]],[[-49.065089978254235,-26.935501562737436],[-49.06498396757415,-26.935476893796736],[-49.06504079474331,-26.93543262066589],[-49.065089978254235,-26.935501562737436]],[[-49.06562288091575,-26.935713671453396],[-49.06529117654928,-26.9356568371601],[-49.065148298033094,-26.9355399676353],[-49.06551048719686,-26.9356118685246],[-49.06562288091575,-26.935713671453396]],[[-49.067566870484164,-26.936573147297157],[-49.067707441210295,-26.936629079607503],[-49.06772077847285,-26.936679626100997],[-49.067566870484164,-26.936573147297157]],[[-49.017417865793405,-26.897019234814504],[-49.017446502161405,-26.8970152239701],[-49.01743034905833,-26.89704143516564],[-49.017417865793405,-26.897019234814504]],[[-49.01734881366383,-26.896829163615795],[-49.017358843006974,-26.896813570465557],[-49.01735324543212,-26.896835889135176],[-49.01734881366383,-26.896829163615795]],[[-49.01751933809393,-26.897345491813187],[-49.01750235609024,-26.897351084318146],[-49.017503462571064,-26.89734461593078],[-49.01751933809393,-26.897345491813187]],[[-49.07862878800001,-26.89576896244829],[-49.07869681153496,-26.895754053446595],[-49.0787053293527,-26.895807770176646],[-49.07862878800001,-26.89576896244829]],[[-49.08919883881661,-26.874824066890284],[-49.08965772306289,-26.874719973853946],[-49.09036154223066,-26.875222171275013],[-49.08945362337794,-26.875585538126472],[-49.08937768827478,-26.875854534311816],[-49.08900266190125,-26.87617120753453],[-49.0887100523908,-26.875994639450937],[-49.08877810367291,-26.875591099051952],[-49.08919883881661,-26.874824066890284]],[[-49.08660265987263,-26.86859895616076],[-49.086490507817345,-26.868646628431307],[-49.086472960167875,-26.86861888828301],[-49.08660265987263,-26.86859895616076]],[[-49.08225519505591,-26.864984159406852],[-49.082389136112916,-26.865003196565787],[-49.08225291240763,-26.865046818958053],[-49.08225519505591,-26.864984159406852]],[[-49.08213253054153,-26.864723330197858],[-49.081992190455956,-26.864354663405],[-49.08218780900525,-26.864341874330936],[-49.082068942313505,-26.864470240490512],[-49.08228660027539,-26.864555951788688],[-49.08235217145054,-26.864427995329066],[-49.082322755112365,-26.864792056464484],[-49.08213253054153,-26.864723330197858]],[[-49.081270314911116,-26.860551363910698],[-49.08120194677032,-26.860539045809404],[-49.081250903285834,-26.860502632958973],[-49.081270314911116,-26.860551363910698]],[[-49.084308994676945,-26.857978312988863],[-49.08435647434978,-26.857927428308237],[-49.08438181632062,-26.857971769161907],[-49.084308994676945,-26.857978312988863]],[[-49.084146253927365,-26.857642879038615],[-49.0841352828294,-26.85774152770191],[-49.08435947516387,-26.85774376245889],[-49.08434761695791,-26.857891570326533],[-49.08417055101891,-26.857901926324562],[-49.084080383284885,-26.85772580307389],[-49.084146253927365,-26.857642879038615]],[[-49.08391271133179,-26.857504733247794],[-49.08397388200003,-26.85748577389163],[-49.08393450921098,-26.857517054968895],[-49.08391271133179,-26.857504733247794]],[[-49.083902622387136,-26.857446068695673],[-49.0839256532458,-26.857350253604018],[-49.083967176608404,-26.857338275796675],[-49.083902622387136,-26.857446068695673]],[[-49.082657738634495,-26.857405140856176],[-49.082347498241795,-26.857132431887734],[-49.08285926083395,-26.856935453866146],[-49.08283110369381,-26.857214549799505],[-49.082657738634495,-26.857405140856176]],[[-49.08386103346135,-26.857312161957754],[-49.08359290341475,-26.856806504242275],[-49.08382273837716,-26.857006937323106],[-49.08386103346135,-26.857312161957754]],[[-49.08396663618142,-26.85716721545341],[-49.08405892087214,-26.85714914628791],[-49.0839832880593,-26.85720358086765],[-49.08396663618142,-26.85716721545341]],[[-49.08462267400278,-26.857001537309145],[-49.08455865830037,-26.856960024872507],[-49.08457301293957,-26.856896980385507],[-49.08462267400278,-26.857001537309145]],[[-49.084015361243026,-26.85692965180105],[-49.08392550172784,-26.856949195409786],[-49.084000962521095,-26.856888359481825],[-49.084015361243026,-26.85692965180105]],[[-49.08202710292803,-26.856797529427332],[-49.08192507551174,-26.85679519694994],[-49.08194464405952,-26.85676071999551],[-49.08202710292803,-26.856797529427332]],[[-49.08192915985606,-26.857080950502297],[-49.0818405451521,-26.857100114453182],[-49.081911413361716,-26.85705176712382],[-49.08192915985606,-26.857080950502297]],[[-49.081792287695365,-26.856628263557933],[-49.081837454576885,-26.856596065361927],[-49.08186436928369,-26.856650766723124],[-49.081792287695365,-26.856628263557933]],[[-49.08174611226199,-26.856329476006678],[-49.08168482854444,-26.856309155750676],[-49.08169319382633,-26.8562694046657],[-49.08174611226199,-26.856329476006678]],[[-49.08207999745351,-26.85585242001921],[-49.08220422833569,-26.855881089622002],[-49.0823131517033,-26.85562343510824],[-49.08242334896512,-26.855579282337633],[-49.08247264760041,-26.855281950226182],[-49.08265769851573,-26.855358377152093],[-49.082333164332894,-26.85598354687095],[-49.08207999745351,-26.85585242001921]],[[-49.08138594747035,-26.855251240906345],[-49.0814163030014,-26.85537277473514],[-49.08136726532864,-26.855286428023284],[-49.08138594747035,-26.855251240906345]],[[-49.081405290070656,-26.855437939651054],[-49.081346894712354,-26.85553492443563],[-49.081417746855,-26.855640480865823],[-49.081291204507025,-26.855472856929115],[-49.081405290070656,-26.855437939651054]],[[-49.08231105857818,-26.85554682552542],[-49.08238150677489,-26.855501723264016],[-49.082333492537806,-26.855559640853098],[-49.08231105857818,-26.85554682552542]],[[-49.082347496775874,-26.855200404022863],[-49.082409491248406,-26.855211045936137],[-49.08235837949747,-26.85523256073835],[-49.082347496775874,-26.855200404022863]],[[-49.083528734068494,-26.855218423780055],[-49.08360193376455,-26.85507040944277],[-49.08365146374145,-26.855224387905462],[-49.083528734068494,-26.855218423780055]],[[-49.0817625519353,-26.85503723373079],[-49.08169412050231,-26.85503014065311],[-49.08169693667806,-26.855004602993866],[-49.0817625519353,-26.85503723373079]],[[-49.081967677130294,-26.85483469211569],[-49.082023027403295,-26.854782872636317],[-49.08211397819061,-26.854862137743375],[-49.081967677130294,-26.85483469211569]],[[-49.08138938594461,-26.85473327289711],[-49.08150584920247,-26.854753290940415],[-49.08139665666039,-26.854750544682844],[-49.08138938594461,-26.85473327289711]],[[-49.08269343787056,-26.854721460437805],[-49.082589867684554,-26.85468213781489],[-49.082719678922935,-26.854702933183766],[-49.08269343787056,-26.854721460437805]],[[-49.081500099323634,-26.854201826663314],[-49.08164479935491,-26.854247555461985],[-49.081527310516044,-26.854377142776777],[-49.081500099323634,-26.854201826663314]],[[-49.08431458617244,-26.855118899730027],[-49.084365709970996,-26.855092898592126],[-49.084357633061856,-26.855149018860665],[-49.08431458617244,-26.855118899730027]],[[-49.083167126530434,-26.853719408956895],[-49.08310427107937,-26.85335566021822],[-49.08451050366312,-26.853174674692227],[-49.084290376567566,-26.853732797669796],[-49.083167126530434,-26.853719408956895]],[[-49.084581515012125,-26.85314435562033],[-49.084568217770034,-26.852948968634028],[-49.08464085977017,-26.852929568994373],[-49.084581515012125,-26.85314435562033]],[[-49.083541889738726,-26.85288903977486],[-49.08380372380629,-26.852521148556214],[-49.08388252796963,-26.852512505867757],[-49.08376278566476,-26.852830518168602],[-49.083541889738726,-26.85288903977486]],[[-49.08474702967896,-26.852630366697227],[-49.08478720942902,-26.852654370100453],[-49.08473772093134,-26.852745142992934],[-49.08474702967896,-26.852630366697227]],[[-49.08284912236487,-26.851175003170876],[-49.082730386274285,-26.85120260586335],[-49.08264822117023,-26.851199113303416],[-49.08284912236487,-26.851175003170876]],[[-49.08311882121994,-26.851066560973166],[-49.08327429315174,-26.851071071120224],[-49.08308574110084,-26.85109728089515],[-49.08311882121994,-26.851066560973166]],[[-49.083026663752776,-26.85088726971669],[-49.083168818970876,-26.850864305401714],[-49.08304878037686,-26.850919455439275],[-49.083026663752776,-26.85088726971669]],[[-49.084908126548974,-26.852288636424614],[-49.084896402762105,-26.85210479021883],[-49.08493826320687,-26.852173088793197],[-49.084908126548974,-26.852288636424614]],[[-49.08390667764067,-26.852156187869245],[-49.083831049981455,-26.85202115050611],[-49.08392464033711,-26.85191584265721],[-49.08397616692077,-26.852080802163027],[-49.08390667764067,-26.852156187869245]],[[-49.084963827204085,-26.851833195099324],[-49.085009206261496,-26.851845453661635],[-49.08498196471991,-26.85187073311043],[-49.084963827204085,-26.851833195099324]],[[-49.08501761003436,-26.851721930963713],[-49.08515556387573,-26.851291361817452],[-49.08535144471851,-26.851238968833275],[-49.08501761003436,-26.851721930963713]],[[-49.0848726962715,-26.85146043947198],[-49.084796967624264,-26.85141769923316],[-49.084813355501375,-26.851378596355904],[-49.0848726962715,-26.85146043947198]],[[-49.08389475054985,-26.851481303720544],[-49.08407810553553,-26.85156669714583],[-49.0840400711041,-26.851633043018904],[-49.08389475054985,-26.851481303720544]],[[-49.08476948958148,-26.851191430229118],[-49.08482584344195,-26.85112785101789],[-49.08489355993251,-26.851172460211913],[-49.08476948958148,-26.851191430229118]],[[-49.084443857360235,-26.85006744491414],[-49.08449610442602,-26.85010758269793],[-49.08445341738868,-26.850160215480756],[-49.084443857360235,-26.85006744491414]],[[-49.086813423256636,-26.850184651624186],[-49.086826538693764,-26.850342210323713],[-49.08675325782751,-26.850395097786887],[-49.086713971376305,-26.85030608613538],[-49.086813423256636,-26.850184651624186]],[[-49.087121518796685,-26.847378206084045],[-49.087006292022615,-26.847428217678306],[-49.08700834669159,-26.84736497397485],[-49.087121518796685,-26.847378206084045]],[[-49.08687469176819,-26.84736329690945],[-49.086917132344986,-26.847702859827894],[-49.08615937230028,-26.847698796367208],[-49.08619092073908,-26.847508447158997],[-49.08687469176819,-26.84736329690945]],[[-49.087248490514625,-26.8476590544113],[-49.08712998578869,-26.847654234039478],[-49.08705309303104,-26.847564279701764],[-49.087274559144696,-26.84758808118629],[-49.087248490514625,-26.8476590544113]],[[-49.086976620755784,-26.847505029904433],[-49.087050231690746,-26.84751178643311],[-49.0869917763721,-26.847545377740573],[-49.086976620755784,-26.847505029904433]],[[-49.087420339962726,-26.84705248451946],[-49.08747890173462,-26.847012075657364],[-49.08747910546665,-26.84704290195571],[-49.087420339962726,-26.84705248451946]],[[-49.090097724459724,-26.84050124628385],[-49.09023472295417,-26.840637732474462],[-49.09021447912045,-26.84102582300562],[-49.0900006433317,-26.840801190372545],[-49.090097724459724,-26.84050124628385]],[[-49.08367359230018,-26.856741627713557],[-49.0837191388834,-26.85670433701737],[-49.08372377296994,-26.856741883762705],[-49.08367359230018,-26.856741627713557]],[[-49.084471413654384,-26.856573046413892],[-49.084549483644544,-26.856548123156003],[-49.08453235680952,-26.856588469371665],[-49.084471413654384,-26.856573046413892]],[[-49.084458399131925,-26.856395479750535],[-49.084409119191996,-26.85641625694966],[-49.084411428089915,-26.856349431471],[-49.084458399131925,-26.856395479750535]],[[-49.08384911265327,-26.85832526196183],[-49.083762731696865,-26.858328030357594],[-49.083873645117166,-26.858299715120182],[-49.08384911265327,-26.85832526196183]],[[-49.11120871831486,-26.88142055363983],[-49.11131722002243,-26.881982755940758],[-49.111157843604296,-26.8817911672838],[-49.11120871831486,-26.88142055363983]],[[-49.11287629007762,-26.88232787959466],[-49.11424654573544,-26.88283966325699],[-49.11424812479628,-26.883215153788175],[-49.11369739333965,-26.883139222865942],[-49.113001196449794,-26.882812967971365],[-49.11287629007762,-26.88232787959466]],[[-49.11487207643432,-26.8832463201697],[-49.11502493503961,-26.883301380336057],[-49.11501107983277,-26.883492269137882],[-49.11488644785856,-26.88343898174125],[-49.11487207643432,-26.8832463201697]],[[-49.11536544661332,-26.88323445139824],[-49.11517792016669,-26.882977897883556],[-49.11534493884218,-26.882849742291192],[-49.11590923641256,-26.883218479661604],[-49.11670019851367,-26.883088323255485],[-49.116654466739625,-26.882897181015867],[-49.11689153249028,-26.882886554384445],[-49.11746004028069,-26.883227498685482],[-49.11756606214907,-26.88356450845737],[-49.11730337164689,-26.884069158664392],[-49.11561422763812,-26.884055365035003],[-49.11536404841602,-26.883922033007686],[-49.11536544661332,-26.88323445139824]],[[-49.118914884412305,-26.883272420938937],[-49.11898793183217,-26.883263917468316],[-49.1189544042593,-26.883295457024676],[-49.118914884412305,-26.883272420938937]],[[-49.12470140003046,-26.88883482905521],[-49.12447510298399,-26.88874796016432],[-49.124469005750555,-26.888715575021383],[-49.124702345743685,-26.888739398308253],[-49.12470140003046,-26.88883482905521]],[[-49.12439135274183,-26.88867074149325],[-49.124312423826474,-26.888708545018805],[-49.12425133682341,-26.88868747108423],[-49.12439135274183,-26.88867074149325]],[[-49.12548772543464,-26.89013599567308],[-49.12526381744787,-26.88992178228923],[-49.12544842331188,-26.889761725728416],[-49.12566378558349,-26.88995021130764],[-49.12548772543464,-26.89013599567308]],[[-49.13584940365286,-26.889244357827064],[-49.1369236646273,-26.88844322563167],[-49.137203404664646,-26.888077636441253],[-49.137432549823345,-26.8880485066719],[-49.13759388394673,-26.88904452961837],[-49.13786033926684,-26.88942645563501],[-49.137712726112795,-26.88970373144256],[-49.1373592501194,-26.88988922771577],[-49.13584940365286,-26.889244357827064]],[[-49.13792591130323,-26.889726589249182],[-49.13798567657562,-26.889700530807403],[-49.13793474310127,-26.8897467798855],[-49.13792591130323,-26.889726589249182]],[[-49.13806289570481,-26.88939079086676],[-49.138114343713255,-26.88933425736006],[-49.138125145561155,-26.889424452736005],[-49.13806289570481,-26.88939079086676]],[[-49.13794398607014,-26.88842126755323],[-49.138091131820914,-26.889092877278898],[-49.13799494363154,-26.889254995234687],[-49.13781980592851,-26.889004854877918],[-49.13794398607014,-26.88842126755323]],[[-49.144078345220215,-26.882118967742592],[-49.14412852327005,-26.882155818182703],[-49.14414787972803,-26.88226100297258],[-49.144078345220215,-26.882118967742592]],[[-49.14407788412383,-26.881880514298985],[-49.144136151287945,-26.88187199608866],[-49.14414589633809,-26.881948252413935],[-49.14407788412383,-26.881880514298985]],[[-49.142783085491246,-26.878739916956633],[-49.1428967136205,-26.87901028868737],[-49.14285121321346,-26.879091305813812],[-49.14280670443981,-26.879013977890132],[-49.142783085491246,-26.878739916956633]],[[-49.14001993679755,-26.87560810041388],[-49.14000681706867,-26.87554924936016],[-49.1401063504804,-26.8755611034218],[-49.14001993679755,-26.87560810041388]],[[-49.143782344656735,-26.881568216922375],[-49.14380520837104,-26.88153984023633],[-49.143818557396926,-26.8815933569801],[-49.143782344656735,-26.881568216922375]],[[-49.14368640710028,-26.881385803246193],[-49.14358964497773,-26.881411149352406],[-49.14359841621463,-26.881365074332145],[-49.14368640710028,-26.881385803246193]],[[-49.14447852769749,-26.88094212716194],[-49.14454249582007,-26.88094044751221],[-49.144497797227984,-26.880970904499943],[-49.14447852769749,-26.88094212716194]],[[-49.13613102006567,-26.891771279251014],[-49.13758027980314,-26.892464224951052],[-49.13987463094697,-26.89310194028673],[-49.13903636640758,-26.89321932415763],[-49.1363010067793,-26.89281393749812],[-49.136149615137214,-26.892655245651923],[-49.136287637882525,-26.89221269992858],[-49.13613102006567,-26.891771279251014]],[[-49.14369074116138,-26.89468013692339],[-49.144330830844346,-26.89632833003078],[-49.144887906703694,-26.896850037477613],[-49.14489018343011,-26.897126837489452],[-49.142925638627325,-26.897838978075733],[-49.142034264939,-26.897764162118733],[-49.14146266297954,-26.897170683111295],[-49.14143234809805,-26.89692184373767],[-49.142374808209176,-26.8955701870687],[-49.142936364095355,-26.893726364871814],[-49.14369074116138,-26.89468013692339]],[[-49.1448307147087,-26.89736031858129],[-49.14501291873257,-26.897336339756055],[-49.1448651378036,-26.897435977128538],[-49.1448307147087,-26.89736031858129]],[[-49.16737593664477,-26.882139502360257],[-49.16740201864235,-26.88216116503317],[-49.167310976591786,-26.88216780260152],[-49.16737593664477,-26.882139502360257]],[[-49.17245175787764,-26.880138048564444],[-49.171946437642774,-26.88036834626355],[-49.17173209763301,-26.88039629784708],[-49.17204646352528,-26.880238562204497],[-49.17245175787764,-26.880138048564444]],[[-49.08423683357685,-26.859736041749727],[-49.08414752752048,-26.859638702499065],[-49.08428770305531,-26.8597128867145],[-49.08423683357685,-26.859736041749727]],[[-49.08353301554309,-26.859259447018175],[-49.08297901552253,-26.859092060873078],[-49.08312107700313,-26.858093492184615],[-49.08354321195567,-26.858382799531483],[-49.08325562011895,-26.858720469519156],[-49.08328683265485,-26.858861313150875],[-49.08340878353168,-26.8587286840557],[-49.083289046589684,-26.85904541163411],[-49.08353301554309,-26.859259447018175]],[[-49.061069151464494,-26.897803393464038],[-49.06104643372384,-26.897874452487777],[-49.06099772935445,-26.897812561102114],[-49.061069151464494,-26.897803393464038]]]]}}]}
