{"type":"FeatureCollection","name":"carta_enchente_13m_2025_Simplificada","crs":{"type":"name","properties":{"name":"urn:ogc:def:crs:OGC:1.3:CRS84"}},"features":[{"type":"Feature","properties":{"Mancha":"Carta de enchente de 13 m de Blumenau 2025","Area_ha":1689.24991,"Fonte":"Universidade Regional de Blumenau"},"geometry":{"type":"MultiPolygon","coordinates":[[[[-49.070373345320355,-26.95645507288619],[-49.06992410806642,-26.956470895590314],[-49.06993613267799,-26.956545006124525],[-49.070373345320355,-26.95645507288619]]],[[[-49.07544329254394,-26.94668084668861],[-49.07552805998215,-26.9467407155466],[-49.07555388473922,-26.946680499231217],[-49.07544329254394,-26.94668084668861]]],[[[-49.07590895473213,-26.94660229543219],[-49.07600713307649,-26.946590342972744],[-49.07594042728267,-26.946461516321584],[-49.07590895473213,-26.94660229543219]]],[[[-49.077984304272384,-26.94657477069978],[-49.077907243912115,-26.946512328701978],[-49.07774401040387,-26.946477851583644],[-49.077776768138214,-26.946525454045798],[-49.077984304272384,-26.94657477069978]]],[[[-49.07488131235563,-26.944518167880585],[-49.074904050431556,-26.94446316114172],[-49.07489141306047,-26.944439835128097],[-49.07488131235563,-26.944518167880585]]],[[[-49.07380803625193,-26.944342983458252],[-49.0740253295286,-26.944412003688775],[-49.074028419990206,-26.944338960155154],[-49.07380803625193,-26.944342983458252]]],[[[-49.07074803983737,-26.942055329685772],[-49.07087737677206,-26.94207535905558],[-49.07080447881992,-26.941980959397675],[-49.07074803983737,-26.942055329685772]]],[[[-49.07099857974416,-26.941980097500526],[-49.07106177638337,-26.942061385198933],[-49.07102318010767,-26.941929665411223],[-49.07099857974416,-26.941980097500526]]],[[[-49.06842511205143,-26.941451320090646],[-49.0687183095587,-26.941560559186808],[-49.068572154342945,-26.94139201899899],[-49.06842511205143,-26.941451320090646]]],[[[-49.06945707134828,-26.941387432318464],[-49.06929826663294,-26.941311792059963],[-49.06932671666156,-26.941404721057236],[-49.06945707134828,-26.941387432318464]]],[[[-49.06906924437049,-26.94134678557457],[-49.069273625414425,-26.941415304522465],[-49.06915075134713,-26.941214090770313],[-49.06906924437049,-26.94134678557457]]],[[[-49.06942233816786,-26.94111884670979],[-49.06944143593358,-26.94114788998001],[-49.06949262555935,-26.94113832625881],[-49.06942233816786,-26.94111884670979]]],[[[-49.06937335386924,-26.94089219040327],[-49.06962564228702,-26.940946578197764],[-49.06939957883623,-26.940650240819803],[-49.06937335386924,-26.94089219040327]]],[[[-49.06799412679475,-26.94002330854984],[-49.06806979502476,-26.940041943693533],[-49.068057298035974,-26.93994767142459],[-49.06799412679475,-26.94002330854984]]],[[[-49.06417095338628,-26.938709003108304],[-49.06421264688109,-26.938704476418337],[-49.06419005092543,-26.93868483625502],[-49.06417095338628,-26.938709003108304]]],[[[-49.06972762991362,-26.938193914287766],[-49.06963137972464,-26.9383231197205],[-49.06977675020124,-26.938160280959433],[-49.06972762991362,-26.938193914287766]]],[[[-49.068876646294875,-26.93713831424536],[-49.06888599878093,-26.937176771820308],[-49.06890095535321,-26.937149046992992],[-49.068876646294875,-26.93713831424536]]],[[[-49.069064275729524,-26.937033715500817],[-49.068990905939536,-26.937002964899],[-49.06902085738001,-26.937068629918723],[-49.069064275729524,-26.937033715500817]]],[[[-49.06904094786658,-26.93698560617798],[-49.06931680198602,-26.937057758336834],[-49.06945365248912,-26.936931642902938],[-49.06923029591075,-26.937021824745443],[-49.06912836424122,-26.93692305981847],[-49.0694083350323,-26.93674222136628],[-49.06911304124351,-26.9368122441874],[-49.06904094786658,-26.93698560617798]]],[[[-49.06409150777037,-26.936467072108737],[-49.06428507386363,-26.936888316163145],[-49.064821220422324,-26.93713980460594],[-49.06460331890143,-26.93671814916401],[-49.06475498281525,-26.93651047693829],[-49.06445816293996,-26.93669430791947],[-49.06409150777037,-26.936467072108737]]],[[[-49.0686150295161,-26.9355601259806],[-49.06903574816767,-26.935038789008026],[-49.068871611702995,-26.934874008982852],[-49.068438458752055,-26.93531729203121],[-49.0686150295161,-26.9355601259806]]],[[[-49.06075297684521,-26.932401169752445],[-49.060878135691496,-26.932403227437554],[-49.06102609093025,-26.93238725409182],[-49.060862473413,-26.93238566132724],[-49.06075297684521,-26.932401169752445]]],[[[-49.06108858558048,-26.932387880614225],[-49.06119704878477,-26.932389166157147],[-49.06131763486021,-26.932375671172633],[-49.06126431048459,-26.93236801178226],[-49.06108858558048,-26.932387880614225]]],[[[-49.063884891331774,-26.930333696890703],[-49.0640013872599,-26.93030629992091],[-49.06389093320993,-26.93025301923883],[-49.063884891331774,-26.930333696890703]]],[[[-49.064147263654064,-26.930547407876624],[-49.06392935391077,-26.930504484764285],[-49.06391433841752,-26.930634946519547],[-49.064468670721354,-26.930649487874742],[-49.06447127307045,-26.930258277259423],[-49.06428848347002,-26.930258641280687],[-49.064147263654064,-26.930547407876624]]],[[[-49.06298461188273,-26.930003793753592],[-49.063071890822414,-26.930006897388953],[-49.063021832207035,-26.929968948854235],[-49.06298461188273,-26.930003793753592]]],[[[-49.06365983036937,-26.92990476682047],[-49.063411003048024,-26.929906140872017],[-49.063175035823555,-26.930060298696464],[-49.0637186568588,-26.930035515271758],[-49.06365983036937,-26.92990476682047]]],[[[-49.06597162369045,-26.928603877318825],[-49.065995302459996,-26.92870087745245],[-49.066040866659854,-26.928813633126648],[-49.066026540995395,-26.92870124317584],[-49.06597162369045,-26.928603877318825]]],[[[-49.04199395474077,-26.92755662682391],[-49.04208771732346,-26.92756505999756],[-49.04195658733896,-26.927536906715037],[-49.04199395474077,-26.92755662682391]]],[[[-49.04178737492086,-26.927541857694504],[-49.041912323234996,-26.927536814590226],[-49.04177949785752,-26.927534473230377],[-49.04178737492086,-26.927541857694504]]],[[[-49.042351352647124,-26.927625626384557],[-49.04214015554077,-26.927595631138217],[-49.04239779490588,-26.92764160687931],[-49.04329213000268,-26.927246696028348],[-49.04280131433541,-26.927343628038706],[-49.042351352647124,-26.927625626384557]]],[[[-49.04339183828781,-26.927212695907887],[-49.04387764162441,-26.92725800473735],[-49.04429584466627,-26.927609778295814],[-49.04448803431135,-26.927507170515735],[-49.044155585815304,-26.927241148196654],[-49.04339183828781,-26.927212695907887]]],[[[-49.06471812127631,-26.926285064769417],[-49.06478885944432,-26.926294130448504],[-49.06473418173122,-26.92626377722389],[-49.06471812127631,-26.926285064769417]]],[[[-49.05657742985313,-26.925081185313463],[-49.05663686146821,-26.925085878581104],[-49.0566126308237,-26.925055511893838],[-49.05657742985313,-26.925081185313463]]],[[[-49.072706753558634,-26.924913712994808],[-49.07202097562727,-26.924921416693923],[-49.07144689695519,-26.925354849393894],[-49.07170358423983,-26.92531427390959],[-49.07203589299215,-26.92495078180616],[-49.072706753558634,-26.924913712994808]]],[[[-49.06645864244899,-26.92215261543712],[-49.06681589506969,-26.92216355604735],[-49.06676865036794,-26.922519695358037],[-49.06723317264859,-26.92284888627999],[-49.0667869110196,-26.921604998357576],[-49.06633236780413,-26.921816933541642],[-49.06645864244899,-26.92215261543712]]],[[[-49.065261536284815,-26.920890921248695],[-49.06544423854536,-26.920759037384986],[-49.06538459652594,-26.920425706924252],[-49.065210432099136,-26.92031776935149],[-49.06504687724727,-26.920654894073753],[-49.065261536284815,-26.920890921248695]]],[[[-49.065373474221744,-26.92016896175434],[-49.0656856792978,-26.92066458129788],[-49.06607347519763,-26.920467774252348],[-49.06604451694797,-26.92030870869992],[-49.0656112111274,-26.920091678767022],[-49.065373474221744,-26.92016896175434]]],[[[-49.094647657976964,-26.92014646588548],[-49.09461210863808,-26.920357497134333],[-49.09469881220759,-26.9203724318803],[-49.094647657976964,-26.92014646588548]]],[[[-49.09580104973969,-26.92009274209365],[-49.094936240245765,-26.9200542916013],[-49.09481601002345,-26.920176144086685],[-49.09500868922838,-26.9203965945647],[-49.09580104973969,-26.92009274209365]]],[[[-49.09494722383419,-26.91953576147442],[-49.09503949367479,-26.919549594524792],[-49.094973442853835,-26.919506154373465],[-49.09494722383419,-26.91953576147442]]],[[[-49.095109304556324,-26.919498293900904],[-49.095169610418914,-26.919506423953507],[-49.095152629950405,-26.91946422140358],[-49.095109304556324,-26.919498293900904]]],[[[-49.06908574708543,-26.918887411278604],[-49.069207856532636,-26.918803516159993],[-49.06910619111373,-26.918704783765612],[-49.06896359307662,-26.918784641205036],[-49.06908574708543,-26.918887411278604]]],[[[-49.06870915287365,-26.918605126223113],[-49.06882918044217,-26.918476225049233],[-49.06881123633009,-26.918380293662004],[-49.068673057150235,-26.91849951419147],[-49.06870915287365,-26.918605126223113]]],[[[-49.0612623049222,-26.918018557494232],[-49.06132446955616,-26.918059915503747],[-49.06132702771931,-26.917998498784396],[-49.0612623049222,-26.918018557494232]]],[[[-49.06143808310205,-26.91794645145445],[-49.06152171262173,-26.91798884429745],[-49.06146623366778,-26.917924238233397],[-49.06143808310205,-26.91794645145445]]],[[[-49.09702011602044,-26.9184251439885],[-49.097116254806025,-26.91846656205839],[-49.097123018039845,-26.918406098047395],[-49.09702011602044,-26.9184251439885]]],[[[-49.06813862852792,-26.91796777917168],[-49.068204664221874,-26.91796804711564],[-49.06816813807438,-26.917932931051666],[-49.06813862852792,-26.91796777917168]]],[[[-49.06866941530414,-26.917892550280985],[-49.06888736260374,-26.918166620634807],[-49.069287363054045,-26.918201075726884],[-49.06942159567956,-26.91840837133057],[-49.06968756522855,-26.91831479971135],[-49.06970191982493,-26.917939186827155],[-49.069019608736426,-26.91749935357539],[-49.06866941530414,-26.917892550280985]]],[[[-49.06947829771458,-26.917497992817395],[-49.069540423289105,-26.917507696203092],[-49.06951320921552,-26.917471278921955],[-49.06947829771458,-26.917497992817395]]],[[[-49.06788985748309,-26.917672796004414],[-49.06780940884575,-26.917382072778285],[-49.06786166400213,-26.917239197751933],[-49.06767458890689,-26.91760865463116],[-49.06788985748309,-26.917672796004414]]],[[[-49.08707891515086,-26.917453012678262],[-49.08715953388989,-26.917548021175445],[-49.087196031735964,-26.917498570782744],[-49.08707891515086,-26.917453012678262]]],[[[-49.09070007493969,-26.917715062905287],[-49.091096899117474,-26.917762872233936],[-49.09115285998397,-26.917567793192443],[-49.090765364793164,-26.917442163091632],[-49.09070007493969,-26.917715062905287]]],[[[-49.06916069266538,-26.916992448728973],[-49.06892515937072,-26.917426274974094],[-49.06919733908021,-26.916972048332845],[-49.06916069266538,-26.916992448728973]]],[[[-49.06843442349322,-26.917369678652076],[-49.0685897379558,-26.917235713184162],[-49.06868236267185,-26.916875774410226],[-49.06838992788282,-26.917104099177603],[-49.06843442349322,-26.917369678652076]]],[[[-49.08997738595334,-26.9170309035501],[-49.090009987725075,-26.91707967197829],[-49.0900319622906,-26.91707502781112],[-49.08997738595334,-26.9170309035501]]],[[[-49.09025166741601,-26.917024182067276],[-49.090249785162754,-26.91708620293312],[-49.0903536059926,-26.917078838771832],[-49.09025166741601,-26.917024182067276]]],[[[-49.09002758627981,-26.91701197352678],[-49.0901759301903,-26.916986773599074],[-49.0900548307364,-26.91694486617877],[-49.09002758627981,-26.91701197352678]]],[[[-49.063004793861474,-26.91647102851292],[-49.06311248783307,-26.91650216297231],[-49.063002330343465,-26.91645196717455],[-49.063004793861474,-26.91647102851292]]],[[[-49.06314267622006,-26.916438546527978],[-49.06321619220743,-26.916460985844786],[-49.06313524213617,-26.916416368949427],[-49.06314267622006,-26.916438546527978]]],[[[-49.089769147521835,-26.916776352357882],[-49.08997801582562,-26.916764191453545],[-49.08989906796765,-26.916706088976017],[-49.089769147521835,-26.916776352357882]]],[[[-49.092976220638896,-26.9170490031765],[-49.09326821188352,-26.91705372954935],[-49.09329632241997,-26.916761539095795],[-49.092993257730114,-26.916757458072958],[-49.092976220638896,-26.9170490031765]]],[[[-49.06271954267947,-26.916312721568143],[-49.06191770620113,-26.91693389985939],[-49.06184707084542,-26.916755313784098],[-49.0612681638194,-26.91665703912054],[-49.06124910525183,-26.916823152719605],[-49.06096280791106,-26.91694842256955],[-49.06083116835704,-26.91724822163572],[-49.061327968668174,-26.91764301309531],[-49.06133274280172,-26.91785479233879],[-49.06189440554981,-26.917665134056726],[-49.062074627682975,-26.917451762751288],[-49.06214579780806,-26.917673971234706],[-49.06257191900407,-26.917349674953385],[-49.06294700134709,-26.917341585688575],[-49.06278248278726,-26.917153949892768],[-49.06259335367386,-26.917243052371603],[-49.062598270580466,-26.917026230986163],[-49.063083868504144,-26.917024593177032],[-49.063234670160384,-26.916767293423373],[-49.062983349783174,-26.916753201842244],[-49.06271954267947,-26.916312721568143]],[[-49.062443231777955,-26.916873171589504],[-49.062571561210454,-26.916994097453586],[-49.06248506709584,-26.917117666346808],[-49.062443231777955,-26.916873171589504]]],[[[-49.092262220876336,-26.916668780890895],[-49.09215369816641,-26.91676575573168],[-49.092070353466845,-26.916980096867615],[-49.09227385933721,-26.916985180656887],[-49.092262220876336,-26.916668780890895]]],[[[-49.063576957156144,-26.91651590075137],[-49.06379164841434,-26.916481507581185],[-49.0638602591603,-26.916088501486183],[-49.06352953040585,-26.916314043956504],[-49.063576957156144,-26.91651590075137]]],[[[-49.08901461157078,-26.916653384653745],[-49.08914658866264,-26.91647556479266],[-49.089091946131724,-26.916383114078677],[-49.08896471562751,-26.916556438900727],[-49.08901461157078,-26.916653384653745]]],[[[-49.06391888989889,-26.9159213515237],[-49.064067555357866,-26.915893873672925],[-49.06402530894129,-26.91581009182588],[-49.06391888989889,-26.9159213515237]]],[[[-49.08899708997961,-26.91609402627959],[-49.089120160992415,-26.916128888682106],[-49.0891184111851,-26.916061972183318],[-49.08899708997961,-26.91609402627959]]],[[[-49.06281094356202,-26.91566172885151],[-49.06296740615624,-26.915682538032016],[-49.062923301042154,-26.91558030986389],[-49.06281094356202,-26.91566172885151]]],[[[-49.09169433485934,-26.915660009540833],[-49.091643555579495,-26.915735595681898],[-49.091723075440775,-26.915675390137416],[-49.09169433485934,-26.915660009540833]]],[[[-49.06043700134952,-26.91521795036015],[-49.06050431252981,-26.915216150699315],[-49.0604445684087,-26.915193652137244],[-49.06043700134952,-26.91521795036015]]],[[[-49.09588934015734,-26.91574988916477],[-49.09590492300295,-26.916118259553755],[-49.09612807277773,-26.916085609856975],[-49.09598608157393,-26.91597206949901],[-49.09610955146538,-26.91576647256662],[-49.09635829241171,-26.915868999066234],[-49.096372080324585,-26.916112068089078],[-49.096637791631146,-26.91620259100386],[-49.09668686439473,-26.9160556955111],[-49.0965160982701,-26.91608551897761],[-49.09657937317613,-26.915967228017763],[-49.096392029964065,-26.915798495367746],[-49.09609240249336,-26.91567889681423],[-49.09588934015734,-26.91574988916477]]],[[[-49.09180112032142,-26.915546834996412],[-49.09188361922028,-26.915649215555355],[-49.091922391645085,-26.915588577741854],[-49.09180112032142,-26.915546834996412]]],[[[-49.06882352185236,-26.915083875774837],[-49.068959435645795,-26.9151096362515],[-49.06883800182172,-26.915011685707945],[-49.06882352185236,-26.915083875774837]]],[[[-49.09137677387678,-26.91529951855618],[-49.09035657961909,-26.915561736452716],[-49.091126558313945,-26.91540030161883],[-49.09125910268684,-26.915707170614212],[-49.0908496720257,-26.916524886685487],[-49.090398774563916,-26.916826736113272],[-49.09064405500137,-26.916872238407418],[-49.090488041830085,-26.91722754399597],[-49.090598132418265,-26.91712776696704],[-49.090602296835186,-26.917310641698297],[-49.09105205083922,-26.917418361852686],[-49.09063831373309,-26.91719819559771],[-49.09135427644988,-26.915923268594174],[-49.091585014046004,-26.915897707257837],[-49.091480390255285,-26.915805950709842],[-49.09164856011205,-26.91540724629235],[-49.09137677387678,-26.91529951855618]],[[-49.09127668543703,-26.91542416882372],[-49.09126648822978,-26.915458999202176],[-49.09119486223282,-26.915421959044725],[-49.09127668543703,-26.91542416882372]]],[[[-49.09555783555262,-26.915080975257695],[-49.095708145537664,-26.91505202402262],[-49.09552764839038,-26.9150021536337],[-49.09555783555262,-26.915080975257695]]],[[[-49.09139383266019,-26.9148847380272],[-49.09119091446832,-26.915210670710028],[-49.09126779172206,-26.91525184483215],[-49.09150779507836,-26.91519582178541],[-49.09139383266019,-26.9148847380272]]],[[[-49.09147089578009,-26.9148380837192],[-49.09151778190923,-26.914879706593936],[-49.09151350956461,-26.914840928708145],[-49.09147089578009,-26.9148380837192]]],[[[-49.08044065428952,-26.914663517275685],[-49.080596157686195,-26.914602243304117],[-49.08057809873217,-26.914557459549524],[-49.08044065428952,-26.914663517275685]]],[[[-49.06162433627748,-26.914413048615664],[-49.06174414550007,-26.91434178902447],[-49.06173422514271,-26.914089039151865],[-49.06156616612197,-26.914127940744557],[-49.06162433627748,-26.914413048615664]]],[[[-49.069106003550644,-26.913853678622132],[-49.06919196145776,-26.913895373391952],[-49.069167970420445,-26.91384942309055],[-49.069106003550644,-26.913853678622132]]],[[[-49.090338255116215,-26.913680538185965],[-49.09041278360816,-26.913710569541575],[-49.090345197217374,-26.91367195567343],[-49.090338255116215,-26.913680538185965]]],[[[-49.09018860574287,-26.91359050006332],[-49.09026425602584,-26.913615691236398],[-49.09020531365898,-26.913542647597804],[-49.09018860574287,-26.91359050006332]]],[[[-49.05338152888089,-26.912865048896396],[-49.05261434336983,-26.912804673857035],[-49.05253787078854,-26.912816390450296],[-49.05338152888089,-26.912865048896396]]],[[[-49.05279023737394,-26.912713498858785],[-49.053108783145056,-26.912752086213366],[-49.053230355957396,-26.91271336844381],[-49.05279023737394,-26.912713498858785]]],[[[-49.06615466593927,-26.912770816730838],[-49.06621840095653,-26.912757271899455],[-49.06613379078777,-26.912753988477615],[-49.06615466593927,-26.912770816730838]]],[[[-49.066270265476085,-26.912416937789832],[-49.066366476455315,-26.912448846264386],[-49.0663263357153,-26.91238488029858],[-49.066270265476085,-26.912416937789832]]],[[[-49.051205873709165,-26.91255510775],[-49.05128635558377,-26.912309716173183],[-49.05077928967726,-26.912139178437805],[-49.05080645662832,-26.912437174915713],[-49.051205873709165,-26.91255510775]]],[[[-49.04798231140566,-26.9116557409944],[-49.04808598934544,-26.911731074072463],[-49.048114837759755,-26.911685044136863],[-49.04798231140566,-26.9116557409944]]],[[[-49.0785602371284,-26.912090545329445],[-49.078623524427925,-26.912090878463435],[-49.07859419246077,-26.912033110774136],[-49.0785602371284,-26.912090545329445]]],[[[-49.0917698591459,-26.9119414407669],[-49.091898827728585,-26.91192255938645],[-49.091783904754536,-26.911905370126355],[-49.0917698591459,-26.9119414407669]]],[[[-49.024872493855526,-26.910183335709736],[-49.024576661560666,-26.90955050231685],[-49.02415841973055,-26.909429607492097],[-49.0243082995134,-26.9097527262643],[-49.024872493855526,-26.910183335709736]]],[[[-49.09380668759909,-26.910316569311117],[-49.093760691009,-26.910407027590836],[-49.09391973994724,-26.910350407387945],[-49.09380668759909,-26.910316569311117]]],[[[-49.094722771325564,-26.9108703739059],[-49.09482900572998,-26.910758244927788],[-49.09508598292763,-26.910233349684358],[-49.09472185886549,-26.910712171695632],[-49.094722771325564,-26.9108703739059]]],[[[-49.09407162142545,-26.91007952296276],[-49.09427910835255,-26.910075546935403],[-49.094105454650034,-26.909996595882212],[-49.09407162142545,-26.91007952296276]]],[[[-49.09384278355386,-26.910072367172795],[-49.093972239647314,-26.910075964422045],[-49.093884342931716,-26.90998534541971],[-49.09384278355386,-26.910072367172795]]],[[[-49.07425283234184,-26.909585780768897],[-49.074304688761515,-26.90961499185363],[-49.074295462795725,-26.90957499162955],[-49.07425283234184,-26.909585780768897]]],[[[-49.09417781724126,-26.910483841705155],[-49.09448876002733,-26.910578603608087],[-49.094747839717684,-26.909844959013665],[-49.09417781724126,-26.910483841705155]]],[[[-49.07455896991197,-26.9092483895266],[-49.07461419483636,-26.909250347115737],[-49.07460129822603,-26.909220457097828],[-49.07455896991197,-26.9092483895266]]],[[[-49.07405181977261,-26.90921713681365],[-49.07423123047431,-26.90918694832157],[-49.07431296825904,-26.9090602350655],[-49.07423599074641,-26.90905862493913],[-49.07405181977261,-26.90921713681365]]],[[[-49.075977453944645,-26.90867643250014],[-49.07596750153072,-26.90891124666848],[-49.07624991006804,-26.908972791570115],[-49.076343342305535,-26.908645075572775],[-49.075977453944645,-26.90867643250014]],[[-49.07623551240228,-26.908882372969504],[-49.07617829500924,-26.908905161473747],[-49.0761790490711,-26.908866415450692],[-49.07623551240228,-26.908882372969504]]],[[[-49.0309385435491,-26.907892806257127],[-49.030985792689044,-26.90789088942772],[-49.030963294997534,-26.907859328215746],[-49.0309385435491,-26.907892806257127]]],[[[-49.030766413783475,-26.907968067442006],[-49.0308704238287,-26.907904710928317],[-49.030853506161236,-26.907832447427776],[-49.03077209717274,-26.90781994335588],[-49.030766413783475,-26.907968067442006]]],[[[-49.067630830987554,-26.907923428776595],[-49.06770868224894,-26.90789057380755],[-49.06764864890326,-26.90786805328226],[-49.067630830987554,-26.907923428776595]]],[[[-49.07551428035674,-26.90762492397482],[-49.07539513933669,-26.907627786994873],[-49.075512467429526,-26.907732142567895],[-49.07551428035674,-26.90762492397482]]],[[[-49.06513159017317,-26.906999323934137],[-49.065164300558045,-26.90702847817951],[-49.06522219473517,-26.90697296483639],[-49.06513159017317,-26.906999323934137]]],[[[-49.06548442567673,-26.907210205163523],[-49.06519571074484,-26.90728564773765],[-49.06494748546501,-26.907059068979287],[-49.06486783608252,-26.90707316419672],[-49.06483152469753,-26.90711064943732],[-49.06496410214262,-26.907411149311795],[-49.06552829528759,-26.907220316471836],[-49.065919738891196,-26.90737243712095],[-49.0660495949534,-26.90702160031903],[-49.06572817483322,-26.906838433698354],[-49.06548442567673,-26.907210205163523]],[[-49.06484887152571,-26.90710246212981],[-49.064911368982195,-26.907138411972436],[-49.06485784999933,-26.90715358636869],[-49.06484887152571,-26.90710246212981]]],[[[-49.02559451364248,-26.906263080095663],[-49.025732485534775,-26.90652133706074],[-49.025808196653266,-26.906319689873456],[-49.02559451364248,-26.906263080095663]]],[[[-49.02313568666006,-26.906021924827492],[-49.02305376223296,-26.905962401683876],[-49.0230496792736,-26.905980423617958],[-49.02313568666006,-26.906021924827492]]],[[[-49.02296427335071,-26.905915821979978],[-49.02313629093683,-26.90588568112214],[-49.022951317169,-26.905819230451737],[-49.02296427335071,-26.905915821979978]]],[[[-49.02284530031787,-26.905707244808113],[-49.02281372347132,-26.90579988208027],[-49.02290988134128,-26.905734498670956],[-49.02284530031787,-26.905707244808113]]],[[[-49.02179709091493,-26.90509155024305],[-49.021855566816164,-26.905032929507144],[-49.02182094935073,-26.904989750043942],[-49.02179709091493,-26.90509155024305]]],[[[-49.02204872237767,-26.90499871633105],[-49.02201402400475,-26.904896100584402],[-49.02193247698396,-26.90491676796435],[-49.02194558219305,-26.904965429922356],[-49.02204872237767,-26.90499871633105]]],[[[-49.0479323247605,-26.90505580608643],[-49.04802475192351,-26.905124254169923],[-49.0480057023781,-26.905023596192425],[-49.0479323247605,-26.90505580608643]]],[[[-49.034720604369674,-26.904836781888925],[-49.034794422064195,-26.90482502719878],[-49.034738835358105,-26.90480952109339],[-49.034720604369674,-26.904836781888925]]],[[[-49.021573920604304,-26.90488076351901],[-49.02164098625242,-26.904782835865753],[-49.02150992308212,-26.904615762690113],[-49.02150544835163,-26.904788291799598],[-49.021573920604304,-26.90488076351901]]],[[[-49.04645695235653,-26.904834155583284],[-49.045794793211016,-26.905792445114738],[-49.04593044933999,-26.905902195212114],[-49.04587845322876,-26.906245201595517],[-49.046253829792,-26.906543996386304],[-49.04759714621644,-26.90692262763686],[-49.046527587886835,-26.90612738746374],[-49.04645376755462,-26.905810183079144],[-49.04717504505574,-26.905719271161455],[-49.04776777772566,-26.905984347473556],[-49.04769534743898,-26.9052534710558],[-49.04784202746364,-26.905047225535444],[-49.04730669467849,-26.904909064949404],[-49.046888579201024,-26.905071636471973],[-49.046734405379816,-26.904854674607986],[-49.04645695235653,-26.904834155583284]],[[-49.04597506762667,-26.905865751640192],[-49.046189570609506,-26.905757411017255],[-49.04617403438927,-26.905940061825824],[-49.04597506762667,-26.905865751640192]]],[[[-49.07841266612387,-26.90457551831548],[-49.07848188621162,-26.904596339887757],[-49.07844937358313,-26.90455779465343],[-49.07841266612387,-26.90457551831548]]],[[[-49.078534466555205,-26.904223034054766],[-49.07822609152455,-26.904324529676423],[-49.078221526821395,-26.904223129613335],[-49.07808404175391,-26.90456364265067],[-49.0774914463201,-26.904243775225144],[-49.077041415885375,-26.904368638196146],[-49.076939727848014,-26.90470860735313],[-49.07667026041883,-26.904919332658597],[-49.07703882430057,-26.905507622451406],[-49.07722913186797,-26.90501234560934],[-49.07780313864891,-26.905232298919],[-49.0781582109853,-26.905024385459857],[-49.078534466555205,-26.904223034054766]]],[[[-49.012710762712125,-26.903140094068508],[-49.01276432606544,-26.9032020179677],[-49.012717679794825,-26.903092215650368],[-49.012710762712125,-26.903140094068508]]],[[[-49.078552583906216,-26.903654443613018],[-49.078393193692285,-26.90369222661431],[-49.07844898245874,-26.903759268166603],[-49.078552583906216,-26.903654443613018]]],[[[-49.04680479498618,-26.902901165434464],[-49.04701477372017,-26.902915725423416],[-49.04736200430516,-26.9030741539166],[-49.046993162445915,-26.902798742555458],[-49.04680479498618,-26.902901165434464]]],[[[-49.01313706465166,-26.902649361841064],[-49.01323775156827,-26.902535016706857],[-49.01293228519706,-26.90212074447425],[-49.01271070553356,-26.902118959948965],[-49.01313706465166,-26.902649361841064]]],[[[-49.07910971056078,-26.903097832842217],[-49.08028611808311,-26.903791518590186],[-49.08028363506224,-26.903968367055036],[-49.0805344818999,-26.90407830804569],[-49.080559665309266,-26.90436914128255],[-49.080841514712226,-26.904559171057908],[-49.08096461792038,-26.90432751473056],[-49.0806050835138,-26.904292216754982],[-49.080713076964436,-26.904008835131542],[-49.08051995422992,-26.903760243027733],[-49.08062650144855,-26.903650371028156],[-49.08027075108743,-26.90354013492209],[-49.080324112484114,-26.903214316166242],[-49.07998585197408,-26.902958029539114],[-49.08001005636681,-26.903370089325357],[-49.079560588242494,-26.902890533061647],[-49.07909289344741,-26.902757308032566],[-49.07910971056078,-26.903097832842217]]],[[[-49.034755331118845,-26.904868556943903],[-49.03484761691938,-26.905008449059626],[-49.034517410245634,-26.90470897833335],[-49.03417098424468,-26.90483623762189],[-49.034638078292105,-26.905404006011842],[-49.03492800075482,-26.90519218351922],[-49.035076096297466,-26.905326940193554],[-49.03476036018589,-26.90552716060305],[-49.03512468784714,-26.90563588662267],[-49.035232860111755,-26.905927992023933],[-49.03517582826803,-26.90612547968306],[-49.03477583485839,-26.906260725363712],[-49.03503325085042,-26.90655787700898],[-49.03514144040078,-26.906212417968742],[-49.03536674812294,-26.906091908256577],[-49.036042340549336,-26.906281558728217],[-49.035535967754896,-26.90557394543296],[-49.03619253275511,-26.90505331737704],[-49.03641885129133,-26.905366981329013],[-49.03687353140024,-26.905227646284025],[-49.03672383634314,-26.904770329417588],[-49.036929928495475,-26.90421920501685],[-49.0376737635973,-26.904327792232746],[-49.03725896489128,-26.90385872008947],[-49.03745570763261,-26.90334801969164],[-49.03829436366029,-26.90337422639936],[-49.038560280364095,-26.903814468519304],[-49.038945237269125,-26.90386207872998],[-49.039059262315334,-26.904100877650148],[-49.03982160356662,-26.90350132450137],[-49.03920333649469,-26.903256225580826],[-49.03900417370275,-26.902845550044468],[-49.0387874834316,-26.902989813092674],[-49.038264947347635,-26.90291863379308],[-49.038284154659344,-26.90250186048711],[-49.03811540740595,-26.90270992253908],[-49.03769380245955,-26.902731779955218],[-49.03764795587556,-26.902975500738957],[-49.03739980322103,-26.903133349959063],[-49.03690349602909,-26.903191271195443],[-49.036763128306596,-26.90216625441979],[-49.03625046033386,-26.902185121615684],[-49.03631930040484,-26.902644193261047],[-49.03606808408279,-26.902690020936397],[-49.035944835350676,-26.90244353416083],[-49.03573670205571,-26.90257829415499],[-49.035611352453564,-26.903033690969984],[-49.035269244618924,-26.903252116043696],[-49.03502116082643,-26.90370021313005],[-49.03504764022903,-26.904293395966455],[-49.03486716053617,-26.904769923210416],[-49.03502218287293,-26.90513516819124],[-49.034755331118845,-26.904868556943903]],[[-49.03625448952131,-26.904952251963913],[-49.036142655908634,-26.90485805726171],[-49.03626107988546,-26.904855875890313],[-49.03625448952131,-26.904952251963913]],[[-49.035915464388644,-26.904913434341545],[-49.03584536172365,-26.90478280740652],[-49.03593733274203,-26.904622795264064],[-49.03598963459412,-26.904782791582896],[-49.035915464388644,-26.904913434341545]],[[-49.036207545058915,-26.903213022344197],[-49.03624961249449,-26.903206915952484],[-49.03625505113743,-26.903229996996046],[-49.036207545058915,-26.903213022344197]],[[-49.03610850288572,-26.902744363342084],[-49.03618621111173,-26.902732730161944],[-49.03610841183269,-26.90278798161956],[-49.03610850288572,-26.902744363342084]]],[[[-49.06707906955105,-26.90261140808738],[-49.067122464343335,-26.9024809244141],[-49.06701852477532,-26.90243138672694],[-49.06695925457709,-26.902493091912408],[-49.06707906955105,-26.90261140808738]]],[[[-49.013131112234596,-26.90173772618777],[-49.0128372152587,-26.901639347347874],[-49.01275158014677,-26.90181737846561],[-49.01317501657971,-26.90202083279465],[-49.01385976420182,-26.901744043039145],[-49.0136237964247,-26.9016094597399],[-49.013131112234596,-26.90173772618777]]],[[[-49.148846347096665,-26.903405039740754],[-49.14822989801837,-26.90340124667675],[-49.14818182489411,-26.903436663140646],[-49.148718356586635,-26.903626179445187],[-49.148846347096665,-26.903405039740754]]],[[[-49.07839780681231,-26.903610054596356],[-49.07832908868937,-26.903345182082916],[-49.0786985709228,-26.903440578243668],[-49.078613991027275,-26.903228989741084],[-49.07873012051402,-26.90305175045958],[-49.078152099468035,-26.902393425443464],[-49.078022942297764,-26.903172850981544],[-49.07839780681231,-26.903610054596356]]],[[[-49.08854964789992,-26.902327042098545],[-49.08863969118575,-26.90229901558799],[-49.08854793647596,-26.902251900472884],[-49.08854964789992,-26.902327042098545]]],[[[-49.07861856369569,-26.902224585208046],[-49.07868981747762,-26.902222748496538],[-49.07861590893426,-26.902112708990344],[-49.07861856369569,-26.902224585208046]]],[[[-49.04612800611962,-26.901968622626047],[-49.04593885048895,-26.90153581554956],[-49.04598252719323,-26.90203634706466],[-49.04612800611962,-26.901968622626047]]],[[[-49.020687073807444,-26.901124399329998],[-49.0190499182848,-26.901104773942503],[-49.018931174788364,-26.901224217495876],[-49.02048775937673,-26.901245854417482],[-49.020393740346464,-26.90169816094167],[-49.01936544214632,-26.901904508758825],[-49.02002346598878,-26.902105191056897],[-49.01995975915814,-26.902334693088573],[-49.020546703204786,-26.90232983094723],[-49.02058627483634,-26.903367461435916],[-49.0208103936243,-26.90380353913605],[-49.020991174112176,-26.903738228050607],[-49.02109945183169,-26.903932613632154],[-49.02174511599657,-26.904057326342414],[-49.02205215137626,-26.9042747505395],[-49.021925946271416,-26.90445938883267],[-49.021634913599776,-26.9043787551821],[-49.02225235487808,-26.90492754272288],[-49.02199693656577,-26.905075060290887],[-49.02199192348021,-26.905239190623305],[-49.022400975400956,-26.90533038665432],[-49.022492038082184,-26.905613193692922],[-49.022473095708406,-26.905247064938667],[-49.02236449532906,-26.90524967647523],[-49.02249048819729,-26.90514276815509],[-49.022287942468246,-26.904967401780887],[-49.022532561381546,-26.904969919087673],[-49.022813491596594,-26.90526865370663],[-49.02301297644676,-26.905112956141245],[-49.022896500468924,-26.905324259692634],[-49.02382632507037,-26.905942234481465],[-49.023952793215045,-26.90539958038756],[-49.024315890848555,-26.905372931356695],[-49.024501383723006,-26.905807082939372],[-49.02419971361292,-26.90594523830444],[-49.0241156053145,-26.906112250972335],[-49.024819222756456,-26.90588072090041],[-49.025005704712626,-26.90602363887253],[-49.025012298696886,-26.90641854778805],[-49.025349299421066,-26.906391316528982],[-49.02550691969239,-26.906241573361754],[-49.025142729357704,-26.906130778249704],[-49.0248021826671,-26.905782303714762],[-49.024584192108776,-26.905267188995875],[-49.02467661310903,-26.905091493452357],[-49.02568848729584,-26.904925335866047],[-49.025679497010415,-26.90473973148005],[-49.02498479276928,-26.904813292685144],[-49.02448486796271,-26.90453357486684],[-49.02435040907842,-26.904266493033113],[-49.024606008696686,-26.90361740984278],[-49.02439588723536,-26.903452681176272],[-49.023414144168726,-26.904286099048747],[-49.02249483181419,-26.903970193261166],[-49.0220887678666,-26.903400114890545],[-49.0226251747565,-26.902826780234275],[-49.02299426296512,-26.902653728384713],[-49.02296711054895,-26.902513873512948],[-49.02222004330747,-26.901845019040305],[-49.0214229720084,-26.902074427099556],[-49.020687073807444,-26.901124399329998]],[[-49.02178999724536,-26.903049697549054],[-49.02168206374792,-26.90305725566769],[-49.02169773000657,-26.902951567564244],[-49.02178999724536,-26.903049697549054]],[[-49.025359160735654,-26.90486030175533],[-49.02549166142362,-26.904805781339157],[-49.02555892100289,-26.904813472313776],[-49.025359160735654,-26.90486030175533]],[[-49.02287594807515,-26.905001095143756],[-49.02289446824556,-26.905131555075236],[-49.02283489141709,-26.905149888964655],[-49.02287594807515,-26.905001095143756]],[[-49.02230341319936,-26.90503562141926],[-49.02228492269037,-26.905080813815193],[-49.02224970517078,-26.9050525074692],[-49.02230341319936,-26.90503562141926]],[[-49.02202025407029,-26.90514902646927],[-49.022086385239234,-26.9051646585706],[-49.02204108470792,-26.905207508094605],[-49.02202025407029,-26.90514902646927]]],[[[-49.078389172520474,-26.901990162181544],[-49.07852611873146,-26.901876225611595],[-49.078510825575094,-26.901807564105084],[-49.07834745661286,-26.901904983409114],[-49.078389172520474,-26.901990162181544]]],[[[-49.14606635353095,-26.90256508869614],[-49.14491141487597,-26.90302165030049],[-49.144942350930656,-26.903201339308918],[-49.14434029419894,-26.903399454826047],[-49.14559544048658,-26.903064146769797],[-49.14597169928517,-26.902842296017763],[-49.14624326884096,-26.902868637305975],[-49.14631728030767,-26.902743358069994],[-49.14606635353095,-26.90256508869614]]],[[[-49.089503285164795,-26.901765918586744],[-49.0896456039507,-26.901788343695618],[-49.08951026419442,-26.901722549099155],[-49.089503285164795,-26.901765918586744]]],[[[-49.061709869418884,-26.900965007969077],[-49.06178770639672,-26.900941305224816],[-49.06177419011872,-26.900873444594836],[-49.061709869418884,-26.900965007969077]]],[[[-49.135209115756,-26.901882117715463],[-49.135234746643306,-26.901913045295903],[-49.135265887496125,-26.901827651183627],[-49.135209115756,-26.901882117715463]]],[[[-49.135410260512906,-26.901557874835415],[-49.13550526353972,-26.901535225276973],[-49.13551082132719,-26.901523049727054],[-49.135410260512906,-26.901557874835415]]],[[[-49.135626031567114,-26.90131206472311],[-49.13569466090842,-26.90133245937473],[-49.13570838188136,-26.901286854393962],[-49.135626031567114,-26.90131206472311]]],[[[-49.13900752462385,-26.901751059786335],[-49.139092621378325,-26.90163589255009],[-49.13906164112564,-26.901321480279034],[-49.138866535361466,-26.90140626927919],[-49.13900752462385,-26.901751059786335]]],[[[-49.08934602941148,-26.900643195487973],[-49.089405098995904,-26.90064698616668],[-49.08934866062939,-26.900613424549906],[-49.08934602941148,-26.900643195487973]]],[[[-49.13540323123535,-26.901237674814418],[-49.13546445703313,-26.90127045555856],[-49.135378141743104,-26.901153285351377],[-49.13540323123535,-26.901237674814418]]],[[[-49.039177085423546,-26.89965608963267],[-49.03907695208984,-26.900165335717457],[-49.038594317490876,-26.90021676365329],[-49.03845305643359,-26.899870743876725],[-49.03849152046678,-26.900822349903052],[-49.03858832538177,-26.900340584146917],[-49.03923575095861,-26.90037324741574],[-49.039177085423546,-26.89965608963267]]],[[[-49.13499171617597,-26.90093643384668],[-49.135186044821026,-26.901037204161184],[-49.13499782173665,-26.90086329911014],[-49.13499171617597,-26.90093643384668]]],[[[-49.0489870605982,-26.89937973124094],[-49.047022904431365,-26.899530381117664],[-49.046792312387794,-26.899612359388115],[-49.04680694973058,-26.899804490186806],[-49.04654916943751,-26.899968752130523],[-49.046737625816036,-26.900121956546247],[-49.04758777404962,-26.899998642029274],[-49.04823142494002,-26.89957303971333],[-49.0489870605982,-26.89937973124094]]],[[[-49.134534675301204,-26.90059367593259],[-49.134866022677684,-26.900686062086546],[-49.13451468435905,-26.900444784017928],[-49.134534675301204,-26.90059367593259]]],[[[-49.06389693961994,-26.899138004575587],[-49.06397298447548,-26.89914163242731],[-49.063981271900765,-26.899106203218036],[-49.06389693961994,-26.899138004575587]]],[[[-49.047256127103836,-26.898620472579207],[-49.04685532155294,-26.89879679831972],[-49.047885085441145,-26.898724349001846],[-49.047256127103836,-26.898620472579207]]],[[[-49.04992097897332,-26.8985806964489],[-49.0493732736996,-26.898609762528853],[-49.04933785955189,-26.898803478503414],[-49.04992097897332,-26.8985806964489]]],[[[-49.140590688933905,-26.899752152966116],[-49.14055688979057,-26.899893255772913],[-49.140774069109035,-26.900191207494988],[-49.14077163879258,-26.899949152353653],[-49.140960072623045,-26.899822846399648],[-49.140590688933905,-26.899752152966116]]],[[[-49.13459922993961,-26.900173383204027],[-49.13488834467459,-26.900021169890806],[-49.135083780028026,-26.899355484746955],[-49.13502995043592,-26.89938183244447],[-49.13459922993961,-26.900173383204027]]],[[[-49.13979482623163,-26.900255566457933],[-49.14016284499022,-26.899899354918027],[-49.14012604445351,-26.89962947797728],[-49.139519087181526,-26.89939948547145],[-49.13973296090353,-26.89966144166801],[-49.13979482623163,-26.900255566457933]]],[[[-49.06360849749253,-26.89871861913401],[-49.06408090533556,-26.89851802355742],[-49.06399848384996,-26.89835837201252],[-49.063705369596455,-26.89839095335482],[-49.06351644577581,-26.89861513834271],[-49.06360849749253,-26.89871861913401]]],[[[-49.06298418603745,-26.898402674229814],[-49.06293737484882,-26.89825588487259],[-49.06281888370149,-26.898242066182032],[-49.06283638432767,-26.898302540049407],[-49.06298418603745,-26.898402674229814]]],[[[-49.08332277448626,-26.89849947411722],[-49.08343735237643,-26.898514289043813],[-49.08335150265992,-26.898449233980273],[-49.08332277448626,-26.89849947411722]]],[[[-49.08320560026872,-26.898440422399606],[-49.08328691922823,-26.89844733846447],[-49.08322089361899,-26.89839364300472],[-49.08320560026872,-26.898440422399606]]],[[[-49.135643493663565,-26.899061542721938],[-49.135331975840764,-26.899042077245902],[-49.135585043840614,-26.899221264765842],[-49.135643493663565,-26.899061542721938]]],[[[-49.07910799805827,-26.89819902376879],[-49.07838681669637,-26.898387310577046],[-49.07815965089821,-26.898280132273605],[-49.07770465444456,-26.898932612636354],[-49.078764053270866,-26.899528402182167],[-49.079055930489254,-26.89928865697567],[-49.07936977328363,-26.899439077744653],[-49.07953825590051,-26.899164744865242],[-49.07991859252344,-26.89913195259209],[-49.07993568884375,-26.898868440639344],[-49.07910799805827,-26.89819902376879]],[[-49.07893613698913,-26.898908981469404],[-49.078839023562686,-26.898917180005554],[-49.07889190224599,-26.89885505201105],[-49.07893613698913,-26.898908981469404]]],[[[-49.02234543075103,-26.897372960183],[-49.02261915209426,-26.897466687455278],[-49.02254231090052,-26.897847062345033],[-49.022746866326024,-26.89749506893202],[-49.02234543075103,-26.897372960183]]],[[[-49.13534301841762,-26.89886572964322],[-49.13540541379009,-26.898910158710763],[-49.13539150746943,-26.898830040567095],[-49.13534301841762,-26.89886572964322]]],[[[-49.155131862536614,-26.898860617607976],[-49.15520797948273,-26.898953031187933],[-49.155145873563725,-26.898816821119983],[-49.155131862536614,-26.898860617607976]]],[[[-49.15438305066357,-26.89862477019765],[-49.154432505604795,-26.898457305718946],[-49.15437973480872,-26.898393815041985],[-49.154311471829956,-26.898459985463433],[-49.15438305066357,-26.89862477019765]]],[[[-49.135129108054564,-26.89908244947098],[-49.13549612447345,-26.898201190940412],[-49.13543943441536,-26.898089517886135],[-49.135199555618634,-26.898475711368196],[-49.135129108054564,-26.89908244947098]]],[[[-49.08226595886351,-26.89775597012125],[-49.08230297005251,-26.897439879439236],[-49.08194937415731,-26.897515777078855],[-49.08199473873029,-26.897733519416246],[-49.081728597784746,-26.897863496098733],[-49.08148846603896,-26.89780345598621],[-49.08140175606201,-26.897977769833403],[-49.080947927006314,-26.898133617856033],[-49.080895319905366,-26.898507322650765],[-49.080736793539046,-26.898147690038435],[-49.080650978249665,-26.89862226485522],[-49.08168057946329,-26.89842809924627],[-49.08189902849025,-26.898502383642512],[-49.08213966777429,-26.8983356161088],[-49.08258811849728,-26.898582521165604],[-49.0822407759635,-26.898987999133368],[-49.08250016482418,-26.899151847125168],[-49.08313099270072,-26.898861197937343],[-49.082774121611166,-26.898502341423608],[-49.08284293106255,-26.89834412987719],[-49.083146851953735,-26.898202177117465],[-49.08342518133577,-26.89827798310414],[-49.08352402892943,-26.8978943258128],[-49.08384176150269,-26.897658293890608],[-49.08314814087893,-26.8971085684438],[-49.082513828158945,-26.897424372515637],[-49.08226595886351,-26.89775597012125]],[[-49.08208328114492,-26.89766227503003],[-49.082161853040816,-26.89765185554038],[-49.08209494755513,-26.897691367547964],[-49.08208328114492,-26.89766227503003]]],[[[-49.065579679928966,-26.89676038478614],[-49.06566461691684,-26.896757630172175],[-49.0656015322211,-26.896726751735084],[-49.065579679928966,-26.89676038478614]]],[[[-49.07214788459129,-26.896643011457513],[-49.07211588917523,-26.89682748586002],[-49.07268732543329,-26.89706089685263],[-49.0728334922568,-26.89694820936575],[-49.0727859969514,-26.896666906591584],[-49.07214788459129,-26.896643011457513]]],[[[-49.0701078095134,-26.89649730502773],[-49.07017474170537,-26.896499157652766],[-49.07018486308344,-26.896480259215586],[-49.0701078095134,-26.89649730502773]]],[[[-49.13461412436975,-26.89713327185027],[-49.13464259409177,-26.897189666676],[-49.13466235952134,-26.89715484499777],[-49.13461412436975,-26.89713327185027]]],[[[-49.069948402506846,-26.896259584901518],[-49.07000016185145,-26.896560147785742],[-49.069958104927345,-26.896226602539254],[-49.069948402506846,-26.896259584901518]]],[[[-49.045897487196726,-26.895731420866397],[-49.04519458179595,-26.895771951956153],[-49.04517463274829,-26.895954406766396],[-49.045702257402105,-26.89599701994612],[-49.045897487196726,-26.895731420866397]]],[[[-49.05781624338072,-26.895686533259635],[-49.05786216163132,-26.895717494093617],[-49.05787061917647,-26.895678968729882],[-49.05781624338072,-26.895686533259635]]],[[[-49.07298892968243,-26.896181307794887],[-49.07306931929041,-26.896930882809308],[-49.073940896089844,-26.896439788251456],[-49.0734762741549,-26.896223662515162],[-49.07330531823227,-26.89584167385794],[-49.07298892968243,-26.896181307794887]]],[[[-49.154277717419625,-26.897056154842538],[-49.15406721484157,-26.896988852373862],[-49.15455390139062,-26.89744253949945],[-49.15442407456991,-26.89832511291268],[-49.15467683344581,-26.898139582578263],[-49.15494347185119,-26.898603338892563],[-49.15471878052631,-26.897250990864976],[-49.1544860209885,-26.896887457831525],[-49.154277717419625,-26.897056154842538]],[[-49.15485023473569,-26.89819117948842],[-49.15477663095857,-26.898224817764934],[-49.15478365591014,-26.89818976631323],[-49.15485023473569,-26.89819117948842]]],[[[-49.06819079533757,-26.89565901244415],[-49.068367915723286,-26.89578532687065],[-49.06839833306845,-26.895769324043336],[-49.068397299975906,-26.895683454746067],[-49.06819079533757,-26.89565901244415]]],[[[-49.15380535073396,-26.896863241174238],[-49.153917034662925,-26.896853379641172],[-49.1538139480345,-26.896733264021513],[-49.15380535073396,-26.896863241174238]]],[[[-49.0799429028835,-26.895671023047495],[-49.079871775302365,-26.89574226152252],[-49.07998446918409,-26.895733539199448],[-49.0799429028835,-26.895671023047495]]],[[[-49.069897062274755,-26.89552513259384],[-49.07019963933088,-26.895488382513246],[-49.0699334398192,-26.895427504467435],[-49.069897062274755,-26.89552513259384]]],[[[-49.15380824440969,-26.896691165948532],[-49.1537614459444,-26.896316559224655],[-49.15361779566072,-26.896287136959533],[-49.153575692248474,-26.89642286678219],[-49.15380824440969,-26.896691165948532]]],[[[-49.153746687360474,-26.896191138849957],[-49.15383700239984,-26.896186198156137],[-49.15364303208708,-26.896066884415305],[-49.153746687360474,-26.896191138849957]]],[[[-49.068817612455184,-26.89489727791999],[-49.068894896251464,-26.894916442401843],[-49.06885406207927,-26.894871848776422],[-49.068817612455184,-26.89489727791999]]],[[[-49.08541563579787,-26.89534957971524],[-49.085237091986066,-26.895326475728197],[-49.08515771850692,-26.895497716449512],[-49.087163175306685,-26.89728384511541],[-49.08729776299746,-26.89783763897205],[-49.08752721674125,-26.8979792667824],[-49.0877047227911,-26.898813549180133],[-49.08844577607595,-26.899106229513404],[-49.088356977249106,-26.899316050044902],[-49.088722892868766,-26.900289957833653],[-49.08859504065378,-26.900493747463187],[-49.08831828962862,-26.900104627303232],[-49.08815904853155,-26.90013839230704],[-49.088328584458615,-26.901340769956697],[-49.08811874952444,-26.901460361625137],[-49.08810190978941,-26.901825016162395],[-49.08840555684764,-26.90186706620487],[-49.08810224671526,-26.902380871876552],[-49.088315538736325,-26.902583635261994],[-49.08825610315623,-26.902405417001813],[-49.08851974429562,-26.902172744701726],[-49.08866894378058,-26.902242842712578],[-49.088793001314954,-26.901988898461887],[-49.08900743693443,-26.902235356650483],[-49.08916648821814,-26.90192717621287],[-49.08915650308198,-26.901520860492585],[-49.08949262589915,-26.901426591721382],[-49.0893431682146,-26.901122051274733],[-49.08947517257564,-26.901062605634174],[-49.08951368877661,-26.90125245887197],[-49.08964586609971,-26.901114402889192],[-49.089498586223385,-26.90080246794391],[-49.08916704114249,-26.90108672406067],[-49.08905971614535,-26.900968010636728],[-49.08875023559232,-26.90100983241473],[-49.08911292878717,-26.900522049275413],[-49.08923672651417,-26.900552723878093],[-49.08916865050998,-26.900449361916273],[-49.08957876491491,-26.899911957130673],[-49.088921073889274,-26.900380857440666],[-49.08868733886787,-26.899475402096485],[-49.08919352460282,-26.89940823928074],[-49.08953533630338,-26.899625697774574],[-49.08971978249663,-26.899564193121154],[-49.08926258944678,-26.89910541813956],[-49.08935122582796,-26.898915761836783],[-49.08905648566036,-26.898697343834773],[-49.08919158232613,-26.898496235850462],[-49.08888162446526,-26.898501823550394],[-49.08835967778251,-26.898052588330373],[-49.08862281482421,-26.89766442135063],[-49.08865345097514,-26.89707948820708],[-49.08813575109759,-26.89587930712807],[-49.08773703318616,-26.895776870721477],[-49.087317318262116,-26.89587935648663],[-49.08672647312543,-26.8957128654535],[-49.08555425414675,-26.895055750804964],[-49.08541563579787,-26.89534957971524]],[[-49.08841556979865,-26.897628001732667],[-49.0883392676493,-26.897660699322856],[-49.088396717093566,-26.897597631090303],[-49.08841556979865,-26.897628001732667]],[[-49.08878270762059,-26.89937944230752],[-49.08883825420751,-26.89943350066166],[-49.08876405892932,-26.899389716403057],[-49.08878270762059,-26.89937944230752]],[[-49.08866135251669,-26.900608460631236],[-49.08854872499346,-26.900593937462602],[-49.088607694713,-26.900557377512747],[-49.08866135251669,-26.900608460631236]],[[-49.08889570328646,-26.90115024807761],[-49.088889622903544,-26.901267364065447],[-49.08884305001455,-26.901182800586483],[-49.08889570328646,-26.90115024807761]],[[-49.08914376509219,-26.901901567361836],[-49.08910246855878,-26.901924209639724],[-49.08908422239872,-26.901858758045414],[-49.08914376509219,-26.901901567361836]]],[[[-49.132121582612314,-26.895277363911436],[-49.1321701706847,-26.89527000271173],[-49.132138452886025,-26.895248814375694],[-49.132121582612314,-26.895277363911436]]],[[[-49.071236950346425,-26.894373951182548],[-49.0709068939516,-26.894645676341767],[-49.071159125806425,-26.894929864281874],[-49.07146368166906,-26.894880975518742],[-49.07246529384783,-26.89519983431092],[-49.07239357484128,-26.895683453214165],[-49.07095419859144,-26.895126986602246],[-49.07098025898573,-26.89527912001241],[-49.07208873939666,-26.89573130706789],[-49.0721213396868,-26.896084579685134],[-49.073055517509054,-26.895547249833562],[-49.072840335119864,-26.89477000574677],[-49.07182676575161,-26.89443534975914],[-49.071236950346425,-26.894373951182548]],[[-49.07255632472706,-26.89509856435367],[-49.07269159046302,-26.895064462198306],[-49.072662070109985,-26.89513621721794],[-49.07255632472706,-26.89509856435367]],[[-49.072521142376964,-26.89575590454283],[-49.07274112515559,-26.895300178367226],[-49.07260083974506,-26.89517776381505],[-49.07269649555405,-26.895178671926402],[-49.07283022333388,-26.895482236418474],[-49.072521142376964,-26.89575590454283]]],[[[-49.06495283273187,-26.894214403573507],[-49.06500221107161,-26.894316322134983],[-49.065318476274314,-26.894314845666482],[-49.06495283273187,-26.894214403573507]]],[[[-49.131921141009464,-26.895145942240614],[-49.1319992804188,-26.895163358872587],[-49.13191401964266,-26.89507770703087],[-49.131921141009464,-26.895145942240614]]],[[[-49.13171720690522,-26.894839696598183],[-49.13180906642031,-26.894874849717652],[-49.13167864182337,-26.894727835809576],[-49.13171720690522,-26.894839696598183]]],[[[-49.06329225964273,-26.893842513610895],[-49.063383324009294,-26.893750411036258],[-49.063321529309164,-26.893633515012564],[-49.06318808848396,-26.893712138955152],[-49.06329225964273,-26.893842513610895]]],[[[-49.131384127639556,-26.89455286061774],[-49.13126336008531,-26.894454403831556],[-49.13026238023543,-26.89415987096257],[-49.13048042176421,-26.894349587618944],[-49.131384127639556,-26.89455286061774]]],[[[-49.07535079201222,-26.89367648223177],[-49.07497127448753,-26.89400794538041],[-49.074009996611494,-26.89403615486686],[-49.073772752832845,-26.89457691467111],[-49.07346402065393,-26.89471479525106],[-49.0737387196273,-26.89490748257451],[-49.07372875068989,-26.895180110811747],[-49.07427471559209,-26.895433807460048],[-49.07488661939959,-26.895958751779474],[-49.07493328631432,-26.8954796673983],[-49.07512067034111,-26.89540384557542],[-49.07526727319927,-26.89552585040109],[-49.07556199725352,-26.89538606109125],[-49.07639178503583,-26.894574246589833],[-49.07573208495247,-26.893392602248564],[-49.075333757957935,-26.893526888577444],[-49.07535079201222,-26.89367648223177]]],[[[-49.06599409475888,-26.892962184849356],[-49.06597523658562,-26.892837795486322],[-49.06586338110188,-26.89286401744935],[-49.06586176884657,-26.8928914440517],[-49.06599409475888,-26.892962184849356]]],[[[-49.14977604547302,-26.89553899523587],[-49.14997556122105,-26.895453749360016],[-49.14984518889421,-26.89513814294653],[-49.14995011106249,-26.894980451079448],[-49.14954850058708,-26.893724849421663],[-49.149345330576004,-26.89390254895232],[-49.14954511393423,-26.895250295965432],[-49.14977604547302,-26.89553899523587]]],[[[-49.135957256319145,-26.893567360438176],[-49.13606102846268,-26.89356705954581],[-49.13595533145529,-26.893538798936422],[-49.135957256319145,-26.893567360438176]]],[[[-49.1409377674611,-26.893784260651167],[-49.141103893867275,-26.893507320571644],[-49.140940378416474,-26.893380911476193],[-49.14095846583048,-26.893596965698723],[-49.1409377674611,-26.893784260651167]]],[[[-49.04371228164609,-26.89326654784324],[-49.043247098562,-26.89315922716659],[-49.04336313025855,-26.893358865687254],[-49.043095251315165,-26.89442145544243],[-49.04336901007759,-26.894632685889096],[-49.043770454415515,-26.894459634501025],[-49.043854879941726,-26.893718569577747],[-49.04416821886835,-26.8935186988738],[-49.04426419252957,-26.89238095472543],[-49.04414113715442,-26.89216878266342],[-49.04427624999152,-26.89201557507282],[-49.04401475562031,-26.892215827667357],[-49.04371228164609,-26.89326654784324]]],[[[-49.116186570399634,-26.892909266846424],[-49.11600563837485,-26.893000232010145],[-49.115999610626595,-26.893023130017262],[-49.11613435481607,-26.89301059377075],[-49.116186570399634,-26.892909266846424]]],[[[-49.127625754605944,-26.89305767375402],[-49.128059350360246,-26.893550223729758],[-49.129059405330004,-26.893720651709362],[-49.12954234218967,-26.894014390546733],[-49.12975049931016,-26.893918000667757],[-49.130047406784676,-26.8940408676284],[-49.12930826963311,-26.893690366856042],[-49.129303278618224,-26.893372524620634],[-49.12909345703227,-26.893469376114986],[-49.12848603829005,-26.893255741621562],[-49.12806784443768,-26.893371919298545],[-49.127625754605944,-26.89305767375402]]],[[[-49.15133062922039,-26.89327560119295],[-49.150919029760516,-26.89317930197752],[-49.15102112922872,-26.893296533805042],[-49.15133062922039,-26.89327560119295]]],[[[-49.06474709401191,-26.891956596466773],[-49.06408283541601,-26.892477299643474],[-49.06333471632393,-26.892677447766662],[-49.06337692283063,-26.893004991943954],[-49.06360434964913,-26.893010588405215],[-49.06364672730111,-26.892796307850748],[-49.06515140089719,-26.892612546207257],[-49.065159182967335,-26.89211595351843],[-49.06474709401191,-26.891956596466773]]],[[[-49.15038169046143,-26.893081364050772],[-49.15044479083332,-26.893158996856005],[-49.150444149986136,-26.893057101896215],[-49.15038169046143,-26.893081364050772]]],[[[-49.15070563033695,-26.89302975742097],[-49.1508956051803,-26.893099752850894],[-49.15069913555321,-26.89300999965852],[-49.15070563033695,-26.89302975742097]]],[[[-49.12275879531254,-26.892822831817686],[-49.122931763943235,-26.892565946016138],[-49.12294245173237,-26.89250016850199],[-49.122829802099915,-26.892650671883942],[-49.12275879531254,-26.892822831817686]]],[[[-49.08299860454469,-26.892364866158545],[-49.08265813166293,-26.89235151554634],[-49.081964276128815,-26.89294837144828],[-49.08177506656748,-26.893306183134907],[-49.08196357797853,-26.893512543717513],[-49.082156204917595,-26.893553885252565],[-49.08287564985132,-26.893065371876773],[-49.083228584906145,-26.892577021323135],[-49.083818113410004,-26.89214204473266],[-49.08351205876408,-26.891964306465855],[-49.08299860454469,-26.892364866158545]]],[[[-49.05924709549043,-26.89136059037055],[-49.058085693263585,-26.89181247032481],[-49.05841402796485,-26.89202872259235],[-49.058895354741864,-26.89183984445883],[-49.05944322408612,-26.891900789003078],[-49.059656555175174,-26.89151770046616],[-49.05924709549043,-26.89136059037055]]],[[[-49.062539922079296,-26.89174912395882],[-49.06083358282068,-26.892176649282607],[-49.05998073949007,-26.891625584834152],[-49.05974927721698,-26.89163150586648],[-49.059667126795176,-26.89193497784963],[-49.06003273886801,-26.892303039077397],[-49.059752661274544,-26.892809889918173],[-49.06008918341438,-26.89337104720818],[-49.0603660179424,-26.893430331543488],[-49.06054659528496,-26.893004935734933],[-49.06155902553665,-26.892492644354036],[-49.062634247953504,-26.89223093625414],[-49.06317102038217,-26.891586184332024],[-49.063161140683164,-26.89134953680875],[-49.06287459861222,-26.89136293310414],[-49.062539922079296,-26.89174912395882]]],[[[-49.151468044853345,-26.892405082823206],[-49.15136438522816,-26.892640775495135],[-49.151361946287444,-26.89274139781513],[-49.15146787181071,-26.89251524628241],[-49.15170360059354,-26.892499060046926],[-49.151468044853345,-26.892405082823206]]],[[[-49.08609849911627,-26.89131046660464],[-49.085523853978465,-26.891416469380978],[-49.08560232387665,-26.89181176995962],[-49.08519784708929,-26.892302601940155],[-49.08547602786057,-26.892429253343686],[-49.085815512665754,-26.89220970735627],[-49.08609592598366,-26.891607510567972],[-49.086218407572005,-26.891608237928683],[-49.086188955366595,-26.89173437503333],[-49.086323055563525,-26.891625330986425],[-49.08634365867151,-26.891485350617888],[-49.08609849911627,-26.89131046660464]],[[-49.08590114029042,-26.891498435345092],[-49.08578866173561,-26.891522503786405],[-49.085896247718345,-26.891480148251304],[-49.08590114029042,-26.891498435345092]],[[-49.085692388116776,-26.891609460655065],[-49.08564015640488,-26.89165857418005],[-49.085687270915614,-26.891603350985832],[-49.085692388116776,-26.891609460655065]],[[-49.08587619778852,-26.891866708246038],[-49.08574201708638,-26.89191626105327],[-49.08579868657049,-26.891734285954133],[-49.08587619778852,-26.891866708246038]]],[[[-49.1174763423597,-26.89091421527631],[-49.11767623394013,-26.890875247573792],[-49.11745934281586,-26.890880495485014],[-49.1174763423597,-26.89091421527631]]],[[[-49.08655721629023,-26.890466370582384],[-49.0863985355156,-26.89058937275806],[-49.08669840770578,-26.890877578722133],[-49.08720172641494,-26.89048494550594],[-49.08655721629023,-26.890466370582384]]],[[[-49.117166589716504,-26.890800555868804],[-49.11723536872321,-26.89087964496701],[-49.117250399722465,-26.890784506191384],[-49.117166589716504,-26.890800555868804]]],[[[-49.089114922271705,-26.889846923997858],[-49.08957980166698,-26.890055267591503],[-49.089532322503985,-26.8902693630095],[-49.089663671900325,-26.89036843479996],[-49.08976268252979,-26.89004159738564],[-49.089114922271705,-26.889846923997858]]],[[[-49.11384523298676,-26.88989451381106],[-49.11393704340965,-26.889942905459154],[-49.113842709419345,-26.889870827805577],[-49.11384523298676,-26.88989451381106]]],[[[-49.08812254745524,-26.889381376008867],[-49.08784561635727,-26.889698057909484],[-49.08826111211586,-26.8896185972288],[-49.08860353751853,-26.88987450668663],[-49.088860484072335,-26.889739751502873],[-49.08812254745524,-26.889381376008867]]],[[[-49.11413013060511,-26.890044650584635],[-49.114423425960624,-26.889747305097874],[-49.114447630332954,-26.889605978158567],[-49.11411395542243,-26.889784494856155],[-49.11402462925172,-26.889981622478096],[-49.11413013060511,-26.890044650584635]]],[[[-49.0876326384425,-26.889245547827542],[-49.08770379206396,-26.88926107871925],[-49.087642225079726,-26.88921519682801],[-49.0876326384425,-26.889245547827542]]],[[[-49.11363056147693,-26.889766058394876],[-49.11371618963612,-26.889668298416126],[-49.11351895366117,-26.889436079510737],[-49.11363056147693,-26.889766058394876]]],[[[-49.070102909009805,-26.888916874556298],[-49.07028974899248,-26.888850333310558],[-49.0700978224903,-26.88884587166316],[-49.070102909009805,-26.888916874556298]]],[[[-49.11339950091049,-26.88936279537995],[-49.11349031091086,-26.88939075164361],[-49.11342859733099,-26.889337433075845],[-49.11339950091049,-26.88936279537995]]],[[[-49.07163095160817,-26.889164988331082],[-49.07191923581548,-26.888927089675416],[-49.07187827757993,-26.888629405307732],[-49.07187110026939,-26.88883334371166],[-49.07151577730808,-26.88890692513214],[-49.07163095160817,-26.889164988331082]]],[[[-49.1374973240942,-26.889519437068042],[-49.13762742473847,-26.889568380653852],[-49.137647460507836,-26.889470643102346],[-49.1374973240942,-26.889519437068042]]],[[[-49.137355396096865,-26.889503353139578],[-49.13742240581604,-26.88951710816533],[-49.13747491749184,-26.889402558570186],[-49.137355396096865,-26.889503353139578]]],[[[-49.13757656574295,-26.8893448482912],[-49.1375177053937,-26.889422616277106],[-49.13761503714468,-26.88937066615675],[-49.13757656574295,-26.8893448482912]]],[[[-49.137468401015674,-26.88925407662786],[-49.13741389533976,-26.88930341069568],[-49.13745063301455,-26.889327853129856],[-49.137468401015674,-26.88925407662786]]],[[[-49.154309553184476,-26.889565675418613],[-49.15422595870597,-26.8894101723145],[-49.15402398984389,-26.889418567589427],[-49.15406835234793,-26.8894738029503],[-49.154309553184476,-26.889565675418613]]],[[[-49.15440928369476,-26.889386854441174],[-49.15466267771467,-26.88971207914277],[-49.154988986140694,-26.889611608414445],[-49.15440928369476,-26.889386854441174]]],[[[-49.12926662618097,-26.88919067670827],[-49.129369159752336,-26.889071973884015],[-49.12923496955807,-26.888757792453156],[-49.12926662618097,-26.88919067670827]]],[[[-49.140206862568476,-26.888791423177327],[-49.140248864019085,-26.888824717640748],[-49.14027318911497,-26.888800643541064],[-49.140206862568476,-26.888791423177327]]],[[[-49.06589121481,-26.887769351723847],[-49.06595616245262,-26.887781827752562],[-49.06593289693721,-26.88775511569044],[-49.06589121481,-26.887769351723847]]],[[[-49.067702800449204,-26.887599195323826],[-49.06724547702941,-26.888052420968755],[-49.067515170768026,-26.88835818014458],[-49.06712797361436,-26.888391662667946],[-49.06706491593802,-26.8891157649282],[-49.0672592978011,-26.889438617647706],[-49.06766954668413,-26.88966803645332],[-49.067337429426644,-26.889866753242952],[-49.06729784009244,-26.89019279066822],[-49.066995588685664,-26.890052186581304],[-49.06675310320551,-26.890138306469677],[-49.06644632869796,-26.889928495949015],[-49.06625235826128,-26.89018780124274],[-49.066546863040124,-26.890981791541705],[-49.066881969736045,-26.891229342786037],[-49.06680862714103,-26.89163470163988],[-49.06606070847848,-26.89190605697102],[-49.06550455663302,-26.891797179786774],[-49.065412849847476,-26.89219568106861],[-49.0655878460869,-26.89233032567368],[-49.06571722284401,-26.892155498954416],[-49.06615776452247,-26.892044121372958],[-49.06697361457219,-26.892018534762524],[-49.067047725855055,-26.892125153367164],[-49.06688371913359,-26.892225273234562],[-49.067086248741965,-26.89230424912813],[-49.06709882617828,-26.892785572884637],[-49.06678641152242,-26.89279716637151],[-49.06669325883827,-26.89298353038915],[-49.066811980361564,-26.893090606643508],[-49.066903095461875,-26.89286969502694],[-49.06706950520336,-26.892873768702838],[-49.06723879687797,-26.89390731730451],[-49.06736372349509,-26.89359018270261],[-49.06753389505986,-26.893630579902293],[-49.06758934645676,-26.894083406517606],[-49.068076346818295,-26.89444295134883],[-49.0682480581618,-26.894146694769393],[-49.06852398459063,-26.894174054882427],[-49.068624801030154,-26.894439185064936],[-49.06903378530876,-26.894603564345026],[-49.06932616078368,-26.895106586818745],[-49.069562084176205,-26.894728306872256],[-49.07002281875091,-26.894727337132743],[-49.07002560491548,-26.895049213015454],[-49.07029513499924,-26.8952900454029],[-49.07054181546835,-26.89496492570616],[-49.07050359590911,-26.894208162706995],[-49.069887564397916,-26.894160423672407],[-49.06977619513883,-26.89426181790026],[-49.06938052812498,-26.893937989712096],[-49.06931311391425,-26.893564805954735],[-49.06919278034166,-26.89369313946055],[-49.068876800407295,-26.893643009305563],[-49.06880094099061,-26.893972733626203],[-49.06824380926405,-26.89361719391597],[-49.06841460341421,-26.893504183313045],[-49.06876184540929,-26.89358335930479],[-49.06895167261517,-26.893222326852143],[-49.069248661414335,-26.8932835670217],[-49.06944935843961,-26.89285977971355],[-49.070403085418434,-26.892693362856566],[-49.07039203364298,-26.891929920739194],[-49.06974877407652,-26.89186615977061],[-49.069715718332226,-26.892047416323404],[-49.06950739655015,-26.89209594939874],[-49.0692286079503,-26.89194104240395],[-49.069084621102135,-26.892125740686797],[-49.06884226309199,-26.892014469547448],[-49.068309326290496,-26.892247966199577],[-49.06813928220092,-26.892186458539058],[-49.06808029191873,-26.891769345177117],[-49.06829186296103,-26.891475159958272],[-49.068167524893525,-26.891375627837444],[-49.068240396904095,-26.891004518153554],[-49.06880052486078,-26.891014757432668],[-49.06889630493771,-26.890885981208605],[-49.06937409006756,-26.890826212993414],[-49.069548559913166,-26.89062650754945],[-49.06970717636249,-26.89069667956005],[-49.06958094507069,-26.890869147329276],[-49.06994137749201,-26.89071434755544],[-49.07002869198238,-26.89096463434236],[-49.07021726030953,-26.890537620415394],[-49.06993025656882,-26.89024721981896],[-49.06989112233339,-26.889894278858826],[-49.06920498544185,-26.88956571090172],[-49.06912330768661,-26.88918303391488],[-49.06847881517663,-26.889095892540055],[-49.06795356438519,-26.888804840094224],[-49.067820906889516,-26.888369257866955],[-49.068050017256546,-26.88779427707251],[-49.067702800449204,-26.887599195323826]],[[-49.06959041785265,-26.890379784412435],[-49.069537015469926,-26.890370596321556],[-49.06957203395522,-26.890326421932876],[-49.06959041785265,-26.890379784412435]],[[-49.06751657496392,-26.892616801968423],[-49.06749172338162,-26.892748084719315],[-49.06730901408428,-26.892746157800506],[-49.067445576101335,-26.89260222392301],[-49.067351435115434,-26.89251385743216],[-49.06751657496392,-26.892616801968423]],[[-49.06777985607442,-26.893739199551213],[-49.06768617265207,-26.89375669679338],[-49.06777336141389,-26.89370066238521],[-49.06777985607442,-26.893739199551213]]],[[[-49.123636849177394,-26.88817112022314],[-49.12371831283306,-26.888178785644037],[-49.123647644662405,-26.88814792456128],[-49.123636849177394,-26.88817112022314]]],[[[-49.116186570399634,-26.892909266846424],[-49.11630104084415,-26.892434826028733],[-49.11665605566195,-26.892693273149487],[-49.11626562490868,-26.892200664714277],[-49.11639363688115,-26.89167091496596],[-49.11630012018337,-26.89120046973249],[-49.11640709898268,-26.890923397093523],[-49.11678285586367,-26.890907833709615],[-49.11692148616244,-26.890623397891623],[-49.116498659866835,-26.890263378486715],[-49.116581645841215,-26.890000578833885],[-49.11634035581949,-26.889795593261283],[-49.115495226079815,-26.88952477259184],[-49.115822053525534,-26.889191913512768],[-49.11511853295309,-26.889382847415416],[-49.11474497423122,-26.889253826635258],[-49.11469428725623,-26.88875909277703],[-49.11506887372163,-26.8883077488165],[-49.11487985720669,-26.88797207392691],[-49.11458957048703,-26.88788834078043],[-49.11430137970621,-26.888080041085704],[-49.114057086524454,-26.888836135420345],[-49.11431500815502,-26.889095888981487],[-49.1144726570588,-26.889048709593006],[-49.114616640056475,-26.889497894307915],[-49.115624275384796,-26.88989096491244],[-49.11570391649524,-26.89009410089044],[-49.11597886513827,-26.890201346607032],[-49.11588000531374,-26.89113270902564],[-49.116085503528566,-26.89120850818035],[-49.11616222976167,-26.891667818899297],[-49.116072395465224,-26.89205291207562],[-49.11565386484899,-26.89217559956899],[-49.115710246276535,-26.89231689976832],[-49.11612889539657,-26.892333258613995],[-49.116186570399634,-26.892909266846424]]],[[[-49.13247086590304,-26.888676058805398],[-49.13262524470282,-26.88863611983838],[-49.13257625286441,-26.887971041276018],[-49.132703197772265,-26.88769818170302],[-49.132312721113024,-26.88801005243109],[-49.13247086590304,-26.888676058805398]]],[[[-49.13900551122071,-26.887769912356905],[-49.138772174339735,-26.88785479940774],[-49.13874775370426,-26.887934672595534],[-49.13915363550739,-26.88795094973845],[-49.13912913115532,-26.887783592672207],[-49.13900551122071,-26.887769912356905]],[[-49.13907636284894,-26.88781188679949],[-49.139032983126235,-26.887875254618997],[-49.13898335070483,-26.88781505124119],[-49.13907636284894,-26.88781188679949]]],[[[-49.118901548255344,-26.887794662667616],[-49.11906506405022,-26.88761371956231],[-49.11892671321189,-26.887366966560876],[-49.11884189940021,-26.887707578423775],[-49.118901548255344,-26.887794662667616]]],[[[-49.0938464800144,-26.887209262348794],[-49.094190978511804,-26.8875273130084],[-49.09464692154873,-26.887185008137582],[-49.09427807085364,-26.887207618683],[-49.0939993678402,-26.886886767228283],[-49.0938464800144,-26.887209262348794]]],[[[-49.12401748228346,-26.887233029124562],[-49.12406268301693,-26.887274778465176],[-49.12406327416415,-26.88723616005967],[-49.12401748228346,-26.887233029124562]]],[[[-49.117901161171034,-26.88736252654436],[-49.11752220522201,-26.887352245415663],[-49.11783002640594,-26.88758269771544],[-49.11824538855023,-26.88759259172131],[-49.11841485561948,-26.887431752009007],[-49.11821963831394,-26.887344058596415],[-49.118194922553485,-26.887080637780674],[-49.117901161171034,-26.88736252654436]]],[[[-49.114315473197266,-26.886882719672744],[-49.114015486117914,-26.88752790422398],[-49.1141518232185,-26.887673001739106],[-49.11454529321955,-26.887241015914036],[-49.114463701131,-26.88688544920115],[-49.114315473197266,-26.886882719672744]]],[[[-49.08387204926581,-26.886304685732213],[-49.08391105248676,-26.886340472477805],[-49.083880315830164,-26.886299322095045],[-49.08387204926581,-26.886304685732213]]],[[[-49.13415551518274,-26.88736788688064],[-49.134157790658676,-26.887543814326154],[-49.134679310342015,-26.887435178276693],[-49.13465559912036,-26.887627217983564],[-49.13489221157747,-26.887362870143487],[-49.133419875379545,-26.88679533852806],[-49.13415551518274,-26.88736788688064]]],[[[-49.112659952881,-26.886329501774046],[-49.11174852515252,-26.88706762513436],[-49.1114713957788,-26.88686947351015],[-49.11124105325309,-26.88704659281638],[-49.11098709426952,-26.886833159461563],[-49.11098585328574,-26.887087908248297],[-49.110528240882076,-26.88752647964027],[-49.11000519054841,-26.887684571153144],[-49.10973285381786,-26.887483921933434],[-49.10946406297035,-26.88758131549167],[-49.10929120616308,-26.88811302640633],[-49.11023185702916,-26.887683548038957],[-49.11180837590113,-26.887555570339135],[-49.11210302578287,-26.887707649601705],[-49.11222841151722,-26.887498055548807],[-49.111955584316775,-26.88724179292232],[-49.11220130648092,-26.88709630014821],[-49.112472562742106,-26.887145616842943],[-49.1127749465808,-26.887481965044035],[-49.113225025705226,-26.88752665722769],[-49.113188435674275,-26.88725328500553],[-49.11258370549741,-26.88678819856609],[-49.11310535859957,-26.88697239168197],[-49.113260404654625,-26.886838284521023],[-49.11324476979768,-26.886546563293972],[-49.112880345077556,-26.88674920101711],[-49.11273633524573,-26.886594602218356],[-49.11283831475631,-26.886455534394074],[-49.112659952881,-26.886329501774046]],[[-49.11245794528368,-26.886935438582206],[-49.1122976823191,-26.886972536515433],[-49.11227249151744,-26.88692653981226],[-49.11245794528368,-26.886935438582206]],[[-49.111042467214176,-26.88727710218339],[-49.110967875892996,-26.88725201248108],[-49.11103807135642,-26.887245439873762],[-49.111042467214176,-26.88727710218339]],[[-49.1107205564086,-26.887525753518222],[-49.11073220727353,-26.887608631444255],[-49.11067139376339,-26.887582906646966],[-49.1107205564086,-26.887525753518222]]],[[[-49.13878752286709,-26.886209186407296],[-49.138822846586784,-26.88609076468725],[-49.138794284129126,-26.886038313097764],[-49.13877519721463,-26.88611422683863],[-49.13878752286709,-26.886209186407296]]],[[[-49.0842981799101,-26.885277553394502],[-49.08437229646764,-26.885345041783324],[-49.08442606735926,-26.885322845379175],[-49.0842981799101,-26.885277553394502]]],[[[-49.13866698720327,-26.88602595020926],[-49.138717927806326,-26.886134910935553],[-49.13869473022513,-26.88598291757608],[-49.13866698720327,-26.88602595020926]]],[[[-49.08737957616496,-26.88507453129647],[-49.087413699447296,-26.885127429549065],[-49.08743179349071,-26.885084494325362],[-49.08737957616496,-26.88507453129647]]],[[[-49.14748334894105,-26.885630752155],[-49.147392620207036,-26.8856615093364],[-49.14749656142296,-26.88565728247878],[-49.14748334894105,-26.885630752155]]],[[[-49.11205115185559,-26.88479276625826],[-49.11199382920133,-26.88481338082901],[-49.112091682935635,-26.884812842891527],[-49.11205115185559,-26.88479276625826]]],[[[-49.08820664239143,-26.884313252312072],[-49.088329629425324,-26.884319064294573],[-49.08823386322814,-26.884256082055337],[-49.08820664239143,-26.884313252312072]]],[[[-49.147102241807616,-26.885185945294623],[-49.14713633981541,-26.886372494645393],[-49.147685649049905,-26.88681938469374],[-49.14774098194473,-26.886548635105328],[-49.1474568169566,-26.88623647086398],[-49.14759484719543,-26.88617938805959],[-49.14749860691289,-26.88607598478825],[-49.1477259394317,-26.88616713963873],[-49.147856009573225,-26.88603914146913],[-49.14788500711145,-26.885659060830882],[-49.147640368966414,-26.885569563647483],[-49.14772423141819,-26.88576719270629],[-49.14729972124456,-26.885658143995983],[-49.1474550982194,-26.88547942333884],[-49.14750997131667,-26.88559973509506],[-49.147589504099436,-26.88550164921658],[-49.14786524063491,-26.885527553646597],[-49.14736461738354,-26.88486008788112],[-49.147102241807616,-26.885185945294623]]],[[[-49.0729195429449,-26.88371189699708],[-49.07304430988428,-26.88374312013998],[-49.07308305863818,-26.88371441420928],[-49.0729195429449,-26.88371189699708]]],[[[-49.14921296293913,-26.884355661427502],[-49.14945804033699,-26.88436766787207],[-49.14968137738152,-26.88460526809416],[-49.14961273629345,-26.884360560071965],[-49.14921296293913,-26.884355661427502]]],[[[-49.0977034530569,-26.883671681921125],[-49.09788437221053,-26.884355106392974],[-49.098291054246815,-26.88454290239709],[-49.0984596027296,-26.884961403937893],[-49.098914198288725,-26.885376187085264],[-49.09936834002772,-26.885325749529184],[-49.099085011606014,-26.88419036292332],[-49.09865732599247,-26.883600128703105],[-49.098472584926895,-26.883706068094696],[-49.09829103080326,-26.88350019774252],[-49.0977034530569,-26.883671681921125]]],[[[-49.07210632907118,-26.88319862819006],[-49.072187976141684,-26.883112848135216],[-49.072223431761124,-26.88299449584543],[-49.07215017226365,-26.883005736821595],[-49.07210632907118,-26.88319862819006]]],[[[-49.07236929608578,-26.882985933570374],[-49.07256223097607,-26.883477279565685],[-49.07303478093695,-26.88364458423442],[-49.07311419265424,-26.88324941036114],[-49.07297130472474,-26.883372276680635],[-49.072547073881466,-26.882901955587883],[-49.07236929608578,-26.882985933570374]],[[-49.07278570436726,-26.883217620524455],[-49.072699535554776,-26.88323536514612],[-49.0726858959937,-26.883176954490846],[-49.07278570436726,-26.883217620524455]]],[[[-49.06509538692377,-26.88281432361329],[-49.06514666175222,-26.882836830940104],[-49.06512924875643,-26.88278914065447],[-49.06509538692377,-26.88281432361329]]],[[[-49.146316065073115,-26.883725077648446],[-49.14645758609869,-26.883432252636606],[-49.14606052283721,-26.88342734064801],[-49.146026945460534,-26.88349304792445],[-49.146316065073115,-26.883725077648446]]],[[[-49.07118235342296,-26.882053770808728],[-49.071281726594044,-26.882074939875285],[-49.07126760857049,-26.882026680263127],[-49.07118235342296,-26.882053770808728]]],[[[-49.1011311742637,-26.88342440608582],[-49.10124898573955,-26.882794211327415],[-49.1017894603797,-26.882479129585036],[-49.10131418188937,-26.88238650143868],[-49.101032375147085,-26.88251928999853],[-49.10090838169823,-26.883297978393024],[-49.1011311742637,-26.88342440608582]]],[[[-49.14110149167953,-26.882919824460508],[-49.14118964915548,-26.882935329255915],[-49.141100598170645,-26.88290563374747],[-49.14110149167953,-26.882919824460508]]],[[[-49.08920830007418,-26.88215952581877],[-49.089396929861145,-26.882195924745886],[-49.08925835763297,-26.882079295290605],[-49.08920830007418,-26.88215952581877]]],[[[-49.14123234778605,-26.88282028303151],[-49.1410800797318,-26.882701245265007],[-49.14095785646883,-26.882712396648103],[-49.1410177379548,-26.882758632875408],[-49.14123234778605,-26.88282028303151]]],[[[-49.09167283290579,-26.882008878801727],[-49.09176330387151,-26.882048951277145],[-49.09177150432701,-26.881979587411518],[-49.09167283290579,-26.882008878801727]]],[[[-49.14033644454049,-26.88168544129077],[-49.14040480840397,-26.8816995320513],[-49.14038648131917,-26.881649766438237],[-49.14033644454049,-26.88168544129077]]],[[[-49.13954378524421,-26.881485559772322],[-49.13965714604729,-26.881550283229554],[-49.13959540597309,-26.881380498956954],[-49.13954378524421,-26.881485559772322]]],[[[-49.13945250631156,-26.88152479567509],[-49.13947151533556,-26.88136104260473],[-49.139305578074314,-26.881353041318803],[-49.13941440346827,-26.881395538336815],[-49.13945250631156,-26.88152479567509]]],[[[-49.13979679297958,-26.88137171794071],[-49.13986805392619,-26.881288382742817],[-49.139703181518605,-26.881360724407692],[-49.13979679297958,-26.88137171794071]]],[[[-49.13818761969505,-26.881318042077787],[-49.138314738247544,-26.88132286744467],[-49.138236481021835,-26.88126495444794],[-49.13818761969505,-26.881318042077787]]],[[[-49.08670385193273,-26.880543648809397],[-49.086610644365564,-26.88066408281719],[-49.0867351470764,-26.880660867815443],[-49.08670385193273,-26.880543648809397]]],[[[-49.085409297597856,-26.880297957253678],[-49.0855369609694,-26.880283908722305],[-49.08548948679825,-26.880212355811448],[-49.085409297597856,-26.880297957253678]]],[[[-49.08525705553377,-26.880247661608518],[-49.08534496719585,-26.88028088709934],[-49.08523932450195,-26.880191343848306],[-49.08525705553377,-26.880247661608518]]],[[[-49.06403364907089,-26.87986227342991],[-49.06419996371482,-26.87982030311898],[-49.064223329886225,-26.879797166364447],[-49.064124650458574,-26.87978754228077],[-49.06403364907089,-26.87986227342991]]],[[[-49.080590330870564,-26.879697177201184],[-49.08050427441512,-26.87968424719222],[-49.08051633632755,-26.879771457448257],[-49.080590330870564,-26.879697177201184]]],[[[-49.112010809800275,-26.879818179011636],[-49.112067986520856,-26.879812232316613],[-49.11206372337433,-26.879743822347578],[-49.112010809800275,-26.879818179011636]]],[[[-49.070580968994115,-26.879040761453933],[-49.070855162800335,-26.878997631320324],[-49.07055183370771,-26.87893365506399],[-49.07050778648211,-26.878521298679857],[-49.070426956258544,-26.878802501086284],[-49.070580968994115,-26.879040761453933]]],[[[-49.13996504757753,-26.879448596251276],[-49.14010146900729,-26.879456271314087],[-49.14010378302682,-26.879356439651232],[-49.13996504757753,-26.879448596251276]]],[[[-49.13947530473706,-26.879082270716374],[-49.13949872678914,-26.879147891868993],[-49.13956072349147,-26.879063338939492],[-49.13947530473706,-26.879082270716374]]],[[[-49.14043627008457,-26.878977290845555],[-49.140470283660036,-26.878941868972426],[-49.140372538426035,-26.878969835667185],[-49.14043627008457,-26.878977290845555]]],[[[-49.0932015876666,-26.87809313977526],[-49.093282929815636,-26.87808173881767],[-49.09321328812617,-26.87805442520281],[-49.0932015876666,-26.87809313977526]]],[[[-49.11246241506422,-26.877047758084867],[-49.11258576344669,-26.877035279021133],[-49.11245647136552,-26.87702905624027],[-49.11246241506422,-26.877047758084867]]],[[[-49.140222725578845,-26.877434863058024],[-49.140471126655555,-26.877351108762124],[-49.14040128240467,-26.877142999047667],[-49.140152282939276,-26.877151194620236],[-49.140222725578845,-26.877434863058024]]],[[[-49.099354248457985,-26.876245230863812],[-49.09939852109935,-26.876350328917447],[-49.0994286505954,-26.876359168759002],[-49.09947797936804,-26.876256636608765],[-49.099354248457985,-26.876245230863812]]],[[[-49.140325766286885,-26.876634456145872],[-49.14039168420923,-26.876660306207487],[-49.14034473932471,-26.876576255479584],[-49.140325766286885,-26.876634456145872]]],[[[-49.14036435024183,-26.87652522461776],[-49.140449911583154,-26.876536883686633],[-49.140322039523454,-26.876489657921297],[-49.14036435024183,-26.87652522461776]]],[[[-49.180777252667504,-26.876607755218256],[-49.18033820231813,-26.87683918015134],[-49.18004339459668,-26.876750579565122],[-49.17930366263375,-26.876972305930266],[-49.17890090869924,-26.877198953917286],[-49.17883266464033,-26.877424998687353],[-49.18042910985434,-26.87727966792698],[-49.1816602240191,-26.87735934683922],[-49.182410649547286,-26.877905395259077],[-49.18347822612198,-26.87940423016084],[-49.18419415095827,-26.87963333526651],[-49.18472509764537,-26.879495522955263],[-49.184328839915295,-26.879502497231233],[-49.18384353366422,-26.87922302328176],[-49.183894092922635,-26.8789719841893],[-49.18324460772506,-26.878180690492247],[-49.181952335714946,-26.876930631287586],[-49.181160959811244,-26.8766010633953],[-49.180777252667504,-26.876607755218256]]],[[[-49.143101116925436,-26.876034190882862],[-49.14321792065464,-26.8760237432161],[-49.14315565737234,-26.875949009960436],[-49.143101116925436,-26.876034190882862]]],[[[-49.142910546697166,-26.87597150463356],[-49.143016272204704,-26.875961902244487],[-49.1429335008752,-26.875919995793645],[-49.142910546697166,-26.87597150463356]]],[[[-49.10102426631532,-26.875232124600714],[-49.10105941700921,-26.87524751985218],[-49.101030893041305,-26.875178407034035],[-49.10102426631532,-26.875232124600714]]],[[[-49.14262399375468,-26.875775597720327],[-49.14280976670103,-26.875838159549936],[-49.142882926915306,-26.875916550642124],[-49.14289123328815,-26.875786771548693],[-49.14262399375468,-26.875775597720327]]],[[[-49.067794798483135,-26.874167972060174],[-49.06739570908561,-26.874834715370756],[-49.067508893529684,-26.875065694361954],[-49.06787936587227,-26.874836438324007],[-49.06812098825428,-26.874847769326475],[-49.068279181280516,-26.874653765842396],[-49.068173718450716,-26.87445919713784],[-49.06800721405588,-26.87450290486469],[-49.068300439597394,-26.874256348616353],[-49.067672455866116,-26.874542686304242],[-49.067794798483135,-26.874167972060174]]],[[[-49.10099928689708,-26.874500801947352],[-49.10106154572245,-26.874700471994764],[-49.10128620317487,-26.87466139694878],[-49.10099928689708,-26.874500801947352]]],[[[-49.10282058371822,-26.87429450902012],[-49.10306625787365,-26.87425751531373],[-49.10280163102551,-26.87421255395525],[-49.10282058371822,-26.87429450902012]]],[[[-49.1366961502476,-26.874545705553587],[-49.13680867503223,-26.87458852358436],[-49.13667643703814,-26.874511933083195],[-49.1366961502476,-26.874545705553587]]],[[[-49.09341801911556,-26.873917580827747],[-49.093473880150306,-26.873955434225234],[-49.09348316591594,-26.873947216403092],[-49.09341801911556,-26.873917580827747]]],[[[-49.1028391201114,-26.87401927598522],[-49.10293939625938,-26.87398250689691],[-49.10294346685473,-26.87396895673118],[-49.1028391201114,-26.87401927598522]]],[[[-49.067794798483135,-26.874167972060174],[-49.068021803417366,-26.87398870221458],[-49.0690869497765,-26.87342528758059],[-49.06805720175803,-26.87387490822882],[-49.067794798483135,-26.874167972060174]]],[[[-49.10491059678481,-26.874209535136778],[-49.10543947058488,-26.874467362600726],[-49.10567062167627,-26.874322821601186],[-49.10530189319062,-26.87374631187068],[-49.10504036712718,-26.873670053241717],[-49.104810615214134,-26.87378663793484],[-49.10491059678481,-26.874209535136778]],[[-49.10565290009978,-26.874295710314843],[-49.10557554305355,-26.874292634147334],[-49.1056057912367,-26.874258274708748],[-49.10565290009978,-26.874295710314843]]],[[[-49.144269297660784,-26.874225636345855],[-49.14463333416532,-26.874334019973492],[-49.14423571746792,-26.87417919839751],[-49.144269297660784,-26.874225636345855]]],[[[-49.063927490911446,-26.873181334797422],[-49.06395288395545,-26.87307772178494],[-49.063908524703095,-26.8730287058256],[-49.06387193745617,-26.873061496627574],[-49.063927490911446,-26.873181334797422]]],[[[-49.10427411532472,-26.87357309803073],[-49.10440514889121,-26.87348097039969],[-49.10420953463972,-26.87342608047762],[-49.104188035830525,-26.873472636612775],[-49.10427411532472,-26.87357309803073]]],[[[-49.06174955668333,-26.87277363679133],[-49.061103613314344,-26.87294324660587],[-49.06092043753942,-26.873198418120424],[-49.061158884438534,-26.872964072569946],[-49.06174955668333,-26.87277363679133]]],[[[-49.08213927854817,-26.872932734228364],[-49.08181798647333,-26.873015153706096],[-49.0818900258025,-26.873173375437204],[-49.08253297608621,-26.873815955129377],[-49.08199378081819,-26.874570066759055],[-49.08150569056707,-26.874829751084334],[-49.08173029733227,-26.875193362341694],[-49.081415092056794,-26.875100710061677],[-49.08126105870575,-26.87485162444988],[-49.0802893675095,-26.874956519714686],[-49.07989037640427,-26.875859791883286],[-49.08004547190573,-26.87604697130887],[-49.08133242256484,-26.87639370539837],[-49.081449284365796,-26.87606569269221],[-49.081855517071006,-26.87583823199755],[-49.082432581938136,-26.875202513500405],[-49.08301299014249,-26.87494985478172],[-49.08327258197581,-26.87498025145866],[-49.084362348459514,-26.875810485013442],[-49.08450175251858,-26.87576139867198],[-49.084684221593044,-26.87667546179265],[-49.08487200192794,-26.87689378552386],[-49.08528639945164,-26.87720551448912],[-49.08564571033701,-26.877091076403488],[-49.085516814971,-26.87679754088513],[-49.08493553953373,-26.87630674446352],[-49.085003433702,-26.87618210495263],[-49.085305641412454,-26.876266365209776],[-49.08492599767893,-26.87574106674232],[-49.084773124417765,-26.875752885962104],[-49.08480829315419,-26.875551611984843],[-49.08413371562613,-26.87494839169627],[-49.08362633163538,-26.874230591707075],[-49.08375553318489,-26.873861058512606],[-49.08322024223545,-26.873578772392875],[-49.08296494410906,-26.873610807806305],[-49.08213927854817,-26.872932734228364]],[[-49.08242965451288,-26.874442376406904],[-49.082302749399155,-26.874431047536394],[-49.08240220696597,-26.874353063235084],[-49.08242965451288,-26.874442376406904]]],[[[-49.143104811930876,-26.873696391447677],[-49.14284619450412,-26.874104247397074],[-49.14267285503747,-26.874102167945416],[-49.14291509514154,-26.874322879456532],[-49.14367678569845,-26.874063061740056],[-49.143474186229646,-26.87382045895939],[-49.14327038703918,-26.87393740886944],[-49.143104811930876,-26.873696391447677]]],[[[-49.061922008447404,-26.87260859196535],[-49.06199168876715,-26.87266805751988],[-49.0620495391382,-26.87260588575713],[-49.061922008447404,-26.87260859196535]]],[[[-49.06931092420537,-26.873378207136817],[-49.06965186809564,-26.873366560363014],[-49.070585718149715,-26.872677932859247],[-49.06931092420537,-26.873378207136817]]],[[[-49.099429473713926,-26.873057768004305],[-49.09955162695259,-26.87313439251166],[-49.0995710192378,-26.87311936049363],[-49.099429473713926,-26.873057768004305]]],[[[-49.14406246973693,-26.87360288578918],[-49.14423522703006,-26.873741667549538],[-49.14437582722076,-26.87370835090031],[-49.14406246973693,-26.87360288578918]]],[[[-49.092594942261805,-26.872827866678545],[-49.09314217920623,-26.87325006416632],[-49.09333339083017,-26.873581234348265],[-49.09327356029908,-26.872986197041982],[-49.0929078393348,-26.873025754965415],[-49.092594942261805,-26.872827866678545]]],[[[-49.100607691517496,-26.87294557791026],[-49.10073829148541,-26.873012216629405],[-49.100722204804434,-26.872940317611402],[-49.100607691517496,-26.87294557791026]]],[[[-49.14003193281883,-26.873360365569233],[-49.139761768179355,-26.87363307633802],[-49.139854273011956,-26.874066282266377],[-49.14028083019278,-26.87409339702928],[-49.14052995107712,-26.873630045580867],[-49.14034313258623,-26.873371713493583],[-49.14003193281883,-26.873360365569233]]],[[[-49.11566735666437,-26.873207793765705],[-49.1157895193551,-26.873144810033693],[-49.11604006797313,-26.87281010198638],[-49.115696325115614,-26.87309858829408],[-49.11566735666437,-26.873207793765705]]],[[[-49.096482702331244,-26.872284562244218],[-49.09655102938725,-26.87229606995381],[-49.096500029053026,-26.872263664911284],[-49.096482702331244,-26.872284562244218]]],[[[-49.06350443222175,-26.871678029822988],[-49.063625154673765,-26.87173290486734],[-49.06362281653253,-26.87166654510338],[-49.06350443222175,-26.871678029822988]]],[[[-49.107179101060424,-26.872560899060236],[-49.107401970702824,-26.87248890512849],[-49.10738698853818,-26.87218912453576],[-49.10713698882405,-26.872409661501923],[-49.107179101060424,-26.872560899060236]]],[[[-49.06293773362508,-26.870575446382233],[-49.062975582837225,-26.87063671414639],[-49.063043388555755,-26.870608702179933],[-49.06293773362508,-26.870575446382233]]],[[[-49.11642882956089,-26.872562581350852],[-49.116682314498576,-26.872157972699164],[-49.11647881724992,-26.871221658920774],[-49.11661329764717,-26.872163688889945],[-49.11642882956089,-26.872562581350852]]],[[[-49.09657149363077,-26.870928548911],[-49.096320427146125,-26.871006527145795],[-49.09626154265884,-26.871280029828164],[-49.0963053241719,-26.871496610969853],[-49.09665167884375,-26.871622555901777],[-49.09690380358224,-26.871413051061047],[-49.09655635337116,-26.87124927164453],[-49.09657149363077,-26.870928548911]]],[[[-49.06290390332786,-26.870599033870523],[-49.06201585504331,-26.870307938171035],[-49.061882677929184,-26.87045343843086],[-49.06209108846817,-26.870511340846242],[-49.06193386933799,-26.870700544815488],[-49.06229868137272,-26.870694878476858],[-49.0622754757523,-26.870910717888215],[-49.06176759041895,-26.87108193143122],[-49.06240733175667,-26.871073852835433],[-49.06247898080103,-26.87147592778262],[-49.06158809492252,-26.87134300463447],[-49.06275387866481,-26.87186224256943],[-49.062694753026435,-26.872335577550174],[-49.062462190873376,-26.87246585637261],[-49.06263969831057,-26.872704205062394],[-49.063223909530315,-26.872428546707486],[-49.06355421164819,-26.872627780430342],[-49.06349650511321,-26.87282073000653],[-49.06372193802574,-26.872685827816344],[-49.06408005067276,-26.872957229569465],[-49.06414038696995,-26.873155933042984],[-49.06386107718843,-26.873513298116066],[-49.06432957933577,-26.874072916893812],[-49.06450160286364,-26.87466226803719],[-49.06497108060583,-26.875154134329595],[-49.06503889174004,-26.875584009349463],[-49.064904460186646,-26.87588880700531],[-49.06464092945647,-26.876020441224576],[-49.06482296578061,-26.87611142582071],[-49.06459565709642,-26.876372356504053],[-49.06468191077055,-26.87676057047893],[-49.06446292068859,-26.876864911531044],[-49.06466791596131,-26.876956574886353],[-49.06486563836084,-26.877478873001937],[-49.06516980854554,-26.877450220873357],[-49.06559783064759,-26.877940925619637],[-49.06531965096347,-26.878079312683077],[-49.0653208756562,-26.878447205215632],[-49.06555569056158,-26.878455990597054],[-49.065478395101394,-26.878812898141003],[-49.064877454063016,-26.879210047229023],[-49.06519258568599,-26.879233188230252],[-49.06526651665888,-26.87948607081488],[-49.064326730850325,-26.879629224372486],[-49.0654036635278,-26.879597898154444],[-49.06541532872617,-26.87943612911435],[-49.065526756627975,-26.87959008041954],[-49.06626056775391,-26.8796988972169],[-49.066613962188974,-26.87996431308803],[-49.06661529817964,-26.880134707454985],[-49.06687182459246,-26.880156900362323],[-49.06712662039781,-26.88039496093797],[-49.06729920018552,-26.881557839637313],[-49.066879365537496,-26.882230083108574],[-49.066178145759544,-26.8826674702117],[-49.06546375330641,-26.882711690242754],[-49.06515933563829,-26.88249359651128],[-49.06518942672031,-26.882853186978256],[-49.06513877093527,-26.882990011805756],[-49.064727885782546,-26.883445048616757],[-49.06473950151299,-26.88388436468028],[-49.064427339698575,-26.884045737662017],[-49.06431169117993,-26.88436349332643],[-49.064081350746605,-26.884136666336538],[-49.06369874261609,-26.884375018767223],[-49.062952416505325,-26.88446756793792],[-49.06280589773893,-26.884343715066947],[-49.06273457377289,-26.88447026324756],[-49.06244795322678,-26.884037679167783],[-49.06224120050643,-26.884033129459688],[-49.061816770022396,-26.88366963663006],[-49.06193454188901,-26.88343945980217],[-49.06140984033965,-26.882946108174135],[-49.061207041521804,-26.882523949428535],[-49.061236996441544,-26.88156341548038],[-49.0610651427534,-26.881659824187107],[-49.061015296929554,-26.882470170540106],[-49.06080803528194,-26.882607753780597],[-49.06055212690289,-26.88251302617326],[-49.060600299701726,-26.882083114904788],[-49.06039739613623,-26.881781801607254],[-49.05998705352764,-26.88203116399478],[-49.05946451549171,-26.88169343793786],[-49.05920416812603,-26.881812435323674],[-49.05901772654165,-26.881696289263353],[-49.05898506858957,-26.881826838954265],[-49.058812154547276,-26.881722898289354],[-49.05759502674591,-26.881762493268663],[-49.05735488295248,-26.88181409532351],[-49.05711220988039,-26.881978343291024],[-49.05749988368517,-26.881807560400297],[-49.058427438811044,-26.881840676075402],[-49.05850046953548,-26.882053058895885],[-49.05834463708825,-26.882177928336475],[-49.058817455666016,-26.882137581914648],[-49.05894903088396,-26.88245639379166],[-49.05941200726456,-26.882560627845415],[-49.05987878616342,-26.88320031526602],[-49.06040285520781,-26.88324270690316],[-49.06035710101993,-26.883454768459682],[-49.06154249293235,-26.884424198206947],[-49.06175070161636,-26.88475657059164],[-49.06163966982586,-26.885081855991036],[-49.06215654992082,-26.88530591268516],[-49.06212939135033,-26.88562266470828],[-49.06172618292401,-26.88572366038393],[-49.06098319020277,-26.886228336040524],[-49.06094227280287,-26.886473026087454],[-49.060671882980145,-26.886571282383926],[-49.06049296251206,-26.886854483701704],[-49.059080679698596,-26.886983390628988],[-49.05877622448125,-26.88712626708081],[-49.05910186913779,-26.88704685325225],[-49.06003980173904,-26.887172511524458],[-49.06005814366349,-26.887418900216506],[-49.060307027734694,-26.88712610711573],[-49.060950934459996,-26.88702362123132],[-49.06126986439741,-26.886651226666935],[-49.0617570736859,-26.886570029011985],[-49.061319053713746,-26.886512988837698],[-49.06148031338716,-26.88623210078931],[-49.06197552232059,-26.886111482459217],[-49.062719962356866,-26.88617597409225],[-49.0628010976148,-26.887237457075827],[-49.062149791714305,-26.887589741971848],[-49.06185328269777,-26.887400231450236],[-49.061558795743196,-26.888333333099308],[-49.06195467853264,-26.887865885343068],[-49.062555590428566,-26.887695784474133],[-49.06289991537628,-26.887656367507425],[-49.06306033820837,-26.888230358658948],[-49.0632243112838,-26.88788948821812],[-49.06362959199279,-26.887889043802176],[-49.063577257299954,-26.888220830222217],[-49.06333460650243,-26.888414258092638],[-49.06357529254588,-26.888605197181615],[-49.063486428718356,-26.888839894620915],[-49.06372681258142,-26.889100814196052],[-49.06362178409721,-26.889324901902235],[-49.06385380269112,-26.889447627839754],[-49.06393206875751,-26.889895748224678],[-49.06367296770321,-26.89072412081906],[-49.06334307158566,-26.891061367424555],[-49.06344838328034,-26.891201679031457],[-49.0638028533641,-26.891136011894172],[-49.06425658126418,-26.891297089002904],[-49.064409412434614,-26.891232264672798],[-49.06417547305928,-26.89120116511857],[-49.06418487732318,-26.89106816184138],[-49.064581206092235,-26.8909391597841],[-49.0643413115662,-26.890154297245203],[-49.06437555007554,-26.88883375675106],[-49.06422238854813,-26.888578423926525],[-49.06453013281485,-26.88833678302292],[-49.06470656809197,-26.887536600259185],[-49.065375118458725,-26.887411016138948],[-49.06531399071041,-26.886785358559425],[-49.06552309229386,-26.8866302171232],[-49.06567136100186,-26.886903412393817],[-49.06570445383747,-26.886561636924956],[-49.065893084830435,-26.886482449134274],[-49.06600074849426,-26.886188105957913],[-49.06709443150814,-26.885795827190293],[-49.067234955974,-26.885577675088776],[-49.06840351859401,-26.885219895186825],[-49.06857813599992,-26.884988484443827],[-49.069441321680685,-26.884910001776912],[-49.06924896898822,-26.88273048297383],[-49.069395641621774,-26.88244036544296],[-49.069635191838344,-26.882432223028815],[-49.06989813246427,-26.88270073263036],[-49.070920053815854,-26.88274745176559],[-49.071968062420694,-26.883174092413128],[-49.072080508684955,-26.883080274510345],[-49.07065482737553,-26.88227302000328],[-49.0707040835512,-26.882090543876764],[-49.070940968916155,-26.882108653025817],[-49.070619923983124,-26.881897322742656],[-49.07053427070733,-26.88156358122334],[-49.07047380172614,-26.88190866447065],[-49.07031216428588,-26.881912341959524],[-49.07046822111129,-26.8814751482249],[-49.070315373708866,-26.88137123523457],[-49.070378986972564,-26.88118286505873],[-49.06988472928181,-26.881100732234007],[-49.070251648805204,-26.881037739091386],[-49.070393776913946,-26.880863853222827],[-49.07053881121509,-26.881357336133053],[-49.070719393975445,-26.880827622963654],[-49.071108511809506,-26.88055697873156],[-49.0711424386537,-26.880283378140046],[-49.07153190900234,-26.880207732590424],[-49.07115682188701,-26.880185296547566],[-49.07111300909389,-26.879821225290296],[-49.07053900510343,-26.87967744479024],[-49.07044772305628,-26.879435958846326],[-49.07027779440933,-26.879562446494152],[-49.069652691341155,-26.879429832289127],[-49.06938362274238,-26.879724430091947],[-49.06906138036358,-26.879493224697097],[-49.06852020527124,-26.87941421717896],[-49.06882221256756,-26.879144376789984],[-49.06861368963087,-26.87902249067427],[-49.06839222117659,-26.87806762620156],[-49.06819017564344,-26.87798280988324],[-49.068120915540504,-26.877720133453852],[-49.06766776692265,-26.877689173684413],[-49.0674999889725,-26.877268090074086],[-49.06730925420032,-26.877244632843418],[-49.0673976949461,-26.87703595443292],[-49.06669024382396,-26.87712652787918],[-49.06628901066592,-26.876621964257698],[-49.0665779238821,-26.875662491644263],[-49.06702517293953,-26.875335074563285],[-49.06709247872857,-26.874909971241355],[-49.066855052034455,-26.874872905364597],[-49.066529470463934,-26.87531394970126],[-49.06627878581307,-26.87504405115208],[-49.0656843747046,-26.87522621675108],[-49.0652930336821,-26.874991044695502],[-49.0652034230548,-26.874089546882978],[-49.06487355759109,-26.87384130182301],[-49.06441474025862,-26.872851502779103],[-49.06413907443935,-26.872660493080613],[-49.06408108247371,-26.872022253973828],[-49.06311524242111,-26.872050446000696],[-49.06355475745213,-26.872343090684858],[-49.063045032668036,-26.87216259862058],[-49.06276058725059,-26.871598376495754],[-49.06351142055099,-26.871549896082666],[-49.06361913196924,-26.871423861546827],[-49.06339927606241,-26.871407035973025],[-49.063262886039816,-26.8712197896044],[-49.06316286336935,-26.871431394359256],[-49.06259841148826,-26.871384265534832],[-49.062660066240745,-26.871037038807437],[-49.06325502620271,-26.870994585462064],[-49.06348197412394,-26.8711296024182],[-49.0635232182996,-26.870991473363784],[-49.063833591709816,-26.87091872533452],[-49.06360834466509,-26.870813965453493],[-49.06243318121725,-26.870912240557917],[-49.06233613464067,-26.870778338743847],[-49.062542448976444,-26.87063919403034],[-49.062184630283596,-26.87055910110734],[-49.06290390332786,-26.870599033870523]],[[-49.0695463193209,-26.879857414471132],[-49.069636888922254,-26.88189043441626],[-49.06998973749928,-26.88229329142496],[-49.069463957538204,-26.882114509063936],[-49.069327360796535,-26.88177145640201],[-49.06926013309397,-26.879879019606992],[-49.0695463193209,-26.879857414471132]],[[-49.06996764845456,-26.881665073695725],[-49.07001098141668,-26.881610830717495],[-49.07000346476407,-26.88168710691656],[-49.06996764845456,-26.881665073695725]],[[-49.07074223986809,-26.88256969952576],[-49.070684758330806,-26.882610464438862],[-49.070664611484666,-26.882545246131787],[-49.07074223986809,-26.88256969952576]],[[-49.064230642040954,-26.88452609912796],[-49.064441913459625,-26.88495355560895],[-49.06435640073765,-26.885044576128564],[-49.06470894986431,-26.885107319836614],[-49.06453809818593,-26.88526398523527],[-49.06392147537083,-26.885485435220986],[-49.06319484309494,-26.885496949106766],[-49.06324835284614,-26.885245521506537],[-49.064137393083655,-26.885106512124025],[-49.063218651629015,-26.88503764493318],[-49.063201926724005,-26.884724173736977],[-49.064230642040954,-26.88452609912796]],[[-49.061990102579585,-26.884878062260544],[-49.061847762780495,-26.88488531741402],[-49.06190620366318,-26.884836543610888],[-49.061990102579585,-26.884878062260544]],[[-49.06700202533727,-26.884856293496963],[-49.06707204022911,-26.88485414595327],[-49.0670290996467,-26.884901683551675],[-49.06700202533727,-26.884856293496963]],[[-49.06315738157316,-26.886012304947467],[-49.06360294029568,-26.886060012560158],[-49.064131466153086,-26.886395958652333],[-49.06383022643611,-26.88654104804986],[-49.06366769203453,-26.887160056437605],[-49.06340035870034,-26.88717794636448],[-49.063147229844276,-26.88694269061958],[-49.06326010882172,-26.88675782533727],[-49.06306309897333,-26.886620947847423],[-49.063033605246,-26.885865514633664],[-49.06315738157316,-26.886012304947467]],[[-49.06279499770735,-26.88603918045089],[-49.062683423403165,-26.886018096781818],[-49.06273054643165,-26.885905240850978],[-49.06279499770735,-26.88603918045089]],[[-49.0607938471197,-26.886674159827983],[-49.06066349090401,-26.886670773411755],[-49.060788088781095,-26.886646104666415],[-49.0607938471197,-26.886674159827983]],[[-49.06094173102777,-26.88341125138685],[-49.06123220625854,-26.88358579614896],[-49.06118328445724,-26.883688155617964],[-49.06078470885038,-26.883620854442924],[-49.06094173102777,-26.88341125138685]],[[-49.058984434376285,-26.882233728418164],[-49.05902062407767,-26.88205002561315],[-49.05907136282669,-26.882261278667887],[-49.058984434376285,-26.882233728418164]],[[-49.05956894613888,-26.88194177407168],[-49.059633698954045,-26.881928538271243],[-49.05958774416957,-26.881961122442505],[-49.05956894613888,-26.88194177407168]]],[[[-49.143482553445345,-26.871142004752137],[-49.14336506694642,-26.871252329417608],[-49.143506802229275,-26.871158393842286],[-49.143482553445345,-26.871142004752137]]],[[[-49.143634876554074,-26.870789504647586],[-49.143507246696416,-26.87085162613845],[-49.143465508949106,-26.871001676133062],[-49.143634876554074,-26.870789504647586]]],[[[-49.06000192848467,-26.869774789487188],[-49.06020712818969,-26.869836026558847],[-49.06146964385895,-26.871214218125164],[-49.06113613818031,-26.87080241843573],[-49.06154220321062,-26.870646281445474],[-49.061527769964385,-26.87044094539872],[-49.0610907691725,-26.87064483198209],[-49.05991831291758,-26.86947507688447],[-49.06000192848467,-26.869774789487188]]],[[[-49.11636647720139,-26.86989688990999],[-49.11637801510183,-26.871029129085258],[-49.11642325813299,-26.87110892164622],[-49.11659292638932,-26.870742248002585],[-49.116546507584566,-26.8703204959836],[-49.11683701061129,-26.87024941371998],[-49.11654540792107,-26.87018543855213],[-49.11636647720139,-26.86989688990999]]],[[[-49.11533551743595,-26.87046657814176],[-49.115598003654995,-26.869977174961534],[-49.115588794013064,-26.869844002529323],[-49.115289875053634,-26.870288394945884],[-49.11533551743595,-26.87046657814176]]],[[[-49.09808299481822,-26.869377302106187],[-49.09719157498592,-26.870233315449546],[-49.09724382874482,-26.870901479810463],[-49.097569820212996,-26.870562127988613],[-49.09808299481822,-26.869377302106187]]],[[[-49.101824598077116,-26.86944559242097],[-49.10176700144994,-26.869623907586977],[-49.10160000567824,-26.869574605401095],[-49.10163171344752,-26.87035154494831],[-49.10204632965602,-26.870623769322663],[-49.10236292163161,-26.87065314976394],[-49.10248352798368,-26.871738366130025],[-49.102685006156705,-26.87184971026705],[-49.10277812747956,-26.872511174296342],[-49.10286759994341,-26.87176132171744],[-49.10320199014982,-26.87183091318644],[-49.10342865757852,-26.87212433875063],[-49.10376157603509,-26.871646992825735],[-49.10423842631678,-26.87141370904282],[-49.104517662556574,-26.870789716628263],[-49.10499778808713,-26.870677322021827],[-49.10517029220274,-26.870203837064086],[-49.10500166449087,-26.87015830131889],[-49.10492349242931,-26.869629445059452],[-49.1045940797659,-26.869945044590324],[-49.10436893712479,-26.869657634506176],[-49.10429302853262,-26.870112338840936],[-49.10322654986935,-26.871040840361132],[-49.1028842979436,-26.871054382544372],[-49.102604164258906,-26.869714045977574],[-49.10222308868028,-26.86927703866167],[-49.101824598077116,-26.86944559242097]],[[-49.104911476544174,-26.870269405203832],[-49.10494971102013,-26.87025775066278],[-49.104883559161074,-26.87032902556448],[-49.104911476544174,-26.870269405203832]]],[[[-49.15323805645003,-26.86975754972639],[-49.15300763507409,-26.869985873184287],[-49.1533253695601,-26.87010139609149],[-49.153685643138836,-26.869870219512013],[-49.15323805645003,-26.86975754972639]],[[-49.153298308523404,-26.869883510751585],[-49.15335896001342,-26.869944914902867],[-49.15324290400909,-26.869919468104523],[-49.153298308523404,-26.869883510751585]]],[[[-49.15197432067764,-26.870082079607187],[-49.151833291134885,-26.87009358439445],[-49.15192415967202,-26.87021567884977],[-49.15213243529986,-26.870126609492328],[-49.152453818838396,-26.87028523234609],[-49.152624847059016,-26.870139826985994],[-49.15200164476743,-26.869702731984408],[-49.15197432067764,-26.870082079607187]]],[[[-49.14181135709651,-26.869627805358316],[-49.14205272199488,-26.86963414807411],[-49.14206974106132,-26.8695335761022],[-49.14181135709651,-26.869627805358316]]],[[[-49.11613506493394,-26.869645258649246],[-49.11617206069441,-26.869381025775997],[-49.11607832408565,-26.869095762623566],[-49.11598551785519,-26.869251484166952],[-49.11613506493394,-26.869645258649246]]],[[[-49.0598499601794,-26.869341255686017],[-49.05977966413115,-26.868680608025077],[-49.06011569396153,-26.868292686846207],[-49.06015361437142,-26.867950318285967],[-49.059724243092035,-26.868588578892375],[-49.0598499601794,-26.869341255686017]]],[[[-49.105148708775644,-26.869695503215254],[-49.10562486113067,-26.8701001771702],[-49.10510505228679,-26.869293810776075],[-49.10464242510961,-26.868690876748584],[-49.104436210458466,-26.86854204497953],[-49.105148708775644,-26.869695503215254]]],[[[-49.141534088969344,-26.869024917051675],[-49.14146206358836,-26.86892347819692],[-49.14109145389081,-26.868852423472454],[-49.14110439331305,-26.868873489766244],[-49.141534088969344,-26.869024917051675]]],[[[-49.144037957392094,-26.869217097216843],[-49.143919058779474,-26.868784431086727],[-49.1437423469216,-26.868706777391793],[-49.143767026711444,-26.86886714732608],[-49.144037957392094,-26.869217097216843]]],[[[-49.143579784997875,-26.8684659556251],[-49.14355520988262,-26.868315342457084],[-49.14342860339802,-26.868130132705293],[-49.14338863861212,-26.86820666580489],[-49.143579784997875,-26.8684659556251]]],[[[-49.155260713455625,-26.86802543375392],[-49.15547626654038,-26.868059233483834],[-49.15525069328779,-26.867984191475593],[-49.155260713455625,-26.86802543375392]]],[[[-49.155769377960546,-26.86783719897872],[-49.15586777976345,-26.867798438682428],[-49.155664959913686,-26.867823053001],[-49.155769377960546,-26.86783719897872]]],[[[-49.060154250713595,-26.86784193129134],[-49.060343859342325,-26.86756139112924],[-49.06034822764976,-26.867182863345665],[-49.06054982362759,-26.866933464999363],[-49.06046847804541,-26.866446624846652],[-49.06049375322746,-26.866941089505254],[-49.06027840338386,-26.867208564771353],[-49.060154250713595,-26.86784193129134]]],[[[-49.156274512358216,-26.86767636354445],[-49.155899542567404,-26.867747009385806],[-49.15656822597205,-26.86770077270509],[-49.156274512358216,-26.86767636354445]]],[[[-49.14267083017024,-26.86706334489945],[-49.14234284066625,-26.867374205291444],[-49.14261466896736,-26.867558371676946],[-49.142969534342285,-26.867209153359624],[-49.14267083017024,-26.86706334489945]]],[[[-49.14935605557957,-26.867553761198117],[-49.14943253996417,-26.867398536060268],[-49.149126645809105,-26.86709972772883],[-49.14895921803418,-26.867368123340647],[-49.14935605557957,-26.867553761198117]]],[[[-49.144255013687776,-26.866479740932718],[-49.14432368572643,-26.866448023186738],[-49.144260182101284,-26.866454228162475],[-49.144255013687776,-26.866479740932718]]],[[[-49.08566125609881,-26.864973813756098],[-49.08571832993081,-26.864890867363393],[-49.08560859649116,-26.864820133544892],[-49.08558919672414,-26.86485960285251],[-49.08566125609881,-26.864973813756098]]],[[[-49.11111009200983,-26.86531052560402],[-49.11155784706601,-26.865147498850202],[-49.111668847618716,-26.86505183851601],[-49.111397303248005,-26.865104345271277],[-49.11111009200983,-26.86531052560402]]],[[[-49.153309534180764,-26.86564379931999],[-49.15344160665756,-26.865594947008635],[-49.15327966739667,-26.865598729024722],[-49.153309534180764,-26.86564379931999]]],[[[-49.118841931434055,-26.865082849844928],[-49.118865858404526,-26.865132477327002],[-49.11888548185573,-26.86512027223628],[-49.118841931434055,-26.865082849844928]]],[[[-49.089467152603184,-26.864935333914687],[-49.089631311802975,-26.86542330793513],[-49.089516126444224,-26.86579202447592],[-49.089323722110116,-26.86586022900369],[-49.08925588628189,-26.86631214333228],[-49.08943196377184,-26.86670049635586],[-49.08998235438428,-26.86583037526286],[-49.090368273670144,-26.865769025553604],[-49.09007955526103,-26.86558252585758],[-49.09000816509149,-26.865169851189197],[-49.0897017187816,-26.865101299762138],[-49.08978889378464,-26.86494589797753],[-49.09017626174426,-26.864973678363885],[-49.09018471008611,-26.864796720214066],[-49.08970418359002,-26.864509998090856],[-49.089467152603184,-26.864935333914687]]],[[[-49.145978708203096,-26.865226001002906],[-49.14580850660947,-26.865165200036948],[-49.1455498886018,-26.865646158599702],[-49.144893107589674,-26.865744226644072],[-49.1450598420159,-26.866114869829794],[-49.14592714374738,-26.865854918008637],[-49.14612405777991,-26.86551081547048],[-49.14593867292505,-26.865515520729588],[-49.14600949322093,-26.865321486237754],[-49.14627654902797,-26.865350759083057],[-49.14618984221337,-26.865070922595955],[-49.145978708203096,-26.865226001002906]]],[[[-49.09290377443276,-26.86448542731036],[-49.09294903670224,-26.864383697617747],[-49.092779397457406,-26.86429958609858],[-49.092761937953526,-26.86439368730079],[-49.09290377443276,-26.86448542731036]]],[[[-49.115042282975224,-26.86490356670969],[-49.114696831939845,-26.86489185161901],[-49.11467336644153,-26.865105365319916],[-49.115318679503204,-26.865222633313252],[-49.115498963545704,-26.865522783903614],[-49.115708828842926,-26.865461605912866],[-49.11524561808567,-26.864974928816146],[-49.11527421044212,-26.864583623830207],[-49.115042282975224,-26.86490356670969]]],[[[-49.09334235761397,-26.864546751768785],[-49.093531654177795,-26.864413346995843],[-49.093445178599026,-26.864252725048676],[-49.093377661905755,-26.86431679192683],[-49.09334235761397,-26.864546751768785]]],[[[-49.10843716182049,-26.86441133413527],[-49.10822440434029,-26.865167958369558],[-49.10775684392574,-26.865366429130486],[-49.10797316099163,-26.866209605117017],[-49.108192303571485,-26.866244760548874],[-49.108361809362435,-26.86649428993609],[-49.10815043876662,-26.866763751156817],[-49.108358170752936,-26.86679683880239],[-49.108457058731744,-26.867609660284497],[-49.10833259325762,-26.868612424715586],[-49.108181336019605,-26.86874211449647],[-49.107807866577964,-26.867527932372866],[-49.10796645925082,-26.8689093935749],[-49.107721076083635,-26.869144514695158],[-49.107551501962824,-26.870033248239093],[-49.106868427709124,-26.87039221317505],[-49.106707836881135,-26.87062302347355],[-49.1068049580929,-26.870749580844755],[-49.10732297996588,-26.870612143250728],[-49.10781059331775,-26.87026026909169],[-49.108058787034665,-26.869241481863796],[-49.1087963033357,-26.86936171784706],[-49.10899775286349,-26.869260863185765],[-49.108905746381765,-26.869011530741577],[-49.10847954536896,-26.86903178285802],[-49.108644498234746,-26.868596435268397],[-49.10884333429968,-26.86859603778303],[-49.10864342398083,-26.86839937762929],[-49.10875356401799,-26.867757799303217],[-49.10883184793439,-26.867619880939817],[-49.10908514999768,-26.867616623260087],[-49.10928802191856,-26.86782550853358],[-49.10940773570094,-26.86750700842648],[-49.10870269131952,-26.867468463633198],[-49.10858838382007,-26.867107419882945],[-49.10878613893921,-26.867015095338616],[-49.110034935674484,-26.866860993890022],[-49.11080254687947,-26.867020234846965],[-49.111050706689454,-26.867452870224778],[-49.113176551616135,-26.867443556534475],[-49.1133871719574,-26.86785774949695],[-49.11365704338047,-26.86796975938037],[-49.113338666816645,-26.868356797372847],[-49.11333409275371,-26.86864733584285],[-49.11319505857181,-26.868616260149164],[-49.11340964221963,-26.86889333766566],[-49.113626713248664,-26.86826209004374],[-49.11450423424058,-26.867513407740454],[-49.11569221227576,-26.86907880905925],[-49.11582731247953,-26.869050887284367],[-49.11575363593901,-26.868700776326097],[-49.11476395977561,-26.867474275720166],[-49.11476675418669,-26.867211664803555],[-49.11363724400134,-26.867688248889984],[-49.113243845724234,-26.867235742957057],[-49.11125493219623,-26.8671980979685],[-49.110955487398606,-26.866860550682308],[-49.11028680187826,-26.86667545503785],[-49.10881985719064,-26.8667415463504],[-49.10940221150572,-26.86638170218961],[-49.10901805121957,-26.866414714826337],[-49.108936977582594,-26.86623041433353],[-49.108753648196654,-26.86637112444612],[-49.10862264890105,-26.86574016778236],[-49.1092434982085,-26.86487325235531],[-49.10882793184634,-26.8646879925329],[-49.1087971476205,-26.865041081569846],[-49.108595909105155,-26.86515176608822],[-49.10843716182049,-26.86441133413527]]],[[[-49.089079445120085,-26.863090188270306],[-49.089161370126504,-26.863091097439554],[-49.089066385591906,-26.863062387740516],[-49.089079445120085,-26.863090188270306]]],[[[-49.11767133554582,-26.863389401149057],[-49.11778324268277,-26.863314019153727],[-49.117820212810216,-26.863246273749898],[-49.11775628720111,-26.863252706740024],[-49.11767133554582,-26.863389401149057]]],[[[-49.13908775208069,-26.86328155661304],[-49.13929276222501,-26.863273806889982],[-49.13917359100685,-26.863219027318053],[-49.13908775208069,-26.86328155661304]]],[[[-49.117596074178785,-26.86272347254819],[-49.1176192855173,-26.862777314641757],[-49.11763576220056,-26.862754230823437],[-49.117596074178785,-26.86272347254819]]],[[[-49.15847506097334,-26.86321120615255],[-49.15854253903977,-26.863224123426818],[-49.15848079362569,-26.86315667667057],[-49.15847506097334,-26.86321120615255]]],[[[-49.14783325436813,-26.863681499700046],[-49.14742082469769,-26.864116301340218],[-49.14782836158701,-26.86458456270242],[-49.147798103908144,-26.86494916748349],[-49.148061545745065,-26.865019946584397],[-49.14820236348943,-26.86484886201988],[-49.148421218367474,-26.865155987860913],[-49.14860181065321,-26.86497358532287],[-49.148489315425294,-26.864378839140784],[-49.14820819529937,-26.8642254839173],[-49.14833587756074,-26.864059916208358],[-49.14826091681361,-26.863889045784447],[-49.148143119914714,-26.863793808365898],[-49.14779460235923,-26.863915254032975],[-49.14806341473993,-26.863356895919523],[-49.148045695402836,-26.862951119279217],[-49.14783325436813,-26.863681499700046]]],[[[-49.098029585049666,-26.862254483665772],[-49.09811582763381,-26.862268278182615],[-49.09800737216883,-26.862196592772193],[-49.098029585049666,-26.862254483665772]]],[[[-49.09752052740438,-26.861983529734324],[-49.09758489651084,-26.86202320332241],[-49.09759602115739,-26.86198759028378],[-49.09752052740438,-26.861983529734324]]],[[[-49.11813391929442,-26.862322284208282],[-49.11823607418668,-26.862292548601275],[-49.11804326349266,-26.862244150961246],[-49.11813391929442,-26.862322284208282]]],[[[-49.13728944226273,-26.862224906763444],[-49.137495199917204,-26.862298440550276],[-49.13760142308513,-26.862398676929974],[-49.13757404739864,-26.862235183093485],[-49.13728944226273,-26.862224906763444]]],[[[-49.161594968268695,-26.86247977480998],[-49.16169390172033,-26.86247985649768],[-49.161598348610326,-26.862390736867074],[-49.161594968268695,-26.86247977480998]]],[[[-49.1530870532667,-26.86229496981255],[-49.15318351337581,-26.86231738905054],[-49.153166317561244,-26.862213884047915],[-49.1530870532667,-26.86229496981255]]],[[[-49.15270957829029,-26.862217663192304],[-49.15287207864775,-26.86222273657891],[-49.15266424349943,-26.86218947427249],[-49.15270957829029,-26.862217663192304]]],[[[-49.11989722779625,-26.86135975981792],[-49.12008003101573,-26.861426321122426],[-49.119897957136594,-26.861280299056048],[-49.11989722779625,-26.86135975981792]]],[[[-49.09749908797403,-26.860855530992556],[-49.097613593143784,-26.860834444878158],[-49.097489395852314,-26.860846374015374],[-49.09749908797403,-26.860855530992556]]],[[[-49.164769970227844,-26.861578913438326],[-49.16311806669446,-26.861749293416086],[-49.16142943312228,-26.86229560758376],[-49.160004607002016,-26.862550020477254],[-49.15984514697248,-26.862463387373374],[-49.15974015535844,-26.862636448037723],[-49.15947596905153,-26.862629209398406],[-49.15901005862789,-26.862253131576004],[-49.1590460267158,-26.862529672324936],[-49.15828889037456,-26.862592330210664],[-49.15794058438723,-26.862765685654846],[-49.1566971337896,-26.86253989468373],[-49.156345833776875,-26.86272195880209],[-49.156540654880125,-26.862906590852212],[-49.157405661635515,-26.86311935852933],[-49.158033973808635,-26.863078530861415],[-49.15793297375343,-26.86281310975842],[-49.15818485527165,-26.862964499599016],[-49.158387730387695,-26.862851198855815],[-49.15833563641548,-26.863022438423492],[-49.15858132653504,-26.86307463438766],[-49.15888990057707,-26.86273964294336],[-49.159703700765036,-26.862853814520335],[-49.161995770472075,-26.862264509768025],[-49.1630909130903,-26.86181937316492],[-49.164769970227844,-26.861578913438326]]],[[[-49.164769970227844,-26.861578913438326],[-49.16492972034188,-26.861570804271253],[-49.165258240446164,-26.861472105504863],[-49.165224440233416,-26.8614686628673],[-49.164769970227844,-26.861578913438326]]],[[[-49.16537549199443,-26.86144210094738],[-49.165525907753896,-26.86140749282773],[-49.16567269924884,-26.861340584916423],[-49.165469860639206,-26.86140373097434],[-49.16537549199443,-26.86144210094738]]],[[[-49.09781024736056,-26.860385920376366],[-49.097813477256935,-26.860953843222994],[-49.09899700443464,-26.860851558874955],[-49.09799011918195,-26.860777264352347],[-49.09781024736056,-26.860385920376366]]],[[[-49.09774759112237,-26.860197316712803],[-49.097804515296886,-26.860116620395917],[-49.09775574108224,-26.860026823859492],[-49.09774774203367,-26.860045999360516],[-49.09774759112237,-26.860197316712803]]],[[[-49.077206658894305,-26.858815867651106],[-49.07684331258385,-26.858638873501587],[-49.077115608736214,-26.85900113509123],[-49.077206658894305,-26.858815867651106]]],[[[-49.12484721158647,-26.85911476388718],[-49.12496633589299,-26.859223979515615],[-49.12505740029978,-26.859175427674547],[-49.12484721158647,-26.85911476388718]]],[[[-49.124710740461566,-26.859005002904194],[-49.12475426999976,-26.85899944921517],[-49.1246864612326,-26.85895879528372],[-49.124710740461566,-26.859005002904194]]],[[[-49.12318221599777,-26.859426175722394],[-49.123780522334215,-26.858922679790528],[-49.123943380259355,-26.858897058040384],[-49.12398947425523,-26.859049047208963],[-49.12405997387457,-26.8588858496826],[-49.124443856702065,-26.85891215263637],[-49.12382813311481,-26.858865725661136],[-49.12318221599777,-26.859426175722394]]],[[[-49.158409600849374,-26.858906397230708],[-49.15913510776885,-26.859118433946637],[-49.158328588935134,-26.85870615996281],[-49.158409600849374,-26.858906397230708]]],[[[-49.15639897010194,-26.8566834742262],[-49.15662776037745,-26.856723923836082],[-49.15667353620996,-26.85669577145947],[-49.15639897010194,-26.8566834742262]]],[[[-49.09272623109221,-26.855803709955524],[-49.09329429544435,-26.855795447533232],[-49.093380046682675,-26.85498724356356],[-49.09303081886195,-26.855138150181116],[-49.09272623109221,-26.855803709955524]]],[[[-49.07874793204598,-26.85417459123217],[-49.07877906040524,-26.854214432622353],[-49.0788110153183,-26.85414198449735],[-49.07874793204598,-26.85417459123217]]],[[[-49.09397126358643,-26.85434633412313],[-49.093940934862324,-26.854399984933437],[-49.09399562601991,-26.854382480134163],[-49.09397126358643,-26.85434633412313]]],[[[-49.15912787197379,-26.85496097786191],[-49.15897980796201,-26.85520155229275],[-49.15920489563935,-26.855012948125577],[-49.15912787197379,-26.85496097786191]]],[[[-49.095063125350826,-26.85392387428373],[-49.09494872915808,-26.85398154652292],[-49.09507204009974,-26.853955593957394],[-49.095063125350826,-26.85392387428373]]],[[[-49.09465231734686,-26.85389832966281],[-49.094636304950185,-26.854220871919946],[-49.09435140287672,-26.854295994754203],[-49.09419593438693,-26.85391759018407],[-49.0940959687412,-26.853949795527523],[-49.09408107312643,-26.854478301916444],[-49.09381786656221,-26.854643519124572],[-49.09384638053122,-26.854823571945595],[-49.09415576175626,-26.85502974088836],[-49.09427879111081,-26.854811878117793],[-49.09599082062624,-26.85470125101214],[-49.09530079983082,-26.854580773156712],[-49.09495438632311,-26.854271834092607],[-49.09481796514337,-26.853908120196852],[-49.09465231734686,-26.85389832966281]],[[-49.094879889203646,-26.854121989892242],[-49.09479009364134,-26.854127654214405],[-49.09485960630342,-26.854087247450042],[-49.094879889203646,-26.854121989892242]],[[-49.09488768710307,-26.85441607482825],[-49.095032886397,-26.85448111498091],[-49.095070495962204,-26.85465771816209],[-49.09482112751768,-26.854613167590827],[-49.09488768710307,-26.85441607482825]],[[-49.094662262400654,-26.854497262263802],[-49.094539023275644,-26.85451091700124],[-49.09458715688953,-26.85445410216756],[-49.094662262400654,-26.854497262263802]]],[[[-49.089310255648854,-26.85098062378672],[-49.08971195234816,-26.85098724681877],[-49.0897506556449,-26.8509787597374],[-49.089310255648854,-26.85098062378672]]],[[[-49.06991137566393,-26.847023341719627],[-49.070235058905304,-26.847044116538505],[-49.07025186872973,-26.846904321962185],[-49.07017546580454,-26.846908106594782],[-49.06991137566393,-26.847023341719627]]],[[[-49.07051399012696,-26.846783845525387],[-49.07050361065871,-26.846808770028094],[-49.07054035899441,-26.846844973233228],[-49.07051399012696,-26.846783845525387]]],[[[-49.06660403674918,-26.846704044216356],[-49.06669582222851,-26.846664535802272],[-49.066765329055606,-26.84655412067085],[-49.06660403674918,-26.846704044216356]]],[[[-49.068253934757145,-26.846501092087326],[-49.068312625068955,-26.846477785860106],[-49.068252291615046,-26.846471645528737],[-49.068253934757145,-26.846501092087326]]],[[[-49.06700543854721,-26.84625471170489],[-49.067084709191164,-26.846242764395537],[-49.06709558648667,-26.846195034172407],[-49.06700543854721,-26.84625471170489]]],[[[-49.06759301280506,-26.846082056558338],[-49.0672084610745,-26.846067213042378],[-49.06714798665536,-26.8461813509118],[-49.06759301280506,-26.846082056558338]]],[[[-49.06770511564159,-26.84622191720355],[-49.06774228333423,-26.846075811378743],[-49.06770124739082,-26.846042310181],[-49.06764381847252,-26.84607322227352],[-49.06770511564159,-26.84622191720355]]],[[[-49.06680694688514,-26.84595393030633],[-49.06687429791743,-26.84593883458067],[-49.0668455853395,-26.845882664199543],[-49.06680694688514,-26.84595393030633]]],[[[-49.06751167685349,-26.845871349023174],[-49.06755003653694,-26.845919564998372],[-49.067567424675,-26.8458335495936],[-49.06751167685349,-26.845871349023174]]],[[[-49.068009907697935,-26.845832622739074],[-49.067912619610176,-26.84580873357205],[-49.067885586807776,-26.845825602517017],[-49.068009907697935,-26.845832622739074]]],[[[-49.06787337285741,-26.84555372893953],[-49.06762089525547,-26.845887390766922],[-49.067780066679475,-26.845981768331878],[-49.06787337285741,-26.84555372893953]]],[[[-49.096483549480965,-26.845229327883736],[-49.09580994853427,-26.84519687023475],[-49.09609194334915,-26.84532927040143],[-49.096483549480965,-26.845229327883736]]],[[[-49.101506902834934,-26.845060621520002],[-49.10165830963499,-26.845077407698682],[-49.10148660050505,-26.845014727350307],[-49.101506902834934,-26.845060621520002]]],[[[-49.101310595938116,-26.845046900828272],[-49.1014365509611,-26.845006781492454],[-49.101296534330814,-26.845023861278985],[-49.101310595938116,-26.845046900828272]]],[[[-49.10111974399915,-26.844855210853755],[-49.101160974991515,-26.844898813135032],[-49.10117111832057,-26.8448850741916],[-49.10111974399915,-26.844855210853755]]],[[[-49.1007058090636,-26.844991435474537],[-49.10067479281908,-26.844840133047672],[-49.10060853127089,-26.844782718481643],[-49.10058488667379,-26.844842249746108],[-49.1007058090636,-26.844991435474537]]],[[[-49.10121761007062,-26.844759399150902],[-49.10142041394262,-26.844819981928126],[-49.101237103338285,-26.84470142465704],[-49.10121761007062,-26.844759399150902]]],[[[-49.10073347808789,-26.844848293458604],[-49.10101271248879,-26.844917579688026],[-49.10119375754374,-26.844692612124177],[-49.10115511294764,-26.84468175165873],[-49.10073347808789,-26.844848293458604]]],[[[-49.09986770036013,-26.844502710422827],[-49.099931524919995,-26.84455319253237],[-49.09992737277916,-26.844470347783254],[-49.09986770036013,-26.844502710422827]]],[[[-49.073661978893,-26.840237488811876],[-49.073553644508486,-26.84029533673998],[-49.073716797078866,-26.840250013702562],[-49.073661978893,-26.840237488811876]]],[[[-49.08920838738163,-26.83966577663224],[-49.088290956791646,-26.839751917648123],[-49.08792571132415,-26.840000009968527],[-49.08865377219809,-26.839841187084858],[-49.08918823216287,-26.839908334577558],[-49.08920838738163,-26.83966577663224]]],[[[-49.07444907355038,-26.838970160000247],[-49.074648276627784,-26.838979912647485],[-49.07445892939526,-26.838897928541442],[-49.07444907355038,-26.838970160000247]]],[[[-49.07438749487539,-26.838323147373117],[-49.07453673594229,-26.8383869986588],[-49.074472502333265,-26.838259140195685],[-49.07438749487539,-26.838323147373117]]],[[[-49.07424596910981,-26.83841784121103],[-49.07426083334795,-26.83826931269922],[-49.07417277410628,-26.838089974200578],[-49.07416662541156,-26.83814610241952],[-49.07424596910981,-26.83841784121103]]],[[[-49.0742224177311,-26.837969653696405],[-49.07417045752284,-26.83802927049847],[-49.0742597372646,-26.837999708702352],[-49.0742224177311,-26.837969653696405]]],[[[-49.07196240849701,-26.838137557358504],[-49.07210872602778,-26.837967304363957],[-49.07211137635363,-26.837933594331957],[-49.07205458870058,-26.8379783193602],[-49.07196240849701,-26.838137557358504]]],[[[-49.07200579882822,-26.837725432244234],[-49.07405002115396,-26.838898204234965],[-49.07470122120289,-26.839507693437746],[-49.07425319447074,-26.838893511146573],[-49.074300655902945,-26.838529174528105],[-49.07408071064956,-26.838795731208872],[-49.07200579882822,-26.837725432244234]]],[[[-49.096875460216374,-26.83669793757096],[-49.09700018872165,-26.83664013385708],[-49.097005568602086,-26.836567826175866],[-49.096959883252495,-26.836561581445526],[-49.096875460216374,-26.83669793757096]]],[[[-49.07200579882822,-26.837725432244234],[-49.07073388066021,-26.836600734065694],[-49.07014217241487,-26.83631549514905],[-49.069119709298135,-26.83592536486242],[-49.07066728675531,-26.83663201306078],[-49.07200579882822,-26.837725432244234]]],[[[-49.08670692033396,-26.83392501877046],[-49.086560648101894,-26.834088339642964],[-49.08705187078898,-26.834059326398002],[-49.08694435608567,-26.833926419747574],[-49.08670692033396,-26.83392501877046]],[[-49.0868747057174,-26.83396881940234],[-49.08674019120591,-26.83402297008854],[-49.086733165786264,-26.83394906849115],[-49.0868747057174,-26.83396881940234]]],[[[-49.09096998482387,-26.832909138823837],[-49.090941515236004,-26.833085729417174],[-49.09133557531134,-26.83301281526841],[-49.09128812627422,-26.832932389366757],[-49.09096998482387,-26.832909138823837]]],[[[-49.08721490592165,-26.83327621588309],[-49.08737331525162,-26.832896985996047],[-49.087137339324684,-26.83283484174462],[-49.08703118846495,-26.833090757747332],[-49.08721490592165,-26.83327621588309]]],[[[-49.089139229181406,-26.832753739717862],[-49.089166909605964,-26.832820026426386],[-49.08914792363352,-26.832693885120456],[-49.089139229181406,-26.832753739717862]]],[[[-49.09420054524441,-26.832434414155358],[-49.094355669948555,-26.832481776614493],[-49.09437347904321,-26.83247509262567],[-49.09420054524441,-26.832434414155358]]],[[[-49.09472014151171,-26.832499735759235],[-49.09447801659165,-26.83247752531173],[-49.09444691783016,-26.832485248132446],[-49.09485225417161,-26.832542383256957],[-49.094783423056334,-26.832277944319053],[-49.09472014151171,-26.832499735759235]]],[[[-49.09465028430931,-26.83223452690303],[-49.09484074812956,-26.832235942223],[-49.09488966918097,-26.832193169291017],[-49.09473011644635,-26.832105808808198],[-49.09465028430931,-26.83223452690303]]],[[[-49.09476914280997,-26.83203106285553],[-49.09484085322942,-26.832076495759374],[-49.094839577614536,-26.832006285060377],[-49.09476914280997,-26.83203106285553]]],[[[-49.09491447513572,-26.832126697946556],[-49.094972972913105,-26.831856779829586],[-49.09495184855342,-26.831808979971736],[-49.094868138163456,-26.83195699337205],[-49.09491447513572,-26.832126697946556]]],[[[-49.092771632239405,-26.83221136622642],[-49.09285193437358,-26.83206923123125],[-49.09286464706179,-26.831722186534932],[-49.09266592391914,-26.832133255967353],[-49.092771632239405,-26.83221136622642]]],[[[-49.09454278373407,-26.83173988887192],[-49.09453330720542,-26.831895735523236],[-49.094585217427465,-26.832087463701527],[-49.094610275438505,-26.83205641554496],[-49.09454278373407,-26.83173988887192]]],[[[-49.09045958446066,-26.831581363995088],[-49.09013953363437,-26.83151960849631],[-49.09033416273491,-26.831630880268875],[-49.09024277943444,-26.831763544738923],[-49.089929621874745,-26.831758447924052],[-49.089829421381545,-26.831883054674666],[-49.09014859517659,-26.83188272353015],[-49.090233062474034,-26.832075012996025],[-49.09045431633538,-26.83207115906167],[-49.09045958446066,-26.831581363995088]],[[-49.090366572154174,-26.83195089831496],[-49.090266123856416,-26.831959510901342],[-49.090317192996864,-26.831913356298106],[-49.090366572154174,-26.83195089831496]]],[[[-49.0928363660145,-26.83158944120784],[-49.09291613802773,-26.83155422593669],[-49.09294281917719,-26.83134037743872],[-49.0928363660145,-26.83158944120784]]],[[[-49.09107517998186,-26.83130237329483],[-49.09076341281612,-26.83146635041635],[-49.09124490164453,-26.83155132478077],[-49.09104582073018,-26.831849035472917],[-49.092407736132486,-26.83188748103553],[-49.09262085127737,-26.832043917666297],[-49.09253129958773,-26.8318591863078],[-49.09263920529698,-26.831767866626336],[-49.0920160028403,-26.83137397075804],[-49.09107517998186,-26.83130237329483]],[[-49.09136080630785,-26.831598785261274],[-49.09129212307435,-26.831609731107644],[-49.09134140686453,-26.831547912028043],[-49.09136080630785,-26.831598785261274]],[[-49.09147440006798,-26.831685436724168],[-49.091457936928244,-26.831722894200077],[-49.09142845477272,-26.831678626920578],[-49.09147440006798,-26.831685436724168]]],[[[-49.09143447658421,-26.831073648425235],[-49.091471166120364,-26.83109294232742],[-49.091442511751715,-26.831010449215757],[-49.09143447658421,-26.831073648425235]]],[[[-49.089662310040076,-26.83099474684394],[-49.08984233966312,-26.830960556343733],[-49.08979797861289,-26.83088204763308],[-49.089662310040076,-26.83099474684394]]],[[[-49.09098902595658,-26.8309329535801],[-49.09137118763188,-26.830954513894092],[-49.09147318620143,-26.830918008897473],[-49.09098902595658,-26.8309329535801]]],[[[-49.09458187093037,-26.831207891342164],[-49.09450767283253,-26.83111933985603],[-49.09449353018077,-26.83088513460586],[-49.09443552261322,-26.831153670641275],[-49.09458187093037,-26.831207891342164]]],[[[-49.09297453865238,-26.832277125137832],[-49.09312615241577,-26.83176755880261],[-49.09333207343562,-26.830866529528734],[-49.09315245243526,-26.831526668552335],[-49.09297453865238,-26.832277125137832]]],[[[-49.09144725196877,-26.830567335741488],[-49.09086212689418,-26.830509220683908],[-49.09084785416244,-26.83065545859346],[-49.09144725196877,-26.830567335741488]]],[[[-49.08725972398144,-26.830480865884528],[-49.08737770994638,-26.830315298941795],[-49.087069499988885,-26.83020163068424],[-49.087074553266106,-26.830378161040155],[-49.08725972398144,-26.830480865884528]]],[[[-49.086993151582675,-26.82980802859462],[-49.08728158738953,-26.829987439099188],[-49.08702300571481,-26.83011785295387],[-49.08744776365528,-26.830292470987462],[-49.08737149217182,-26.830524649319205],[-49.087664638549384,-26.831333533180025],[-49.08743339790203,-26.83132811496123],[-49.087237848704,-26.831129435465556],[-49.08726726165559,-26.831534074137455],[-49.087589501663196,-26.831763764866544],[-49.087913955037585,-26.831013369802452],[-49.08796101041927,-26.830358796460047],[-49.08788488283785,-26.83062243973131],[-49.087829405681035,-26.830372593705867],[-49.087946739632,-26.83004393296402],[-49.08744478256208,-26.829818315094705],[-49.08728418312977,-26.829631672602606],[-49.086993151582675,-26.82980802859462]],[[-49.0878092219539,-26.83022488266486],[-49.087668278440226,-26.830235480480567],[-49.087813967067945,-26.830197364131696],[-49.0878092219539,-26.83022488266486]]],[[[-49.08781198576175,-26.829398989579484],[-49.08785600214508,-26.829457141721505],[-49.087899922830125,-26.829404647283646],[-49.08781198576175,-26.829398989579484]]],[[[-49.09499284518256,-26.82949792485621],[-49.094706144713896,-26.830004386026648],[-49.09534002487214,-26.82995915879932],[-49.09499284518256,-26.82949792485621]]],[[[-49.08767325693007,-26.829362566730033],[-49.087713208501555,-26.82930708078946],[-49.08768164850475,-26.82927875281657],[-49.08767325693007,-26.829362566730033]]],[[[-49.08781398817061,-26.82928713134649],[-49.08786542620888,-26.829338393467797],[-49.08784241800342,-26.82927343301723],[-49.08781398817061,-26.82928713134649]]],[[[-49.08912077446546,-26.82877038601185],[-49.089521942905044,-26.82874532717413],[-49.089605531304,-26.82868278922385],[-49.089204992623216,-26.82868421753624],[-49.08912077446546,-26.82877038601185]]],[[[-49.09454278373407,-26.83173988887192],[-49.09485949441377,-26.83184435630582],[-49.09499483633053,-26.83139500430728],[-49.094823304962325,-26.83122728751735],[-49.094280449307966,-26.83127282025558],[-49.094534289134415,-26.830389744512438],[-49.0950030999889,-26.82814242430708],[-49.09391015751928,-26.832495134379645],[-49.09411298214174,-26.832394665456476],[-49.09426670289885,-26.831715878981598],[-49.09454278373407,-26.83173988887192]],[[-49.094777509264276,-26.831732821916454],[-49.09479008338409,-26.83167549255469],[-49.09481345453092,-26.83171396898802],[-49.094777509264276,-26.831732821916454]],[[-49.094538784672224,-26.83129358049832],[-49.0944206026891,-26.831303163826707],[-49.094417426883275,-26.83129539624109],[-49.094538784672224,-26.83129358049832]],[[-49.09451135436882,-26.83027326524614],[-49.09450869072058,-26.830364216523563],[-49.09445109362354,-26.830540662331067],[-49.09446978883848,-26.83038938910057],[-49.09451135436882,-26.83027326524614]]],[[[-49.09327696968755,-26.827328894831552],[-49.093382884281205,-26.827328455927294],[-49.093321163141844,-26.827290408147785],[-49.09327696968755,-26.827328894831552]]],[[[-49.09333785213024,-26.827223718763733],[-49.09351143356016,-26.827023258309346],[-49.093479966058034,-26.826856691950358],[-49.0932992665131,-26.827109393531433],[-49.09333785213024,-26.827223718763733]]],[[[-49.09502341610483,-26.828097341058687],[-49.09532356487033,-26.8271582884976],[-49.09532068834493,-26.826833118532782],[-49.09524839478905,-26.826858974366917],[-49.09502341610483,-26.828097341058687]]],[[[-49.09561994692481,-26.826820392123878],[-49.095669950592864,-26.8268671755284],[-49.09568561747809,-26.826836711742125],[-49.09561994692481,-26.826820392123878]]],[[[-49.08499438383013,-26.825825472292074],[-49.08503920805581,-26.825823431173873],[-49.084978957315776,-26.82573411447294],[-49.08499438383013,-26.825825472292074]]],[[[-49.08496411689257,-26.825664757019524],[-49.084929182591125,-26.825645687089327],[-49.08496616474202,-26.825710698483512],[-49.08496411689257,-26.825664757019524]]],[[[-49.084927475945314,-26.82558981430334],[-49.08435408847941,-26.825463243639742],[-49.0839045306383,-26.825542161274903],[-49.08433323334714,-26.825499506779092],[-49.084927475945314,-26.82558981430334]]],[[[-49.083508757763134,-26.82541548861615],[-49.083695310936264,-26.8254430762174],[-49.08374273948935,-26.825426763350368],[-49.083508757763134,-26.82541548861615]]],[[[-49.08832092541077,-26.8258032372163],[-49.08779363567789,-26.82542437101186],[-49.08708285358123,-26.825399340631492],[-49.08778365082984,-26.825543298490757],[-49.0873727567679,-26.82582150409361],[-49.087343013394104,-26.826209443765027],[-49.08786567000042,-26.826555043133784],[-49.08811326133112,-26.826550612188825],[-49.08849372732729,-26.827317922096245],[-49.08856927792306,-26.826306256705905],[-49.08834212041842,-26.82519681906127],[-49.08832092541077,-26.8258032372163]],[[-49.08831645997648,-26.825875976203324],[-49.08840016739399,-26.826302506016447],[-49.08838603527327,-26.826403257948957],[-49.08789493161366,-26.825916212435256],[-49.0878426827889,-26.825622073953884],[-49.08831645997648,-26.825875976203324]]],[[[-49.09578916773515,-26.825250989954615],[-49.09583823257121,-26.825230185621045],[-49.095768259879364,-26.82520106524032],[-49.09578916773515,-26.825250989954615]]],[[[-49.08581898296012,-26.82506481782201],[-49.0860058438271,-26.825123347191344],[-49.08578465917997,-26.82529710944868],[-49.085668301844805,-26.82573938357997],[-49.08597449702873,-26.825267239755053],[-49.08650758184924,-26.825504618762896],[-49.08686076954574,-26.825447765986524],[-49.08651096522644,-26.825376024146724],[-49.086404547829076,-26.82516608975756],[-49.08603943321923,-26.82499571594003],[-49.08581898296012,-26.82506481782201]]],[[[-49.09593804465983,-26.825249848601324],[-49.096030541925664,-26.825188678522103],[-49.09590236807549,-26.825115363099705],[-49.09593804465983,-26.825249848601324]]],[[[-49.09624230264299,-26.82507381577672],[-49.09638459798526,-26.82496171977008],[-49.096389810751454,-26.82485729424952],[-49.096265739856356,-26.824827121238293],[-49.09624230264299,-26.82507381577672]]],[[[-49.09542842174162,-26.824592285524652],[-49.09552286246778,-26.824600422444718],[-49.09551947544328,-26.824561266847244],[-49.09542842174162,-26.824592285524652]]],[[[-49.09561729305218,-26.82464219315361],[-49.095727934134885,-26.824584909335943],[-49.09569258740734,-26.824548600320735],[-49.09561729305218,-26.82464219315361]]],[[[-49.095796538171065,-26.82446779682851],[-49.09578148285536,-26.825030039270047],[-49.09526428752037,-26.825058024906557],[-49.09459666601385,-26.825237433872935],[-49.094440658539035,-26.825368560603202],[-49.09389903775557,-26.826956069960207],[-49.09346403563788,-26.827395940031312],[-49.09379358776722,-26.8276876434398],[-49.09397499543811,-26.82767387465608],[-49.09366288272549,-26.827351543033565],[-49.093950171424396,-26.826985852660997],[-49.094500142376745,-26.825405856235946],[-49.094836926725364,-26.825216996272363],[-49.095830272251256,-26.825086139904872],[-49.09604250014913,-26.824665342063675],[-49.09592879428695,-26.8247449686013],[-49.09582689190994,-26.824423697292172],[-49.095463865288224,-26.824321577818925],[-49.095796538171065,-26.82446779682851]]],[[[-49.09537867684779,-26.824269225273422],[-49.09543750116379,-26.824269021643875],[-49.09538640461328,-26.824232696811602],[-49.09537867684779,-26.824269225273422]]],[[[-49.09809996813635,-26.824167449285383],[-49.0982124767394,-26.82409925691343],[-49.09822389288069,-26.82405033261789],[-49.09809996813635,-26.824167449285383]]],[[[-49.09531933589339,-26.82403427632853],[-49.09536160680893,-26.824161868019907],[-49.09546740206793,-26.823809893182204],[-49.09531933589339,-26.82403427632853]]],[[[-49.0881485173769,-26.823724160649128],[-49.08822226188098,-26.82371889403765],[-49.08817115912367,-26.823687299094114],[-49.0881485173769,-26.823724160649128]]],[[[-49.095581143595254,-26.823598401797252],[-49.09554549224664,-26.82373336621716],[-49.09560423513954,-26.823574690947854],[-49.095581143595254,-26.823598401797252]]],[[[-49.088300480818056,-26.823695645285085],[-49.08850918611117,-26.823595004321287],[-49.08810922723454,-26.82335142566889],[-49.0881003302106,-26.823488138985716],[-49.088300480818056,-26.823695645285085]]],[[[-49.09564276577948,-26.823455980725193],[-49.09566215922819,-26.82346433438115],[-49.09570678555667,-26.82341543617801],[-49.09564276577948,-26.823455980725193]]],[[[-49.08747490900464,-26.82338966117818],[-49.087552470365296,-26.823269459484006],[-49.08747717268286,-26.823222848196885],[-49.08741820698676,-26.823284371203684],[-49.08747490900464,-26.82338966117818]]],[[[-49.095733508920084,-26.82336869497354],[-49.09576249121988,-26.823264207093906],[-49.095669117486416,-26.823166038031435],[-49.095723041911164,-26.82327560608701],[-49.095733508920084,-26.82336869497354]]],[[[-49.08761480547474,-26.82251973263063],[-49.087666798813196,-26.822554046756654],[-49.08762907415321,-26.82250124866871],[-49.08761480547474,-26.82251973263063]]],[[[-49.08708493687297,-26.822873573372476],[-49.08690125849577,-26.822823931616963],[-49.08684202319462,-26.822937282093246],[-49.08756597685268,-26.823166664273455],[-49.088297266445615,-26.824920906839633],[-49.08833049413155,-26.824357719834634],[-49.08804674061716,-26.82415711758019],[-49.08801115305203,-26.82367801378227],[-49.087748736076996,-26.823375382373204],[-49.08779820608391,-26.822523681716163],[-49.087618060314746,-26.82301563481584],[-49.0875401538042,-26.822938985327987],[-49.08752704895537,-26.82170205105169],[-49.08708493687297,-26.822873573372476]]],[[[-49.0880292941327,-26.821654484515687],[-49.08798807126432,-26.82185894809441],[-49.088048683464805,-26.821887250815035],[-49.0880292941327,-26.821654484515687]]],[[[-49.08806672383473,-26.821524602558956],[-49.08811885344389,-26.821520590653982],[-49.08809826127852,-26.82142590526088],[-49.08806672383473,-26.821524602558956]]],[[[-49.087608636811964,-26.820830773689128],[-49.08775330237189,-26.820862050630573],[-49.08765739454299,-26.8206828022709],[-49.087608636811964,-26.820830773689128]]],[[[-49.08773572439467,-26.82057627561579],[-49.08778855213989,-26.820590035475554],[-49.0877607299439,-26.820438508838787],[-49.08773572439467,-26.82057627561579]]],[[[-49.088175907752195,-26.82035920455375],[-49.088324181572865,-26.820424881410073],[-49.0884724373108,-26.82038244072685],[-49.088428685322036,-26.820361986037636],[-49.088175907752195,-26.82035920455375]]],[[[-49.08855255245568,-26.8203756884938],[-49.088697553025625,-26.82038519569868],[-49.088748566031754,-26.82035914564474],[-49.08865051560856,-26.82027756063695],[-49.08855255245568,-26.8203756884938]]],[[[-49.088280144694856,-26.819636342587213],[-49.08846558355422,-26.819657339999093],[-49.08845897928148,-26.819603139389955],[-49.088280144694856,-26.819636342587213]]],[[[-49.085942730611826,-26.819188629743298],[-49.08598816704,-26.819221054135024],[-49.086013738182736,-26.819187937229287],[-49.085942730611826,-26.819188629743298]]],[[[-49.08825174772643,-26.819084071714286],[-49.088354992982886,-26.819145821051364],[-49.088407968098096,-26.81908709508733],[-49.08825174772643,-26.819084071714286]]],[[[-49.087045474976804,-26.818825281617663],[-49.08693463687338,-26.818851033013278],[-49.087052503238546,-26.81887699134916],[-49.087045474976804,-26.818825281617663]]],[[[-49.08685765853913,-26.818768808590736],[-49.08620547564197,-26.818946821052407],[-49.08608282519326,-26.81909407970685],[-49.08685765853913,-26.818768808590736]]],[[[-49.08783850765734,-26.822311398257362],[-49.08803410954101,-26.820811899939237],[-49.0884713777914,-26.82097149710713],[-49.08809558682573,-26.820704742987406],[-49.08800784803995,-26.820440056912503],[-49.088205252070104,-26.81847943183102],[-49.08797130726399,-26.818785351072663],[-49.08789257399993,-26.819679087201163],[-49.08768226839543,-26.819223187216853],[-49.08780755762588,-26.819199826125868],[-49.087825453823704,-26.81882444396416],[-49.08761836320436,-26.81868308377904],[-49.08726487550053,-26.818810615964686],[-49.08741835389527,-26.818869713545407],[-49.08786286429882,-26.81993597449588],[-49.08800196010984,-26.81984362661814],[-49.0876301126081,-26.822425822749125],[-49.08783850765734,-26.822311398257362]],[[-49.08760391142337,-26.818802684534283],[-49.08772597294168,-26.81892394012178],[-49.087643831736706,-26.819053773410182],[-49.08755385680555,-26.81898603413509],[-49.08760391142337,-26.818802684534283]]],[[[-49.08814650584233,-26.818385502745823],[-49.08823938100875,-26.81834222601179],[-49.08814038963352,-26.818380199895223],[-49.08814650584233,-26.818385502745823]]],[[[-49.088556509439776,-26.81806017553174],[-49.08855736327857,-26.817964544773638],[-49.088414404292166,-26.817870666559827],[-49.088391227868335,-26.817947914502565],[-49.088556509439776,-26.81806017553174]]],[[[-49.08849185509682,-26.817852640478378],[-49.08860097997533,-26.817802131541196],[-49.0884746293565,-26.81784352571391],[-49.08849185509682,-26.817852640478378]]],[[[-49.08886783872455,-26.817242999223822],[-49.08873694936627,-26.817248607270617],[-49.088938886402794,-26.817256682307853],[-49.08886783872455,-26.817242999223822]]],[[[-49.089315573070614,-26.817264094508126],[-49.08934777802586,-26.81728814733221],[-49.08935957842589,-26.81723276004971],[-49.089315573070614,-26.817264094508126]]],[[[-49.08840448315597,-26.817182798237035],[-49.0885095208633,-26.817181573409673],[-49.08839877602512,-26.817159345495938],[-49.08840448315597,-26.817182798237035]]],[[[-49.089057955016166,-26.817186022956317],[-49.08918561759079,-26.81719518724274],[-49.08921088904274,-26.817147278556416],[-49.089057955016166,-26.817186022956317]]],[[[-49.08931669520123,-26.81691647532313],[-49.08936264573555,-26.817160330223935],[-49.089387809449285,-26.816834026520734],[-49.08931669520123,-26.81691647532313]]],[[[-49.088473662117444,-26.816690038053117],[-49.088542762929364,-26.816725733617865],[-49.08853644239505,-26.816682179357233],[-49.088473662117444,-26.816690038053117]]],[[[-49.08732499691916,-26.816245289081607],[-49.08746745792878,-26.816230373443776],[-49.08748866282609,-26.816213157323695],[-49.087426198748794,-26.816205468127222],[-49.08732499691916,-26.816245289081607]]],[[[-49.08755404405723,-26.816199379746145],[-49.087931267187926,-26.81620437491143],[-49.08806357011796,-26.816166965286843],[-49.08755404405723,-26.816199379746145]]],[[[-49.0880809626116,-26.818124754927943],[-49.088246369822095,-26.818135062926647],[-49.08818876105215,-26.817216818204745],[-49.088312634058525,-26.81692385082183],[-49.0881738668656,-26.81649104476143],[-49.088385503913706,-26.81590562657008],[-49.08830345972298,-26.815791753608273],[-49.088360882751715,-26.81557338005903],[-49.088286869139225,-26.815464910233224],[-49.088036734032066,-26.816459450658677],[-49.08817008368094,-26.816925207321407],[-49.0880809626116,-26.818124754927943]]],[[[-49.08818661422609,-26.814866959800575],[-49.08833383592216,-26.814959696487453],[-49.08822316761668,-26.81480212070227],[-49.08818661422609,-26.814866959800575]]],[[[-49.08817027615877,-26.814784119331815],[-49.088313071074474,-26.81456798570023],[-49.0882506990717,-26.814418405650468],[-49.088125497371074,-26.81448110357576],[-49.08817027615877,-26.814784119331815]]],[[[-49.08827858291713,-26.814245272654514],[-49.08832727828053,-26.814150882443744],[-49.088257177102406,-26.81388643519038],[-49.08819140823433,-26.81411574368273],[-49.08827858291713,-26.814245272654514]]],[[[-49.088288799982436,-26.81370523180218],[-49.08833972303515,-26.81372438666033],[-49.08829873032046,-26.81362836344957],[-49.088288799982436,-26.81370523180218]]],[[[-49.088356641987005,-26.81327736147743],[-49.08841342595518,-26.813331415115478],[-49.08842029904873,-26.813307506534418],[-49.088356641987005,-26.81327736147743]]],[[[-49.08842537686002,-26.813275192561726],[-49.08856887801707,-26.813118479295895],[-49.08856360146856,-26.813047044429396],[-49.08842142390975,-26.813079008692622],[-49.08842537686002,-26.813275192561726]]],[[[-49.0885049669477,-26.81294283234008],[-49.08866917322902,-26.812924331433102],[-49.08859093847179,-26.81285539030484],[-49.0885049669477,-26.81294283234008]]],[[[-49.08877415188477,-26.812629956300995],[-49.08881292781145,-26.81265334285385],[-49.08879354367846,-26.81262253775191],[-49.08877415188477,-26.812629956300995]]],[[[-49.08878805483233,-26.812454087297763],[-49.08884673970241,-26.812471084759217],[-49.08879490564391,-26.81244951079597],[-49.08878805483233,-26.812454087297763]]],[[[-49.070463662105745,-26.94152968482168],[-49.07055684155326,-26.94153327202638],[-49.070685712124444,-26.94145900008875],[-49.07081251947074,-26.94148931526453],[-49.07107017466017,-26.941778189042523],[-49.071163647807964,-26.941363038863837],[-49.07138292984847,-26.941243177449163],[-49.07077586170635,-26.940433251566922],[-49.07084160339308,-26.940974004000893],[-49.07019549498577,-26.941287556200976],[-49.070243281272376,-26.941494475370384],[-49.07036463483421,-26.941393772840033],[-49.07040472894019,-26.94149890824431],[-49.070463662105745,-26.94152968482168]],[[-49.07058858787026,-26.941456075932738],[-49.07042613501073,-26.94144076229273],[-49.070504178792156,-26.941379872499112],[-49.07058858787026,-26.941456075932738]]],[[[-49.06197339336344,-26.915915042931932],[-49.061828232063135,-26.916191417190472],[-49.06073522820987,-26.91574601809221],[-49.06051916709599,-26.91588409554623],[-49.061222478037365,-26.916513384388324],[-49.06138069612651,-26.916382340242407],[-49.06203401701372,-26.916380120497926],[-49.062208574022826,-26.91608747724976],[-49.06248889412386,-26.916100863739665],[-49.06259570600688,-26.915854021816735],[-49.06215180417562,-26.915352640046915],[-49.06228782298365,-26.91508956366747],[-49.06266442112908,-26.9148621814838],[-49.06260710573986,-26.914357461617875],[-49.063357564890154,-26.91407502571893],[-49.06354488876543,-26.913767287931307],[-49.0621193861545,-26.913317183484075],[-49.061887633658095,-26.913520004189802],[-49.061514003477036,-26.913564411290075],[-49.06192965092364,-26.91430225884396],[-49.06155093573729,-26.915352627652936],[-49.06197339336344,-26.915915042931932]],[[-49.06198023891923,-26.915915164720086],[-49.06204754319887,-26.915872742813153],[-49.06208579679175,-26.91587760796055],[-49.06198023891923,-26.915915164720086]]],[[[-49.013016782870146,-26.903316285720322],[-49.012763259172516,-26.903282425359947],[-49.012130849142,-26.903836613791043],[-49.012262864990234,-26.90404091263295],[-49.01215805802104,-26.904308813355268],[-49.012318854544134,-26.904509209716476],[-49.01227675495237,-26.904348126605697],[-49.01259460917571,-26.90421378921086],[-49.012542650664884,-26.90383014834325],[-49.013069522761036,-26.90360197319467],[-49.01318375052715,-26.903372998944167],[-49.01327006452972,-26.902945584922158],[-49.013136792294894,-26.902849363640644],[-49.013016782870146,-26.903316285720322]],[[-49.013017441263976,-26.903318756745502],[-49.01300799516928,-26.903326963863456],[-49.01300800794432,-26.90331938775269],[-49.013017441263976,-26.903318756745502]]],[[[-49.07725772540704,-26.899733287318647],[-49.077507229689544,-26.899861665527553],[-49.07786873940712,-26.89964564928885],[-49.0779781261268,-26.899249175680197],[-49.07765130512596,-26.898934369239182],[-49.07683285060061,-26.899519851579075],[-49.07683485720459,-26.900145834053387],[-49.07725772540704,-26.899733287318647]],[[-49.077086563165196,-26.89938574864981],[-49.077191804852355,-26.899456788227358],[-49.07715264539753,-26.89957753413448],[-49.07705021496151,-26.8994926718517],[-49.077086563165196,-26.89938574864981]],[[-49.077929709281726,-26.899236076932635],[-49.07791073261945,-26.899275775591967],[-49.07788253320257,-26.899225600841106],[-49.077929709281726,-26.899236076932635]],[[-49.07728111564606,-26.899671214706874],[-49.077212768447026,-26.89965716200319],[-49.07721450547552,-26.89964660144201],[-49.07728111564606,-26.899671214706874]]],[[[-49.140741073208716,-26.882973123202678],[-49.14091385440608,-26.88301048676289],[-49.14102401994742,-26.882883754341528],[-49.14064703586193,-26.88275443018903],[-49.14047140913673,-26.88295403689759],[-49.14073857107314,-26.88319783617026],[-49.140741073208716,-26.882973123202678]],[[-49.140724259439665,-26.88293560718755],[-49.14066478144168,-26.88298313732395],[-49.14064237635426,-26.882911625489697],[-49.140724259439665,-26.88293560718755]]],[[[-49.08558388061297,-26.862364051671904],[-49.08551507605549,-26.862186020056996],[-49.08546065975671,-26.862357943129002],[-49.08511347015173,-26.8624993912335],[-49.08479239047282,-26.86242377202995],[-49.08514403190263,-26.862628759429693],[-49.08570461685662,-26.86266719870179],[-49.08574393130744,-26.862520424801104],[-49.08618695769588,-26.862759723764412],[-49.086470620421956,-26.862705084463865],[-49.08575006535156,-26.862315869248448],[-49.08578653857368,-26.86162683177405],[-49.08551488198487,-26.861883311724334],[-49.08558388061297,-26.862364051671904]],[[-49.085645965634285,-26.862415736564923],[-49.08570490320442,-26.8624996730878],[-49.08555779604864,-26.86250301483381],[-49.085645965634285,-26.862415736564923]]],[[[-49.11859645478936,-26.864861469651917],[-49.118496922770035,-26.86464608948608],[-49.11826262557438,-26.86457400303633],[-49.118217797401975,-26.86403045453765],[-49.11813381479083,-26.863918279177657],[-49.118055208418426,-26.8640030149854],[-49.118072628062755,-26.863248054895553],[-49.118273847633375,-26.862761323790767],[-49.119258302335766,-26.86207668567478],[-49.11979043224573,-26.861967681126654],[-49.12000533316334,-26.862130406281533],[-49.12005970546741,-26.86187512568947],[-49.1208476643494,-26.861492859332063],[-49.12128702237759,-26.860991765413665],[-49.12181892581313,-26.86066655266411],[-49.12185563813993,-26.860547498860914],[-49.12163290822697,-26.860529861819906],[-49.121740845527874,-26.859373454252523],[-49.12277602318149,-26.859537644598838],[-49.12300635983646,-26.859530135124537],[-49.12318221599777,-26.859426175722394],[-49.12275280177043,-26.859491595679724],[-49.12210141465284,-26.859239521451027],[-49.121699338931,-26.859320307145914],[-49.12144520541335,-26.860789719848228],[-49.12079967361081,-26.861430198985122],[-49.12016634855197,-26.861745006775056],[-49.119973581094115,-26.861756570096205],[-49.11976570646536,-26.861538978049417],[-49.11934241779907,-26.861660138770812],[-49.11938300022904,-26.861962084462828],[-49.119057082828974,-26.861977796444023],[-49.11869249969476,-26.862224743323193],[-49.11805697275238,-26.862961306849126],[-49.117815683978044,-26.86263652754688],[-49.118207257026576,-26.86242633397092],[-49.117886234135085,-26.862379882280273],[-49.117505691205174,-26.86203889099201],[-49.117191650977006,-26.861107612095324],[-49.11687534467804,-26.860732773261976],[-49.11729993559826,-26.861843058228803],[-49.117162165254186,-26.862293318385287],[-49.11768896483903,-26.862687240197594],[-49.11794159860304,-26.863397579701825],[-49.11789198788597,-26.86368084998814],[-49.11751340115286,-26.863388980587395],[-49.11713414162604,-26.863861479329625],[-49.116534815288176,-26.86404597067432],[-49.116741825311856,-26.8642468520315],[-49.11641119118334,-26.8649430837796],[-49.11598873983713,-26.86532071969377],[-49.11590283294674,-26.86569344325929],[-49.11614432732472,-26.86689051763745],[-49.11591503912068,-26.86773101739718],[-49.11608741076883,-26.868151148625152],[-49.115998857924595,-26.868697340959514],[-49.11613528098168,-26.86907780462655],[-49.11619869287643,-26.867096154926646],[-49.11633163902244,-26.86670342052172],[-49.11666638238923,-26.866758681644715],[-49.11640388893307,-26.866625880297935],[-49.116424523277026,-26.86633058738758],[-49.11622749046932,-26.8662920045898],[-49.1161246108619,-26.866002859671042],[-49.1161934815821,-26.865291000430865],[-49.11666952808091,-26.86516364094993],[-49.116842604052636,-26.864807037844724],[-49.11727739020103,-26.864512121118008],[-49.11772312463401,-26.86451644777135],[-49.11801723612645,-26.864361620332748],[-49.118357904928445,-26.865077138557517],[-49.118387811483686,-26.864922703715315],[-49.118705712056126,-26.865091613125813],[-49.11885455207958,-26.864817366531234],[-49.1191252595062,-26.864875874596102],[-49.11896434102126,-26.86472115883136],[-49.11859645478936,-26.864861469651917]],[[-49.117753586076866,-26.864401611946192],[-49.11721569422785,-26.864204253166253],[-49.11762317954317,-26.863673100700158],[-49.11798890794635,-26.86414026643189],[-49.117753586076866,-26.864401611946192]],[[-49.11685377489873,-26.86438680102455],[-49.11689574218498,-26.864444331596705],[-49.116865075827185,-26.864457495715417],[-49.11685377489873,-26.86438680102455]],[[-49.11968264458647,-26.861811081617265],[-49.1198124704118,-26.861801114056014],[-49.11969264400308,-26.861897146160544],[-49.11968264458647,-26.861811081617265]],[[-49.1183698118695,-26.864639700845956],[-49.11835499491647,-26.86472959927233],[-49.11830740946368,-26.864657109912795],[-49.1183698118695,-26.864639700845956]]],[[[-49.10020741959044,-26.844665384049417],[-49.100000360163875,-26.84450337409624],[-49.09991080585204,-26.844859214892185],[-49.09971359763451,-26.84483356592511],[-49.0995551527115,-26.84392717954559],[-49.099426476793965,-26.843683708070103],[-49.09926203391615,-26.8437759765466],[-49.09902652433963,-26.843296824160667],[-49.099198235735,-26.843231823278465],[-49.09895849281432,-26.842978359035417],[-49.09891248249406,-26.843707909773123],[-49.09930739310618,-26.845312992227477],[-49.099182621150014,-26.845431211615104],[-49.09825728923791,-26.84548084498514],[-49.09909644741954,-26.845528350994115],[-49.09967476537633,-26.845323281802283],[-49.100311106876944,-26.845433186528304],[-49.10034495348056,-26.84559576870344],[-49.10064356330179,-26.84555943123664],[-49.10057314259292,-26.845191880477984],[-49.10034607157988,-26.845208400637436],[-49.10055271085217,-26.844734907760994],[-49.10020741959044,-26.844665384049417]],[[-49.100286696113955,-26.845060112335837],[-49.10021630829902,-26.84509583392763],[-49.10019714071438,-26.84503518612363],[-49.100286696113955,-26.845060112335837]],[[-49.09950482703972,-26.844627418671237],[-49.099573828829456,-26.844611587059553],[-49.09956933312423,-26.84464148708623],[-49.09950482703972,-26.844627418671237]],[[-49.099400882506686,-26.84449230789095],[-49.09945245178824,-26.84447359014902],[-49.09945187934603,-26.844490124571973],[-49.099400882506686,-26.84449230789095]],[[-49.1001992593451,-26.844689926156008],[-49.10025738556298,-26.844911052795943],[-49.1001529668691,-26.844972720446414],[-49.099983366427566,-26.84478823880461],[-49.10013408465552,-26.844831041187966],[-49.1001992593451,-26.844689926156008]]],[[[-49.08762897069673,-26.829565929536567],[-49.087511926740085,-26.829367806057338],[-49.0874638506479,-26.82980180353051],[-49.08791382987806,-26.82967956090842],[-49.087862262166574,-26.82949150692114],[-49.08762897069673,-26.829565929536567]],[[-49.087580891015115,-26.82962713418087],[-49.08764498413086,-26.82963307523403],[-49.087590765626146,-26.829658635024337],[-49.087580891015115,-26.82962713418087]]],[[[-49.08544949877856,-26.88401251567815],[-49.084747109617425,-26.88388208102963],[-49.08475546017243,-26.88355144611793],[-49.08453466713993,-26.88332292704784],[-49.084592797032315,-26.883036205754845],[-49.08440893342452,-26.882996139313637],[-49.084554409670694,-26.88273968192572],[-49.084537337794295,-26.88207250856978],[-49.08502363053957,-26.881990559915284],[-49.08498790559737,-26.881726659068192],[-49.084869724606314,-26.881617615429978],[-49.08432559469103,-26.88167231536441],[-49.08389872041275,-26.881321827320324],[-49.08409539480133,-26.881215374544546],[-49.083771323309826,-26.88082228106088],[-49.083804179918175,-26.880608119869585],[-49.08401220390785,-26.880579706220704],[-49.08411247072485,-26.880353616176638],[-49.08474047326891,-26.880455461379864],[-49.084766203828934,-26.880328555583404],[-49.08451677724903,-26.88019380403728],[-49.08477255142625,-26.88002951149126],[-49.08475168897108,-26.880135823960504],[-49.08496457911793,-26.88000936965669],[-49.08536350614833,-26.880142249179794],[-49.08511503589934,-26.879856618800076],[-49.08488578309232,-26.879830430519913],[-49.0849586427621,-26.87966091059677],[-49.08445734490504,-26.878697815145074],[-49.08495182775037,-26.878081606862413],[-49.084668113043904,-26.87785927325847],[-49.08461986266303,-26.878165669704085],[-49.08448018143326,-26.878103865844178],[-49.083868132463834,-26.878656552448877],[-49.083599360273865,-26.87872728277259],[-49.08358422384485,-26.879010585129347],[-49.0831646396565,-26.879235539018943],[-49.08324787991382,-26.87985901470146],[-49.08313879237393,-26.880159884904884],[-49.082787276869276,-26.88032481508564],[-49.08288958102931,-26.880745540900094],[-49.08278739424071,-26.88086255026406],[-49.0821034554439,-26.880592255395076],[-49.08134891903607,-26.879848370099968],[-49.0807610614261,-26.879625181072107],[-49.080783625685086,-26.879915351602406],[-49.08105867552943,-26.88000407364712],[-49.08091717736883,-26.88025296130696],[-49.080650398825675,-26.88024957465826],[-49.08067402534892,-26.880529349520643],[-49.08121100288153,-26.881140887905588],[-49.082301538730235,-26.881988068462704],[-49.0830030290947,-26.882903303905195],[-49.08279567220835,-26.883886557965948],[-49.08288189238825,-26.884215562144764],[-49.08207953672165,-26.88486048951394],[-49.08175876310682,-26.88403756779882],[-49.080743005355046,-26.883356648167187],[-49.08063724513655,-26.88285174175623],[-49.08056265558752,-26.88291644414721],[-49.08002953211319,-26.883697879447293],[-49.080305187743825,-26.8841154814375],[-49.08015369951306,-26.88439221696643],[-49.08048366924847,-26.884795992064294],[-49.08031582955936,-26.885129973069613],[-49.08003395873488,-26.885299333456388],[-49.07967714612745,-26.885978480633486],[-49.07938240331158,-26.88595172675461],[-49.07878092616548,-26.88622829357473],[-49.07882713013053,-26.88648749364609],[-49.07949810775934,-26.886620697648766],[-49.07947794903921,-26.88727465002797],[-49.07965313133812,-26.887775465951663],[-49.07942405486766,-26.888384045728042],[-49.078966907443174,-26.887937437081415],[-49.078990480243874,-26.88738051759007],[-49.07875346779413,-26.88666111499964],[-49.07848538908264,-26.886669659882106],[-49.07763982004634,-26.886099079612578],[-49.07759249755179,-26.886391648000163],[-49.07793371329553,-26.886725816968966],[-49.077979708316164,-26.887289175343923],[-49.07846089793828,-26.887738365257654],[-49.07808451338055,-26.88774525382801],[-49.077918532378135,-26.88795976946174],[-49.07759389661235,-26.887788046684904],[-49.07732888646149,-26.887907402154774],[-49.07794639724145,-26.888128430339634],[-49.078006477895954,-26.88834600422323],[-49.07853920650866,-26.888353575576698],[-49.077666544211695,-26.888535382219775],[-49.07754681629146,-26.889426012610603],[-49.07683471894059,-26.88970115013067],[-49.07638309327849,-26.890493399589886],[-49.0765865812479,-26.890792844565443],[-49.07697766663594,-26.890864668855475],[-49.077361812698015,-26.89069260508445],[-49.07772260664234,-26.890835739077456],[-49.078496479362656,-26.89066169429754],[-49.07832277408623,-26.891193006441895],[-49.07847630895303,-26.891540429920042],[-49.07939121064997,-26.891213440054067],[-49.079789878198305,-26.891889739510912],[-49.079663362560716,-26.892618000248692],[-49.079329635153385,-26.892795085452498],[-49.07825524991806,-26.894102685587832],[-49.077154131793876,-26.895045738429314],[-49.07648564174411,-26.895949743301557],[-49.075841059104256,-26.89633293659167],[-49.075390969628934,-26.896936583514485],[-49.075024761561686,-26.896984927808102],[-49.07398625757854,-26.89768971197879],[-49.0735976912612,-26.897808930582347],[-49.07213596852586,-26.89772122024033],[-49.06766057899053,-26.895713187521476],[-49.067663528608385,-26.895562774183922],[-49.06791106663598,-26.895465812716022],[-49.06777981976776,-26.89492165187403],[-49.06733476924128,-26.894949317245384],[-49.06729230251547,-26.89514130107557],[-49.067078661911395,-26.895206366975067],[-49.06709437166921,-26.895407816870676],[-49.067012707697494,-26.895197237763078],[-49.066785051650314,-26.895312609492574],[-49.06673608359949,-26.895142366793625],[-49.06640445671457,-26.89518562475528],[-49.06606850017168,-26.89495597392213],[-49.06356101800089,-26.894205226306575],[-49.06312923336838,-26.893847980237666],[-49.06257133196435,-26.89387699479698],[-49.0622114482369,-26.893509099263703],[-49.060313118068095,-26.893794667076712],[-49.05935300766148,-26.89421804428706],[-49.058591620782316,-26.894788201581168],[-49.05839292809534,-26.89569950702147],[-49.05887358964336,-26.896661796052715],[-49.05878129370397,-26.89723471521054],[-49.059247990963804,-26.89874053442932],[-49.05986367211893,-26.899236204486538],[-49.06162814091656,-26.900038057506258],[-49.06345490957642,-26.902300632251247],[-49.06480518870736,-26.903443927666128],[-49.06555519165666,-26.904700799455792],[-49.06603706571032,-26.905150892754968],[-49.06602056084079,-26.905336332516217],[-49.06649174739798,-26.905680655964712],[-49.06638700434327,-26.90587371950837],[-49.06680174840686,-26.906010806738667],[-49.06720882198071,-26.906667652012924],[-49.06720958609033,-26.906946548724253],[-49.0677335118882,-26.907406280196508],[-49.06721931170179,-26.907571153335983],[-49.06703212930111,-26.907198059079693],[-49.06687726346286,-26.907086470784357],[-49.06662975450812,-26.907069439021207],[-49.0663768555507,-26.906338615010863],[-49.06630896775434,-26.906533766612213],[-49.066082316105195,-26.90642936919236],[-49.066733022153066,-26.908331524497434],[-49.06674102596181,-26.909186775964578],[-49.06648731397976,-26.910141622291224],[-49.06612622697362,-26.910272657194334],[-49.066378075094946,-26.910406590367632],[-49.066527622562965,-26.910716164363155],[-49.066422756162815,-26.911500112364344],[-49.066753235179185,-26.91158513109519],[-49.06667059836469,-26.911909017965673],[-49.06664659190453,-26.91172542143029],[-49.06641684699648,-26.91166584537514],[-49.06648684790907,-26.912112066588566],[-49.06710605734953,-26.91196209734823],[-49.06711912036991,-26.91136893730211],[-49.06777314264906,-26.909597570029977],[-49.06739385161867,-26.909402391615146],[-49.067566896961026,-26.909039090369063],[-49.06737968162518,-26.908443020709445],[-49.06761316289884,-26.90811765656569],[-49.067271520698796,-26.90789766542837],[-49.06744583336245,-26.907786190055674],[-49.06736786942383,-26.907697508435437],[-49.06771073774137,-26.907585035602526],[-49.06800292954998,-26.90784367674741],[-49.06826181628917,-26.90859355439313],[-49.06803382526234,-26.910030850852795],[-49.06755347370842,-26.91072547015486],[-49.06750392623545,-26.91167508578443],[-49.067300561068535,-26.912226092604044],[-49.06714110607706,-26.912298605770147],[-49.06719813465565,-26.912721892023246],[-49.06679922959818,-26.912996948952493],[-49.067017925541705,-26.913258179479996],[-49.066741522267904,-26.91394027559159],[-49.06669733187227,-26.914648717872936],[-49.06582069797101,-26.916645104319606],[-49.0648039774808,-26.917937017531763],[-49.06414682670151,-26.918356454888215],[-49.063876560569156,-26.91870436855634],[-49.06190214806114,-26.919792791667774],[-49.0610182307406,-26.91980497548223],[-49.06017824586695,-26.919420659825704],[-49.06006654278081,-26.919122673520455],[-49.060489695468966,-26.91760237804742],[-49.06021171903091,-26.914747077850592],[-49.05968370280306,-26.913898723592673],[-49.05899909712601,-26.913525988085087],[-49.057769688927266,-26.912221762324343],[-49.0575624177239,-26.911797398493672],[-49.05623092643485,-26.91136383002233],[-49.054185011255875,-26.91121417547231],[-49.051371891014874,-26.910407950572523],[-49.050288701798735,-26.910271689292642],[-49.04635180002116,-26.908965395276173],[-49.04512032457577,-26.908338060815115],[-49.044872282597204,-26.908108209447303],[-49.04512718906289,-26.907966461141715],[-49.04452722919492,-26.907671534251918],[-49.04435523616157,-26.907388985924914],[-49.04439516580226,-26.90674530858291],[-49.04462852280025,-26.90672465354577],[-49.04452135665372,-26.90661965760224],[-49.04469807178543,-26.905825262412662],[-49.04482883577757,-26.905501860445266],[-49.04505628996239,-26.905381232639265],[-49.04589334081588,-26.90325715074883],[-49.04570317298591,-26.90277697896589],[-49.04568979134463,-26.90138100167075],[-49.04615379823701,-26.89946096708594],[-49.04574488182954,-26.898265064812016],[-49.04584563019321,-26.897917877310952],[-49.04560238286424,-26.89772423067754],[-49.045032019221246,-26.896175715650642],[-49.04311851702196,-26.894888262251197],[-49.042694216515656,-26.89476298389413],[-49.04199672258318,-26.89485060482488],[-49.0413015653414,-26.895346693117713],[-49.040131946939674,-26.895641558427357],[-49.03976653337243,-26.89545121872687],[-49.039092932055226,-26.895375862541933],[-49.03949123744835,-26.895838159909182],[-49.038965254015544,-26.89658720203926],[-49.03819391824129,-26.89724899629379],[-49.03644707666482,-26.898341078605878],[-49.03628968177706,-26.898274389870544],[-49.036201230903146,-26.897941488687948],[-49.035892317240155,-26.897897377399403],[-49.03593333351366,-26.898194442002403],[-49.035731749730644,-26.898636596290316],[-49.036005673681224,-26.89845242149857],[-49.036114071946926,-26.898678487726404],[-49.03574672692963,-26.89901037822138],[-49.035536623391174,-26.899531156678258],[-49.03485489290385,-26.900385852969464],[-49.03430384961137,-26.90087552114744],[-49.03377617724017,-26.901854372494046],[-49.032882111762305,-26.90265330484553],[-49.032682014563726,-26.90250181931635],[-49.03246752856343,-26.901850422329005],[-49.032665706918145,-26.90293067472936],[-49.03234752994257,-26.90333848592935],[-49.03187135465321,-26.903760145332058],[-49.03110864554449,-26.90411814515473],[-49.03053067730948,-26.9046288643523],[-49.030287918536004,-26.90517481357567],[-49.030016782675744,-26.905227370986587],[-49.029742298361924,-26.9056681178325],[-49.02900670486303,-26.90615306289732],[-49.02780128483671,-26.906810721294256],[-49.02751775310213,-26.906828471327852],[-49.02734167384324,-26.90649958685093],[-49.02740089459545,-26.90730267065419],[-49.027287210070256,-26.907402862299932],[-49.02393753114228,-26.906871360644747],[-49.02082610256168,-26.90603999534623],[-49.020219270595774,-26.905734255604877],[-49.01979180518937,-26.905360605420086],[-49.01984541511949,-26.905192162979663],[-49.01957437700443,-26.905182282739343],[-49.02012953738043,-26.904915684657475],[-49.019153420973055,-26.90383423644983],[-49.01859125268508,-26.902505915483847],[-49.01856720331566,-26.901510107300236],[-49.018740157945665,-26.901241838323703],[-49.01849657513452,-26.89946468928454],[-49.01754201909912,-26.897876583886685],[-49.017866659578274,-26.897581599412],[-49.018103120264556,-26.896854733301335],[-49.01819842105562,-26.896157290081703],[-49.017957196921465,-26.895753170093812],[-49.01824967792428,-26.89581300510728],[-49.0184279577321,-26.896125785106314],[-49.01835508326583,-26.896339816589705],[-49.018663361128006,-26.896716572461106],[-49.01909070963079,-26.896899203486957],[-49.01917556398612,-26.896317347193744],[-49.019734269499885,-26.895892669662672],[-49.020845007301176,-26.895933187995382],[-49.02068299325354,-26.896344407064486],[-49.0202519148144,-26.89669165226048],[-49.02005366889529,-26.897109684482192],[-49.020183363792356,-26.89722673293473],[-49.02031390310809,-26.896822435417437],[-49.02093479397681,-26.896775132190847],[-49.02183978656132,-26.896448001627853],[-49.02234549048888,-26.897097204767633],[-49.02295731738187,-26.897214022087304],[-49.02387553698769,-26.896268785308713],[-49.02366035810376,-26.896010020028033],[-49.02355485863979,-26.895093136412694],[-49.0237857279506,-26.89482463054276],[-49.02362690395141,-26.894824481999347],[-49.023523328177156,-26.894606396089696],[-49.02434409001672,-26.893597518127493],[-49.02418355307705,-26.893456643537355],[-49.02349431063597,-26.893577698908313],[-49.02371023129234,-26.89340423831936],[-49.02426748764174,-26.893309505606204],[-49.02405250942148,-26.89319022381385],[-49.02369073714065,-26.893317471688526],[-49.02356117977116,-26.893162225401753],[-49.02353665156675,-26.89338387312765],[-49.022429296197075,-26.89466882658528],[-49.022095719974004,-26.894772496809928],[-49.021494080416026,-26.895324228835513],[-49.02106853405245,-26.894989948201726],[-49.0207461367964,-26.893404429633865],[-49.020249031085164,-26.89407594133746],[-49.019829849842274,-26.89526714412681],[-49.019870769326545,-26.895487912425324],[-49.02002157935189,-26.89543164366321],[-49.02019166067294,-26.895643012579733],[-49.01955506282851,-26.89565521292596],[-49.01960899912041,-26.895396921324775],[-49.019320043367095,-26.895241933419264],[-49.019409658931934,-26.89551249951154],[-49.01920714704034,-26.89588007823481],[-49.019037107862076,-26.89568009816812],[-49.01904227597328,-26.8953047569037],[-49.01884514101464,-26.89517372596396],[-49.0177819628378,-26.894900656228824],[-49.017492291797296,-26.894968596288592],[-49.017198912428434,-26.89466936528406],[-49.01646979319037,-26.89573877590791],[-49.0162455495305,-26.896883276231883],[-49.016986932252145,-26.8986700959407],[-49.01710215119348,-26.899489564347],[-49.01597354438002,-26.900390266871668],[-49.01560586495937,-26.900120674882093],[-49.01503921795615,-26.900370014149455],[-49.01442632720611,-26.900319533961532],[-49.01368960975172,-26.900569196726167],[-49.013626975187734,-26.900838927549465],[-49.01339426020157,-26.90082522692767],[-49.013765584454426,-26.900971439110368],[-49.013952888106466,-26.901293930353642],[-49.014165296303084,-26.90115325818263],[-49.014102383920196,-26.900844275599916],[-49.014294666404915,-26.900575892913405],[-49.01525522140309,-26.900613107381208],[-49.015565904206106,-26.900827159565402],[-49.01587307881767,-26.90081860549836],[-49.01595588704292,-26.90112157620428],[-49.01526710540306,-26.902151141568417],[-49.01520853942488,-26.903402561780425],[-49.01535734808037,-26.904022647497225],[-49.01554341619787,-26.904453680039843],[-49.01590144304475,-26.90447333223388],[-49.016657376342366,-26.905532292902663],[-49.017849178494835,-26.90645175246143],[-49.01890960979699,-26.906901340880363],[-49.01951107546817,-26.907345235876683],[-49.02133619838236,-26.90801623174081],[-49.02246825799058,-26.90822773041421],[-49.0231036788494,-26.908657688222586],[-49.024563406825386,-26.909191339009215],[-49.027032564571726,-26.90914445390848],[-49.027499623873055,-26.9089991911081],[-49.027738939232485,-26.909090168578015],[-49.02796660688549,-26.908917495314952],[-49.02814990185755,-26.909021651997193],[-49.0282993290677,-26.9088449319004],[-49.02920080509715,-26.908774449228776],[-49.030482969832875,-26.908070146921826],[-49.03079246895936,-26.907689575523758],[-49.03101051037548,-26.907745259436226],[-49.03123141989516,-26.908319163763633],[-49.03181724931487,-26.908083394007818],[-49.03207274441624,-26.907706002560104],[-49.031910705923885,-26.90757682951034],[-49.031914125499235,-26.90725080776795],[-49.031651768143426,-26.907099784222627],[-49.03157256443079,-26.907352607561357],[-49.0311315084418,-26.90750517822756],[-49.031066895098974,-26.9076821705706],[-49.03105065908959,-26.907454831316535],[-49.03188137615292,-26.906500357332728],[-49.032286895791124,-26.906652524023787],[-49.032255038323264,-26.90614420964562],[-49.03659490600136,-26.900702416924396],[-49.03785516216167,-26.89956488008848],[-49.03794661175292,-26.89931306597846],[-49.0411088017865,-26.89658479422936],[-49.04238999134121,-26.896284608702043],[-49.043059793197536,-26.896512668007773],[-49.04348366955392,-26.89685428207712],[-49.04382908026985,-26.897390573651084],[-49.04416402821104,-26.898441861146914],[-49.044283320035206,-26.901709904918686],[-49.043814889178,-26.90420797611056],[-49.043039027614036,-26.905379354756356],[-49.04293439259042,-26.905959729374466],[-49.04216172192339,-26.907361123276065],[-49.04228905376411,-26.908087968384468],[-49.04259637480185,-26.90871276372392],[-49.04337576001854,-26.909293681154836],[-49.043651728031925,-26.909322610548237],[-49.04394429456916,-26.909953776871934],[-49.04449797485535,-26.909908515653832],[-49.04471794759825,-26.91040049713082],[-49.04502491845569,-26.910087296594178],[-49.04695960425317,-26.910824506836168],[-49.0473734725773,-26.911279568712573],[-49.047712926221266,-26.911090911226918],[-49.0492827362863,-26.911635346821768],[-49.04978066461476,-26.911683111573414],[-49.04973064817386,-26.912188485200726],[-49.05007888670045,-26.912486535941568],[-49.04996784467037,-26.91270099272926],[-49.049680792192355,-26.91275002945189],[-49.0494714046089,-26.91317745428744],[-49.04940975615001,-26.91417719294175],[-49.04962652231448,-26.913272994095436],[-49.050281461508874,-26.912864476823337],[-49.05019434938085,-26.912100301113725],[-49.050477260445874,-26.911803764347045],[-49.05225764723787,-26.912237253051302],[-49.055466867228255,-26.912486757842],[-49.056560120404804,-26.912959821079784],[-49.057766644014364,-26.914171139467225],[-49.05847562577572,-26.915284057693007],[-49.058696266700125,-26.918179262181383],[-49.05849847523163,-26.91905651956979],[-49.05857216958962,-26.919773799268793],[-49.05837305261816,-26.92059493213405],[-49.058409251948575,-26.92124738110123],[-49.05853732182282,-26.921576486527727],[-49.0588915324602,-26.92139032322813],[-49.05920768729351,-26.921798051586727],[-49.0591819750399,-26.922055827253207],[-49.059012744838945,-26.922149181468914],[-49.05948581631574,-26.92220391145183],[-49.059425191255926,-26.92239634453377],[-49.058906420097586,-26.92276199693233],[-49.05870731578793,-26.922621690888633],[-49.05882840778691,-26.922412791759754],[-49.057980624699525,-26.92284682616191],[-49.0574152552378,-26.922864152966543],[-49.05751420663777,-26.92230370764934],[-49.057175506276,-26.921698099891398],[-49.057196910243604,-26.921187458886745],[-49.05636018212809,-26.92077158807412],[-49.056825564915535,-26.92108774802435],[-49.05694554985277,-26.92139653278587],[-49.05609254703184,-26.921623000395783],[-49.05547716877302,-26.92140263140443],[-49.05495286819815,-26.921793726100177],[-49.055185594820436,-26.92217712969587],[-49.0550916706089,-26.922504119479413],[-49.0549082218106,-26.92257985015181],[-49.05413199782792,-26.922364718313705],[-49.05374471596047,-26.922479917483976],[-49.05370171179634,-26.92285153627964],[-49.054152264343884,-26.922899934409994],[-49.053972264672254,-26.92334627225219],[-49.05414776423811,-26.923495510329857],[-49.052515090299856,-26.925208225742583],[-49.052342500897254,-26.92517323231373],[-49.051072737231806,-26.925744284705985],[-49.05116119331274,-26.925572840322353],[-49.04972711086837,-26.926009950315137],[-49.04924407533687,-26.925942509445758],[-49.049121480923695,-26.926108737573475],[-49.048385158143425,-26.92620897749201],[-49.045775976370145,-26.927297821845297],[-49.04452892267592,-26.927526532398296],[-49.0447618191577,-26.927667181730634],[-49.04514707674896,-26.92758477594309],[-49.04523829823171,-26.927926320867705],[-49.04543573962015,-26.927674578355663],[-49.04553742486649,-26.927948756647908],[-49.04588314796652,-26.92808396388791],[-49.048502573086466,-26.928250228343433],[-49.04855914295029,-26.92856042360132],[-49.048699242442126,-26.92839439672979],[-49.04868182326229,-26.928000793146985],[-49.05010039972553,-26.927798008731415],[-49.0508534107414,-26.927372586175704],[-49.051141647848205,-26.92736154146663],[-49.051224527022136,-26.92713539390483],[-49.05214106435785,-26.927124699959407],[-49.05227226555826,-26.926879439324416],[-49.05262352750856,-26.92689717040805],[-49.052963976869236,-26.92602205658279],[-49.05367175767893,-26.925658106291767],[-49.05480155873429,-26.92465012508299],[-49.0555924705904,-26.924169104330105],[-49.05589342071817,-26.924243552317307],[-49.056187623186496,-26.92466841320734],[-49.05624531148403,-26.92439593372627],[-49.05591493232701,-26.923814819845962],[-49.05658162225986,-26.924579409432766],[-49.05786278133186,-26.92516355137633],[-49.05698830716396,-26.92604797266538],[-49.056560809652716,-26.926210482957174],[-49.05632715384289,-26.926108112925295],[-49.05626635204136,-26.926250268129948],[-49.05602004182455,-26.9262801179956],[-49.05599696984744,-26.926782611567614],[-49.05521053877488,-26.9279210320168],[-49.05526019433885,-26.92800995531369],[-49.05582319261471,-26.927229459711146],[-49.055986179872434,-26.927212946323774],[-49.0563295772928,-26.927603706019287],[-49.05619988920637,-26.928042167568343],[-49.05538210814822,-26.928159991995965],[-49.05541308139593,-26.92831074549875],[-49.054800148276406,-26.928673954689867],[-49.05449671638712,-26.9290340264657],[-49.053835917443365,-26.929193773122595],[-49.05372374858437,-26.929442115570016],[-49.05400208971023,-26.929463255955206],[-49.054105148980284,-26.929789858099024],[-49.05458497493063,-26.929845264394274],[-49.05499244465508,-26.929557649464606],[-49.055090706795596,-26.92975785461323],[-49.05542173090179,-26.92978317600412],[-49.055364229016355,-26.930055118072776],[-49.05514568764768,-26.930175532191548],[-49.05530588625392,-26.93025068502697],[-49.055080225310185,-26.931027475916846],[-49.05516538986963,-26.931478948753995],[-49.05552109994931,-26.930248355171774],[-49.05636976313284,-26.929168051822582],[-49.056801011314846,-26.928985536844603],[-49.05727421617014,-26.929159086937517],[-49.05777549693793,-26.92957513547823],[-49.0579999135619,-26.92950824013233],[-49.057968514232336,-26.92988038249794],[-49.05834595253641,-26.930343887658644],[-49.058817863705904,-26.93051684087057],[-49.05861461693017,-26.930571778472416],[-49.05858261214559,-26.93075205184901],[-49.05899425885257,-26.93115252791591],[-49.05858245423584,-26.931738965739594],[-49.058524252488525,-26.93223200800411],[-49.05866163187022,-26.93198710426537],[-49.059462647952294,-26.93198635080011],[-49.059438974637615,-26.932386648377253],[-49.05915189543237,-26.932527271978444],[-49.05877718673238,-26.93235009631298],[-49.05852229219447,-26.932745529216454],[-49.059304445110904,-26.93304674624168],[-49.05966238437382,-26.933636019999575],[-49.060131040097446,-26.933760427278784],[-49.06100756783974,-26.934323660270856],[-49.061351327711556,-26.934863253886157],[-49.06189211070739,-26.935255136183823],[-49.06255529355375,-26.935254564898653],[-49.06385924230625,-26.93605386670345],[-49.06401895618299,-26.93628697476868],[-49.06449308745515,-26.93615538836302],[-49.06485527871578,-26.93642298757139],[-49.06505271962236,-26.93638290780995],[-49.064871775685376,-26.93665228968829],[-49.064920726988284,-26.93702054998721],[-49.06520328382825,-26.937262277008053],[-49.065125710295995,-26.937372052594966],[-49.06551634054961,-26.937929525911173],[-49.06442334286827,-26.938517087346003],[-49.06443569654127,-26.938711904911113],[-49.06374271394404,-26.939185121481177],[-49.06405953782853,-26.939111385089575],[-49.064498198364575,-26.93924339142586],[-49.06481775746457,-26.939138575483756],[-49.06500039452631,-26.939358457602587],[-49.06537566014785,-26.93932861108741],[-49.06573213857666,-26.93886952575677],[-49.06555965078199,-26.9385187305304],[-49.065898017926045,-26.93875287414956],[-49.06640819224494,-26.93857571423584],[-49.06628079241524,-26.93877440164811],[-49.066889421492505,-26.93892918444686],[-49.066830747635024,-26.939093264771095],[-49.067218631473466,-26.939325362692195],[-49.067328231729455,-26.939579411665438],[-49.06740432145551,-26.939459863512113],[-49.06767023620343,-26.93947203252204],[-49.067665480301955,-26.939794033203487],[-49.06786023058382,-26.939969089082748],[-49.067790831534,-26.93915926962319],[-49.06735322604042,-26.938807552859434],[-49.06717191301935,-26.938508541493512],[-49.06726687640182,-26.93833155734551],[-49.06684116827234,-26.937971419488193],[-49.06695546684491,-26.937743627208828],[-49.06656617816161,-26.937608503213823],[-49.066686367503884,-26.937357944785177],[-49.06715807308256,-26.937653009343773],[-49.06750073038984,-26.93764795305529],[-49.06751158962303,-26.9378811936456],[-49.06770239513379,-26.938015864976435],[-49.06845874374109,-26.938110014305572],[-49.06850189692912,-26.93854314646422],[-49.068753360632485,-26.93863931279049],[-49.06891967757573,-26.939014390666273],[-49.06988223978391,-26.939846380726653],[-49.0713130674198,-26.939711966095448],[-49.07162101083507,-26.940007524760173],[-49.07231234315363,-26.93998727928313],[-49.072558816307875,-26.939961979280184],[-49.07261623918515,-26.939724040922375],[-49.07288533922001,-26.939729106512935],[-49.074107761567056,-26.940164039990965],[-49.07491505320482,-26.940732950035613],[-49.07533148294284,-26.941933744739146],[-49.07449846032211,-26.941957446984873],[-49.07436038350192,-26.941370241109176],[-49.07325648215626,-26.9415411483035],[-49.07307046887041,-26.94181707877285],[-49.0735886704496,-26.94223055947889],[-49.073481227134735,-26.942359636179756],[-49.073815727157154,-26.942296917084622],[-49.07398517125161,-26.94243153217725],[-49.07417023244718,-26.943230721793736],[-49.07460235563927,-26.943699251805498],[-49.074891603718115,-26.94377739577918],[-49.074758553570256,-26.944240978443183],[-49.07486448489645,-26.94436451115856],[-49.07697730742927,-26.944080097090026],[-49.076763590288046,-26.944623482798818],[-49.07495000016475,-26.944681241327782],[-49.07490213514312,-26.94457474892844],[-49.07475742342553,-26.944684564544374],[-49.07492125543152,-26.944740767688533],[-49.074901439950956,-26.944904005186363],[-49.07574778544875,-26.944836768097638],[-49.07601174350803,-26.94496100144817],[-49.076058584895655,-26.94532327014065],[-49.075388519522384,-26.945381672243077],[-49.07531864559437,-26.945526832335133],[-49.07550769008827,-26.94588234541691],[-49.075994440768746,-26.94603778867974],[-49.07590781726241,-26.946367466896085],[-49.07616005969414,-26.94641351348636],[-49.076177501817604,-26.946734355327067],[-49.07642923442833,-26.94690087562244],[-49.07609982954364,-26.947354895015376],[-49.07557154675307,-26.947597184845115],[-49.07572645758634,-26.947642329655313],[-49.075594975346064,-26.947873853767078],[-49.07546895827977,-26.947697179298405],[-49.075268670635424,-26.9477179044546],[-49.07544454985743,-26.94778820796778],[-49.07464768691229,-26.94921416522289],[-49.07323628211462,-26.949852336770455],[-49.07240345579607,-26.950530996116573],[-49.07207969749329,-26.950984562014078],[-49.07181743458562,-26.952262837876688],[-49.07170247234863,-26.95457910827112],[-49.07069918643246,-26.956316597049153],[-49.07123316086533,-26.955838812192166],[-49.071799044992254,-26.9548645356266],[-49.072072904514364,-26.95363544806426],[-49.07202378133318,-26.95241577682748],[-49.072229951204406,-26.9523654568329],[-49.07204874152033,-26.952154026146715],[-49.07221477872425,-26.95115514166376],[-49.07331998690384,-26.950144066951548],[-49.07491177175571,-26.949541421903593],[-49.075364956599515,-26.949185498014494],[-49.07535886970331,-26.949488905175397],[-49.0750637137081,-26.9494935291873],[-49.075223215958985,-26.94954923665372],[-49.075308248680734,-26.949850084401767],[-49.07519280240161,-26.95012581771201],[-49.07536977707972,-26.950199247136716],[-49.075304510157004,-26.950324639639007],[-49.07559537255537,-26.95024131794886],[-49.07534209228037,-26.950026226923878],[-49.07556730742278,-26.949690249832383],[-49.075740900256754,-26.949667929087802],[-49.075608299546694,-26.949577929567575],[-49.07563128581706,-26.949252219809434],[-49.075373488136734,-26.94899908470036],[-49.07549768847331,-26.949002742006677],[-49.075792174516025,-26.948114864581115],[-49.07686514206,-26.946845303025793],[-49.07738346324347,-26.945744762281265],[-49.077542075052556,-26.94569884893809],[-49.07737336959794,-26.944988039651957],[-49.077675334357394,-26.94455989263337],[-49.0775168002112,-26.944090465240077],[-49.07604360207515,-26.9421479467712],[-49.076548403779334,-26.941743528589534],[-49.07639478602485,-26.941385204985615],[-49.07550544927816,-26.9405402969777],[-49.07318164304609,-26.939382269498406],[-49.071607805315615,-26.93927067881999],[-49.071145716052605,-26.938934104072313],[-49.07022505546198,-26.939225571163693],[-49.069757406164335,-26.93901848401011],[-49.06931169922,-26.93808389269567],[-49.06957363976906,-26.937942820149896],[-49.0698672855325,-26.93807152004699],[-49.06994199436136,-26.93792700075104],[-49.0693946087128,-26.93780869686357],[-49.069052742775206,-26.93788969916154],[-49.06873933838111,-26.937330115528994],[-49.068154784110575,-26.936889462407567],[-49.068329647836116,-26.936777340304133],[-49.06870462862958,-26.93682858079649],[-49.06893409063419,-26.93656721987965],[-49.06905347022284,-26.936655621767503],[-49.069280273752526,-26.936572822242262],[-49.068957023919026,-26.9365208102453],[-49.06917154357753,-26.93632452291609],[-49.06907589080848,-26.936176736095227],[-49.069838925877825,-26.93526136018297],[-49.0689437224637,-26.935939189787693],[-49.06902211774644,-26.93616074275239],[-49.068842572144646,-26.936111165495458],[-49.068961861332454,-26.936239491767935],[-49.06875702861417,-26.936443129863445],[-49.068764614500544,-26.936251971774883],[-49.06853906078096,-26.936372672183243],[-49.06829653553261,-26.936127252727836],[-49.06742935806147,-26.936342858099547],[-49.06709554524055,-26.93593143306876],[-49.06750371193572,-26.93567923852928],[-49.068236664900326,-26.935878531654023],[-49.068084651238784,-26.93577454116643],[-49.06831734833578,-26.935805959880636],[-49.06809200452781,-26.935681344690945],[-49.068123407516936,-26.935476867045956],[-49.067940848995704,-26.935448512256745],[-49.06795821364814,-26.935624846380716],[-49.06742410758041,-26.935445722804403],[-49.067227941923285,-26.935579589022968],[-49.06699808577654,-26.93551619046925],[-49.06686690877989,-26.935920393182343],[-49.06606857142222,-26.935329084156084],[-49.0645290852883,-26.93477384429172],[-49.06404167559039,-26.934424146060937],[-49.063558991863836,-26.933838585555424],[-49.063528372571504,-26.933199262062946],[-49.06325386950542,-26.933010606859796],[-49.0630700165303,-26.932621888634948],[-49.063200569142325,-26.931756749296014],[-49.062465438417384,-26.930898297029763],[-49.062361212243374,-26.929779997307705],[-49.06207394190258,-26.929601999309273],[-49.06251294573453,-26.92940098258868],[-49.06255819928545,-26.929758230266614],[-49.062836664594705,-26.92993543009228],[-49.06300613132269,-26.929826183431995],[-49.06294090608473,-26.92928709631216],[-49.063581233092656,-26.929146843446322],[-49.064209051972455,-26.929394039082393],[-49.06446241845088,-26.929191640285254],[-49.064292627517055,-26.929037918702377],[-49.06480135973065,-26.928866452633446],[-49.06567461563455,-26.928964493181926],[-49.06578052034815,-26.92866216276368],[-49.06583607672084,-26.928631143828593],[-49.06597162369045,-26.928603877318825],[-49.06597845217969,-26.92859720163537],[-49.065853812223814,-26.92849372859898],[-49.066030561139726,-26.928151376249644],[-49.06550246961277,-26.927954100275688],[-49.06513796378837,-26.926898344673102],[-49.064157888163464,-26.927036963042767],[-49.064346645801635,-26.9266547270165],[-49.06424199073637,-26.925885045846094],[-49.06451733399938,-26.925711598234734],[-49.06475276322008,-26.926009486093506],[-49.06474377273198,-26.925690178374243],[-49.065288219504055,-26.925649977929528],[-49.06510142983086,-26.925469004486644],[-49.06634598786478,-26.92583873879445],[-49.066407295075344,-26.92602552415899],[-49.06650895225218,-26.925914794020468],[-49.067355415875504,-26.926063551073796],[-49.06769086383034,-26.926739080319468],[-49.06853559362613,-26.92699108831991],[-49.0688107824581,-26.926910667634615],[-49.06850035728271,-26.926519011325105],[-49.06890956239872,-26.926287508275053],[-49.068763553881055,-26.925842089375617],[-49.069096824950115,-26.925805923526035],[-49.06943882755944,-26.92602003235875],[-49.06968431146645,-26.92579255615305],[-49.06976195643711,-26.925529345078875],[-49.07022868320742,-26.925484119520448],[-49.06970880439133,-26.925310182528733],[-49.06983455328223,-26.925045004488332],[-49.07026322475275,-26.92489357205157],[-49.070574077550404,-26.925265831123372],[-49.071033801078265,-26.925170627121066],[-49.07134500917778,-26.925295597258817],[-49.0705162101675,-26.924813610916416],[-49.07045106496938,-26.924947238535584],[-49.07012814673077,-26.92474880387961],[-49.070030036345614,-26.92433699736313],[-49.06966818168921,-26.9241348594668],[-49.06928019024597,-26.92424831038538],[-49.06919816626128,-26.924556425139997],[-49.06784703544571,-26.925192123354734],[-49.0655073451176,-26.924594329990708],[-49.06552119399762,-26.92441788559774],[-49.0651260194466,-26.92413983567715],[-49.06524411450388,-26.92395006212649],[-49.065098501987954,-26.923097160685742],[-49.065186325808455,-26.92295239228796],[-49.06546828660203,-26.922926906216865],[-49.06545285832096,-26.92223183217471],[-49.06635857425902,-26.921754995756274],[-49.06631658652674,-26.921076621368766],[-49.06654901354075,-26.92078839558319],[-49.06641566095478,-26.920629450484086],[-49.06602632448809,-26.920831272901694],[-49.066079237563756,-26.92121920389064],[-49.065808669494935,-26.92105393237782],[-49.06551298555594,-26.92111937676541],[-49.0651454535682,-26.92097496040075],[-49.06506246916398,-26.921159021404304],[-49.0647655136996,-26.920911280384484],[-49.06428691840288,-26.92130322624131],[-49.063946530218956,-26.921146381284125],[-49.063416188752804,-26.92136118084836],[-49.06343725473871,-26.921234619599474],[-49.06322536353693,-26.92126450923677],[-49.064222515791805,-26.920263920880583],[-49.06425298673874,-26.919964063399114],[-49.06606994609861,-26.918383500397674],[-49.06712549355648,-26.91714990642539],[-49.06796985418178,-26.915657369347045],[-49.06869080150189,-26.913427246647835],[-49.06954553729064,-26.912925505780482],[-49.07002265464224,-26.913480552129247],[-49.07020637275676,-26.913786703120284],[-49.070035397024505,-26.913863514496562],[-49.07029821937698,-26.914334280227237],[-49.06999160431532,-26.914695309226204],[-49.07097665105845,-26.915266044547913],[-49.070656874628554,-26.91581348310365],[-49.07102461218946,-26.91582949729878],[-49.07105732278053,-26.915624920676635],[-49.07134178047806,-26.91554088232555],[-49.0714667732303,-26.91565567629514],[-49.071222017986926,-26.91619780932785],[-49.07083048180491,-26.91604351222309],[-49.070826398006425,-26.916365149270952],[-49.07011092498735,-26.91618584701994],[-49.07058118655927,-26.916513842667236],[-49.07079990801341,-26.91644433839116],[-49.07120982917628,-26.91686699034818],[-49.071550012419046,-26.91691628584431],[-49.07146513537303,-26.917098844993536],[-49.07177249285903,-26.916898266917734],[-49.07324495458463,-26.917033369713167],[-49.07365627169979,-26.916916671271995],[-49.0736640955699,-26.916599904085018],[-49.07348121955423,-26.916437142808306],[-49.07376018167328,-26.915131724585134],[-49.07395968234182,-26.91504401157937],[-49.07475142674647,-26.915373662554025],[-49.0750072750524,-26.915174750227255],[-49.07489326667982,-26.91451071893542],[-49.0749953714956,-26.914208533967884],[-49.074679354890776,-26.9142317676489],[-49.074674813742746,-26.913905106723334],[-49.075031659755936,-26.913813633548234],[-49.075167942084676,-26.914125009569013],[-49.07542238273903,-26.914030293006054],[-49.07563484656193,-26.91431587611042],[-49.076800307885215,-26.91474539598363],[-49.07705660226151,-26.91504195615374],[-49.07709913225871,-26.914858978237593],[-49.07690856669458,-26.914691488393796],[-49.07706499582383,-26.914397158328693],[-49.07665494562347,-26.913924116953062],[-49.0768583223436,-26.913882970865195],[-49.077084247438194,-26.914279765459735],[-49.077455263767284,-26.913929282989912],[-49.07855440034677,-26.91377207713291],[-49.079576433474834,-26.914219561553352],[-49.079578468838214,-26.913913543097568],[-49.08007668349918,-26.91359259944535],[-49.08007699009449,-26.912702322054148],[-49.081350565545144,-26.9133719266005],[-49.08066686774306,-26.914141369948577],[-49.08096307851316,-26.91428400072486],[-49.08063631676061,-26.914571521590712],[-49.08079366591621,-26.914845796470768],[-49.081683778176064,-26.915056246691233],[-49.08148936450262,-26.915214854184818],[-49.08168051424458,-26.91529687790222],[-49.081991603840464,-26.91487478105784],[-49.08231306282085,-26.914916967694918],[-49.08222360544834,-26.91537239510239],[-49.08272393839406,-26.9156677803701],[-49.08306115239077,-26.91639693764337],[-49.08335159324602,-26.916287182083597],[-49.08341265157106,-26.916527671693444],[-49.08373654354196,-26.916766152467883],[-49.08388962709626,-26.91673977601255],[-49.08373920460906,-26.916598817527298],[-49.08454592066314,-26.916882175093995],[-49.084579600973434,-26.917099968068385],[-49.085088659353076,-26.916879006131882],[-49.08532385261854,-26.917261754326557],[-49.085848167433795,-26.91709606838279],[-49.086238590478374,-26.917385432589345],[-49.08649494609593,-26.91702707909075],[-49.08667617133425,-26.917057003455728],[-49.08692422001971,-26.91684151727855],[-49.086746383407196,-26.91732859782283],[-49.08651687378832,-26.917309565202046],[-49.086436714491235,-26.917492996945203],[-49.08692250662428,-26.917278581430033],[-49.087149757754496,-26.91736055974646],[-49.087373222856314,-26.91716852630796],[-49.08732250893233,-26.916928785410693],[-49.087096455547695,-26.916653769183966],[-49.08654736693683,-26.916551319255205],[-49.08622186100805,-26.916235602240288],[-49.086150788517315,-26.915972679010682],[-49.08641308925322,-26.915445221372774],[-49.08822942447757,-26.915871961009422],[-49.088946167396024,-26.915844324726493],[-49.08861654855651,-26.91573949191107],[-49.088969665781725,-26.91562632736144],[-49.08878518230544,-26.915443261534534],[-49.0890661075817,-26.914978819207416],[-49.08925560901893,-26.915026336287657],[-49.08921525437326,-26.915315777409415],[-49.08935726216818,-26.915451325701707],[-49.089243595657884,-26.91576722885133],[-49.08968816677547,-26.915183618901107],[-49.089948342793235,-26.915132641282646],[-49.08996872077302,-26.914806919798544],[-49.090172203518414,-26.914720292025137],[-49.09047428492925,-26.914371587022288],[-49.09055948603262,-26.914529341642023],[-49.09008525466663,-26.9154634383182],[-49.090410282580486,-26.91513631431532],[-49.09061934350131,-26.91522241887016],[-49.09027263176648,-26.915492104054277],[-49.091157282239834,-26.915268973571493],[-49.09090626779035,-26.915136956444208],[-49.09105718946092,-26.914885930512877],[-49.09090915021943,-26.914618156436994],[-49.09082822434886,-26.915105859646758],[-49.09047218582861,-26.91499373904421],[-49.090838368721,-26.91449296128041],[-49.0912560729261,-26.914608127390903],[-49.09082609800249,-26.914339598085128],[-49.090888312967294,-26.91410467918578],[-49.09135602171699,-26.91410417617279],[-49.0914832934155,-26.914688908604635],[-49.09153660940946,-26.914225131799427],[-49.09190683534754,-26.91418556486392],[-49.09212102879009,-26.91431713799297],[-49.09212315881469,-26.914808806782105],[-49.09271032806023,-26.915426636460975],[-49.09260297550166,-26.91585815030017],[-49.09217074084216,-26.9162153709547],[-49.092262220876336,-26.916668780890895],[-49.092648837234,-26.916339370012388],[-49.093255029574436,-26.916206126644767],[-49.09387229557027,-26.91705319485734],[-49.09429888360416,-26.917226937959068],[-49.094542096528976,-26.917817596564586],[-49.094237415482205,-26.918258430803437],[-49.09437671031527,-26.918270531863538],[-49.09436155696361,-26.91871305297048],[-49.09464255972296,-26.91942728627912],[-49.095074284401655,-26.919451246806727],[-49.09598124169964,-26.919168913913687],[-49.096572533911534,-26.91863475156369],[-49.09714027496236,-26.91913041773497],[-49.097821296289226,-26.9191816365696],[-49.098339891407036,-26.917939684745424],[-49.09902913435834,-26.91777907230697],[-49.100102110276744,-26.91911860920726],[-49.09978222244062,-26.918414365027026],[-49.09906269941052,-26.917662692570637],[-49.0982684252975,-26.917791351726155],[-49.09791000802022,-26.91823699774382],[-49.09766334473501,-26.919031342793872],[-49.09688457545179,-26.918525157529995],[-49.09645429282451,-26.918428308054075],[-49.095927535754434,-26.918954023212535],[-49.09490522839595,-26.919252413807413],[-49.094714758060256,-26.919177991202886],[-49.09455127810388,-26.918580708498972],[-49.09481912367317,-26.91799189492586],[-49.09495962147501,-26.91817291466422],[-49.09564041918861,-26.917514122078092],[-49.095386515562424,-26.91727590730724],[-49.095476640194995,-26.916721922531487],[-49.09532504209082,-26.916535088567073],[-49.09534239255562,-26.91604102454363],[-49.09483790049405,-26.91581165980067],[-49.09373937090707,-26.91592394883756],[-49.09357013253543,-26.915619721788953],[-49.09315327719317,-26.91552441871649],[-49.093202083393024,-26.914948776717843],[-49.09260934377261,-26.914802454747363],[-49.09259551571142,-26.9140577217],[-49.0923963055652,-26.913840300404832],[-49.091577780595564,-26.913636365907674],[-49.09137447032618,-26.913302782753682],[-49.0912872409955,-26.913611743787417],[-49.09096537485205,-26.91355394439265],[-49.09035248366869,-26.91309884942148],[-49.09060454418098,-26.912972653168342],[-49.09091839778213,-26.913154790563343],[-49.09110333729054,-26.913099446850204],[-49.09140728012672,-26.91246379127583],[-49.091441393174534,-26.9119895290045],[-49.091748265728384,-26.911748201968184],[-49.09196535665667,-26.91127181281749],[-49.09339536129983,-26.910904738503053],[-49.09313865346961,-26.91072013219211],[-49.093218265193315,-26.910431994683055],[-49.092833013137664,-26.909925387303456],[-49.0924575368751,-26.90984117692368],[-49.09179256806511,-26.910222644361887],[-49.09083477768137,-26.91042216523407],[-49.090429971391984,-26.910420614239026],[-49.089710684758614,-26.910098141301376],[-49.08912870163996,-26.91014371639007],[-49.088537175614746,-26.909857721596453],[-49.088797623781794,-26.909112390308938],[-49.088569663076186,-26.908728849657358],[-49.08824682192827,-26.908881155415372],[-49.087963823772014,-26.909478464855624],[-49.0876010695767,-26.909786350827176],[-49.08711066323844,-26.909549435804525],[-49.08681292807753,-26.90976015651703],[-49.08675291735051,-26.90963934287912],[-49.08614280962755,-26.910446225967675],[-49.085674511414474,-26.910406747497014],[-49.08548173805687,-26.910617775523065],[-49.0854596592412,-26.911344998406687],[-49.08447296190635,-26.911763822040438],[-49.08454267612619,-26.91167877062918],[-49.0838095197818,-26.911820058072898],[-49.083046674335755,-26.91128657224403],[-49.082830118855256,-26.91127432136491],[-49.082721225555275,-26.91151313625261],[-49.08248341117366,-26.91130891193113],[-49.082428836940025,-26.91096954087511],[-49.08213191954509,-26.91103553757306],[-49.082169809934285,-26.910771294688075],[-49.082348436169006,-26.910613134483295],[-49.08234722610369,-26.910358484298687],[-49.082599010612505,-26.910420022961084],[-49.08280797906503,-26.910298396492987],[-49.08275859746591,-26.9095064102348],[-49.083862700138546,-26.90820211261159],[-49.0850002244741,-26.90758694696195],[-49.08515728480086,-26.90736634796513],[-49.08488639576765,-26.907397497727615],[-49.08462370363358,-26.907198802744706],[-49.084002157028195,-26.9074810326221],[-49.0836579358133,-26.90730757055439],[-49.08343906582487,-26.907581756531016],[-49.083192442764705,-26.907468104721914],[-49.082865617773685,-26.907728574850825],[-49.082315431386554,-26.907810768690815],[-49.08225737979377,-26.908151422889567],[-49.082087085200044,-26.908039561293915],[-49.081892493563906,-26.908270598359277],[-49.08135761607801,-26.908285544213708],[-49.08136350659451,-26.908092749336955],[-49.081170058459925,-26.90816506828708],[-49.08097799280774,-26.908006452340622],[-49.08063745095564,-26.90821734920363],[-49.08007623627044,-26.907795429570456],[-49.079603493041255,-26.90689542929672],[-49.07923297408035,-26.907091775918417],[-49.07895472621251,-26.906966735417186],[-49.078263024534635,-26.906429999167138],[-49.07785807621336,-26.90587708126081],[-49.077143440859935,-26.905582400680682],[-49.077181057781466,-26.905773804844223],[-49.07686952597558,-26.906096395744964],[-49.0770984066069,-26.90633010886304],[-49.077171688879076,-26.906228287660568],[-49.0773840265072,-26.9063513110683],[-49.07737667890381,-26.906782909230202],[-49.07778003988575,-26.907794013469932],[-49.077282272489505,-26.90862544336726],[-49.07753274770927,-26.908749928256878],[-49.0772964602639,-26.90938109434362],[-49.07737880812927,-26.909517139841693],[-49.07673224690686,-26.909243573157127],[-49.07628840335231,-26.909285313139986],[-49.07607423870591,-26.909602500511504],[-49.075738396296614,-26.909528857737726],[-49.075527678825004,-26.909190388233142],[-49.07565857865847,-26.909178746166464],[-49.07559806842978,-26.908802421161557],[-49.075908752742116,-26.90851881676259],[-49.07566837402438,-26.908249997821276],[-49.075501480611415,-26.9082997628636],[-49.07554258541921,-26.90805584595452],[-49.075169572607905,-26.908506728641722],[-49.07523578211751,-26.908969845659477],[-49.074885442508844,-26.90985994363518],[-49.07434477713323,-26.90975268255569],[-49.0742383015667,-26.90986334805863],[-49.073961133549616,-26.90976845011237],[-49.07351023106382,-26.909869249572353],[-49.07332138944037,-26.90967723945625],[-49.073600486064834,-26.90904557220303],[-49.074029853715636,-26.908833782007036],[-49.07383177195625,-26.9085864156289],[-49.07396134258086,-26.907946536773228],[-49.0741261534904,-26.907884231747445],[-49.073887133890445,-26.90751767544895],[-49.07362492668021,-26.9077167258522],[-49.07323201196584,-26.907666572737348],[-49.07323755497815,-26.908033586734472],[-49.07272847105025,-26.908144119642962],[-49.07270132467986,-26.9090622997572],[-49.072314298815165,-26.91029351572821],[-49.0719314748031,-26.910218657694593],[-49.071474345894,-26.910772241745256],[-49.07153979894041,-26.91110190850039],[-49.07089792391197,-26.91137075059494],[-49.070195120863794,-26.91212478814537],[-49.07023474276338,-26.912683493031917],[-49.06960639620914,-26.912485420491308],[-49.068967671801644,-26.912787108582382],[-49.06909066039261,-26.910941974945654],[-49.06951364241757,-26.909963842349047],[-49.06983353654771,-26.90740330225024],[-49.069506409155174,-26.905836245377145],[-49.06897507771219,-26.905154406151382],[-49.06869229800068,-26.9045153015637],[-49.06876759192604,-26.904213925147012],[-49.068601566247665,-26.904177994821975],[-49.06849320834209,-26.90437973694377],[-49.06826271043463,-26.90416881236538],[-49.068218357046966,-26.90386707253106],[-49.06839500200692,-26.90395263932704],[-49.06851154688018,-26.903821952464],[-49.06801906114806,-26.90310489598603],[-49.067784987044206,-26.903158413921368],[-49.067328906581174,-26.902672458411395],[-49.06711711361499,-26.902885651256586],[-49.066871740603574,-26.902855352139284],[-49.065888769575004,-26.902056369696428],[-49.065768562303845,-26.901775953989993],[-49.06615100301504,-26.90118794583264],[-49.06640211535997,-26.901257265676477],[-49.066473791479154,-26.90143813234369],[-49.066294896579954,-26.901848036787264],[-49.06661103816823,-26.901777988797342],[-49.06674067624973,-26.901887099124075],[-49.066637721273096,-26.901327795473556],[-49.06705423325194,-26.900807519134183],[-49.066456015465604,-26.900527840449975],[-49.0663359936054,-26.900657817955555],[-49.0658570033981,-26.900677477828722],[-49.0657152614953,-26.900198505413993],[-49.06616055097319,-26.899934163684524],[-49.06558569445904,-26.8993673966842],[-49.06545948016854,-26.899058669890223],[-49.06559541300033,-26.899041620904168],[-49.065562868890105,-26.898726545538732],[-49.065153539060816,-26.89870694039442],[-49.06527588701021,-26.898527841136467],[-49.06516143681276,-26.89839615302376],[-49.0648494495771,-26.898425353918757],[-49.064147353496715,-26.898069341528796],[-49.064411347939455,-26.898568725367642],[-49.064141459437394,-26.898519870231258],[-49.06423360986094,-26.898605277235465],[-49.06401931040174,-26.898782670550887],[-49.0641976653075,-26.89889698329449],[-49.06410713481016,-26.899106851435423],[-49.06390041456229,-26.89920091143133],[-49.0636592756856,-26.899087390540576],[-49.063593820059786,-26.89921190733811],[-49.06417059528685,-26.899983038031884],[-49.06453275601105,-26.89996935172957],[-49.0649663260519,-26.90060182414449],[-49.06545558222491,-26.900848266219416],[-49.06545319634799,-26.9013041360553],[-49.06558777094105,-26.901391135080406],[-49.06576755791862,-26.90118359487046],[-49.0655212408891,-26.901597528476543],[-49.0639756800312,-26.900424942850435],[-49.06297573604022,-26.89944590509678],[-49.06181362482666,-26.898225128140602],[-49.06158885295439,-26.89769021073242],[-49.06133991829592,-26.89769552347954],[-49.06043970888059,-26.897010336765216],[-49.06012275342714,-26.89622530288343],[-49.06037953066299,-26.89548781715879],[-49.06144756981163,-26.895349531632537],[-49.06302545103638,-26.895724678894144],[-49.067747610081085,-26.897406619344338],[-49.06862017535014,-26.89794514325567],[-49.069772950315624,-26.89806330519284],[-49.07154935813025,-26.898875894838834],[-49.07238491102449,-26.898999771174736],[-49.073029375302745,-26.89929826089491],[-49.07505497334101,-26.899428541677757],[-49.07543085632209,-26.899302130471607],[-49.07514788728631,-26.89914035616079],[-49.075305094384014,-26.898954436010964],[-49.07614468616161,-26.899081105795037],[-49.076313337652614,-26.898768972973564],[-49.0761518897597,-26.89838049717278],[-49.07640673612358,-26.89828379242917],[-49.07647167051031,-26.898534903965196],[-49.07674570765122,-26.89826932892974],[-49.07661177481201,-26.89817890047748],[-49.07708883734527,-26.89823818832524],[-49.07755447359952,-26.897767172441995],[-49.077488392356734,-26.89736623776049],[-49.07761402269931,-26.89730461765287],[-49.077847361967066,-26.89747411018485],[-49.07777588982108,-26.897614880473537],[-49.07808902777383,-26.897759062401814],[-49.077908436854294,-26.89790663782685],[-49.07808279335609,-26.89781081446796],[-49.07831568955784,-26.898009443594322],[-49.07890399000396,-26.89758812169098],[-49.07939107765858,-26.898135937581017],[-49.08021709293174,-26.898073361854692],[-49.08038773124482,-26.897775915237776],[-49.08055661356781,-26.89782664855466],[-49.08059506336319,-26.89759272192898],[-49.08082455917022,-26.897609839974855],[-49.08110811736236,-26.897407905398968],[-49.081199242927745,-26.896958879193626],[-49.08151146084371,-26.896988975235416],[-49.08156560885351,-26.896764426512846],[-49.08109817605667,-26.896456911902785],[-49.08100322425615,-26.896222266473234],[-49.08149825512387,-26.896398995531634],[-49.081777544470654,-26.896123358059892],[-49.08202852844318,-26.896089557203123],[-49.08230200217959,-26.895580413507552],[-49.08270464944111,-26.895666618703185],[-49.08288265163753,-26.89529940733648],[-49.08329711151792,-26.894991298901104],[-49.08319057327132,-26.894771419523057],[-49.08366429869799,-26.894799197065304],[-49.08402730435606,-26.89443565917867],[-49.08361707407306,-26.89388033138446],[-49.083936325242725,-26.893736017375307],[-49.08436172505105,-26.89409348489159],[-49.08486205364063,-26.89330130323785],[-49.08476637818989,-26.893106935400727],[-49.08503955540907,-26.893115150600188],[-49.08500820843946,-26.892695537509184],[-49.08528421492318,-26.89271761690473],[-49.08536744691183,-26.892566098553996],[-49.08505762101625,-26.89240327971362],[-49.08476389130685,-26.892727543302335],[-49.08422620646206,-26.892703090891732],[-49.08346825632705,-26.893402404156365],[-49.08249573008379,-26.893683952923997],[-49.082650652238314,-26.89429026651993],[-49.08222888164115,-26.894313588289116],[-49.08196956288353,-26.893846808170757],[-49.0817112921046,-26.893895995404563],[-49.08187550613069,-26.893629397147254],[-49.081713551025096,-26.893448141838626],[-49.08128420166393,-26.89363219850601],[-49.08089750107745,-26.894000906454924],[-49.08092684639874,-26.894359166659047],[-49.08071457798358,-26.89439543948689],[-49.0805237265226,-26.894688940093005],[-49.08069227009512,-26.895037996148627],[-49.08080184302401,-26.894988565049008],[-49.080466512179335,-26.895503005011776],[-49.08071293923947,-26.895772566562133],[-49.08059354652612,-26.895895261967283],[-49.080381906954315,-26.895790160769238],[-49.0802274978068,-26.89598680931642],[-49.079916227054085,-26.895861487591702],[-49.07882644689638,-26.896898850921527],[-49.078446460220995,-26.896696810469695],[-49.07895200311453,-26.896079889916713],[-49.078889826432096,-26.895828781700843],[-49.07950454051212,-26.89527708855115],[-49.08170629437712,-26.89257416399085],[-49.082577304269115,-26.891810652503743],[-49.08307068390083,-26.89158822731092],[-49.08406953191448,-26.890473819728463],[-49.08476860664138,-26.890423666870475],[-49.08549903959548,-26.889870579489273],[-49.085965988341805,-26.88990265260421],[-49.08587244693947,-26.889429028803633],[-49.08612349818787,-26.889507796021896],[-49.086662005603074,-26.88923264421654],[-49.08661349582463,-26.888566743080375],[-49.08679391628223,-26.888446129801252],[-49.087238248548275,-26.888574227585362],[-49.087457095767654,-26.888287873875782],[-49.08692452621453,-26.888106678581302],[-49.08689063636227,-26.887941811574052],[-49.087057236078145,-26.887727014077832],[-49.08734351960064,-26.887889103919488],[-49.08753774788281,-26.88773429401992],[-49.08732553795334,-26.887503148723372],[-49.08740938601049,-26.887392378228835],[-49.08785171608182,-26.887492868875633],[-49.087769095109884,-26.88718858150072],[-49.08812507684066,-26.887002469579297],[-49.08785846678572,-26.88675817104957],[-49.087926352983736,-26.88645338550012],[-49.08844112885988,-26.886015062615773],[-49.08841698182031,-26.885796941274872],[-49.08864684296232,-26.885944898799885],[-49.088644129281846,-26.886234183510613],[-49.088867196330135,-26.886012295359194],[-49.089401002731535,-26.885021423247167],[-49.08986002987614,-26.883521274426055],[-49.09117403344907,-26.882923159614702],[-49.09124756684674,-26.88276669434289],[-49.091288542375025,-26.882964971465935],[-49.0916391272893,-26.88294373152177],[-49.091683409306164,-26.88263460929648],[-49.09071447046035,-26.881923686586653],[-49.090473670376156,-26.88156755026022],[-49.09069260055236,-26.88131676913759],[-49.090746437628376,-26.880116148295954],[-49.09096705553858,-26.879359723795286],[-49.09022981129865,-26.879347159570138],[-49.09044324579248,-26.880031158854266],[-49.09028251562965,-26.88026493404564],[-49.09041361843927,-26.880832665485055],[-49.09000649564495,-26.88115461481803],[-49.089990125276465,-26.88137557631827],[-49.09024949073217,-26.88136725877155],[-49.090120489563674,-26.881993543716224],[-49.08995096284899,-26.882045173609846],[-49.08970228368114,-26.881779153993747],[-49.08945082097622,-26.881981029358986],[-49.08951696950998,-26.882251835945617],[-49.089244358039835,-26.882380528057045],[-49.08864427240291,-26.883672868340835],[-49.089037553803365,-26.884114263689746],[-49.08856068899971,-26.88408117346759],[-49.08821353336893,-26.88519572740216],[-49.087768865127266,-26.88499877585841],[-49.08743652215554,-26.88530761160724],[-49.08725407895425,-26.885234658224565],[-49.08757066200378,-26.884258295058824],[-49.08804501123198,-26.883672738285295],[-49.0880106103724,-26.883371022804646],[-49.08826412110915,-26.8832555834782],[-49.089062140476884,-26.882283831079754],[-49.08891417713495,-26.881592336824955],[-49.08937447494219,-26.881809246181426],[-49.089603395575665,-26.881732847101247],[-49.08950050777738,-26.88161010484704],[-49.08973809484096,-26.88079374160569],[-49.09011430424851,-26.880308655903228],[-49.0899928039605,-26.87978054582826],[-49.08978083032628,-26.88018883096248],[-49.089628551969845,-26.879688086888468],[-49.089919624269264,-26.878893114290655],[-49.09070547798011,-26.878336200043588],[-49.09222402620637,-26.877944614505548],[-49.09237640504328,-26.878106221860595],[-49.09197653171358,-26.87836320569234],[-49.09233894278795,-26.878318541449218],[-49.09247322592591,-26.878461731114864],[-49.092269052091325,-26.87921489961361],[-49.092907998946544,-26.87974103829174],[-49.09301427826496,-26.87936571070194],[-49.09280208176567,-26.87894563690052],[-49.09340003080007,-26.8787773705918],[-49.09320604132627,-26.878556737956504],[-49.09322002179534,-26.878415789281956],[-49.09302929713232,-26.878215198333738],[-49.09299125846842,-26.878045787640872],[-49.09343024594695,-26.877861984823937],[-49.093341100632934,-26.87807689561987],[-49.09345789941032,-26.87818113511799],[-49.09381265821725,-26.877756776095428],[-49.09411236015479,-26.877682891824783],[-49.093623062306236,-26.877494256103358],[-49.09348665241067,-26.877050571276055],[-49.094902171749176,-26.876748737238472],[-49.095668935361545,-26.877313822378056],[-49.09595274651364,-26.877294287188413],[-49.09612494170223,-26.8776070349969],[-49.096128659597724,-26.878561698028584],[-49.095910799845804,-26.87946020773068],[-49.09614338093756,-26.87966573398212],[-49.09586727401257,-26.880614351620395],[-49.09535256441957,-26.880735396487626],[-49.09562093072609,-26.880978718576376],[-49.095914378396024,-26.881714055316294],[-49.0952223585994,-26.881676462861865],[-49.095092060116635,-26.882287082399426],[-49.09447745415711,-26.882362464362686],[-49.09395767556985,-26.882897923072402],[-49.09401392479978,-26.883371008388657],[-49.09429720254793,-26.883563389081296],[-49.09448450426247,-26.883953489358937],[-49.0935787272351,-26.885401542457952],[-49.093769451980755,-26.885479105310157],[-49.093428459498426,-26.885802712852435],[-49.093493100817184,-26.886083367582103],[-49.09362868359439,-26.88628487174294],[-49.093519941728424,-26.886513099325875],[-49.09385351656431,-26.88649404580157],[-49.09399726911633,-26.886698913829974],[-49.094501151882376,-26.886196965689223],[-49.094985120224784,-26.885336472697432],[-49.094892046867486,-26.884396539958185],[-49.09503426684728,-26.883849620159925],[-49.095958947849006,-26.882744539930204],[-49.096730478891,-26.882809772040442],[-49.0968275118662,-26.883073807276087],[-49.09708789151862,-26.8831003108614],[-49.09726980227763,-26.883035066716808],[-49.09740685027053,-26.882650990157583],[-49.09773461903803,-26.882509939374152],[-49.098470775882575,-26.88267603995199],[-49.09895997338506,-26.882609184537806],[-49.099648304798826,-26.882825260542468],[-49.1028588719849,-26.881659079838027],[-49.10384786975413,-26.881106814481655],[-49.10432300005021,-26.88095690629668],[-49.104588923693306,-26.88102694819618],[-49.10471096423221,-26.880844720192176],[-49.10560747592958,-26.880533743079003],[-49.10683050172153,-26.87969046160079],[-49.107541485225326,-26.879474236929305],[-49.108349694644076,-26.879437797240218],[-49.10869495084425,-26.879714690498435],[-49.10907495903387,-26.879633654167577],[-49.10990815914978,-26.879839926563527],[-49.109855647011926,-26.88022226014311],[-49.11012297964127,-26.880407780018356],[-49.11042133119381,-26.88125101312948],[-49.11061069967301,-26.880815628275016],[-49.1109764766155,-26.881602631024162],[-49.11099721464765,-26.881997090192723],[-49.11060658631932,-26.881901572752973],[-49.110678413384605,-26.882115444556394],[-49.10949131893532,-26.883043030157392],[-49.10894698923233,-26.883043303446495],[-49.10908280132493,-26.883348558242353],[-49.109037306473155,-26.884003364409445],[-49.10926499233737,-26.8837425045148],[-49.10976219748174,-26.883987228127022],[-49.109826593911954,-26.88420630102516],[-49.11118277857918,-26.88441839971138],[-49.11312353383023,-26.88500011796465],[-49.11439088658479,-26.88600553469302],[-49.11447269641121,-26.886693262546398],[-49.11607120131863,-26.886558530796087],[-49.1181276190349,-26.886616487642197],[-49.118873507894314,-26.886781602997733],[-49.11949056149491,-26.887471133921846],[-49.1197877112591,-26.887496984755618],[-49.120426484675185,-26.887999975841335],[-49.1214775707091,-26.88907705313807],[-49.122026427102675,-26.890077172093054],[-49.12237923724971,-26.891257392888974],[-49.12286469474417,-26.89159688821906],[-49.12310677943428,-26.892201897676085],[-49.12452884159476,-26.89274125284601],[-49.12528429607052,-26.892709366773584],[-49.12541253704407,-26.89292389116165],[-49.12704520565124,-26.892820451380967],[-49.12891550904418,-26.892102382864064],[-49.13052301394828,-26.89173930987886],[-49.13126761779661,-26.891323126865654],[-49.13163894285003,-26.89135290789079],[-49.13163724401618,-26.891181336400056],[-49.13242971075584,-26.89081791502428],[-49.133942487546776,-26.8906579522379],[-49.134557702724145,-26.890723856650094],[-49.13529828521126,-26.89139499970227],[-49.135316934846685,-26.891622042683284],[-49.1350605565608,-26.891670092105002],[-49.13527291036967,-26.89222492812773],[-49.13485585256092,-26.89259359129671],[-49.13406584474581,-26.89258533129547],[-49.13411021410053,-26.8928179722441],[-49.13449883687894,-26.89286978121655],[-49.134536350409064,-26.89300067738504],[-49.13434596431268,-26.893501580363935],[-49.13403408219558,-26.893776447187395],[-49.13461981273463,-26.89379473301695],[-49.13484845947223,-26.893966660691664],[-49.13484879606478,-26.89427264179483],[-49.13457023455211,-26.894593684904986],[-49.13554526022928,-26.89501332646253],[-49.13462089143899,-26.89541105902301],[-49.13542851684768,-26.895432222874522],[-49.135629205400924,-26.895975154179386],[-49.13547066198249,-26.89628486382604],[-49.1356803182467,-26.896672007973077],[-49.13602034086429,-26.89612031203516],[-49.136365885006455,-26.89598719709811],[-49.1359106607956,-26.895453643817806],[-49.13647354011823,-26.89423147459463],[-49.135805857088684,-26.89394784494697],[-49.135743242711754,-26.89379679945554],[-49.135319185596096,-26.89394490796104],[-49.13521278384272,-26.893785519565142],[-49.13533209029659,-26.893114807825814],[-49.136793832332316,-26.893610225572218],[-49.13745033948952,-26.893588180841785],[-49.13710303067272,-26.893401237760514],[-49.13724527955024,-26.893354683690117],[-49.137937646637724,-26.89341763366205],[-49.13831384067547,-26.89363713277924],[-49.139968138846335,-26.893549453599352],[-49.14024026391706,-26.89403272124436],[-49.140215839200444,-26.89343341702107],[-49.141685048881904,-26.893253970316778],[-49.14187495116253,-26.893999136776053],[-49.14160523581387,-26.895003709521212],[-49.140655884177406,-26.89632964035668],[-49.1405882295141,-26.896772437294935],[-49.14023484881021,-26.897136400638136],[-49.140225246622286,-26.89758878305026],[-49.139942472528695,-26.8978440104599],[-49.14040365401809,-26.89846154083464],[-49.14018467815271,-26.89867444867627],[-49.140551160759166,-26.898737548986688],[-49.14095262592831,-26.898482755205716],[-49.14134891178588,-26.898854001992394],[-49.141773060904654,-26.89901871275404],[-49.14292632152487,-26.89908598267848],[-49.144147552792624,-26.89862449145022],[-49.14525803790949,-26.89882092091551],[-49.146371630005646,-26.898439933230037],[-49.14631934306615,-26.899106638563378],[-49.14571481817713,-26.899290621448706],[-49.14557756379252,-26.89966097576367],[-49.14593341134238,-26.90044512205396],[-49.145914709696875,-26.90071592131823],[-49.146610349431135,-26.90122155746358],[-49.1466963420785,-26.901377849785852],[-49.14650342244128,-26.90169477594215],[-49.14704349554661,-26.902135245094783],[-49.14680307759644,-26.90281812625794],[-49.14717779646552,-26.903371022442172],[-49.14700720666772,-26.903877101117715],[-49.14633680152883,-26.904518160265557],[-49.14565533863884,-26.904997905367303],[-49.14526425336965,-26.905076066522444],[-49.14532181746858,-26.90517590066068],[-49.146482463123085,-26.90497208636885],[-49.147154162110695,-26.905356663322745],[-49.147134808908575,-26.90565706835268],[-49.14653142010405,-26.90624586109021],[-49.14639735537472,-26.906868855613087],[-49.14615262177219,-26.907047765634356],[-49.14634464430842,-26.907204568098013],[-49.146325740996126,-26.90767736320086],[-49.14597775974239,-26.908200339371955],[-49.14629437638251,-26.908416691014036],[-49.146460408079385,-26.908452697658],[-49.14616266059237,-26.908149023006985],[-49.14636445725151,-26.907804604856207],[-49.14663703785296,-26.90632374725163],[-49.14726733539082,-26.9057068649331],[-49.14735925074467,-26.905436692929108],[-49.147168884128554,-26.904986228968074],[-49.146748483122096,-26.90476462694638],[-49.14761487924428,-26.90341786369008],[-49.14805877352742,-26.90340787495617],[-49.147981126354665,-26.903253592690824],[-49.147703806821404,-26.90335476002545],[-49.147686924140146,-26.90305392901961],[-49.148066648578606,-26.902691577515252],[-49.14817312368712,-26.902958796312635],[-49.14831754947652,-26.902927332126566],[-49.14859417629956,-26.903183575095667],[-49.14951752880908,-26.902981822765604],[-49.150086721395255,-26.903102456478727],[-49.149482422322926,-26.9027910934343],[-49.14894060575252,-26.90295426361542],[-49.14864632165623,-26.90289965575015],[-49.14834687317081,-26.90226439714747],[-49.14878352909405,-26.902124034626837],[-49.14905361630484,-26.90163186122381],[-49.1485757110898,-26.90203049742282],[-49.1480717089212,-26.90176391111888],[-49.14751248196923,-26.901817485591813],[-49.14675448331297,-26.90163828050599],[-49.14702462367343,-26.901269704589403],[-49.146538769631135,-26.900463998195345],[-49.14648480510032,-26.899889000866665],[-49.14653964631431,-26.899613954196592],[-49.146793017280594,-26.899511930642614],[-49.14694937933368,-26.89820556219417],[-49.14890779719065,-26.89836808373438],[-49.1498409667294,-26.898217172153597],[-49.15146427670479,-26.89708743302796],[-49.152410599183035,-26.89589060706166],[-49.15280208919777,-26.89578118956851],[-49.15298867898563,-26.895858122871825],[-49.152966669902405,-26.89612154345166],[-49.153538824334746,-26.89598385904064],[-49.15388751667557,-26.89562931770558],[-49.154467345461185,-26.89563288598957],[-49.15457286627697,-26.896047730369588],[-49.154329274454774,-26.896213667758463],[-49.154729279151006,-26.89634250130997],[-49.154604356411824,-26.89669188655371],[-49.15491411425016,-26.896798319359892],[-49.155219836948135,-26.896227045477886],[-49.15494138907407,-26.895918875644867],[-49.15508779933266,-26.895394737437485],[-49.15564453232835,-26.89524322739486],[-49.15658475042477,-26.895284157456082],[-49.15684232251945,-26.8950012901579],[-49.15604831505988,-26.89504523690106],[-49.15488226870582,-26.89488544843914],[-49.154163352021826,-26.895191202255667],[-49.15393853426139,-26.89511546547872],[-49.15368074905463,-26.894662374964057],[-49.153518960780566,-26.89457151233202],[-49.152916624202916,-26.894813028450322],[-49.152579027797735,-26.89518655297624],[-49.15248853336729,-26.894941936686756],[-49.152214236902715,-26.895403290262514],[-49.152078733072884,-26.895299739118943],[-49.153236217203236,-26.89368609476285],[-49.15363046616977,-26.893467248367674],[-49.15497053276091,-26.891420035167855],[-49.15702387441613,-26.88921601161759],[-49.15816301719586,-26.888268849632958],[-49.15975868502427,-26.886086808035866],[-49.161942864928896,-26.88519966994216],[-49.16527969124847,-26.883271301176052],[-49.16921211174383,-26.881816834578196],[-49.171848280484035,-26.880437168058823],[-49.174417267269355,-26.879381192724264],[-49.175723573738686,-26.878694643623422],[-49.17403759246848,-26.879328918659706],[-49.173017725863026,-26.879932164430386],[-49.17047992977636,-26.880685818549967],[-49.16903198681022,-26.88154532684386],[-49.167772102501964,-26.881824839975287],[-49.16607780235435,-26.882486385994635],[-49.16236722528736,-26.883420747921278],[-49.162165309244976,-26.88385715947106],[-49.161610921121294,-26.884362361728158],[-49.16131903336439,-26.8843488684918],[-49.16075790462355,-26.88461003765583],[-49.15986964628089,-26.884650500724987],[-49.15941337170318,-26.885242598263634],[-49.15926175702622,-26.885218377233052],[-49.158604727842665,-26.885699075476378],[-49.15685218640775,-26.88848702515013],[-49.15573818250425,-26.889383697122454],[-49.15451110301652,-26.89076837886537],[-49.153632397436795,-26.89210938079658],[-49.15214495234401,-26.893365054655526],[-49.15158094681022,-26.89363210158789],[-49.15130418195812,-26.894759627438624],[-49.15086946246908,-26.895320073331924],[-49.15053768233352,-26.895490130284266],[-49.14927947054712,-26.895849364563606],[-49.147304177109255,-26.895645197070177],[-49.14743720261805,-26.895751606346504],[-49.14702936513434,-26.895615610363418],[-49.146031808698226,-26.894616524212264],[-49.14530665452146,-26.89350549880096],[-49.14346990473033,-26.89150047447443],[-49.142337916747074,-26.891510234259417],[-49.142283939160905,-26.891068062596844],[-49.14279720654206,-26.890859134309373],[-49.1432219679451,-26.890432036102844],[-49.1428305800258,-26.890673843983034],[-49.14201995505973,-26.890699923464947],[-49.142229234841516,-26.890850795333627],[-49.141989450385225,-26.891186709212988],[-49.14204120326234,-26.89136697492332],[-49.14166791117394,-26.89156842120554],[-49.14037563659018,-26.891483120442462],[-49.13936391027463,-26.89110866006037],[-49.13937928873975,-26.88983260554342],[-49.13894355486329,-26.889359416252127],[-49.13897119242431,-26.888539139582946],[-49.13914295955393,-26.888424957804546],[-49.13958492182194,-26.888715167716672],[-49.139600256891114,-26.888496338016193],[-49.14078668704238,-26.887640924187558],[-49.14077163572234,-26.88669775322875],[-49.14051721146271,-26.88638865658343],[-49.140654274426794,-26.885928047867107],[-49.14092985083323,-26.885715273052327],[-49.14162930840978,-26.88600579848592],[-49.14163920378417,-26.886440495504583],[-49.142182870740875,-26.887073483472417],[-49.143167609143106,-26.886896889163566],[-49.14335704475605,-26.887025202645034],[-49.143293720064456,-26.88735295237673],[-49.14360195469278,-26.88740294130062],[-49.144100944828104,-26.887829216940055],[-49.144950385056404,-26.88936643103598],[-49.14445068415988,-26.89063895378255],[-49.14413623354079,-26.890796840817682],[-49.14483656764149,-26.89104751151],[-49.144651106454326,-26.89130204567829],[-49.14435371258693,-26.891357554386442],[-49.14462189415679,-26.892030711579835],[-49.144525601503794,-26.892197609103278],[-49.144794532858924,-26.892326625949252],[-49.14483108763725,-26.892139155647204],[-49.14494221083373,-26.892286020341956],[-49.14543482803323,-26.892002172821172],[-49.14522163556947,-26.89162768806507],[-49.145449436411134,-26.891333942007503],[-49.145451940438555,-26.891250585748487],[-49.14490110086019,-26.890715298478657],[-49.14521509884009,-26.89008962772803],[-49.14523270263904,-26.889484429871395],[-49.14488020383496,-26.888225230128732],[-49.14564502223416,-26.88780972835108],[-49.145276194537196,-26.887986464864557],[-49.14462972881485,-26.887951201484594],[-49.14353272737517,-26.886847299561413],[-49.14348785961246,-26.886638451333397],[-49.143609754082114,-26.885505399428915],[-49.14399875973631,-26.88508641635639],[-49.14487978028593,-26.884558653271085],[-49.144838282239476,-26.883998314849777],[-49.14516425043151,-26.883899911318156],[-49.145746356456954,-26.88399739142495],[-49.144945902847994,-26.88371096594768],[-49.14515929570506,-26.883509662538803],[-49.14569788245508,-26.883591763362467],[-49.145803397423265,-26.882774642865456],[-49.14556682762526,-26.881847386382237],[-49.14502249421739,-26.881415315807786],[-49.144997577782334,-26.88083353540963],[-49.14512061103019,-26.880727835750378],[-49.144979194815946,-26.88054739933103],[-49.14595038707621,-26.880855521526126],[-49.146067264861635,-26.88045815906046],[-49.14493551754642,-26.879906905652803],[-49.14428733695081,-26.8801243244325],[-49.14350794930238,-26.879948177677377],[-49.14278391798469,-26.877670263996887],[-49.143014366233146,-26.877414020325585],[-49.14312345734826,-26.876843107316162],[-49.14462548262074,-26.877085703342416],[-49.14407164020682,-26.87686005939389],[-49.14324380604211,-26.876155305598203],[-49.14262442131734,-26.876012728945433],[-49.142394757760854,-26.875896144059077],[-49.14241003883799,-26.8757625173943],[-49.14218753702413,-26.87580591715204],[-49.14232122285143,-26.87544721822725],[-49.142215501490725,-26.875230716009746],[-49.14251729863365,-26.87518879078115],[-49.14251447139187,-26.875405259338148],[-49.143001099937884,-26.875293365499097],[-49.14298297548549,-26.87493158689066],[-49.14256841777437,-26.87473179680156],[-49.14274067863195,-26.874695604067547],[-49.14273213083184,-26.874478498168887],[-49.14260013989363,-26.87454856833598],[-49.142730168217355,-26.874269959619323],[-49.14231910406723,-26.874248271043093],[-49.14179133190618,-26.874586964313952],[-49.141644726077736,-26.87534768413482],[-49.14183907836067,-26.87535231054203],[-49.141804690309286,-26.875635722062658],[-49.14156456920621,-26.875662762377917],[-49.14170441692014,-26.875817681748167],[-49.14149996122078,-26.875776330423278],[-49.141372819968566,-26.874991477438062],[-49.141620006313694,-26.874368307209924],[-49.14222885283768,-26.873995929313494],[-49.143020293082294,-26.873023358409228],[-49.14360893349254,-26.873081337069557],[-49.14439645766164,-26.873627353907764],[-49.144455528516154,-26.87336447444265],[-49.144737945698765,-26.87339520962193],[-49.14457007765772,-26.872808893167107],[-49.14410770078264,-26.87216185611425],[-49.144651644028265,-26.872115119838185],[-49.14517994269893,-26.87163661136822],[-49.146034447514005,-26.871267091872866],[-49.144946215261506,-26.871267012135068],[-49.1436293928178,-26.87179001371791],[-49.14343631911144,-26.87169697856775],[-49.143449597130115,-26.871265355215506],[-49.14321256259947,-26.871373491592358],[-49.14342724976843,-26.871530248619596],[-49.143071170252654,-26.871507163372318],[-49.1431339938347,-26.871618293294436],[-49.14278923226458,-26.871372602233173],[-49.14269114292093,-26.87170623061594],[-49.14260149396144,-26.871267185866238],[-49.14318745370984,-26.868906515080482],[-49.14337612066452,-26.868854225221554],[-49.14376493615417,-26.869069986518873],[-49.14357355347207,-26.868719005812796],[-49.14324399254574,-26.868662352645977],[-49.14314046179215,-26.868163358846434],[-49.14330303135862,-26.868015924939062],[-49.143687846553675,-26.86799676165949],[-49.14377100278951,-26.86823504270324],[-49.145007603215404,-26.869266238650894],[-49.14520891048472,-26.869589307719476],[-49.14609435337829,-26.869550451638162],[-49.14722522540036,-26.868735232380253],[-49.147846744719665,-26.86780695319937],[-49.148586008473934,-26.867297525144284],[-49.148703387295264,-26.86695257602756],[-49.14846032153446,-26.86684273649498],[-49.148672918534295,-26.866482873551664],[-49.149223205607825,-26.86667521229183],[-49.1498972162779,-26.86735069067845],[-49.15047015539362,-26.868893294760824],[-49.15030876983851,-26.869286477516447],[-49.15046376613235,-26.869584389076284],[-49.14964062049595,-26.870441639685044],[-49.14910628281817,-26.87072339376104],[-49.14938354738811,-26.870796279123926],[-49.14906725512109,-26.870840042614997],[-49.14902574815268,-26.871022704444904],[-49.14948879822094,-26.871208301212242],[-49.14955185614598,-26.87104809010074],[-49.14979103166215,-26.87105849044603],[-49.149703219597136,-26.870823505388568],[-49.150067246404845,-26.87083804279352],[-49.14991829971705,-26.870406721236076],[-49.15010419761824,-26.87022474449994],[-49.15036454976392,-26.870247972722495],[-49.150864892829546,-26.869548869479072],[-49.15109554898455,-26.86949794539888],[-49.15099630874508,-26.869270537285953],[-49.15207988895818,-26.86942284981736],[-49.15244241392602,-26.869310880091174],[-49.15170898633607,-26.868955891810618],[-49.15173363198541,-26.868788477287705],[-49.151533243006085,-26.868808299457918],[-49.153320356229536,-26.867927855679234],[-49.15352450913437,-26.868036364829226],[-49.15330416140674,-26.8687926091438],[-49.15347470011103,-26.868992427039785],[-49.15391398590147,-26.86906899124594],[-49.15510546804584,-26.867874595847667],[-49.15511376062058,-26.867733293467623],[-49.15451530232027,-26.867738794105758],[-49.15484238289738,-26.865985433111476],[-49.15388713190433,-26.86465175649366],[-49.155231643850655,-26.863763381033543],[-49.156130723624116,-26.862875674719287],[-49.15606095445797,-26.861557039007696],[-49.155854392029866,-26.86103213371516],[-49.15616507595601,-26.861081154709378],[-49.15613486095772,-26.86126843148717],[-49.156404530941415,-26.861113409972084],[-49.1565416073472,-26.860732314744237],[-49.15630574715244,-26.860593157609316],[-49.15607750012925,-26.860696535546264],[-49.1562394884746,-26.861046485793473],[-49.155822951437806,-26.86088547822605],[-49.15576993955519,-26.860370673988914],[-49.15602019645125,-26.860431805002587],[-49.15571017084701,-26.860290735786336],[-49.155691402888635,-26.860088908249853],[-49.15608592080482,-26.85958078139207],[-49.15589818888261,-26.859504073261007],[-49.15689446414387,-26.85896929960712],[-49.157394919416454,-26.858204332848544],[-49.15795497830071,-26.857887741767254],[-49.15822447604137,-26.85743574200207],[-49.158282564481986,-26.856941618554274],[-49.15873752752608,-26.85665117544486],[-49.15844609308217,-26.856518177865244],[-49.15852022481681,-26.855406850807046],[-49.158339635193144,-26.855484488164468],[-49.15793581292398,-26.85447152751786],[-49.15775007211134,-26.85434135110038],[-49.158002856941515,-26.85514076674173],[-49.1571828176441,-26.853722900342724],[-49.15574868766463,-26.85306935602114],[-49.15543063460714,-26.853301800950025],[-49.156960512200754,-26.853983103807252],[-49.15824679726791,-26.856212980411787],[-49.15799122471455,-26.85659611922237],[-49.15789113594229,-26.857475197016765],[-49.157737676921556,-26.857669636400505],[-49.1575346835898,-26.857792707347365],[-49.15773184164469,-26.857530882334952],[-49.15761726749499,-26.857355794228695],[-49.15661486704172,-26.858457262132983],[-49.15655679789648,-26.858142702734348],[-49.156437625520105,-26.858173376221053],[-49.15653956256554,-26.85850929795034],[-49.156343587840446,-26.858820080945968],[-49.15569828700748,-26.859086902669517],[-49.15538548406858,-26.859508533518085],[-49.15527204426028,-26.860398787296557],[-49.15573965263785,-26.86192582912802],[-49.15571523004202,-26.862646573008366],[-49.1555067997254,-26.86306753902639],[-49.15472168296188,-26.863359892281224],[-49.15399677619712,-26.863326557287195],[-49.153779948438654,-26.86312067250372],[-49.15367358115764,-26.86325757337318],[-49.15386238851476,-26.863660500751116],[-49.15326619715083,-26.864338345313346],[-49.153939659337865,-26.8656797541912],[-49.15360233451036,-26.86534921973619],[-49.15351829146114,-26.866358782123392],[-49.152958116149655,-26.867187301835052],[-49.15314808902513,-26.86755954090831],[-49.1530167403796,-26.867707110473688],[-49.150866065540036,-26.868479768902333],[-49.15052603596701,-26.867562891694796],[-49.150835358997014,-26.8677225665023],[-49.15097793290487,-26.86757555340978],[-49.15089664548372,-26.867294399224914],[-49.150662678626446,-26.867135073004537],[-49.1506367223067,-26.86740748655754],[-49.15048983419676,-26.8674450785626],[-49.149661830077754,-26.866457768023785],[-49.14880012668246,-26.866060256271446],[-49.14864767635793,-26.865465060248667],[-49.14833701428035,-26.865398289611665],[-49.14837206133014,-26.866028332630915],[-49.14820090526904,-26.86641276333442],[-49.14690671609422,-26.868155943769864],[-49.14658694187793,-26.868260240084364],[-49.14646456638461,-26.86875545298784],[-49.146259274311866,-26.86879034460355],[-49.14602774139228,-26.86913172381378],[-49.1453856553511,-26.86916409423252],[-49.145158477822,-26.868757671777022],[-49.14542510814032,-26.86845057876653],[-49.14584831911189,-26.868644831258027],[-49.14582130732618,-26.868407790847446],[-49.14608312976554,-26.868023695871944],[-49.14589646961401,-26.867647679715304],[-49.14624977154184,-26.867802416624826],[-49.14633251607351,-26.867717461739204],[-49.1463674105935,-26.86792764236478],[-49.14649401289853,-26.867929478542674],[-49.14690837356086,-26.866801168150907],[-49.146677154543454,-26.866704625543125],[-49.146374346855296,-26.866801281557194],[-49.14632196350035,-26.867148440548753],[-49.146223138827985,-26.866768232201093],[-49.146080848769806,-26.86687652848095],[-49.14611183470768,-26.867101066963016],[-49.14595871575569,-26.866782399399263],[-49.146115896137516,-26.86645797017138],[-49.14591037360513,-26.866148758408855],[-49.145768642442505,-26.866128808773652],[-49.14551342769127,-26.866541856067006],[-49.14525119049458,-26.866498640890914],[-49.14539152458721,-26.86696911690093],[-49.1452907106944,-26.86728001857799],[-49.14498651508934,-26.867396447274587],[-49.14484577804174,-26.86727792885495],[-49.144917507790844,-26.867029254288898],[-49.14518715219952,-26.866963202141502],[-49.14503953721436,-26.866752273401353],[-49.14497342768035,-26.86682757151355],[-49.14498745488852,-26.866722020998797],[-49.14511308013382,-26.866785568788004],[-49.145009305267045,-26.866620122612638],[-49.14471280543227,-26.866747672498608],[-49.14486266632961,-26.86702497608574],[-49.14483096138194,-26.867148966704402],[-49.14446087418934,-26.86678175831473],[-49.144563006874314,-26.866697600044755],[-49.14435212429554,-26.866747744177818],[-49.144537597932946,-26.866587259460182],[-49.144336951092505,-26.86658022663387],[-49.1440777544901,-26.866337642306675],[-49.144272121553705,-26.86663689702155],[-49.14417036068139,-26.86671597344112],[-49.14387506693114,-26.866326549140705],[-49.14384937951422,-26.86624338991938],[-49.14388706808454,-26.866196435352098],[-49.144015572525596,-26.86629270730236],[-49.14392119012336,-26.86606264081131],[-49.1442278237637,-26.865922092059186],[-49.1443884436011,-26.866137602056906],[-49.14428334340698,-26.866192653121367],[-49.14468069354099,-26.86649485262502],[-49.14452638447063,-26.866113649109156],[-49.14459345045119,-26.865707251900467],[-49.144258450544456,-26.86563113953567],[-49.14444802400978,-26.865430343696094],[-49.14402061320986,-26.865427940235683],[-49.143808780494176,-26.86519452400652],[-49.143553557947,-26.863566303962653],[-49.14323875502169,-26.863551692298785],[-49.143348245300565,-26.863130366458165],[-49.14363687264004,-26.863077242225515],[-49.14368682612907,-26.86335603934005],[-49.143958176190864,-26.863208670027756],[-49.144266132975424,-26.862019401842062],[-49.144211063762484,-26.861828771510126],[-49.14399125150311,-26.861806379464582],[-49.14413742185492,-26.861571291446538],[-49.14367815053146,-26.86180814936091],[-49.143780053591975,-26.861288310076613],[-49.14365286949354,-26.86093668712854],[-49.14330588980325,-26.860399645458145],[-49.14342545651771,-26.860260936580133],[-49.14332055345262,-26.859555775490065],[-49.143258279841696,-26.860367285605157],[-49.143680971029006,-26.86110789525856],[-49.14371864334671,-26.861452467498744],[-49.14357209675943,-26.86181716065604],[-49.14302552705399,-26.862310800505426],[-49.14248897241127,-26.862415820159548],[-49.14211575350305,-26.86229319464793],[-49.14296521603317,-26.86278979843983],[-49.14308708161296,-26.863136057094053],[-49.14272915503205,-26.86397447340816],[-49.14235992265892,-26.864008787051784],[-49.14240962950269,-26.86431045794485],[-49.14225687072739,-26.86441226050396],[-49.141925582619066,-26.864399682082272],[-49.14219949207152,-26.864564967596504],[-49.14222943929187,-26.864937627691607],[-49.14102846446359,-26.86500676160607],[-49.14085726459129,-26.86469273950055],[-49.14097073074512,-26.86446015253906],[-49.14036860700906,-26.863800454694484],[-49.140042222875735,-26.863959947715877],[-49.13961340970746,-26.863512899817138],[-49.139278796924756,-26.86341847692821],[-49.14000992056117,-26.864172940370608],[-49.13965678411404,-26.8640345708528],[-49.138857537907754,-26.86299898058327],[-49.1383658293842,-26.862954986042453],[-49.13769494229962,-26.862564149454553],[-49.1378476319183,-26.862732619548503],[-49.137695825845,-26.862886095579224],[-49.1381574040606,-26.86298797425754],[-49.138083798472614,-26.863166162018874],[-49.1382993204116,-26.863102086100408],[-49.13812661333652,-26.863339205245367],[-49.13860703788457,-26.863446845690458],[-49.138845062000144,-26.863664403126734],[-49.13907256119625,-26.863616075948308],[-49.13930665161574,-26.864054695269484],[-49.13962201323656,-26.8642480302338],[-49.13938092778454,-26.864318500527578],[-49.14021318461561,-26.864624362444484],[-49.14052162002496,-26.86507752535062],[-49.14156450626612,-26.865497327566892],[-49.14163121073825,-26.865327041237304],[-49.14178733210217,-26.865511352424296],[-49.1417024465186,-26.865674472733122],[-49.142137219353145,-26.866206808914704],[-49.14231050865281,-26.86632989912573],[-49.142765622396404,-26.86630201655401],[-49.14245497952828,-26.865782283980224],[-49.14292829779977,-26.86634105885714],[-49.14278265246653,-26.86663594217602],[-49.142853569005744,-26.866955052843814],[-49.14329369472203,-26.86726697409932],[-49.142763566942094,-26.867735003837087],[-49.14263956042036,-26.869473267707182],[-49.142519973238485,-26.869756450028767],[-49.142224391729265,-26.86979624363601],[-49.14224967160662,-26.87001332951242],[-49.142466717915326,-26.8701506278369],[-49.14221006166061,-26.871022358438598],[-49.14245641961541,-26.873034923826722],[-49.14229497237322,-26.87327747151396],[-49.14225675783031,-26.873123079141262],[-49.14200838670531,-26.873266392055882],[-49.141856776366886,-26.87301182699487],[-49.141950215289945,-26.872471734490894],[-49.14178451254526,-26.872342162541702],[-49.14136794743265,-26.87285535713911],[-49.14173464678424,-26.873001685469912],[-49.14123681027152,-26.873024702747912],[-49.14071393429156,-26.873616117345982],[-49.14037758496686,-26.87436010300027],[-49.14040929949293,-26.875091964246696],[-49.14048640885721,-26.874279365879072],[-49.1410618562546,-26.874339986805875],[-49.14094418819561,-26.87488878432545],[-49.14066683155455,-26.87533536880428],[-49.14052157818028,-26.87533817705483],[-49.14058543477048,-26.87558282487072],[-49.13988653841105,-26.875319669481115],[-49.13963755122931,-26.8755167760875],[-49.13827776131799,-26.87542069607679],[-49.13776149471031,-26.874855751849953],[-49.13743418511991,-26.87477788744973],[-49.137466137109705,-26.874493975448676],[-49.13761154362506,-26.87461843605662],[-49.13747297798684,-26.87439930715924],[-49.13730706852135,-26.874811063849293],[-49.13691232226494,-26.874726508734987],[-49.13778505952802,-26.874951109327533],[-49.138086410786606,-26.875686334952647],[-49.138473091284744,-26.875585845377415],[-49.13997107887667,-26.875743104956133],[-49.1397707881718,-26.87588205042914],[-49.13990399071016,-26.87598961680821],[-49.140502579060936,-26.875900104566867],[-49.14043328776067,-26.875692453689478],[-49.14075515325485,-26.87573536934563],[-49.14128153171886,-26.87618144679389],[-49.14162987658421,-26.876816174900622],[-49.14232019400867,-26.87694601040585],[-49.14229169826057,-26.877079228106016],[-49.14183640475508,-26.877235968256418],[-49.14118449318517,-26.87715154813028],[-49.141626564342985,-26.87741469573418],[-49.141386867011974,-26.877517987685824],[-49.14133511159318,-26.87778206290598],[-49.141171543863535,-26.877663965793374],[-49.14118371261311,-26.877999425193853],[-49.14101404894578,-26.877289968620737],[-49.14102601663322,-26.877809912068088],[-49.14089687108976,-26.87777003922435],[-49.14093090778028,-26.877464264230245],[-49.140432189814454,-26.87753339266828],[-49.14061809880443,-26.878363652329135],[-49.14018607224486,-26.878492466567586],[-49.140233668168115,-26.87866796779019],[-49.139872698052606,-26.878825393608235],[-49.13964653276984,-26.878740183834534],[-49.13960967640482,-26.87887962863453],[-49.140019705420755,-26.878881442996818],[-49.14015311930128,-26.879142161883927],[-49.140725899219746,-26.87921231613605],[-49.14069242206336,-26.879509555329687],[-49.14002201494395,-26.879600675459113],[-49.14022117980181,-26.880586372002597],[-49.13993608952262,-26.880662372053845],[-49.14005278128094,-26.88143408093222],[-49.140283367534764,-26.881269605337852],[-49.140734882302326,-26.881471891231136],[-49.140281133244486,-26.88155664511668],[-49.14061383935784,-26.8817601520032],[-49.14120096103179,-26.881585000150835],[-49.14121361337259,-26.88175286770614],[-49.141040094686076,-26.88180421257957],[-49.141330692607355,-26.88194120539392],[-49.141612906871266,-26.881648513076506],[-49.14136641077864,-26.88155861834814],[-49.141503722610864,-26.881079111802027],[-49.141594017069615,-26.881228187222476],[-49.14164965343907,-26.881073123930907],[-49.141761819021326,-26.881282135703973],[-49.14168689520278,-26.880566378628387],[-49.141919925932164,-26.880589383619537],[-49.141634076650874,-26.880363079843683],[-49.1416229468396,-26.879691138573527],[-49.142006887505204,-26.879632102753515],[-49.1423616767572,-26.87988153833623],[-49.14205568549232,-26.880882858617],[-49.14218163005253,-26.881881651703893],[-49.141956283737485,-26.882011126318407],[-49.14213751757735,-26.882546718365965],[-49.14311267687442,-26.882927112221218],[-49.14331520721939,-26.882615879214654],[-49.143831017432696,-26.882884504564824],[-49.14503304497559,-26.88302415236114],[-49.14423112925369,-26.883217498617856],[-49.14426334695369,-26.883358168525728],[-49.143900741981234,-26.883650648625746],[-49.142828660258104,-26.883382273095833],[-49.14224910267624,-26.88372532186035],[-49.142233659597984,-26.88487160390049],[-49.14196759627752,-26.885428323007684],[-49.14164381960096,-26.885253320530772],[-49.141945125268734,-26.884373154432236],[-49.14152903884591,-26.883510708713068],[-49.14157170732452,-26.883107410868423],[-49.14096727242297,-26.883186381929242],[-49.14072486936657,-26.88354270686649],[-49.14023825421554,-26.88339271807711],[-49.14026708871351,-26.883263449463552],[-49.13976691116985,-26.883236164624392],[-49.13906014602722,-26.88403388739012],[-49.137660238676354,-26.88350780890796],[-49.13852732019482,-26.88402636341714],[-49.13879360656214,-26.88436155278926],[-49.138597997854895,-26.8852164846095],[-49.13881249753315,-26.88547211352234],[-49.139072202906476,-26.88541456473332],[-49.13892229934128,-26.88556374549459],[-49.139131833171334,-26.88588362849242],[-49.138879514480685,-26.886328133398706],[-49.13862844332664,-26.88636386233223],[-49.13908637255561,-26.886772746609875],[-49.13933466627149,-26.887497235077007],[-49.13978325459971,-26.887522886049606],[-49.13978860807236,-26.88783589209254],[-49.139254247867136,-26.887994215365236],[-49.138773736451775,-26.88800037070541],[-49.138678794127955,-26.88792583116388],[-49.1382130019495,-26.887181255905276],[-49.13817291754853,-26.88685441904068],[-49.13855528982528,-26.886467568270383],[-49.13808213803481,-26.886593045349624],[-49.13804846589078,-26.886903121988862],[-49.137451981065254,-26.886867469044272],[-49.13669766568027,-26.887210832157525],[-49.13578186462852,-26.88687154808435],[-49.13604639621966,-26.886780579122565],[-49.135760644233905,-26.886612523980922],[-49.135024593767746,-26.88728060479099],[-49.13517501668033,-26.887396216560283],[-49.13513929681295,-26.88794880281632],[-49.134746106805174,-26.88844779131506],[-49.134219580228745,-26.888686235564997],[-49.133707905070544,-26.888608135727495],[-49.132749651647856,-26.888815894616137],[-49.13234690340575,-26.888695782600088],[-49.13201013275456,-26.888844145830923],[-49.13022548403198,-26.889003138051326],[-49.12830178973622,-26.889881459218035],[-49.12746445971778,-26.890499577234397],[-49.126201012912105,-26.890878970139763],[-49.12580855260769,-26.890847474915233],[-49.12562248452085,-26.890420889115088],[-49.126010472773714,-26.89010060766238],[-49.12597250680771,-26.88977232329482],[-49.12515529871907,-26.88898912152712],[-49.1250834368289,-26.888651449088105],[-49.12414571949692,-26.888240260554227],[-49.12390507206638,-26.887256401438357],[-49.12378667907747,-26.887233199106255],[-49.1237407806821,-26.887400718002407],[-49.12394679567917,-26.887910576805044],[-49.12378252239113,-26.888078913007654],[-49.12399331978177,-26.88828031442898],[-49.12387238409234,-26.88842392980831],[-49.12237904287081,-26.886916909912106],[-49.12226783145332,-26.886614971783416],[-49.12301103181538,-26.885533638587933],[-49.122599802059504,-26.885568968052876],[-49.122151286605856,-26.8858554787926],[-49.12222888337502,-26.88605564683385],[-49.122030223020516,-26.88626251836175],[-49.12195863217621,-26.886751620474847],[-49.12182927644937,-26.88677900426118],[-49.120078585336344,-26.885394900012784],[-49.11987685020592,-26.885171902728487],[-49.12001327106215,-26.88460520367458],[-49.119834365589554,-26.884055588639058],[-49.11894435045927,-26.88284592235611],[-49.11824294370472,-26.882161521703583],[-49.118293471956896,-26.881673614135696],[-49.11773676902025,-26.8823402488578],[-49.117213702138805,-26.882046503327466],[-49.11655273963228,-26.88206003014036],[-49.116122204741714,-26.88174326368046],[-49.11549445907251,-26.88188972958228],[-49.11504139217362,-26.881689704594287],[-49.11447890429459,-26.88176141598676],[-49.11372253958899,-26.881632761057194],[-49.113279339177545,-26.881325271035998],[-49.11333768695625,-26.88113849374337],[-49.11280878790806,-26.881182100472486],[-49.11224514623232,-26.880802985491105],[-49.11173501993532,-26.879835441986266],[-49.11190696074906,-26.879500495214355],[-49.112083838302894,-26.87957098626628],[-49.11222107710419,-26.879460025880565],[-49.112056953845766,-26.879259285613625],[-49.11223702067116,-26.878960751082],[-49.11218569227042,-26.87869116208933],[-49.11258610833162,-26.877937922789247],[-49.112706477919126,-26.87845849991053],[-49.11287065311434,-26.878049696990395],[-49.11267926897946,-26.877981294342906],[-49.11273914389457,-26.877695818491766],[-49.11322295844361,-26.8773932015346],[-49.11373420118148,-26.87764908808035],[-49.11379575509099,-26.87798210038128],[-49.1140176247477,-26.877901277438678],[-49.114256888331326,-26.87816586303455],[-49.114315983941864,-26.877868037240837],[-49.114880537748085,-26.877872096604335],[-49.11519961545731,-26.878547299738567],[-49.11558191552914,-26.878231283238375],[-49.11570999344633,-26.87829987238443],[-49.11560436763706,-26.878781281207967],[-49.11626347782595,-26.87735627246906],[-49.116036021286426,-26.87747319038316],[-49.11605934541417,-26.877182528679903],[-49.115882615117634,-26.877076020158672],[-49.115990000329994,-26.877229112640638],[-49.11576204016559,-26.877666489076766],[-49.115395234607725,-26.87754394776257],[-49.115545222601625,-26.8770154937493],[-49.11528421858852,-26.8768491538292],[-49.114955381360005,-26.877047483817023],[-49.11489112527901,-26.87737940621094],[-49.114379600481065,-26.87728426786578],[-49.11434081051828,-26.877453780597033],[-49.113959345890784,-26.877460608036852],[-49.11335434991731,-26.877248299076673],[-49.113028835256415,-26.87639878336395],[-49.11323556086206,-26.87513695337149],[-49.11302754891962,-26.874936253708686],[-49.11251093449884,-26.875019645274598],[-49.112321523443576,-26.875311610358594],[-49.111989783746786,-26.875354613844657],[-49.112373003683174,-26.875655350100867],[-49.112201871872585,-26.87608135545675],[-49.111691984971934,-26.87616839052829],[-49.111465066754185,-26.87659649030575],[-49.11113449932934,-26.876685751133746],[-49.111027758157945,-26.876516766584786],[-49.11086180016955,-26.876756739101666],[-49.11126847329177,-26.877187376435202],[-49.11180817314648,-26.876475738595683],[-49.112086869646376,-26.876471420158403],[-49.112140838620334,-26.876842897664286],[-49.111724502223396,-26.877242654576353],[-49.111726083620724,-26.877601809068473],[-49.11074097694977,-26.877884985431525],[-49.1098577956467,-26.877783462398398],[-49.10977334152985,-26.87764327825631],[-49.10995562843656,-26.87761554247542],[-49.109713068994225,-26.877591039520933],[-49.109234131416564,-26.877974629505943],[-49.10856484126593,-26.87814488828696],[-49.107625658319776,-26.87791372017372],[-49.10708846235393,-26.877460834480868],[-49.106878337972184,-26.877786252288036],[-49.106457527802164,-26.87802119108489],[-49.10642024469745,-26.878394377602415],[-49.1061579448803,-26.878660259321602],[-49.10549623562137,-26.878891601319904],[-49.105292202548775,-26.879174968770634],[-49.10451746080582,-26.87948056757915],[-49.104031321465165,-26.87990207572798],[-49.10226322361997,-26.880402214357673],[-49.10120174781745,-26.880532730361587],[-49.10060457680311,-26.880836763338365],[-49.099340226140264,-26.880855069549234],[-49.09845155983235,-26.880597762638004],[-49.098218887406254,-26.880331164892535],[-49.09813897672825,-26.87991644657611],[-49.09837259490903,-26.879273998409545],[-49.098644045643624,-26.879284207866693],[-49.098675959818834,-26.879434347985153],[-49.09883969475197,-26.8792900631611],[-49.09889367973281,-26.87954345871266],[-49.099488001826714,-26.87988498007108],[-49.09993605984643,-26.879929450430186],[-49.099983087642705,-26.880121405354153],[-49.10028776687077,-26.880084497542644],[-49.10034218785012,-26.87946706287993],[-49.10070698751368,-26.87930465940127],[-49.10084883169317,-26.879057962517415],[-49.100765186181675,-26.87893128262926],[-49.101453254018864,-26.877920777665803],[-49.1013903293579,-26.877624410937887],[-49.10120664334961,-26.87752295269037],[-49.10124923486423,-26.877288878212205],[-49.10058543783321,-26.877440809227895],[-49.09968713031743,-26.877289443254845],[-49.09991618584602,-26.87746125094492],[-49.09994123330846,-26.877705832948276],[-49.099518655981136,-26.87797855522482],[-49.09916391896963,-26.87781383921717],[-49.098585985983355,-26.878163358354122],[-49.098449855307585,-26.876448375802223],[-49.09805608296337,-26.875527021991783],[-49.09764430442522,-26.87574611702112],[-49.09707187886397,-26.87505942178978],[-49.096730888437136,-26.875163874964162],[-49.09598776539671,-26.87478699236455],[-49.09660637485533,-26.874828057636723],[-49.0971243049991,-26.874353374817495],[-49.09746978180074,-26.874549934527447],[-49.09767915823856,-26.874466675696727],[-49.09772530454257,-26.874186203754764],[-49.09802161410522,-26.87448973736394],[-49.0978517853867,-26.8748215531562],[-49.097992151751775,-26.875057269734892],[-49.098862395471066,-26.8756765387886],[-49.100138186710836,-26.87600633267196],[-49.10050875050841,-26.87638515756207],[-49.100716155139075,-26.87631459513503],[-49.1005793433777,-26.876035118443273],[-49.10070351810063,-26.875955049282027],[-49.101061452882234,-26.87620240712964],[-49.101420993133615,-26.876125864501645],[-49.10148034319009,-26.876542339779125],[-49.10215075420461,-26.87643264890214],[-49.10243228305429,-26.87628031659799],[-49.10275846888046,-26.87572133825051],[-49.10251312351792,-26.874717321461517],[-49.102711570950405,-26.87444874690268],[-49.10273873578988,-26.87395282722574],[-49.10372926842483,-26.873474964732747],[-49.10398400773723,-26.87360848533597],[-49.10393250287379,-26.873210914410716],[-49.10454703629936,-26.872702382918078],[-49.10485427672083,-26.872696639863644],[-49.10499544230281,-26.87303215816043],[-49.10543752666247,-26.87295582718027],[-49.105054333719885,-26.872268374711737],[-49.10521965943635,-26.871947800891544],[-49.10559416235191,-26.871603350366275],[-49.10662958368207,-26.871316345934858],[-49.10683671791996,-26.87092813039918],[-49.10634797454665,-26.87069631855425],[-49.10654049281451,-26.870902812128517],[-49.10620171650042,-26.871187187035865],[-49.10558211253632,-26.871264342417316],[-49.10525366704933,-26.87146547526526],[-49.10418057727834,-26.872717090820398],[-49.10250707715446,-26.87370141345688],[-49.10206712528028,-26.874432302815713],[-49.10222898851789,-26.87587456873399],[-49.101931451199754,-26.875465906719754],[-49.101503211699395,-26.87549414738457],[-49.10119972461339,-26.87570956870784],[-49.10071875329981,-26.87543136371588],[-49.100680647284044,-26.874419242528038],[-49.10089299050708,-26.874304348443943],[-49.10099003282243,-26.87438787612403],[-49.10120515092639,-26.874174538386406],[-49.100911608645035,-26.87332832607517],[-49.10078839357321,-26.873648724060576],[-49.10019920291288,-26.87407944260291],[-49.09983790828714,-26.874111638642432],[-49.0997247287919,-26.87389612528288],[-49.099661204876114,-26.874028080242752],[-49.09938027069968,-26.87398903588906],[-49.098831017104125,-26.873623605387042],[-49.099250565037124,-26.873116554135315],[-49.09879664051227,-26.87296726245393],[-49.09865387064437,-26.8726765565754],[-49.09682087960605,-26.872493798219544],[-49.09573806495518,-26.87191427000482],[-49.09576836228954,-26.872266498428612],[-49.09510419698042,-26.87325986872106],[-49.09506758838842,-26.873699404490754],[-49.09561224317875,-26.873261465008223],[-49.095830357025065,-26.87369002045725],[-49.09517588338793,-26.87391881220029],[-49.09516961928529,-26.874194770280436],[-49.094373559726584,-26.87483543880554],[-49.09332965803337,-26.87495723587881],[-49.09332008403577,-26.87475071045054],[-49.09387338652595,-26.874482851252427],[-49.09374455529044,-26.874178886293787],[-49.09398097049622,-26.874116337118636],[-49.09374944313702,-26.874076960815746],[-49.093885436738816,-26.87359259501373],[-49.093566831461196,-26.87325660422274],[-49.093514063263704,-26.874038024743975],[-49.0929278505163,-26.874672488992513],[-49.092053122507416,-26.874572266830967],[-49.09221654384343,-26.874781781521303],[-49.091502863118365,-26.87476842564283],[-49.09030906073473,-26.873745433027054],[-49.09038542454501,-26.873607146525046],[-49.09057444002734,-26.873641773490235],[-49.09094970107617,-26.872649056669744],[-49.0906106002871,-26.870752619802303],[-49.09080476296471,-26.870332055654963],[-49.09064703609528,-26.869671438821875],[-49.09081324634034,-26.869098676174932],[-49.090740169585075,-26.86891726639851],[-49.09045133366468,-26.86882568532113],[-49.09036748267267,-26.868444238691904],[-49.09009237821865,-26.868247101005014],[-49.08996010625228,-26.867674948242826],[-49.09028426572492,-26.86738436687841],[-49.08986178378382,-26.867186633755246],[-49.08991924382287,-26.866755628914895],[-49.08945226513342,-26.86673295494491],[-49.08932336794164,-26.867181491961485],[-49.089076824048355,-26.86717919397418],[-49.08922581617801,-26.866623968484262],[-49.089000215189714,-26.866486387160677],[-49.08907391765757,-26.866225274005586],[-49.08892810584334,-26.86594896005726],[-49.0890794006445,-26.865515681425652],[-49.08893289104865,-26.865180137978008],[-49.08932244831231,-26.864572253252756],[-49.089153610420226,-26.86432986253932],[-49.08870628447113,-26.86444155194063],[-49.08889864054562,-26.863401374425838],[-49.0887654490156,-26.863404754377765],[-49.08855579429408,-26.86398375051676],[-49.08854494150458,-26.864720476576153],[-49.08816962116312,-26.864579581260596],[-49.08791649345901,-26.86478672170608],[-49.086830890184515,-26.864247801678985],[-49.086645032416854,-26.864512674754646],[-49.08623372491526,-26.864445491140845],[-49.0858255630856,-26.865023074851443],[-49.0856254510463,-26.86500722512474],[-49.08516792930179,-26.86537581547389],[-49.08453047896098,-26.864925658006978],[-49.08443931084794,-26.864356076656833],[-49.084583772604674,-26.86381527874847],[-49.0851225952713,-26.86308555702401],[-49.08622175836345,-26.86320400857259],[-49.084993144372675,-26.86288294459364],[-49.084395112688014,-26.864036232153335],[-49.08428973712198,-26.865050741978582],[-49.083880335829264,-26.865034335434444],[-49.084263347638014,-26.865339067394125],[-49.08338845981774,-26.864843259610716],[-49.08343092018377,-26.864742841046265],[-49.08379768855023,-26.8649391787502],[-49.0840062240547,-26.864850528421197],[-49.0840334194467,-26.864195969550686],[-49.08481428038477,-26.862762442783726],[-49.08383456873261,-26.8624213859836],[-49.083817110138185,-26.86217231876374],[-49.085039294382995,-26.862383386312928],[-49.08528804833803,-26.861713689406688],[-49.084832907230535,-26.861818637888582],[-49.084779018138626,-26.862175285018708],[-49.084700392585724,-26.86207043974649],[-49.08444424847044,-26.862191613060897],[-49.08410504718444,-26.86208408513804],[-49.08396639236761,-26.86187900320488],[-49.08404365760735,-26.861661422410226],[-49.084420542645994,-26.861650566489793],[-49.084336297206406,-26.861490827738734],[-49.08474136103257,-26.861521539662093],[-49.0845746125974,-26.86139963037967],[-49.084826034269625,-26.86145447746001],[-49.084811116956935,-26.861743457679395],[-49.0851130792077,-26.861665593156154],[-49.08517449065985,-26.861313534736652],[-49.08501547774854,-26.86098994687003],[-49.085225715607265,-26.860529848841693],[-49.08553947381312,-26.860533611792274],[-49.08560710035493,-26.860896328166813],[-49.08594582684297,-26.860685574504934],[-49.08610763056303,-26.85986588784674],[-49.08615509048892,-26.860013495617057],[-49.08637272878871,-26.859958315408896],[-49.086304527602316,-26.860119720739785],[-49.086663493533806,-26.86007908828829],[-49.086547694734676,-26.86020986079094],[-49.08617055423679,-26.860160103489985],[-49.08624135717434,-26.860989820306287],[-49.08588116543688,-26.861576017181175],[-49.088454977604,-26.861537578063576],[-49.08819423877496,-26.862688082911216],[-49.0876316478506,-26.862787166891977],[-49.08864786116573,-26.86278332664253],[-49.08876831999435,-26.862572570244488],[-49.08854670542201,-26.862461542146786],[-49.08855999135149,-26.86212125796941],[-49.08889146630492,-26.86189923317045],[-49.08947180088393,-26.861964697503446],[-49.089171800528284,-26.861799696696615],[-49.08917518938415,-26.861593926386934],[-49.089259373662465,-26.861475476540193],[-49.089473366675186,-26.861529003464014],[-49.0895279570418,-26.861385358719993],[-49.0890169375283,-26.860605017506032],[-49.08971766202434,-26.860580303569176],[-49.08991211113133,-26.86077794521786],[-49.09015586310319,-26.860743471672603],[-49.089953445769225,-26.86067227659616],[-49.090077942142536,-26.860535230594735],[-49.090945312011826,-26.86088282989424],[-49.090804250315585,-26.861030755030452],[-49.090918361935685,-26.86130394336255],[-49.09106991783847,-26.86118946497795],[-49.09107167381151,-26.861441665737203],[-49.090317991946804,-26.861455309980414],[-49.09076120037688,-26.861725487175217],[-49.09034188468076,-26.86179303405769],[-49.0903195236853,-26.862414993728436],[-49.089623062848545,-26.86254733274468],[-49.08978948523649,-26.862680448224882],[-49.08939111551462,-26.86276327993994],[-49.089709180281595,-26.862832081573274],[-49.08919391839162,-26.862992420913177],[-49.08923117230986,-26.863085535474696],[-49.0916720064237,-26.862750591349702],[-49.092017108420976,-26.862891408425817],[-49.09310945592809,-26.862515352893638],[-49.09482285589319,-26.862393354311425],[-49.09395270987378,-26.86219115721812],[-49.09443315530831,-26.862116632628837],[-49.09427406277221,-26.86200769864113],[-49.092620242764774,-26.862030727389588],[-49.092035321007515,-26.86217935434383],[-49.09185798612192,-26.861974900334875],[-49.09173787031674,-26.86220010032359],[-49.091554960304464,-26.86149983091401],[-49.09175573033816,-26.86137954197491],[-49.09226810884916,-26.861444090180747],[-49.09186837004303,-26.86167607327678],[-49.09240587498873,-26.861759404932865],[-49.092796509569375,-26.86173394465473],[-49.09286352466221,-26.861536786782],[-49.0930913845688,-26.86147681161864],[-49.09539416685657,-26.86150905117992],[-49.09566514553079,-26.861233553430328],[-49.09602856806851,-26.86121558469781],[-49.09658918470677,-26.860899688634593],[-49.09743130718005,-26.86085682040645],[-49.096906860693295,-26.860621541712042],[-49.09718549312325,-26.860647830128375],[-49.09754474197054,-26.8603223332605],[-49.09697549717822,-26.86017505190715],[-49.096876481713,-26.859853390709453],[-49.09634727335542,-26.859847354651446],[-49.09616013345611,-26.86018620123213],[-49.09602256322496,-26.859581433585625],[-49.095883055790544,-26.859536998409887],[-49.09586817425287,-26.859816606014313],[-49.09567029988317,-26.8598597737497],[-49.0956078251554,-26.86012946335869],[-49.095354629359285,-26.859989038273177],[-49.09517844900064,-26.86015076267977],[-49.094144474254946,-26.860343195884646],[-49.09422371363901,-26.860638333163728],[-49.0939358614137,-26.860886161759137],[-49.09374739905716,-26.860627655807185],[-49.093286978749,-26.860731424347257],[-49.09327391606777,-26.860887642880854],[-49.09371127224871,-26.86102312010573],[-49.09371659245473,-26.861140861797917],[-49.09303734802308,-26.861182068004634],[-49.09239454206653,-26.860819442522637],[-49.091932717401,-26.8612175971364],[-49.09148056644285,-26.86117445622283],[-49.09144170746203,-26.86084226110346],[-49.09182216044291,-26.860666920128136],[-49.09107264349621,-26.86064435304336],[-49.090724592299026,-26.860499382254215],[-49.090407013742315,-26.859963872668654],[-49.09017428200995,-26.859944112938255],[-49.09006648740323,-26.859630530225708],[-49.089940914008245,-26.859651049687006],[-49.08990763273761,-26.859399121214214],[-49.08942779705255,-26.859126668642624],[-49.08929000716995,-26.858201996406656],[-49.089887412502094,-26.85813597122228],[-49.08995907397145,-26.858785645400626],[-49.09032914777917,-26.858784272539598],[-49.09034805828561,-26.858142784406393],[-49.09074511136379,-26.857740455423773],[-49.09076095973679,-26.857418272785925],[-49.09178801802396,-26.857070773729102],[-49.09218784614383,-26.856358407241736],[-49.09270316136491,-26.85607780672588],[-49.09270580333286,-26.855844576788137],[-49.092286816386206,-26.855686082977623],[-49.09082569718735,-26.855886813113088],[-49.090763511906346,-26.85615787532795],[-49.09050916403155,-26.856311246652385],[-49.08955011036116,-26.856359120477904],[-49.08978066026434,-26.856077832512646],[-49.08963166220793,-26.85604346448388],[-49.08959719953822,-26.85563715842626],[-49.0893054876402,-26.85537038400502],[-49.08895950458807,-26.85456934469631],[-49.08881966210301,-26.854543092405123],[-49.0888892253774,-26.85380825910346],[-49.08807534744344,-26.8537041824979],[-49.08768140558839,-26.853447225114436],[-49.08754586761266,-26.85352946937831],[-49.08729212158765,-26.853425579733905],[-49.0871737205135,-26.85313116892561],[-49.08735349117979,-26.85264326537542],[-49.08787267718688,-26.85304432202139],[-49.087819918657516,-26.85324799304473],[-49.08750398879902,-26.853254261273705],[-49.08872780773832,-26.85351638725126],[-49.08896188966659,-26.853413929213577],[-49.088701003071925,-26.852731931638324],[-49.089066184362906,-26.85249552867382],[-49.088959199922236,-26.85215571020812],[-49.0893628980642,-26.851670956906553],[-49.08919490818655,-26.85142797179096],[-49.089385295866116,-26.851168810759848],[-49.08890070754485,-26.85120238651465],[-49.088981677409485,-26.85102014066209],[-49.089206389118885,-26.850974525898685],[-49.0878642402203,-26.850991513106223],[-49.087965213340276,-26.850363682272953],[-49.08817565597746,-26.85013935132566],[-49.088894461611254,-26.850315719328687],[-49.090082699964846,-26.850215288655633],[-49.09082743133125,-26.84964034903602],[-49.09074356623845,-26.84958659863626],[-49.09108012526274,-26.849555517192773],[-49.090404930188605,-26.84948428109614],[-49.090217463354335,-26.849038627434346],[-49.09165394639624,-26.84890592550393],[-49.09174580058834,-26.848469594582312],[-49.09196956141633,-26.848867106803414],[-49.09296302368568,-26.848831759233562],[-49.09377465841067,-26.847840124062664],[-49.09330313351666,-26.8477849591616],[-49.09311034817401,-26.847091719447285],[-49.092713924625116,-26.84716490366806],[-49.092733466022814,-26.84690393130561],[-49.09363896415274,-26.846784609683148],[-49.09468592223345,-26.845984632131493],[-49.095354815881905,-26.846056336873136],[-49.09629702827895,-26.84586666965931],[-49.097244934360226,-26.846087377663803],[-49.097876804200006,-26.847078646683585],[-49.0984964489709,-26.847460409570573],[-49.09806248376641,-26.846999476387982],[-49.09829388527417,-26.846770537327167],[-49.098157561207245,-26.846496834429306],[-49.097730122659584,-26.84620638927061],[-49.097668112195635,-26.84600586268712],[-49.09779727756745,-26.845882821816765],[-49.09749134042803,-26.845699898849052],[-49.096787508885704,-26.84567193096929],[-49.096973371231456,-26.845569931854406],[-49.09426757072886,-26.8456555833548],[-49.094064258304535,-26.84582235482922],[-49.0934827509863,-26.845896704192434],[-49.090146398941215,-26.84560049085722],[-49.09028575965915,-26.8451846306475],[-49.091689277691856,-26.84517323013238],[-49.092189467125095,-26.84534241920368],[-49.091991520091796,-26.84514492983184],[-49.09202316969488,-26.84488823513811],[-49.09234476557013,-26.844688975004647],[-49.09199771352739,-26.8446493102489],[-49.09194847414312,-26.843580792026504],[-49.092365216359525,-26.84333356324028],[-49.09240493405427,-26.842795508202116],[-49.092129022516346,-26.842678724725918],[-49.092554957906295,-26.842681851267848],[-49.09246689548,-26.842475806111686],[-49.09260802141352,-26.842245966160966],[-49.09293465679153,-26.842295798984754],[-49.09354731206153,-26.841972406631943],[-49.09432353794103,-26.842075619901717],[-49.09461257951054,-26.841808602431755],[-49.094695758323766,-26.842017245366364],[-49.09479267578503,-26.84193978714032],[-49.09477569906469,-26.84174383704562],[-49.094469711993234,-26.841665949187846],[-49.094167990358095,-26.84060973189753],[-49.09436830798901,-26.84041790457515],[-49.094194347074954,-26.840071326721546],[-49.09435239122347,-26.83993685632214],[-49.09435144929153,-26.839516132833175],[-49.093955740087225,-26.838400539506182],[-49.094104794715534,-26.838071667795532],[-49.094840873505305,-26.837540657986427],[-49.09560395041468,-26.837553369637817],[-49.09561440768196,-26.837258036864686],[-49.09587418526236,-26.837555281013362],[-49.09582593118464,-26.837309458988262],[-49.09596805557581,-26.837409419339238],[-49.09609544097065,-26.837274685804555],[-49.09592528002428,-26.836777741854434],[-49.09566603479509,-26.83677113344988],[-49.09541750772061,-26.836537221083844],[-49.095391297477626,-26.835672838669243],[-49.09553756140652,-26.835335809883603],[-49.09504892834767,-26.83460690234015],[-49.09504491295641,-26.834230503447536],[-49.09477277748963,-26.83447374397241],[-49.09489570511823,-26.833816470568102],[-49.0944105381437,-26.835403101829712],[-49.09424275847453,-26.83540061337323],[-49.094245966104445,-26.83522557093358],[-49.09406432716185,-26.83541150368135],[-49.093315373105796,-26.83531696241233],[-49.09302503941894,-26.835118581239406],[-49.093228303552614,-26.834930634433665],[-49.093321712305666,-26.83500766324965],[-49.09346088459749,-26.83476311144991],[-49.09384425845474,-26.833429592242688],[-49.093869996195316,-26.832747538296267],[-49.093603412799034,-26.833553272620424],[-49.09358949993078,-26.832990748198387],[-49.09278301625052,-26.834746021616468],[-49.09286426844365,-26.832497976307817],[-49.092676785861755,-26.83268428982642],[-49.09239517926307,-26.833733905113434],[-49.091701428330595,-26.833691876263533],[-49.09172120617847,-26.83381571842262],[-49.09205128313369,-26.83373332582975],[-49.092195140529284,-26.83390386634176],[-49.092141739323516,-26.834388165945107],[-49.09190113411839,-26.83451954670469],[-49.09186348981429,-26.834781883084318],[-49.091117074497504,-26.834807688021115],[-49.09145259950044,-26.836948199417684],[-49.091137589345145,-26.835855188116813],[-49.090922952225675,-26.835777010107975],[-49.091052430115575,-26.835446648950512],[-49.09094884593493,-26.835294013575965],[-49.09084343128703,-26.83537013966952],[-49.09094796745187,-26.834844965902395],[-49.09070223661779,-26.834309475187784],[-49.09074402222051,-26.83398675004227],[-49.09062935193138,-26.83427391009618],[-49.09039326892631,-26.834376123979478],[-49.09029822789205,-26.834908681540767],[-49.08986813020371,-26.834988140629285],[-49.08957129336309,-26.834902813872798],[-49.089527058763906,-26.834542516687467],[-49.08974095884733,-26.834451083470643],[-49.08948801378054,-26.834383154954928],[-49.08938935339835,-26.83397716003382],[-49.089229970017236,-26.833904886889986],[-49.08940503455163,-26.83349727343648],[-49.08914600090344,-26.832957026942513],[-49.08910638589753,-26.832603686579727],[-49.08939160341271,-26.832467182454916],[-49.08965479675791,-26.83194178757232],[-49.08928577509525,-26.831175527813496],[-49.08952657079305,-26.83109521797426],[-49.08971068269163,-26.830682382927296],[-49.09006389778402,-26.83062289554543],[-49.090733972572615,-26.830013245056502],[-49.09106845062355,-26.829388127155504],[-49.09152533051002,-26.829380602772193],[-49.091716060278706,-26.829510171636404],[-49.09157883948404,-26.829769565043375],[-49.09131401012436,-26.829601908721386],[-49.09113259587031,-26.829666353553645],[-49.09109564765309,-26.829799747932544],[-49.091226603331364,-26.829806959548232],[-49.09090459216828,-26.830086188595963],[-49.09100308705807,-26.830256033010826],[-49.09186715338554,-26.83009420907492],[-49.091717747347765,-26.82981504246983],[-49.091924882862635,-26.829863202041576],[-49.09212336409337,-26.82947331083168],[-49.092348445224424,-26.82959671604968],[-49.09219009289836,-26.829922381332285],[-49.09228371338048,-26.830078209623643],[-49.09317644551567,-26.829961033977654],[-49.09362362571725,-26.828602926805836],[-49.09360811258682,-26.827927052757023],[-49.093447021280774,-26.82763063966575],[-49.09324517591813,-26.82757840194792],[-49.093262192691114,-26.827694022448416],[-49.09316324485494,-26.827568005708443],[-49.0932932316432,-26.82739861143855],[-49.09302943719372,-26.827511780170113],[-49.09337732705641,-26.827984416047837],[-49.09305671168952,-26.8278393077587],[-49.09329758929523,-26.82888446360584],[-49.09280201810957,-26.829094039750107],[-49.09285387450955,-26.829506226467213],[-49.092623434887926,-26.82977505428813],[-49.09252459750074,-26.82953166195165],[-49.092017785213066,-26.82923385869812],[-49.09097986882057,-26.82917159434179],[-49.09050745067082,-26.829942659026756],[-49.08989351803468,-26.83043528130505],[-49.08947845026531,-26.83049153591353],[-49.08934586289673,-26.830217934599414],[-49.08951076119716,-26.82938787128323],[-49.08905658474667,-26.82895780840211],[-49.08878722591366,-26.82902487322039],[-49.088940297321805,-26.8287286284692],[-49.08886804555426,-26.82811585043893],[-49.08856065465862,-26.827964168202143],[-49.08846560359961,-26.82734507735543],[-49.088222412839926,-26.82750055442481],[-49.08834549330333,-26.827686173139824],[-49.08824879018477,-26.82822800524939],[-49.08840516393207,-26.828532319745158],[-49.088205977154615,-26.828859867321462],[-49.088474056333304,-26.828954010115435],[-49.08844084656961,-26.829978919339478],[-49.08804705577286,-26.83058203661397],[-49.08790951695631,-26.831133204444132],[-49.087811745889866,-26.83191103482868],[-49.08798754535733,-26.832310457298682],[-49.08784094593471,-26.832400145388537],[-49.08771039168768,-26.83223472011228],[-49.08763618067128,-26.832519866058007],[-49.0879619755054,-26.832592708737227],[-49.08817879348085,-26.833147008364584],[-49.08797489509388,-26.83331151033355],[-49.08753723433,-26.83294890154406],[-49.08770547335426,-26.833292487996687],[-49.08747614524062,-26.833350742454225],[-49.08734145716659,-26.833674742068506],[-49.08738753950821,-26.83423745459888],[-49.08700060290374,-26.834409385955464],[-49.08730666946965,-26.834396000708818],[-49.087342717259354,-26.83455652287161],[-49.086569128205575,-26.83454138904158],[-49.086491976690894,-26.834085286189865],[-49.0864322455531,-26.834753404137714],[-49.08697348388056,-26.834781241356236],[-49.087358445486984,-26.83554038372779],[-49.08805477248171,-26.83570500581072],[-49.087774525682796,-26.835131039612584],[-49.08817014647296,-26.835024222449114],[-49.087787691515175,-26.83492242985915],[-49.087571571007636,-26.83403237197942],[-49.0880311232379,-26.833766751826452],[-49.088319245513965,-26.833821274879824],[-49.08808516121268,-26.83336816401114],[-49.08860782190354,-26.833229580214944],[-49.08870758464581,-26.833708920961584],[-49.08891083403226,-26.83388198341031],[-49.08856928421013,-26.834120640548875],[-49.08859560366609,-26.83450870336004],[-49.08890887884042,-26.834675863320754],[-49.08903305713156,-26.835233242764545],[-49.08895467110139,-26.835579890459947],[-49.088554358860584,-26.83578673264929],[-49.08896721298918,-26.835939637500804],[-49.0891494450643,-26.836941185691675],[-49.08943334532745,-26.837128438081756],[-49.08916970133181,-26.83755790111173],[-49.089220729813476,-26.838737359449087],[-49.08983134197316,-26.839079550042186],[-49.089909544117205,-26.839187467563953],[-49.08978436629049,-26.839264941682394],[-49.08994504279636,-26.839442588812783],[-49.08944703260798,-26.839646019715996],[-49.08937108696722,-26.83982138766667],[-49.08927388888408,-26.839702195432288],[-49.089223448612934,-26.840022325409137],[-49.08936341997025,-26.84051436135767],[-49.08957237988479,-26.84068220621141],[-49.08947880487603,-26.84080212905511],[-49.08978352094583,-26.840867854803733],[-49.08969791554649,-26.84105932800149],[-49.08997748481643,-26.841191150908735],[-49.08966616798347,-26.841392289349994],[-49.09013391924628,-26.84161323919594],[-49.0899777244992,-26.84236067954116],[-49.090346807664694,-26.84267825425541],[-49.089972843495474,-26.843322515843663],[-49.08970512459046,-26.843494772140918],[-49.08933854289654,-26.84314373769315],[-49.089631388338844,-26.84351760471779],[-49.088805069384605,-26.843861209650314],[-49.088622022757825,-26.84353479306472],[-49.0891263975787,-26.843073799778136],[-49.08870009816194,-26.84310211866536],[-49.08827618104495,-26.842942333933895],[-49.0871073286785,-26.843731970549868],[-49.08714260177176,-26.84394657039601],[-49.08663920363933,-26.84463681252567],[-49.08595683381652,-26.844354866785626],[-49.08549034860558,-26.84440219444452],[-49.08495894266222,-26.844205368699814],[-49.08463879731573,-26.84384829236215],[-49.08398975797383,-26.843476536728186],[-49.08333335618943,-26.843681469003176],[-49.08303246308559,-26.843112264945574],[-49.08288956274633,-26.84309907987078],[-49.0828532429749,-26.843560933005158],[-49.082475972336184,-26.84371367001443],[-49.08220073481189,-26.84415318371446],[-49.08338518157467,-26.844591749515356],[-49.08386133411977,-26.84569066078432],[-49.084536298809184,-26.845974418703303],[-49.0840521846982,-26.84630980810477],[-49.08368402157204,-26.847344582126368],[-49.08358135903956,-26.848230379193335],[-49.08313406790106,-26.848493705520116],[-49.08307875257337,-26.84881702433234],[-49.08270312054584,-26.84883908262879],[-49.082269129944905,-26.84869126266412],[-49.08188113180828,-26.84824511589924],[-49.08166808757239,-26.84815299623407],[-49.08153218376063,-26.848259149504724],[-49.08133727532586,-26.84811075652789],[-49.081189806718804,-26.847772918810442],[-49.08027982416129,-26.84706091063294],[-49.08021881769099,-26.846869474608457],[-49.07910089159781,-26.846501842186505],[-49.07886449819225,-26.846614299163896],[-49.07867134163503,-26.846279560171414],[-49.078338609683264,-26.846262771426197],[-49.07693393894188,-26.84563391428815],[-49.076801931227706,-26.845111947613347],[-49.07645520111449,-26.844952946282614],[-49.07582930121345,-26.84423442814328],[-49.075796693520935,-26.843654711444376],[-49.075351154184936,-26.842987586491976],[-49.07557195506389,-26.842895024974467],[-49.07530338363913,-26.842697834849865],[-49.075453757226036,-26.842466354306676],[-49.075213236474625,-26.842228589986608],[-49.07545079019178,-26.841773556310475],[-49.0753501315528,-26.841301063536786],[-49.07548159115896,-26.840975136452535],[-49.07509201805227,-26.84066905327935],[-49.07500211545651,-26.840064990861347],[-49.07475585477904,-26.839669923925737],[-49.0749372880692,-26.841095161417805],[-49.075111396164374,-26.84143062423398],[-49.0749418704478,-26.841591687625392],[-49.07479168285253,-26.841477917521107],[-49.07474590659026,-26.841779093403076],[-49.075049036065764,-26.842169110161162],[-49.074667994323406,-26.842243269231506],[-49.07453108918161,-26.84247120469142],[-49.07489911232163,-26.84251142113781],[-49.075015117898865,-26.842761285286365],[-49.07477270090388,-26.8427835978399],[-49.07454925979793,-26.842597124321472],[-49.074423150291786,-26.84296811728767],[-49.07464910726717,-26.84102643299864],[-49.07374126077891,-26.8410633334612],[-49.07395675242748,-26.841595298717888],[-49.073749948837765,-26.841820160252013],[-49.074174991040735,-26.842132744381626],[-49.07406148521125,-26.842285606266202],[-49.073983926299526,-26.84210479743264],[-49.073717384493854,-26.842080037311476],[-49.07367882794244,-26.842419296794173],[-49.073880558223436,-26.842734028313476],[-49.07415713944458,-26.842796960574717],[-49.073986261261666,-26.842846598078822],[-49.073970878320395,-26.84302183949193],[-49.074214202653934,-26.84308476620832],[-49.07420331706197,-26.843343705838212],[-49.074051643543605,-26.843774115259887],[-49.07330495471019,-26.84418389486275],[-49.07336010569233,-26.844547573656516],[-49.07292015756033,-26.844619550981612],[-49.07238574797829,-26.84507994319793],[-49.072026504526825,-26.845148063020513],[-49.07134988622604,-26.845624661935645],[-49.06982461280325,-26.846045523853437],[-49.06877104419629,-26.845856321380467],[-49.068603281322844,-26.845706146357177],[-49.0683398138084,-26.845792469095908],[-49.06827196259699,-26.84564726002723],[-49.06798074144076,-26.845763903650965],[-49.068328228015645,-26.845933844409192],[-49.06803495879752,-26.84604057584759],[-49.06825552070313,-26.84626551301058],[-49.067933918971896,-26.846366874535782],[-49.06780516070177,-26.846070035817306],[-49.06783943838128,-26.846292775172568],[-49.06801357452212,-26.846477605778915],[-49.06862013486681,-26.84641094491268],[-49.06875382444969,-26.84655998458216],[-49.069858244735734,-26.846507250326255],[-49.0700333927118,-26.846664928563985],[-49.07113544465181,-26.84653265813134],[-49.071227152651545,-26.847088897940854],[-49.07150970251302,-26.846832688007055],[-49.071420930517384,-26.847173441013435],[-49.07171016850055,-26.847098194932876],[-49.072055327634345,-26.846810322895998],[-49.072131941654824,-26.847164451124083],[-49.07228829110678,-26.84705232283561],[-49.07225810487265,-26.847192205543536],[-49.07240424610844,-26.847210055047583],[-49.072912962966484,-26.847069182472968],[-49.07324210691873,-26.846402369981554],[-49.07370583005349,-26.845977815718125],[-49.0744991651452,-26.846104076421273],[-49.07485721500712,-26.84593553438663],[-49.07521450966315,-26.8461700187594],[-49.07494493017914,-26.846950626426725],[-49.07515465113307,-26.84810215528174],[-49.074724641439914,-26.84828506878029],[-49.07528432694881,-26.848367976235078],[-49.07559767835203,-26.84806183431363],[-49.07582239671712,-26.848133478128553],[-49.076053050211,-26.847929674454047],[-49.076689955466165,-26.847820631616365],[-49.077117824033884,-26.84779258662156],[-49.07769727613897,-26.848015770903046],[-49.077748036043246,-26.847659702172944],[-49.077901968011275,-26.84775561356591],[-49.07783801128249,-26.84791216689867],[-49.07810119696046,-26.847835437619352],[-49.078515753945,-26.848001943263],[-49.07853369279955,-26.848153961369984],[-49.07930334795619,-26.848342944717093],[-49.07980716611505,-26.849044887122897],[-49.07959928058249,-26.850759684853262],[-49.07934488615268,-26.850796213958887],[-49.07874417754667,-26.850498937748142],[-49.07822911795358,-26.85076583656989],[-49.079107264298166,-26.8512977742002],[-49.07900781446112,-26.851685465653453],[-49.079180805767244,-26.852114593189675],[-49.07899011458,-26.852297461253006],[-49.07926677622155,-26.85257684542432],[-49.07892439198023,-26.85285625674806],[-49.078613192385944,-26.85374176446495],[-49.07880893186694,-26.85369589508688],[-49.0788855130024,-26.854095481822373],[-49.079863911158114,-26.853157266249863],[-49.080173862265774,-26.852434187549044],[-49.08083429354323,-26.852250367658982],[-49.081059481915375,-26.85241172683923],[-49.08134176343615,-26.853035076449274],[-49.081212179106174,-26.854073063232953],[-49.08082716486127,-26.854753994437537],[-49.080665904295266,-26.85564247425143],[-49.08052581435397,-26.855678115612008],[-49.08030227179262,-26.855459027343965],[-49.08001475218302,-26.855525637803023],[-49.08037025189481,-26.856040506315818],[-49.079933470660855,-26.85658454715094],[-49.08081269438034,-26.856849997615978],[-49.08122134868848,-26.857481318411647],[-49.08209183568686,-26.857799857505157],[-49.08244673133217,-26.858421913483294],[-49.082387911363746,-26.859133918911066],[-49.082840740604716,-26.859483244364036],[-49.08269109891301,-26.85959902515567],[-49.08192014003693,-26.85957618155751],[-49.08119982122977,-26.860157455083183],[-49.08076297208913,-26.860136588624922],[-49.080118949425774,-26.85985250899214],[-49.079769031613026,-26.860019662483847],[-49.07963679045783,-26.859748781199514],[-49.07946802960138,-26.859892841122967],[-49.07916643797622,-26.85974741842921],[-49.079597067813566,-26.85927828996649],[-49.07930585448913,-26.858961335914525],[-49.07841768755992,-26.85885374488911],[-49.07800476103968,-26.858613549567124],[-49.07728476427047,-26.85875958374521],[-49.07797194481021,-26.859344124339767],[-49.0778677514626,-26.8594483196209],[-49.080399603513875,-26.86058808374236],[-49.0809069666348,-26.86095186450654],[-49.08069897740081,-26.861220393013017],[-49.079871862875486,-26.86091664088001],[-49.07887687392781,-26.86126773185848],[-49.0788343718642,-26.861800791542247],[-49.07869083957884,-26.862053311613735],[-49.07837866718093,-26.862187261458253],[-49.07836837639085,-26.86238113102132],[-49.079101780909504,-26.862340882030626],[-49.08028032367437,-26.86180502233484],[-49.080435206943,-26.861901365235983],[-49.080308314352706,-26.862094266265938],[-49.080904229586,-26.862203784048788],[-49.08127480670713,-26.86206846617315],[-49.08135944768765,-26.862196817606506],[-49.08123505135712,-26.862603372944356],[-49.081565658385024,-26.863797753786308],[-49.08060422053883,-26.8646996981226],[-49.081614170290074,-26.866039127153606],[-49.08159816932307,-26.866870495992938],[-49.08132962868303,-26.867056071214144],[-49.08122495526095,-26.867375710131103],[-49.08087507122383,-26.86754210421733],[-49.080351372041875,-26.867502557834186],[-49.07969234641582,-26.867761667621327],[-49.07931103495214,-26.867581680156746],[-49.079452179202555,-26.867906992166905],[-49.07933378774399,-26.868114180353846],[-49.07959777510585,-26.86817229482882],[-49.079729364269994,-26.8686847433668],[-49.07900346081579,-26.869149599165084],[-49.079489581362864,-26.86936706617301],[-49.08002497857841,-26.869040293741705],[-49.08028564154545,-26.868568182361372],[-49.08080595208824,-26.86849021198249],[-49.080853217298056,-26.86805529132973],[-49.081782751117395,-26.867514047081013],[-49.08253008925405,-26.866610393423596],[-49.08365862429745,-26.866494679572664],[-49.08461373538703,-26.86857168190493],[-49.08405051317318,-26.868986679300747],[-49.08168292076484,-26.869328362772006],[-49.081534695920816,-26.869738197096147],[-49.08203282236712,-26.86997872244953],[-49.08302932121491,-26.87004018757347],[-49.082817254498885,-26.870777188435998],[-49.08311610434001,-26.87128558531687],[-49.08347555672448,-26.871500306400705],[-49.084500356695195,-26.871672328436443],[-49.08451752334734,-26.872270204854775],[-49.08425233191567,-26.872344983649327],[-49.08400671126876,-26.87299957925629],[-49.08468526130974,-26.87361777479328],[-49.084651491965516,-26.87393454828465],[-49.08508465103683,-26.873849720430037],[-49.08648229560968,-26.874668709572394],[-49.08686493639011,-26.874744673016757],[-49.08736040105019,-26.874527331009666],[-49.08738457063479,-26.874336612210993],[-49.08768492549968,-26.87434626748005],[-49.08753558728252,-26.87405348133434],[-49.08774057059758,-26.87385409412794],[-49.0879670946939,-26.873972305696192],[-49.0879013489061,-26.874224374776915],[-49.08805958560441,-26.874525129122897],[-49.088358622206876,-26.874430322137233],[-49.08794221864001,-26.87476426782479],[-49.08760954731067,-26.875905442636448],[-49.087918512737936,-26.877068497562124],[-49.08770697348605,-26.87768167002137],[-49.088038525662476,-26.878554090243796],[-49.087838463405966,-26.878722574136358],[-49.08768462292339,-26.879761992969804],[-49.08720184896389,-26.88020112424923],[-49.08678556670948,-26.882025422615886],[-49.08544949877856,-26.88401251567815]],[[-49.0893542237212,-26.880554176277176],[-49.08936031251334,-26.880727782227257],[-49.08913945351486,-26.88097200131241],[-49.08922832519468,-26.88068163762467],[-49.0893542237212,-26.880554176277176]],[[-49.0930091455229,-26.877486607094752],[-49.09343808677925,-26.87739444597445],[-49.09354264529284,-26.87762561668602],[-49.09274027605529,-26.877936432824278],[-49.09262916866282,-26.87780505547173],[-49.0930091455229,-26.877486607094752]],[[-49.08953360101214,-26.8754022765645],[-49.08929811904583,-26.87547163282789],[-49.08923486194526,-26.875874833986867],[-49.08903848315525,-26.87588403181652],[-49.08901490583625,-26.87564502910485],[-49.089275441046034,-26.87543876349064],[-49.08953360101214,-26.8754022765645]],[[-49.08961847132037,-26.875307380375325],[-49.089675440486864,-26.8753162001766],[-49.08961883894713,-26.875331793054052],[-49.08961847132037,-26.875307380375325]],[[-49.089796966821076,-26.87530107990472],[-49.08988331252458,-26.87512446741772],[-49.09021535510217,-26.875228477707445],[-49.089796966821076,-26.87530107990472]],[[-49.08978870550044,-26.87515723124998],[-49.08970338396316,-26.875160983128783],[-49.08978424219365,-26.87513922416047],[-49.08978870550044,-26.87515723124998]],[[-49.092435798558526,-26.87493199243155],[-49.09262154555612,-26.874791870822634],[-49.09259165967254,-26.87493763046785],[-49.092435798558526,-26.87493199243155]],[[-49.088084080693555,-26.87306267476224],[-49.08852859543075,-26.873253467719024],[-49.08813452524572,-26.873340565167343],[-49.088178234598956,-26.873686796917685],[-49.08799720773533,-26.873844961888054],[-49.087618235971455,-26.873592688128856],[-49.088084080693555,-26.87306267476224]],[[-49.08832757330338,-26.873097899967615],[-49.08840228305033,-26.87308881322113],[-49.08846407370266,-26.873144449271564],[-49.08832757330338,-26.873097899967615]],[[-49.08867768235427,-26.873145338330055],[-49.08825586459159,-26.872949442647077],[-49.08838185450662,-26.87283614372978],[-49.08874528773547,-26.872757833033152],[-49.08896877357649,-26.87252018328871],[-49.08930091214234,-26.87255922656052],[-49.08916288743813,-26.872670880412173],[-49.08923370952321,-26.87279831755231],[-49.088919084812645,-26.872788446119028],[-49.089072455865484,-26.872961154296128],[-49.08867768235427,-26.873145338330055]],[[-49.08967299645277,-26.87253447910207],[-49.089843929543996,-26.872273939143398],[-49.09020840944247,-26.872411479451053],[-49.089995181513814,-26.872517831848022],[-49.08967299645277,-26.87253447910207]],[[-49.08634173976629,-26.87224545030074],[-49.08563266272163,-26.87167276935084],[-49.085704521135874,-26.87152433118848],[-49.08609843921933,-26.871767262116794],[-49.08608104554315,-26.871891793540513],[-49.08637900980174,-26.871763065770676],[-49.086586879369506,-26.87193020396893],[-49.08634173976629,-26.87224545030074]],[[-49.08769856203279,-26.872138264617927],[-49.08776506455645,-26.872080352474494],[-49.08778198319808,-26.872101450111572],[-49.08769856203279,-26.872138264617927]],[[-49.08790852644143,-26.871846682392],[-49.08799297710762,-26.871975506782714],[-49.08787559606926,-26.872055580881565],[-49.08786326270775,-26.872033529445698],[-49.08790852644143,-26.871846682392]],[[-49.08791841253499,-26.871701951509014],[-49.08796923061022,-26.871705732303905],[-49.0879194868901,-26.871735919111398],[-49.08791841253499,-26.871701951509014]],[[-49.09025286132892,-26.870755018900656],[-49.09046159211331,-26.870805312057215],[-49.09050840578572,-26.871056139694794],[-49.09019931329549,-26.870873740131223],[-49.09025286132892,-26.870755018900656]],[[-49.08807219588299,-26.87049567017887],[-49.08811511216981,-26.870362893846725],[-49.08812675289881,-26.870509981050798],[-49.08807219588299,-26.87049567017887]],[[-49.08744483577874,-26.8703917119387],[-49.08732899319516,-26.870124474112853],[-49.08713448317866,-26.87014018463698],[-49.086827702195286,-26.86987419916638],[-49.08709482953456,-26.869464474389385],[-49.08746011410242,-26.86946152639768],[-49.087444021432,-26.86960913171863],[-49.08787652881797,-26.8698909437738],[-49.08788344187283,-26.87014944028298],[-49.0875692266165,-26.870233432288213],[-49.08757014454633,-26.869879266327025],[-49.08739243391007,-26.869800959548588],[-49.08744483577874,-26.8703917119387]],[[-49.089100662969294,-26.869841555641504],[-49.089505182723535,-26.869979832499858],[-49.08957730614754,-26.87007884118715],[-49.08915767533653,-26.870140721732582],[-49.089100662969294,-26.869841555641504]],[[-49.08693824271755,-26.86943300757722],[-49.08680331852636,-26.869329823786604],[-49.08707338979066,-26.8689042023539],[-49.08779419679975,-26.868527353551755],[-49.0876804366014,-26.86894475666981],[-49.087321897699745,-26.86901544300439],[-49.08693824271755,-26.86943300757722]],[[-49.089131774628854,-26.869068117175814],[-49.08862139817848,-26.868447725858804],[-49.08900987888827,-26.86812002496972],[-49.08872512298191,-26.867733358726422],[-49.08910778010865,-26.867449409184328],[-49.08956004617509,-26.867650817421612],[-49.08943640742743,-26.868152070313606],[-49.08971758178274,-26.86836652245962],[-49.08924974625261,-26.868562031549896],[-49.08935019295857,-26.869010336671142],[-49.089131774628854,-26.869068117175814]],[[-49.08970335111386,-26.86886942604181],[-49.08969761878598,-26.869045672734988],[-49.08942527311499,-26.869037685542153],[-49.08957840030638,-26.868984392329743],[-49.08970335111386,-26.86886942604181]],[[-49.090239705763786,-26.869013265185792],[-49.090305569865194,-26.86898980430615],[-49.09026522952845,-26.86906859289881],[-49.090239705763786,-26.869013265185792]],[[-49.0871853136549,-26.870296588290117],[-49.0873184406649,-26.870374607912062],[-49.08720764387045,-26.870408542488928],[-49.0871853136549,-26.870296588290117]],[[-49.088366213077734,-26.86714931731414],[-49.08846336666747,-26.867131550277477],[-49.08848142110495,-26.867158027653808],[-49.088366213077734,-26.86714931731414]],[[-49.08271141078464,-26.86421377487735],[-49.0815814313741,-26.8620225808053],[-49.080993398789026,-26.86129320118756],[-49.081137026790636,-26.861009181326274],[-49.08224495426645,-26.860710580467796],[-49.08335606482118,-26.859749993414795],[-49.08344899748753,-26.85986984130299],[-49.082852147075116,-26.86059373121076],[-49.082464338486055,-26.86167954042177],[-49.083290534311914,-26.862031055276326],[-49.0831981829608,-26.86222485731349],[-49.082596898797746,-26.862118308021856],[-49.082407623999124,-26.86221257377172],[-49.082626682600726,-26.863567044756167],[-49.08301359325372,-26.864347535042466],[-49.08271141078464,-26.86421377487735]],[[-49.08400064044317,-26.861574413960348],[-49.08405893012781,-26.86155262774888],[-49.08402144725702,-26.86161202091667],[-49.08400064044317,-26.861574413960348]],[[-49.08479972108134,-26.86122547626983],[-49.08486666939049,-26.861246066247602],[-49.08481106063976,-26.861279092753733],[-49.08479972108134,-26.86122547626983]],[[-49.085939870439404,-26.860268098717906],[-49.08587395272822,-26.859948616302624],[-49.08591146708344,-26.859847338493452],[-49.085974631919875,-26.86012988412718],[-49.085939870439404,-26.860268098717906]],[[-49.08680804912574,-26.859913842567572],[-49.086752945308774,-26.859801815152064],[-49.08686395608911,-26.859836787737006],[-49.08680804912574,-26.859913842567572]],[[-49.08712160640932,-26.859906774502434],[-49.08727645027758,-26.859571555353646],[-49.08752206705272,-26.859621971972015],[-49.087546593988435,-26.859500032891862],[-49.08792585314472,-26.85939758393699],[-49.08823608249639,-26.8596723432184],[-49.08781709952811,-26.859836386953322],[-49.08765778217357,-26.859563604889154],[-49.08769952194315,-26.859864644805807],[-49.08712160640932,-26.859906774502434]],[[-49.08877212212434,-26.859808352326137],[-49.08838669414133,-26.859586959021872],[-49.08882635817631,-26.85925873594535],[-49.0886354970575,-26.859200713110933],[-49.088819512414666,-26.859021808253623],[-49.088979134584854,-26.859446747072838],[-49.08879419279192,-26.859567735784545],[-49.08899941071687,-26.859571675960105],[-49.08904614375087,-26.859710797559153],[-49.08877212212434,-26.859808352326137]],[[-49.084829852267845,-26.859069576317715],[-49.08459187177096,-26.859212062191457],[-49.08489241429074,-26.858997646207648],[-49.084829852267845,-26.859069576317715]],[[-49.086131350016274,-26.859195381128153],[-49.08619877207723,-26.859382918267606],[-49.08617245887132,-26.859582181969305],[-49.086133178451085,-26.859504923664986],[-49.086131350016274,-26.859195381128153]],[[-49.08644699692376,-26.859342062693546],[-49.086599288593646,-26.85936202205955],[-49.086689667216895,-26.85952888397834],[-49.086408148776314,-26.859504032017874],[-49.08644699692376,-26.859342062693546]],[[-49.08710293632403,-26.85968157413268],[-49.087003746174716,-26.859710801956734],[-49.08706614324891,-26.859651188901235],[-49.08710293632403,-26.85968157413268]],[[-49.08686604474217,-26.85967115194186],[-49.08670953261412,-26.859752023146715],[-49.08671278427796,-26.859673144224935],[-49.08686604474217,-26.85967115194186]],[[-49.086433079728195,-26.85974291033361],[-49.086352403668116,-26.859746489120536],[-49.08644714860858,-26.859727664021218],[-49.086433079728195,-26.85974291033361]],[[-49.078397807617826,-26.859453813715422],[-49.0784508494759,-26.859049993643758],[-49.07860904259065,-26.859131913294945],[-49.078397807617826,-26.859453813715422]],[[-49.08527686775053,-26.858466384878234],[-49.08551844575219,-26.858407421068453],[-49.08517452141421,-26.858570806242003],[-49.08527686775053,-26.858466384878234]],[[-49.085968485908865,-26.856408939682797],[-49.08600106931998,-26.856289469835698],[-49.08587257030971,-26.856923968149513],[-49.085969065094616,-26.857801881999812],[-49.0858374314672,-26.857675010620927],[-49.08582921944299,-26.858169295489063],[-49.08489621553667,-26.85832963794565],[-49.08474224068295,-26.856248933348198],[-49.08540240078521,-26.856152695666278],[-49.0853592213436,-26.85624320866184],[-49.08587056689948,-26.856235538602572],[-49.085968485908865,-26.856408939682797]],[[-49.08605632035956,-26.856431523091405],[-49.086157792985965,-26.855876219147394],[-49.08617530158751,-26.85585656385456],[-49.08605632035956,-26.856431523091405]],[[-49.08617558579933,-26.856383607588672],[-49.086258494355754,-26.856180991257865],[-49.086189749307586,-26.85646073624104],[-49.08617558579933,-26.856383607588672]],[[-49.086924523490154,-26.856192701065538],[-49.087127299892174,-26.856384937935722],[-49.08701471401554,-26.856502353257454],[-49.08681855014417,-26.85652514260624],[-49.086924523490154,-26.856192701065538]],[[-49.08670331267397,-26.856503699875052],[-49.086612359007965,-26.85654237098228],[-49.086580923947416,-26.856536019319716],[-49.08670331267397,-26.856503699875052]],[[-49.086552400227255,-26.856510095388135],[-49.08647754412903,-26.85655475048684],[-49.0864377938124,-26.85654524136027],[-49.086552400227255,-26.856510095388135]],[[-49.088056562924514,-26.856707972441185],[-49.08798119757172,-26.856939987422415],[-49.0877354916976,-26.856751584201902],[-49.08821266581238,-26.856656367334825],[-49.088240649772246,-26.856287591486225],[-49.087907612073515,-26.856112830540848],[-49.08798343971355,-26.855929661103577],[-49.08811983536337,-26.85579333526954],[-49.08854684243648,-26.855768209495526],[-49.08865693069332,-26.856586774497373],[-49.08850727579715,-26.856886967933317],[-49.088056562924514,-26.856707972441185]],[[-49.0909275918242,-26.85640768669833],[-49.09086542968342,-26.856315650568884],[-49.09089008307588,-26.856243111952192],[-49.09097842259338,-26.856288117156826],[-49.0909275918242,-26.85640768669833]],[[-49.08943971494431,-26.855925957521524],[-49.08949898499663,-26.85589794276589],[-49.08950425390385,-26.855925350091372],[-49.08943971494431,-26.855925957521524]],[[-49.08612107744402,-26.855673482280626],[-49.08536306784687,-26.855665959311235],[-49.08562867735441,-26.85540486791923],[-49.08609437685701,-26.855462354587022],[-49.08618799811263,-26.855265248814952],[-49.08612107744402,-26.855673482280626]],[[-49.086525713135096,-26.855627811107],[-49.08684952813312,-26.854540872996825],[-49.0870945074184,-26.854585492701954],[-49.08722622018825,-26.85481893476502],[-49.088528381291255,-26.85502008059408],[-49.08844666506245,-26.85548670069822],[-49.086525713135096,-26.855627811107]],[[-49.08663960891485,-26.85579726239564],[-49.08657170623301,-26.855854586076916],[-49.0865582361185,-26.85575610349296],[-49.08663960891485,-26.85579726239564]],[[-49.08740960701129,-26.855893657970352],[-49.08768643465226,-26.85600638120209],[-49.087542754040754,-26.856203132025783],[-49.08740960701129,-26.855893657970352]],[[-49.08659356785996,-26.856072672361577],[-49.0865738701691,-26.85596047636104],[-49.08672645867288,-26.85590830546321],[-49.08659356785996,-26.856072672361577]],[[-49.086831921660504,-26.856172926460065],[-49.0866463681897,-26.85617969150449],[-49.08687471240376,-26.856141848150756],[-49.086831921660504,-26.856172926460065]],[[-49.087767467088185,-26.85624694600511],[-49.08783786184537,-26.85623473194002],[-49.087799694781914,-26.856308565890878],[-49.087767467088185,-26.85624694600511]],[[-49.08777826121242,-26.8561598165483],[-49.0878840545333,-26.856161057619257],[-49.08776071107554,-26.856176368840973],[-49.08777826121242,-26.8561598165483]],[[-49.08576359962775,-26.856129230392558],[-49.0856809141568,-26.8561929965118],[-49.08566983339581,-26.856152190463256],[-49.08576359962775,-26.856129230392558]],[[-49.08560775617869,-26.85444808100246],[-49.085380702975115,-26.854337685133114],[-49.085449004912086,-26.854221285795614],[-49.08525848624434,-26.853985114420176],[-49.085094007069515,-26.853992455518522],[-49.085084861678865,-26.853772930195404],[-49.08469042390802,-26.85387687693342],[-49.08478803510562,-26.853695874825274],[-49.08504856442339,-26.853657074970798],[-49.084862150222904,-26.853549684553432],[-49.08585854614524,-26.85380107189038],[-49.08564205715867,-26.854213705144957],[-49.08583751153695,-26.854313798746947],[-49.08560775617869,-26.85444808100246]],[[-49.08595737806909,-26.854265386105265],[-49.08597075491188,-26.85439656778522],[-49.08588532335261,-26.854434751964696],[-49.08587892249859,-26.854382180571978],[-49.08595737806909,-26.854265386105265]],[[-49.088710057928616,-26.854399920220857],[-49.08876570937478,-26.85438585900508],[-49.08871900384372,-26.854429895834517],[-49.088710057928616,-26.854399920220857]],[[-49.086867970159624,-26.854054952294426],[-49.08700871712359,-26.85357335634772],[-49.087145969104675,-26.85355627276077],[-49.08710771543794,-26.853940300986366],[-49.086867970159624,-26.854054952294426]],[[-49.08686679518438,-26.85346593353787],[-49.086742414019085,-26.85352250644041],[-49.08680300245406,-26.85336254553094],[-49.08686679518438,-26.85346593353787]],[[-49.0866060303311,-26.853542448460058],[-49.08639671358283,-26.853794285843705],[-49.08638667761313,-26.85347666344379],[-49.08658435151531,-26.853225971028497],[-49.0866060303311,-26.853542448460058]],[[-49.08716392661227,-26.85333038311582],[-49.087154690181706,-26.853243122752225],[-49.08717228450227,-26.853229520410647],[-49.08716392661227,-26.85333038311582]],[[-49.087077884523296,-26.85320485080985],[-49.087031113673824,-26.85324655078123],[-49.08706722363958,-26.853161824290513],[-49.087077884523296,-26.85320485080985]],[[-49.08690726294792,-26.85326405500115],[-49.086876995713716,-26.853117412076376],[-49.08703604182638,-26.85288030452195],[-49.086970504689205,-26.853155365625888],[-49.08690726294792,-26.85326405500115]],[[-49.08597637904974,-26.85310015537514],[-49.0857405684172,-26.85369469355188],[-49.085108766429855,-26.853435973989512],[-49.085399508146914,-26.852924964610033],[-49.08597637904974,-26.85310015537514]],[[-49.08598502669328,-26.85353259808066],[-49.08618156130819,-26.85358516643955],[-49.08614648469161,-26.85371820557728],[-49.08593941810299,-26.853679190049384],[-49.08598502669328,-26.85353259808066]],[[-49.086122956638576,-26.853265669241175],[-49.086289169510856,-26.853303591847325],[-49.08627879314016,-26.853431395025506],[-49.08605329221198,-26.853392035021844],[-49.086122956638576,-26.853265669241175]],[[-49.086095824386305,-26.8532266910545],[-49.08626920782929,-26.853175155009176],[-49.08630044825368,-26.853215424993078],[-49.086095824386305,-26.8532266910545]],[[-49.086673731979026,-26.853779521654427],[-49.086722026382084,-26.853700265925134],[-49.08667526639369,-26.853816634788902],[-49.086673731979026,-26.853779521654427]],[[-49.086486370999936,-26.852755613872304],[-49.08657762279207,-26.85262838329629],[-49.08662639649518,-26.85265622125827],[-49.086486370999936,-26.852755613872304]],[[-49.0867516548536,-26.852637840085954],[-49.08668558105238,-26.852682404323385],[-49.08668057854988,-26.852666716887715],[-49.0867516548536,-26.852637840085954]],[[-49.086450088932914,-26.852643761886494],[-49.08637923411709,-26.85265833095896],[-49.086398865144005,-26.852578280076354],[-49.086450088932914,-26.852643761886494]],[[-49.087340029587224,-26.852504455521643],[-49.087481159920934,-26.852425421242362],[-49.08747707693025,-26.852514813315704],[-49.087340029587224,-26.852504455521643]],[[-49.08716420677603,-26.852398644402662],[-49.08720128364426,-26.852147966491085],[-49.08732411644615,-26.851853937255978],[-49.08732272754952,-26.851915494427658],[-49.08716420677603,-26.852398644402662]],[[-49.08672712972475,-26.852134910775074],[-49.086989749682,-26.85205881469158],[-49.08697848785444,-26.85216805758281],[-49.08672712972475,-26.852134910775074]],[[-49.07892141078535,-26.85329353318653],[-49.07880067705809,-26.853370889704212],[-49.07876868972905,-26.85333101484103],[-49.07892141078535,-26.85329353318653]],[[-49.088045180759615,-26.851169961619657],[-49.08815882149174,-26.851063265523983],[-49.088098150784326,-26.851242414246652],[-49.088045180759615,-26.851169961619657]],[[-49.08748885791524,-26.850934221338182],[-49.08745560995638,-26.850827245578564],[-49.08755850776737,-26.85082162717962],[-49.08748885791524,-26.850934221338182]],[[-49.08786925819601,-26.850582123121583],[-49.08785424864038,-26.85051979668128],[-49.08787674457302,-26.85052774473248],[-49.08786925819601,-26.850582123121583]],[[-49.0875895685005,-26.850560693033934],[-49.087593409822894,-26.850076310864196],[-49.087312018639,-26.849606618384602],[-49.08750499644493,-26.849279843552317],[-49.087800723021495,-26.849227104422347],[-49.08776481665588,-26.848938420389935],[-49.08793674881788,-26.849047874771234],[-49.087945793752816,-26.849309574216516],[-49.0875895685005,-26.850560693033934]],[[-49.087865388077645,-26.850465950897636],[-49.087906824438534,-26.850468953069793],[-49.08786792399033,-26.850498323880487],[-49.087865388077645,-26.850465950897636]],[[-49.08822886827574,-26.849361173324798],[-49.08836232100737,-26.849785758791363],[-49.088237484962775,-26.849902982885485],[-49.088122741482486,-26.849831084518044],[-49.08822886827574,-26.849361173324798]],[[-49.08762089909166,-26.84915107735755],[-49.08754001680681,-26.849182007035537],[-49.08754552292174,-26.8491434689804],[-49.08762089909166,-26.84915107735755]],[[-49.08008433307148,-26.850033760233256],[-49.079771028492694,-26.850097582974282],[-49.07981299895802,-26.849955355782704],[-49.08008433307148,-26.850033760233256]],[[-49.068630822490874,-26.84603402663648],[-49.06840911029203,-26.84612372992961],[-49.06833018919241,-26.846047328674203],[-49.068630822490874,-26.84603402663648]],[[-49.068231691480335,-26.846026051423383],[-49.06827613886397,-26.846081574175475],[-49.06823754744099,-26.846088608661596],[-49.068231691480335,-26.846026051423383]],[[-49.068712612270176,-26.84620981999794],[-49.06878099950165,-26.846318929872098],[-49.068767132215264,-26.846352632107237],[-49.06856987901221,-26.846217304676873],[-49.0687525475223,-26.846183502455023],[-49.06886949495853,-26.846238798159877],[-49.068712612270176,-26.84620981999794]],[[-49.06818729913829,-26.84636887401603],[-49.06852669997877,-26.846288838463394],[-49.06848890008565,-26.846385460764207],[-49.06818729913829,-26.84636887401603]],[[-49.07282241698559,-26.84697968016774],[-49.0728252078817,-26.847017505286317],[-49.07277754003017,-26.847054321309898],[-49.07282241698559,-26.84697968016774]],[[-49.06855617056487,-26.845850198751894],[-49.06852259483514,-26.845764949826187],[-49.06861149663998,-26.845787833767464],[-49.06855617056487,-26.845850198751894]],[[-49.074205895414025,-26.845275307840517],[-49.07427760259967,-26.845278044387687],[-49.07420585563566,-26.845299951992764],[-49.074205895414025,-26.845275307840517]],[[-49.074265814293355,-26.845144648276438],[-49.07413196480182,-26.845065477516165],[-49.074224439325256,-26.84484121249653],[-49.074683070457986,-26.844843608272075],[-49.074622830825426,-26.845010815358588],[-49.074265814293355,-26.845144648276438]],[[-49.074420500458295,-26.844600004868205],[-49.074609374135264,-26.844573567033212],[-49.074779076458476,-26.844605695840507],[-49.07443955616894,-26.844709161639546],[-49.074420500458295,-26.844600004868205]],[[-49.07341083078617,-26.84443196951075],[-49.073512030345,-26.84446194531103],[-49.07342477067824,-26.844475576864177],[-49.07341083078617,-26.84443196951075]],[[-49.075361077194785,-26.844124196467277],[-49.07519537237235,-26.84411469667478],[-49.07518444461446,-26.84408354138371],[-49.07533016963514,-26.844013436202694],[-49.075361077194785,-26.844124196467277]],[[-49.07534431514721,-26.84390622747697],[-49.07440386421479,-26.843901236696382],[-49.0744687784544,-26.843662117182234],[-49.074344330073295,-26.843631468660003],[-49.074631636148176,-26.843565471595912],[-49.07459593843659,-26.84340682556727],[-49.074380976330424,-26.84335530705386],[-49.07442347243512,-26.843060845422514],[-49.07508007253005,-26.84313093483178],[-49.075163245897805,-26.843764031586502],[-49.07534431514721,-26.84390622747697]],[[-49.07433742108761,-26.842299746677323],[-49.074282790138255,-26.842236827070597],[-49.07435877513177,-26.842209280734448],[-49.07433742108761,-26.842299746677323]],[[-49.07432021969246,-26.842077481881535],[-49.07441798032033,-26.84203212238838],[-49.074404154896875,-26.842093965145207],[-49.07432021969246,-26.842077481881535]],[[-49.07418059531182,-26.842027220837117],[-49.07397765090674,-26.841825895660374],[-49.074403019516,-26.841759161144388],[-49.07436784565583,-26.841954909799313],[-49.07418059531182,-26.842027220837117]],[[-49.07454350388676,-26.842783539079285],[-49.074639284003965,-26.84275124325378],[-49.0746625699153,-26.842834906388767],[-49.07454350388676,-26.842783539079285]],[[-49.0749356892746,-26.842310543680327],[-49.075013842696194,-26.8423007581567],[-49.074940212588366,-26.84235088868259],[-49.0749356892746,-26.842310543680327]],[[-49.07501053144767,-26.841139055107533],[-49.0750517862205,-26.84106904959958],[-49.075053059050454,-26.841130123436947],[-49.07501053144767,-26.841139055107533]],[[-49.08773944632377,-26.84878544216932],[-49.08780178416595,-26.848787025439435],[-49.08774559117661,-26.848838452526866],[-49.08773944632377,-26.84878544216932]],[[-49.08325538614604,-26.848539026265012],[-49.0833131150063,-26.848546679765924],[-49.083284437706766,-26.848598777066837],[-49.08325538614604,-26.848539026265012]],[[-49.09255417783113,-26.84749028410169],[-49.09297901747967,-26.847376889292068],[-49.0931573026942,-26.847465897200404],[-49.0926858942479,-26.84757469473001],[-49.09255417783113,-26.84749028410169]],[[-49.09273927110448,-26.847259975681062],[-49.092567234234494,-26.847356278734033],[-49.09256150652259,-26.847260845250755],[-49.09273927110448,-26.847259975681062]],[[-49.09008383156021,-26.846982064984992],[-49.090045050466244,-26.847439846233474],[-49.089682394374776,-26.84731656191566],[-49.08992754904334,-26.847124623299464],[-49.08989589165208,-26.8469109992899],[-49.09008383156021,-26.846982064984992]],[[-49.08973995651618,-26.846895700110064],[-49.08965997595029,-26.84689145481521],[-49.08962919537818,-26.846857436290684],[-49.08973995651618,-26.846895700110064]],[[-49.089372434229055,-26.84686285192599],[-49.08942839706529,-26.846988953855064],[-49.08929033374845,-26.84699952466928],[-49.089372434229055,-26.84686285192599]],[[-49.08960914547982,-26.846996892244643],[-49.08971797313254,-26.846996135138202],[-49.08969265944775,-26.847069106662605],[-49.08960914547982,-26.846996892244643]],[[-49.089013891929376,-26.846616150925414],[-49.08917725759247,-26.846564726733572],[-49.08907288175775,-26.846682220201778],[-49.089013891929376,-26.846616150925414]],[[-49.09102586690793,-26.846574315919238],[-49.09085610675733,-26.846336230232954],[-49.09096776267038,-26.84590592770403],[-49.091106557995445,-26.845931936244735],[-49.09121496491958,-26.84635589308073],[-49.09118354113546,-26.846550316561373],[-49.09102586690793,-26.846574315919238]],[[-49.09147822136084,-26.846524917750404],[-49.091488421160584,-26.846427792784027],[-49.09176197297273,-26.846345860688892],[-49.09170254201371,-26.84648286134525],[-49.09147822136084,-26.846524917750404]],[[-49.08980491218827,-26.846080442265304],[-49.08981006376402,-26.845960977081738],[-49.08992215902805,-26.845870104368835],[-49.089922699526305,-26.845898875653326],[-49.08980491218827,-26.846080442265304]],[[-49.0894352814664,-26.845925460546233],[-49.08950657194743,-26.845419329000464],[-49.08978630703886,-26.84512402553074],[-49.08984557826153,-26.845223953941403],[-49.0894352814664,-26.845925460546233]],[[-49.08930748034202,-26.84534416234777],[-49.08900188391403,-26.845150840159764],[-49.089345192157005,-26.84494211861851],[-49.08947889682244,-26.845125155267024],[-49.08930748034202,-26.84534416234777]],[[-49.083723182509246,-26.845049783693614],[-49.08365634850784,-26.845121299761058],[-49.083697341781026,-26.84503906730567],[-49.083723182509246,-26.845049783693614]],[[-49.0890290095585,-26.84525117634716],[-49.0892572174633,-26.84541217961182],[-49.08892241709329,-26.845767668389446],[-49.088679601619944,-26.845592678202177],[-49.0890290095585,-26.84525117634716]],[[-49.08710752956056,-26.845559145759395],[-49.08697024671194,-26.845506416101003],[-49.0869253661409,-26.84543527257611],[-49.0871654916037,-26.84543239990418],[-49.08710752956056,-26.845559145759395]],[[-49.089224348876634,-26.846326460816755],[-49.089137957845665,-26.8463396736361],[-49.089175323296224,-26.846293915247518],[-49.089224348876634,-26.846326460816755]],[[-49.09072344885242,-26.846501654644293],[-49.090589714031026,-26.84654760123079],[-49.09059255181528,-26.8464908298642],[-49.09072344885242,-26.846501654644293]],[[-49.09008192309144,-26.8447800921512],[-49.089331278230574,-26.844823919838145],[-49.08930100831955,-26.844636581921268],[-49.08911604532132,-26.844767493249336],[-49.08938818680713,-26.84429833417224],[-49.09075980365026,-26.843058459623094],[-49.09008192309144,-26.8447800921512]],[[-49.08486982025556,-26.844524437421608],[-49.084696107187554,-26.84442605652904],[-49.08487658614406,-26.84424524506291],[-49.08486982025556,-26.844524437421608]],[[-49.084254793539394,-26.844282108330077],[-49.08440758302368,-26.844321571422842],[-49.08441009979978,-26.84450087395084],[-49.084205158531375,-26.84440550543023],[-49.084254793539394,-26.844282108330077]],[[-49.08419623594829,-26.843708349573532],[-49.084412677299916,-26.843776048881015],[-49.08436498871976,-26.84390018374504],[-49.0842290127762,-26.843838796420197],[-49.08419623594829,-26.843708349573532]],[[-49.0910652267615,-26.842839108889002],[-49.09112567442663,-26.842883020230015],[-49.091062652694575,-26.84291342454816],[-49.0910652267615,-26.842839108889002]],[[-49.09202054140539,-26.842390461996725],[-49.09218470995825,-26.842341883925652],[-49.09226847652155,-26.842375984379903],[-49.09202054140539,-26.842390461996725]],[[-49.09105377172497,-26.84217390557233],[-49.09090313155948,-26.842288233034854],[-49.090915825969645,-26.842170073563132],[-49.09105377172497,-26.84217390557233]],[[-49.09290373553083,-26.841982991138135],[-49.092949145300466,-26.841939720154304],[-49.09295455477511,-26.841946004403418],[-49.09290373553083,-26.841982991138135]],[[-49.09201520741744,-26.84118272720751],[-49.09151986225626,-26.84100129180059],[-49.09173121866162,-26.839658788409018],[-49.092291450289174,-26.839818158894467],[-49.0933997051666,-26.839854615485976],[-49.09297729712836,-26.84017986776131],[-49.09340981530992,-26.840524663619597],[-49.093989900013575,-26.840722189253217],[-49.09415886569499,-26.841522771216614],[-49.0920694847001,-26.84169376276099],[-49.09191348982167,-26.84152675550901],[-49.09201520741744,-26.84118272720751]],[[-49.08952939048031,-26.840023157349076],[-49.089462898883674,-26.840046272313636],[-49.08946047197295,-26.839992362585896],[-49.08952939048031,-26.840023157349076]],[[-49.09068313721734,-26.839393257611555],[-49.09074625448167,-26.839388699798153],[-49.09071524550786,-26.8394179610135],[-49.09068313721734,-26.839393257611555]],[[-49.09058922584653,-26.83930903732362],[-49.09063852622483,-26.839283047413875],[-49.09063455243583,-26.839319354550774],[-49.09058922584653,-26.83930903732362]],[[-49.090804934247686,-26.8391038540454],[-49.09081881947218,-26.83897195629776],[-49.09084151958523,-26.83897370550901],[-49.090804934247686,-26.8391038540454]],[[-49.090983644772315,-26.83891374888468],[-49.09085490295288,-26.838909602305723],[-49.090903792812625,-26.838862285043955],[-49.090983644772315,-26.83891374888468]],[[-49.09100552159201,-26.838883592740093],[-49.09108222890241,-26.838880873760036],[-49.091046090338445,-26.838932023916705],[-49.09100552159201,-26.838883592740093]],[[-49.091029397563915,-26.83873606194662],[-49.090965821597145,-26.838810025512927],[-49.09094616360842,-26.838772456905808],[-49.091029397563915,-26.83873606194662]],[[-49.09403027856083,-26.8379920981538],[-49.09411365132325,-26.837965358441803],[-49.0941531825297,-26.837994206818333],[-49.09403027856083,-26.8379920981538]],[[-49.087829209097315,-26.833678624310085],[-49.087733655566,-26.8336030625053],[-49.087831678983434,-26.833441806264826],[-49.087885653375366,-26.833561999585967],[-49.087829209097315,-26.833678624310085]],[[-49.087444880748365,-26.83483795222455],[-49.08762102809246,-26.835336469996815],[-49.08755139652043,-26.835431999036114],[-49.08731823158419,-26.835335387489163],[-49.08717327535418,-26.834796747916247],[-49.087444880748365,-26.83483795222455]],[[-49.088000026691795,-26.831906839289502],[-49.08791429981151,-26.831753486518075],[-49.087953347586215,-26.831471129524274],[-49.088116762399736,-26.831543859638664],[-49.088000026691795,-26.831906839289502]],[[-49.08846963318772,-26.830693867322296],[-49.08854154323956,-26.830670251507478],[-49.088524133648804,-26.830730298143337],[-49.08846963318772,-26.830693867322296]],[[-49.09189372302901,-26.829377861627346],[-49.09182415293357,-26.829415518902522],[-49.091831525944706,-26.82938516325934],[-49.09189372302901,-26.829377861627346]],[[-49.09331695675445,-26.828184418388716],[-49.09339980507222,-26.828188003687025],[-49.09335536887806,-26.82826190046841],[-49.09331695675445,-26.828184418388716]],[[-49.09132328632315,-26.829836286594553],[-49.09126603474802,-26.82989502839105],[-49.09125516639702,-26.829878340822567],[-49.09132328632315,-26.829836286594553]],[[-49.091017912464906,-26.830047599252115],[-49.090973070164225,-26.830072469772727],[-49.090993432827595,-26.830017691276844],[-49.091017912464906,-26.830047599252115]],[[-49.09557591761058,-26.836902246977107],[-49.0956492394768,-26.836898798210996],[-49.09556441692342,-26.836924214370242],[-49.09557591761058,-26.836902246977107]],[[-49.09481780539615,-26.836346766955025],[-49.09494804654786,-26.83626097937235],[-49.09481623365841,-26.836349124634054],[-49.09502518107384,-26.836602272645113],[-49.09464229505398,-26.836474468130557],[-49.09481780539615,-26.836346766955025]],[[-49.09371576576701,-26.83650996405196],[-49.09365341102125,-26.836516150257673],[-49.09369326782549,-26.836463770852706],[-49.09371576576701,-26.83650996405196]],[[-49.0948397878079,-26.836152463687085],[-49.09495263366237,-26.836105244719292],[-49.094981399603384,-26.836119022211086],[-49.0948397878079,-26.836152463687085]],[[-49.0951233310771,-26.83595338535084],[-49.095317939666906,-26.835859143244964],[-49.095345845745456,-26.835898909122776],[-49.0951233310771,-26.83595338535084]],[[-49.094922197379766,-26.83582721316327],[-49.09484473653837,-26.83585762435625],[-49.09482151190052,-26.835835391357904],[-49.094922197379766,-26.83582721316327]],[[-49.09349712969887,-26.83352904212101],[-49.09356463864203,-26.833456568917267],[-49.093503898799675,-26.833575410813914],[-49.09349712969887,-26.83352904212101]],[[-49.09469992538111,-26.834643209280706],[-49.09478745306367,-26.83463101162014],[-49.09468421976247,-26.83478149740685],[-49.09469992538111,-26.834643209280706]],[[-49.09802115023252,-26.847024103340136],[-49.09795540136024,-26.84702884449124],[-49.09795505950056,-26.846991891617268],[-49.09802115023252,-26.847024103340136]],[[-49.08666535394934,-26.860208278326898],[-49.086702053156664,-26.860315553256648],[-49.08669315064518,-26.860326961157202],[-49.08666535394934,-26.860208278326898]],[[-49.09112351053475,-26.861134743331487],[-49.09117086011958,-26.861043046324166],[-49.09126187751145,-26.86109527982484],[-49.09123819866673,-26.861107516682303],[-49.09112351053475,-26.861134743331487]],[[-49.09457928533249,-26.860426804565076],[-49.09472703665959,-26.860396219371307],[-49.0946485813172,-26.86051899535108],[-49.09457928533249,-26.860426804565076]],[[-49.09651619939376,-26.859993898515444],[-49.09657251107267,-26.85995386397116],[-49.09656123529665,-26.860013941471255],[-49.09651619939376,-26.859993898515444]],[[-49.08989595554172,-26.862647820008362],[-49.089836010022054,-26.862683568470576],[-49.08982995704756,-26.8626641224818],[-49.08989595554172,-26.862647820008362]],[[-49.088791205348045,-26.860750445983694],[-49.08886301105887,-26.86125876872651],[-49.08915482532771,-26.861267343702472],[-49.08930676416069,-26.861437853285906],[-49.088607013413,-26.86144561174124],[-49.08860267834696,-26.860749712306013],[-49.088791205348045,-26.860750445983694]],[[-49.08740206939332,-26.861226660980453],[-49.087385205524406,-26.86136148963834],[-49.08719793052361,-26.86135378789244],[-49.087207188692176,-26.86124749219406],[-49.08740206939332,-26.861226660980453]],[[-49.08823871696878,-26.86140816478601],[-49.088303966049324,-26.861288359238888],[-49.08829052826207,-26.861444215319313],[-49.08823871696878,-26.86140816478601]],[[-49.08909419226519,-26.861135354866104],[-49.089174350580464,-26.86109190688256],[-49.08912689608326,-26.861180205500578],[-49.08909419226519,-26.861135354866104]],[[-49.08489583448238,-26.862024688074992],[-49.08496067185561,-26.862001630194396],[-49.084967870924686,-26.862031088223844],[-49.08489583448238,-26.862024688074992]],[[-49.08498082388793,-26.86195032389091],[-49.08503452159013,-26.861973082368607],[-49.084976978482736,-26.861960593885875],[-49.08498082388793,-26.86195032389091]],[[-49.08497989980937,-26.8618751424682],[-49.085074142103345,-26.86185998879128],[-49.08500276850526,-26.86189939376413],[-49.08497989980937,-26.8618751424682]],[[-49.09794876457255,-26.87399129902824],[-49.09784490646331,-26.873980670887],[-49.09789013416284,-26.873910059496104],[-49.09794876457255,-26.87399129902824]],[[-49.097794593468954,-26.873991243104385],[-49.09769493266738,-26.873947249019004],[-49.09777905686729,-26.87391221304655],[-49.097794593468954,-26.873991243104385]],[[-49.09816962189792,-26.874385322104214],[-49.098130847136346,-26.874422395948148],[-49.0981396876921,-26.87436074292167],[-49.09816962189792,-26.874385322104214]],[[-49.100642261143626,-26.875604931589777],[-49.099564432937605,-26.875244880324907],[-49.0991670935364,-26.87526071919666],[-49.099039046990505,-26.875112776229994],[-49.09948357089119,-26.87497604895805],[-49.09977514242818,-26.875161068747076],[-49.1003760498387,-26.87514933607046],[-49.10041523949618,-26.8749254806813],[-49.100642261143626,-26.875604931589777]],[[-49.09897997456401,-26.87520845771545],[-49.09881774647635,-26.875171621589693],[-49.0987847272035,-26.87509814226645],[-49.098917492653754,-26.875064987173946],[-49.09897997456401,-26.87520845771545]],[[-49.099852421241614,-26.878020174081698],[-49.09961323461795,-26.878088252602623],[-49.09985961257501,-26.877906569273307],[-49.099852421241614,-26.878020174081698]],[[-49.09875490677537,-26.878991783650807],[-49.09838841117365,-26.87883544979156],[-49.098426889108474,-26.87864214885361],[-49.0987033071904,-26.878396079577215],[-49.099124191605206,-26.87838081599346],[-49.09897823855177,-26.878911075457474],[-49.09875490677537,-26.878991783650807]],[[-49.10065465893899,-26.879042789300847],[-49.10056498424957,-26.87909659117252],[-49.10053579842235,-26.879067684645147],[-49.10065465893899,-26.879042789300847]],[[-49.11261762679299,-26.87657618649969],[-49.112747309944325,-26.87685657557272],[-49.11263817722835,-26.877326562151808],[-49.11200750455058,-26.877506467590877],[-49.11242312350749,-26.876634058680054],[-49.11261762679299,-26.87657618649969]],[[-49.11135501709137,-26.876837884268284],[-49.11130258983873,-26.87689366127892],[-49.11130548199239,-26.876828673767978],[-49.11135501709137,-26.876837884268284]],[[-49.11268842769055,-26.87640492200049],[-49.112482419609506,-26.875985174875115],[-49.11269546314635,-26.875827212601305],[-49.11268842769055,-26.87640492200049]],[[-49.11529629389505,-26.877823779802362],[-49.11555755121687,-26.87782173052142],[-49.11566752429865,-26.877819867237957],[-49.115614416867665,-26.877857124466107],[-49.11529629389505,-26.877823779802362]],[[-49.11296010545053,-26.88229581804449],[-49.11370208125725,-26.882544355294318],[-49.11422993732025,-26.88284524683014],[-49.11427038902823,-26.883084368170305],[-49.1140329673147,-26.883205099667084],[-49.11369951287494,-26.8831154036201],[-49.112996424631945,-26.8827725131787],[-49.11284958054305,-26.882484671568626],[-49.11296010545053,-26.88229581804449]],[[-49.11537928633544,-26.882867212511865],[-49.11589733763158,-26.88326024685833],[-49.11633547807917,-26.883108877459104],[-49.11728997922547,-26.883107607476646],[-49.117554247902255,-26.88345918008851],[-49.11736176255873,-26.88401709126742],[-49.11618575251677,-26.884109859905],[-49.115528302071816,-26.88401030790349],[-49.115487973260585,-26.883351267022693],[-49.11521887133976,-26.88296938581324],[-49.11537928633544,-26.882867212511865]],[[-49.11498078543448,-26.883370825887795],[-49.11491402920663,-26.883421868834883],[-49.11493735264352,-26.883329041427217],[-49.11498078543448,-26.883370825887795]],[[-49.11920051347537,-26.883995173900697],[-49.1191085670692,-26.884019289359046],[-49.119112353478286,-26.883929857318673],[-49.11920051347537,-26.883995173900697]],[[-49.11954673189765,-26.884451655471217],[-49.11931780724442,-26.884259604825612],[-49.11930917057389,-26.88422266460115],[-49.11952828361403,-26.88431759133796],[-49.11954673189765,-26.884451655471217]],[[-49.13739597409493,-26.889255305821564],[-49.13748610260972,-26.888905988962158],[-49.13772382123961,-26.8894342295478],[-49.13758147426025,-26.8897137011392],[-49.13740406422535,-26.889840207817283],[-49.137166455987966,-26.88976180810503],[-49.13712368226179,-26.88956901601602],[-49.1369284556656,-26.88936879516934],[-49.137085773313444,-26.889240702624775],[-49.13732382507407,-26.88948052849069],[-49.1373074217551,-26.88918170074258],[-49.13739597409493,-26.889255305821564]],[[-49.137098221500146,-26.889634709242],[-49.13697144909126,-26.889692316687565],[-49.13696608845763,-26.889674370419986],[-49.137098221500146,-26.889634709242]],[[-49.140092294837515,-26.886813455931737],[-49.14001439525751,-26.88650645353421],[-49.14005040877684,-26.886414193786198],[-49.140257932250734,-26.88703158237143],[-49.140154077659254,-26.887132007093125],[-49.1399676383405,-26.887017858555136],[-49.140092294837515,-26.886813455931737]],[[-49.138912631888616,-26.885378356705132],[-49.138872233415015,-26.885360254124297],[-49.138908925205754,-26.885335849597645],[-49.138912631888616,-26.885378356705132]],[[-49.138823554847754,-26.88535421856401],[-49.13876622695458,-26.885402198795717],[-49.13876436329747,-26.88536184940779],[-49.138823554847754,-26.88535421856401]],[[-49.14042250203847,-26.88493490452858],[-49.140520741944,-26.884917568755508],[-49.14048620860774,-26.88497479598646],[-49.14042250203847,-26.88493490452858]],[[-49.14086730932199,-26.884909492868843],[-49.14082991328397,-26.88482194353161],[-49.14091225778939,-26.884864613987812],[-49.14086730932199,-26.884909492868843]],[[-49.14062881901089,-26.884788195770913],[-49.140571292244516,-26.88481126746893],[-49.14054239030653,-26.884774891514585],[-49.14062881901089,-26.884788195770913]],[[-49.14078228154519,-26.884779502799017],[-49.14065314048371,-26.884677625877494],[-49.14070327443152,-26.884602699367516],[-49.140875115737614,-26.884695489104725],[-49.14078228154519,-26.884779502799017]],[[-49.14012754444506,-26.88480133161254],[-49.14022246128995,-26.884684259016552],[-49.14033885357472,-26.884686392008263],[-49.14012754444506,-26.88480133161254]],[[-49.14252178294579,-26.882564099161332],[-49.14244565011514,-26.88261746594904],[-49.142440214704976,-26.8825469695268],[-49.14252178294579,-26.882564099161332]],[[-49.14262173156899,-26.882057494818312],[-49.14268786962991,-26.88203232602467],[-49.142668442447,-26.882089880446163],[-49.14262173156899,-26.882057494818312]],[[-49.143055893978826,-26.88048362656147],[-49.14312664920854,-26.880452110257583],[-49.14308208776945,-26.880509291362227],[-49.143055893978826,-26.88048362656147]],[[-49.14116059127923,-26.8793016875021],[-49.14118658799997,-26.87922946482304],[-49.1412169174897,-26.879248879879945],[-49.14116059127923,-26.8793016875021]],[[-49.14068512738387,-26.87902282160508],[-49.14015531039106,-26.879052378609803],[-49.14035195747177,-26.878776358698083],[-49.14071064488477,-26.87876113913673],[-49.14068512738387,-26.87902282160508]],[[-49.14177743559538,-26.878796924047546],[-49.1414245204027,-26.878573413922513],[-49.141447937373236,-26.87842192014853],[-49.141708085564765,-26.878524327445277],[-49.14164992609501,-26.878304719208316],[-49.14135591161906,-26.878271478516577],[-49.14136170193615,-26.87816311272489],[-49.141783281021226,-26.878267601138376],[-49.14181396795334,-26.878483776939046],[-49.142177427377824,-26.878613419623182],[-49.14177743559538,-26.878796924047546]],[[-49.14168331025772,-26.877446477677488],[-49.14173109068317,-26.877399253776765],[-49.14177830031288,-26.877418454729668],[-49.14168331025772,-26.877446477677488]],[[-49.142766863033714,-26.8761762132165],[-49.14329431326922,-26.876382020140674],[-49.14329595756952,-26.8765099386797],[-49.14277863976876,-26.876356162552902],[-49.142766863033714,-26.8761762132165]],[[-49.14083315989601,-26.87534005125093],[-49.140811814941365,-26.875282336907503],[-49.140841645568926,-26.87526854409586],[-49.14083315989601,-26.87534005125093]],[[-49.14104355960971,-26.874056408295775],[-49.141186046512395,-26.87406492350403],[-49.141066632058525,-26.87411951756381],[-49.14104355960971,-26.874056408295775]],[[-49.14123227253226,-26.87397874491638],[-49.141164674890014,-26.873842035197775],[-49.140976648669564,-26.873962604773357],[-49.1408090836766,-26.873835448523025],[-49.14102428530937,-26.873493575468242],[-49.141513407502025,-26.8736385386807],[-49.14150625178243,-26.873823751917815],[-49.14123227253226,-26.87397874491638]],[[-49.14162252287133,-26.873603731623756],[-49.14152637714127,-26.873463597584458],[-49.141715453233495,-26.8734793961393],[-49.14162252287133,-26.873603731623756]],[[-49.14182341425615,-26.873540629628973],[-49.14191997475339,-26.873557663152752],[-49.14192108546305,-26.873589738250658],[-49.14182341425615,-26.873540629628973]],[[-49.14115759718524,-26.873407273763203],[-49.141274248376604,-26.873375064316757],[-49.14122977151174,-26.873446714476096],[-49.14115759718524,-26.873407273763203]],[[-49.14370632526247,-26.87275511157435],[-49.14362474028405,-26.872770038330035],[-49.14356345172436,-26.872770208437785],[-49.14370632526247,-26.87275511157435]],[[-49.14282933904579,-26.87189538574276],[-49.14300540077671,-26.872148251395778],[-49.142928311561285,-26.872576121014564],[-49.14283898873332,-26.872466936790513],[-49.14282933904579,-26.87189538574276]],[[-49.14279406517774,-26.871831922081476],[-49.14284202652373,-26.87180549569224],[-49.142842370070206,-26.871844620022763],[-49.14279406517774,-26.871831922081476]],[[-49.14341140188578,-26.871846078470035],[-49.14340285485761,-26.87174739495021],[-49.143425775536244,-26.87184606849197],[-49.14341140188578,-26.871846078470035]],[[-49.14235837755731,-26.869989342117293],[-49.14242528378225,-26.869951147574525],[-49.14238962066065,-26.870027004372684],[-49.14235837755731,-26.869989342117293]],[[-49.145680816519196,-26.8676790649538],[-49.14578771658695,-26.867879928810463],[-49.14563135110923,-26.86804958259494],[-49.14554291398647,-26.86790301740947],[-49.145680816519196,-26.8676790649538]],[[-49.143475114776045,-26.867419631232288],[-49.143778305210425,-26.86742927549137],[-49.14406183671982,-26.867238667758773],[-49.14409540843196,-26.867012003133144],[-49.14434025471947,-26.86699933655845],[-49.143919283440184,-26.867560568018522],[-49.143541658409106,-26.867592629485753],[-49.143475114776045,-26.867419631232288]],[[-49.146192073293676,-26.86742858937539],[-49.14633562788876,-26.867313363190966],[-49.14651901337004,-26.867457304293964],[-49.14624872339282,-26.867587018764922],[-49.146192073293676,-26.86742858937539]],[[-49.14215391103991,-26.86555810641162],[-49.14231536379571,-26.865679193197117],[-49.14234031822826,-26.865716007439357],[-49.14223169578868,-26.86564341386798],[-49.14215391103991,-26.86555810641162]],[[-49.142247978885145,-26.865482449713046],[-49.14192083036621,-26.86520884635068],[-49.142511243702145,-26.865308834022855],[-49.142247978885145,-26.865482449713046]],[[-49.140527954849574,-26.864686372862042],[-49.14047653959781,-26.864477153034013],[-49.14062651418528,-26.864613136020683],[-49.140527954849574,-26.864686372862042]],[[-49.140096801919064,-26.864263831556702],[-49.14029177436879,-26.864277615213478],[-49.14018934391709,-26.86434634771367],[-49.140096801919064,-26.864263831556702]],[[-49.140201852634505,-26.86411580774435],[-49.140285037391855,-26.863946941328468],[-49.14036021285486,-26.863973558985798],[-49.140201852634505,-26.86411580774435]],[[-49.14387080914372,-26.862771508920915],[-49.14395393535799,-26.862784953303027],[-49.14387021739459,-26.862822348876794],[-49.14387080914372,-26.862771508920915]],[[-49.145803808223825,-26.866306882488743],[-49.14591973972522,-26.866295349975484],[-49.1457832072031,-26.86633412811369],[-49.145803808223825,-26.866306882488743]],[[-49.14532906186847,-26.868167804386633],[-49.14526489534939,-26.868272978221736],[-49.14520380770831,-26.868219870571483],[-49.14532906186847,-26.868167804386633]],[[-49.145480708543886,-26.868202015496465],[-49.145532333833124,-26.868303379139768],[-49.145339153876385,-26.868373007764465],[-49.14531680517374,-26.868324043499175],[-49.145480708543886,-26.868202015496465]],[[-49.15412901172581,-26.86595174965097],[-49.15423376717169,-26.866053545403574],[-49.15422391370725,-26.866107539578504],[-49.15411176143744,-26.866041351350958],[-49.15412901172581,-26.86595174965097]],[[-49.1544367878704,-26.863725216424168],[-49.15440762946626,-26.863625432073253],[-49.15497962161422,-26.863362764448915],[-49.154667470030546,-26.863673489557844],[-49.1544367878704,-26.863725216424168]],[[-49.15576125086674,-26.859675153568674],[-49.1558597486699,-26.85965903218728],[-49.15578940265566,-26.859729980025637],[-49.15576125086674,-26.859675153568674]],[[-49.15651310159576,-26.858635778726065],[-49.156561406042385,-26.85873818034813],[-49.1564851249806,-26.85884236224404],[-49.15645762213627,-26.858797628265393],[-49.15651310159576,-26.858635778726065]],[[-49.14204107621565,-26.875659325514683],[-49.14188371305615,-26.87543451210732],[-49.14200482673845,-26.8753466270738],[-49.14204107621565,-26.875659325514683]],[[-49.14215777497905,-26.875466564634763],[-49.142205492198364,-26.875419850361464],[-49.14220321924535,-26.875472592961994],[-49.14215777497905,-26.875466564634763]],[[-49.14195566916618,-26.874983837359512],[-49.142058271122536,-26.8750701945451],[-49.14203208877716,-26.875214232195553],[-49.14181187057885,-26.875094657845697],[-49.14195566916618,-26.874983837359512]],[[-49.14247233052376,-26.875007829429205],[-49.14254905345271,-26.87479523993316],[-49.1426807006312,-26.87485271158712],[-49.14260886941215,-26.87505684100884],[-49.14247233052376,-26.875007829429205]],[[-49.14181968946647,-26.874649125330933],[-49.14190134603086,-26.87463192007946],[-49.141904073434986,-26.874665690603454],[-49.14181968946647,-26.874649125330933]],[[-49.14267635517212,-26.87525187150948],[-49.14260357896242,-26.875324254814817],[-49.14257909854152,-26.87525862423756],[-49.14267635517212,-26.87525187150948]],[[-49.14464362897387,-26.89084690371214],[-49.14456467427367,-26.890876853157067],[-49.144643501816105,-26.890823460148578],[-49.14464362897387,-26.89084690371214]],[[-49.14539640669829,-26.891258711823028],[-49.14537236393729,-26.891308726847576],[-49.14534314645211,-26.8912730058649],[-49.14539640669829,-26.891258711823028]],[[-49.145360593266,-26.891975317487596],[-49.145222976998376,-26.8920057770956],[-49.145233306342234,-26.89189666651655],[-49.145360593266,-26.891975317487596]],[[-49.13579097785326,-26.892223189229306],[-49.13582484444238,-26.89305925183946],[-49.13514915536906,-26.89256206984906],[-49.13536435236679,-26.89236293705396],[-49.13553498902369,-26.891650569766867],[-49.13579097785326,-26.892223189229306]],[[-49.139765192482336,-26.893096294439413],[-49.138710071830474,-26.89301340460505],[-49.138678861973354,-26.89284516935006],[-49.139765192482336,-26.893096294439413]],[[-49.137814478440134,-26.892790190396756],[-49.137813869406344,-26.89287007693973],[-49.137767175156235,-26.892822725207942],[-49.137814478440134,-26.892790190396756]],[[-49.1382095697965,-26.892915362925116],[-49.138263743211034,-26.892877179137393],[-49.13822908485918,-26.892947459009836],[-49.1382095697965,-26.892915362925116]],[[-49.13779414223166,-26.892775949467865],[-49.13783289132832,-26.892713250140112],[-49.1378524963799,-26.892753678351728],[-49.13779414223166,-26.892775949467865]],[[-49.143986324292065,-26.895676416270376],[-49.14426856539482,-26.896010304321646],[-49.144289040286154,-26.896444763076634],[-49.144853332181526,-26.896872571410377],[-49.14484112223863,-26.897071444061424],[-49.14300739504275,-26.897750798464422],[-49.14220213592522,-26.897710088610566],[-49.14174077938887,-26.897445275892792],[-49.14151237287238,-26.89698074509728],[-49.14182359343953,-26.896549056153138],[-49.142212727239,-26.896435375873004],[-49.14296778849817,-26.89384808909103],[-49.143678921705074,-26.894761589350733],[-49.143986324292065,-26.895676416270376]],[[-49.152701949639145,-26.895431341735467],[-49.15316692883266,-26.894940457715894],[-49.1536145191893,-26.894663554001323],[-49.153716965850954,-26.895130003346893],[-49.152772230217266,-26.895538224794564],[-49.152701949639145,-26.895431341735467]],[[-49.14733596099313,-26.90218885606563],[-49.14730639645138,-26.902244571855654],[-49.147233210211446,-26.902266111939912],[-49.14733596099313,-26.90218885606563]],[[-49.14759015752817,-26.902217722505068],[-49.14775959426341,-26.90241378834578],[-49.147255493054246,-26.902929403055637],[-49.147106876886696,-26.902369026889307],[-49.14759015752817,-26.902217722505068]],[[-49.09591028637348,-26.882133240406297],[-49.09619706213111,-26.882629413839034],[-49.095958866965795,-26.882597900641493],[-49.09581806220835,-26.882266050183432],[-49.09591028637348,-26.882133240406297]],[[-49.09582981688041,-26.882588842580283],[-49.095680191998795,-26.88276126574018],[-49.09556587607973,-26.882530202002496],[-49.09566846029157,-26.882323449128766],[-49.09582981688041,-26.882588842580283]],[[-49.09357584184494,-26.88605416149408],[-49.093544710081055,-26.886076563541152],[-49.09350813906594,-26.88603486360896],[-49.09357584184494,-26.88605416149408]],[[-49.0847869923452,-26.88426591794307],[-49.08477393314743,-26.884298102595952],[-49.084750699318995,-26.88429129991769],[-49.0847869923452,-26.88426591794307]],[[-49.0848683386108,-26.88438759727324],[-49.084773620398884,-26.884472275166527],[-49.084873476998126,-26.884368945708346],[-49.0848683386108,-26.88438759727324]],[[-49.084705740157844,-26.88450778937515],[-49.08463206699434,-26.88468249603351],[-49.08456558574372,-26.884833982262652],[-49.084705740157844,-26.88450778937515]],[[-49.08464071891433,-26.884809742267585],[-49.0847267548555,-26.884829530006428],[-49.08468660100892,-26.88488800378171],[-49.08464071891433,-26.884809742267585]],[[-49.08432412947285,-26.884866197106604],[-49.0843998237661,-26.884963648892516],[-49.08426830437796,-26.88493781678279],[-49.08432412947285,-26.884866197106604]],[[-49.08431363549214,-26.88500199705522],[-49.08449037956301,-26.885007746674546],[-49.08456465664037,-26.88520971336774],[-49.08391237999555,-26.88638660305123],[-49.083888424084456,-26.887250367177753],[-49.08338915506415,-26.886798409913858],[-49.08378576543092,-26.88587056357533],[-49.08397205194685,-26.885933122039248],[-49.08386595910053,-26.88568950836985],[-49.08417060692073,-26.885742330332658],[-49.08397104806891,-26.885522269545525],[-49.08431363549214,-26.88500199705522]],[[-49.083631900391694,-26.885555520205934],[-49.083386071141135,-26.886274811206405],[-49.08275309467387,-26.885732615138537],[-49.083370119742675,-26.88604441337205],[-49.0832846123833,-26.88564053201217],[-49.083631900391694,-26.885555520205934]],[[-49.083545535434304,-26.886175536934832],[-49.08350377953028,-26.886329240015453],[-49.08342398284861,-26.88638310286376],[-49.08343959007589,-26.88629340635618],[-49.083545535434304,-26.886175536934832]],[[-49.0832690405037,-26.88638148521863],[-49.083304896502696,-26.88651033885221],[-49.08309540586504,-26.886873921970945],[-49.083065487959566,-26.886744734525283],[-49.0832690405037,-26.88638148521863]],[[-49.08332344585721,-26.886593733498476],[-49.083353896736774,-26.88658586720677],[-49.08333708756178,-26.88663895608863],[-49.08332344585721,-26.886593733498476]],[[-49.08301737304864,-26.88710142637646],[-49.08283928921957,-26.88731222345555],[-49.082682549319074,-26.88717751642317],[-49.08289433718671,-26.887033399402338],[-49.08301737304864,-26.88710142637646]],[[-49.08256983867926,-26.887135262318395],[-49.08240610633305,-26.887165477379696],[-49.08252447172427,-26.8870810953421],[-49.08256983867926,-26.887135262318395]],[[-49.083232100860826,-26.887136718744006],[-49.08380875723676,-26.887416683764002],[-49.08380129001398,-26.88761824562314],[-49.08323787606174,-26.88818580188472],[-49.08318318263345,-26.88848376948523],[-49.082453844690164,-26.889086704799528],[-49.082987699155765,-26.888369834515423],[-49.0824273234833,-26.888963725341288],[-49.08254961170114,-26.888533226633832],[-49.082461863837146,-26.888728884341408],[-49.08244270778971,-26.888517820250826],[-49.082164401797954,-26.888757085650123],[-49.082054441736204,-26.888703670247057],[-49.08242046196561,-26.888071880236573],[-49.08230449500851,-26.88765154724856],[-49.08298621532437,-26.887688577806276],[-49.083232100860826,-26.887136718744006]],[[-49.0828182204878,-26.887433340001063],[-49.08270303749904,-26.88742437960219],[-49.08283909821214,-26.8873442627202],[-49.0828182204878,-26.887433340001063]],[[-49.08213700590173,-26.887398249761382],[-49.08203510542181,-26.887487734787694],[-49.08201508914321,-26.887361161876935],[-49.08213700590173,-26.887398249761382]],[[-49.08056253499043,-26.88811868372138],[-49.08053834548528,-26.888246193140894],[-49.08051575857463,-26.88823955396709],[-49.08056253499043,-26.88811868372138]],[[-49.08067230647438,-26.88822073488882],[-49.08075172986128,-26.888358759259624],[-49.08062259290553,-26.888415979161625],[-49.08062110349219,-26.888315882243226],[-49.08067230647438,-26.88822073488882]],[[-49.08025612066698,-26.88838392837317],[-49.080436672724446,-26.888678608947405],[-49.08082984884363,-26.888611418295614],[-49.08026714134418,-26.888990919615814],[-49.079893094466875,-26.88868103741989],[-49.07996184230074,-26.888288510675164],[-49.08025612066698,-26.88838392837317]],[[-49.078941359476836,-26.88839317637024],[-49.07949466067151,-26.888635120237815],[-49.08050586308006,-26.889476088052938],[-49.078941359476836,-26.88839317637024]],[[-49.080816981547166,-26.888999517803107],[-49.080953214859896,-26.88897276032412],[-49.08093528511128,-26.889183794260603],[-49.0811333049062,-26.889312986535106],[-49.08090138354329,-26.8893368741367],[-49.080954258480354,-26.889567504202226],[-49.08074104201167,-26.889377810259376],[-49.080816981547166,-26.888999517803107]],[[-49.08064569648982,-26.889552572813344],[-49.08122788407189,-26.890029885501583],[-49.08124275371089,-26.890096022969146],[-49.08069795869178,-26.889675475227293],[-49.08064569648982,-26.889552572813344]],[[-49.08172704375679,-26.88991694890687],[-49.08180264156156,-26.8898842459683],[-49.081688991353175,-26.889968050182656],[-49.08172704375679,-26.88991694890687]],[[-49.08203736365526,-26.889777397289098],[-49.08185019672367,-26.88978372107666],[-49.082027459550595,-26.88958941351517],[-49.08203736365526,-26.889777397289098]],[[-49.08215922989946,-26.88959180212643],[-49.082325513516615,-26.889251314121882],[-49.08260212119107,-26.889120757248715],[-49.08279737455034,-26.88920910100294],[-49.08215922989946,-26.88959180212643]],[[-49.08206950019048,-26.889213962469814],[-49.08208543894453,-26.889271836864015],[-49.082057888031045,-26.889276180490114],[-49.08206950019048,-26.889213962469814]],[[-49.08202609048259,-26.88933579052996],[-49.08196428397861,-26.889345449255927],[-49.08200306847838,-26.889294220542915],[-49.08202609048259,-26.88933579052996]],[[-49.081915517075345,-26.889376299491822],[-49.081807532120926,-26.889478357483537],[-49.08168066027001,-26.88940829046378],[-49.08179187072284,-26.88932673736981],[-49.081915517075345,-26.889376299491822]],[[-49.081625082070275,-26.889563143014406],[-49.08159231065294,-26.889660926594292],[-49.08146571464964,-26.889628183968618],[-49.081625082070275,-26.889563143014406]],[[-49.08143503128709,-26.889685532945666],[-49.08149897348499,-26.889671896654527],[-49.08150122045775,-26.889693709238255],[-49.08143503128709,-26.889685532945666]],[[-49.0865255796322,-26.887307493463304],[-49.086157694177736,-26.88731150711311],[-49.08642212714345,-26.886984923434905],[-49.0865255796322,-26.887307493463304]],[[-49.08615401686393,-26.886825264922727],[-49.0862250920316,-26.886789774946518],[-49.08619586255864,-26.886843311963197],[-49.08615401686393,-26.886825264922727]],[[-49.08629329302123,-26.8868429343998],[-49.08624644948481,-26.886767958040068],[-49.08626423507457,-26.886752484787138],[-49.08629329302123,-26.8868429343998]],[[-49.08707497104267,-26.885900038474116],[-49.0871007633255,-26.885856004257906],[-49.08710746112775,-26.88588839534492],[-49.08707497104267,-26.885900038474116]],[[-49.087965917673145,-26.885788733667805],[-49.08801975065797,-26.885749836350374],[-49.08797785962329,-26.885797111169133],[-49.087965917673145,-26.885788733667805]],[[-49.088101969952554,-26.88562250857126],[-49.08801001823274,-26.88563255727488],[-49.08800242970183,-26.885545759770448],[-49.088101969952554,-26.88562250857126]],[[-49.08700980884558,-26.88553164804865],[-49.08708758226823,-26.885593876999923],[-49.087005454968924,-26.885638396187435],[-49.08700980884558,-26.88553164804865]],[[-49.09073722315954,-26.88208914341212],[-49.09069390371263,-26.88200575408283],[-49.09077712234102,-26.882038089305546],[-49.09073722315954,-26.88208914341212]],[[-49.08136561202657,-26.890349950413903],[-49.081544140785816,-26.890389877391648],[-49.08128526493899,-26.89055687381581],[-49.08136561202657,-26.890349950413903]],[[-49.079869616166754,-26.891376852202097],[-49.07977486306115,-26.8915072446032],[-49.07985642567209,-26.891350948010345],[-49.079869616166754,-26.891376852202097]],[[-49.08007400954826,-26.891514250002615],[-49.080173189815184,-26.8914839607513],[-49.08006645059426,-26.891547286496667],[-49.08007400954826,-26.891514250002615]],[[-49.078105999555966,-26.8966767397992],[-49.0780180647398,-26.89668860488991],[-49.078036991126865,-26.896652403419008],[-49.078105999555966,-26.8966767397992]],[[-49.07783058751472,-26.896789526301905],[-49.07810287672026,-26.896862341724905],[-49.077891105781944,-26.896965028570563],[-49.07783058751472,-26.896789526301905]],[[-49.07978566377742,-26.89658065365483],[-49.08033516456578,-26.896271470321242],[-49.08034645791346,-26.896438970428246],[-49.08017985513333,-26.896458859904797],[-49.080078041471,-26.896804318925668],[-49.079797344080944,-26.89706143736144],[-49.07963139141127,-26.896884584555085],[-49.07978566377742,-26.89658065365483]],[[-49.0783884372591,-26.8968195259045],[-49.07829739242851,-26.896846518584567],[-49.07837804852078,-26.896779744717232],[-49.0783884372591,-26.8968195259045]],[[-49.08015378318592,-26.896280086093274],[-49.08007979569694,-26.896293113815833],[-49.08012604796663,-26.896239745608554],[-49.08015378318592,-26.896280086093274]],[[-49.07993327285103,-26.896146269345245],[-49.080134100534494,-26.896072714930067],[-49.08000728268181,-26.896214011343982],[-49.07993327285103,-26.896146269345245]],[[-49.081316263545354,-26.89543012382891],[-49.08126071488129,-26.895272132614785],[-49.08130874081376,-26.895238179100385],[-49.081316263545354,-26.89543012382891]],[[-49.08104881478886,-26.895345439678497],[-49.0809136267764,-26.895194305436227],[-49.08104085658335,-26.895058304781525],[-49.08120304130412,-26.89515356546798],[-49.08104881478886,-26.895345439678497]],[[-49.08222970311349,-26.895218504736135],[-49.0819707137893,-26.89508264064981],[-49.082224589537695,-26.894886605254197],[-49.08242773333768,-26.8950346337216],[-49.08222970311349,-26.895218504736135]],[[-49.0819170240117,-26.89497919371791],[-49.081826073892515,-26.8949052020792],[-49.082110525964744,-26.894781360670848],[-49.082102096578524,-26.894833747376676],[-49.0819170240117,-26.89497919371791]],[[-49.08118916998662,-26.89405900007249],[-49.081281485128734,-26.894008710717173],[-49.08119701273429,-26.894087641975986],[-49.08118916998662,-26.89405900007249]],[[-49.07785911982716,-26.897153152553614],[-49.077851845424014,-26.897207828460484],[-49.07782587502181,-26.897165041753418],[-49.07785911982716,-26.897153152553614]],[[-49.07792863614217,-26.89723428489065],[-49.07798849608613,-26.89721831856454],[-49.077983958777416,-26.897252165354928],[-49.07792863614217,-26.89723428489065]],[[-49.06558254148801,-26.90013801223526],[-49.06534157478587,-26.900050686091564],[-49.06503973607267,-26.89959595198612],[-49.06567104130282,-26.899614452540586],[-49.06583026045355,-26.899952137524007],[-49.06558254148801,-26.90013801223526]],[[-49.06430193433938,-26.899627084907532],[-49.06425721786778,-26.899503422375567],[-49.06432682902061,-26.89943607877714],[-49.06441387473447,-26.89955254139137],[-49.06430193433938,-26.899627084907532]],[[-49.064750211493866,-26.89958124962552],[-49.064551979420266,-26.899284096587948],[-49.0648943772307,-26.899493488025126],[-49.064750211493866,-26.89958124962552]],[[-49.0641439272473,-26.89956732258188],[-49.0641548122686,-26.89966826387135],[-49.06408586831916,-26.89957822244214],[-49.0641439272473,-26.89956732258188]],[[-49.06434436594657,-26.89975671695485],[-49.06426085822585,-26.899770235184718],[-49.064272430459255,-26.899721605542506],[-49.06434436594657,-26.89975671695485]],[[-49.065272646716416,-26.899080399245012],[-49.06530782771636,-26.899064143433748],[-49.065293725811394,-26.899097910213946],[-49.065272646716416,-26.899080399245012]],[[-49.06521691668573,-26.898902243414415],[-49.065240032719444,-26.898783104327155],[-49.06551542194817,-26.898751826912118],[-49.06550865449088,-26.89891148081724],[-49.06521691668573,-26.898902243414415]],[[-49.064343116098456,-26.89881054633889],[-49.064205075569504,-26.898797464786146],[-49.06431872805238,-26.898720392189656],[-49.064343116098456,-26.89881054633889]],[[-49.06719121407967,-26.903219884969996],[-49.06729619008469,-26.90316430782365],[-49.06731190090809,-26.90320839479853],[-49.06719121407967,-26.903219884969996]],[[-49.06789118970794,-26.903469130412276],[-49.06786033461656,-26.90353185946387],[-49.06782858851228,-26.903489257923138],[-49.06789118970794,-26.903469130412276]],[[-49.07134960384479,-26.912705231204647],[-49.07154210192228,-26.91231177454706],[-49.071792181074706,-26.9122834371022],[-49.071971800940936,-26.912940268132502],[-49.07175163635856,-26.91290964655431],[-49.07151529178019,-26.91307364290975],[-49.07134960384479,-26.912705231204647]],[[-49.07088829589852,-26.91306287063908],[-49.07076473743773,-26.913271880541526],[-49.070570191615204,-26.913109095291656],[-49.0707728164412,-26.91293031800122],[-49.07088829589852,-26.91306287063908]],[[-49.07063270824574,-26.913237056734147],[-49.07063402076449,-26.913308373720604],[-49.070590765573165,-26.913242631040976],[-49.07063270824574,-26.913237056734147]],[[-49.07313293451754,-26.913393178826794],[-49.07307776580006,-26.913280988630785],[-49.07316695571064,-26.913356526683664],[-49.07313293451754,-26.913393178826794]],[[-49.07076722205291,-26.913356035582154],[-49.07092833724098,-26.913443530521047],[-49.07088959041776,-26.91348126512209],[-49.07076722205291,-26.913356035582154]],[[-49.07974444653244,-26.913677994947143],[-49.079785883182,-26.913545993578197],[-49.07980718903067,-26.913543741562812],[-49.07974444653244,-26.913677994947143]],[[-49.076833067963534,-26.913555828136698],[-49.07667946824811,-26.913408091601404],[-49.07687030661885,-26.913341339088138],[-49.07692590687052,-26.913454000857136],[-49.076833067963534,-26.913555828136698]],[[-49.07578265089971,-26.912812758028696],[-49.07540965829568,-26.913530618588457],[-49.07501693757616,-26.91302939640272],[-49.07578265089971,-26.912812758028696]],[[-49.07332304285516,-26.913131356500276],[-49.07322333777243,-26.912962105251122],[-49.07343353998307,-26.912874671225005],[-49.07346587277502,-26.912956348638936],[-49.07332304285516,-26.913131356500276]],[[-49.07337605399834,-26.913473761201953],[-49.07329006823226,-26.913483459206077],[-49.07326538717534,-26.913467107788904],[-49.07337605399834,-26.913473761201953]],[[-49.08201424800122,-26.912678953078327],[-49.08229746140537,-26.912717459234802],[-49.08220632816517,-26.913002463574458],[-49.08197959202992,-26.912865313282],[-49.08201424800122,-26.912678953078327]],[[-49.088275312803596,-26.912963927436177],[-49.08826471429907,-26.91254386758156],[-49.08805055398704,-26.912537243303035],[-49.088638862020886,-26.912445738130685],[-49.08939185041879,-26.912643491069378],[-49.090578019126845,-26.913752647517956],[-49.09061987112851,-26.91387597975485],[-49.09047870154387,-26.913863439510077],[-49.0906830983789,-26.914070903342434],[-49.09040728414588,-26.914160805458696],[-49.090140882042526,-26.913876161311286],[-49.089940786862826,-26.9139639254115],[-49.08967336423638,-26.913708375301027],[-49.08941442139458,-26.91397809755637],[-49.08899332297735,-26.91375402868274],[-49.088765916860424,-26.91445086239295],[-49.08869231656071,-26.914156859149397],[-49.088407620126716,-26.91444526423648],[-49.08766405127805,-26.914586047335085],[-49.08753939733653,-26.914442863764286],[-49.088275312803596,-26.912963927436177]],[[-49.08287773741814,-26.913177637086577],[-49.082841675050815,-26.91321533138363],[-49.082806036562054,-26.91316031909677],[-49.08287773741814,-26.913177637086577]],[[-49.086474907409126,-26.913640797168377],[-49.086350250922436,-26.913552858930593],[-49.086456236351204,-26.91347009785041],[-49.08653403823587,-26.91352602725679],[-49.086474907409126,-26.913640797168377]],[[-49.08961562649715,-26.914630046309302],[-49.08984946177286,-26.91462502205709],[-49.089811607804634,-26.914715191072695],[-49.08961562649715,-26.914630046309302]],[[-49.090255938831525,-26.914587286141572],[-49.09030767177764,-26.91442394212417],[-49.09034076287331,-26.914428325346183],[-49.090255938831525,-26.914587286141572]],[[-49.08985761017223,-26.91422425513729],[-49.089951759600424,-26.914140334603662],[-49.089894252290485,-26.914241351264113],[-49.08985761017223,-26.91422425513729]],[[-49.08967713732823,-26.91406732164244],[-49.08956474820688,-26.914066696577915],[-49.08966479894032,-26.91402772075049],[-49.08967713732823,-26.91406732164244]],[[-49.074246990357906,-26.91232301212079],[-49.07399630036386,-26.912221181199097],[-49.07402850344679,-26.911923790052295],[-49.07385075396708,-26.912028386675708],[-49.073481326513864,-26.911904067264405],[-49.0734786089947,-26.91153174246305],[-49.07387785591924,-26.91172311032478],[-49.07350583946414,-26.911372534878726],[-49.07346780930921,-26.911081928930667],[-49.07396363096131,-26.910848753365986],[-49.074222555369545,-26.911149957103706],[-49.074167861521076,-26.910950753597408],[-49.07433107846413,-26.910767951104887],[-49.07406633418929,-26.910425445565764],[-49.07466933430782,-26.91033743322457],[-49.0753826621895,-26.91114876956715],[-49.07467484031977,-26.91151656708232],[-49.07473457448454,-26.912056274713752],[-49.074246990357906,-26.91232301212079]],[[-49.07863288613946,-26.911706000302825],[-49.078684035901446,-26.910359924598108],[-49.07923457196042,-26.910447751795918],[-49.079320967641664,-26.9108461856087],[-49.07952256014621,-26.910900471339655],[-49.07953193013444,-26.911333866942726],[-49.078887748754674,-26.911258483411775],[-49.07869776994037,-26.912067581672538],[-49.07848652779876,-26.912230717734726],[-49.0784132310211,-26.911805027350702],[-49.07863288613946,-26.911706000302825]],[[-49.087543586883115,-26.912019933561147],[-49.08806735869797,-26.911759626996467],[-49.08818389748708,-26.912098970230108],[-49.08754777553595,-26.91225472509318],[-49.087543586883115,-26.912019933561147]],[[-49.090230215221766,-26.912034150747576],[-49.090492845229136,-26.911879934116733],[-49.090402724630174,-26.912081869529317],[-49.090230215221766,-26.912034150747576]],[[-49.083463725072065,-26.91193946209776],[-49.083364659123355,-26.911924182487876],[-49.08341751416677,-26.911876407485888],[-49.083463725072065,-26.91193946209776]],[[-49.079408696379815,-26.91140998908752],[-49.07955167547202,-26.911432090695147],[-49.079555841120516,-26.91163666720911],[-49.079324159265674,-26.911680619574582],[-49.079408696379815,-26.91140998908752]],[[-49.083138070178215,-26.911718716247236],[-49.083147617503656,-26.911592917419366],[-49.083206873292745,-26.911685681532564],[-49.083138070178215,-26.911718716247236]],[[-49.08301311892097,-26.911463778698046],[-49.0829118738172,-26.91158909716332],[-49.08283753864357,-26.911523552892017],[-49.08301311892097,-26.911463778698046]],[[-49.08290872630868,-26.911419885823257],[-49.08280090458198,-26.911417824751055],[-49.08285131045287,-26.911361508339365],[-49.08290872630868,-26.911419885823257]],[[-49.07997709031557,-26.91109719658659],[-49.079796395777485,-26.911154884060057],[-49.079781122755236,-26.91111388283513],[-49.07997709031557,-26.91109719658659]],[[-49.07975995215789,-26.910571205379018],[-49.07996827570542,-26.910670312489767],[-49.07993914309861,-26.91097747195592],[-49.0797522889154,-26.910946305335123],[-49.07975995215789,-26.910571205379018]],[[-49.07728014182514,-26.910856999425715],[-49.077109596373305,-26.910833199117754],[-49.07709104639756,-26.910746022250535],[-49.07731538619693,-26.910738416069716],[-49.07728014182514,-26.910856999425715]],[[-49.07725589015272,-26.911065489784164],[-49.077529162651395,-26.911017902283476],[-49.07757492304254,-26.911173289963603],[-49.07725589015272,-26.911065489784164]],[[-49.07724602081955,-26.911127589115587],[-49.077373520189674,-26.911182927279217],[-49.07723706541252,-26.911247457742668],[-49.07724602081955,-26.911127589115587]],[[-49.077769209355964,-26.911364099888548],[-49.07771402268683,-26.911382543070278],[-49.077743525302175,-26.911340298033625],[-49.077769209355964,-26.911364099888548]],[[-49.072881171010266,-26.91130596869317],[-49.07299057673689,-26.911482316395265],[-49.07314586307621,-26.911475138134858],[-49.073324713489065,-26.911796328363003],[-49.07278754129151,-26.911480633335906],[-49.072881171010266,-26.91130596869317]],[[-49.07204381962172,-26.911736394390324],[-49.072019394087484,-26.911770474737555],[-49.07199027570702,-26.911723283499505],[-49.07204381962172,-26.911736394390324]],[[-49.072924670985486,-26.911325992289363],[-49.072978660249056,-26.911327593821223],[-49.072936027820774,-26.91135649597291],[-49.072924670985486,-26.911325992289363]],[[-49.07291451899351,-26.911916599537673],[-49.07288663109139,-26.912272934904042],[-49.072294527339494,-26.912034636056042],[-49.07291451899351,-26.911916599537673]],[[-49.0722732992685,-26.91196825122326],[-49.07226492924216,-26.91201647935076],[-49.072221517400756,-26.911981960868886],[-49.0722732992685,-26.91196825122326]],[[-49.07232757418236,-26.912181260429872],[-49.07219003633927,-26.912202575612536],[-49.072247908079746,-26.91210602914096],[-49.07232757418236,-26.912181260429872]],[[-49.07707859629914,-26.912426934456192],[-49.07728873318887,-26.912440808110123],[-49.077132733717164,-26.912606672060495],[-49.07707859629914,-26.912426934456192]],[[-49.08672896559017,-26.91274267270443],[-49.08659515780164,-26.912794470569015],[-49.08658610216446,-26.912727672330703],[-49.08672896559017,-26.91274267270443]],[[-49.08171494396778,-26.910251369484396],[-49.08078389506972,-26.910017177365635],[-49.0798211333844,-26.909549303948673],[-49.0796106828769,-26.908771947062704],[-49.0801309642237,-26.90885522097905],[-49.08057287244805,-26.909126651655985],[-49.08074015705247,-26.90901962577723],[-49.081266397774904,-26.909203031830184],[-49.08183886975966,-26.91016524012011],[-49.08171494396778,-26.910251369484396]],[[-49.075797898525366,-26.90962303864708],[-49.07579214404159,-26.909768470098783],[-49.0757199998072,-26.90970162594034],[-49.075797898525366,-26.90962303864708]],[[-49.08397222562973,-26.907657431464422],[-49.0840590247349,-26.90760634907299],[-49.083996543894315,-26.907676783304023],[-49.08397222562973,-26.907657431464422]],[[-49.08955624931373,-26.910899438526382],[-49.089581391053535,-26.910785575910833],[-49.089659356168355,-26.910890287505417],[-49.08955624931373,-26.910899438526382]],[[-49.09033991099226,-26.910871795202507],[-49.09046269374625,-26.910805413872577],[-49.09031613306157,-26.91090859363294],[-49.09033991099226,-26.910871795202507]],[[-49.091727626873144,-26.910713504791214],[-49.09188381958468,-26.910648672874284],[-49.091879020424024,-26.910747368550155],[-49.091727626873144,-26.910713504791214]],[[-49.08840733188721,-26.910604579817743],[-49.08827826207692,-26.910485494872702],[-49.08844681435438,-26.91025276347284],[-49.08851195510032,-26.9103156266569],[-49.08840733188721,-26.910604579817743]],[[-49.09243298036617,-26.91052062724611],[-49.09252972950243,-26.910511547656174],[-49.0924404483968,-26.91053770576419],[-49.09243298036617,-26.91052062724611]],[[-49.094668258668314,-26.91608753321199],[-49.09483113548328,-26.916469486558835],[-49.094462724914344,-26.916492014392833],[-49.0943921895354,-26.91621541951709],[-49.094668258668314,-26.91608753321199]],[[-49.09497854074653,-26.916489703897874],[-49.09514482651568,-26.916533313565836],[-49.09505475598748,-26.91685318390111],[-49.09522383800144,-26.917225003198965],[-49.095214053938584,-26.917816769398428],[-49.094936258730975,-26.917726125448763],[-49.09478318024913,-26.916805164940648],[-49.09447287818031,-26.91679144750076],[-49.094843797921385,-26.91669324998743],[-49.09497854074653,-26.916489703897874]],[[-49.088845462300455,-26.914769662004037],[-49.088793286451846,-26.914757459638352],[-49.088809858742565,-26.914741442736144],[-49.088845462300455,-26.914769662004037]],[[-49.08833509801781,-26.914992395472407],[-49.088513514655375,-26.915049603371823],[-49.088519300489025,-26.915091151947056],[-49.08833509801781,-26.914992395472407]],[[-49.08875978882862,-26.91505600697866],[-49.0888134881496,-26.91500948112056],[-49.08883136564286,-26.91503875157499],[-49.08875978882862,-26.91505600697866]],[[-49.08840133467393,-26.915110659265757],[-49.0887919132423,-26.915172828287012],[-49.0886788062757,-26.91534865435968],[-49.088112721054735,-26.91532029997248],[-49.08840133467393,-26.915110659265757]],[[-49.0865308082328,-26.916605050072317],[-49.08652979675955,-26.916679953725414],[-49.086496541854665,-26.91669284463607],[-49.0865308082328,-26.916605050072317]],[[-49.08730277498996,-26.916994938633735],[-49.087186010472315,-26.917013560585534],[-49.087293224029004,-26.91695642496495],[-49.08730277498996,-26.916994938633735]],[[-49.08625124762744,-26.91717685117551],[-49.0862041143221,-26.91715861598099],[-49.08627634096094,-26.917113734627012],[-49.08625124762744,-26.91717685117551]],[[-49.07625720887313,-26.91367396023602],[-49.076183181689835,-26.9137285156072],[-49.076177600118655,-26.91367324716281],[-49.07625720887313,-26.91367396023602]],[[-49.07209151109776,-26.91420999500352],[-49.07231670510942,-26.914478158873315],[-49.072155364702304,-26.914718390128304],[-49.07171522215559,-26.914399413807907],[-49.07186854767104,-26.91420967604124],[-49.07209151109776,-26.91420999500352]],[[-49.07156438428791,-26.914604282778352],[-49.07152981802271,-26.914720855002898],[-49.07143987902205,-26.914698367859568],[-49.07156438428791,-26.914604282778352]],[[-49.07137532752739,-26.916631518067156],[-49.07123459285628,-26.91664623202694],[-49.07127463562126,-26.916589159468412],[-49.07137532752739,-26.916631518067156]],[[-49.06629703889557,-26.921653737199264],[-49.06622790122265,-26.921669730318566],[-49.066299767537856,-26.921622608515268],[-49.06629703889557,-26.921653737199264]],[[-49.05993236443416,-26.922128893129628],[-49.06029314906458,-26.92232200789323],[-49.06016424341327,-26.922469881363845],[-49.06027945847824,-26.9225284056081],[-49.060284091689745,-26.92306022678962],[-49.06016748562082,-26.92303741904555],[-49.060306305972375,-26.923375127476657],[-49.0594469916276,-26.92356775216767],[-49.05889541317836,-26.924047594218905],[-49.05850403866089,-26.92389390959782],[-49.05843464766076,-26.923539712752206],[-49.05947598830269,-26.923243237897157],[-49.05989264883211,-26.922856620249263],[-49.05993236443416,-26.922128893129628]],[[-49.05715825788888,-26.922873335404674],[-49.0571008287573,-26.922896381889526],[-49.05708551129204,-26.922789748943774],[-49.05715825788888,-26.922873335404674]],[[-49.058357328262375,-26.9236016277972],[-49.0582382585698,-26.923569410807335],[-49.05833239579743,-26.923542624050363],[-49.058357328262375,-26.9236016277972]],[[-49.058015144934345,-26.923630339388648],[-49.05796014108803,-26.923673230347294],[-49.05793719633776,-26.92366546724652],[-49.058015144934345,-26.923630339388648]],[[-49.0619612304711,-26.923208032038882],[-49.06200665310304,-26.9232451226073],[-49.06193921250851,-26.923267967376233],[-49.0619612304711,-26.923208032038882]],[[-49.06202922046952,-26.923192964085406],[-49.06201858549141,-26.923044000023218],[-49.06204435652289,-26.922943448429415],[-49.06212358520305,-26.923030750780203],[-49.06202922046952,-26.923192964085406]],[[-49.06075481081751,-26.922958714473026],[-49.06060508695263,-26.92265786039181],[-49.060741183552366,-26.922520038249168],[-49.06108372170156,-26.922847334716923],[-49.0609297574061,-26.92276908908527],[-49.06075481081751,-26.922958714473026]],[[-49.06062518874411,-26.922524948563556],[-49.060572063396954,-26.922549739564413],[-49.06062851878842,-26.922506480032407],[-49.06062518874411,-26.922524948563556]],[[-49.0605844336566,-26.922313648490988],[-49.06071739763869,-26.922302113630142],[-49.06057679962919,-26.922336429977413],[-49.0605844336566,-26.922313648490988]],[[-49.05949941390768,-26.92464795002391],[-49.0595464739168,-26.924676755976893],[-49.05951270866152,-26.924691816356138],[-49.05949941390768,-26.92464795002391]],[[-49.059647756489696,-26.924811024272394],[-49.059579562768626,-26.92482285538507],[-49.059604028323314,-26.924775924054572],[-49.059647756489696,-26.924811024272394]],[[-49.06824744473192,-26.925199421858895],[-49.06831464138619,-26.925168010179146],[-49.06832966209564,-26.925232519333175],[-49.06824744473192,-26.925199421858895]],[[-49.06984595242299,-26.924665905794672],[-49.069997346353766,-26.92471275919705],[-49.06985134688488,-26.924852350442077],[-49.069789035941085,-26.9247900299452],[-49.06984595242299,-26.924665905794672]],[[-49.0705610609942,-26.925080217302003],[-49.07060054275953,-26.92498996408338],[-49.07058728549466,-26.925088691752833],[-49.0705610609942,-26.925080217302003]],[[-49.06809559142251,-26.9252840280242],[-49.06813844658228,-26.92529982224792],[-49.06811450109208,-26.925316767222082],[-49.06809559142251,-26.9252840280242]],[[-49.06759321915883,-26.92524325404873],[-49.06752541037585,-26.925261095674262],[-49.067524462175264,-26.925238490056113],[-49.06759321915883,-26.92524325404873]],[[-49.06609356915101,-26.925258712501332],[-49.066339344515,-26.925477290497188],[-49.06673208663138,-26.92550811528457],[-49.06671958012203,-26.925744972044424],[-49.06610600227406,-26.925739117988556],[-49.06589514306957,-26.925606631781054],[-49.06609356915101,-26.925258712501332]],[[-49.06706470113076,-26.92557095223528],[-49.067312194419394,-26.92573507715216],[-49.067032625349846,-26.925858254513074],[-49.066983013246045,-26.92581187395909],[-49.06706470113076,-26.92557095223528]],[[-49.06943380122814,-26.925859651743725],[-49.06952544322246,-26.925765347642994],[-49.06953493425887,-26.92588416196744],[-49.06943380122814,-26.925859651743725]],[[-49.06851709491452,-26.925754801118902],[-49.06837771760731,-26.925624861961904],[-49.06854755644866,-26.92548181628461],[-49.0690493827287,-26.925463040241834],[-49.06901507530089,-26.925607195434626],[-49.06851709491452,-26.925754801118902]],[[-49.06833757039119,-26.925277371555133],[-49.06819211146186,-26.925338967020082],[-49.06816163361441,-26.925281773186217],[-49.06833757039119,-26.925277371555133]],[[-49.06797161446211,-26.926268467922995],[-49.06782984746685,-26.92646220914561],[-49.06775408235572,-26.92645907349189],[-49.06786731179865,-26.926191737829154],[-49.06797161446211,-26.926268467922995]],[[-49.06773611883088,-26.92667385564112],[-49.067663869047934,-26.926641180432714],[-49.06774447748592,-26.926612328226152],[-49.06773611883088,-26.92667385564112]],[[-49.06445283451236,-26.925613289763287],[-49.06441295936321,-26.925673008505242],[-49.064404311188326,-26.925619096721654],[-49.06445283451236,-26.925613289763287]],[[-49.06088179135221,-26.926152889283685],[-49.060031783841254,-26.926347858754962],[-49.060450454398335,-26.92573865574058],[-49.060943705715616,-26.925990941095645],[-49.06088179135221,-26.926152889283685]],[[-49.060613234503826,-26.926342640251708],[-49.060803513518934,-26.926659194976065],[-49.060475689527806,-26.926720825002285],[-49.060381346491056,-26.92655010561074],[-49.060613234503826,-26.926342640251708]],[[-49.06047187909515,-26.926913375933857],[-49.06061429887146,-26.926973481104486],[-49.06050238507533,-26.926981409098914],[-49.06047187909515,-26.926913375933857]],[[-49.06064977038835,-26.92696921588197],[-49.06068099071216,-26.926987819852723],[-49.06069861156087,-26.927027919927383],[-49.06064977038835,-26.92696921588197]],[[-49.06085067867639,-26.927125744279934],[-49.06145320062916,-26.927243422427352],[-49.06159103722867,-26.92761614006604],[-49.06134833038892,-26.92745153112938],[-49.06044614097338,-26.92762573640094],[-49.060392137698365,-26.927398380068514],[-49.06085067867639,-26.927125744279934]],[[-49.062021949585386,-26.927657796692074],[-49.06227277185783,-26.927551764121393],[-49.062531925275664,-26.927931482871934],[-49.062875136027984,-26.927929778590237],[-49.06292272283877,-26.928061321632583],[-49.062631827682864,-26.928084539538975],[-49.06276239298335,-26.928293157751366],[-49.06233256829828,-26.928351786192746],[-49.062021949585386,-26.927657796692074]],[[-49.064495341732645,-26.927590289096294],[-49.06455434751035,-26.92783284662184],[-49.0644686391327,-26.927890026702848],[-49.06444251216346,-26.927860508254916],[-49.064495341732645,-26.927590289096294]],[[-49.06463241277419,-26.92784169849643],[-49.06466072423285,-26.927478604425385],[-49.06486450652192,-26.927496813431972],[-49.064832542200456,-26.927780807308032],[-49.06463241277419,-26.92784169849643]],[[-49.06398936300887,-26.927548681501115],[-49.06390735451425,-26.92737952960237],[-49.06403441609452,-26.92733892405238],[-49.06404921884304,-26.927364103485232],[-49.06398936300887,-26.927548681501115]],[[-49.06314439872754,-26.92841619391441],[-49.0634741929056,-26.928978097857115],[-49.062841693233274,-26.929118712403277],[-49.0628157671434,-26.928869261796578],[-49.062480252385285,-26.928526386468803],[-49.06314439872754,-26.92841619391441]],[[-49.064241297177134,-26.92865298747527],[-49.064475884561695,-26.928719005424288],[-49.06450631225171,-26.928748534151335],[-49.064211092596764,-26.92881900526386],[-49.064241297177134,-26.92865298747527]],[[-49.065348106840354,-26.928793011567695],[-49.065431781124,-26.928762492197382],[-49.065424630918635,-26.928809581877854],[-49.065348106840354,-26.928793011567695]],[[-49.061954226113485,-26.92962273124615],[-49.06182976810348,-26.92967016692156],[-49.0617985332251,-26.92964909206338],[-49.061954226113485,-26.92962273124615]],[[-49.06187230564756,-26.931545741699672],[-49.061638460703755,-26.93154798707679],[-49.06150724403539,-26.930981022496248],[-49.06178976214441,-26.93107413577511],[-49.06187230564756,-26.931545741699672]],[[-49.06122734584904,-26.93137636586995],[-49.0611829270501,-26.931289576142476],[-49.061255849565896,-26.931266263273233],[-49.06122734584904,-26.93137636586995]],[[-49.06031409044952,-26.93132200144959],[-49.06098152331367,-26.931448595867156],[-49.06103435772694,-26.931600254560585],[-49.06020549773303,-26.931706840515133],[-49.06031409044952,-26.93132200144959]],[[-49.05886059097707,-26.93144398122042],[-49.058816951539576,-26.93144741192667],[-49.058858078758576,-26.93141031384796],[-49.05886059097707,-26.93144398122042]],[[-49.05934049774738,-26.931727518398],[-49.0593124742218,-26.931778256050325],[-49.05917618896133,-26.931792305102523],[-49.05934049774738,-26.931727518398]],[[-49.060361673568146,-26.931885629706553],[-49.060561381606355,-26.931839604722555],[-49.06061665636523,-26.931861313598134],[-49.060361673568146,-26.931885629706553]],[[-49.05976574185149,-26.931873051438423],[-49.06030905364274,-26.93194064570891],[-49.06030852524049,-26.932360626660117],[-49.059727243743545,-26.932371381384918],[-49.05976574185149,-26.931873051438423]],[[-49.06035968501026,-26.9323991966355],[-49.06082533447543,-26.932234376718842],[-49.06101392839597,-26.93233689874015],[-49.06102403028837,-26.931995896974616],[-49.061075658886544,-26.932124014819795],[-49.06153119762953,-26.932036951257313],[-49.061490969735175,-26.932303822888628],[-49.061173136896166,-26.932585211444398],[-49.05998509169435,-26.93260267975994],[-49.05999494170728,-26.93247631261128],[-49.06052719615939,-26.93244879039867],[-49.06035968501026,-26.9323991966355]],[[-49.06367053530646,-26.935711640664778],[-49.06359609032248,-26.935706391906947],[-49.06367508751293,-26.935692843709578],[-49.06367053530646,-26.935711640664778]],[[-49.06528454964409,-26.93730619914366],[-49.06537984183701,-26.937363101307675],[-49.06537596390428,-26.937370864067915],[-49.06528454964409,-26.93730619914366]],[[-49.07651976925366,-26.9436070229966],[-49.076320794461125,-26.943561150293213],[-49.07648755357849,-26.943335946544533],[-49.076589777091655,-26.943428648913596],[-49.07651976925366,-26.9436070229966]],[[-49.07685030876499,-26.944806334962013],[-49.07707163611955,-26.94513578951166],[-49.0769942894562,-26.94566230038105],[-49.07680753090456,-26.9457410183893],[-49.07645947036489,-26.945275780417944],[-49.07662503742144,-26.94512857165542],[-49.076518989620624,-26.944844829397937],[-49.07685030876499,-26.944806334962013]],[[-49.07741999212808,-26.945543465428784],[-49.077480468508135,-26.94550625068831],[-49.07748883790014,-26.945546973785806],[-49.07741999212808,-26.945543465428784]],[[-49.07629884211755,-26.946378553229398],[-49.076246760041926,-26.94643619676146],[-49.076230374960694,-26.94642646118891],[-49.07629884211755,-26.946378553229398]],[[-49.07647511339471,-26.94652020120542],[-49.076766639563246,-26.946411878850085],[-49.07644066562038,-26.946757019299042],[-49.07647511339471,-26.94652020120542]],[[-49.075854972707006,-26.947579238467647],[-49.0757671647995,-26.947550203956897],[-49.07583864455596,-26.94752270104944],[-49.075854972707006,-26.947579238467647]],[[-49.07531082250852,-26.948185592279668],[-49.075259584071,-26.948228301188536],[-49.07532007854152,-26.94812942229305],[-49.07531082250852,-26.948185592279668]],[[-49.0752908102429,-26.949580360721843],[-49.075474001543306,-26.949538755847026],[-49.0754718241475,-26.949588189883652],[-49.0752908102429,-26.949580360721843]],[[-49.075355525780104,-26.949709995626495],[-49.07538113482458,-26.949750263105784],[-49.075329912445135,-26.949800687037214],[-49.075355525780104,-26.949709995626495]],[[-49.06577448606659,-26.938326586134206],[-49.06561741679294,-26.938245096952684],[-49.06563294970019,-26.938144683921152],[-49.06587197042451,-26.938177870793194],[-49.06577448606659,-26.938326586134206]],[[-49.065529871653396,-26.93814780752404],[-49.065447775647755,-26.938141546748778],[-49.06545870234279,-26.938122230763376],[-49.065529871653396,-26.93814780752404]],[[-49.06657519086972,-26.938642323606075],[-49.06648988318995,-26.938697392366773],[-49.066572301286904,-26.938630170629697],[-49.06657519086972,-26.938642323606075]],[[-49.06722219264133,-26.93909289569124],[-49.067129483823436,-26.939171347112794],[-49.0670126307058,-26.939050432581592],[-49.06710387839096,-26.939001403754098],[-49.06722219264133,-26.93909289569124]],[[-49.06735930420461,-26.939314874426902],[-49.06745198645243,-26.939128151969655],[-49.06759418659251,-26.93927151186512],[-49.06735930420461,-26.939314874426902]],[[-49.06514291141971,-26.938918710381337],[-49.06498723654104,-26.9387189282225],[-49.064862695054934,-26.938899088022648],[-49.06468833256871,-26.938776730028394],[-49.06493492568208,-26.93864682025892],[-49.065213557427285,-26.93880177109117],[-49.06514291141971,-26.938918710381337]],[[-49.0651488012645,-26.93923742659714],[-49.065044164306336,-26.939153231564],[-49.06511502081538,-26.93900188279082],[-49.06525328404921,-26.939055077815922],[-49.0651488012645,-26.93923742659714]],[[-49.05520661851896,-26.92942775987162],[-49.054728594001396,-26.929445705898594],[-49.05473756963527,-26.929288033584992],[-49.055194432758064,-26.929238236646015],[-49.05520661851896,-26.92942775987162]],[[-49.055254596775114,-26.92954651589625],[-49.05508042222869,-26.929540665720666],[-49.05526899552067,-26.92953973994813],[-49.055254596775114,-26.92954651589625]],[[-49.053446458073786,-26.92450107448367],[-49.05336190369764,-26.92456864182948],[-49.05334606842728,-26.92451606634286],[-49.053446458073786,-26.92450107448367]],[[-49.05302252802563,-26.924837091983253],[-49.05291753168181,-26.924860284412095],[-49.05300214522632,-26.924820255951634],[-49.05302252802563,-26.924837091983253]],[[-49.05169634145659,-26.926174260982076],[-49.05162668081481,-26.92618689553064],[-49.05163491189907,-26.926139736549725],[-49.05169634145659,-26.926174260982076]],[[-49.04786516361618,-26.926519801041618],[-49.04779012805608,-26.926564490078423],[-49.04775812972529,-26.926542757414353],[-49.04786516361618,-26.926519801041618]],[[-49.046158104723496,-26.927975587281722],[-49.04592880153737,-26.92794814589634],[-49.045984442999774,-26.927636579681568],[-49.04622446485792,-26.927740186733377],[-49.046158104723496,-26.927975587281722]],[[-49.01735113772518,-26.895886905550512],[-49.01733310969825,-26.89587243153536],[-49.017379685291324,-26.895855602287202],[-49.01735113772518,-26.895886905550512]],[[-49.0177294206262,-26.895850139038146],[-49.01742269553569,-26.89578252695167],[-49.01764473350443,-26.89568353817437],[-49.0177294206262,-26.895850139038146]],[[-49.017838745343504,-26.8958768545648],[-49.01781210001349,-26.89585277278018],[-49.01785567554195,-26.895873378074686],[-49.017838745343504,-26.8958768545648]],[[-49.01774947250345,-26.895839218114784],[-49.017758034292875,-26.895831778197696],[-49.017757902309015,-26.895839336453225],[-49.01774947250345,-26.895839218114784]],[[-49.022727569123994,-26.895703821127135],[-49.02296648207548,-26.895639056302556],[-49.0230731409372,-26.895842761532588],[-49.022803344319684,-26.89620544843977],[-49.02265689816713,-26.896125905666462],[-49.022727569123994,-26.895703821127135]],[[-49.0223008073428,-26.89568789002701],[-49.02213089784418,-26.895564625513178],[-49.022374063684886,-26.89541552666337],[-49.022443182950155,-26.895598840916016],[-49.0223008073428,-26.89568789002701]],[[-49.02089514740165,-26.89628298567998],[-49.020809177237936,-26.896315586037684],[-49.02087074891299,-26.896261079519483],[-49.02089514740165,-26.89628298567998]],[[-49.02080739961395,-26.896359020421528],[-49.020780809157024,-26.89636444618122],[-49.020807097671614,-26.896354062211906],[-49.02080739961395,-26.896359020421528]],[[-49.02298969059936,-26.896850843787746],[-49.02285493280927,-26.896714155729978],[-49.02309584884145,-26.896652197233728],[-49.02311501576913,-26.896785195613308],[-49.02298969059936,-26.896850843787746]],[[-49.0668452150759,-26.90767744061825],[-49.06687707669908,-26.907651250080363],[-49.06687223329612,-26.907690156243653],[-49.0668452150759,-26.90767744061825]],[[-49.06698336228072,-26.907657065891232],[-49.06705998932983,-26.90765681795448],[-49.066972564302446,-26.907673658966477],[-49.06698336228072,-26.907657065891232]],[[-49.067476250244866,-26.90821044778532],[-49.06741182129759,-26.908200142970188],[-49.06747331977917,-26.908192669391255],[-49.067476250244866,-26.90821044778532]],[[-49.06740536486435,-26.909778677258895],[-49.06741891357507,-26.909823532220283],[-49.067273700462934,-26.909799513593853],[-49.06740536486435,-26.909778677258895]],[[-49.06676726723521,-26.910278997723882],[-49.06666496592986,-26.910286008402476],[-49.06668223932609,-26.91024882156877],[-49.06676726723521,-26.910278997723882]],[[-49.06682781625975,-26.907499225027856],[-49.06689447195277,-26.907466620112277],[-49.066818959601584,-26.907548539626887],[-49.06682781625975,-26.907499225027856]],[[-49.06686554610993,-26.907387470940897],[-49.06698920055357,-26.907357946828373],[-49.066876934422034,-26.907409564590797],[-49.06686554610993,-26.907387470940897]],[[-49.06693291909638,-26.907259999708952],[-49.06684233690266,-26.907270898949157],[-49.06690751298537,-26.907239307978198],[-49.06693291909638,-26.907259999708952]],[[-49.06690285475296,-26.90718948395398],[-49.06695572184477,-26.90719629382251],[-49.06695575384372,-26.907224938191217],[-49.06690285475296,-26.90718948395398]],[[-49.077937159029304,-26.88802698350834],[-49.078043827916,-26.887941642323533],[-49.07807576526715,-26.887943445743332],[-49.077937159029304,-26.88802698350834]],[[-49.078019729898884,-26.88790866172619],[-49.0780965468409,-26.887853714368088],[-49.07809545158257,-26.887879985793184],[-49.078019729898884,-26.88790866172619]],[[-49.07813700089539,-26.887177187837832],[-49.078199635109904,-26.88719952050579],[-49.07816632749801,-26.887212456089262],[-49.07813700089539,-26.887177187837832]],[[-49.08025059905155,-26.88355722310467],[-49.08032312009371,-26.88354076116572],[-49.08025664875137,-26.883593005360083],[-49.08025059905155,-26.88355722310467]],[[-49.08426696373454,-26.88312729565175],[-49.08430572416771,-26.883352297229788],[-49.08412655061443,-26.883377677121143],[-49.08412027308942,-26.883323738262416],[-49.08426696373454,-26.88312729565175]],[[-49.08123245053067,-26.8802937578693],[-49.08112381354164,-26.880218889597455],[-49.08124523004097,-26.88011712000178],[-49.08123245053067,-26.8802937578693]],[[-49.08427305563156,-26.87995097159979],[-49.08441074443714,-26.879918532515248],[-49.084307548029784,-26.879982032394874],[-49.08427305563156,-26.87995097159979]],[[-49.083982355233104,-26.879704457003267],[-49.08414408376401,-26.87957683071315],[-49.08394932946948,-26.879381933129565],[-49.084183232928865,-26.879317419809446],[-49.08453785192496,-26.879680656500113],[-49.08426607892328,-26.879826900364648],[-49.084097573143346,-26.87971122164753],[-49.08410587883102,-26.87984104922991],[-49.083982355233104,-26.879704457003267]],[[-49.017919412037614,-26.895860387379603],[-49.01790374077301,-26.895869200923077],[-49.017899384964316,-26.89586263481093],[-49.017919412037614,-26.895860387379603]],[[-49.02088697533448,-26.895974215875473],[-49.02089612950422,-26.895982684276625],[-49.0208876797324,-26.895982673325197],[-49.02088697533448,-26.895974215875473]],[[-49.01992038618284,-26.89541010806672],[-49.01992983111066,-26.89540190041387],[-49.01992981883481,-26.89540947655863],[-49.01992038618284,-26.89541010806672]],[[-49.0672596721859,-26.939334427670385],[-49.06724502650544,-26.939281696295613],[-49.067295856783446,-26.93930601282335],[-49.0672596721859,-26.939334427670385]],[[-49.07541574259501,-26.914023123245773],[-49.07533473968054,-26.913930081347146],[-49.07538613599751,-26.91357685645588],[-49.07549317365094,-26.91383061487621],[-49.075745583522696,-26.91378160303617],[-49.07541574259501,-26.914023123245773]],[[-49.06464332348785,-26.90002086947086],[-49.06457801480249,-26.900006254836324],[-49.06457660071383,-26.899997331923977],[-49.06464332348785,-26.90002086947086]],[[-49.07789438596393,-26.89750610346488],[-49.077899635698095,-26.897440578727473],[-49.077933776301585,-26.897486406442443],[-49.07789438596393,-26.89750610346488]],[[-49.14126589053056,-26.881617186302915],[-49.14123077839623,-26.881548170453105],[-49.14128306757587,-26.881546571453907],[-49.14126589053056,-26.881617186302915]],[[-49.08541962486957,-26.8840454966144],[-49.0854391435301,-26.8840949559321],[-49.08540223943916,-26.884122929164334],[-49.08541962486957,-26.8840454966144]]]]}}]}
