{"type":"FeatureCollection","name":"carta_enchente_9_5m_2025_Simplificada","crs":{"type":"name","properties":{"name":"urn:ogc:def:crs:OGC:1.3:CRS84"}},"features":[{"type":"Feature","properties":{"Mancha":"Carta de enchente de 9,5 m de Blumenau 2025","Area_ha":747.50476,"Fonte":"Universidade Regional de Blumenau"},"geometry":{"type":"MultiPolygon","coordinates":[[[[-49.074720057378364,-26.94934296394314],[-49.07483735931701,-26.949302041973084],[-49.07485154131219,-26.949269556389954],[-49.074720057378364,-26.94934296394314]]],[[[-49.07490937636044,-26.94921447480871],[-49.07497031256778,-26.94921813776831],[-49.07498031973321,-26.949178476610932],[-49.07490937636044,-26.94921447480871]]],[[[-49.07502767343603,-26.949149835749395],[-49.075141612064925,-26.949115266527894],[-49.075316219262795,-26.948947326972753],[-49.07519755646214,-26.94894199853958],[-49.07502767343603,-26.949149835749395]]],[[[-49.0753150566483,-26.9484838149102],[-49.07517899211672,-26.94882754602878],[-49.075297760767306,-26.948906667753366],[-49.0753150566483,-26.9484838149102]]],[[[-49.075314937532134,-26.94840368497501],[-49.075476560135364,-26.948402081310654],[-49.075567963163074,-26.948147161232004],[-49.075371190444194,-26.94826189905126],[-49.075314937532134,-26.94840368497501]]],[[[-49.068054304355975,-26.937922134891352],[-49.06814034360038,-26.93784261350118],[-49.06790651432637,-26.937555096498645],[-49.06784107356123,-26.93773234350813],[-49.068054304355975,-26.937922134891352]]],[[[-49.06867998289601,-26.935123362762603],[-49.068858221807346,-26.935161458977007],[-49.06874749638349,-26.935002561190217],[-49.06867998289601,-26.935123362762603]]],[[[-49.05895092840607,-26.929642883364192],[-49.05904045169712,-26.929661699452513],[-49.05898878350968,-26.929597546876376],[-49.05895092840607,-26.929642883364192]]],[[[-49.05534403327986,-26.92899733575253],[-49.05540353492567,-26.92903240438141],[-49.05539957134878,-26.928993075178145],[-49.05534403327986,-26.92899733575253]]],[[[-49.05547998708942,-26.928385513810035],[-49.055586106440465,-26.928445156870016],[-49.055623628112755,-26.9282803715142],[-49.05547998708942,-26.928385513810035]]],[[[-49.06096046839001,-26.928139875014445],[-49.06102597907512,-26.92816182366411],[-49.06096889505008,-26.928126982672204],[-49.06096046839001,-26.928139875014445]]],[[[-49.061398807378836,-26.92781831973047],[-49.06145141977605,-26.927846569349924],[-49.06146391118748,-26.927790666076845],[-49.061398807378836,-26.92781831973047]]],[[[-49.05696449621868,-26.927917109126287],[-49.056991787310004,-26.927799028236393],[-49.05673773837664,-26.927730415133368],[-49.05675038606091,-26.927828826346413],[-49.05696449621868,-26.927917109126287]]],[[[-49.05000082530762,-26.927625168814785],[-49.05002620717661,-26.927556812306435],[-49.04996902564751,-26.92754041870105],[-49.05000082530762,-26.927625168814785]]],[[[-49.048365912700575,-26.927489247643948],[-49.048456868589206,-26.927534478216742],[-49.04845300362641,-26.92749443033767],[-49.048365912700575,-26.927489247643948]]],[[[-49.049508190085795,-26.92756640887612],[-49.049626288783415,-26.927643520277453],[-49.04959593000657,-26.927477350424777],[-49.049508190085795,-26.92756640887612]]],[[[-49.050004824434026,-26.927414705241482],[-49.05008178055963,-26.927434153057792],[-49.05001642081205,-26.927362875460542],[-49.050004824434026,-26.927414705241482]]],[[[-49.04850779017755,-26.926869878022845],[-49.04864855959639,-26.92687679872056],[-49.048592682700125,-26.92682365989517],[-49.04850779017755,-26.926869878022845]]],[[[-49.046912326323756,-26.926982200360122],[-49.047021769043134,-26.926856521535985],[-49.047469796428786,-26.92673487335033],[-49.04702561472893,-26.926822650996527],[-49.046912326323756,-26.926982200360122]]],[[[-49.06135767235476,-26.92697146867868],[-49.06124806358072,-26.926938599646604],[-49.061159063789454,-26.926958631063016],[-49.061471194948574,-26.927111594451492],[-49.0614634654792,-26.92694199881027],[-49.06132285622217,-26.926816461888063],[-49.06135767235476,-26.92697146867868]]],[[[-49.05190302843028,-26.926413723378285],[-49.051958054972566,-26.92643059578934],[-49.05193087938695,-26.92637657243012],[-49.05190302843028,-26.926413723378285]]],[[[-49.06176915005236,-26.926321705086874],[-49.06187847468279,-26.92633639347308],[-49.06193121707283,-26.92630597610831],[-49.06176915005236,-26.926321705086874]]],[[[-49.065872565136374,-26.924831357609218],[-49.066385425769134,-26.92489248410424],[-49.067530389030836,-26.92547871788145],[-49.06776284463113,-26.925496496867183],[-49.06789214060642,-26.92541372495758],[-49.06749495567437,-26.925396445214183],[-49.06620032165708,-26.92477836010841],[-49.065872565136374,-26.924831357609218]]],[[[-49.065103969166024,-26.924653654974453],[-49.06544638015496,-26.924718449732133],[-49.0654973154888,-26.924694262639406],[-49.0653001924176,-26.924595840117593],[-49.065103969166024,-26.924653654974453]]],[[[-49.05541831460275,-26.923705581258385],[-49.0543992893321,-26.924185854331828],[-49.05403258278356,-26.92400976608781],[-49.05392409729931,-26.92418244354891],[-49.05375407865365,-26.92415342210759],[-49.053472526503334,-26.924650335942438],[-49.05317831066743,-26.924708708547502],[-49.053054730979845,-26.924950671185385],[-49.05225667653144,-26.925451569731326],[-49.05156097176721,-26.925605021777134],[-49.05117767456363,-26.92596497262309],[-49.0504631396515,-26.925979131475643],[-49.050512513473734,-26.926204588781516],[-49.05078726235568,-26.926248051713635],[-49.050970893651815,-26.9264667107211],[-49.05049482499977,-26.92679323474165],[-49.050330537976215,-26.926313000338887],[-49.05022423635851,-26.926223658536035],[-49.05012761888942,-26.926428211303946],[-49.04994306459939,-26.92613361586454],[-49.04966286449402,-26.926254988218233],[-49.049582281859884,-26.926513825533625],[-49.049266358289486,-26.92633294632833],[-49.04943329530501,-26.92663064290814],[-49.04919914167514,-26.926470297023627],[-49.04907786331278,-26.92654856850126],[-49.04925481961819,-26.927001933439758],[-49.04885260093121,-26.92723142920994],[-49.048303828540384,-26.926876432054428],[-49.047631504743215,-26.926814665910676],[-49.04788540557325,-26.926965861961154],[-49.048334435005515,-26.926947207969246],[-49.04862116890732,-26.92727173421994],[-49.04856102375542,-26.927479575694296],[-49.04926733285697,-26.927184038708916],[-49.049577833787076,-26.92740950218399],[-49.04953338870936,-26.927235928063862],[-49.049700188130316,-26.92728778285372],[-49.04976763992289,-26.92711889704635],[-49.05032632913819,-26.9269471986561],[-49.050624497332706,-26.927163688767756],[-49.050548616738915,-26.926947198204086],[-49.05160272451127,-26.92610866126004],[-49.05215694409637,-26.92637477767357],[-49.051872462544495,-26.926491313586943],[-49.05186265613676,-26.926657151726936],[-49.05248077416741,-26.926259286033858],[-49.052267480998886,-26.9262524109836],[-49.05193134177596,-26.925952525817088],[-49.05199691756972,-26.925767739313276],[-49.052352249892124,-26.925871086028803],[-49.05228840278455,-26.92571608923257],[-49.052089684343144,-26.925724140812616],[-49.05216814165774,-26.925529678876142],[-49.05268204860876,-26.925733322930714],[-49.053048553191914,-26.925624058986617],[-49.0535992735451,-26.924843192765827],[-49.05392584101063,-26.925073229635917],[-49.05377718219865,-26.92466594459216],[-49.05410460053539,-26.924853106050076],[-49.05430829342546,-26.924803750384843],[-49.0550222935353,-26.924221091960995],[-49.0549552488978,-26.924109288053963],[-49.05537654909362,-26.924128849588843],[-49.05566714800971,-26.923782686230567],[-49.05541831460275,-26.923705581258385]],[[-49.05018903823189,-26.926802839786838],[-49.05011452087299,-26.92683052470298],[-49.050114733026646,-26.92679207177502],[-49.05018903823189,-26.926802839786838]],[[-49.049950449323084,-26.926848872985524],[-49.04958810073913,-26.92701193222445],[-49.04949569356712,-26.92694939009761],[-49.04975459761272,-26.92686719297773],[-49.049616382062126,-26.92670494698056],[-49.049775805284945,-26.926584245880587],[-49.049950449323084,-26.926848872985524]]],[[[-49.055725915792756,-26.92226309416886],[-49.05493411709482,-26.922691534666125],[-49.054387622322054,-26.923204307340438],[-49.054199527714296,-26.923662150598485],[-49.05539158100334,-26.922618204443136],[-49.05564726587528,-26.922630111914867],[-49.055725915792756,-26.92226309416886]]],[[[-49.055206726333616,-26.92207781067251],[-49.055282529183515,-26.922095105991097],[-49.05522475350598,-26.92205079121159],[-49.055206726333616,-26.92207781067251]]],[[[-49.094608922462214,-26.919020095874362],[-49.09454013932104,-26.919194493323346],[-49.094666870354125,-26.919379079549905],[-49.09519800957582,-26.919321752147926],[-49.09470854101524,-26.919298362741834],[-49.094608922462214,-26.919020095874362]]],[[[-49.094608922462214,-26.919020095874362],[-49.09455665203106,-26.918855164193943],[-49.094526563010554,-26.918832453420567],[-49.09450251635249,-26.91901677929338],[-49.094608922462214,-26.919020095874362]]],[[[-49.094462667650454,-26.918820446373335],[-49.09464136404177,-26.918278047952107],[-49.09460019484123,-26.91822625348256],[-49.094386596744144,-26.918561677490924],[-49.094462667650454,-26.918820446373335]]],[[[-49.06913453993616,-26.91793243355637],[-49.06923167048124,-26.917811807619728],[-49.06889457981346,-26.917567603108363],[-49.06895507439233,-26.91784214585411],[-49.06913453993616,-26.91793243355637]]],[[[-49.06058621541013,-26.915845398134394],[-49.0611723609133,-26.91633238004796],[-49.061950638739525,-26.916333379457235],[-49.06218825222777,-26.915948617702686],[-49.061829054065974,-26.91624372215862],[-49.06058621541013,-26.915845398134394]]],[[[-49.07296765914967,-26.915900265420138],[-49.07309133450031,-26.915908804406506],[-49.072972406383066,-26.915877023091763],[-49.07296765914967,-26.915900265420138]]],[[[-49.07331030995263,-26.915775385706187],[-49.07305974488333,-26.915841400657946],[-49.07335761520376,-26.916055456616746],[-49.07331030995263,-26.915775385706187]]],[[[-49.09432593062754,-26.91597938376458],[-49.094414088271726,-26.91597749304607],[-49.094431820151854,-26.915868042265895],[-49.09432593062754,-26.91597938376458]]],[[[-49.07210346141897,-26.915575544122436],[-49.07201469321567,-26.91546478762265],[-49.0719396234665,-26.915484070732713],[-49.071950281379245,-26.915543292357544],[-49.07210346141897,-26.915575544122436]]],[[[-49.0933050750581,-26.915716950272998],[-49.09345959871298,-26.915737528958957],[-49.093314747532766,-26.915656083958215],[-49.0933050750581,-26.915716950272998]]],[[[-49.07161143137409,-26.914813032397294],[-49.07170884464114,-26.91481075976821],[-49.07172283855122,-26.914762662135146],[-49.07161143137409,-26.914813032397294]]],[[[-49.07361212848477,-26.914758580753936],[-49.07363889841488,-26.91481225479976],[-49.073742219158184,-26.914728376151643],[-49.07361212848477,-26.914758580753936]]],[[[-49.07589089900069,-26.91357866683601],[-49.07592933805782,-26.913210861224012],[-49.07586413047923,-26.91314466152414],[-49.07569115625438,-26.91331398083014],[-49.07589089900069,-26.91357866683601]]],[[[-49.07637454892303,-26.913096859925023],[-49.07638178982017,-26.912843314284302],[-49.07616888981109,-26.912854651002384],[-49.0761643404725,-26.91296815968759],[-49.07637454892303,-26.913096859925023]]],[[[-49.07809632408142,-26.91236592702704],[-49.07825095583595,-26.912361207187626],[-49.07836980532243,-26.912335138345057],[-49.07832926840087,-26.912323418992003],[-49.07809632408142,-26.91236592702704]]],[[[-49.0868236991619,-26.912120358909103],[-49.0870239978925,-26.912179804031958],[-49.08693645030697,-26.91195004186666],[-49.0868236991619,-26.912120358909103]]],[[[-49.088208230512166,-26.910173155401083],[-49.087800336722104,-26.91085347280527],[-49.087551733797845,-26.910745499046474],[-49.087440625370995,-26.910924450745423],[-49.086943638632874,-26.910834204026294],[-49.08629286688053,-26.911444086910425],[-49.08697984026592,-26.910974870037364],[-49.087820103756265,-26.910969989615968],[-49.088326893701925,-26.910200047505178],[-49.089111658650445,-26.910350498590407],[-49.089653792515335,-26.910190560897565],[-49.08846456458908,-26.91008542780163],[-49.088208230512166,-26.910173155401083]]],[[[-49.07289015953371,-26.90965696392094],[-49.07282084804767,-26.90977845548968],[-49.07301581018342,-26.90977273074285],[-49.07289015953371,-26.90965696392094]]],[[[-49.0793484156224,-26.908423363304433],[-49.07953868665834,-26.908246787969816],[-49.0794395357299,-26.90814639847683],[-49.07925130947896,-26.908312206129967],[-49.0793484156224,-26.908423363304433]]],[[[-49.046077302260976,-26.90631582657618],[-49.04633676696799,-26.9063292762664],[-49.04638010935118,-26.906456909483595],[-49.04656436323665,-26.906363741750685],[-49.04631032437475,-26.90616681344968],[-49.046077302260976,-26.90631582657618]]],[[[-49.0671685782412,-26.905914010697387],[-49.06728419536884,-26.90595408727358],[-49.067233963106546,-26.90588323339166],[-49.0671685782412,-26.905914010697387]]],[[[-49.04695449490381,-26.905445061438787],[-49.046988777719896,-26.90548937295938],[-49.04700233942291,-26.905453497469846],[-49.04695449490381,-26.905445061438787]]],[[[-49.047137609009475,-26.90511694096227],[-49.04670440221888,-26.905435169518604],[-49.04622172997621,-26.905569631887957],[-49.046216579653446,-26.90602725736406],[-49.04644640343097,-26.906045297761533],[-49.04642102725655,-26.90568326231555],[-49.04693075435915,-26.90534239602316],[-49.04714849687604,-26.905375303832717],[-49.047103338530974,-26.905521477351847],[-49.04732515833734,-26.905689305635477],[-49.0474429294536,-26.905649475452115],[-49.04737403475557,-26.905215705089653],[-49.047137609009475,-26.90511694096227]]],[[[-49.14714791945794,-26.905782931107648],[-49.147145068791495,-26.905742092998018],[-49.14706606676266,-26.90582864914373],[-49.14714791945794,-26.905782931107648]]],[[[-49.01312494059546,-26.90316218978566],[-49.01320807612515,-26.9029503259198],[-49.01319315751349,-26.90291566633639],[-49.013148258116495,-26.90297954548721],[-49.01312494059546,-26.90316218978566]]],[[[-49.01290476333993,-26.902292763983663],[-49.01313660796282,-26.902455169905487],[-49.01287320843161,-26.90218305058499],[-49.01290476333993,-26.902292763983663]]],[[[-49.019005120982946,-26.90119039622568],[-49.01925101701125,-26.90122625455421],[-49.01928622453542,-26.90120636439908],[-49.019005120982946,-26.90119039622568]]],[[[-49.01937296963393,-26.90116643458847],[-49.019386188105074,-26.901208519815565],[-49.01942730272707,-26.90118933601349],[-49.01937296963393,-26.90116643458847]]],[[[-49.019485575686375,-26.901162104663953],[-49.01955400263112,-26.901212864355625],[-49.01958535539868,-26.90115862786465],[-49.019485575686375,-26.901162104663953]]],[[[-49.019889867991346,-26.901187689436817],[-49.02002036946408,-26.901147197681905],[-49.01992087242837,-26.90116349706211],[-49.019889867991346,-26.901187689436817]]],[[[-49.02060929566887,-26.901318661593674],[-49.02068991830288,-26.90123470046089],[-49.02050009351583,-26.901145356267154],[-49.02060929566887,-26.901318661593674]]],[[[-49.020051748137185,-26.90115218047876],[-49.02021670986902,-26.901166795421744],[-49.02041104255912,-26.901126790004984],[-49.02032458798137,-26.90111826812381],[-49.020051748137185,-26.90115218047876]]],[[[-49.1476350393897,-26.902829307871738],[-49.14776739093921,-26.902869898437604],[-49.14777659031094,-26.90282989366041],[-49.1476350393897,-26.902829307871738]]],[[[-49.06572329735004,-26.901558781652334],[-49.065755067206325,-26.901553923387187],[-49.06579587323378,-26.901358869450526],[-49.06572329735004,-26.901558781652334]]],[[[-49.046755590942354,-26.89995962058413],[-49.046726098189055,-26.90003813474407],[-49.046822571069626,-26.89995990960586],[-49.046755590942354,-26.89995962058413]]],[[[-49.13486880703669,-26.899903523368426],[-49.1350834126278,-26.89952849074311],[-49.13507404925855,-26.89937412504053],[-49.13486846841989,-26.899804856895965],[-49.13486880703669,-26.899903523368426]]],[[[-49.08172384524332,-26.89802044920806],[-49.081091315544974,-26.898142624102103],[-49.0815362148877,-26.898294657276594],[-49.08189820600208,-26.89815377405782],[-49.08172384524332,-26.89802044920806]]],[[[-49.13523866996886,-26.89864083863367],[-49.13512675172255,-26.898809022734277],[-49.135135262233874,-26.899062499764845],[-49.13518209581533,-26.898810590218794],[-49.13523866996886,-26.89864083863367]]],[[[-49.13523866996886,-26.89864083863367],[-49.13539247946589,-26.8983131984171],[-49.13540470736474,-26.89820917575689],[-49.135223508602195,-26.898503434291655],[-49.13523866996886,-26.89864083863367]]],[[[-49.07823385343355,-26.897377941136497],[-49.078490014311186,-26.89738444566051],[-49.078350579627994,-26.897298985508776],[-49.07823385343355,-26.897377941136497]]],[[[-49.08319115743687,-26.897222087780474],[-49.082570230893914,-26.897460155037887],[-49.082054612059395,-26.898019108392067],[-49.08242186844078,-26.897944621360676],[-49.08268698887854,-26.897617291056953],[-49.082902750270804,-26.897675591066577],[-49.08290499988147,-26.897539337840175],[-49.083304816969736,-26.897281872800395],[-49.08343589485245,-26.89733927019631],[-49.08319115743687,-26.897222087780474]]],[[[-49.02304203174404,-26.896350542409756],[-49.0227603758831,-26.896386093754224],[-49.02276595187347,-26.896494706482187],[-49.02304203174404,-26.896350542409756]]],[[[-49.02329415514805,-26.89628863874407],[-49.02334377520203,-26.896330197935665],[-49.02335699204364,-26.896281755540873],[-49.02329415514805,-26.89628863874407]]],[[[-49.087085035408485,-26.897065601361355],[-49.08701476972666,-26.89697207885786],[-49.08632576611706,-26.89644747521371],[-49.08637193020113,-26.896563366431103],[-49.087085035408485,-26.897065601361355]]],[[[-49.02184368955419,-26.895395796280866],[-49.02036147350761,-26.89572551058077],[-49.01969028140237,-26.895668843481694],[-49.01911130430167,-26.896134478142077],[-49.01916742173456,-26.896213389878486],[-49.01925769949201,-26.896202392225565],[-49.01970801757999,-26.895765255940642],[-49.02039879599471,-26.895832922867132],[-49.02172576676561,-26.895510759445674],[-49.02175972597804,-26.895863702870713],[-49.02247326421155,-26.896216858432915],[-49.02233540806314,-26.895801674410123],[-49.022062944946256,-26.895779823829884],[-49.02184368955419,-26.895395796280866]],[[-49.019174456239384,-26.89617581092792],[-49.0191567595737,-26.89618431082391],[-49.019152344939315,-26.89618050735712],[-49.019174456239384,-26.89617581092792]]],[[[-49.02069531223861,-26.895109530144065],[-49.02091889768393,-26.895282317484245],[-49.02098283588822,-26.895236252728868],[-49.02069531223861,-26.895109530144065]]],[[[-49.02258362852398,-26.894810148387997],[-49.02244420362185,-26.89488964244205],[-49.02260934873318,-26.894872083713256],[-49.02258362852398,-26.894810148387997]]],[[[-49.020330613806095,-26.894527253925002],[-49.020436388601546,-26.89461955455646],[-49.02050033775596,-26.894445109171183],[-49.02042835847013,-26.894430749768194],[-49.020330613806095,-26.894527253925002]]],[[[-49.02302332702763,-26.89444583884694],[-49.023062098348056,-26.89444135990962],[-49.022967647484634,-26.894323546781823],[-49.02302332702763,-26.89444583884694]]],[[[-49.02058647590701,-26.894363753666692],[-49.02080822978655,-26.89444813031279],[-49.020721145007165,-26.89421528605999],[-49.02058647590701,-26.894363753666692]]],[[[-49.02034828286806,-26.89418331622161],[-49.02037345553604,-26.89423526150878],[-49.0204234174797,-26.894159677904785],[-49.02034828286806,-26.89418331622161]]],[[[-49.06868836547485,-26.894112420172167],[-49.06879360940147,-26.894117600118715],[-49.06865564297482,-26.89408735505442],[-49.06868836547485,-26.894112420172167]]],[[[-49.06841288473217,-26.893961657921515],[-49.06850907212734,-26.893975837316724],[-49.06840015388416,-26.893944058913966],[-49.06841288473217,-26.893961657921515]]],[[[-49.06819370982722,-26.89383996055201],[-49.06835631943023,-26.893909690712157],[-49.068171013963116,-26.893806319095198],[-49.06819370982722,-26.89383996055201]]],[[[-49.043885206157945,-26.893442152900764],[-49.043719147566705,-26.89336885649155],[-49.043395401526006,-26.893559912572695],[-49.04323379512365,-26.894175274285637],[-49.04338969194655,-26.894558989823885],[-49.04357329573507,-26.894450727054263],[-49.04374725908442,-26.89364463555734],[-49.04397747501915,-26.893447021132737],[-49.043995660578204,-26.893210857046626],[-49.043885206157945,-26.893442152900764]]],[[[-49.13580381388634,-26.894294095029032],[-49.13592508694045,-26.894312497195017],[-49.13581644343559,-26.894260655021604],[-49.13580381388634,-26.894294095029032]]],[[[-49.149850307844844,-26.895489799757318],[-49.14995845384147,-26.895386341887384],[-49.149729901794146,-26.895088916842575],[-49.14952730283794,-26.893884304535693],[-49.149590044261636,-26.89524894630575],[-49.149850307844844,-26.895489799757318]]],[[[-49.12879740043282,-26.893610978966986],[-49.12884662866124,-26.893489442460016],[-49.12883776983061,-26.893476672301546],[-49.12876390125695,-26.893514468012874],[-49.12879740043282,-26.893610978966986]]],[[[-49.06805764986575,-26.892542465936867],[-49.0681769004309,-26.892559725294394],[-49.06805147626884,-26.892522471927435],[-49.06805764986575,-26.892542465936867]]],[[[-49.06426397201325,-26.892600973784162],[-49.065074679130625,-26.89230213076011],[-49.06511161240639,-26.89225347210298],[-49.06435629637025,-26.892452942419542],[-49.06426397201325,-26.892600973784162]]],[[[-49.12784725520219,-26.8933792403911],[-49.128203764490365,-26.893455364045263],[-49.12764230330494,-26.8930734425979],[-49.12784725520219,-26.8933792403911]]],[[[-49.13500781580991,-26.893024212039844],[-49.135054603210115,-26.893024310470178],[-49.13501355725396,-26.89299540726139],[-49.13500781580991,-26.893024212039844]]],[[[-49.067537454985036,-26.892114813388485],[-49.06754774012339,-26.892140426005827],[-49.06755826884645,-26.892017789157183],[-49.067537454985036,-26.892114813388485]]],[[[-49.058688812795204,-26.891790160559733],[-49.05877863553686,-26.89181209632008],[-49.05879174456655,-26.89175960208415],[-49.058688812795204,-26.891790160559733]]],[[[-49.06676002808027,-26.891829849993123],[-49.06650167296409,-26.891857084308242],[-49.066412070942086,-26.891906956964917],[-49.06676002808027,-26.891829849993123]]],[[[-49.12291246281334,-26.892531815216042],[-49.12288609766176,-26.8926217502804],[-49.1229466260417,-26.892504010692797],[-49.12291246281334,-26.892531815216042]]],[[[-49.067871381653525,-26.891707382781433],[-49.06747115060699,-26.89180718749868],[-49.06754115010485,-26.89195364670597],[-49.067871381653525,-26.891707382781433]]],[[[-49.06745381075509,-26.891744135209194],[-49.066952625381376,-26.89174339693662],[-49.066855824090304,-26.89178453345008],[-49.06745381075509,-26.891744135209194]]],[[[-49.059027856603734,-26.89153175723716],[-49.05932659999372,-26.89177806293465],[-49.05951573576645,-26.891636572656292],[-49.059435843211446,-26.891524146477387],[-49.059027856603734,-26.89153175723716]]],[[[-49.13477211491377,-26.892668613683938],[-49.134531419274865,-26.89259280923853],[-49.1341066218744,-26.892611734561104],[-49.134215194405364,-26.89275820355306],[-49.13465347583337,-26.89270660216749],[-49.13514651191859,-26.892959419080952],[-49.13533975921118,-26.892771304723805],[-49.13518500741823,-26.892616428262208],[-49.135012414649964,-26.892764382703927],[-49.135246319788166,-26.89240288858777],[-49.13477211491377,-26.892668613683938]]],[[[-49.06237188264397,-26.89192308021103],[-49.06152231352402,-26.89203238600128],[-49.060982800000865,-26.89231655958042],[-49.05976737449481,-26.891702190133717],[-49.05976342074139,-26.8918938918269],[-49.06019064058532,-26.892226099873007],[-49.05988666187358,-26.892725818467333],[-49.06020663739239,-26.893375824955363],[-49.06035115027035,-26.893409224629348],[-49.06045950499469,-26.89321940981294],[-49.0604570198324,-26.89246184269042],[-49.061061318656094,-26.892684837805106],[-49.06154501752218,-26.892392456177213],[-49.06255740831989,-26.89218413582112],[-49.06286706146629,-26.891950604163803],[-49.06310653204632,-26.891444068720485],[-49.062933447095645,-26.891388568000608],[-49.06237188264397,-26.89192308021103]]],[[[-49.068727621115734,-26.890282048090725],[-49.06806294490359,-26.890797640308072],[-49.067987179549455,-26.89091894891635],[-49.068727621115734,-26.890282048090725]]],[[[-49.11750486758284,-26.89090322955258],[-49.11767168415527,-26.890889284875698],[-49.1174966976873,-26.890893773743812],[-49.11750486758284,-26.89090322955258]]],[[[-49.0694880426912,-26.889861317606798],[-49.06887513959733,-26.89019705202923],[-49.06914325420516,-26.89017001862602],[-49.0694880426912,-26.889861317606798]]],[[[-49.1165337711118,-26.890410914257927],[-49.11657506303027,-26.89039798962651],[-49.11653023399488,-26.890377844063273],[-49.1165337711118,-26.890410914257927]]],[[[-49.15450389389576,-26.88947693045079],[-49.154724769866675,-26.88966372166213],[-49.154959955102655,-26.889596046142014],[-49.15450389389576,-26.88947693045079]]],[[[-49.136638793862986,-26.88922420366992],[-49.13669311825624,-26.889262422578877],[-49.13665591223124,-26.889197233136176],[-49.136638793862986,-26.88922420366992]]],[[[-49.06260707248893,-26.88762384070499],[-49.06282976294957,-26.887568776217808],[-49.06284007160889,-26.887429438192907],[-49.06262962060776,-26.887496074097957],[-49.06260707248893,-26.88762384070499]]],[[[-49.11423300798362,-26.888317720001837],[-49.114566988529425,-26.88840134730295],[-49.114637814100426,-26.888556242825686],[-49.114513398097756,-26.8892552232292],[-49.114617910650765,-26.889478036397108],[-49.11529978583778,-26.889822770478784],[-49.11565990485276,-26.88976527758529],[-49.115717130592174,-26.890080289557478],[-49.115989862621305,-26.89019077396269],[-49.116100981856256,-26.890841273178527],[-49.11592990381672,-26.89105275227115],[-49.1161372403677,-26.89121599474365],[-49.116185389941066,-26.891655423015255],[-49.11611634218898,-26.89205256937203],[-49.11579544703995,-26.89218047966158],[-49.11612465558297,-26.89223067804462],[-49.1162264045131,-26.892694904584392],[-49.11627681881154,-26.892396933375853],[-49.116476792358895,-26.892500186956354],[-49.116237230749455,-26.892190935035977],[-49.11633936739307,-26.89088617682198],[-49.11615188277916,-26.890432277168813],[-49.11651782588224,-26.89006285808845],[-49.11627523730031,-26.889837161329083],[-49.116015960689325,-26.889901211537502],[-49.116039349062,-26.889669019444526],[-49.11547076593685,-26.88954637736246],[-49.115705508530155,-26.889235568835858],[-49.115135449673765,-26.88941575893486],[-49.11469534623139,-26.889252987217414],[-49.11466677955563,-26.888774134561764],[-49.115054673178136,-26.888308634275084],[-49.11486754925859,-26.88797337262215],[-49.11443126896314,-26.888048241805105],[-49.11423300798362,-26.888317720001837]],[[-49.11467060285026,-26.888415909317544],[-49.11465501621402,-26.88840462716511],[-49.11470984538313,-26.8883826600335],[-49.11467060285026,-26.888415909317544]]],[[[-49.13252383738042,-26.888604642360008],[-49.13256965044092,-26.88843597001116],[-49.132493681239495,-26.88799280981383],[-49.13238455956973,-26.888035740983085],[-49.13252383738042,-26.888604642360008]]],[[[-49.14485511593552,-26.888044796251588],[-49.14481660816547,-26.888078331919917],[-49.144943612452046,-26.888075150854153],[-49.14485511593552,-26.888044796251588]]],[[[-49.111325536519374,-26.887595435941464],[-49.11140529142356,-26.887639820531778],[-49.1113663854482,-26.887536782961455],[-49.111325536519374,-26.887595435941464]]],[[[-49.111956959706255,-26.887590445435187],[-49.112006039465264,-26.88759231077936],[-49.11197041871688,-26.88753221974783],[-49.111956959706255,-26.887590445435187]]],[[[-49.11837296697792,-26.88746808578393],[-49.11810944726238,-26.887433340283565],[-49.118072524612074,-26.887457596024145],[-49.11822289498723,-26.887555878353584],[-49.11837296697792,-26.88746808578393]]],[[[-49.09396935621708,-26.886946907158254],[-49.09404139862364,-26.88693430899768],[-49.0939674484938,-26.886929875613642],[-49.09396935621708,-26.886946907158254]]],[[[-49.117950344696716,-26.88734110240808],[-49.11807382285056,-26.887390521183253],[-49.11812062571324,-26.887138737055658],[-49.117950344696716,-26.88734110240808]]],[[[-49.114127020927235,-26.887655350592837],[-49.11448913586893,-26.88716523464362],[-49.114434537288965,-26.886880307226093],[-49.11419627277705,-26.887099922400218],[-49.11403224295584,-26.88752987369777],[-49.114127020927235,-26.887655350592837]]],[[[-49.1344231555907,-26.887456403738636],[-49.13457083636435,-26.887332688237137],[-49.13411518377501,-26.88712922792811],[-49.13416080608902,-26.887211470402313],[-49.1344231555907,-26.887456403738636]]],[[[-49.11306769501948,-26.88668883652944],[-49.11291466007419,-26.886860638194253],[-49.11309373933123,-26.88669106900391],[-49.11306769501948,-26.88668883652944]]],[[[-49.11242241745864,-26.886673161578045],[-49.112087902323296,-26.88693481518887],[-49.112440043885215,-26.886912494503562],[-49.112577341988334,-26.887035773935803],[-49.11137746267379,-26.887129681440925],[-49.11101644485593,-26.88695828306972],[-49.11105827409592,-26.88728762296016],[-49.11054574045836,-26.887533420910326],[-49.109992794777476,-26.88769901720587],[-49.109721448153,-26.887501915078786],[-49.109549253611064,-26.887593320710774],[-49.10984121514107,-26.887618395030202],[-49.10975203876961,-26.88785322022167],[-49.1107138633889,-26.887522433075258],[-49.11077064713783,-26.887630799982386],[-49.11083101972283,-26.887481436997554],[-49.11093749869237,-26.887576104897025],[-49.111050788377135,-26.88740340188373],[-49.1112481579126,-26.887643116990365],[-49.11117000186474,-26.887478895411093],[-49.11137890794296,-26.887328783623673],[-49.11148435728024,-26.88756886724876],[-49.11187040607096,-26.887459170699287],[-49.11214205395359,-26.88757677375899],[-49.111939871214915,-26.887206129689],[-49.112266936772265,-26.8870812137134],[-49.11278153792641,-26.887449152468317],[-49.11316385719703,-26.887535091841098],[-49.11269514550808,-26.8870787884431],[-49.112768566500314,-26.886957459958946],[-49.112481350317815,-26.886807448420722],[-49.112703243455826,-26.886665748749188],[-49.11242241745864,-26.886673161578045]],[[-49.11179818507103,-26.88718579311246],[-49.11172145554281,-26.887271146661995],[-49.11163263817245,-26.887235755790723],[-49.11179818507103,-26.88718579311246]],[[-49.111694141274235,-26.887357268868946],[-49.111611939629746,-26.8873833336446],[-49.111629178411306,-26.887344834069555],[-49.111694141274235,-26.887357268868946]],[[-49.11157691952688,-26.887422837616757],[-49.111609932034426,-26.887488375626017],[-49.111596715911254,-26.887508749704743],[-49.11157691952688,-26.887422837616757]]],[[[-49.14507714662391,-26.889383565616875],[-49.144584357230165,-26.888090163914157],[-49.14345934113677,-26.886889727197968],[-49.143445852179745,-26.887240204594118],[-49.14416067809205,-26.887821679130678],[-49.14507714662391,-26.889383565616875]]],[[[-49.061236988108845,-26.886300896255182],[-49.06133113379294,-26.886137052203225],[-49.06240623132622,-26.885765156438097],[-49.06244918634312,-26.885663706774523],[-49.0613115454701,-26.886117284721795],[-49.061236988108845,-26.886300896255182]]],[[[-49.062602138393785,-26.885664988581293],[-49.06271227125527,-26.8856379396289],[-49.062599622923756,-26.8855883773649],[-49.062602138393785,-26.885664988581293]]],[[[-49.06581033570026,-26.884912016701357],[-49.06571910379048,-26.884996020044394],[-49.06585686304706,-26.88493053169653],[-49.06581033570026,-26.884912016701357]]],[[[-49.06540192561195,-26.885058596954043],[-49.06554527666471,-26.8849385016917],[-49.065418595095984,-26.88486690289714],[-49.06533936001756,-26.884940057373953],[-49.06540192561195,-26.885058596954043]]],[[[-49.06563251278023,-26.8848280604087],[-49.06572632176978,-26.884857561339263],[-49.065660551811646,-26.884749975551763],[-49.06563251278023,-26.8848280604087]]],[[[-49.06554815784222,-26.884736294523393],[-49.06559634553858,-26.88477137489721],[-49.06559203159046,-26.884701973764795],[-49.06554815784222,-26.884736294523393]]],[[[-49.09853924909261,-26.884467475702372],[-49.09847364810438,-26.88470542904651],[-49.09868797682265,-26.884730054553767],[-49.09853924909261,-26.884467475702372]]],[[[-49.062545609913876,-26.884812422904414],[-49.06249237176519,-26.88457956050135],[-49.06214991761283,-26.88427635164194],[-49.06208620190934,-26.8839924176061],[-49.06194492783655,-26.883901499157115],[-49.06208118493656,-26.88428418236037],[-49.062545609913876,-26.884812422904414]]],[[[-49.08336282038391,-26.88397070761674],[-49.08337269333035,-26.884047520846075],[-49.08341743387297,-26.88402799090467],[-49.08336282038391,-26.88397070761674]]],[[[-49.068931726085424,-26.88335357404983],[-49.06900407046862,-26.883333238340317],[-49.068924388493585,-26.883288130222116],[-49.068931726085424,-26.88335357404983]]],[[[-49.0981211816902,-26.884187737381865],[-49.09803725234915,-26.883737612580983],[-49.09795605810279,-26.883682613962424],[-49.09793717724433,-26.884113852565008],[-49.0981211816902,-26.884187737381865]]],[[[-49.13938423039179,-26.884250824663777],[-49.1393151053562,-26.88448362119456],[-49.138888579507025,-26.884410507493488],[-49.13873418928904,-26.8849976918673],[-49.13950480877039,-26.88552929624982],[-49.13977005487235,-26.885329657188063],[-49.139487845228686,-26.885334517863345],[-49.13922295702697,-26.88517246377389],[-49.13922848820416,-26.88502391023436],[-49.13955737536769,-26.88506720255642],[-49.139778884971285,-26.88482413036171],[-49.13953708543883,-26.884708453913472],[-49.139191723308265,-26.88484499133287],[-49.1395838233578,-26.88429831943794],[-49.13938423039179,-26.884250824663777]],[[-49.13956071133794,-26.8847472921573],[-49.13963654101978,-26.884855567388374],[-49.13963049946126,-26.88488715874745],[-49.13958558283574,-26.884874607113485],[-49.13956071133794,-26.8847472921573]]],[[[-49.06674382138664,-26.883162796831424],[-49.06683176494986,-26.883161192171954],[-49.066837886795426,-26.88314805555794],[-49.06674382138664,-26.883162796831424]]],[[[-49.09812349195568,-26.883579156428695],[-49.098186272817955,-26.883604726293786],[-49.09818905479717,-26.883574388054697],[-49.09812349195568,-26.883579156428695]]],[[[-49.140339248582585,-26.88413295403718],[-49.14047201308567,-26.88414889000668],[-49.14032980130195,-26.884085324524854],[-49.140339248582585,-26.88413295403718]]],[[[-49.13862877848065,-26.884031559634927],[-49.13869643241378,-26.88403720360125],[-49.13863348776072,-26.884004540271356],[-49.13862877848065,-26.884031559634927]]],[[[-49.06186960906838,-26.88386769644611],[-49.06132506170473,-26.883363193741598],[-49.06095827942765,-26.88289182284318],[-49.0614522125101,-26.883559645906693],[-49.06186960906838,-26.88386769644611]]],[[[-49.08342410515692,-26.883062658551584],[-49.08350400849209,-26.88309593856932],[-49.083404719681305,-26.883025298391537],[-49.08342410515692,-26.883062658551584]]],[[[-49.14040685087298,-26.883480562273856],[-49.140365778776776,-26.88372850434634],[-49.139761584837956,-26.88359889001521],[-49.13980145840706,-26.88392316907093],[-49.13996703145389,-26.88372198285387],[-49.14061877702216,-26.88395642804282],[-49.140467836372416,-26.883689181273837],[-49.140713587213575,-26.883593968094214],[-49.14040685087298,-26.883480562273856]]],[[[-49.10107772467039,-26.883091355191464],[-49.101184813359126,-26.882605377237123],[-49.10151437802166,-26.882497100405445],[-49.1011170460474,-26.882533078673273],[-49.10107772467039,-26.883091355191464]]],[[[-49.069730237476485,-26.880812675200968],[-49.069749439112194,-26.880860964116458],[-49.06974598747086,-26.880741946934926],[-49.069730237476485,-26.880812675200968]]],[[[-49.06969352706719,-26.880266774907998],[-49.06974858398799,-26.880298754146605],[-49.069724665905035,-26.8802296133541],[-49.06969352706719,-26.880266774907998]]],[[[-49.06970710376044,-26.88010178515801],[-49.06975078717661,-26.88013376843211],[-49.069723006253454,-26.880069062851017],[-49.06970710376044,-26.88010178515801]]],[[[-49.11561310468549,-26.878698058739797],[-49.115747870147686,-26.87848174388297],[-49.1157694482647,-26.878377810163116],[-49.115733049880035,-26.878413214376852],[-49.11561310468549,-26.878698058739797]]],[[[-49.10022048793187,-26.878302155807727],[-49.09993296546257,-26.878211370985827],[-49.099470924360055,-26.87822019685943],[-49.10020325273592,-26.87868916996547],[-49.10045287489329,-26.878171239434256],[-49.10022048793187,-26.878302155807727]]],[[[-49.140934766580784,-26.87843510081857],[-49.140918464845235,-26.878461036123806],[-49.14100705624967,-26.878442851544747],[-49.140934766580784,-26.87843510081857]]],[[[-49.11496016398083,-26.878103204206173],[-49.11533136248322,-26.878305610392967],[-49.11541779157583,-26.87818077058721],[-49.11504327780873,-26.878005930977146],[-49.11496016398083,-26.878103204206173]]],[[[-49.06521355858692,-26.87714339375176],[-49.06520137075264,-26.87662763776402],[-49.06527889972684,-26.876040873446794],[-49.06515606073785,-26.876606021325447],[-49.06521355858692,-26.87714339375176]]],[[[-49.14182368900383,-26.876746964217524],[-49.141958043348225,-26.876751020691586],[-49.14186161935436,-26.876670474825907],[-49.14182368900383,-26.876746964217524]]],[[[-49.14170244927913,-26.876692657175706],[-49.14176241826613,-26.876771799257007],[-49.14180937408075,-26.876640164210496],[-49.14170244927913,-26.876692657175706]]],[[[-49.06542780851596,-26.87557612419149],[-49.065447824415244,-26.875653609036302],[-49.06544066364553,-26.875530233684103],[-49.06542780851596,-26.87557612419149]]],[[[-49.180777252667504,-26.87660775521828],[-49.180338202318104,-26.876839180151357],[-49.18004339459667,-26.87675057956515],[-49.179303662633735,-26.87697230593028],[-49.17890090870139,-26.877198953918956],[-49.17883057409839,-26.877421067630966],[-49.18042910985434,-26.877279667927024],[-49.18166022397471,-26.877359346969477],[-49.182410649413605,-26.87790539615646],[-49.18347822621878,-26.8794042301287],[-49.184194150686,-26.879633334915116],[-49.18472509733512,-26.87949552331917],[-49.184328839915565,-26.87950249723105],[-49.18384353366422,-26.87922302328179],[-49.183894092922635,-26.878971984189324],[-49.18324460772506,-26.878180690492265],[-49.181952335714946,-26.876930631287586],[-49.181160959811244,-26.876601063395338],[-49.180777252667504,-26.87660775521828]]],[[[-49.08145398234213,-26.875473378163903],[-49.0827317470964,-26.87490971930591],[-49.082938511936234,-26.87451835131561],[-49.08145398234213,-26.875473378163903]]],[[[-49.14227587827554,-26.874832546395904],[-49.14211140523202,-26.8752515254079],[-49.14220469511893,-26.87507571718579],[-49.14245986155405,-26.875087303905406],[-49.14227587827554,-26.874832546395904]]],[[[-49.142387212890114,-26.874969927475995],[-49.14243586509724,-26.874868925629787],[-49.14241907063928,-26.874825520589084],[-49.142371605540276,-26.874870238442597],[-49.142387212890114,-26.874969927475995]]],[[[-49.10289908528829,-26.874259265295745],[-49.103000915110826,-26.87431028516109],[-49.10300977489272,-26.874257127323116],[-49.10289908528829,-26.874259265295745]]],[[[-49.14210787724894,-26.874754630547994],[-49.14215022243989,-26.87477208196447],[-49.14215757597484,-26.874750252373804],[-49.14210787724894,-26.874754630547994]]],[[[-49.142321668667314,-26.874753387321263],[-49.142399331991285,-26.87472582207227],[-49.14236686097603,-26.874657367663527],[-49.142321668667314,-26.874753387321263]]],[[[-49.082969194160576,-26.873852157498558],[-49.08337631619488,-26.874090373318474],[-49.083049368318115,-26.874400090696877],[-49.08360769326773,-26.874018730329276],[-49.082969194160576,-26.873852157498558]]],[[[-49.14013286928867,-26.873982791836813],[-49.14028770260656,-26.87404076167408],[-49.14031852246591,-26.874017413157976],[-49.14013286928867,-26.873982791836813]]],[[[-49.08606833046345,-26.87295562365803],[-49.08626053151718,-26.872896649346185],[-49.08632830202184,-26.872834653290894],[-49.08600601093615,-26.872833903040846],[-49.08606833046345,-26.87295562365803]]],[[[-49.08810019658721,-26.872095160117045],[-49.08751697336789,-26.87240083754552],[-49.08826101960788,-26.8722561588415],[-49.08826703095727,-26.871816108382344],[-49.08810201232716,-26.87183021647662],[-49.08810019658721,-26.872095160117045]]],[[[-49.14426421479899,-26.87194361516277],[-49.14404929011831,-26.87198635807113],[-49.144025048104034,-26.872050125138067],[-49.14418372221151,-26.872105847737014],[-49.14426421479899,-26.87194361516277]]],[[[-49.1028976630784,-26.871475438351684],[-49.103042075619776,-26.87142847514032],[-49.103037137518996,-26.87133390577619],[-49.102845830041936,-26.871333060005075],[-49.1028976630784,-26.871475438351684]]],[[[-49.14424796823364,-26.871806965143666],[-49.14419744282514,-26.871750444944546],[-49.144190177608046,-26.871773538321655],[-49.14424796823364,-26.871806965143666]]],[[[-49.09643422418814,-26.87104361084248],[-49.0965484452893,-26.870998471172157],[-49.09646249147818,-26.87097375162791],[-49.09643422418814,-26.87104361084248]]],[[[-49.10648465348344,-26.871136498599302],[-49.10556545875558,-26.871345320466563],[-49.10521861607764,-26.871579697927732],[-49.10472802408526,-26.87213491362674],[-49.104648210821125,-26.87242997832912],[-49.10539480371566,-26.871646080193198],[-49.106531631069245,-26.871308793561436],[-49.10677377394805,-26.870918385318763],[-49.106472976148446,-26.870755790693657],[-49.10660750525997,-26.87089115530311],[-49.10648465348344,-26.871136498599302]]],[[[-49.10866624659471,-26.869192590866607],[-49.10879775840735,-26.869154320577607],[-49.10879160402626,-26.86913118667714],[-49.10866624659471,-26.869192590866607]]],[[[-49.150362669316245,-26.869638708914586],[-49.1498778329385,-26.870359660079693],[-49.150334541497905,-26.87015082573905],[-49.15030021709207,-26.870003843734985],[-49.15058166693666,-26.8697034646339],[-49.150362669316245,-26.869638708914586]]],[[[-49.11568412984623,-26.868903587490717],[-49.11574414088708,-26.86888257317148],[-49.11563561304227,-26.868711249516885],[-49.11568412984623,-26.868903587490717]]],[[[-49.150672471431456,-26.869666696401296],[-49.15073142608891,-26.869584802287864],[-49.15050698532748,-26.869416455530313],[-49.15046881915015,-26.869037024765092],[-49.15037815909048,-26.869402388854454],[-49.150672471431456,-26.869666696401296]]],[[[-49.11553547431201,-26.8686042098779],[-49.11560958181247,-26.868608206591492],[-49.11553629544897,-26.868575002668422],[-49.11553547431201,-26.8686042098779]]],[[[-49.08054215891788,-26.86808809716207],[-49.08056076854323,-26.86819268719677],[-49.08062719514488,-26.868147261199578],[-49.08054215891788,-26.86808809716207]]],[[[-49.115171328347785,-26.868254094899314],[-49.1152416966664,-26.86826637578485],[-49.11517056807537,-26.868211016084896],[-49.115171328347785,-26.868254094899314]]],[[[-49.11487617406603,-26.86793774395715],[-49.11494641957598,-26.86794288323416],[-49.11487637168406,-26.86790847805738],[-49.11487617406603,-26.86793774395715]]],[[[-49.1443416347108,-26.86746825177622],[-49.14466275657487,-26.867581157879492],[-49.14458790855751,-26.867726627946077],[-49.144829341501854,-26.86773034742639],[-49.144953548874554,-26.867516532976385],[-49.144372413823426,-26.86737070490925],[-49.1443416347108,-26.86746825177622]]],[[[-49.14274762358941,-26.867407544982512],[-49.14291970702743,-26.867303297517328],[-49.142916646216435,-26.867185050253394],[-49.14274906200653,-26.86725038236243],[-49.14274762358941,-26.867407544982512]]],[[[-49.10972079534534,-26.86674695356257],[-49.10839928865288,-26.86686780586292],[-49.10858548218172,-26.867815509908805],[-49.10839930408311,-26.86876602408412],[-49.10779230014084,-26.86912889963814],[-49.107692934435654,-26.869981607031907],[-49.10689889021353,-26.870447940202713],[-49.106817107740454,-26.87072982761571],[-49.10776815701824,-26.870160359193175],[-49.10797718290552,-26.869143696018213],[-49.10846582599171,-26.869173485779026],[-49.10832421506593,-26.868988801035176],[-49.10853557391629,-26.868715970122807],[-49.10868984689446,-26.867594266682556],[-49.10849417965316,-26.8669240935296],[-49.10980865814711,-26.86678736391644],[-49.110686603310015,-26.86688645146322],[-49.11124051313793,-26.867353861027865],[-49.11315987533812,-26.867338036531354],[-49.11347390834999,-26.86778992629663],[-49.11375315495011,-26.867870624769257],[-49.114079012347794,-26.867717932184792],[-49.114352224223595,-26.867409755246083],[-49.1146592029347,-26.86748862893325],[-49.11435317454206,-26.86735490643482],[-49.11396521673631,-26.867731048136704],[-49.113690769937634,-26.867789419759237],[-49.11349120758657,-26.86773027864282],[-49.11319202891396,-26.86728770973251],[-49.11125973747043,-26.867275871409618],[-49.11086586010218,-26.86689003083556],[-49.10972079534534,-26.86674695356257]]],[[[-49.108590592933794,-26.86632182042592],[-49.10864832849706,-26.866388558687365],[-49.108576978203416,-26.86619574149544],[-49.108590592933794,-26.86632182042592]]],[[[-49.10852307961271,-26.866086586591774],[-49.10856613780026,-26.866113918874724],[-49.10851442920297,-26.866029035051525],[-49.10852307961271,-26.866086586591774]]],[[[-49.08489862945968,-26.865778662727994],[-49.08498862017668,-26.86578081806681],[-49.08482936036268,-26.865708758811948],[-49.08489862945968,-26.865778662727994]]],[[[-49.15345055254886,-26.866606582183053],[-49.153512526029196,-26.86661945074457],[-49.15347931600575,-26.866565161142685],[-49.15345055254886,-26.866606582183053]]],[[[-49.10846656005737,-26.86595945793526],[-49.108502999445946,-26.86595821643041],[-49.10843442673592,-26.865895169323746],[-49.10846656005737,-26.86595945793526]]],[[[-49.1437211602525,-26.865760419218844],[-49.143816850045205,-26.86574769519575],[-49.14371506015976,-26.865732928637037],[-49.1437211602525,-26.865760419218844]]],[[[-49.14224529218795,-26.866179305931794],[-49.14250995538151,-26.866111015388338],[-49.14251045591643,-26.865910078312464],[-49.14192993065169,-26.86549375501805],[-49.14178075224574,-26.865696311623232],[-49.14224529218795,-26.866179305931794]]],[[[-49.08805661261929,-26.865035659298258],[-49.08826856501752,-26.864788544081197],[-49.088238697055374,-26.86463140295996],[-49.08801030224653,-26.864916642447728],[-49.08805661261929,-26.865035659298258]]],[[[-49.08841206265963,-26.86549845938467],[-49.08876442704324,-26.86553251528131],[-49.088301272598414,-26.866143213725813],[-49.088477221037685,-26.866495933981067],[-49.088681190036276,-26.86653892996872],[-49.08860610517442,-26.86691864636643],[-49.08897014978733,-26.867114370642728],[-49.08908943226978,-26.866682031755012],[-49.08856909154645,-26.86606716329393],[-49.08891960756785,-26.865738493692557],[-49.08887263970222,-26.864966218800838],[-49.089224850691714,-26.86444847392611],[-49.08890116425778,-26.864435099084176],[-49.0886717742486,-26.86475004183831],[-49.088367320469615,-26.86488627342142],[-49.08841206265963,-26.86549845938467]]],[[[-49.14031832015792,-26.864633995539798],[-49.14144527628629,-26.86538225511263],[-49.14159303308995,-26.86525260648684],[-49.142019871234474,-26.865372555685504],[-49.14173640243073,-26.86505709092464],[-49.14107981298897,-26.865076081430605],[-49.14031832015792,-26.864633995539798]]],[[[-49.148195985873066,-26.864660944838317],[-49.148297447610844,-26.865077546778252],[-49.14834415697287,-26.865126589751824],[-49.148492841840124,-26.864735560773795],[-49.148195985873066,-26.864660944838317]],[[-49.148368168533175,-26.864789615352855],[-49.1483354779774,-26.86486542647735],[-49.14834779752696,-26.86476633876133],[-49.148368168533175,-26.864789615352855]]],[[[-49.08869041795137,-26.864577654747787],[-49.08863855167279,-26.864370597153926],[-49.08883455935369,-26.863450787422362],[-49.08852472872559,-26.864352008007177],[-49.08869041795137,-26.864577654747787]]],[[[-49.14285677898469,-26.8640592435626],[-49.14297722543666,-26.86410790180321],[-49.14293135915336,-26.86403483467672],[-49.14285677898469,-26.8640592435626]]],[[[-49.14306459647635,-26.86394599765465],[-49.143003035208075,-26.863989829099225],[-49.14306893049616,-26.863963222931957],[-49.14306459647635,-26.86394599765465]]],[[[-49.14289732149744,-26.863888353168793],[-49.14296969239729,-26.863915186248914],[-49.14300497857343,-26.863842026414595],[-49.14289732149744,-26.863888353168793]]],[[[-49.143139163402445,-26.86386697320274],[-49.14323373249479,-26.86380252706749],[-49.143236450656886,-26.86376413853808],[-49.143139163402445,-26.86386697320274]]],[[[-49.1430599883571,-26.864360251885856],[-49.142663308958355,-26.864543055211847],[-49.14274410721183,-26.86484268872993],[-49.14247656827655,-26.864878998062267],[-49.14277937322734,-26.86550335626012],[-49.142379073090545,-26.865596672665525],[-49.142546675900185,-26.865731553866546],[-49.14289672609673,-26.865634563950803],[-49.1429044550859,-26.865769132119734],[-49.14257131410402,-26.86583238381241],[-49.14301673233303,-26.86634971658729],[-49.14291574593628,-26.866525243121576],[-49.143034957500376,-26.866433386247866],[-49.1432205938459,-26.866608566273488],[-49.14329473052175,-26.86621830376577],[-49.14347389126462,-26.866337997907593],[-49.14340978452002,-26.865923654438774],[-49.143537541116785,-26.86589502972463],[-49.14371639829811,-26.866138492070377],[-49.14354021441367,-26.86556860646152],[-49.14387447121099,-26.86549308635202],[-49.14363222234837,-26.86524094853395],[-49.143199198906885,-26.865377246892297],[-49.14301879038419,-26.865089926126497],[-49.14312274240671,-26.864610299450568],[-49.14331785888111,-26.864557961983586],[-49.14351791678574,-26.863582650424743],[-49.14318396591948,-26.863954835611615],[-49.1430599883571,-26.864360251885856]],[[-49.14289434975649,-26.86507667019761],[-49.14280133668478,-26.865077579659207],[-49.14283557152625,-26.865016421782723],[-49.14289434975649,-26.86507667019761]],[[-49.14291858773071,-26.86526438727819],[-49.14288693583091,-26.8653184881603],[-49.14285466375793,-26.86525823401373],[-49.14291858773071,-26.86526438727819]],[[-49.14320116794558,-26.865437366532486],[-49.14318301680484,-26.865568689119925],[-49.143114702435994,-26.8655167603092],[-49.14320116794558,-26.865437366532486]],[[-49.14337287731486,-26.865745968524326],[-49.143281783023674,-26.865801345796086],[-49.14326625509863,-26.865671324181864],[-49.14337287731486,-26.865745968524326]]],[[[-49.1401510407622,-26.86451581513609],[-49.139492272184,-26.864026545488677],[-49.13899076609384,-26.86343577981229],[-49.13944207763643,-26.864061365407665],[-49.1401510407622,-26.86451581513609]]],[[[-49.15638304766865,-26.862691828044785],[-49.15757346195177,-26.863082671813252],[-49.157954095589815,-26.86288712127978],[-49.15741392843105,-26.863005177890567],[-49.156823801657545,-26.862808811610435],[-49.15670128233533,-26.862639473280748],[-49.15638304766865,-26.862691828044785]]],[[[-49.159946609985035,-26.86264306193504],[-49.159397885939185,-26.862806482040213],[-49.15960871428314,-26.86279272435854],[-49.159946609985035,-26.86264306193504]]],[[[-49.15825535605075,-26.86267170281658],[-49.15814956134113,-26.862806412707016],[-49.158561486744084,-26.862593014950725],[-49.15825535605075,-26.86267170281658]]],[[[-49.0933849532826,-26.86133400443808],[-49.093150400071956,-26.861348577971526],[-49.09314672699043,-26.86135146061818],[-49.0933849532826,-26.86133400443808]]],[[[-49.093459315592824,-26.861317988422],[-49.09353738988544,-26.861344108261314],[-49.093528992880486,-26.861309577798515],[-49.093459315592824,-26.861317988422]]],[[[-49.09150720052136,-26.86129146595821],[-49.09139112060545,-26.861548537718438],[-49.09146113548738,-26.862215635253417],[-49.09152941336974,-26.861375266313143],[-49.09295863894101,-26.861341074730976],[-49.09150720052136,-26.86129146595821]]],[[[-49.09366498462947,-26.861311769272213],[-49.09393504297347,-26.861311145510033],[-49.09394576053145,-26.86130755241975],[-49.09366498462947,-26.861311769272213]]],[[[-49.09429206930738,-26.861299040419134],[-49.09469260599669,-26.861334030302153],[-49.09475381515662,-26.861330895776735],[-49.094458856587785,-26.861281721185062],[-49.094368446735615,-26.861104855482598],[-49.09429206930738,-26.861299040419134]]],[[[-49.09567194646854,-26.86107689054476],[-49.095762226480474,-26.861105560779638],[-49.0957826904698,-26.861094096830556],[-49.09567194646854,-26.86107689054476]]],[[[-49.086952012480474,-26.86046392423247],[-49.08656758052625,-26.861370869132678],[-49.0867374187158,-26.86152316369664],[-49.08697215487471,-26.86146505936625],[-49.08701198582955,-26.861076404512954],[-49.08739006919204,-26.860721143187785],[-49.08761557537566,-26.86087718404127],[-49.08797645149192,-26.86077635348427],[-49.087287104275646,-26.860452941511387],[-49.086952012480474,-26.86046392423247]]],[[[-49.078258748159506,-26.85885418928419],[-49.07775850447647,-26.85884254442312],[-49.07831201845277,-26.85887388996777],[-49.078258748159506,-26.85885418928419]]],[[[-49.09133905130294,-26.85636995101528],[-49.091433417848485,-26.856313325919093],[-49.09142570422025,-26.856269367075594],[-49.09138594656904,-26.856265061029116],[-49.09133905130294,-26.85636995101528]]],[[[-49.09257728067993,-26.855885190487133],[-49.09259619314836,-26.85590527334552],[-49.09261236477959,-26.855889935316515],[-49.09257728067993,-26.855885190487133]]],[[[-49.092896890528664,-26.855731474368913],[-49.09299262288673,-26.855741372221555],[-49.093048977108104,-26.855717999007947],[-49.092896890528664,-26.855731474368913]]],[[[-49.09313435701139,-26.855680691707406],[-49.09321021985615,-26.85568894523122],[-49.09323148222442,-26.85562704235329],[-49.09313435701139,-26.855680691707406]]],[[[-49.088637673013956,-26.85492178358312],[-49.08783491684574,-26.854871291166436],[-49.08859387162977,-26.854953742154354],[-49.088954033862905,-26.85712067758863],[-49.08790107016044,-26.857339984515427],[-49.08761952892771,-26.85673266330529],[-49.087491311015825,-26.856822363962312],[-49.087160431225016,-26.856792604137887],[-49.08705683881594,-26.85662461100545],[-49.08635847857273,-26.856698764077105],[-49.08611472469896,-26.857106350553064],[-49.08624381192611,-26.858774486769295],[-49.08745698415809,-26.858471487302385],[-49.08787571099881,-26.858708020028253],[-49.0879365479857,-26.858282659981814],[-49.088593909651124,-26.858288236247173],[-49.0888005628601,-26.85791506156255],[-49.08948945669737,-26.85746326431799],[-49.08967067113032,-26.8575046936358],[-49.08989207487272,-26.857862776862362],[-49.09031510569012,-26.857395728692065],[-49.09024525765936,-26.85723914551995],[-49.09007949327769,-26.85727027442517],[-49.09004327186603,-26.857015378978524],[-49.090575396464104,-26.856799428139922],[-49.0906206142923,-26.856573148366124],[-49.09092337901958,-26.856569263381896],[-49.09107503321794,-26.85685457137008],[-49.09130599507764,-26.85609138248572],[-49.09179769584067,-26.856113433804733],[-49.09193399357845,-26.856269728694667],[-49.092252558507916,-26.855884157169182],[-49.09110110949999,-26.856077537977317],[-49.09101290166265,-26.856474299261208],[-49.08942480972651,-26.856475888965956],[-49.089182009764556,-26.856353534295565],[-49.08882874567852,-26.855689691485814],[-49.088637673013956,-26.85492178358312]],[[-49.090121806931414,-26.856606620344696],[-49.09035238431374,-26.85660451262608],[-49.090372613874436,-26.856649740091054],[-49.090121806931414,-26.856606620344696]],[[-49.08950071377667,-26.8566524671718],[-49.0897568099853,-26.85709994387182],[-49.0893853301021,-26.857344069425658],[-49.08926489364873,-26.857185925436028],[-49.0893213163871,-26.856695663239005],[-49.08950071377667,-26.8566524671718]]],[[[-49.08059616008436,-26.851561462280166],[-49.080431481430736,-26.851679301550675],[-49.08040799021644,-26.851743134878078],[-49.080485908869555,-26.851694157915702],[-49.08059616008436,-26.851561462280166]]],[[[-49.079476688289745,-26.851492510351417],[-49.07955589052809,-26.851532328837475],[-49.07950076619312,-26.85144556069673],[-49.079476688289745,-26.851492510351417]]],[[[-49.08059616008436,-26.851561462280166],[-49.08068355985869,-26.851486470406698],[-49.080730293260835,-26.851364716538228],[-49.0806812954854,-26.85137006722087],[-49.08059616008436,-26.851561462280166]]],[[[-49.08092617094186,-26.851277943764646],[-49.08100159559816,-26.85133859087959],[-49.081031149282644,-26.851314641062388],[-49.08092617094186,-26.851277943764646]]],[[[-49.079751195923606,-26.850902498574147],[-49.08005666902868,-26.850729459842523],[-49.08008395156763,-26.850627044091222],[-49.07981018682449,-26.85061353047827],[-49.079751195923606,-26.850902498574147]]],[[[-49.080028216127324,-26.85055482014956],[-49.08003029260521,-26.85031469739451],[-49.07984935479298,-26.850311183566884],[-49.07980047634885,-26.85048138154781],[-49.080028216127324,-26.85055482014956]]],[[[-49.08032372391318,-26.8504367712276],[-49.080299003290534,-26.85026257837038],[-49.080138163612915,-26.85025744746],[-49.08012484467706,-26.85037618283152],[-49.08032372391318,-26.8504367712276]]],[[[-49.0807100333861,-26.85017781792444],[-49.08064931161765,-26.850149675666778],[-49.08062658583185,-26.850183911042542],[-49.0807100333861,-26.85017781792444]]],[[[-49.08246573037786,-26.850168562633144],[-49.082516720998655,-26.850173117503317],[-49.08247589009614,-26.85013789618591],[-49.08246573037786,-26.850168562633144]]],[[[-49.08349672329751,-26.849751604099893],[-49.083528355644425,-26.849794092495404],[-49.08352605531276,-26.849692929428844],[-49.08349672329751,-26.849751604099893]]],[[[-49.083328444770046,-26.84985508667016],[-49.08341665653428,-26.84973357573209],[-49.08334013258148,-26.849552823632408],[-49.083243260011244,-26.84977457534203],[-49.083328444770046,-26.84985508667016]]],[[[-49.08517692304411,-26.848884764288766],[-49.085307973434894,-26.848860704302204],[-49.085150278749644,-26.848803066320745],[-49.08517692304411,-26.848884764288766]]],[[[-49.08413829191166,-26.848567823427132],[-49.084034223418904,-26.84879722341756],[-49.083880205802245,-26.848719144428824],[-49.08403159653255,-26.848917225001685],[-49.084044548438854,-26.849566403325824],[-49.08463811869329,-26.849720944373505],[-49.08448195893128,-26.849438150001074],[-49.084190922139435,-26.84932480888131],[-49.08413829191166,-26.848567823427132]]],[[[-49.08601093401177,-26.848591235650293],[-49.08615288114735,-26.848600430786426],[-49.086006195128746,-26.848566529538655],[-49.08601093401177,-26.848591235650293]]],[[[-49.084106222985945,-26.848489611527672],[-49.08415958509809,-26.848496667026623],[-49.084115765491546,-26.84844216250283],[-49.084106222985945,-26.848489611527672]]],[[[-49.08536123141209,-26.84830254424932],[-49.08521891058064,-26.848611164470615],[-49.0854303290383,-26.84873280009994],[-49.08553227047463,-26.848382300923262],[-49.08536123141209,-26.84830254424932]],[[-49.08541222538052,-26.848603883511128],[-49.08528870655154,-26.848482174918324],[-49.08543887396062,-26.848364090713602],[-49.08547124699679,-26.848486778175648],[-49.08541222538052,-26.848603883511128]]],[[[-49.08002954707577,-26.847992405706183],[-49.08003841679678,-26.84804843344328],[-49.080092337992255,-26.8480494795988],[-49.08002954707577,-26.847992405706183]]],[[[-49.08498880000202,-26.847888284700883],[-49.085005737759765,-26.84793612243492],[-49.08505641793919,-26.84792278511928],[-49.08498880000202,-26.847888284700883]]],[[[-49.08920905991004,-26.848186213787884],[-49.08881073077492,-26.848097730444994],[-49.08845274253173,-26.84825304264329],[-49.089047466892325,-26.848252034366674],[-49.089018373082695,-26.848833306416136],[-49.08915443373706,-26.848925582529258],[-49.0895132141945,-26.84867197436174],[-49.089347468949775,-26.848350984962185],[-49.0895563188516,-26.847751941390857],[-49.08920905991004,-26.848186213787884]]],[[[-49.089585788567014,-26.847518572883725],[-49.08966829462559,-26.847437529585847],[-49.08953558612739,-26.847161192460348],[-49.08949871597349,-26.847256934419022],[-49.089585788567014,-26.847518572883725]]],[[[-49.092593073419145,-26.846625340663348],[-49.092619587632655,-26.846706732858628],[-49.09268134490864,-26.846552570871552],[-49.092593073419145,-26.846625340663348]]],[[[-49.09017715884019,-26.846391536972643],[-49.08969374438591,-26.846697825411734],[-49.09103112747401,-26.846731658394717],[-49.09050110436602,-26.84666435128926],[-49.09017715884019,-26.846391536972643]]],[[[-49.0926172113819,-26.846447851312938],[-49.09271965076715,-26.846463920005444],[-49.09260205767584,-26.84638871401249],[-49.0926172113819,-26.846447851312938]]],[[[-49.09275570154082,-26.846102684736113],[-49.09243428350426,-26.846139012768305],[-49.092028197835,-26.84627511228504],[-49.091830789380076,-26.84670555693474],[-49.09229110672571,-26.846607815443612],[-49.092320508601254,-26.84637215996776],[-49.09256761464598,-26.846297141839923],[-49.092471911711215,-26.846167222078535],[-49.0929990034813,-26.846110894251645],[-49.09334782828763,-26.846340847411117],[-49.09345278317327,-26.846752073069073],[-49.09337775607599,-26.846099620634554],[-49.09275570154082,-26.846102684736113]]],[[[-49.07595881764468,-26.846117523938876],[-49.07588088682327,-26.845835131447824],[-49.07575331614559,-26.84574641160279],[-49.075863317457795,-26.845864159876974],[-49.07595881764468,-26.846117523938876]]],[[[-49.094239531848565,-26.845926472524155],[-49.09435561063026,-26.845932898837155],[-49.09438775366701,-26.845915878396593],[-49.094239531848565,-26.845926472524155]]],[[[-49.085396812549355,-26.845902242931224],[-49.084574893604696,-26.844796444299806],[-49.08446385099947,-26.844777741702963],[-49.08446325253537,-26.844866592966987],[-49.085396812549355,-26.845902242931224]]],[[[-49.08414783669308,-26.844602814951283],[-49.084240857925366,-26.844639859133554],[-49.084086274226536,-26.84453722902015],[-49.08414783669308,-26.844602814951283]]],[[[-49.088525895505775,-26.84402662289231],[-49.088696765013324,-26.844035554095093],[-49.08852638257656,-26.843936914142432],[-49.088525895505775,-26.84402662289231]]],[[[-49.07985558061653,-26.848088002110046],[-49.08001599174216,-26.84766391986662],[-49.07981615801631,-26.847872316280924],[-49.078842342716804,-26.84783032613173],[-49.07879909340158,-26.84770532689459],[-49.0785503392373,-26.84783775456682],[-49.07774754260791,-26.847327330420924],[-49.07762140055137,-26.84707468181898],[-49.077802358440834,-26.846958855581132],[-49.0777255783151,-26.84674158040313],[-49.07754056746841,-26.846692479595163],[-49.07718085278119,-26.84671060130982],[-49.07707274760076,-26.846383335393526],[-49.076233044189465,-26.845612981076474],[-49.075269353796095,-26.84309899277644],[-49.07628997198318,-26.84589262273449],[-49.07621483692857,-26.846177790959516],[-49.07636942448835,-26.846079391375888],[-49.07663816295287,-26.846194339202388],[-49.07817525347133,-26.847800117074595],[-49.07950063512834,-26.84798811597107],[-49.0794796503428,-26.848308680989266],[-49.079683861817635,-26.848230922402948],[-49.07984715171914,-26.848324239359226],[-49.07981989962709,-26.84851517154971],[-49.08007689822607,-26.848465820861065],[-49.08044366207169,-26.84864021767874],[-49.08069884830055,-26.849026016309452],[-49.08134115423883,-26.848759003253537],[-49.08136661035068,-26.848668637764856],[-49.08089615951831,-26.84881188145372],[-49.08111906421389,-26.84846566731575],[-49.08085143965651,-26.848166343385703],[-49.08038818086137,-26.848273367538084],[-49.07985558061653,-26.848088002110046]],[[-49.08088460362353,-26.84853912638468],[-49.08078386772366,-26.84848862688627],[-49.080798512260635,-26.848318229487333],[-49.08093913050619,-26.848370826625537],[-49.08088460362353,-26.84853912638468]],[[-49.07743140081159,-26.84674576448584],[-49.07765225974425,-26.846738313681872],[-49.077706444202086,-26.84696551820859],[-49.07742688326154,-26.84696126970093],[-49.07743140081159,-26.84674576448584]]],[[[-49.075269528806814,-26.84299554895507],[-49.07525890572751,-26.842818722215057],[-49.07510009708319,-26.84256633367675],[-49.07506483476538,-26.842640974992307],[-49.075269528806814,-26.84299554895507]]],[[[-49.09334644378229,-26.84172354223132],[-49.09170324335412,-26.841752872457345],[-49.09136917123839,-26.84189829011998],[-49.09334644378229,-26.84172354223132]]],[[[-49.090792855294474,-26.83836164717891],[-49.09083586662862,-26.83839684348458],[-49.09084485330578,-26.83836482059219],[-49.090792855294474,-26.83836164717891]]],[[[-49.09147767683984,-26.83832278935562],[-49.091076175582046,-26.838381817932557],[-49.09145519521365,-26.838585983098053],[-49.09147767683984,-26.83832278935562]]],[[[-49.09059167443831,-26.83746156435217],[-49.09080800453578,-26.837337593159756],[-49.090853319803124,-26.83695476211541],[-49.09064829048545,-26.837099496869488],[-49.09075060383514,-26.837307831941786],[-49.09059167443831,-26.83746156435217]]],[[[-49.08979625563211,-26.830578909587295],[-49.089911488813996,-26.830590384698883],[-49.08980104786931,-26.830545613038115],[-49.08979625563211,-26.830578909587295]]],[[[-49.089945985138996,-26.830567922885884],[-49.09080525504138,-26.829878682238924],[-49.090958645524374,-26.829251126543713],[-49.090757394683884,-26.829862128159682],[-49.089945985138996,-26.830567922885884]]],[[[-49.08851109218166,-26.831196448063476],[-49.088822899956064,-26.83138722192231],[-49.08899188758367,-26.831288631551455],[-49.08923715843096,-26.831718842202324],[-49.08938165333631,-26.8317263625071],[-49.089222656417896,-26.831302370237086],[-49.08894704783614,-26.831170752515344],[-49.089574515166184,-26.830882553643505],[-49.08962310013691,-26.830567687131264],[-49.08944501053955,-26.830627070776206],[-49.08945290533959,-26.830868469143336],[-49.08872123773404,-26.831188695810297],[-49.08870690128556,-26.831005272262356],[-49.08913225637938,-26.830793208065487],[-49.08927147052909,-26.830335011384054],[-49.088768661945416,-26.829510446465193],[-49.088476374744104,-26.82812638226056],[-49.088432116084356,-26.828851347185587],[-49.088586991976435,-26.828955204856705],[-49.08867645776604,-26.829626126036718],[-49.0891217717883,-26.83035194818922],[-49.08851109218166,-26.831196448063476]]],[[[-49.088407601247084,-26.828052573076313],[-49.088511885212895,-26.828100760182924],[-49.08849706915089,-26.8280234974826],[-49.088407601247084,-26.828052573076313]]],[[[-49.012921173151064,-26.901860655904894],[-49.0132276969781,-26.901963133219454],[-49.01379096565381,-26.901699777679553],[-49.01288256329326,-26.90171771793437],[-49.012921173151064,-26.901860655904894]],[[-49.01292226389438,-26.901855287515914],[-49.01293170986508,-26.901847080395722],[-49.0129316970918,-26.901854656507677],[-49.01292226389438,-26.901855287515914]]],[[[-49.01778993991924,-26.895088988579634],[-49.01710666765383,-26.8948306929183],[-49.01694719859569,-26.895050307077064],[-49.017127202355326,-26.895234821605296],[-49.017324536900475,-26.895147306643437],[-49.018025052207975,-26.895547106700242],[-49.01850185656698,-26.895616374408633],[-49.01844515306685,-26.89602396392277],[-49.01897514432657,-26.896234898590844],[-49.01873869506934,-26.895290636802915],[-49.018304661849974,-26.895072618276078],[-49.01786869673308,-26.895034081386548],[-49.01780704734055,-26.89506513743316],[-49.01778993991924,-26.895088988579634]],[[-49.01779228123062,-26.89508755059374],[-49.01781072667735,-26.895097822778713],[-49.01779159662679,-26.89510947540875],[-49.01779228123062,-26.89508755059374]]],[[[-49.02208031357874,-26.894890284155828],[-49.021829122210605,-26.895323865860277],[-49.0226250720423,-26.894709206913113],[-49.022619310442096,-26.894494362525084],[-49.02279694842066,-26.894354795895932],[-49.022599559711956,-26.89443976702795],[-49.02243714698152,-26.894784184221248],[-49.02208031357874,-26.894890284155828]],[[-49.02208362378481,-26.89488986837796],[-49.02209277796719,-26.894898336702795],[-49.02208432827111,-26.894898325827384],[-49.02208362378481,-26.89488986837796]]],[[[-49.065673879345695,-26.88349102410532],[-49.06590206431527,-26.88303693152018],[-49.06572932745645,-26.882767255508814],[-49.06542038448545,-26.882824329511248],[-49.065574930505505,-26.88325871506515],[-49.06535389528226,-26.883398291021862],[-49.06559863059115,-26.883489170816535],[-49.06537945943067,-26.88359062746216],[-49.06554146966846,-26.883648507079837],[-49.06500321938342,-26.884091699318724],[-49.06455915674153,-26.884147416191997],[-49.064746682669366,-26.884878315167295],[-49.06505776671091,-26.885102682369695],[-49.065257131152805,-26.885078394006353],[-49.06533651441454,-26.88471952034133],[-49.064867778260364,-26.88453371666545],[-49.06566199543994,-26.884520367365525],[-49.06586685524144,-26.884362960010666],[-49.06580491085474,-26.88413003775163],[-49.065959034387696,-26.884337237835286],[-49.06606187928029,-26.883691528985636],[-49.06669130663967,-26.883305715782086],[-49.06662850444704,-26.88316870483775],[-49.06641282109299,-26.88316271582109],[-49.06652283457011,-26.882877276790275],[-49.0662847856275,-26.882865392927165],[-49.06629633628462,-26.883166571607344],[-49.065951060190336,-26.8832357491866],[-49.065673879345695,-26.88349102410532]],[[-49.065924649483975,-26.88337663796291],[-49.066184145371615,-26.88337403670724],[-49.06632983981812,-26.88333037584192],[-49.06593587048645,-26.883635917893383],[-49.065924649483975,-26.88337663796291]],[[-49.065593781690254,-26.883800514599194],[-49.06542646787287,-26.883830073719473],[-49.065578608535446,-26.883752461378513],[-49.065593781690254,-26.883800514599194]],[[-49.065334918022394,-26.884002897952417],[-49.06525659433471,-26.883985614088466],[-49.065330172723975,-26.88393896340568],[-49.065334918022394,-26.884002897952417]],[[-49.06523285876447,-26.884071591692773],[-49.06517444260834,-26.884099483415724],[-49.065164740193644,-26.884074744209013],[-49.06523285876447,-26.884071591692773]],[[-49.06505285156314,-26.88426950776976],[-49.064987202503005,-26.884282816696494],[-49.064999705286375,-26.88424180160944],[-49.06505285156314,-26.88426950776976]],[[-49.06492522246098,-26.884267071449937],[-49.06484772209136,-26.884251981650074],[-49.06493075542342,-26.884252940019007],[-49.06492522246098,-26.884267071449937]],[[-49.065684371350116,-26.883553005475935],[-49.06575376198493,-26.883716323070804],[-49.065725452687495,-26.883743643278937],[-49.06562021080804,-26.88363784483091],[-49.065684371350116,-26.883553005475935]]],[[[-49.067204787264444,-26.882576922130905],[-49.06755074463838,-26.88290023335007],[-49.06740979542909,-26.883034360658318],[-49.0679096339644,-26.882994121307274],[-49.06801012676307,-26.883108545147255],[-49.067559580206684,-26.88390106931418],[-49.06728736325495,-26.884862286888374],[-49.06711677523545,-26.884987790001492],[-49.067203270500706,-26.885281518727158],[-49.066743223341234,-26.88560102062646],[-49.06626560227126,-26.885471515607623],[-49.06614682915232,-26.88581282901098],[-49.065710494963874,-26.885851605481772],[-49.064845840886186,-26.88636241759362],[-49.06438509493775,-26.886036630199687],[-49.06390023230842,-26.886042315143758],[-49.063453700671595,-26.885808111000713],[-49.06426289588113,-26.88564964337245],[-49.06327686313643,-26.885661874633268],[-49.0630899546841,-26.885249979384046],[-49.06299620033104,-26.885308495930563],[-49.06301706870725,-26.88559338992139],[-49.063297454404974,-26.88587634820229],[-49.06440066478597,-26.886322967207235],[-49.06404671560541,-26.886755318195117],[-49.06416332505738,-26.8874188329134],[-49.06349637877834,-26.88840367429242],[-49.06395924045767,-26.888858117962574],[-49.06399264403272,-26.88987613086529],[-49.06374928695408,-26.890745274029452],[-49.063417658385184,-26.890995636766917],[-49.06345973223495,-26.89112756949443],[-49.06395369066073,-26.890880300076326],[-49.064209638520516,-26.890174154461235],[-49.06427597582138,-26.88882857122315],[-49.06403112928271,-26.887991464406543],[-49.06458564007887,-26.88755507873541],[-49.06443859266544,-26.887337777305223],[-49.0645835894295,-26.88690648611882],[-49.06559886651579,-26.886049083653642],[-49.06632186047692,-26.886011274852333],[-49.06741394829854,-26.885429214029955],[-49.06753229507065,-26.88488877821431],[-49.06774337401606,-26.8849938865438],[-49.06845316450892,-26.88468529329052],[-49.068185921871965,-26.884522653319262],[-49.067595529716094,-26.884489182234464],[-49.06786871150618,-26.883781467082343],[-49.06805165904679,-26.884031765667796],[-49.06825146922713,-26.883547508268702],[-49.068768057503924,-26.883720892125094],[-49.06905908177271,-26.88358969522238],[-49.068789672363074,-26.883615692472425],[-49.06894600274988,-26.883431758333003],[-49.06865745974524,-26.883349538774908],[-49.06902127893975,-26.883039722435193],[-49.06818714109099,-26.883201209635057],[-49.067997499028245,-26.88216576240265],[-49.06833105817525,-26.881889137230903],[-49.067851298122505,-26.882002898209464],[-49.06771683229453,-26.881522037618794],[-49.06779010976901,-26.880979520831175],[-49.06750995379655,-26.88030954681953],[-49.066895018712536,-26.879875756418222],[-49.065898514150085,-26.87800232801016],[-49.065231477056656,-26.87718719558667],[-49.06529039871821,-26.87745312401357],[-49.0658484231687,-26.878048740642544],[-49.06683804900787,-26.880001464626048],[-49.067358629048265,-26.880291956333163],[-49.06764011470923,-26.880880433677444],[-49.06775972438421,-26.88223359091437],[-49.06748752214329,-26.88227458847116],[-49.06768158316495,-26.882570755576342],[-49.06767233875583,-26.882408715297498],[-49.06788822850504,-26.882352365952805],[-49.067931665507956,-26.88289573543605],[-49.067497433178644,-26.882459956102444],[-49.06722998803733,-26.882433355444682],[-49.067204787264444,-26.882576922130905]],[[-49.068614128448566,-26.883569733161334],[-49.06859339191826,-26.883621520044038],[-49.068578391291894,-26.88356810403235],[-49.068614128448566,-26.883569733161334]],[[-49.06735817930819,-26.882665505545027],[-49.06727722627365,-26.882596830772858],[-49.067230491655344,-26.882509480153118],[-49.06735817930819,-26.882665505545027]]],[[[-49.08077176951738,-26.851344161811276],[-49.080901292059394,-26.851093715610066],[-49.08132457793296,-26.85105762436993],[-49.08161074293364,-26.851641448361313],[-49.08169811350788,-26.851417084478694],[-49.08149486683192,-26.85090108785494],[-49.08164209323038,-26.850798617195384],[-49.082151764908126,-26.851119555466305],[-49.082314914192835,-26.851587767401302],[-49.08218582122922,-26.851832421710927],[-49.08242678992209,-26.851537909798516],[-49.08257570141736,-26.851617456184698],[-49.082375948878145,-26.851859338992565],[-49.08231165505904,-26.85219407978691],[-49.08235238262436,-26.852424365113837],[-49.08226124606971,-26.85229373587205],[-49.08209284900865,-26.85236265594691],[-49.08238123382318,-26.852684669774916],[-49.08198078896965,-26.852766623205788],[-49.08210680108219,-26.853009322710637],[-49.081787417421275,-26.85309882430358],[-49.08187284548939,-26.853850722752355],[-49.0813508913958,-26.853883803637626],[-49.080389624161896,-26.85650079051467],[-49.0806925309004,-26.856581498331877],[-49.08126333275758,-26.857373689269497],[-49.08214935699559,-26.857714046218213],[-49.08251511635083,-26.858399824516297],[-49.08244036515942,-26.859114626589683],[-49.08297447021653,-26.859491444744215],[-49.082855800319884,-26.8596315036963],[-49.08194702967558,-26.85963139207356],[-49.081190565511854,-26.86022227897614],[-49.0802647889369,-26.860039268172635],[-49.080135619905896,-26.860209002950892],[-49.08039674567601,-26.860280342717385],[-49.08005233270517,-26.86035133593704],[-49.080863293768864,-26.860771797489413],[-49.08086933208051,-26.861198534114862],[-49.0804141507841,-26.86133157417592],[-49.08034463666987,-26.86162349202158],[-49.079327068659346,-26.861829119585455],[-49.078750666182714,-26.86215570549205],[-49.0803378671515,-26.861736193493975],[-49.08068354049064,-26.861977328199362],[-49.08138600634229,-26.862108489109435],[-49.08163816172772,-26.863946575025906],[-49.08094591829148,-26.86458239465302],[-49.08181424200908,-26.864651426693577],[-49.08173263020307,-26.86476709113943],[-49.081462568645584,-26.864726037500766],[-49.08124837244844,-26.865125521116738],[-49.08205990094141,-26.86513564114485],[-49.082354916447734,-26.86577190809681],[-49.08172437962396,-26.86586495267559],[-49.081743118153454,-26.86598522278713],[-49.08200818377327,-26.866001405395156],[-49.08199280975215,-26.8662373582737],[-49.08168535384227,-26.86660836485889],[-49.08147510119501,-26.867384465306724],[-49.08124142337672,-26.867600799094113],[-49.08064041271821,-26.867745536641557],[-49.081049516385505,-26.86786311813228],[-49.0813302698537,-26.86773966988482],[-49.08203230309134,-26.867159176486542],[-49.082158101713105,-26.86677983398243],[-49.08306278013608,-26.866398940323812],[-49.082777493193944,-26.866221473226133],[-49.082786102548496,-26.865757754908085],[-49.08317756241651,-26.866208664914854],[-49.08364452531282,-26.866370856270343],[-49.08476869578976,-26.86795424084622],[-49.0852223031994,-26.867945142550347],[-49.08538439516933,-26.8681027994412],[-49.08554816368037,-26.868813918072664],[-49.08593359400509,-26.86902985308591],[-49.086004039082205,-26.869298808553893],[-49.08650092831373,-26.869783010775205],[-49.08607421675491,-26.870175448672565],[-49.0859523299859,-26.869831016829227],[-49.08530961717193,-26.86962568956199],[-49.085097975522636,-26.868609363169195],[-49.08498113170068,-26.869095265390715],[-49.08451196051351,-26.869470313422354],[-49.0838852572506,-26.86909013253519],[-49.082481165939015,-26.869431261242138],[-49.082930505607735,-26.86943876419237],[-49.082793263297766,-26.86977666684522],[-49.083165531619656,-26.8699839071115],[-49.08303204420365,-26.870452809006252],[-49.0834672771884,-26.871326250430112],[-49.08384852717045,-26.87150974791141],[-49.08436741772674,-26.871363621081258],[-49.08506586732776,-26.871895904102026],[-49.08530596803438,-26.87183707427606],[-49.08545982851313,-26.8719553817852],[-49.08559363604872,-26.871862196239928],[-49.08552579654584,-26.871586460032255],[-49.08600145809301,-26.871316150985713],[-49.08579882835364,-26.87101566339363],[-49.08605340423838,-26.871146727792784],[-49.086237060395696,-26.87112669631738],[-49.08632873890115,-26.871356066868984],[-49.087057445016534,-26.871141661243854],[-49.086878038909745,-26.870938714208943],[-49.086953465931735,-26.87085107225097],[-49.08604015020904,-26.870996925987868],[-49.08576819708627,-26.870790853367406],[-49.08572493100808,-26.870558995495905],[-49.08591398057171,-26.870592491553392],[-49.08680262096184,-26.86972389058001],[-49.086732867012124,-26.869321480490466],[-49.086926666983764,-26.868951516587554],[-49.08722274731653,-26.86858072218501],[-49.08786744064196,-26.868172267329367],[-49.08782736097953,-26.868936335544028],[-49.08848829244986,-26.87105711451981],[-49.08894924273247,-26.871232424544417],[-49.089420256393794,-26.87113670698053],[-49.08976175675076,-26.871570456782294],[-49.08868418809364,-26.871540243935048],[-49.08845896231892,-26.871891204097423],[-49.08955932881135,-26.872115933943586],[-49.08984228017239,-26.871878408075887],[-49.09027862996187,-26.87252553586978],[-49.088463609967675,-26.874322169815052],[-49.08808112603258,-26.87491200586292],[-49.08777915681254,-26.875835929343438],[-49.08815061156568,-26.876394225802493],[-49.088055793760105,-26.877694476414796],[-49.08786859269835,-26.877970573112627],[-49.088125091275494,-26.87855349288169],[-49.08791287746356,-26.87875342508511],[-49.08773361124671,-26.879830983849942],[-49.08721991243366,-26.880782941047677],[-49.08678473904003,-26.882282324197842],[-49.08561443045732,-26.883938136395365],[-49.085574471255676,-26.884252062800627],[-49.08506881602897,-26.885069285384553],[-49.08438810335123,-26.885914136743924],[-49.084010341670876,-26.88670460934862],[-49.083812871616786,-26.887746872663712],[-49.08308189396851,-26.888688933030632],[-49.08295731052458,-26.88919221331845],[-49.08113340157782,-26.890842426244372],[-49.080026852126984,-26.892065037305173],[-49.07965062517366,-26.892716260677208],[-49.07720522265378,-26.895066230258298],[-49.0760974338001,-26.8964158724879],[-49.07482781459746,-26.897423339876568],[-49.07348107621133,-26.897920244595596],[-49.072005990585396,-26.897753717168378],[-49.066045161985954,-26.895056803636436],[-49.063367623175644,-26.89418823561034],[-49.06182737588275,-26.89384609606925],[-49.061650589638525,-26.893692408202345],[-49.06043469963741,-26.89380002388318],[-49.059658511977155,-26.89411520783376],[-49.05856392139734,-26.89502854868236],[-49.058486343265926,-26.895847711760066],[-49.05891520714223,-26.896655123581084],[-49.058893382780425,-26.897462410117303],[-49.05939797279231,-26.898752194870912],[-49.0598334818797,-26.899164668789457],[-49.061684641089734,-26.900026311341385],[-49.063333109781226,-26.901997538542396],[-49.06565554973155,-26.903983959417328],[-49.06682032839928,-26.905193558098933],[-49.06771884707911,-26.906254728365642],[-49.06780971589697,-26.90658891596464],[-49.068033772276216,-26.90669202349453],[-49.068331445564986,-26.907467729130122],[-49.06839134902571,-26.908589008267914],[-49.06813178580353,-26.90993100307239],[-49.067657448121246,-26.9108073386244],[-49.06768354709941,-26.9114110191085],[-49.066671732219305,-26.915224663186645],[-49.065513879752345,-26.917200226225958],[-49.064953777892256,-26.91786463198045],[-49.06390102824658,-26.91873416522325],[-49.06162679244787,-26.9200536120564],[-49.06083461039101,-26.92017928101778],[-49.059999482291474,-26.91979382044029],[-49.05995833109615,-26.91912741366842],[-49.0601637838498,-26.918612950150795],[-49.06036846784182,-26.917031920873033],[-49.06003319589159,-26.91460251732663],[-49.05958505602333,-26.91398566471591],[-49.05836720472613,-26.91297345250919],[-49.05753268402551,-26.91183667344193],[-49.05612181512124,-26.911383219876125],[-49.05418724310977,-26.911271906531567],[-49.05137037004185,-26.910445374142313],[-49.050276120807084,-26.910327519622413],[-49.04682378780306,-26.909219875340952],[-49.04479733057114,-26.90815536485724],[-49.044878225243856,-26.90797226625599],[-49.044658525532135,-26.907905004327713],[-49.04431584734166,-26.907432045099434],[-49.04431793124418,-26.90673856756396],[-49.04566645474195,-26.90358646352436],[-49.04562288687976,-26.901396895931306],[-49.0459955316106,-26.90017163024967],[-49.04591267575179,-26.899580601777483],[-49.04606464039371,-26.899622092121017],[-49.04609263509331,-26.899498511847685],[-49.045708390119614,-26.89824382736262],[-49.045793569526246,-26.897959511214598],[-49.04556447793903,-26.897760921064325],[-49.045003362316805,-26.896218404923715],[-49.04311555777051,-26.8949576253377],[-49.04263163074259,-26.894805562643608],[-49.042034043019854,-26.89488731304261],[-49.04130635223956,-26.89537862235056],[-49.0401445916729,-26.895715321350856],[-49.03973162954877,-26.895497689824573],[-49.03920094697649,-26.895485710578093],[-49.039613131348716,-26.895822538706728],[-49.038397791858294,-26.897153346710287],[-49.03674776995559,-26.898157651397035],[-49.03645094763477,-26.89849042226514],[-49.03616613640256,-26.898010673427464],[-49.035968263332464,-26.897938480691224],[-49.036017079333696,-26.898141220932633],[-49.035787154285835,-26.898495090599447],[-49.03606534820471,-26.89842248837332],[-49.03615385403525,-26.89870654118579],[-49.03574732774437,-26.899084468741385],[-49.03559459178846,-26.899538604459337],[-49.034889928445075,-26.90042742240152],[-49.034373335963934,-26.900848127791],[-49.033830321176914,-26.901876943871436],[-49.03292414813719,-26.90279726934988],[-49.03262438043206,-26.90252516379063],[-49.03256183024089,-26.902148574447498],[-49.0326679132085,-26.903074648374858],[-49.03016884906488,-26.90593507891149],[-49.029484382817735,-26.90648971707411],[-49.029190372416686,-26.906547800706925],[-49.029305341593215,-26.906673514231198],[-49.028949339230145,-26.90676845588999],[-49.0286632197549,-26.906987091282716],[-49.028728115687585,-26.907076958415125],[-49.028478825829225,-26.9072090320187],[-49.02793167412869,-26.907158082081164],[-49.028010623359094,-26.907325894956877],[-49.027718246567936,-26.907411044807702],[-49.02743942953123,-26.90695150889362],[-49.02741709641325,-26.907387259517694],[-49.02706252362262,-26.90744264708003],[-49.022315387595675,-26.906499501038834],[-49.02078870024873,-26.90607242814196],[-49.01955849662924,-26.90521234165834],[-49.0199011228132,-26.904829260298904],[-49.01939991211404,-26.904941376362217],[-49.01963875488448,-26.904567086541174],[-49.01893535209986,-26.903677387131644],[-49.018482952771244,-26.902391861339854],[-49.01861380504164,-26.90075161129602],[-49.01833321327009,-26.8995172227706],[-49.01800581021437,-26.898709420919545],[-49.017028476570914,-26.89741733116436],[-49.01765455705655,-26.897440010736553],[-49.01774074220751,-26.89619458517722],[-49.01724804284063,-26.89593739374705],[-49.01709025899158,-26.895682453418374],[-49.01692380068782,-26.89592370714317],[-49.016993338268136,-26.897161356595465],[-49.01685710457503,-26.89721136268761],[-49.016316016992974,-26.896543305344075],[-49.016245398171066,-26.896896567982814],[-49.01698693225212,-26.898670095940744],[-49.017098609318225,-26.899495020268528],[-49.01597323257519,-26.900390242119673],[-49.015687660976184,-26.90025627522241],[-49.01502774290663,-26.900431760513587],[-49.01443370564241,-26.900367866067],[-49.013730499021115,-26.900713654186035],[-49.01401809719023,-26.901205487532465],[-49.01412707767581,-26.901081406009475],[-49.013998620087534,-26.900797242203733],[-49.01426828297474,-26.9005455570071],[-49.01528493419355,-26.90056518303667],[-49.015909092121326,-26.900805199690048],[-49.01600117645742,-26.90113222389854],[-49.01559060375385,-26.901600585765003],[-49.01530205801976,-26.902349972733372],[-49.015453610297335,-26.90412550680434],[-49.015583764646856,-26.904314659683568],[-49.016001574591236,-26.904456831474757],[-49.01666610747782,-26.90547169290576],[-49.01699556783515,-26.9055968630179],[-49.01776322474925,-26.906334295656347],[-49.01835608147884,-26.90664783377972],[-49.01851549662768,-26.90655708853675],[-49.01879003055263,-26.906674961715122],[-49.01915075351725,-26.907098360240806],[-49.01958501044113,-26.907319685121514],[-49.02126914932967,-26.907950212000028],[-49.02245107350782,-26.90818050135717],[-49.023153120777145,-26.908630360794223],[-49.024279439483806,-26.90892430248957],[-49.02455145741744,-26.909136794046542],[-49.02656446512951,-26.909091008532627],[-49.027968285196856,-26.908835285853165],[-49.028141390992964,-26.908953982451237],[-49.02824786654133,-26.90879960805009],[-49.02919083978944,-26.908703198477028],[-49.03043682757085,-26.90797917835829],[-49.03180157660551,-26.906453507399625],[-49.0322130444222,-26.9065133143396],[-49.03215384071272,-26.906122675936036],[-49.034057196646636,-26.903958264838884],[-49.03406014259173,-26.903771323458027],[-49.03649562171863,-26.90068393867155],[-49.03783229474384,-26.899335212446413],[-49.039373077924495,-26.89806220965294],[-49.03946596713215,-26.897833732431405],[-49.03977181363611,-26.897764714495832],[-49.03997832979061,-26.89740497302106],[-49.041098950545745,-26.896552664636854],[-49.042226937965324,-26.89624207307684],[-49.04325803303288,-26.896580188430388],[-49.04384955073258,-26.89729254965257],[-49.04418793277848,-26.898172302061333],[-49.04433918128049,-26.901716415434905],[-49.04385686320007,-26.904272835006385],[-49.04314444081495,-26.905369622451563],[-49.04308527291259,-26.905860627648156],[-49.04227402782757,-26.907329681195044],[-49.04240575115224,-26.908123496673635],[-49.04272244484742,-26.908638305403326],[-49.04369938731165,-26.9092799712985],[-49.04401310942047,-26.909702568785193],[-49.04491429143567,-26.90990937069894],[-49.04739322638847,-26.911044531940703],[-49.049998909188915,-26.911524761153117],[-49.04978097208001,-26.912119608624575],[-49.050121506609,-26.912485700492628],[-49.04950826310716,-26.913202581039137],[-49.049416821446634,-26.91375231897086],[-49.04944794163403,-26.913853138992675],[-49.04956337904816,-26.913247821796595],[-49.05010785013128,-26.912867525444913],[-49.05026229704864,-26.91253231613186],[-49.05005323624095,-26.912055509259897],[-49.05051562930528,-26.911731610375394],[-49.05279024783857,-26.912201845222338],[-49.05590167394419,-26.91253015238842],[-49.05699129586997,-26.913174036345556],[-49.0571731993371,-26.913540135523487],[-49.058015321656406,-26.914390519082204],[-49.058518811264825,-26.915259879399745],[-49.05868671624232,-26.91638311305867],[-49.0587560268022,-26.91816662102696],[-49.058490823872226,-26.92056331828236],[-49.05880808544187,-26.92131178907342],[-49.05948687142937,-26.92186548950291],[-49.05951194627999,-26.922302622837243],[-49.058842956974004,-26.922935415029247],[-49.056854005472005,-26.92302720544978],[-49.05610373059195,-26.92385528179594],[-49.05662992300312,-26.924519520011874],[-49.05757043203715,-26.92497340740206],[-49.05800909961406,-26.9250387826559],[-49.058570271809224,-26.92462363289599],[-49.058784606367325,-26.924754077715747],[-49.05879848409653,-26.924987901400684],[-49.05817347176907,-26.92577842123914],[-49.0577642994701,-26.92597682102865],[-49.05761934070533,-26.92628354772772],[-49.05720056034019,-26.926320588103195],[-49.05717307380021,-26.92653397589862],[-49.05791514360778,-26.92644214606286],[-49.058332740603426,-26.92688305554783],[-49.05854808149278,-26.926794392593273],[-49.058625388073715,-26.927033801232582],[-49.05900833091024,-26.926970552528537],[-49.05936202803935,-26.92720221186394],[-49.06012051502818,-26.92930755908837],[-49.06088629967593,-26.929930797331526],[-49.06093375607618,-26.93015761576085],[-49.061245233397656,-26.930260283473157],[-49.06153428484259,-26.930808249496064],[-49.06226018276375,-26.931450508051576],[-49.062173024601684,-26.93172184273554],[-49.061885659544956,-26.93177508531835],[-49.061595022790584,-26.932067750348924],[-49.06176290591622,-26.93315610793427],[-49.06008469881064,-26.93326253728612],[-49.05996260420797,-26.933469074768173],[-49.06019175347448,-26.933687412989197],[-49.061043388507464,-26.933643572629872],[-49.06122056230293,-26.934005975361696],[-49.06159013254646,-26.934036706381615],[-49.061771188709905,-26.934752908320082],[-49.06206045965151,-26.93507163083791],[-49.062666437978145,-26.935043617075422],[-49.06315234116408,-26.93519470214042],[-49.063578563161265,-26.935014247224235],[-49.06465750051552,-26.93566673566743],[-49.06661876131256,-26.9363172333221],[-49.06668001790363,-26.936548488997378],[-49.06726315411112,-26.936859260063205],[-49.06734537935034,-26.937212140903128],[-49.067349932387266,-26.937036959152884],[-49.067502414288185,-26.937048618326866],[-49.06830077131098,-26.93776669651122],[-49.069138469536064,-26.939131953704983],[-49.069826104429815,-26.939752800306913],[-49.072544947327025,-26.93959295144017],[-49.07372731103631,-26.93989616823359],[-49.074826856783915,-26.940419167107464],[-49.075187147754214,-26.94091602548544],[-49.075458740694465,-26.94208261198054],[-49.07693871817227,-26.94382678766067],[-49.07711580550653,-26.94466544468276],[-49.076902135723145,-26.946366458172157],[-49.075526901393545,-26.94809290827411],[-49.07615496388583,-26.947608505909706],[-49.076902392998605,-26.9466966484558],[-49.07722070948393,-26.945964482954814],[-49.07731434763162,-26.945176624982892],[-49.07713677049586,-26.94379829215088],[-49.07618624674111,-26.942438088611983],[-49.07559139646672,-26.941846903519014],[-49.07561287914127,-26.94123919200699],[-49.07533519435516,-26.94054541296156],[-49.074692617370815,-26.940108993006493],[-49.07304902901938,-26.939389336664412],[-49.0711643689557,-26.93929524308491],[-49.07022935535947,-26.939476316771252],[-49.069895640557895,-26.939414705862795],[-49.06966054711451,-26.939199266775827],[-49.06921010089055,-26.938084636813706],[-49.06930612143038,-26.937994582729825],[-49.06899316603356,-26.937916623662407],[-49.06804443985875,-26.936890322090157],[-49.068317298410875,-26.936732690800255],[-49.06873950440341,-26.93676213980484],[-49.06880639224507,-26.9365116370434],[-49.06872761268081,-26.93659534830639],[-49.06848428918569,-26.936435491088815],[-49.068106712997945,-26.936640710386726],[-49.06766002619991,-26.936294863697395],[-49.06740262440837,-26.936391675332874],[-49.06603744507934,-26.93537392107137],[-49.06502150179152,-26.935073502610194],[-49.063896361726265,-26.9343637830556],[-49.06339141057089,-26.933655976658308],[-49.06261705395839,-26.933001971225178],[-49.06310751430902,-26.932048347707013],[-49.0629704895441,-26.931506914187615],[-49.06225162166528,-26.930706742931065],[-49.06190648901406,-26.930022028202536],[-49.06144929495741,-26.929767734563576],[-49.06118393195591,-26.92923780409206],[-49.06083915494292,-26.929206722812374],[-49.06056239960762,-26.928794127354166],[-49.06026055752776,-26.92795174230057],[-49.06060011325265,-26.9279515826656],[-49.0607598887188,-26.928277432564254],[-49.06086598750007,-26.927939436014515],[-49.06145611873593,-26.92791722673692],[-49.061125905218,-26.927739458060554],[-49.06042785645778,-26.927881434783707],[-49.060336929547,-26.927492739666462],[-49.06005354010549,-26.927388315221435],[-49.059857068967155,-26.92672423134393],[-49.06018113091123,-26.925681555484317],[-49.059780201161324,-26.925303040378537],[-49.0595171447276,-26.925254776801285],[-49.05935142077154,-26.924545543485507],[-49.05874584345828,-26.924075806283163],[-49.05813251720791,-26.92375453303473],[-49.05764374842831,-26.92387067996905],[-49.05730318364086,-26.923728342128893],[-49.05772490471092,-26.92351649559776],[-49.05889386526321,-26.923398901715824],[-49.059465613958686,-26.92316808131245],[-49.059819471184056,-26.922808320940707],[-49.059884494183976,-26.92208008116666],[-49.0600501570348,-26.92185691108425],[-49.061413882143334,-26.921604983608958],[-49.06301792909943,-26.92085104745413],[-49.06549943953181,-26.918845850287845],[-49.066593694582764,-26.917739939659352],[-49.06752507333022,-26.91643767190372],[-49.0687284203429,-26.913306201832786],[-49.0696180239646,-26.912891182167225],[-49.070476753573146,-26.914001297184125],[-49.07108629074392,-26.914379222009536],[-49.07178404155511,-26.913954203285524],[-49.07270995173786,-26.914587082446126],[-49.073001285482455,-26.914558641997093],[-49.073080490391895,-26.914383084010407],[-49.073328892146996,-26.914576165558504],[-49.07342245794693,-26.91429079033759],[-49.074553265575375,-26.91384143520221],[-49.07498806856519,-26.912776361895528],[-49.075404101225956,-26.912733602954226],[-49.07526002228162,-26.912278114652025],[-49.07611836800304,-26.912336004304183],[-49.07729989023359,-26.911942274336372],[-49.07735161605495,-26.911757883451276],[-49.07716839462647,-26.91150733971397],[-49.07634175615075,-26.91101641070539],[-49.07623715499229,-26.910780642124244],[-49.078153094442406,-26.909910622781013],[-49.081137235071395,-26.91042602441804],[-49.08162693385312,-26.910635394208253],[-49.08201606294023,-26.911748413339314],[-49.08298258229283,-26.9132436420431],[-49.08329528685848,-26.913405760011585],[-49.08348480835358,-26.91338584088834],[-49.083811948073794,-26.913021374858417],[-49.08426339291312,-26.91219234100786],[-49.08521335719491,-26.9117297670258],[-49.08697920920644,-26.912497486550148],[-49.08890195382723,-26.912332966796818],[-49.08959875733589,-26.912468678724718],[-49.090058031979424,-26.913179925481955],[-49.09077499044492,-26.91377455019088],[-49.09123812525024,-26.913928126404407],[-49.09170744620663,-26.913855079749442],[-49.092247485875376,-26.91397033827173],[-49.092206528380096,-26.914757298047455],[-49.09265492537616,-26.915140716055788],[-49.092861036361455,-26.9157469705679],[-49.09423924938729,-26.916807484374218],[-49.09470511322476,-26.917688164045195],[-49.09463869845946,-26.918202585722526],[-49.09478994740913,-26.917627798659193],[-49.09413546661452,-26.91636775264277],[-49.09432833401677,-26.916107341026272],[-49.093972792808934,-26.916194046195574],[-49.09327101661432,-26.915747263240366],[-49.09299005085241,-26.91516863641469],[-49.0923619351143,-26.91463552638324],[-49.09241017937081,-26.913917755784922],[-49.09078413540932,-26.913588675281314],[-49.09026077698113,-26.91312774448714],[-49.08970696181608,-26.91230253787291],[-49.08898379915128,-26.91213187186866],[-49.086955308411135,-26.912301454002638],[-49.08639297523478,-26.912135457497516],[-49.08588378374326,-26.91184111481678],[-49.08585498273248,-26.911681604457243],[-49.085324943838756,-26.911513447765874],[-49.08415689592747,-26.912030004787365],[-49.08354527886331,-26.913041408290333],[-49.083298355436376,-26.91312106117856],[-49.082193427734765,-26.911551412577815],[-49.08191277410353,-26.910538183911417],[-49.08143705536246,-26.910206152897295],[-49.080632453147565,-26.910027007814865],[-49.08045261625117,-26.909861281786668],[-49.07971113035895,-26.90985251399643],[-49.07965068080893,-26.909217607102917],[-49.07891665603146,-26.908604948972584],[-49.07848476508645,-26.908598782662647],[-49.07847759573716,-26.908293264459342],[-49.07817883672505,-26.908682025128343],[-49.07749911736702,-26.90905113762466],[-49.077540323684026,-26.90929972969869],[-49.07804769819447,-26.909644086000906],[-49.077505074603216,-26.909777829325105],[-49.0771089918022,-26.91006080611359],[-49.07697488663316,-26.909856061673946],[-49.07669994251979,-26.910090884052543],[-49.076412327064595,-26.91002877255072],[-49.076041126050434,-26.91049615616049],[-49.075397893177836,-26.91069737671699],[-49.075705703990934,-26.910920944478068],[-49.07572815932369,-26.911117433451132],[-49.07654998458319,-26.9115914879737],[-49.07594304545718,-26.91190564119086],[-49.07490318466394,-26.912010736550947],[-49.074575637446316,-26.9128533716435],[-49.07413674578253,-26.913432112688753],[-49.073886154205304,-26.913377685484253],[-49.073285231312425,-26.913658763560505],[-49.07246095352442,-26.913075502806976],[-49.07227214426079,-26.913172911008875],[-49.072369362682565,-26.912990217061214],[-49.072243631893656,-26.91289778334072],[-49.071821601940535,-26.913210983383834],[-49.07207209346258,-26.913617993588527],[-49.07161306661994,-26.913563534555475],[-49.07127202963346,-26.91384278745764],[-49.07094698646545,-26.913893665539074],[-49.06980339431611,-26.91259492715791],[-49.06950352887797,-26.912533965923057],[-49.0688745997334,-26.912843235712316],[-49.069033950626775,-26.91095821170213],[-49.069447018964375,-26.91005710796047],[-49.069700833321605,-26.90849150550711],[-49.06977212955473,-26.907357790644053],[-49.06945618769629,-26.90603110612595],[-49.069039147375754,-26.905561145880384],[-49.06878210947765,-26.904958032609088],[-49.068486317470956,-26.90490815961311],[-49.068490855790294,-26.904588147740135],[-49.065976275515986,-26.902295036934127],[-49.06562234833937,-26.901716290481428],[-49.06532389733686,-26.901617913101283],[-49.064516704278326,-26.900817297503135],[-49.0638875803686,-26.900430938155846],[-49.06247098467146,-26.899099539132827],[-49.06162484429712,-26.89819370560429],[-49.06148341507012,-26.897793467204966],[-49.0603361870238,-26.897055556476563],[-49.05997874283257,-26.896223003018353],[-49.0603321300497,-26.89544427400788],[-49.06143437728285,-26.89527203348566],[-49.06264127818536,-26.895523614940025],[-49.06461573319677,-26.896161841285142],[-49.0665442623757,-26.896999959854725],[-49.06799974447091,-26.897396974705487],[-49.06883665678258,-26.897805549784238],[-49.06977084525844,-26.89799938752713],[-49.07156006338745,-26.89882963077072],[-49.073152082223,-26.89912243635338],[-49.074984040766736,-26.899066236034397],[-49.075295733573206,-26.89876156245831],[-49.07589041466077,-26.898524878271125],[-49.07646339037903,-26.897945039641247],[-49.076719835186026,-26.89782946592737],[-49.07680485418576,-26.898010577574468],[-49.07734448551437,-26.897888123146334],[-49.077504889714405,-26.89770415759204],[-49.077336148880136,-26.897305561099625],[-49.077618836568476,-26.897181296344485],[-49.07803791844397,-26.89641300402444],[-49.0790861537485,-26.895539242135367],[-49.07973642985535,-26.894619341992605],[-49.0815743594087,-26.892652155630202],[-49.08192857435574,-26.89197128258257],[-49.08256318598772,-26.891549594569035],[-49.08316165642662,-26.890694706625546],[-49.083907321047256,-26.89018010911951],[-49.084631092336885,-26.889125304295295],[-49.08503168862618,-26.889108351506977],[-49.08475828021378,-26.888810135894563],[-49.0853249738749,-26.887925347289958],[-49.085828050706226,-26.887484607773008],[-49.08571796878679,-26.887264403766494],[-49.086258218368904,-26.88645566688831],[-49.08635665974633,-26.885992219794925],[-49.08657842535327,-26.885628407862274],[-49.08679749955663,-26.885546202262947],[-49.087964698367664,-26.883327063019898],[-49.08861134076139,-26.882582262297085],[-49.08845697748647,-26.882422767808244],[-49.0885026089766,-26.88212008110766],[-49.08949244098841,-26.88012736397324],[-49.0897273694023,-26.87894260377078],[-49.09004994083922,-26.878637833838273],[-49.09117520302668,-26.878119678896745],[-49.092118145381455,-26.877863531131307],[-49.092481054789644,-26.877989890350115],[-49.09253457094238,-26.87773678015167],[-49.09289067976226,-26.87744159530061],[-49.09346226465176,-26.877287836638214],[-49.09314855874526,-26.877146072921125],[-49.093326714703515,-26.876937298621993],[-49.094200248464546,-26.87653203440045],[-49.09494082538585,-26.87666646054542],[-49.096043404482195,-26.87726910689683],[-49.09639473353956,-26.878147374066362],[-49.09624020898766,-26.879996554215552],[-49.09594446891734,-26.880676394815897],[-49.095594387956595,-26.88084386678789],[-49.096011417572214,-26.881764905026884],[-49.09527138723694,-26.88171180690731],[-49.09523575154049,-26.882342046347155],[-49.09454105642514,-26.882395233120715],[-49.09445844956482,-26.882802503468724],[-49.094095146926634,-26.882944931238164],[-49.09461168068925,-26.883817876202503],[-49.094361835655455,-26.884378582405734],[-49.09475491978488,-26.884790938029564],[-49.09477361392923,-26.885373635952515],[-49.094035544030575,-26.886661300458062],[-49.094479782505424,-26.886186382616014],[-49.09487235838327,-26.885428591942585],[-49.09493704917138,-26.884797796634505],[-49.09454635570053,-26.88437530433819],[-49.0947410089073,-26.88426751713256],[-49.09487353666633,-26.883671982111103],[-49.09515733981632,-26.88331553761169],[-49.09482613940109,-26.883490644634445],[-49.09469960253229,-26.883372220305432],[-49.094962557146424,-26.88292429510109],[-49.0948241719467,-26.882666747515074],[-49.09546868842175,-26.882628396816603],[-49.09562888772605,-26.88220511049322],[-49.09598293709282,-26.882079664881747],[-49.09629862391107,-26.88256904215967],[-49.09680386661221,-26.882709022849756],[-49.09711815976658,-26.88264826511356],[-49.0972089024871,-26.8828114344184],[-49.09775218214564,-26.882476211010303],[-49.09874296976142,-26.882510859121528],[-49.09974514948415,-26.88273232368843],[-49.102688504586496,-26.881663505222285],[-49.10360965986308,-26.881128128371046],[-49.10529351166106,-26.880638039916512],[-49.10685004364256,-26.879608020391345],[-49.10812191846776,-26.8793291700417],[-49.10908069864639,-26.879299818444924],[-49.109767749884966,-26.878738294923373],[-49.11067913016294,-26.878675713269633],[-49.11072940716348,-26.878811709670437],[-49.11010876979965,-26.879423123925587],[-49.11014692395471,-26.88052145401809],[-49.110410864821624,-26.88120420044361],[-49.11058531636193,-26.88077489756147],[-49.1109140782476,-26.881165230760974],[-49.111055734138,-26.88197073551202],[-49.11062474805438,-26.881929560314006],[-49.110686064827675,-26.882155978950752],[-49.10946067717131,-26.88310281451354],[-49.108981463315445,-26.883038962789822],[-49.109149911560024,-26.883540674994393],[-49.1098161919111,-26.883954087094054],[-49.10988105157375,-26.884154642566422],[-49.11185047650781,-26.884562815276464],[-49.113152849676524,-26.885001926832036],[-49.11441080833217,-26.886006124765036],[-49.11446311134319,-26.886681950267622],[-49.11465946979259,-26.886573099804636],[-49.11606707263763,-26.886536600392667],[-49.11815216483518,-26.88660554761402],[-49.118906266928356,-26.88677978925643],[-49.11927063368925,-26.887236241996177],[-49.120412687943976,-26.88797664918648],[-49.12148985446056,-26.889057911691086],[-49.122321219303466,-26.890759120582818],[-49.122356062058216,-26.89116745170751],[-49.122873639177776,-26.89158911648278],[-49.12312819219364,-26.892183311853923],[-49.123441235181616,-26.8921969081309],[-49.124546748346766,-26.892718472586353],[-49.125312394991866,-26.892688127430525],[-49.12550917973396,-26.89287664499395],[-49.127018269608136,-26.89279975747752],[-49.12909728620979,-26.89200705465394],[-49.13001487935424,-26.891818562154103],[-49.13112534234065,-26.891292378831483],[-49.13163941400084,-26.89133362458256],[-49.13149611970687,-26.89109549224319],[-49.13198299910127,-26.89101129748341],[-49.132514655212546,-26.890695991409157],[-49.13456685658259,-26.890681767173533],[-49.13505106820012,-26.891181313231854],[-49.13540254715444,-26.891330448959156],[-49.13537640800445,-26.891658351350486],[-49.13560728715293,-26.89150443281288],[-49.135812938079965,-26.892219828361846],[-49.13587877989269,-26.893065787596743],[-49.135433664337185,-26.892859081243344],[-49.135179295970325,-26.893025512416674],[-49.13494063587348,-26.894063641793988],[-49.13515398397333,-26.894301456133167],[-49.13524539324929,-26.89476704575266],[-49.135740277408665,-26.894919443467426],[-49.135703980702374,-26.895065113883323],[-49.13523501479528,-26.89526962574015],[-49.135532761253025,-26.895401720938406],[-49.13572210009892,-26.895971361799866],[-49.135550435204706,-26.896367347463425],[-49.135656495365126,-26.896632984969457],[-49.13572942617628,-26.89622919886394],[-49.136161915558475,-26.895889320869447],[-49.13587420787848,-26.895454727098624],[-49.13614135451761,-26.894694890837805],[-49.1355889233328,-26.894412387129968],[-49.135864070631335,-26.894426734568494],[-49.13554673375881,-26.894156197703683],[-49.135442527908005,-26.89424752438384],[-49.13516650207981,-26.893831780525982],[-49.13532417123064,-26.893088083668133],[-49.13624171034053,-26.893333122457005],[-49.13741985117929,-26.893314973579955],[-49.13877097010573,-26.893566524943527],[-49.14006314615131,-26.893514157962837],[-49.140219833064094,-26.89338953077871],[-49.141711201961265,-26.89319455648531],[-49.14193267019991,-26.893664659950392],[-49.141784747262136,-26.894666552313232],[-49.140303018002534,-26.897123294261455],[-49.14032152195462,-26.897472114459916],[-49.14009067309578,-26.897859934396852],[-49.14032225531205,-26.897917131422997],[-49.14023546215015,-26.89808210294558],[-49.14067392025872,-26.89830656708691],[-49.14048642984147,-26.89857583623886],[-49.14021540784042,-26.898670189513496],[-49.14060971286564,-26.89870029476326],[-49.14097601479608,-26.898451804719098],[-49.14137028096722,-26.898844723750116],[-49.14178300712236,-26.8989972075011],[-49.14276057100059,-26.899032326560928],[-49.144131850458784,-26.898562102469054],[-49.14474231919698,-26.898692999344586],[-49.145110901647286,-26.898583152452904],[-49.145268505517876,-26.89879442504327],[-49.14560593530164,-26.898435657854797],[-49.14568459179099,-26.898701927608492],[-49.14584063186783,-26.898415092656254],[-49.146406970330986,-26.8981221330678],[-49.1463717250144,-26.899109179511832],[-49.14575360875977,-26.899326361163496],[-49.1456272720314,-26.89956809599242],[-49.14601633541637,-26.900634692031822],[-49.14670263116151,-26.901239738581786],[-49.14654352537532,-26.90164296930474],[-49.14667054583629,-26.901844083342066],[-49.14750598445929,-26.902156494453514],[-49.1478315995547,-26.902132855517642],[-49.148017297003456,-26.90194280713099],[-49.14816599601782,-26.90200900527969],[-49.14805014488959,-26.902362468531965],[-49.14729761559908,-26.903035063803635],[-49.14714657047831,-26.902953559723446],[-49.14715844465603,-26.90266264764117],[-49.14698118483661,-26.90269332706386],[-49.14702553262083,-26.90307376816138],[-49.147278806958184,-26.90335086675993],[-49.14718258984516,-26.903778735952773],[-49.14634711419695,-26.9046682133893],[-49.14636576182477,-26.904854014359035],[-49.14721113404138,-26.905242793799726],[-49.147216156358,-26.905695214445487],[-49.14727803821819,-26.90519197006558],[-49.14648485623228,-26.90467877239373],[-49.14718723195136,-26.904034586035003],[-49.14750828861437,-26.903460657609582],[-49.147597912944654,-26.902821596559704],[-49.14810474650548,-26.902485162724556],[-49.14851203691238,-26.9030863360475],[-49.14919731426578,-26.902968083881696],[-49.14858833280795,-26.903012187574323],[-49.14832957224562,-26.902480785685775],[-49.148321467594045,-26.90214639672442],[-49.14866429457384,-26.9021417120801],[-49.14885391429409,-26.901962622362458],[-49.14854071242372,-26.902071734674987],[-49.1480725791695,-26.901799013576007],[-49.14752525105303,-26.9019004297383],[-49.14672314052611,-26.901663895755163],[-49.14696763325242,-26.90126762849098],[-49.14637481646982,-26.900398815680468],[-49.14633027670324,-26.900065774175857],[-49.14645503028834,-26.899564832799076],[-49.146752293548495,-26.8995020503141],[-49.14691000181575,-26.898130717782188],[-49.14903553014204,-26.898256879517835],[-49.150212376642926,-26.897988436598304],[-49.15143916359427,-26.89704135013638],[-49.15241020640305,-26.895835745227984],[-49.15306237668973,-26.895690493918252],[-49.15366023866345,-26.895344163159876],[-49.1545764904066,-26.89564510786979],[-49.154832323260585,-26.896301146211353],[-49.154740613417296,-26.896681336612716],[-49.15501842545201,-26.896321027814242],[-49.15485436360464,-26.896021427246954],[-49.15491689571879,-26.895343279615208],[-49.15539135433576,-26.89514880305198],[-49.15650966927482,-26.895241665259697],[-49.156810098241706,-26.89501719798782],[-49.15520689437546,-26.895060091622685],[-49.15433103913586,-26.895391967457517],[-49.15357979032019,-26.895201518929138],[-49.152749609491366,-26.89558205472489],[-49.152492664830866,-26.895435678513703],[-49.15352009175749,-26.894571986600916],[-49.15291662460859,-26.89481302841808],[-49.152576024749266,-26.895187200773684],[-49.15248853337398,-26.894941936680492],[-49.152214236902715,-26.89540329026253],[-49.15207873307286,-26.895299739118965],[-49.15323621711241,-26.893686094620126],[-49.15363046674319,-26.89346724799097],[-49.15497053321076,-26.8914200344243],[-49.1570238761179,-26.889216010821055],[-49.1581630171613,-26.888268849758568],[-49.159758685024244,-26.886086808035888],[-49.161942864928896,-26.88519966994218],[-49.165279691177574,-26.88327130102845],[-49.169212111961336,-26.8818168346058],[-49.171848281028026,-26.88043716747885],[-49.174417267750755,-26.87938119285708],[-49.17572357381335,-26.87869464373243],[-49.174037592468466,-26.87932891865974],[-49.17302940599573,-26.87992767706045],[-49.172219167705904,-26.880104834076356],[-49.17021801893204,-26.880816933377986],[-49.169031986753566,-26.88154532679161],[-49.167771108797524,-26.881824903689058],[-49.16607780235433,-26.882486385994635],[-49.16236740017025,-26.88342070724209],[-49.16216951721315,-26.8838518849164],[-49.161610921121294,-26.884362361728158],[-49.16131903336438,-26.8843488684918],[-49.16075790462353,-26.884610037655843],[-49.15986964628089,-26.884650500725005],[-49.15941337170318,-26.88524259826366],[-49.15926175702622,-26.885218377233087],[-49.158604727842665,-26.885699075476392],[-49.156856304480186,-26.888481667510135],[-49.15575845552229,-26.889402024500004],[-49.154549112252816,-26.890794034167318],[-49.15369255063843,-26.89210995575144],[-49.15215983588947,-26.893397123247716],[-49.151619486957394,-26.893658323550426],[-49.151338879583136,-26.894773466476565],[-49.1508973444215,-26.895336430459114],[-49.14967118090598,-26.895853944751074],[-49.14776017513091,-26.89593830354606],[-49.146967720269,-26.895616486279142],[-49.14589854088843,-26.894501278904354],[-49.14528111879452,-26.893562297925758],[-49.14339563858631,-26.89164327497551],[-49.14231661837407,-26.891546227294008],[-49.14219489767869,-26.89113902715152],[-49.14246624691667,-26.89091721978623],[-49.14241139409998,-26.89080679577926],[-49.14262799151804,-26.890823044985595],[-49.14274515640664,-26.890732735209788],[-49.14234481977677,-26.89078307776219],[-49.14200820831297,-26.891199481681138],[-49.14203589680471,-26.89142154108153],[-49.14167663755754,-26.891598218389674],[-49.140365646549064,-26.89151659661216],[-49.13934249802573,-26.891154137579573],[-49.139332369863396,-26.88983586411338],[-49.13896161152594,-26.889506678404317],[-49.13889319072926,-26.888600918612216],[-49.13914702457981,-26.88839630110376],[-49.139547002893075,-26.88867765893793],[-49.139587556621294,-26.88844983283342],[-49.140072626485285,-26.88824596667302],[-49.14078658389923,-26.887622383787185],[-49.14074320877224,-26.886709632663823],[-49.1404865698415,-26.88641418566511],[-49.14047804132643,-26.886015512365024],[-49.14089057808989,-26.88567356678753],[-49.14141288031857,-26.885818502235228],[-49.14169498090907,-26.88605490638922],[-49.14171834529679,-26.886384624973118],[-49.14217832690519,-26.887035661634094],[-49.142490102404714,-26.886901545362203],[-49.142319566952516,-26.886510957195163],[-49.143268317651966,-26.88683164039717],[-49.143041011710345,-26.886326260136883],[-49.143223409774116,-26.88621141351983],[-49.143477867688624,-26.886421329998832],[-49.14369351264299,-26.885262662691513],[-49.144391958398046,-26.884898920122474],[-49.14447481969538,-26.884731422165135],[-49.14426145250814,-26.884585189684117],[-49.14449503781757,-26.884301638165603],[-49.14466230456089,-26.884328191135605],[-49.14458530337433,-26.88397733761245],[-49.14504759665817,-26.88351908802917],[-49.14551230460206,-26.88349424320691],[-49.14565132488398,-26.88303537221153],[-49.145520796783245,-26.881860352054122],[-49.145334743959225,-26.88163144037144],[-49.1448238625068,-26.881460523226874],[-49.1448884758265,-26.881227863661753],[-49.14467272327097,-26.88080003021486],[-49.144719450128584,-26.88044061743255],[-49.14571152414747,-26.880752357182136],[-49.145704618802675,-26.880320877375308],[-49.14498194556721,-26.8799574004952],[-49.1443020765285,-26.880148404079463],[-49.14337419208099,-26.8800068030312],[-49.142972583316904,-26.87840393666211],[-49.14282032591616,-26.878099274650932],[-49.142677248844684,-26.878196865448576],[-49.142748273767886,-26.877652548321777],[-49.14300304663714,-26.877360128406565],[-49.142981924186344,-26.87682549062172],[-49.14451859298618,-26.877041722072494],[-49.14227029735196,-26.87623848316744],[-49.14212179333795,-26.875499062085716],[-49.142040619997104,-26.876109114755685],[-49.1412792355596,-26.875741442193032],[-49.141370474882464,-26.874723361212936],[-49.141548982900396,-26.87439395999704],[-49.14263178594014,-26.873479388574086],[-49.14291603759347,-26.87298988437178],[-49.143240666422095,-26.872801491189406],[-49.143292118389844,-26.872458601328358],[-49.14354333220446,-26.872710316505707],[-49.14377137437099,-26.872448050412608],[-49.14408654419044,-26.87267772293554],[-49.14406577650947,-26.87220636457048],[-49.14363237771544,-26.872427485581763],[-49.14341435231229,-26.872255784072706],[-49.143009650564586,-26.872365220139496],[-49.14309161157313,-26.872502182872335],[-49.14291674927234,-26.87281008395544],[-49.1427855215514,-26.87268465461773],[-49.1425599474327,-26.87127348592823],[-49.143106121365136,-26.86930081288094],[-49.14309348565263,-26.868132168391675],[-49.14334889310857,-26.86794330256899],[-49.143817901124194,-26.86792946757853],[-49.14520683118298,-26.869568844504105],[-49.14614858032285,-26.869513559786416],[-49.14718192908545,-26.8687057539079],[-49.148048944590464,-26.867192443788067],[-49.14870538642074,-26.86641459409843],[-49.149331853140175,-26.866674018622994],[-49.1498941911588,-26.867278424449353],[-49.15071212116992,-26.869271339202708],[-49.15146250045098,-26.869166993053675],[-49.15080496598023,-26.869045590633196],[-49.153262654169104,-26.86787977060823],[-49.15355872933488,-26.86802711857366],[-49.153551043426184,-26.868475384442416],[-49.15338664942727,-26.868658700867986],[-49.1534662388406,-26.868890527222486],[-49.15386158656938,-26.869029585683492],[-49.15429586540311,-26.868760849414407],[-49.15453779458714,-26.86822109310288],[-49.15502256171587,-26.8678206846011],[-49.15434926190827,-26.867815135245387],[-49.15475707362746,-26.86602844629044],[-49.15447583428639,-26.86567067527419],[-49.15432681772397,-26.865679826757205],[-49.15379228635379,-26.86458290815565],[-49.15528151103425,-26.863653267722235],[-49.15599637907684,-26.862984887433957],[-49.156030093532046,-26.861602088275735],[-49.15554374649868,-26.860203147513296],[-49.15566848015085,-26.859586749053317],[-49.15682715968574,-26.858962081723405],[-49.15712968615066,-26.858280402438755],[-49.157912994685205,-26.857894631968676],[-49.15819038428381,-26.857445550340817],[-49.158260963336645,-26.856897275365515],[-49.15848223311134,-26.85671078309085],[-49.15839551676736,-26.856500781829357],[-49.15854150047726,-26.856251750094728],[-49.157183542513465,-26.853758021927327],[-49.15614993003688,-26.85326388899774],[-49.15600673369939,-26.853317780183176],[-49.155976126142505,-26.853190657504555],[-49.15589605350627,-26.853480722015917],[-49.1570228966197,-26.854004596568796],[-49.15828387411719,-26.85621698495894],[-49.15804453662809,-26.85660419939426],[-49.157877835401855,-26.85755967170038],[-49.156754400693345,-26.858244516460363],[-49.15642031239524,-26.858961950332453],[-49.155944905275106,-26.859102691954394],[-49.15542373492434,-26.859498077311287],[-49.15527472401345,-26.85992535050418],[-49.15532440990429,-26.860404411758637],[-49.155839785987176,-26.86204563988177],[-49.155612731280726,-26.863039726189605],[-49.15345050024252,-26.864457207484854],[-49.15438540011245,-26.866226709818424],[-49.153970026186265,-26.86768683324884],[-49.15380127813883,-26.867823864227784],[-49.15363652487995,-26.86746175479205],[-49.15341671246814,-26.86738656363953],[-49.15383584416187,-26.86664426638377],[-49.153640771447776,-26.86658182382196],[-49.15302405285293,-26.867160523728813],[-49.153023433505595,-26.86725650921093],[-49.15315487785959,-26.867184453556007],[-49.1531245820672,-26.867678364379955],[-49.15082477227786,-26.868718173543353],[-49.150239053319964,-26.867182874755148],[-49.14959845485511,-26.866476988904513],[-49.148807450741785,-26.866116347359103],[-49.148670784745654,-26.86562256593795],[-49.14837053076523,-26.865412952210708],[-49.1484984968543,-26.865745853052168],[-49.1483291923216,-26.865878956614864],[-49.148486143298975,-26.86607121365472],[-49.1474820339934,-26.86735108048517],[-49.14710092502834,-26.868166270577223],[-49.1467279434275,-26.868433838152157],[-49.14638324107135,-26.868973598313683],[-49.14585145664687,-26.86928053193784],[-49.14537797490249,-26.86923501727269],[-49.1442908544572,-26.867729188762898],[-49.142962466010694,-26.86756833593507],[-49.14273418484172,-26.86790788225055],[-49.142805159894685,-26.86937652336857],[-49.14274478522491,-26.869172633323654],[-49.14256044273823,-26.869786823516943],[-49.14227509174347,-26.86978761873412],[-49.14253683595959,-26.87007279784925],[-49.14224307958237,-26.871035070049654],[-49.14248770257695,-26.87318066568618],[-49.142023776098746,-26.873583203035246],[-49.141693760613656,-26.873576690504155],[-49.14171152262439,-26.873817954849738],[-49.14131463060958,-26.87415100258997],[-49.14055610728793,-26.874062134901262],[-49.141134733320484,-26.874339833466884],[-49.14090194749813,-26.875403641014014],[-49.140698939209614,-26.87558820313899],[-49.140398980448026,-26.875611967714832],[-49.13993988938915,-26.875355544957237],[-49.13958955116097,-26.875558116493423],[-49.138328662806096,-26.875489663290022],[-49.13808596756423,-26.875333513459438],[-49.138143520429,-26.875568225124223],[-49.14083780493231,-26.875734235519484],[-49.141012937373986,-26.876000799746112],[-49.14174679120305,-26.876528654535072],[-49.14189036799354,-26.876476353264863],[-49.14204076700334,-26.876759750844645],[-49.142343680031836,-26.87690643998581],[-49.14227922644434,-26.877737679242617],[-49.14181830841454,-26.877794517737374],[-49.141727036224445,-26.87796556643399],[-49.141966008265626,-26.87816043893496],[-49.14196333204737,-26.878554781186867],[-49.142333089121784,-26.87868534544181],[-49.14202153874016,-26.87872317298588],[-49.141939930700254,-26.878956998184282],[-49.14156516881452,-26.879084937332372],[-49.141908518667364,-26.879288489011742],[-49.14193153752155,-26.87944983494423],[-49.14169181262787,-26.879523796141683],[-49.142466606615216,-26.879512090764454],[-49.142100381506076,-26.880888540069304],[-49.14227061750157,-26.88155938040373],[-49.14313456655795,-26.882473069761062],[-49.14333075012383,-26.882482572326133],[-49.14363756160189,-26.882794333822016],[-49.1441933541072,-26.88293713200776],[-49.14499977927159,-26.882973390589687],[-49.145049584811495,-26.88304800692689],[-49.144396517864166,-26.883251527541972],[-49.14384295772085,-26.883714731534667],[-49.142992748626426,-26.88345847933965],[-49.142684856492416,-26.88356136819111],[-49.14221476846268,-26.883990794390794],[-49.14227829002743,-26.884752318578986],[-49.142003629088514,-26.885457589964577],[-49.14160618100836,-26.885279779916825],[-49.141914733672266,-26.884510545837518],[-49.141724191984224,-26.883971544578873],[-49.141252872897496,-26.884556947845734],[-49.14144385195805,-26.884737113063],[-49.141300697154264,-26.88495578752979],[-49.14112020560806,-26.8850577736255],[-49.14051794221841,-26.884992513366043],[-49.14006027648007,-26.885605632040754],[-49.13996258715582,-26.886025792354804],[-49.14034855029659,-26.88734290988106],[-49.1397608296268,-26.88787471596879],[-49.13936448856754,-26.888022639395544],[-49.13872793101199,-26.88800673018399],[-49.138012370087765,-26.88698455194605],[-49.13664447870275,-26.887250284113613],[-49.135589104305495,-26.886882405233226],[-49.13506606283175,-26.887265690570462],[-49.13526244995577,-26.887387464117246],[-49.13517128446158,-26.887960126763602],[-49.13477404936606,-26.888472759163577],[-49.13423464577211,-26.888717997415018],[-49.13021978372564,-26.88904987099173],[-49.128288181314915,-26.88992509189673],[-49.127471580404,-26.890524476348652],[-49.12649018667667,-26.890846125364476],[-49.125795915428085,-26.89091414746314],[-49.12560190692565,-26.89044459823977],[-49.1259881623063,-26.890091577498136],[-49.12596168086111,-26.8898329031186],[-49.12537401846588,-26.889169305331688],[-49.12508503161431,-26.889205935444583],[-49.125248248810934,-26.889120861288767],[-49.12503956134246,-26.888702851837603],[-49.123922455617404,-26.888112440613195],[-49.12407188065629,-26.887988372274773],[-49.12390106148761,-26.887621084982335],[-49.12397470685245,-26.887929204948364],[-49.12381071136449,-26.888121696731137],[-49.12401863974034,-26.888297085454266],[-49.12379246579433,-26.888417817373124],[-49.122327618629214,-26.886898243299616],[-49.12224667772751,-26.886616783711126],[-49.122999256871346,-26.885536025953098],[-49.122608638281974,-26.885578907370842],[-49.12217463001294,-26.885862689210114],[-49.1222628178403,-26.88605472480707],[-49.12205902409676,-26.886279533888644],[-49.1220055610408,-26.886764323845018],[-49.12177548041881,-26.886778323625702],[-49.11989386491147,-26.885243204779723],[-49.11990570070923,-26.884841207969846],[-49.119699366163246,-26.884604788775277],[-49.11998557809894,-26.88464594140871],[-49.11982237781052,-26.884053503243152],[-49.118496041272245,-26.88245434530231],[-49.118388146747314,-26.88242623820142],[-49.11838806542296,-26.882590634968924],[-49.11822756122224,-26.882544626729636],[-49.11837754216559,-26.882351356208922],[-49.118212091954376,-26.8823810460789],[-49.118206368018804,-26.881977964241592],[-49.11778886573903,-26.882394529439757],[-49.117193860471566,-26.88205571901521],[-49.116551442688284,-26.88206907543233],[-49.11612728362188,-26.881769289072395],[-49.11549523943228,-26.881907313425085],[-49.115030748592346,-26.881702428025054],[-49.11447320505532,-26.881771875479984],[-49.11377129029659,-26.88165350792741],[-49.11314183862053,-26.881323317941042],[-49.1132887961796,-26.881147235712103],[-49.11280665737996,-26.88119594209254],[-49.11222458367444,-26.880795653533013],[-49.1117151211625,-26.8798365373037],[-49.11189824690053,-26.879486476614534],[-49.112181459448564,-26.879449935402054],[-49.11203555370162,-26.879266106464335],[-49.112160857112556,-26.878716407551867],[-49.11258330250319,-26.87774990006795],[-49.11322333853935,-26.877381854259617],[-49.11376096477813,-26.877634191938373],[-49.11382908198976,-26.877955530945762],[-49.11402957860427,-26.877878260022175],[-49.11425848481629,-26.87810874097466],[-49.114346220720286,-26.87779027224866],[-49.115102569476214,-26.877787280443616],[-49.11536164947762,-26.87733417917979],[-49.115377283144795,-26.87705624873501],[-49.115168464315666,-26.876932056740873],[-49.11497879390659,-26.877115768240344],[-49.11499286482868,-26.87742569870953],[-49.114007075981064,-26.87748138322069],[-49.11333620573016,-26.87724755598373],[-49.11300835235986,-26.876373500642657],[-49.11321814180507,-26.87511825762579],[-49.11310408019753,-26.874957520129378],[-49.11257347581912,-26.87500203761641],[-49.11232359344262,-26.87532282985731],[-49.11205211458746,-26.875371095121654],[-49.112408872468215,-26.875636073445467],[-49.11222014234828,-26.876117122221533],[-49.11170025598903,-26.876190308229013],[-49.11147480868512,-26.876644605777702],[-49.11113184020224,-26.8767064921137],[-49.11102326037735,-26.876577994471265],[-49.11089984745739,-26.87676798433436],[-49.11130262362325,-26.87714191683371],[-49.11174506957781,-26.87649167291389],[-49.11197116553204,-26.87640030746979],[-49.112260619880324,-26.876528530508615],[-49.11232412990596,-26.876808431713286],[-49.11246662065336,-26.87598504463817],[-49.112806647080895,-26.875592176281373],[-49.11267991308356,-26.87728746346752],[-49.11231441895469,-26.877573001705894],[-49.11141937337492,-26.87761975782043],[-49.110739012459874,-26.877927378824896],[-49.10967608130652,-26.877972156397185],[-49.10964446641943,-26.877818314271675],[-49.108639158350606,-26.878220445545985],[-49.10781862872045,-26.878147838617384],[-49.10713288939654,-26.87760545244872],[-49.10705335122802,-26.877847594101794],[-49.10650226443794,-26.878159785297086],[-49.10605648868611,-26.87878665120425],[-49.105552682609726,-26.87894369044708],[-49.10539615516377,-26.879193133622067],[-49.104050136805014,-26.879937786553935],[-49.10229479628203,-26.88044570587785],[-49.10095697798999,-26.88065475038294],[-49.10062335789611,-26.880879137175647],[-49.09969255947121,-26.880939959091393],[-49.098778535040154,-26.880784686747827],[-49.09815594933223,-26.880324293810393],[-49.098075945676115,-26.87922517266457],[-49.098381904117275,-26.878505223583794],[-49.099024254443414,-26.878127174912443],[-49.09844976369058,-26.878165420397597],[-49.09849467936397,-26.877210309504093],[-49.09816533302073,-26.876464826572665],[-49.09705553131659,-26.87537514993943],[-49.09534177289254,-26.874607404768188],[-49.09553445358085,-26.874423565293537],[-49.09584428504807,-26.87464152562273],[-49.096523083605454,-26.874795477349256],[-49.09695321749851,-26.874385714700253],[-49.09626630552638,-26.873627475062523],[-49.09601367558742,-26.87313582250931],[-49.096084489156965,-26.87295342672862],[-49.0962835424804,-26.87274292536184],[-49.097126215820026,-26.873023124296235],[-49.098411985345926,-26.87293247200641],[-49.097645264957315,-26.87340754238903],[-49.09796147018068,-26.873752946040614],[-49.098564550435626,-26.873964642832348],[-49.09850074991067,-26.874305396478412],[-49.09793315230487,-26.874729475493165],[-49.09808530666751,-26.875082862444906],[-49.09851355739541,-26.87541294911201],[-49.099239046780184,-26.87567093710536],[-49.10048557466573,-26.875898746988938],[-49.10086092443559,-26.875843309412023],[-49.10108529617354,-26.876155072283723],[-49.10150072215362,-26.875943037646085],[-49.10151378993838,-26.876447310365844],[-49.10182016034194,-26.876488871892445],[-49.10224497790652,-26.876241547517015],[-49.10267179590129,-26.875716056276794],[-49.10237008716762,-26.874544774480306],[-49.102588368358376,-26.874014754589034],[-49.1043727104691,-26.872795512212434],[-49.10450506839413,-26.87247942104422],[-49.10237912605914,-26.873958848107016],[-49.10213118350361,-26.874503844410324],[-49.10242075274619,-26.875616551688932],[-49.101829475969225,-26.876220219474455],[-49.10171735304297,-26.87614835167833],[-49.10183366745318,-26.87572890147806],[-49.101646502790125,-26.875560082114653],[-49.101148471277185,-26.87581343516432],[-49.100922198232254,-26.875663572688275],[-49.0997502798045,-26.875623579538363],[-49.09852365791783,-26.87515528781435],[-49.09830178098333,-26.87486730528417],[-49.09874041137332,-26.87448128261269],[-49.09894084012164,-26.873965497373227],[-49.09913490536718,-26.874249101047717],[-49.09962250269562,-26.874242793794448],[-49.09987628992316,-26.874438193917484],[-49.099946430700605,-26.87486098951135],[-49.10008571252805,-26.87445911174578],[-49.10029957359004,-26.874457769901444],[-49.10088197411417,-26.873820427347784],[-49.100123592556564,-26.874202654391215],[-49.09971890891171,-26.874221410618016],[-49.09925540580151,-26.874055520282166],[-49.09903245032071,-26.87376021187472],[-49.098796827639106,-26.873796765804215],[-49.09817513035828,-26.873486230458337],[-49.09851163343943,-26.873312490665704],[-49.09871804758225,-26.873433242867556],[-49.099060142707145,-26.873164613888868],[-49.098587132413826,-26.872752431161164],[-49.09742816745918,-26.87253837756383],[-49.09701372598639,-26.872610699845506],[-49.09631390681674,-26.872317966855473],[-49.09620342280219,-26.872573701316398],[-49.095881310766146,-26.872634624720863],[-49.09562792999982,-26.872914082638317],[-49.09635164764152,-26.874472522440293],[-49.095477555582335,-26.874014467072655],[-49.09427518181676,-26.874958750843103],[-49.092936947667035,-26.875057135105415],[-49.09144528184138,-26.874814896346642],[-49.089817474616254,-26.873869987099273],[-49.09009366159308,-26.87334636031684],[-49.09066306575549,-26.872908097906354],[-49.09073562727144,-26.87238297391964],[-49.09006030066409,-26.87079304004137],[-49.08915014575701,-26.87052397089602],[-49.08966297040771,-26.870172430574424],[-49.08933479699322,-26.870149744435494],[-49.088764462367884,-26.870402843460475],[-49.08838863411941,-26.868239066366325],[-49.08855309855529,-26.86774226305065],[-49.08884344865966,-26.86750462095593],[-49.08841188337088,-26.86744172720034],[-49.08830433815114,-26.867654193344684],[-49.08815192872475,-26.867401557456006],[-49.08782330655326,-26.867326904904743],[-49.087395873855904,-26.867570169442313],[-49.08700757316943,-26.867544396678998],[-49.08654075855148,-26.866870571876586],[-49.085765865022886,-26.8668108085798],[-49.08528938845814,-26.866201800439136],[-49.08487729466617,-26.8660546141594],[-49.08460086753962,-26.865617004985978],[-49.083346043202894,-26.864904675224686],[-49.083409014704955,-26.864687125045187],[-49.083787313163235,-26.864825267021647],[-49.083911124050516,-26.86416620498467],[-49.08445391712658,-26.86319621112999],[-49.0843781541708,-26.862691641939758],[-49.083759167368875,-26.862411986988636],[-49.08391312746141,-26.861327648909015],[-49.08478337464109,-26.86111321899307],[-49.085007724909644,-26.860815656111722],[-49.084913127593126,-26.86023629758383],[-49.085028351692834,-26.859970046271798],[-49.08572640863504,-26.859954951234723],[-49.08593371393201,-26.859490669226044],[-49.085858295794765,-26.85871918144354],[-49.085674935042825,-26.858540113354174],[-49.085416586694,-26.858882550981324],[-49.085537897868065,-26.85906098188603],[-49.08521307278863,-26.85915598156814],[-49.08490463124072,-26.85947252364959],[-49.08395327876948,-26.859468450786558],[-49.08417225401133,-26.85901547369313],[-49.08433219237288,-26.859058227085164],[-49.08479702629539,-26.85866393527687],[-49.08470584533401,-26.856370927381352],[-49.0844837717787,-26.856252819177698],[-49.08303318796122,-26.856349571894423],[-49.08293798897791,-26.8561138180651],[-49.08329765589402,-26.85531555337111],[-49.08347336401713,-26.855309103658396],[-49.083950361597694,-26.855889712819828],[-49.08453660845293,-26.85577030103266],[-49.08476681106861,-26.85504131729761],[-49.08425563027479,-26.854536936298473],[-49.084260708192105,-26.854383695844458],[-49.08549198411927,-26.852421401973313],[-49.08589574492941,-26.852292713051025],[-49.0860405404935,-26.852391565962133],[-49.08629871325274,-26.851923748944667],[-49.086422081907614,-26.852108075301523],[-49.08626668334058,-26.85129791572118],[-49.086364346297216,-26.85110710777209],[-49.085977656004815,-26.85113667394689],[-49.08652476733355,-26.85071855364094],[-49.08709905464404,-26.850581528730686],[-49.08750575549269,-26.848611011872116],[-49.087806655291914,-26.84821836017041],[-49.08815716744068,-26.84820946409931],[-49.0879223128935,-26.84797393915132],[-49.087864514208626,-26.847410805369293],[-49.08811435625116,-26.84648113139019],[-49.088004107167386,-26.846211140782135],[-49.08829003587286,-26.845777109868386],[-49.08853290719204,-26.845755203887546],[-49.08846327416289,-26.845436700781576],[-49.08941149354646,-26.84414132736181],[-49.090765205146035,-26.84295495468988],[-49.090924985122435,-26.842564543908942],[-49.09084638373826,-26.842230658859727],[-49.09097351452511,-26.841960593673473],[-49.09072723071261,-26.84205021112923],[-49.09053803598135,-26.841750133487157],[-49.09062557386105,-26.841546022387682],[-49.090332783981914,-26.840401682132036],[-49.090400292966265,-26.837912721851655],[-49.09025713408195,-26.83734857615414],[-49.09045938857324,-26.83655990917473],[-49.08946203408849,-26.835175463541677],[-49.08934806543552,-26.834675533607093],[-49.08949623927018,-26.834477587715078],[-49.089280562724184,-26.834477705341975],[-49.08917663180678,-26.83399206975634],[-49.0892831421289,-26.833317573540473],[-49.08872971287225,-26.832685072299338],[-49.08942169831692,-26.83207160495968],[-49.08940568365593,-26.831777129345706],[-49.088619833061784,-26.83240853427705],[-49.08856150844218,-26.832650468669314],[-49.089063768590464,-26.833287561601676],[-49.08894383582217,-26.833682942548986],[-49.08910114372481,-26.834755948078076],[-49.08930841346197,-26.83534443843526],[-49.08954423721813,-26.83556869298894],[-49.088975279547604,-26.8357750579997],[-49.08966261102779,-26.835693900947863],[-49.09026514559223,-26.836627080889436],[-49.09005730732418,-26.83734696453169],[-49.09011929613127,-26.83906767891502],[-49.089802549116406,-26.838853487295758],[-49.08988623978835,-26.838240916463988],[-49.089667490480124,-26.838643387315653],[-49.089784068736726,-26.838932310214528],[-49.090177976374704,-26.83926654308935],[-49.09013086198478,-26.839564168497898],[-49.089733207860135,-26.839641633562465],[-49.09014227771562,-26.839757447327788],[-49.089874367626344,-26.840787113174024],[-49.0903312448107,-26.841336185271757],[-49.0904446640575,-26.842280189230006],[-49.0903368835636,-26.842436764105607],[-49.090590124495606,-26.84253959711049],[-49.090591446809405,-26.842765296211],[-49.08973756124839,-26.843579872697873],[-49.08891354517293,-26.843919853485907],[-49.08876160439196,-26.844091582360168],[-49.088731535266795,-26.84463250561469],[-49.08798617963688,-26.845551883912098],[-49.08750167827532,-26.84541123699352],[-49.087223269025536,-26.845618740313654],[-49.08758879067946,-26.84585489079741],[-49.087398990193236,-26.84636752563554],[-49.086029123622495,-26.84643009660863],[-49.085577868126826,-26.846121849960667],[-49.08584449363915,-26.846571712835903],[-49.08692326749246,-26.84672141667307],[-49.086996180484455,-26.84724862220099],[-49.086029522900276,-26.84743497540668],[-49.08589457985492,-26.847179346930485],[-49.08575564396844,-26.847303850200973],[-49.085749103358644,-26.847149709874458],[-49.08552504681531,-26.84705764860108],[-49.08561852425926,-26.846878680952194],[-49.085187294189076,-26.84666416054126],[-49.085041014956644,-26.846654957611843],[-49.08499527731909,-26.847012934039512],[-49.08480682806146,-26.84665921604332],[-49.084858527269915,-26.84701962621135],[-49.08464959118612,-26.84678973521811],[-49.084591695931486,-26.847009635886266],[-49.084890249389815,-26.847101629464657],[-49.08515830722763,-26.847896811461563],[-49.08651383625364,-26.847856472306596],[-49.08640106742986,-26.848051095018388],[-49.08580826250234,-26.848285006772254],[-49.08585664383916,-26.848514044568347],[-49.0859791347247,-26.848386283858744],[-49.086019728882505,-26.848531960500775],[-49.086294031002424,-26.84838218621378],[-49.0863284338455,-26.84812318228246],[-49.08673110396048,-26.848230042517656],[-49.08665773417909,-26.848568978977394],[-49.086521135018025,-26.848336541128603],[-49.086245773364794,-26.848533947938474],[-49.086405726792066,-26.84877246055482],[-49.08674480786648,-26.84880900921981],[-49.08689018612425,-26.84781049531564],[-49.08769496313529,-26.84777362001042],[-49.086868829590266,-26.849370898882402],[-49.08555052874224,-26.849012323048676],[-49.08531955340858,-26.84991254127722],[-49.08588694455595,-26.850053796883476],[-49.0860891990784,-26.849849805906135],[-49.086296873216064,-26.849864622416145],[-49.086534372162035,-26.85009266093937],[-49.086545692342064,-26.85047550914479],[-49.08628020298823,-26.850488954452878],[-49.08593702458923,-26.850257632248166],[-49.08437675096709,-26.849815860718962],[-49.08436109076006,-26.849707604025802],[-49.08388449014146,-26.849675783047424],[-49.0836485187257,-26.850297683622518],[-49.083271075033885,-26.850308356205563],[-49.08294865354911,-26.850108790859675],[-49.08306325332336,-26.849660120588553],[-49.082872422844076,-26.849481766453582],[-49.08273918274375,-26.84961662320176],[-49.08254198235202,-26.84954738213786],[-49.08257404759389,-26.85055560523741],[-49.08221555637084,-26.850702856630154],[-49.082000595414286,-26.85058847454867],[-49.081989172134506,-26.85014512350263],[-49.081685230883444,-26.85008261258514],[-49.08143686651658,-26.850326739417973],[-49.081116686183975,-26.84995046672339],[-49.08103884089527,-26.849630027676653],[-49.081286943642624,-26.84997928856853],[-49.081534621704996,-26.849873194525497],[-49.08161353217674,-26.849643062346157],[-49.081378220968816,-26.849856510180626],[-49.080851450628224,-26.84941342145563],[-49.08113997088324,-26.849341627180628],[-49.08072065585819,-26.849191259487217],[-49.08066274040294,-26.84935471305941],[-49.08112556453195,-26.850278332908076],[-49.08104402199193,-26.850421896606996],[-49.08053891250592,-26.8503737584011],[-49.080683232675995,-26.850049729631223],[-49.080478900044525,-26.850021023242597],[-49.080734354240676,-26.849953113388498],[-49.08049259023806,-26.849782096605235],[-49.08051317867518,-26.84952926372004],[-49.08028527519682,-26.849573425468975],[-49.080449650127484,-26.850455786095193],[-49.080178449699005,-26.8505562541071],[-49.08007787371422,-26.85089845904787],[-49.07946685834607,-26.85122948486826],[-49.079668719337036,-26.851328162837543],[-49.079572064403116,-26.851429442199954],[-49.079774315377755,-26.85133825804967],[-49.07990153211723,-26.85148017775434],[-49.07998202589933,-26.85123069953538],[-49.08025350091691,-26.85137388377474],[-49.08017637024034,-26.851246781830227],[-49.08055033411833,-26.851135911049006],[-49.08069897617959,-26.851144785514073],[-49.08077176951738,-26.851344161811276]],[[-49.080837429256135,-26.85096580407727],[-49.08090004696504,-26.85091848072927],[-49.08090895214379,-26.85096822264524],[-49.080837429256135,-26.85096580407727]],[[-49.08362315801431,-26.850797891495215],[-49.08354076796129,-26.850784414101415],[-49.08357655412622,-26.85075594870727],[-49.08362315801431,-26.850797891495215]],[[-49.08268897714534,-26.8508522583424],[-49.082726734079785,-26.850907939541248],[-49.08269337091178,-26.850905840775148],[-49.08268897714534,-26.8508522583424]],[[-49.08346730393376,-26.85072108965417],[-49.08339662073587,-26.850747974942387],[-49.083381779107626,-26.85072411725139],[-49.08346730393376,-26.85072108965417]],[[-49.081499532290835,-26.850660186345205],[-49.081434743321495,-26.8507158419933],[-49.08140291776262,-26.850659114699102],[-49.081499532290835,-26.850660186345205]],[[-49.081472266589216,-26.850735016856536],[-49.08149908847955,-26.85077954762171],[-49.081441434542626,-26.850782099532605],[-49.081472266589216,-26.850735016856536]],[[-49.08278492373725,-26.849675445239715],[-49.08284714954449,-26.84964644249873],[-49.08284740087986,-26.849666467119917],[-49.08278492373725,-26.849675445239715]],[[-49.08614566043291,-26.849709921723086],[-49.086240358775036,-26.849694078863614],[-49.086121967372506,-26.849752242305428],[-49.08614566043291,-26.849709921723086]],[[-49.085872750048985,-26.84832179017259],[-49.085911906058406,-26.84835980235711],[-49.08590079292851,-26.848366383113568],[-49.085872750048985,-26.84832179017259]],[[-49.08604765349607,-26.848392402040776],[-49.086154681748184,-26.848367047616463],[-49.08606949874234,-26.8484304776037],[-49.08604765349607,-26.848392402040776]],[[-49.08562872079148,-26.8474411754791],[-49.08567379693948,-26.847435567557678],[-49.08562617364727,-26.847499611039503],[-49.08562872079148,-26.8474411754791]],[[-49.084980240037346,-26.847092698363053],[-49.085090812902564,-26.847101109237176],[-49.08499500342279,-26.847159670374772],[-49.084980240037346,-26.847092698363053]],[[-49.087576653524906,-26.847177725026533],[-49.08762306836736,-26.847353134162805],[-49.08761348001128,-26.847370007726465],[-49.08755501783445,-26.847310013773587],[-49.087576653524906,-26.847177725026533]],[[-49.08718472129428,-26.846749354419835],[-49.08736083768518,-26.84686880144699],[-49.087184981967106,-26.847141021183585],[-49.08711953903955,-26.8470786322938],[-49.08718472129428,-26.846749354419835]],[[-49.08738771062526,-26.846897655770125],[-49.087481385048896,-26.846876877711022],[-49.08750303314909,-26.846936930853417],[-49.08738771062526,-26.846897655770125]],[[-49.08766176808326,-26.84676415870523],[-49.08748627878978,-26.84662040783512],[-49.08749189145463,-26.84655564662711],[-49.08764661815389,-26.84655588844445],[-49.08766176808326,-26.84676415870523]],[[-49.087777255491055,-26.84604023731266],[-49.08784695832767,-26.846038735213853],[-49.087754400088485,-26.846141703935565],[-49.087777255491055,-26.84604023731266]],[[-49.09010402747106,-26.840514981905596],[-49.09023843089879,-26.84074332114215],[-49.09021074833445,-26.84100745909587],[-49.090024253167385,-26.840808524805016],[-49.09010402747106,-26.840514981905596]],[[-49.083738411014195,-26.851068220893133],[-49.08373159572304,-26.85160190931657],[-49.08360770128684,-26.85164203191773],[-49.08363230502552,-26.851200577483468],[-49.083738411014195,-26.851068220893133]],[[-49.085661742163744,-26.85144729783076],[-49.08582169497717,-26.851365563215815],[-49.08597998662123,-26.851252409822315],[-49.085862879920356,-26.851379832730025],[-49.085661742163744,-26.85144729783076]],[[-49.08366876013037,-26.851807148415794],[-49.08349544462862,-26.852061971796974],[-49.08340725693079,-26.852058293580335],[-49.08366876013037,-26.851807148415794]],[[-49.08594854559285,-26.852138476255114],[-49.08600948805935,-26.85208748391765],[-49.08605676944631,-26.85213625092484],[-49.08594854559285,-26.852138476255114]],[[-49.08240902080771,-26.85219043211128],[-49.08233470461848,-26.852193338780552],[-49.082385647916055,-26.852163589590656],[-49.08240902080771,-26.85219043211128]],[[-49.08247451981257,-26.852462102258492],[-49.08268085760167,-26.85266384095813],[-49.08289581291405,-26.852607455193503],[-49.08314870087079,-26.85286994822319],[-49.08292000146522,-26.852958111727954],[-49.08269415785372,-26.852715300991953],[-49.08260213047738,-26.85283086041644],[-49.08247451981257,-26.852462102258492]],[[-49.08234056079644,-26.85282793585798],[-49.08218129652593,-26.852890655976193],[-49.08209295127347,-26.852851162671442],[-49.082193276744626,-26.852796180848983],[-49.08234056079644,-26.85282793585798]],[[-49.08240614698689,-26.85294215992984],[-49.08244228479205,-26.853029499072832],[-49.082376102977854,-26.85298854100964],[-49.08240614698689,-26.85294215992984]],[[-49.08455102833059,-26.853073883764033],[-49.0846223166768,-26.853019791261286],[-49.08456846151943,-26.8531157875933],[-49.08455102833059,-26.853073883764033]],[[-49.08361731439372,-26.853312997324355],[-49.084037274923894,-26.85336772588663],[-49.08396855513945,-26.853495549981385],[-49.08383208919729,-26.853352837154688],[-49.08365505131534,-26.853513213030194],[-49.08361731439372,-26.853312997324355]],[[-49.082750005328926,-26.85389587392231],[-49.082694330780015,-26.853905535887883],[-49.082680989839375,-26.85384302567372],[-49.082750005328926,-26.85389587392231]],[[-49.08318281984982,-26.85842399416416],[-49.08303354728868,-26.858443028542233],[-49.08309209472457,-26.858354526186027],[-49.08318281984982,-26.85842399416416]],[[-49.08341074295804,-26.859683206401506],[-49.083529745386,-26.859880159876894],[-49.08298836145778,-26.860498949111427],[-49.08255476910566,-26.86164445550547],[-49.08327970956458,-26.861879501761152],[-49.083343912546866,-26.86209058676485],[-49.08321028759192,-26.862286839991686],[-49.082472059982905,-26.86225262182444],[-49.082676158599995,-26.86346175488242],[-49.083079697603814,-26.864266548948677],[-49.082899902362826,-26.864440209193408],[-49.082344654135206,-26.863848409717605],[-49.08152209439638,-26.862056649734065],[-49.08092287932421,-26.861261981115252],[-49.0810790773349,-26.860966901097857],[-49.08206755699418,-26.86072071612827],[-49.08341074295804,-26.859683206401506]],[[-49.0804793432219,-26.86033811363269],[-49.08041246143436,-26.86035473721609],[-49.08042748804491,-26.860319457168846],[-49.0804793432219,-26.86033811363269]],[[-49.08554673764671,-26.859759324603935],[-49.08562722962318,-26.85978634608408],[-49.08555188535884,-26.859801289416517],[-49.08554673764671,-26.859759324603935]],[[-49.08280283160884,-26.86568783768054],[-49.0825453670789,-26.86540100099775],[-49.08269769847582,-26.865230192244823],[-49.082918986871505,-26.86537951512421],[-49.08280283160884,-26.86568783768054]],[[-49.089650228478845,-26.874784524369666],[-49.09032706368936,-26.87525066766411],[-49.08944580814202,-26.87555989001831],[-49.089344604210915,-26.875868616481892],[-49.088994411974234,-26.876153405268347],[-49.088738826714305,-26.87594616606613],[-49.088858526381095,-26.875515479501086],[-49.089128723565885,-26.87525402902366],[-49.08928743775717,-26.87478610365401],[-49.089650228478845,-26.874784524369666]],[[-49.11129379491946,-26.876964896974997],[-49.111174050435174,-26.87686806199252],[-49.1113829483095,-26.876793307169738],[-49.111410963023516,-26.876847390170724],[-49.11129379491946,-26.876964896974997]],[[-49.11503351537144,-26.877340224967018],[-49.11525179567604,-26.877302463016413],[-49.115193518261336,-26.87739121937304],[-49.11503351537144,-26.877340224967018]],[[-49.111232680184514,-26.881514329347475],[-49.11130349060474,-26.88194911490991],[-49.111169502324834,-26.881775491788158],[-49.111232680184514,-26.881514329347475]],[[-49.11292518132419,-26.88228410647644],[-49.11424494847439,-26.882841028713237],[-49.11424082003313,-26.883191549899113],[-49.11393701098865,-26.883208686792525],[-49.11300760270555,-26.882807302898915],[-49.11283196145128,-26.882484786577688],[-49.11292518132419,-26.88228410647644]],[[-49.115375224855455,-26.883225994492527],[-49.11518756686622,-26.88298429786725],[-49.115348804229896,-26.88285356555815],[-49.11590779096996,-26.883228003698523],[-49.116719317632025,-26.883090117055495],[-49.1166671664604,-26.882899413071804],[-49.116833698944596,-26.882888056942026],[-49.11744173709738,-26.88321676746572],[-49.11756403561859,-26.883554497656792],[-49.117304882795,-26.884064385286653],[-49.1156039476763,-26.884047934952164],[-49.11539015542536,-26.883913767463522],[-49.115375224855455,-26.883225994492527]],[[-49.11499036574989,-26.88347925454821],[-49.11485161015368,-26.883344260370823],[-49.11491093763759,-26.88324041183366],[-49.115030340022464,-26.88333135021424],[-49.11499036574989,-26.88347925454821]],[[-49.11912568045374,-26.884106444897487],[-49.11912038129621,-26.88387564246772],[-49.11959080943583,-26.884156507425075],[-49.11962247150812,-26.884479431718677],[-49.11912568045374,-26.884106444897487]],[[-49.12468085701684,-26.888753974647525],[-49.124633041984566,-26.888813304673256],[-49.12456607833331,-26.88874714215368],[-49.12468085701684,-26.888753974647525]],[[-49.12545202368519,-26.890101660735525],[-49.125290064942284,-26.889916626338955],[-49.1254551620213,-26.889816586153493],[-49.12563160709426,-26.88996848717338],[-49.12545202368519,-26.890101660735525]],[[-49.136906131920036,-26.889726100295153],[-49.13672563280284,-26.88933697727818],[-49.13664602753102,-26.889453900269185],[-49.13586747022412,-26.88921884442512],[-49.136449268995044,-26.888701701413574],[-49.1372346444001,-26.888363997679974],[-49.13712908598688,-26.888219037718713],[-49.1373998537881,-26.888115472117303],[-49.13757482480464,-26.88904589627854],[-49.13779877536669,-26.889381421129368],[-49.13773308205902,-26.88963925981859],[-49.137372888684624,-26.88988346688278],[-49.136906131920036,-26.889726100295153]],[[-49.13796220767271,-26.888941931645103],[-49.13801423392442,-26.888927404485937],[-49.138018530906784,-26.88898682424382],[-49.13796220767271,-26.888941931645103]],[[-49.13796907977251,-26.888526211149415],[-49.138024954555156,-26.888768484191548],[-49.1380014096182,-26.88884922054841],[-49.13794184316267,-26.88867924825143],[-49.13796907977251,-26.888526211149415]],[[-49.14396470726441,-26.88284088137495],[-49.14406308636241,-26.882821011583157],[-49.1440939539395,-26.882843022898797],[-49.14396470726441,-26.88284088137495]],[[-49.1425293677654,-26.881178476172437],[-49.142536797570834,-26.88104853375922],[-49.14265453936762,-26.881241072355856],[-49.1425293677654,-26.881178476172437]],[[-49.1430192492522,-26.881172251895585],[-49.14300539388379,-26.881103667494465],[-49.14304483708796,-26.881161668589428],[-49.1430192492522,-26.881172251895585]],[[-49.142812501350996,-26.880387800729224],[-49.14323070152218,-26.88041785573541],[-49.14366505584607,-26.88013363495378],[-49.14397175563224,-26.880438779810955],[-49.14353017372131,-26.88040596822695],[-49.143877090251756,-26.88077664304232],[-49.143597512304595,-26.88081227653742],[-49.14293720414235,-26.880533996290595],[-49.14303308939404,-26.880774345424058],[-49.14269256950003,-26.880651802236613],[-49.14278248811161,-26.880838525235763],[-49.14252004410519,-26.8810154255898],[-49.142599343207024,-26.880575705905056],[-49.14291220179565,-26.880500438794456],[-49.142812501350996,-26.880387800729224]],[[-49.14321822021271,-26.881008174422263],[-49.14306561329508,-26.88082456337672],[-49.14309935210058,-26.880787784284653],[-49.143212738773904,-26.88088207088286],[-49.14321822021271,-26.881008174422263]],[[-49.14417167262423,-26.88081222530183],[-49.14400467805477,-26.88078614334607],[-49.144018016486825,-26.880728833843996],[-49.14417167262423,-26.88081222530183]],[[-49.14287892115326,-26.880983432782255],[-49.14275601015581,-26.880966578241832],[-49.14276647459951,-26.880881712712867],[-49.14287892115326,-26.880983432782255]],[[-49.14426299500742,-26.880698674887984],[-49.14407264163955,-26.880634451553565],[-49.144152731094266,-26.88054434783129],[-49.14426299500742,-26.880698674887984]],[[-49.143289070054244,-26.880277427759868],[-49.14319967991184,-26.88028762819345],[-49.14329566029628,-26.880235534766225],[-49.143289070054244,-26.880277427759868]],[[-49.14247078844319,-26.87935706190838],[-49.14240980434198,-26.879378315642477],[-49.142396524986154,-26.879314151602863],[-49.14247078844319,-26.87935706190838]],[[-49.14235993608223,-26.879343637475554],[-49.14230090500723,-26.879355693786042],[-49.14233096650202,-26.87930644332268],[-49.14235993608223,-26.879343637475554]],[[-49.142307317497796,-26.879239424399053],[-49.1423332698505,-26.878742085079406],[-49.14249657218318,-26.879240363901555],[-49.142307317497796,-26.879239424399053]],[[-49.142018876754456,-26.878397746620642],[-49.14194965676644,-26.877907202946457],[-49.142206155263956,-26.87780723301248],[-49.14212781417086,-26.878402298426867],[-49.142018876754456,-26.878397746620642]],[[-49.14268050387854,-26.87836715763299],[-49.14274459777882,-26.87834448571319],[-49.14271588946788,-26.878384162519126],[-49.14268050387854,-26.87836715763299]],[[-49.142881462430346,-26.876606521062065],[-49.14291197490747,-26.87657132646571],[-49.14290561449166,-26.87660767407594],[-49.142881462430346,-26.876606521062065]],[[-49.147930170692625,-26.86732376409261],[-49.147840453878835,-26.867458172256214],[-49.14773267709545,-26.867516922631555],[-49.14779654502664,-26.867427907617234],[-49.147930170692625,-26.86732376409261]],[[-49.15469774958279,-26.86792100038761],[-49.1548059357107,-26.86796747126703],[-49.15468702957135,-26.86798962882033],[-49.15469774958279,-26.86792100038761]],[[-49.15424906036714,-26.868350759912452],[-49.15416927282264,-26.868324200632006],[-49.154250708567034,-26.868249676551933],[-49.15424906036714,-26.868350759912452]],[[-49.153864954525034,-26.868353125240567],[-49.15387188128524,-26.868420324548786],[-49.15386069561773,-26.86842707846605],[-49.153864954525034,-26.868353125240567]],[[-49.15384486470586,-26.868765131565002],[-49.15368164841238,-26.868733838682022],[-49.15370370278241,-26.86847490357782],[-49.1540968555175,-26.868461980704293],[-49.15384486470586,-26.868765131565002]],[[-49.13613735385269,-26.89178172043629],[-49.13716560668519,-26.892360884795064],[-49.139849408381096,-26.89311210757742],[-49.13903850796468,-26.893210518462908],[-49.13631737152179,-26.892792402828086],[-49.136162081983215,-26.8926392842486],[-49.136317100144424,-26.89220845210073],[-49.13613735385269,-26.89178172043629]],[[-49.136684952623085,-26.892016483603452],[-49.1367595500447,-26.892034548666537],[-49.13673350181538,-26.892062684723435],[-49.136684952623085,-26.892016483603452]],[[-49.14368534676973,-26.894693742669823],[-49.144313862025626,-26.89631633400209],[-49.14488462439795,-26.896862188183658],[-49.14488007895975,-26.897112783091846],[-49.142966782468775,-26.897826765559017],[-49.1420384920626,-26.897749092180643],[-49.14154595437329,-26.897285484173615],[-49.141447610444075,-26.89694400046885],[-49.14225271015234,-26.895703114841485],[-49.14239180815443,-26.89568127403689],[-49.142935717520054,-26.89375587141533],[-49.14368534676973,-26.894693742669823]],[[-49.1719159024004,-26.880295135998903],[-49.17214265592624,-26.880232662813228],[-49.171882354330414,-26.88032905059997],[-49.1719159024004,-26.880295135998903]],[[-49.075111457866896,-26.89891759392912],[-49.07499931905566,-26.89892761870934],[-49.074983811883605,-26.898903111665437],[-49.075111457866896,-26.89891759392912]],[[-49.08057623860909,-26.910046138054803],[-49.08046237339184,-26.91004269297828],[-49.08058546517585,-26.910039625095884],[-49.08057623860909,-26.910046138054803]],[[-49.06613252646319,-26.93595496295193],[-49.066030903159245,-26.93596941672653],[-49.06610834054335,-26.93591238867162],[-49.06613252646319,-26.93595496295193]],[[-49.017077514901366,-26.896849666356616],[-49.01708607681288,-26.89684222648788],[-49.01708594477853,-26.896849784739253],[-49.017077514901366,-26.896849666356616]],[[-49.01703384794622,-26.89647013639226],[-49.01702398993579,-26.89645321030198],[-49.01704229773829,-26.896470147576427],[-49.01703384794622,-26.89647013639226]],[[-49.0846779830568,-26.870499850052706],[-49.08492295645537,-26.870595693977837],[-49.08493123585285,-26.870639003497],[-49.0846779830568,-26.870499850052706]],[[-49.08573058731066,-26.870903466366894],[-49.08571136744866,-26.870982199018247],[-49.0856556865275,-26.870884510200213],[-49.08573058731066,-26.870903466366894]],[[-49.085914160221826,-26.87104296227683],[-49.08596831145869,-26.871009491530113],[-49.08596233348137,-26.871043029611368],[-49.085914160221826,-26.87104296227683]],[[-49.08524764874801,-26.871502497702043],[-49.08510180840055,-26.8715285428622],[-49.08517536263865,-26.871428272664854],[-49.08524764874801,-26.871502497702043]],[[-49.085461525825494,-26.871761131304204],[-49.08540575494585,-26.871777455349992],[-49.08539168834411,-26.871707741482858],[-49.085461525825494,-26.871761131304204]],[[-49.083109673075015,-26.86958992972563],[-49.083225448393776,-26.869457439919113],[-49.08313277632748,-26.869682834623564],[-49.083109673075015,-26.86958992972563]],[[-49.08500721040271,-26.86966486951738],[-49.08501500319691,-26.869473070181805],[-49.08507974220452,-26.869653587924436],[-49.08500721040271,-26.86966486951738]],[[-49.083706089166334,-26.869431779260392],[-49.08351282568779,-26.869406097587387],[-49.083536771821855,-26.869333112157612],[-49.083706089166334,-26.869431779260392]],[[-49.082717956370516,-26.86610242634269],[-49.082663298105096,-26.866114651455366],[-49.082654391634584,-26.866066626998613],[-49.082717956370516,-26.86610242634269]],[[-49.08223554440557,-26.852376226304912],[-49.08226435235064,-26.852345613106028],[-49.08227666051962,-26.852388831233668],[-49.08223554440557,-26.852376226304912]],[[-49.110307874675506,-26.878645850918485],[-49.1102473930484,-26.878636752963807],[-49.11025199315541,-26.8786189943095],[-49.110307874675506,-26.878645850918485]]]]}}]}
