{"type":"FeatureCollection","name":"carta_enchente_10_5m_2025_Simplificada","crs":{"type":"name","properties":{"name":"urn:ogc:def:crs:OGC:1.3:CRS84"}},"features":[{"type":"Feature","properties":{"Mancha":"Carta de enchente de 10,5 m de Blumenau 2025","Area_ha":889.75946,"Fonte":"Universidade Regional de Blumenau"},"geometry":{"type":"MultiPolygon","coordinates":[[[[-49.07245103194767,-26.95062730231493],[-49.07229670727891,-26.950939836607574],[-49.07252788279111,-26.95059075494562],[-49.07245103194767,-26.95062730231493]]],[[[-49.072546066762186,-26.950537780629684],[-49.072680693701244,-26.950459258211144],[-49.0726968475081,-26.95041301556218],[-49.07259952250362,-26.950447097767157],[-49.072546066762186,-26.950537780629684]]],[[[-49.07290746494181,-26.950197348335188],[-49.072993427028855,-26.950250330876298],[-49.0730119326256,-26.95018392481134],[-49.07290746494181,-26.950197348335188]]],[[[-49.07340970839423,-26.949923398361516],[-49.07353027521958,-26.94997507155732],[-49.07346456375892,-26.94988837579474],[-49.07340970839423,-26.949923398361516]]],[[[-49.07589305545992,-26.943188606431438],[-49.07596348796181,-26.943095282959135],[-49.075958699600406,-26.943082219883088],[-49.07582549958398,-26.94310060734176],[-49.07589305545992,-26.943188606431438]]],[[[-49.07574239026898,-26.943012779545185],[-49.07581134593535,-26.942803051210465],[-49.07564849785901,-26.94271246482838],[-49.075587735138875,-26.942934190978974],[-49.07574239026898,-26.943012779545185]]],[[[-49.07392615813551,-26.941497434878713],[-49.07430937301337,-26.941769861361166],[-49.074120499335955,-26.94185166642973],[-49.07427463114407,-26.94198744338009],[-49.07444595803142,-26.941727865028327],[-49.0744106862647,-26.94143800276295],[-49.07392615813551,-26.941497434878713]]],[[[-49.06457534168923,-26.93850911471675],[-49.06469104997341,-26.93847399426464],[-49.064809249896214,-26.938382378722626],[-49.06457534168923,-26.93850911471675]]],[[[-49.065234294038675,-26.93828083677892],[-49.06502949885687,-26.938302520532307],[-49.06525569430406,-26.93829450418379],[-49.065234294038675,-26.93828083677892]]],[[[-49.06635803856327,-26.937588202112366],[-49.06649817454277,-26.93757354351057],[-49.066511853290066,-26.93734211276948],[-49.06635803856327,-26.937588202112366]]],[[[-49.069053657320865,-26.936145223895917],[-49.06920554081272,-26.935945942302403],[-49.069221732016686,-26.93574268583817],[-49.06917446811232,-26.93578399447423],[-49.069053657320865,-26.936145223895917]]],[[[-49.06866423567365,-26.93510674810071],[-49.068818283880674,-26.93523131184862],[-49.068974754803655,-26.935124479218867],[-49.068801126900674,-26.935059157206506],[-49.06886103275391,-26.934902147244497],[-49.06866423567365,-26.93510674810071]]],[[[-49.058952236476735,-26.929749649725643],[-49.05906502095337,-26.929667409301604],[-49.05900868357981,-26.929572334814452],[-49.058903560308856,-26.929634742339875],[-49.058952236476735,-26.929749649725643]]],[[[-49.05834808721118,-26.92959744467453],[-49.0583163259484,-26.929645005474605],[-49.058376257807836,-26.929679827805533],[-49.05834808721118,-26.92959744467453]]],[[[-49.05904655443707,-26.929531640235524],[-49.05938024092106,-26.929508518686383],[-49.059388810472306,-26.929460491046047],[-49.05904655443707,-26.929531640235524]]],[[[-49.05828251691163,-26.929554263300066],[-49.058244387906576,-26.929384628898546],[-49.05860350146852,-26.92954900208388],[-49.058355654104375,-26.929185802427963],[-49.057982588998726,-26.929386484879245],[-49.05828251691163,-26.929554263300066]]],[[[-49.05762427004191,-26.92919092361094],[-49.057694204933796,-26.92921455119614],[-49.05770509751822,-26.92915559807065],[-49.05762427004191,-26.92919092361094]]],[[[-49.05461886337691,-26.929148565048642],[-49.05432485930869,-26.929290574247315],[-49.05440918349621,-26.929532653652714],[-49.05461886337691,-26.929148565048642]]],[[[-49.058661547907384,-26.92945777518215],[-49.058539371177005,-26.92918318526944],[-49.05859725249812,-26.92908165259043],[-49.05849770227421,-26.929213786948583],[-49.058661547907384,-26.92945777518215]]],[[[-49.055012579673225,-26.928698071092846],[-49.05518041993582,-26.92870156447492],[-49.05517018228275,-26.928567186992048],[-49.055012579673225,-26.928698071092846]]],[[[-49.055275153481446,-26.928474603635234],[-49.05535892880232,-26.92860908856011],[-49.055352003813226,-26.928477257207085],[-49.055275153481446,-26.928474603635234]]],[[[-49.055503233785,-26.9287857509667],[-49.055109796748944,-26.928754305174596],[-49.05482756173532,-26.92893923832768],[-49.0552558624702,-26.92916793263588],[-49.05550322400551,-26.92895686525946],[-49.05601942082756,-26.928914128448092],[-49.05578029706822,-26.928785750177543],[-49.05584179229496,-26.928240180280177],[-49.05545128585949,-26.9283926701465],[-49.055503233785,-26.9287857509667]]],[[[-49.0644693272796,-26.92817751396421],[-49.06435798185427,-26.928250121507105],[-49.06405184940236,-26.928237966489018],[-49.0644755602324,-26.928435525074107],[-49.064818469619574,-26.928175918830163],[-49.0644693272796,-26.92817751396421]],[[-49.06454359660828,-26.928263603331317],[-49.06472322247333,-26.92821941296689],[-49.064742900274524,-26.92822704631029],[-49.06454359660828,-26.928263603331317]]],[[[-49.062647264102154,-26.92808322668458],[-49.06274509226717,-26.928107682890705],[-49.06274210611481,-26.92806159035722],[-49.062647264102154,-26.92808322668458]]],[[[-49.05819123634094,-26.92782911598828],[-49.05817962016311,-26.92799260585909],[-49.058201904053405,-26.928030731894726],[-49.058238964161774,-26.927923109553454],[-49.05819123634094,-26.92782911598828]]],[[[-49.045627170959435,-26.92737349316302],[-49.04557442960051,-26.92742164921685],[-49.045726103871814,-26.92738200414945],[-49.045627170959435,-26.92737349316302]]],[[[-49.0480165127944,-26.927276500863634],[-49.04809450443737,-26.927285707516717],[-49.048089786169136,-26.927229953837404],[-49.0480165127944,-26.927276500863634]]],[[[-49.05739973134143,-26.927295147634155],[-49.05750758722948,-26.92743537004408],[-49.05802956881534,-26.927350775269613],[-49.057758537654884,-26.927273885318947],[-49.05739973134143,-26.927295147634155]]],[[[-49.056942347596426,-26.92726093838554],[-49.05703152837474,-26.92731081390113],[-49.05694019936243,-26.927242041571528],[-49.056942347596426,-26.92726093838554]]],[[[-49.058349256244696,-26.92918513190029],[-49.05851050502246,-26.929090438370643],[-49.058373276110345,-26.92882929715585],[-49.0585189494858,-26.928728400511712],[-49.058296664391435,-26.928687441677436],[-49.05828143646716,-26.92853842546888],[-49.05863236779731,-26.92838608470176],[-49.058234210133065,-26.928376156255148],[-49.05780278614515,-26.927929143090655],[-49.05827610346508,-26.92773028556718],[-49.05774817929719,-26.927733022512303],[-49.05756585292058,-26.927556996397353],[-49.05761406017394,-26.927821351146957],[-49.05661565451523,-26.92704758812788],[-49.05673016973873,-26.927609047321003],[-49.05685191662158,-26.92736900402696],[-49.05724368649702,-26.927592914919245],[-49.05702621599122,-26.92777743238396],[-49.05671650619533,-26.92772885838506],[-49.05664770228674,-26.928002146193954],[-49.05685827789873,-26.92802018157057],[-49.05669086779568,-26.92810422895187],[-49.05676544547482,-26.928237595434553],[-49.05654271127496,-26.928670161120447],[-49.05741790290605,-26.927828701584694],[-49.058349256244696,-26.92918513190029]]],[[[-49.050899906643515,-26.927097996271325],[-49.050794854715434,-26.926868640769523],[-49.05075774251211,-26.926868917686985],[-49.050899906643515,-26.927097996271325]]],[[[-49.04680404736739,-26.9270746415304],[-49.046050688497026,-26.92718568659653],[-49.04585383846587,-26.92732371872295],[-49.046831361494554,-26.927139248943792],[-49.04704330785764,-26.926882782668255],[-49.04748863114991,-26.92674171761208],[-49.04701741018176,-26.926818126544287],[-49.04680404736739,-26.9270746415304]]],[[[-49.06124298864649,-26.92716022257373],[-49.061508422412146,-26.927096377118087],[-49.061310858124756,-26.92671479446272],[-49.06105243518766,-26.92693765476004],[-49.06124298864649,-26.92716022257373]]],[[[-49.06142355447023,-26.92663283169026],[-49.06147440416812,-26.926610244840266],[-49.061423913169804,-26.92662765734429],[-49.06142355447023,-26.92663283169026]]],[[[-49.06142783977287,-26.926558692694424],[-49.06147949706255,-26.92656042426107],[-49.06147618271866,-26.92651677095558],[-49.06142783977287,-26.926558692694424]]],[[[-49.061565807957706,-26.926396245282632],[-49.06161878379418,-26.92639067117859],[-49.06158442064739,-26.92637995051757],[-49.061565807957706,-26.926396245282632]]],[[[-49.062028344871344,-26.92638602099027],[-49.06206925240417,-26.92634027768441],[-49.06202746625502,-26.926342854255537],[-49.062028344871344,-26.92638602099027]]],[[[-49.06146204268667,-26.926484119924865],[-49.06144353993583,-26.926370689733826],[-49.06140563627552,-26.926278015523973],[-49.06141305769454,-26.926366511926755],[-49.06146204268667,-26.926484119924865]]],[[[-49.063519583029326,-26.926062505153062],[-49.06356203055878,-26.926072292877787],[-49.06351437247015,-26.925998351007802],[-49.063519583029326,-26.926062505153062]]],[[[-49.063113431742494,-26.925590537818934],[-49.063154379489966,-26.925635277658557],[-49.06315338138669,-26.925580880864178],[-49.063113431742494,-26.925590537818934]]],[[[-49.06168297334229,-26.925507869245855],[-49.06184496084797,-26.925554659760298],[-49.06173157743131,-26.9254753305277],[-49.06168297334229,-26.925507869245855]]],[[[-49.0668816829441,-26.925533051800503],[-49.066985948098974,-26.92558129014451],[-49.06693042876744,-26.925486603770068],[-49.0668816829441,-26.925533051800503]]],[[[-49.06357798700459,-26.925266728875737],[-49.06346220097077,-26.925357988669173],[-49.06364234110209,-26.9253175033094],[-49.06357798700459,-26.925266728875737]]],[[[-49.063040797582325,-26.925015292707517],[-49.06304202726127,-26.92503893127477],[-49.06327800947814,-26.924983740920375],[-49.063040797582325,-26.925015292707517]]],[[[-49.06795021884337,-26.925312357860378],[-49.06820974636613,-26.92506909971546],[-49.06834249702657,-26.92499653594507],[-49.06815060803467,-26.925061433962096],[-49.06795021884337,-26.925312357860378]]],[[[-49.065214883818804,-26.924841605408815],[-49.065328338344294,-26.924929100267338],[-49.065236608873946,-26.924794353353064],[-49.065214883818804,-26.924841605408815]]],[[[-49.06788471854395,-26.92544788572095],[-49.06573953129323,-26.924745958152954],[-49.06696362103168,-26.925151476079836],[-49.0675328485354,-26.925512868839213],[-49.06788471854395,-26.92544788572095]]],[[[-49.06293904679677,-26.924481845203566],[-49.06246401939652,-26.92456069538919],[-49.06240729956071,-26.924618024231073],[-49.06277310849872,-26.92457785039066],[-49.06293904679677,-26.924481845203566]]],[[[-49.06507999655992,-26.92467248095239],[-49.065353910259965,-26.924757153294642],[-49.065528027803865,-26.924688964995763],[-49.065203057515134,-26.924433000970133],[-49.06507999655992,-26.92467248095239]]],[[[-49.061606692276385,-26.924493313028858],[-49.0616786805384,-26.92460764454174],[-49.06181325072158,-26.924631028944912],[-49.061739064400115,-26.924389794650782],[-49.061606692276385,-26.924493313028858]],[[-49.06177419242871,-26.924541605437177],[-49.06169642787748,-26.924534069853824],[-49.061770044656406,-26.924519513450754],[-49.06177419242871,-26.924541605437177]]],[[[-49.06347443352442,-26.92420230533375],[-49.06346548925851,-26.924091017823724],[-49.06338180671549,-26.9239792505043],[-49.06347443352442,-26.92420230533375]]],[[[-49.05490124395575,-26.923665614303236],[-49.05479730266203,-26.923641116646856],[-49.05490174018563,-26.923694102740527],[-49.05490124395575,-26.923665614303236]]],[[[-49.06452245879976,-26.922762950886472],[-49.064436562554484,-26.922761535162856],[-49.06443123230889,-26.922805059255143],[-49.06452245879976,-26.922762950886472]]],[[[-49.06308979848078,-26.92285859981645],[-49.063364169176886,-26.9227803261448],[-49.06331562511443,-26.922617532409806],[-49.0630130011476,-26.922742738082523],[-49.06308979848078,-26.92285859981645]]],[[[-49.06372819525914,-26.922484352462405],[-49.063675643860996,-26.92275833495284],[-49.06410587975604,-26.922572189059995],[-49.063849477536344,-26.922638707691632],[-49.06372819525914,-26.922484352462405]]],[[[-49.063500668657085,-26.92412035032267],[-49.06355046517848,-26.92421431333524],[-49.063167048304045,-26.924398362979062],[-49.06410395249923,-26.92402516088864],[-49.06422576948292,-26.924266446808637],[-49.06450461471574,-26.92411628238116],[-49.06451094003479,-26.923826958520124],[-49.06403706159375,-26.922892659638446],[-49.06465342842494,-26.92249158132632],[-49.06405422768986,-26.922744734332642],[-49.06390013560692,-26.92291979301211],[-49.06395804912164,-26.923166325093717],[-49.063335069458695,-26.923420568703385],[-49.06366492214758,-26.92349307637294],[-49.063531184589245,-26.923770123181374],[-49.06369598097723,-26.92370379045494],[-49.06386718383223,-26.923906515305855],[-49.063500668657085,-26.92412035032267]],[[-49.06419919397573,-26.92404866889765],[-49.06437891977586,-26.92397472358346],[-49.06420157472174,-26.92408348980481],[-49.06419919397573,-26.92404866889765]],[[-49.064257072182926,-26.924109405830563],[-49.064386795457075,-26.924094599150237],[-49.064350165399524,-26.924158055099298],[-49.064257072182926,-26.924109405830563]],[[-49.06415285035835,-26.923986773962046],[-49.0639852708855,-26.923717325962063],[-49.06402109042375,-26.923648498470726],[-49.06430942018716,-26.923761614032333],[-49.06415285035835,-26.923986773962046]],[[-49.06385968713452,-26.92365943989867],[-49.06380478152399,-26.92369571734409],[-49.06384110543315,-26.92364404458876],[-49.06385968713452,-26.92365943989867]],[[-49.06397557988953,-26.92384129262595],[-49.063922256614156,-26.923923303513003],[-49.06389185948587,-26.92382916307699],[-49.06397557988953,-26.92384129262595]],[[-49.06396236259006,-26.923637679578963],[-49.06388614565228,-26.92337155164587],[-49.06408023606805,-26.923325815422256],[-49.06413912497043,-26.923533057599744],[-49.06396236259006,-26.923637679578963]],[[-49.06394667603864,-26.923284955451013],[-49.06384082227427,-26.923315788634973],[-49.063970848210396,-26.923252560714296],[-49.06394667603864,-26.923284955451013]],[[-49.06380698397399,-26.92345583093623],[-49.06372105613415,-26.923436657094292],[-49.06381320448556,-26.923443861157374],[-49.06380698397399,-26.92345583093623]]],[[[-49.064602833451396,-26.92270175875917],[-49.064968042127774,-26.922985032041094],[-49.065375279283906,-26.9229599776369],[-49.06521027954174,-26.922319868276695],[-49.064602833451396,-26.92270175875917]]],[[[-49.05520247736429,-26.922089653853117],[-49.055316994572856,-26.92210599110326],[-49.0552433851899,-26.922035009534522],[-49.05520247736429,-26.922089653853117]]],[[[-49.05652768803454,-26.921767329658266],[-49.05601882297164,-26.92183628531687],[-49.056081499159035,-26.9219562016774],[-49.05587149359249,-26.922099243430683],[-49.05536731688169,-26.922042305641863],[-49.055414982399896,-26.922273043938574],[-49.055175196533575,-26.922572615832294],[-49.054639673840256,-26.92257381741611],[-49.05470348835169,-26.922900302287413],[-49.05418718370332,-26.923309011797144],[-49.053933026882916,-26.923824826999567],[-49.05396295955489,-26.924099921072138],[-49.05371414080681,-26.924131597680773],[-49.05342259170971,-26.924676388758993],[-49.05318032126796,-26.92468466520297],[-49.05291921869461,-26.925027610253398],[-49.052157092587734,-26.92545101181694],[-49.05163040673901,-26.925540676091888],[-49.05115828398255,-26.925926466329468],[-49.05044955078295,-26.92597388629896],[-49.05051376344512,-26.926221178383184],[-49.05093521688855,-26.92642131933813],[-49.0508355528595,-26.926584072333473],[-49.05057925108829,-26.9266842122587],[-49.050300117836656,-26.926234247895444],[-49.04990859918313,-26.926085092344863],[-49.04957338918936,-26.926164190470246],[-49.049423325415816,-26.92641983279085],[-49.04920493565099,-26.92622615400865],[-49.04914406614457,-26.926344309500372],[-49.04857910530521,-26.926396898901086],[-49.0485219217059,-26.92661629021427],[-49.04835386264952,-26.926650445934985],[-49.04845234082843,-26.926921984233815],[-49.047671121700475,-26.926732485690913],[-49.04768140636447,-26.926883813320885],[-49.04831464537494,-26.92698673545422],[-49.048581910849684,-26.92728041236006],[-49.04790378405233,-26.92742282902313],[-49.04791386746317,-26.92767905182432],[-49.0482481178569,-26.927733987194863],[-49.04855096366707,-26.92755412252264],[-49.048917465246404,-26.927625518257535],[-49.048963635725194,-26.927329915043124],[-49.04927219618609,-26.927210473891442],[-49.04953996826253,-26.927432215007162],[-49.04940852535296,-26.92764807525661],[-49.04980898540316,-26.9276718169437],[-49.04982025683464,-26.92720881258675],[-49.05006096915234,-26.927685685936986],[-49.05045647251102,-26.92708698302503],[-49.05067723911704,-26.92729555121296],[-49.05092603754742,-26.92727152137851],[-49.05173021228158,-26.926885308811116],[-49.05202400605153,-26.926577997616732],[-49.0526421123787,-26.926575781681912],[-49.052482118086125,-26.926417820466625],[-49.05392235424631,-26.925293883590406],[-49.05323464195933,-26.92554660993155],[-49.05355260718643,-26.92490494667534],[-49.053964424034874,-26.925126859283104],[-49.05400160191241,-26.924909936164795],[-49.05419025481248,-26.924935786640464],[-49.05517255523118,-26.924247105451364],[-49.05513182494471,-26.924075469077305],[-49.05533491433269,-26.924169290586356],[-49.05564588732949,-26.923926189985973],[-49.055726448698515,-26.92338077314789],[-49.056022620392376,-26.923115136669878],[-49.05590007341888,-26.923158608627407],[-49.05601871295438,-26.922707472166053],[-49.055913520664916,-26.922320653390784],[-49.05660817038369,-26.921968372643953],[-49.05652768803454,-26.921767329658266]],[[-49.05498860937267,-26.92305166287559],[-49.05525293069221,-26.923101523311203],[-49.0551188978577,-26.923185187322957],[-49.055220874535216,-26.923361208768387],[-49.05496643259274,-26.923200792048515],[-49.05498860937267,-26.92305166287559]],[[-49.05564145097228,-26.92324467452112],[-49.055584523831904,-26.92329859715005],[-49.05556887820382,-26.923270760942938],[-49.05564145097228,-26.92324467452112]],[[-49.055383848372216,-26.92319352083272],[-49.05544820252723,-26.92314822433596],[-49.055487042002035,-26.92321358621795],[-49.055383848372216,-26.92319352083272]],[[-49.05476796630373,-26.923430002691752],[-49.05512654996443,-26.923613398152746],[-49.055031620204055,-26.923798652543947],[-49.054388348919574,-26.924166590225063],[-49.05396074319283,-26.923931336315277],[-49.05445179972319,-26.923482825072362],[-49.05476796630373,-26.923430002691752]],[[-49.05539679567662,-26.9235156340195],[-49.05555187971305,-26.923521263073646],[-49.055518846291264,-26.923589400041013],[-49.05539679567662,-26.9235156340195]],[[-49.05323320282112,-26.925627889572127],[-49.05313735111703,-26.92562515698158],[-49.05317736061293,-26.9255892282421],[-49.05323320282112,-26.925627889572127]],[[-49.05206571581876,-26.92594564971815],[-49.051992745980364,-26.92597096222926],[-49.05196834986521,-26.925891220924083],[-49.05206571581876,-26.92594564971815]],[[-49.052103099527415,-26.92606125588398],[-49.05219839145335,-26.92604552130802],[-49.05211519976318,-26.926109899014204],[-49.052103099527415,-26.92606125588398]],[[-49.05169332054282,-26.926116858042032],[-49.051706691034276,-26.926611727375384],[-49.051149913767034,-26.926914753404148],[-49.051050481280775,-26.92672460184173],[-49.05143121550495,-26.92625991516271],[-49.05169332054282,-26.926116858042032]],[[-49.05044774563006,-26.926749145656455],[-49.05051742959596,-26.926738848740218],[-49.05049143299909,-26.926765561111978],[-49.05044774563006,-26.926749145656455]],[[-49.049864995877485,-26.926758103536187],[-49.049942889420166,-26.926861916390042],[-49.04988700040141,-26.926910494055715],[-49.04985188610643,-26.926862004582713],[-49.049864995877485,-26.926758103536187]],[[-49.04868376261841,-26.926944500312803],[-49.04885605677726,-26.92698395721838],[-49.04874636969061,-26.927040147454317],[-49.04868376261841,-26.926944500312803]],[[-49.050789293071425,-26.92681492734649],[-49.05104841935934,-26.927030519493382],[-49.05079619303429,-26.927233710440415],[-49.05056812025986,-26.92697489748441],[-49.050789293071425,-26.92681492734649]],[[-49.05093961497435,-26.926890165684476],[-49.05103117889948,-26.926879350475435],[-49.05101538796727,-26.926940033777626],[-49.05093961497435,-26.926890165684476]],[[-49.04974848631515,-26.926946361707284],[-49.04954812662049,-26.92691670842614],[-49.04975660103712,-26.92692474326094],[-49.04974848631515,-26.926946361707284]]],[[[-49.06400823901389,-26.92186654519609],[-49.063994028978414,-26.921911518730475],[-49.06405271062283,-26.921862314960595],[-49.06400823901389,-26.92186654519609]]],[[[-49.064735343938175,-26.922157620195463],[-49.06467554760894,-26.921846484415273],[-49.064523760688644,-26.921748676762647],[-49.06456144858105,-26.921915606082397],[-49.064735343938175,-26.922157620195463]]],[[[-49.0621027571777,-26.921559695729478],[-49.062229238751996,-26.92159569342853],[-49.062167774778416,-26.921516175740575],[-49.0621027571777,-26.921559695729478]]],[[[-49.06391405743728,-26.92176462221939],[-49.063877913887886,-26.921531901550235],[-49.06377386546366,-26.921468075154415],[-49.06377733117751,-26.921564653811657],[-49.06391405743728,-26.92176462221939]]],[[[-49.063947474721076,-26.921509117177532],[-49.06397754064417,-26.92148428988684],[-49.0639251168033,-26.921419833291253],[-49.063947474721076,-26.921509117177532]]],[[[-49.06625063527291,-26.92124050774602],[-49.06630656912403,-26.921257227511024],[-49.06628133094162,-26.921219808108233],[-49.06625063527291,-26.92124050774602]]],[[[-49.065598657305095,-26.921200188097224],[-49.06568844191217,-26.92124803085311],[-49.06573010368055,-26.92117393954869],[-49.065598657305095,-26.921200188097224]]],[[[-49.09543825212276,-26.919125854198967],[-49.095540546191884,-26.919112453543917],[-49.09553733734183,-26.919099382143962],[-49.09543825212276,-26.919125854198967]]],[[[-49.09565037759543,-26.919057223823955],[-49.09612352293594,-26.9190447512679],[-49.09638799105797,-26.918569009978132],[-49.09601868963326,-26.91894831571042],[-49.09565037759543,-26.919057223823955]]],[[[-49.06057034620419,-26.915935276183372],[-49.06116905493257,-26.91635277666663],[-49.0619585483557,-26.916347436542495],[-49.062211423145186,-26.915956961497557],[-49.061810898852265,-26.916226867564603],[-49.06061262126164,-26.91580557077991],[-49.06057034620419,-26.915935276183372]]],[[[-49.07187725910885,-26.91522934942797],[-49.072021379464736,-26.915117274759734],[-49.071945133967354,-26.915023804478654],[-49.07180036739509,-26.915148509211697],[-49.07187725910885,-26.91522934942797]]],[[[-49.0824416059887,-26.915257449509205],[-49.08252344337437,-26.91514360520676],[-49.082456510015696,-26.91507990650777],[-49.0823682009328,-26.915160656264085],[-49.0824416059887,-26.915257449509205]]],[[[-49.073535382241985,-26.915128046649023],[-49.07370177356798,-26.91493360730895],[-49.07273624426117,-26.915449957176737],[-49.072381320817684,-26.915218164345507],[-49.07209478951189,-26.915255407222322],[-49.07187490322034,-26.915506510997165],[-49.071950246308845,-26.915758708535115],[-49.0717953873372,-26.91580210660226],[-49.0720348054195,-26.91606835970612],[-49.071827707374084,-26.91639002654622],[-49.071976429864506,-26.916347731822874],[-49.07231051762521,-26.916667448426786],[-49.07254278099453,-26.91656736367073],[-49.07291487432673,-26.91667654040489],[-49.07300544107275,-26.916403813596492],[-49.07292709165311,-26.916156879120056],[-49.07318907866048,-26.91601652612622],[-49.073444148398075,-26.916098769128546],[-49.073416122088844,-26.915770747808974],[-49.07314902389654,-26.915610452584072],[-49.07398442427542,-26.91490639890165],[-49.073535382241985,-26.915128046649023]],[[-49.07248511345625,-26.916071790219263],[-49.07268339722635,-26.916193377009073],[-49.072573539029,-26.916268302074656],[-49.07248511345625,-26.916071790219263]],[[-49.07235662809718,-26.916361103027583],[-49.07238761742007,-26.916438306472983],[-49.07233872278278,-26.91641130172458],[-49.07235662809718,-26.916361103027583]],[[-49.072500610516094,-26.916461103879346],[-49.072676440421546,-26.91646335236628],[-49.072675488047764,-26.916539965514744],[-49.072500610516094,-26.916461103879346]],[[-49.07283880563115,-26.916549002615348],[-49.072918158085876,-26.916527224060786],[-49.07289191481427,-26.91659667404431],[-49.07283880563115,-26.916549002615348]]],[[[-49.07238398990478,-26.91483546988995],[-49.072390956932175,-26.915092900230317],[-49.072663737655496,-26.914910573244708],[-49.07238398990478,-26.91483546988995]]],[[[-49.07154537456945,-26.91493142031646],[-49.071726237272856,-26.914808509822635],[-49.071748415420146,-26.914737843263044],[-49.071580505437964,-26.914807302458282],[-49.07154537456945,-26.91493142031646]]],[[[-49.073581731602914,-26.91486189560415],[-49.073771172137455,-26.914753004494205],[-49.07369210062582,-26.914618322610288],[-49.07346634702452,-26.914752874024533],[-49.073581731602914,-26.91486189560415]]],[[[-49.08842408024265,-26.914868990270786],[-49.088638215866325,-26.914854036969473],[-49.088492929818415,-26.914791227349678],[-49.08842408024265,-26.914868990270786]]],[[[-49.083869557795985,-26.91420248372594],[-49.083467889393255,-26.914624620546945],[-49.08332577952143,-26.915121840471887],[-49.082878693071756,-26.915178298309296],[-49.08298561058983,-26.915229824805962],[-49.08288136308581,-26.915458329839367],[-49.08330896481558,-26.915443842348772],[-49.08393608262695,-26.914331526830193],[-49.0841227411389,-26.91430231573842],[-49.083869557795985,-26.91420248372594]]],[[[-49.08904992459611,-26.913845844758715],[-49.089105809485524,-26.913850406644304],[-49.089065869845406,-26.913815386280344],[-49.08904992459611,-26.913845844758715]]],[[[-49.0839928650255,-26.913700296253648],[-49.08410732202423,-26.913783803378326],[-49.08408325780184,-26.913898887455925],[-49.08421990321702,-26.913667132204004],[-49.0839928650255,-26.913700296253648]]],[[[-49.08407938872637,-26.91406777077038],[-49.08431149414975,-26.91366236006506],[-49.08436660237442,-26.913534328372872],[-49.0841158098252,-26.913942684969136],[-49.08407938872637,-26.91406777077038]]],[[[-49.07734256005185,-26.913317053892836],[-49.07751406896156,-26.913403520038695],[-49.07758028735429,-26.913358739505192],[-49.07742572449405,-26.913225674746652],[-49.07734256005185,-26.913317053892836]]],[[[-49.07591228639304,-26.913127468447602],[-49.07560185355843,-26.913339244467238],[-49.07596112721303,-26.913795597555648],[-49.07602763875105,-26.913374124607653],[-49.07591228639304,-26.913127468447602]]],[[[-49.08149665527481,-26.913142278095478],[-49.08097821450891,-26.914404793650597],[-49.081325599639754,-26.914247212145106],[-49.08161758772677,-26.914422990742295],[-49.081594263596074,-26.91467808518998],[-49.08184564720766,-26.91472662692674],[-49.082083652011974,-26.913865721572535],[-49.08187023251168,-26.91393201447603],[-49.08148764971546,-26.91368537272947],[-49.08165006855149,-26.913304367567413],[-49.0818324354917,-26.913280700564485],[-49.08149665527481,-26.913142278095478]],[[-49.08173082923518,-26.91394245757157],[-49.08167935172442,-26.913976939245043],[-49.08167907707107,-26.913955002131875],[-49.08173082923518,-26.91394245757157]],[[-49.08181677319592,-26.914210754457372],[-49.08160803819638,-26.914288566266226],[-49.08172032403375,-26.91413775345574],[-49.08181677319592,-26.914210754457372]]],[[[-49.079214029859635,-26.91302191939016],[-49.079345406125945,-26.91300086734243],[-49.07934387996371,-26.91294268386328],[-49.079214029859635,-26.91302191939016]]],[[[-49.0790987029254,-26.91334408448899],[-49.07896219239493,-26.913138744323106],[-49.07888378005812,-26.913497753791184],[-49.07933461638668,-26.91375855601408],[-49.079673707505584,-26.91378409148756],[-49.07953359388716,-26.913610481820086],[-49.07969220075923,-26.913398236183966],[-49.07968778892256,-26.912780384817367],[-49.079547834640415,-26.913048896166163],[-49.07928427561451,-26.913103243139144],[-49.0790987029254,-26.91334408448899]]],[[[-49.07606919271642,-26.913013183671673],[-49.0764193415995,-26.9131268059919],[-49.076329005055044,-26.912727152777645],[-49.0761279968399,-26.91278417897336],[-49.07606919271642,-26.913013183671673]]],[[[-49.0831554786086,-26.91277392191215],[-49.08315225770706,-26.91282458351269],[-49.08318761095574,-26.912753796534265],[-49.0831554786086,-26.91277392191215]]],[[[-49.07752044174669,-26.9126144186662],[-49.07747896940256,-26.913015166693526],[-49.07768058836176,-26.913123274908997],[-49.077717135891426,-26.912807026581415],[-49.0779386477285,-26.91269751137504],[-49.07752044174669,-26.9126144186662]]],[[[-49.07941116883988,-26.912553638504573],[-49.07957489240459,-26.91252253074833],[-49.07957570778073,-26.912413899782454],[-49.079400440838675,-26.912407171783233],[-49.07941116883988,-26.912553638504573]]],[[[-49.0707760926075,-26.912099596735583],[-49.07045578411009,-26.911995076532605],[-49.07039612650139,-26.912275115152024],[-49.07098173383887,-26.912607124197386],[-49.071195178902926,-26.912334887607216],[-49.071011922177924,-26.91215919218404],[-49.07126169303372,-26.912172934798253],[-49.07059806753052,-26.91195083643584],[-49.0707760926075,-26.912099596735583]]],[[[-49.07805047466651,-26.912233375892285],[-49.07775878651705,-26.912098978123908],[-49.0777247450647,-26.912483912522045],[-49.07857726599946,-26.912358902146803],[-49.07836452068521,-26.911992523831934],[-49.07805047466651,-26.912233375892285]]],[[[-49.078498258859334,-26.911627883230107],[-49.07857253400461,-26.911365181763273],[-49.078468388991325,-26.911265255903434],[-49.07842476507708,-26.911456612732874],[-49.078498258859334,-26.911627883230107]]],[[[-49.085917188237616,-26.911305387734238],[-49.085995338123226,-26.911308154768488],[-49.08599024780501,-26.911274995224748],[-49.085917188237616,-26.911305387734238]]],[[[-49.091136055286334,-26.91101802584935],[-49.091229795758586,-26.911082218179317],[-49.09121808844598,-26.911006248675537],[-49.091136055286334,-26.91101802584935]]],[[[-49.073888797273966,-26.91027927346422],[-49.07402646488634,-26.91029336144507],[-49.07394673105704,-26.910219677607778],[-49.073888797273966,-26.91027927346422]]],[[[-49.074614174450716,-26.91009778870634],[-49.07518734277424,-26.910403492024557],[-49.074610376549,-26.9099864580015],[-49.074614174450716,-26.91009778870634]]],[[[-49.08852654653315,-26.909396066660232],[-49.088629306961614,-26.909390484508485],[-49.08857213183842,-26.909336280723355],[-49.08852654653315,-26.909396066660232]]],[[[-49.07533439088043,-26.909148368169866],[-49.075232669432154,-26.90938655671025],[-49.0756486487421,-26.909716831093316],[-49.07532121193443,-26.90941135312778],[-49.07533439088043,-26.909148368169866]]],[[[-49.088606280108486,-26.909193756155027],[-49.08869764541476,-26.909231566665003],[-49.08874652221721,-26.90908989902123],[-49.088606280108486,-26.909193756155027]]],[[[-49.07300576949679,-26.908604611721923],[-49.07247626688409,-26.909796550524177],[-49.072532269152944,-26.910344103762103],[-49.07230116640587,-26.9107548758732],[-49.072090929130006,-26.91076514411327],[-49.071897383868,-26.911344823932332],[-49.07231252148079,-26.91131692349173],[-49.072288651997425,-26.91114537065927],[-49.07267642734085,-26.910885063145887],[-49.07293033755849,-26.91101557491131],[-49.072713919462224,-26.91048611613437],[-49.073007004585726,-26.910472791508223],[-49.073037340950826,-26.91020022427937],[-49.07360129023233,-26.910208514048712],[-49.07327498271663,-26.909867891932667],[-49.07311345747267,-26.90931957049169],[-49.073320927163856,-26.909258082363678],[-49.073270848782435,-26.90878086411806],[-49.072996853242465,-26.908914757245835],[-49.07300576949679,-26.908604611721923]],[[-49.07310327444657,-26.90956556904698],[-49.07301478943131,-26.90950223163035],[-49.073021194379024,-26.90946196911124],[-49.07304886910275,-26.90947864074246],[-49.07310327444657,-26.90956556904698]]],[[[-49.07969615989969,-26.908511104599853],[-49.07977591372915,-26.90850193106128],[-49.079791141165224,-26.9084539482653],[-49.07969615989969,-26.908511104599853]]],[[[-49.07547718652309,-26.90845555867694],[-49.07558447040889,-26.908467665378748],[-49.07551216625066,-26.908383452452046],[-49.07547718652309,-26.90845555867694]]],[[[-49.07550567177981,-26.9081695776522],[-49.075569105374015,-26.908170580129017],[-49.07560408537471,-26.908124306340458],[-49.07550567177981,-26.9081695776522]]],[[[-49.080365536812565,-26.908198247947823],[-49.08076507696953,-26.908562871781626],[-49.080235657521015,-26.908269655363082],[-49.08032009093677,-26.908408520348694],[-49.08220047984965,-26.909822865288625],[-49.081753381905465,-26.909327947170848],[-49.0822954496815,-26.909540676541],[-49.08189017519724,-26.909230412072834],[-49.08187789276806,-26.909057978960764],[-49.0821693668891,-26.90909322136425],[-49.08216858240571,-26.90889946940992],[-49.08248058312632,-26.90907872750309],[-49.08281538077892,-26.90896665618037],[-49.08266601294302,-26.908790362870896],[-49.082776421489356,-26.908638660354885],[-49.08247172715786,-26.908431287641],[-49.08242938229863,-26.908689661509197],[-49.08217544358606,-26.908843803648093],[-49.08201935870636,-26.908645545106477],[-49.081485278322205,-26.908957412335063],[-49.080365536812565,-26.908198247947823]]],[[[-49.07862139179981,-26.90735470453723],[-49.07869335954629,-26.907429102824842],[-49.078727424064716,-26.907362663355336],[-49.07862139179981,-26.90735470453723]]],[[[-49.04664716404458,-26.906587707083126],[-49.04691687013446,-26.906530804415564],[-49.04656933688557,-26.90622521701984],[-49.046012994543894,-26.906203665792567],[-49.04609157353328,-26.906377313741686],[-49.04664716404458,-26.906587707083126]]],[[[-49.04707731384319,-26.905023858978375],[-49.04693750697382,-26.905129203839508],[-49.04663864428128,-26.905066177311866],[-49.046533149192776,-26.905423842700174],[-49.04620200953708,-26.90557027032902],[-49.04617684067006,-26.90602874620263],[-49.04645845704404,-26.906056621125607],[-49.04643876970297,-26.90569051228237],[-49.046817795410234,-26.905573276508477],[-49.04763023140827,-26.90585921789154],[-49.047722994937345,-26.905436401057393],[-49.04746122734453,-26.90520361479273],[-49.04767583074737,-26.905109861885528],[-49.04707731384319,-26.905023858978375]]],[[[-49.03537981962951,-26.905257940997647],[-49.03545984647638,-26.904724173306548],[-49.035347211462934,-26.904376593030875],[-49.035233776980725,-26.904665429264934],[-49.03537981962951,-26.905257940997647]]],[[[-49.06571502162685,-26.9042524215638],[-49.06569883394339,-26.904164371708152],[-49.065641782470706,-26.90420657898837],[-49.06571502162685,-26.9042524215638]]],[[[-49.01268707629354,-26.903484337549123],[-49.01280126970302,-26.90339664830078],[-49.01279186711116,-26.903351914603164],[-49.01272775310038,-26.903399067199313],[-49.01268707629354,-26.903484337549123]]],[[[-49.03575565944269,-26.904480010113605],[-49.0358308861882,-26.90412041565221],[-49.03571558572574,-26.9035530123876],[-49.035477902594735,-26.903981085977588],[-49.03575565944269,-26.904480010113605]]],[[[-49.03600493167482,-26.90359279530691],[-49.03598777803408,-26.903929596666256],[-49.03606391954409,-26.90364710241254],[-49.03642809491623,-26.90354048784848],[-49.03628817295684,-26.903452313123275],[-49.03600493167482,-26.90359279530691]]],[[[-49.03689200235618,-26.90338163128031],[-49.03703403081259,-26.90328850868059],[-49.03684757981747,-26.903297014988123],[-49.03689200235618,-26.90338163128031]]],[[[-49.012929671176934,-26.903367000423195],[-49.013131443760855,-26.903271657232718],[-49.013200279503316,-26.902906747285925],[-49.01307299787988,-26.903261434845536],[-49.012929671176934,-26.903367000423195]]],[[[-49.02070275242089,-26.90226507134712],[-49.0207500277325,-26.9023211513065],[-49.020799125907466,-26.902308566717284],[-49.02070275242089,-26.90226507134712]]],[[[-49.020607280434184,-26.90180929205698],[-49.020655837453184,-26.901850294487566],[-49.02061308753809,-26.90178579229681],[-49.020607280434184,-26.90180929205698]]],[[[-49.020554491363725,-26.901132914458085],[-49.01911557895499,-26.90115266041899],[-49.0189825513339,-26.901200703182433],[-49.020456150445725,-26.901167805815636],[-49.02072799387774,-26.901347822515714],[-49.020554491363725,-26.901132914458085]]],[[[-49.04671909481492,-26.9000672409241],[-49.0469086870262,-26.900023968705263],[-49.04690936128859,-26.89992738250935],[-49.04673040661646,-26.899955535748514],[-49.04671909481492,-26.9000672409241]]],[[[-49.04743888484545,-26.899768280401293],[-49.04766073753825,-26.899873765431135],[-49.04780358993428,-26.899728598293393],[-49.04743888484545,-26.899768280401293]]],[[[-49.13455614883027,-26.900574127348246],[-49.1348585214463,-26.900711119874025],[-49.13452554942342,-26.9004639202173],[-49.13455614883027,-26.900574127348246]]],[[[-49.08879482932921,-26.9005829175399],[-49.088794513574875,-26.90005248103943],[-49.08865449897154,-26.89962232997812],[-49.088772956954685,-26.9000634562954],[-49.08879482932921,-26.9005829175399]]],[[[-49.088603664132094,-26.899470323269778],[-49.088583453250976,-26.89930986479177],[-49.088542707783986,-26.89922629514007],[-49.088551060040544,-26.899301179295986],[-49.088603664132094,-26.899470323269778]]],[[[-49.07926940124143,-26.89864771790023],[-49.07968981640034,-26.898994000551365],[-49.07977538735664,-26.898966835793914],[-49.07926940124143,-26.89864771790023]]],[[[-49.13481335912721,-26.900005900478586],[-49.13508576022515,-26.899550573357867],[-49.13507891646786,-26.899368710487956],[-49.13485913581241,-26.899784942626063],[-49.13481335912721,-26.900005900478586]]],[[[-49.07866457493576,-26.898567925402485],[-49.078686563121565,-26.89870087613614],[-49.07877676439255,-26.89853086530591],[-49.07866457493576,-26.898567925402485]]],[[[-49.088050685927556,-26.898610675594963],[-49.08812227790722,-26.8985930347182],[-49.088103363705095,-26.898549822401062],[-49.088050685927556,-26.898610675594963]]],[[[-49.07956176226282,-26.89768118260881],[-49.07924539812329,-26.89772118801078],[-49.07947903169681,-26.89783819609089],[-49.07956176226282,-26.89768118260881]]],[[[-49.13512991423005,-26.899070556951166],[-49.1354038907093,-26.898308304515204],[-49.13541712791778,-26.89817392458296],[-49.135214223749955,-26.898503125062152],[-49.13512991423005,-26.899070556951166]]],[[[-49.078348148704116,-26.89748239744541],[-49.07850178806593,-26.897381202939982],[-49.07831613146122,-26.89728199880348],[-49.078211385856164,-26.897382378425547],[-49.078348148704116,-26.89748239744541]]],[[[-49.078599414626,-26.897278988134033],[-49.07872588023378,-26.897264616998388],[-49.07872304915994,-26.897243514718372],[-49.078599414626,-26.897278988134033]]],[[[-49.0825460073125,-26.89745424833719],[-49.0819896638098,-26.898027060880494],[-49.08116013278083,-26.898051095470695],[-49.08107692415507,-26.898157596793578],[-49.081580541650865,-26.898320950873067],[-49.08242947426501,-26.897973903802068],[-49.08259045829481,-26.898252741953204],[-49.08304210641722,-26.897814530197742],[-49.08368750747373,-26.897554004119975],[-49.0831296594324,-26.897200371156007],[-49.0825460073125,-26.89745424833719]]],[[[-49.08037875871959,-26.89743648816762],[-49.08062573203982,-26.897314402943678],[-49.08062103860286,-26.896746434018546],[-49.08022684189689,-26.897336756664394],[-49.08037875871959,-26.89743648816762]]],[[[-49.08729073575793,-26.896920850409312],[-49.087343612755895,-26.896865892746746],[-49.087296510673404,-26.896766993400075],[-49.08729073575793,-26.896920850409312]]],[[[-49.08722108226962,-26.89697960795741],[-49.0872370410193,-26.896819735427545],[-49.08718062566011,-26.896718547594844],[-49.087045684740254,-26.89679920738969],[-49.08722108226962,-26.89697960795741]]],[[[-49.15471300804871,-26.897943792017138],[-49.15463304857901,-26.89774192122985],[-49.15467200962584,-26.897340844242255],[-49.15453289912231,-26.897766838140473],[-49.15471300804871,-26.897943792017138]]],[[[-49.04523309534277,-26.89590067018842],[-49.0454681054165,-26.895918156553194],[-49.04556207256228,-26.895844119687982],[-49.045459744870755,-26.895824334765667],[-49.04523309534277,-26.89590067018842]]],[[[-49.086777504633524,-26.89620258369067],[-49.08663455706249,-26.89612461497999],[-49.0870144478699,-26.896442358633536],[-49.08692787404673,-26.896279576744757],[-49.087083234565796,-26.896346005569836],[-49.086744121453194,-26.896060414136358],[-49.086777504633524,-26.89620258369067]]],[[[-49.0858431684347,-26.896072460426094],[-49.08595830969312,-26.896120449174553],[-49.08580656986633,-26.896026099139718],[-49.0858431684347,-26.896072460426094]]],[[[-49.0866658387982,-26.896037780441546],[-49.086679749298234,-26.89600261400715],[-49.086601661526096,-26.895958732315435],[-49.0866658387982,-26.896037780441546]]],[[[-49.08640437804644,-26.89638539522524],[-49.086350880375775,-26.8965650958381],[-49.08719641533372,-26.897157005923017],[-49.08679825148968,-26.896791345831012],[-49.086821837783376,-26.89667374120359],[-49.08697556410208,-26.89673899254774],[-49.0867759930024,-26.8963607122527],[-49.08569283723516,-26.895720514463108],[-49.08640437804644,-26.89638539522524]],[[-49.08671461470573,-26.89660093362409],[-49.086529623872515,-26.896511069168135],[-49.086507634659746,-26.896468548809764],[-49.08660364571942,-26.896487902054606],[-49.08671461470573,-26.89660093362409]]],[[[-49.1420655744032,-26.896320661252936],[-49.142185823054106,-26.896392693556585],[-49.142207900503585,-26.896202183461746],[-49.1420655744032,-26.896320661252936]]],[[[-49.14224109425168,-26.89609942515469],[-49.1423068888855,-26.896030376828534],[-49.14233935705654,-26.895779700851495],[-49.14222326345947,-26.895936155533594],[-49.14224109425168,-26.89609942515469]]],[[[-49.08267313106315,-26.89491021901438],[-49.08274423051131,-26.89491030572588],[-49.0827270803755,-26.894878118128354],[-49.08267313106315,-26.89491021901438]]],[[[-49.0736660583593,-26.8947035233974],[-49.07356397167385,-26.89476763708218],[-49.07366890953172,-26.89471069066845],[-49.0736660583593,-26.8947035233974]]],[[[-49.07112356720376,-26.894503218425783],[-49.07254965313487,-26.89486312590095],[-49.072912881860475,-26.894922243096044],[-49.07184428297856,-26.894561927688763],[-49.07112356720376,-26.894503218425783]]],[[[-49.074177721342494,-26.894485602650835],[-49.0740775891487,-26.894598811952555],[-49.07438940732331,-26.894406367161817],[-49.074177721342494,-26.894485602650835]]],[[[-49.06949786528439,-26.894482567173657],[-49.069858408185056,-26.89443581701498],[-49.06938789487786,-26.894293740275202],[-49.06949786528439,-26.894482567173657]]],[[[-49.0681429307768,-26.89376695559148],[-49.06881837434113,-26.894342023243052],[-49.06924940755728,-26.894239887013306],[-49.0681429307768,-26.89376695559148]]],[[[-49.13103484146086,-26.89444064464845],[-49.131140438940946,-26.89443988173391],[-49.13102605087316,-26.894431204055984],[-49.13103484146086,-26.89444064464845]]],[[[-49.13096148311125,-26.894422317239616],[-49.1308239331673,-26.894352210172688],[-49.13050118218368,-26.89431461323883],[-49.13082030554517,-26.894366349583397],[-49.13096148311125,-26.894422317239616]]],[[[-49.044014315214405,-26.89282234860566],[-49.04386616972561,-26.892869294388106],[-49.04389463492608,-26.89327030158399],[-49.043468164530545,-26.893271548320786],[-49.04333002730586,-26.893565518222395],[-49.04321633954723,-26.89423446345533],[-49.0433797846392,-26.894576553465875],[-49.043582359995675,-26.894468239572173],[-49.04382116230861,-26.893679987690238],[-49.04408423993504,-26.893363200673793],[-49.044014315214405,-26.89282234860566]]],[[[-49.12970881949707,-26.89387068626185],[-49.12981232249737,-26.893874937927038],[-49.12969692723444,-26.89384674838299],[-49.12970881949707,-26.89387068626185]]],[[[-49.1293008178132,-26.893826613230267],[-49.12940678220461,-26.893835910423235],[-49.12941861930798,-26.89380855048143],[-49.1293008178132,-26.893826613230267]]],[[[-49.06873817206393,-26.892806575889296],[-49.06884087336037,-26.89283884858367],[-49.06879647450557,-26.892766353326454],[-49.06873817206393,-26.892806575889296]]],[[[-49.14977906965264,-26.895500946795902],[-49.14996464866257,-26.895383188285837],[-49.14974800570677,-26.89509213381994],[-49.149521508421714,-26.89382809255787],[-49.14957541252064,-26.895235340705604],[-49.14977906965264,-26.895500946795902]]],[[[-49.068475423604845,-26.892815389923726],[-49.06842319076397,-26.892719997034487],[-49.06832611841248,-26.89277972653819],[-49.068475423604845,-26.892815389923726]]],[[[-49.1282971247579,-26.893484985028973],[-49.12840180384027,-26.893508290653006],[-49.12832977718232,-26.89342719669729],[-49.1282971247579,-26.893484985028973]]],[[[-49.12858194198553,-26.89345403710357],[-49.12870106413425,-26.893612007065197],[-49.128995065887516,-26.89364913375271],[-49.12888288037682,-26.893446327832727],[-49.12858194198553,-26.89345403710357]]],[[[-49.12785799935886,-26.89339624949025],[-49.12816898852974,-26.893558497929153],[-49.128289957663945,-26.89344879806634],[-49.127648524471766,-26.893064429277377],[-49.12785799935886,-26.89339624949025]]],[[[-49.064519548460986,-26.89233456036205],[-49.06424565286903,-26.892607284289543],[-49.06468000301061,-26.89254151832307],[-49.065146885636985,-26.892249896254686],[-49.064519548460986,-26.89233456036205]]],[[[-49.06938420012547,-26.89249782144739],[-49.06969338419872,-26.89236621940076],[-49.070004304229776,-26.89220608128799],[-49.06945368925636,-26.892405077500293],[-49.06938420012547,-26.89249782144739]]],[[[-49.06889212340797,-26.892180104736276],[-49.068416586366766,-26.89250828124371],[-49.068042847420166,-26.89254456903164],[-49.06891800230567,-26.89257155009107],[-49.06889212340797,-26.892180104736276]]],[[[-49.122902458633895,-26.89254077333014],[-49.1228846664734,-26.89262984761693],[-49.12294974369395,-26.89250469186801],[-49.122902458633895,-26.89254077333014]]],[[[-49.06705654977879,-26.891706083323214],[-49.066365555703186,-26.891944152434768],[-49.06734525940631,-26.891725226891555],[-49.06753150467526,-26.89224832336132],[-49.06758013587669,-26.891861117658863],[-49.06789305661126,-26.891714550595033],[-49.06705654977879,-26.891706083323214]]],[[[-49.059013224137985,-26.891481587437617],[-49.058950998595755,-26.89166876441343],[-49.05851049560254,-26.8918810672822],[-49.05948420611385,-26.89174881017853],[-49.05948238403424,-26.891526503149553],[-49.059013224137985,-26.891481587437617]]],[[[-49.13674363450122,-26.892513526530706],[-49.13687603005838,-26.892486003833277],[-49.13679342466755,-26.89245414110332],[-49.13674363450122,-26.892513526530706]]],[[[-49.06237337841447,-26.891901554888854],[-49.0608572108967,-26.89225132837395],[-49.06001572533054,-26.891707743384696],[-49.05975490674576,-26.891689888374415],[-49.0597419279799,-26.891907558698065],[-49.060159901098295,-26.892229681925063],[-49.05984343842433,-26.8927248793865],[-49.060211599959835,-26.893389222965077],[-49.06040695167061,-26.89336039706294],[-49.06065013182493,-26.89279867974636],[-49.06046566194167,-26.892477484033332],[-49.061046477947436,-26.89270309089403],[-49.061548958932356,-26.892421361320924],[-49.062564867093904,-26.892201128558302],[-49.06287533036441,-26.891970507536453],[-49.06312473522726,-26.891455126949822],[-49.06293814561805,-26.891368339134697],[-49.06237337841447,-26.891901554888854]]],[[[-49.136389231004806,-26.892350673977173],[-49.13645629760603,-26.89239003648448],[-49.13641369545541,-26.892285737739293],[-49.136389231004806,-26.892350673977173]]],[[[-49.13482186488882,-26.892647649796288],[-49.134083852003506,-26.892620827982814],[-49.13416748112953,-26.892764018722158],[-49.13461012894972,-26.89279446553189],[-49.13449428973995,-26.89334687764248],[-49.1346907696019,-26.893518556272166],[-49.13533856469796,-26.892812255773134],[-49.1352720656274,-26.89264231050691],[-49.135066641752594,-26.89264168253303],[-49.135330161975524,-26.89234277208164],[-49.13538845110905,-26.892029402824168],[-49.135263573354905,-26.8923512800452],[-49.13482186488882,-26.892647649796288]]],[[[-49.0787102254588,-26.890828083808277],[-49.07880568068632,-26.89082134255608],[-49.0787097978107,-26.890793236692467],[-49.0787102254588,-26.890828083808277]]],[[[-49.06799010780658,-26.890438156285924],[-49.068024281892946,-26.890476939238425],[-49.06801986949232,-26.890422260555525],[-49.06799010780658,-26.890438156285924]]],[[[-49.079113148652176,-26.890566254689194],[-49.079263143833096,-26.890532394878214],[-49.07906916764187,-26.890520209453193],[-49.079113148652176,-26.890566254689194]]],[[[-49.11748455223574,-26.89090123996096],[-49.11767447552929,-26.89088582098461],[-49.117471370283056,-26.890886744323964],[-49.11748455223574,-26.89090123996096]]],[[[-49.117156535835115,-26.89086052562474],[-49.11720463059203,-26.890880899723513],[-49.117213707072004,-26.890836552473683],[-49.117156535835115,-26.89086052562474]]],[[[-49.11656951836689,-26.890381289776343],[-49.11641222716925,-26.89077030255903],[-49.116540137535935,-26.890542627694913],[-49.11678417062112,-26.890675362539564],[-49.11656951836689,-26.890381289776343]]],[[[-49.077672470933614,-26.889682180631976],[-49.07706164884446,-26.889847001710482],[-49.07691702338938,-26.890121038201322],[-49.07705104122357,-26.89027892170011],[-49.077119594090306,-26.890076694952086],[-49.07716316008227,-26.890422129703897],[-49.07739940788473,-26.89051831929941],[-49.07783452248822,-26.889883682198047],[-49.077672470933614,-26.889682180631976]]],[[[-49.06863493941609,-26.889455094000358],[-49.06865640481697,-26.889512456813044],[-49.068684229067216,-26.889441770506295],[-49.06863493941609,-26.889455094000358]]],[[[-49.06837613968174,-26.88950806100305],[-49.06843912857835,-26.889488175585136],[-49.06842306484967,-26.8894191856148],[-49.06837613968174,-26.88950806100305]]],[[[-49.07811539664961,-26.889592593620648],[-49.07785309103857,-26.889590524890398],[-49.077935497970365,-26.889857156910583],[-49.07863187623885,-26.890407918034946],[-49.07892058619271,-26.890419329300638],[-49.078650167174565,-26.889970742070158],[-49.07842015937728,-26.88994805161897],[-49.07811539664961,-26.889592593620648]]],[[[-49.06896543647079,-26.88938879360329],[-49.06875121303772,-26.889740352430913],[-49.06844002550828,-26.88970855642593],[-49.0684412102457,-26.890267185170444],[-49.06799046812917,-26.89033484926712],[-49.06831479529826,-26.89042864529843],[-49.06829032197688,-26.89057769211477],[-49.067989366321115,-26.890559701202392],[-49.06817569244255,-26.890666644042064],[-49.06800064760111,-26.89081896222536],[-49.06773865336166,-26.890731826715527],[-49.067892429838494,-26.891325651157796],[-49.068207424720185,-26.890778551225576],[-49.068517713366866,-26.89078508399414],[-49.06874784589554,-26.890593455116875],[-49.06869318312781,-26.8903611270469],[-49.0691851537258,-26.890243197980876],[-49.069399662299624,-26.88994233126138],[-49.06972300022283,-26.889949679777537],[-49.06910593632412,-26.889776003853424],[-49.06896543647079,-26.88938879360329]],[[-49.068970357681366,-26.88953771833249],[-49.06892726003031,-26.88961035502748],[-49.06890804841613,-26.889530986462727],[-49.068970357681366,-26.88953771833249]],[[-49.06876256572481,-26.88982076236882],[-49.068852426686334,-26.89012367366962],[-49.06858782500351,-26.8902644465335],[-49.06853798519907,-26.88982681290886],[-49.06876256572481,-26.88982076236882]],[[-49.06890008063367,-26.889981394218996],[-49.0689748526301,-26.89003796639901],[-49.06896089983078,-26.890085843775406],[-49.06890008063367,-26.889981394218996]]],[[[-49.14477437207937,-26.890318347254293],[-49.14457234458295,-26.89046415696051],[-49.144830737407716,-26.890396958000313],[-49.14477437207937,-26.890318347254293]]],[[[-49.14469581145222,-26.890280422722423],[-49.144987025244646,-26.890186384762206],[-49.14494749116651,-26.890079433492744],[-49.14481440182743,-26.890104915153838],[-49.14469581145222,-26.890280422722423]]],[[[-49.07808207441836,-26.88929916745181],[-49.07819665329055,-26.889217872405865],[-49.07826503380305,-26.889136481644613],[-49.0782127540115,-26.889154454328388],[-49.07808207441836,-26.88929916745181]]],[[[-49.078000448981946,-26.88888163882778],[-49.07801696760739,-26.889081408323484],[-49.07806898182777,-26.88914340767912],[-49.07825526898664,-26.88892348112155],[-49.078000448981946,-26.88888163882778]]],[[[-49.154504324065314,-26.889455274923105],[-49.15469213297134,-26.88968610143306],[-49.15496427469457,-26.889605008490157],[-49.154504324065314,-26.889455274923105]]],[[[-49.08563554996895,-26.88856404691823],[-49.085383937727386,-26.888458885679217],[-49.085452277903656,-26.888636584126612],[-49.08563554996895,-26.88856404691823]]],[[[-49.12929087291089,-26.889170394706337],[-49.129355771237336,-26.889075245654617],[-49.12932920091644,-26.889036732271702],[-49.12929087291089,-26.889170394706337]]],[[[-49.081454653483426,-26.888438543197225],[-49.08136835920059,-26.888255640102226],[-49.08109129959378,-26.88808852864071],[-49.08119818211076,-26.88826549019395],[-49.081454653483426,-26.888438543197225]]],[[[-49.137060635783484,-26.888768967285465],[-49.1371151782911,-26.888830943063486],[-49.13711401068248,-26.888773556001773],[-49.137060635783484,-26.888768967285465]]],[[[-49.08115343593828,-26.888005103250144],[-49.08122154982861,-26.88800072834872],[-49.081211288022935,-26.88797803191898],[-49.08115343593828,-26.888005103250144]]],[[[-49.081327067698446,-26.888005969388693],[-49.08136888884417,-26.888027143517444],[-49.08141604698185,-26.88795348036156],[-49.081327067698446,-26.888005969388693]]],[[[-49.06288161176774,-26.887432507553356],[-49.06190940545985,-26.887613956173688],[-49.06187325324646,-26.88774177647435],[-49.06274119186554,-26.88763062367143],[-49.06288161176774,-26.887432507553356]]],[[[-49.109398616222876,-26.88801024933878],[-49.10937297617556,-26.888074149728617],[-49.10947231337563,-26.887980080186775],[-49.109398616222876,-26.88801024933878]]],[[[-49.109483711426854,-26.887909473366676],[-49.10957500249099,-26.887963545576508],[-49.10962174882601,-26.88786858403259],[-49.109483711426854,-26.887909473366676]]],[[[-49.114248316334994,-26.88839533471291],[-49.1143715247981,-26.888430450288293],[-49.114283139855814,-26.88868776820404],[-49.11447522318415,-26.888500874510434],[-49.114618036341646,-26.888566785291612],[-49.114508714561794,-26.88924101375113],[-49.11461976942395,-26.88948325038829],[-49.11551405554273,-26.889893735157735],[-49.115652976837296,-26.889769072346066],[-49.115714580451744,-26.890084957116258],[-49.11599027730406,-26.890202421261606],[-49.11606937414787,-26.89080377681312],[-49.11591772196167,-26.89106660468372],[-49.116115795232005,-26.891209454541826],[-49.11617824854114,-26.891651654134545],[-49.11610523803141,-26.89204965126183],[-49.115734811059525,-26.892187972784654],[-49.11611818921691,-26.892238744350763],[-49.116224935283256,-26.892712799755042],[-49.116284595146375,-26.892407898229994],[-49.116502801908766,-26.89251074077944],[-49.116241639358826,-26.892193918624386],[-49.11636286338014,-26.89085888169692],[-49.116181070951725,-26.890425677264766],[-49.11655611573771,-26.890031379927912],[-49.116294490695125,-26.889821359756287],[-49.11606819362833,-26.889863286780297],[-49.116060695723306,-26.88965248645107],[-49.11547897179771,-26.88953886520606],[-49.115757666341736,-26.889225086172342],[-49.1151380975802,-26.889404530953353],[-49.114707010652644,-26.889252042563562],[-49.114670084251536,-26.888771098572487],[-49.1150641547937,-26.88831243466624],[-49.11487000879384,-26.887970974648677],[-49.114416415291714,-26.8880254863675],[-49.114248316334994,-26.88839533471291]]],[[[-49.10952950739749,-26.8877525518755],[-49.10947051142877,-26.887827022216594],[-49.109569337035026,-26.88781791994596],[-49.10952950739749,-26.8877525518755]]],[[[-49.110473591457634,-26.88769132536692],[-49.11054482822087,-26.887699165551247],[-49.110544021405445,-26.887651843358533],[-49.110473591457634,-26.88769132536692]]],[[[-49.144861580107055,-26.888030137662035],[-49.14483692596313,-26.888089573007836],[-49.145114157637614,-26.888070594492852],[-49.144861580107055,-26.888030137662035]]],[[[-49.132345862702174,-26.888022810003086],[-49.13259210949945,-26.88858272595776],[-49.13257215970547,-26.887834630341658],[-49.132345862702174,-26.888022810003086]]],[[[-49.078414993081196,-26.8869936162834],[-49.078271720390624,-26.887417590896547],[-49.07874226902285,-26.887828487899128],[-49.078892384544965,-26.887288733306605],[-49.07870967862128,-26.88697562419198],[-49.078414993081196,-26.8869936162834]]],[[[-49.07841643106716,-26.886902378486088],[-49.07848886441109,-26.88690434053998],[-49.07840359776046,-26.88684012347705],[-49.07841643106716,-26.886902378486088]]],[[[-49.08155453579372,-26.88694436161066],[-49.08149611719725,-26.886878072202098],[-49.08139823700171,-26.88690815368458],[-49.08133417602697,-26.88703259074079],[-49.08155453579372,-26.88694436161066]]],[[[-49.094011422783524,-26.88728356332956],[-49.09411769651509,-26.887028095585563],[-49.09400330654507,-26.886918836080696],[-49.09392371219235,-26.88718086009764],[-49.094011422783524,-26.88728356332956]]],[[[-49.11787565102346,-26.88748206608324],[-49.11822501256755,-26.887569227219682],[-49.118384816843374,-26.887465410082086],[-49.118136280471084,-26.88737993332764],[-49.11812097301289,-26.887117158436315],[-49.11787565102346,-26.88748206608324]]],[[[-49.08101586043564,-26.886518734121932],[-49.08106041241757,-26.886539562860214],[-49.0810348377468,-26.88648678138735],[-49.08101586043564,-26.886518734121932]]],[[[-49.11414016120408,-26.887658192458805],[-49.114497607639954,-26.887163507110294],[-49.11441400817373,-26.886871702288467],[-49.11404992981663,-26.887461009900985],[-49.11414016120408,-26.887658192458805]]],[[[-49.134406492226525,-26.88747522696533],[-49.13460218134266,-26.887328994015768],[-49.13402627687992,-26.887130235216414],[-49.134333719847966,-26.887387405496725],[-49.134406492226525,-26.88747522696533]]],[[[-49.11315077238565,-26.886635462572848],[-49.11280768771139,-26.886788714129874],[-49.11303804804648,-26.886856676084474],[-49.11315077238565,-26.886635462572848]]],[[[-49.11241743614087,-26.886668564056617],[-49.112078266637376,-26.88693647692686],[-49.11243448068601,-26.886916954408996],[-49.112585983276716,-26.88702532896642],[-49.11162743125387,-26.887106785090012],[-49.11144727859663,-26.886909659069936],[-49.11146670672801,-26.88706746024793],[-49.111298662209265,-26.88708638004367],[-49.11099726896408,-26.886910859885475],[-49.11101225229497,-26.88731045507528],[-49.11001086356335,-26.88769165634216],[-49.10970849746632,-26.887493650938886],[-49.10949081744511,-26.88762471153154],[-49.10975483425869,-26.887861141849264],[-49.11071785698429,-26.88752751122661],[-49.11072454440148,-26.887654262375726],[-49.11101803372051,-26.887558379658266],[-49.11138716377522,-26.887647986036594],[-49.11117488614057,-26.887485154491525],[-49.11132725335293,-26.88737160686607],[-49.111481920706225,-26.88758131973899],[-49.11185834018832,-26.887518336946],[-49.111997187125425,-26.887625818621178],[-49.11219667240974,-26.887535759303827],[-49.11196297107615,-26.88740418540924],[-49.1119492584354,-26.887202989898714],[-49.112217019368906,-26.88708641327915],[-49.11316875076197,-26.887541902552144],[-49.11276270864816,-26.886950308078838],[-49.112482088604374,-26.8868029438638],[-49.112784761987974,-26.886743638818444],[-49.11273275945925,-26.886663149360835],[-49.11241743614087,-26.886668564056617]],[[-49.11178318309482,-26.887192117420035],[-49.11177795777646,-26.887234477701675],[-49.11164459850048,-26.88723691639154],[-49.11178318309482,-26.887192117420035]],[[-49.11109706042208,-26.887464961874578],[-49.1109860511925,-26.887439250597595],[-49.11107100516832,-26.88739867354995],[-49.11109706042208,-26.887464961874578]],[[-49.11080464438245,-26.887503646356123],[-49.11086744118819,-26.887554417634103],[-49.110837865729884,-26.88758016872048],[-49.11080464438245,-26.887503646356123]],[[-49.109766354639305,-26.88770462076525],[-49.10964527941755,-26.88767793434169],[-49.10966136018087,-26.88763605826797],[-49.109766354639305,-26.88770462076525]],[[-49.10970799579692,-26.88777683391865],[-49.109839610070054,-26.887772035221808],[-49.1097068930042,-26.88778402898794],[-49.10970799579692,-26.88777683391865]]],[[[-49.14414476487186,-26.887826643435183],[-49.145143091054834,-26.889453253352904],[-49.14465097538884,-26.888084218542673],[-49.143455163991995,-26.88686855684587],[-49.143425917320606,-26.887248128507064],[-49.14414476487186,-26.887826643435183]]],[[[-49.11265198835516,-26.88640362433506],[-49.112731636360984,-26.88640484983914],[-49.11264724444529,-26.88635697867268],[-49.11265198835516,-26.88640362433506]]],[[[-49.06204886926116,-26.88575650138531],[-49.06179138389638,-26.885755374252575],[-49.0612417774281,-26.886138783993673],[-49.06107735941832,-26.886534608931864],[-49.06142030086859,-26.886170925807857],[-49.06216497030559,-26.885886155612685],[-49.0624187227275,-26.885924997338414],[-49.062720658772925,-26.885707992584198],[-49.06225216482821,-26.884893190925137],[-49.062325268811975,-26.885387721851107],[-49.06204886926116,-26.88575650138531]]],[[[-49.13972973642479,-26.88582918574656],[-49.139601003289066,-26.885765838807625],[-49.139668193383635,-26.88586270667236],[-49.13972973642479,-26.88582918574656]]],[[[-49.06906927849474,-26.88494979660307],[-49.06904816247589,-26.88480851374898],[-49.06900931529359,-26.88478618676808],[-49.06899431020626,-26.88488786639235],[-49.06906927849474,-26.88494979660307]]],[[[-49.06912668870683,-26.884788938754127],[-49.069246781881034,-26.884707070202808],[-49.06907416639153,-26.884376839511667],[-49.068545184206094,-26.884601801803544],[-49.06912668870683,-26.884788938754127]]],[[[-49.08095649046471,-26.88453649173433],[-49.081111606841205,-26.884984073274715],[-49.080758373240826,-26.88509003360087],[-49.08077143069761,-26.885291726958272],[-49.08029916846283,-26.885614151942445],[-49.08000238695624,-26.88621245279937],[-49.080232227042174,-26.886042689298165],[-49.08046754908907,-26.88616316533584],[-49.08061608148265,-26.88600713030756],[-49.08117144804783,-26.886348905797856],[-49.08167520965248,-26.886186911223763],[-49.08176118291618,-26.88643480381363],[-49.08191261126089,-26.886303885452982],[-49.082278022036775,-26.886454356512775],[-49.08234405109535,-26.886240801075598],[-49.082162160575606,-26.88603695869055],[-49.08245534712963,-26.88583295265729],[-49.08221792357673,-26.88559136307378],[-49.082340023660684,-26.885143454484965],[-49.08185482219283,-26.88567931857166],[-49.08095649046471,-26.88453649173433]],[[-49.081247555017214,-26.885396832238133],[-49.08113424756512,-26.885326221061053],[-49.08115425625372,-26.88515927609169],[-49.08138243160425,-26.885239762843526],[-49.081247555017214,-26.885396832238133]],[[-49.080884049715756,-26.88542469352094],[-49.08083608633358,-26.885590856670465],[-49.08077729210133,-26.88563559369497],[-49.080884049715756,-26.88542469352094]],[[-49.08103617052871,-26.885538690285614],[-49.081219571586004,-26.88565718051144],[-49.081250772965625,-26.885763666964472],[-49.081037096814015,-26.88567661195112],[-49.08103617052871,-26.885538690285614]],[[-49.081004347217814,-26.885803963511997],[-49.08111716205515,-26.885797032272237],[-49.080998640613316,-26.885890413633053],[-49.081004347217814,-26.885803963511997]],[[-49.08037935205736,-26.885945077615613],[-49.08036761985653,-26.88607631627051],[-49.08033225211709,-26.88593721735825],[-49.08037935205736,-26.885945077615613]],[[-49.081282632961965,-26.886177292653187],[-49.08132672446693,-26.886234551747535],[-49.08127778083147,-26.886248399974637],[-49.081282632961965,-26.886177292653187]]],[[[-49.080682824406125,-26.884939401787907],[-49.08086342877514,-26.884789609489488],[-49.080740347831984,-26.884431111241067],[-49.0805247266767,-26.88456661298284],[-49.080682824406125,-26.884939401787907]]],[[[-49.08348230241536,-26.884494503670034],[-49.08338355055364,-26.884680381640013],[-49.08304935992107,-26.884541454296464],[-49.0827720244801,-26.88481271748889],[-49.08282913855117,-26.885181541305588],[-49.083215679261876,-26.884795253289024],[-49.083586322495336,-26.884932645256583],[-49.083713508301166,-26.88453826226861],[-49.08348230241536,-26.884494503670034]]],[[[-49.08038202548009,-26.884175327006176],[-49.08046426945135,-26.88418245439029],[-49.08033633594641,-26.88401652261272],[-49.08038202548009,-26.884175327006176]]],[[[-49.08933436180899,-26.883919753783918],[-49.08938601180906,-26.884311385780215],[-49.08928529460479,-26.884562319609707],[-49.08912852494713,-26.88451962370019],[-49.089330312670185,-26.88484313677445],[-49.089591702208246,-26.884053173587173],[-49.08933436180899,-26.883919753783918]],[[-49.08941162933229,-26.88408368530059],[-49.08946460765441,-26.884144582245963],[-49.08941849755278,-26.884207942880277],[-49.08941162933229,-26.88408368530059]]],[[[-49.089333322324784,-26.883696803632617],[-49.089402116043146,-26.883705185090584],[-49.089409810667455,-26.883635041714314],[-49.089333322324784,-26.883696803632617]]],[[[-49.083346002800425,-26.883488109435433],[-49.083267699510664,-26.883513574424367],[-49.08333977486565,-26.883560493290894],[-49.083346002800425,-26.883488109435433]]],[[[-49.09819430144654,-26.883589755129314],[-49.09781729521277,-26.883734757143376],[-49.097921372809715,-26.884135819583395],[-49.09885891010955,-26.88503170455645],[-49.09874340623606,-26.884672020239492],[-49.09914337448844,-26.884431837014173],[-49.09901640894143,-26.884090024033423],[-49.09858318487538,-26.883935545869722],[-49.09821333477802,-26.884247252523682],[-49.09819430144654,-26.883589755129314]],[[-49.09814702476488,-26.883700042434594],[-49.09806305885625,-26.883734945214965],[-49.09808683866002,-26.88368421280882],[-49.09814702476488,-26.883700042434594]]],[[[-49.05973227383845,-26.88251063412468],[-49.06004323246136,-26.882584329510355],[-49.060322275117514,-26.88263177548418],[-49.05973227383845,-26.88251063412468]]],[[[-49.140253009368756,-26.88367204075258],[-49.13980137811179,-26.883511089418437],[-49.13950183412679,-26.88358246427321],[-49.139571578946715,-26.88399006557745],[-49.139289177944924,-26.8841011379921],[-49.138787215276444,-26.88407843240377],[-49.138396897664514,-26.883865456294167],[-49.1388960000981,-26.884504028816504],[-49.13869161510233,-26.88501219489252],[-49.13950921827268,-26.88558742841909],[-49.13987052194097,-26.88537036441102],[-49.13967950849072,-26.885209868295433],[-49.13938387668064,-26.88526146266091],[-49.1392303730224,-26.88505021851762],[-49.13965964954759,-26.88513864307133],[-49.13998796937411,-26.884427533856247],[-49.13969043622635,-26.884311017072683],[-49.1396686923637,-26.88414345680114],[-49.13991522225282,-26.88415489408987],[-49.14006232059955,-26.883916007109757],[-49.14018504041067,-26.884256616430523],[-49.140367915596585,-26.884335514255337],[-49.140824622755034,-26.88398277469165],[-49.14060306410257,-26.883774670715567],[-49.14073362941206,-26.883578193347432],[-49.14040137192564,-26.883467293342203],[-49.140253009368756,-26.88367204075258]],[[-49.13960539401264,-26.884446591065792],[-49.13954774430717,-26.884455138396],[-49.139604258807736,-26.88442688542715],[-49.13960539401264,-26.884446591065792]],[[-49.13940722115867,-26.884748608969808],[-49.13920383046414,-26.884822324818654],[-49.139355295315816,-26.884672489773475],[-49.13940722115867,-26.884748608969808]]],[[[-49.060979521164036,-26.88281959587521],[-49.060564100774286,-26.88268687195909],[-49.06089073423741,-26.882881675857316],[-49.061422246967126,-26.883570951658392],[-49.06150538951113,-26.88374220755381],[-49.061288040886645,-26.88384096535842],[-49.06144272513958,-26.88403082520309],[-49.06168177066912,-26.88408510865569],[-49.06164515310826,-26.884215590991218],[-49.061922019499825,-26.884189427721726],[-49.061854125260524,-26.884514162145823],[-49.06217360439693,-26.884467043549034],[-49.06214897222697,-26.88473557030259],[-49.06259581584717,-26.884813384715034],[-49.06209998287615,-26.883969751243868],[-49.06152055568651,-26.88349687792632],[-49.061747304454,-26.883361904657885],[-49.06138404334505,-26.883100370330556],[-49.061274027578165,-26.883251435317273],[-49.06109138534589,-26.88299256863253],[-49.06124369614313,-26.88285219846908],[-49.06112675896512,-26.88230536639474],[-49.060979521164036,-26.88281959587521]]],[[[-49.083559159394504,-26.88239249088072],[-49.083645857207095,-26.88268574289402],[-49.08329083225797,-26.882822033310823],[-49.082839096046285,-26.882453091983955],[-49.08326397409417,-26.88315012361374],[-49.08313073953706,-26.883380545486677],[-49.08356358981563,-26.883409547660357],[-49.083270699056605,-26.88378090005271],[-49.08308161617543,-26.88378887257492],[-49.08311215417051,-26.88416403680166],[-49.08331291011262,-26.884066855169785],[-49.08383665903593,-26.88444275407192],[-49.083850344963295,-26.884192055586105],[-49.083438034261874,-26.883960602902185],[-49.08370322567725,-26.88399837594537],[-49.08365986262291,-26.883777986095676],[-49.08384403344525,-26.883564011032277],[-49.08387215163705,-26.882859810189743],[-49.083670359795015,-26.882870100929942],[-49.08385176739931,-26.882490221590082],[-49.083559159394504,-26.88239249088072]],[[-49.083348132447064,-26.88323506746605],[-49.08330437368456,-26.883276584399212],[-49.08332370390265,-26.883178774721205],[-49.083348132447064,-26.88323506746605]]],[[[-49.1011102616748,-26.88250818958539],[-49.10101884728253,-26.882981958190957],[-49.10112374669815,-26.883291313248318],[-49.10120132535394,-26.882606647678053],[-49.1016251666323,-26.8824994661867],[-49.1011102616748,-26.88250818958539]]],[[[-49.08385063328683,-26.882193146420338],[-49.08391262356002,-26.882227707442897],[-49.08393639646925,-26.882164303188315],[-49.08385063328683,-26.882193146420338]]],[[[-49.06110948676419,-26.882196278937823],[-49.06112095011417,-26.881755228369435],[-49.06115426843626,-26.88165125624133],[-49.061090542741894,-26.881790444615316],[-49.06110948676419,-26.882196278937823]]],[[[-49.08952377739905,-26.88072759284341],[-49.08961809360147,-26.880796078537124],[-49.08962853691346,-26.8806512715512],[-49.08952377739905,-26.88072759284341]]],[[[-49.13821323735108,-26.8812993048114],[-49.1382799011997,-26.88132074755276],[-49.1382633766965,-26.881272611192067],[-49.13821323735108,-26.8812993048114]]],[[[-49.067751890346265,-26.879672441521535],[-49.068079699122556,-26.880325020274494],[-49.06844978118494,-26.88026428235909],[-49.0681949172434,-26.88018189988939],[-49.06810510178007,-26.879877794587806],[-49.068622659871075,-26.88009219971548],[-49.06860844894266,-26.87976897236678],[-49.06795617822444,-26.87968448642494],[-49.06781947080289,-26.879524592824367],[-49.067751890346265,-26.879672441521535]]],[[[-49.06975387598851,-26.88106952468567],[-49.06977341980621,-26.880156240165583],[-49.0696872629194,-26.87948446799356],[-49.06969776035647,-26.880964572688217],[-49.06975387598851,-26.88106952468567]]],[[[-49.14046302979476,-26.87999517582575],[-49.140550854591474,-26.879887384154568],[-49.14044566992769,-26.87969352109618],[-49.14036725600434,-26.879801120807787],[-49.14046302979476,-26.87999517582575]]],[[[-49.09257723246696,-26.879475824142187],[-49.09259669450238,-26.8789040575097],[-49.092451434502784,-26.878790849489302],[-49.0923685855343,-26.87924956241086],[-49.09257723246696,-26.879475824142187]]],[[[-49.14073939302649,-26.878711961170772],[-49.140761619671586,-26.878816313998808],[-49.14081969019607,-26.87891456839941],[-49.140860258864834,-26.878744284530356],[-49.14073939302649,-26.878711961170772]]],[[[-49.115600013714236,-26.87873189148718],[-49.11575968081588,-26.878474185587628],[-49.11577577175226,-26.878359465820015],[-49.11563783925973,-26.878598308422053],[-49.115600013714236,-26.87873189148718]]],[[[-49.14073939302649,-26.878711961170772],[-49.140752111075344,-26.878566436022243],[-49.141072145045165,-26.878436975647926],[-49.1404781469926,-26.87857867297218],[-49.14073939302649,-26.878711961170772]]],[[[-49.100859680707416,-26.877833782899692],[-49.100608666291315,-26.878131220575362],[-49.10064073720376,-26.877895800264266],[-49.1004558519579,-26.877852832394762],[-49.10036672771195,-26.878004767811614],[-49.10010074788482,-26.877967735118446],[-49.10020567084663,-26.87827207018274],[-49.099444629444136,-26.878247071780454],[-49.099872112461455,-26.878437510002335],[-49.099994539207444,-26.878579683900924],[-49.099907260350946,-26.878758795167165],[-49.10010048039284,-26.878810227215283],[-49.10034681051027,-26.878698059933384],[-49.100430550200436,-26.878299950489538],[-49.101036029438106,-26.87810361074788],[-49.100859680707416,-26.877833782899692]]],[[[-49.11495716247291,-26.87810103821802],[-49.11517120005288,-26.878400488263942],[-49.1154677749595,-26.878210998372133],[-49.11506010801686,-26.877978418120325],[-49.11495716247291,-26.87810103821802]]],[[[-49.100320968843114,-26.877823989806178],[-49.10023280239832,-26.877708275664524],[-49.10019388951108,-26.87776359245267],[-49.100320968843114,-26.877823989806178]]],[[[-49.10050013965331,-26.877554121856242],[-49.10057595752407,-26.877616711967047],[-49.100557478527925,-26.877564135156696],[-49.10050013965331,-26.877554121856242]]],[[[-49.140662455046325,-26.878167993126162],[-49.14078982522262,-26.87822469624777],[-49.141016691538596,-26.878169802730394],[-49.14075038423697,-26.878174990939236],[-49.14064322565202,-26.877993616183577],[-49.140662455046325,-26.878167993126162]]],[[[-49.11213188419677,-26.87699563518045],[-49.112084226428806,-26.877082556644023],[-49.112160664090844,-26.87699428640406],[-49.11213188419677,-26.87699563518045]]],[[[-49.11220393663832,-26.87687474002571],[-49.11224811460166,-26.876916187612522],[-49.11226834959009,-26.876865189832422],[-49.11220393663832,-26.87687474002571]]],[[[-49.18077725266753,-26.87660775521828],[-49.18033820231813,-26.87683918015134],[-49.18004339459668,-26.876750579565122],[-49.17930366263375,-26.876972305930266],[-49.17890090869927,-26.877198953917286],[-49.178830574132334,-26.877421067681013],[-49.18042910985434,-26.87727966792698],[-49.1816602240191,-26.87735934683922],[-49.182410649547286,-26.877905395259063],[-49.18347822612198,-26.87940423016084],[-49.18419415095827,-26.87963333526651],[-49.18472509764537,-26.879495522955263],[-49.184328839915295,-26.879502497231233],[-49.18384353366422,-26.87922302328176],[-49.183894092922635,-26.878971984189278],[-49.18324460772507,-26.878180690492247],[-49.18195233571497,-26.87693063128759],[-49.181160959811244,-26.87660106339532],[-49.18077725266753,-26.87660775521828]]],[[[-49.0814443057151,-26.875209418702642],[-49.08153806803316,-26.875246336331145],[-49.08143765205276,-26.875188053127058],[-49.0814443057151,-26.875209418702642]]],[[[-49.08128461043872,-26.875155590524532],[-49.08137232671834,-26.87522503082776],[-49.08138960995598,-26.875191638290385],[-49.08128461043872,-26.875155590524532]]],[[[-49.08218357608053,-26.874813937284216],[-49.08229106942932,-26.87480415479847],[-49.082129590542024,-26.874765186626586],[-49.08218357608053,-26.874813937284216]]],[[[-49.10044796800605,-26.874701597322158],[-49.10049964358905,-26.87472509905442],[-49.10045583856346,-26.874678789332354],[-49.10044796800605,-26.874701597322158]]],[[[-49.06539625108245,-26.875621472705447],[-49.065137200326944,-26.87661508710734],[-49.06523278653996,-26.877389054539414],[-49.06582122754218,-26.878047996683023],[-49.06629420953123,-26.879321256817853],[-49.06683786369805,-26.88005876748487],[-49.06737619690722,-26.880337616444255],[-49.06762274191083,-26.88089822670116],[-49.06760632275182,-26.88131178499952],[-49.067416628403954,-26.881691626181144],[-49.06718567989125,-26.881803716926083],[-49.06701848630644,-26.882307906576045],[-49.066763552209025,-26.882482292253318],[-49.06605213434621,-26.882813755246428],[-49.06523445715052,-26.88269670868541],[-49.06537660768862,-26.883131611807848],[-49.065039145073406,-26.88342317400471],[-49.06521145091285,-26.88384285569836],[-49.06498217043165,-26.884063036326523],[-49.06447851563263,-26.884181263941393],[-49.06460612750459,-26.884643746613776],[-49.064506164956256,-26.884805374614878],[-49.064858745617,-26.885106795616558],[-49.064331400786905,-26.885580323348695],[-49.06357395448556,-26.885494709554266],[-49.06327502984054,-26.885604241977763],[-49.06312218212129,-26.88522449624812],[-49.06297126197061,-26.885298380139027],[-49.063094186704014,-26.885798251401752],[-49.06431304649302,-26.88635950839967],[-49.063997362886134,-26.886743888084585],[-49.06413218974036,-26.887412176691573],[-49.06344741214632,-26.888398144282082],[-49.06396593771445,-26.888984825294955],[-49.063975108616525,-26.889920762035143],[-49.06371615138348,-26.890755195206047],[-49.06340158348174,-26.890992340721215],[-49.06349009487626,-26.891161753213876],[-49.064046165698265,-26.890828573492993],[-49.06406684704474,-26.89037087888289],[-49.0642312205983,-26.89016694122171],[-49.06430085093204,-26.888850564638506],[-49.06407796291274,-26.887997774768888],[-49.06435956301649,-26.887901725453705],[-49.064634216271386,-26.887541610998852],[-49.06448261193801,-26.887303887455825],[-49.06458595239209,-26.886963133092483],[-49.06579231154736,-26.8860491463811],[-49.0660692064751,-26.886110457955045],[-49.066695357204836,-26.88589400558909],[-49.06780743783025,-26.885246796449817],[-49.06779523630759,-26.885040614543925],[-49.06848864150432,-26.88464649036893],[-49.06821250920474,-26.88443277929051],[-49.067702833625134,-26.88442691458526],[-49.067683711608154,-26.884193652761834],[-49.06812679097783,-26.88407087760872],[-49.06827247881204,-26.883816762303315],[-49.068898037675424,-26.884079100004666],[-49.069103348868126,-26.883696717307274],[-49.069044639550604,-26.883028343312727],[-49.06823063029754,-26.88316429993048],[-49.06806836688508,-26.88222367267797],[-49.06849405035087,-26.8816596525963],[-49.06850072758309,-26.881342145262035],[-49.068693667659964,-26.88153302607041],[-49.068572461159775,-26.881240473857236],[-49.068929698642364,-26.881568339229474],[-49.06899299628642,-26.881366320345705],[-49.06868511131172,-26.8812517949761],[-49.06835840878792,-26.88069543230145],[-49.06826439601332,-26.880791764010254],[-49.068404250200935,-26.881195775401608],[-49.06775508089711,-26.881378677077798],[-49.067802487871,-26.880975255129105],[-49.067520294242726,-26.880298036974285],[-49.06697524617506,-26.879948567826762],[-49.06645057385233,-26.879114802816222],[-49.0668178605647,-26.879057880018816],[-49.0669046087908,-26.879373214681348],[-49.06704995444538,-26.879037862010957],[-49.06741920872862,-26.879070700776815],[-49.06752860067929,-26.879359638599027],[-49.06781847777118,-26.879172723485883],[-49.06721049246697,-26.878531019749023],[-49.06737279223598,-26.878967480172996],[-49.06632705681862,-26.8788749999997],[-49.06590572197211,-26.877971445287095],[-49.06532354451247,-26.877324043957575],[-49.06523447416961,-26.876607290525467],[-49.065407682511335,-26.875773484149757],[-49.06584348991899,-26.875658229933546],[-49.06548292809973,-26.87564014461779],[-49.065054092724104,-26.874723057551545],[-49.0651812464943,-26.87413974655584],[-49.06475394196922,-26.873718236966457],[-49.06512404506142,-26.874173796178898],[-49.06500185311756,-26.874813818590916],[-49.06539625108245,-26.875621472705447]],[[-49.06793899401488,-26.88202727759837],[-49.06779286278292,-26.88179112667349],[-49.06794568720858,-26.88147908964718],[-49.06810932724255,-26.881451944854046],[-49.06822803509478,-26.88184450809364],[-49.06793899401488,-26.88202727759837]],[[-49.067673183975984,-26.882021226648277],[-49.06753806937495,-26.882003723595716],[-49.06751893530329,-26.881841826184175],[-49.06756273629154,-26.88185141791884],[-49.067673183975984,-26.882021226648277]],[[-49.06787679131311,-26.882590524952327],[-49.067766235074075,-26.88256539291208],[-49.06774838899443,-26.88252299675112],[-49.06784851484185,-26.882474767744895],[-49.06787679131311,-26.882590524952327]],[[-49.06790113276465,-26.882748402602832],[-49.06785623289627,-26.88285053944364],[-49.06787485252439,-26.88271547989922],[-49.06790113276465,-26.882748402602832]],[[-49.0666400210545,-26.882823461242733],[-49.06649311468937,-26.88278202613828],[-49.06655343833823,-26.882724274255768],[-49.0666400210545,-26.882823461242733]],[[-49.06699462799593,-26.883121655089028],[-49.067822921501126,-26.88318348979532],[-49.06700968996649,-26.885268696296517],[-49.06619885935164,-26.885286140097477],[-49.06582313839558,-26.88470644359204],[-49.0661329134745,-26.88429598154759],[-49.066226460410284,-26.88372124488914],[-49.06654890268772,-26.883610890911726],[-49.06699462799593,-26.883121655089028]],[[-49.06538900033245,-26.88373149637571],[-49.065285461216114,-26.88371299302409],[-49.06534649039753,-26.883666712898055],[-49.06538900033245,-26.88373149637571]],[[-49.06757791184049,-26.885061057653413],[-49.06762810419108,-26.885086038349737],[-49.06757026266052,-26.885202225296997],[-49.06757791184049,-26.885061057653413]],[[-49.06781110413933,-26.88393537607899],[-49.067915778860055,-26.883931745569292],[-49.06784344518371,-26.8839903904296],[-49.06781110413933,-26.88393537607899]],[[-49.06595116275094,-26.885764055310684],[-49.065907409027666,-26.885774118049245],[-49.065934997079,-26.885723557190587],[-49.06595116275094,-26.885764055310684]],[[-49.06462867672682,-26.885739547772804],[-49.064636048208236,-26.88595525245298],[-49.06460395112727,-26.88598439211667],[-49.064506564056536,-26.885844216123715],[-49.06462867672682,-26.885739547772804]],[[-49.06413983896256,-26.88573987729687],[-49.06436563600673,-26.885800729117292],[-49.06423322743477,-26.88602233954868],[-49.06390613074346,-26.885994770042167],[-49.06413983896256,-26.88573987729687]]],[[[-49.10282886165584,-26.874280600912442],[-49.103018620298926,-26.874257433718384],[-49.102822511990716,-26.874223432045206],[-49.10282886165584,-26.874280600912442]]],[[[-49.08301114653708,-26.8738193144386],[-49.08314981623589,-26.87414513511801],[-49.082956025553344,-26.874421668078394],[-49.08135939898346,-26.875511727528995],[-49.08203210223582,-26.87542014091173],[-49.08339079253834,-26.874437320101897],[-49.08378443001344,-26.874567893223585],[-49.083498453725056,-26.87426964405832],[-49.083622303923015,-26.87395509274908],[-49.08301114653708,-26.8738193144386]]],[[[-49.06474283948041,-26.87356505728116],[-49.06476254097701,-26.873546756511935],[-49.06468063395963,-26.87346748002307],[-49.06474283948041,-26.87356505728116]]],[[[-49.141948775802284,-26.874808632498187],[-49.142117333547134,-26.875267002086613],[-49.14221350196848,-26.875085162208386],[-49.14247157727709,-26.87510287083495],[-49.1425362723073,-26.874410938089184],[-49.14206263402884,-26.874595301769933],[-49.141948775802284,-26.874808632498187]]],[[[-49.08279556317844,-26.873568673278417],[-49.08283658415078,-26.87354943497905],[-49.082786465236374,-26.873546589417487],[-49.08279556317844,-26.873568673278417]]],[[[-49.082745352933316,-26.87350414729197],[-49.08268822625202,-26.873369046485454],[-49.08254958696197,-26.873297135135996],[-49.08255877953086,-26.87331519726001],[-49.082745352933316,-26.87350414729197]]],[[[-49.082232267690586,-26.873208487522824],[-49.08245896469962,-26.873281361313563],[-49.08249724076349,-26.873255378192297],[-49.082232267690586,-26.873208487522824]]],[[[-49.140033105184614,-26.873960752017204],[-49.140280529370045,-26.874052524332953],[-49.140323298016554,-26.87401768733074],[-49.140033105184614,-26.873960752017204]]],[[[-49.085486103239916,-26.873336766909603],[-49.08515451515501,-26.873350886883156],[-49.08520692619685,-26.873159576216054],[-49.08486580518423,-26.87349202228037],[-49.085985504005315,-26.874244292822258],[-49.08623186738119,-26.874156851868523],[-49.086313006970066,-26.873845381727445],[-49.08662171013164,-26.874428431733392],[-49.086987630335464,-26.874432348206323],[-49.08705806859832,-26.874258801938634],[-49.086244283018665,-26.873597014148533],[-49.086249732085406,-26.87338476384234],[-49.08546685166945,-26.873027124992813],[-49.08532855749242,-26.87310910087774],[-49.08552171538148,-26.873193751470843],[-49.085486103239916,-26.873336766909603]],[[-49.086565149201654,-26.874023657244557],[-49.086492451390505,-26.874038722222426],[-49.086564932688006,-26.874005161247084],[-49.086565149201654,-26.874023657244557]],[[-49.08617538603404,-26.87403024724663],[-49.08606511998518,-26.874060104483334],[-49.08612462301311,-26.873968654275874],[-49.08617538603404,-26.87403024724663]]],[[[-49.13997599541112,-26.87386310624618],[-49.13998888766004,-26.873713425593706],[-49.13988011708051,-26.873709221983585],[-49.13997599541112,-26.87386310624618]]],[[[-49.08605712903633,-26.872994067099892],[-49.08639225003418,-26.872860943014505],[-49.08639305588432,-26.87283755416395],[-49.08600649202393,-26.87280877944182],[-49.08605712903633,-26.872994067099892]]],[[[-49.10511828725003,-26.872768236194705],[-49.105197147367235,-26.872619410347085],[-49.105085458965746,-26.87257478537493],[-49.105045871884656,-26.872645380137822],[-49.10511828725003,-26.872768236194705]]],[[[-49.08751140841486,-26.872490927442094],[-49.08829957134675,-26.87225505553733],[-49.08826992860713,-26.871795577569017],[-49.088076802828965,-26.871817222625808],[-49.08807419105026,-26.87208100236798],[-49.08744321728311,-26.872382401885957],[-49.08751140841486,-26.872490927442094]]],[[[-49.102848991484194,-26.871514017170025],[-49.10306447338689,-26.871463297090088],[-49.103076594495136,-26.871326866138734],[-49.10283160871276,-26.87129029147494],[-49.102848991484194,-26.871514017170025]]],[[[-49.09640004277191,-26.87103751909047],[-49.09656431782159,-26.8709994741663],[-49.09647039345001,-26.87095585778888],[-49.09640004277191,-26.87103751909047]]],[[[-49.145132829549,-26.871362556109727],[-49.14446964709426,-26.87146817955754],[-49.143995944531206,-26.871808131267052],[-49.14393723413,-26.872106195814577],[-49.14446867454584,-26.872034884410915],[-49.14470603823998,-26.87149509196824],[-49.144938863053525,-26.87156019778151],[-49.145132829549,-26.871362556109727]]],[[[-49.10644019792701,-26.87112186852523],[-49.10555959054237,-26.871326261748802],[-49.10520041806456,-26.871572046253736],[-49.104677939767804,-26.872160903582138],[-49.10464109530508,-26.872465329649163],[-49.10544752909489,-26.871635252468025],[-49.1065373870906,-26.87132302962536],[-49.106809296499335,-26.870940031560735],[-49.10642720267117,-26.870733278819547],[-49.10657687722359,-26.870881691111666],[-49.10644019792701,-26.87112186852523]]],[[[-49.14933265928164,-26.870690206818267],[-49.149494899002434,-26.870706822046277],[-49.14950955691113,-26.870906426639266],[-49.14963580086114,-26.87080095654522],[-49.14959856059838,-26.87064856966736],[-49.14933265928164,-26.870690206818267]]],[[[-49.11638097184115,-26.870022470619546],[-49.11643131752693,-26.870113664305283],[-49.11637584327008,-26.86994884670798],[-49.11638097184115,-26.870022470619546]]],[[[-49.09013325446157,-26.869377960510445],[-49.090190902597755,-26.869442972911166],[-49.09016049194096,-26.869358480911384],[-49.09013325446157,-26.869377960510445]]],[[[-49.1518912581062,-26.87014526367658],[-49.15200553110718,-26.870172901225526],[-49.15187079651207,-26.87008510601864],[-49.1518912581062,-26.87014526367658]]],[[[-49.152162462753495,-26.870001316559243],[-49.152389623240296,-26.870048639148248],[-49.15213858666344,-26.869979332766828],[-49.152162462753495,-26.870001316559243]]],[[[-49.09034988133424,-26.869009241374002],[-49.09048417846574,-26.869005506890268],[-49.09038209079792,-26.868962388879446],[-49.09034988133424,-26.869009241374002]]],[[[-49.15034843937997,-26.869632187523052],[-49.149815327686554,-26.870312412060343],[-49.14983853613315,-26.8704970998812],[-49.15007392976694,-26.870183308230825],[-49.15038498603001,-26.87015079810618],[-49.15060062039662,-26.86970613866585],[-49.15034843937997,-26.869632187523052]]],[[[-49.108071135211,-26.86874721896347],[-49.10801843187862,-26.868536492019903],[-49.10800080777309,-26.868503251841574],[-49.108001507389936,-26.868569275977073],[-49.108071135211,-26.86874721896347]]],[[[-49.1157321665588,-26.86897601985454],[-49.11566868904841,-26.86868060233093],[-49.115428604294515,-26.868442884284452],[-49.11541634699623,-26.86852351792185],[-49.1157321665588,-26.86897601985454]]],[[[-49.11611583018151,-26.868985107220617],[-49.116089565138225,-26.868657980217105],[-49.11614690139666,-26.868374451282783],[-49.11603068143113,-26.8686694997824],[-49.11611583018151,-26.868985107220617]]],[[[-49.11614061867789,-26.868109475139725],[-49.116217793188454,-26.868072915394382],[-49.116105986403255,-26.86804216143358],[-49.11614061867789,-26.868109475139725]]],[[[-49.114935823533905,-26.868045489957012],[-49.11536298204802,-26.86835243025907],[-49.114852440027875,-26.867833228402215],[-49.114935823533905,-26.868045489957012]]],[[[-49.11599565581299,-26.8678766760894],[-49.116026477285075,-26.867776278521863],[-49.116009360129674,-26.867740248922367],[-49.11595975666146,-26.867757612221606],[-49.11599565581299,-26.8678766760894]]],[[[-49.108803509475365,-26.86753503239899],[-49.108987083618466,-26.86756688654419],[-49.109175878813204,-26.867549678280024],[-49.109132640826594,-26.86753762026315],[-49.108803509475365,-26.86753503239899]]],[[[-49.116079689608355,-26.867576103516733],[-49.116188727433,-26.867463484787184],[-49.116139358887715,-26.867292212344577],[-49.116118447104014,-26.867304818210446],[-49.116079689608355,-26.867576103516733]]],[[[-49.08952981825975,-26.866978933157597],[-49.08955308855169,-26.866865318301233],[-49.089464397740976,-26.866842659997186],[-49.08944003845423,-26.86691168499302],[-49.08952981825975,-26.866978933157597]]],[[[-49.14254838961685,-26.867328271164585],[-49.142361763527624,-26.867358393350315],[-49.14259476656374,-26.86736376863377],[-49.14254838961685,-26.867328271164585]]],[[[-49.116191969447,-26.866943426474293],[-49.11624151833584,-26.866956552971814],[-49.11624273854703,-26.866904499840707],[-49.116191969447,-26.866943426474293]]],[[[-49.145171234467064,-26.86753472140496],[-49.14531943578562,-26.867790334434247],[-49.14536844691026,-26.86762446021889],[-49.14564191773238,-26.86756551638488],[-49.14535878335107,-26.867559472010928],[-49.14543286593696,-26.867279876610315],[-49.145171234467064,-26.86753472140496]]],[[[-49.14268677968926,-26.867453045637355],[-49.14292232228173,-26.867304716713516],[-49.14291522975338,-26.8671768366208],[-49.142652868503156,-26.867318188482294],[-49.14268677968926,-26.867453045637355]]],[[[-49.10972186267203,-26.866730547032923],[-49.108388218503485,-26.866853166119252],[-49.10853854656634,-26.867814336571538],[-49.10836456697213,-26.86872288815256],[-49.10777730618455,-26.869124784872938],[-49.107648991225865,-26.869985764982818],[-49.106892998390464,-26.87043328586645],[-49.10681197979527,-26.870734534473478],[-49.107774407889714,-26.8701845341082],[-49.10802206912862,-26.86917898384371],[-49.108928363318576,-26.86922445765461],[-49.10887735656024,-26.869092552774912],[-49.108586703956554,-26.869156337891432],[-49.10837223188754,-26.869019678016922],[-49.10870393803395,-26.86791985028848],[-49.10871622159933,-26.867553126871236],[-49.10846283473083,-26.867055503803194],[-49.108592016055496,-26.866928543614204],[-49.110109686352665,-26.866828410248033],[-49.11074680541438,-26.86693485844015],[-49.11123228017223,-26.867382879962893],[-49.11314809000972,-26.867359407067905],[-49.113432065796765,-26.867790688139873],[-49.11379055167652,-26.8679897060802],[-49.11434811196543,-26.867433534649248],[-49.11470048337017,-26.867505647443323],[-49.11436571904939,-26.86733972818937],[-49.11397104472032,-26.86769131826758],[-49.11367898245502,-26.867754529496466],[-49.11319796778299,-26.867273432630103],[-49.11127908791834,-26.86723691226255],[-49.11089225853026,-26.866882180954118],[-49.10972186267203,-26.866730547032923]]],[[[-49.14549465184229,-26.867257968833805],[-49.14558062394256,-26.86716860001949],[-49.14557260630626,-26.867064117641114],[-49.14553682316825,-26.867089084762597],[-49.14549465184229,-26.867257968833805]]],[[[-49.14312460706839,-26.866781233290197],[-49.14297538822425,-26.866788388488214],[-49.143091127837124,-26.866888250209684],[-49.14312460706839,-26.866781233290197]]],[[[-49.11614196535127,-26.866621491409905],[-49.11617059084504,-26.86651994458469],[-49.116148475721445,-26.866332674054725],[-49.11610798130093,-26.866414390205286],[-49.11614196535127,-26.866621491409905]]],[[[-49.11602801325088,-26.866086611535824],[-49.116098051550935,-26.866163170875904],[-49.1160502853768,-26.866005829376554],[-49.11602801325088,-26.866086611535824]]],[[[-49.08555206298591,-26.865857584726804],[-49.08535264350077,-26.865709923098617],[-49.085025077720665,-26.86556161260361],[-49.08518444057438,-26.86567994239781],[-49.08555206298591,-26.865857584726804]]],[[[-49.08959593121486,-26.86604661093178],[-49.08978971283789,-26.865766712585675],[-49.08964838938717,-26.865515238320064],[-49.089584672463964,-26.86559452960005],[-49.08959593121486,-26.86604661093178]]],[[[-49.115979293277086,-26.865724139956527],[-49.1160161344877,-26.865792581575377],[-49.11603934062482,-26.86566229153368],[-49.115979293277086,-26.865724139956527]]],[[[-49.10834842137436,-26.865833637914896],[-49.10808505897648,-26.865599733671996],[-49.108134625304594,-26.865896057533178],[-49.1084161286877,-26.865922882253503],[-49.108655841754924,-26.866440747351305],[-49.108469265698986,-26.865424595070195],[-49.10834842137436,-26.865833637914896]]],[[[-49.11606722045601,-26.865476788106346],[-49.11614105719077,-26.8652455802539],[-49.11613153576252,-26.865208708918555],[-49.11604545352064,-26.865320551307352],[-49.11606722045601,-26.865476788106346]]],[[[-49.14235798778705,-26.866222725816698],[-49.14253621679213,-26.866163840790865],[-49.142486073578866,-26.865858550627642],[-49.14187708481717,-26.865498523896296],[-49.14174504968659,-26.865639138476123],[-49.141917985769844,-26.86594349731012],[-49.14235798778705,-26.866222725816698]]],[[[-49.11648527272227,-26.864964639279027],[-49.11650613465052,-26.86502243359903],[-49.11654008986499,-26.864936720344073],[-49.11648527272227,-26.864964639279027]]],[[[-49.116585712607545,-26.864643058798585],[-49.116650941057586,-26.86464243594223],[-49.11663256502662,-26.86460567366638],[-49.116585712607545,-26.864643058798585]]],[[[-49.11672916596456,-26.864409954310513],[-49.11668789428296,-26.86454535581055],[-49.116799021882265,-26.864362038012274],[-49.11672916596456,-26.864409954310513]]],[[[-49.140315016425106,-26.864628932781386],[-49.140612020429266,-26.865034728783435],[-49.14144922140621,-26.86540060169047],[-49.14163891843265,-26.865285086334467],[-49.142035103566194,-26.8653842186909],[-49.14183902111863,-26.865217474726784],[-49.14184247649368,-26.865090768566564],[-49.141990393137796,-26.865097798476487],[-49.14186271055434,-26.86501923077075],[-49.14106275613473,-26.865046835880985],[-49.140315016425106,-26.864628932781386]],[[-49.14062763503603,-26.864918941310343],[-49.14063615194105,-26.864959042524895],[-49.1405995674412,-26.86498049605057],[-49.14062763503603,-26.864918941310343]]],[[[-49.1483357511446,-26.86513996452482],[-49.148555052881456,-26.864880765033927],[-49.148154642251704,-26.864238195715572],[-49.14817603516858,-26.864710108086495],[-49.1483357511446,-26.86513996452482]]],[[[-49.08856046776065,-26.86451297933999],[-49.088749420631814,-26.864583523797826],[-49.08863679542266,-26.864742727803254],[-49.08833226971152,-26.86481879236698],[-49.088192684307,-26.864622846798458],[-49.087975833150104,-26.864985977378304],[-49.088301743051765,-26.86516273509093],[-49.08836499079012,-26.86553412636584],[-49.08870116195208,-26.865583115068514],[-49.088360390508235,-26.865878436352954],[-49.088284513962044,-26.86615609824544],[-49.08844858751885,-26.866504842216987],[-49.08865659296504,-26.866545452290474],[-49.08859350905904,-26.866927920834378],[-49.088970481841464,-26.86713988166893],[-49.089114768587564,-26.86667813489839],[-49.08859453915395,-26.866067511997183],[-49.088945544939655,-26.86575196248662],[-49.088898592084014,-26.864980413084872],[-49.08926443478607,-26.86449568192531],[-49.08910906216688,-26.86438724518847],[-49.08867845250161,-26.86446866287534],[-49.08883699136493,-26.8634268985969],[-49.08856046776065,-26.86451297933999]],[[-49.08824910608867,-26.86495561937289],[-49.088172286050366,-26.86496498875808],[-49.08826691329593,-26.864835287958616],[-49.08824910608867,-26.86495561937289]]],[[[-49.14240533402064,-26.864122052082763],[-49.14252250207553,-26.864152800310883],[-49.14241175241923,-26.864088375822043],[-49.14240533402064,-26.864122052082763]]],[[[-49.1476986785438,-26.864341921787766],[-49.14806596113059,-26.864634237783125],[-49.14808366852329,-26.864372305201233],[-49.14788665289997,-26.86438839786284],[-49.14769271732596,-26.864110836311387],[-49.147886236610226,-26.863676564265006],[-49.147643549077564,-26.863921189957875],[-49.1476986785438,-26.864341921787766]]],[[[-49.15389540315149,-26.86376926175872],[-49.153982283433464,-26.863825016374776],[-49.15394665434648,-26.86369879361692],[-49.15389540315149,-26.86376926175872]]],[[[-49.15398358716032,-26.863555648299215],[-49.154046575483825,-26.863536514482227],[-49.15398406596934,-26.86352668690485],[-49.15398358716032,-26.863555648299215]]],[[[-49.15410186111561,-26.863398421691382],[-49.15416596821166,-26.86341481992791],[-49.15417707164756,-26.86337812656491],[-49.15410186111561,-26.863398421691382]]],[[[-49.15399431568271,-26.863371119324103],[-49.153960027238796,-26.863497071332556],[-49.15410418071495,-26.863480297436407],[-49.15399431568271,-26.863371119324103]]],[[[-49.13864969070559,-26.863114725928604],[-49.139407867443374,-26.864055399160726],[-49.14018057966745,-26.864524633520773],[-49.1395028164964,-26.8640173622943],[-49.13864969070559,-26.863114725928604]]],[[[-49.13864969070559,-26.863114725928604],[-49.138528321494825,-26.863049031495798],[-49.13823511478864,-26.862933230062122],[-49.13853922458712,-26.863169291886457],[-49.13864969070559,-26.863114725928604]]],[[[-49.1437024377777,-26.863308938446455],[-49.14378349743713,-26.86311799757131],[-49.1436784147989,-26.862989924239834],[-49.143718126513456,-26.863182637819296],[-49.1437024377777,-26.863308938446455]]],[[[-49.143192346356926,-26.862876624839576],[-49.14333308048067,-26.8627040610444],[-49.14328330874915,-26.8626374008395],[-49.14317702998105,-26.8627870160386],[-49.143192346356926,-26.862876624839576]]],[[[-49.15639337387457,-26.862727756444663],[-49.1574022265098,-26.86310275424355],[-49.15796421861984,-26.862908971301465],[-49.15743662980625,-26.862968580131408],[-49.156645318709515,-26.86261795805041],[-49.15639337387457,-26.862727756444663]]],[[[-49.14363466111264,-26.86293547535631],[-49.14358470501087,-26.862562037402338],[-49.14330425978697,-26.862391513597633],[-49.14342717391095,-26.8624828543733],[-49.14363466111264,-26.86293547535631]]],[[[-49.14298000695331,-26.86242416507955],[-49.143037433811436,-26.862427483266536],[-49.14311196272121,-26.8623756892662],[-49.14298000695331,-26.86242416507955]]],[[[-49.15912356428025,-26.862549265022444],[-49.15849767163221,-26.862584292238978],[-49.158027957630495,-26.862796171131734],[-49.15838688260277,-26.86279216573134],[-49.158634716632434,-26.862616227835915],[-49.159035075192904,-26.862651160916155],[-49.15912356428025,-26.862549265022444]]],[[[-49.16036147742797,-26.86251840326063],[-49.160156120492836,-26.862521189317253],[-49.15943098835973,-26.862737109243334],[-49.1593108818791,-26.862841725318383],[-49.16036147742797,-26.86251840326063]]],[[[-49.161330197920215,-26.862350880001326],[-49.160496538587836,-26.862419780357083],[-49.16041819326252,-26.862483162949292],[-49.161330197920215,-26.862350880001326]]],[[[-49.094299229305264,-26.860463409787613],[-49.094252955354634,-26.86115119082267],[-49.09415956362054,-26.860995804189624],[-49.09399518935852,-26.86126145382839],[-49.091507971945674,-26.861273101257492],[-49.09136079799611,-26.861566423382552],[-49.09141404590411,-26.862202967143375],[-49.09162961496761,-26.86136105979514],[-49.09522038338756,-26.86139645253932],[-49.095439511835,-26.861371938478335],[-49.09601768664323,-26.861046585475602],[-49.09581154401064,-26.861070682146458],[-49.09573733947666,-26.860924950212826],[-49.09543106688659,-26.861312267808653],[-49.0951549956217,-26.861319976594658],[-49.09493368006315,-26.86097310863491],[-49.0950564302365,-26.860876373572193],[-49.09499977603616,-26.860619938674],[-49.09473050124255,-26.860750565023057],[-49.09473790195303,-26.86112473977201],[-49.09442779446859,-26.860944484366176],[-49.094299229305264,-26.860463409787613]],[[-49.094902954387095,-26.86105479103418],[-49.094917167414465,-26.861005311779387],[-49.09493183614333,-26.861046104810544],[-49.094902954387095,-26.86105479103418]],[[-49.09497653361443,-26.86120315648393],[-49.094873630002645,-26.86131317242298],[-49.094892884406725,-26.861177423444158],[-49.09497653361443,-26.86120315648393]],[[-49.09476603245303,-26.861281483379695],[-49.09455639379547,-26.86128220447893],[-49.09448871343104,-26.861260231299195],[-49.09475531619568,-26.86117090739481],[-49.09476603245303,-26.861281483379695]]],[[[-49.09583310045034,-26.86082438403681],[-49.09607777981914,-26.86055251432059],[-49.09610545030082,-26.86046613261844],[-49.09586867731451,-26.86073556844303],[-49.09583310045034,-26.86082438403681]]],[[[-49.087747831894745,-26.860373843453125],[-49.08661015064328,-26.860498235337793],[-49.08675916126994,-26.860819265750315],[-49.08650766218147,-26.861317150003305],[-49.08661373838474,-26.86153053457879],[-49.08706230058817,-26.861475323875904],[-49.08704125960129,-26.861177289373522],[-49.08723623285355,-26.860952874594037],[-49.08793036120326,-26.860954643606775],[-49.08828169910224,-26.860799211526565],[-49.08826020324559,-26.86061810300119],[-49.087660944765915,-26.860534542429303],[-49.087747831894745,-26.860373843453125]],[[-49.088245707615954,-26.860768961169597],[-49.08816691954489,-26.86071584074238],[-49.08825646981127,-26.860749213944455],[-49.088245707615954,-26.860768961169597]]],[[[-49.08984995547889,-26.860331533763134],[-49.09012079498112,-26.86045622330155],[-49.090434337857026,-26.860424188098715],[-49.09040635719854,-26.86031859204142],[-49.08984995547889,-26.860331533763134]]],[[[-49.089389543080934,-26.859977734229396],[-49.08952851435331,-26.860027357960014],[-49.089506213915875,-26.859933835996987],[-49.089389543080934,-26.859977734229396]]],[[[-49.08916679440767,-26.859785631749926],[-49.089181440315365,-26.859506692173614],[-49.08909967752313,-26.85938696502281],[-49.089047586439136,-26.859503558789143],[-49.08916679440767,-26.859785631749926]]],[[[-49.078669920224655,-26.858960367476033],[-49.07852734940177,-26.859341336770186],[-49.07892319293793,-26.859440737092594],[-49.07893846374809,-26.85966670072593],[-49.07910019981667,-26.859716547064245],[-49.0795108631364,-26.859288936060494],[-49.07933953052695,-26.859063131606653],[-49.078669920224655,-26.858960367476033]]],[[[-49.0783319627514,-26.858873499443387],[-49.07740612112617,-26.85879411471304],[-49.07738882674323,-26.85880140477185],[-49.078066218356085,-26.859030682079986],[-49.0783319627514,-26.858873499443387]]],[[[-49.09143802423657,-26.85706163487087],[-49.09165286950819,-26.856895195692285],[-49.09154743436105,-26.85671071462122],[-49.0913140804648,-26.856923064689116],[-49.09143802423657,-26.85706163487087]]],[[[-49.087237742805414,-26.856349252589382],[-49.087445609245826,-26.856307727044392],[-49.08740869985051,-26.85612647087947],[-49.08714651833186,-26.856164898844185],[-49.087237742805414,-26.856349252589382]]],[[[-49.09283995505857,-26.855783653919126],[-49.093254724857985,-26.855704528803873],[-49.0933119791434,-26.855016942440002],[-49.09318920741555,-26.85558208122592],[-49.09283995505857,-26.855783653919126]]],[[[-49.1582465265809,-26.855444609218498],[-49.15823009263981,-26.85517696267669],[-49.15810257586223,-26.855004426818176],[-49.15821190098089,-26.855311530332308],[-49.1582465265809,-26.855444609218498]]],[[[-49.0875181536366,-26.854516559389815],[-49.08725088652927,-26.854493111975373],[-49.087867556853496,-26.854922560575826],[-49.08856936615379,-26.85495367270662],[-49.08894662327197,-26.856975219228588],[-49.08789784932427,-26.85731767840127],[-49.08749040737756,-26.85648881493091],[-49.08639330211852,-26.85666291651262],[-49.0861435937222,-26.856827424052785],[-49.086141261985176,-26.85872559892574],[-49.086791346442716,-26.858908830569845],[-49.08702837740648,-26.859548475805415],[-49.08735547143726,-26.85946922022275],[-49.087587883769714,-26.85920672979545],[-49.088058488983954,-26.85918146323581],[-49.088264474544786,-26.85894695502858],[-49.088280811852144,-26.85852856933087],[-49.08868051299406,-26.858440848311666],[-49.089015924838094,-26.858772959986844],[-49.08927001439679,-26.85768108550871],[-49.08943864998897,-26.85751497145332],[-49.08965438070185,-26.85751736085697],[-49.089862752048816,-26.857971173170363],[-49.090269682795345,-26.85782807981377],[-49.09049184035853,-26.857413533174782],[-49.09045942163996,-26.856873233787866],[-49.091093251634426,-26.85693279206139],[-49.0915071326465,-26.85655909666678],[-49.09190411882093,-26.856446461046925],[-49.09218081665786,-26.855940255447866],[-49.09231880308007,-26.856148833828527],[-49.09261071021712,-26.85602023029609],[-49.09229070087865,-26.85596062003546],[-49.09262539711503,-26.855907889746288],[-49.091943556987154,-26.85582523883564],[-49.09117460893931,-26.85599755114733],[-49.09100422699814,-26.856112390574864],[-49.09098790056283,-26.856458630588335],[-49.08956288645172,-26.85644856138577],[-49.08923588502071,-26.856275448232317],[-49.08907900496166,-26.855478175208837],[-49.088765639943155,-26.855441844126553],[-49.088881157447275,-26.855309180730742],[-49.08872396464899,-26.85524170308669],[-49.08867107685449,-26.854919340095208],[-49.08803613534881,-26.85468800971032],[-49.0882971782265,-26.854633719793924],[-49.08830224963955,-26.854473409051778],[-49.08796331586324,-26.85430159659653],[-49.08790651409026,-26.853811065919256],[-49.0875181536366,-26.854516559389815]],[[-49.088931962611156,-26.855556835715518],[-49.08887926290112,-26.85560478870584],[-49.088862721676826,-26.855584427856062],[-49.088931962611156,-26.855556835715518]],[[-49.089625876819504,-26.856775016626766],[-49.089713165351945,-26.857056631890217],[-49.089391800926414,-26.85731909338],[-49.08937199584009,-26.85669750708945],[-49.089625876819504,-26.856775016626766]],[[-49.087200597788346,-26.85873098619999],[-49.08763379544234,-26.85876456587],[-49.08734219136307,-26.85893285294451],[-49.087200597788346,-26.85873098619999]],[[-49.087528097341966,-26.858905660555546],[-49.08764160269084,-26.858984306807415],[-49.08760089438194,-26.8591193252825],[-49.0875235430157,-26.859052911970185],[-49.087528097341966,-26.858905660555546]],[[-49.08747932925274,-26.856730485952635],[-49.08751335522779,-26.85670524564616],[-49.08753128508485,-26.856751118248958],[-49.08747932925274,-26.856730485952635]]],[[[-49.07985475860131,-26.852684882836567],[-49.07985556467269,-26.8528143381273],[-49.079947795805,-26.85250188459125],[-49.07985475860131,-26.852684882836567]]],[[[-49.08789689098583,-26.852554110856133],[-49.087732492356,-26.852637751243638],[-49.08778117761291,-26.85282667706862],[-49.0878345115155,-26.85261902529497],[-49.08807266252115,-26.852604438136147],[-49.08789689098583,-26.852554110856133]]],[[[-49.079929729535635,-26.852005255610077],[-49.08000959465117,-26.852013038346694],[-49.079957691658464,-26.851981552475177],[-49.079929729535635,-26.852005255610077]]],[[[-49.0879696748333,-26.85153275221814],[-49.087569906886365,-26.851972477412193],[-49.08766490674388,-26.852438244571626],[-49.08859514444486,-26.85225346335618],[-49.08864814253713,-26.851732305391984],[-49.08808009906168,-26.851717825557593],[-49.0879696748333,-26.85153275221814]]],[[[-49.08688318827727,-26.85144207617824],[-49.08714503848768,-26.85140569611677],[-49.08731543801359,-26.851261307672452],[-49.086933724830075,-26.851141125225297],[-49.08688318827727,-26.85144207617824]]],[[[-49.08336764611744,-26.848726885907396],[-49.083397257815086,-26.84875744404709],[-49.083436010604515,-26.848701744121502],[-49.08336764611744,-26.848726885907396]]],[[[-49.090501889278904,-26.84866735829063],[-49.090572884940286,-26.84868951011525],[-49.09053405922785,-26.848634659839913],[-49.090501889278904,-26.84866735829063]]],[[[-49.08961827648831,-26.848804442250895],[-49.08973822976378,-26.84887000200231],[-49.08955435532246,-26.84892514893582],[-49.08961472762586,-26.84917656573961],[-49.08853118539082,-26.84929086065932],[-49.08905031713512,-26.849393698775824],[-49.090094957958,-26.849266464235605],[-49.090194247166856,-26.848952441842147],[-49.09072515650398,-26.848881286360363],[-49.09059097162662,-26.848780773741424],[-49.09033913143284,-26.84885980105426],[-49.0902299175833,-26.84859724428451],[-49.09011005199105,-26.848694007582235],[-49.090018670215684,-26.848508376556715],[-49.08996563521911,-26.848679791697307],[-49.08961827648831,-26.848804442250895]],[[-49.08978971571851,-26.84906918745656],[-49.08970451631617,-26.849088753011788],[-49.08970093844255,-26.849039884853894],[-49.08978971571851,-26.84906918745656]]],[[[-49.08994350793815,-26.84843345009396],[-49.089983494080684,-26.848438745910766],[-49.08996103284923,-26.84837742847352],[-49.08994350793815,-26.84843345009396]]],[[[-49.08961827648831,-26.848804442250895],[-49.08940470793157,-26.84836510511653],[-49.089553014518195,-26.847705184207538],[-49.08925307482861,-26.84810906326076],[-49.08871323412703,-26.8479438353951],[-49.0884780834665,-26.848166034994964],[-49.088607613986575,-26.848530288203516],[-49.08901759392633,-26.84858943742123],[-49.08899815182189,-26.84875189327863],[-49.088828956245536,-26.84864983958011],[-49.088655138566615,-26.848811736227756],[-49.088720850659435,-26.84894721156744],[-49.089036974784484,-26.84900145844723],[-49.08961827648831,-26.848804442250895]]],[[[-49.07538983613041,-26.847140831711155],[-49.075429775389836,-26.84716510426076],[-49.075397951941476,-26.847092906487674],[-49.07538983613041,-26.847140831711155]]],[[[-49.075618145407624,-26.84696384698895],[-49.075673844965884,-26.846989340796952],[-49.07566938168961,-26.846970588685977],[-49.075618145407624,-26.84696384698895]]],[[[-49.08958609790641,-26.847552870979992],[-49.08969356191652,-26.847450409184155],[-49.08954047374088,-26.84707437640635],[-49.089339500569096,-26.84729177244979],[-49.08958609790641,-26.847552870979992]]],[[[-49.07590422884247,-26.846862733378668],[-49.07579702671844,-26.846905192799333],[-49.075944529566605,-26.846876333282147],[-49.07590422884247,-26.846862733378668]]],[[[-49.079026112745986,-26.8469023029981],[-49.07904593564529,-26.84702941219107],[-49.07922370080183,-26.84691620971558],[-49.079026112745986,-26.8469023029981]]],[[[-49.07530923442331,-26.846841583564046],[-49.07526324481581,-26.84687261600548],[-49.0753056854986,-26.846888007359073],[-49.07530923442331,-26.846841583564046]]],[[[-49.0756183161709,-26.846756980108886],[-49.075703523116516,-26.846827859508693],[-49.07572196121294,-26.84682228725641],[-49.0756183161709,-26.846756980108886]]],[[[-49.075565103864044,-26.846790647203775],[-49.07545579456156,-26.846711519983177],[-49.07544044031279,-26.846716965726632],[-49.07544023558596,-26.84675174348602],[-49.075565103864044,-26.846790647203775]]],[[[-49.09198456065165,-26.84695712730684],[-49.092035770543234,-26.846930528305297],[-49.09196966086855,-26.84691681387032],[-49.09198456065165,-26.84695712730684]]],[[[-49.089988451385935,-26.846548987008962],[-49.0897383065902,-26.846540421423587],[-49.089650984048234,-26.846785571048105],[-49.09114869487605,-26.84673339893132],[-49.09029754176234,-26.846546289810835],[-49.090137727764194,-26.846306116316487],[-49.089988451385935,-26.846548987008962]]],[[[-49.07296319741825,-26.846419362572025],[-49.07335168580264,-26.846164547062312],[-49.073617533126,-26.84576322405537],[-49.07339636825838,-26.84571549290833],[-49.07352885995881,-26.845861343218235],[-49.07296319741825,-26.846419362572025]]],[[[-49.085144851030414,-26.84579225955545],[-49.085169292966185,-26.845851683499074],[-49.08520402608932,-26.84580116406427],[-49.085144851030414,-26.84579225955545]]],[[[-49.075528428733655,-26.845697114471747],[-49.07470224640565,-26.845843259832794],[-49.07414309860585,-26.845780561345904],[-49.074654742474024,-26.84591880377279],[-49.07565455289624,-26.845780070949093],[-49.07593100876883,-26.84622638014055],[-49.07601483448512,-26.846086657697764],[-49.07586788109642,-26.845780236245194],[-49.075528428733655,-26.845697114471747]]],[[[-49.09727877208797,-26.845807457880106],[-49.09724422297378,-26.845867160611707],[-49.097305627937494,-26.845800051979737],[-49.09727877208797,-26.845807457880106]]],[[[-49.09718387481382,-26.84587379405515],[-49.096911039788765,-26.84579965823655],[-49.09622533509595,-26.84571833240894],[-49.09529597713481,-26.845886758492405],[-49.0947317865813,-26.84577038365937],[-49.093894753634586,-26.846048119779166],[-49.093095995066356,-26.84606555186296],[-49.09285760701411,-26.845944895464896],[-49.092447134772,-26.846099657696445],[-49.09232564314207,-26.845873227791138],[-49.092276888439216,-26.846106427915323],[-49.091866729518685,-26.84619190599066],[-49.09181043531531,-26.84661424549968],[-49.09147741961008,-26.847064103367604],[-49.090955977052566,-26.84713690629548],[-49.09088596430029,-26.84734051766464],[-49.09177351058463,-26.847177968102795],[-49.09191677864237,-26.84687202032641],[-49.092062088578324,-26.846817759894744],[-49.092116020213865,-26.847065102445818],[-49.09234318254052,-26.847038346812834],[-49.092300104311384,-26.847251713435988],[-49.09268398285931,-26.84671803199606],[-49.09281754627488,-26.846828298696316],[-49.09323900722198,-26.846659711261083],[-49.093465530897944,-26.846773329547517],[-49.093674813712504,-26.846353745981823],[-49.09392934267658,-26.84632099886588],[-49.09450714614713,-26.84589625907876],[-49.09531644712675,-26.845954209893666],[-49.096299811294365,-26.84575815176171],[-49.09718387481382,-26.84587379405515]],[[-49.09362669474105,-26.846207913147936],[-49.093602967981354,-26.846322997395447],[-49.09355750444899,-26.846207502309923],[-49.09362669474105,-26.846207913147936]],[[-49.0922356818534,-26.84673099862621],[-49.092212389412616,-26.84676947035368],[-49.0921659763819,-26.846740477072192],[-49.0922356818534,-26.84673099862621]]],[[[-49.07315504339495,-26.84533107189423],[-49.073035330687446,-26.84560725574472],[-49.07274163068653,-26.845611418056578],[-49.073086705567135,-26.8456421097715],[-49.073305843762526,-26.84549164766942],[-49.07315504339495,-26.84533107189423]]],[[[-49.08547187205964,-26.845023719920196],[-49.08562527658709,-26.844973236659634],[-49.08544699347333,-26.84498531478085],[-49.08547187205964,-26.845023719920196]]],[[[-49.08615940390405,-26.845060825588803],[-49.08630759323058,-26.84510736392937],[-49.08616982329235,-26.84495775096281],[-49.08615940390405,-26.845060825588803]]],[[[-49.08626459137011,-26.84481381185602],[-49.08637432731464,-26.844825984228514],[-49.08625163776863,-26.84479220488391],[-49.08626459137011,-26.84481381185602]]],[[[-49.08636072879727,-26.844793284005817],[-49.08644327545897,-26.844804701480236],[-49.08629566517059,-26.84475280246669],[-49.08636072879727,-26.844793284005817]]],[[[-49.08350458791139,-26.84406340571255],[-49.084343836073764,-26.844752746657594],[-49.08471215496808,-26.845401181988976],[-49.08546502695891,-26.845927766820463],[-49.0845699058392,-26.844728427633946],[-49.0840724085598,-26.84449527675043],[-49.08337039890084,-26.843821483975297],[-49.08350458791139,-26.84406340571255]],[[-49.084872607519664,-26.845394956296694],[-49.08481784329838,-26.845425626464312],[-49.08484273469358,-26.845376300122233],[-49.084872607519664,-26.845394956296694]]],[[[-49.087892731793296,-26.843563789825684],[-49.08797379378287,-26.843585775668615],[-49.08790189655424,-26.843547020402678],[-49.087892731793296,-26.843563789825684]]],[[[-49.07626444853915,-26.845884075200914],[-49.07621729718705,-26.846224140588696],[-49.07637602120145,-26.84615222433915],[-49.07638067802168,-26.846433397490518],[-49.07666524295006,-26.84626902983044],[-49.07712865629378,-26.846929017295945],[-49.0779917391813,-26.84774634071061],[-49.07856107249861,-26.847975977902966],[-49.07909057488399,-26.847928859645236],[-49.079414242957824,-26.848085994690788],[-49.07951985220435,-26.848514697878212],[-49.07983822233075,-26.848588922553205],[-49.07998506884364,-26.848837076075267],[-49.08040753058664,-26.84866527610592],[-49.08073035704809,-26.84904957216083],[-49.08137749497109,-26.848759611724752],[-49.081259563300286,-26.848613941722743],[-49.08133142656535,-26.848344266064455],[-49.0810733906457,-26.84816550832745],[-49.08098016859144,-26.847754706195445],[-49.0798005747398,-26.846861830868438],[-49.07947026213509,-26.846853208830336],[-49.079050393597306,-26.847214926115267],[-49.07891952011111,-26.846903739966027],[-49.07869054271319,-26.8468328140222],[-49.07856794468664,-26.84717475236972],[-49.07825375489892,-26.847136192889128],[-49.07806283560086,-26.84735695801714],[-49.077698958080056,-26.847163312551753],[-49.0779242843132,-26.846939722246635],[-49.07783443604468,-26.846745919631857],[-49.07718489837164,-26.84667991457555],[-49.07710191837593,-26.84631718332968],[-49.07678263142228,-26.84612397781071],[-49.07671419633759,-26.845717243371087],[-49.076284505225466,-26.84560006880221],[-49.07509593905214,-26.84243131501951],[-49.07502220332986,-26.842622008066897],[-49.07546306694017,-26.843958991775253],[-49.07626444853915,-26.845884075200914]],[[-49.077488214242756,-26.846882544861487],[-49.077489951326605,-26.84695734035712],[-49.07743920955217,-26.846897821503234],[-49.077488214242756,-26.846882544861487]],[[-49.0782715475641,-26.84723882903654],[-49.07855169446887,-26.847337076188772],[-49.07860464476395,-26.847399453621982],[-49.078218581315475,-26.847457762133157],[-49.0782715475641,-26.84723882903654]],[[-49.079495962535105,-26.846931021329638],[-49.07954520541918,-26.846959924229356],[-49.079412204983946,-26.84704267739845],[-49.079495962535105,-26.846931021329638]],[[-49.08007275313872,-26.8484972849222],[-49.08023313306673,-26.848659434958012],[-49.0800461024271,-26.84870193446546],[-49.08007275313872,-26.8484972849222]],[[-49.08113898416109,-26.848691427375247],[-49.08119732875435,-26.848687716739242],[-49.08115709025971,-26.848723462472517],[-49.08113898416109,-26.848691427375247]]],[[[-49.09421161920924,-26.841692771759654],[-49.09179301751297,-26.841695085085462],[-49.091360382694766,-26.841899918231043],[-49.09432781557981,-26.841730576808363],[-49.09407579703514,-26.840478833244983],[-49.09421161920924,-26.841692771759654]]],[[[-49.0941185394737,-26.839871115905822],[-49.09414398040963,-26.839875060868696],[-49.09412331624603,-26.83977938693336],[-49.0941185394737,-26.839871115905822]]],[[[-49.08904305846384,-26.839671056512607],[-49.08894752549751,-26.839696328311966],[-49.089151522486354,-26.839690058216668],[-49.08904305846384,-26.839671056512607]]],[[[-49.08947846953688,-26.836993180014893],[-49.08948950383661,-26.837023806158786],[-49.08959283870739,-26.8370063698697],[-49.08947846953688,-26.836993180014893]]],[[[-49.089039080936026,-26.835459778365337],[-49.08909681846694,-26.835502786939514],[-49.08907544957745,-26.835439546750592],[-49.089039080936026,-26.835459778365337]]],[[[-49.08738100770871,-26.835480262570893],[-49.0876335277483,-26.835491783167146],[-49.08731392085123,-26.835413411861254],[-49.08738100770871,-26.835480262570893]]],[[[-49.08920093431185,-26.835517664433937],[-49.089286649328166,-26.835453875127005],[-49.08917123081188,-26.835251183318487],[-49.08910808432173,-26.835371061440696],[-49.08920093431185,-26.835517664433937]]],[[[-49.08725919532571,-26.835336440781628],[-49.087140658992915,-26.835089100512466],[-49.08708064938957,-26.834787564183774],[-49.087104954239535,-26.835066233171535],[-49.08725919532571,-26.835336440781628]]],[[[-49.088773120757686,-26.83415799159234],[-49.08890042426213,-26.834169766047147],[-49.088822136654464,-26.83409196982357],[-49.088773120757686,-26.83415799159234]]],[[[-49.088362272989016,-26.83310956616426],[-49.08839606842193,-26.833151372448192],[-49.08844518401799,-26.83313871438721],[-49.088362272989016,-26.83310956616426]]],[[[-49.088014155164416,-26.83274408216279],[-49.08805771655371,-26.832801576838495],[-49.08802176644591,-26.832735156153074],[-49.088014155164416,-26.83274408216279]]],[[[-49.08806514414159,-26.832542930159345],[-49.088018304869905,-26.83255986099299],[-49.08803207435497,-26.832629374737007],[-49.08806514414159,-26.832542930159345]]],[[[-49.092445994994314,-26.82993583977787],[-49.093067903372514,-26.829796816601142],[-49.093131059143865,-26.829693446081677],[-49.09294867927782,-26.829478564263955],[-49.0930785918418,-26.829734974730247],[-49.092445994994314,-26.82993583977787]]],[[[-49.09230720013432,-26.829462323139257],[-49.092415196265755,-26.82961048119438],[-49.09225920117782,-26.82989089310545],[-49.09231657333626,-26.829978103127974],[-49.092492368458466,-26.829570307510103],[-49.09230720013432,-26.829462323139257]]],[[[-49.09230720013432,-26.829462323139257],[-49.0920849413172,-26.829308584718078],[-49.09170080011742,-26.829246563900295],[-49.0920920849674,-26.829360407359385],[-49.09230720013432,-26.829462323139257]]],[[[-49.088384276460445,-26.827522784123683],[-49.08848320233299,-26.82758480015481],[-49.088492311299504,-26.82742178309614],[-49.088384276460445,-26.827522784123683]]],[[[-49.08836844449331,-26.827112921624497],[-49.08848918507869,-26.827105376669646],[-49.08838755532144,-26.8270529675667],[-49.08836844449331,-26.827112921624497]]],[[[-49.0883936567344,-26.827007584645244],[-49.088516989854874,-26.82691212227686],[-49.08854030562293,-26.826751957458725],[-49.08843215704389,-26.82682326042193],[-49.0883936567344,-26.827007584645244]]],[[[-49.08849111113721,-26.82670863161366],[-49.08855877250957,-26.826640712810832],[-49.08851869341957,-26.82651531917021],[-49.08844613936992,-26.826551478682724],[-49.08849111113721,-26.82670863161366]]],[[[-49.088380183222164,-26.826077146828386],[-49.08844426911816,-26.826081011857603],[-49.08838758171493,-26.826018802303487],[-49.088380183222164,-26.826077146828386]]],[[[-49.06210210650626,-26.92637715742038],[-49.06220522766807,-26.926564306193892],[-49.06188377536763,-26.926715180803555],[-49.062295544897715,-26.92669367842879],[-49.06230753626813,-26.926850085907088],[-49.06257793374454,-26.92688029176131],[-49.06299008479899,-26.92667032631265],[-49.06316809794596,-26.926814319799877],[-49.06317779391861,-26.92696377453916],[-49.062702032103005,-26.927153746262817],[-49.06328441904475,-26.92708954355337],[-49.06364584486921,-26.92790891860705],[-49.063874424835674,-26.9280406685642],[-49.06348776093365,-26.92708419677178],[-49.06358116943647,-26.92693438970861],[-49.063395332203136,-26.926856824885913],[-49.063235475570764,-26.92640425674032],[-49.06373522317503,-26.92637573597113],[-49.063766829035494,-26.926137393332773],[-49.06343765909761,-26.926223375294786],[-49.06327115278089,-26.92599289454514],[-49.063107232923336,-26.926025992604554],[-49.06306632754244,-26.925862680251605],[-49.06344276292488,-26.9257014930706],[-49.062875791770885,-26.925605192853794],[-49.06270436927894,-26.92513634448412],[-49.06299498038901,-26.924956676024003],[-49.062684358549305,-26.924983316403452],[-49.062240719938465,-26.924611422541755],[-49.06192764000366,-26.924744520264134],[-49.06231330987532,-26.92469384907452],[-49.06238413542137,-26.92503530265453],[-49.06160023053708,-26.925240628473535],[-49.06212561228359,-26.925263085226113],[-49.06186357266054,-26.925877186176113],[-49.06152379612334,-26.92605974778921],[-49.061666068858884,-26.92647761336484],[-49.06174816685763,-26.92652215216806],[-49.062039386168706,-26.92630793378414],[-49.06224053324048,-26.926288866966743],[-49.062104914765314,-26.926083681828676],[-49.06220234843223,-26.926027713812015],[-49.0628387627162,-26.92607785060892],[-49.062897597053926,-26.926258973369507],[-49.06255258336969,-26.926335703562664],[-49.06274317974365,-26.926461386250747],[-49.06248812744913,-26.92652229942004],[-49.06228813790782,-26.926545368993178],[-49.06210210650626,-26.92637715742038]],[[-49.06283158346361,-26.926424902542507],[-49.06290496967008,-26.926428298106092],[-49.06278897409704,-26.926450121836844],[-49.06283158346361,-26.926424902542507]],[[-49.06223834756168,-26.92578977939752],[-49.06273055343289,-26.925777409200393],[-49.06218347646867,-26.925831317750216],[-49.06223834756168,-26.92578977939752]],[[-49.06297245422012,-26.925727768917266],[-49.06289294730179,-26.925682317469608],[-49.0628966415504,-26.925663479620034],[-49.06297245422012,-26.925727768917266]],[[-49.06229792011489,-26.925253178148953],[-49.06250357294688,-26.925164619658794],[-49.062605791212505,-26.925482170560933],[-49.0624907347218,-26.925616344964265],[-49.06229792011489,-26.925253178148953]],[[-49.062878877168195,-26.926664200180184],[-49.06269278516864,-26.926747186628905],[-49.06263498992624,-26.926691114896474],[-49.062732618667084,-26.92661913427372],[-49.062878877168195,-26.926664200180184]],[[-49.063175746867174,-26.926113628507704],[-49.06328950574024,-26.926225029880154],[-49.06325473993806,-26.926234770280377],[-49.063175746867174,-26.926113628507704]]],[[[-49.06936450247378,-26.917958442492086],[-49.068984101722116,-26.91756361318389],[-49.068801071049485,-26.91764594211685],[-49.06895886772666,-26.91815420267532],[-49.06923462239133,-26.91797709084914],[-49.06928472140728,-26.918131679587876],[-49.06938440819799,-26.918050163119837],[-49.06936450247378,-26.917958442492086]],[[-49.069364924206354,-26.917963982849393],[-49.069292523114115,-26.918017275276835],[-49.06928084034883,-26.917893685048032],[-49.069364924206354,-26.917963982849393]]],[[[-49.01288057367777,-26.902266466760107],[-49.01277790655599,-26.90218210727653],[-49.01314613739701,-26.902582176215393],[-49.01287142960515,-26.90215198136023],[-49.01288057367777,-26.902266466760107]],[[-49.012884803188534,-26.90226993290515],[-49.012893957201506,-26.902278401813405],[-49.012885506994195,-26.90227839035713],[-49.012884803188534,-26.90226993290515]]],[[[-49.01290235086493,-26.90187586652317],[-49.01320611510254,-26.90198563339438],[-49.0138144344137,-26.90170777209446],[-49.01287912214208,-26.90169734460194],[-49.01280351050119,-26.90179028828061],[-49.01290235086493,-26.90187586652317]],[[-49.012901819321335,-26.901873050752013],[-49.012912041608686,-26.901864169134384],[-49.01291150745725,-26.90187284439614],[-49.012901819321335,-26.901873050752013]],[[-49.012912041608686,-26.901864169134384],[-49.01292226389441,-26.901855287515904],[-49.01292172974385,-26.901863962777767],[-49.012912041608686,-26.901864169134384]],[[-49.01292226389441,-26.901855287515904],[-49.01293170986508,-26.901847080395694],[-49.01293169709184,-26.90185465650766],[-49.01292226389441,-26.901855287515904]]],[[[-49.081281153117445,-26.88677504145686],[-49.081368902477436,-26.886917937896666],[-49.081491583377336,-26.88681636324239],[-49.08094678639774,-26.88634742357733],[-49.08123596416826,-26.88664775282368],[-49.08117643008314,-26.886843255488174],[-49.081281153117445,-26.88677504145686]],[[-49.08132006187447,-26.88669609334506],[-49.08128525766768,-26.88667975219374],[-49.081307809001174,-26.886668142758044],[-49.08132006187447,-26.88669609334506]]],[[[-49.14279652681364,-26.864392806320062],[-49.142318051012985,-26.864670641376595],[-49.14228036510563,-26.865017563079626],[-49.14260683307428,-26.865136439671044],[-49.142627832348545,-26.865431558763046],[-49.142302410808774,-26.865581069882616],[-49.14299881424495,-26.866339535245586],[-49.14290925558677,-26.86655498600523],[-49.143041665837664,-26.86646176560455],[-49.14324632512098,-26.866685798444234],[-49.143348637843175,-26.866314664467374],[-49.143544961094754,-26.866481586394194],[-49.143490164791274,-26.86616950432609],[-49.14378827700908,-26.86648662920877],[-49.14390153813676,-26.866446756577297],[-49.14354672966581,-26.86578289782423],[-49.1438075195483,-26.865806292826367],[-49.14391426712956,-26.865465561257412],[-49.14372954688608,-26.865203354718396],[-49.14318688230938,-26.865314925444544],[-49.143022565183585,-26.865052180756084],[-49.14316776460416,-26.864624114425585],[-49.143363244591235,-26.864620963612037],[-49.143306652273516,-26.864381900414685],[-49.14352324182,-26.864185254885918],[-49.14340503500584,-26.864054795331466],[-49.14354222726915,-26.864125750705362],[-49.1434101276474,-26.86389370877278],[-49.14353131277974,-26.86357740332628],[-49.14325684479548,-26.863699918574962],[-49.14319754342107,-26.863522472687443],[-49.1433556720938,-26.86289498047399],[-49.143192346356926,-26.862876624839576],[-49.143112058991946,-26.86302661225403],[-49.14315833090508,-26.863721284208925],[-49.14300483288891,-26.863596812125678],[-49.142654643599656,-26.864159511540816],[-49.14279652681364,-26.864392806320062]],[[-49.14273301195303,-26.86416895025571],[-49.14278956416062,-26.864168059968563],[-49.142767056524455,-26.864211402364624],[-49.14273301195303,-26.86416895025571]],[[-49.1430767001746,-26.864025454592205],[-49.14313137633344,-26.864014222148956],[-49.14309062305813,-26.864060550824764],[-49.1430767001746,-26.864025454592205]],[[-49.142619793421176,-26.864854778375168],[-49.142693028199346,-26.86485926357513],[-49.14261643909051,-26.864888397365263],[-49.142619793421176,-26.864854778375168]],[[-49.14275340420566,-26.8654296662312],[-49.14269200733632,-26.865423875423293],[-49.1427448191604,-26.865403510627747],[-49.14275340420566,-26.8654296662312]],[[-49.142851491278044,-26.864296388499707],[-49.14274679660305,-26.864280031521794],[-49.14281728754129,-26.86426442865053],[-49.142851491278044,-26.864296388499707]]],[[[-49.08807508818356,-26.832456262399006],[-49.088186312620415,-26.832497104639764],[-49.08842907315545,-26.83227311358083],[-49.088548217867206,-26.832338897801606],[-49.088481474700515,-26.833120385011757],[-49.08864610596575,-26.832944886168924],[-49.089025562857714,-26.83326435518588],[-49.088901208433064,-26.833658154119433],[-49.08903411490136,-26.834756167479746],[-49.08926808559371,-26.835344680199274],[-49.08952831703859,-26.8355646150097],[-49.08893753457124,-26.835763894853315],[-49.08962537968983,-26.835693389952286],[-49.090137793576766,-26.836450669221055],[-49.09008419872732,-26.836760672400874],[-49.089566937564776,-26.836594605539883],[-49.08981528171405,-26.836449724364076],[-49.089584926295316,-26.836162283445745],[-49.08943864816843,-26.836279971693195],[-49.089429941854405,-26.836082184626314],[-49.08910741087222,-26.8363338955607],[-49.089237007187364,-26.83667110816775],[-49.09011809364207,-26.83687202348285],[-49.09005409570521,-26.83730634038996],[-49.089590058866584,-26.837287616527956],[-49.08939608283216,-26.83752599600964],[-49.08949117905876,-26.837699913895168],[-49.08933726589313,-26.837626780236466],[-49.089642174912456,-26.838135854506227],[-49.089384300421955,-26.838403059613498],[-49.09015046161862,-26.839257852981877],[-49.0901017806827,-26.83951980515626],[-49.08948147724748,-26.83969292353687],[-49.09009616888253,-26.839775172917513],[-49.08983762011868,-26.84076724163598],[-49.08992733323478,-26.841025416258088],[-49.09032762727085,-26.84135437005968],[-49.0904085508482,-26.842298597365048],[-49.090187045354924,-26.842505396809507],[-49.090512431300375,-26.84256289683222],[-49.09055444519975,-26.842736132140725],[-49.089729545838736,-26.8435556708522],[-49.088856499936156,-26.844022443374012],[-49.08847791775325,-26.843934962538576],[-49.08846797417343,-26.84407841879622],[-49.088739575133296,-26.844258482845856],[-49.08873526913598,-26.84450509736075],[-49.087889315782654,-26.84552998880665],[-49.08728885893294,-26.8453389175],[-49.0871776794102,-26.84567359325778],[-49.08755187931672,-26.845849181063112],[-49.087387981092505,-26.845840752737658],[-49.08752081164833,-26.845959525021527],[-49.08742589301001,-26.846143255888602],[-49.08715751682847,-26.846317690080852],[-49.086168983237975,-26.846388438205985],[-49.0855852225031,-26.84610150884176],[-49.085628675612845,-26.846337336447537],[-49.08526871604682,-26.846559428714496],[-49.08477615122925,-26.846633200214875],[-49.08447031235977,-26.846842994634326],[-49.08452115161744,-26.84704180767833],[-49.08487722757021,-26.847117057184487],[-49.08505560188052,-26.847589872498478],[-49.08416924767021,-26.847735811381604],[-49.08407787511702,-26.84824506099584],[-49.08372162457381,-26.84837525288741],[-49.08360003918121,-26.848841643782873],[-49.083949044878636,-26.849154102474607],[-49.08400885986347,-26.849484374254946],[-49.08327046702157,-26.849289291237152],[-49.08327439618287,-26.849175913183664],[-49.083505967063346,-26.84923036173998],[-49.08327676023756,-26.849054440946134],[-49.08333115929987,-26.84880563517245],[-49.08295299594783,-26.84924118887072],[-49.08174606344374,-26.84890563769982],[-49.08198022004388,-26.849141825157822],[-49.081863587257004,-26.849296743356888],[-49.081577711684886,-26.84926968791158],[-49.08149829483943,-26.849132688845643],[-49.081276261210334,-26.849322960463017],[-49.08097521942287,-26.849181864039956],[-49.080414896546884,-26.849243267278602],[-49.08037951752754,-26.849487997637855],[-49.080167171720696,-26.8495653495458],[-49.080366634075475,-26.850254224918558],[-49.079818487214126,-26.850292349429044],[-49.07965093223343,-26.85083980185679],[-49.07913912374511,-26.851080168177166],[-49.07931090426967,-26.851212140123344],[-49.07914738173515,-26.85157118642599],[-49.07933510446182,-26.85153665719234],[-49.079506310862406,-26.851729812358876],[-49.079467995199806,-26.85194730512164],[-49.08019569522293,-26.851932418853437],[-49.079987910864226,-26.85226359262882],[-49.08035599210256,-26.852055728003492],[-49.080716356350386,-26.851464873887803],[-49.08114312589222,-26.851400282678924],[-49.08123425502786,-26.85173810304144],[-49.08094619746771,-26.85203312956379],[-49.081730214887735,-26.851747944143128],[-49.08209016714922,-26.85223991904488],[-49.08205768741588,-26.852533802385555],[-49.08224252787998,-26.852533287137366],[-49.081691101493064,-26.8526976831536],[-49.08189459411866,-26.85294813915797],[-49.08138296738279,-26.85351652899341],[-49.0807461625344,-26.85570104971717],[-49.080385350278625,-26.85581153111976],[-49.08047544723904,-26.856232791493305],[-49.08001568568465,-26.85652842185736],[-49.08059613514454,-26.85659443336213],[-49.08126603505245,-26.857415759928134],[-49.08211390049317,-26.85772712985696],[-49.08249925234612,-26.858414824858553],[-49.08242524889178,-26.85912818880795],[-49.082940513194444,-26.859489630681168],[-49.08269767484684,-26.859630791796725],[-49.0819454679977,-26.85960802258063],[-49.08119036182172,-26.860203828267917],[-49.08031350022445,-26.859978097406398],[-49.07999954175194,-26.86011734539867],[-49.079500278094855,-26.860099366662435],[-49.080831826166204,-26.860772465530044],[-49.080892383355454,-26.861127105890475],[-49.08070693975299,-26.861264648834894],[-49.080271192788686,-26.861205639034356],[-49.08032219909343,-26.861570597241734],[-49.07968388121178,-26.861773411836914],[-49.079341324573875,-26.86168245705997],[-49.07839422664549,-26.862259737416515],[-49.079109848180806,-26.862215054550536],[-49.08030825766146,-26.86175549287267],[-49.080607745186015,-26.862063668291256],[-49.08134084190111,-26.86205434435779],[-49.08129874392843,-26.862551688621217],[-49.081618094470045,-26.863875781500834],[-49.080803719035906,-26.864605276324998],[-49.08133326533142,-26.864725924092944],[-49.08119641623321,-26.86520074954905],[-49.082029504779776,-26.865153909227327],[-49.081824818447465,-26.86544878746225],[-49.08195794392517,-26.865552430666142],[-49.08216426291683,-26.865431215344742],[-49.08226766057852,-26.86560936032122],[-49.08216861565776,-26.865788788353488],[-49.08164870799994,-26.865865094093536],[-49.08188424288858,-26.866307336910292],[-49.0813346580129,-26.8675263132905],[-49.08044981852445,-26.867784115487115],[-49.080044739733346,-26.86770287053],[-49.079516665205475,-26.867861042618113],[-49.08007629425147,-26.868141780248596],[-49.08018355033187,-26.86844911961126],[-49.0805711597884,-26.86829396504655],[-49.080690226705144,-26.867925891626857],[-49.08136060576267,-26.86777457179608],[-49.08204692345595,-26.867190059577183],[-49.08217155629158,-26.866792163290263],[-49.083094369967135,-26.866409101037114],[-49.08310851934123,-26.866212734608464],[-49.083717606009245,-26.866458707664417],[-49.08455997705303,-26.86775724336329],[-49.08485972721815,-26.868375207049613],[-49.084749864603566,-26.86871878969957],[-49.08491215308013,-26.869016492369084],[-49.08466609436672,-26.86907202851039],[-49.08464049586863,-26.869338924289387],[-49.08438418158594,-26.8693967721846],[-49.08386570565494,-26.86905500219065],[-49.0830352273613,-26.869319709755636],[-49.08273052015813,-26.86923215220588],[-49.08228937723137,-26.86947827793125],[-49.08233080500809,-26.869691031088035],[-49.08313004317497,-26.870021535851013],[-49.08295831614472,-26.870638555742662],[-49.083203580926615,-26.87122673282993],[-49.083743444164355,-26.87152911434303],[-49.08448890628619,-26.871558275730077],[-49.08485098442351,-26.871813407413818],[-49.084913022923814,-26.872073663331133],[-49.085270729449775,-26.87189482125344],[-49.085705814143026,-26.872216629062816],[-49.08593574972203,-26.87207909236932],[-49.0855468109426,-26.8716307028433],[-49.08572432138492,-26.87144488459616],[-49.08606614124807,-26.871665212418726],[-49.08625348911115,-26.87156195344614],[-49.08653927774046,-26.87172511765652],[-49.08745082045471,-26.87137493779071],[-49.08757698190611,-26.870716865722972],[-49.0861001646528,-26.870988673196262],[-49.08591321586161,-26.870713813246997],[-49.08683943082809,-26.869703788444095],[-49.08674447484457,-26.869345877227428],[-49.08694200897931,-26.868956440444197],[-49.087826830060315,-26.868197108844655],[-49.0878940818915,-26.86866201456204],[-49.087772945452535,-26.8689246366829],[-49.08806721134356,-26.869487931548466],[-49.088215234238426,-26.870451691459383],[-49.08848851243415,-26.871092264032196],[-49.08893915178464,-26.87126884446138],[-49.088445954124445,-26.871893442513255],[-49.0890822818807,-26.87198088320652],[-49.08931660482303,-26.87241373283047],[-49.08983911015241,-26.871950336660827],[-49.090258595556655,-26.87246585678878],[-49.0895525410891,-26.873082849105433],[-49.08804010136519,-26.874881073720477],[-49.08774838961503,-26.875844462236255],[-49.08812832987914,-26.876406292062608],[-49.088036095504926,-26.877679870082535],[-49.08784000484626,-26.877940290331637],[-49.08809822215337,-26.87856851638566],[-49.08789855237363,-26.878749425564052],[-49.08773092084149,-26.879784043281706],[-49.08710674767429,-26.881030710687387],[-49.08689296231589,-26.882021413086918],[-49.08634586782571,-26.8830039307068],[-49.08584282495739,-26.88348825498311],[-49.085486217060094,-26.884381318873125],[-49.084530375497664,-26.88555250691802],[-49.083966545221465,-26.88668717620473],[-49.08399003570844,-26.887197942905775],[-49.083804731833474,-26.887720979271247],[-49.08302831609197,-26.888684871900463],[-49.082988350028984,-26.889112200119516],[-49.08111959432034,-26.89082967090727],[-49.080781077333995,-26.8913413813684],[-49.0799594954264,-26.892094429611994],[-49.07965295102068,-26.892700080930155],[-49.079345764131965,-26.892874398405635],[-49.077537959535775,-26.894860269647335],[-49.07718931478612,-26.89506049972227],[-49.07650828430982,-26.895979840157594],[-49.07481627814465,-26.89740330926718],[-49.07348506558994,-26.897905123337097],[-49.07201098124765,-26.897738835693936],[-49.06604357830028,-26.895032555461466],[-49.06339064211458,-26.894177357952074],[-49.06184894224212,-26.893831360602963],[-49.061670981848735,-26.893669068759166],[-49.06044311826812,-26.893786653709085],[-49.05965270347126,-26.894100839485386],[-49.058557048926346,-26.894985490087766],[-49.058465635442985,-26.895831922329002],[-49.058901463704125,-26.89665532636186],[-49.05885942426304,-26.897398522959264],[-49.05932474359795,-26.898710861249857],[-49.05987799717392,-26.899205966648665],[-49.06167705725472,-26.9000329053217],[-49.06331326843984,-26.902014431493317],[-49.065617607634486,-26.903991634117446],[-49.066493635098354,-26.905232175402897],[-49.06671174614192,-26.905207314116698],[-49.066937694304166,-26.9054269428816],[-49.06691084705267,-26.90579363653616],[-49.06769568249303,-26.9065328429862],[-49.06771070583227,-26.906890034959556],[-49.06804699358123,-26.90685054602239],[-49.06789361017698,-26.90706625039884],[-49.0681775945067,-26.907216924693632],[-49.068052506291075,-26.90746206797973],[-49.06832050439647,-26.907990072974677],[-49.06831998566308,-26.90886193350588],[-49.06808627087511,-26.910017852740733],[-49.067626721287844,-26.910767058663005],[-49.0676577754151,-26.91139664564317],[-49.06713228034699,-26.912902003000497],[-49.06679083294494,-26.914669584974312],[-49.06594782795432,-26.91652905729914],[-49.064804556357615,-26.917974676310443],[-49.06388373170578,-26.918736528796693],[-49.06182319635775,-26.919957719668666],[-49.060837176425096,-26.92016915151784],[-49.060413812575476,-26.920007378484062],[-49.06010094575006,-26.919713984512402],[-49.05999207570212,-26.919364483401605],[-49.060378280918854,-26.91709299860816],[-49.060089004143265,-26.914640666528687],[-49.05963434583536,-26.913969322669566],[-49.05939355532272,-26.913921518677697],[-49.058367500614054,-26.912955417637946],[-49.057559089295154,-26.911836186990534],[-49.056186646609945,-26.911384408239794],[-49.054188540532856,-26.911255736246037],[-49.05137097048556,-26.910435411972628],[-49.05026887689267,-26.91030681248458],[-49.04678630175785,-26.909183227521705],[-49.04482954050852,-26.90814537490131],[-49.044948859424906,-26.907993560650553],[-49.04461409015283,-26.907836258077708],[-49.044324055035254,-26.907415148273],[-49.04433616291511,-26.90675304212155],[-49.04568330631847,-26.903584255961],[-49.045642532630495,-26.901387925828608],[-49.046013350806916,-26.900170697312205],[-49.045933185757136,-26.89957417573778],[-49.04606247461996,-26.899678662117342],[-49.04611522376373,-26.899497993015007],[-49.045719319376765,-26.89825193764346],[-49.045811283196905,-26.897935690675258],[-49.04557485266992,-26.897752747745304],[-49.045002667596044,-26.89619234515309],[-49.04429602649751,-26.895633393496652],[-49.042804475218595,-26.89482279132177],[-49.04201706941053,-26.894880792428406],[-49.04130572402093,-26.895368873894917],[-49.040128790182884,-26.8956828968268],[-49.03975060999848,-26.89548879557822],[-49.0391738734254,-26.89546510039781],[-49.03959498230485,-26.895817826433923],[-49.038387913477166,-26.897144210963813],[-49.03674121254936,-26.898142421880546],[-49.03644636659735,-26.89847161340056],[-49.03618049053825,-26.89798512590843],[-49.0359348992583,-26.89792569186974],[-49.035990150866354,-26.898166174461174],[-49.03576415668208,-26.89849949286495],[-49.03605485870495,-26.898432293165577],[-49.036138619829934,-26.898705935578732],[-49.03568727491007,-26.89914815690078],[-49.03558506149774,-26.899529963305003],[-49.03495893917678,-26.900316801932497],[-49.03436389795806,-26.90083937786941],[-49.03382503006298,-26.901862882403282],[-49.03291208787545,-26.902752128952866],[-49.032642047026386,-26.90251851657143],[-49.03248909008849,-26.901950607598945],[-49.03267112773398,-26.903012792202105],[-49.030147201832946,-26.90592813597215],[-49.029275152575195,-26.906513614892322],[-49.028854474589465,-26.906476985889125],[-49.028364856796856,-26.90673391878019],[-49.02763936289557,-26.90739037313472],[-49.027422599794754,-26.906879371459976],[-49.02733233704292,-26.90742735248611],[-49.026312491532956,-26.9073528854369],[-49.023924074944325,-26.906897096463645],[-49.02078849429072,-26.906057193541958],[-49.01955309972523,-26.905192314869417],[-49.01998218008321,-26.90480906471201],[-49.01943352371164,-26.904914439824744],[-49.01965756603187,-26.904550158668112],[-49.019042179269434,-26.903797837720123],[-49.018627786417035,-26.90287786562454],[-49.01849667855767,-26.90156822246571],[-49.018696198362136,-26.901249417618715],[-49.01855824883571,-26.901184636105345],[-49.018626189701365,-26.900685917865513],[-49.01837577844883,-26.89949799112827],[-49.0180467835313,-26.89869834624548],[-49.017203367261196,-26.89756106617994],[-49.017706626453986,-26.897464249199437],[-49.017865214429165,-26.896837618475594],[-49.0178519859772,-26.896143868112162],[-49.01723784679409,-26.895901898701606],[-49.017076999831396,-26.89528184759681],[-49.01743077550901,-26.89525929693711],[-49.01825678821616,-26.895679777768304],[-49.01842513269767,-26.89605187065232],[-49.019029754917035,-26.896423308964728],[-49.019710250390126,-26.895788626278456],[-49.02040040108957,-26.895856512080798],[-49.02174590351712,-26.89554099428729],[-49.021747864930816,-26.895892270627336],[-49.022266069846694,-26.896084928410513],[-49.022426124076915,-26.89642579050964],[-49.02264367660052,-26.896339908270686],[-49.02252625659645,-26.896713472183333],[-49.022679984464375,-26.896806387958613],[-49.02291830112689,-26.89650410549467],[-49.0232622072678,-26.89655484151096],[-49.0235382548263,-26.896302422630065],[-49.02313034833672,-26.896070186977862],[-49.02289349828567,-26.89632133858017],[-49.022625093492,-26.89624993147221],[-49.02249833500995,-26.895872118220066],[-49.02209294130973,-26.895744440036747],[-49.02192168542973,-26.895433105783358],[-49.02210669592526,-26.895338793875865],[-49.022147877868925,-26.895061353383607],[-49.02266966860051,-26.894913633202655],[-49.022715732327526,-26.894659560508],[-49.02327395303924,-26.894533871507154],[-49.02358429868732,-26.89429138531915],[-49.02306375595742,-26.89430428949905],[-49.023217754148874,-26.893885261860014],[-49.022452335018805,-26.894708335088197],[-49.02212547439126,-26.894809392046955],[-49.02154039475644,-26.8953799451953],[-49.02108300212735,-26.89519782155861],[-49.02074925759834,-26.893929887052824],[-49.02050223981238,-26.89396658433272],[-49.02025787495499,-26.89425214965653],[-49.020089385555366,-26.895108422038106],[-49.02051994804186,-26.895322142459996],[-49.021199346683254,-26.895422750031155],[-49.020349227783164,-26.895712725130966],[-49.019699167527264,-26.895654043785584],[-49.019217178606425,-26.89594791474823],[-49.01897162960335,-26.89593569861853],[-49.01879156526941,-26.895333647265048],[-49.01857420774163,-26.89514021525172],[-49.01737150655145,-26.894982890974617],[-49.017111628170824,-26.894796247340015],[-49.0164549130281,-26.895789692401806],[-49.016867959432304,-26.896231448686667],[-49.01673825648261,-26.89674328903458],[-49.01687100304716,-26.896991984051507],[-49.01632394240993,-26.896491765108614],[-49.01624541994187,-26.896896686847224],[-49.016986932252145,-26.8986700959407],[-49.0171021511933,-26.899489564347093],[-49.015978967167584,-26.90038796106431],[-49.01568145624487,-26.900256225383576],[-49.01502851533883,-26.9004185387714],[-49.01444904330113,-26.900350522890992],[-49.013719655578626,-26.9006369753639],[-49.01372940201932,-26.900888256004773],[-49.01400486363021,-26.90122495483664],[-49.01414386796418,-26.901112520534213],[-49.014105222376685,-26.900667140314848],[-49.01427967015389,-26.90055155860157],[-49.015275458026814,-26.90058137815764],[-49.01557368693199,-26.900786969126656],[-49.01589382002661,-26.900800557875886],[-49.01598518073114,-26.901130509763174],[-49.01558083592301,-26.901591549387604],[-49.01528341676501,-26.902344455559128],[-49.015414182997254,-26.90406198202601],[-49.01552938997079,-26.904317469567445],[-49.01597920835574,-26.904466819290143],[-49.01666939694069,-26.90549560746015],[-49.01774820310859,-26.906344826113237],[-49.018369828236345,-26.90666933574124],[-49.01849049529282,-26.906594397140903],[-49.01862480231305,-26.90679921234501],[-49.018844393665645,-26.906753889193073],[-49.01917703854978,-26.907146366772174],[-49.01957340850078,-26.907332156095407],[-49.02133770585103,-26.90798401053273],[-49.022441934196465,-26.908192680301696],[-49.02312574637534,-26.908637273615174],[-49.02455041283395,-26.90915003407797],[-49.026625965589915,-26.909107350533645],[-49.027977256941774,-26.908856186278104],[-49.028143854349764,-26.9089678962382],[-49.02827244209951,-26.908816887308404],[-49.029177876888724,-26.908741012447564],[-49.03044993042311,-26.908011407685766],[-49.03184744505532,-26.90645968127933],[-49.03223996062285,-26.906558806245098],[-49.03217112556707,-26.906129307428625],[-49.03406341513035,-26.903971516345333],[-49.03407747017423,-26.903788445382855],[-49.03651423863715,-26.900710324751238],[-49.039477018893834,-26.897865462839967],[-49.039772159558055,-26.897782911905182],[-49.03998071151766,-26.89743463279984],[-49.041185801191034,-26.896531947380243],[-49.0423403260569,-26.89624723810578],[-49.04320983951673,-26.896559863860773],[-49.043840622316736,-26.89730043749056],[-49.04414232577015,-26.898134605357622],[-49.04432684169757,-26.899570021883978],[-49.04432450262902,-26.901734573290206],[-49.043839436103646,-26.90425668496816],[-49.043112293517076,-26.905373710452267],[-49.04306588113547,-26.905852226714],[-49.04224282286991,-26.907328734025192],[-49.04235574878023,-26.90809942197548],[-49.04265711435457,-26.908638818116497],[-49.04368960367982,-26.909297367617253],[-49.04397998775049,-26.909796588094494],[-49.04420276539021,-26.90970283489585],[-49.0454339551237,-26.910145416353455],[-49.04713460465808,-26.910860590912254],[-49.04739841395045,-26.911116826553776],[-49.04793445524255,-26.911074045419447],[-49.04928569784086,-26.911525078551097],[-49.04992494293617,-26.911565026898735],[-49.04976304370613,-26.912132232898756],[-49.05010961495181,-26.912475843411872],[-49.049496142073565,-26.91319659298619],[-49.04943217500551,-26.914035111002637],[-49.04958430075524,-26.91324874416706],[-49.050148865233545,-26.91285961831244],[-49.05027066421075,-26.912540021688244],[-49.05007601318338,-26.91207212470916],[-49.050492987006635,-26.911750797937856],[-49.0517628306882,-26.912070424230787],[-49.055895055974304,-26.912544776413917],[-49.05695580818556,-26.913169329101134],[-49.05800339913938,-26.914405205549446],[-49.05850195420013,-26.915247551194913],[-49.05867123115866,-26.916358391951935],[-49.0587338730923,-26.918176243951255],[-49.05845600481279,-26.920472586612657],[-49.05866759452284,-26.921064160658045],[-49.05859030029855,-26.921232305903885],[-49.05933520318492,-26.921741968499205],[-49.059502697643175,-26.922283519857675],[-49.05883660492365,-26.92292678569039],[-49.0585126743248,-26.92285121964173],[-49.056697231423506,-26.92305340631585],[-49.05608675172216,-26.92387502829736],[-49.056630873689,-26.924545360717534],[-49.05765399439065,-26.925016722599153],[-49.058022790312975,-26.925051627603754],[-49.058563120204234,-26.924637055717845],[-49.058776677871926,-26.92477014553361],[-49.05877949242875,-26.924988047768224],[-49.05814921588033,-26.925783077031685],[-49.05776545703094,-26.92595979690412],[-49.05759791742454,-26.926281886541958],[-49.057186785563445,-26.92630225447465],[-49.0571579134893,-26.926558744154956],[-49.05783119377473,-26.926503608557944],[-49.05831874928675,-26.92716707133847],[-49.05865916995301,-26.927166217682686],[-49.05882520162813,-26.92699485875286],[-49.05889986957658,-26.92723629383332],[-49.05901583936691,-26.92712703744946],[-49.059338344504724,-26.927204981190567],[-49.06020343827421,-26.929652854544496],[-49.060781517319754,-26.92992450448672],[-49.06090965063527,-26.93025704518659],[-49.06128538851322,-26.930417899636065],[-49.06217201029564,-26.931517332564848],[-49.06216619834467,-26.931705917853883],[-49.06187954042705,-26.93176051379631],[-49.06158098965211,-26.932068290765525],[-49.061744401245576,-26.933147841814815],[-49.06000472004622,-26.933253238849108],[-49.05994608546595,-26.933466709882598],[-49.060147614504785,-26.93370386887313],[-49.06111853428454,-26.933703045697733],[-49.06119219933861,-26.934037616905922],[-49.062011291314214,-26.93505695861938],[-49.06267543142783,-26.93506345784645],[-49.0631615667135,-26.9352934188772],[-49.06356850055364,-26.93505682288268],[-49.063709872745775,-26.935402458595647],[-49.06395774694542,-26.935314097315008],[-49.06509031201384,-26.935867915008277],[-49.06496484174996,-26.936179430555114],[-49.06564064382954,-26.936199196138094],[-49.065690077270816,-26.93638070418602],[-49.0659349213348,-26.936325075048668],[-49.06580667915473,-26.936150164790966],[-49.065941307158674,-26.936079953210236],[-49.066297613599986,-26.936331278554874],[-49.0665905045615,-26.93632914141163],[-49.06637039693403,-26.936852386407487],[-49.06695461651441,-26.936907232605737],[-49.066877280965414,-26.937376048394924],[-49.06728509420132,-26.937574846060794],[-49.06749983665223,-26.937514593241875],[-49.067573775318095,-26.937168936463824],[-49.06783056008123,-26.93733555698143],[-49.06771579056866,-26.93788287225291],[-49.06840796318215,-26.937933335271666],[-49.06909926339978,-26.939103856710414],[-49.06986338466649,-26.939791576234427],[-49.07146333318526,-26.93966435858352],[-49.07161309210371,-26.939948885638422],[-49.07210221767638,-26.939877829612804],[-49.07218047717423,-26.93964700630936],[-49.0723558537921,-26.93964008074162],[-49.07225824430259,-26.93984658816595],[-49.072393310965396,-26.93988001351212],[-49.07258288233096,-26.939662543668767],[-49.072845167682196,-26.939668711267505],[-49.07480974496843,-26.940431928460708],[-49.07542133587505,-26.94182951310448],[-49.07537482596429,-26.941989510836617],[-49.07497911798805,-26.94206992866485],[-49.075083267190735,-26.942356567935054],[-49.07554765313466,-26.942681143681035],[-49.075560141778936,-26.942320751146635],[-49.07566768749695,-26.942329824291345],[-49.07699052899419,-26.943987685331205],[-49.077058313830356,-26.945647302813292],[-49.07684665614486,-26.946424675290867],[-49.07546363012666,-26.948043602369722],[-49.0751005325266,-26.94899098026737],[-49.073675912000965,-26.949758265534935],[-49.07369874223962,-26.949921486351418],[-49.0751916092815,-26.949203693491548],[-49.0756498204206,-26.948142309077824],[-49.07682629559693,-26.946836942929647],[-49.077257078362166,-26.9459310520886],[-49.07718621103585,-26.94386145298999],[-49.075704664374555,-26.941897234345763],[-49.075849662508254,-26.941749509077262],[-49.075695763454554,-26.94148322454228],[-49.07583366452612,-26.941070517391214],[-49.07554555999046,-26.94110022441634],[-49.07536020487676,-26.940541625573815],[-49.075079997075115,-26.940314854559144],[-49.0731841994892,-26.939417061840658],[-49.07098973287717,-26.93930491368146],[-49.07068381831428,-26.93912375558538],[-49.070099317893465,-26.939341117488702],[-49.069749606506505,-26.939239338301213],[-49.06923832216967,-26.938092029742474],[-49.0693715648323,-26.937980746917248],[-49.0690096099937,-26.937911119610895],[-49.068076078603106,-26.936891775826805],[-49.06830849416999,-26.936749315883127],[-49.06877806588008,-26.93675208507621],[-49.06900020683098,-26.936268615442035],[-49.06871258330466,-26.93654581671935],[-49.0676461989613,-26.936269049123123],[-49.06740879939589,-26.936376868228297],[-49.06606114197671,-26.93536221143412],[-49.06503069733972,-26.93505547584172],[-49.063912709525006,-26.93435846195827],[-49.06340327010166,-26.933636778084704],[-49.0626471649146,-26.933009244057406],[-49.06312897466202,-26.932048553120797],[-49.06298992171902,-26.931498757707605],[-49.06243629842458,-26.930913160397363],[-49.062047670558975,-26.930047906292717],[-49.06128614570042,-26.929438478980476],[-49.06140581795489,-26.929210595068042],[-49.06187200478798,-26.92902573446382],[-49.0621829050406,-26.929176554035333],[-49.062274000884116,-26.929095868286446],[-49.06179286103179,-26.928111811261115],[-49.061253171523965,-26.927658602112047],[-49.06042621733989,-26.927868103510647],[-49.06036861385405,-26.927527731172297],[-49.06007900066409,-26.927386108543597],[-49.05988917029838,-26.926791108042064],[-49.06022092147062,-26.925665494967006],[-49.05978042999781,-26.92528483442511],[-49.059529981273904,-26.925252134160317],[-49.05937753686485,-26.924549095655284],[-49.0587647168971,-26.92406828905977],[-49.058177427396686,-26.92375148759844],[-49.057611982112256,-26.923843073095718],[-49.05744353990735,-26.923684075299114],[-49.0594575552741,-26.923192620263475],[-49.05984227542285,-26.9228187153545],[-49.059891349038935,-26.922107676301977],[-49.06005294718132,-26.921877753988696],[-49.06154290909351,-26.921573293055527],[-49.063062843031766,-26.920846732986092],[-49.06562440951941,-26.91875962619328],[-49.066604297074164,-26.9177497391117],[-49.06756456449775,-26.916400846641206],[-49.068731240858845,-26.91332713982917],[-49.069603396715735,-26.912900783754953],[-49.070464944552896,-26.914011565149405],[-49.07106805380757,-26.91440342730547],[-49.071830713842935,-26.913988481950042],[-49.072543879854386,-26.914504230180338],[-49.07258011780826,-26.914720802181606],[-49.07298994280005,-26.9146114404815],[-49.07338481957331,-26.91488445780767],[-49.07319456636017,-26.914501430742618],[-49.07337741318829,-26.914650244103925],[-49.07354620281153,-26.91451858058316],[-49.07349311683283,-26.914329086205356],[-49.07441429856676,-26.91399929728569],[-49.07462627344209,-26.913698401521852],[-49.07508954409216,-26.913544153136943],[-49.07486701407592,-26.913178639170887],[-49.075021130673726,-26.912769490484123],[-49.07545195376428,-26.91274648888869],[-49.07534656969408,-26.912296490697717],[-49.07593268178646,-26.912304997507327],[-49.07620409578444,-26.912641559765916],[-49.07622500069669,-26.912314754575544],[-49.07733547002545,-26.91193411808284],[-49.077200550611494,-26.91149711695991],[-49.07630623257821,-26.910921714230422],[-49.07637534316878,-26.910668331938453],[-49.0770733017712,-26.910502975981206],[-49.077535409913,-26.910223681301193],[-49.07773857099629,-26.910852056835697],[-49.07799390570541,-26.91095820433364],[-49.078114708167256,-26.91157488849013],[-49.07831061922594,-26.911644419689527],[-49.078297773457216,-26.910378392982295],[-49.07844998311816,-26.911201145458477],[-49.07858587864523,-26.9110574550974],[-49.07859297781492,-26.910399333927966],[-49.0779523314105,-26.910129616580804],[-49.0776351490778,-26.910118427598587],[-49.07816351810612,-26.909925883060744],[-49.081636557664034,-26.91066249950201],[-49.08199941469651,-26.911769009904557],[-49.08297315213045,-26.913251684376107],[-49.08330590254801,-26.913427019216492],[-49.08350845458681,-26.91343674265079],[-49.08395495295905,-26.913025267829344],[-49.08423807541611,-26.91223311152103],[-49.08522297332557,-26.91175610496135],[-49.085763480747595,-26.912028925361046],[-49.085702665734985,-26.91236251028407],[-49.08584416638281,-26.91234165869599],[-49.085879316092175,-26.91248056262212],[-49.086177510037786,-26.91224903613117],[-49.08735826083649,-26.912553618638885],[-49.088617991937326,-26.91236255462109],[-49.08958006611792,-26.912537396999035],[-49.0900013959325,-26.91315786477966],[-49.090669108258766,-26.9137420960617],[-49.09123758095603,-26.91395473818591],[-49.091698225207665,-26.91387326830529],[-49.09223277865559,-26.913979380992348],[-49.09218787380515,-26.914772458628125],[-49.09271780445044,-26.915348298878907],[-49.092764948266186,-26.91569788252638],[-49.09407257098484,-26.916668304741712],[-49.09464228304924,-26.917569072033732],[-49.094367420107275,-26.91855612112739],[-49.09456246821921,-26.91930957801986],[-49.0949191972973,-26.919418500551625],[-49.09541955727984,-26.919234101540663],[-49.094668883877276,-26.91921639650271],[-49.09453246681449,-26.91858800760718],[-49.09480253145671,-26.917647790465363],[-49.09459099477612,-26.91696859258217],[-49.09415078346544,-26.916348752188057],[-49.09445993949615,-26.915872581324187],[-49.09400438406958,-26.916151389016566],[-49.09342188481043,-26.915612808387042],[-49.09312491461143,-26.915554505605115],[-49.09303850330659,-26.91514014509606],[-49.09238446174025,-26.914643589457416],[-49.09247841342701,-26.914041781141677],[-49.092364487177,-26.913859055311566],[-49.090759211956964,-26.913548342383947],[-49.09033889096701,-26.913178694908755],[-49.0898638762831,-26.91225192850064],[-49.08897586002141,-26.91212429903957],[-49.08737530701503,-26.912313498826226],[-49.08689679753371,-26.912247672621874],[-49.087061496977384,-26.91220142717283],[-49.086997179981054,-26.91181709107856],[-49.08744891184411,-26.911579089205187],[-49.08717455295061,-26.911549137556364],[-49.087228330055574,-26.911221706114972],[-49.08739981509073,-26.91105249168626],[-49.08799239149384,-26.910916537589756],[-49.08830979267086,-26.910230341277128],[-49.08911234258372,-26.910402309386512],[-49.08972837042599,-26.910213969527952],[-49.08911294399762,-26.910194534462367],[-49.08838208821206,-26.909940140028315],[-49.08815727218401,-26.91022131223999],[-49.08793280139623,-26.910159714632123],[-49.08816382853282,-26.909438056683676],[-49.08775908272272,-26.910074115509165],[-49.08738025582646,-26.91010174238492],[-49.08709177081987,-26.909820616574425],[-49.086860955572625,-26.909954673174163],[-49.08673714218682,-26.910148962621786],[-49.08684898528389,-26.91045759031699],[-49.08641539270876,-26.910520816244833],[-49.08669668168389,-26.910661012784978],[-49.08657895331905,-26.9109335479679],[-49.08621337037072,-26.910637500686647],[-49.08629092494858,-26.910448206401632],[-49.08610797813219,-26.910790616229395],[-49.08613163755453,-26.910854698029954],[-49.08645869004705,-26.911117946270036],[-49.086270433312066,-26.911268969113607],[-49.08628677914571,-26.911507908196622],[-49.086094797071326,-26.911484011148023],[-49.08614044145243,-26.911296797116258],[-49.08581034792664,-26.911438011107936],[-49.08600966138188,-26.910944837174313],[-49.085713316980645,-26.91140206475556],[-49.08577766160248,-26.911600505248593],[-49.085216762006496,-26.911523441160842],[-49.08418033872248,-26.91199620562581],[-49.083847153110824,-26.91231517974548],[-49.08352981768497,-26.913036653930057],[-49.083334944912096,-26.913111679426397],[-49.08306324145622,-26.912864579025353],[-49.08291055428211,-26.912290405841137],[-49.08324242887417,-26.912257824743385],[-49.08343101222678,-26.912387228353595],[-49.08338275995388,-26.912227163787115],[-49.08354443763164,-26.912170789017868],[-49.08313695176284,-26.91218598627309],[-49.08311665984711,-26.911920560363235],[-49.082886402056076,-26.911750474993113],[-49.08301400255164,-26.912012984880132],[-49.08264861469677,-26.912099722245912],[-49.08244559296983,-26.911785525075054],[-49.082570617419776,-26.911627574559272],[-49.082274350393995,-26.911165846031327],[-49.08211612982972,-26.911156812715205],[-49.081971405472174,-26.910592984457733],[-49.08147589357609,-26.91018550290582],[-49.079920861286716,-26.90973603557319],[-49.0796618530958,-26.90918669299406],[-49.079210747163195,-26.908835918824394],[-49.07924418451809,-26.908661452057874],[-49.07885097983685,-26.90850057728395],[-49.078955812431985,-26.90829668292257],[-49.07948054321153,-26.908581685945794],[-49.07955879949854,-26.90819037195243],[-49.0794295520404,-26.90812421048011],[-49.07919330985378,-26.908299225191392],[-49.07901559687591,-26.908149427072562],[-49.079067396841225,-26.907958123855334],[-49.07879178059188,-26.90816696243393],[-49.078435892912374,-26.908172496292224],[-49.0782328660102,-26.90860789492297],[-49.07747320168255,-26.909021658875975],[-49.07750837530084,-26.909302186616646],[-49.07792352314599,-26.90969372270426],[-49.077449840383736,-26.909638345705567],[-49.07715204262936,-26.909859636788557],[-49.07697903296892,-26.909777032576297],[-49.076647795863614,-26.909940533536915],[-49.07614592753472,-26.909735204225605],[-49.075726026016426,-26.910064616520863],[-49.07527418457812,-26.90976822691327],[-49.075629924499516,-26.910107368502807],[-49.075336349587516,-26.910412635012488],[-49.07623497099925,-26.909908375938407],[-49.07624617679261,-26.91026209122706],[-49.07607782691592,-26.91044724830055],[-49.075296609549156,-26.910740124018485],[-49.07555502081374,-26.911220400415],[-49.075803836598084,-26.911156983056287],[-49.07648853363791,-26.91157845709454],[-49.07593481606463,-26.911884719383263],[-49.07553640782264,-26.911900931859407],[-49.07522611945021,-26.911750639727604],[-49.07532431249182,-26.911486724029402],[-49.07489927586002,-26.91145555742402],[-49.074730131859454,-26.911610181931806],[-49.07498010452767,-26.91192330341261],[-49.074570808954924,-26.912675211195054],[-49.074344997756455,-26.912790809609504],[-49.07407074849052,-26.91267869108646],[-49.07428852697545,-26.91302748139032],[-49.07420652242466,-26.91323343448552],[-49.07351574913424,-26.913579935688272],[-49.07319430241436,-26.91357724307285],[-49.072917907225154,-26.913379287751813],[-49.073128295492374,-26.913062154699414],[-49.07276464555706,-26.912689669448675],[-49.07257705124428,-26.912762729173735],[-49.07243376338897,-26.912641856536442],[-49.07260043355789,-26.912388471641464],[-49.072486715200746,-26.912253371129875],[-49.072079303115416,-26.912443888092614],[-49.07223824240269,-26.91270877639958],[-49.071800351397066,-26.91318486049406],[-49.072071008288475,-26.91359339200398],[-49.0715945590302,-26.913484506505704],[-49.07121095443237,-26.913849072068555],[-49.070807908079814,-26.913794324539847],[-49.069889844227525,-26.912560798004193],[-49.06950540232378,-26.912525663873264],[-49.06891000836401,-26.912835649316442],[-49.06905132260363,-26.9109516795144],[-49.06946539835328,-26.91004882786713],[-49.06974485834413,-26.90825402423138],[-49.06978475400384,-26.907341003735933],[-49.06937286746535,-26.90578226586403],[-49.06906640082033,-26.905555447863666],[-49.068816725564886,-26.90491005789229],[-49.06851285514039,-26.904893722712508],[-49.06858248275597,-26.904468234436884],[-49.06832523289568,-26.90448894354847],[-49.068104310082866,-26.904320626844214],[-49.06789562706524,-26.903977493204625],[-49.06571703604944,-26.901941604930904],[-49.06588921979557,-26.901348209568077],[-49.065592107583655,-26.901643928412263],[-49.06533229074808,-26.90160256731166],[-49.06247770140411,-26.899070116541896],[-49.061665346643515,-26.898185075844534],[-49.06150610598675,-26.897758055574723],[-49.060410940491046,-26.897088769395374],[-49.06005078237597,-26.89625839874934],[-49.060345369864756,-26.8954562483923],[-49.06151873014305,-26.895295618104377],[-49.06307220187745,-26.895674259651752],[-49.068655651736236,-26.897760509765266],[-49.06977692846619,-26.898016280010573],[-49.071556353997146,-26.89883862815314],[-49.07316371514175,-26.89914563412426],[-49.0748434935603,-26.899142172166133],[-49.07596880336916,-26.89853276667678],[-49.07646922118308,-26.897960264691847],[-49.07668543837932,-26.897913689497496],[-49.076805063601626,-26.89803522475825],[-49.07735004478176,-26.897903719478077],[-49.07752300761615,-26.897695284504383],[-49.07740017384634,-26.897308586563568],[-49.077687829775385,-26.897203252982106],[-49.078040295182085,-26.896450445246828],[-49.07841325443606,-26.896302000528262],[-49.079104326422076,-26.895547695886467],[-49.07975206085192,-26.89464295343118],[-49.08159657848017,-26.89266338084781],[-49.08193551931706,-26.89198649594407],[-49.08275409607598,-26.89142920907315],[-49.08277913760021,-26.891181244734245],[-49.08291734024705,-26.89112384132751],[-49.08300590439667,-26.891244209409095],[-49.08316955863864,-26.890918493884172],[-49.083458240182956,-26.89074209828152],[-49.083457872647756,-26.890489173715295],[-49.084095397356485,-26.890024129119777],[-49.08476404487355,-26.889114302657394],[-49.085351457255946,-26.889364996496013],[-49.085263735953504,-26.889147354849328],[-49.08479900229217,-26.88883522402551],[-49.08532283608714,-26.887956980054447],[-49.0858653048249,-26.887469282573843],[-49.08584181612516,-26.887038041485816],[-49.08629472127533,-26.88646457265086],[-49.08657931147203,-26.885656814468604],[-49.08686457141872,-26.885589102029197],[-49.08703601169972,-26.88501309316905],[-49.08797984303523,-26.88334144503605],[-49.088654681038605,-26.882638139623282],[-49.08853803742497,-26.88238011977832],[-49.088716540213476,-26.8821096792252],[-49.08863594193219,-26.881911888042765],[-49.08917110347131,-26.880657305140076],[-49.08950201550647,-26.88024337410606],[-49.08960109454804,-26.879396581305773],[-49.08985899477547,-26.878846244095843],[-49.09065066838775,-26.878322452896775],[-49.09127785000917,-26.878105288450627],[-49.09213492138638,-26.87789837784234],[-49.09250408730276,-26.878003794183524],[-49.0925496532085,-26.877767914412953],[-49.09290863566585,-26.877457750002222],[-49.09351159765579,-26.87730909895122],[-49.09334358132434,-26.877021564087737],[-49.09368375484793,-26.876757250940706],[-49.0948789817277,-26.876703308223338],[-49.09546946887791,-26.8769019959869],[-49.09618082619414,-26.877531963025678],[-49.09631373781516,-26.877943691134053],[-49.09627419160418,-26.87891916432533],[-49.09609139949519,-26.879373933245944],[-49.09624344773752,-26.879687137990228],[-49.09591105721578,-26.880672925347586],[-49.09545116846957,-26.88071643828111],[-49.09598368558048,-26.88176638114084],[-49.095257468486395,-26.881699170600438],[-49.09518877478981,-26.88233367243241],[-49.09453225216364,-26.88237768234721],[-49.09441036592283,-26.88278634207638],[-49.09403476714463,-26.882918358594093],[-49.09412627834294,-26.88333062941426],[-49.09428098631159,-26.883325675559558],[-49.094582223524924,-26.8838338807753],[-49.09434307985181,-26.8843733582538],[-49.09461831252239,-26.884658399993413],[-49.09433568791201,-26.884597371734877],[-49.09414013948677,-26.884834807973906],[-49.09413486136028,-26.88492926599743],[-49.0943786412915,-26.884911536114952],[-49.09414810529238,-26.885041786094728],[-49.094291835511065,-26.88505748720063],[-49.094295576870785,-26.88548990086024],[-49.09413553111539,-26.88583962528107],[-49.09437190284571,-26.88614149305285],[-49.09402566496043,-26.88667324413709],[-49.09486935291061,-26.885515175424892],[-49.09496283842287,-26.884822705550512],[-49.0946819616735,-26.88445692802949],[-49.09509184359072,-26.883479600256532],[-49.095414415435414,-26.88310460829986],[-49.09533026821787,-26.882984835799462],[-49.0951519987777,-26.883190418751337],[-49.09484449865293,-26.883196507572126],[-49.09497989715811,-26.8829016851701],[-49.09486119876745,-26.882698251607746],[-49.09546350721617,-26.882649900075],[-49.09561459740099,-26.882250025188423],[-49.095889630789074,-26.882106267438353],[-49.0962981013795,-26.88258728125957],[-49.097107049579165,-26.882673465093163],[-49.09720797205158,-26.882857065481325],[-49.09774653155126,-26.882490307379136],[-49.09898612255108,-26.882565585038908],[-49.09928931082636,-26.88275461739034],[-49.09970007716832,-26.88277349851361],[-49.102699824566464,-26.881676392820157],[-49.103599442508866,-26.88115229738378],[-49.105342985077264,-26.880633026726706],[-49.10685831643107,-26.879646161169255],[-49.10811284907098,-26.879340476915477],[-49.10953216036383,-26.87924246849847],[-49.109816800342344,-26.87878929194391],[-49.110667637604415,-26.87877647051004],[-49.11010944504959,-26.87941520915627],[-49.110146565271855,-26.88052186252622],[-49.11041776822474,-26.88122214645464],[-49.11059447611185,-26.880793659443597],[-49.110874947338495,-26.881132981138386],[-49.1110425138739,-26.881960883155074],[-49.11062596181075,-26.881928686838375],[-49.110671677268066,-26.882142486050416],[-49.109442522630154,-26.88310835949916],[-49.10896910537204,-26.883041149940677],[-49.10922351186415,-26.88366483828984],[-49.10979023264878,-26.88397175080959],[-49.1098624104464,-26.884159769111026],[-49.111854322150755,-26.884570438738706],[-49.11315003890175,-26.885004242983403],[-49.11440402375558,-26.886003177507757],[-49.11446107967881,-26.886683622053912],[-49.11607050928998,-26.88654160721244],[-49.118143898758376,-26.886611861578917],[-49.118909968858425,-26.88678542005127],[-49.11926541361451,-26.88724123967461],[-49.12042131975178,-26.887986755039467],[-49.121485066254074,-26.889057270065592],[-49.12231729529791,-26.890757979386457],[-49.122387072882304,-26.891241647347396],[-49.12287098242298,-26.89159141418351],[-49.123117728779214,-26.892188490501216],[-49.12343793648736,-26.892210551582444],[-49.12453311570118,-26.892724095293023],[-49.12531052522804,-26.892697103610633],[-49.12544752755744,-26.892887566283843],[-49.12702229328354,-26.892806407557362],[-49.12909196951856,-26.89202402401712],[-49.130071545056,-26.891835217350753],[-49.13031094313334,-26.89161480701083],[-49.13056248851453,-26.89165806568961],[-49.13124425297174,-26.89128578341766],[-49.13163668115615,-26.891339051004845],[-49.131532568915965,-26.8911142862632],[-49.13246424400485,-26.890748382532074],[-49.1345677931335,-26.890690615971803],[-49.135353571833775,-26.891356479387216],[-49.1353487019472,-26.891801581796447],[-49.13559320131906,-26.891517423793573],[-49.135807085251805,-26.892220575676728],[-49.13587021451732,-26.89306284532885],[-49.13543341324171,-26.892850391154926],[-49.1351741767964,-26.893021240310237],[-49.13492493418345,-26.894079394409275],[-49.13514432611013,-26.894309372232033],[-49.13517215640951,-26.894751074569132],[-49.13572926954321,-26.89497306373813],[-49.13508325835514,-26.895364291708827],[-49.135521367195395,-26.8954330497776],[-49.13570095885314,-26.896007370002234],[-49.135532477030836,-26.896361909276795],[-49.13565348128151,-26.89664209328825],[-49.135748274964406,-26.896337083319178],[-49.136211974913664,-26.89596805423987],[-49.13589890619113,-26.895464622090085],[-49.1361860314476,-26.894679101239866],[-49.13592923949983,-26.89453163678116],[-49.13593390495062,-26.89405095361474],[-49.13554373432774,-26.89398277420011],[-49.135446230734026,-26.894139642598958],[-49.13517937543612,-26.893829598045535],[-49.13532759972261,-26.89309224712454],[-49.136267359517916,-26.893352778778787],[-49.136587553623215,-26.89326565942531],[-49.13795327233617,-26.893390496417677],[-49.13829989602137,-26.893570973474628],[-49.140092137431814,-26.893534796719806],[-49.14023554044701,-26.893397629465067],[-49.14171493302258,-26.893217149756147],[-49.1419166530156,-26.8940081944922],[-49.141658174498104,-26.89500010204611],[-49.140684044764164,-26.89633843431057],[-49.14060746973581,-26.896782475553305],[-49.14028122944462,-26.897129130925162],[-49.14025250980295,-26.897618018527737],[-49.13998132882574,-26.897849287261643],[-49.14064567180026,-26.8982869556809],[-49.1404804625004,-26.898559541968233],[-49.14020706427884,-26.89867079284772],[-49.14062446813022,-26.898701563832855],[-49.14096314325014,-26.89845661237087],[-49.14136583425383,-26.898848608331598],[-49.141780869031024,-26.899002786654275],[-49.14294729060834,-26.899041805694907],[-49.1441393205967,-26.89857953985184],[-49.145254854700305,-26.89880139755532],[-49.1456780700822,-26.898726033163133],[-49.14639651986239,-26.898142917023204],[-49.146354709307715,-26.89911186478755],[-49.14575407405527,-26.899308388646386],[-49.14561470759032,-26.89957168514776],[-49.145973261838535,-26.900645370317434],[-49.14668656696191,-26.901244909549778],[-49.146525383764356,-26.90164315065664],[-49.146664579479356,-26.901849303390804],[-49.147463684331754,-26.902164269380556],[-49.1480803275336,-26.90210363332688],[-49.14728501512188,-26.903011216395402],[-49.147158067613766,-26.902636948578],[-49.146964117945956,-26.902650093951497],[-49.146998347769326,-26.903061711765215],[-49.14724827491595,-26.903369406669793],[-49.14711292839991,-26.903854320251238],[-49.146242097620636,-26.904654568944608],[-49.14624121586198,-26.904895132418584],[-49.147006786068516,-26.90510069991268],[-49.147198642612054,-26.905281100031768],[-49.14719086370861,-26.90565888430062],[-49.146799843658044,-26.906080575745804],[-49.14725003698191,-26.905687647129543],[-49.147324281189604,-26.905269939480334],[-49.1465107149749,-26.904667456714066],[-49.14718846485418,-26.904058623295906],[-49.147655427893085,-26.902974262508852],[-49.14811852791849,-26.902615855495927],[-49.14852941589308,-26.903114835154092],[-49.14923876929682,-26.902964505121606],[-49.14864130428149,-26.90297338467551],[-49.14832673047847,-26.90243716550241],[-49.14834984437329,-26.902200213465633],[-49.148729877703055,-26.902120140918754],[-49.14894979276996,-26.901755036539356],[-49.148572790525016,-26.902060249238755],[-49.14804747315293,-26.901782560912704],[-49.14752162775596,-26.901874906813415],[-49.14673399999111,-26.901654911637202],[-49.14698815941207,-26.90127061113676],[-49.14642898119407,-26.90036364520361],[-49.146410600133024,-26.899813603689978],[-49.146483191734475,-26.899560696218952],[-49.14676354454381,-26.89951084028787],[-49.14691838182669,-26.898154509009238],[-49.148993181189304,-26.898295889208914],[-49.15020779517793,-26.898007116989923],[-49.15145044769915,-26.897056532220024],[-49.152415154037364,-26.8958493928186],[-49.15309223078559,-26.895743314122377],[-49.15370127963238,-26.89534492808683],[-49.154559778489435,-26.89566859404264],[-49.15477601511455,-26.89636549995805],[-49.154644523636065,-26.89667643875029],[-49.154808949591384,-26.896737846451384],[-49.155031486200684,-26.896329125885686],[-49.15488412605242,-26.896008507924932],[-49.154953449545296,-26.895382827843655],[-49.15540916893927,-26.895158952439882],[-49.15646211357484,-26.895267205000525],[-49.15682167467262,-26.895010160369807],[-49.15519326026799,-26.89505266268001],[-49.154305798373024,-26.89537310382576],[-49.153559717296844,-26.895192292758036],[-49.15274685490359,-26.895569589434114],[-49.15251127384317,-26.89542903849653],[-49.15352151876617,-26.894571887992242],[-49.152916624471175,-26.89481302843815],[-49.152576024739524,-26.895187200817954],[-49.152488533368334,-26.894941936687147],[-49.152214236902715,-26.895403290262514],[-49.152078733072884,-26.895299739118943],[-49.153236217203236,-26.89368609476285],[-49.15363046616977,-26.893467248367674],[-49.15497053276091,-26.891420035167855],[-49.15702387441613,-26.88921601161759],[-49.15816301719586,-26.888268849632958],[-49.15975868502427,-26.886086808035866],[-49.161942864928896,-26.88519966994216],[-49.16527969124847,-26.883271301176052],[-49.16921211174383,-26.881816834578196],[-49.171848280484035,-26.880437168058823],[-49.174417267269355,-26.879381192724264],[-49.17572362225754,-26.878694200207345],[-49.17403759246848,-26.879328918659706],[-49.1730177258626,-26.87993216442998],[-49.17051594215819,-26.880683315975872],[-49.16903198681022,-26.88154532684386],[-49.16777157740009,-26.88182494566675],[-49.166077802354366,-26.882486385994635],[-49.16236722528736,-26.883420747921278],[-49.16216951712271,-26.88385188494115],[-49.161610921121294,-26.884362361728158],[-49.161319033364414,-26.884348868491777],[-49.16075790462355,-26.88461003765583],[-49.15986964628092,-26.884650500724987],[-49.15941337170318,-26.885242598263634],[-49.15926175702622,-26.885218377233063],[-49.158604727842665,-26.885699075476378],[-49.15685630448021,-26.888481667510113],[-49.15574868449388,-26.88940154620508],[-49.154548363408246,-26.890775273179823],[-49.15367143178438,-26.892117937844066],[-49.15215882243929,-26.893387032798973],[-49.151609702522116,-26.893649218819856],[-49.151331615030244,-26.894768573631453],[-49.15088484068543,-26.89533428573753],[-49.14976670733875,-26.895804416998665],[-49.147725171402186,-26.89592459281],[-49.146979074267165,-26.89561531969523],[-49.14368313769178,-26.891859217805198],[-49.14336027679863,-26.891612257843242],[-49.14232328761975,-26.891539120747357],[-49.14226128593406,-26.8910498343693],[-49.14250813863311,-26.890914358469793],[-49.142432480374616,-26.89083219960773],[-49.14283857055542,-26.890712394883575],[-49.142288239983024,-26.890767537720713],[-49.142004424439996,-26.891197904714268],[-49.14203961242359,-26.891406907812687],[-49.1416761990793,-26.891588581559542],[-49.140357382689466,-26.891506216204537],[-49.13934136126218,-26.89112813907971],[-49.13934251612895,-26.889835856801472],[-49.13894661414854,-26.889434609274957],[-49.13891980994874,-26.888603186150863],[-49.13912435901327,-26.88839867162012],[-49.1395589397808,-26.888691264837092],[-49.139589388382106,-26.88846064478263],[-49.14007532224628,-26.888248460066535],[-49.14078591179297,-26.887631012957808],[-49.14075234607426,-26.8867148630539],[-49.14049674301521,-26.886412682667398],[-49.14051041520701,-26.886012436735232],[-49.14090268719804,-26.885685625200058],[-49.14141962267645,-26.88583033904357],[-49.14167884031067,-26.8860424771703],[-49.14169134185461,-26.88641439556495],[-49.14218124717525,-26.887045920343247],[-49.14252597022819,-26.887009209782004],[-49.14281801101175,-26.88666824491861],[-49.143267808791386,-26.88683431950513],[-49.14347484663318,-26.886551779759987],[-49.14360601204021,-26.885472261609994],[-49.14380835735912,-26.88519384909324],[-49.1447007569831,-26.884635459063848],[-49.144944583905925,-26.883630735051206],[-49.14551839846323,-26.883495679709508],[-49.145658195993285,-26.8830391201172],[-49.14554281893731,-26.881874750593504],[-49.145367047406395,-26.881638329219676],[-49.14483650267912,-26.881450613453186],[-49.14494449975591,-26.88125636279934],[-49.14474535057871,-26.881004770460386],[-49.144735471644,-26.88057900238566],[-49.14479555620101,-26.880465292069932],[-49.14577207028895,-26.880780705648068],[-49.14586513998854,-26.880391686953338],[-49.144931120768604,-26.879927224524653],[-49.14429695529904,-26.88014016251417],[-49.14351184917429,-26.87998053992906],[-49.14274189800553,-26.877794406429175],[-49.143009686201275,-26.877372796276404],[-49.143001587655554,-26.876825878952356],[-49.14453611237079,-26.877038191799045],[-49.14344904537382,-26.876467176055424],[-49.14341627773082,-26.876624394080377],[-49.14316990145164,-26.876602211726112],[-49.14223712778825,-26.876152105201733],[-49.14212607900544,-26.87548953295061],[-49.14201697935737,-26.876057569998558],[-49.141346628489934,-26.87578587776291],[-49.141281277328154,-26.87556424312705],[-49.14156364308708,-26.8743892041036],[-49.14225510281492,-26.87393211978805],[-49.14294170664616,-26.872985642455433],[-49.14325299601893,-26.87282896889518],[-49.14331856735418,-26.872468974168363],[-49.14354932697864,-26.872721412941615],[-49.14375191618583,-26.872474379250672],[-49.14391491333651,-26.872519827542682],[-49.14405126541108,-26.872974497460433],[-49.14433099620611,-26.87309212381535],[-49.14415690770601,-26.8729277301718],[-49.14417900679263,-26.872276538853523],[-49.143992700339226,-26.872151497794434],[-49.14362009575944,-26.872396626975906],[-49.14340745521202,-26.872165764887516],[-49.142968080534025,-26.872365539080334],[-49.1429466226236,-26.872743289044994],[-49.14280534309293,-26.87267362362609],[-49.14256913827356,-26.871287614414193],[-49.14311226940891,-26.86931786385599],[-49.143103299408345,-26.868149217977873],[-49.143345846402,-26.867956166677388],[-49.143818337577926,-26.867947187258693],[-49.145201523004644,-26.869568994942433],[-49.1461499789734,-26.869519326223255],[-49.147213563660515,-26.868697115271786],[-49.14871033804776,-26.866424831166654],[-49.149290689644566,-26.86667817654164],[-49.149888654639966,-26.867286211581686],[-49.15059125337367,-26.86898345666307],[-49.15057993454855,-26.869161850341182],[-49.15051877751345,-26.86903136767969],[-49.150381825781494,-26.86910129755826],[-49.150359541955616,-26.869392113045706],[-49.15067687572179,-26.86968490203702],[-49.150754028247825,-26.86956509483697],[-49.15056725109536,-26.86939686057919],[-49.1511903491344,-26.86915263847334],[-49.15168031994998,-26.869229306175114],[-49.15157072084971,-26.86909076872745],[-49.1508371777375,-26.86904641421224],[-49.15143108870304,-26.86887560203853],[-49.1532718026254,-26.86789629441697],[-49.15354860171726,-26.868026304335192],[-49.153353615123194,-26.868664552510136],[-49.15346442793512,-26.86890988680699],[-49.15384908557291,-26.869053576658487],[-49.154313949988065,-26.868759090746156],[-49.1546193552595,-26.86822586462757],[-49.15510102578452,-26.8677874052858],[-49.15442665960645,-26.867688864957238],[-49.15477377448131,-26.8660222309765],[-49.15433286459282,-26.8654801947994],[-49.154324501619826,-26.865654340980516],[-49.153830464733936,-26.864587182902454],[-49.154734595596665,-26.864073402157622],[-49.156017650248806,-26.862977048721223],[-49.15604031684313,-26.861594660704444],[-49.15554373046156,-26.86012378648601],[-49.155679677589355,-26.859587793335642],[-49.156858962380866,-26.858954838290423],[-49.15713710527028,-26.858287490420462],[-49.15792732382203,-26.85788960353936],[-49.15819985193001,-26.85744487774102],[-49.158268753869514,-26.856913127627],[-49.15863373479508,-26.856665676508804],[-49.15840594869056,-26.85654933733899],[-49.15848970142482,-26.855974194441362],[-49.15719678163095,-26.853764270081665],[-49.1559631830317,-26.85317181660375],[-49.15574798888306,-26.853338042524392],[-49.155790210542506,-26.853470696911373],[-49.15702544276407,-26.854020139846437],[-49.15827564808441,-26.856206967153447],[-49.15802648026358,-26.856605615552294],[-49.157876029401834,-26.85754881928827],[-49.15674609603505,-26.858233554614774],[-49.15653278701561,-26.858845689529097],[-49.1556039721377,-26.859297988016408],[-49.155289483801226,-26.859814540161967],[-49.155314195954396,-26.860420615677448],[-49.15582862427305,-26.86198659493564],[-49.15557813550037,-26.86304825365998],[-49.15344087522299,-26.86444824312917],[-49.15437456537745,-26.866216334231193],[-49.153941239366915,-26.867671924109306],[-49.153747654431406,-26.867758687104438],[-49.153619085082546,-26.86731568106154],[-49.153968095047006,-26.866587584195134],[-49.15376117353782,-26.865979536077557],[-49.15300068105225,-26.86715451132796],[-49.15319220316718,-26.86750529028874],[-49.15312204910085,-26.867666196069326],[-49.15087819794586,-26.868564873297185],[-49.150610252590965,-26.868254324984598],[-49.15026096748773,-26.8671729289824],[-49.14958233772019,-26.86643807646751],[-49.148817154456246,-26.86610789577483],[-49.1486510759744,-26.865568131626098],[-49.14837848995567,-26.865408202340696],[-49.14831850813676,-26.865866902617732],[-49.14846899615415,-26.866043024184094],[-49.14823254675198,-26.866422453017343],[-49.1474557630534,-26.867372530454624],[-49.14708714521195,-26.86814791029313],[-49.14666431912843,-26.868360846365334],[-49.14668110480745,-26.868560165319835],[-49.14638177251488,-26.86895831075665],[-49.14581336179051,-26.869282795195126],[-49.14538195805914,-26.869216176150537],[-49.144669500914304,-26.868241286543775],[-49.1447184846664,-26.868020612569758],[-49.14499100878749,-26.867944762184237],[-49.144859607602456,-26.867659938179084],[-49.14501803478487,-26.867491830231412],[-49.14459720654434,-26.8673386688084],[-49.14444788931023,-26.86745824643968],[-49.144315910309736,-26.867289739636846],[-49.14412968827918,-26.86736297258651],[-49.14467483441116,-26.867830611990527],[-49.144588547431034,-26.86812070887977],[-49.14418221276598,-26.867611372399715],[-49.142962720393164,-26.86755882973533],[-49.14272763167333,-26.867893405157425],[-49.14266858748997,-26.869524813708704],[-49.142527875028534,-26.86979118701792],[-49.14226470469725,-26.869781021417886],[-49.14252056514518,-26.870198321207425],[-49.14223137800287,-26.871042125963243],[-49.142470745888005,-26.873179934641932],[-49.141953633487894,-26.873599724115454],[-49.1416998752089,-26.87353776941401],[-49.14169279775534,-26.87381533662942],[-49.141310041218155,-26.874142508575417],[-49.140543671819955,-26.874059927693594],[-49.141119678522706,-26.874322527451863],[-49.14088518408936,-26.875374155719793],[-49.14065728018803,-26.875586873545313],[-49.14040998449526,-26.875610210894216],[-49.139885328145844,-26.875340334753773],[-49.13961170858433,-26.87554605843013],[-49.13834329586849,-26.875481667104907],[-49.13788998816658,-26.875063532517544],[-49.13811144603222,-26.87561725622545],[-49.140830254459885,-26.875742473074084],[-49.14158593649932,-26.87642720081751],[-49.14168586215803,-26.876793934409196],[-49.14234052292153,-26.8769191773894],[-49.14226032916394,-26.877672717922557],[-49.1415079006538,-26.877780437173314],[-49.14171943794348,-26.877855800373457],[-49.14171940019874,-26.878111672119797],[-49.14195313646583,-26.878169270611497],[-49.14195718558654,-26.878560427177],[-49.14224339213701,-26.878629179003394],[-49.14198387558687,-26.87873386753199],[-49.14191806422226,-26.87894830065193],[-49.1415430256077,-26.879074815278592],[-49.141602953105355,-26.879536272942065],[-49.142337017100836,-26.879582730492878],[-49.14239580298523,-26.879895405988492],[-49.142088584002266,-26.88090075321658],[-49.14222873173623,-26.88152471904021],[-49.14297038136153,-26.88222730700801],[-49.14303944695519,-26.88257820240712],[-49.14333311177098,-26.882544544876566],[-49.143858449594426,-26.882881237182445],[-49.14505810059691,-26.883019877009986],[-49.144363384303496,-26.883237764879155],[-49.1438673722868,-26.883692668195657],[-49.14289736020447,-26.88343703694476],[-49.14230101523944,-26.88378578780339],[-49.142240150101976,-26.884932104506564],[-49.141982881100304,-26.885454051528498],[-49.14161885740189,-26.88528086935062],[-49.141924460360144,-26.884439464716248],[-49.14180985397355,-26.884005688782423],[-49.14155902525354,-26.88391806494711],[-49.141180008657855,-26.884492867004607],[-49.141431709986485,-26.884732169564224],[-49.14133924905289,-26.88490823619803],[-49.14110867797599,-26.885037963705933],[-49.140555647487034,-26.88495367075338],[-49.139973133010166,-26.885592197943833],[-49.13995157558246,-26.886071469136184],[-49.14032391425951,-26.887279885995575],[-49.14020006226619,-26.887399830555786],[-49.14010933641373,-26.88721679331968],[-49.13982531851369,-26.887241326410184],[-49.13979579702655,-26.88785197615673],[-49.13933287301459,-26.888012027192598],[-49.138727834791084,-26.88799807378611],[-49.138060944682934,-26.886965828597223],[-49.13749473447063,-26.886907280510716],[-49.13664375895816,-26.887239522399483],[-49.135592758166545,-26.8868707767028],[-49.13505562373491,-26.88726567484803],[-49.13524446552474,-26.88739464685338],[-49.135161130242096,-26.887959737996987],[-49.13477104075499,-26.88846182335451],[-49.1342252884583,-26.88870959809148],[-49.13021329251266,-26.88903774180128],[-49.128292758788845,-26.88991135304358],[-49.12747228684182,-26.890515967458345],[-49.126484581920096,-26.890839214305522],[-49.12579148766453,-26.89089968042362],[-49.12560491462277,-26.890437396283755],[-49.12599369200705,-26.890094119924456],[-49.1259654363258,-26.889814581872933],[-49.1251475274715,-26.889004685498303],[-49.125051567400384,-26.88868372682471],[-49.12457014413665,-26.88835415346177],[-49.12414950357342,-26.888263841585363],[-49.1238612299907,-26.887520233248296],[-49.123966742104365,-26.88792514156269],[-49.123801731595385,-26.888123427874483],[-49.1240107674517,-26.88829096887114],[-49.123799914522756,-26.888415801696553],[-49.12235385064185,-26.886913047394287],[-49.122253869292614,-26.886613571481558],[-49.12300292149721,-26.88554084294442],[-49.1226057019148,-26.885575178160458],[-49.12216904346881,-26.885860728721624],[-49.12225195765568,-26.886052696861107],[-49.12205630836863,-26.88627708462383],[-49.12199410743655,-26.88676769793335],[-49.12175702777597,-26.886763340182355],[-49.11989774418282,-26.885239829751804],[-49.11991085212635,-26.884830942196103],[-49.1197142284222,-26.884611003813575],[-49.1199438310066,-26.884735886201607],[-49.11999219174961,-26.88465036278138],[-49.119825560141294,-26.884055049013874],[-49.11850976997095,-26.88245509697679],[-49.11823325889756,-26.882334903339633],[-49.11819882257015,-26.881865223988765],[-49.11777530180398,-26.882386465714347],[-49.117212712511886,-26.882055754452423],[-49.116542860622104,-26.88206061224691],[-49.116114681461724,-26.8817572496188],[-49.115507284666236,-26.881902581557036],[-49.11502532594487,-26.881696427276264],[-49.11447066523827,-26.881765023181888],[-49.11373118209525,-26.88164250892775],[-49.11314821991491,-26.881318901200192],[-49.11330684134187,-26.88114493270777],[-49.11280928024759,-26.88119304383731],[-49.11223997751767,-26.880807484288542],[-49.111720296852,-26.879848924634672],[-49.11189446484558,-26.87949720187482],[-49.11219218919318,-26.879450647752673],[-49.11204410906279,-26.879263967804157],[-49.112165711480806,-26.878718109001],[-49.11259338221107,-26.877760471717078],[-49.11322317518399,-26.877383826046003],[-49.11375468035136,-26.877640127294487],[-49.11382177303825,-26.877968984249303],[-49.11402122633952,-26.87788608460074],[-49.114260393567754,-26.87812742994882],[-49.114342535257045,-26.877801344395404],[-49.115092238459575,-26.877828815178606],[-49.11541857536396,-26.87723714714561],[-49.11539775033251,-26.877041432090657],[-49.115168366677125,-26.876928976330507],[-49.114999700579865,-26.877047670491045],[-49.1149385478077,-26.87740365639954],[-49.113982409578696,-26.877472653364507],[-49.113343417438585,-26.877249600648618],[-49.11301226831029,-26.876376692361998],[-49.113224644132394,-26.875122979832614],[-49.11304979884668,-26.87493992996211],[-49.11253515968491,-26.87501306169919],[-49.112326251279235,-26.875316672572787],[-49.11203109975085,-26.875363388505928],[-49.11239730551783,-26.875629085949505],[-49.11220348542375,-26.8761200029188],[-49.11169181687302,-26.876185026663748],[-49.11146864211054,-26.876638776831104],[-49.11111748983447,-26.876697633338484],[-49.11102435589005,-26.876553749028886],[-49.11088910585654,-26.87676201049347],[-49.111308320509764,-26.877154413317253],[-49.11175512759521,-26.87649217587741],[-49.1120284611772,-26.876414537152638],[-49.112324162555325,-26.876827440092782],[-49.11246778663661,-26.875984657833605],[-49.11280434294858,-26.875616613400656],[-49.11267530321574,-26.877285118967375],[-49.11233081739896,-26.877548817379783],[-49.11142775454854,-26.87761383032479],[-49.11073203465239,-26.877915830926653],[-49.10974825377527,-26.877930975662597],[-49.10967175235399,-26.87768270991304],[-49.109182155668506,-26.878064060448576],[-49.10864889089,-26.878198581183607],[-49.10785735977646,-26.878077808608726],[-49.10712329453674,-26.87753985776111],[-49.10698548932302,-26.877848596977287],[-49.10649081447059,-26.878033545820017],[-49.10643762911863,-26.878400455068974],[-49.106203176077344,-26.87864683827933],[-49.10553265934437,-26.878934421008776],[-49.10537185432954,-26.879184426401025],[-49.104609101326865,-26.879501209111904],[-49.10404071314283,-26.879929103580825],[-49.1022933777674,-26.880430840244916],[-49.100938520566906,-26.88064535146983],[-49.10061886219411,-26.880868026726112],[-49.09931652450589,-26.88087457533521],[-49.098421583050765,-26.880610519444296],[-49.09817295940265,-26.88033334313329],[-49.09808035592059,-26.879873584572433],[-49.09823191971031,-26.87887931183205],[-49.09841475658119,-26.87852467150366],[-49.0990415357453,-26.878104222506312],[-49.0984981235942,-26.87817612453985],[-49.098518974510405,-26.877196684659996],[-49.09783883327613,-26.875991360165695],[-49.09706058367484,-26.87535510480856],[-49.095362277237136,-26.874607161461103],[-49.09552955619986,-26.874448883268542],[-49.09586630000389,-26.87466686619108],[-49.096531638674286,-26.87480421467605],[-49.096985005938045,-26.874401148178684],[-49.09684420150227,-26.873841870238294],[-49.096427763739904,-26.873749903577338],[-49.09609633563461,-26.873285955400625],[-49.09605590804471,-26.873070403065316],[-49.09626422878785,-26.87276711547088],[-49.097154543786615,-26.873045069331887],[-49.09829375726578,-26.872938921861632],[-49.097629877569815,-26.87341482063933],[-49.09799150225643,-26.873813859231557],[-49.09833662631925,-26.87385517958477],[-49.098535602278474,-26.874048699663195],[-49.09848452348012,-26.87429919997374],[-49.09790716228815,-26.874745690101868],[-49.098209907921635,-26.875241466541056],[-49.099287318049235,-26.87569968807259],[-49.10040278055777,-26.875911966906337],[-49.10085916213618,-26.875862272942943],[-49.10108008593012,-26.87616835341445],[-49.101475123279315,-26.876010963908996],[-49.10150358365477,-26.876465764464744],[-49.10180910955614,-26.876505553364535],[-49.1023110426958,-26.87626409742472],[-49.10269923293052,-26.87572346170422],[-49.10241009030402,-26.874559681218855],[-49.10262872515136,-26.873997067559912],[-49.103852046429374,-26.87324906166678],[-49.104428181512645,-26.872763735000635],[-49.10451311981971,-26.87246905832985],[-49.10236566302713,-26.873946407278055],[-49.10211119840702,-26.874497845218826],[-49.102402652870325,-26.875614529395676],[-49.1018247468602,-26.876194020413685],[-49.101904764880764,-26.87568021837138],[-49.10165625991683,-26.87554619714059],[-49.101167306779175,-26.875792229292415],[-49.10092561668626,-26.87565450812616],[-49.099753953289095,-26.875619667349856],[-49.098548922086806,-26.87515072590197],[-49.09832901796745,-26.874872129609756],[-49.0987573692337,-26.874496995623346],[-49.098894212435724,-26.87405058059762],[-49.099299887340216,-26.874365991109656],[-49.09961478721507,-26.874303305335413],[-49.09974953674019,-26.874592558691347],[-49.09986292665307,-26.874461895614676],[-49.09982333349815,-26.874863191960788],[-49.100023097213025,-26.874937547430896],[-49.10008579988918,-26.874590314608692],[-49.100973386262176,-26.874046897287887],[-49.100937332206385,-26.87360617350204],[-49.10006268263497,-26.87417477287488],[-49.09933498001057,-26.874046118291304],[-49.0990390139255,-26.873745287101542],[-49.09879798293912,-26.87378414810725],[-49.09819588797778,-26.8734829933015],[-49.09850931449803,-26.87333118367022],[-49.09872637723117,-26.873452099508157],[-49.09907691648977,-26.873178609258638],[-49.098598680856675,-26.87273686916906],[-49.09744964131191,-26.87252546417355],[-49.09703470175117,-26.87260253076577],[-49.09630883993512,-26.872303004165474],[-49.09596706105277,-26.872483307729784],[-49.09577308801468,-26.87237478303614],[-49.09542007736285,-26.87290353853122],[-49.095606258006285,-26.872983401233185],[-49.09629599231817,-26.874446934347947],[-49.09546643062385,-26.87399708776858],[-49.09426705544201,-26.874936531294356],[-49.09322860219965,-26.875059836861528],[-49.091447731822726,-26.87480251671656],[-49.089843402586645,-26.873862829666436],[-49.09010802392697,-26.873360805834462],[-49.090681398260095,-26.87292748852033],[-49.09075681183007,-26.872367625570256],[-49.09008292884078,-26.870789669387275],[-49.08925363459982,-26.870518380816094],[-49.089694117728406,-26.870170164415033],[-49.08934923188347,-26.870126693644806],[-49.088793306724135,-26.870354639566685],[-49.088662298543106,-26.869586487547096],[-49.08885010058053,-26.869492257262962],[-49.08852294599904,-26.869025502464844],[-49.08842079603867,-26.86817326665455],[-49.088561145335945,-26.86775897225252],[-49.088870015145055,-26.867489736321748],[-49.08841432596709,-26.867414826930066],[-49.0883212585955,-26.867593636464452],[-49.08813369354977,-26.867381960420648],[-49.08780836365699,-26.867308166540823],[-49.08737865162528,-26.86755155677885],[-49.08700238000619,-26.86753000502439],[-49.08655538074609,-26.86686175538768],[-49.08584148942784,-26.866815684281292],[-49.08545075600285,-26.8663790593315],[-49.0861111706808,-26.866631716048186],[-49.08655665194693,-26.866655236939913],[-49.08655274379542,-26.866521148173064],[-49.083344755188186,-26.864860788804524],[-49.08342911656737,-26.864701381964533],[-49.08381379660661,-26.864850089455263],[-49.083939165338585,-26.864192203803235],[-49.08446505402485,-26.863189505010002],[-49.08439379119013,-26.862677767880765],[-49.083771408791,-26.862403870899698],[-49.083796420770916,-26.86216254391316],[-49.083957695713174,-26.862087248847057],[-49.08392236254236,-26.86133415418867],[-49.08491224682335,-26.86100435317795],[-49.08509372549185,-26.860603518359177],[-49.08494340137481,-26.860266272804274],[-49.08510800809648,-26.859938297570825],[-49.085611615331466,-26.85995857308329],[-49.08580586731159,-26.860350547154326],[-49.085781243851685,-26.859933726398445],[-49.085952858371996,-26.859624062701972],[-49.085885774084076,-26.858719162937646],[-49.08572815100846,-26.85852805524446],[-49.084886330395456,-26.859446686193305],[-49.08459057903595,-26.859490884587988],[-49.08444545093113,-26.85923967130197],[-49.08492427628994,-26.85884798312348],[-49.084512203981035,-26.858980995499774],[-49.084860682367044,-26.85854918189544],[-49.08467766562137,-26.85714806868995],[-49.08474945008998,-26.856390918537837],[-49.08453329872804,-26.855881986020954],[-49.084706980883425,-26.855371194534023],[-49.084981806891236,-26.855127066337612],[-49.08426053314273,-26.85441186462713],[-49.084785388603976,-26.853564138007144],[-49.085007184608656,-26.85345302244246],[-49.08528114838315,-26.852729794400716],[-49.085700685466165,-26.852801181896982],[-49.08632800149147,-26.852596119228117],[-49.086330623351735,-26.852388834289464],[-49.086533940486085,-26.852327116169135],[-49.08675112721572,-26.851715096831974],[-49.08660093638862,-26.851385018657453],[-49.086716291118904,-26.85095561618264],[-49.08655342739781,-26.85072912023758],[-49.087495008330684,-26.850743545727504],[-49.087250803858666,-26.849646304356114],[-49.08749562748751,-26.848927961500447],[-49.087901737615624,-26.84852771257595],[-49.08786649518358,-26.84824112411246],[-49.08817736886029,-26.848225672530873],[-49.08796238921112,-26.847530084317697],[-49.0881011459008,-26.847402710884406],[-49.08798458968373,-26.847337765275284],[-49.08809758192128,-26.846606647241707],[-49.088252982009784,-26.846332086580418],[-49.088945616145836,-26.846419108434098],[-49.08877003356918,-26.8463199333696],[-49.08879339796405,-26.84582126247412],[-49.08852684031552,-26.845708749569013],[-49.08854082173033,-26.845547757240816],[-49.08929394223899,-26.84431673485481],[-49.090773841046435,-26.842972162679384],[-49.09094763980321,-26.842573234890153],[-49.09085939698064,-26.842223968851982],[-49.09098513512436,-26.84195895735419],[-49.09070512700381,-26.841981572847494],[-49.09092164856748,-26.84180202113331],[-49.09058244414948,-26.841740143479115],[-49.090663501630196,-26.84152319458866],[-49.090432692462656,-26.841032742122223],[-49.09044478011236,-26.840909585761892],[-49.0906052276023,-26.8409440512497],[-49.09036902298592,-26.8403256434592],[-49.09035812223396,-26.838521157387987],[-49.090419881202294,-26.838309758639145],[-49.09059235549225,-26.83868549392248],[-49.09096300387913,-26.838402325412577],[-49.09148112103521,-26.838598399888124],[-49.09149380715545,-26.83810089426895],[-49.09130069552116,-26.83784305433548],[-49.09129998775213,-26.83801357957642],[-49.09115632796777,-26.837866767150306],[-49.09115296956081,-26.83801138845347],[-49.09082333283299,-26.837916720612103],[-49.09110336106276,-26.83736543871539],[-49.09100702585046,-26.83723628733385],[-49.09064107335509,-26.837805070491523],[-49.09075427707446,-26.837962880439967],[-49.09050393307653,-26.837888986643748],[-49.09061129510985,-26.837736302719374],[-49.09039488004019,-26.837571822785833],[-49.09081181792502,-26.83739837050848],[-49.090899091701026,-26.836942535912236],[-49.09066543633678,-26.83655135974641],[-49.09056318383786,-26.83678423799461],[-49.09072826613329,-26.836962716225685],[-49.090457501209144,-26.83691253421822],[-49.09047928837725,-26.83652356223337],[-49.08945518565602,-26.835078616630728],[-49.08951840066956,-26.834467050650503],[-49.08930636725989,-26.83444374564903],[-49.089187530642484,-26.83391980101521],[-49.08930875523789,-26.833319000905785],[-49.08902279110208,-26.832518159260342],[-49.08886373550909,-26.83280631647753],[-49.0887466298323,-26.832684080292154],[-49.08949952062137,-26.831950265035314],[-49.08915419043967,-26.831114927421584],[-49.08962254163886,-26.830865103225094],[-49.08959002881294,-26.830644851046216],[-49.0900022786299,-26.830575408753468],[-49.09077204414004,-26.829930434571292],[-49.09095515510888,-26.829321152409427],[-49.09154695783809,-26.829222842274383],[-49.09092345664937,-26.829248567198086],[-49.09074087283394,-26.82986535910036],[-49.089928086484015,-26.830502848616362],[-49.08942498865919,-26.830564735399676],[-49.08943854239601,-26.83082829891144],[-49.08888852597677,-26.83106713436134],[-49.089177480206054,-26.83080824907627],[-49.08931205811428,-26.830338656462764],[-49.088776309207,-26.82946792721748],[-49.088471328811615,-26.827884642519134],[-49.08838932528148,-26.828852384365714],[-49.0885594435713,-26.828949629640796],[-49.08857838013385,-26.82943778188929],[-49.0891047270456,-26.83035351756606],[-49.08874915478383,-26.830523789587744],[-49.088457513065826,-26.83117426004658],[-49.087978648902464,-26.83121752794014],[-49.0890387530594,-26.831520607431507],[-49.08927045808014,-26.83190949141918],[-49.089079646219105,-26.83204961521973],[-49.0888558838813,-26.831774605613937],[-49.08866495929154,-26.83178938532552],[-49.08836035489795,-26.83232019153712],[-49.08829225888185,-26.83224337300266],[-49.08807508818356,-26.832456262399006]],[[-49.090386969923905,-26.837448166627212],[-49.09030321034668,-26.83734891229573],[-49.09038290684016,-26.837135635158475],[-49.09067909418271,-26.837321909798348],[-49.090386969923905,-26.837448166627212]],[[-49.090060808919674,-26.837437101641978],[-49.09015154012327,-26.837954776468035],[-49.09008125408068,-26.83898170072471],[-49.09005565554727,-26.838256395998897],[-49.08991765280651,-26.838398604316065],[-49.08990865241543,-26.838176664274744],[-49.08958198215946,-26.837818206814443],[-49.090009142070556,-26.838078678932877],[-49.09000790687971,-26.837748881156195],[-49.08979232547319,-26.83779686335284],[-49.08992224006692,-26.8375962673686],[-49.089604160936176,-26.837570929623674],[-49.090060808919674,-26.837437101641978]],[[-49.089919207243206,-26.838451965720743],[-49.08987239421045,-26.83845733229086],[-49.08991350825987,-26.83843183566848],[-49.089919207243206,-26.838451965720743]],[[-49.08985643165287,-26.83873850595494],[-49.089810393681084,-26.83874590243832],[-49.089837971832196,-26.838636289686587],[-49.08985643165287,-26.83873850595494]],[[-49.08997197326701,-26.838930857728947],[-49.08988391089695,-26.838914780969354],[-49.08986662904187,-26.838863714078784],[-49.08997197326701,-26.838930857728947]],[[-49.09092412381461,-26.838190819428895],[-49.091053184859895,-26.838208853407494],[-49.090993242534054,-26.838271529713534],[-49.09092412381461,-26.838190819428895]],[[-49.091249968101316,-26.838265844091485],[-49.09129538365354,-26.838122867855994],[-49.09139099790439,-26.838216629596392],[-49.091249968101316,-26.838265844091485]],[[-49.090096156728315,-26.840551138785873],[-49.09020668687231,-26.840988266831047],[-49.090058595938764,-26.840840934576594],[-49.090096156728315,-26.840551138785873]],[[-49.08499909875748,-26.846697367623175],[-49.084877821123435,-26.846773217796002],[-49.08486607938604,-26.846669513281878],[-49.08499909875748,-26.846697367623175]],[[-49.08576829854348,-26.847967978940254],[-49.085652388768935,-26.848322976723423],[-49.08514778859623,-26.848221543826337],[-49.085167267538175,-26.847939101466814],[-49.08576829854348,-26.847967978940254]],[[-49.087298719277854,-26.8482207924703],[-49.087354737831255,-26.848133913388757],[-49.08744107103164,-26.84809210822333],[-49.08736750625395,-26.84821821640193],[-49.087298719277854,-26.8482207924703]],[[-49.085964113146325,-26.848709768720084],[-49.08590294479256,-26.84875675740114],[-49.08590768954252,-26.84869484903611],[-49.085964113146325,-26.848709768720084]],[[-49.08676260456447,-26.84901227276549],[-49.086602073912694,-26.848956030007738],[-49.08674855184913,-26.84892723566773],[-49.08676260456447,-26.84901227276549]],[[-49.08695868764766,-26.84910371551466],[-49.08687633945924,-26.849166703612926],[-49.08695630680707,-26.849070005343204],[-49.08695868764766,-26.84910371551466]],[[-49.08274707710789,-26.849474365737635],[-49.08257904660872,-26.849421356086328],[-49.08256479254549,-26.849342750074992],[-49.082737878460414,-26.849367167705278],[-49.08274707710789,-26.849474365737635]],[[-49.08245117347742,-26.84947161197956],[-49.08239713675661,-26.849905679347764],[-49.0821702612095,-26.849866674386316],[-49.08230297434854,-26.84926429314057],[-49.08245117347742,-26.84947161197956]],[[-49.08121501529496,-26.849387089026457],[-49.0811577623112,-26.849387820286484],[-49.08120371312274,-26.849355964631606],[-49.08121501529496,-26.849387089026457]],[[-49.082228446026605,-26.84995449518716],[-49.082316195143996,-26.84997752938828],[-49.08225704817725,-26.850017279338037],[-49.082228446026605,-26.84995449518716]],[[-49.08311010685705,-26.84999399754628],[-49.083214316101575,-26.849963142879176],[-49.08325268141325,-26.850044498556986],[-49.08311010685705,-26.84999399754628]],[[-49.08643249260222,-26.85049894866009],[-49.08628546027491,-26.850464572132033],[-49.08581541155415,-26.85013725647549],[-49.08635447699719,-26.850321230864388],[-49.08643249260222,-26.85049894866009]],[[-49.08069779702505,-26.850223484786905],[-49.08080357321161,-26.850372403186128],[-49.08061546753928,-26.850297662287186],[-49.08069779702505,-26.850223484786905]],[[-49.082393851396894,-26.850314358419133],[-49.082474741134014,-26.85038845557634],[-49.08241979763796,-26.850510677824644],[-49.08236049722498,-26.85047175424436],[-49.082393851396894,-26.850314358419133]],[[-49.08221548301156,-26.850595243863417],[-49.08224595102107,-26.850659811516817],[-49.08220086369896,-26.85065810231208],[-49.08221548301156,-26.850595243863417]],[[-49.0825174916843,-26.851623465528032],[-49.08237465202625,-26.85163472660017],[-49.08249894096887,-26.851569957021983],[-49.0825174916843,-26.851623465528032]],[[-49.082342196414885,-26.85204837566048],[-49.08222309103685,-26.852010559700602],[-49.082159585106645,-26.851890169923653],[-49.0823108369331,-26.851849711415735],[-49.082342196414885,-26.85204837566048]],[[-49.08281867450497,-26.852607789625058],[-49.082820181492,-26.85270554267118],[-49.082787149865446,-26.852692402183038],[-49.08281867450497,-26.852607789625058]],[[-49.08265508004681,-26.852793164571224],[-49.08260786235417,-26.85282187636628],[-49.082603040604766,-26.852784500724205],[-49.08265508004681,-26.852793164571224]],[[-49.08376137968985,-26.856024365800394],[-49.084381625832314,-26.85615831710756],[-49.082977757427805,-26.85628481870188],[-49.08330548420159,-26.85535952154212],[-49.08345819598227,-26.855346644139072],[-49.08376137968985,-26.856024365800394]],[[-49.08445967064074,-26.85900107240338],[-49.084304570176364,-26.859333165720763],[-49.08395876910679,-26.859454736672163],[-49.08445967064074,-26.85900107240338]],[[-49.08350097533543,-26.859891072775817],[-49.082933214406005,-26.86054953665485],[-49.082528265511044,-26.861659642906947],[-49.08328248855577,-26.86191257555248],[-49.08328793812505,-26.862182929183273],[-49.08244926080465,-26.862249499879567],[-49.08267216744106,-26.863531677276296],[-49.08306358392469,-26.864273408308527],[-49.08290226558307,-26.864427915795314],[-49.082232444456444,-26.863592720850693],[-49.081547465930385,-26.862061026630382],[-49.08094323468146,-26.86126196961197],[-49.081220732793156,-26.860936787942258],[-49.082144346886935,-26.860691049500936],[-49.083286660931094,-26.85971882719551],[-49.08350097533543,-26.859891072775817]],[[-49.08532878564348,-26.86814807003436],[-49.08544844113904,-26.868301873452406],[-49.08534932028879,-26.86861224141353],[-49.08592351999625,-26.869048252993824],[-49.08588989335106,-26.869520707789178],[-49.086045196162615,-26.86939681475674],[-49.086004813704825,-26.86956885904949],[-49.085495035319774,-26.86953998992074],[-49.08554216796206,-26.86923586540214],[-49.08528233067731,-26.868431300894628],[-49.08501015411775,-26.868277045828993],[-49.08532878564348,-26.86814807003436]],[[-49.08516714675989,-26.868406471349253],[-49.08507723144376,-26.868435854147993],[-49.085095134113,-26.868381045626613],[-49.08516714675989,-26.868406471349253]],[[-49.08956141770954,-26.87162246036482],[-49.089384719274186,-26.871485759685044],[-49.088860493797156,-26.871521353686852],[-49.08913423184057,-26.871494906764074],[-49.088966416531996,-26.87131913519562],[-49.089301621982855,-26.87117511216006],[-49.08970893846463,-26.871517952597536],[-49.08956141770954,-26.87162246036482]],[[-49.08950325047759,-26.874785493904103],[-49.0903040894956,-26.875252152740973],[-49.089434508970086,-26.875540282738765],[-49.08931676809474,-26.875888800369513],[-49.089015933840194,-26.87614055494428],[-49.08878296241407,-26.875962420814098],[-49.088839430614826,-26.875659219445293],[-49.089230677317005,-26.87529940506037],[-49.0892405650632,-26.874893768816793],[-49.08950325047759,-26.874785493904103]],[[-49.09554970350955,-26.872840695773814],[-49.09564535588882,-26.872819332446813],[-49.09557421179145,-26.872868268184874],[-49.09554970350955,-26.872840695773814]],[[-49.09572463333281,-26.87279075002157],[-49.0956759949029,-26.872730308819257],[-49.09574355432227,-26.87270622472996],[-49.09572463333281,-26.87279075002157]],[[-49.111394598063036,-26.8768571654284],[-49.111215928040735,-26.876857151322106],[-49.11136356218588,-26.876804764364845],[-49.111394598063036,-26.8768571654284]],[[-49.1150470271131,-26.877334166622386],[-49.11521323296725,-26.877298328313014],[-49.115243980832005,-26.877315955476533],[-49.1150470271131,-26.877334166622386]],[[-49.11119911501737,-26.881580235010148],[-49.111343077700425,-26.88185486327466],[-49.111296249220004,-26.88192894302584],[-49.11119911501737,-26.881580235010148]],[[-49.113027736978914,-26.88231528996431],[-49.11424256771564,-26.88284991315691],[-49.114234652371366,-26.883178877070087],[-49.113722455768354,-26.88313768667154],[-49.11300681823277,-26.88279908726362],[-49.11283925410493,-26.882484354721925],[-49.113027736978914,-26.88231528996431]],[[-49.116813238596315,-26.883043359288788],[-49.11668661156777,-26.88297758194445],[-49.116682868080645,-26.88288668122394],[-49.11687532721625,-26.882921262899316],[-49.11678158914995,-26.883002327202227],[-49.11688991982211,-26.883093426313966],[-49.117062128812954,-26.88304605447851],[-49.11696448980123,-26.88293566129498],[-49.11710998324739,-26.88295489585189],[-49.11749407460664,-26.883287147150998],[-49.11755660474812,-26.883558143050447],[-49.11734309139742,-26.88404502167657],[-49.116154600585176,-26.884117779926203],[-49.115442961327325,-26.883968570127887],[-49.11546684481146,-26.8833994680415],[-49.115237886983294,-26.882908422338435],[-49.11544678841217,-26.882870552735312],[-49.11589936181506,-26.883235170250817],[-49.116813238596315,-26.883043359288788]],[[-49.11501337796895,-26.883311610625938],[-49.11490050794273,-26.883426835077522],[-49.11489321897004,-26.883257846096846],[-49.11501337796895,-26.883311610625938]],[[-49.1191287856094,-26.88410415017677],[-49.11911670561152,-26.88388179567237],[-49.11956984932686,-26.884206951330604],[-49.119572331804704,-26.884479167979247],[-49.1191287856094,-26.88410415017677]],[[-49.11692978106177,-26.883006943525945],[-49.11685706713655,-26.883011210644803],[-49.11690740580229,-26.882983469562326],[-49.11692978106177,-26.883006943525945]],[[-49.11825039225087,-26.882482959381115],[-49.11839725865277,-26.882521057409228],[-49.11825085696949,-26.882547395005567],[-49.11825039225087,-26.882482959381115]],[[-49.12392651201194,-26.888093922039268],[-49.12400694398138,-26.888111653385522],[-49.123930621290896,-26.88812530701275],[-49.12392651201194,-26.888093922039268]],[[-49.136887933694624,-26.88969738165819],[-49.13647074376547,-26.888972075260213],[-49.13650435612073,-26.88933769816778],[-49.13589052522696,-26.88921360850798],[-49.13645654797132,-26.88870872759193],[-49.13743374973825,-26.888402316353172],[-49.13777217506146,-26.88942963580492],[-49.13769506743854,-26.88966816622673],[-49.137369264602434,-26.889870811053594],[-49.136887933694624,-26.88969738165819]],[[-49.13723308060981,-26.88818814787437],[-49.13740174166445,-26.888205551796474],[-49.13730728205786,-26.888305276341683],[-49.13723308060981,-26.88818814787437]],[[-49.14443947975815,-26.884538314155403],[-49.144622535701636,-26.88446513630231],[-49.144557769698125,-26.884615588245197],[-49.14443947975815,-26.884538314155403]],[[-49.14425040698228,-26.880688741506212],[-49.144154991746575,-26.880611216653488],[-49.14416168676281,-26.880564688223597],[-49.14425040698228,-26.880688741506212]],[[-49.14355948073695,-26.880602024312687],[-49.14316441512323,-26.880623130864596],[-49.14285747689102,-26.88038773767341],[-49.14327534597399,-26.880437361205427],[-49.143483809035125,-26.88028090587617],[-49.14355948073695,-26.880602024312687]],[[-49.143912112409566,-26.8804227991723],[-49.1438331660368,-26.88032113603219],[-49.14388529847871,-26.88032219977109],[-49.143912112409566,-26.8804227991723]],[[-49.14373589306401,-26.880347992900834],[-49.14368594194662,-26.88030182259337],[-49.14371367056611,-26.88027335937832],[-49.14373589306401,-26.880347992900834]],[[-49.150896458570514,-26.868682822520167],[-49.15081585706315,-26.86869853815818],[-49.15081330192435,-26.868630882145318],[-49.150896458570514,-26.868682822520167]],[[-49.14314769863341,-26.88649571976328],[-49.1430424924375,-26.886441318212206],[-49.14309328355572,-26.886258695133883],[-49.14314769863341,-26.88649571976328]],[[-49.137116822170455,-26.892389742714588],[-49.137795729301736,-26.89249789367399],[-49.13982931615731,-26.893107848321968],[-49.13906234245633,-26.893186390331994],[-49.136331673311304,-26.892769925992262],[-49.13617827009243,-26.892617332174453],[-49.13634839636683,-26.892134121665773],[-49.13615844353883,-26.89178692570183],[-49.137116822170455,-26.892389742714588]],[[-49.14368467870677,-26.894712098929606],[-49.14440537163451,-26.896530740314322],[-49.14488782042986,-26.896882142052537],[-49.144858130117825,-26.897105951977913],[-49.14295636699122,-26.897806587694106],[-49.14203485053302,-26.897726253333047],[-49.14156944325847,-26.89729223650073],[-49.14148116627281,-26.89692234411759],[-49.1422601937156,-26.8957180986101],[-49.14240246305922,-26.895720222901925],[-49.142948483504526,-26.89378052830923],[-49.14368467870677,-26.894712098929606]],[[-49.14548546236583,-26.898600453972723],[-49.145395577866886,-26.89863313176521],[-49.14548894364548,-26.898586338668824],[-49.14548546236583,-26.898600453972723]],[[-49.09468984696219,-26.885064936549607],[-49.094586467332896,-26.885009910836462],[-49.09470893084771,-26.884985716593363],[-49.09468984696219,-26.885064936549607]],[[-49.09469793762454,-26.885441422377195],[-49.09460781542404,-26.885443426897],[-49.09461662334729,-26.885426956950504],[-49.09469793762454,-26.885441422377195]],[[-49.06760018329679,-26.90626403518955],[-49.06747891850575,-26.906246615544507],[-49.06755121355872,-26.906210010845466],[-49.06760018329679,-26.90626403518955]],[[-49.068121852243436,-26.907096375655946],[-49.06803048952811,-26.907080687888673],[-49.06807418403914,-26.90703568285757],[-49.068121852243436,-26.907096375655946]],[[-49.07244642585628,-26.912934476842818],[-49.07260090592164,-26.912941805860743],[-49.07252511343016,-26.913038744600563],[-49.07244642585628,-26.912934476842818]],[[-49.07231090969168,-26.91257484242563],[-49.072372094754485,-26.912563751051554],[-49.072330198749775,-26.91260439559989],[-49.07231090969168,-26.91257484242563]],[[-49.077797305171956,-26.910238990181927],[-49.07790110459754,-26.910186129064417],[-49.07793517762058,-26.91021745365977],[-49.077797305171956,-26.910238990181927]],[[-49.08220048317659,-26.91147789803291],[-49.0823349592265,-26.911456311128816],[-49.08228826306236,-26.911533982704285],[-49.08220048317659,-26.91147789803291]],[[-49.08701168539791,-26.911547079013353],[-49.08640500116585,-26.91155563267442],[-49.08643817020958,-26.91139696747097],[-49.08722672932425,-26.911016238656384],[-49.08701168539791,-26.911547079013353]],[[-49.08768782987411,-26.910843831794487],[-49.08758789451379,-26.910689534208508],[-49.08784328264799,-26.910291673454452],[-49.08803733590122,-26.910475405029374],[-49.08768782987411,-26.910843831794487]],[[-49.087329018169804,-26.910829233158417],[-49.087042490924,-26.91079537537855],[-49.08701411334583,-26.910506714747992],[-49.08740814493868,-26.910481922793476],[-49.08738622553466,-26.910335570417537],[-49.087615834970194,-26.910247152600768],[-49.087329018169804,-26.910829233158417]],[[-49.086950641448254,-26.911804710188566],[-49.08675111504376,-26.912209074473846],[-49.08620811012027,-26.911975841051625],[-49.08634826070487,-26.911849188091207],[-49.086950641448254,-26.911804710188566]],[[-49.077822158383455,-26.91031551775081],[-49.07788479927089,-26.910404207774896],[-49.07779444791621,-26.910384302303243],[-49.077822158383455,-26.91031551775081]],[[-49.077955827223676,-26.910743196898068],[-49.07790236385675,-26.910789848786322],[-49.0778664546737,-26.910729805971314],[-49.077955827223676,-26.910743196898068]],[[-49.06562783809817,-26.936003147456553],[-49.065577184832804,-26.936119538567787],[-49.06559176420847,-26.935968199869087],[-49.06562783809817,-26.936003147456553]],[[-49.0671242018993,-26.936868379162867],[-49.0670344418443,-26.936880288643373],[-49.06704550777422,-26.93684654907749],[-49.0671242018993,-26.936868379162867]],[[-49.0674737477484,-26.937067679096973],[-49.067372246679085,-26.93710642812442],[-49.06739043767135,-26.937059934673908],[-49.0674737477484,-26.937067679096973]],[[-49.06823621199763,-26.93779065217788],[-49.068163171715575,-26.937780687995076],[-49.06817660716155,-26.937714435029605],[-49.06823621199763,-26.93779065217788]],[[-49.07550595390426,-26.94229237199329],[-49.07528840922078,-26.942295299865513],[-49.07553223309606,-26.942198858829595],[-49.07550595390426,-26.94229237199329]],[[-49.0285940921611,-26.906926721521277],[-49.028504955753824,-26.90686503549211],[-49.02864117908138,-26.90684571895964],[-49.0285940921611,-26.906926721521277]],[[-49.02836542228401,-26.907057044819997],[-49.02827954264703,-26.90704330832644],[-49.028337367871046,-26.90698367531597],[-49.02836542228401,-26.907057044819997]],[[-49.0280696741742,-26.907083281804805],[-49.028109263095345,-26.90714587974985],[-49.02803003455881,-26.90712295236159],[-49.0280696741742,-26.907083281804805]],[[-49.01685563944002,-26.897043731935586],[-49.01684581488041,-26.89701959613532],[-49.0168698076756,-26.897034078204985],[-49.01685563944002,-26.897043731935586]],[[-49.016822837885705,-26.896520244409444],[-49.016839953697094,-26.896507055057405],[-49.01683889005395,-26.896520233032188],[-49.016822837885705,-26.896520244409444]],[[-49.01679190655733,-26.895759628936375],[-49.016754180344506,-26.895693895812244],[-49.01681029703588,-26.895722729748943],[-49.01679190655733,-26.895759628936375]],[[-49.02025741169219,-26.89517943731746],[-49.020265973274775,-26.895171997235813],[-49.02026584146159,-26.895179555503564],[-49.02025741169219,-26.89517943731746]],[[-49.02320152706674,-26.89444248060653],[-49.02322682409847,-26.894421551735675],[-49.02322630193709,-26.894451538705567],[-49.02320152706674,-26.89444248060653]],[[-49.02316313639746,-26.894399970220555],[-49.02316303165163,-26.894425275843055],[-49.02315061806279,-26.894403130326438],[-49.02316313639746,-26.894399970220555]],[[-49.023200420644656,-26.89439031888078],[-49.023208981983366,-26.894382878606052],[-49.023208850370544,-26.894390436888074],[-49.023200420644656,-26.89439031888078]],[[-49.08645336816864,-26.869735674495434],[-49.086418170903286,-26.869707342180963],[-49.08644634813398,-26.869650406296433],[-49.08645336816864,-26.869735674495434]],[[-49.08479492317609,-26.87051934821304],[-49.08470290224347,-26.870527245823883],[-49.08472033369665,-26.87046478672713],[-49.08479492317609,-26.87051934821304]],[[-49.08731946966633,-26.871231995495393],[-49.08724879561378,-26.871337150490774],[-49.08700485116053,-26.871286098340743],[-49.08715924201501,-26.87114685690488],[-49.08731946966633,-26.871231995495393]],[[-49.08014528869576,-26.851735979546255],[-49.07991573278856,-26.85174502098683],[-49.0799971132225,-26.85157178412045],[-49.08014528869576,-26.851735979546255]],[[-49.08939115995964,-26.83642713831911],[-49.08950099447129,-26.83640392278327],[-49.089499971662185,-26.836434589165528],[-49.08939115995964,-26.83642713831911]],[[-49.017744976988766,-26.89720274033329],[-49.01773514706244,-26.897188689295316],[-49.017742470414724,-26.897184783844857],[-49.017744976988766,-26.89720274033329]],[[-49.022318185685265,-26.89498557291671],[-49.02231237087936,-26.895010200033962],[-49.02229547913499,-26.895005650619456],[-49.022318185685265,-26.89498557291671]],[[-49.02087817892143,-26.89474662111436],[-49.02086873411568,-26.8947548288381],[-49.020868746325796,-26.894747252689186],[-49.02087817892143,-26.89474662111436]],[[-49.06223264823369,-26.93149898484982],[-49.06218865617051,-26.93145345482873],[-49.06223239617461,-26.931445881418085],[-49.06223264823369,-26.93149898484982]],[[-49.08611885970299,-26.91080012452673],[-49.08615860718938,-26.910737196950414],[-49.086178804881946,-26.910840413164543],[-49.08611885970299,-26.91080012452673]],[[-49.07282082545652,-26.91284033743331],[-49.07284846205032,-26.91293156256914],[-49.072757935749664,-26.912872683870376],[-49.07282082545652,-26.91284033743331]],[[-49.094331153407836,-26.885095973096483],[-49.094330102557635,-26.885038537274554],[-49.09437029385575,-26.885067285724197],[-49.094331153407836,-26.885095973096483]]]]}}]}
